No,MatchName,Sport,Region,Date,Time,Game_Info,Relative_Path,Full_URL,Slug_Short
1,"Kankakee vs Lincoln Way East Frankfort",Football,"Illinois",08/28/2026,07:00 PM,"The Lincoln Way East Frankfort varsity football team has an away non-conference game @ Kankakee (Illinois) on Friday, August 28 @ 7p.","/il/football/game/kankakee-vs-lincoln-way-east-frankfort/8-28-2026/?c=40155a15-1dc2-46ff-9bc6-30896f88b8b2","https://www.maxpreps.com/il/football/game/kankakee-vs-lincoln-way-east-frankfort/8-28-2026/?c=40155a15-1dc2-46ff-9bc6-30896f88b8b2",4379b31
2,"Lake View Chicago vs Phoenix Military Chicago",Football,"Illinois",08/28/2026,07:00 PM,"The Phoenix Military Chicago varsity football team has an away non-conference game @ Lake View Chicago (Illinois) on Friday, August 28 @ 7p.","/il/football/game/lake-view-chicago-vs-phoenix-military-chicago/8-28-2026/?c=7dafb982-b0b6-4c25-abb6-c50177436470","https://www.maxpreps.com/il/football/game/lake-view-chicago-vs-phoenix-military-chicago/8-28-2026/?c=7dafb982-b0b6-4c25-abb6-c50177436470",d7d1e63
3,"Itw David Speer Academy Chicago vs Steinmetz College Prep Chicago",Football,"Illinois",08/28/2026,07:00 PM,"The Steinmetz College Prep Chicago varsity football team has an away non-conference game @ Itw David Speer Academy Chicago (Illinois) on Friday, August 28 @ 7p.","/il/football/game/itw-david-speer-academy-chicago-vs-steinmetz-college-prep-chicago/8-28-2026/?c=8337730a-6e86-49da-9e67-960bee5a3bab","https://www.maxpreps.com/il/football/game/itw-david-speer-academy-chicago-vs-steinmetz-college-prep-chicago/8-28-2026/?c=8337730a-6e86-49da-9e67-960bee5a3bab",c208e34
4,"Clark Chicago vs Collins Chicago",Football,"Illinois",08/28/2026,07:00 PM,"The Collins Chicago varsity football team has an away non-conference game @ Clark Chicago (Illinois) on Friday, August 28 @ 7p.","/il/football/game/clark-chicago-vs-collins-chicago/8-28-2026/?c=f6943a85-0352-43db-9409-ca5d76171e68","https://www.maxpreps.com/il/football/game/clark-chicago-vs-collins-chicago/8-28-2026/?c=f6943a85-0352-43db-9409-ca5d76171e68",d2097af
5,"Chicago Academy Disney Ii vs Von Steuben Chicago",Football,"Illinois",08/28/2026,07:00 PM,"The Von Steuben Chicago varsity football team has an away non-conference game @ Chicago Academy Disney Ii (Illinois) on Friday, August 28 @ 7p.","/il/football/game/chicago-academy-disney-ii-vs-von-steuben-chicago/8-28-2026/?c=2b49d3f1-ef30-4b5a-9292-0b96b26ed485","https://www.maxpreps.com/il/football/game/chicago-academy-disney-ii-vs-von-steuben-chicago/8-28-2026/?c=2b49d3f1-ef30-4b5a-9292-0b96b26ed485",337d919
6,"Chicago Military Academy vs Hubbard Chicago",Football,"Illinois",08/28/2026,07:00 PM,"The Hubbard Chicago varsity football team has an away non-conference game @ Chicago Military Academy (Illinois) on Friday, August 28 @ 7p.","/il/football/game/chicago-military-academy-vs-hubbard-chicago/8-28-2026/?c=50ee3ff0-b184-4787-874e-ef3bc7b80d83","https://www.maxpreps.com/il/football/game/chicago-military-academy-vs-hubbard-chicago/8-28-2026/?c=50ee3ff0-b184-4787-874e-ef3bc7b80d83",c85b354
7,"Carver Chicago vs Chicago Washington",Football,"Illinois",08/28/2026,07:00 PM,"The Chicago Washington varsity football team has an away non-conference game @ Carver Chicago (Illinois) on Friday, August 28 @ 7p.","/il/football/game/carver-chicago-vs-chicago-washington/8-28-2026/?c=fada0303-fd5e-4004-93c0-2ec204621941","https://www.maxpreps.com/il/football/game/carver-chicago-vs-chicago-washington/8-28-2026/?c=fada0303-fd5e-4004-93c0-2ec204621941",d6fb3e2
8,"Julian Chicago vs Richards Chicago",Football,"Illinois",08/28/2026,07:00 PM,"The Richards Chicago varsity football team has an away non-conference game @ Julian Chicago (Illinois) on Friday, August 28 @ 7p.","/il/football/game/julian-chicago-vs-richards-chicago/8-28-2026/?c=16cd375c-0138-4865-92ca-b1c95270f59a","https://www.maxpreps.com/il/football/game/julian-chicago-vs-richards-chicago/8-28-2026/?c=16cd375c-0138-4865-92ca-b1c95270f59a",10541a2
9,"Evergreen Park vs Longwood Chicago",Football,"Illinois",08/28/2026,07:00 PM,"The Longwood Chicago varsity football team has an away non-conference game @ Evergreen Park (Illinois) on Friday, August 28 @ 7p.","/il/football/game/evergreen-park-vs-longwood-chicago/8-28-2026/?c=d8058167-af44-4927-b29a-8a3d09eca440","https://www.maxpreps.com/il/football/game/evergreen-park-vs-longwood-chicago/8-28-2026/?c=d8058167-af44-4927-b29a-8a3d09eca440",14f68b1
10,"Bremen Midlothian vs Joliet Central",Football,"Illinois",08/28/2026,07:00 PM,"The Joliet Central varsity football team has an away non-conference game @ Bremen Midlothian (Illinois) on Friday, August 28 @ 7p.","/il/football/game/bremen-midlothian-vs-joliet-central/8-28-2026/?c=7b2b8fa7-2c37-4c06-8e50-db68d8358766","https://www.maxpreps.com/il/football/game/bremen-midlothian-vs-joliet-central/8-28-2026/?c=7b2b8fa7-2c37-4c06-8e50-db68d8358766",b19c9f7
11,"East Moline United vs Muchin College Prep Chicago",Football,"Illinois",08/28/2026,07:00 PM,"The Muchin College Prep Chicago varsity football team has an away non-conference game @ East Moline United (Illinois) on Friday, August 28 @ 7p.","/il/football/game/east-moline-united-vs-muchin-college-prep-chicago/8-28-2026/?c=cbcc84c3-b9d1-4b96-b73f-0ebca9c43b00","https://www.maxpreps.com/il/football/game/east-moline-united-vs-muchin-college-prep-chicago/8-28-2026/?c=cbcc84c3-b9d1-4b96-b73f-0ebca9c43b00",73521b2
12,"Argo Summit vs Bloom Chicago Heights",Football,"Illinois",08/28/2026,07:00 PM,"The Bloom Chicago Heights varsity football team has an away non-conference game @ Argo Summit (Illinois) on Friday, August 28 @ 7p.","/il/football/game/argo-summit-vs-bloom-chicago-heights/8-28-2026/?c=c9bceb68-9685-451e-9438-070bcf65ef83","https://www.maxpreps.com/il/football/game/argo-summit-vs-bloom-chicago-heights/8-28-2026/?c=c9bceb68-9685-451e-9438-070bcf65ef83",45f9806
13,"Crete Monee vs Hillcrest Country Club Hills",Football,"Illinois",08/28/2026,07:00 PM,"The Hillcrest Country Club Hills varsity football team has an away non-conference game @ Crete Monee (Illinois) on Friday, August 28 @ 7p.","/il/football/game/crete-monee-vs-hillcrest-country-club-hills/8-28-2026/?c=e50885c5-e712-4b71-8a22-c4e215a0b903","https://www.maxpreps.com/il/football/game/crete-monee-vs-hillcrest-country-club-hills/8-28-2026/?c=e50885c5-e712-4b71-8a22-c4e215a0b903",57124ee
14,"Brooks Chicago vs Orr Chicago",Football,"Illinois",08/28/2026,07:00 PM,"The Orr Chicago varsity football team has an away non-conference game @ Brooks Chicago (Illinois) on Friday, August 28 @ 7p.","/il/football/game/brooks-chicago-vs-orr-chicago/8-28-2026/?c=3bb88a95-aa42-4502-a9d0-77e20faf7a8e","https://www.maxpreps.com/il/football/game/brooks-chicago-vs-orr-chicago/8-28-2026/?c=3bb88a95-aa42-4502-a9d0-77e20faf7a8e",7cba8ae
15,"Fenwick Oak Park vs Oak Park River Forest",Football,"Illinois",08/28/2026,07:00 PM,"The Oak Park River Forest varsity football team has an away non-conference game @ Fenwick Oak Park (Illinois) on Friday, August 28 @ 7p.","/il/football/game/fenwick-oak-park-vs-oak-park-river-forest/8-28-2026/?c=3f958354-8fde-46c4-be04-b641c80011ac","https://www.maxpreps.com/il/football/game/fenwick-oak-park-vs-oak-park-river-forest/8-28-2026/?c=3f958354-8fde-46c4-be04-b641c80011ac",0200a0a
16,"Oak Lawn vs Thornridge Dolton",Football,"Illinois",08/28/2026,07:00 PM,"The Thornridge Dolton varsity football team has an away non-conference game @ Oak Lawn (Illinois) on Friday, August 28 @ 7p.","/il/football/game/oak-lawn-vs-thornridge-dolton/8-28-2026/?c=5c82cea5-7d6d-4bec-9763-c50dfa0780dd","https://www.maxpreps.com/il/football/game/oak-lawn-vs-thornridge-dolton/8-28-2026/?c=5c82cea5-7d6d-4bec-9763-c50dfa0780dd",61b96a6
17,"Oak Forest vs Stagg Palos Hills",Football,"Illinois",08/28/2026,07:00 PM,"The Stagg Palos Hills varsity football team has an away non-conference game @ Oak Forest (Illinois) on Friday, August 28 @ 7p.","/il/football/game/oak-forest-vs-stagg-palos-hills/8-28-2026/?c=a938182f-d1b9-42b0-bd41-9cfc7acaa3dc","https://www.maxpreps.com/il/football/game/oak-forest-vs-stagg-palos-hills/8-28-2026/?c=a938182f-d1b9-42b0-bd41-9cfc7acaa3dc",f3e538e
18,"Donovan St Anne vs Galva",Football,"Illinois",08/28/2026,07:00 PM,"The Galva varsity football team has an away non-conference game @ Donovan St Anne (Illinois) on Friday, August 28 @ 7p.","/il/football/game/donovan-st-anne-vs-galva/8-28-2026/?c=45abeec6-fb08-471d-9ffe-97861180512f","https://www.maxpreps.com/il/football/game/donovan-st-anne-vs-galva/8-28-2026/?c=45abeec6-fb08-471d-9ffe-97861180512f",e0c9e98
19,"The Noble Academy Chicago vs Thornton Harvey",Football,"Illinois",08/28/2026,07:00 PM,"The Thornton Harvey varsity football team has an away non-conference game @ The Noble Academy Chicago (Illinois) on Friday, August 28 @ 7p.","/il/football/game/the-noble-academy-chicago-vs-thornton-harvey/8-28-2026/?c=55814ab5-a802-4483-88b7-b67485528919","https://www.maxpreps.com/il/football/game/the-noble-academy-chicago-vs-thornton-harvey/8-28-2026/?c=55814ab5-a802-4483-88b7-b67485528919",62fadd7
20,"Biggsville West Central vs Blue Ridge Deland Weldon Farmer City",Football,"Illinois",08/28/2026,07:00 PM,"The Blue Ridge Deland Weldon Farmer City varsity football team has an away non-conference game @ Biggsville West Central (Illinois) on Friday, August 28 @ 7p.","/il/football/game/biggsville-west-central-vs-blue-ridge-deland-weldon-farmer-city/8-28-2026/?c=1ca6c4b5-77b5-4ead-868b-206af5934171","https://www.maxpreps.com/il/football/game/biggsville-west-central-vs-blue-ridge-deland-weldon-farmer-city/8-28-2026/?c=1ca6c4b5-77b5-4ead-868b-206af5934171",27e9687
21,"Joliet West vs Yorkville",Football,"Illinois",08/28/2026,07:00 PM,"The Yorkville varsity football team has an away non-conference game @ Joliet West (Illinois) on Friday, August 28 @ 7p.","/il/football/game/joliet-west-vs-yorkville/8-28-2026/?c=32ae9768-6eb1-4e4b-9252-01a4f4ba82a1","https://www.maxpreps.com/il/football/game/joliet-west-vs-yorkville/8-28-2026/?c=32ae9768-6eb1-4e4b-9252-01a4f4ba82a1",868f8b4
22,"Highland Park vs St Charles East",Football,"Illinois",08/28/2026,07:00 PM,"The St Charles East varsity football team has an away non-conference game @ Highland Park (Illinois) on Friday, August 28 @ 7p.","/il/football/game/highland-park-vs-st-charles-east/8-28-2026/?c=fbf06e57-33e8-468a-a478-9463f5d99ccd","https://www.maxpreps.com/il/football/game/highland-park-vs-st-charles-east/8-28-2026/?c=fbf06e57-33e8-468a-a478-9463f5d99ccd",7311fd4
23,"De La Salle Chicago vs Plainfield East",Football,"Illinois",08/28/2026,07:00 PM,"The Plainfield East varsity football team has an away non-conference game @ De La Salle Chicago (Illinois) on Friday, August 28 @ 7p.","/il/football/game/de-la-salle-chicago-vs-plainfield-east/8-28-2026/?c=292354d0-60d1-4f00-a491-7ed0cc53fa72","https://www.maxpreps.com/il/football/game/de-la-salle-chicago-vs-plainfield-east/8-28-2026/?c=292354d0-60d1-4f00-a491-7ed0cc53fa72",f31cea7
24,"Momence vs Oakwood Fithian",Football,"Illinois",08/28/2026,07:00 PM,"The Oakwood Fithian varsity football team has an away non-conference game @ Momence (Illinois) on Friday, August 28 @ 7p.","/il/football/game/momence-vs-oakwood-fithian/8-28-2026/?c=376f7ea4-d9c2-49d9-9ca9-5572a588c1b0","https://www.maxpreps.com/il/football/game/momence-vs-oakwood-fithian/8-28-2026/?c=376f7ea4-d9c2-49d9-9ca9-5572a588c1b0",d0a206c
25,"Shelbyville vs Tuscola",Football,"Illinois",08/28/2026,07:00 PM,"The Tuscola varsity football team has an away non-conference game @ Shelbyville (Illinois) on Friday, August 28 @ 7p.","/il/football/game/shelbyville-vs-tuscola/8-28-2026/?c=459bd5a2-ed89-494f-8717-97fc66472fa6","https://www.maxpreps.com/il/football/game/shelbyville-vs-tuscola/8-28-2026/?c=459bd5a2-ed89-494f-8717-97fc66472fa6",a5c9098
26,"Eureka vs Sandwich",Football,"Illinois",08/28/2026,07:00 PM,"The Sandwich varsity football team has an away non-conference game @ Eureka (Illinois) on Friday, August 28 @ 7p.","/il/football/game/eureka-vs-sandwich/8-28-2026/?c=89bde2f2-c0d9-4e63-98e9-5154882b55c5","https://www.maxpreps.com/il/football/game/eureka-vs-sandwich/8-28-2026/?c=89bde2f2-c0d9-4e63-98e9-5154882b55c5",87aede1
27,"Mercer County Aledo vs Princeton",Football,"Illinois",08/28/2026,07:00 PM,"The Princeton varsity football team has an away non-conference game @ Mercer County Aledo (Illinois) on Friday, August 28 @ 7p.","/il/football/game/mercer-county-aledo-vs-princeton/8-28-2026/?c=b0f34ed6-c399-40ce-9bd6-0f454cde634c","https://www.maxpreps.com/il/football/game/mercer-county-aledo-vs-princeton/8-28-2026/?c=b0f34ed6-c399-40ce-9bd6-0f454cde634c",2bcb7cd
28,"Beardstown vs Calhoun Brussels Hardin",Football,"Illinois",08/28/2026,07:00 PM,"The Calhoun Brussels Hardin varsity football team has an away non-conference game @ Beardstown (Illinois) on Friday, August 28 @ 7p.","/il/football/game/beardstown-vs-calhoun-brussels-hardin/8-28-2026/?c=ba796e32-5b3a-499b-9330-0fd5d08afd7b","https://www.maxpreps.com/il/football/game/beardstown-vs-calhoun-brussels-hardin/8-28-2026/?c=ba796e32-5b3a-499b-9330-0fd5d08afd7b",9520a34
29,"Rich Township Olympia Fields vs Zion Benton",Football,"Illinois",08/28/2026,07:00 PM,"The Zion Benton varsity football team has an away non-conference game @ Rich Township Olympia Fields (Illinois) on Friday, August 28 @ 7p.","/il/football/game/rich-township-olympia-fields-vs-zion-benton/8-28-2026/?c=e4ad89cd-23ce-4b3b-95f9-916a59636baa","https://www.maxpreps.com/il/football/game/rich-township-olympia-fields-vs-zion-benton/8-28-2026/?c=e4ad89cd-23ce-4b3b-95f9-916a59636baa",efc6185
30,"Lewistown Cuba Spoon River Valley vs Macomb",Football,"Illinois",08/28/2026,07:00 PM,"The Macomb varsity football team has an away non-conference game @ Lewistown Cuba Spoon River Valley (Illinois) on Friday, August 28 @ 7p.","/il/football/game/lewistown-cuba-spoon-river-valley-vs-macomb/8-28-2026/?c=3a23c2b4-213a-430f-a1ef-99040001f25f","https://www.maxpreps.com/il/football/game/lewistown-cuba-spoon-river-valley-vs-macomb/8-28-2026/?c=3a23c2b4-213a-430f-a1ef-99040001f25f",54e3271
31,"Christopher Zeigler Royalton vs Johnston City",Football,"Illinois",08/28/2026,07:00 PM,"The Johnston City varsity football team has an away non-conference game @ Christopher Zeigler Royalton (Illinois) on Friday, August 28 @ 7p.","/il/football/game/christopher-zeigler-royalton-vs-johnston-city/8-28-2026/?c=38751654-b752-4194-adc0-c30391d3ae24","https://www.maxpreps.com/il/football/game/christopher-zeigler-royalton-vs-johnston-city/8-28-2026/?c=38751654-b752-4194-adc0-c30391d3ae24",cafa097
32,"Aurora East vs Fenton Bensenville",Football,"Illinois",08/28/2026,07:00 PM,"The Fenton Bensenville varsity football team has an away non-conference game @ Aurora East (Illinois) on Friday, August 28 @ 7p.","/il/football/game/aurora-east-vs-fenton-bensenville/8-28-2026/?c=9a368704-fade-4920-9e38-1bce759adedc","https://www.maxpreps.com/il/football/game/aurora-east-vs-fenton-bensenville/8-28-2026/?c=9a368704-fade-4920-9e38-1bce759adedc",b8e101c
33,"Grayslake Central vs Mundelein",Football,"Illinois",08/28/2026,07:00 PM,"The Mundelein varsity football team has an away non-conference game @ Grayslake Central (Illinois) on Friday, August 28 @ 7p.","/il/football/game/grayslake-central-vs-mundelein/8-28-2026/?c=e88ab29f-5e65-41e6-9cd4-dc4132cd105a","https://www.maxpreps.com/il/football/game/grayslake-central-vs-mundelein/8-28-2026/?c=e88ab29f-5e65-41e6-9cd4-dc4132cd105a",7bc3e7f
34,"Bulls College Prep Chicago vs Shepard Palos Heights",Football,"Illinois",08/28/2026,07:00 PM,"The Shepard Palos Heights varsity football team has an away non-conference game @ Bulls College Prep Chicago (Illinois) on Friday, August 28 @ 7p.","/il/football/game/bulls-college-prep-chicago-vs-shepard-palos-heights/8-28-2026/?c=dde0e08d-de22-442c-a2e5-d785f5935172","https://www.maxpreps.com/il/football/game/bulls-college-prep-chicago-vs-shepard-palos-heights/8-28-2026/?c=dde0e08d-de22-442c-a2e5-d785f5935172",8243b1f
35,"Edwards County Albion vs Eldorado",Football,"Illinois",08/28/2026,07:00 PM,"The Eldorado varsity football team has an away non-conference game @ Edwards County Albion (Illinois) on Friday, August 28 @ 7p.","/il/football/game/edwards-county-albion-vs-eldorado/8-28-2026/?c=4607e2b7-6246-491e-ac39-344a93a918bf","https://www.maxpreps.com/il/football/game/edwards-county-albion-vs-eldorado/8-28-2026/?c=4607e2b7-6246-491e-ac39-344a93a918bf",599598f
36,"Maine West Des Plaines vs Wauconda",Football,"Illinois",08/28/2026,07:00 PM,"The Wauconda varsity football team has an away non-conference game @ Maine West Des Plaines (Illinois) on Friday, August 28 @ 7p.","/il/football/game/maine-west-des-plaines-vs-wauconda/8-28-2026/?c=fee74f6d-53a3-48ee-9ce7-a2f81a428caf","https://www.maxpreps.com/il/football/game/maine-west-des-plaines-vs-wauconda/8-28-2026/?c=fee74f6d-53a3-48ee-9ce7-a2f81a428caf",c07eb67
37,"Lasalle Peru vs Wheaton Academy West Chicago",Football,"Illinois",08/28/2026,07:00 PM,"The Wheaton Academy West Chicago varsity football team has an away non-conference game @ Lasalle Peru (Illinois) on Friday, August 28 @ 7p.","/il/football/game/lasalle-peru-vs-wheaton-academy-west-chicago/8-28-2026/?c=04727b31-d619-4762-a426-2ae3fd539d7f","https://www.maxpreps.com/il/football/game/lasalle-peru-vs-wheaton-academy-west-chicago/8-28-2026/?c=04727b31-d619-4762-a426-2ae3fd539d7f",afdcbb6
38,"Prospect Mt Prospect vs St Laurence Burbank",Football,"Illinois",08/28/2026,07:00 PM,"The St Laurence Burbank varsity football team has an away non-conference game @ Prospect Mt Prospect (Illinois) on Friday, August 28 @ 7p.","/il/football/game/prospect-mt-prospect-vs-st-laurence-burbank/8-28-2026/?c=3b530b2a-6e95-486b-b7ce-d9b008851938","https://www.maxpreps.com/il/football/game/prospect-mt-prospect-vs-st-laurence-burbank/8-28-2026/?c=3b530b2a-6e95-486b-b7ce-d9b008851938",c696986
39,"Burlington Central Rockets vs Crystal Lake South",Football,"Illinois",08/28/2026,07:00 PM,"The Crystal Lake South varsity football team has an away non-conference game @ Burlington Central Rockets (Illinois) on Friday, August 28 @ 7p.","/il/football/game/burlington-central-rockets-vs-crystal-lake-south/8-28-2026/?c=5b3b3712-833e-4b09-9c50-e5b0f30ebff1","https://www.maxpreps.com/il/football/game/burlington-central-rockets-vs-crystal-lake-south/8-28-2026/?c=5b3b3712-833e-4b09-9c50-e5b0f30ebff1",ab7b187
40,"Glenbard South Glen Ellyn vs Lake Park Roselle",Football,"Illinois",08/28/2026,07:00 PM,"The Lake Park Roselle varsity football team has an away non-conference game @ Glenbard South Glen Ellyn (Illinois) on Friday, August 28 @ 7p.","/il/football/game/glenbard-south-glen-ellyn-vs-lake-park-roselle/8-28-2026/?c=87df30d3-c409-4a0b-8c3a-5ef4a3ed30cc","https://www.maxpreps.com/il/football/game/glenbard-south-glen-ellyn-vs-lake-park-roselle/8-28-2026/?c=87df30d3-c409-4a0b-8c3a-5ef4a3ed30cc",921ba29
41,"Lincoln vs Marion",Football,"Illinois",08/28/2026,07:00 PM,"The Marion varsity football team has an away non-conference game @ Lincoln (Illinois) on Friday, August 28 @ 7p.","/il/football/game/lincoln-vs-marion/8-28-2026/?c=7111bfcf-7270-4d9d-94e7-77167070533c","https://www.maxpreps.com/il/football/game/lincoln-vs-marion/8-28-2026/?c=7111bfcf-7270-4d9d-94e7-77167070533c",e2120ea
42,"Leroy vs Tri Valley Downs",Football,"Illinois",08/28/2026,07:00 PM,"The Tri Valley Downs varsity football team has an away non-conference game @ Leroy (Illinois) on Friday, August 28 @ 7p.","/il/football/game/leroy-vs-tri-valley-downs/8-28-2026/?c=8db96097-8eaa-4f74-9076-a2133acff5ea","https://www.maxpreps.com/il/football/game/leroy-vs-tri-valley-downs/8-28-2026/?c=8db96097-8eaa-4f74-9076-a2133acff5ea",6323f75
43,"Alden Hebron Our Lady Of The Sacred Heart Academy vs Orangeville",Football,"Illinois",08/28/2026,07:00 PM,"The Orangeville varsity football team has an away non-conference game @ Alden Hebron Our Lady Of The Sacred Heart Academy (Illinois) on Friday, August 28 @ 7p.","/il/football/game/alden-hebron-our-lady-of-the-sacred-heart-academy-vs-orangeville/8-28-2026/?c=459cf52e-c9f3-4b41-bb34-b0a4385cf6eb","https://www.maxpreps.com/il/football/game/alden-hebron-our-lady-of-the-sacred-heart-academy-vs-orangeville/8-28-2026/?c=459cf52e-c9f3-4b41-bb34-b0a4385cf6eb",b6b1ff0
44,"Hansberry Chicago vs Sterling",Football,"Illinois",08/28/2026,07:00 PM,"The Sterling varsity football team has an away non-conference game @ Hansberry Chicago (Illinois) on Friday, August 28 @ 7p.","/il/football/game/hansberry-chicago-vs-sterling/8-28-2026/?c=bc90fcf1-5fda-46a4-8bf1-0e4b98ec2069","https://www.maxpreps.com/il/football/game/hansberry-chicago-vs-sterling/8-28-2026/?c=bc90fcf1-5fda-46a4-8bf1-0e4b98ec2069",db7bb7a
45,"Minooka vs Neuqua Valley Naperville",Football,"Illinois",08/28/2026,07:00 PM,"The Neuqua Valley Naperville varsity football team has an away non-conference game @ Minooka (Illinois) on Friday, August 28 @ 7p.","/il/football/game/minooka-vs-neuqua-valley-naperville/8-28-2026/?c=c30b8292-dbb4-4ae1-bb1b-96ecd60f7a57","https://www.maxpreps.com/il/football/game/minooka-vs-neuqua-valley-naperville/8-28-2026/?c=c30b8292-dbb4-4ae1-bb1b-96ecd60f7a57",88997ef
46,"Richland County Olney vs Salem",Football,"Illinois",08/28/2026,07:00 PM,"The Salem varsity football team has an away non-conference game @ Richland County Olney (Illinois) on Friday, August 28 @ 7p.","/il/football/game/richland-county-olney-vs-salem/8-28-2026/?c=ae27fd19-b3bf-4a1d-bc97-648bf1485c8a","https://www.maxpreps.com/il/football/game/richland-county-olney-vs-salem/8-28-2026/?c=ae27fd19-b3bf-4a1d-bc97-648bf1485c8a",5e87d9d
47,"South Elgin vs St Charles North",Football,"Illinois",08/28/2026,07:00 PM,"The St Charles North varsity football team has an away non-conference game @ South Elgin (Illinois) on Friday, August 28 @ 7p.","/il/football/game/south-elgin-vs-st-charles-north/8-28-2026/?c=5d3b974f-8c35-4da4-aa6a-1cf82ca70139","https://www.maxpreps.com/il/football/game/south-elgin-vs-st-charles-north/8-28-2026/?c=5d3b974f-8c35-4da4-aa6a-1cf82ca70139",963f544
48,"Elmwood Brimfield vs Rowva Williamsfield Oneida",Football,"Illinois",08/28/2026,07:00 PM,"The Rowva Williamsfield Oneida varsity football team has an away non-conference game @ Elmwood Brimfield (Illinois) on Friday, August 28 @ 7p.","/il/football/game/elmwood-brimfield-vs-rowva-williamsfield-oneida/8-28-2026/?c=c9170934-1168-4542-95cf-d97c2aa0ff5c","https://www.maxpreps.com/il/football/game/elmwood-brimfield-vs-rowva-williamsfield-oneida/8-28-2026/?c=c9170934-1168-4542-95cf-d97c2aa0ff5c",28d8765
49,"Anna Jonesboro vs Chester",Football,"Illinois",08/28/2026,07:00 PM,"The Chester varsity football team has an away non-conference game @ Anna Jonesboro (Illinois) on Friday, August 28 @ 7p.","/il/football/game/anna-jonesboro-vs-chester/8-28-2026/?c=6735ba0e-52ee-438b-8563-821c9ed27d8e","https://www.maxpreps.com/il/football/game/anna-jonesboro-vs-chester/8-28-2026/?c=6735ba0e-52ee-438b-8563-821c9ed27d8e",d62205b
50,"Durand Pecatonica vs Stillman Valley",Football,"Illinois",08/28/2026,07:00 PM,"The Stillman Valley varsity football team has an away non-conference game @ Durand Pecatonica (Illinois) on Friday, August 28 @ 7p.","/il/football/game/durand-pecatonica-vs-stillman-valley/8-28-2026/?c=cf4b17a1-e2d3-4ec7-913d-994ad1faa739","https://www.maxpreps.com/il/football/game/durand-pecatonica-vs-stillman-valley/8-28-2026/?c=cf4b17a1-e2d3-4ec7-913d-994ad1faa739",1d73a6b
51,"Collinsville vs Springfield",Football,"Illinois",08/28/2026,07:00 PM,"The Springfield varsity football team has an away non-conference game @ Collinsville (Illinois) on Friday, August 28 @ 7p.","/il/football/game/collinsville-vs-springfield/8-28-2026/?c=33314b1e-1683-4bf0-895d-7f6deca0281a","https://www.maxpreps.com/il/football/game/collinsville-vs-springfield/8-28-2026/?c=33314b1e-1683-4bf0-895d-7f6deca0281a",8fa1499
52,"Hall Putnam County Spring Valley vs Riverdale Port Byron",Football,"Illinois",08/28/2026,07:00 PM,"The Riverdale Port Byron varsity football team has an away non-conference game @ Hall Putnam County Spring Valley (Illinois) on Friday, August 28 @ 7p.","/il/football/game/hall-putnam-county-spring-valley-vs-riverdale-port-byron/8-28-2026/?c=0f1e4ef8-054f-4882-bd67-4eb030e767d8","https://www.maxpreps.com/il/football/game/hall-putnam-county-spring-valley-vs-riverdale-port-byron/8-28-2026/?c=0f1e4ef8-054f-4882-bd67-4eb030e767d8",fcfb832
53,"Chicago Hope Academy vs Saint Ignatius College Prep Chicago",Football,"Illinois",08/28/2026,07:00 PM,"The Saint Ignatius College Prep Chicago varsity football team has an away non-conference game @ Chicago Hope Academy (Illinois) on Friday, August 28 @ 7p.","/il/football/game/chicago-hope-academy-vs-saint-ignatius-college-prep-chicago/8-28-2026/?c=969de1b9-e694-460c-973c-c8e5ebe7cfee","https://www.maxpreps.com/il/football/game/chicago-hope-academy-vs-saint-ignatius-college-prep-chicago/8-28-2026/?c=969de1b9-e694-460c-973c-c8e5ebe7cfee",fe2f595
54,"Oswego East vs Willowbrook Villa Park",Football,"Illinois",08/28/2026,07:00 PM,"The Willowbrook Villa Park varsity football team has an away non-conference game @ Oswego East (Illinois) on Friday, August 28 @ 7p.","/il/football/game/oswego-east-vs-willowbrook-villa-park/8-28-2026/?c=7e279d6b-677b-4ea0-b3ea-f0c8c9d65c26","https://www.maxpreps.com/il/football/game/oswego-east-vs-willowbrook-villa-park/8-28-2026/?c=7e279d6b-677b-4ea0-b3ea-f0c8c9d65c26",8c038a4
55,"North Boone Poplar Grove vs Winnebago",Football,"Illinois",08/28/2026,07:00 PM,"The Winnebago varsity football team has an away non-conference game @ North Boone Poplar Grove (Illinois) on Friday, August 28 @ 7p.","/il/football/game/north-boone-poplar-grove-vs-winnebago/8-28-2026/?c=e7d5e70e-975f-4813-85a6-cd902aa37cd1","https://www.maxpreps.com/il/football/game/north-boone-poplar-grove-vs-winnebago/8-28-2026/?c=e7d5e70e-975f-4813-85a6-cd902aa37cd1",7d9688b
56,"Hampshire vs Jacobs Algonquin",Football,"Illinois",08/28/2026,07:00 PM,"The Jacobs Algonquin varsity football team has an away non-conference game @ Hampshire (Illinois) on Friday, August 28 @ 7p.","/il/football/game/hampshire-vs-jacobs-algonquin/8-28-2026/?c=e96f1d92-2bd8-4033-a4bb-77491efdf302","https://www.maxpreps.com/il/football/game/hampshire-vs-jacobs-algonquin/8-28-2026/?c=e96f1d92-2bd8-4033-a4bb-77491efdf302",085b109
57,"Hiawatha Kirkland vs River Ridge Hanover",Football,"Illinois",08/28/2026,07:00 PM,"The River Ridge Hanover varsity football team has an away non-conference game @ Hiawatha Kirkland (Illinois) on Friday, August 28 @ 7p.","/il/football/game/hiawatha-kirkland-vs-river-ridge-hanover/8-28-2026/?c=1397cb71-0dff-49d4-95e8-c691f9a5d1b8","https://www.maxpreps.com/il/football/game/hiawatha-kirkland-vs-river-ridge-hanover/8-28-2026/?c=1397cb71-0dff-49d4-95e8-c691f9a5d1b8",6dcc0a7
58,"Bismarck Henning Rossville Alvin vs Clifton Central",Football,"Illinois",08/28/2026,07:00 PM,"The Clifton Central varsity football team has an away non-conference game @ Bismarck Henning Rossville Alvin (Illinois) on Friday, August 28 @ 7p.","/il/football/game/bismarck-henning-rossville-alvin-vs-clifton-central/8-28-2026/?c=ecfadc85-6d9f-43bc-96a0-eb46b267d5af","https://www.maxpreps.com/il/football/game/bismarck-henning-rossville-alvin-vs-clifton-central/8-28-2026/?c=ecfadc85-6d9f-43bc-96a0-eb46b267d5af",3a411fe
59,"Milford Cissna Park vs Peoria Heights",Football,"Illinois",08/28/2026,07:00 PM,"The Peoria Heights varsity football team has an away non-conference game @ Milford Cissna Park (Illinois) on Friday, August 28 @ 7p.","/il/football/game/milford-cissna-park-vs-peoria-heights/8-28-2026/?c=be823d83-a20b-4e8a-9c35-07a4d95e1a53","https://www.maxpreps.com/il/football/game/milford-cissna-park-vs-peoria-heights/8-28-2026/?c=be823d83-a20b-4e8a-9c35-07a4d95e1a53",ab708a2
60,"Champaign Central vs Normal West",Football,"Illinois",08/28/2026,07:00 PM,"The Normal West varsity football team has an away non-conference game @ Champaign Central (Illinois) on Friday, August 28 @ 7p.","/il/football/game/champaign-central-vs-normal-west/8-28-2026/?c=9d00e46c-6ddb-4fb3-a28c-467544857d5d","https://www.maxpreps.com/il/football/game/champaign-central-vs-normal-west/8-28-2026/?c=9d00e46c-6ddb-4fb3-a28c-467544857d5d",2d6c4fa
61,"Madison vs Marquette Ottawa",Football,"Illinois",08/28/2026,07:00 PM,"The Marquette Ottawa varsity football team has an away non-conference game @ Madison (Illinois) on Friday, August 28 @ 7p.","/il/football/game/madison-vs-marquette-ottawa/8-28-2026/?c=7d5b716e-6578-4bd4-b80c-b8f68a4bbff8","https://www.maxpreps.com/il/football/game/madison-vs-marquette-ottawa/8-28-2026/?c=7d5b716e-6578-4bd4-b80c-b8f68a4bbff8",f0f00bf
62,"Chicago Christian Palos Heights vs Dwight",Football,"Illinois",08/28/2026,07:00 PM,"The Dwight varsity football team has an away non-conference game @ Chicago Christian Palos Heights (Illinois) on Friday, August 28 @ 7p.","/il/football/game/chicago-christian-palos-heights-vs-dwight/8-28-2026/?c=debe4ea8-67a2-4767-848e-c07d54c49c33","https://www.maxpreps.com/il/football/game/chicago-christian-palos-heights-vs-dwight/8-28-2026/?c=debe4ea8-67a2-4767-848e-c07d54c49c33",0e18de2
63,"Dekalb vs Phillips Chicago",Football,"Illinois",08/28/2026,07:00 PM,"The Phillips Chicago varsity football team has an away non-conference game @ Dekalb (Illinois) on Friday, August 28 @ 7p.","/il/football/game/dekalb-vs-phillips-chicago/8-28-2026/?c=1b6eb3bb-9ce2-445a-9162-8933f8fa1c91","https://www.maxpreps.com/il/football/game/dekalb-vs-phillips-chicago/8-28-2026/?c=1b6eb3bb-9ce2-445a-9162-8933f8fa1c91",58e47dd
64,"Marengo vs Peotone",Football,"Illinois",08/28/2026,07:00 PM,"The Peotone varsity football team has an away non-conference game @ Marengo (Illinois) on Friday, August 28 @ 7p.","/il/football/game/marengo-vs-peotone/8-28-2026/?c=f244dd5a-cac4-49f0-aa3c-501c9598ed7d","https://www.maxpreps.com/il/football/game/marengo-vs-peotone/8-28-2026/?c=f244dd5a-cac4-49f0-aa3c-501c9598ed7d",68b2d98
65,"Antioch vs Lake Zurich",Football,"Illinois",08/28/2026,07:00 PM,"The Lake Zurich varsity football team has an away non-conference game @ Antioch (Illinois) on Friday, August 28 @ 7p.","/il/football/game/antioch-vs-lake-zurich/8-28-2026/?c=0b712b24-cdb4-4d76-9fda-2d895a2bab3f","https://www.maxpreps.com/il/football/game/antioch-vs-lake-zurich/8-28-2026/?c=0b712b24-cdb4-4d76-9fda-2d895a2bab3f",e8fc932
66,"Carlinville vs Gillespie",Football,"Illinois",08/28/2026,07:00 PM,"The Gillespie varsity football team has an away non-conference game @ Carlinville (Illinois) on Friday, August 28 @ 7p.","/il/football/game/carlinville-vs-gillespie/8-28-2026/?c=d33bac03-1056-4343-a6f1-0b5c1f05481f","https://www.maxpreps.com/il/football/game/carlinville-vs-gillespie/8-28-2026/?c=d33bac03-1056-4343-a6f1-0b5c1f05481f",229f80b
67,"Carlyle Indians Lady Indians vs Pinckneyville",Football,"Illinois",08/28/2026,07:00 PM,"The Pinckneyville varsity football team has an away non-conference game @ Carlyle Indians Lady Indians (Illinois) on Friday, August 28 @ 7p.","/il/football/game/carlyle-indians-lady-indians-vs-pinckneyville/8-28-2026/?c=e684ebb9-a7fc-4df9-b542-9214510c917a","https://www.maxpreps.com/il/football/game/carlyle-indians-lady-indians-vs-pinckneyville/8-28-2026/?c=e684ebb9-a7fc-4df9-b542-9214510c917a",ae9894d
68,"Peoria Notre Dame vs Richwoods Peoria",Football,"Illinois",08/28/2026,07:00 PM,"The Richwoods Peoria varsity football team has an away non-conference game @ Peoria Notre Dame (Illinois) on Friday, August 28 @ 7p.","/il/football/game/peoria-notre-dame-vs-richwoods-peoria/8-28-2026/?c=0c254d05-9b80-49d6-82ae-6d349d196f4b","https://www.maxpreps.com/il/football/game/peoria-notre-dame-vs-richwoods-peoria/8-28-2026/?c=0c254d05-9b80-49d6-82ae-6d349d196f4b",95d4adf
69,"Mascoutah vs Springfield Southeast",Football,"Illinois",08/28/2026,07:00 PM,"The Springfield Southeast varsity football team has an away non-conference game @ Mascoutah (Illinois) on Friday, August 28 @ 7p.","/il/football/game/mascoutah-vs-springfield-southeast/8-28-2026/?c=77e75509-ea02-42ab-9de0-6b905b04d6f1","https://www.maxpreps.com/il/football/game/mascoutah-vs-springfield-southeast/8-28-2026/?c=77e75509-ea02-42ab-9de0-6b905b04d6f1",adaca12
70,"Ottawa vs Streator",Football,"Illinois",08/28/2026,07:00 PM,"The Streator varsity football team has an away non-conference game @ Ottawa (Illinois) on Friday, August 28 @ 7p.","/il/football/game/ottawa-vs-streator/8-28-2026/?c=e83cc08c-2f79-4b3f-b4aa-c22385425591","https://www.maxpreps.com/il/football/game/ottawa-vs-streator/8-28-2026/?c=e83cc08c-2f79-4b3f-b4aa-c22385425591",bc766fb
71,"Fulton vs Georgetown Ridge Farm Chrisman",Football,"Illinois",08/28/2026,07:00 PM,"The Georgetown Ridge Farm Chrisman varsity football team has an away non-conference game @ Fulton (Illinois) on Friday, August 28 @ 7p.","/il/football/game/fulton-vs-georgetown-ridge-farm-chrisman/8-28-2026/?c=a16e3be1-cece-41f9-90fa-cc3d9e24f852","https://www.maxpreps.com/il/football/game/fulton-vs-georgetown-ridge-farm-chrisman/8-28-2026/?c=a16e3be1-cece-41f9-90fa-cc3d9e24f852",774181e
72,"Gibson City Melvin Sibley vs Ridgeview Lexington Colfax",Football,"Illinois",08/28/2026,07:00 PM,"The Ridgeview Lexington Colfax varsity football team has an away non-conference game @ Gibson City Melvin Sibley (Illinois) on Friday, August 28 @ 7p.","/il/football/game/gibson-city-melvin-sibley-vs-ridgeview-lexington-colfax/8-28-2026/?c=6c005d38-e9e8-4e72-a0dd-68d0df48546e","https://www.maxpreps.com/il/football/game/gibson-city-melvin-sibley-vs-ridgeview-lexington-colfax/8-28-2026/?c=6c005d38-e9e8-4e72-a0dd-68d0df48546e",2812fe9
73,"Cahokia vs Metamora",Football,"Illinois",08/28/2026,07:00 PM,"The Metamora varsity football team has an away non-conference game @ Cahokia (Illinois) on Friday, August 28 @ 7p.","/il/football/game/cahokia-vs-metamora/8-28-2026/?c=a3661018-7ab1-45dc-82b6-9f5605f4f675","https://www.maxpreps.com/il/football/game/cahokia-vs-metamora/8-28-2026/?c=a3661018-7ab1-45dc-82b6-9f5605f4f675",0d13490
74,"Batavia vs Rochester",Football,"Illinois",08/28/2026,07:00 PM,"The Rochester varsity football team has an away non-conference game @ Batavia (Illinois) on Friday, August 28 @ 7p.","/il/football/game/batavia-vs-rochester/8-28-2026/?c=507852c6-8ead-4bbf-b748-269234f7ab13","https://www.maxpreps.com/il/football/game/batavia-vs-rochester/8-28-2026/?c=507852c6-8ead-4bbf-b748-269234f7ab13",e962e5b
75,"Newton vs Wesclin Trenton",Football,"Illinois",08/28/2026,07:00 PM,"The Wesclin Trenton varsity football team has an away non-conference game @ Newton (Illinois) on Friday, August 28 @ 7p.","/il/football/game/newton-vs-wesclin-trenton/8-28-2026/?c=7f8ff701-fe85-45ad-847e-86045ef20777","https://www.maxpreps.com/il/football/game/newton-vs-wesclin-trenton/8-28-2026/?c=7f8ff701-fe85-45ad-847e-86045ef20777",61d541b
76,"Reed Custer Braidwood vs St Teresa Decatur",Football,"Illinois",08/28/2026,07:00 PM,"The St Teresa Decatur varsity football team has an away non-conference game @ Reed Custer Braidwood (Illinois) on Friday, August 28 @ 7p.","/il/football/game/reed-custer-braidwood-vs-st-teresa-decatur/8-28-2026/?c=a8f0b3cb-cecc-4711-8de7-03a5fe47cb95","https://www.maxpreps.com/il/football/game/reed-custer-braidwood-vs-st-teresa-decatur/8-28-2026/?c=a8f0b3cb-cecc-4711-8de7-03a5fe47cb95",f09a30d
77,"Hoopeston Armstrong vs Iroquois West Gilman",Football,"Illinois",08/28/2026,07:00 PM,"The Iroquois West Gilman varsity football team has an away non-conference game @ Hoopeston Armstrong (Illinois) on Friday, August 28 @ 7p.","/il/football/game/hoopeston-armstrong-vs-iroquois-west-gilman/8-28-2026/?c=6cdf4bed-6b14-4aa2-b664-4fc3815997c7","https://www.maxpreps.com/il/football/game/hoopeston-armstrong-vs-iroquois-west-gilman/8-28-2026/?c=6cdf4bed-6b14-4aa2-b664-4fc3815997c7",3f87e5b
78,"Carrollton Hawks Lady Hawks vs Unity Seymour Mendon",Football,"Illinois",08/28/2026,07:00 PM,"The Unity Seymour Mendon varsity football team has an away non-conference game @ Carrollton Hawks Lady Hawks (Illinois) on Friday, August 28 @ 7p.","/il/football/game/carrollton-hawks-lady-hawks-vs-unity-seymour-mendon/8-28-2026/?c=c03a7709-6756-404c-bc1b-f6c29e3d3656","https://www.maxpreps.com/il/football/game/carrollton-hawks-lady-hawks-vs-unity-seymour-mendon/8-28-2026/?c=c03a7709-6756-404c-bc1b-f6c29e3d3656",9245fa7
79,"Paxton Buckley Loda vs St Joseph Ogden",Football,"Illinois",08/28/2026,07:00 PM,"The St Joseph Ogden varsity football team has an away non-conference game @ Paxton Buckley Loda (Illinois) on Friday, August 28 @ 7p.","/il/football/game/paxton-buckley-loda-vs-st-joseph-ogden/8-28-2026/?c=e7ff8ee5-6722-45df-a6e2-601797bc8993","https://www.maxpreps.com/il/football/game/paxton-buckley-loda-vs-st-joseph-ogden/8-28-2026/?c=e7ff8ee5-6722-45df-a6e2-601797bc8993",8de4bec
80,"Orion vs Sherrard",Football,"Illinois",08/28/2026,07:00 PM,"The Sherrard varsity football team has an away non-conference game @ Orion (Illinois) on Friday, August 28 @ 7p.","/il/football/game/orion-vs-sherrard/8-28-2026/?c=4c70483d-6e06-40f3-adf7-5b3dfae1c744","https://www.maxpreps.com/il/football/game/orion-vs-sherrard/8-28-2026/?c=4c70483d-6e06-40f3-adf7-5b3dfae1c744",07d850c
81,"Cary Grove vs Prairie Ridge Crystal Lake",Football,"Illinois",08/28/2026,07:00 PM,"The Prairie Ridge Crystal Lake varsity football team has an away non-conference game @ Cary Grove (Illinois) on Friday, August 28 @ 7p.","/il/football/game/cary-grove-vs-prairie-ridge-crystal-lake/8-28-2026/?c=528c8cf3-dbc7-4ea1-89b8-3061b2b68a82","https://www.maxpreps.com/il/football/game/cary-grove-vs-prairie-ridge-crystal-lake/8-28-2026/?c=528c8cf3-dbc7-4ea1-89b8-3061b2b68a82",2b7de16
82,"North Greene White Hall vs Triopia Meredosia Chambersburg Virginia Concord",Football,"Illinois",08/28/2026,07:00 PM,"The Triopia Meredosia Chambersburg Virginia Concord varsity football team has an away non-conference game @ North Greene White Hall (Illinois) on Friday, August 28 @ 7p.","/il/football/game/north-greene-white-hall-vs-triopia-meredosia-chambersburg-virginia-concord/8-28-2026/?c=5b09c721-727f-4b56-8a50-411b5f911717","https://www.maxpreps.com/il/football/game/north-greene-white-hall-vs-triopia-meredosia-chambersburg-virginia-concord/8-28-2026/?c=5b09c721-727f-4b56-8a50-411b5f911717",0c911db
83,"East Peoria vs Lanphier Springfield",Football,"Illinois",08/28/2026,07:00 PM,"The Lanphier Springfield varsity football team has an away non-conference game @ East Peoria (Illinois) on Friday, August 28 @ 7p.","/il/football/game/east-peoria-vs-lanphier-springfield/8-28-2026/?c=c6bad6b1-771f-4ca3-a56e-a7c458cf886a","https://www.maxpreps.com/il/football/game/east-peoria-vs-lanphier-springfield/8-28-2026/?c=c6bad6b1-771f-4ca3-a56e-a7c458cf886a",3894837
84,"Arthur Lovington Atwood Hammond vs Tri City Sangamon Valley Tornadoes Niantic",Football,"Illinois",08/28/2026,07:00 PM,"The Tri City Sangamon Valley Tornadoes Niantic varsity football team has an away non-conference game @ Arthur Lovington Atwood Hammond (Illinois) on Friday, August 28 @ 7p.","/il/football/game/arthur-lovington-atwood-hammond-vs-tri-city-sangamon-valley-tornadoes-niantic/8-28-2026/?c=614cb952-3b06-494d-b940-24d2f0fa8670","https://www.maxpreps.com/il/football/game/arthur-lovington-atwood-hammond-vs-tri-city-sangamon-valley-tornadoes-niantic/8-28-2026/?c=614cb952-3b06-494d-b940-24d2f0fa8670",a2b1135
85,"Pana vs Southwestern Piasa",Football,"Illinois",08/28/2026,07:00 PM,"The Southwestern Piasa varsity football team has an away non-conference game @ Pana (Illinois) on Friday, August 28 @ 7p.","/il/football/game/pana-vs-southwestern-piasa/8-28-2026/?c=742ada76-52d7-463b-ac63-5d489456633e","https://www.maxpreps.com/il/football/game/pana-vs-southwestern-piasa/8-28-2026/?c=742ada76-52d7-463b-ac63-5d489456633e",4a2d4d9
86,"Carbondale vs Quincy Notre Dame",Football,"Illinois",08/28/2026,07:00 PM,"The Quincy Notre Dame varsity football team has an away non-conference game @ Carbondale (Illinois) on Friday, August 28 @ 7p.","/il/football/game/carbondale-vs-quincy-notre-dame/8-28-2026/?c=ee2a8f2f-7830-49c8-af0d-4c33ac0f20c6","https://www.maxpreps.com/il/football/game/carbondale-vs-quincy-notre-dame/8-28-2026/?c=ee2a8f2f-7830-49c8-af0d-4c33ac0f20c6",1ea17de
87,"Belvidere North vs Guilford Rockford",Football,"Illinois",08/28/2026,07:00 PM,"The Guilford Rockford varsity football team has an away non-conference game @ Belvidere North (Illinois) on Friday, August 28 @ 7p.","/il/football/game/belvidere-north-vs-guilford-rockford/8-28-2026/?c=40f3996b-ad58-4b00-89fe-d72bf1d31a55","https://www.maxpreps.com/il/football/game/belvidere-north-vs-guilford-rockford/8-28-2026/?c=40f3996b-ad58-4b00-89fe-d72bf1d31a55",6256ab6
88,"Grayslake North vs Wheeling",Football,"Illinois",08/28/2026,07:00 PM,"The Wheeling varsity football team has an away non-conference game @ Grayslake North (Illinois) on Friday, August 28 @ 7p.","/il/football/game/grayslake-north-vs-wheeling/8-28-2026/?c=5d7b44a1-a5e9-42b2-8026-213fcffbbf01","https://www.maxpreps.com/il/football/game/grayslake-north-vs-wheeling/8-28-2026/?c=5d7b44a1-a5e9-42b2-8026-213fcffbbf01",f77bfcb
89,"Conant Hoffman Estates vs Taft Chicago",Football,"Illinois",08/28/2026,07:00 PM,"The Taft Chicago varsity football team has an away non-conference game @ Conant Hoffman Estates (Illinois) on Friday, August 28 @ 7p.","/il/football/game/conant-hoffman-estates-vs-taft-chicago/8-28-2026/?c=fe4fffab-0d5d-4c16-877c-3703bd22922c","https://www.maxpreps.com/il/football/game/conant-hoffman-estates-vs-taft-chicago/8-28-2026/?c=fe4fffab-0d5d-4c16-877c-3703bd22922c",ce9e2a0
90,"Aurora Christian vs Elgin",Football,"Illinois",08/28/2026,07:00 PM,"The Elgin varsity football team has an away non-conference game @ Aurora Christian (Illinois) on Friday, August 28 @ 7p.","/il/football/game/aurora-christian-vs-elgin/8-28-2026/?c=0936639c-50f6-4953-a1b6-f7e09c902ba8","https://www.maxpreps.com/il/football/game/aurora-christian-vs-elgin/8-28-2026/?c=0936639c-50f6-4953-a1b6-f7e09c902ba8",c186d93
91,"Central A And M Moweaqua vs Tremont",Football,"Illinois",08/28/2026,07:00 PM,"The Tremont varsity football team has an away non-conference game @ Central A And M Moweaqua (Illinois) on Friday, August 28 @ 7p.","/il/football/game/central-a-and-m-moweaqua-vs-tremont/8-28-2026/?c=794abb10-a23f-4080-b303-5555121b2975","https://www.maxpreps.com/il/football/game/central-a-and-m-moweaqua-vs-tremont/8-28-2026/?c=794abb10-a23f-4080-b303-5555121b2975",faf1d5c
92,"Benet Academy Lisle vs Glenbard North Carol Stream",Football,"Illinois",08/28/2026,07:00 PM,"The Glenbard North Carol Stream varsity football team has an away non-conference game @ Benet Academy Lisle (Illinois) on Friday, August 28 @ 7p.","/il/football/game/benet-academy-lisle-vs-glenbard-north-carol-stream/8-28-2026/?c=338bb942-1ca6-4198-b3a5-6380f44fcd93","https://www.maxpreps.com/il/football/game/benet-academy-lisle-vs-glenbard-north-carol-stream/8-28-2026/?c=338bb942-1ca6-4198-b3a5-6380f44fcd93",5e77fcd
93,"Casey Westfield vs Mater Dei Breese",Football,"Illinois",08/28/2026,07:00 PM,"The Mater Dei Breese varsity football team has an away non-conference game @ Casey Westfield (Illinois) on Friday, August 28 @ 7p.","/il/football/game/casey-westfield-vs-mater-dei-breese/8-28-2026/?c=8b0dddd5-07e5-4d45-8c35-390078b282f2","https://www.maxpreps.com/il/football/game/casey-westfield-vs-mater-dei-breese/8-28-2026/?c=8b0dddd5-07e5-4d45-8c35-390078b282f2",e8ab592
94,"Astoria Vit vs Hamilton Warsaw",Football,"Illinois",08/28/2026,07:00 PM,"The Hamilton Warsaw varsity football team has an away non-conference game @ Astoria Vit (Illinois) on Friday, August 28 @ 7p.","/il/football/game/astoria-vit-vs-hamilton-warsaw/8-28-2026/?c=8178e601-16dc-4c12-b0b0-077d5e881cdc","https://www.maxpreps.com/il/football/game/astoria-vit-vs-hamilton-warsaw/8-28-2026/?c=8178e601-16dc-4c12-b0b0-077d5e881cdc",13aa316
95,"Romeoville vs Tinley Park",Football,"Illinois",08/28/2026,07:00 PM,"The Tinley Park varsity football team has an away non-conference game @ Romeoville (Illinois) on Friday, August 28 @ 7p.","/il/football/game/romeoville-vs-tinley-park/8-28-2026/?c=236d399e-85d8-48ae-902c-2bb5fa89b04a","https://www.maxpreps.com/il/football/game/romeoville-vs-tinley-park/8-28-2026/?c=236d399e-85d8-48ae-902c-2bb5fa89b04a",9399239
96,"Arcola vs Sullivan",Football,"Illinois",08/28/2026,07:00 PM,"The Sullivan varsity football team has an away non-conference game @ Arcola (Illinois) on Friday, August 28 @ 7p.","/il/football/game/arcola-vs-sullivan/8-28-2026/?c=fd2f892c-42bf-4caf-818f-f3d1b5defa3a","https://www.maxpreps.com/il/football/game/arcola-vs-sullivan/8-28-2026/?c=fd2f892c-42bf-4caf-818f-f3d1b5defa3a",062f306
97,"Murphysboro vs Roxana",Football,"Illinois",08/28/2026,07:00 PM,"The Roxana varsity football team has an away non-conference game @ Murphysboro (Illinois) on Friday, August 28 @ 7p.","/il/football/game/murphysboro-vs-roxana/8-28-2026/?c=8f8052f3-e38a-44f7-a4da-4a9cab71d096","https://www.maxpreps.com/il/football/game/murphysboro-vs-roxana/8-28-2026/?c=8f8052f3-e38a-44f7-a4da-4a9cab71d096",b5ac3ed
98,"Polo vs Ridgewood Alwood Cambridge Woodhull",Football,"Illinois",08/28/2026,07:00 PM,"The Ridgewood Alwood Cambridge Woodhull varsity football team has an away non-conference game @ Polo (Illinois) on Friday, August 28 @ 7p.","/il/football/game/polo-vs-ridgewood-alwood-cambridge-woodhull/8-28-2026/?c=c54114bf-daec-45a6-bc2c-f795371ddbf6","https://www.maxpreps.com/il/football/game/polo-vs-ridgewood-alwood-cambridge-woodhull/8-28-2026/?c=c54114bf-daec-45a6-bc2c-f795371ddbf6",83a9ffd
99,"Salt Fork Sidell vs Westville",Football,"Illinois",08/28/2026,07:00 PM,"The Westville varsity football team has an away non-conference game @ Salt Fork Sidell (Illinois) on Friday, August 28 @ 7p.","/il/football/game/salt-fork-sidell-vs-westville/8-28-2026/?c=6f449c4b-177e-4253-9057-08a0bd034119","https://www.maxpreps.com/il/football/game/salt-fork-sidell-vs-westville/8-28-2026/?c=6f449c4b-177e-4253-9057-08a0bd034119",ba00cc7
100,"Decatur Eisenhower vs Mt Zion",Football,"Illinois",08/28/2026,07:00 PM,"The Mt Zion varsity football team has an away non-conference game @ Decatur Eisenhower (Illinois) on Friday, August 28 @ 7p.","/il/football/game/decatur-eisenhower-vs-mt-zion/8-28-2026/?c=57e97744-8a84-419d-a976-bd6a47c50e68","https://www.maxpreps.com/il/football/game/decatur-eisenhower-vs-mt-zion/8-28-2026/?c=57e97744-8a84-419d-a976-bd6a47c50e68",b8cfd8b
101,"Jefferson Rockford vs Rockford East",Football,"Illinois",08/28/2026,07:00 PM,"The Rockford East varsity football team has an away non-conference game @ Jefferson Rockford (Illinois) on Friday, August 28 @ 7p.","/il/football/game/jefferson-rockford-vs-rockford-east/8-28-2026/?c=d123284d-e269-4d00-8a41-36fb1df201a2","https://www.maxpreps.com/il/football/game/jefferson-rockford-vs-rockford-east/8-28-2026/?c=d123284d-e269-4d00-8a41-36fb1df201a2",d43e5fd
102,"Glenbard East Lombard vs Plainfield North",Football,"Illinois",08/28/2026,07:00 PM,"The Plainfield North varsity football team has an away non-conference game @ Glenbard East Lombard (Illinois) on Friday, August 28 @ 7p.","/il/football/game/glenbard-east-lombard-vs-plainfield-north/8-28-2026/?c=eaec3a33-d3f0-49f6-98b0-583cea193091","https://www.maxpreps.com/il/football/game/glenbard-east-lombard-vs-plainfield-north/8-28-2026/?c=eaec3a33-d3f0-49f6-98b0-583cea193091",1c32f02
103,"Depaul College Prep Chicago vs Lane Tech Chicago",Football,"Illinois",08/28/2026,07:00 PM,"The Lane Tech Chicago varsity football team has an away non-conference game @ Depaul College Prep Chicago (Illinois) on Friday, August 28 @ 7p.","/il/football/game/depaul-college-prep-chicago-vs-lane-tech-chicago/8-28-2026/?c=6ff0b50d-88c3-475d-bb2d-9e5ec9111807","https://www.maxpreps.com/il/football/game/depaul-college-prep-chicago-vs-lane-tech-chicago/8-28-2026/?c=6ff0b50d-88c3-475d-bb2d-9e5ec9111807",526ccb0
104,"Christian Life Keith Country Day Rockford vs Milledgeville",Football,"Illinois",08/28/2026,07:00 PM,"The Milledgeville varsity football team has an away non-conference game @ Christian Life Keith Country Day Rockford (Illinois) on Friday, August 28 @ 7p.","/il/football/game/christian-life-keith-country-day-rockford-vs-milledgeville/8-28-2026/?c=294d48e5-6703-4af2-81d5-fb8d0cfd255f","https://www.maxpreps.com/il/football/game/christian-life-keith-country-day-rockford-vs-milledgeville/8-28-2026/?c=294d48e5-6703-4af2-81d5-fb8d0cfd255f",baee6ed
105,"Galesburg vs Limestone Bartonville",Football,"Illinois",08/28/2026,07:00 PM,"The Limestone Bartonville varsity football team has an away non-conference game @ Galesburg (Illinois) on Friday, August 28 @ 7p.","/il/football/game/galesburg-vs-limestone-bartonville/8-28-2026/?c=7461d35f-2c05-4d6b-813e-69c153b4b39a","https://www.maxpreps.com/il/football/game/galesburg-vs-limestone-bartonville/8-28-2026/?c=7461d35f-2c05-4d6b-813e-69c153b4b39a",7348b88
106,"Buffalo Grove vs Deerfield",Football,"Illinois",08/28/2026,07:00 PM,"The Deerfield varsity football team has an away non-conference game @ Buffalo Grove (Illinois) on Friday, August 28 @ 7p.","/il/football/game/buffalo-grove-vs-deerfield/8-28-2026/?c=025f3b4e-c3c1-4ac2-977c-bf6560c9715b","https://www.maxpreps.com/il/football/game/buffalo-grove-vs-deerfield/8-28-2026/?c=025f3b4e-c3c1-4ac2-977c-bf6560c9715b",93393b7
107,"Brother Rice Chicago vs Woodlawn Chicago",Football,"Illinois",08/28/2026,07:00 PM,"The Woodlawn Chicago varsity football team has an away non-conference game @ Brother Rice Chicago (Illinois) on Friday, August 28 @ 7p.","/il/football/game/brother-rice-chicago-vs-woodlawn-chicago/8-28-2026/?c=fabe4d56-af05-4e8d-bd93-8ff898bcb2b9","https://www.maxpreps.com/il/football/game/brother-rice-chicago-vs-woodlawn-chicago/8-28-2026/?c=fabe4d56-af05-4e8d-bd93-8ff898bcb2b9",410b2de
108,"Charleston vs El Paso Gridley",Football,"Illinois",08/28/2026,07:00 PM,"The El Paso Gridley varsity football team has an away non-conference game @ Charleston (Illinois) on Friday, August 28 @ 7p.","/il/football/game/charleston-vs-el-paso-gridley/8-28-2026/?c=42d25ca7-a17d-43fe-856c-04b4e3dcf16b","https://www.maxpreps.com/il/football/game/charleston-vs-el-paso-gridley/8-28-2026/?c=42d25ca7-a17d-43fe-856c-04b4e3dcf16b",474fa68
109,"Brown County Mt Sterling vs Pleasant Hill Western",Football,"Illinois",08/28/2026,07:00 PM,"The Pleasant Hill Western varsity football team has an away non-conference game @ Brown County Mt Sterling (Illinois) on Friday, August 28 @ 7p.","/il/football/game/brown-county-mt-sterling-vs-pleasant-hill-western/8-28-2026/?c=ea950d3a-4540-43f7-8015-d35e40b518fe","https://www.maxpreps.com/il/football/game/brown-county-mt-sterling-vs-pleasant-hill-western/8-28-2026/?c=ea950d3a-4540-43f7-8015-d35e40b518fe",3edc2e7
110,"Metea Valley Aurora vs Plainfield Central",Football,"Illinois",08/28/2026,07:00 PM,"The Plainfield Central varsity football team has an away non-conference game @ Metea Valley Aurora (Illinois) on Friday, August 28 @ 7p.","/il/football/game/metea-valley-aurora-vs-plainfield-central/8-28-2026/?c=68b38b69-ec6d-42a1-8000-723e7f43f4f7","https://www.maxpreps.com/il/football/game/metea-valley-aurora-vs-plainfield-central/8-28-2026/?c=68b38b69-ec6d-42a1-8000-723e7f43f4f7",c350912
111,"Geneseo vs Rochelle",Football,"Illinois",08/28/2026,07:00 PM,"The Rochelle varsity football team has an away non-conference game @ Geneseo (Illinois) on Friday, August 28 @ 7p.","/il/football/game/geneseo-vs-rochelle/8-28-2026/?c=0a27ba90-835f-4570-a14f-af902382237f","https://www.maxpreps.com/il/football/game/geneseo-vs-rochelle/8-28-2026/?c=0a27ba90-835f-4570-a14f-af902382237f",81f8d60
112,"Flanagan Woodland vs West Prairie Southeastern Sciota",Football,"Illinois",08/28/2026,07:00 PM,"The West Prairie Southeastern Sciota varsity football team has an away non-conference game @ Flanagan Woodland (Illinois) on Friday, August 28 @ 7p.","/il/football/game/flanagan-woodland-vs-west-prairie-southeastern-sciota/8-28-2026/?c=813f0d80-a335-4ffc-bb62-f47265803853","https://www.maxpreps.com/il/football/game/flanagan-woodland-vs-west-prairie-southeastern-sciota/8-28-2026/?c=813f0d80-a335-4ffc-bb62-f47265803853",f000ba6
113,"Hamilton County Mcleansboro vs Sesser Valier Waltonville",Football,"Illinois",08/28/2026,07:00 PM,"The Sesser Valier Waltonville varsity football team has an away non-conference game @ Hamilton County Mcleansboro (Illinois) on Friday, August 28 @ 7p.","/il/football/game/hamilton-county-mcleansboro-vs-sesser-valier-waltonville/8-28-2026/?c=1c930ebb-c6b0-43e5-8d3b-edcbc53c8ad7","https://www.maxpreps.com/il/football/game/hamilton-county-mcleansboro-vs-sesser-valier-waltonville/8-28-2026/?c=1c930ebb-c6b0-43e5-8d3b-edcbc53c8ad7",ee40125
114,"Pittsfield vs Riverton",Football,"Illinois",08/28/2026,07:00 PM,"The Riverton varsity football team has an away non-conference game @ Pittsfield (Illinois) on Friday, August 28 @ 7p.","/il/football/game/pittsfield-vs-riverton/8-28-2026/?c=cd2ba9db-0829-48e0-b4bc-d0e3b7d66809","https://www.maxpreps.com/il/football/game/pittsfield-vs-riverton/8-28-2026/?c=cd2ba9db-0829-48e0-b4bc-d0e3b7d66809",2b122e3
115,"East Alton Wood River vs Jersey Jerseyville",Football,"Illinois",08/28/2026,07:00 PM,"The Jersey Jerseyville varsity football team has an away non-conference game @ East Alton Wood River (Illinois) on Friday, August 28 @ 7p.","/il/football/game/east-alton-wood-river-vs-jersey-jerseyville/8-28-2026/?c=a36ef298-ef3d-4288-a658-cbc81ee0385a","https://www.maxpreps.com/il/football/game/east-alton-wood-river-vs-jersey-jerseyville/8-28-2026/?c=a36ef298-ef3d-4288-a658-cbc81ee0385a",736761d
116,"Mattoon vs Rantoul",Football,"Illinois",08/28/2026,07:00 PM,"The Rantoul varsity football team has an away non-conference game @ Mattoon (Illinois) on Friday, August 28 @ 7p.","/il/football/game/mattoon-vs-rantoul/8-28-2026/?c=718315db-74ad-45b0-8869-30842aa889d1","https://www.maxpreps.com/il/football/game/mattoon-vs-rantoul/8-28-2026/?c=718315db-74ad-45b0-8869-30842aa889d1",3e8bbd9
117,"Greenville Tigers vs Litchfield Mt Olive",Football,"Illinois",08/28/2026,07:00 PM,"The Litchfield Mt Olive varsity football team has an away non-conference game @ Greenville Tigers (Illinois) on Friday, August 28 @ 7p.","/il/football/game/greenville-tigers-vs-litchfield-mt-olive/8-28-2026/?c=669ff081-0c86-44f8-950b-fc7425fb36dd","https://www.maxpreps.com/il/football/game/greenville-tigers-vs-litchfield-mt-olive/8-28-2026/?c=669ff081-0c86-44f8-950b-fc7425fb36dd",c35b7d3
118,"Cumberland Toledo vs Villa Grove Heritage",Football,"Illinois",08/28/2026,07:00 PM,"The Villa Grove Heritage varsity football team has an away non-conference game @ Cumberland Toledo (Illinois) on Friday, August 28 @ 7p.","/il/football/game/cumberland-toledo-vs-villa-grove-heritage/8-28-2026/?c=9d2f20de-6cfb-4f29-8225-6e58330414a1","https://www.maxpreps.com/il/football/game/cumberland-toledo-vs-villa-grove-heritage/8-28-2026/?c=9d2f20de-6cfb-4f29-8225-6e58330414a1",c14a052
119,"Bishop Mcnamara Kankakee vs Herscher",Football,"Illinois",08/28/2026,07:00 PM,"The Herscher varsity football team has an away non-conference game @ Bishop Mcnamara Kankakee (Illinois) on Friday, August 28 @ 7p.","/il/football/game/bishop-mcnamara-kankakee-vs-herscher/8-28-2026/?c=45dd9b67-86ec-47d5-a1a5-5972e27d831a","https://www.maxpreps.com/il/football/game/bishop-mcnamara-kankakee-vs-herscher/8-28-2026/?c=45dd9b67-86ec-47d5-a1a5-5972e27d831a",f8aafd5
120,"Niles North Skokie vs Niles West Skokie",Football,"Illinois",08/28/2026,07:00 PM,"The Niles West Skokie varsity football team has an away non-conference game @ Niles North Skokie (Illinois) on Friday, August 28 @ 7p.","/il/football/game/niles-north-skokie-vs-niles-west-skokie/8-28-2026/?c=571e8d92-f058-465f-aae9-7083a30a3fa6","https://www.maxpreps.com/il/football/game/niles-north-skokie-vs-niles-west-skokie/8-28-2026/?c=571e8d92-f058-465f-aae9-7083a30a3fa6",8361b7a
121,"Breese Central vs Columbia",Football,"Illinois",08/28/2026,07:00 PM,"The Columbia varsity football team has an away non-conference game @ Breese Central (Illinois) on Friday, August 28 @ 7p.","/il/football/game/breese-central-vs-columbia/8-28-2026/?c=01ea445c-1cab-4d88-b6d2-5dca296c9f5c","https://www.maxpreps.com/il/football/game/breese-central-vs-columbia/8-28-2026/?c=01ea445c-1cab-4d88-b6d2-5dca296c9f5c",7ec4c59
122,"Alton vs Glenwood Chatham",Football,"Illinois",08/28/2026,07:00 PM,"The Glenwood Chatham varsity football team has an away non-conference game @ Alton (Illinois) on Friday, August 28 @ 7p.","/il/football/game/alton-vs-glenwood-chatham/8-28-2026/?c=2886740a-1f49-41df-9dbd-4df081c1b88c","https://www.maxpreps.com/il/football/game/alton-vs-glenwood-chatham/8-28-2026/?c=2886740a-1f49-41df-9dbd-4df081c1b88c",0bfae4e
123,"Bushnell Prairie City vs St Thomas More Champaign",Football,"Illinois",08/28/2026,07:00 PM,"The St Thomas More Champaign varsity football team has an away non-conference game @ Bushnell Prairie City (Illinois) on Friday, August 28 @ 7p.","/il/football/game/bushnell-prairie-city-vs-st-thomas-more-champaign/8-28-2026/?c=b85b7738-5b48-41db-b050-50249976d380","https://www.maxpreps.com/il/football/game/bushnell-prairie-city-vs-st-thomas-more-champaign/8-28-2026/?c=b85b7738-5b48-41db-b050-50249976d380",438fba3
124,"Manual Peoria vs Normal Community",Football,"Illinois",08/28/2026,07:00 PM,"The Normal Community varsity football team has an away non-conference game @ Manual Peoria (Illinois) on Friday, August 28 @ 7p.","/il/football/game/manual-peoria-vs-normal-community/8-28-2026/?c=5a09d3a2-b7a1-4f3c-8e40-5fa9c92c9fa5","https://www.maxpreps.com/il/football/game/manual-peoria-vs-normal-community/8-28-2026/?c=5a09d3a2-b7a1-4f3c-8e40-5fa9c92c9fa5",02ddfb4
125,"Byron vs Rock Falls",Football,"Illinois",08/28/2026,07:00 PM,"The Rock Falls varsity football team has an away non-conference game @ Byron (Illinois) on Friday, August 28 @ 7p.","/il/football/game/byron-vs-rock-falls/8-28-2026/?c=5132a90c-d04d-45b0-9aa0-4c81c5db09a1","https://www.maxpreps.com/il/football/game/byron-vs-rock-falls/8-28-2026/?c=5132a90c-d04d-45b0-9aa0-4c81c5db09a1",d90984f
126,"Havana vs Princeville",Football,"Illinois",08/28/2026,07:00 PM,"The Princeville varsity football team has an away non-conference game @ Havana (Illinois) on Friday, August 28 @ 7p.","/il/football/game/havana-vs-princeville/8-28-2026/?c=71a58f54-fc07-4443-9df3-efc0a00bac9f","https://www.maxpreps.com/il/football/game/havana-vs-princeville/8-28-2026/?c=71a58f54-fc07-4443-9df3-efc0a00bac9f",b3ee707
127,"Belleville West vs Mt Vernon",Football,"Illinois",08/28/2026,07:00 PM,"The Mt Vernon varsity football team has an away non-conference game @ Belleville West (Illinois) on Friday, August 28 @ 7p.","/il/football/game/belleville-west-vs-mt-vernon/8-28-2026/?c=5869b29a-e099-4a05-916c-b05820217237","https://www.maxpreps.com/il/football/game/belleville-west-vs-mt-vernon/8-28-2026/?c=5869b29a-e099-4a05-916c-b05820217237",ddba814
128,"Moline vs Sycamore",Football,"Illinois",08/28/2026,07:00 PM,"The Sycamore varsity football team has an away non-conference game @ Moline (Illinois) on Friday, August 28 @ 7p.","/il/football/game/moline-vs-sycamore/8-28-2026/?c=2c14bb11-8bec-492c-9084-6626bf36f6f2","https://www.maxpreps.com/il/football/game/moline-vs-sycamore/8-28-2026/?c=2c14bb11-8bec-492c-9084-6626bf36f6f2",4c6db7a
129,"Bradley Bourbonnais vs Thornwood South Holland",Football,"Illinois",08/28/2026,07:00 PM,"The Thornwood South Holland varsity football team has an away non-conference game @ Bradley Bourbonnais (Illinois) on Friday, August 28 @ 7p.","/il/football/game/bradley-bourbonnais-vs-thornwood-south-holland/8-28-2026/?c=e49fc364-c6b2-4663-8c99-5f862b3d5fca","https://www.maxpreps.com/il/football/game/bradley-bourbonnais-vs-thornwood-south-holland/8-28-2026/?c=e49fc364-c6b2-4663-8c99-5f862b3d5fca",ebce72d
130,"Dunlap vs Rock Island",Football,"Illinois",08/28/2026,07:00 PM,"The Rock Island varsity football team has an away non-conference game @ Dunlap (Illinois) on Friday, August 28 @ 7p.","/il/football/game/dunlap-vs-rock-island/8-28-2026/?c=9c07bfe5-0e98-4fff-9627-bbcaf117f921","https://www.maxpreps.com/il/football/game/dunlap-vs-rock-island/8-28-2026/?c=9c07bfe5-0e98-4fff-9627-bbcaf117f921",25b6cea
131,"Deer Creek Mackinaw vs Warrensburg Latham",Football,"Illinois",08/28/2026,07:00 PM,"The Warrensburg Latham varsity football team has an away non-conference game @ Deer Creek Mackinaw (Illinois) on Friday, August 28 @ 7p.","/il/football/game/deer-creek-mackinaw-vs-warrensburg-latham/8-28-2026/?c=30b64670-ab40-46e1-bcf3-48576af96ca6","https://www.maxpreps.com/il/football/game/deer-creek-mackinaw-vs-warrensburg-latham/8-28-2026/?c=30b64670-ab40-46e1-bcf3-48576af96ca6",1c80a01
132,"Bloomington vs Urbana",Football,"Illinois",08/28/2026,07:00 PM,"The Urbana varsity football team has an away non-conference game @ Bloomington (Illinois) on Friday, August 28 @ 7p.","/il/football/game/bloomington-vs-urbana/8-28-2026/?c=d7e5afe0-5049-474e-8376-281f8eccb97e","https://www.maxpreps.com/il/football/game/bloomington-vs-urbana/8-28-2026/?c=d7e5afe0-5049-474e-8376-281f8eccb97e",17e85d6
133,"Marian Catholic Chicago Heights vs Morton",Football,"Illinois",08/28/2026,07:00 PM,"The Morton varsity football team has an away non-conference game @ Marian Catholic Chicago Heights (Illinois) on Friday, August 28 @ 7p.","/il/football/game/marian-catholic-chicago-heights-vs-morton/8-28-2026/?c=3c6ec336-4ee2-40c8-a2d9-278112fc8293","https://www.maxpreps.com/il/football/game/marian-catholic-chicago-heights-vs-morton/8-28-2026/?c=3c6ec336-4ee2-40c8-a2d9-278112fc8293",bc906e0
134,"Hillsboro Hiltoppers vs Vandalia",Football,"Illinois",08/28/2026,07:00 PM,"The Vandalia varsity football team has an away non-conference game @ Hillsboro Hiltoppers (Illinois) on Friday, August 28 @ 7p.","/il/football/game/hillsboro-hiltoppers-vs-vandalia/8-28-2026/?c=75112897-9386-4926-8ebd-7ee116089ef2","https://www.maxpreps.com/il/football/game/hillsboro-hiltoppers-vs-vandalia/8-28-2026/?c=75112897-9386-4926-8ebd-7ee116089ef2",28ac83f
135,"Amboy Lamoille Ohio vs South Beloit",Football,"Illinois",08/28/2026,07:00 PM,"The South Beloit varsity football team has an away non-conference game @ Amboy Lamoille Ohio (Illinois) on Friday, August 28 @ 7p.","/il/football/game/amboy-lamoille-ohio-vs-south-beloit/8-28-2026/?c=8e9eaf28-a8b8-4b48-aa71-8497241dfe7a","https://www.maxpreps.com/il/football/game/amboy-lamoille-ohio-vs-south-beloit/8-28-2026/?c=8e9eaf28-a8b8-4b48-aa71-8497241dfe7a",69740ea
136,"Benton vs Robinson",Football,"Illinois",08/28/2026,07:00 PM,"The Robinson varsity football team has an away non-conference game @ Benton (Illinois) on Friday, August 28 @ 7p.","/il/football/game/benton-vs-robinson/8-28-2026/?c=bdd72243-4d06-402c-9576-faadfe19fb6c","https://www.maxpreps.com/il/football/game/benton-vs-robinson/8-28-2026/?c=bdd72243-4d06-402c-9576-faadfe19fb6c",1475885
137,"Monticello vs Tolono Unity",Football,"Illinois",08/28/2026,07:00 PM,"The Tolono Unity varsity football team has an away non-conference game @ Monticello (Illinois) on Friday, August 28 @ 7p.","/il/football/game/monticello-vs-tolono-unity/8-28-2026/?c=7b5e8bd5-a35d-4490-a40f-d5a0286c67fd","https://www.maxpreps.com/il/football/game/monticello-vs-tolono-unity/8-28-2026/?c=7b5e8bd5-a35d-4490-a40f-d5a0286c67fd",14922f4
138,"Gage Park Chicago vs Westmont",Football,"Illinois",08/28/2026,07:00 PM,"The Westmont varsity football team has an away non-conference game @ Gage Park Chicago (Illinois) on Friday, August 28 @ 7p.","/il/football/game/gage-park-chicago-vs-westmont/8-28-2026/?c=29210925-8efc-4272-8acf-864fa35ef875","https://www.maxpreps.com/il/football/game/gage-park-chicago-vs-westmont/8-28-2026/?c=29210925-8efc-4272-8acf-864fa35ef875",ef25c85
139,"Elk Grove Elk Grove Village vs Leyden Franklin Park",Football,"Illinois",08/28/2026,07:00 PM,"The Leyden Franklin Park varsity football team has an away non-conference game @ Elk Grove Elk Grove Village (Illinois) on Friday, August 28 @ 7p.","/il/football/game/elk-grove-elk-grove-village-vs-leyden-franklin-park/8-28-2026/?c=528149ee-6eea-4fd9-9c22-868cf7ff24ca","https://www.maxpreps.com/il/football/game/elk-grove-elk-grove-village-vs-leyden-franklin-park/8-28-2026/?c=528149ee-6eea-4fd9-9c22-868cf7ff24ca",f53f2d2
140,"Bloomington Central Catholic vs Illinois Valley Central Chillicothe",Football,"Illinois",08/28/2026,07:00 PM,"The Illinois Valley Central Chillicothe varsity football team has an away non-conference game @ Bloomington Central Catholic (Illinois) on Friday, August 28 @ 7p.","/il/football/game/bloomington-central-catholic-vs-illinois-valley-central-chillicothe/8-28-2026/?c=016503b2-2fcb-4829-88ce-c9db50ee2490","https://www.maxpreps.com/il/football/game/bloomington-central-catholic-vs-illinois-valley-central-chillicothe/8-28-2026/?c=016503b2-2fcb-4829-88ce-c9db50ee2490",33310af
141,"Forreston vs Seneca",Football,"Illinois",08/28/2026,07:00 PM,"The Seneca varsity football team has an away non-conference game @ Forreston (Illinois) on Friday, August 28 @ 7p.","/il/football/game/forreston-vs-seneca/8-28-2026/?c=cbc85588-9bf8-4e93-ae5e-22d20198d678","https://www.maxpreps.com/il/football/game/forreston-vs-seneca/8-28-2026/?c=cbc85588-9bf8-4e93-ae5e-22d20198d678",5a6ed24
142,"Lincoln Way West New Lenox vs Peoria",Football,"Illinois",08/28/2026,07:00 PM,"The Peoria varsity football team has an away non-conference game @ Lincoln Way West New Lenox (Illinois) on Friday, August 28 @ 7p.","/il/football/game/lincoln-way-west-new-lenox-vs-peoria/8-28-2026/?c=79cf2bff-f025-475d-9c31-71c111dd9f0f","https://www.maxpreps.com/il/football/game/lincoln-way-west-new-lenox-vs-peoria/8-28-2026/?c=79cf2bff-f025-475d-9c31-71c111dd9f0f",c0ce113
143,"Mahomet Seymour vs Normal University",Football,"Illinois",08/28/2026,07:00 PM,"The Normal University varsity football team has an away non-conference game @ Mahomet Seymour (Illinois) on Friday, August 28 @ 7p.","/il/football/game/mahomet-seymour-vs-normal-university/8-28-2026/?c=8a6f1c15-b10a-4e5d-8622-23c477ef000b","https://www.maxpreps.com/il/football/game/mahomet-seymour-vs-normal-university/8-28-2026/?c=8a6f1c15-b10a-4e5d-8622-23c477ef000b",a991fcc
144,"Lakes Lake Villa vs Vernon Hills",Football,"Illinois",08/28/2026,07:00 PM,"The Vernon Hills varsity football team has an away non-conference game @ Lakes Lake Villa (Illinois) on Friday, August 28 @ 7p.","/il/football/game/lakes-lake-villa-vs-vernon-hills/8-28-2026/?c=c3f1663b-3db0-4d8c-bc7d-7f55a0b8741f","https://www.maxpreps.com/il/football/game/lakes-lake-villa-vs-vernon-hills/8-28-2026/?c=c3f1663b-3db0-4d8c-bc7d-7f55a0b8741f",4ae2ff4
145,"Crystal Lake Central vs Huntley",Football,"Illinois",08/28/2026,07:00 PM,"The Huntley varsity football team has an away non-conference game @ Crystal Lake Central (Illinois) on Friday, August 28 @ 7p.","/il/football/game/crystal-lake-central-vs-huntley/8-28-2026/?c=f433550b-c214-4d49-b511-41702dd55047","https://www.maxpreps.com/il/football/game/crystal-lake-central-vs-huntley/8-28-2026/?c=f433550b-c214-4d49-b511-41702dd55047",9b55a3a
146,"Clinton vs Heyworth",Football,"Illinois",08/28/2026,07:00 PM,"The Heyworth varsity football team has an away non-conference game @ Clinton (Illinois) on Friday, August 28 @ 7p.","/il/football/game/clinton-vs-heyworth/8-28-2026/?c=813013d8-87c4-4136-ab7d-d297833366eb","https://www.maxpreps.com/il/football/game/clinton-vs-heyworth/8-28-2026/?c=813013d8-87c4-4136-ab7d-d297833366eb",72aeede
147,"Argenta Oreana vs Nokomis",Football,"Illinois",08/28/2026,07:00 PM,"The Nokomis varsity football team has an away non-conference game @ Argenta Oreana (Illinois) on Friday, August 28 @ 7p.","/il/football/game/argenta-oreana-vs-nokomis/8-28-2026/?c=8ac9294d-cd58-4e3e-b047-43bbccab88e6","https://www.maxpreps.com/il/football/game/argenta-oreana-vs-nokomis/8-28-2026/?c=8ac9294d-cd58-4e3e-b047-43bbccab88e6",c0e2541
148,"Monmouth Roseville vs Rockridge Taylor Ridge",Football,"Illinois",08/28/2026,07:00 PM,"The Rockridge Taylor Ridge varsity football team has an away non-conference game @ Monmouth Roseville (Illinois) on Friday, August 28 @ 7p.","/il/football/game/monmouth-roseville-vs-rockridge-taylor-ridge/8-28-2026/?c=31c8fa95-fb5a-416b-a1d2-af4810595634","https://www.maxpreps.com/il/football/game/monmouth-roseville-vs-rockridge-taylor-ridge/8-28-2026/?c=31c8fa95-fb5a-416b-a1d2-af4810595634",dca3bf3
149,"Johnsburg vs Larkin Elgin",Football,"Illinois",08/28/2026,07:00 PM,"The Larkin Elgin varsity football team has an away non-conference game @ Johnsburg (Illinois) on Friday, August 28 @ 7p.","/il/football/game/johnsburg-vs-larkin-elgin/8-28-2026/?c=f7f5da0b-8d78-4b67-b417-089275d507e0","https://www.maxpreps.com/il/football/game/johnsburg-vs-larkin-elgin/8-28-2026/?c=f7f5da0b-8d78-4b67-b417-089275d507e0",4184f28
150,"Athens vs Maroa Forsyth",Football,"Illinois",08/28/2026,07:00 PM,"The Maroa Forsyth varsity football team has an away non-conference game @ Athens (Illinois) on Friday, August 28 @ 7p.","/il/football/game/athens-vs-maroa-forsyth/8-28-2026/?c=cc6b0a14-ba0c-4fb0-b94e-a426c67d18cb","https://www.maxpreps.com/il/football/game/athens-vs-maroa-forsyth/8-28-2026/?c=cc6b0a14-ba0c-4fb0-b94e-a426c67d18cb",f4c066b
151,"Centralia vs Civic Memorial Bethalto",Football,"Illinois",08/28/2026,07:00 PM,"The Civic Memorial Bethalto varsity football team has an away non-conference game @ Centralia (Illinois) on Friday, August 28 @ 7p.","/il/football/game/centralia-vs-civic-memorial-bethalto/8-28-2026/?c=d1b59262-19f3-46ce-a8e2-fb229554ec2b","https://www.maxpreps.com/il/football/game/centralia-vs-civic-memorial-bethalto/8-28-2026/?c=d1b59262-19f3-46ce-a8e2-fb229554ec2b",f8f85b7
152,"Illini West Carthage vs Monmouth United",Football,"Illinois",08/28/2026,07:00 PM,"The Monmouth United varsity football team has an away non-conference game @ Illini West Carthage (Illinois) on Friday, August 28 @ 7p.","/il/football/game/illini-west-carthage-vs-monmouth-united/8-28-2026/?c=44ede4fa-e264-406d-8dab-fccf70b60466","https://www.maxpreps.com/il/football/game/illini-west-carthage-vs-monmouth-united/8-28-2026/?c=44ede4fa-e264-406d-8dab-fccf70b60466",ff2d424
153,"Geneva vs Oswego",Football,"Illinois",08/28/2026,07:00 PM,"The Oswego varsity football team has an away non-conference game @ Geneva (Illinois) on Friday, August 28 @ 7p.","/il/football/game/geneva-vs-oswego/8-28-2026/?c=ebf3e650-00ef-4d2b-b48d-e38c8ae57317","https://www.maxpreps.com/il/football/game/geneva-vs-oswego/8-28-2026/?c=ebf3e650-00ef-4d2b-b48d-e38c8ae57317",4cfb605
154,"Granite City vs Macarthur Decatur",Football,"Illinois",08/28/2026,07:00 PM,"The Macarthur Decatur varsity football team has an away non-conference game @ Granite City (Illinois) on Friday, August 28 @ 7p.","/il/football/game/granite-city-vs-macarthur-decatur/8-28-2026/?c=c294794a-a654-43fd-9c5e-16167ddf47ab","https://www.maxpreps.com/il/football/game/granite-city-vs-macarthur-decatur/8-28-2026/?c=c294794a-a654-43fd-9c5e-16167ddf47ab",ab37d22
155,"Carterville vs Nashville",Football,"Illinois",08/28/2026,07:00 PM,"The Nashville varsity football team has an away non-conference game @ Carterville (Illinois) on Friday, August 28 @ 7p.","/il/football/game/carterville-vs-nashville/8-28-2026/?c=294bc49d-d470-4d3e-a393-37ab08034c6a","https://www.maxpreps.com/il/football/game/carterville-vs-nashville/8-28-2026/?c=294bc49d-d470-4d3e-a393-37ab08034c6a",a92183f
156,"Auburn vs Williamsville",Football,"Illinois",08/28/2026,07:00 PM,"The Williamsville varsity football team has an away non-conference game @ Auburn (Illinois) on Friday, August 28 @ 7p.","/il/football/game/auburn-vs-williamsville/8-28-2026/?c=be7cafd2-6495-49da-90cf-c271e1bcb720","https://www.maxpreps.com/il/football/game/auburn-vs-williamsville/8-28-2026/?c=be7cafd2-6495-49da-90cf-c271e1bcb720",faaf54d
157,"Bureau Valley Manlius vs St Bede Peru",Football,"Illinois",08/28/2026,07:00 PM,"The St Bede Peru varsity football team has an away non-conference game @ Bureau Valley Manlius (Illinois) on Friday, August 28 @ 7p.","/il/football/game/bureau-valley-manlius-vs-st-bede-peru/8-28-2026/?c=b8f7fc7b-c07e-4d0b-b3d1-e1eb1c8e9c37","https://www.maxpreps.com/il/football/game/bureau-valley-manlius-vs-st-bede-peru/8-28-2026/?c=b8f7fc7b-c07e-4d0b-b3d1-e1eb1c8e9c37",2ddf9db
158,"Farmington vs Stark County Toulon",Football,"Illinois",08/28/2026,07:00 PM,"The Stark County Toulon varsity football team has an away non-conference game @ Farmington (Illinois) on Friday, August 28 @ 7p.","/il/football/game/farmington-vs-stark-county-toulon/8-28-2026/?c=dc6b49fa-7313-40b4-af45-279069ffc8c3","https://www.maxpreps.com/il/football/game/farmington-vs-stark-county-toulon/8-28-2026/?c=dc6b49fa-7313-40b4-af45-279069ffc8c3",4fcbe6e
159,"Fairfield vs Red Hill Bridgeport",Football,"Illinois",08/28/2026,07:00 PM,"The Red Hill Bridgeport varsity football team has an away non-conference game @ Fairfield (Illinois) on Friday, August 28 @ 7p.","/il/football/game/fairfield-vs-red-hill-bridgeport/8-28-2026/?c=bf2fbea9-e78f-42c9-a940-7701a91eb937","https://www.maxpreps.com/il/football/game/fairfield-vs-red-hill-bridgeport/8-28-2026/?c=bf2fbea9-e78f-42c9-a940-7701a91eb937",7f3bf9d
160,"Althoff Catholic Belleville vs Highland",Football,"Illinois",08/28/2026,07:00 PM,"The Highland varsity football team has an away non-conference game @ Althoff Catholic Belleville (Illinois) on Friday, August 28 @ 7p.","/il/football/game/althoff-catholic-belleville-vs-highland/8-28-2026/?c=d84df31b-0272-4ae5-853f-318f658a7812","https://www.maxpreps.com/il/football/game/althoff-catholic-belleville-vs-highland/8-28-2026/?c=d84df31b-0272-4ae5-853f-318f658a7812",31090d0
161,"Camp Point Central vs Greenfield Northwestern",Football,"Illinois",08/28/2026,07:00 PM,"The Greenfield Northwestern varsity football team has an away non-conference game @ Camp Point Central (Illinois) on Friday, August 28 @ 7p.","/il/football/game/camp-point-central-vs-greenfield-northwestern/8-28-2026/?c=ffd5f7f5-cb7c-494b-b288-abc971e444fe","https://www.maxpreps.com/il/football/game/camp-point-central-vs-greenfield-northwestern/8-28-2026/?c=ffd5f7f5-cb7c-494b-b288-abc971e444fe",354c513
162,"Lisle vs St Edward Elgin",Football,"Illinois",08/28/2026,07:00 PM,"The St Edward Elgin varsity football team has an away non-conference game @ Lisle (Illinois) on Friday, August 28 @ 7p.","/il/football/game/lisle-vs-st-edward-elgin/8-28-2026/?c=866d51cc-b9a0-41c1-ae81-f686da6cd7bc","https://www.maxpreps.com/il/football/game/lisle-vs-st-edward-elgin/8-28-2026/?c=866d51cc-b9a0-41c1-ae81-f686da6cd7bc",e524105
163,"Hononegah Rockton vs Rockford Auburn",Football,"Illinois",08/28/2026,07:00 PM,"The Rockford Auburn varsity football team has an away non-conference game @ Hononegah Rockton (Illinois) on Friday, August 28 @ 7p.","/il/football/game/hononegah-rockton-vs-rockford-auburn/8-28-2026/?c=26237b13-d8d0-4750-a75d-e7396e8928fa","https://www.maxpreps.com/il/football/game/hononegah-rockton-vs-rockford-auburn/8-28-2026/?c=26237b13-d8d0-4750-a75d-e7396e8928fa",4652c31
164,"Glenbrook North Northbrook vs Grant Community Fox Lake",Football,"Illinois",08/28/2026,07:00 PM,"The Grant Community Fox Lake varsity football team has an away non-conference game @ Glenbrook North Northbrook (Illinois) on Friday, August 28 @ 7p.","/il/football/game/glenbrook-north-northbrook-vs-grant-community-fox-lake/8-28-2026/?c=3e3c337f-e4b9-4f8d-a575-5ffb890dc527","https://www.maxpreps.com/il/football/game/glenbrook-north-northbrook-vs-grant-community-fox-lake/8-28-2026/?c=3e3c337f-e4b9-4f8d-a575-5ffb890dc527",39faa47
165,"Dixon vs Lutheran Rockford",Football,"Illinois",08/28/2026,07:00 PM,"The Lutheran Rockford varsity football team has an away non-conference game @ Dixon (Illinois) on Friday, August 28 @ 7p.","/il/football/game/dixon-vs-lutheran-rockford/8-28-2026/?c=9fab9fc0-1e80-4f81-b277-acc0b95f0a7d","https://www.maxpreps.com/il/football/game/dixon-vs-lutheran-rockford/8-28-2026/?c=9fab9fc0-1e80-4f81-b277-acc0b95f0a7d",37361db
166,"Kewanee vs Newman Central Catholic Sterling",Football,"Illinois",08/28/2026,07:00 PM,"The Newman Central Catholic Sterling varsity football team has an away non-conference game @ Kewanee (Illinois) on Friday, August 28 @ 7p.","/il/football/game/kewanee-vs-newman-central-catholic-sterling/8-28-2026/?c=1bdf37a7-3632-4d61-bc13-7f3559ad950b","https://www.maxpreps.com/il/football/game/kewanee-vs-newman-central-catholic-sterling/8-28-2026/?c=1bdf37a7-3632-4d61-bc13-7f3559ad950b",cfd28cb
167,"Homewood Flossmoor vs Richards Oak Lawn",Football,"Illinois",08/28/2026,07:00 PM,"The Richards Oak Lawn varsity football team has an away non-conference game @ Homewood Flossmoor (Illinois) on Friday, August 28 @ 7p.","/il/football/game/homewood-flossmoor-vs-richards-oak-lawn/8-28-2026/?c=90d043ab-48c5-4972-b116-02c1bc7d1b87","https://www.maxpreps.com/il/football/game/homewood-flossmoor-vs-richards-oak-lawn/8-28-2026/?c=90d043ab-48c5-4972-b116-02c1bc7d1b87",87bcc14
168,"Belvidere vs Harlem Machesney Park",Football,"Illinois",08/28/2026,07:00 PM,"The Harlem Machesney Park varsity football team has an away non-conference game @ Belvidere (Illinois) on Friday, August 28 @ 7p.","/il/football/game/belvidere-vs-harlem-machesney-park/8-28-2026/?c=bc924004-bb2d-47ea-a724-cf47be70c250","https://www.maxpreps.com/il/football/game/belvidere-vs-harlem-machesney-park/8-28-2026/?c=bc924004-bb2d-47ea-a724-cf47be70c250",8022ed2
169,"Coal City vs Morris",Football,"Illinois",08/28/2026,07:00 PM,"The Morris varsity football team has an away non-conference game @ Coal City (Illinois) on Friday, August 28 @ 7p.","/il/football/game/coal-city-vs-morris/8-28-2026/?c=50db2647-4af7-4448-882c-c5f9983704e2","https://www.maxpreps.com/il/football/game/coal-city-vs-morris/8-28-2026/?c=50db2647-4af7-4448-882c-c5f9983704e2",a08ba0c
170,"New Trier Winnetka vs Waubonsie Valley Aurora",Football,"Illinois",08/28/2026,07:00 PM,"The Waubonsie Valley Aurora varsity football team has an away non-conference game @ New Trier Winnetka (Illinois) on Friday, August 28 @ 7p.","/il/football/game/new-trier-winnetka-vs-waubonsie-valley-aurora/8-28-2026/?c=3fae45e2-c6df-42a1-a86d-ed55b4d06f39","https://www.maxpreps.com/il/football/game/new-trier-winnetka-vs-waubonsie-valley-aurora/8-28-2026/?c=3fae45e2-c6df-42a1-a86d-ed55b4d06f39",790ac8b
171,"Canton vs Taylorville",Football,"Illinois",08/28/2026,07:00 PM,"The Taylorville varsity football team has an away non-conference game @ Canton (Illinois) on Friday, August 28 @ 7p.","/il/football/game/canton-vs-taylorville/8-28-2026/?c=b98a6149-d296-470d-ba20-d2637de6cca2","https://www.maxpreps.com/il/football/game/canton-vs-taylorville/8-28-2026/?c=b98a6149-d296-470d-ba20-d2637de6cca2",5e819ab
172,"Fremd Palatine vs Glenbrook South Glenview",Football,"Illinois",08/28/2026,07:00 PM,"The Glenbrook South Glenview varsity football team has an away non-conference game @ Fremd Palatine (Illinois) on Friday, August 28 @ 7p.","/il/football/game/fremd-palatine-vs-glenbrook-south-glenview/8-28-2026/?c=4cfd0c43-0254-44a4-88fe-a25c77a66b18","https://www.maxpreps.com/il/football/game/fremd-palatine-vs-glenbrook-south-glenview/8-28-2026/?c=4cfd0c43-0254-44a4-88fe-a25c77a66b18",faa200b
173,"Centennial Champaign vs Danville",Football,"Illinois",08/28/2026,07:00 PM,"The Danville varsity football team has an away non-conference game @ Centennial Champaign (Illinois) on Friday, August 28 @ 7p.","/il/football/game/centennial-champaign-vs-danville/8-28-2026/?c=3730fe9d-3bc2-47eb-a530-691b74abc601","https://www.maxpreps.com/il/football/game/centennial-champaign-vs-danville/8-28-2026/?c=3730fe9d-3bc2-47eb-a530-691b74abc601",a00ab43
174,"Dundee Crown Carpentersville vs Mchenry",Football,"Illinois",08/28/2026,07:00 PM,"The Mchenry varsity football team has an away non-conference game @ Dundee Crown Carpentersville (Illinois) on Friday, August 28 @ 7p.","/il/football/game/dundee-crown-carpentersville-vs-mchenry/8-28-2026/?c=f2142360-8686-422d-bd7c-599d58d05322","https://www.maxpreps.com/il/football/game/dundee-crown-carpentersville-vs-mchenry/8-28-2026/?c=f2142360-8686-422d-bd7c-599d58d05322",93f882f
175,"Addison Trail vs Bartlett",Football,"Illinois",08/28/2026,07:00 PM,"The Bartlett varsity football team has an away non-conference game @ Addison Trail (Illinois) on Friday, August 28 @ 7p.","/il/football/game/addison-trail-vs-bartlett/8-28-2026/?c=1817d14e-62c7-46bf-a4aa-2e1887862149","https://www.maxpreps.com/il/football/game/addison-trail-vs-bartlett/8-28-2026/?c=1817d14e-62c7-46bf-a4aa-2e1887862149",4287b6a
176,"Genoa Kingston Mascot vs Oregon",Football,"Illinois",08/28/2026,07:00 PM,"The Oregon varsity football team has an away non-conference game @ Genoa Kingston Mascot (Illinois) on Friday, August 28 @ 7p.","/il/football/game/genoa-kingston-mascot-vs-oregon/8-28-2026/?c=9d81c0f4-be3a-46c0-ba99-147afbf7ecb1","https://www.maxpreps.com/il/football/game/genoa-kingston-mascot-vs-oregon/8-28-2026/?c=9d81c0f4-be3a-46c0-ba99-147afbf7ecb1",018beb4
177,"Erie Prophetstown vs Mendota",Football,"Illinois",08/28/2026,07:00 PM,"The Mendota varsity football team has an away non-conference game @ Erie Prophetstown (Illinois) on Friday, August 28 @ 7p.","/il/football/game/erie-prophetstown-vs-mendota/8-28-2026/?c=5e1ad5dc-3f44-41e8-931e-e3db094bfcab","https://www.maxpreps.com/il/football/game/erie-prophetstown-vs-mendota/8-28-2026/?c=5e1ad5dc-3f44-41e8-931e-e3db094bfcab",c50dd3e
178,"Ashton Franklin Center vs West Carroll Mount Carroll",Football,"Illinois",08/28/2026,07:00 PM,"The West Carroll Mount Carroll varsity football team has an away non-conference game @ Ashton Franklin Center (Illinois) on Friday, August 28 @ 7p.","/il/football/game/ashton-franklin-center-vs-west-carroll-mount-carroll/8-28-2026/?c=587d29ae-37cd-4b0d-9695-5bd6324586d2","https://www.maxpreps.com/il/football/game/ashton-franklin-center-vs-west-carroll-mount-carroll/8-28-2026/?c=587d29ae-37cd-4b0d-9695-5bd6324586d2",1fe12eb
179,"Olympia Stanford vs Porta Ashland Chandlerville Central Greenview Petersburg",Football,"Illinois",08/28/2026,07:00 PM,"The Porta Ashland Chandlerville Central Greenview Petersburg varsity football team has an away non-conference game @ Olympia Stanford (Illinois) on Friday, August 28 @ 7p.","/il/football/game/olympia-stanford-vs-porta-ashland-chandlerville-central-greenview-petersburg/8-28-2026/?c=22080887-6a48-46af-bd4b-538ab837256b","https://www.maxpreps.com/il/football/game/olympia-stanford-vs-porta-ashland-chandlerville-central-greenview-petersburg/8-28-2026/?c=22080887-6a48-46af-bd4b-538ab837256b",ef115b5
180,"Pontiac vs Prairie Central Fairbury",Football,"Illinois",08/28/2026,07:00 PM,"The Prairie Central Fairbury varsity football team has an away non-conference game @ Pontiac (Illinois) on Friday, August 28 @ 7p.","/il/football/game/pontiac-vs-prairie-central-fairbury/8-28-2026/?c=aa1c9425-00be-4109-b070-d5fa24aa6ab8","https://www.maxpreps.com/il/football/game/pontiac-vs-prairie-central-fairbury/8-28-2026/?c=aa1c9425-00be-4109-b070-d5fa24aa6ab8",e75f005
181,"Effingham Hearts vs Mt Carmel Golden Aces",Football,"Illinois",08/28/2026,07:00 PM,"The Mt Carmel Golden Aces varsity football team has an away non-conference game @ Effingham Hearts (Illinois) on Friday, August 28 @ 7p.","/il/football/game/effingham-hearts-vs-mt-carmel-golden-aces/8-28-2026/?c=cf4e82db-df0d-4ebc-8619-b3ed65c92937","https://www.maxpreps.com/il/football/game/effingham-hearts-vs-mt-carmel-golden-aces/8-28-2026/?c=cf4e82db-df0d-4ebc-8619-b3ed65c92937",8e551c5
182,"North Mac Virden vs Staunton Bunker Hill",Football,"Illinois",08/28/2026,07:00 PM,"The Staunton Bunker Hill varsity football team has an away non-conference game @ North Mac Virden (Illinois) on Friday, August 28 @ 7p.","/il/football/game/north-mac-virden-vs-staunton-bunker-hill/8-28-2026/?c=3ecb99c2-991f-43c9-9326-dbc3967f9f02","https://www.maxpreps.com/il/football/game/north-mac-virden-vs-staunton-bunker-hill/8-28-2026/?c=3ecb99c2-991f-43c9-9326-dbc3967f9f02",c8b26af
183,"New Berlin Franklin Waverly Pretzels vs Pleasant Plains",Football,"Illinois",08/28/2026,07:00 PM,"The Pleasant Plains varsity football team has an away non-conference game @ New Berlin Franklin Waverly Pretzels (Illinois) on Friday, August 28 @ 7p.","/il/football/game/new-berlin-franklin-waverly-pretzels-vs-pleasant-plains/8-28-2026/?c=00831acd-2f66-468d-9a75-3b0e4136ccf2","https://www.maxpreps.com/il/football/game/new-berlin-franklin-waverly-pretzels-vs-pleasant-plains/8-28-2026/?c=00831acd-2f66-468d-9a75-3b0e4136ccf2",8c68dbe
184,"Jones Chicago vs Ridgewood Norridge",Football,"Illinois",08/28/2026,07:00 PM,"The Ridgewood Norridge varsity football team has an away non-conference game @ Jones Chicago (Illinois) on Friday, August 28 @ 7p.","/il/football/game/jones-chicago-vs-ridgewood-norridge/8-28-2026/?c=2e8b186f-a2a4-4b2d-bd1f-e074d23759a2","https://www.maxpreps.com/il/football/game/jones-chicago-vs-ridgewood-norridge/8-28-2026/?c=2e8b186f-a2a4-4b2d-bd1f-e074d23759a2",7610a59
185,"Marian Central Catholic Woodstock vs Richmond Burton",Football,"Illinois",08/28/2026,07:00 PM,"The Richmond Burton varsity football team has an away non-conference game @ Marian Central Catholic Woodstock (Illinois) on Friday, August 28 @ 7p.","/il/football/game/marian-central-catholic-woodstock-vs-richmond-burton/8-28-2026/?c=ab8742bb-5749-4da1-b4cc-8d23005c8874","https://www.maxpreps.com/il/football/game/marian-central-catholic-woodstock-vs-richmond-burton/8-28-2026/?c=ab8742bb-5749-4da1-b4cc-8d23005c8874",92fcac0
186,"Duquoin vs Harrisburg",Football,"Illinois",08/28/2026,07:00 PM,"The Harrisburg varsity football team has an away non-conference game @ Duquoin (Illinois) on Friday, August 28 @ 7p.","/il/football/game/duquoin-vs-harrisburg/8-28-2026/?c=6135c6a8-06a0-4ab7-9100-025eb876cc50","https://www.maxpreps.com/il/football/game/duquoin-vs-harrisburg/8-28-2026/?c=6135c6a8-06a0-4ab7-9100-025eb876cc50",a3d13c9
187,"Abingdon Avon vs Annawan Wethersfield Kewanee",Football,"Illinois",08/28/2026,07:00 PM,"The Annawan Wethersfield Kewanee varsity football team has an away non-conference game @ Abingdon Avon (Illinois) on Friday, August 28 @ 7p.","/il/football/game/abingdon-avon-vs-annawan-wethersfield-kewanee/8-28-2026/?c=737c5b4c-03b1-4503-9472-c40e3c876521","https://www.maxpreps.com/il/football/game/abingdon-avon-vs-annawan-wethersfield-kewanee/8-28-2026/?c=737c5b4c-03b1-4503-9472-c40e3c876521",216e06e
188,"Lockport vs Naperville Central",Football,"Illinois",08/28/2026,07:00 PM,"The Naperville Central varsity football team has an away non-conference game @ Lockport (Illinois) on Friday, August 28 @ 7p.","/il/football/game/lockport-vs-naperville-central/8-28-2026/?c=9becc615-c869-45b5-900c-956a01231fc8","https://www.maxpreps.com/il/football/game/lockport-vs-naperville-central/8-28-2026/?c=9becc615-c869-45b5-900c-956a01231fc8",319954d
189,"Freeburg vs Waterloo",Football,"Illinois",08/28/2026,07:00 PM,"The Waterloo varsity football team has an away non-conference game @ Freeburg (Illinois) on Friday, August 28 @ 7p.","/il/football/game/freeburg-vs-waterloo/8-28-2026/?c=c97b0ee2-ea0e-44d9-81dd-1aea82d5f30e","https://www.maxpreps.com/il/football/game/freeburg-vs-waterloo/8-28-2026/?c=c97b0ee2-ea0e-44d9-81dd-1aea82d5f30e",4508262
190,"Fisher vs Tri County Kansas Shiloh Oakland",Football,"Illinois",08/28/2026,07:00 PM,"The Tri County Kansas Shiloh Oakland varsity football team has an away non-conference game @ Fisher (Illinois) on Friday, August 28 @ 7p.","/il/football/game/fisher-vs-tri-county-kansas-shiloh-oakland/8-28-2026/?c=0dcdcbf2-897b-42dd-a8b9-3256e587cc7b","https://www.maxpreps.com/il/football/game/fisher-vs-tri-county-kansas-shiloh-oakland/8-28-2026/?c=0dcdcbf2-897b-42dd-a8b9-3256e587cc7b",1801436
191,"Frankfort West Frankfort vs Herrin",Football,"Illinois",08/28/2026,07:00 PM,"The Herrin varsity football team has an away non-conference game @ Frankfort West Frankfort (Illinois) on Friday, August 28 @ 7p.","/il/football/game/frankfort-west-frankfort-vs-herrin/8-28-2026/?c=cab1effb-b21c-446a-826d-9fe2eff39664","https://www.maxpreps.com/il/football/game/frankfort-west-frankfort-vs-herrin/8-28-2026/?c=cab1effb-b21c-446a-826d-9fe2eff39664",76ea89f
192,"Andrew Tinley Park vs Plainfield South",Football,"Illinois",08/28/2026,07:00 PM,"The Plainfield South varsity football team has an away non-conference game @ Andrew Tinley Park (Illinois) on Friday, August 28 @ 7p.","/il/football/game/andrew-tinley-park-vs-plainfield-south/8-28-2026/?c=7b38f40e-d478-4be2-a200-166b28cbe557","https://www.maxpreps.com/il/football/game/andrew-tinley-park-vs-plainfield-south/8-28-2026/?c=7b38f40e-d478-4be2-a200-166b28cbe557",b5d1e32
193,"Stevenson Lincolnshire vs Wheaton North",Football,"Illinois",08/28/2026,07:00 PM,"The Wheaton North varsity football team has an away non-conference game @ Stevenson Lincolnshire (Illinois) on Friday, August 28 @ 7p.","/il/football/game/stevenson-lincolnshire-vs-wheaton-north/8-28-2026/?c=60d3a9c8-c4bd-4d41-bd86-008f6bc39231","https://www.maxpreps.com/il/football/game/stevenson-lincolnshire-vs-wheaton-north/8-28-2026/?c=60d3a9c8-c4bd-4d41-bd86-008f6bc39231",45c069c
194,"Morrison vs Wilmington",Football,"Illinois",08/28/2026,07:00 PM,"The Wilmington varsity football team has an away non-conference game @ Morrison (Illinois) on Friday, August 28 @ 7p.","/il/football/game/morrison-vs-wilmington/8-28-2026/?c=6239166b-21fa-43b0-8dc5-c38f41edf9db","https://www.maxpreps.com/il/football/game/morrison-vs-wilmington/8-28-2026/?c=6239166b-21fa-43b0-8dc5-c38f41edf9db",ade0385
195,"Carmi White County vs Flora",Football,"Illinois",08/28/2026,07:00 PM,"The Flora varsity football team has an away non-conference game @ Carmi White County (Illinois) on Friday, August 28 @ 7p.","/il/football/game/carmi-white-county-vs-flora/8-28-2026/?c=5a0e46a5-f283-41ac-93b3-a63acb3f6c84","https://www.maxpreps.com/il/football/game/carmi-white-county-vs-flora/8-28-2026/?c=5a0e46a5-f283-41ac-93b3-a63acb3f6c84",da6a41f
196,"Manteno vs Plano",Football,"Illinois",08/28/2026,07:00 PM,"The Plano varsity football team has an away non-conference game @ Manteno (Illinois) on Friday, August 28 @ 7p.","/il/football/game/manteno-vs-plano/8-28-2026/?c=3ba95eb9-780e-483e-b45a-e397b7a10fed","https://www.maxpreps.com/il/football/game/manteno-vs-plano/8-28-2026/?c=3ba95eb9-780e-483e-b45a-e397b7a10fed",ef579b2
197,"Boylan Catholic Rockford vs Freeport",Football,"Illinois",08/28/2026,07:00 PM,"The Freeport varsity football team has an away non-conference game @ Boylan Catholic Rockford (Illinois) on Friday, August 28 @ 7p.","/il/football/game/boylan-catholic-rockford-vs-freeport/8-28-2026/?c=9564d2f5-1574-4459-b726-08bcee734ffa","https://www.maxpreps.com/il/football/game/boylan-catholic-rockford-vs-freeport/8-28-2026/?c=9564d2f5-1574-4459-b726-08bcee734ffa",dd4f876
198,"Round Lake vs Streamwood",Football,"Illinois",08/28/2026,07:00 PM,"The Streamwood varsity football team has an away non-conference game @ Round Lake (Illinois) on Friday, August 28 @ 7p.","/il/football/game/round-lake-vs-streamwood/8-28-2026/?c=ec66f67c-dc5d-42b7-a360-3e2ccc95f8e6","https://www.maxpreps.com/il/football/game/round-lake-vs-streamwood/8-28-2026/?c=ec66f67c-dc5d-42b7-a360-3e2ccc95f8e6",88d7868
199,"North Lawndale Chicago vs Prosser Chicago",Football,"Illinois",08/28/2026,07:00 PM,"The Prosser Chicago varsity football team has an away non-conference game @ North Lawndale Chicago (Illinois) on Friday, August 28 @ 7p.","/il/football/game/north-lawndale-chicago-vs-prosser-chicago/8-28-2026/?c=a6abac90-b08a-45f2-ae23-f3318f3c4a8e","https://www.maxpreps.com/il/football/game/north-lawndale-chicago-vs-prosser-chicago/8-28-2026/?c=a6abac90-b08a-45f2-ae23-f3318f3c4a8e",f430567
200,"Clemente Chicago vs St Francis Wheaton",Football,"Illinois",08/28/2026,07:00 PM,"The St Francis Wheaton varsity football team has an away non-conference game @ Clemente Chicago (Illinois) on Friday, August 28 @ 7p.","/il/football/game/clemente-chicago-vs-st-francis-wheaton/8-28-2026/?c=bbc95986-97f0-42b1-9f70-e8461a4297a5","https://www.maxpreps.com/il/football/game/clemente-chicago-vs-st-francis-wheaton/8-28-2026/?c=bbc95986-97f0-42b1-9f70-e8461a4297a5",9576bc2
201,"Downers Grove North vs Downers Grove South",Football,"Illinois",08/28/2026,07:00 PM,"The Downers Grove South varsity football team has an away non-conference game @ Downers Grove North (Illinois) on Friday, August 28 @ 7p.","/il/football/game/downers-grove-north-vs-downers-grove-south/8-28-2026/?c=328d4284-1528-4ec6-809f-694b4ffd3039","https://www.maxpreps.com/il/football/game/downers-grove-north-vs-downers-grove-south/8-28-2026/?c=328d4284-1528-4ec6-809f-694b4ffd3039",e65fbfe
202,"Bowen Baker College Prep Chicago vs Solorio Warriors Chicago",Football,"Illinois",08/28/2026,07:00 PM,"The Solorio Warriors Chicago varsity football team has an away non-conference game @ Bowen Baker College Prep Chicago (Illinois) on Friday, August 28 @ 7p.","/il/football/game/bowen-baker-college-prep-chicago-vs-solorio-warriors-chicago/8-28-2026/?c=7f8176a8-8af9-48bd-8e6d-9419281361cf","https://www.maxpreps.com/il/football/game/bowen-baker-college-prep-chicago-vs-solorio-warriors-chicago/8-28-2026/?c=7f8176a8-8af9-48bd-8e6d-9419281361cf",165d68f
203,"Barrington Fillies Broncos vs Lincoln Way Central New Lenox",Football,"Illinois",08/28/2026,07:00 PM,"The Lincoln Way Central New Lenox varsity football team has an away non-conference game @ Barrington Fillies Broncos (Illinois) on Friday, August 28 @ 7p.","/il/football/game/barrington-fillies-broncos-vs-lincoln-way-central-new-lenox/8-28-2026/?c=5bbcb456-ecba-4679-ac3d-5d57ea6da955","https://www.maxpreps.com/il/football/game/barrington-fillies-broncos-vs-lincoln-way-central-new-lenox/8-28-2026/?c=5bbcb456-ecba-4679-ac3d-5d57ea6da955",6897aa0
204,"Berwyn Cicero Morton vs Reavis Burbank",Football,"Illinois",08/28/2026,07:00 PM,"The Reavis Burbank varsity football team has an away non-conference game @ Berwyn Cicero Morton (Illinois) on Friday, August 28 @ 7p.","/il/football/game/berwyn-cicero-morton-vs-reavis-burbank/8-28-2026/?c=a5b42a3b-d0ec-4790-815f-34bac771205b","https://www.maxpreps.com/il/football/game/berwyn-cicero-morton-vs-reavis-burbank/8-28-2026/?c=a5b42a3b-d0ec-4790-815f-34bac771205b",4afdc2b
205,"Knoxville vs Rushville Industry",Football,"Illinois",08/28/2026,07:00 PM,"The Rushville Industry varsity football team has an away non-conference game @ Knoxville (Illinois) on Friday, August 28 @ 7p.","/il/football/game/knoxville-vs-rushville-industry/8-28-2026/?c=c5994000-7a52-483b-8223-45186f17eaa9","https://www.maxpreps.com/il/football/game/knoxville-vs-rushville-industry/8-28-2026/?c=c5994000-7a52-483b-8223-45186f17eaa9",3a1fe56
206,"Kenwood Chicago vs Providence Catholic New Lenox",Football,"Illinois",08/28/2026,07:00 PM,"The Providence Catholic New Lenox varsity football team has an away non-conference game @ Kenwood Chicago (Illinois) on Friday, August 28 @ 7p.","/il/football/game/kenwood-chicago-vs-providence-catholic-new-lenox/8-28-2026/?c=7e51e5f6-9266-43e7-b1fd-73c353d7e193","https://www.maxpreps.com/il/football/game/kenwood-chicago-vs-providence-catholic-new-lenox/8-28-2026/?c=7e51e5f6-9266-43e7-b1fd-73c353d7e193",51cd5f9
207,"Hinsdale South Darien vs Riverside Brookfield",Football,"Illinois",08/28/2026,07:00 PM,"The Riverside Brookfield varsity football team has an away non-conference game @ Hinsdale South Darien (Illinois) on Friday, August 28 @ 7p.","/il/football/game/hinsdale-south-darien-vs-riverside-brookfield/8-28-2026/?c=f37af782-2571-4bd4-bca8-08d2666cbe51","https://www.maxpreps.com/il/football/game/hinsdale-south-darien-vs-riverside-brookfield/8-28-2026/?c=f37af782-2571-4bd4-bca8-08d2666cbe51",d7f3b98
208,"Montini Catholic Lombard vs Sandburg Orland Park",Football,"Illinois",08/28/2026,07:00 PM,"The Sandburg Orland Park varsity football team has an away non-conference game @ Montini Catholic Lombard (Illinois) on Friday, August 28 @ 7p.","/il/football/game/montini-catholic-lombard-vs-sandburg-orland-park/8-28-2026/?c=1ca5d286-6276-4ebd-96b2-38c780a576cc","https://www.maxpreps.com/il/football/game/montini-catholic-lombard-vs-sandburg-orland-park/8-28-2026/?c=1ca5d286-6276-4ebd-96b2-38c780a576cc",4ead9ae
209,"Maine East Park Ridge vs West Chicago",Football,"Illinois",08/28/2026,07:00 PM,"The West Chicago varsity football team has an away non-conference game @ Maine East Park Ridge (Illinois) on Friday, August 28 @ 7p.","/il/football/game/maine-east-park-ridge-vs-west-chicago/8-28-2026/?c=69e03efc-42e3-45cf-8b72-975d737504b1","https://www.maxpreps.com/il/football/game/maine-east-park-ridge-vs-west-chicago/8-28-2026/?c=69e03efc-42e3-45cf-8b72-975d737504b1",e0feea1
210,"Kaneland Maple Park vs Lemont",Football,"Illinois",08/28/2026,07:00 PM,"The Lemont varsity football team has an away non-conference game @ Kaneland Maple Park (Illinois) on Friday, August 28 @ 7p.","/il/football/game/kaneland-maple-park-vs-lemont/8-28-2026/?c=e1b857be-7bbe-48ad-88bd-816802177b33","https://www.maxpreps.com/il/football/game/kaneland-maple-park-vs-lemont/8-28-2026/?c=e1b857be-7bbe-48ad-88bd-816802177b33",f7147f9
211,"Saint Viator Arlington Heights vs St Patrick Chicago",Football,"Illinois",08/28/2026,07:00 PM,"The St Patrick Chicago varsity football team has an away non-conference game @ Saint Viator Arlington Heights (Illinois) on Friday, August 28 @ 7p.","/il/football/game/saint-viator-arlington-heights-vs-st-patrick-chicago/8-28-2026/?c=4acb8d8a-5fd3-4259-8a99-7212a3f1a186","https://www.maxpreps.com/il/football/game/saint-viator-arlington-heights-vs-st-patrick-chicago/8-28-2026/?c=4acb8d8a-5fd3-4259-8a99-7212a3f1a186",c936670
212,"Lincoln Park Chicago vs Marmion Aurora",Football,"Illinois",08/28/2026,07:00 PM,"The Marmion Aurora varsity football team has an away non-conference game @ Lincoln Park Chicago (Illinois) on Friday, August 28 @ 7p.","/il/football/game/lincoln-park-chicago-vs-marmion-aurora/8-28-2026/?c=8b87b074-f43c-41e8-ad6d-e63b94cacb88","https://www.maxpreps.com/il/football/game/lincoln-park-chicago-vs-marmion-aurora/8-28-2026/?c=8b87b074-f43c-41e8-ad6d-e63b94cacb88",9c15d65
213,"Rolling Meadows vs Schaumburg",Football,"Illinois",08/28/2026,07:00 PM,"The Schaumburg varsity football team has an away non-conference game @ Rolling Meadows (Illinois) on Friday, August 28 @ 7p.","/il/football/game/rolling-meadows-vs-schaumburg/8-28-2026/?c=f55dacdd-e324-46e9-8f5b-343bbe87c703","https://www.maxpreps.com/il/football/game/rolling-meadows-vs-schaumburg/8-28-2026/?c=f55dacdd-e324-46e9-8f5b-343bbe87c703",e653d54
214,"Goode Stem Academy Chicago vs Thornton Fractional North Calumet City",Football,"Illinois",08/28/2026,07:00 PM,"The Thornton Fractional North Calumet City varsity football team has an away non-conference game @ Goode Stem Academy Chicago (Illinois) on Friday, August 28 @ 7p.","/il/football/game/goode-stem-academy-chicago-vs-thornton-fractional-north-calumet-city/8-28-2026/?c=5cd4b1e6-fa38-496e-a113-ffac3c5936d2","https://www.maxpreps.com/il/football/game/goode-stem-academy-chicago-vs-thornton-fractional-north-calumet-city/8-28-2026/?c=5cd4b1e6-fa38-496e-a113-ffac3c5936d2",9a94d4e
215,"Evanston vs Palatine",Football,"Illinois",08/28/2026,07:00 PM,"The Palatine varsity football team has an away non-conference game @ Evanston (Illinois) on Friday, August 28 @ 7p.","/il/football/game/evanston-vs-palatine/8-28-2026/?c=c2d1e6dc-6c5d-49da-ba94-2aab695ed07d","https://www.maxpreps.com/il/football/game/evanston-vs-palatine/8-28-2026/?c=c2d1e6dc-6c5d-49da-ba94-2aab695ed07d",5c233a6
216,"Lyons Lagrange vs Wheaton Warrenville South",Football,"Illinois",08/28/2026,07:00 PM,"The Wheaton Warrenville South varsity football team has an away non-conference game @ Lyons Lagrange (Illinois) on Friday, August 28 @ 7p.","/il/football/game/lyons-lagrange-vs-wheaton-warrenville-south/8-28-2026/?c=9f2b641f-ba84-499a-a87a-91bbe3ebe291","https://www.maxpreps.com/il/football/game/lyons-lagrange-vs-wheaton-warrenville-south/8-28-2026/?c=9f2b641f-ba84-499a-a87a-91bbe3ebe291",f074992
217,"Libertyville vs Naperville North",Football,"Illinois",08/28/2026,07:00 PM,"The Naperville North varsity football team has an away non-conference game @ Libertyville (Illinois) on Friday, August 28 @ 7p.","/il/football/game/libertyville-vs-naperville-north/8-28-2026/?c=88ad842a-2b8b-4fa1-886d-bcf38a1026ef","https://www.maxpreps.com/il/football/game/libertyville-vs-naperville-north/8-28-2026/?c=88ad842a-2b8b-4fa1-886d-bcf38a1026ef",529cf0b
218,"Belleville East vs Pekin",Football,"Illinois",08/28/2026,07:00 PM,"The Pekin varsity football team has an away non-conference game @ Belleville East (Illinois) on Friday, August 28 @ 7p.","/il/football/game/belleville-east-vs-pekin/8-28-2026/?c=5a911c8e-2950-4940-8d61-067fac4c6ed7","https://www.maxpreps.com/il/football/game/belleville-east-vs-pekin/8-28-2026/?c=5a911c8e-2950-4940-8d61-067fac4c6ed7",8dee9f7
219,"Hersey Arlington Heights vs Hoffman Estates",Football,"Illinois",08/28/2026,07:00 PM,"The Hoffman Estates varsity football team has an away non-conference game @ Hersey Arlington Heights (Illinois) on Friday, August 28 @ 7p.","/il/football/game/hersey-arlington-heights-vs-hoffman-estates/8-28-2026/?c=87b29347-e43d-425a-b4ca-600b0ac69049","https://www.maxpreps.com/il/football/game/hersey-arlington-heights-vs-hoffman-estates/8-28-2026/?c=87b29347-e43d-425a-b4ca-600b0ac69049",5607aa1
220,"Maine South Park Ridge vs Warren Township Gurnee",Football,"Illinois",08/28/2026,07:00 PM,"The Warren Township Gurnee varsity football team has an away non-conference game @ Maine South Park Ridge (Illinois) on Friday, August 28 @ 7p.","/il/football/game/maine-south-park-ridge-vs-warren-township-gurnee/8-28-2026/?c=c3313db8-5c7c-43c3-9f35-a6c31b6ff2f2","https://www.maxpreps.com/il/football/game/maine-south-park-ridge-vs-warren-township-gurnee/8-28-2026/?c=c3313db8-5c7c-43c3-9f35-a6c31b6ff2f2",58fb66e
221,"Hinsdale Central vs West Aurora",Football,"Illinois",08/28/2026,07:00 PM,"The West Aurora varsity football team has an away non-conference game @ Hinsdale Central (Illinois) on Friday, August 28 @ 7p.","/il/football/game/hinsdale-central-vs-west-aurora/8-28-2026/?c=a9b65d26-267a-433f-9bcb-c2d060ec5458","https://www.maxpreps.com/il/football/game/hinsdale-central-vs-west-aurora/8-28-2026/?c=a9b65d26-267a-433f-9bcb-c2d060ec5458",1a1ee59
222,"Nazareth Academy Lagrange Park vs York Elmhurst",Football,"Illinois",08/28/2026,07:00 PM,"The York Elmhurst varsity football team has an away non-conference game @ Nazareth Academy Lagrange Park (Illinois) on Friday, August 28 @ 7p.","/il/football/game/nazareth-academy-lagrange-park-vs-york-elmhurst/8-28-2026/?c=6547d1c7-e45e-4554-9c96-481b37f88819","https://www.maxpreps.com/il/football/game/nazareth-academy-lagrange-park-vs-york-elmhurst/8-28-2026/?c=6547d1c7-e45e-4554-9c96-481b37f88819",eaa9e24
223,"North Chicago vs Waukegan",Football,"Illinois",08/28/2026,07:00 PM,"The Waukegan varsity football team has an away non-conference game @ North Chicago (Illinois) on Friday, August 28 @ 7p.","/il/football/game/north-chicago-vs-waukegan/8-28-2026/?c=c623e2cd-4946-4982-ad22-02794e878f76","https://www.maxpreps.com/il/football/game/north-chicago-vs-waukegan/8-28-2026/?c=c623e2cd-4946-4982-ad22-02794e878f76",cd0b355
224,"Triad Troy vs Washington",Football,"Illinois",08/28/2026,07:00 PM,"The Washington varsity football team has an away non-conference game @ Triad Troy (Illinois) on Friday, August 28 @ 7p.","/il/football/game/triad-troy-vs-washington/8-28-2026/?c=99360740-6660-4ce1-b40d-9016dd283564","https://www.maxpreps.com/il/football/game/triad-troy-vs-washington/8-28-2026/?c=99360740-6660-4ce1-b40d-9016dd283564",907e9e8
225,"Carmel Mundelein vs Lake Forest",Football,"Illinois",08/28/2026,07:00 PM,"The Lake Forest varsity football team has an away non-conference game @ Carmel Mundelein (Illinois) on Friday, August 28 @ 7p.","/il/football/game/carmel-mundelein-vs-lake-forest/8-28-2026/?c=cdec33c7-b88a-413d-86b6-14342431662c","https://www.maxpreps.com/il/football/game/carmel-mundelein-vs-lake-forest/8-28-2026/?c=cdec33c7-b88a-413d-86b6-14342431662c",8d1678c
226,"Perspectives Leadership Iit Joslin Tech Chicago vs Whitney Young Chicago",Football,"Illinois",08/28/2026,07:00 PM,"The Whitney Young Chicago varsity football team has an away non-conference game @ Perspectives Leadership Iit Joslin Tech Chicago (Illinois) on Friday, August 28 @ 7p.","/il/football/game/perspectives-leadership-iit-joslin-tech-chicago-vs-whitney-young-chicago/8-28-2026/?c=3be0fde0-f37a-47d3-bb2b-71ac5d5e893e","https://www.maxpreps.com/il/football/game/perspectives-leadership-iit-joslin-tech-chicago-vs-whitney-young-chicago/8-28-2026/?c=3be0fde0-f37a-47d3-bb2b-71ac5d5e893e",acd22fb
227,"Elmwood Park vs Walther Christian Broncos Melrose Park",Football,"Illinois",08/28/2026,07:00 PM,"The Walther Christian Broncos Melrose Park varsity football team has an away non-conference game @ Elmwood Park (Illinois) on Friday, August 28 @ 7p.","/il/football/game/elmwood-park-vs-walther-christian-broncos-melrose-park/8-28-2026/?c=97aa4f13-ce17-4640-b6ac-f6315e18a7b6","https://www.maxpreps.com/il/football/game/elmwood-park-vs-walther-christian-broncos-melrose-park/8-28-2026/?c=97aa4f13-ce17-4640-b6ac-f6315e18a7b6",c2375d8
