No,MatchName,Sport,Region,Date,Time,Game_Info,Relative_Path,Full_URL,Slug_Short
1,"Clarkston vs Stoney Creek Rochester Hills",Football,"Michigan",09/03/2026,07:00 PM,"The Stoney Creek Rochester Hills varsity football team has an away non-conference game @ Clarkston (Michigan) on Thursday, September 3 @ 7p.","/mi/football/game/clarkston-vs-stoney-creek-rochester-hills/9-3-2026/?c=26a1911f-09b2-418e-a6f0-ffd3a06dbc1d","https://www.maxpreps.com/mi/football/game/clarkston-vs-stoney-creek-rochester-hills/9-3-2026/?c=26a1911f-09b2-418e-a6f0-ffd3a06dbc1d",9b544b2
2,"Cass Tech Detroit vs Grandville",Football,"Michigan",09/03/2026,07:00 PM,"The Grandville varsity football team has an away non-conference game @ Cass Tech Detroit (Michigan) on Thursday, September 3 @ 7p.","/mi/football/game/cass-tech-detroit-vs-grandville/9-3-2026/?c=ce968fae-a1d5-4725-b1dc-1fb65e6cac15","https://www.maxpreps.com/mi/football/game/cass-tech-detroit-vs-grandville/9-3-2026/?c=ce968fae-a1d5-4725-b1dc-1fb65e6cac15",4542b4b
3,"Byron Center vs East Kentwood",Football,"Michigan",09/03/2026,07:00 PM,"The East Kentwood varsity football team has an away non-conference game @ Byron Center (Michigan) on Thursday, September 3 @ 7p.","/mi/football/game/byron-center-vs-east-kentwood/9-3-2026/?c=9657232c-3857-4e4b-9c03-148ac6f7a53d","https://www.maxpreps.com/mi/football/game/byron-center-vs-east-kentwood/9-3-2026/?c=9657232c-3857-4e4b-9c03-148ac6f7a53d",ead475e
4,"Bad Axe vs Deckerville",Football,"Michigan",09/03/2026,07:00 PM,"The Deckerville varsity football team has an away non-conference game @ Bad Axe (Michigan) on Thursday, September 3 @ 7p.","/mi/football/game/bad-axe-vs-deckerville/9-3-2026/?c=4240cb34-1a51-4af3-8e5c-5b68f0d6575b","https://www.maxpreps.com/mi/football/game/bad-axe-vs-deckerville/9-3-2026/?c=4240cb34-1a51-4af3-8e5c-5b68f0d6575b",6213b1a
5,"Ferndale vs Harper Woods",Football,"Michigan",09/03/2026,07:00 PM,"The Harper Woods varsity football team has an away non-conference game @ Ferndale (Michigan) on Thursday, September 3 @ 7p.","/mi/football/game/ferndale-vs-harper-woods/9-3-2026/?c=b3e3e776-d4cc-4387-95fe-5029fbf6c05d","https://www.maxpreps.com/mi/football/game/ferndale-vs-harper-woods/9-3-2026/?c=b3e3e776-d4cc-4387-95fe-5029fbf6c05d",1c87c75
6,"Mt Clemens vs University Liggett Grosse Pointe Woods",Football,"Michigan",09/03/2026,07:00 PM,"The University Liggett Grosse Pointe Woods varsity football team has an away non-conference game @ Mt Clemens (Michigan) on Thursday, September 3 @ 7p.","/mi/football/game/mt-clemens-vs-university-liggett-grosse-pointe-woods/9-3-2026/?c=ccb1bdcc-83db-48b1-8a4c-5189d319b314","https://www.maxpreps.com/mi/football/game/mt-clemens-vs-university-liggett-grosse-pointe-woods/9-3-2026/?c=ccb1bdcc-83db-48b1-8a4c-5189d319b314",dc74181
7,"Memphis vs Merritt Academy New Haven",Football,"Michigan",09/03/2026,07:00 PM,"The Merritt Academy New Haven varsity football team has an away non-conference game @ Memphis (Michigan) on Thursday, September 3 @ 7p.","/mi/football/game/memphis-vs-merritt-academy-new-haven/9-3-2026/?c=3e9428cb-a5b7-4a10-9413-12d59a248380","https://www.maxpreps.com/mi/football/game/memphis-vs-merritt-academy-new-haven/9-3-2026/?c=3e9428cb-a5b7-4a10-9413-12d59a248380",149f368
8,"Cranbrook Kingswood Bloomfield Hills vs Loyola Detroit",Football,"Michigan",09/03/2026,07:00 PM,"The Loyola Detroit varsity football team has an away non-conference game @ Cranbrook Kingswood Bloomfield Hills (Michigan) on Thursday, September 3 @ 7p.","/mi/football/game/cranbrook-kingswood-bloomfield-hills-vs-loyola-detroit/9-3-2026/?c=3c5fbc1c-5138-4ba5-a900-df067732f13c","https://www.maxpreps.com/mi/football/game/cranbrook-kingswood-bloomfield-hills-vs-loyola-detroit/9-3-2026/?c=3c5fbc1c-5138-4ba5-a900-df067732f13c",477d077
9,"Beecher Bucs Flint vs International Academy Flint",Football,"Michigan",09/03/2026,07:00 PM,"The International Academy Flint varsity football team has an away non-conference game @ Beecher Bucs Flint (Michigan) on Thursday, September 3 @ 7p.","/mi/football/game/beecher-bucs-flint-vs-international-academy-flint/9-3-2026/?c=0725c49e-5cf6-4fc7-bd01-b3ab579dc2f8","https://www.maxpreps.com/mi/football/game/beecher-bucs-flint-vs-international-academy-flint/9-3-2026/?c=0725c49e-5cf6-4fc7-bd01-b3ab579dc2f8",e75e32f
10,"Gabriel Richard Ann Arbor vs Whitmore Lake",Football,"Michigan",09/03/2026,07:00 PM,"The Whitmore Lake varsity football team has an away non-conference game @ Gabriel Richard Ann Arbor (Michigan) on Thursday, September 3 @ 7p.","/mi/football/game/gabriel-richard-ann-arbor-vs-whitmore-lake/9-3-2026/?c=ed78579c-98ca-463b-a679-184cc283e6f7","https://www.maxpreps.com/mi/football/game/gabriel-richard-ann-arbor-vs-whitmore-lake/9-3-2026/?c=ed78579c-98ca-463b-a679-184cc283e6f7",2c9c50a
11,"Annapolis Dearborn Heights vs Robichaud Dearborn Heights",Football,"Michigan",09/03/2026,07:00 PM,"The Robichaud Dearborn Heights varsity football team has an away non-conference game @ Annapolis Dearborn Heights (Michigan) on Thursday, September 3 @ 7p.","/mi/football/game/annapolis-dearborn-heights-vs-robichaud-dearborn-heights/9-3-2026/?c=61122b05-6c9b-4c68-a84b-87699a598707","https://www.maxpreps.com/mi/football/game/annapolis-dearborn-heights-vs-robichaud-dearborn-heights/9-3-2026/?c=61122b05-6c9b-4c68-a84b-87699a598707",26193da
12,"Bessemer vs Norway",Football,"Michigan",09/03/2026,07:00 PM,"The Norway varsity football team has an away non-conference game @ Bessemer (Michigan) on Thursday, September 3 @ 7p.","/mi/football/game/bessemer-vs-norway/9-3-2026/?c=e02bc246-90a5-435e-92db-a5ec94b6e051","https://www.maxpreps.com/mi/football/game/bessemer-vs-norway/9-3-2026/?c=e02bc246-90a5-435e-92db-a5ec94b6e051",7a3d192
13,"Forest Park Crystal Falls vs Munising",Football,"Michigan",09/03/2026,07:00 PM,"The Munising varsity football team has an away non-conference game @ Forest Park Crystal Falls (Michigan) on Thursday, September 3 @ 7p.","/mi/football/game/forest-park-crystal-falls-vs-munising/9-3-2026/?c=4162c23f-1e64-4bf9-b415-7a36e81ab765","https://www.maxpreps.com/mi/football/game/forest-park-crystal-falls-vs-munising/9-3-2026/?c=4162c23f-1e64-4bf9-b415-7a36e81ab765",8b561fc
14,"Mid Peninsula Rock vs Stephenson",Football,"Michigan",09/03/2026,07:00 PM,"The Stephenson varsity football team has an away non-conference game @ Mid Peninsula Rock (Michigan) on Thursday, September 3 @ 7p.","/mi/football/game/mid-peninsula-rock-vs-stephenson/9-3-2026/?c=1db4ea4b-513d-4e36-99d3-ac2b15444286","https://www.maxpreps.com/mi/football/game/mid-peninsula-rock-vs-stephenson/9-3-2026/?c=1db4ea4b-513d-4e36-99d3-ac2b15444286",fb17619
15,"Houghton vs Kingsford",Football,"Michigan",09/03/2026,07:00 PM,"The Kingsford varsity football team has an away non-conference game @ Houghton (Michigan) on Thursday, September 3 @ 7p.","/mi/football/game/houghton-vs-kingsford/9-3-2026/?c=6795554c-4f03-43c2-93fa-e238dc4d28c7","https://www.maxpreps.com/mi/football/game/houghton-vs-kingsford/9-3-2026/?c=6795554c-4f03-43c2-93fa-e238dc4d28c7",a581d01
16,"Osborn Detroit vs Perry",Football,"Michigan",09/03/2026,07:00 PM,"The Perry varsity football team has an away non-conference game @ Osborn Detroit (Michigan) on Thursday, September 3 @ 7p.","/mi/football/game/osborn-detroit-vs-perry/9-3-2026/?c=2a3bae82-79bc-4ad8-be49-a3c6db16adf7","https://www.maxpreps.com/mi/football/game/osborn-detroit-vs-perry/9-3-2026/?c=2a3bae82-79bc-4ad8-be49-a3c6db16adf7",54e6349
17,"Okemos vs Union Grand Rapids",Football,"Michigan",09/03/2026,07:00 PM,"The Union Grand Rapids varsity football team has an away non-conference game @ Okemos (Michigan) on Thursday, September 3 @ 7p.","/mi/football/game/okemos-vs-union-grand-rapids/9-3-2026/?c=18aabda5-8ae9-4535-a306-e2915d77bab2","https://www.maxpreps.com/mi/football/game/okemos-vs-union-grand-rapids/9-3-2026/?c=18aabda5-8ae9-4535-a306-e2915d77bab2",ced85e3
18,"Bishop Foley Madison Heights vs Sacred Heart Academy Fighting Irish Mt Pleasant",Football,"Michigan",09/03/2026,07:00 PM,"The Sacred Heart Academy Fighting Irish Mt Pleasant varsity football team has an away non-conference game @ Bishop Foley Madison Heights (Michigan) on Thursday, September 3 @ 7p.","/mi/football/game/bishop-foley-madison-heights-vs-sacred-heart-academy-fighting-irish-mt-pleasant/9-3-2026/?c=bf8f22c2-abaa-408c-abbc-19a2017e8993","https://www.maxpreps.com/mi/football/game/bishop-foley-madison-heights-vs-sacred-heart-academy-fighting-irish-mt-pleasant/9-3-2026/?c=bf8f22c2-abaa-408c-abbc-19a2017e8993",bd29d60
19,"Holland Christian vs Wayland",Football,"Michigan",09/03/2026,07:00 PM,"The Wayland varsity football team has an away non-conference game @ Holland Christian (Michigan) on Thursday, September 3 @ 7p.","/mi/football/game/holland-christian-vs-wayland/9-3-2026/?c=30b2e699-a98a-42d0-ab24-a1611cac74ba","https://www.maxpreps.com/mi/football/game/holland-christian-vs-wayland/9-3-2026/?c=30b2e699-a98a-42d0-ab24-a1611cac74ba",aadd6ea
20,"Beal City Mt Pleasant vs Manton",Football,"Michigan",09/03/2026,07:00 PM,"The Manton varsity football team has an away non-conference game @ Beal City Mt Pleasant (Michigan) on Thursday, September 3 @ 7p.","/mi/football/game/beal-city-mt-pleasant-vs-manton/9-3-2026/?c=fa11fc72-24ff-41f5-a9e5-ca22536af794","https://www.maxpreps.com/mi/football/game/beal-city-mt-pleasant-vs-manton/9-3-2026/?c=fa11fc72-24ff-41f5-a9e5-ca22536af794",4b4b67e
21,"Reading vs Union City",Football,"Michigan",09/03/2026,07:00 PM,"The Union City varsity football team has an away non-conference game @ Reading (Michigan) on Thursday, September 3 @ 7p.","/mi/football/game/reading-vs-union-city/9-3-2026/?c=5de76913-4041-4a26-9eb6-56b059b2c17a","https://www.maxpreps.com/mi/football/game/reading-vs-union-city/9-3-2026/?c=5de76913-4041-4a26-9eb6-56b059b2c17a",305c433
22,"Lamphere Madison Heights vs Lanse Creuse Harrison Township",Football,"Michigan",09/03/2026,07:00 PM,"The Lanse Creuse Harrison Township varsity football team has an away non-conference game @ Lamphere Madison Heights (Michigan) on Thursday, September 3 @ 7p.","/mi/football/game/lamphere-madison-heights-vs-lanse-creuse-harrison-township/9-3-2026/?c=074145e9-d742-461c-b885-cc4f8d160117","https://www.maxpreps.com/mi/football/game/lamphere-madison-heights-vs-lanse-creuse-harrison-township/9-3-2026/?c=074145e9-d742-461c-b885-cc4f8d160117",8ecd200
23,"Avondale Auburn Hills vs Mott Waterford",Football,"Michigan",09/03/2026,07:00 PM,"The Mott Waterford varsity football team has an away non-conference game @ Avondale Auburn Hills (Michigan) on Thursday, September 3 @ 7p.","/mi/football/game/avondale-auburn-hills-vs-mott-waterford/9-3-2026/?c=759d4c79-0443-4447-b73b-31310ed9d917","https://www.maxpreps.com/mi/football/game/avondale-auburn-hills-vs-mott-waterford/9-3-2026/?c=759d4c79-0443-4447-b73b-31310ed9d917",ba6141d
24,"Durand vs New Lothrop",Football,"Michigan",09/03/2026,07:00 PM,"The New Lothrop varsity football team has an away non-conference game @ Durand (Michigan) on Thursday, September 3 @ 7p.","/mi/football/game/durand-vs-new-lothrop/9-3-2026/?c=16cbba07-0164-4834-9120-116c3717f4f3","https://www.maxpreps.com/mi/football/game/durand-vs-new-lothrop/9-3-2026/?c=16cbba07-0164-4834-9120-116c3717f4f3",b21cb15
25,"Marshall vs Waverly Lansing",Football,"Michigan",09/03/2026,07:00 PM,"The Waverly Lansing varsity football team has an away non-conference game @ Marshall (Michigan) on Thursday, September 3 @ 7p.","/mi/football/game/marshall-vs-waverly-lansing/9-3-2026/?c=7632f23e-66ba-44ea-bb6d-a55779c5dbba","https://www.maxpreps.com/mi/football/game/marshall-vs-waverly-lansing/9-3-2026/?c=7632f23e-66ba-44ea-bb6d-a55779c5dbba",c532acd
26,"Comstock Kalamazoo vs Saugatuck",Football,"Michigan",09/03/2026,07:00 PM,"The Saugatuck varsity football team has an away non-conference game @ Comstock Kalamazoo (Michigan) on Thursday, September 3 @ 7p.","/mi/football/game/comstock-kalamazoo-vs-saugatuck/9-3-2026/?c=c7e20b12-7066-46da-890e-1d982a4db3b3","https://www.maxpreps.com/mi/football/game/comstock-kalamazoo-vs-saugatuck/9-3-2026/?c=c7e20b12-7066-46da-890e-1d982a4db3b3",13ae429
27,"Alma vs Frankenmuth",Football,"Michigan",09/03/2026,07:00 PM,"The Frankenmuth varsity football team has an away non-conference game @ Alma (Michigan) on Thursday, September 3 @ 7p.","/mi/football/game/alma-vs-frankenmuth/9-3-2026/?c=3fce2093-7120-4a59-a509-c37f6c944be0","https://www.maxpreps.com/mi/football/game/alma-vs-frankenmuth/9-3-2026/?c=3fce2093-7120-4a59-a509-c37f6c944be0",3fc783e
28,"Fitzgerald Warren vs Fraser",Football,"Michigan",09/03/2026,07:00 PM,"The Fraser varsity football team has an away non-conference game @ Fitzgerald Warren (Michigan) on Thursday, September 3 @ 7p.","/mi/football/game/fitzgerald-warren-vs-fraser/9-3-2026/?c=60cfa0e9-5280-400a-be3b-2f899217e786","https://www.maxpreps.com/mi/football/game/fitzgerald-warren-vs-fraser/9-3-2026/?c=60cfa0e9-5280-400a-be3b-2f899217e786",a47cd8f
29,"Ishpeming vs North Central Powers",Football,"Michigan",09/03/2026,07:00 PM,"The North Central Powers varsity football team has an away non-conference game @ Ishpeming (Michigan) on Thursday, September 3 @ 7p.","/mi/football/game/ishpeming-vs-north-central-powers/9-3-2026/?c=a71230a7-dc7d-4005-b4cd-6925a529d1ec","https://www.maxpreps.com/mi/football/game/ishpeming-vs-north-central-powers/9-3-2026/?c=a71230a7-dc7d-4005-b4cd-6925a529d1ec",10ce1f9
30,"Everest Collegiate Clarkston vs Nouvel Catholic Central Saginaw",Football,"Michigan",09/03/2026,07:00 PM,"The Nouvel Catholic Central Saginaw varsity football team has an away non-conference game @ Everest Collegiate Clarkston (Michigan) on Thursday, September 3 @ 7p.","/mi/football/game/everest-collegiate-clarkston-vs-nouvel-catholic-central-saginaw/9-3-2026/?c=5c658f01-e538-4e31-a4f7-567f13e6364a","https://www.maxpreps.com/mi/football/game/everest-collegiate-clarkston-vs-nouvel-catholic-central-saginaw/9-3-2026/?c=5c658f01-e538-4e31-a4f7-567f13e6364a",12cc570
31,"Canton vs Northville",Football,"Michigan",09/03/2026,07:00 PM,"The Northville varsity football team has an away non-conference game @ Canton (Michigan) on Thursday, September 3 @ 7p.","/mi/football/game/canton-vs-northville/9-3-2026/?c=cc7073bb-3da0-4d26-85af-cfad6ba103bf","https://www.maxpreps.com/mi/football/game/canton-vs-northville/9-3-2026/?c=cc7073bb-3da0-4d26-85af-cfad6ba103bf",bf4e562
32,"Capac vs Mayville",Football,"Michigan",09/03/2026,07:00 PM,"The Mayville varsity football team has an away non-conference game @ Capac (Michigan) on Thursday, September 3 @ 7p.","/mi/football/game/capac-vs-mayville/9-3-2026/?c=41a7671c-9271-4f60-b6e7-a6dad6853cc9","https://www.maxpreps.com/mi/football/game/capac-vs-mayville/9-3-2026/?c=41a7671c-9271-4f60-b6e7-a6dad6853cc9",754ab60
33,"Eastpointe vs St Clair",Football,"Michigan",09/03/2026,07:00 PM,"The St Clair varsity football team has an away non-conference game @ Eastpointe (Michigan) on Thursday, September 3 @ 7p.","/mi/football/game/eastpointe-vs-st-clair/9-3-2026/?c=bacd6dca-ea9a-4c87-a2af-7eee91653e50","https://www.maxpreps.com/mi/football/game/eastpointe-vs-st-clair/9-3-2026/?c=bacd6dca-ea9a-4c87-a2af-7eee91653e50",c447d00
34,"Grass Lake vs Napoleon",Football,"Michigan",09/03/2026,07:00 PM,"The Napoleon varsity football team has an away non-conference game @ Grass Lake (Michigan) on Thursday, September 3 @ 7p.","/mi/football/game/grass-lake-vs-napoleon/9-3-2026/?c=8bcc96e9-b4fa-4fe2-b49a-eb130f5d8ff9","https://www.maxpreps.com/mi/football/game/grass-lake-vs-napoleon/9-3-2026/?c=8bcc96e9-b4fa-4fe2-b49a-eb130f5d8ff9",8af37f9
35,"Athens Troy vs Oxford",Football,"Michigan",09/03/2026,07:00 PM,"The Oxford varsity football team has an away non-conference game @ Athens Troy (Michigan) on Thursday, September 3 @ 7p.","/mi/football/game/athens-troy-vs-oxford/9-3-2026/?c=41ce2f8c-41f7-4abd-87d3-4812dbe2cc5f","https://www.maxpreps.com/mi/football/game/athens-troy-vs-oxford/9-3-2026/?c=41ce2f8c-41f7-4abd-87d3-4812dbe2cc5f",cc094a4
36,"Heston Academy St Helen vs Muskegon Heights",Football,"Michigan",09/03/2026,07:00 PM,"The Muskegon Heights varsity football team has an away non-conference game @ Heston Academy St Helen (Michigan) on Thursday, September 3 @ 7p.","/mi/football/game/heston-academy-st-helen-vs-muskegon-heights/9-3-2026/?c=818d673f-5bf4-48bb-9241-a2f7dc7dad72","https://www.maxpreps.com/mi/football/game/heston-academy-st-helen-vs-muskegon-heights/9-3-2026/?c=818d673f-5bf4-48bb-9241-a2f7dc7dad72",ef3d7dd
37,"Kalkaska vs Valley Lutheran Saginaw",Football,"Michigan",09/03/2026,07:00 PM,"The Valley Lutheran Saginaw varsity football team has an away non-conference game @ Kalkaska (Michigan) on Thursday, September 3 @ 7p.","/mi/football/game/kalkaska-vs-valley-lutheran-saginaw/9-3-2026/?c=be26f40b-decc-498c-b988-5b204cd44bd4","https://www.maxpreps.com/mi/football/game/kalkaska-vs-valley-lutheran-saginaw/9-3-2026/?c=be26f40b-decc-498c-b988-5b204cd44bd4",70b90a3
38,"Chelsea vs Jackson",Football,"Michigan",09/03/2026,07:00 PM,"The Jackson varsity football team has an away non-conference game @ Chelsea (Michigan) on Thursday, September 3 @ 7p.","/mi/football/game/chelsea-vs-jackson/9-3-2026/?c=5fe6e0ed-09e4-46fc-990d-5a1172f1c7a8","https://www.maxpreps.com/mi/football/game/chelsea-vs-jackson/9-3-2026/?c=5fe6e0ed-09e4-46fc-990d-5a1172f1c7a8",6957acd
39,"Ludington vs Orchard View Muskegon",Football,"Michigan",09/03/2026,07:00 PM,"The Orchard View Muskegon varsity football team has an away non-conference game @ Ludington (Michigan) on Thursday, September 3 @ 7p.","/mi/football/game/ludington-vs-orchard-view-muskegon/9-3-2026/?c=ff144fdf-70e9-4186-940e-176413201be9","https://www.maxpreps.com/mi/football/game/ludington-vs-orchard-view-muskegon/9-3-2026/?c=ff144fdf-70e9-4186-940e-176413201be9",4dcfdf8
40,"Carman Ainsworth Flint vs Grand Blanc",Football,"Michigan",09/03/2026,07:00 PM,"The Grand Blanc varsity football team has an away non-conference game @ Carman Ainsworth Flint (Michigan) on Thursday, September 3 @ 7p.","/mi/football/game/carman-ainsworth-flint-vs-grand-blanc/9-3-2026/?c=88e411a4-bc4f-4222-899a-a425b699460d","https://www.maxpreps.com/mi/football/game/carman-ainsworth-flint-vs-grand-blanc/9-3-2026/?c=88e411a4-bc4f-4222-899a-a425b699460d",213b1c9
41,"Caro vs Harbor Beach",Football,"Michigan",09/03/2026,07:00 PM,"The Harbor Beach varsity football team has an away non-conference game @ Caro (Michigan) on Thursday, September 3 @ 7p.","/mi/football/game/caro-vs-harbor-beach/9-3-2026/?c=9c531224-979f-468d-b999-473efdb83c35","https://www.maxpreps.com/mi/football/game/caro-vs-harbor-beach/9-3-2026/?c=9c531224-979f-468d-b999-473efdb83c35",99696c3
42,"Chippewa Hills Remus vs Morley Stanwood",Football,"Michigan",09/03/2026,07:00 PM,"The Morley Stanwood varsity football team has an away non-conference game @ Chippewa Hills Remus (Michigan) on Thursday, September 3 @ 7p.","/mi/football/game/chippewa-hills-remus-vs-morley-stanwood/9-3-2026/?c=f6416b29-96cc-4815-88a1-1879946553ae","https://www.maxpreps.com/mi/football/game/chippewa-hills-remus-vs-morley-stanwood/9-3-2026/?c=f6416b29-96cc-4815-88a1-1879946553ae",2f2457b
43,"Churchill Livonia vs South Lyon",Football,"Michigan",09/03/2026,07:00 PM,"The South Lyon varsity football team has an away non-conference game @ Churchill Livonia (Michigan) on Thursday, September 3 @ 7p.","/mi/football/game/churchill-livonia-vs-south-lyon/9-3-2026/?c=c771a242-4176-4423-9b08-9a01f0b7a1e3","https://www.maxpreps.com/mi/football/game/churchill-livonia-vs-south-lyon/9-3-2026/?c=c771a242-4176-4423-9b08-9a01f0b7a1e3",8789238
44,"Belding Black Knights vs Holland",Football,"Michigan",09/03/2026,07:00 PM,"The Holland varsity football team has an away non-conference game @ Belding Black Knights (Michigan) on Thursday, September 3 @ 7p.","/mi/football/game/belding-black-knights-vs-holland/9-3-2026/?c=238fc917-ff57-4137-a6e0-dd0e456cf661","https://www.maxpreps.com/mi/football/game/belding-black-knights-vs-holland/9-3-2026/?c=238fc917-ff57-4137-a6e0-dd0e456cf661",6ef560f
45,"Fennville vs Holton",Football,"Michigan",09/03/2026,07:00 PM,"The Holton varsity football team has an away non-conference game @ Fennville (Michigan) on Thursday, September 3 @ 7p.","/mi/football/game/fennville-vs-holton/9-3-2026/?c=d4d3f24c-e1d1-44ad-93e2-a8241de4f40a","https://www.maxpreps.com/mi/football/game/fennville-vs-holton/9-3-2026/?c=d4d3f24c-e1d1-44ad-93e2-a8241de4f40a",f5bd797
46,"North Huron Kinde vs Peck",Football,"Michigan",09/03/2026,07:00 PM,"The Peck varsity football team has an away non-conference game @ North Huron Kinde (Michigan) on Thursday, September 3 @ 7p.","/mi/football/game/north-huron-kinde-vs-peck/9-3-2026/?c=10332ce9-c33e-4c49-b43f-271cea18ff97","https://www.maxpreps.com/mi/football/game/north-huron-kinde-vs-peck/9-3-2026/?c=10332ce9-c33e-4c49-b43f-271cea18ff97",a97eaae
47,"East Grand Rapids vs South Christian Grand Rapids",Football,"Michigan",09/03/2026,07:00 PM,"The South Christian Grand Rapids varsity football team has an away non-conference game @ East Grand Rapids (Michigan) on Thursday, September 3 @ 7p.","/mi/football/game/east-grand-rapids-vs-south-christian-grand-rapids/9-3-2026/?c=ec71305f-4e0f-45f8-9e29-06531d6933b4","https://www.maxpreps.com/mi/football/game/east-grand-rapids-vs-south-christian-grand-rapids/9-3-2026/?c=ec71305f-4e0f-45f8-9e29-06531d6933b4",417bcbf
48,"Holt vs Swartz Creek",Football,"Michigan",09/03/2026,07:00 PM,"The Swartz Creek varsity football team has an away non-conference game @ Holt (Michigan) on Thursday, September 3 @ 7p.","/mi/football/game/holt-vs-swartz-creek/9-3-2026/?c=b728a5b9-6a5a-4e13-9563-af8eac2c9ac6","https://www.maxpreps.com/mi/football/game/holt-vs-swartz-creek/9-3-2026/?c=b728a5b9-6a5a-4e13-9563-af8eac2c9ac6",ca65d67
49,"Troy vs West Bloomfield",Football,"Michigan",09/03/2026,07:00 PM,"The West Bloomfield varsity football team has an away non-conference game @ Troy (Michigan) on Thursday, September 3 @ 7p.","/mi/football/game/troy-vs-west-bloomfield/9-3-2026/?c=e65934b1-1227-4224-bf6b-0d9bfe3d3435","https://www.maxpreps.com/mi/football/game/troy-vs-west-bloomfield/9-3-2026/?c=e65934b1-1227-4224-bf6b-0d9bfe3d3435",5c3dee4
50,"Cass City vs Vassar",Football,"Michigan",09/03/2026,07:00 PM,"The Vassar varsity football team has an away non-conference game @ Cass City (Michigan) on Thursday, September 3 @ 7p.","/mi/football/game/cass-city-vs-vassar/9-3-2026/?c=3778314a-bacf-47bb-aea4-6d41e3a12421","https://www.maxpreps.com/mi/football/game/cass-city-vs-vassar/9-3-2026/?c=3778314a-bacf-47bb-aea4-6d41e3a12421",603e83d
51,"Grosse Pointe South vs Roseville",Football,"Michigan",09/03/2026,07:00 PM,"The Roseville varsity football team has an away non-conference game @ Grosse Pointe South (Michigan) on Thursday, September 3 @ 7p.","/mi/football/game/grosse-pointe-south-vs-roseville/9-3-2026/?c=68bec024-382c-44e3-9a51-34adc8f4e6b9","https://www.maxpreps.com/mi/football/game/grosse-pointe-south-vs-roseville/9-3-2026/?c=68bec024-382c-44e3-9a51-34adc8f4e6b9",e570b6b
52,"Constantine vs Watervliet",Football,"Michigan",09/03/2026,07:00 PM,"The Watervliet varsity football team has an away non-conference game @ Constantine (Michigan) on Thursday, September 3 @ 7p.","/mi/football/game/constantine-vs-watervliet/9-3-2026/?c=fea0b4db-4c4c-42ce-9fd1-71fb3e56d1f3","https://www.maxpreps.com/mi/football/game/constantine-vs-watervliet/9-3-2026/?c=fea0b4db-4c4c-42ce-9fd1-71fb3e56d1f3",b5e275a
53,"Oakridge Muskegon vs Ravenna",Football,"Michigan",09/03/2026,07:00 PM,"The Ravenna varsity football team has an away non-conference game @ Oakridge Muskegon (Michigan) on Thursday, September 3 @ 7p.","/mi/football/game/oakridge-muskegon-vs-ravenna/9-3-2026/?c=8d3f774a-077d-4b2b-bff6-cbc5e30a1b08","https://www.maxpreps.com/mi/football/game/oakridge-muskegon-vs-ravenna/9-3-2026/?c=8d3f774a-077d-4b2b-bff6-cbc5e30a1b08",1e58e41
54,"Divine Child Dearborn vs Lake Fenton Linden",Football,"Michigan",09/03/2026,07:00 PM,"The Lake Fenton Linden varsity football team has an away non-conference game @ Divine Child Dearborn (Michigan) on Thursday, September 3 @ 7p.","/mi/football/game/divine-child-dearborn-vs-lake-fenton-linden/9-3-2026/?c=5b84cc48-5390-4942-9e6e-858e0554e210","https://www.maxpreps.com/mi/football/game/divine-child-dearborn-vs-lake-fenton-linden/9-3-2026/?c=5b84cc48-5390-4942-9e6e-858e0554e210",8f948fe
55,"Sterling Heights vs Utica Ford Sterling Heights",Football,"Michigan",09/03/2026,07:00 PM,"The Utica Ford Sterling Heights varsity football team has an away non-conference game @ Sterling Heights (Michigan) on Thursday, September 3 @ 7p.","/mi/football/game/sterling-heights-vs-utica-ford-sterling-heights/9-3-2026/?c=1d4bb1a2-2cc0-4dc2-9b5b-343897e474e1","https://www.maxpreps.com/mi/football/game/sterling-heights-vs-utica-ford-sterling-heights/9-3-2026/?c=1d4bb1a2-2cc0-4dc2-9b5b-343897e474e1",184a811
56,"Central Montcalm Stanton vs Newaygo",Football,"Michigan",09/03/2026,07:00 PM,"The Newaygo varsity football team has an away non-conference game @ Central Montcalm Stanton (Michigan) on Thursday, September 3 @ 7p.","/mi/football/game/central-montcalm-stanton-vs-newaygo/9-3-2026/?c=5c005aa0-f36a-4041-94cb-fc1c31d24543","https://www.maxpreps.com/mi/football/game/central-montcalm-stanton-vs-newaygo/9-3-2026/?c=5c005aa0-f36a-4041-94cb-fc1c31d24543",d8a8b6c
57,"Laker Pigeon vs Ubly",Football,"Michigan",09/03/2026,07:00 PM,"The Ubly varsity football team has an away non-conference game @ Laker Pigeon (Michigan) on Thursday, September 3 @ 7p.","/mi/football/game/laker-pigeon-vs-ubly/9-3-2026/?c=559db6e5-4003-4467-aaaa-9ded6b56a469","https://www.maxpreps.com/mi/football/game/laker-pigeon-vs-ubly/9-3-2026/?c=559db6e5-4003-4467-aaaa-9ded6b56a469",44d3d23
58,"Adams Rochester vs Rochester Rochester Hills",Football,"Michigan",09/03/2026,07:00 PM,"The Rochester Rochester Hills varsity football team has an away non-conference game @ Adams Rochester (Michigan) on Thursday, September 3 @ 7p.","/mi/football/game/adams-rochester-vs-rochester-rochester-hills/9-3-2026/?c=6f000909-701e-4089-8063-f4e8181f37e8","https://www.maxpreps.com/mi/football/game/adams-rochester-vs-rochester-rochester-hills/9-3-2026/?c=6f000909-701e-4089-8063-f4e8181f37e8",578ea9f
59,"Bridgman vs Eau Claire",Football,"Michigan",09/03/2026,07:00 PM,"The Eau Claire varsity football team has an away non-conference game @ Bridgman (Michigan) on Thursday, September 3 @ 7p.","/mi/football/game/bridgman-vs-eau-claire/9-3-2026/?c=eb52c3f4-489e-44b1-8db2-7edfc675e8dd","https://www.maxpreps.com/mi/football/game/bridgman-vs-eau-claire/9-3-2026/?c=eb52c3f4-489e-44b1-8db2-7edfc675e8dd",3ac4430
60,"Maple Valley Vermontville vs Saranac Redhawks",Football,"Michigan",09/03/2026,07:00 PM,"The Saranac Redhawks varsity football team has an away non-conference game @ Maple Valley Vermontville (Michigan) on Thursday, September 3 @ 7p.","/mi/football/game/maple-valley-vermontville-vs-saranac-redhawks/9-3-2026/?c=89435dcc-50f0-4004-bec0-75255cb50ff1","https://www.maxpreps.com/mi/football/game/maple-valley-vermontville-vs-saranac-redhawks/9-3-2026/?c=89435dcc-50f0-4004-bec0-75255cb50ff1",6e43104
61,"Hanover Horton vs Vandercook Lake Jackson",Football,"Michigan",09/03/2026,07:00 PM,"The Vandercook Lake Jackson varsity football team has an away non-conference game @ Hanover Horton (Michigan) on Thursday, September 3 @ 7p.","/mi/football/game/hanover-horton-vs-vandercook-lake-jackson/9-3-2026/?c=e8fa2c94-f0f2-4c3a-aac8-986447c08200","https://www.maxpreps.com/mi/football/game/hanover-horton-vs-vandercook-lake-jackson/9-3-2026/?c=e8fa2c94-f0f2-4c3a-aac8-986447c08200",50710e6
62,"Portland vs Sexton Lansing",Football,"Michigan",09/03/2026,07:00 PM,"The Sexton Lansing varsity football team has an away non-conference game @ Portland (Michigan) on Thursday, September 3 @ 7p.","/mi/football/game/portland-vs-sexton-lansing/9-3-2026/?c=ff605647-5249-4715-b8b9-7d5f19d921fa","https://www.maxpreps.com/mi/football/game/portland-vs-sexton-lansing/9-3-2026/?c=ff605647-5249-4715-b8b9-7d5f19d921fa",6b24326
63,"Central Bay City vs Kearsley Flint",Football,"Michigan",09/03/2026,07:00 PM,"The Kearsley Flint varsity football team has an away non-conference game @ Central Bay City (Michigan) on Thursday, September 3 @ 7p.","/mi/football/game/central-bay-city-vs-kearsley-flint/9-3-2026/?c=8318e094-adb8-41b7-808f-8be530af3f86","https://www.maxpreps.com/mi/football/game/central-bay-city-vs-kearsley-flint/9-3-2026/?c=8318e094-adb8-41b7-808f-8be530af3f86",7d441e5
64,"North Branch vs Yale",Football,"Michigan",09/03/2026,07:00 PM,"The Yale varsity football team has an away non-conference game @ North Branch (Michigan) on Thursday, September 3 @ 7p.","/mi/football/game/north-branch-vs-yale/9-3-2026/?c=c38f67e9-9679-4aae-92b4-c3343541f847","https://www.maxpreps.com/mi/football/game/north-branch-vs-yale/9-3-2026/?c=c38f67e9-9679-4aae-92b4-c3343541f847",ee41f00
65,"Flint Southwestern Academy vs Pinconning",Football,"Michigan",09/03/2026,07:00 PM,"The Pinconning varsity football team has an away non-conference game @ Flint Southwestern Academy (Michigan) on Thursday, September 3 @ 7p.","/mi/football/game/flint-southwestern-academy-vs-pinconning/9-3-2026/?c=324e6146-638a-4fb6-bab7-5ea85f21c101","https://www.maxpreps.com/mi/football/game/flint-southwestern-academy-vs-pinconning/9-3-2026/?c=324e6146-638a-4fb6-bab7-5ea85f21c101",8584c4e
66,"Lanse vs Manistique",Football,"Michigan",09/03/2026,07:00 PM,"The Manistique varsity football team has an away non-conference game @ Lanse (Michigan) on Thursday, September 3 @ 7p.","/mi/football/game/lanse-vs-manistique/9-3-2026/?c=7f39f761-30a3-48a5-8066-3e74be89cffa","https://www.maxpreps.com/mi/football/game/lanse-vs-manistique/9-3-2026/?c=7f39f761-30a3-48a5-8066-3e74be89cffa",65a3f5e
67,"Brimley vs Newberry",Football,"Michigan",09/03/2026,07:00 PM,"The Newberry varsity football team has an away non-conference game @ Brimley (Michigan) on Thursday, September 3 @ 7p.","/mi/football/game/brimley-vs-newberry/9-3-2026/?c=4698846a-4b4d-4d11-96eb-0c851a3e6460","https://www.maxpreps.com/mi/football/game/brimley-vs-newberry/9-3-2026/?c=4698846a-4b4d-4d11-96eb-0c851a3e6460",c830451
68,"Genesee vs New Standard Academy Flint",Football,"Michigan",09/03/2026,07:00 PM,"The New Standard Academy Flint varsity football team has an away non-conference game @ Genesee (Michigan) on Thursday, September 3 @ 7p.","/mi/football/game/genesee-vs-new-standard-academy-flint/9-3-2026/?c=b23b6e36-495a-41bd-b0f3-a2a77190cff9","https://www.maxpreps.com/mi/football/game/genesee-vs-new-standard-academy-flint/9-3-2026/?c=b23b6e36-495a-41bd-b0f3-a2a77190cff9",80c6690
69,"Dansville vs Our Lady Of The Lake Catholic St Joseph",Football,"Michigan",09/03/2026,07:00 PM,"The Our Lady Of The Lake Catholic St Joseph varsity football team has an away non-conference game @ Dansville (Michigan) on Thursday, September 3 @ 7p.","/mi/football/game/dansville-vs-our-lady-of-the-lake-catholic-st-joseph/9-3-2026/?c=6976f11a-8ab6-42bd-91a4-c24c5959c8d5","https://www.maxpreps.com/mi/football/game/dansville-vs-our-lady-of-the-lake-catholic-st-joseph/9-3-2026/?c=6976f11a-8ab6-42bd-91a4-c24c5959c8d5",3e2f093
70,"Forest Hills Eastern Ada vs Greenville",Football,"Michigan",09/03/2026,07:00 PM,"The Greenville varsity football team has an away non-conference game @ Forest Hills Eastern Ada (Michigan) on Thursday, September 3 @ 7p.","/mi/football/game/forest-hills-eastern-ada-vs-greenville/9-3-2026/?c=31fcd23a-4967-4791-a386-f489d890fbbd","https://www.maxpreps.com/mi/football/game/forest-hills-eastern-ada-vs-greenville/9-3-2026/?c=31fcd23a-4967-4791-a386-f489d890fbbd",200b829
71,"Goodrich vs Lapeer",Football,"Michigan",09/03/2026,07:00 PM,"The Lapeer varsity football team has an away non-conference game @ Goodrich (Michigan) on Thursday, September 3 @ 7p.","/mi/football/game/goodrich-vs-lapeer/9-3-2026/?c=dafd83cd-5c4c-40ea-80f8-d880a9d8881e","https://www.maxpreps.com/mi/football/game/goodrich-vs-lapeer/9-3-2026/?c=dafd83cd-5c4c-40ea-80f8-d880a9d8881e",e4c90e7
72,"Reese vs Sandusky",Football,"Michigan",09/03/2026,07:00 PM,"The Sandusky varsity football team has an away non-conference game @ Reese (Michigan) on Thursday, September 3 @ 7p.","/mi/football/game/reese-vs-sandusky/9-3-2026/?c=394ca47c-5868-49da-a40f-404675dc2b44","https://www.maxpreps.com/mi/football/game/reese-vs-sandusky/9-3-2026/?c=394ca47c-5868-49da-a40f-404675dc2b44",f283a32
73,"Kingston vs Marlette",Football,"Michigan",09/03/2026,07:00 PM,"The Marlette varsity football team has an away non-conference game @ Kingston (Michigan) on Thursday, September 3 @ 7p.","/mi/football/game/kingston-vs-marlette/9-3-2026/?c=f127bf4b-55b4-4f92-9102-2caabdb67990","https://www.maxpreps.com/mi/football/game/kingston-vs-marlette/9-3-2026/?c=f127bf4b-55b4-4f92-9102-2caabdb67990",e7a9f33
74,"Kelloggsville Wyoming vs Laingsburg",Football,"Michigan",09/03/2026,07:00 PM,"The Laingsburg varsity football team has an away non-conference game @ Kelloggsville Wyoming (Michigan) on Thursday, September 3 @ 7p.","/mi/football/game/kelloggsville-wyoming-vs-laingsburg/9-3-2026/?c=2e57ed01-64b8-420a-9ca4-c5b6a1b796fb","https://www.maxpreps.com/mi/football/game/kelloggsville-wyoming-vs-laingsburg/9-3-2026/?c=2e57ed01-64b8-420a-9ca4-c5b6a1b796fb",504871c
75,"Hillman vs Mio Au Sable",Football,"Michigan",09/03/2026,07:00 PM,"The Mio Au Sable varsity football team has an away non-conference game @ Hillman (Michigan) on Thursday, September 3 @ 7p.","/mi/football/game/hillman-vs-mio-au-sable/9-3-2026/?c=c513287c-58c6-457f-af5e-67a3244dbe70","https://www.maxpreps.com/mi/football/game/hillman-vs-mio-au-sable/9-3-2026/?c=c513287c-58c6-457f-af5e-67a3244dbe70",f3f528c
76,"Atherton Burton vs Bendle Burton",Football,"Michigan",09/03/2026,07:00 PM,"The Bendle Burton varsity football team has an away non-conference game @ Atherton Burton (Michigan) on Thursday, September 3 @ 7p.","/mi/football/game/atherton-burton-vs-bendle-burton/9-3-2026/?c=fc400e28-aaff-4cf7-843f-5325680124dc","https://www.maxpreps.com/mi/football/game/atherton-burton-vs-bendle-burton/9-3-2026/?c=fc400e28-aaff-4cf7-843f-5325680124dc",fca28c8
77,"Kalamazoo Central vs Renaissance Detroit",Football,"Michigan",09/03/2026,07:00 PM,"The Renaissance Detroit varsity football team has an away non-conference game @ Kalamazoo Central (Michigan) on Thursday, September 3 @ 7p.","/mi/football/game/kalamazoo-central-vs-renaissance-detroit/9-3-2026/?c=a6708e3d-4fe0-4b35-8eab-10609e546285","https://www.maxpreps.com/mi/football/game/kalamazoo-central-vs-renaissance-detroit/9-3-2026/?c=a6708e3d-4fe0-4b35-8eab-10609e546285",8cef87b
78,"Northwestern Detroit vs Summerfield Petersburg",Football,"Michigan",09/03/2026,07:00 PM,"The Summerfield Petersburg varsity football team has an away non-conference game @ Northwestern Detroit (Michigan) on Thursday, September 3 @ 7p.","/mi/football/game/northwestern-detroit-vs-summerfield-petersburg/9-3-2026/?c=536ca839-826e-4440-8abf-ea09386cb509","https://www.maxpreps.com/mi/football/game/northwestern-detroit-vs-summerfield-petersburg/9-3-2026/?c=536ca839-826e-4440-8abf-ea09386cb509",39358b3
79,"Franklin Livonia vs Walled Lake Western",Football,"Michigan",09/03/2026,07:00 PM,"The Walled Lake Western varsity football team has an away non-conference game @ Franklin Livonia (Michigan) on Thursday, September 3 @ 7p.","/mi/football/game/franklin-livonia-vs-walled-lake-western/9-3-2026/?c=21a3a469-6361-4ab8-8936-b0dbc0fc1442","https://www.maxpreps.com/mi/football/game/franklin-livonia-vs-walled-lake-western/9-3-2026/?c=21a3a469-6361-4ab8-8936-b0dbc0fc1442",86522ac
80,"Calvin Christian Grandville vs Northpointe Christian Grand Rapids",Football,"Michigan",09/03/2026,07:00 PM,"The Northpointe Christian Grand Rapids varsity football team has an away non-conference game @ Calvin Christian Grandville (Michigan) on Thursday, September 3 @ 7p.","/mi/football/game/calvin-christian-grandville-vs-northpointe-christian-grand-rapids/9-3-2026/?c=4548a7d1-b89a-4fc0-8b31-808f3778e0a9","https://www.maxpreps.com/mi/football/game/calvin-christian-grandville-vs-northpointe-christian-grand-rapids/9-3-2026/?c=4548a7d1-b89a-4fc0-8b31-808f3778e0a9",afa6e5d
81,"Forest Hills Central Grand Rapids vs Portage Central",Football,"Michigan",09/03/2026,07:00 PM,"The Portage Central varsity football team has an away non-conference game @ Forest Hills Central Grand Rapids (Michigan) on Thursday, September 3 @ 7p.","/mi/football/game/forest-hills-central-grand-rapids-vs-portage-central/9-3-2026/?c=db7d712d-863a-4c22-97d6-193383637a79","https://www.maxpreps.com/mi/football/game/forest-hills-central-grand-rapids-vs-portage-central/9-3-2026/?c=db7d712d-863a-4c22-97d6-193383637a79",c872612
82,"Farwell vs Lakeview",Football,"Michigan",09/03/2026,07:00 PM,"The Lakeview varsity football team has an away non-conference game @ Farwell (Michigan) on Thursday, September 3 @ 7p.","/mi/football/game/farwell-vs-lakeview/9-3-2026/?c=408d5156-26ea-4944-b8c4-1721ff076d23","https://www.maxpreps.com/mi/football/game/farwell-vs-lakeview/9-3-2026/?c=408d5156-26ea-4944-b8c4-1721ff076d23",2fc9771
83,"Camden Frontier Redhawks vs Tekonsha",Football,"Michigan",09/03/2026,07:00 PM,"The Tekonsha varsity football team has an away non-conference game @ Camden Frontier Redhawks (Michigan) on Thursday, September 3 @ 7p.","/mi/football/game/camden-frontier-redhawks-vs-tekonsha/9-3-2026/?c=51b4dc33-5760-4eaa-aae2-d6b9970b26b7","https://www.maxpreps.com/mi/football/game/camden-frontier-redhawks-vs-tekonsha/9-3-2026/?c=51b4dc33-5760-4eaa-aae2-d6b9970b26b7",db95c8d
84,"Central Lake vs St Mary Cathedral Gaylord",Football,"Michigan",09/03/2026,07:00 PM,"The St Mary Cathedral Gaylord varsity football team has an away non-conference game @ Central Lake (Michigan) on Thursday, September 3 @ 7p.","/mi/football/game/central-lake-vs-st-mary-cathedral-gaylord/9-3-2026/?c=06acf7f5-2bd8-439e-b6ef-5bbe2be4e5d2","https://www.maxpreps.com/mi/football/game/central-lake-vs-st-mary-cathedral-gaylord/9-3-2026/?c=06acf7f5-2bd8-439e-b6ef-5bbe2be4e5d2",0ed01fd
85,"Cabrini Allen Park vs Ithaca",Football,"Michigan",09/03/2026,07:00 PM,"The Ithaca varsity football team has an away non-conference game @ Cabrini Allen Park (Michigan) on Thursday, September 3 @ 7p.","/mi/football/game/cabrini-allen-park-vs-ithaca/9-3-2026/?c=b78ffd27-d3bf-4835-92a4-8ac8cc4af523","https://www.maxpreps.com/mi/football/game/cabrini-allen-park-vs-ithaca/9-3-2026/?c=b78ffd27-d3bf-4835-92a4-8ac8cc4af523",97fda6e
86,"Imlay City vs Richmond",Football,"Michigan",09/03/2026,07:00 PM,"The Richmond varsity football team has an away non-conference game @ Imlay City (Michigan) on Thursday, September 3 @ 7p.","/mi/football/game/imlay-city-vs-richmond/9-3-2026/?c=ba9cd9b7-5116-4247-b9e7-947894222149","https://www.maxpreps.com/mi/football/game/imlay-city-vs-richmond/9-3-2026/?c=ba9cd9b7-5116-4247-b9e7-947894222149",5bc7780
87,"Allen Park vs Taylor",Football,"Michigan",09/03/2026,07:00 PM,"The Taylor varsity football team has an away non-conference game @ Allen Park (Michigan) on Thursday, September 3 @ 7p.","/mi/football/game/allen-park-vs-taylor/9-3-2026/?c=3f551357-25ef-4eb5-a2e5-dd65fab823f8","https://www.maxpreps.com/mi/football/game/allen-park-vs-taylor/9-3-2026/?c=3f551357-25ef-4eb5-a2e5-dd65fab823f8",d472c31
88,"Farmington vs Walled Lake Northern Commerce",Football,"Michigan",09/03/2026,07:00 PM,"The Walled Lake Northern Commerce varsity football team has an away non-conference game @ Farmington (Michigan) on Thursday, September 3 @ 7p.","/mi/football/game/farmington-vs-walled-lake-northern-commerce/9-3-2026/?c=68e282db-7d12-4e36-b2e3-9bffc653b2b5","https://www.maxpreps.com/mi/football/game/farmington-vs-walled-lake-northern-commerce/9-3-2026/?c=68e282db-7d12-4e36-b2e3-9bffc653b2b5",f79aed9
89,"Airport Carleton vs Jefferson Monroe",Football,"Michigan",09/03/2026,07:00 PM,"The Jefferson Monroe varsity football team has an away non-conference game @ Airport Carleton (Michigan) on Thursday, September 3 @ 7p.","/mi/football/game/airport-carleton-vs-jefferson-monroe/9-3-2026/?c=d2b82005-5bf1-4d0e-8380-4f8f086f0e64","https://www.maxpreps.com/mi/football/game/airport-carleton-vs-jefferson-monroe/9-3-2026/?c=d2b82005-5bf1-4d0e-8380-4f8f086f0e64",44ac7f1
90,"Central Detroit vs Lincoln Warren",Football,"Michigan",09/03/2026,07:00 PM,"The Lincoln Warren varsity football team has an away non-conference game @ Central Detroit (Michigan) on Thursday, September 3 @ 7p.","/mi/football/game/central-detroit-vs-lincoln-warren/9-3-2026/?c=a34067e6-5cd6-445d-a5c3-b5cae1d48f71","https://www.maxpreps.com/mi/football/game/central-detroit-vs-lincoln-warren/9-3-2026/?c=a34067e6-5cd6-445d-a5c3-b5cae1d48f71",a6839a9
91,"Blissfield vs Clinton Redwolves",Football,"Michigan",09/03/2026,07:00 PM,"The Clinton Redwolves varsity football team has an away non-conference game @ Blissfield (Michigan) on Thursday, September 3 @ 7p.","/mi/football/game/blissfield-vs-clinton-redwolves/9-3-2026/?c=6e41b940-8581-46eb-b0d0-f7e6a66dfafe","https://www.maxpreps.com/mi/football/game/blissfield-vs-clinton-redwolves/9-3-2026/?c=6e41b940-8581-46eb-b0d0-f7e6a66dfafe",2edfd69
92,"Kingsley vs Standish Sterling",Football,"Michigan",09/03/2026,07:00 PM,"The Standish Sterling varsity football team has an away non-conference game @ Kingsley (Michigan) on Thursday, September 3 @ 7p.","/mi/football/game/kingsley-vs-standish-sterling/9-3-2026/?c=5222d99b-dfbd-40a6-a606-e0ff296138d2","https://www.maxpreps.com/mi/football/game/kingsley-vs-standish-sterling/9-3-2026/?c=5222d99b-dfbd-40a6-a606-e0ff296138d2",29a1236
93,"Fenton vs Haslett",Football,"Michigan",09/03/2026,07:00 PM,"The Haslett varsity football team has an away non-conference game @ Fenton (Michigan) on Thursday, September 3 @ 7p.","/mi/football/game/fenton-vs-haslett/9-3-2026/?c=9dd0cda1-1220-4379-b660-9449e98913f4","https://www.maxpreps.com/mi/football/game/fenton-vs-haslett/9-3-2026/?c=9dd0cda1-1220-4379-b660-9449e98913f4",e74f100
94,"Fowler vs Lake City",Football,"Michigan",09/03/2026,07:00 PM,"The Lake City varsity football team has an away non-conference game @ Fowler (Michigan) on Thursday, September 3 @ 7p.","/mi/football/game/fowler-vs-lake-city/9-3-2026/?c=26efd097-44e0-4221-979a-f354a4a73836","https://www.maxpreps.com/mi/football/game/fowler-vs-lake-city/9-3-2026/?c=26efd097-44e0-4221-979a-f354a4a73836",347996c
95,"Escanaba vs Gaylord",Football,"Michigan",09/03/2026,07:00 PM,"The Gaylord varsity football team has an away non-conference game @ Escanaba (Michigan) on Thursday, September 3 @ 7p.","/mi/football/game/escanaba-vs-gaylord/9-3-2026/?c=99e4219d-f064-4a56-ac20-8e28765a0ce6","https://www.maxpreps.com/mi/football/game/escanaba-vs-gaylord/9-3-2026/?c=99e4219d-f064-4a56-ac20-8e28765a0ce6",65e4073
96,"Colon vs Lenawee Christian Adrian",Football,"Michigan",09/03/2026,07:00 PM,"The Lenawee Christian Adrian varsity football team has an away non-conference game @ Colon (Michigan) on Thursday, September 3 @ 7p.","/mi/football/game/colon-vs-lenawee-christian-adrian/9-3-2026/?c=212ceba2-2045-4c0c-bb04-4852c2c4db4f","https://www.maxpreps.com/mi/football/game/colon-vs-lenawee-christian-adrian/9-3-2026/?c=212ceba2-2045-4c0c-bb04-4852c2c4db4f",8b79f85
97,"Ionia vs St Johns",Football,"Michigan",09/03/2026,07:00 PM,"The St Johns varsity football team has an away non-conference game @ Ionia (Michigan) on Thursday, September 3 @ 7p.","/mi/football/game/ionia-vs-st-johns/9-3-2026/?c=0be449ce-f933-46a9-8e80-bf653517f443","https://www.maxpreps.com/mi/football/game/ionia-vs-st-johns/9-3-2026/?c=0be449ce-f933-46a9-8e80-bf653517f443",54c76ae
98,"Denby Detroit vs Hamady Flint",Football,"Michigan",09/03/2026,07:00 PM,"The Hamady Flint varsity football team has an away non-conference game @ Denby Detroit (Michigan) on Thursday, September 3 @ 7p.","/mi/football/game/denby-detroit-vs-hamady-flint/9-3-2026/?c=f113033a-9119-4d2a-9850-9978e578ce2b","https://www.maxpreps.com/mi/football/game/denby-detroit-vs-hamady-flint/9-3-2026/?c=f113033a-9119-4d2a-9850-9978e578ce2b",9ed52da
99,"Holly vs Notre Dame Prep Pontiac",Football,"Michigan",09/03/2026,07:00 PM,"The Notre Dame Prep Pontiac varsity football team has an away non-conference game @ Holly (Michigan) on Thursday, September 3 @ 7p.","/mi/football/game/holly-vs-notre-dame-prep-pontiac/9-3-2026/?c=65607f00-12af-4988-9ed3-5cdca4ad9057","https://www.maxpreps.com/mi/football/game/holly-vs-notre-dame-prep-pontiac/9-3-2026/?c=65607f00-12af-4988-9ed3-5cdca4ad9057",87143d5
100,"Roosevelt Wyandotte vs Trenton",Football,"Michigan",09/03/2026,07:00 PM,"The Trenton varsity football team has an away non-conference game @ Roosevelt Wyandotte (Michigan) on Thursday, September 3 @ 7p.","/mi/football/game/roosevelt-wyandotte-vs-trenton/9-3-2026/?c=283476e3-18c4-463c-95a8-a4c7bccfd0ca","https://www.maxpreps.com/mi/football/game/roosevelt-wyandotte-vs-trenton/9-3-2026/?c=283476e3-18c4-463c-95a8-a4c7bccfd0ca",685a786
101,"Evart vs Houghton Lake",Football,"Michigan",09/03/2026,07:00 PM,"The Houghton Lake varsity football team has an away non-conference game @ Evart (Michigan) on Thursday, September 3 @ 7p.","/mi/football/game/evart-vs-houghton-lake/9-3-2026/?c=7801d8be-8749-4f34-802b-45ae20d0b3d0","https://www.maxpreps.com/mi/football/game/evart-vs-houghton-lake/9-3-2026/?c=7801d8be-8749-4f34-802b-45ae20d0b3d0",f97875e
102,"Mumford Detroit vs University Of Detroit Jesuit",Football,"Michigan",09/03/2026,07:00 PM,"The University Of Detroit Jesuit varsity football team has an away non-conference game @ Mumford Detroit (Michigan) on Thursday, September 3 @ 7p.","/mi/football/game/mumford-detroit-vs-university-of-detroit-jesuit/9-3-2026/?c=682d0d51-be48-4b8c-a13a-27fa34cc6bda","https://www.maxpreps.com/mi/football/game/mumford-detroit-vs-university-of-detroit-jesuit/9-3-2026/?c=682d0d51-be48-4b8c-a13a-27fa34cc6bda",8ef093a
103,"Mattawan vs West Ottawa Holland",Football,"Michigan",09/03/2026,07:00 PM,"The West Ottawa Holland varsity football team has an away non-conference game @ Mattawan (Michigan) on Thursday, September 3 @ 7p.","/mi/football/game/mattawan-vs-west-ottawa-holland/9-3-2026/?c=af6e3471-ef42-4495-aceb-18a411a746ca","https://www.maxpreps.com/mi/football/game/mattawan-vs-west-ottawa-holland/9-3-2026/?c=af6e3471-ef42-4495-aceb-18a411a746ca",d1939cd
104,"Paw Paw Red Wolves vs Western Parma",Football,"Michigan",09/03/2026,07:00 PM,"The Western Parma varsity football team has an away non-conference game @ Paw Paw Red Wolves (Michigan) on Thursday, September 3 @ 7p.","/mi/football/game/paw-paw-red-wolves-vs-western-parma/9-3-2026/?c=ce992276-8127-4894-a98b-43c9e325fcbd","https://www.maxpreps.com/mi/football/game/paw-paw-red-wolves-vs-western-parma/9-3-2026/?c=ce992276-8127-4894-a98b-43c9e325fcbd",f97c439
105,"South Lyon East vs Stevenson Livonia",Football,"Michigan",09/03/2026,07:00 PM,"The Stevenson Livonia varsity football team has an away non-conference game @ South Lyon East (Michigan) on Thursday, September 3 @ 7p.","/mi/football/game/south-lyon-east-vs-stevenson-livonia/9-3-2026/?c=5f8a4b60-a54f-43af-8a50-fdf2bb730ab7","https://www.maxpreps.com/mi/football/game/south-lyon-east-vs-stevenson-livonia/9-3-2026/?c=5f8a4b60-a54f-43af-8a50-fdf2bb730ab7",1e578ed
106,"Bullock Creek Midland vs Hemlock",Football,"Michigan",09/03/2026,07:00 PM,"The Hemlock varsity football team has an away non-conference game @ Bullock Creek Midland (Michigan) on Thursday, September 3 @ 7p.","/mi/football/game/bullock-creek-midland-vs-hemlock/9-3-2026/?c=c7ddef74-4db0-4141-b778-799f6ae3e6b0","https://www.maxpreps.com/mi/football/game/bullock-creek-midland-vs-hemlock/9-3-2026/?c=c7ddef74-4db0-4141-b778-799f6ae3e6b0",0942d8f
107,"Garden City vs Melvindale",Football,"Michigan",09/03/2026,07:00 PM,"The Melvindale varsity football team has an away non-conference game @ Garden City (Michigan) on Thursday, September 3 @ 7p.","/mi/football/game/garden-city-vs-melvindale/9-3-2026/?c=e091ca13-237b-4fef-ba11-6606d4bcf836","https://www.maxpreps.com/mi/football/game/garden-city-vs-melvindale/9-3-2026/?c=e091ca13-237b-4fef-ba11-6606d4bcf836",de69eab
108,"Central Battle Creek vs Everett Lansing",Football,"Michigan",09/03/2026,07:00 PM,"The Everett Lansing varsity football team has an away non-conference game @ Central Battle Creek (Michigan) on Thursday, September 3 @ 7p.","/mi/football/game/central-battle-creek-vs-everett-lansing/9-3-2026/?c=437d4324-711b-4822-82fa-7924bbd7c4d9","https://www.maxpreps.com/mi/football/game/central-battle-creek-vs-everett-lansing/9-3-2026/?c=437d4324-711b-4822-82fa-7924bbd7c4d9",b44070f
109,"Brown City vs Dryden",Football,"Michigan",09/03/2026,07:00 PM,"The Dryden varsity football team has an away non-conference game @ Brown City (Michigan) on Thursday, September 3 @ 7p.","/mi/football/game/brown-city-vs-dryden/9-3-2026/?c=6f3e775c-36ee-41a9-990b-ad765753f524","https://www.maxpreps.com/mi/football/game/brown-city-vs-dryden/9-3-2026/?c=6f3e775c-36ee-41a9-990b-ad765753f524",c92e409
110,"Meridian Sanford vs Tri County Area Howard City",Football,"Michigan",09/03/2026,07:00 PM,"The Tri County Area Howard City varsity football team has an away non-conference game @ Meridian Sanford (Michigan) on Thursday, September 3 @ 7p.","/mi/football/game/meridian-sanford-vs-tri-county-area-howard-city/9-3-2026/?c=a01d1879-90ce-49e2-978c-ed903698da0e","https://www.maxpreps.com/mi/football/game/meridian-sanford-vs-tri-county-area-howard-city/9-3-2026/?c=a01d1879-90ce-49e2-978c-ed903698da0e",2b5e691
111,"Corunna vs Fowlerville",Football,"Michigan",09/03/2026,07:00 PM,"The Fowlerville varsity football team has an away non-conference game @ Corunna (Michigan) on Thursday, September 3 @ 7p.","/mi/football/game/corunna-vs-fowlerville/9-3-2026/?c=48f20192-9300-42d0-8b7b-c80b3b043b6f","https://www.maxpreps.com/mi/football/game/corunna-vs-fowlerville/9-3-2026/?c=48f20192-9300-42d0-8b7b-c80b3b043b6f",099f516
112,"Lutheran Northwest Rochester Hills vs Shrine Catholic Royal Oak",Football,"Michigan",09/03/2026,07:00 PM,"The Shrine Catholic Royal Oak varsity football team has an away non-conference game @ Lutheran Northwest Rochester Hills (Michigan) on Thursday, September 3 @ 7p.","/mi/football/game/lutheran-northwest-rochester-hills-vs-shrine-catholic-royal-oak/9-3-2026/?c=1ab80c6a-fd4d-42c0-972b-6b1b7c5fc40b","https://www.maxpreps.com/mi/football/game/lutheran-northwest-rochester-hills-vs-shrine-catholic-royal-oak/9-3-2026/?c=1ab80c6a-fd4d-42c0-972b-6b1b7c5fc40b",5e6af2c
113,"Mona Shores Norton Shores vs Portage Northern",Football,"Michigan",09/03/2026,07:00 PM,"The Portage Northern varsity football team has an away non-conference game @ Mona Shores Norton Shores (Michigan) on Thursday, September 3 @ 7p.","/mi/football/game/mona-shores-norton-shores-vs-portage-northern/9-3-2026/?c=40c2e667-d2e5-4e17-bd2f-833c3f944b65","https://www.maxpreps.com/mi/football/game/mona-shores-norton-shores-vs-portage-northern/9-3-2026/?c=40c2e667-d2e5-4e17-bd2f-833c3f944b65",0f373cd
114,"Coldwater vs Gull Lake Richland",Football,"Michigan",09/03/2026,07:00 PM,"The Gull Lake Richland varsity football team has an away non-conference game @ Coldwater (Michigan) on Thursday, September 3 @ 7p.","/mi/football/game/coldwater-vs-gull-lake-richland/9-3-2026/?c=17748c75-935b-42ac-b257-7f7b1707fab1","https://www.maxpreps.com/mi/football/game/coldwater-vs-gull-lake-richland/9-3-2026/?c=17748c75-935b-42ac-b257-7f7b1707fab1",8bfb685
115,"Bark River Harris vs Gwinn",Football,"Michigan",09/03/2026,07:00 PM,"The Gwinn varsity football team has an away non-conference game @ Bark River Harris (Michigan) on Thursday, September 3 @ 7p.","/mi/football/game/bark-river-harris-vs-gwinn/9-3-2026/?c=d0c0dc6f-eab7-4524-8fed-a8f7ddfca11a","https://www.maxpreps.com/mi/football/game/bark-river-harris-vs-gwinn/9-3-2026/?c=d0c0dc6f-eab7-4524-8fed-a8f7ddfca11a",fa27df0
116,"Center Line vs Clawson",Football,"Michigan",09/03/2026,07:00 PM,"The Clawson varsity football team has an away non-conference game @ Center Line (Michigan) on Thursday, September 3 @ 7p.","/mi/football/game/center-line-vs-clawson/9-3-2026/?c=527756b3-fade-4c16-a89d-27acbbf69669","https://www.maxpreps.com/mi/football/game/center-line-vs-clawson/9-3-2026/?c=527756b3-fade-4c16-a89d-27acbbf69669",4518b79
117,"Hudson vs Onsted",Football,"Michigan",09/03/2026,07:00 PM,"The Onsted varsity football team has an away non-conference game @ Hudson (Michigan) on Thursday, September 3 @ 7p.","/mi/football/game/hudson-vs-onsted/9-3-2026/?c=5e1da14d-7ccf-45b7-9532-250946b108de","https://www.maxpreps.com/mi/football/game/hudson-vs-onsted/9-3-2026/?c=5e1da14d-7ccf-45b7-9532-250946b108de",6ea6204
118,"Marcellus vs Martin",Football,"Michigan",09/03/2026,07:00 PM,"The Martin varsity football team has an away non-conference game @ Marcellus (Michigan) on Thursday, September 3 @ 7p.","/mi/football/game/marcellus-vs-martin/9-3-2026/?c=ffa6a3d0-b230-431a-a420-d620d8230e28","https://www.maxpreps.com/mi/football/game/marcellus-vs-martin/9-3-2026/?c=ffa6a3d0-b230-431a-a420-d620d8230e28",de66286
119,"Mcbain vs Pine River Area Leroy",Football,"Michigan",09/03/2026,07:00 PM,"The Pine River Area Leroy varsity football team has an away non-conference game @ Mcbain (Michigan) on Thursday, September 3 @ 7p.","/mi/football/game/mcbain-vs-pine-river-area-leroy/9-3-2026/?c=90733965-48c0-47b1-b1ca-3c76e425bef2","https://www.maxpreps.com/mi/football/game/mcbain-vs-pine-river-area-leroy/9-3-2026/?c=90733965-48c0-47b1-b1ca-3c76e425bef2",480f830
120,"Columbia Central Brooklyn vs Michigan Center",Football,"Michigan",09/03/2026,07:00 PM,"The Michigan Center varsity football team has an away non-conference game @ Columbia Central Brooklyn (Michigan) on Thursday, September 3 @ 7p.","/mi/football/game/columbia-central-brooklyn-vs-michigan-center/9-3-2026/?c=b09d7eaa-4acc-4725-bdb4-a3556d707018","https://www.maxpreps.com/mi/football/game/columbia-central-brooklyn-vs-michigan-center/9-3-2026/?c=b09d7eaa-4acc-4725-bdb4-a3556d707018",3735a4a
121,"Grand Haven vs Reeths Puffer Muskegon",Football,"Michigan",09/03/2026,07:00 PM,"The Reeths Puffer Muskegon varsity football team has an away non-conference game @ Grand Haven (Michigan) on Thursday, September 3 @ 7p.","/mi/football/game/grand-haven-vs-reeths-puffer-muskegon/9-3-2026/?c=4fa8a4ce-5e31-4a3d-adb0-52c963b4ab18","https://www.maxpreps.com/mi/football/game/grand-haven-vs-reeths-puffer-muskegon/9-3-2026/?c=4fa8a4ce-5e31-4a3d-adb0-52c963b4ab18",ced7ab9
122,"Chesaning vs Lakeville Otisville",Football,"Michigan",09/03/2026,07:00 PM,"The Lakeville Otisville varsity football team has an away non-conference game @ Chesaning (Michigan) on Thursday, September 3 @ 7p.","/mi/football/game/chesaning-vs-lakeville-otisville/9-3-2026/?c=16224a58-38b3-4a01-95b6-ea1fd62807fa","https://www.maxpreps.com/mi/football/game/chesaning-vs-lakeville-otisville/9-3-2026/?c=16224a58-38b3-4a01-95b6-ea1fd62807fa",d72bd9f
123,"Fruitport vs Godwin Heights Wyoming",Football,"Michigan",09/03/2026,07:00 PM,"The Godwin Heights Wyoming varsity football team has an away non-conference game @ Fruitport (Michigan) on Thursday, September 3 @ 7p.","/mi/football/game/fruitport-vs-godwin-heights-wyoming/9-3-2026/?c=27f1b5ad-480d-4d88-847a-0fef272c2706","https://www.maxpreps.com/mi/football/game/fruitport-vs-godwin-heights-wyoming/9-3-2026/?c=27f1b5ad-480d-4d88-847a-0fef272c2706",b41f90e
124,"Lutheran Westland vs Our Lady Of The Lakes Waterford",Football,"Michigan",09/03/2026,07:00 PM,"The Our Lady Of The Lakes Waterford varsity football team has an away non-conference game @ Lutheran Westland (Michigan) on Thursday, September 3 @ 7p.","/mi/football/game/lutheran-westland-vs-our-lady-of-the-lakes-waterford/9-3-2026/?c=84e86138-b839-4caa-b229-0bd92ca404e8","https://www.maxpreps.com/mi/football/game/lutheran-westland-vs-our-lady-of-the-lakes-waterford/9-3-2026/?c=84e86138-b839-4caa-b229-0bd92ca404e8",5fa4c23
125,"Belleville vs Howell",Football,"Michigan",09/03/2026,07:00 PM,"The Howell varsity football team has an away non-conference game @ Belleville (Michigan) on Thursday, September 3 @ 7p.","/mi/football/game/belleville-vs-howell/9-3-2026/?c=c159b5b6-083b-4d49-a8d4-258072b67ec3","https://www.maxpreps.com/mi/football/game/belleville-vs-howell/9-3-2026/?c=c159b5b6-083b-4d49-a8d4-258072b67ec3",0d9b270
126,"Grosse Ile vs Huron New Boston",Football,"Michigan",09/03/2026,07:00 PM,"The Huron New Boston varsity football team has an away non-conference game @ Grosse Ile (Michigan) on Thursday, September 3 @ 7p.","/mi/football/game/grosse-ile-vs-huron-new-boston/9-3-2026/?c=65ff5121-d4c5-4f7a-9108-b378cb11c89b","https://www.maxpreps.com/mi/football/game/grosse-ile-vs-huron-new-boston/9-3-2026/?c=65ff5121-d4c5-4f7a-9108-b378cb11c89b",42373e0
127,"Fordson Dearborn vs Plymouth Canton",Football,"Michigan",09/03/2026,07:00 PM,"The Plymouth Canton varsity football team has an away non-conference game @ Fordson Dearborn (Michigan) on Thursday, September 3 @ 7p.","/mi/football/game/fordson-dearborn-vs-plymouth-canton/9-3-2026/?c=ca03a2cc-8f88-47c6-ba84-4c48ae6b8de6","https://www.maxpreps.com/mi/football/game/fordson-dearborn-vs-plymouth-canton/9-3-2026/?c=ca03a2cc-8f88-47c6-ba84-4c48ae6b8de6",1ed3595
128,"Alpena vs Cadillac",Football,"Michigan",09/03/2026,07:00 PM,"The Cadillac varsity football team has an away non-conference game @ Alpena (Michigan) on Thursday, September 3 @ 7p.","/mi/football/game/alpena-vs-cadillac/9-3-2026/?c=0cad5b98-2a0b-44d7-9d8c-cf7f66ecd019","https://www.maxpreps.com/mi/football/game/alpena-vs-cadillac/9-3-2026/?c=0cad5b98-2a0b-44d7-9d8c-cf7f66ecd019",54a7748
129,"All Saints Central Bay City vs Carsonville Port Sanilac",Football,"Michigan",09/03/2026,07:00 PM,"The Carsonville Port Sanilac varsity football team has an away non-conference game @ All Saints Central Bay City (Michigan) on Thursday, September 3 @ 7p.","/mi/football/game/all-saints-central-bay-city-vs-carsonville-port-sanilac/9-3-2026/?c=8c73c1d2-3544-4d42-a7f8-e2e92862c6bc","https://www.maxpreps.com/mi/football/game/all-saints-central-bay-city-vs-carsonville-port-sanilac/9-3-2026/?c=8c73c1d2-3544-4d42-a7f8-e2e92862c6bc",201fc77
130,"Clio vs Eastern Lansing",Football,"Michigan",09/03/2026,07:00 PM,"The Eastern Lansing varsity football team has an away non-conference game @ Clio (Michigan) on Thursday, September 3 @ 7p.","/mi/football/game/clio-vs-eastern-lansing/9-3-2026/?c=ae6d0a5f-b838-4b52-a494-afb9d8183330","https://www.maxpreps.com/mi/football/game/clio-vs-eastern-lansing/9-3-2026/?c=ae6d0a5f-b838-4b52-a494-afb9d8183330",ff59bb1
131,"Harrison vs White Cloud",Football,"Michigan",09/03/2026,07:00 PM,"The White Cloud varsity football team has an away non-conference game @ Harrison (Michigan) on Thursday, September 3 @ 7p.","/mi/football/game/harrison-vs-white-cloud/9-3-2026/?c=45ee9269-f22b-482b-aaf4-44586e1570d5","https://www.maxpreps.com/mi/football/game/harrison-vs-white-cloud/9-3-2026/?c=45ee9269-f22b-482b-aaf4-44586e1570d5",83e830a
132,"Calumet vs Westwood Ishpeming",Football,"Michigan",09/03/2026,07:00 PM,"The Westwood Ishpeming varsity football team has an away non-conference game @ Calumet (Michigan) on Thursday, September 3 @ 7p.","/mi/football/game/calumet-vs-westwood-ishpeming/9-3-2026/?c=1aed0984-cdea-4b8c-ab7d-bd20ad8a8690","https://www.maxpreps.com/mi/football/game/calumet-vs-westwood-ishpeming/9-3-2026/?c=1aed0984-cdea-4b8c-ab7d-bd20ad8a8690",4ef3eb5
133,"Rapid River vs St Ignace",Football,"Michigan",09/03/2026,07:00 PM,"The St Ignace varsity football team has an away non-conference game @ Rapid River (Michigan) on Thursday, September 3 @ 7p.","/mi/football/game/rapid-river-vs-st-ignace/9-3-2026/?c=d9fd6bfd-4cde-49ca-8331-778b373261bb","https://www.maxpreps.com/mi/football/game/rapid-river-vs-st-ignace/9-3-2026/?c=d9fd6bfd-4cde-49ca-8331-778b373261bb",ec29ebf
134,"Litchfield vs Waldron",Football,"Michigan",09/03/2026,07:00 PM,"The Waldron varsity football team has an away non-conference game @ Litchfield (Michigan) on Thursday, September 3 @ 7p.","/mi/football/game/litchfield-vs-waldron/9-3-2026/?c=bc109a62-085c-4b82-8d63-b17c760a303b","https://www.maxpreps.com/mi/football/game/litchfield-vs-waldron/9-3-2026/?c=bc109a62-085c-4b82-8d63-b17c760a303b",8078a07
135,"Elk Rapids vs Grayling",Football,"Michigan",09/03/2026,07:00 PM,"The Grayling varsity football team has an away non-conference game @ Elk Rapids (Michigan) on Thursday, September 3 @ 7p.","/mi/football/game/elk-rapids-vs-grayling/9-3-2026/?c=41945ff0-7826-4edb-80fd-4bc1a4306bb2","https://www.maxpreps.com/mi/football/game/elk-rapids-vs-grayling/9-3-2026/?c=41945ff0-7826-4edb-80fd-4bc1a4306bb2",d634c39
136,"East English Village Prep Detroit vs Powers Catholic Flint",Football,"Michigan",09/03/2026,07:00 PM,"The Powers Catholic Flint varsity football team has an away non-conference game @ East English Village Prep Detroit (Michigan) on Thursday, September 3 @ 7p.","/mi/football/game/east-english-village-prep-detroit-vs-powers-catholic-flint/9-3-2026/?c=9b8283a1-4775-4512-a370-abdaea2db6df","https://www.maxpreps.com/mi/football/game/east-english-village-prep-detroit-vs-powers-catholic-flint/9-3-2026/?c=9b8283a1-4775-4512-a370-abdaea2db6df",7a46395
137,"Cassopolis vs White Pigeon",Football,"Michigan",09/03/2026,07:00 PM,"The White Pigeon varsity football team has an away non-conference game @ Cassopolis (Michigan) on Thursday, September 3 @ 7p.","/mi/football/game/cassopolis-vs-white-pigeon/9-3-2026/?c=820d029b-f02d-4fa8-abe7-cf9acd0e9e74","https://www.maxpreps.com/mi/football/game/cassopolis-vs-white-pigeon/9-3-2026/?c=820d029b-f02d-4fa8-abe7-cf9acd0e9e74",1316222
138,"Milan vs Riverview",Football,"Michigan",09/03/2026,07:00 PM,"The Riverview varsity football team has an away non-conference game @ Milan (Michigan) on Thursday, September 3 @ 7p.","/mi/football/game/milan-vs-riverview/9-3-2026/?c=5f414db4-56cf-4d80-91a2-e471d245298d","https://www.maxpreps.com/mi/football/game/milan-vs-riverview/9-3-2026/?c=5f414db4-56cf-4d80-91a2-e471d245298d",a875bbf
139,"Chippewa Valley Clinton Township vs Lakeview St Clair Shores",Football,"Michigan",09/03/2026,07:00 PM,"The Lakeview St Clair Shores varsity football team has an away non-conference game @ Chippewa Valley Clinton Township (Michigan) on Thursday, September 3 @ 7p.","/mi/football/game/chippewa-valley-clinton-township-vs-lakeview-st-clair-shores/9-3-2026/?c=dba7c2a8-8f7c-47ad-9aaf-23e6b5607c8f","https://www.maxpreps.com/mi/football/game/chippewa-valley-clinton-township-vs-lakeview-st-clair-shores/9-3-2026/?c=dba7c2a8-8f7c-47ad-9aaf-23e6b5607c8f",c2f7f84
140,"Brighton vs Wayne Memorial",Football,"Michigan",09/03/2026,07:00 PM,"The Wayne Memorial varsity football team has an away non-conference game @ Brighton (Michigan) on Thursday, September 3 @ 7p.","/mi/football/game/brighton-vs-wayne-memorial/9-3-2026/?c=85525c99-3030-4b46-9e1a-8cc87b465a01","https://www.maxpreps.com/mi/football/game/brighton-vs-wayne-memorial/9-3-2026/?c=85525c99-3030-4b46-9e1a-8cc87b465a01",48f4cc0
141,"Frankfort vs Muskegon Catholic Central",Football,"Michigan",09/03/2026,07:00 PM,"The Muskegon Catholic Central varsity football team has an away non-conference game @ Frankfort (Michigan) on Thursday, September 3 @ 7p.","/mi/football/game/frankfort-vs-muskegon-catholic-central/9-3-2026/?c=186c0a6d-14eb-4754-8941-a20a6e6f14d3","https://www.maxpreps.com/mi/football/game/frankfort-vs-muskegon-catholic-central/9-3-2026/?c=186c0a6d-14eb-4754-8941-a20a6e6f14d3",15e47c5
142,"Mt Pleasant vs Saginaw United Trojans",Football,"Michigan",09/03/2026,07:00 PM,"The Saginaw United Trojans varsity football team has an away non-conference game @ Mt Pleasant (Michigan) on Thursday, September 3 @ 7p.","/mi/football/game/mt-pleasant-vs-saginaw-united-trojans/9-3-2026/?c=f2b83675-a9f7-4f46-9a82-9eab564f3874","https://www.maxpreps.com/mi/football/game/mt-pleasant-vs-saginaw-united-trojans/9-3-2026/?c=f2b83675-a9f7-4f46-9a82-9eab564f3874",a585213
143,"Mott Warren vs Utica Eisenhower Shelby Township",Football,"Michigan",09/03/2026,07:00 PM,"The Utica Eisenhower Shelby Township varsity football team has an away non-conference game @ Mott Warren (Michigan) on Thursday, September 3 @ 7p.","/mi/football/game/mott-warren-vs-utica-eisenhower-shelby-township/9-3-2026/?c=b312bd73-3266-4dd5-915c-01e2bd11d68f","https://www.maxpreps.com/mi/football/game/mott-warren-vs-utica-eisenhower-shelby-township/9-3-2026/?c=b312bd73-3266-4dd5-915c-01e2bd11d68f",516d8da
144,"Carlson Gibraltar vs Edsel Ford Dearborn",Football,"Michigan",09/03/2026,07:00 PM,"The Edsel Ford Dearborn varsity football team has an away non-conference game @ Carlson Gibraltar (Michigan) on Thursday, September 3 @ 7p.","/mi/football/game/carlson-gibraltar-vs-edsel-ford-dearborn/9-3-2026/?c=b4c9ba92-8383-4dd9-9107-93353b944a55","https://www.maxpreps.com/mi/football/game/carlson-gibraltar-vs-edsel-ford-dearborn/9-3-2026/?c=b4c9ba92-8383-4dd9-9107-93353b944a55",1f00b0e
145,"Addison vs Manchester",Football,"Michigan",09/03/2026,07:00 PM,"The Manchester varsity football team has an away non-conference game @ Addison (Michigan) on Thursday, September 3 @ 7p.","/mi/football/game/addison-vs-manchester/9-3-2026/?c=482dbafd-b38e-4a41-92db-210ea651d13a","https://www.maxpreps.com/mi/football/game/addison-vs-manchester/9-3-2026/?c=482dbafd-b38e-4a41-92db-210ea651d13a",ac1d341
146,"Clintondale Clinton Township vs Madison Madison Heights",Football,"Michigan",09/03/2026,07:00 PM,"The Madison Madison Heights varsity football team has an away non-conference game @ Clintondale Clinton Township (Michigan) on Thursday, September 3 @ 7p.","/mi/football/game/clintondale-clinton-township-vs-madison-madison-heights/9-3-2026/?c=04db3118-c8f7-4969-ab5a-0e3a9d57cab5","https://www.maxpreps.com/mi/football/game/clintondale-clinton-township-vs-madison-madison-heights/9-3-2026/?c=04db3118-c8f7-4969-ab5a-0e3a9d57cab5",839ca00
147,"Forest Hills Northern Grand Rapids vs Jenison",Football,"Michigan",09/03/2026,07:00 PM,"The Jenison varsity football team has an away non-conference game @ Forest Hills Northern Grand Rapids (Michigan) on Thursday, September 3 @ 7p.","/mi/football/game/forest-hills-northern-grand-rapids-vs-jenison/9-3-2026/?c=489b2773-0898-45e9-b7bc-376ab17337ca","https://www.maxpreps.com/mi/football/game/forest-hills-northern-grand-rapids-vs-jenison/9-3-2026/?c=489b2773-0898-45e9-b7bc-376ab17337ca",700b9f5
148,"Norrix Kalamazoo vs Ottawa Hills Grand Rapids",Football,"Michigan",09/03/2026,07:00 PM,"The Ottawa Hills Grand Rapids varsity football team has an away non-conference game @ Norrix Kalamazoo (Michigan) on Thursday, September 3 @ 7p.","/mi/football/game/norrix-kalamazoo-vs-ottawa-hills-grand-rapids/9-3-2026/?c=5bb6f2de-4785-49a8-bfa1-b0779c429244","https://www.maxpreps.com/mi/football/game/norrix-kalamazoo-vs-ottawa-hills-grand-rapids/9-3-2026/?c=5bb6f2de-4785-49a8-bfa1-b0779c429244",459676f
149,"Berkley vs Groves Beverly Hills",Football,"Michigan",09/03/2026,07:00 PM,"The Groves Beverly Hills varsity football team has an away non-conference game @ Berkley (Michigan) on Thursday, September 3 @ 7p.","/mi/football/game/berkley-vs-groves-beverly-hills/9-3-2026/?c=78642191-a4c9-4b0a-a329-923077da8d54","https://www.maxpreps.com/mi/football/game/berkley-vs-groves-beverly-hills/9-3-2026/?c=78642191-a4c9-4b0a-a329-923077da8d54",d68377e
150,"Milford Highland vs Walled Lake Central",Football,"Michigan",09/03/2026,07:00 PM,"The Walled Lake Central varsity football team has an away non-conference game @ Milford Highland (Michigan) on Thursday, September 3 @ 7p.","/mi/football/game/milford-highland-vs-walled-lake-central/9-3-2026/?c=cefdb6bf-2cec-44b5-a94a-646580bd87fc","https://www.maxpreps.com/mi/football/game/milford-highland-vs-walled-lake-central/9-3-2026/?c=cefdb6bf-2cec-44b5-a94a-646580bd87fc",f482704
151,"Kellogg Delton vs Schoolcraft",Football,"Michigan",09/03/2026,07:00 PM,"The Schoolcraft varsity football team has an away non-conference game @ Kellogg Delton (Michigan) on Thursday, September 3 @ 7p.","/mi/football/game/kellogg-delton-vs-schoolcraft/9-3-2026/?c=043fb0f6-1ab8-4496-a6b2-9b13d11ae250","https://www.maxpreps.com/mi/football/game/kellogg-delton-vs-schoolcraft/9-3-2026/?c=043fb0f6-1ab8-4496-a6b2-9b13d11ae250",db9d210
152,"Mason County Central Scottville vs Shelby",Football,"Michigan",09/03/2026,07:00 PM,"The Shelby varsity football team has an away non-conference game @ Mason County Central Scottville (Michigan) on Thursday, September 3 @ 7p.","/mi/football/game/mason-county-central-scottville-vs-shelby/9-3-2026/?c=e865a62b-8dae-4795-b467-56ec8181dfce","https://www.maxpreps.com/mi/football/game/mason-county-central-scottville-vs-shelby/9-3-2026/?c=e865a62b-8dae-4795-b467-56ec8181dfce",cc66e99
153,"Athens vs North Adams Jerome",Football,"Michigan",09/03/2026,07:00 PM,"The North Adams Jerome varsity football team has an away non-conference game @ Athens (Michigan) on Thursday, September 3 @ 7p.","/mi/football/game/athens-vs-north-adams-jerome/9-3-2026/?c=8b64a5a3-3b31-424b-9f58-f1db31d5ea27","https://www.maxpreps.com/mi/football/game/athens-vs-north-adams-jerome/9-3-2026/?c=8b64a5a3-3b31-424b-9f58-f1db31d5ea27",088e4e2
154,"Charlotte vs Eaton Rapids",Football,"Michigan",09/03/2026,07:00 PM,"The Eaton Rapids varsity football team has an away non-conference game @ Charlotte (Michigan) on Thursday, September 3 @ 7p.","/mi/football/game/charlotte-vs-eaton-rapids/9-3-2026/?c=622809a5-b04d-4c1b-b086-d1fa65d26235","https://www.maxpreps.com/mi/football/game/charlotte-vs-eaton-rapids/9-3-2026/?c=622809a5-b04d-4c1b-b086-d1fa65d26235",7f6b777
155,"Marysville vs Port Huron Red Hawks",Football,"Michigan",09/03/2026,07:00 PM,"The Port Huron Red Hawks varsity football team has an away non-conference game @ Marysville (Michigan) on Thursday, September 3 @ 7p.","/mi/football/game/marysville-vs-port-huron-red-hawks/9-3-2026/?c=b8a6b34c-f956-4375-bc9e-7271f2b5e3ad","https://www.maxpreps.com/mi/football/game/marysville-vs-port-huron-red-hawks/9-3-2026/?c=b8a6b34c-f956-4375-bc9e-7271f2b5e3ad",4770369
156,"Britton Deerfield Tories vs Climax Scotts",Football,"Michigan",09/03/2026,07:00 PM,"The Climax Scotts varsity football team has an away non-conference game @ Britton Deerfield Tories (Michigan) on Thursday, September 3 @ 7p.","/mi/football/game/britton-deerfield-tories-vs-climax-scotts/9-3-2026/?c=13e1f556-2d1e-4007-b3ff-764b24a0f2e8","https://www.maxpreps.com/mi/football/game/britton-deerfield-tories-vs-climax-scotts/9-3-2026/?c=13e1f556-2d1e-4007-b3ff-764b24a0f2e8",1482a8c
157,"Bloomfield Hills vs Lake Orion",Football,"Michigan",09/03/2026,07:00 PM,"The Lake Orion varsity football team has an away non-conference game @ Bloomfield Hills (Michigan) on Thursday, September 3 @ 7p.","/mi/football/game/bloomfield-hills-vs-lake-orion/9-3-2026/?c=ed19534c-ae17-4517-a041-7fbce1ce21d8","https://www.maxpreps.com/mi/football/game/bloomfield-hills-vs-lake-orion/9-3-2026/?c=ed19534c-ae17-4517-a041-7fbce1ce21d8",d1088a6
158,"Millington vs Unionville Sebewaing",Football,"Michigan",09/03/2026,07:00 PM,"The Unionville Sebewaing varsity football team has an away non-conference game @ Millington (Michigan) on Thursday, September 3 @ 7p.","/mi/football/game/millington-vs-unionville-sebewaing/9-3-2026/?c=d05ee2a3-2f19-445c-94f2-40530f228152","https://www.maxpreps.com/mi/football/game/millington-vs-unionville-sebewaing/9-3-2026/?c=d05ee2a3-2f19-445c-94f2-40530f228152",bfe7a77
159,"Coopersville vs West Catholic Grand Rapids",Football,"Michigan",09/03/2026,07:00 PM,"The West Catholic Grand Rapids varsity football team has an away non-conference game @ Coopersville (Michigan) on Thursday, September 3 @ 7p.","/mi/football/game/coopersville-vs-west-catholic-grand-rapids/9-3-2026/?c=05975d61-15d6-4b8a-ae1e-fff8b18f8666","https://www.maxpreps.com/mi/football/game/coopersville-vs-west-catholic-grand-rapids/9-3-2026/?c=05975d61-15d6-4b8a-ae1e-fff8b18f8666",b9c4269
160,"Comstock Park vs Hopkins",Football,"Michigan",09/03/2026,07:00 PM,"The Hopkins varsity football team has an away non-conference game @ Comstock Park (Michigan) on Thursday, September 3 @ 7p.","/mi/football/game/comstock-park-vs-hopkins/9-3-2026/?c=efac42e2-69fe-4170-8b98-5d0df8e66313","https://www.maxpreps.com/mi/football/game/comstock-park-vs-hopkins/9-3-2026/?c=efac42e2-69fe-4170-8b98-5d0df8e66313",a2d28f2
161,"Flushing vs Zeeland East",Football,"Michigan",09/03/2026,07:00 PM,"The Zeeland East varsity football team has an away non-conference game @ Flushing (Michigan) on Thursday, September 3 @ 7p.","/mi/football/game/flushing-vs-zeeland-east/9-3-2026/?c=220e063e-3567-4347-98a4-c5466e1e1122","https://www.maxpreps.com/mi/football/game/flushing-vs-zeeland-east/9-3-2026/?c=220e063e-3567-4347-98a4-c5466e1e1122",3856647
162,"Grant vs Kent City",Football,"Michigan",09/03/2026,07:00 PM,"The Kent City varsity football team has an away non-conference game @ Grant (Michigan) on Thursday, September 3 @ 7p.","/mi/football/game/grant-vs-kent-city/9-3-2026/?c=e96e9817-16fe-4069-bd5a-f1cf64ca28fb","https://www.maxpreps.com/mi/football/game/grant-vs-kent-city/9-3-2026/?c=e96e9817-16fe-4069-bd5a-f1cf64ca28fb",36e2fb5
163,"Bridgeport vs Carrollton",Football,"Michigan",09/03/2026,07:00 PM,"The Carrollton varsity football team has an away non-conference game @ Bridgeport (Michigan) on Thursday, September 3 @ 7p.","/mi/football/game/bridgeport-vs-carrollton/9-3-2026/?c=345593cc-4aaa-44b8-8e7a-92713c6b378c","https://www.maxpreps.com/mi/football/game/bridgeport-vs-carrollton/9-3-2026/?c=345593cc-4aaa-44b8-8e7a-92713c6b378c",fe7eda4
164,"Beaverton vs Michigan Lutheran Seminary Saginaw",Football,"Michigan",09/03/2026,07:00 PM,"The Michigan Lutheran Seminary Saginaw varsity football team has an away non-conference game @ Beaverton (Michigan) on Thursday, September 3 @ 7p.","/mi/football/game/beaverton-vs-michigan-lutheran-seminary-saginaw/9-3-2026/?c=32e43beb-3f0b-412c-ae8e-475ecf46f96c","https://www.maxpreps.com/mi/football/game/beaverton-vs-michigan-lutheran-seminary-saginaw/9-3-2026/?c=32e43beb-3f0b-412c-ae8e-475ecf46f96c",52ff34b
165,"Allendale vs Reed City",Football,"Michigan",09/03/2026,07:00 PM,"The Reed City varsity football team has an away non-conference game @ Allendale (Michigan) on Thursday, September 3 @ 7p.","/mi/football/game/allendale-vs-reed-city/9-3-2026/?c=0c513117-f22b-4f67-857b-1a66ef96d32d","https://www.maxpreps.com/mi/football/game/allendale-vs-reed-city/9-3-2026/?c=0c513117-f22b-4f67-857b-1a66ef96d32d",b13f405
166,"Lakeland White Lake vs North Farmington Farmington Hills",Football,"Michigan",09/03/2026,07:00 PM,"The North Farmington Farmington Hills varsity football team has an away non-conference game @ Lakeland White Lake (Michigan) on Thursday, September 3 @ 7p.","/mi/football/game/lakeland-white-lake-vs-north-farmington-farmington-hills/9-3-2026/?c=bb73c8c8-94c2-4c58-a647-c7bf24e29762","https://www.maxpreps.com/mi/football/game/lakeland-white-lake-vs-north-farmington-farmington-hills/9-3-2026/?c=bb73c8c8-94c2-4c58-a647-c7bf24e29762",4b51cdb
167,"Gobles vs Hartford Huskies",Football,"Michigan",09/03/2026,07:00 PM,"The Hartford Huskies varsity football team has an away non-conference game @ Gobles (Michigan) on Thursday, September 3 @ 7p.","/mi/football/game/gobles-vs-hartford-huskies/9-3-2026/?c=f2d184c2-eb79-4003-b9d9-979e4d38758d","https://www.maxpreps.com/mi/football/game/gobles-vs-hartford-huskies/9-3-2026/?c=f2d184c2-eb79-4003-b9d9-979e4d38758d",30ffdb4
168,"Birch Run vs Ovid Elsie",Football,"Michigan",09/03/2026,07:00 PM,"The Ovid Elsie varsity football team has an away non-conference game @ Birch Run (Michigan) on Thursday, September 3 @ 7p.","/mi/football/game/birch-run-vs-ovid-elsie/9-3-2026/?c=80f385bd-25f2-4591-913a-1f0135f5c397","https://www.maxpreps.com/mi/football/game/birch-run-vs-ovid-elsie/9-3-2026/?c=80f385bd-25f2-4591-913a-1f0135f5c397",d987e82
169,"Allegan vs Hackett Catholic Prep Kalamazoo",Football,"Michigan",09/03/2026,07:00 PM,"The Hackett Catholic Prep Kalamazoo varsity football team has an away non-conference game @ Allegan (Michigan) on Thursday, September 3 @ 7p.","/mi/football/game/allegan-vs-hackett-catholic-prep-kalamazoo/9-3-2026/?c=6309e719-f9af-4bab-a059-4b7759412d01","https://www.maxpreps.com/mi/football/game/allegan-vs-hackett-catholic-prep-kalamazoo/9-3-2026/?c=6309e719-f9af-4bab-a059-4b7759412d01",aa060ea
170,"Montrose vs Mt Morris",Football,"Michigan",09/03/2026,07:00 PM,"The Mt Morris varsity football team has an away non-conference game @ Montrose (Michigan) on Thursday, September 3 @ 7p.","/mi/football/game/montrose-vs-mt-morris/9-3-2026/?c=f20d3250-41a9-4d54-bb64-095394fc989b","https://www.maxpreps.com/mi/football/game/montrose-vs-mt-morris/9-3-2026/?c=f20d3250-41a9-4d54-bb64-095394fc989b",df6ee7f
171,"Parchment vs South Haven",Football,"Michigan",09/03/2026,07:00 PM,"The South Haven varsity football team has an away non-conference game @ Parchment (Michigan) on Thursday, September 3 @ 7p.","/mi/football/game/parchment-vs-south-haven/9-3-2026/?c=f49f4b50-ea60-463a-ba95-49beca9b9707","https://www.maxpreps.com/mi/football/game/parchment-vs-south-haven/9-3-2026/?c=f49f4b50-ea60-463a-ba95-49beca9b9707",52268a6
172,"Pennfield Battle Creek vs Sturgis",Football,"Michigan",09/03/2026,07:00 PM,"The Sturgis varsity football team has an away non-conference game @ Pennfield Battle Creek (Michigan) on Thursday, September 3 @ 7p.","/mi/football/game/pennfield-battle-creek-vs-sturgis/9-3-2026/?c=26e99d57-c141-4416-91ab-d7939ff59f27","https://www.maxpreps.com/mi/football/game/pennfield-battle-creek-vs-sturgis/9-3-2026/?c=26e99d57-c141-4416-91ab-d7939ff59f27",c561a58
173,"Gladwin vs Spring Lake",Football,"Michigan",09/03/2026,07:00 PM,"The Spring Lake varsity football team has an away non-conference game @ Gladwin (Michigan) on Thursday, September 3 @ 7p.","/mi/football/game/gladwin-vs-spring-lake/9-3-2026/?c=fb468ae2-9dbb-41d0-953b-70d69b431f4f","https://www.maxpreps.com/mi/football/game/gladwin-vs-spring-lake/9-3-2026/?c=fb468ae2-9dbb-41d0-953b-70d69b431f4f",0ce08fd
174,"Bellaire vs Engadine",Football,"Michigan",09/03/2026,07:00 PM,"The Engadine varsity football team has an away non-conference game @ Bellaire (Michigan) on Thursday, September 3 @ 7p.","/mi/football/game/bellaire-vs-engadine/9-3-2026/?c=dbc020c8-3c90-430b-b351-89e1c6f63d0f","https://www.maxpreps.com/mi/football/game/bellaire-vs-engadine/9-3-2026/?c=dbc020c8-3c90-430b-b351-89e1c6f63d0f",babb3e6
175,"Bentley Burton vs Byron",Football,"Michigan",09/03/2026,07:00 PM,"The Byron varsity football team has an away non-conference game @ Bentley Burton (Michigan) on Thursday, September 3 @ 7p.","/mi/football/game/bentley-burton-vs-byron/9-3-2026/?c=c68d1065-70ed-4420-9518-6e1627224932","https://www.maxpreps.com/mi/football/game/bentley-burton-vs-byron/9-3-2026/?c=c68d1065-70ed-4420-9518-6e1627224932",b5ba988
176,"Almont vs Armada",Football,"Michigan",09/03/2026,07:00 PM,"The Armada varsity football team has an away non-conference game @ Almont (Michigan) on Thursday, September 3 @ 7p.","/mi/football/game/almont-vs-armada/9-3-2026/?c=04bb4309-65dd-474c-80b6-00ac98b640b6","https://www.maxpreps.com/mi/football/game/almont-vs-armada/9-3-2026/?c=04bb4309-65dd-474c-80b6-00ac98b640b6",0c2e84a
177,"Freeland vs Swan Valley Saginaw",Football,"Michigan",09/03/2026,07:00 PM,"The Swan Valley Saginaw varsity football team has an away non-conference game @ Freeland (Michigan) on Thursday, September 3 @ 7p.","/mi/football/game/freeland-vs-swan-valley-saginaw/9-3-2026/?c=d9ca7c41-b30b-4231-bba5-5170dec201ba","https://www.maxpreps.com/mi/football/game/freeland-vs-swan-valley-saginaw/9-3-2026/?c=d9ca7c41-b30b-4231-bba5-5170dec201ba",b622044
178,"Jonesville vs Leslie",Football,"Michigan",09/03/2026,07:00 PM,"The Leslie varsity football team has an away non-conference game @ Jonesville (Michigan) on Thursday, September 3 @ 7p.","/mi/football/game/jonesville-vs-leslie/9-3-2026/?c=01afaa86-b5d3-421f-9277-0237c0833787","https://www.maxpreps.com/mi/football/game/jonesville-vs-leslie/9-3-2026/?c=01afaa86-b5d3-421f-9277-0237c0833787",67cde6c
179,"Bellevue vs Potterville",Football,"Michigan",09/03/2026,07:00 PM,"The Potterville varsity football team has an away non-conference game @ Bellevue (Michigan) on Thursday, September 3 @ 7p.","/mi/football/game/bellevue-vs-potterville/9-3-2026/?c=affce6aa-79a5-4a1a-b51d-bb55078e4b92","https://www.maxpreps.com/mi/football/game/bellevue-vs-potterville/9-3-2026/?c=affce6aa-79a5-4a1a-b51d-bb55078e4b92",4176782
180,"Akron Fairgrove vs Caseville",Football,"Michigan",09/03/2026,07:00 PM,"The Caseville varsity football team has an away non-conference game @ Akron Fairgrove (Michigan) on Thursday, September 3 @ 7p.","/mi/football/game/akron-fairgrove-vs-caseville/9-3-2026/?c=96ddfffd-ac82-40f9-95f5-d1bd55f54b69","https://www.maxpreps.com/mi/football/game/akron-fairgrove-vs-caseville/9-3-2026/?c=96ddfffd-ac82-40f9-95f5-d1bd55f54b69",af14a29
181,"Thurston Redford vs Traverse City Central",Football,"Michigan",09/03/2026,07:00 PM,"The Traverse City Central varsity football team has an away non-conference game @ Thurston Redford (Michigan) on Thursday, September 3 @ 7p.","/mi/football/game/thurston-redford-vs-traverse-city-central/9-3-2026/?c=973d1a7a-7a83-419f-ade1-9cbf5c2b23ff","https://www.maxpreps.com/mi/football/game/thurston-redford-vs-traverse-city-central/9-3-2026/?c=973d1a7a-7a83-419f-ade1-9cbf5c2b23ff",e297e81
182,"Centreville vs Decatur",Football,"Michigan",09/03/2026,07:00 PM,"The Decatur varsity football team has an away non-conference game @ Centreville (Michigan) on Thursday, September 3 @ 7p.","/mi/football/game/centreville-vs-decatur/9-3-2026/?c=d00e529f-c7e4-4bad-84e6-1babb324a7a0","https://www.maxpreps.com/mi/football/game/centreville-vs-decatur/9-3-2026/?c=d00e529f-c7e4-4bad-84e6-1babb324a7a0",aec7d30
183,"Academy For Business And Tech Melvindale vs Erie Mason",Football,"Michigan",09/03/2026,07:00 PM,"The Erie Mason varsity football team has an away non-conference game @ Academy For Business And Tech Melvindale (Michigan) on Thursday, September 3 @ 7p.","/mi/football/game/academy-for-business-and-tech-melvindale-vs-erie-mason/9-3-2026/?c=9924080d-585a-4d18-8684-7f4c3e3261db","https://www.maxpreps.com/mi/football/game/academy-for-business-and-tech-melvindale-vs-erie-mason/9-3-2026/?c=9924080d-585a-4d18-8684-7f4c3e3261db",ab14848
184,"Dowagiac vs Three Rivers",Football,"Michigan",09/03/2026,07:00 PM,"The Three Rivers varsity football team has an away non-conference game @ Dowagiac (Michigan) on Thursday, September 3 @ 7p.","/mi/football/game/dowagiac-vs-three-rivers/9-3-2026/?c=96c9807a-e505-4151-8b51-dce234688d59","https://www.maxpreps.com/mi/football/game/dowagiac-vs-three-rivers/9-3-2026/?c=96c9807a-e505-4151-8b51-dce234688d59",e4622fa
185,"Homer vs Springport",Football,"Michigan",09/03/2026,07:00 PM,"The Springport varsity football team has an away non-conference game @ Homer (Michigan) on Thursday, September 3 @ 7p.","/mi/football/game/homer-vs-springport/9-3-2026/?c=96569771-5d12-4fc5-b2d4-2642831de4a7","https://www.maxpreps.com/mi/football/game/homer-vs-springport/9-3-2026/?c=96569771-5d12-4fc5-b2d4-2642831de4a7",1f62ab5
186,"Clare vs Sparta",Football,"Michigan",09/03/2026,07:00 PM,"The Sparta varsity football team has an away non-conference game @ Clare (Michigan) on Thursday, September 3 @ 7p.","/mi/football/game/clare-vs-sparta/9-3-2026/?c=5a99da8a-b1d9-479a-8bfe-d938a881d0a0","https://www.maxpreps.com/mi/football/game/clare-vs-sparta/9-3-2026/?c=5a99da8a-b1d9-479a-8bfe-d938a881d0a0",8125583
187,"Royal Oak vs Seaholm Birmingham",Football,"Michigan",09/03/2026,07:00 PM,"The Seaholm Birmingham varsity football team has an away non-conference game @ Royal Oak (Michigan) on Thursday, September 3 @ 7p.","/mi/football/game/royal-oak-vs-seaholm-birmingham/9-3-2026/?c=49568cd2-7c97-4e45-a1c4-cc80da5db119","https://www.maxpreps.com/mi/football/game/royal-oak-vs-seaholm-birmingham/9-3-2026/?c=49568cd2-7c97-4e45-a1c4-cc80da5db119",dcf41e0
188,"Novi vs Salem Canton",Football,"Michigan",09/03/2026,07:00 PM,"The Salem Canton varsity football team has an away non-conference game @ Novi (Michigan) on Thursday, September 3 @ 7p.","/mi/football/game/novi-vs-salem-canton/9-3-2026/?c=59e562c2-27a6-421d-a657-fdfa31530030","https://www.maxpreps.com/mi/football/game/novi-vs-salem-canton/9-3-2026/?c=59e562c2-27a6-421d-a657-fdfa31530030",a98dc2c
189,"Grand Ledge vs Lakeview Battle Creek",Football,"Michigan",09/03/2026,07:00 PM,"The Lakeview Battle Creek varsity football team has an away non-conference game @ Grand Ledge (Michigan) on Thursday, September 3 @ 7p.","/mi/football/game/grand-ledge-vs-lakeview-battle-creek/9-3-2026/?c=4098b4c5-cbce-4be3-8672-ccef1aa118dc","https://www.maxpreps.com/mi/football/game/grand-ledge-vs-lakeview-battle-creek/9-3-2026/?c=4098b4c5-cbce-4be3-8672-ccef1aa118dc",376d758
190,"Bay City Western Auburn vs Linden",Football,"Michigan",09/03/2026,07:00 PM,"The Linden varsity football team has an away non-conference game @ Bay City Western Auburn (Michigan) on Thursday, September 3 @ 7p.","/mi/football/game/bay-city-western-auburn-vs-linden/9-3-2026/?c=d93a2611-329b-4b37-972d-a5149fd33eec","https://www.maxpreps.com/mi/football/game/bay-city-western-auburn-vs-linden/9-3-2026/?c=d93a2611-329b-4b37-972d-a5149fd33eec",104e098
191,"Hamilton vs Thornapple Kellogg Middleville",Football,"Michigan",09/03/2026,07:00 PM,"The Thornapple Kellogg Middleville varsity football team has an away non-conference game @ Hamilton (Michigan) on Thursday, September 3 @ 7p.","/mi/football/game/hamilton-vs-thornapple-kellogg-middleville/9-3-2026/?c=607d7a3a-3f67-4353-ac35-1b225c5624f8","https://www.maxpreps.com/mi/football/game/hamilton-vs-thornapple-kellogg-middleville/9-3-2026/?c=607d7a3a-3f67-4353-ac35-1b225c5624f8",2e0069a
192,"East Lansing vs Hudsonville",Football,"Michigan",09/03/2026,07:00 PM,"The Hudsonville varsity football team has an away non-conference game @ East Lansing (Michigan) on Thursday, September 3 @ 7p.","/mi/football/game/east-lansing-vs-hudsonville/9-3-2026/?c=c3c43deb-081a-4357-bf3b-515c327f44c2","https://www.maxpreps.com/mi/football/game/east-lansing-vs-hudsonville/9-3-2026/?c=c3c43deb-081a-4357-bf3b-515c327f44c2",fac6139
193,"Dewitt vs Mason",Football,"Michigan",09/03/2026,07:00 PM,"The Mason varsity football team has an away non-conference game @ Dewitt (Michigan) on Thursday, September 3 @ 7p.","/mi/football/game/dewitt-vs-mason/9-3-2026/?c=62e8c114-fec8-4158-955d-7a0568dbfd06","https://www.maxpreps.com/mi/football/game/dewitt-vs-mason/9-3-2026/?c=62e8c114-fec8-4158-955d-7a0568dbfd06",5358e08
194,"Mancelona vs Tawas Area Tawas City",Football,"Michigan",09/03/2026,07:00 PM,"The Tawas Area Tawas City varsity football team has an away non-conference game @ Mancelona (Michigan) on Thursday, September 3 @ 7p.","/mi/football/game/mancelona-vs-tawas-area-tawas-city/9-3-2026/?c=23ef3ef2-cc47-43c0-a5e7-fc54d6ff2c02","https://www.maxpreps.com/mi/football/game/mancelona-vs-tawas-area-tawas-city/9-3-2026/?c=23ef3ef2-cc47-43c0-a5e7-fc54d6ff2c02",58bdf78
195,"Bronson vs Stockbridge",Football,"Michigan",09/03/2026,07:00 PM,"The Stockbridge varsity football team has an away non-conference game @ Bronson (Michigan) on Thursday, September 3 @ 7p.","/mi/football/game/bronson-vs-stockbridge/9-3-2026/?c=58d35cfb-d5c0-4e44-9635-7e8b3da4bbbb","https://www.maxpreps.com/mi/football/game/bronson-vs-stockbridge/9-3-2026/?c=58d35cfb-d5c0-4e44-9635-7e8b3da4bbbb",b693669
196,"Bear Lake vs Mesick",Football,"Michigan",09/03/2026,07:00 PM,"The Mesick varsity football team has an away non-conference game @ Bear Lake (Michigan) on Thursday, September 3 @ 7p.","/mi/football/game/bear-lake-vs-mesick/9-3-2026/?c=0fe97e6f-1914-4953-ace1-2729f7eb8b91","https://www.maxpreps.com/mi/football/game/bear-lake-vs-mesick/9-3-2026/?c=0fe97e6f-1914-4953-ace1-2729f7eb8b91",f6e4ad7
197,"Marine City vs Warren Woods Tower",Football,"Michigan",09/03/2026,07:00 PM,"The Warren Woods Tower varsity football team has an away non-conference game @ Marine City (Michigan) on Thursday, September 3 @ 7p.","/mi/football/game/marine-city-vs-warren-woods-tower/9-3-2026/?c=e8a84b52-d875-44a4-b102-73cd44f614a0","https://www.maxpreps.com/mi/football/game/marine-city-vs-warren-woods-tower/9-3-2026/?c=e8a84b52-d875-44a4-b102-73cd44f614a0",dc5cf0a
198,"Benzie Central Benzonia vs Johannesburg Lewiston",Football,"Michigan",09/03/2026,07:00 PM,"The Johannesburg Lewiston varsity football team has an away non-conference game @ Benzie Central Benzonia (Michigan) on Thursday, September 3 @ 7p.","/mi/football/game/benzie-central-benzonia-vs-johannesburg-lewiston/9-3-2026/?c=5ca1e886-8732-4dfe-9545-48122a259330","https://www.maxpreps.com/mi/football/game/benzie-central-benzonia-vs-johannesburg-lewiston/9-3-2026/?c=5ca1e886-8732-4dfe-9545-48122a259330",cb1ca24
199,"Brethren vs Suttons Bay",Football,"Michigan",09/03/2026,07:00 PM,"The Suttons Bay varsity football team has an away non-conference game @ Brethren (Michigan) on Thursday, September 3 @ 7p.","/mi/football/game/brethren-vs-suttons-bay/9-3-2026/?c=3bd6aeb5-f0a0-474b-82a9-20142f1735c2","https://www.maxpreps.com/mi/football/game/brethren-vs-suttons-bay/9-3-2026/?c=3bd6aeb5-f0a0-474b-82a9-20142f1735c2",c66a87d
200,"Hillsdale vs Ida",Football,"Michigan",09/03/2026,07:00 PM,"The Ida varsity football team has an away non-conference game @ Hillsdale (Michigan) on Thursday, September 3 @ 7p.","/mi/football/game/hillsdale-vs-ida/9-3-2026/?c=dffe7560-4a4b-46c0-9bea-637700ef4e29","https://www.maxpreps.com/mi/football/game/hillsdale-vs-ida/9-3-2026/?c=dffe7560-4a4b-46c0-9bea-637700ef4e29",81ff600
201,"Mendon vs Morenci",Football,"Michigan",09/03/2026,07:00 PM,"The Morenci varsity football team has an away non-conference game @ Mendon (Michigan) on Thursday, September 3 @ 7p.","/mi/football/game/mendon-vs-morenci/9-3-2026/?c=cd0fb9fc-db44-4e4e-a8a0-ac0f8fd032e2","https://www.maxpreps.com/mi/football/game/mendon-vs-morenci/9-3-2026/?c=cd0fb9fc-db44-4e4e-a8a0-ac0f8fd032e2",f22cb97
202,"Lake Shore St Clair Shores vs Lanse Creuse North Macomb",Football,"Michigan",09/03/2026,07:00 PM,"The Lanse Creuse North Macomb varsity football team has an away non-conference game @ Lake Shore St Clair Shores (Michigan) on Thursday, September 3 @ 7p.","/mi/football/game/lake-shore-st-clair-shores-vs-lanse-creuse-north-macomb/9-3-2026/?c=fd4fc055-8e28-4708-a41b-a9d71828ce5b","https://www.maxpreps.com/mi/football/game/lake-shore-st-clair-shores-vs-lanse-creuse-north-macomb/9-3-2026/?c=fd4fc055-8e28-4708-a41b-a9d71828ce5b",e21f864
203,"Sterling Heights Stevenson vs Utica",Football,"Michigan",09/03/2026,07:00 PM,"The Utica varsity football team has an away non-conference game @ Sterling Heights Stevenson (Michigan) on Thursday, September 3 @ 7p.","/mi/football/game/sterling-heights-stevenson-vs-utica/9-3-2026/?c=9ee61688-221f-4a3e-a1b7-aa24061a089f","https://www.maxpreps.com/mi/football/game/sterling-heights-stevenson-vs-utica/9-3-2026/?c=9ee61688-221f-4a3e-a1b7-aa24061a089f",8e94e93
204,"Merrill vs Morrice",Football,"Michigan",09/03/2026,07:00 PM,"The Morrice varsity football team has an away non-conference game @ Merrill (Michigan) on Thursday, September 3 @ 7p.","/mi/football/game/merrill-vs-morrice/9-3-2026/?c=c538e21a-e38d-4c92-9f7c-202eb284487c","https://www.maxpreps.com/mi/football/game/merrill-vs-morrice/9-3-2026/?c=c538e21a-e38d-4c92-9f7c-202eb284487c",4f3ad2c
205,"Glenn Westland vs Hartland",Football,"Michigan",09/03/2026,07:00 PM,"The Hartland varsity football team has an away non-conference game @ Glenn Westland (Michigan) on Thursday, September 3 @ 7p.","/mi/football/game/glenn-westland-vs-hartland/9-3-2026/?c=2c16c8ff-de9a-407e-8e0e-f5d2152bad2b","https://www.maxpreps.com/mi/football/game/glenn-westland-vs-hartland/9-3-2026/?c=2c16c8ff-de9a-407e-8e0e-f5d2152bad2b",3dd430d
206,"Carson City Crystal vs Sand Creek",Football,"Michigan",09/03/2026,07:00 PM,"The Sand Creek varsity football team has an away non-conference game @ Carson City Crystal (Michigan) on Thursday, September 3 @ 7p.","/mi/football/game/carson-city-crystal-vs-sand-creek/9-3-2026/?c=1666f6e7-a9b2-46f4-a1e3-5fa411e9e436","https://www.maxpreps.com/mi/football/game/carson-city-crystal-vs-sand-creek/9-3-2026/?c=1666f6e7-a9b2-46f4-a1e3-5fa411e9e436",0899d0b
207,"Brandon Ortonville vs Shepherd",Football,"Michigan",09/03/2026,07:00 PM,"The Shepherd varsity football team has an away non-conference game @ Brandon Ortonville (Michigan) on Thursday, September 3 @ 7p.","/mi/football/game/brandon-ortonville-vs-shepherd/9-3-2026/?c=cc4e769e-7089-4cd0-9dee-44a55e489dde","https://www.maxpreps.com/mi/football/game/brandon-ortonville-vs-shepherd/9-3-2026/?c=cc4e769e-7089-4cd0-9dee-44a55e489dde",509a5b1
208,"Bay City Academy vs Whittemore Prescott",Football,"Michigan",09/03/2026,07:00 PM,"The Whittemore Prescott varsity football team has an away non-conference game @ Bay City Academy (Michigan) on Thursday, September 3 @ 7p.","/mi/football/game/bay-city-academy-vs-whittemore-prescott/9-3-2026/?c=eb89898b-9c01-48e4-a4e3-ffdabe7a8669","https://www.maxpreps.com/mi/football/game/bay-city-academy-vs-whittemore-prescott/9-3-2026/?c=eb89898b-9c01-48e4-a4e3-ffdabe7a8669",deac274
209,"Dundee vs Madison Adrian",Football,"Michigan",09/03/2026,07:00 PM,"The Madison Adrian varsity football team has an away non-conference game @ Dundee (Michigan) on Thursday, September 3 @ 7p.","/mi/football/game/dundee-vs-madison-adrian/9-3-2026/?c=11b5fa00-4cee-4969-ac67-0dbd3b1289e5","https://www.maxpreps.com/mi/football/game/dundee-vs-madison-adrian/9-3-2026/?c=11b5fa00-4cee-4969-ac67-0dbd3b1289e5",30b5aa2
210,"Crestwood Dearborn Heights vs Dearborn",Football,"Michigan",09/03/2026,07:00 PM,"The Dearborn varsity football team has an away non-conference game @ Crestwood Dearborn Heights (Michigan) on Thursday, September 3 @ 7p.","/mi/football/game/crestwood-dearborn-heights-vs-dearborn/9-3-2026/?c=2f09e9b4-22ef-478b-98c7-e20cd398d355","https://www.maxpreps.com/mi/football/game/crestwood-dearborn-heights-vs-dearborn/9-3-2026/?c=2f09e9b4-22ef-478b-98c7-e20cd398d355",86a41b1
211,"Hart vs Montague",Football,"Michigan",09/03/2026,07:00 PM,"The Montague varsity football team has an away non-conference game @ Hart (Michigan) on Thursday, September 3 @ 7p.","/mi/football/game/hart-vs-montague/9-3-2026/?c=984142ca-dd76-4e11-94de-5a2071c233d1","https://www.maxpreps.com/mi/football/game/hart-vs-montague/9-3-2026/?c=984142ca-dd76-4e11-94de-5a2071c233d1",1bbb928
212,"Croswell Lexington vs Lutheran North Macomb",Football,"Michigan",09/03/2026,07:00 PM,"The Lutheran North Macomb varsity football team has an away non-conference game @ Croswell Lexington (Michigan) on Thursday, September 3 @ 7p.","/mi/football/game/croswell-lexington-vs-lutheran-north-macomb/9-3-2026/?c=a7ff9286-4b4d-42e4-a785-a8644238ae4a","https://www.maxpreps.com/mi/football/game/croswell-lexington-vs-lutheran-north-macomb/9-3-2026/?c=a7ff9286-4b4d-42e4-a785-a8644238ae4a",86664fc
213,"Garber Essexville vs Glenn Bay City",Football,"Michigan",09/03/2026,07:00 PM,"The Glenn Bay City varsity football team has an away non-conference game @ Garber Essexville (Michigan) on Thursday, September 3 @ 7p.","/mi/football/game/garber-essexville-vs-glenn-bay-city/9-3-2026/?c=318d094c-f549-4134-98dd-dcba4f97d6a3","https://www.maxpreps.com/mi/football/game/garber-essexville-vs-glenn-bay-city/9-3-2026/?c=318d094c-f549-4134-98dd-dcba4f97d6a3",5017ac0
214,"Northview Grand Rapids vs Vicksburg",Football,"Michigan",09/03/2026,07:00 PM,"The Vicksburg varsity football team has an away non-conference game @ Northview Grand Rapids (Michigan) on Thursday, September 3 @ 7p.","/mi/football/game/northview-grand-rapids-vs-vicksburg/9-3-2026/?c=41b2d455-5786-4375-9d47-789fecef23a3","https://www.maxpreps.com/mi/football/game/northview-grand-rapids-vs-vicksburg/9-3-2026/?c=41b2d455-5786-4375-9d47-789fecef23a3",17d7564
215,"Dow Midland vs Heritage Saginaw",Football,"Michigan",09/03/2026,07:00 PM,"The Heritage Saginaw varsity football team has an away non-conference game @ Dow Midland (Michigan) on Thursday, September 3 @ 7p.","/mi/football/game/dow-midland-vs-heritage-saginaw/9-3-2026/?c=012f56e1-d176-4bbe-9d93-35a324d4c9ae","https://www.maxpreps.com/mi/football/game/dow-midland-vs-heritage-saginaw/9-3-2026/?c=012f56e1-d176-4bbe-9d93-35a324d4c9ae",9bc368b
216,"East Jordan vs Oscoda",Football,"Michigan",09/03/2026,07:00 PM,"The Oscoda varsity football team has an away non-conference game @ East Jordan (Michigan) on Thursday, September 3 @ 7p.","/mi/football/game/east-jordan-vs-oscoda/9-3-2026/?c=12eac2a5-0eef-42db-810a-4774abb68c96","https://www.maxpreps.com/mi/football/game/east-jordan-vs-oscoda/9-3-2026/?c=12eac2a5-0eef-42db-810a-4774abb68c96",ebf9436
217,"Coloma vs Lawton",Football,"Michigan",09/03/2026,07:00 PM,"The Lawton varsity football team has an away non-conference game @ Coloma (Michigan) on Thursday, September 3 @ 7p.","/mi/football/game/coloma-vs-lawton/9-3-2026/?c=4cf807e7-b472-4cd5-874d-1aa46c810881","https://www.maxpreps.com/mi/football/game/coloma-vs-lawton/9-3-2026/?c=4cf807e7-b472-4cd5-874d-1aa46c810881",60b54bc
218,"Lansing Catholic vs Olivet",Football,"Michigan",09/03/2026,07:00 PM,"The Olivet varsity football team has an away non-conference game @ Lansing Catholic (Michigan) on Thursday, September 3 @ 7p.","/mi/football/game/lansing-catholic-vs-olivet/9-3-2026/?c=24076662-2e40-4212-ac8b-672808684597","https://www.maxpreps.com/mi/football/game/lansing-catholic-vs-olivet/9-3-2026/?c=24076662-2e40-4212-ac8b-672808684597",295df35
219,"East Jackson vs Quincy",Football,"Michigan",09/03/2026,07:00 PM,"The Quincy varsity football team has an away non-conference game @ East Jackson (Michigan) on Thursday, September 3 @ 7p.","/mi/football/game/east-jackson-vs-quincy/9-3-2026/?c=57b1f54e-72cb-4b49-9118-68f0b0475f8e","https://www.maxpreps.com/mi/football/game/east-jackson-vs-quincy/9-3-2026/?c=57b1f54e-72cb-4b49-9118-68f0b0475f8e",8cf292c
220,"Lincoln King Academy Detroit vs Southeastern Detroit",Football,"Michigan",09/03/2026,07:00 PM,"The Southeastern Detroit varsity football team has an away non-conference game @ Lincoln King Academy Detroit (Michigan) on Thursday, September 3 @ 7p.","/mi/football/game/lincoln-king-academy-detroit-vs-southeastern-detroit/9-3-2026/?c=4c74363c-4e29-46b5-8916-8e285b109ee1","https://www.maxpreps.com/mi/football/game/lincoln-king-academy-detroit-vs-southeastern-detroit/9-3-2026/?c=4c74363c-4e29-46b5-8916-8e285b109ee1",32e8060
221,"New Haven vs South Lake St Clair Shores",Football,"Michigan",09/03/2026,07:00 PM,"The South Lake St Clair Shores varsity football team has an away non-conference game @ New Haven (Michigan) on Thursday, September 3 @ 7p.","/mi/football/game/new-haven-vs-south-lake-st-clair-shores/9-3-2026/?c=815cab9c-d27f-40ee-8dd2-1be35688164a","https://www.maxpreps.com/mi/football/game/new-haven-vs-south-lake-st-clair-shores/9-3-2026/?c=815cab9c-d27f-40ee-8dd2-1be35688164a",7145723
222,"Cousino Warren vs Grosse Pointe North",Football,"Michigan",09/03/2026,07:00 PM,"The Grosse Pointe North varsity football team has an away non-conference game @ Cousino Warren (Michigan) on Thursday, September 3 @ 7p.","/mi/football/game/cousino-warren-vs-grosse-pointe-north/9-3-2026/?c=4b6c1ad5-f9c0-42b8-9002-5bb52e040f83","https://www.maxpreps.com/mi/football/game/cousino-warren-vs-grosse-pointe-north/9-3-2026/?c=4b6c1ad5-f9c0-42b8-9002-5bb52e040f83",40dd607
223,"Algonac vs Hazel Park",Football,"Michigan",09/03/2026,07:00 PM,"The Hazel Park varsity football team has an away non-conference game @ Algonac (Michigan) on Thursday, September 3 @ 7p.","/mi/football/game/algonac-vs-hazel-park/9-3-2026/?c=9c323abf-c222-43f3-bb36-97606c4b3cb5","https://www.maxpreps.com/mi/football/game/algonac-vs-hazel-park/9-3-2026/?c=9c323abf-c222-43f3-bb36-97606c4b3cb5",98db09d
224,"Coleman vs Southfield Christian",Football,"Michigan",09/03/2026,07:00 PM,"The Southfield Christian varsity football team has an away non-conference game @ Coleman (Michigan) on Thursday, September 3 @ 7p.","/mi/football/game/coleman-vs-southfield-christian/9-3-2026/?c=9242006d-f3e0-4abd-965f-664244db023d","https://www.maxpreps.com/mi/football/game/coleman-vs-southfield-christian/9-3-2026/?c=9242006d-f3e0-4abd-965f-664244db023d",3ee9e1d
225,"Cedarville vs Forest Area Fife Lake",Football,"Michigan",09/03/2026,07:00 PM,"The Forest Area Fife Lake varsity football team has an away non-conference game @ Cedarville (Michigan) on Thursday, September 3 @ 7p.","/mi/football/game/cedarville-vs-forest-area-fife-lake/9-3-2026/?c=22ed5b82-1454-411b-a718-f22a5668f11d","https://www.maxpreps.com/mi/football/game/cedarville-vs-forest-area-fife-lake/9-3-2026/?c=22ed5b82-1454-411b-a718-f22a5668f11d",87afe91
226,"Hesperia vs Manistee Mariners",Football,"Michigan",09/03/2026,07:00 PM,"The Manistee Mariners varsity football team has an away non-conference game @ Hesperia (Michigan) on Thursday, September 3 @ 7p.","/mi/football/game/hesperia-vs-manistee-mariners/9-3-2026/?c=ac7b6c05-d117-41c2-96a9-937d7050dbee","https://www.maxpreps.com/mi/football/game/hesperia-vs-manistee-mariners/9-3-2026/?c=ac7b6c05-d117-41c2-96a9-937d7050dbee",89ad469
227,"Inland Lakes Indian River vs Onaway",Football,"Michigan",09/03/2026,07:00 PM,"The Onaway varsity football team has an away non-conference game @ Inland Lakes Indian River (Michigan) on Thursday, September 3 @ 7p.","/mi/football/game/inland-lakes-indian-river-vs-onaway/9-3-2026/?c=65c804fd-b490-41ff-a178-a30f38e52451","https://www.maxpreps.com/mi/football/game/inland-lakes-indian-river-vs-onaway/9-3-2026/?c=65c804fd-b490-41ff-a178-a30f38e52451",ec639f4
228,"Fulton Middleton vs St Charles",Football,"Michigan",09/03/2026,07:00 PM,"The St Charles varsity football team has an away non-conference game @ Fulton Middleton (Michigan) on Thursday, September 3 @ 7p.","/mi/football/game/fulton-middleton-vs-st-charles/9-3-2026/?c=ce3dede5-f9a4-4929-b193-40a87195585a","https://www.maxpreps.com/mi/football/game/fulton-middleton-vs-st-charles/9-3-2026/?c=ce3dede5-f9a4-4929-b193-40a87195585a",d792133
229,"Bath vs Galesburg Augusta",Football,"Michigan",09/03/2026,07:00 PM,"The Galesburg Augusta varsity football team has an away non-conference game @ Bath (Michigan) on Thursday, September 3 @ 7p.","/mi/football/game/bath-vs-galesburg-augusta/9-3-2026/?c=7b1e9065-d4cf-4b07-8928-a830b9f6832f","https://www.maxpreps.com/mi/football/game/bath-vs-galesburg-augusta/9-3-2026/?c=7b1e9065-d4cf-4b07-8928-a830b9f6832f",2edf629
230,"Glen Lake Maple City vs Harbor Springs",Football,"Michigan",09/03/2026,07:00 PM,"The Harbor Springs varsity football team has an away non-conference game @ Glen Lake Maple City (Michigan) on Thursday, September 3 @ 7p.","/mi/football/game/glen-lake-maple-city-vs-harbor-springs/9-3-2026/?c=9a27c440-0de9-4787-be1f-7a1099f66b52","https://www.maxpreps.com/mi/football/game/glen-lake-maple-city-vs-harbor-springs/9-3-2026/?c=9a27c440-0de9-4787-be1f-7a1099f66b52",c4d56cf
231,"Montabella Blanchard vs St Patrick Portland",Football,"Michigan",09/03/2026,07:00 PM,"The St Patrick Portland varsity football team has an away non-conference game @ Montabella Blanchard (Michigan) on Thursday, September 3 @ 7p.","/mi/football/game/montabella-blanchard-vs-st-patrick-portland/9-3-2026/?c=3ccea037-3b44-494b-929b-ce2aeca75aaa","https://www.maxpreps.com/mi/football/game/montabella-blanchard-vs-st-patrick-portland/9-3-2026/?c=3ccea037-3b44-494b-929b-ce2aeca75aaa",f8e2866
232,"Fremont vs Whitehall",Football,"Michigan",09/03/2026,07:00 PM,"The Whitehall varsity football team has an away non-conference game @ Fremont (Michigan) on Thursday, September 3 @ 7p.","/mi/football/game/fremont-vs-whitehall/9-3-2026/?c=bba462d9-8a94-41f3-be29-87e7f0fc2ff3","https://www.maxpreps.com/mi/football/game/fremont-vs-whitehall/9-3-2026/?c=bba462d9-8a94-41f3-be29-87e7f0fc2ff3",e634d60
233,"Anderson Southgate vs Lincoln Park",Football,"Michigan",09/03/2026,07:00 PM,"The Lincoln Park varsity football team has an away non-conference game @ Anderson Southgate (Michigan) on Thursday, September 3 @ 7p.","/mi/football/game/anderson-southgate-vs-lincoln-park/9-3-2026/?c=41cf5651-7707-4826-a3bc-e6f9794970d7","https://www.maxpreps.com/mi/football/game/anderson-southgate-vs-lincoln-park/9-3-2026/?c=41cf5651-7707-4826-a3bc-e6f9794970d7",b131d7a
234,"Huron Ann Arbor vs Woodhaven Brownstown",Football,"Michigan",09/03/2026,07:00 PM,"The Woodhaven Brownstown varsity football team has an away non-conference game @ Huron Ann Arbor (Michigan) on Thursday, September 3 @ 7p.","/mi/football/game/huron-ann-arbor-vs-woodhaven-brownstown/9-3-2026/?c=9063cafd-62d6-45c4-b6b1-ad51095e5056","https://www.maxpreps.com/mi/football/game/huron-ann-arbor-vs-woodhaven-brownstown/9-3-2026/?c=9063cafd-62d6-45c4-b6b1-ad51095e5056",5aa514a
235,"Adrian vs Northwest Jackson",Football,"Michigan",09/03/2026,07:00 PM,"The Northwest Jackson varsity football team has an away non-conference game @ Adrian (Michigan) on Thursday, September 3 @ 7p.","/mi/football/game/adrian-vs-northwest-jackson/9-3-2026/?c=f2917187-3a6a-4af1-bd6b-824d6b77e81b","https://www.maxpreps.com/mi/football/game/adrian-vs-northwest-jackson/9-3-2026/?c=f2917187-3a6a-4af1-bd6b-824d6b77e81b",bd7c6d7
236,"Bedford Temperance vs Pioneer Ann Arbor",Football,"Michigan",09/03/2026,07:00 PM,"The Pioneer Ann Arbor varsity football team has an away non-conference game @ Bedford Temperance (Michigan) on Thursday, September 3 @ 7p.","/mi/football/game/bedford-temperance-vs-pioneer-ann-arbor/9-3-2026/?c=e450fb81-1925-408c-8ce9-7657994a0c30","https://www.maxpreps.com/mi/football/game/bedford-temperance-vs-pioneer-ann-arbor/9-3-2026/?c=e450fb81-1925-408c-8ce9-7657994a0c30",bc7d661
237,"Hastings vs Williamston",Football,"Michigan",09/03/2026,07:00 PM,"The Williamston varsity football team has an away non-conference game @ Hastings (Michigan) on Thursday, September 3 @ 7p.","/mi/football/game/hastings-vs-williamston/9-3-2026/?c=95d75815-a157-4f08-9cf1-03eaea222b55","https://www.maxpreps.com/mi/football/game/hastings-vs-williamston/9-3-2026/?c=95d75815-a157-4f08-9cf1-03eaea222b55",73c9979
238,"Burr Oak vs Pittsford",Football,"Michigan",09/03/2026,07:00 PM,"The Pittsford varsity football team has an away non-conference game @ Burr Oak (Michigan) on Thursday, September 3 @ 7p.","/mi/football/game/burr-oak-vs-pittsford/9-3-2026/?c=9491eea2-3524-442c-9300-509eb3bdfaa1","https://www.maxpreps.com/mi/football/game/burr-oak-vs-pittsford/9-3-2026/?c=9491eea2-3524-442c-9300-509eb3bdfaa1",40afa0b
239,"Alcona Lincoln vs Pellston",Football,"Michigan",09/03/2026,07:00 PM,"The Pellston varsity football team has an away non-conference game @ Alcona Lincoln (Michigan) on Thursday, September 3 @ 7p.","/mi/football/game/alcona-lincoln-vs-pellston/9-3-2026/?c=166849cb-e7a1-43e8-8f0a-b1e915feaaa3","https://www.maxpreps.com/mi/football/game/alcona-lincoln-vs-pellston/9-3-2026/?c=166849cb-e7a1-43e8-8f0a-b1e915feaaa3",48a3df8
