1,"Covington Catholic vs St. Xavier",Boys Soccer,"Kentucky",9/29/2026,12:00am,"The Covington Catholic varsity soccer team has an away non-conference match @  St. Xavier (Louisville, KY) on Tuesday, September 29.","/ky/soccer/match/covington-catholic-park-hills-vs-st-xavier-louisville/9-29-2026/?c=0014bc27-08d7-4cd1-a55a-aca65a306aa2","https://www.maxpreps.com/ky/soccer/match/covington-catholic-park-hills-vs-st-xavier-louisville/9-29-2026/?c=0014bc27-08d7-4cd1-a55a-aca65a306aa2","/soccer/ky/14ca?9/29/2026","Covington Catholic","Colonels","https://www.maxpreps.com/ky/covington-catholic-park-hills/soccer/","https://www.maxpreps.com/ky/st-xavier-louisville/soccer/","https://hsfootball.net/proxy.php?url=https%3A%2F%2Fimage.maxpreps.io%2Fschool-mascot%2F2%2F3%2Fd%2F23deb242-e4ef-41b0-a1c8-ffceb86d100e.gif%3Fversion%3D637618448400000000%26amp%3Bwidth%3D128%26amp%3Bheight%3D128%26amp%3Bauto%3Dwebp%26amp%3Bformat%3Dpjpg","https://hsfootball.net/proxy.php?url=https%3A%2F%2Fimage.maxpreps.io%2Fschool-mascot%2F6%2Ff%2Fd%2F6fd2176b-408c-4fa6-a097-094cdba695e5.gif%3Fversion%3D635300784000000000%26amp%3Bwidth%3D128%26amp%3Bheight%3D128%26amp%3Bauto%3Dwebp%26amp%3Bformat%3Dpjpg","boy"
2,"Highlands Latin vs Christian Academy-Louisville",Boys Soccer,"Kentucky",9/29/2026,7:30pm,"The Highlands Latin varsity soccer team has an away non-conference match @  Christian Academy-Louisville (Louisville, KY) on Tuesday, September 29 @ 7:30p.","/ky/soccer/match/christian-academy-louisville-vs-highlands-latin-louisville/9-29-2026/?c=c60c4223-a428-4c48-984a-e23391ec8549","https://www.maxpreps.com/ky/soccer/match/christian-academy-louisville-vs-highlands-latin-louisville/9-29-2026/?c=c60c4223-a428-4c48-984a-e23391ec8549","/soccer/ky/16ea?9/29/2026","Highlands Latin","Highlanders","https://www.maxpreps.com/ky/christian-academy-louisville/soccer/","https://www.maxpreps.com/ky/highlands-latin-louisville/soccer/","https://hsfootball.net/proxy.php?url=https%3A%2F%2Fimage.maxpreps.io%2Fschool-mascot%2F7%2Fb%2Fd%2F7bdb83ca-e257-431c-8e3c-28e6d2c15cd8.gif%3Fversion%3D635309245200000000%26amp%3Bwidth%3D128%26amp%3Bheight%3D128%26amp%3Bauto%3Dwebp%26amp%3Bformat%3Dpjpg","https://hsfootball.net/proxy.php?url=https%3A%2F%2Fimage.maxpreps.io%2Fschool-mascot%2F7%2Fb%2Fd%2F7bdb83ca-e257-431c-8e3c-28e6d2c15cd8.gif%3Fversion%3D635309245200000000%26amp%3Bwidth%3D32%26amp%3Bheight%3D32%26amp%3Bauto%3Dwebp%26amp%3Bformat%3Dpjpg","boy"
3,"Paul Laurence Dunbar vs Trinity",Boys Soccer,"Kentucky",9/29/2026,7:30pm,"The Paul Laurence Dunbar varsity soccer team has an away non-conference match @  Trinity (Louisville, KY) on Tuesday, September 29 @ 7:30p.","/ky/soccer/match/paul-laurence-dunbar-lexington-vs-trinity-louisville/9-29-2026/?c=4da8166b-b7f4-4322-9c2d-a0c6950fc3a1","https://www.maxpreps.com/ky/soccer/match/paul-laurence-dunbar-lexington-vs-trinity-louisville/9-29-2026/?c=4da8166b-b7f4-4322-9c2d-a0c6950fc3a1","/soccer/ky/14a7?9/29/2026","Paul Laurence Dunbar","Bulldogs","https://www.maxpreps.com/ky/paul-laurence-dunbar-lexington/soccer/","https://www.maxpreps.com/ky/trinity-louisville/soccer/","https://hsfootball.net/proxy.php?url=https%3A%2F%2Fimage.maxpreps.io%2Fschool-mascot%2Fa%2F9%2F1%2Fa917ed01-0adf-4ef6-a31e-a8250e72291a.gif%3Fversion%3D634290791400000000%26amp%3Bwidth%3D128%26amp%3Bheight%3D128%26amp%3Bauto%3Dwebp%26amp%3Bformat%3Dpjpg","https://hsfootball.net/proxy.php?url=https%3A%2F%2Fimage.maxpreps.io%2Fschool-mascot%2F6%2F8%2F7%2F687384b7-6d3f-47cc-b983-ef07b585923c.gif%3Fversion%3D634237857600000000%26amp%3Bwidth%3D128%26amp%3Bheight%3D128%26amp%3Bauto%3Dwebp%26amp%3Bformat%3Dpjpg","boy"
4,"Russell County vs Elizabethtown",Boys Soccer,"Kentucky",9/29/2026,5:30pm,"The Russell County varsity soccer team has an away non-conference match @  Elizabethtown (KY) on Tuesday, September 29 @ 5:30p.","/ky/soccer/match/elizabethtown-vs-russell-county-russell-springs/9-29-2026/?c=8cbe4a78-ad43-4822-a4d1-fb77bbd1f243","https://www.maxpreps.com/ky/soccer/match/elizabethtown-vs-russell-county-russell-springs/9-29-2026/?c=8cbe4a78-ad43-4822-a4d1-fb77bbd1f243","/soccer/ky/1306?9/29/2026","Russell County","Lakers","https://www.maxpreps.com/ky/elizabethtown/soccer/","https://www.maxpreps.com/ky/russell-county-russell-springs/soccer/","https://hsfootball.net/proxy.php?url=https%3A%2F%2Fimage.maxpreps.io%2Fschool-mascot%2Fa%2F6%2Fc%2Fa6c9cce6-32f5-42b3-a73a-f69e6bebb6b8.gif%3Fversion%3D635743675800000000%26amp%3Bwidth%3D128%26amp%3Bheight%3D128%26amp%3Bauto%3Dwebp%26amp%3Bformat%3Dpjpg","https://hsfootball.net/proxy.php?url=https%3A%2F%2Fimage.maxpreps.io%2Fschool-mascot%2Fa%2F3%2F4%2Fa34ed4c4-b722-4789-af4c-c2246facd25e.gif%3Fversion%3D635207046000000000%26amp%3Bwidth%3D128%26amp%3Bheight%3D128%26amp%3Bauto%3Dwebp%26amp%3Bformat%3Dpjpg","boy"
5,"Western vs Central",Boys Soccer,"Kentucky",9/29/2026,6:00pm,"The Western varsity soccer team has an away non-conference match @  Central (Louisville, KY) on Tuesday, September 29 @ 6p.","/ky/soccer/match/central-louisville-vs-western-louisville/9-29-2026/?c=5fe08595-5284-454a-a883-f182bdd251be","https://www.maxpreps.com/ky/soccer/match/central-louisville-vs-western-louisville/9-29-2026/?c=5fe08595-5284-454a-a883-f182bdd251be","/soccer/ky/101e?9/29/2026","Western","Warriors","https://www.maxpreps.com/ky/central-louisville/soccer/","https://www.maxpreps.com/ky/western-louisville/soccer/","https://hsfootball.net/proxy.php?url=https%3A%2F%2Fimage.maxpreps.io%2Fschool-mascot%2F0%2Fb%2Fb%2F0bb06652-56b4-4fc2-97d0-0c7bb9978671.gif%3Fversion%3D636409093200000000%26amp%3Bwidth%3D128%26amp%3Bheight%3D128%26amp%3Bauto%3Dwebp%26amp%3Bformat%3Dpjpg","https://hsfootball.net/proxy.php?url=https%3A%2F%2Fimage.maxpreps.io%2Fschool-mascot%2F6%2Fd%2Fe%2F6de561c7-20b3-49b5-97da-f051eca31a79.gif%3Fversion%3D636255981000000000%26amp%3Bwidth%3D128%26amp%3Bheight%3D128%26amp%3Bauto%3Dwebp%26amp%3Bformat%3Dpjpg","boy"
6,"Shelby Valley vs Pikeville",Boys Soccer,"Kentucky",9/29/2026,6:00pm,"The Shelby Valley varsity soccer team has an away conference match @  Pikeville (KY) on Tuesday, September 29 @ 6p.","/ky/soccer/match/pikeville-vs-shelby-valley-pikeville/9-29-2026/?c=35267c17-a5df-457a-b267-43002e1cca13","https://www.maxpreps.com/ky/soccer/match/pikeville-vs-shelby-valley-pikeville/9-29-2026/?c=35267c17-a5df-457a-b267-43002e1cca13","/soccer/ky/e3b?9/29/2026","Shelby Valley","Wildcats","https://www.maxpreps.com/ky/pikeville/soccer/","https://www.maxpreps.com/ky/shelby-valley-pikeville/soccer/","https://hsfootball.net/proxy.php?url=https%3A%2F%2Fimage.maxpreps.io%2Fschool-mascot%2F3%2F7%2F1%2F371fee75-040b-480b-855e-7711217b3789.gif%3Fversion%3D636246345600000000%26amp%3Bwidth%3D128%26amp%3Bheight%3D128%26amp%3Bauto%3Dwebp%26amp%3Bformat%3Dpjpg","https://hsfootball.net/proxy.php?url=https%3A%2F%2Fimage.maxpreps.io%2Fschool-mascot%2F5%2Fe%2Fe%2F5eedf12e-69e7-47a0-a5c4-dcce97efa985.gif%3Fversion%3D636286075800000000%26amp%3Bwidth%3D128%26amp%3Bheight%3D128%26amp%3Bauto%3Dwebp%26amp%3Bformat%3Dpjpg","boy"
7,"St. Mary vs Mayfield",Boys Soccer,"Kentucky",9/29/2026,6:00pm,"The St. Mary varsity soccer team has an away non-conference match @  Mayfield (KY) on Tuesday, September 29 @ 6p.","/ky/soccer/match/mayfield-vs-st-mary-paducah/9-29-2026/?c=22b9450b-8aeb-477d-bd03-59174bd1fac3","https://www.maxpreps.com/ky/soccer/match/mayfield-vs-st-mary-paducah/9-29-2026/?c=22b9450b-8aeb-477d-bd03-59174bd1fac3","/soccer/ky/a5e?9/29/2026","St. Mary","Vikings","https://www.maxpreps.com/ky/mayfield/soccer/","https://www.maxpreps.com/ky/st-mary-paducah/soccer/","https://hsfootball.net/proxy.php?url=https%3A%2F%2Fimage.maxpreps.io%2Fschool-mascot%2F9%2Fd%2F4%2F9d457b36-9148-4cdb-a19a-caed742370ca.gif%3Fversion%3D637063816800000000%26amp%3Bwidth%3D128%26amp%3Bheight%3D128%26amp%3Bauto%3Dwebp%26amp%3Bformat%3Dpjpg","https://hsfootball.net/proxy.php?url=https%3A%2F%2Fimage.maxpreps.io%2Fschool-mascot%2F9%2Fd%2F4%2F9d457b36-9148-4cdb-a19a-caed742370ca.gif%3Fversion%3D637063816800000000%26amp%3Bwidth%3D32%26amp%3Bheight%3D32%26amp%3Bauto%3Dwebp%26amp%3Bformat%3Dpjpg","boy"
8,"St. Patrick vs Walton-Verona",Boys Soccer,"Kentucky",9/29/2026,6:00pm,"The St. Patrick varsity soccer team has an away non-conference match @  Walton-Verona (Walton, KY) on Tuesday, September 29 @ 6p.","/ky/soccer/match/st-patrick-maysville-vs-walton-verona/9-29-2026/?c=83104688-9449-4bd3-8cbc-51ac3c3c973d","https://www.maxpreps.com/ky/soccer/match/st-patrick-maysville-vs-walton-verona/9-29-2026/?c=83104688-9449-4bd3-8cbc-51ac3c3c973d","/soccer/ky/e95?9/29/2026","St. Patrick","Saints","https://www.maxpreps.com/ky/st-patrick-maysville/soccer/","https://www.maxpreps.com/ky/walton-verona/soccer/","https://hsfootball.net/proxy.php?url=https%3A%2F%2Fimage.maxpreps.io%2Fschool-mascot%2F1%2F9%2F3%2F1930ac24-f7e2-4592-8b82-005f7f92f888.gif%3Fversion%3D639075186353166220%26amp%3Bwidth%3D128%26amp%3Bheight%3D128%26amp%3Bauto%3Dwebp%26amp%3Bformat%3Dpjpg","https://hsfootball.net/proxy.php?url=https%3A%2F%2Fimage.maxpreps.io%2Fschool-mascot%2F6%2F3%2Fd%2F63d25425-3d44-4a21-bd1d-c0076addb115.gif%3Fversion%3D636093099000000000%26amp%3Bwidth%3D128%26amp%3Bheight%3D128%26amp%3Bauto%3Dwebp%26amp%3Bformat%3Dpjpg","boy"
9,"Pulaski County vs South Laurel",Boys Soccer,"Kentucky",9/29/2026,6:00pm,"The Pulaski County varsity soccer team has an away non-conference match @  South Laurel (London, KY) on Tuesday, September 29 @ 6p.","/ky/soccer/match/pulaski-county-somerset-vs-south-laurel-london/9-29-2026/?c=e65ebfdb-0996-4da3-82da-ac285e933330","https://www.maxpreps.com/ky/soccer/match/pulaski-county-somerset-vs-south-laurel-london/9-29-2026/?c=e65ebfdb-0996-4da3-82da-ac285e933330","/soccer/ky/1246?9/29/2026","Pulaski County","Maroons","https://www.maxpreps.com/ky/pulaski-county-somerset/soccer/","https://www.maxpreps.com/ky/south-laurel-london/soccer/","https://hsfootball.net/proxy.php?url=https%3A%2F%2Fimage.maxpreps.io%2Fschool-mascot%2Fa%2F9%2F4%2Fa9479b9c-0d4e-4ff2-a201-2150f92d72bd.gif%3Fversion%3D635843457000000000%26amp%3Bwidth%3D128%26amp%3Bheight%3D128%26amp%3Bauto%3Dwebp%26amp%3Bformat%3Dpjpg","https://hsfootball.net/proxy.php?url=https%3A%2F%2Fimage.maxpreps.io%2Fschool-mascot%2F2%2F6%2F5%2F265b20c6-dcbe-46af-b5f6-8ddb4e30d1df.gif%3Fversion%3D634402640400000000%26amp%3Bwidth%3D128%26amp%3Bheight%3D128%26amp%3Bauto%3Dwebp%26amp%3Bformat%3Dpjpg","boy"
10,"Sayre vs Francis Parker",Boys Soccer,"Kentucky",9/29/2026,6:00pm,"The Sayre varsity soccer team has an away non-conference match @  Francis Parker (Louisville, KY) on Tuesday, September 29 @ 6p.","/ky/soccer/match/francis-parker-louisville-vs-sayre-lexington/9-29-2026/?c=0dc306b8-f666-49f5-be50-5a69473fff18","https://www.maxpreps.com/ky/soccer/match/francis-parker-louisville-vs-sayre-lexington/9-29-2026/?c=0dc306b8-f666-49f5-be50-5a69473fff18","/soccer/ky/1179?9/29/2026","Sayre","Spartans","https://www.maxpreps.com/ky/francis-parker-louisville/soccer/","https://www.maxpreps.com/ky/sayre-lexington/soccer/","https://hsfootball.net/proxy.php?url=https%3A%2F%2Fimage.maxpreps.io%2Fschool-mascot%2F7%2Fc%2F3%2F7c3c7bd3-6e08-4c3f-b042-2c10544c34c4.gif%3Fversion%3D636306177600000000%26amp%3Bwidth%3D128%26amp%3Bheight%3D128%26amp%3Bauto%3Dwebp%26amp%3Bformat%3Dpjpg","https://hsfootball.net/proxy.php?url=https%3A%2F%2Fimage.maxpreps.io%2Fschool-mascot%2F7%2Fc%2F3%2F7c3c7bd3-6e08-4c3f-b042-2c10544c34c4.gif%3Fversion%3D636306177600000000%26amp%3Bwidth%3D32%26amp%3Bheight%3D32%26amp%3Bauto%3Dwebp%26amp%3Bformat%3Dpjpg","boy"
11,"Model vs Danville",Boys Soccer,"Kentucky",9/29/2026,6:00pm,"The Model varsity soccer team has an away non-conference match @  Danville (KY) on Tuesday, September 29 @ 6p.","/ky/soccer/match/danville-vs-model-richmond/9-29-2026/?c=3cbe1196-94b7-467d-b204-18090cdd2526","https://www.maxpreps.com/ky/soccer/match/danville-vs-model-richmond/9-29-2026/?c=3cbe1196-94b7-467d-b204-18090cdd2526","/soccer/ky/a24?9/29/2026","Model","Patriots","https://www.maxpreps.com/ky/danville/soccer/","https://www.maxpreps.com/ky/model-richmond/soccer/","https://hsfootball.net/proxy.php?url=https%3A%2F%2Fimage.maxpreps.io%2Fschool-mascot%2F4%2F2%2Ff%2F42fc927d-da21-441c-b283-df42316eef6e.gif%3Fversion%3D637741103400000000%26amp%3Bwidth%3D128%26amp%3Bheight%3D128%26amp%3Bauto%3Dwebp%26amp%3Bformat%3Dpjpg","https://hsfootball.net/proxy.php?url=https%3A%2F%2Fimage.maxpreps.io%2Fschool-mascot%2F6%2Ff%2Ff%2F6ffb58a1-1453-41c7-a2b7-aee4eb73509d.gif%3Fversion%3D636300057600000000%26amp%3Bwidth%3D128%26amp%3Bheight%3D128%26amp%3Bauto%3Dwebp%26amp%3Bformat%3Dpjpg","boy"
12,"Harrison County vs Walton-Verona",Boys Soccer,"Kentucky",9/29/2026,6:00pm,"The Harrison County varsity soccer team has an away non-conference match @  Walton-Verona (Walton, KY) on Tuesday, September 29 @ 6p.","/ky/soccer/match/harrison-county-cynthiana-vs-walton-verona/9-29-2026/?c=e393a336-66c0-418b-95ef-f05b0881477a","https://www.maxpreps.com/ky/soccer/match/harrison-county-cynthiana-vs-walton-verona/9-29-2026/?c=e393a336-66c0-418b-95ef-f05b0881477a","/soccer/ky/10b1?9/29/2026","Harrison County","Thorobreds/Fillies","https://www.maxpreps.com/ky/harrison-county-cynthiana/soccer/","https://www.maxpreps.com/ky/walton-verona/soccer/","https://hsfootball.net/proxy.php?url=https%3A%2F%2Fimage.maxpreps.io%2Fschool-mascot%2Fc%2Fc%2F4%2Fcc45fd08-4314-4603-b60b-5f8b986c4cd6.gif%3Fversion%3D637526140800000000%26amp%3Bwidth%3D128%26amp%3Bheight%3D128%26amp%3Bauto%3Dwebp%26amp%3Bformat%3Dpjpg","https://hsfootball.net/proxy.php?url=https%3A%2F%2Fimage.maxpreps.io%2Fschool-mascot%2F6%2F3%2Fd%2F63d25425-3d44-4a21-bd1d-c0076addb115.gif%3Fversion%3D636093099000000000%26amp%3Bwidth%3D128%26amp%3Bheight%3D128%26amp%3Bauto%3Dwebp%26amp%3Bformat%3Dpjpg","boy"
13,"Villa Madonna vs Williamstown",Boys Soccer,"Kentucky",9/29/2026,6:00pm,"The Villa Madonna varsity soccer team has an away non-conference match @  Williamstown (KY) on Tuesday, September 29 @ 6p.","/ky/soccer/match/villa-madonna-covington-vs-williamstown/9-29-2026/?c=cf431906-9b4d-4f62-8958-53af363b69e0","https://www.maxpreps.com/ky/soccer/match/villa-madonna-covington-vs-williamstown/9-29-2026/?c=cf431906-9b4d-4f62-8958-53af363b69e0","/soccer/ky/f94?9/29/2026","Villa Madonna","Vikings","https://www.maxpreps.com/ky/villa-madonna-covington/soccer/","https://www.maxpreps.com/ky/williamstown/soccer/","https://hsfootball.net/proxy.php?url=https%3A%2F%2Fimage.maxpreps.io%2Fschool-mascot%2F5%2Ff%2Fe%2F5fe31a71-7d9b-4afd-8199-df6e027db185.gif%3Fversion%3D637387793400000000%26amp%3Bwidth%3D128%26amp%3Bheight%3D128%26amp%3Bauto%3Dwebp%26amp%3Bformat%3Dpjpg","https://hsfootball.net/proxy.php?url=https%3A%2F%2Fimage.maxpreps.io%2Fschool-mascot%2F3%2Fa%2F3%2F3a3d2fd0-dd33-4060-b4ff-d0d35e2bfd1c.gif%3Fversion%3D637066516200000000%26amp%3Bwidth%3D128%26amp%3Bheight%3D128%26amp%3Bauto%3Dwebp%26amp%3Bformat%3Dpjpg","boy"
14,"Walden vs Frankfort Christian Academy",Boys Soccer,"Kentucky",9/29/2026,6:00pm,"The Walden varsity soccer team has an away non-conference match @  Frankfort Christian Academy (Frankfort, KY) on Tuesday, September 29 @ 6p.","/ky/soccer/match/frankfort-christian-academy-vs-walden-louisville/9-29-2026/?c=5edc39de-f6c4-4661-b45e-a0bdd389225b","https://www.maxpreps.com/ky/soccer/match/frankfort-christian-academy-vs-walden-louisville/9-29-2026/?c=5edc39de-f6c4-4661-b45e-a0bdd389225b","/soccer/ky/12f3?9/29/2026","Walden","Wolverines","https://www.maxpreps.com/ky/frankfort-christian-academy/soccer/","https://www.maxpreps.com/ky/walden-louisville/soccer/","https://hsfootball.net/proxy.php?url=https%3A%2F%2Fasset.maxpreps.io%2Fincludes%2Fimages%2Flogos%2Fmaxpreps-logo-white-2025.png","https://hsfootball.net/proxy.php?url=https%3A%2F%2Fasset.maxpreps.io%2Fincludes%2Freact%2Fplay-on-logo.png","boy"
15,"Monroe County vs Larue County",Boys Soccer,"Kentucky",9/29/2026,6:00pm,"The Monroe County varsity soccer team has an away non-conference match @  Larue County (Hodgenville, KY) on Tuesday, September 29 @ 6p.","/ky/soccer/match/larue-county-hodgenville-vs-monroe-county-tompkinsville/9-29-2026/?c=282c64a0-ea6e-4a0b-9d85-f44677fd5bf2","https://www.maxpreps.com/ky/soccer/match/larue-county-hodgenville-vs-monroe-county-tompkinsville/9-29-2026/?c=282c64a0-ea6e-4a0b-9d85-f44677fd5bf2","/soccer/ky/1606?9/29/2026","Monroe County","Falcons","https://www.maxpreps.com/ky/larue-county-hodgenville/soccer/","https://www.maxpreps.com/ky/monroe-county-tompkinsville/soccer/","https://hsfootball.net/proxy.php?url=https%3A%2F%2Fimage.maxpreps.io%2Fschool-mascot%2Fc%2Fa%2F7%2Fca79deb2-f4e5-421d-a624-f249d81116fd.gif%3Fversion%3D635448158400000000%26amp%3Bwidth%3D128%26amp%3Bheight%3D128%26amp%3Bauto%3Dwebp%26amp%3Bformat%3Dpjpg","https://hsfootball.net/proxy.php?url=https%3A%2F%2Fimage.maxpreps.io%2Fschool-mascot%2F7%2F2%2Fe%2F72e9d8c6-e4e4-4955-a745-640805f72138.gif%3Fversion%3D636075463200000000%26amp%3Bwidth%3D128%26amp%3Bheight%3D128%26amp%3Bauto%3Dwebp%26amp%3Bformat%3Dpjpg","boy"
16,"Shelby County vs Gallatin County",Boys Soccer,"Kentucky",9/29/2026,6:00pm,"The Shelby County varsity soccer team has an away non-conference match @  Gallatin County (Warsaw, KY) on Tuesday, September 29 @ 6p.","/ky/soccer/match/gallatin-county-warsaw-vs-shelby-county-shelbyville/9-29-2026/?c=64223788-32cf-44bb-96e1-87b19792afc3","https://www.maxpreps.com/ky/soccer/match/gallatin-county-warsaw-vs-shelby-county-shelbyville/9-29-2026/?c=64223788-32cf-44bb-96e1-87b19792afc3","/soccer/ky/1446?9/29/2026","Shelby County","Rockets","https://www.maxpreps.com/ky/gallatin-county-warsaw/soccer/","https://www.maxpreps.com/ky/shelby-county-shelbyville/soccer/","https://hsfootball.net/proxy.php?url=https%3A%2F%2Fimage.maxpreps.io%2Fschool-mascot%2F6%2F4%2F2%2F642191a8-70f8-4601-b371-eead21e7e55b.gif%3Fversion%3D635843457000000000%26amp%3Bwidth%3D128%26amp%3Bheight%3D128%26amp%3Bauto%3Dwebp%26amp%3Bformat%3Dpjpg","https://hsfootball.net/proxy.php?url=https%3A%2F%2Fimage.maxpreps.io%2Fschool-mascot%2F9%2Fe%2Ff%2F9efb5eee-ec00-4e18-992e-82f9acd7d6be.gif%3Fversion%3D637056163800000000%26amp%3Bwidth%3D128%26amp%3Bheight%3D128%26amp%3Bauto%3Dwebp%26amp%3Bformat%3Dpjpg","boy"
17,"Shawnee vs Fort Knox",Boys Soccer,"Kentucky",9/29/2026,6:00pm,"The Shawnee varsity soccer team has an away non-conference match @  Fort Knox (KY) on Tuesday, September 29 @ 6p.","/ky/soccer/match/fort-knox-vs-shawnee-louisville/9-29-2026/?c=a657413b-7d50-40f6-8154-26be8408c044","https://www.maxpreps.com/ky/soccer/match/fort-knox-vs-shawnee-louisville/9-29-2026/?c=a657413b-7d50-40f6-8154-26be8408c044","/soccer/ky/c4b?9/29/2026","Shawnee","Golden Eagles","https://www.maxpreps.com/ky/fort-knox/soccer/","https://www.maxpreps.com/ky/shawnee-louisville/soccer/","https://hsfootball.net/proxy.php?url=https%3A%2F%2Fimage.maxpreps.io%2Fschool-mascot%2F9%2F5%2F9%2F9596c282-919a-449b-8dcc-f3b4783ce227.gif%3Fversion%3D635760100200000000%26amp%3Bwidth%3D128%26amp%3Bheight%3D128%26amp%3Bauto%3Dwebp%26amp%3Bformat%3Dpjpg","https://hsfootball.net/proxy.php?url=https%3A%2F%2Fimage.maxpreps.io%2Fschool-mascot%2F4%2F7%2F5%2F475eec9a-e4eb-4399-9d93-4e334320d182.gif%3Fversion%3D637055199600000000%26amp%3Bwidth%3D128%26amp%3Bheight%3D128%26amp%3Bauto%3Dwebp%26amp%3Bformat%3Dpjpg","boy"
18,"Veritas Christian Academy vs Estill County",Boys Soccer,"Kentucky",9/29/2026,6:00pm,"The Veritas Christian Academy varsity soccer team has an away non-conference match @  Estill County (Irvine, KY) on Tuesday, September 29 @ 6p.","/ky/soccer/match/estill-county-irvine-vs-veritas-christian-academy-lexington/9-29-2026/?c=791e33a7-baa5-4ab7-a6dd-1df6fa04fddd","https://www.maxpreps.com/ky/soccer/match/estill-county-irvine-vs-veritas-christian-academy-lexington/9-29-2026/?c=791e33a7-baa5-4ab7-a6dd-1df6fa04fddd","/soccer/ky/174f?9/29/2026","Veritas Christian Academy","Patriots","https://www.maxpreps.com/ky/estill-county-irvine/soccer/","https://www.maxpreps.com/ky/veritas-christian-academy-lexington/soccer/","https://hsfootball.net/proxy.php?url=https%3A%2F%2Fimage.maxpreps.io%2Fschool-mascot%2F6%2Fc%2F9%2F6c94f3b9-2d6b-485b-be84-7c27cab37320.gif%3Fversion%3D635673801000000000%26amp%3Bwidth%3D128%26amp%3Bheight%3D128%26amp%3Bauto%3Dwebp%26amp%3Bformat%3Dpjpg","https://hsfootball.net/proxy.php?url=https%3A%2F%2Fimage.maxpreps.io%2Fschool-mascot%2F6%2Fc%2F9%2F6c94f3b9-2d6b-485b-be84-7c27cab37320.gif%3Fversion%3D635673801000000000%26amp%3Bwidth%3D32%26amp%3Bheight%3D32%26amp%3Bauto%3Dwebp%26amp%3Bformat%3Dpjpg","boy"
19,"Johnson Central vs Perry County Central",Boys Soccer,"Kentucky",9/29/2026,6:30pm,"The Johnson Central varsity soccer team has an away non-conference match @  Perry County Central (Hazard, KY) on Tuesday, September 29 @ 6:30p.","/ky/soccer/match/johnson-central-paintsville-vs-perry-county-central-hazard/9-29-2026/?c=3a8d6419-37dc-4e7f-8566-cf6cfd0ec744","https://www.maxpreps.com/ky/soccer/match/johnson-central-paintsville-vs-perry-county-central-hazard/9-29-2026/?c=3a8d6419-37dc-4e7f-8566-cf6cfd0ec744","/soccer/ky/16ee?9/29/2026","Johnson Central","Golden Eagles","https://www.maxpreps.com/ky/johnson-central-paintsville/soccer/","https://www.maxpreps.com/ky/perry-county-central-hazard/soccer/","https://hsfootball.net/proxy.php?url=https%3A%2F%2Fimage.maxpreps.io%2Fschool-mascot%2F9%2F9%2Fb%2F99baeeb9-4576-416b-84fc-0fb39dbc912a.gif%3Fversion%3D635564044200000000%26amp%3Bwidth%3D128%26amp%3Bheight%3D128%26amp%3Bauto%3Dwebp%26amp%3Bformat%3Dpjpg","https://hsfootball.net/proxy.php?url=https%3A%2F%2Fimage.maxpreps.io%2Fschool-mascot%2Fb%2Fa%2F1%2Fba18ba03-8aee-4801-85cb-87248caba3da.gif%3Fversion%3D635083789800000000%26amp%3Bwidth%3D128%26amp%3Bheight%3D128%26amp%3Bauto%3Dwebp%26amp%3Bformat%3Dpjpg","boy"
20,"Montgomery County vs Blazer",Boys Soccer,"Kentucky",9/29/2026,6:30pm,"The Montgomery County varsity soccer team has an away non-conference match @  Blazer (Ashland, KY) on Tuesday, September 29 @ 6:30p.","/ky/soccer/match/blazer-ashland-vs-montgomery-county-mt-sterling/9-29-2026/?c=83abdd66-221d-463b-8bb4-0be6da6c9e12","https://www.maxpreps.com/ky/soccer/match/blazer-ashland-vs-montgomery-county-mt-sterling/9-29-2026/?c=83abdd66-221d-463b-8bb4-0be6da6c9e12","/soccer/ky/128e?9/29/2026","Montgomery County","Indians","https://www.maxpreps.com/ky/blazer-ashland/soccer/","https://www.maxpreps.com/ky/montgomery-county-mt-sterling/soccer/","https://hsfootball.net/proxy.php?url=https%3A%2F%2Fimage.maxpreps.io%2Fschool-mascot%2F1%2F1%2Fc%2F11c899fc-2dc4-4aac-a836-525fa8fb377e.gif%3Fversion%3D635144256600000000%26amp%3Bwidth%3D128%26amp%3Bheight%3D128%26amp%3Bauto%3Dwebp%26amp%3Bformat%3Dpjpg","https://hsfootball.net/proxy.php?url=https%3A%2F%2Fimage.maxpreps.io%2Fschool-mascot%2F0%2F7%2Ff%2F07f0d4bb-ac58-42af-9670-9d597444c233.gif%3Fversion%3D635362624200000000%26amp%3Bwidth%3D128%26amp%3Bheight%3D128%26amp%3Bauto%3Dwebp%26amp%3Bformat%3Dpjpg","boy"
21,"Harlan County vs Prestonsburg",Boys Soccer,"Kentucky",9/29/2026,6:30pm,"The Harlan County varsity soccer team has an away non-conference match @  Prestonsburg (KY) on Tuesday, September 29 @ 6:30p.","/ky/soccer/match/harlan-county-vs-prestonsburg/9-29-2026/?c=1272a65d-d0b3-4717-93d2-e8863564c621","https://www.maxpreps.com/ky/soccer/match/harlan-county-vs-prestonsburg/9-29-2026/?c=1272a65d-d0b3-4717-93d2-e8863564c621","/soccer/ky/bb6?9/29/2026","Harlan County","Black Bears","https://www.maxpreps.com/ky/harlan-county/soccer/","https://www.maxpreps.com/ky/prestonsburg/soccer/","https://hsfootball.net/proxy.php?url=https%3A%2F%2Fimage.maxpreps.io%2Fschool-mascot%2Fd%2Ff%2Fe%2Fdfe78835-870d-4d61-9043-281d3a5e8faf.gif%3Fversion%3D637464830400000000%26amp%3Bwidth%3D128%26amp%3Bheight%3D128%26amp%3Bauto%3Dwebp%26amp%3Bformat%3Dpjpg","https://hsfootball.net/proxy.php?url=https%3A%2F%2Fimage.maxpreps.io%2Fschool-mascot%2F0%2F5%2Fa%2F05a68fe0-c4aa-4da3-a3e0-e349da78c2f0.gif%3Fversion%3D638731309906207270%26amp%3Bwidth%3D128%26amp%3Bheight%3D128%26amp%3Bauto%3Dwebp%26amp%3Bformat%3Dpjpg","boy"
22,"Menifee County vs Powell County",Boys Soccer,"Kentucky",9/29/2026,6:30pm,"The Menifee County varsity soccer team has an away non-conference match @  Powell County (Stanton, KY) on Tuesday, September 29 @ 6:30p.","/ky/soccer/match/menifee-county-frenchburg-vs-powell-county-stanton/9-29-2026/?c=9d9a02a7-403b-480b-a821-4a8c6f524802","https://www.maxpreps.com/ky/soccer/match/menifee-county-frenchburg-vs-powell-county-stanton/9-29-2026/?c=9d9a02a7-403b-480b-a821-4a8c6f524802","/soccer/ky/13d4?9/29/2026","Menifee County","Wildcats","https://www.maxpreps.com/ky/menifee-county-frenchburg/soccer/","https://www.maxpreps.com/ky/powell-county-stanton/soccer/","https://hsfootball.net/proxy.php?url=https%3A%2F%2Fimage.maxpreps.io%2Fschool-mascot%2F8%2Fd%2F9%2F8d9a4449-989b-40b9-9c13-4db29c178bcf.gif%3Fversion%3D637050010200000000%26amp%3Bwidth%3D128%26amp%3Bheight%3D128%26amp%3Bauto%3Dwebp%26amp%3Bformat%3Dpjpg","https://hsfootball.net/proxy.php?url=https%3A%2F%2Fimage.maxpreps.io%2Fschool-mascot%2Fd%2Ff%2F6%2Fdf6ec92e-7d37-4c6b-8921-dc683b6f086d.gif%3Fversion%3D639035591991781090%26amp%3Bwidth%3D128%26amp%3Bheight%3D128%26amp%3Bauto%3Dwebp%26amp%3Bformat%3Dpjpg","boy"
23,"Oneida Baptist Institute vs Whitley County",Boys Soccer,"Kentucky",9/29/2026,6:30pm,"The Oneida Baptist Institute varsity soccer team has an away conference match @  Whitley County (Williamsburg, KY) on Tuesday, September 29 @ 6:30p.","/ky/soccer/match/oneida-baptist-institute-vs-whitley-county-williamsburg/9-29-2026/?c=a869d326-dd08-40c4-90c4-3b0738f1ed10","https://www.maxpreps.com/ky/soccer/match/oneida-baptist-institute-vs-whitley-county-williamsburg/9-29-2026/?c=a869d326-dd08-40c4-90c4-3b0738f1ed10","/soccer/ky/1601?9/29/2026","Oneida Baptist Institute","Mountanieers","https://www.maxpreps.com/ky/oneida-baptist-institute/soccer/","https://www.maxpreps.com/ky/whitley-county-williamsburg/soccer/","https://hsfootball.net/proxy.php?url=https%3A%2F%2Fimage.maxpreps.io%2Fschool-mascot%2Fb%2F1%2F1%2Fb11d19b7-1356-443e-a5ef-3257835341d0.gif%3Fversion%3D637729155600000000%26amp%3Bwidth%3D128%26amp%3Bheight%3D128%26amp%3Bauto%3Dwebp%26amp%3Bformat%3Dpjpg","https://hsfootball.net/proxy.php?url=https%3A%2F%2Fimage.maxpreps.io%2Fschool-mascot%2Fa%2F5%2F8%2Fa58f5d31-d1f6-4dc3-8165-5b0df578ee19.gif%3Fversion%3D636292332600000000%26amp%3Bwidth%3D128%26amp%3Bheight%3D128%26amp%3Bauto%3Dwebp%26amp%3Bformat%3Dpjpg","boy"
24,"Wolfe County vs Bath County",Boys Soccer,"Kentucky",9/29/2026,6:30pm,"The Wolfe County varsity soccer team has an away non-conference match @  Bath County (Owingsville, KY) on Tuesday, September 29 @ 6:30p.","/ky/soccer/match/bath-county-owingsville-vs-wolfe-county-campton/9-29-2026/?c=28674e68-2e29-4f17-94b5-30d3305c0b45","https://www.maxpreps.com/ky/soccer/match/bath-county-owingsville-vs-wolfe-county-campton/9-29-2026/?c=28674e68-2e29-4f17-94b5-30d3305c0b45","/soccer/ky/129c?9/29/2026","Wolfe County","Wolves","https://www.maxpreps.com/ky/bath-county-owingsville/soccer/","https://www.maxpreps.com/ky/wolfe-county-campton/soccer/","https://hsfootball.net/proxy.php?url=https%3A%2F%2Fimage.maxpreps.io%2Fschool-mascot%2F7%2F9%2F9%2F79989f9b-adba-44ea-8c6f-6fcb3a27975d.gif%3Fversion%3D636263002200000000%26amp%3Bwidth%3D128%26amp%3Bheight%3D128%26amp%3Bauto%3Dwebp%26amp%3Bformat%3Dpjpg","https://hsfootball.net/proxy.php?url=https%3A%2F%2Fimage.maxpreps.io%2Fschool-mascot%2F7%2F9%2F9%2F79989f9b-adba-44ea-8c6f-6fcb3a27975d.gif%3Fversion%3D636263002200000000%26amp%3Bwidth%3D32%26amp%3Bheight%3D32%26amp%3Bauto%3Dwebp%26amp%3Bformat%3Dpjpg","boy"
25,"Clinton County vs Wayne County",Boys Soccer,"Kentucky",9/29/2026,6:30pm,"The Clinton County varsity soccer team has an away non-conference match @  Wayne County (Monticello, KY) on Tuesday, September 29 @ 6:30p.","/ky/soccer/match/clinton-county-albany-vs-wayne-county-monticello/9-29-2026/?c=1414f27b-adff-4ca9-a6e8-17ac21c71efb","https://www.maxpreps.com/ky/soccer/match/clinton-county-albany-vs-wayne-county-monticello/9-29-2026/?c=1414f27b-adff-4ca9-a6e8-17ac21c71efb","/soccer/ky/1303?9/29/2026","Clinton County","Bulldogs","https://www.maxpreps.com/ky/clinton-county-albany/soccer/","https://www.maxpreps.com/ky/wayne-county-monticello/soccer/","https://hsfootball.net/proxy.php?url=https%3A%2F%2Fimage.maxpreps.io%2Fschool-mascot%2F8%2F8%2F5%2F8857be3c-2ef6-4c2e-8fa7-cb13f9d28854.gif%3Fversion%3D634221422400000000%26amp%3Bwidth%3D128%26amp%3Bheight%3D128%26amp%3Bauto%3Dwebp%26amp%3Bformat%3Dpjpg","https://hsfootball.net/proxy.php?url=https%3A%2F%2Fimage.maxpreps.io%2Fschool-mascot%2F5%2F4%2F9%2F54985db1-649b-464f-a791-7d7d82f3a774.gif%3Fversion%3D635893188600000000%26amp%3Bwidth%3D128%26amp%3Bheight%3D128%26amp%3Bauto%3Dwebp%26amp%3Bformat%3Dpjpg","boy"
26,"Warren Central vs Franklin-Simpson",Boys Soccer,"Kentucky",9/29/2026,7:00pm,"The Warren Central varsity soccer team has an away non-conference match @  Franklin-Simpson (Franklin, KY) on Tuesday, September 29 @ 7p.","/ky/soccer/match/franklin-simpson-vs-warren-central-bowling-green/9-29-2026/?c=bb648a71-c3e0-43fa-9173-4b661e966474","https://www.maxpreps.com/ky/soccer/match/franklin-simpson-vs-warren-central-bowling-green/9-29-2026/?c=bb648a71-c3e0-43fa-9173-4b661e966474","/soccer/ky/12d0?9/29/2026","Warren Central","Dragons","https://www.maxpreps.com/ky/franklin-simpson/soccer/","https://www.maxpreps.com/ky/warren-central-bowling-green/soccer/","https://hsfootball.net/proxy.php?url=https%3A%2F%2Fimage.maxpreps.io%2Fschool-mascot%2Fb%2Fb%2F9%2Fbb972e95-d5c9-48ae-8cc0-1fa698845423.gif%3Fversion%3D635804147400000000%26amp%3Bwidth%3D128%26amp%3Bheight%3D128%26amp%3Bauto%3Dwebp%26amp%3Bformat%3Dpjpg","https://hsfootball.net/proxy.php?url=https%3A%2F%2Fimage.maxpreps.io%2Fschool-mascot%2F5%2F7%2F1%2F57142815-423b-4970-8575-fcc9ff742ec2.gif%3Fversion%3D638397799800000000%26amp%3Bwidth%3D128%26amp%3Bheight%3D128%26amp%3Bauto%3Dwebp%26amp%3Bformat%3Dpjpg","boy"
27,"Grayson County vs Muhlenberg County",Boys Soccer,"Kentucky",9/29/2026,7:00pm,"The Grayson County varsity soccer team has an away non-conference match @  Muhlenberg County (Greenville, KY) on Tuesday, September 29 @ 7p.","/ky/soccer/match/grayson-county-leitchfield-vs-muhlenberg-county-greenville/9-29-2026/?c=8768768b-525b-4469-a434-f9febf2a1143","https://www.maxpreps.com/ky/soccer/match/grayson-county-leitchfield-vs-muhlenberg-county-greenville/9-29-2026/?c=8768768b-525b-4469-a434-f9febf2a1143","/soccer/ky/1711?9/29/2026","Grayson County","Cougars","https://www.maxpreps.com/ky/grayson-county-leitchfield/soccer/","https://www.maxpreps.com/ky/muhlenberg-county-greenville/soccer/","https://hsfootball.net/proxy.php?url=https%3A%2F%2Fimage.maxpreps.io%2Fschool-mascot%2F6%2F9%2F3%2F6939e360-7464-4c4d-8534-fc743ba8f959.gif%3Fversion%3D635356741800000000%26amp%3Bwidth%3D128%26amp%3Bheight%3D128%26amp%3Bauto%3Dwebp%26amp%3Bformat%3Dpjpg","https://hsfootball.net/proxy.php?url=https%3A%2F%2Fimage.maxpreps.io%2Fschool-mascot%2Fb%2F5%2Ff%2Fb5f23c9a-68cc-49e7-bfb7-6050135279d7.gif%3Fversion%3D638488518000000000%26amp%3Bwidth%3D128%26amp%3Bheight%3D128%26amp%3Bauto%3Dwebp%26amp%3Bformat%3Dpjpg","boy"
28,"Hopkins County Central vs Trigg County",Boys Soccer,"Kentucky",9/29/2026,7:00pm,"The Hopkins County Central varsity soccer team has an away non-conference match @  Trigg County (Cadiz, KY) on Tuesday, September 29 @ 7p.","/ky/soccer/match/hopkins-county-central-madisonville-vs-trigg-county-cadiz/9-29-2026/?c=74db3690-e287-4fe2-b3f9-a7dea0a7816e","https://www.maxpreps.com/ky/soccer/match/hopkins-county-central-madisonville-vs-trigg-county-cadiz/9-29-2026/?c=74db3690-e287-4fe2-b3f9-a7dea0a7816e","/soccer/ky/167c?9/29/2026","Hopkins County Central","Storm","https://www.maxpreps.com/ky/hopkins-county-central-madisonville/soccer/","https://www.maxpreps.com/ky/trigg-county-cadiz/soccer/","https://hsfootball.net/proxy.php?url=https%3A%2F%2Fimage.maxpreps.io%2Fschool-mascot%2Fc%2F6%2F2%2Fc629249d-48ba-4d68-a6fa-3c7abd14c4e8.gif%3Fversion%3D635760154200000000%26amp%3Bwidth%3D128%26amp%3Bheight%3D128%26amp%3Bauto%3Dwebp%26amp%3Bformat%3Dpjpg","https://hsfootball.net/proxy.php?url=https%3A%2F%2Fimage.maxpreps.io%2Fschool-mascot%2F9%2Ff%2F1%2F9f111890-f8c0-4d56-913a-e2d5efa03446.gif%3Fversion%3D634895314800000000%26amp%3Bwidth%3D128%26amp%3Bheight%3D128%26amp%3Bauto%3Dwebp%26amp%3Bformat%3Dpjpg","boy"
29,"Henry County vs Grant County",Boys Soccer,"Kentucky",9/29/2026,7:00pm,"The Henry County varsity soccer team has an away non-conference match @  Grant County (Dry Ridge, KY) on Tuesday, September 29 @ 7p.","/ky/soccer/match/grant-county-dry-ridge-vs-henry-county-new-castle/9-29-2026/?c=9f9931d3-7d22-4cd1-96dd-adbb87dc2898","https://www.maxpreps.com/ky/soccer/match/grant-county-dry-ridge-vs-henry-county-new-castle/9-29-2026/?c=9f9931d3-7d22-4cd1-96dd-adbb87dc2898","/soccer/ky/12f7?9/29/2026","Henry County","Wildcats","https://www.maxpreps.com/ky/grant-county-dry-ridge/soccer/","https://www.maxpreps.com/ky/henry-county-new-castle/soccer/","https://hsfootball.net/proxy.php?url=https%3A%2F%2Fimage.maxpreps.io%2Fschool-mascot%2Fe%2F1%2Fa%2Fe1aada6f-f23e-438b-9a22-2475f5329a3d.gif%3Fversion%3D634810480200000000%26amp%3Bwidth%3D128%26amp%3Bheight%3D128%26amp%3Bauto%3Dwebp%26amp%3Bformat%3Dpjpg","https://hsfootball.net/proxy.php?url=https%3A%2F%2Fimage.maxpreps.io%2Fschool-mascot%2Fd%2F8%2F7%2Fd878d122-faa5-4fa0-89e5-f39fe83d9638.gif%3Fversion%3D635453858400000000%26amp%3Bwidth%3D128%26amp%3Bheight%3D128%26amp%3Bauto%3Dwebp%26amp%3Bformat%3Dpjpg","boy"
30,"Greenwood vs Glasgow",Boys Soccer,"Kentucky",9/29/2026,7:00pm,"The Greenwood varsity soccer team has an away non-conference match @  Glasgow (KY) on Tuesday, September 29 @ 7p.","/ky/soccer/match/glasgow-vs-greenwood-bowling-green/9-29-2026/?c=cfc7d16f-ddcc-402b-ab83-6338ac6c3683","https://www.maxpreps.com/ky/soccer/match/glasgow-vs-greenwood-bowling-green/9-29-2026/?c=cfc7d16f-ddcc-402b-ab83-6338ac6c3683","/soccer/ky/d5e?9/29/2026","Greenwood","Gators","https://www.maxpreps.com/ky/glasgow/soccer/","https://www.maxpreps.com/ky/greenwood-bowling-green/soccer/","https://hsfootball.net/proxy.php?url=https%3A%2F%2Fimage.maxpreps.io%2Fschool-mascot%2F4%2F3%2Fd%2F43d73ab1-e59c-4f09-89dc-5066bdc6ad8c.gif%3Fversion%3D637513984800000000%26amp%3Bwidth%3D128%26amp%3Bheight%3D128%26amp%3Bauto%3Dwebp%26amp%3Bformat%3Dpjpg","https://hsfootball.net/proxy.php?url=https%3A%2F%2Fimage.maxpreps.io%2Fschool-mascot%2F1%2Ff%2F0%2F1f0f5fa6-df60-46be-b25e-3d09787ebc9b.gif%3Fversion%3D635150178600000000%26amp%3Bwidth%3D128%26amp%3Bheight%3D128%26amp%3Bauto%3Dwebp%26amp%3Bformat%3Dpjpg","boy"
31,"Seneca vs Holy Cross",Boys Soccer,"Kentucky",9/29/2026,7:00pm,"The Seneca varsity soccer team has an away non-conference match @  Holy Cross (Covington, KY) on Tuesday, September 29 @ 7p.","/ky/soccer/match/holy-cross-covington-vs-seneca-louisville/9-29-2026/?c=61693aab-797c-4fc4-bf4f-5faa597c5f7c","https://www.maxpreps.com/ky/soccer/match/holy-cross-covington-vs-seneca-louisville/9-29-2026/?c=61693aab-797c-4fc4-bf4f-5faa597c5f7c","/soccer/ky/103e?9/29/2026","Seneca","Red Hawks","https://www.maxpreps.com/ky/holy-cross-covington/soccer/","https://www.maxpreps.com/ky/seneca-louisville/soccer/","https://hsfootball.net/proxy.php?url=https%3A%2F%2Fimage.maxpreps.io%2Fschool-mascot%2F2%2F7%2Fd%2F27d5c484-30ec-48a4-8b0c-e6c4fe9f4636.gif%3Fversion%3D635513843400000000%26amp%3Bwidth%3D128%26amp%3Bheight%3D128%26amp%3Bauto%3Dwebp%26amp%3Bformat%3Dpjpg","https://hsfootball.net/proxy.php?url=https%3A%2F%2Fimage.maxpreps.io%2Fschool-mascot%2F1%2Fd%2Fd%2F1dd9dab1-ba59-4913-945e-5e0d549875a0.gif%3Fversion%3D634885176600000000%26amp%3Bwidth%3D128%26amp%3Bheight%3D128%26amp%3Bauto%3Dwebp%26amp%3Bformat%3Dpjpg","boy"
32,"Caldwell County vs Fort Campbell",Boys Soccer,"Kentucky",9/29/2026,7:00pm,"The Caldwell County varsity soccer team has an away non-conference match @  Fort Campbell (KY) on Tuesday, September 29 @ 7p.","/ky/soccer/match/caldwell-county-princeton-vs-fort-campbell/9-29-2026/?c=21c197c5-6f85-43aa-90fb-bcf362241f74","https://www.maxpreps.com/ky/soccer/match/caldwell-county-princeton-vs-fort-campbell/9-29-2026/?c=21c197c5-6f85-43aa-90fb-bcf362241f74","/soccer/ky/1081?9/29/2026","Caldwell County","Tigers","https://www.maxpreps.com/ky/caldwell-county-princeton/soccer/","https://www.maxpreps.com/ky/fort-campbell/soccer/","https://hsfootball.net/proxy.php?url=https%3A%2F%2Fimage.maxpreps.io%2Fschool-mascot%2F8%2F3%2F4%2F83458ab9-9488-4e1a-bb6b-2118fe5aba29.gif%3Fversion%3D637056163800000000%26amp%3Bwidth%3D128%26amp%3Bheight%3D128%26amp%3Bauto%3Dwebp%26amp%3Bformat%3Dpjpg","https://hsfootball.net/proxy.php?url=https%3A%2F%2Fimage.maxpreps.io%2Fschool-mascot%2Fc%2Fd%2F8%2Fcd8a0c48-807e-4830-9865-96bc9c7e43b8.gif%3Fversion%3D637627398000000000%26amp%3Bwidth%3D128%26amp%3Bheight%3D128%26amp%3Bauto%3Dwebp%26amp%3Bformat%3Dpjpg","boy"
33,"Seneca vs Holy Cross",Boys Soccer,"Kentucky",9/29/2026,7:00pm,"The Seneca varsity soccer team has an away non-conference match @  Holy Cross (Louisville, KY) on Tuesday, September 29 @ 7p.","/ky/soccer/match/holy-cross-louisville-vs-seneca-louisville/9-29-2026/?c=1eb42904-2f7d-4eb7-aa4f-4071c7c07180","https://www.maxpreps.com/ky/soccer/match/holy-cross-louisville-vs-seneca-louisville/9-29-2026/?c=1eb42904-2f7d-4eb7-aa4f-4071c7c07180","/soccer/ky/10af?9/29/2026","Seneca","Red Hawks","https://www.maxpreps.com/ky/holy-cross-louisville/soccer/","https://www.maxpreps.com/ky/seneca-louisville/soccer/","https://hsfootball.net/proxy.php?url=https%3A%2F%2Fimage.maxpreps.io%2Fschool-mascot%2F2%2F7%2Fd%2F27d5c484-30ec-48a4-8b0c-e6c4fe9f4636.gif%3Fversion%3D635513843400000000%26amp%3Bwidth%3D128%26amp%3Bheight%3D128%26amp%3Bauto%3Dwebp%26amp%3Bformat%3Dpjpg","https://hsfootball.net/proxy.php?url=https%3A%2F%2Fimage.maxpreps.io%2Fschool-mascot%2F6%2Fb%2Fa%2F6baef3e1-2b28-4688-aade-29d87994015e.gif%3Fversion%3D638670760212626940%26amp%3Bwidth%3D128%26amp%3Bheight%3D128%26amp%3Bauto%3Dwebp%26amp%3Bformat%3Dpjpg","boy"
34,"Boone County vs Beechwood",Boys Soccer,"Kentucky",9/29/2026,7:00pm,"The Boone County varsity soccer team has an away non-conference match @  Beechwood (Fort Mitchell, KY) on Tuesday, September 29 @ 7p.","/ky/soccer/match/beechwood-fort-mitchell-vs-boone-county-florence/9-29-2026/?c=2377c849-1ae7-4ce5-91c7-3bc5d543d5b9","https://www.maxpreps.com/ky/soccer/match/beechwood-fort-mitchell-vs-boone-county-florence/9-29-2026/?c=2377c849-1ae7-4ce5-91c7-3bc5d543d5b9","/soccer/ky/12b7?9/29/2026","Boone County","Rebels","https://www.maxpreps.com/ky/beechwood-fort-mitchell/soccer/","https://www.maxpreps.com/ky/boone-county-florence/soccer/","https://hsfootball.net/proxy.php?url=https%3A%2F%2Fimage.maxpreps.io%2Fschool-mascot%2Ff%2F3%2Fc%2Ff3ced6b5-0b44-40e1-b254-0a6e31520e0e.gif%3Fversion%3D638591445109797270%26amp%3Bwidth%3D128%26amp%3Bheight%3D128%26amp%3Bauto%3Dwebp%26amp%3Bformat%3Dpjpg","https://hsfootball.net/proxy.php?url=https%3A%2F%2Fimage.maxpreps.io%2Fschool-mascot%2F2%2Fc%2F0%2F2c00851c-311a-445b-872c-f7734ffc89da.gif%3Fversion%3D638949792081256200%26amp%3Bwidth%3D128%26amp%3Bheight%3D128%26amp%3Bauto%3Dwebp%26amp%3Bformat%3Dpjpg","boy"
35,"Hart County vs Campbellsville",Boys Soccer,"Kentucky",9/29/2026,7:00pm,"The Hart County varsity soccer team has an away conference match @  Campbellsville (KY) on Tuesday, September 29 @ 7p.","/ky/soccer/match/campbellsville-vs-hart-county-munfordville/9-29-2026/?c=d7c00339-c207-4155-8503-d8908df68808","https://www.maxpreps.com/ky/soccer/match/campbellsville-vs-hart-county-munfordville/9-29-2026/?c=d7c00339-c207-4155-8503-d8908df68808","/soccer/ky/10d4?9/29/2026","Hart County","Raiders","https://www.maxpreps.com/ky/campbellsville/soccer/","https://www.maxpreps.com/ky/hart-county-munfordville/soccer/","https://hsfootball.net/proxy.php?url=https%3A%2F%2Fimage.maxpreps.io%2Fschool-mascot%2F8%2F2%2F4%2F82425374-5284-4efa-a2f3-9a6c3210237d.gif%3Fversion%3D638276909400000000%26amp%3Bwidth%3D128%26amp%3Bheight%3D128%26amp%3Bauto%3Dwebp%26amp%3Bformat%3Dpjpg","https://hsfootball.net/proxy.php?url=https%3A%2F%2Fimage.maxpreps.io%2Fschool-mascot%2Ff%2F3%2F9%2Ff3942982-71f8-4c65-9a8b-b119541a13d1.gif%3Fversion%3D636573030000000000%26amp%3Bwidth%3D128%26amp%3Bheight%3D128%26amp%3Bauto%3Dwebp%26amp%3Bformat%3Dpjpg","boy"
36,"Madisonville-North Hopkins vs Apollo",Boys Soccer,"Kentucky",9/29/2026,7:00pm,"The Madisonville-North Hopkins varsity soccer team has an away non-conference match @  Apollo (Owensboro, KY) on Tuesday, September 29 @ 7p.","/ky/soccer/match/apollo-owensboro-vs-madisonville-north-hopkins/9-29-2026/?c=5b8e4d7f-5a4f-448c-832d-614040958b99","https://www.maxpreps.com/ky/soccer/match/apollo-owensboro-vs-madisonville-north-hopkins/9-29-2026/?c=5b8e4d7f-5a4f-448c-832d-614040958b99","/soccer/ky/125d?9/29/2026","Madisonville-North Hopkins","Maroons","https://www.maxpreps.com/ky/apollo-owensboro/soccer/","https://www.maxpreps.com/ky/madisonville-north-hopkins/soccer/","https://hsfootball.net/proxy.php?url=https%3A%2F%2Fimage.maxpreps.io%2Fschool-mascot%2F5%2F4%2Fe%2F54e6b8de-c9cf-4b65-b9c0-173cbc9bf5cd.gif%3Fversion%3D635483553600000000%26amp%3Bwidth%3D128%26amp%3Bheight%3D128%26amp%3Bauto%3Dwebp%26amp%3Bformat%3Dpjpg","https://hsfootball.net/proxy.php?url=https%3A%2F%2Fimage.maxpreps.io%2Fschool-mascot%2F8%2Fc%2Fb%2F8cb3524e-e3df-459b-a7d0-050d9b428ac8.gif%3Fversion%3D636598003800000000%26amp%3Bwidth%3D128%26amp%3Bheight%3D128%26amp%3Bauto%3Dwebp%26amp%3Bformat%3Dpjpg","boy"
37,"Doss vs Male",Boys Soccer,"Kentucky",9/29/2026,7:15pm,"The Doss varsity soccer team has an away non-conference match @  Male (Louisville, KY) on Tuesday, September 29 @ 7:15p.","/ky/soccer/match/doss-louisville-vs-male-louisville/9-29-2026/?c=1119be02-e826-4158-8bc7-510521759bc7","https://www.maxpreps.com/ky/soccer/match/doss-louisville-vs-male-louisville/9-29-2026/?c=1119be02-e826-4158-8bc7-510521759bc7","/soccer/ky/d85?9/29/2026","Doss","Dragons","https://www.maxpreps.com/ky/doss-louisville/soccer/","https://www.maxpreps.com/ky/male-louisville/soccer/","https://hsfootball.net/proxy.php?url=https%3A%2F%2Fimage.maxpreps.io%2Fschool-mascot%2F1%2F8%2Ff%2F18feba1a-e77c-434f-8902-939cf5ebf1fd.gif%3Fversion%3D636259758000000000%26amp%3Bwidth%3D128%26amp%3Bheight%3D128%26amp%3Bauto%3Dwebp%26amp%3Bformat%3Dpjpg","https://hsfootball.net/proxy.php?url=https%3A%2F%2Fimage.maxpreps.io%2Fschool-mascot%2F1%2F8%2Ff%2F18feba1a-e77c-434f-8902-939cf5ebf1fd.gif%3Fversion%3D636259758000000000%26amp%3Bwidth%3D32%26amp%3Bheight%3D32%26amp%3Bauto%3Dwebp%26amp%3Bformat%3Dpjpg","boy"
38,"Butler County vs Russellville",Boys Soccer,"Kentucky",9/29/2026,7:15pm,"The Butler County varsity soccer team has an away non-conference match @  Russellville (KY) on Tuesday, September 29 @ 7:15p.","/ky/soccer/match/butler-county-morgantown-vs-russellville/9-29-2026/?c=ffb58236-54c8-4934-8187-8040e30746af","https://www.maxpreps.com/ky/soccer/match/butler-county-morgantown-vs-russellville/9-29-2026/?c=ffb58236-54c8-4934-8187-8040e30746af","/soccer/ky/103f?9/29/2026","Butler County","Bears","https://www.maxpreps.com/ky/butler-county-morgantown/soccer/","https://www.maxpreps.com/ky/russellville/soccer/","https://hsfootball.net/proxy.php?url=https%3A%2F%2Fimage.maxpreps.io%2Fschool-mascot%2F5%2Fe%2F9%2F5e9d5579-b107-497e-a70d-16bd7a53efe8.gif%3Fversion%3D639098719842489920%26amp%3Bwidth%3D128%26amp%3Bheight%3D128%26amp%3Bauto%3Dwebp%26amp%3Bformat%3Dpjpg","https://hsfootball.net/proxy.php?url=https%3A%2F%2Fimage.maxpreps.io%2Fschool-mascot%2F8%2Fd%2F4%2F8d45e16d-c57b-4c4d-b085-1ec59bb0ef2e.gif%3Fversion%3D635533644600000000%26amp%3Bwidth%3D128%26amp%3Bheight%3D128%26amp%3Bauto%3Dwebp%26amp%3Bformat%3Dpjpg","boy"
39,"Pendleton County vs Lloyd Memorial",Boys Soccer,"Kentucky",9/29/2026,7:30pm,"The Pendleton County varsity soccer team has an away non-conference match @  Lloyd Memorial (Erlanger, KY) on Tuesday, September 29 @ 7:30p.","/ky/soccer/match/lloyd-memorial-erlanger-vs-pendleton-county-falmouth/9-29-2026/?c=80b2e143-6e71-4879-9b48-631c4c796dd5","https://www.maxpreps.com/ky/soccer/match/lloyd-memorial-erlanger-vs-pendleton-county-falmouth/9-29-2026/?c=80b2e143-6e71-4879-9b48-631c4c796dd5","/soccer/ky/148c?9/29/2026","Pendleton County","Wildcats","https://www.maxpreps.com/ky/lloyd-memorial-erlanger/soccer/","https://www.maxpreps.com/ky/pendleton-county-falmouth/soccer/","https://hsfootball.net/proxy.php?url=https%3A%2F%2Fimage.maxpreps.io%2Fschool-mascot%2F9%2F7%2F1%2F971ef4c7-b22a-4a81-89c5-b0b60ff46dfd.gif%3Fversion%3D638731477347335970%26amp%3Bwidth%3D128%26amp%3Bheight%3D128%26amp%3Bauto%3Dwebp%26amp%3Bformat%3Dpjpg","https://hsfootball.net/proxy.php?url=https%3A%2F%2Fimage.maxpreps.io%2Fschool-mascot%2F8%2F6%2Fa%2F86a12935-e04f-4e75-b80d-9a8dce914fd4.gif%3Fversion%3D636936884400000000%26amp%3Bwidth%3D128%26amp%3Bheight%3D128%26amp%3Bauto%3Dwebp%26amp%3Bformat%3Dpjpg","boy"
40,"Thomas Nelson vs Mercer County",Boys Soccer,"Kentucky",9/29/2026,7:30pm,"The Thomas Nelson varsity soccer team has an away non-conference match @  Mercer County (Harrodsburg, KY) on Tuesday, September 29 @ 7:30p.","/ky/soccer/match/mercer-county-harrodsburg-vs-thomas-nelson-bardstown/9-29-2026/?c=0880a01e-9948-4a94-bd9e-012e975bd138","https://www.maxpreps.com/ky/soccer/match/mercer-county-harrodsburg-vs-thomas-nelson-bardstown/9-29-2026/?c=0880a01e-9948-4a94-bd9e-012e975bd138","/soccer/ky/14a9?9/29/2026","Thomas Nelson","Generals","https://www.maxpreps.com/ky/mercer-county-harrodsburg/soccer/","https://www.maxpreps.com/ky/thomas-nelson-bardstown/soccer/","https://hsfootball.net/proxy.php?url=https%3A%2F%2Fimage.maxpreps.io%2Fschool-mascot%2F7%2F7%2F9%2F779332e6-6d3c-44f0-92ca-86a5b8c955cc.gif%3Fversion%3D634798636200000000%26amp%3Bwidth%3D128%26amp%3Bheight%3D128%26amp%3Bauto%3Dwebp%26amp%3Bformat%3Dpjpg","https://hsfootball.net/proxy.php?url=https%3A%2F%2Fimage.maxpreps.io%2Fschool-mascot%2Ff%2Fc%2F7%2Ffc7c5bbc-7252-4ca2-b195-a4a8411a0c11.gif%3Fversion%3D637035314400000000%26amp%3Bwidth%3D128%26amp%3Bheight%3D128%26amp%3Bauto%3Dwebp%26amp%3Bformat%3Dpjpg","boy"
41,"Casey County vs Madison Southern",Boys Soccer,"Kentucky",9/29/2026,7:30pm,"The Casey County varsity soccer team has an away non-conference match @  Madison Southern (Berea, KY) on Tuesday, September 29 @ 7:30p.","/ky/soccer/match/casey-county-liberty-vs-madison-southern-berea/9-29-2026/?c=4431519d-e08e-4f5a-ba43-8a42ddb07f4c","https://www.maxpreps.com/ky/soccer/match/casey-county-liberty-vs-madison-southern-berea/9-29-2026/?c=4431519d-e08e-4f5a-ba43-8a42ddb07f4c","/soccer/ky/120b?9/29/2026","Casey County","Rebels","https://www.maxpreps.com/ky/casey-county-liberty/boys-soccer/","https://www.maxpreps.com/ky/madison-southern-berea/boys-soccer/","https://hsfootball.net/proxy.php?url=https%3A%2F%2Fimage.maxpreps.io%2Fschool-mascot%2F7%2Fa%2F3%2F7a3a7c64-f8de-455c-88d8-37a284ac2e21.gif%3Fversion%3D634673448000000000%26amp%3Bwidth%3D128%26amp%3Bheight%3D128%26amp%3Bauto%3Dwebp%26amp%3Bformat%3Dpjpg","https://hsfootball.net/proxy.php?url=https%3A%2F%2Fimage.maxpreps.io%2Fschool-mascot%2Fc%2F0%2F6%2Fc067c37f-6e72-458a-9a25-cb6ec5dd63e3.gif%3Fversion%3D636712167600000000%26amp%3Bwidth%3D128%26amp%3Bheight%3D128%26amp%3Bauto%3Dwebp%26amp%3Bformat%3Dpjpg","boy"
42,"Highlands vs Bryan Station",Boys Soccer,"Kentucky",9/29/2026,7:30pm,"The Highlands varsity soccer team has an away non-conference match @  Bryan Station (Lexington, KY) on Tuesday, September 29 @ 7:30p.","/ky/soccer/match/bryan-station-lexington-vs-highlands-fort-thomas/9-29-2026/?c=05011751-b821-4371-b971-c23711dfc138","https://www.maxpreps.com/ky/soccer/match/bryan-station-lexington-vs-highlands-fort-thomas/9-29-2026/?c=05011751-b821-4371-b971-c23711dfc138","/soccer/ky/12e6?9/29/2026","Highlands","Bluebirds","https://www.maxpreps.com/ky/bryan-station-lexington/boys-soccer/","https://www.maxpreps.com/ky/highlands-fort-thomas/boys-soccer/","https://hsfootball.net/proxy.php?url=https%3A%2F%2Fimage.maxpreps.io%2Fschool-mascot%2F5%2F0%2F7%2F50791d25-cf12-4df6-899d-66cc1fca3b31.gif%3Fversion%3D637676461800000000%26amp%3Bwidth%3D128%26amp%3Bheight%3D128%26amp%3Bauto%3Dwebp%26amp%3Bformat%3Dpjpg","https://hsfootball.net/proxy.php?url=https%3A%2F%2Fimage.maxpreps.io%2Fschool-mascot%2Fb%2F4%2F3%2Fb43245fa-2aab-49cd-a9cc-82b57a364665.gif%3Fversion%3D636075463200000000%26amp%3Bwidth%3D128%26amp%3Bheight%3D128%26amp%3Bauto%3Dwebp%26amp%3Bformat%3Dpjpg","boy"
43,"South Warren vs Daviess County",Boys Soccer,"Kentucky",9/29/2026,7:30pm,"The South Warren varsity soccer team has an away non-conference match @  Daviess County (Owensboro, KY) on Tuesday, September 29 @ 7:30p.","/ky/soccer/match/daviess-county-owensboro-vs-south-warren-bowling-green/9-29-2026/?c=80a13aae-272d-4b80-9d88-9f9ea185a506","https://www.maxpreps.com/ky/soccer/match/daviess-county-owensboro-vs-south-warren-bowling-green/9-29-2026/?c=80a13aae-272d-4b80-9d88-9f9ea185a506","/soccer/ky/1558?9/29/2026","South Warren","Spartans","https://www.maxpreps.com/ky/daviess-county-owensboro/boys-soccer/","https://www.maxpreps.com/ky/south-warren-bowling-green/boys-soccer/","https://hsfootball.net/proxy.php?url=https%3A%2F%2Fimage.maxpreps.io%2Fschool-mascot%2Fd%2Fa%2F9%2Fda96ba8a-59f1-4b5c-a106-8dd171956884.gif%3Fversion%3D637666806000000000%26amp%3Bwidth%3D128%26amp%3Bheight%3D128%26amp%3Bauto%3Dwebp%26amp%3Bformat%3Dpjpg","https://hsfootball.net/proxy.php?url=https%3A%2F%2Fimage.maxpreps.io%2Fschool-mascot%2F9%2F7%2Fe%2F97ee4a34-bb74-412f-a1de-f8bf27ea8af0.gif%3Fversion%3D636178372800000000%26amp%3Bwidth%3D128%26amp%3Bheight%3D128%26amp%3Bauto%3Dwebp%26amp%3Bformat%3Dpjpg","boy"
44,"Frederick Douglass vs Lexington Catholic",Boys Soccer,"Kentucky",9/29/2026,7:30pm,"The Frederick Douglass varsity soccer team has an away non-conference match @  Lexington Catholic (Lexington, KY) on Tuesday, September 29 @ 7:30p.","/ky/soccer/match/frederick-douglass-lexington-vs-lexington-catholic/9-29-2026/?c=3382adcd-fe06-400f-93f5-79709fad1fe9","https://www.maxpreps.com/ky/soccer/match/frederick-douglass-lexington-vs-lexington-catholic/9-29-2026/?c=3382adcd-fe06-400f-93f5-79709fad1fe9","/soccer/ky/13d2?9/29/2026","Frederick Douglass","Broncos","https://www.maxpreps.com/ky/frederick-douglass-lexington/boys-soccer/","https://www.maxpreps.com/ky/lexington-catholic/boys-soccer/","https://hsfootball.net/proxy.php?url=https%3A%2F%2Fimage.maxpreps.io%2Fschool-mascot%2Fa%2F2%2F8%2Fa2802a10-b089-4af3-ac78-bc867d05cba2.gif%3Fversion%3D636389262000000000%26amp%3Bwidth%3D128%26amp%3Bheight%3D128%26amp%3Bauto%3Dwebp%26amp%3Bformat%3Dpjpg","https://hsfootball.net/proxy.php?url=https%3A%2F%2Fimage.maxpreps.io%2Fschool-mascot%2Ff%2Fe%2Fb%2Ffeb8bc10-86ae-4795-b5da-e1fa1e52a67f.gif%3Fversion%3D635616733800000000%26amp%3Bwidth%3D128%26amp%3Bheight%3D128%26amp%3Bauto%3Dwebp%26amp%3Bformat%3Dpjpg","boy"
45,"Nelson County vs Bullitt East",Boys Soccer,"Kentucky",9/29/2026,7:30pm,"The Nelson County varsity soccer team has an away non-conference match @  Bullitt East (Mt. Washington, KY) on Tuesday, September 29 @ 7:30p.","/ky/soccer/match/bullitt-east-mt-washington-vs-nelson-county-bardstown/9-29-2026/?c=baaa3513-7a58-4d21-908f-4edadf8286a8","https://www.maxpreps.com/ky/soccer/match/bullitt-east-mt-washington-vs-nelson-county-bardstown/9-29-2026/?c=baaa3513-7a58-4d21-908f-4edadf8286a8","/soccer/ky/14f9?9/29/2026","Nelson County","Cardinals","https://www.maxpreps.com/ky/bullitt-east-mt-washington/boys-soccer/","https://www.maxpreps.com/ky/nelson-county-bardstown/boys-soccer/","https://hsfootball.net/proxy.php?url=https%3A%2F%2Fimage.maxpreps.io%2Fschool-mascot%2F8%2Fc%2F3%2F8c33106f-5602-46be-ac79-90db13fa3395.gif%3Fversion%3D637053591000000000%26amp%3Bwidth%3D128%26amp%3Bheight%3D128%26amp%3Bauto%3Dwebp%26amp%3Bformat%3Dpjpg","https://hsfootball.net/proxy.php?url=https%3A%2F%2Fimage.maxpreps.io%2Fschool-mascot%2F8%2Fe%2F5%2F8e575079-d5ea-4dad-8f18-19e363537076.gif%3Fversion%3D637526982600000000%26amp%3Bwidth%3D128%26amp%3Bheight%3D128%26amp%3Bauto%3Dwebp%26amp%3Bformat%3Dpjpg","boy"
46,"Iroquois vs Atherton",Boys Soccer,"Kentucky",9/29/2026,7:30pm,"The Iroquois varsity soccer team has an away non-conference match @  Atherton (Louisville, KY) on Tuesday, September 29 @ 7:30p.","/ky/soccer/match/atherton-louisville-vs-iroquois-louisville/9-29-2026/?c=6936fb12-123a-4086-ba18-66864104e09c","https://www.maxpreps.com/ky/soccer/match/atherton-louisville-vs-iroquois-louisville/9-29-2026/?c=6936fb12-123a-4086-ba18-66864104e09c","/soccer/ky/110d?9/29/2026","Iroquois","Raiders","https://www.maxpreps.com/ky/atherton-louisville/boys-soccer/","https://www.maxpreps.com/ky/iroquois-louisville/boys-soccer/","https://hsfootball.net/proxy.php?url=https%3A%2F%2Fimage.maxpreps.io%2Fschool-mascot%2F4%2F9%2F8%2F498abfd5-af2f-4734-88af-a9f8cb9b8862.gif%3Fversion%3D634831380600000000%26amp%3Bwidth%3D128%26amp%3Bheight%3D128%26amp%3Bauto%3Dwebp%26amp%3Bformat%3Dpjpg","https://hsfootball.net/proxy.php?url=https%3A%2F%2Fimage.maxpreps.io%2Fschool-mascot%2Fb%2Ff%2F7%2Fbf788824-39e9-456e-bbd1-8b985ddd12ba.gif%3Fversion%3D635312427000000000%26amp%3Bwidth%3D128%26amp%3Bheight%3D128%26amp%3Bauto%3Dwebp%26amp%3Bformat%3Dpjpg","boy"
47,"Bluegrass United vs Harrison County",Boys Soccer,"Kentucky",9/29/2026,7:30pm,"The Bluegrass United varsity soccer team has an away non-conference match @  Harrison County (Cynthiana, KY) on Tuesday, September 29 @ 7:30p.","/ky/soccer/match/bluegrass-united-bluehawk-lexington-vs-harrison-county-cynthiana/9-29-2026/?c=69583358-200c-42cc-88af-8b6bdd654048","https://www.maxpreps.com/ky/soccer/match/bluegrass-united-bluehawk-lexington-vs-harrison-county-cynthiana/9-29-2026/?c=69583358-200c-42cc-88af-8b6bdd654048","/soccer/ky/1967?9/29/2026","Bluegrass United","Bluehawks","https://www.maxpreps.com/ky/bluegrass-united-bluehawk-lexington/boys-soccer/","https://www.maxpreps.com/ky/harrison-county-cynthiana/boys-soccer/","https://hsfootball.net/proxy.php?url=https%3A%2F%2Fimage.maxpreps.io%2Fschool-mascot%2F6%2F1%2F4%2F614690b1-9cc9-4163-8e71-7a5ddeaeab28.gif%3Fversion%3D636779576400000000%26amp%3Bwidth%3D128%26amp%3Bheight%3D128%26amp%3Bauto%3Dwebp%26amp%3Bformat%3Dpjpg","https://hsfootball.net/proxy.php?url=https%3A%2F%2Fimage.maxpreps.io%2Fschool-mascot%2Fc%2Fc%2F4%2Fcc45fd08-4314-4603-b60b-5f8b986c4cd6.gif%3Fversion%3D637526140800000000%26amp%3Bwidth%3D128%26amp%3Bheight%3D128%26amp%3Bauto%3Dwebp%26amp%3Bformat%3Dpjpg","boy"
48,"Holy Cross vs Carroll County",Boys Soccer,"Kentucky",9/29/2026,7:30pm,"The Holy Cross varsity soccer team has an away non-conference match @  Carroll County (Carrollton, KY) on Tuesday, September 29 @ 7:30p.","/ky/soccer/match/carroll-county-carrollton-vs-holy-cross-covington/9-29-2026/?c=2001d579-a5f3-45db-9b0c-8f9ce65ea781","https://www.maxpreps.com/ky/soccer/match/carroll-county-carrollton-vs-holy-cross-covington/9-29-2026/?c=2001d579-a5f3-45db-9b0c-8f9ce65ea781","/soccer/ky/1385?9/29/2026","Holy Cross","Indians","https://www.maxpreps.com/ky/carroll-county-carrollton/boys-soccer/","https://www.maxpreps.com/ky/holy-cross-covington/boys-soccer/","https://hsfootball.net/proxy.php?url=https%3A%2F%2Fimage.maxpreps.io%2Fschool-mascot%2F1%2Fd%2Fd%2F1dd9dab1-ba59-4913-945e-5e0d549875a0.gif%3Fversion%3D634885176600000000%26amp%3Bwidth%3D128%26amp%3Bheight%3D128%26amp%3Bauto%3Dwebp%26amp%3Bformat%3Dpjpg","https://hsfootball.net/proxy.php?url=https%3A%2F%2Fimage.maxpreps.io%2Fschool-mascot%2F1%2F9%2Fa%2F19a06000-eb9d-4b8e-9c18-19fca004fd30.gif%3Fversion%3D638920523527623950%26amp%3Bwidth%3D128%26amp%3Bheight%3D128%26amp%3Bauto%3Dwebp%26amp%3Bformat%3Dpjpg","boy"
49,"Henry Clay vs Woodford County",Boys Soccer,"Kentucky",9/29/2026,7:30pm,"The Henry Clay varsity soccer team has an away non-conference match @  Woodford County (Versailles, KY) on Tuesday, September 29 @ 7:30p.","/ky/soccer/match/henry-clay-lexington-vs-woodford-county-versailles/9-29-2026/?c=d88f837f-81c3-45f5-b069-01fab53d0ec1","https://www.maxpreps.com/ky/soccer/match/henry-clay-lexington-vs-woodford-county-versailles/9-29-2026/?c=d88f837f-81c3-45f5-b069-01fab53d0ec1","/soccer/ky/13de?9/29/2026","Henry Clay","Blue Devils","https://www.maxpreps.com/ky/henry-clay-lexington/boys-soccer/","https://www.maxpreps.com/ky/woodford-county-versailles/boys-soccer/","https://hsfootball.net/proxy.php?url=https%3A%2F%2Fimage.maxpreps.io%2Fschool-mascot%2F5%2F4%2Fb%2F54bfa925-15d0-4b0e-8e28-d32642b636fc.gif%3Fversion%3D635840465400000000%26amp%3Bwidth%3D128%26amp%3Bheight%3D128%26amp%3Bauto%3Dwebp%26amp%3Bformat%3Dpjpg","https://hsfootball.net/proxy.php?url=https%3A%2F%2Fimage.maxpreps.io%2Fschool-mascot%2F0%2F8%2F6%2F086b1419-e238-4387-8cda-ca9da9ee830d.gif%3Fversion%3D636263737200000000%26amp%3Bwidth%3D128%26amp%3Bheight%3D128%26amp%3Bauto%3Dwebp%26amp%3Bformat%3Dpjpg","boy"
50,"Bardstown vs Marion County",Boys Soccer,"Kentucky",9/29/2026,7:30pm,"The Bardstown varsity soccer team has an away non-conference match @  Marion County (Lebanon, KY) on Tuesday, September 29 @ 7:30p.","/ky/soccer/match/bardstown-vs-marion-county-lebanon/9-29-2026/?c=65b9b1b6-16dc-4081-90cb-add09bbb5d4f","https://www.maxpreps.com/ky/soccer/match/bardstown-vs-marion-county-lebanon/9-29-2026/?c=65b9b1b6-16dc-4081-90cb-add09bbb5d4f","/soccer/ky/d78?9/29/2026","Bardstown","Tigers","https://www.maxpreps.com/ky/bardstown/boys-soccer/","https://www.maxpreps.com/ky/marion-county-lebanon/boys-soccer/","https://hsfootball.net/proxy.php?url=https%3A%2F%2Fimage.maxpreps.io%2Fschool-mascot%2F2%2Fb%2F1%2F2b1fc63a-9ba9-4995-af49-0a1fe39fbef5.gif%3Fversion%3D637055199600000000%26amp%3Bwidth%3D128%26amp%3Bheight%3D128%26amp%3Bauto%3Dwebp%26amp%3Bformat%3Dpjpg","https://hsfootball.net/proxy.php?url=https%3A%2F%2Fimage.maxpreps.io%2Fschool-mascot%2Fb%2F5%2F4%2Fb54f49da-124e-4e1f-8035-a2867a8caa3b.gif%3Fversion%3D635164857600000000%26amp%3Bwidth%3D128%26amp%3Bheight%3D128%26amp%3Bauto%3Dwebp%26amp%3Bformat%3Dpjpg","boy"
51,"Bullitt Central vs Spencer County",Boys Soccer,"Kentucky",9/29/2026,7:30pm,"The Bullitt Central varsity soccer team has an away non-conference match @  Spencer County (Taylorsville, KY) on Tuesday, September 29 @ 7:30p.","/ky/soccer/match/bullitt-central-shepherdsville-vs-spencer-county-taylorsville/9-29-2026/?c=a8702bcb-b2b5-428e-97de-274c23de4c39","https://www.maxpreps.com/ky/soccer/match/bullitt-central-shepherdsville-vs-spencer-county-taylorsville/9-29-2026/?c=a8702bcb-b2b5-428e-97de-274c23de4c39","/soccer/ky/187e?9/29/2026","Bullitt Central","Cougars","https://www.maxpreps.com/ky/bullitt-central-shepherdsville/boys-soccer/","https://www.maxpreps.com/ky/spencer-county-taylorsville/boys-soccer/","https://hsfootball.net/proxy.php?url=https%3A%2F%2Fimage.maxpreps.io%2Fschool-mascot%2F1%2F6%2F0%2F1608843e-c9ca-4c97-8e94-217d8a67ede9.gif%3Fversion%3D635455246200000000%26amp%3Bwidth%3D128%26amp%3Bheight%3D128%26amp%3Bauto%3Dwebp%26amp%3Bformat%3Dpjpg","https://hsfootball.net/proxy.php?url=https%3A%2F%2Fimage.maxpreps.io%2Fschool-mascot%2F1%2Fd%2F3%2F1d3fd935-29a4-48ba-938c-8a7d3541c418.gif%3Fversion%3D638919120210474370%26amp%3Bwidth%3D128%26amp%3Bheight%3D128%26amp%3Bauto%3Dwebp%26amp%3Bformat%3Dpjpg","boy"
52,"St. Henry vs Lafayette",Boys Soccer,"Kentucky",9/29/2026,7:30pm,"The St. Henry varsity soccer team has an away non-conference match @  Lafayette (Lexington, KY) on Tuesday, September 29 @ 7:30p.","/ky/soccer/match/lafayette-lexington-vs-st-henry-erlanger/9-29-2026/?c=d21a6ea9-0f7f-4ba8-a939-94ae24aa8481","https://www.maxpreps.com/ky/soccer/match/lafayette-lexington-vs-st-henry-erlanger/9-29-2026/?c=d21a6ea9-0f7f-4ba8-a939-94ae24aa8481","/soccer/ky/fbe?9/29/2026","St. Henry","Crusaders","https://www.maxpreps.com/ky/lafayette-lexington/boys-soccer/","https://www.maxpreps.com/ky/st-henry-erlanger/boys-soccer/","https://hsfootball.net/proxy.php?url=https%3A%2F%2Fimage.maxpreps.io%2Fschool-mascot%2F9%2Fa%2Fe%2F9aefb454-8424-4b29-aeb3-d1896c68cd11.gif%3Fversion%3D635308195200000000%26amp%3Bwidth%3D128%26amp%3Bheight%3D128%26amp%3Bauto%3Dwebp%26amp%3Bformat%3Dpjpg","https://hsfootball.net/proxy.php?url=https%3A%2F%2Fimage.maxpreps.io%2Fschool-mascot%2F0%2F8%2F0%2F080e9c16-e0ff-4a8b-bd8b-ddaebffd4041.gif%3Fversion%3D636820467600000000%26amp%3Bwidth%3D128%26amp%3Bheight%3D128%26amp%3Bauto%3Dwebp%26amp%3Bformat%3Dpjpg","boy"
53,"Todd County Central vs Calloway County",Boys Soccer,"Kentucky",9/29/2026,7:30pm,"The Todd County Central varsity soccer team has an away non-conference match @  Calloway County (Murray, KY) on Tuesday, September 29 @ 7:30p.","/ky/soccer/match/calloway-county-murray-vs-todd-county-central-elkton/9-29-2026/?c=60fb613e-9269-4765-8e39-973ce266b140","https://www.maxpreps.com/ky/soccer/match/calloway-county-murray-vs-todd-county-central-elkton/9-29-2026/?c=60fb613e-9269-4765-8e39-973ce266b140","/soccer/ky/1485?9/29/2026","Todd County Central","Rebels","https://www.maxpreps.com/ky/calloway-county-murray/boys-soccer/","https://www.maxpreps.com/ky/todd-county-central-elkton/boys-soccer/","https://hsfootball.net/proxy.php?url=https%3A%2F%2Fimage.maxpreps.io%2Fschool-mascot%2F3%2F2%2F0%2F3206e555-26ff-4d75-ae04-277c40ab4cdf.gif%3Fversion%3D637735996800000000%26amp%3Bwidth%3D128%26amp%3Bheight%3D128%26amp%3Bauto%3Dwebp%26amp%3Bformat%3Dpjpg","https://hsfootball.net/proxy.php?url=https%3A%2F%2Fimage.maxpreps.io%2Fschool-mascot%2F8%2F5%2Fe%2F85e0c18d-5447-4d72-868e-c0ef1407e95f.gif%3Fversion%3D637714740000000000%26amp%3Bwidth%3D128%26amp%3Bheight%3D128%26amp%3Bauto%3Dwebp%26amp%3Bformat%3Dpjpg","boy"
54,"Louisville Collegiate vs Eastern",Boys Soccer,"Kentucky",9/29/2026,7:30pm,"The Louisville Collegiate varsity soccer team has an away non-conference match @  Eastern (Louisville, KY) on Tuesday, September 29 @ 7:30p.","/ky/soccer/match/eastern-louisville-vs-louisville-collegiate/9-29-2026/?c=2b9f0ea9-dfc7-4207-8f43-95235e3af8b4","https://www.maxpreps.com/ky/soccer/match/eastern-louisville-vs-louisville-collegiate/9-29-2026/?c=2b9f0ea9-dfc7-4207-8f43-95235e3af8b4","/soccer/ky/1138?9/29/2026","Louisville Collegiate","Amazons and Titans","https://www.maxpreps.com/ky/eastern-louisville/boys-soccer/","https://www.maxpreps.com/ky/louisville-collegiate/boys-soccer/","https://hsfootball.net/proxy.php?url=https%3A%2F%2Fimage.maxpreps.io%2Fschool-mascot%2F0%2F1%2F7%2F0178cba3-f1dd-49ac-a58e-9f9a5831c10e.gif%3Fversion%3D636464247600000000%26amp%3Bwidth%3D128%26amp%3Bheight%3D128%26amp%3Bauto%3Dwebp%26amp%3Bformat%3Dpjpg","https://hsfootball.net/proxy.php?url=https%3A%2F%2Fimage.maxpreps.io%2Fschool-mascot%2F6%2F3%2F0%2F6303f253-9428-4851-ad9a-b9908ee432b2.gif%3Fversion%3D638809186619261880%26amp%3Bwidth%3D128%26amp%3Bheight%3D128%26amp%3Bauto%3Dwebp%26amp%3Bformat%3Dpjpg","boy"
55,"Campbell County vs Simon Kenton",Boys Soccer,"Kentucky",9/29/2026,7:30pm,"The Campbell County varsity soccer team has an away non-conference match @  Simon Kenton (Independence, KY) on Tuesday, September 29 @ 7:30p.","/ky/soccer/match/campbell-county-alexandria-vs-simon-kenton-independence/9-29-2026/?c=bc80f449-1915-457b-bfa4-777366f8b2f2","https://www.maxpreps.com/ky/soccer/match/campbell-county-alexandria-vs-simon-kenton-independence/9-29-2026/?c=bc80f449-1915-457b-bfa4-777366f8b2f2","/soccer/ky/1589?9/29/2026","Campbell County","Camels","https://www.maxpreps.com/ky/campbell-county-alexandria/boys-soccer/","https://www.maxpreps.com/ky/simon-kenton-independence/boys-soccer/","https://hsfootball.net/proxy.php?url=https%3A%2F%2Fimage.maxpreps.io%2Fschool-mascot%2F0%2F2%2F8%2F028eb57c-4f7b-477c-ab82-68bdc044cf5d.gif%3Fversion%3D637050283800000000%26amp%3Bwidth%3D128%26amp%3Bheight%3D128%26amp%3Bauto%3Dwebp%26amp%3Bformat%3Dpjpg","https://hsfootball.net/proxy.php?url=https%3A%2F%2Fimage.maxpreps.io%2Fschool-mascot%2F9%2Fa%2Fa%2F9aa4869f-b8ee-4932-b057-85ff3ba42756.gif%3Fversion%3D635236456200000000%26amp%3Bwidth%3D128%26amp%3Bheight%3D128%26amp%3Bauto%3Dwebp%26amp%3Bformat%3Dpjpg","boy"
56,"Bowling Green vs Central Hardin",Boys Soccer,"Kentucky",9/29/2026,7:30pm,"The Bowling Green varsity soccer team has an away non-conference match @  Central Hardin (Cecilia, KY) on Tuesday, September 29 @ 7:30p.","/ky/soccer/match/bowling-green-vs-central-hardin-cecilia/9-29-2026/?c=6c9aee7a-0cee-4780-bf73-9f4b2acc968d","https://www.maxpreps.com/ky/soccer/match/bowling-green-vs-central-hardin-cecilia/9-29-2026/?c=6c9aee7a-0cee-4780-bf73-9f4b2acc968d","/soccer/ky/ef6?9/29/2026","Bowling Green","Purples","https://www.maxpreps.com/ky/bowling-green/boys-soccer/","https://www.maxpreps.com/ky/central-hardin-cecilia/boys-soccer/","https://hsfootball.net/proxy.php?url=https%3A%2F%2Fimage.maxpreps.io%2Fschool-mascot%2Fb%2F7%2F1%2Fb71a7e08-624e-4743-84b5-ff5c2f2c9a70.gif%3Fversion%3D637656613800000000%26amp%3Bwidth%3D128%26amp%3Bheight%3D128%26amp%3Bauto%3Dwebp%26amp%3Bformat%3Dpjpg","https://hsfootball.net/proxy.php?url=https%3A%2F%2Fimage.maxpreps.io%2Fschool-mascot%2F1%2F9%2F4%2F1949a779-1a2d-483d-a252-346e0b6773bc.gif%3Fversion%3D635757672600000000%26amp%3Bwidth%3D128%26amp%3Bheight%3D128%26amp%3Bauto%3Dwebp%26amp%3Bformat%3Dpjpg","boy"
57,"North Oldham vs DeSales",Boys Soccer,"Kentucky",9/29/2026,7:30pm,"The North Oldham varsity soccer team has an away non-conference match @  DeSales (Louisville, KY) on Tuesday, September 29 @ 7:30p.","/ky/soccer/match/desales-louisville-vs-north-oldham-goshen/9-29-2026/?c=824c38cf-ed1f-4319-a2b8-85a0c8267770","https://www.maxpreps.com/ky/soccer/match/desales-louisville-vs-north-oldham-goshen/9-29-2026/?c=824c38cf-ed1f-4319-a2b8-85a0c8267770","/soccer/ky/1017?9/29/2026","North Oldham","Mustangs","https://www.maxpreps.com/ky/desales-louisville/boys-soccer/","https://www.maxpreps.com/ky/north-oldham-goshen/boys-soccer/","https://hsfootball.net/proxy.php?url=https%3A%2F%2Fimage.maxpreps.io%2Fschool-mascot%2F4%2F8%2F0%2F480173d1-4e5f-4f0e-a649-38cc82ca093e.gif%3Fversion%3D634510830600000000%26amp%3Bwidth%3D128%26amp%3Bheight%3D128%26amp%3Bauto%3Dwebp%26amp%3Bformat%3Dpjpg","https://hsfootball.net/proxy.php?url=https%3A%2F%2Fimage.maxpreps.io%2Fschool-mascot%2F7%2F6%2Fa%2F76a19e71-c2ac-4c0f-b32d-7c0915071210.gif%3Fversion%3D636394291200000000%26amp%3Bwidth%3D128%26amp%3Bheight%3D128%26amp%3Bauto%3Dwebp%26amp%3Bformat%3Dpjpg","boy"
58,"Scott vs Newport Central Catholic",Boys Soccer,"Kentucky",9/29/2026,7:30pm,"The Scott varsity soccer team has an away non-conference match @  Newport Central Catholic (Newport, KY) on Tuesday, September 29 @ 7:30p.","/ky/soccer/match/newport-central-catholic-vs-scott-covington/9-29-2026/?c=2fe75aca-ec03-405d-bc58-e220b5643f37","https://www.maxpreps.com/ky/soccer/match/newport-central-catholic-vs-scott-covington/9-29-2026/?c=2fe75aca-ec03-405d-bc58-e220b5643f37","/soccer/ky/110d?9/29/2026","Scott","Eagles","https://www.maxpreps.com/ky/newport-central-catholic/boys-soccer/","https://www.maxpreps.com/ky/scott-covington/boys-soccer/","https://hsfootball.net/proxy.php?url=https%3A%2F%2Fimage.maxpreps.io%2Fschool-mascot%2F2%2F5%2F3%2F253eebb4-a163-40b8-a46e-759de6fcebbd.gif%3Fversion%3D637722530400000000%26amp%3Bwidth%3D128%26amp%3Bheight%3D128%26amp%3Bauto%3Dwebp%26amp%3Bformat%3Dpjpg","https://hsfootball.net/proxy.php?url=https%3A%2F%2Fimage.maxpreps.io%2Fschool-mascot%2Ff%2F6%2F3%2Ff63a1f42-8b63-4a24-a5d2-975541eb07e8.gif%3Fversion%3D638906719777280840%26amp%3Bwidth%3D128%26amp%3Bheight%3D128%26amp%3Bauto%3Dwebp%26amp%3Bformat%3Dpjpg","boy"
59,"Calvary Christian vs Cooper",Boys Soccer,"Kentucky",9/29/2026,7:30pm,"The Calvary Christian varsity soccer team has an away non-conference match @  Cooper (Union, KY) on Tuesday, September 29 @ 7:30p.","/ky/soccer/match/calvary-christian-covington-vs-cooper-union/9-29-2026/?c=23282290-6df3-4031-bb0d-b5c9271b311a","https://www.maxpreps.com/ky/soccer/match/calvary-christian-covington-vs-cooper-union/9-29-2026/?c=23282290-6df3-4031-bb0d-b5c9271b311a","/soccer/ky/1109?9/29/2026","Calvary Christian","Cougars","https://www.maxpreps.com/ky/calvary-christian-covington/boys-soccer/","https://www.maxpreps.com/ky/cooper-union/boys-soccer/","https://hsfootball.net/proxy.php?url=https%3A%2F%2Fimage.maxpreps.io%2Fschool-mascot%2Fd%2F3%2F5%2Fd35948ea-c5ef-44bb-ab16-83fad79987f0.gif%3Fversion%3D636076246800000000%26amp%3Bwidth%3D128%26amp%3Bheight%3D128%26amp%3Bauto%3Dwebp%26amp%3Bformat%3Dpjpg","https://hsfootball.net/proxy.php?url=https%3A%2F%2Fimage.maxpreps.io%2Fschool-mascot%2F5%2F2%2F6%2F526940ba-feeb-4fae-907f-8a5b81101aad.gif%3Fversion%3D633909709200000000%26amp%3Bwidth%3D128%26amp%3Bheight%3D128%26amp%3Bauto%3Dwebp%26amp%3Bformat%3Dpjpg","boy"
60,"Mason County vs Bourbon County",Boys Soccer,"Kentucky",9/29/2026,7:30pm,"The Mason County varsity soccer team has an away non-conference match @  Bourbon County (Paris, KY) on Tuesday, September 29 @ 7:30p.","/ky/soccer/match/bourbon-county-paris-vs-mason-county-maysville/9-29-2026/?c=c0c5198a-dffe-483e-a572-25d1b5f260b1","https://www.maxpreps.com/ky/soccer/match/bourbon-county-paris-vs-mason-county-maysville/9-29-2026/?c=c0c5198a-dffe-483e-a572-25d1b5f260b1","/soccer/ky/1245?9/29/2026","Mason County","Royals","https://www.maxpreps.com/ky/bourbon-county-paris/boys-soccer/","https://www.maxpreps.com/ky/mason-county-maysville/boys-soccer/","https://hsfootball.net/proxy.php?url=https%3A%2F%2Fimage.maxpreps.io%2Fschool-mascot%2F5%2Ff%2F4%2F5f4252d0-e885-4a1c-970b-794a1996caa5.gif%3Fversion%3D636192138600000000%26amp%3Bwidth%3D128%26amp%3Bheight%3D128%26amp%3Bauto%3Dwebp%26amp%3Bformat%3Dpjpg","https://hsfootball.net/proxy.php?url=https%3A%2F%2Fimage.maxpreps.io%2Fschool-mascot%2F5%2Ff%2Fa%2F5fae8c6d-6770-4afc-af1a-b9ffb8333393.gif%3Fversion%3D638142909000000000%26amp%3Bwidth%3D128%26amp%3Bheight%3D128%26amp%3Bauto%3Dwebp%26amp%3Bformat%3Dpjpg","boy"
61,"Anderson County vs Collins",Boys Soccer,"Kentucky",9/29/2026,7:30pm,"The Anderson County varsity soccer team has an away conference match @  Collins (Shelbyville, KY) on Tuesday, September 29 @ 7:30p.","/ky/soccer/match/anderson-county-lawrenceburg-vs-collins-shelbyville/9-29-2026/?c=a7cfce17-2aa5-4d50-ba06-1a8ea1caa268","https://www.maxpreps.com/ky/soccer/match/anderson-county-lawrenceburg-vs-collins-shelbyville/9-29-2026/?c=a7cfce17-2aa5-4d50-ba06-1a8ea1caa268","/soccer/ky/145e?9/29/2026","Anderson County","Bearcats","https://www.maxpreps.com/ky/anderson-county-lawrenceburg/boys-soccer/","https://www.maxpreps.com/ky/collins-shelbyville/boys-soccer/","https://hsfootball.net/proxy.php?url=https%3A%2F%2Fimage.maxpreps.io%2Fschool-mascot%2F3%2F3%2Fd%2F33db1e13-54b1-41d4-9475-a2346a646d10.gif%3Fversion%3D636458111400000000%26amp%3Bwidth%3D128%26amp%3Bheight%3D128%26amp%3Bauto%3Dwebp%26amp%3Bformat%3Dpjpg","https://hsfootball.net/proxy.php?url=https%3A%2F%2Fimage.maxpreps.io%2Fschool-mascot%2Ff%2F5%2F5%2Ff553a076-9c8a-4fee-8f33-a11a6e7e4a8c.gif%3Fversion%3D638920523578404820%26amp%3Bwidth%3D128%26amp%3Bheight%3D128%26amp%3Bauto%3Dwebp%26amp%3Bformat%3Dpjpg","boy"
62,"South Oldham vs Butler",Boys Soccer,"Kentucky",9/29/2026,7:30pm,"The South Oldham varsity soccer team has an away non-conference match @  Butler (Louisville, KY) on Tuesday, September 29 @ 7:30p.","/ky/soccer/match/butler-louisville-vs-south-oldham-crestwood/9-29-2026/?c=990c6ec8-97f7-4107-a763-0d79b6c1e1b7","https://www.maxpreps.com/ky/soccer/match/butler-louisville-vs-south-oldham-crestwood/9-29-2026/?c=990c6ec8-97f7-4107-a763-0d79b6c1e1b7","/soccer/ky/1122?9/29/2026","South Oldham","Dragons","https://www.maxpreps.com/ky/butler-louisville/boys-soccer/","https://www.maxpreps.com/ky/south-oldham-crestwood/boys-soccer/","https://hsfootball.net/proxy.php?url=https%3A%2F%2Fimage.maxpreps.io%2Fschool-mascot%2F1%2Fb%2F1%2F1b14e374-c067-4196-8f67-d19cd578c54c.gif%3Fversion%3D636427101000000000%26amp%3Bwidth%3D128%26amp%3Bheight%3D128%26amp%3Bauto%3Dwebp%26amp%3Bformat%3Dpjpg","https://hsfootball.net/proxy.php?url=https%3A%2F%2Fimage.maxpreps.io%2Fschool-mascot%2F5%2Fa%2F3%2F5a300546-8bca-4608-aa5a-51903f84d894.gif%3Fversion%3D637055199600000000%26amp%3Bwidth%3D128%26amp%3Bheight%3D128%26amp%3Bauto%3Dwebp%26amp%3Bformat%3Dpjpg","boy"
63,"Dixie Heights vs Ryle",Boys Soccer,"Kentucky",9/29/2026,7:45pm,"The Dixie Heights varsity soccer team has an away non-conference match @  Ryle (Union, KY) on Tuesday, September 29 @ 7:45p.","/ky/soccer/match/dixie-heights-edgewood-vs-ryle-union/9-29-2026/?c=8da0a757-2895-46da-afa3-8da4756c3371","https://www.maxpreps.com/ky/soccer/match/dixie-heights-edgewood-vs-ryle-union/9-29-2026/?c=8da0a757-2895-46da-afa3-8da4756c3371","/soccer/ky/dfc?9/29/2026","Dixie Heights","Colonels","https://www.maxpreps.com/ky/dixie-heights-edgewood/boys-soccer/","https://www.maxpreps.com/ky/ryle-union/boys-soccer/","https://hsfootball.net/proxy.php?url=https%3A%2F%2Fimage.maxpreps.io%2Fschool-mascot%2F4%2F0%2Fb%2F40b0151f-f6a5-4f85-92ed-f63e1b027cf0.gif%3Fversion%3D636384579600000000%26amp%3Bwidth%3D128%26amp%3Bheight%3D128%26amp%3Bauto%3Dwebp%26amp%3Bformat%3Dpjpg","https://hsfootball.net/proxy.php?url=https%3A%2F%2Fimage.maxpreps.io%2Fschool-mascot%2F1%2F3%2F9%2F139201a5-f87c-4ee5-98ee-27fba1df3b53.gif%3Fversion%3D633845688000000000%26amp%3Bwidth%3D128%26amp%3Bheight%3D128%26amp%3Bauto%3Dwebp%26amp%3Bformat%3Dpjpg","boy"
64,"Conner vs Bishop Brossart",Boys Soccer,"Kentucky",9/29/2026,7:45pm,"The Conner varsity soccer team has an away non-conference match @  Bishop Brossart (Alexandria, KY) on Tuesday, September 29 @ 7:45p.","/ky/soccer/match/bishop-brossart-alexandria-vs-conner-hebron/9-29-2026/?c=6295dae3-8103-4c9c-a5ac-45a996826a8e","https://www.maxpreps.com/ky/soccer/match/bishop-brossart-alexandria-vs-conner-hebron/9-29-2026/?c=6295dae3-8103-4c9c-a5ac-45a996826a8e","/soccer/ky/10db?9/29/2026","Conner","Cougars","https://www.maxpreps.com/ky/bishop-brossart-alexandria/boys-soccer/","https://www.maxpreps.com/ky/conner-hebron/boys-soccer/","https://hsfootball.net/proxy.php?url=https%3A%2F%2Fimage.maxpreps.io%2Fschool-mascot%2Fb%2F3%2F3%2Fb334c723-6107-492c-8a04-39b6ff5df805.gif%3Fversion%3D637171042200000000%26amp%3Bwidth%3D128%26amp%3Bheight%3D128%26amp%3Bauto%3Dwebp%26amp%3Bformat%3Dpjpg","https://hsfootball.net/proxy.php?url=https%3A%2F%2Fimage.maxpreps.io%2Fschool-mascot%2F1%2F1%2F1%2F1111aa61-2a6d-4ec1-bcf7-5ecf2a87e83d.gif%3Fversion%3D636951502200000000%26amp%3Bwidth%3D128%26amp%3Bheight%3D128%26amp%3Bauto%3Dwebp%26amp%3Bformat%3Dpjpg","boy"
65,"Franklin County vs Tates Creek",Boys Soccer,"Kentucky",9/29/2026,7:45pm,"The Franklin County varsity soccer team has an away non-conference match @  Tates Creek (Lexington, KY) on Tuesday, September 29 @ 7:45p.","/ky/soccer/match/franklin-county-frankfort-vs-tates-creek-lexington/9-29-2026/?c=806d7068-c0f8-4786-bb4c-7781c70b3dac","https://www.maxpreps.com/ky/soccer/match/franklin-county-frankfort-vs-tates-creek-lexington/9-29-2026/?c=806d7068-c0f8-4786-bb4c-7781c70b3dac","/soccer/ky/13be?9/29/2026","Franklin County","Flyers","https://www.maxpreps.com/ky/franklin-county-frankfort/boys-soccer/","https://www.maxpreps.com/ky/tates-creek-lexington/boys-soccer/","https://hsfootball.net/proxy.php?url=https%3A%2F%2Fimage.maxpreps.io%2Fschool-mascot%2Fb%2Fe%2Fa%2Fbea61ae8-bb2e-45ca-9e09-467944dda4a9.gif%3Fversion%3D634866739800000000%26amp%3Bwidth%3D128%26amp%3Bheight%3D128%26amp%3Bauto%3Dwebp%26amp%3Bformat%3Dpjpg","https://hsfootball.net/proxy.php?url=https%3A%2F%2Fimage.maxpreps.io%2Fschool-mascot%2F4%2Fe%2F6%2F4e6e5b03-ea47-48d3-a811-53b5f6e6c852.gif%3Fversion%3D634648862400000000%26amp%3Bwidth%3D128%26amp%3Bheight%3D128%26amp%3Bauto%3Dwebp%26amp%3Bformat%3Dpjpg","boy"
66,"East Jessamine vs West Jessamine",Boys Soccer,"Kentucky",9/29/2026,8:00pm,"The East Jessamine varsity soccer team has an away conference match @  West Jessamine (Nicholasville, KY) on Tuesday, September 29 @ 8p.","/ky/soccer/match/east-jessamine-nicholasville-vs-west-jessamine-nicholasville/9-29-2026/?c=d5c01baa-587a-49c0-83ed-947e54cc4d33","https://www.maxpreps.com/ky/soccer/match/east-jessamine-nicholasville-vs-west-jessamine-nicholasville/9-29-2026/?c=d5c01baa-587a-49c0-83ed-947e54cc4d33","/soccer/ky/17bf?9/29/2026","East Jessamine","Jaguars","https://www.maxpreps.com/ky/east-jessamine-nicholasville/boys-soccer/","https://www.maxpreps.com/ky/west-jessamine-nicholasville/boys-soccer/","https://hsfootball.net/proxy.php?url=https%3A%2F%2Fimage.maxpreps.io%2Fschool-mascot%2F7%2F9%2F1%2F791c7bc7-552e-4f4c-a193-8f42f0aa15d0.gif%3Fversion%3D636244767600000000%26amp%3Bwidth%3D128%26amp%3Bheight%3D128%26amp%3Bauto%3Dwebp%26amp%3Bformat%3Dpjpg","https://hsfootball.net/proxy.php?url=https%3A%2F%2Fimage.maxpreps.io%2Fschool-mascot%2Fd%2F4%2F9%2Fd49eb618-3cee-4923-b84d-f761a4a4e9a5.gif%3Fversion%3D635859541800000000%26amp%3Bwidth%3D128%26amp%3Bheight%3D128%26amp%3Bauto%3Dwebp%26amp%3Bformat%3Dpjpg","boy"
67,"Corbin vs Madison Central",Boys Soccer,"Kentucky",9/29/2026,8:00pm,"The Corbin varsity soccer team has an away non-conference match @  Madison Central (Richmond, KY) on Tuesday, September 29 @ 8p.","/ky/soccer/match/corbin-vs-madison-central-richmond/9-29-2026/?c=779281a8-f0f8-48b4-b782-4fda5daa1294","https://www.maxpreps.com/ky/soccer/match/corbin-vs-madison-central-richmond/9-29-2026/?c=779281a8-f0f8-48b4-b782-4fda5daa1294","/soccer/ky/d42?9/29/2026","Corbin","Redhounds","https://www.maxpreps.com/ky/corbin/boys-soccer/","https://www.maxpreps.com/ky/madison-central-richmond/boys-soccer/","https://hsfootball.net/proxy.php?url=https%3A%2F%2Fimage.maxpreps.io%2Fschool-mascot%2F3%2F9%2F0%2F390a297b-af01-4285-b758-2906152c00b1.gif%3Fversion%3D637050172200000000%26amp%3Bwidth%3D128%26amp%3Bheight%3D128%26amp%3Bauto%3Dwebp%26amp%3Bformat%3Dpjpg","https://hsfootball.net/proxy.php?url=https%3A%2F%2Fimage.maxpreps.io%2Fschool-mascot%2Fd%2F7%2Ff%2Fd7ff6176-a70c-4609-9f7f-41416cff0b12.gif%3Fversion%3D637798354800000000%26amp%3Bwidth%3D128%26amp%3Bheight%3D128%26amp%3Bauto%3Dwebp%26amp%3Bformat%3Dpjpg","boy"
68,"Barbourville vs Middlesboro",Boys Soccer,"Kentucky",9/29/2026,8:00pm,"The Barbourville varsity soccer team has an away conference match @  Middlesboro (KY) on Tuesday, September 29 @ 8p.","/ky/soccer/match/barbourville-vs-middlesboro/9-29-2026/?c=559d8479-5576-4262-99f5-e350b269c7a5","https://www.maxpreps.com/ky/soccer/match/barbourville-vs-middlesboro/9-29-2026/?c=559d8479-5576-4262-99f5-e350b269c7a5","/soccer/ky/ae0?9/29/2026","Barbourville","Tigers","https://www.maxpreps.com/ky/barbourville/boys-soccer/","https://www.maxpreps.com/ky/middlesboro/boys-soccer/","https://hsfootball.net/proxy.php?url=https%3A%2F%2Fimage.maxpreps.io%2Fschool-mascot%2Fd%2Fb%2Fc%2Fdbccbff1-20ee-4184-909b-a71a53964fb6.gif%3Fversion%3D637056163800000000%26amp%3Bwidth%3D128%26amp%3Bheight%3D128%26amp%3Bauto%3Dwebp%26amp%3Bformat%3Dpjpg","https://hsfootball.net/proxy.php?url=https%3A%2F%2Fimage.maxpreps.io%2Fschool-mascot%2Fd%2Fb%2Fc%2Fdbccbff1-20ee-4184-909b-a71a53964fb6.gif%3Fversion%3D637056163800000000%26amp%3Bwidth%3D32%26amp%3Bheight%3D32%26amp%3Bauto%3Dwebp%26amp%3Bformat%3Dpjpg","boy"
69,"Boyle County vs Taylor County",Boys Soccer,"Kentucky",9/29/2026,8:00pm,"The Boyle County varsity soccer team has an away non-conference match @  Taylor County (Campbellsville, KY) on Tuesday, September 29 @ 8p.","/ky/soccer/match/boyle-county-danville-vs-taylor-county-campbellsville/9-29-2026/?c=1a9631c2-733c-4f55-aaaf-21a3770cb77b","https://www.maxpreps.com/ky/soccer/match/boyle-county-danville-vs-taylor-county-campbellsville/9-29-2026/?c=1a9631c2-733c-4f55-aaaf-21a3770cb77b","/soccer/ky/150f?9/29/2026","Boyle County","Rebels","https://www.maxpreps.com/ky/boyle-county-danville/boys-soccer/","https://www.maxpreps.com/ky/taylor-county-campbellsville/boys-soccer/","https://hsfootball.net/proxy.php?url=https%3A%2F%2Fimage.maxpreps.io%2Fschool-mascot%2F9%2F2%2Fa%2F92af07b7-53fb-4df9-a342-3d15d06314a4.gif%3Fversion%3D637496784000000000%26amp%3Bwidth%3D128%26amp%3Bheight%3D128%26amp%3Bauto%3Dwebp%26amp%3Bformat%3Dpjpg","https://hsfootball.net/proxy.php?url=https%3A%2F%2Fimage.maxpreps.io%2Fschool-mascot%2Fa%2F2%2F9%2Fa295a3fa-2df0-4f49-a092-fc3f9ff0cb68.gif%3Fversion%3D635750006400000000%26amp%3Bwidth%3D128%26amp%3Bheight%3D128%26amp%3Bauto%3Dwebp%26amp%3Bformat%3Dpjpg","boy"
70,"Greenup County vs East Carter",Boys Soccer,"Kentucky",9/29/2026,8:00pm,"The Greenup County varsity soccer team has an away conference match @  East Carter (Grayson, KY) on Tuesday, September 29 @ 8p.","/ky/soccer/match/east-carter-grayson-vs-greenup-county/9-29-2026/?c=8c98677a-883a-4494-8d44-4f826591ff0b","https://www.maxpreps.com/ky/soccer/match/east-carter-grayson-vs-greenup-county/9-29-2026/?c=8c98677a-883a-4494-8d44-4f826591ff0b","/soccer/ky/e93?9/29/2026","Greenup County","Musketeers","https://www.maxpreps.com/ky/east-carter-grayson/boys-soccer/","https://www.maxpreps.com/ky/greenup-county/boys-soccer/","https://hsfootball.net/proxy.php?url=https%3A%2F%2Fimage.maxpreps.io%2Fschool-mascot%2F0%2F2%2Fb%2F02bab1b6-02be-4b2e-920d-ff214ee7bc84.gif%3Fversion%3D638688130171033690%26amp%3Bwidth%3D128%26amp%3Bheight%3D128%26amp%3Bauto%3Dwebp%26amp%3Bformat%3Dpjpg","https://hsfootball.net/proxy.php?url=https%3A%2F%2Fimage.maxpreps.io%2Fschool-mascot%2F1%2F0%2F6%2F106c199e-50fa-4fb8-98bc-4c72ed9ad4a0.gif%3Fversion%3D636387379800000000%26amp%3Bwidth%3D128%26amp%3Bheight%3D128%26amp%3Bauto%3Dwebp%26amp%3Bformat%3Dpjpg","boy"
71,"Lexington Christian vs George Rogers Clark",Boys Soccer,"Kentucky",9/29/2026,8:00pm,"The Lexington Christian varsity soccer team has an away non-conference match @  George Rogers Clark (Winchester, KY) on Tuesday, September 29 @ 8p.","/ky/soccer/match/george-rogers-clark-winchester-vs-lexington-christian/9-29-2026/?c=55d4e311-56ab-48ce-8bb0-73d14877b84d","https://www.maxpreps.com/ky/soccer/match/george-rogers-clark-winchester-vs-lexington-christian/9-29-2026/?c=55d4e311-56ab-48ce-8bb0-73d14877b84d","/soccer/ky/14e8?9/29/2026","Lexington Christian","Eagles","https://www.maxpreps.com/ky/george-rogers-clark-winchester/boys-soccer/","https://www.maxpreps.com/ky/lexington-christian/boys-soccer/","https://hsfootball.net/proxy.php?url=https%3A%2F%2Fimage.maxpreps.io%2Fschool-mascot%2F6%2F4%2Fc%2F64c63f40-3fc1-4a62-969a-9c2306b439f5.gif%3Fversion%3D637185661800000000%26amp%3Bwidth%3D128%26amp%3Bheight%3D128%26amp%3Bauto%3Dwebp%26amp%3Bformat%3Dpjpg","https://hsfootball.net/proxy.php?url=https%3A%2F%2Fimage.maxpreps.io%2Fschool-mascot%2F8%2Fa%2F8%2F8a814a0b-eb04-4568-b6ad-c699a0bc1c86.gif%3Fversion%3D636631936200000000%26amp%3Bwidth%3D128%26amp%3Bheight%3D128%26amp%3Bauto%3Dwebp%26amp%3Bformat%3Dpjpg","boy"
72,"Knott County Central vs Hazard",Boys Soccer,"Kentucky",9/29/2026,8:00pm,"The Knott County Central varsity soccer team has an away conference match @  Hazard (KY) on Tuesday, September 29 @ 8p.","/ky/soccer/match/hazard-bulldogs-lady-bulldogs-vs-knott-county-central-hindman/9-29-2026/?c=1f1057ac-81fb-4f9b-a2f6-dc9a74954cf1","https://www.maxpreps.com/ky/soccer/match/hazard-bulldogs-lady-bulldogs-vs-knott-county-central-hindman/9-29-2026/?c=1f1057ac-81fb-4f9b-a2f6-dc9a74954cf1","/soccer/ky/17c7?9/29/2026","Knott County Central","Patriots","https://www.maxpreps.com/ky/hazard-bulldogs-lady-bulldogs/boys-soccer/","https://www.maxpreps.com/ky/knott-county-central-hindman/boys-soccer/","https://hsfootball.net/proxy.php?url=https%3A%2F%2Fimage.maxpreps.io%2Fschool-mascot%2F3%2Fb%2F6%2F3b6a7aca-5d69-4a8e-aca5-e12554dbbd30.gif%3Fversion%3D635084370000000000%26amp%3Bwidth%3D128%26amp%3Bheight%3D128%26amp%3Bauto%3Dwebp%26amp%3Bformat%3Dpjpg","https://hsfootball.net/proxy.php?url=https%3A%2F%2Fimage.maxpreps.io%2Fschool-mascot%2F7%2F7%2F8%2F778aceb5-fd7f-48ee-85b3-6eb7905fdb6a.gif%3Fversion%3D635074492800000000%26amp%3Bwidth%3D128%26amp%3Bheight%3D128%26amp%3Bauto%3Dwebp%26amp%3Bformat%3Dpjpg","boy"
73,"Bethlehem vs Meade County",Boys Soccer,"Kentucky",9/29/2026,8:00pm,"The Bethlehem varsity soccer team has an away non-conference match @  Meade County (Brandenburg, KY) on Tuesday, September 29 @ 8p.","/ky/soccer/match/bethlehem-bardstown-vs-meade-county-brandenburg/9-29-2026/?c=2f23067c-6df0-4c4a-815c-10ba78e37d99","https://www.maxpreps.com/ky/soccer/match/bethlehem-bardstown-vs-meade-county-brandenburg/9-29-2026/?c=2f23067c-6df0-4c4a-815c-10ba78e37d99","/soccer/ky/1274?9/29/2026","Bethlehem","Eagles","https://www.maxpreps.com/ky/bethlehem-bardstown/boys-soccer/","https://www.maxpreps.com/ky/meade-county-brandenburg/boys-soccer/","https://hsfootball.net/proxy.php?url=https%3A%2F%2Fimage.maxpreps.io%2Fschool-mascot%2F5%2F8%2Fb%2F58ba83ca-6cb9-4792-9d24-fb210a1387cd.gif%3Fversion%3D634828797000000000%26amp%3Bwidth%3D128%26amp%3Bheight%3D128%26amp%3Bauto%3Dwebp%26amp%3Bformat%3Dpjpg","https://hsfootball.net/proxy.php?url=https%3A%2F%2Fimage.maxpreps.io%2Fschool-mascot%2F7%2Fc%2F6%2F7c65f276-8e9e-4963-9dc8-432db84a8ef2.gif%3Fversion%3D634254406800000000%26amp%3Bwidth%3D128%26amp%3Bheight%3D128%26amp%3Bauto%3Dwebp%26amp%3Bformat%3Dpjpg","boy"
74,"New Hanover vs Laney",Boys Soccer,"Kentucky",9/29/2026,6:00pm,"The New Hanover varsity soccer team has an away conference match @  Laney (Wilmington, NC) on Tuesday, September 29 @ 6p.","/nc/soccer/match/ea-laney-buccaneers-wilmington-vs-new-hanover-wilmington/9-29-2026/?c=b14720c9-bb1c-4ad4-b686-f24574fe8092","https://www.maxpreps.com/nc/soccer/match/ea-laney-buccaneers-wilmington-vs-new-hanover-wilmington/9-29-2026/?c=b14720c9-bb1c-4ad4-b686-f24574fe8092","/soccer/ky/15eb?9/29/2026","New Hanover","Wildcats","https://www.maxpreps.com/ky/ea-laney-buccaneers-wilmington/boys-soccer/","https://www.maxpreps.com/ky/new-hanover-wilmington/boys-soccer/","https://hsfootball.net/proxy.php?url=https%3A%2F%2Fimage.maxpreps.io%2Fschool-mascot%2F5%2F5%2Ff%2F55ffd0af-8543-4eda-866b-a38703f079f3.gif%3Fversion%3D638570394078792520%26amp%3Bwidth%3D128%26amp%3Bheight%3D128%26amp%3Bauto%3Dwebp%26amp%3Bformat%3Dpjpg","https://hsfootball.net/proxy.php?url=https%3A%2F%2Fimage.maxpreps.io%2Fschool-mascot%2F7%2F1%2Ff%2F71fccbdd-2c49-4c3a-82e9-101ed692d651.gif%3Fversion%3D636770518200000000%26amp%3Bwidth%3D128%26amp%3Bheight%3D128%26amp%3Bauto%3Dwebp%26amp%3Bformat%3Dpjpg","boy"
75,"North Brunswick vs Hoggard",Boys Soccer,"Kentucky",9/29/2026,6:00pm,"The North Brunswick varsity soccer team has an away conference match @  Hoggard (Wilmington, NC) on Tuesday, September 29 @ 6p.","/nc/soccer/match/hoggard-wilmington-vs-north-brunswick-leland/9-29-2026/?c=cc3e6529-e80c-4ad6-a2d8-0325c78bcfda","https://www.maxpreps.com/nc/soccer/match/hoggard-wilmington-vs-north-brunswick-leland/9-29-2026/?c=cc3e6529-e80c-4ad6-a2d8-0325c78bcfda","/soccer/ky/1161?9/29/2026","North Brunswick","Scorpions","https://www.maxpreps.com/ky/hoggard-wilmington/boys-soccer/","https://www.maxpreps.com/ky/north-brunswick-leland/boys-soccer/","https://hsfootball.net/proxy.php?url=https%3A%2F%2Fimage.maxpreps.io%2Fschool-mascot%2F0%2Fc%2F1%2F0c15293d-a1b1-4eca-83b6-4e88b894be11.gif%3Fversion%3D638866732026512700%26amp%3Bwidth%3D128%26amp%3Bheight%3D128%26amp%3Bauto%3Dwebp%26amp%3Bformat%3Dpjpg","https://hsfootball.net/proxy.php?url=https%3A%2F%2Fimage.maxpreps.io%2Fschool-mascot%2F1%2F2%2Fb%2F12b5c67e-addf-42c1-acf4-b1cf4a5e6bcc.gif%3Fversion%3D636075868800000000%26amp%3Bwidth%3D128%26amp%3Bheight%3D128%26amp%3Bauto%3Dwebp%26amp%3Bformat%3Dpjpg","boy"
76,"Panther Creek vs Apex Friendship",Boys Soccer,"Kentucky",9/29/2026,6:30pm,"The Panther Creek varsity soccer team has an away conference match @  Apex Friendship (Apex, NC) on Tuesday, September 29 @ 6:30p.","/nc/soccer/match/apex-friendship-vs-panther-creek-cary/9-29-2026/?c=9e432c62-8a0e-403a-9bbf-caaaa692942d","https://www.maxpreps.com/nc/soccer/match/apex-friendship-vs-panther-creek-cary/9-29-2026/?c=9e432c62-8a0e-403a-9bbf-caaaa692942d","/soccer/ky/e4f?9/29/2026","Panther Creek","Catamounts","https://www.maxpreps.com/ky/apex-friendship/boys-soccer/","https://www.maxpreps.com/ky/panther-creek-cary/boys-soccer/","https://hsfootball.net/proxy.php?url=https%3A%2F%2Fimage.maxpreps.io%2Fschool-mascot%2Fa%2F3%2F8%2Fa385d9cd-55ea-43bf-a219-e87eac853901.gif%3Fversion%3D637883793600000000%26amp%3Bwidth%3D128%26amp%3Bheight%3D128%26amp%3Bauto%3Dwebp%26amp%3Bformat%3Dpjpg","https://hsfootball.net/proxy.php?url=https%3A%2F%2Fimage.maxpreps.io%2Fschool-mascot%2Ff%2F5%2F3%2Ff539f96f-4c47-4602-850a-b10a493e4600.gif%3Fversion%3D636298458000000000%26amp%3Bwidth%3D128%26amp%3Bheight%3D128%26amp%3Bauto%3Dwebp%26amp%3Bformat%3Dpjpg","boy"
77,"Green Hope vs Green Level",Boys Soccer,"Kentucky",9/29/2026,6:30pm,"The Green Hope varsity soccer team has an away conference match @  Green Level (Cary, NC) on Tuesday, September 29 @ 6:30p.","/nc/soccer/match/green-hope-cary-vs-green-level-cary/9-29-2026/?c=a9543dac-fec3-4365-a9f0-0cf484f2130d","https://www.maxpreps.com/nc/soccer/match/green-hope-cary-vs-green-level-cary/9-29-2026/?c=a9543dac-fec3-4365-a9f0-0cf484f2130d","/soccer/ky/d3b?9/29/2026","Green Hope","Falcons","https://www.maxpreps.com/ky/green-hope-cary/boys-soccer/","https://www.maxpreps.com/ky/green-level-cary/boys-soccer/","https://hsfootball.net/proxy.php?url=https%3A%2F%2Fimage.maxpreps.io%2Fschool-mascot%2F4%2F3%2F7%2F43734a55-5f0f-4153-89c6-eee8f6f2d386.gif%3Fversion%3D635920021800000000%26amp%3Bwidth%3D128%26amp%3Bheight%3D128%26amp%3Bauto%3Dwebp%26amp%3Bformat%3Dpjpg","https://hsfootball.net/proxy.php?url=https%3A%2F%2Fimage.maxpreps.io%2Fschool-mascot%2F7%2F2%2Fd%2F72de608b-d5df-47d7-bbb7-774cfe19db96.gif%3Fversion%3D638589353853722870%26amp%3Bwidth%3D128%26amp%3Bheight%3D128%26amp%3Bauto%3Dwebp%26amp%3Bformat%3Dpjpg","boy"
78,"St. Joseph vs Portage Northern",Boys Soccer,"Kentucky",9/29/2026,6:30pm,"The St. Joseph varsity soccer team has an away conference match @  Portage Northern (Portage, MI) on Tuesday, September 29 @ 6:30p.","/mi/soccer/match/portage-northern-vs-st-joseph/9-29-2026/?c=23d69734-4fd3-48a9-bac1-dec5c38b66bf","https://www.maxpreps.com/mi/soccer/match/portage-northern-vs-st-joseph/9-29-2026/?c=23d69734-4fd3-48a9-bac1-dec5c38b66bf","/soccer/ky/b6f?9/29/2026","St. Joseph","Bears","https://www.maxpreps.com/ky/portage-northern/boys-soccer/","https://www.maxpreps.com/ky/st-joseph/boys-soccer/","https://hsfootball.net/proxy.php?url=https%3A%2F%2Fimage.maxpreps.io%2Fschool-mascot%2Fe%2F4%2F1%2Fe4162ded-8b74-46b8-80f4-992e1cab53ff.gif%3Fversion%3D637970914800000000%26amp%3Bwidth%3D128%26amp%3Bheight%3D128%26amp%3Bauto%3Dwebp%26amp%3Bformat%3Dpjpg","https://hsfootball.net/proxy.php?url=https%3A%2F%2Fimage.maxpreps.io%2Fschool-mascot%2Fe%2F3%2F1%2Fe31b79c9-8cc1-44a8-b9e5-6ccb99a548fb.gif%3Fversion%3D636915331200000000%26amp%3Bwidth%3D128%26amp%3Bheight%3D128%26amp%3Bauto%3Dwebp%26amp%3Bformat%3Dpjpg","boy"
79,"Gull Lake vs Portage Central",Boys Soccer,"Kentucky",9/29/2026,6:30pm,"The Gull Lake varsity soccer team has an away conference match @  Portage Central (Portage, MI) on Tuesday, September 29 @ 6:30p.","/mi/soccer/match/gull-lake-richland-vs-portage-central/9-29-2026/?c=497534e6-c8af-45da-8cf2-deba20ad7aad","https://www.maxpreps.com/mi/soccer/match/gull-lake-richland-vs-portage-central/9-29-2026/?c=497534e6-c8af-45da-8cf2-deba20ad7aad","/soccer/ky/e3b?9/29/2026","Gull Lake","Blue Devils","https://www.maxpreps.com/ky/gull-lake-richland/boys-soccer/","https://www.maxpreps.com/ky/portage-central/boys-soccer/","https://hsfootball.net/proxy.php?url=https%3A%2F%2Fimage.maxpreps.io%2Fschool-mascot%2F9%2Fe%2F5%2F9e5d2b2d-52d2-4ff4-bf7d-3bf8a201466d.gif%3Fversion%3D636721768200000000%26amp%3Bwidth%3D128%26amp%3Bheight%3D128%26amp%3Bauto%3Dwebp%26amp%3Bformat%3Dpjpg","https://hsfootball.net/proxy.php?url=https%3A%2F%2Fimage.maxpreps.io%2Fschool-mascot%2Fc%2F2%2Fb%2Fc2bd73dd-0727-4a33-9ba1-3804de1edd15.gif%3Fversion%3D636554868000000000%26amp%3Bwidth%3D128%26amp%3Bheight%3D128%26amp%3Bauto%3Dwebp%26amp%3Bformat%3Dpjpg","boy"
80,"Columbia vs Jersey",Boys Soccer,"Kentucky",9/29/2026,5:45pm,"The Columbia varsity soccer team has an away conference match @  Jersey (Jerseyville, IL) on Tuesday, September 29 @ 5:45p.","/il/soccer/match/columbia-vs-jersey-jerseyville/9-29-2026/?c=0226a630-8e5e-484f-b988-4eaf49e583a0","https://www.maxpreps.com/il/soccer/match/columbia-vs-jersey-jerseyville/9-29-2026/?c=0226a630-8e5e-484f-b988-4eaf49e583a0","/soccer/ky/bfc?9/29/2026","Columbia","Eagles","https://www.maxpreps.com/ky/columbia/boys-soccer/","https://www.maxpreps.com/ky/jersey-jerseyville/boys-soccer/","https://hsfootball.net/proxy.php?url=https%3A%2F%2Fimage.maxpreps.io%2Fschool-mascot%2Fc%2F2%2F9%2Fc29a38d2-237c-4de3-b474-e4c3f3d3e2e3.gif%3Fversion%3D637710039000000000%26amp%3Bwidth%3D128%26amp%3Bheight%3D128%26amp%3Bauto%3Dwebp%26amp%3Bformat%3Dpjpg","https://hsfootball.net/proxy.php?url=https%3A%2F%2Fimage.maxpreps.io%2Fschool-mascot%2F1%2F2%2F9%2F12956dd1-0750-4012-a099-bd193d38e5f3.gif%3Fversion%3D636752864400000000%26amp%3Bwidth%3D128%26amp%3Bheight%3D128%26amp%3Bauto%3Dwebp%26amp%3Bformat%3Dpjpg","boy"
81,"Covenant Day vs Charlotte Latin",Boys Soccer,"Kentucky",9/29/2026,7:00pm,"The Covenant Day varsity soccer team has an away conference match @  Charlotte Latin (Charlotte, NC) on Tuesday, September 29 @ 7p.","/nc/soccer/match/charlotte-latin-vs-covenant-day-matthews/9-29-2026/?c=1dbabe2b-5322-4b4c-9bc0-36eae256b074","https://www.maxpreps.com/nc/soccer/match/charlotte-latin-vs-covenant-day-matthews/9-29-2026/?c=1dbabe2b-5322-4b4c-9bc0-36eae256b074","/soccer/ky/fb1?9/29/2026","Covenant Day","Lions","https://www.maxpreps.com/ky/charlotte-latin/boys-soccer/","https://www.maxpreps.com/ky/covenant-day-matthews/boys-soccer/","https://hsfootball.net/proxy.php?url=https%3A%2F%2Fimage.maxpreps.io%2Fschool-mascot%2Fe%2F1%2F5%2Fe15bb405-3e9f-40aa-a6bb-6c376e5e6b98.gif%3Fversion%3D638636263683997200%26amp%3Bwidth%3D128%26amp%3Bheight%3D128%26amp%3Bauto%3Dwebp%26amp%3Bformat%3Dpjpg","https://hsfootball.net/proxy.php?url=https%3A%2F%2Fimage.maxpreps.io%2Fschool-mascot%2Fb%2Fa%2Fa%2Fbaa936d3-6986-4998-aaf3-9a8596cdce81.gif%3Fversion%3D638939596157100470%26amp%3Bwidth%3D128%26amp%3Bheight%3D128%26amp%3Bauto%3Dwebp%26amp%3Bformat%3Dpjpg","boy"
82,"Cannon vs Charlotte Country Day School",Boys Soccer,"Kentucky",9/29/2026,7:00pm,"The Cannon varsity soccer team has an away conference match @  Charlotte Country Day School (Charlotte, NC) on Tuesday, September 29 @ 7p.","/nc/soccer/match/cannon-concord-vs-charlotte-country-day-school/9-29-2026/?c=dddba7b1-8c7d-40d5-8c60-2c558fcd178c","https://www.maxpreps.com/nc/soccer/match/cannon-concord-vs-charlotte-country-day-school/9-29-2026/?c=dddba7b1-8c7d-40d5-8c60-2c558fcd178c","/soccer/ky/11fc?9/29/2026","Cannon","Cougars","https://www.maxpreps.com/ky/cannon-concord/boys-soccer/","https://www.maxpreps.com/ky/charlotte-country-day-school/boys-soccer/","https://hsfootball.net/proxy.php?url=https%3A%2F%2Fimage.maxpreps.io%2Fschool-mascot%2F9%2Fe%2F9%2F9e946929-1ef0-4c41-a017-fde9178ff624.gif%3Fversion%3D636805517400000000%26amp%3Bwidth%3D128%26amp%3Bheight%3D128%26amp%3Bauto%3Dwebp%26amp%3Bformat%3Dpjpg","https://hsfootball.net/proxy.php?url=https%3A%2F%2Fimage.maxpreps.io%2Fschool-mascot%2Ff%2F6%2F5%2Ff659f4d0-4d7d-4c22-9a00-2ff6b7a1ff5a.gif%3Fversion%3D636053738400000000%26amp%3Bwidth%3D128%26amp%3Bheight%3D128%26amp%3Bauto%3Dwebp%26amp%3Bformat%3Dpjpg","boy"
83,"Nordonia vs Twinsburg",Boys Soccer,"Kentucky",9/29/2026,7:00pm,"The Nordonia varsity soccer team has an away conference match @  Twinsburg (OH) on Tuesday, September 29 @ 7p.","/oh/soccer/match/nordonia-macedonia-vs-twinsburg/9-29-2026/?c=b6a15075-112b-43ed-9e50-42a387adbe71","https://www.maxpreps.com/oh/soccer/match/nordonia-macedonia-vs-twinsburg/9-29-2026/?c=b6a15075-112b-43ed-9e50-42a387adbe71","/soccer/ky/c50?9/29/2026","Nordonia","Knights","https://www.maxpreps.com/ky/nordonia-macedonia/boys-soccer/","https://www.maxpreps.com/ky/twinsburg/boys-soccer/","https://hsfootball.net/proxy.php?url=https%3A%2F%2Fimage.maxpreps.io%2Fschool-mascot%2F3%2F0%2Fc%2F30c01c87-9895-4090-9597-27d993d0f3bb.gif%3Fversion%3D638210369400000000%26amp%3Bwidth%3D128%26amp%3Bheight%3D128%26amp%3Bauto%3Dwebp%26amp%3Bformat%3Dpjpg","https://hsfootball.net/proxy.php?url=https%3A%2F%2Fimage.maxpreps.io%2Fschool-mascot%2F4%2Fd%2F5%2F4d58e8d1-7b2a-441d-924c-e2735b3323f5.gif%3Fversion%3D634575555000000000%26amp%3Bwidth%3D128%26amp%3Bheight%3D128%26amp%3Bauto%3Dwebp%26amp%3Bformat%3Dpjpg","boy"
84,"Skyline vs Pioneer",Boys Soccer,"Kentucky",9/29/2026,7:00pm,"The Skyline varsity soccer team has an away conference match @  Pioneer (Ann Arbor, MI) on Tuesday, September 29 @ 7p.","/mi/soccer/match/pioneer-ann-arbor-vs-skyline-ann-arbor/9-29-2026/?c=f03ae1ba-a2b1-4774-b798-90771c03f6cd","https://www.maxpreps.com/mi/soccer/match/pioneer-ann-arbor-vs-skyline-ann-arbor/9-29-2026/?c=f03ae1ba-a2b1-4774-b798-90771c03f6cd","/soccer/ky/e8e?9/29/2026","Skyline","Eagles","https://www.maxpreps.com/ky/pioneer-ann-arbor/boys-soccer/","https://www.maxpreps.com/ky/skyline-ann-arbor/boys-soccer/","https://hsfootball.net/proxy.php?url=https%3A%2F%2Fimage.maxpreps.io%2Fschool-mascot%2Fc%2F0%2F1%2Fc01832d0-ac05-4863-87df-08540ce78c4d.gif%3Fversion%3D637101324000000000%26amp%3Bwidth%3D128%26amp%3Bheight%3D128%26amp%3Bauto%3Dwebp%26amp%3Bformat%3Dpjpg","https://hsfootball.net/proxy.php?url=https%3A%2F%2Fimage.maxpreps.io%2Fschool-mascot%2F2%2F5%2Fc%2F25c437a0-f2c0-4a7d-aa7c-483e2a72b36a.gif%3Fversion%3D636538633200000000%26amp%3Bwidth%3D128%26amp%3Bheight%3D128%26amp%3Bauto%3Dwebp%26amp%3Bformat%3Dpjpg","boy"
85,"St. Charles vs St. Francis DeSales",Boys Soccer,"Kentucky",9/29/2026,7:15pm,"The St. Charles varsity soccer team has an away conference match @  St. Francis DeSales (Columbus, OH) on Tuesday, September 29 @ 7:15p.","/oh/soccer/match/st-charles-columbus-vs-st-francis-desales-columbus/9-29-2026/?c=e9662131-35ad-4212-8f79-34617a5900fa","https://www.maxpreps.com/oh/soccer/match/st-charles-columbus-vs-st-francis-desales-columbus/9-29-2026/?c=e9662131-35ad-4212-8f79-34617a5900fa","/soccer/ky/136f?9/29/2026","St. Charles","Cardinals","https://www.maxpreps.com/ky/st-charles-columbus/boys-soccer/","https://www.maxpreps.com/ky/st-francis-desales-columbus/boys-soccer/","https://hsfootball.net/proxy.php?url=https%3A%2F%2Fimage.maxpreps.io%2Fschool-mascot%2F3%2F6%2F5%2F365e84c9-070e-47f2-8637-e99e6f5175aa.gif%3Fversion%3D638987079637896990%26amp%3Bwidth%3D128%26amp%3Bheight%3D128%26amp%3Bauto%3Dwebp%26amp%3Bformat%3Dpjpg","https://hsfootball.net/proxy.php?url=https%3A%2F%2Fimage.maxpreps.io%2Fschool-mascot%2F6%2Fb%2F3%2F6b3d5b7f-b926-4fc0-b3da-65fe5a8bddee.gif%3Fversion%3D637877776200000000%26amp%3Bwidth%3D128%26amp%3Bheight%3D128%26amp%3Bauto%3Dwebp%26amp%3Bformat%3Dpjpg","boy"
86,"Dublin Jerome vs Olentangy",Boys Soccer,"Kentucky",9/29/2026,7:15pm,"The Dublin Jerome varsity soccer team has an away conference match @  Olentangy (Lewis Center, OH) on Tuesday, September 29 @ 7:15p.","/oh/soccer/match/dublin-jerome-vs-olentangy-lewis-center/9-29-2026/?c=69461bd4-d673-4b2f-b23a-a3423e43f4e1","https://www.maxpreps.com/oh/soccer/match/dublin-jerome-vs-olentangy-lewis-center/9-29-2026/?c=69461bd4-d673-4b2f-b23a-a3423e43f4e1","/soccer/ky/f40?9/29/2026","Dublin Jerome","Celtics","https://www.maxpreps.com/ky/dublin-jerome/boys-soccer/","https://www.maxpreps.com/ky/olentangy-lewis-center/boys-soccer/","https://hsfootball.net/proxy.php?url=https%3A%2F%2Fimage.maxpreps.io%2Fschool-mascot%2Ff%2Fa%2F5%2Ffa5d5b15-a9cc-47ca-9d17-748f21cdffe2.gif%3Fversion%3D637657525200000000%26amp%3Bwidth%3D128%26amp%3Bheight%3D128%26amp%3Bauto%3Dwebp%26amp%3Bformat%3Dpjpg","https://hsfootball.net/proxy.php?url=https%3A%2F%2Fimage.maxpreps.io%2Fschool-mascot%2F8%2Fd%2Ff%2F8dfa759f-58ac-424c-8068-740cb8528dfe.gif%3Fversion%3D638630280069122670%26amp%3Bwidth%3D128%26amp%3Bheight%3D128%26amp%3Bauto%3Dwebp%26amp%3Bformat%3Dpjpg","boy"
87,"Lake Forest vs Stevenson",Boys Soccer,"Kentucky",9/29/2026,6:45pm,"The Lake Forest varsity soccer team has an away conference match @  Stevenson (Lincolnshire, IL) on Tuesday, September 29 @ 6:45p.","/il/soccer/match/lake-forest-vs-stevenson-lincolnshire/9-29-2026/?c=9861c3c7-4323-4ce0-9fb4-0f784a1661cd","https://www.maxpreps.com/il/soccer/match/lake-forest-vs-stevenson-lincolnshire/9-29-2026/?c=9861c3c7-4323-4ce0-9fb4-0f784a1661cd","/soccer/ky/ebc?9/29/2026","Lake Forest","Scouts","https://www.maxpreps.com/ky/lake-forest/boys-soccer/","https://www.maxpreps.com/ky/stevenson-lincolnshire/boys-soccer/","https://hsfootball.net/proxy.php?url=https%3A%2F%2Fimage.maxpreps.io%2Fschool-mascot%2Fb%2Fe%2F8%2Fbe8d3639-2ed5-44c2-a99c-a2a3f3bb6cf7.gif%3Fversion%3D635556201000000000%26amp%3Bwidth%3D128%26amp%3Bheight%3D128%26amp%3Bauto%3Dwebp%26amp%3Bformat%3Dpjpg","https://hsfootball.net/proxy.php?url=https%3A%2F%2Fimage.maxpreps.io%2Fschool-mascot%2F4%2F6%2F9%2F46942266-3ad9-41b9-b43a-24f576e2169f.gif%3Fversion%3D636921282000000000%26amp%3Bwidth%3D128%26amp%3Bheight%3D128%26amp%3Bauto%3Dwebp%26amp%3Bformat%3Dpjpg","boy"
88,"Schaumburg vs Hersey",Boys Soccer,"Kentucky",9/29/2026,7:00pm,"The Schaumburg varsity soccer team has an away conference match @  Hersey (Arlington Heights, IL) on Tuesday, September 29 @ 7p.","/il/soccer/match/hersey-arlington-heights-vs-schaumburg/9-29-2026/?c=49fdd336-ca7a-4910-a323-a403630204b4","https://www.maxpreps.com/il/soccer/match/hersey-arlington-heights-vs-schaumburg/9-29-2026/?c=49fdd336-ca7a-4910-a323-a403630204b4","/soccer/ky/f18?9/29/2026","Schaumburg","Saxons","https://www.maxpreps.com/ky/hersey-arlington-heights/boys-soccer/","https://www.maxpreps.com/ky/schaumburg/boys-soccer/","https://hsfootball.net/proxy.php?url=https%3A%2F%2Fimage.maxpreps.io%2Fschool-mascot%2F0%2F1%2F6%2F016df29f-5052-43ce-849c-35a01db18ddf.gif%3Fversion%3D637534878600000000%26amp%3Bwidth%3D128%26amp%3Bheight%3D128%26amp%3Bauto%3Dwebp%26amp%3Bformat%3Dpjpg","https://hsfootball.net/proxy.php?url=https%3A%2F%2Fimage.maxpreps.io%2Fschool-mascot%2F7%2F8%2F7%2F787e6e97-5dea-4b0a-995e-6b3529275fe8.gif%3Fversion%3D637654867200000000%26amp%3Bwidth%3D128%26amp%3Bheight%3D128%26amp%3Bauto%3Dwebp%26amp%3Bformat%3Dpjpg","boy"