1,"Jersey Shore vs Central Columbia",Boys Soccer,"Pennsylvania",9/28/2026,6:00pm,"The Jersey Shore varsity soccer team has an away conference match @  Central Columbia (Bloomsburg, PA) on Monday, September 28 @ 6p.","/pa/soccer/match/central-columbia-bloomsburg-vs-jersey-shore/9-28-2026/?c=331a53c1-c7de-465c-8b60-e6767fd3850f","https://www.maxpreps.com/pa/soccer/match/central-columbia-bloomsburg-vs-jersey-shore/9-28-2026/?c=331a53c1-c7de-465c-8b60-e6767fd3850f","/soccer/pa/10ee?9/28/2026","Jersey Shore","Bulldogs","https://www.maxpreps.com/pa/central-columbia-bloomsburg/soccer/","https://www.maxpreps.com/pa/jersey-shore/soccer/","https://hsfootball.net/proxy.php?url=https%3A%2F%2Fimage.maxpreps.io%2Fschool-mascot%2Fe%2Fb%2F8%2Feb81707d-b879-4aff-8f67-2f69b195ba3b.gif%3Fversion%3D637981407600000000%26amp%3Bwidth%3D128%26amp%3Bheight%3D128%26amp%3Bauto%3Dwebp%26amp%3Bformat%3Dpjpg","https://hsfootball.net/proxy.php?url=https%3A%2F%2Fimage.maxpreps.io%2Fschool-mascot%2Fe%2F9%2Fe%2Fe9ee4e37-4756-4777-8c52-ff4feb215d71.gif%3Fversion%3D637377459600000000%26amp%3Bwidth%3D128%26amp%3Bheight%3D128%26amp%3Bauto%3Dwebp%26amp%3Bformat%3Dpjpg","boy"
2,"Conrad Weiser vs Reading",Boys Soccer,"Pennsylvania",9/28/2026,7:00pm,"The Conrad Weiser varsity soccer team has an away non-conference match @  Reading (PA) on Monday, September 28 @ 7p.","/pa/soccer/match/conrad-weiser-robesonia-vs-reading/9-28-2026/?c=66ef9fae-42ca-4e2b-a755-83b0a72ada63","https://www.maxpreps.com/pa/soccer/match/conrad-weiser-robesonia-vs-reading/9-28-2026/?c=66ef9fae-42ca-4e2b-a755-83b0a72ada63","/soccer/pa/d3f?9/28/2026","Conrad Weiser","Scouts","https://www.maxpreps.com/pa/conrad-weiser-robesonia/soccer/","https://www.maxpreps.com/pa/reading/soccer/","https://hsfootball.net/proxy.php?url=https%3A%2F%2Fimage.maxpreps.io%2Fschool-mascot%2F9%2Fe%2F0%2F9e0e3393-c19a-43b4-bbfc-2164b3c8c340.gif%3Fversion%3D637709108400000000%26amp%3Bwidth%3D128%26amp%3Bheight%3D128%26amp%3Bauto%3Dwebp%26amp%3Bformat%3Dpjpg","https://hsfootball.net/proxy.php?url=https%3A%2F%2Fimage.maxpreps.io%2Fschool-mascot%2F6%2Fa%2Fc%2F6acaa194-9c1e-4132-a431-7178c29d87f7.gif%3Fversion%3D636161797200000000%26amp%3Bwidth%3D128%26amp%3Bheight%3D128%26amp%3Bauto%3Dwebp%26amp%3Bformat%3Dpjpg","boy"
3,"Blue Mountain vs Northampton",Boys Soccer,"Pennsylvania",9/28/2026,7:00pm,"The Blue Mountain varsity soccer team has an away non-conference match @  Northampton (PA) on Monday, September 28 @ 7p.","/pa/soccer/match/blue-mountain-schuylkill-haven-vs-northampton/9-28-2026/?c=6408f11a-6503-44d4-8ba1-f7dd515f7e11","https://www.maxpreps.com/pa/soccer/match/blue-mountain-schuylkill-haven-vs-northampton/9-28-2026/?c=6408f11a-6503-44d4-8ba1-f7dd515f7e11","/soccer/pa/11ed?9/28/2026","Blue Mountain","Eagles","https://www.maxpreps.com/pa/blue-mountain-schuylkill-haven/soccer/","https://www.maxpreps.com/pa/northampton/soccer/","https://hsfootball.net/proxy.php?url=https%3A%2F%2Fimage.maxpreps.io%2Fschool-mascot%2F1%2F2%2F9%2F129234f3-e8d5-476d-a415-01f44dd69e6c.gif%3Fversion%3D638547188392609610%26amp%3Bwidth%3D128%26amp%3Bheight%3D128%26amp%3Bauto%3Dwebp%26amp%3Bformat%3Dpjpg","https://hsfootball.net/proxy.php?url=https%3A%2F%2Fimage.maxpreps.io%2Fschool-mascot%2F5%2F9%2F2%2F5922a5a3-3f52-4a83-a3b8-d7241e2471e5.gif%3Fversion%3D637722983400000000%26amp%3Bwidth%3D128%26amp%3Bheight%3D128%26amp%3Bauto%3Dwebp%26amp%3Bformat%3Dpjpg","boy"
4,"Franklin Learning Center vs South Philadelphia",Boys Soccer,"Pennsylvania",9/28/2026,1:30pm,"The Franklin Learning Center varsity soccer team has an away non-conference match @  South Philadelphia (Philadelphia, PA) on Monday, September 28 @ 1:30p.","/pa/soccer/match/franklin-learning-center-philadelphia-vs-south-philadelphia/9-28-2026/?c=d1d638fb-24ea-4f5f-b38a-8160a531bb01","https://www.maxpreps.com/pa/soccer/match/franklin-learning-center-philadelphia-vs-south-philadelphia/9-28-2026/?c=d1d638fb-24ea-4f5f-b38a-8160a531bb01","/soccer/pa/171a?9/28/2026","Franklin Learning Center","Bobcats","https://www.maxpreps.com/pa/franklin-learning-center-philadelphia/soccer/","https://www.maxpreps.com/pa/south-philadelphia/soccer/","https://hsfootball.net/proxy.php?url=https%3A%2F%2Fimage.maxpreps.io%2Fschool-mascot%2F5%2F5%2F6%2F556e27ef-e4a5-44ab-b57c-5a251619d5a1.gif%3Fversion%3D638815048662176910%26amp%3Bwidth%3D128%26amp%3Bheight%3D128%26amp%3Bauto%3Dwebp%26amp%3Bformat%3Dpjpg","https://hsfootball.net/proxy.php?url=https%3A%2F%2Fimage.maxpreps.io%2Fschool-mascot%2F3%2F2%2F6%2F32636f29-523b-4cb1-94b4-7b60495b2dbe.gif%3Fversion%3D637171170600000000%26amp%3Bwidth%3D128%26amp%3Bheight%3D128%26amp%3Bauto%3Dwebp%26amp%3Bformat%3Dpjpg","boy"
5,"Kensington vs Abraham Lincoln",Boys Soccer,"Pennsylvania",9/28/2026,3:00pm,"The Kensington varsity soccer team has an away non-conference match @  Abraham Lincoln (Philadelphia, PA) on Monday, September 28 @ 3p.","/pa/soccer/match/abraham-lincoln-philadelphia-vs-kensington-philadelphia/9-28-2026/?c=536f4fce-9059-42e0-aee0-1bb912658e63","https://www.maxpreps.com/pa/soccer/match/abraham-lincoln-philadelphia-vs-kensington-philadelphia/9-28-2026/?c=536f4fce-9059-42e0-aee0-1bb912658e63","/soccer/pa/158f?9/28/2026","Kensington","Tigers","https://www.maxpreps.com/pa/abraham-lincoln-philadelphia/soccer/","https://www.maxpreps.com/pa/kensington-philadelphia/soccer/","https://hsfootball.net/proxy.php?url=https%3A%2F%2Fimage.maxpreps.io%2Fschool-mascot%2F4%2F4%2F5%2F44565bd7-3bf7-4884-85e4-5db88a83d39b.gif%3Fversion%3D638811648949374000%26amp%3Bwidth%3D128%26amp%3Bheight%3D128%26amp%3Bauto%3Dwebp%26amp%3Bformat%3Dpjpg","https://hsfootball.net/proxy.php?url=https%3A%2F%2Fimage.maxpreps.io%2Fschool-mascot%2F6%2Fc%2F3%2F6c31430b-e3e8-4d94-9c08-d7e77401655a.gif%3Fversion%3D637977110400000000%26amp%3Bwidth%3D128%26amp%3Bheight%3D128%26amp%3Bauto%3Dwebp%26amp%3Bformat%3Dpjpg","boy"
6,"Mastery Charter South co-op [Mastery Charter Lenfest/Mastery Charter Thomas] vs Frankford",Boys Soccer,"Pennsylvania",9/28/2026,3:15pm,"The Mastery Charter South co-op [Mastery Charter Lenfest/Mastery Charter Thomas] varsity soccer team has an away non-conference match @  Frankford (Philadelphia, PA) on Monday, September 28 @ 3:15p.","/pa/soccer/match/frankford-philadelphia-vs-mastery-charter-south-co-op-mastery-charter-lenfest-mastery-charter-thomas-philadelphia/9-28-2026/?c=f28fd558-9ed1-4238-bdce-7e5632a92ab9","https://www.maxpreps.com/pa/soccer/match/frankford-philadelphia-vs-mastery-charter-south-co-op-mastery-charter-lenfest-mastery-charter-thomas-philadelphia/9-28-2026/?c=f28fd558-9ed1-4238-bdce-7e5632a92ab9","/soccer/pa/2c11?9/28/2026","Mastery Charter South co-op [Mastery Charter Lenfest/Mastery Charter Thomas]","Bulldog","https://www.maxpreps.com/pa/frankford-philadelphia/soccer/","https://www.maxpreps.com/pa/mastery-charter-south-co-op-mastery-charter-lenfest-mastery-charter-thomas-philadelphia/soccer/","https://hsfootball.net/proxy.php?url=https%3A%2F%2Fimage.maxpreps.io%2Fschool-mascot%2F1%2Fd%2Ff%2F1df872cf-a772-4852-bccd-f5c0c1dfbe8f.gif%3Fversion%3D636904315800000000%26amp%3Bwidth%3D128%26amp%3Bheight%3D128%26amp%3Bauto%3Dwebp%26amp%3Bformat%3Dpjpg","https://hsfootball.net/proxy.php?url=https%3A%2F%2Fimage.maxpreps.io%2Fschool-mascot%2Fb%2Ff%2Fa%2Fbfa41f57-4f59-4860-b00d-db94d0d27672.gif%3Fversion%3D636176796000000000%26amp%3Bwidth%3D128%26amp%3Bheight%3D128%26amp%3Bauto%3Dwebp%26amp%3Bformat%3Dpjpg","boy"
7,"Jules E. Mastbaum Vo-Tech vs Philadelphia Performing Arts",Boys Soccer,"Pennsylvania",9/28/2026,3:15pm,"The Jules E. Mastbaum Vo-Tech varsity soccer team has an away non-conference match @  Philadelphia Performing Arts (Philadelphia, PA) on Monday, September 28 @ 3:15p.","/pa/soccer/match/jules-e-mastbaum-vo-tech-philadelphia-vs-philadelphia-performing-arts/9-28-2026/?c=610b5fd1-5a51-4b7e-b27d-be6fa080363d","https://www.maxpreps.com/pa/soccer/match/jules-e-mastbaum-vo-tech-philadelphia-vs-philadelphia-performing-arts/9-28-2026/?c=610b5fd1-5a51-4b7e-b27d-be6fa080363d","/soccer/pa/1aa6?9/28/2026","Jules E. Mastbaum Vo-Tech","Panthers","https://www.maxpreps.com/pa/jules-e-mastbaum-vo-tech-philadelphia/soccer/","https://www.maxpreps.com/pa/philadelphia-performing-arts/soccer/","https://hsfootball.net/proxy.php?url=https%3A%2F%2Fimage.maxpreps.io%2Fschool-mascot%2F6%2Fb%2F9%2F6b999ffa-e3fe-4ff2-b42e-615598cf28ab.gif%3Fversion%3D638057802000000000%26amp%3Bwidth%3D128%26amp%3Bheight%3D128%26amp%3Bauto%3Dwebp%26amp%3Bformat%3Dpjpg","https://hsfootball.net/proxy.php?url=https%3A%2F%2Fimage.maxpreps.io%2Fschool-mascot%2Fe%2F4%2F5%2Fe4574f9a-bb98-4688-8734-f8d49cfc3687.gif%3Fversion%3D635852601600000000%26amp%3Bwidth%3D128%26amp%3Bheight%3D128%26amp%3Bauto%3Dwebp%26amp%3Bformat%3Dpjpg","boy"
8,"Bodine vs Thomas A. Edison",Boys Soccer,"Pennsylvania",9/28/2026,3:15pm,"The Bodine varsity soccer team has an away non-conference match @  Thomas A. Edison (Philadelphia, PA) on Monday, September 28 @ 3:15p.","/pa/soccer/match/bodine-philadelphia-vs-thomas-a-edison-philadelphia/9-28-2026/?c=3f49d1fe-1093-4ac7-b8f1-31f37e1417e6","https://www.maxpreps.com/pa/soccer/match/bodine-philadelphia-vs-thomas-a-edison-philadelphia/9-28-2026/?c=3f49d1fe-1093-4ac7-b8f1-31f37e1417e6","/soccer/pa/13a1?9/28/2026","Bodine","Ambassadors","https://www.maxpreps.com/pa/bodine-philadelphia/soccer/","https://www.maxpreps.com/pa/thomas-a-edison-philadelphia/soccer/","https://hsfootball.net/proxy.php?url=https%3A%2F%2Fimage.maxpreps.io%2Fschool-mascot%2Fd%2Fc%2F2%2Fdc2c17a5-676d-4fe1-ba12-744074069ca7.gif%3Fversion%3D639004317802037980%26amp%3Bwidth%3D128%26amp%3Bheight%3D128%26amp%3Bauto%3Dwebp%26amp%3Bformat%3Dpjpg","https://hsfootball.net/proxy.php?url=https%3A%2F%2Fimage.maxpreps.io%2Fschool-mascot%2F3%2F6%2Fe%2F36e21622-210c-4336-83c5-e01560018d84.gif%3Fversion%3D638649193839461060%26amp%3Bwidth%3D128%26amp%3Bheight%3D128%26amp%3Bauto%3Dwebp%26amp%3Bformat%3Dpjpg","boy"
9,"Prep Charter vs Roxborough",Boys Soccer,"Pennsylvania",9/28/2026,3:15pm,"The Prep Charter varsity soccer team has an away non-conference match @  Roxborough (Philadelphia, PA) on Monday, September 28 @ 3:15p.","/pa/soccer/match/prep-charter-philadelphia-vs-roxborough-philadelphia/9-28-2026/?c=d0987b78-a170-4c23-b487-e1138b91709d","https://www.maxpreps.com/pa/soccer/match/prep-charter-philadelphia-vs-roxborough-philadelphia/9-28-2026/?c=d0987b78-a170-4c23-b487-e1138b91709d","/soccer/pa/1483?9/28/2026","Prep Charter","Huskies","https://www.maxpreps.com/pa/prep-charter-philadelphia/soccer/","https://www.maxpreps.com/pa/roxborough-philadelphia/soccer/","https://hsfootball.net/proxy.php?url=https%3A%2F%2Fimage.maxpreps.io%2Fschool-mascot%2Fe%2Fa%2F2%2Fea2d6935-f36d-4f7b-88b7-2efa1d8614bb.gif%3Fversion%3D638638864462457510%26amp%3Bwidth%3D128%26amp%3Bheight%3D128%26amp%3Bauto%3Dwebp%26amp%3Bformat%3Dpjpg","https://hsfootball.net/proxy.php?url=https%3A%2F%2Fimage.maxpreps.io%2Fschool-mascot%2Fe%2Fe%2Fa%2Feea603eb-bccb-45c5-bab3-a7e620ba2112.gif%3Fversion%3D638376262800000000%26amp%3Bwidth%3D128%26amp%3Bheight%3D128%26amp%3Bauto%3Dwebp%26amp%3Bformat%3Dpjpg","boy"
10,"Philadelphia Academy Charter vs Carver High School of Engineering &amp; Science",Boys Soccer,"Pennsylvania",9/28/2026,3:15pm,"The Philadelphia Academy Charter varsity soccer team has an away conference match @  Carver High School of Engineering &amp; Science (Philadelphia, PA) on Monday, September 28 @ 3:15p.","/pa/soccer/match/carver-high-school-of-engineering-and-science-philadelphia-vs-philadelphia-academy-charter-rams/9-28-2026/?c=ba86188f-c7e4-48ab-b6cb-b6182b8d5bfa","https://www.maxpreps.com/pa/soccer/match/carver-high-school-of-engineering-and-science-philadelphia-vs-philadelphia-academy-charter-rams/9-28-2026/?c=ba86188f-c7e4-48ab-b6cb-b6182b8d5bfa","/soccer/pa/2457?9/28/2026","Philadelphia Academy Charter","Chargers","https://www.maxpreps.com/pa/carver-high-school-of-engineering-and-science-philadelphia/soccer/","https://www.maxpreps.com/pa/philadelphia-academy-charter-rams/soccer/","https://hsfootball.net/proxy.php?url=https%3A%2F%2Fimage.maxpreps.io%2Fschool-mascot%2Fb%2F5%2F6%2Fb56c19c7-879e-4ff4-84af-f95488278a21.gif%3Fversion%3D639236011245433440%26amp%3Bwidth%3D128%26amp%3Bheight%3D128%26amp%3Bauto%3Dwebp%26amp%3Bformat%3Dpjpg","https://hsfootball.net/proxy.php?url=https%3A%2F%2Fimage.maxpreps.io%2Fschool-mascot%2F5%2F0%2Fa%2F50a4e296-5310-4aec-957b-6fb8aac383fd.gif%3Fversion%3D637142901000000000%26amp%3Bwidth%3D128%26amp%3Bheight%3D128%26amp%3Bauto%3Dwebp%26amp%3Bformat%3Dpjpg","boy"
11,"Swenson Arts &amp; Tech vs Olney",Boys Soccer,"Pennsylvania",9/28/2026,3:15pm,"The Swenson Arts &amp; Tech varsity soccer team has an away conference match @  Olney (Philadelphia, PA) on Monday, September 28 @ 3:15p.","/pa/soccer/match/olney-philadelphia-vs-swenson-arts-and-tech-philadelphia/9-28-2026/?c=496f2ff3-effb-46ff-8ddb-04d4e3de1971","https://www.maxpreps.com/pa/soccer/match/olney-philadelphia-vs-swenson-arts-and-tech-philadelphia/9-28-2026/?c=496f2ff3-effb-46ff-8ddb-04d4e3de1971","/soccer/pa/15b3?9/28/2026","Swenson Arts &amp; Tech","Lion","https://www.maxpreps.com/pa/olney-philadelphia/soccer/","https://www.maxpreps.com/pa/swenson-arts-and-tech-philadelphia/soccer/","https://hsfootball.net/proxy.php?url=https%3A%2F%2Fimage.maxpreps.io%2Fschool-mascot%2F5%2F7%2F4%2F57452814-7e96-475d-b07d-23fb267daae7.gif%3Fversion%3D636492666600000000%26amp%3Bwidth%3D128%26amp%3Bheight%3D128%26amp%3Bauto%3Dwebp%26amp%3Bformat%3Dpjpg","https://hsfootball.net/proxy.php?url=https%3A%2F%2Fimage.maxpreps.io%2Fschool-mascot%2F9%2F2%2F2%2F922f5041-1be4-43b7-a6f5-6ea791e1828d.gif%3Fversion%3D637703356200000000%26amp%3Bwidth%3D128%26amp%3Bheight%3D128%26amp%3Bauto%3Dwebp%26amp%3Bformat%3Dpjpg","boy"
12,"West Philadelphia vs High School of the Future",Boys Soccer,"Pennsylvania",9/28/2026,3:15pm,"The West Philadelphia varsity soccer team has an away non-conference match @  High School of the Future (Philadelphia, PA) on Monday, September 28 @ 3:15p.","/pa/soccer/match/high-school-of-the-future-philadelphia-vs-west-philadelphia/9-28-2026/?c=af7e13ba-f8ec-4216-b5ad-c6c942fa878a","https://www.maxpreps.com/pa/soccer/match/high-school-of-the-future-philadelphia-vs-west-philadelphia/9-28-2026/?c=af7e13ba-f8ec-4216-b5ad-c6c942fa878a","/soccer/pa/16b7?9/28/2026","West Philadelphia","Speedboys","https://www.maxpreps.com/pa/high-school-of-the-future-philadelphia/soccer/","https://www.maxpreps.com/pa/west-philadelphia/soccer/","https://hsfootball.net/proxy.php?url=https%3A%2F%2Fimage.maxpreps.io%2Fschool-mascot%2Fe%2Fd%2Fe%2Fedef4033-0c57-4461-82aa-e8f710920c5a.gif%3Fversion%3D639209281602040970%26amp%3Bwidth%3D128%26amp%3Bheight%3D128%26amp%3Bauto%3Dwebp%26amp%3Bformat%3Dpjpg","https://hsfootball.net/proxy.php?url=https%3A%2F%2Fimage.maxpreps.io%2Fschool-mascot%2Ff%2Fc%2Fe%2Ffceabad1-218f-49f2-bcfb-ab2f38c97795.gif%3Fversion%3D636410587200000000%26amp%3Bwidth%3D128%26amp%3Bheight%3D128%26amp%3Bauto%3Dwebp%26amp%3Bformat%3Dpjpg","boy"
13,"Boys&#x27; Latin Charter vs Tacony Academy Charter",Boys Soccer,"Pennsylvania",9/28/2026,3:15pm,"The Boys&#x27; Latin Charter varsity soccer team has an away conference match @  Tacony Academy Charter (Philadelphia, PA) on Monday, September 28 @ 3:15p.","/pa/soccer/match/boys-latin-charter-philadelphia-vs-tacony-academy-charter-philadelphia/9-28-2026/?c=b938fe0f-0d59-43cf-8e8a-f67cc7e03ffc","https://www.maxpreps.com/pa/soccer/match/boys-latin-charter-philadelphia-vs-tacony-academy-charter-philadelphia/9-28-2026/?c=b938fe0f-0d59-43cf-8e8a-f67cc7e03ffc","/soccer/pa/1b24?9/28/2026","Boys&#x27; Latin Charter","Warriors","https://www.maxpreps.com/pa/boys-latin-charter-philadelphia/soccer/","https://www.maxpreps.com/pa/tacony-academy-charter-philadelphia/soccer/","https://hsfootball.net/proxy.php?url=https%3A%2F%2Fimage.maxpreps.io%2Fschool-mascot%2F1%2F9%2F5%2F1957d2f8-d742-41ce-80fc-5c34473e09bc.gif%3Fversion%3D636796816200000000%26amp%3Bwidth%3D128%26amp%3Bheight%3D128%26amp%3Bauto%3Dwebp%26amp%3Bformat%3Dpjpg","https://hsfootball.net/proxy.php?url=https%3A%2F%2Fimage.maxpreps.io%2Fschool-mascot%2Fd%2F1%2F5%2Fd15b8603-f6ff-4594-ba47-353c0253349a.gif%3Fversion%3D635315857800000000%26amp%3Bwidth%3D128%26amp%3Bheight%3D128%26amp%3Bauto%3Dwebp%26amp%3Bformat%3Dpjpg","boy"
14,"Hill Freedman World Academy vs Science Leadership Academy at Beeber",Boys Soccer,"Pennsylvania",9/28/2026,3:15pm,"The Hill Freedman World Academy varsity soccer team has an away conference match @  Science Leadership Academy at Beeber (Philadelphia, PA) on Monday, September 28 @ 3:15p.","/pa/soccer/match/hill-freedman-world-academy-philadelphia-vs-science-leadership-academy-at-beeber-philadelphia/9-28-2026/?c=0293165c-6b43-4a6c-b668-f2cecab073ac","https://www.maxpreps.com/pa/soccer/match/hill-freedman-world-academy-philadelphia-vs-science-leadership-academy-at-beeber-philadelphia/9-28-2026/?c=0293165c-6b43-4a6c-b668-f2cecab073ac","/soccer/pa/2392?9/28/2026","Hill Freedman World Academy","Hawks","https://www.maxpreps.com/pa/hill-freedman-world-academy-philadelphia/soccer/","https://www.maxpreps.com/pa/science-leadership-academy-at-beeber-philadelphia/soccer/","https://hsfootball.net/proxy.php?url=https%3A%2F%2Fimage.maxpreps.io%2Fschool-mascot%2F9%2F7%2Fd%2F97dcbe0c-5b51-48bf-97a5-381100ad66a6.gif%3Fversion%3D638811645651816690%26amp%3Bwidth%3D128%26amp%3Bheight%3D128%26amp%3Bauto%3Dwebp%26amp%3Bformat%3Dpjpg","https://hsfootball.net/proxy.php?url=https%3A%2F%2Fimage.maxpreps.io%2Fschool-mascot%2F0%2F4%2F3%2F0437a9b5-2fd4-4bbf-b8e4-ab3af7634f38.gif%3Fversion%3D638120439600000000%26amp%3Bwidth%3D128%26amp%3Bheight%3D128%26amp%3Bauto%3Dwebp%26amp%3Bformat%3Dpjpg","boy"
15,"Abington vs Springfield Township",Boys Soccer,"Pennsylvania",9/28/2026,3:30pm,"The Abington varsity soccer team has an away non-conference match @  Springfield Township (Erdenheim, PA) on Monday, September 28 @ 3:30p.","/pa/soccer/match/abington-vs-springfield-township-spartan-erdenheim/9-28-2026/?c=e1b9a51c-c46e-43ce-8f6f-dc52f72a7d9e","https://www.maxpreps.com/pa/soccer/match/abington-vs-springfield-township-spartan-erdenheim/9-28-2026/?c=e1b9a51c-c46e-43ce-8f6f-dc52f72a7d9e","/soccer/pa/13d9?9/28/2026","Abington","Galloping Ghosts","https://www.maxpreps.com/pa/abington/soccer/","https://www.maxpreps.com/pa/springfield-township-spartan-erdenheim/soccer/","https://hsfootball.net/proxy.php?url=https%3A%2F%2Fimage.maxpreps.io%2Fschool-mascot%2F3%2F1%2F8%2F318bced7-0acc-482f-a4c0-c91a7d3bedd4.gif%3Fversion%3D636558342600000000%26amp%3Bwidth%3D128%26amp%3Bheight%3D128%26amp%3Bauto%3Dwebp%26amp%3Bformat%3Dpjpg","https://hsfootball.net/proxy.php?url=https%3A%2F%2Fimage.maxpreps.io%2Fschool-mascot%2F6%2Fe%2Fe%2F6eef0832-ebbb-48da-8469-74444bcc8c00.gif%3Fversion%3D637413008400000000%26amp%3Bwidth%3D128%26amp%3Bheight%3D128%26amp%3Bauto%3Dwebp%26amp%3Bformat%3Dpjpg","boy"
16,"Harry S. Truman vs Pennridge",Boys Soccer,"Pennsylvania",9/28/2026,3:30pm,"The Harry S. Truman varsity soccer team has an away non-conference match @  Pennridge (Perkasie, PA) on Monday, September 28 @ 3:30p.","/pa/soccer/match/harry-s-truman-levittown-vs-pennridge-perkasie/9-28-2026/?c=613f092b-45f8-41fd-8a29-fbd15bd15bd9","https://www.maxpreps.com/pa/soccer/match/harry-s-truman-levittown-vs-pennridge-perkasie/9-28-2026/?c=613f092b-45f8-41fd-8a29-fbd15bd15bd9","/soccer/pa/1223?9/28/2026","Harry S. Truman","Tigers","https://www.maxpreps.com/pa/harry-s-truman-levittown/soccer/","https://www.maxpreps.com/pa/pennridge-perkasie/soccer/","https://hsfootball.net/proxy.php?url=https%3A%2F%2Fimage.maxpreps.io%2Fschool-mascot%2F2%2F8%2Fa%2F28a57568-6436-4b55-9cb7-8dacd3603276.gif%3Fversion%3D634959151200000000%26amp%3Bwidth%3D128%26amp%3Bheight%3D128%26amp%3Bauto%3Dwebp%26amp%3Bformat%3Dpjpg","https://hsfootball.net/proxy.php?url=https%3A%2F%2Fimage.maxpreps.io%2Fschool-mascot%2F6%2Fa%2F7%2F6a7b487c-e9ea-4f2f-9251-035df6f4f81d.gif%3Fversion%3D635949517200000000%26amp%3Bwidth%3D128%26amp%3Bheight%3D128%26amp%3Bauto%3Dwebp%26amp%3Bformat%3Dpjpg","boy"
17,"Pennsbury vs North Penn",Boys Soccer,"Pennsylvania",9/28/2026,3:30pm,"The Pennsbury varsity soccer team has an away non-conference match @  North Penn (Lansdale, PA) on Monday, September 28 @ 3:30p.","/pa/soccer/match/north-penn-lansdale-vs-pennsbury-fairless-hills/9-28-2026/?c=66e1b907-c13a-480e-9349-34bcb9c410fe","https://www.maxpreps.com/pa/soccer/match/north-penn-lansdale-vs-pennsbury-fairless-hills/9-28-2026/?c=66e1b907-c13a-480e-9349-34bcb9c410fe","/soccer/pa/1272?9/28/2026","Pennsbury","Falcons","https://www.maxpreps.com/pa/north-penn-lansdale/soccer/","https://www.maxpreps.com/pa/pennsbury-fairless-hills/soccer/","https://hsfootball.net/proxy.php?url=https%3A%2F%2Fimage.maxpreps.io%2Fschool-mascot%2F5%2Fd%2Fe%2F5de6b160-1110-402a-920f-eef7afe68c4e.gif%3Fversion%3D636282625800000000%26amp%3Bwidth%3D128%26amp%3Bheight%3D128%26amp%3Bauto%3Dwebp%26amp%3Bformat%3Dpjpg","https://hsfootball.net/proxy.php?url=https%3A%2F%2Fimage.maxpreps.io%2Fschool-mascot%2F1%2F9%2Ff%2F19fa0af5-d8b8-422d-a049-64000d3f03ea.gif%3Fversion%3D638846099873999630%26amp%3Bwidth%3D128%26amp%3Bheight%3D128%26amp%3Bauto%3Dwebp%26amp%3Bformat%3Dpjpg","boy"
18,"Upper Dublin vs Lower Moreland",Boys Soccer,"Pennsylvania",9/28/2026,3:30pm,"The Upper Dublin varsity soccer team has an away conference match @  Lower Moreland (Huntingdon Valley, PA) on Monday, September 28 @ 3:30p.","/pa/soccer/match/lower-moreland-huntingdon-valley-vs-upper-dublin-fort-washington/9-28-2026/?c=2975708d-4ffa-4b50-9898-d8d5cdf009ba","https://www.maxpreps.com/pa/soccer/match/lower-moreland-huntingdon-valley-vs-upper-dublin-fort-washington/9-28-2026/?c=2975708d-4ffa-4b50-9898-d8d5cdf009ba","/soccer/pa/193e?9/28/2026","Upper Dublin","Flying Cardinals","https://www.maxpreps.com/pa/lower-moreland-huntingdon-valley/soccer/","https://www.maxpreps.com/pa/upper-dublin-fort-washington/soccer/","https://hsfootball.net/proxy.php?url=https%3A%2F%2Fimage.maxpreps.io%2Fschool-mascot%2F2%2F4%2F5%2F245d02b1-4e76-4c9a-91bc-747e956b8f35.gif%3Fversion%3D637407709200000000%26amp%3Bwidth%3D128%26amp%3Bheight%3D128%26amp%3Bauto%3Dwebp%26amp%3Bformat%3Dpjpg","https://hsfootball.net/proxy.php?url=https%3A%2F%2Fimage.maxpreps.io%2Fschool-mascot%2F1%2F1%2Fb%2F11b76732-8058-4710-8a32-7276eaabf36a.gif%3Fversion%3D636643122600000000%26amp%3Bwidth%3D128%26amp%3Bheight%3D128%26amp%3Bauto%3Dwebp%26amp%3Bformat%3Dpjpg","boy"
19,"Neshaminy vs Central Bucks East",Boys Soccer,"Pennsylvania",9/28/2026,3:30pm,"The Neshaminy varsity soccer team has an away non-conference match @  Central Bucks East (Doylestown, PA) on Monday, September 28 @ 3:30p.","/pa/soccer/match/central-bucks-east-doylestown-vs-neshaminy-langhorne/9-28-2026/?c=75ecf620-f0ad-47fa-b44e-8ac4db807609","https://www.maxpreps.com/pa/soccer/match/central-bucks-east-doylestown-vs-neshaminy-langhorne/9-28-2026/?c=75ecf620-f0ad-47fa-b44e-8ac4db807609","/soccer/pa/1487?9/28/2026","Neshaminy","Skins","https://www.maxpreps.com/pa/central-bucks-east-doylestown/soccer/","https://www.maxpreps.com/pa/neshaminy-langhorne/soccer/","https://hsfootball.net/proxy.php?url=https%3A%2F%2Fimage.maxpreps.io%2Fschool-mascot%2F8%2F9%2Fe%2F89e6b6bb-4364-4144-a1d5-8420f7bc9eb5.gif%3Fversion%3D638232907800000000%26amp%3Bwidth%3D128%26amp%3Bheight%3D128%26amp%3Bauto%3Dwebp%26amp%3Bformat%3Dpjpg","https://hsfootball.net/proxy.php?url=https%3A%2F%2Fimage.maxpreps.io%2Fschool-mascot%2F7%2Ff%2Fc%2F7fcbd578-aeec-4eb6-be95-5037bcb1f6b8.gif%3Fversion%3D637726585200000000%26amp%3Bwidth%3D128%26amp%3Bheight%3D128%26amp%3Bauto%3Dwebp%26amp%3Bformat%3Dpjpg","boy"
20,"Wissahickon vs Cheltenham",Boys Soccer,"Pennsylvania",9/28/2026,3:30pm,"The Wissahickon varsity soccer team has an away conference match @  Cheltenham (Wyncote, PA) on Monday, September 28 @ 3:30p.","/pa/soccer/match/cheltenham-wyncote-vs-wissahickon-ambler/9-28-2026/?c=62f9489c-398c-45c7-9a9b-f44b05b6fa7e","https://www.maxpreps.com/pa/soccer/match/cheltenham-wyncote-vs-wissahickon-ambler/9-28-2026/?c=62f9489c-398c-45c7-9a9b-f44b05b6fa7e","/soccer/pa/fd5?9/28/2026","Wissahickon","Trojans","https://www.maxpreps.com/pa/cheltenham-wyncote/soccer/","https://www.maxpreps.com/pa/wissahickon-ambler/soccer/","https://hsfootball.net/proxy.php?url=https%3A%2F%2Fimage.maxpreps.io%2Fschool-mascot%2F8%2F0%2F2%2F80228707-86fb-48ee-adfa-7ac76200ea63.gif%3Fversion%3D636056427000000000%26amp%3Bwidth%3D128%26amp%3Bheight%3D128%26amp%3Bauto%3Dwebp%26amp%3Bformat%3Dpjpg","https://hsfootball.net/proxy.php?url=https%3A%2F%2Fimage.maxpreps.io%2Fschool-mascot%2F5%2Fa%2Fa%2F5aa1fa92-08ad-4e8d-a536-a72fbeff907a.gif%3Fversion%3D637666795800000000%26amp%3Bwidth%3D128%26amp%3Bheight%3D128%26amp%3Bauto%3Dwebp%26amp%3Bformat%3Dpjpg","boy"
21,"Plymouth Whitemarsh vs William Tennent",Boys Soccer,"Pennsylvania",9/28/2026,3:30pm,"The Plymouth Whitemarsh varsity soccer team has an away non-conference match @  William Tennent (Warminster, PA) on Monday, September 28 @ 3:30p.","/pa/soccer/match/plymouth-whitemarsh-plymouth-meeting-vs-william-tennent-warminster/9-28-2026/?c=ab30e061-77db-4a5a-8b02-cf2bd3939816","https://www.maxpreps.com/pa/soccer/match/plymouth-whitemarsh-plymouth-meeting-vs-william-tennent-warminster/9-28-2026/?c=ab30e061-77db-4a5a-8b02-cf2bd3939816","/soccer/pa/1a84?9/28/2026","Plymouth Whitemarsh","Colonials","https://www.maxpreps.com/pa/plymouth-whitemarsh-plymouth-meeting/soccer/","https://www.maxpreps.com/pa/william-tennent-warminster/soccer/","https://hsfootball.net/proxy.php?url=https%3A%2F%2Fimage.maxpreps.io%2Fschool-mascot%2F8%2Fc%2F1%2F8c148c7d-58bf-47ed-92c1-c6d1154de8fb.gif%3Fversion%3D634595190600000000%26amp%3Bwidth%3D128%26amp%3Bheight%3D128%26amp%3Bauto%3Dwebp%26amp%3Bformat%3Dpjpg","https://hsfootball.net/proxy.php?url=https%3A%2F%2Fimage.maxpreps.io%2Fschool-mascot%2F5%2F5%2F2%2F5528b361-b502-4d92-9ec5-da7033c2fdd9.gif%3Fversion%3D638215528200000000%26amp%3Bwidth%3D128%26amp%3Bheight%3D128%26amp%3Bauto%3Dwebp%26amp%3Bformat%3Dpjpg","boy"
22,"Bishop Shanahan vs Downingtown East",Boys Soccer,"Pennsylvania",9/28/2026,3:45pm,"The Bishop Shanahan varsity soccer team has an away conference match @  Downingtown East (Exton, PA) on Monday, September 28 @ 3:45p.","/pa/soccer/match/bishop-shanahan-downingtown-vs-downingtown-east-whippets-exton/9-28-2026/?c=3dcc622d-6650-4650-a8ab-9e8ca8063792","https://www.maxpreps.com/pa/soccer/match/bishop-shanahan-downingtown-vs-downingtown-east-whippets-exton/9-28-2026/?c=3dcc622d-6650-4650-a8ab-9e8ca8063792","/soccer/pa/18b6?9/28/2026","Bishop Shanahan","Eagles","https://www.maxpreps.com/pa/bishop-shanahan-downingtown/soccer/","https://www.maxpreps.com/pa/downingtown-east-whippets-exton/soccer/","https://hsfootball.net/proxy.php?url=https%3A%2F%2Fimage.maxpreps.io%2Fschool-mascot%2F1%2Fb%2Fb%2F1bbf18df-f615-4ab3-b98f-637821309c59.gif%3Fversion%3D637672814400000000%26amp%3Bwidth%3D128%26amp%3Bheight%3D128%26amp%3Bauto%3Dwebp%26amp%3Bformat%3Dpjpg","https://hsfootball.net/proxy.php?url=https%3A%2F%2Fimage.maxpreps.io%2Fschool-mascot%2F0%2Fe%2F2%2F0e2794e2-e121-4b9c-aa5d-2992164d4f60.gif%3Fversion%3D637666795200000000%26amp%3Bwidth%3D128%26amp%3Bheight%3D128%26amp%3Bauto%3Dwebp%26amp%3Bformat%3Dpjpg","boy"
23,"Calvary Christian Academy vs Jenkintown",Boys Soccer,"Pennsylvania",9/28/2026,3:45pm,"The Calvary Christian Academy varsity soccer team has an away conference match @  Jenkintown (PA) on Monday, September 28 @ 3:45p.","/pa/soccer/match/calvary-christian-academy-philadelphia-vs-jenkintown/9-28-2026/?c=ffb16182-06c6-4d83-836c-dc597cbdd063","https://www.maxpreps.com/pa/soccer/match/calvary-christian-academy-philadelphia-vs-jenkintown/9-28-2026/?c=ffb16182-06c6-4d83-836c-dc597cbdd063","/soccer/pa/1481?9/28/2026","Calvary Christian Academy","Cougars","https://www.maxpreps.com/pa/calvary-christian-academy-philadelphia/soccer/","https://www.maxpreps.com/pa/jenkintown/soccer/","https://hsfootball.net/proxy.php?url=https%3A%2F%2Fimage.maxpreps.io%2Fschool-mascot%2F7%2Ff%2F6%2F7f6332ba-d7e4-494f-b775-e3c5605ef2e6.gif%3Fversion%3D637975237200000000%26amp%3Bwidth%3D128%26amp%3Bheight%3D128%26amp%3Bauto%3Dwebp%26amp%3Bformat%3Dpjpg","https://hsfootball.net/proxy.php?url=https%3A%2F%2Fimage.maxpreps.io%2Fschool-mascot%2Fc%2F5%2Fd%2Fc5d7e7e5-32fb-4bd0-abdd-d9f545232aa7.gif%3Fversion%3D634977328200000000%26amp%3Bwidth%3D128%26amp%3Bheight%3D128%26amp%3Bauto%3Dwebp%26amp%3Bformat%3Dpjpg","boy"
24,"Downingtown West vs Bayard Rustin",Boys Soccer,"Pennsylvania",9/28/2026,3:45pm,"The Downingtown West varsity soccer team has an away conference match @  Bayard Rustin (West Chester, PA) on Monday, September 28 @ 3:45p.","/pa/soccer/match/bayard-rustin-west-chester-vs-downingtown-west/9-28-2026/?c=6eb83878-76f7-42bf-878c-55e87a8647e2","https://www.maxpreps.com/pa/soccer/match/bayard-rustin-west-chester-vs-downingtown-west/9-28-2026/?c=6eb83878-76f7-42bf-878c-55e87a8647e2","/soccer/pa/1241?9/28/2026","Downingtown West","Whippets","https://www.maxpreps.com/pa/bayard-rustin-west-chester/soccer/","https://www.maxpreps.com/pa/downingtown-west/soccer/","https://hsfootball.net/proxy.php?url=https%3A%2F%2Fimage.maxpreps.io%2Fschool-mascot%2Fe%2F1%2F9%2Fe19ffbe0-5471-4292-8562-bbafa59fb46e.gif%3Fversion%3D637666795800000000%26amp%3Bwidth%3D128%26amp%3Bheight%3D128%26amp%3Bauto%3Dwebp%26amp%3Bformat%3Dpjpg","https://hsfootball.net/proxy.php?url=https%3A%2F%2Fimage.maxpreps.io%2Fschool-mascot%2Fb%2Fb%2F2%2Fbb29f6ff-d834-4324-aa4e-580bf3017eb1.gif%3Fversion%3D636854765400000000%26amp%3Bwidth%3D128%26amp%3Bheight%3D128%26amp%3Bauto%3Dwebp%26amp%3Bformat%3Dpjpg","boy"
25,"Catasauqua vs Pen Argyl",Boys Soccer,"Pennsylvania",9/28/2026,4:00pm,"The Catasauqua varsity soccer team has an away conference match @  Pen Argyl (PA) on Monday, September 28 @ 4p.","/pa/soccer/match/catasauqua-vs-pen-argyl/9-28-2026/?c=fc613ab6-9866-43ae-8ffa-c18054a7434f","https://www.maxpreps.com/pa/soccer/match/catasauqua-vs-pen-argyl/9-28-2026/?c=fc613ab6-9866-43ae-8ffa-c18054a7434f","/soccer/pa/8fb?9/28/2026","Catasauqua","Rough Riders","https://www.maxpreps.com/pa/catasauqua/soccer/","https://www.maxpreps.com/pa/pen-argyl/soccer/","https://hsfootball.net/proxy.php?url=https%3A%2F%2Fimage.maxpreps.io%2Fschool-mascot%2Fb%2F9%2Fd%2Fb9d554ea-ddc8-47d3-b393-7921f6516675.gif%3Fversion%3D635859400200000000%26amp%3Bwidth%3D128%26amp%3Bheight%3D128%26amp%3Bauto%3Dwebp%26amp%3Bformat%3Dpjpg","https://hsfootball.net/proxy.php?url=https%3A%2F%2Fimage.maxpreps.io%2Fschool-mascot%2F2%2F6%2Fd%2F26dc3d98-fb55-4e46-85b6-7a5c1e7ced0a.gif%3Fversion%3D636482323800000000%26amp%3Bwidth%3D128%26amp%3Bheight%3D128%26amp%3Bauto%3Dwebp%26amp%3Bformat%3Dpjpg","boy"
26,"McKeesport vs Brentwood",Boys Soccer,"Pennsylvania",9/28/2026,4:00pm,"The McKeesport varsity soccer team has an away non-conference match @  Brentwood (Pittsburgh, PA) on Monday, September 28 @ 4p.","/pa/soccer/match/brentwood-pittsburgh-vs-mckeesport/9-28-2026/?c=9b0fd843-4606-4e70-8e0b-7fd1a1a6d96a","https://www.maxpreps.com/pa/soccer/match/brentwood-pittsburgh-vs-mckeesport/9-28-2026/?c=9b0fd843-4606-4e70-8e0b-7fd1a1a6d96a","/soccer/pa/dcd?9/28/2026","McKeesport","Tigers","https://www.maxpreps.com/pa/brentwood-pittsburgh/soccer/","https://www.maxpreps.com/pa/mckeesport/soccer/","https://hsfootball.net/proxy.php?url=https%3A%2F%2Fimage.maxpreps.io%2Fschool-mascot%2F5%2F0%2F0%2F5008cfc6-50bd-4c50-a4d5-a841b9db56d5.gif%3Fversion%3D637672226400000000%26amp%3Bwidth%3D128%26amp%3Bheight%3D128%26amp%3Bauto%3Dwebp%26amp%3Bformat%3Dpjpg","https://hsfootball.net/proxy.php?url=https%3A%2F%2Fimage.maxpreps.io%2Fschool-mascot%2Fa%2Fe%2F4%2Fae49f408-2c28-49bf-bfe0-722c2d7fccd1.gif%3Fversion%3D637354143600000000%26amp%3Bwidth%3D128%26amp%3Bheight%3D128%26amp%3Bauto%3Dwebp%26amp%3Bformat%3Dpjpg","boy"
27,"Fannett Metal vs Mount Union",Boys Soccer,"Pennsylvania",9/28/2026,4:00pm,"The Fannett Metal varsity soccer team has an away conference match @  Mount Union (PA) on Monday, September 28 @ 4p.","/pa/soccer/match/fannett-metal-willow-hill-vs-mount-union/9-28-2026/?c=b6dd3044-2bda-419d-ab90-26a9d5656686","https://www.maxpreps.com/pa/soccer/match/fannett-metal-willow-hill-vs-mount-union/9-28-2026/?c=b6dd3044-2bda-419d-ab90-26a9d5656686","/soccer/pa/f9d?9/28/2026","Fannett Metal","Mount Union","https://www.maxpreps.com/pa/fannett-metal-willow-hill/soccer/","https://www.maxpreps.com/pa/mount-union/soccer/","https://hsfootball.net/proxy.php?url=https%3A%2F%2Fimage.maxpreps.io%2Fschool-mascot%2F3%2F6%2Fe%2F36eb7679-89f5-4a5d-ba44-bcc2d510183c.gif%3Fversion%3D636543747600000000%26amp%3Bwidth%3D128%26amp%3Bheight%3D128%26amp%3Bauto%3Dwebp%26amp%3Bformat%3Dpjpg","https://hsfootball.net/proxy.php?url=https%3A%2F%2Fimage.maxpreps.io%2Fschool-mascot%2Fc%2F3%2F4%2Fc34f6fb8-c8fc-452c-bc71-c28c7551e70c.gif%3Fversion%3D634864987200000000%26amp%3Bwidth%3D128%26amp%3Bheight%3D128%26amp%3Bauto%3Dwebp%26amp%3Bformat%3Dpjpg","boy"
28,"Mercer vs Commodore Perry",Boys Soccer,"Pennsylvania",9/28/2026,4:00pm,"The Mercer varsity soccer team has an away conference match @  Commodore Perry (Hadley, PA) on Monday, September 28 @ 4p.","/pa/soccer/match/commodore-perry-hadley-vs-mercer/9-28-2026/?c=c0624929-5558-4eca-8b83-9c5fe38c5e47","https://www.maxpreps.com/pa/soccer/match/commodore-perry-hadley-vs-mercer/9-28-2026/?c=c0624929-5558-4eca-8b83-9c5fe38c5e47","/soccer/pa/c89?9/28/2026","Mercer","Mustangs","https://www.maxpreps.com/pa/commodore-perry-hadley/soccer/","https://www.maxpreps.com/pa/mercer/soccer/","https://hsfootball.net/proxy.php?url=https%3A%2F%2Fimage.maxpreps.io%2Fschool-mascot%2F5%2F9%2F4%2F594d3753-cc83-46e0-a7a7-8b57c6948a1e.gif%3Fversion%3D635762701200000000%26amp%3Bwidth%3D128%26amp%3Bheight%3D128%26amp%3Bauto%3Dwebp%26amp%3Bformat%3Dpjpg","https://hsfootball.net/proxy.php?url=https%3A%2F%2Fimage.maxpreps.io%2Fschool-mascot%2Fc%2F9%2Fc%2Fc9c52525-b41b-42c9-9121-863241bffb92.gif%3Fversion%3D635324972400000000%26amp%3Bwidth%3D128%26amp%3Bheight%3D128%26amp%3Bauto%3Dwebp%26amp%3Bformat%3Dpjpg","boy"
29,"Towanda vs Liberty",Boys Soccer,"Pennsylvania",9/28/2026,4:00pm,"The Towanda varsity soccer team has an away non-conference match @  Liberty (PA) on Monday, September 28 @ 4p.","/pa/soccer/match/liberty-vs-towanda-black-knights/9-28-2026/?c=e6a14dfc-27a6-4087-b741-c9ff7505c751","https://www.maxpreps.com/pa/soccer/match/liberty-vs-towanda-black-knights/9-28-2026/?c=e6a14dfc-27a6-4087-b741-c9ff7505c751","/soccer/pa/c7b?9/28/2026","Towanda","Knights","https://www.maxpreps.com/pa/liberty/soccer/","https://www.maxpreps.com/pa/towanda-black-knights/soccer/","https://hsfootball.net/proxy.php?url=https%3A%2F%2Fimage.maxpreps.io%2Fschool-mascot%2Fa%2F4%2F7%2Fa47af9a9-6683-4358-99eb-c455ce4b1b87.gif%3Fversion%3D637354142400000000%26amp%3Bwidth%3D128%26amp%3Bheight%3D128%26amp%3Bauto%3Dwebp%26amp%3Bformat%3Dpjpg","https://hsfootball.net/proxy.php?url=https%3A%2F%2Fimage.maxpreps.io%2Fschool-mascot%2Fa%2F4%2F7%2Fa47af9a9-6683-4358-99eb-c455ce4b1b87.gif%3Fversion%3D637354142400000000%26amp%3Bwidth%3D32%26amp%3Bheight%3D32%26amp%3Bauto%3Dwebp%26amp%3Bformat%3Dpjpg","boy"
30,"Tulpehocken vs Wyomissing",Boys Soccer,"Pennsylvania",9/28/2026,4:00pm,"The Tulpehocken varsity soccer team has an away conference match @  Wyomissing (PA) on Monday, September 28 @ 4p.","/pa/soccer/match/tulpehocken-bernville-vs-wyomissing/9-28-2026/?c=fd3bc143-93a4-49c6-92f8-7cc567cfab80","https://www.maxpreps.com/pa/soccer/match/tulpehocken-bernville-vs-wyomissing/9-28-2026/?c=fd3bc143-93a4-49c6-92f8-7cc567cfab80","/soccer/pa/e2e?9/28/2026","Tulpehocken","Trojans","https://www.maxpreps.com/pa/tulpehocken-bernville/soccer/","https://www.maxpreps.com/pa/wyomissing/soccer/","https://hsfootball.net/proxy.php?url=https%3A%2F%2Fimage.maxpreps.io%2Fschool-mascot%2Fd%2F4%2F8%2Fd48fd33b-0e78-46f8-af28-90aa09b233fb.gif%3Fversion%3D635513686800000000%26amp%3Bwidth%3D128%26amp%3Bheight%3D128%26amp%3Bauto%3Dwebp%26amp%3Bformat%3Dpjpg","https://hsfootball.net/proxy.php?url=https%3A%2F%2Fimage.maxpreps.io%2Fschool-mascot%2F8%2F6%2F8%2F8688306f-0d36-41f5-b34a-17eee8fe6db7.gif%3Fversion%3D637407703800000000%26amp%3Bwidth%3D128%26amp%3Bheight%3D128%26amp%3Bauto%3Dwebp%26amp%3Bformat%3Dpjpg","boy"
31,"Williamson vs Northeast Bradford",Boys Soccer,"Pennsylvania",9/28/2026,4:00pm,"The Williamson varsity soccer team has an away conference match @  Northeast Bradford (Rome, PA) on Monday, September 28 @ 4p.","/pa/soccer/match/northeast-bradford-rome-vs-williamson-tioga/9-28-2026/?c=e9a3c40f-b5ed-4bdb-b801-d77032e33858","https://www.maxpreps.com/pa/soccer/match/northeast-bradford-rome-vs-williamson-tioga/9-28-2026/?c=e9a3c40f-b5ed-4bdb-b801-d77032e33858","/soccer/pa/10ec?9/28/2026","Williamson","Warriors","https://www.maxpreps.com/pa/northeast-bradford-rome/soccer/","https://www.maxpreps.com/pa/williamson-tioga/soccer/","https://hsfootball.net/proxy.php?url=https%3A%2F%2Fimage.maxpreps.io%2Fschool-mascot%2F5%2F3%2Ff%2F53f8a508-a1fa-41b9-9bf3-7c3b698aad0e.gif%3Fversion%3D636398460000000000%26amp%3Bwidth%3D128%26amp%3Bheight%3D128%26amp%3Bauto%3Dwebp%26amp%3Bformat%3Dpjpg","https://hsfootball.net/proxy.php?url=https%3A%2F%2Fimage.maxpreps.io%2Fschool-mascot%2F3%2Fd%2Fa%2F3da8bb1a-955b-42d9-ba58-a12a0c07b8e0.gif%3Fversion%3D634332174000000000%26amp%3Bwidth%3D128%26amp%3Bheight%3D128%26amp%3Bauto%3Dwebp%26amp%3Bformat%3Dpjpg","boy"
32,"Ephrata vs Solanco",Boys Soccer,"Pennsylvania",9/28/2026,4:00pm,"The Ephrata varsity soccer team has an away conference match @  Solanco (Quarryville, PA) on Monday, September 28 @ 4p.","/pa/soccer/match/ephrata-vs-solanco-quarryville/9-28-2026/?c=ee269acd-4366-48a5-8d94-6f3194c618b2","https://www.maxpreps.com/pa/soccer/match/ephrata-vs-solanco-quarryville/9-28-2026/?c=ee269acd-4366-48a5-8d94-6f3194c618b2","/soccer/pa/c04?9/28/2026","Ephrata","Mountaineers","https://www.maxpreps.com/pa/ephrata/soccer/","https://www.maxpreps.com/pa/solanco-quarryville/soccer/","https://hsfootball.net/proxy.php?url=https%3A%2F%2Fimage.maxpreps.io%2Fschool-mascot%2Fb%2F4%2F6%2Fb46a95e1-d3dc-41ad-a074-80d861a7ea45.gif%3Fversion%3D636675810600000000%26amp%3Bwidth%3D128%26amp%3Bheight%3D128%26amp%3Bauto%3Dwebp%26amp%3Bformat%3Dpjpg","https://hsfootball.net/proxy.php?url=https%3A%2F%2Fimage.maxpreps.io%2Fschool-mascot%2F2%2F4%2Fe%2F24e07b53-1c91-40e4-ae25-c0b6d7f00222.gif%3Fversion%3D638004987000000000%26amp%3Bwidth%3D128%26amp%3Bheight%3D128%26amp%3Bauto%3Dwebp%26amp%3Bformat%3Dpjpg","boy"
33,"Somerset Tech vs Calvary Christian",Boys Soccer,"Pennsylvania",9/28/2026,4:00pm,"The Somerset Tech varsity soccer team has an away non-conference match @  Calvary Christian (Old Bridge, NJ) on Monday, September 28 @ 4p.","/nj/soccer/match/calvary-christian-old-bridge-vs-somerset-tech-bridgewater/9-28-2026/?c=80258ac9-6e2e-4233-9220-8da5a59f06b5","https://www.maxpreps.com/nj/soccer/match/calvary-christian-old-bridge-vs-somerset-tech-bridgewater/9-28-2026/?c=80258ac9-6e2e-4233-9220-8da5a59f06b5","/soccer/pa/162d?9/28/2026","Somerset Tech","Jaguars","https://www.maxpreps.com/pa/calvary-christian-old-bridge/soccer/","https://www.maxpreps.com/pa/somerset-tech-bridgewater/soccer/","https://hsfootball.net/proxy.php?url=https%3A%2F%2Fimage.maxpreps.io%2Fschool-mascot%2F4%2F5%2F3%2F45349211-4f5c-4ab4-9922-e61d1ea68cb7.gif%3Fversion%3D636528160800000000%26amp%3Bwidth%3D128%26amp%3Bheight%3D128%26amp%3Bauto%3Dwebp%26amp%3Bformat%3Dpjpg","https://hsfootball.net/proxy.php?url=https%3A%2F%2Fimage.maxpreps.io%2Fschool-mascot%2F0%2F7%2F5%2F0750ba8f-e024-4b65-9c57-552556af6c28.gif%3Fversion%3D634616933400000000%26amp%3Bwidth%3D128%26amp%3Bheight%3D128%26amp%3Bauto%3Dwebp%26amp%3Bformat%3Dpjpg","boy"
34,"Northwestern Lehigh vs Moravian Academy",Boys Soccer,"Pennsylvania",9/28/2026,4:00pm,"The Northwestern Lehigh varsity soccer team has an away conference match @  Moravian Academy (Bethlehem, PA) on Monday, September 28 @ 4p.","/pa/soccer/match/moravian-academy-bethlehem-vs-northwestern-lehigh-new-tripoli/9-28-2026/?c=4678212d-05f0-43cb-9457-4f0dcf9089f2","https://www.maxpreps.com/pa/soccer/match/moravian-academy-bethlehem-vs-northwestern-lehigh-new-tripoli/9-28-2026/?c=4678212d-05f0-43cb-9457-4f0dcf9089f2","/soccer/pa/17f4?9/28/2026","Northwestern Lehigh","Tigers","https://www.maxpreps.com/pa/moravian-academy-bethlehem/soccer/","https://www.maxpreps.com/pa/northwestern-lehigh-new-tripoli/soccer/","https://hsfootball.net/proxy.php?url=https%3A%2F%2Fimage.maxpreps.io%2Fschool-mascot%2F8%2F8%2F1%2F8810ce43-69fb-4268-8a73-842976fc98dc.gif%3Fversion%3D637835508000000000%26amp%3Bwidth%3D128%26amp%3Bheight%3D128%26amp%3Bauto%3Dwebp%26amp%3Bformat%3Dpjpg","https://hsfootball.net/proxy.php?url=https%3A%2F%2Fimage.maxpreps.io%2Fschool-mascot%2Fd%2F0%2Fe%2Fd0e4f6b6-1dd1-489d-9c5a-c094c99f6749.gif%3Fversion%3D635859400200000000%26amp%3Bwidth%3D128%26amp%3Bheight%3D128%26amp%3Bauto%3Dwebp%26amp%3Bformat%3Dpjpg","boy"
35,"Valley Forge Baptist Academy vs Faith Christian",Boys Soccer,"Pennsylvania",9/28/2026,4:00pm,"The Valley Forge Baptist Academy varsity soccer team has an away conference match @  Faith Christian (Roseto, PA) on Monday, September 28 @ 4p.","/pa/soccer/match/faith-christian-roseto-vs-valley-forge-baptist-academy-collegeville/9-28-2026/?c=d7bbd1e5-8e17-4258-98e7-21357a365a2c","https://www.maxpreps.com/pa/soccer/match/faith-christian-roseto-vs-valley-forge-baptist-academy-collegeville/9-28-2026/?c=d7bbd1e5-8e17-4258-98e7-21357a365a2c","/soccer/pa/1a20?9/28/2026","Valley Forge Baptist Academy","Patriots","https://www.maxpreps.com/pa/faith-christian-roseto/soccer/","https://www.maxpreps.com/pa/valley-forge-baptist-academy-collegeville/soccer/","https://hsfootball.net/proxy.php?url=https%3A%2F%2Fimage.maxpreps.io%2Fschool-mascot%2Fd%2Fd%2Fe%2Fddef68b2-2544-435e-9b91-d30b9409cf8d.gif%3Fversion%3D636371754600000000%26amp%3Bwidth%3D128%26amp%3Bheight%3D128%26amp%3Bauto%3Dwebp%26amp%3Bformat%3Dpjpg","https://hsfootball.net/proxy.php?url=https%3A%2F%2Fimage.maxpreps.io%2Fschool-mascot%2Fa%2Fd%2F9%2Fad95fe01-b829-48a2-bb88-fd22851dd3ed.gif%3Fversion%3D634275151200000000%26amp%3Bwidth%3D128%26amp%3Bheight%3D128%26amp%3Bauto%3Dwebp%26amp%3Bformat%3Dpjpg","boy"
36,"Galeton vs Wyalusing Valley",Boys Soccer,"Pennsylvania",9/28/2026,4:00pm,"The Galeton varsity soccer team has an away conference match @  Wyalusing Valley (Wyalusing, PA) on Monday, September 28 @ 4p.","/pa/soccer/match/galeton-vs-wyalusing-valley/9-28-2026/?c=8d590821-a9eb-4a85-b39c-2c6b9c7e03d6","https://www.maxpreps.com/pa/soccer/match/galeton-vs-wyalusing-valley/9-28-2026/?c=8d590821-a9eb-4a85-b39c-2c6b9c7e03d6","/soccer/pa/aca?9/28/2026","Galeton","Tigers","https://www.maxpreps.com/pa/galeton/soccer/","https://www.maxpreps.com/pa/wyalusing-valley/soccer/","https://hsfootball.net/proxy.php?url=https%3A%2F%2Fimage.maxpreps.io%2Fschool-mascot%2F8%2Ff%2F1%2F8f13d408-01a6-4980-bc26-8ae4682c14eb.gif%3Fversion%3D635848207800000000%26amp%3Bwidth%3D128%26amp%3Bheight%3D128%26amp%3Bauto%3Dwebp%26amp%3Bformat%3Dpjpg","https://hsfootball.net/proxy.php?url=https%3A%2F%2Fimage.maxpreps.io%2Fschool-mascot%2F0%2F0%2F0%2F00056a39-049c-474b-8b9f-0fe8ecc5bdd0.gif%3Fversion%3D636409773600000000%26amp%3Bwidth%3D128%26amp%3Bheight%3D128%26amp%3Bauto%3Dwebp%26amp%3Bformat%3Dpjpg","boy"
37,"Sharpsville vs Kennedy Catholic",Boys Soccer,"Pennsylvania",9/28/2026,4:00pm,"The Sharpsville varsity soccer team has an away conference match @  Kennedy Catholic (Hermitage, PA) on Monday, September 28 @ 4p.","/pa/soccer/match/kennedy-catholic-hermitage-vs-sharpsville/9-28-2026/?c=06b1e2f6-1cbc-4738-bc6d-91eab9273d09","https://www.maxpreps.com/pa/soccer/match/kennedy-catholic-hermitage-vs-sharpsville/9-28-2026/?c=06b1e2f6-1cbc-4738-bc6d-91eab9273d09","/soccer/pa/1035?9/28/2026","Sharpsville","Blue Devils","https://www.maxpreps.com/pa/kennedy-catholic-hermitage/soccer/","https://www.maxpreps.com/pa/sharpsville/soccer/","https://hsfootball.net/proxy.php?url=https%3A%2F%2Fimage.maxpreps.io%2Fschool-mascot%2F1%2F8%2F0%2F180be689-0300-4f33-839d-24b802db7835.gif%3Fversion%3D637986740400000000%26amp%3Bwidth%3D128%26amp%3Bheight%3D128%26amp%3Bauto%3Dwebp%26amp%3Bformat%3Dpjpg","https://hsfootball.net/proxy.php?url=https%3A%2F%2Fimage.maxpreps.io%2Fschool-mascot%2Ff%2Fa%2F4%2Ffa4990bb-32ca-4359-a9cd-5bed165a9a93.gif%3Fversion%3D636569709000000000%26amp%3Bwidth%3D128%26amp%3Bheight%3D128%26amp%3Bauto%3Dwebp%26amp%3Bformat%3Dpjpg","boy"
38,"Garden Spot vs Elizabethtown",Boys Soccer,"Pennsylvania",9/28/2026,4:00pm,"The Garden Spot varsity soccer team has an away conference match @  Elizabethtown (PA) on Monday, September 28 @ 4p.","/pa/soccer/match/elizabethtown-vs-garden-spot-new-holland/9-28-2026/?c=9c27ca73-c983-46b4-aeda-5944d48b1323","https://www.maxpreps.com/pa/soccer/match/elizabethtown-vs-garden-spot-new-holland/9-28-2026/?c=9c27ca73-c983-46b4-aeda-5944d48b1323","/soccer/pa/fad?9/28/2026","Garden Spot","Spartans","https://www.maxpreps.com/pa/elizabethtown/soccer/","https://www.maxpreps.com/pa/garden-spot-new-holland/soccer/","https://hsfootball.net/proxy.php?url=https%3A%2F%2Fimage.maxpreps.io%2Fschool-mascot%2F0%2Fd%2Fe%2F0de1d5b1-c7fc-4525-af0c-c14765d2aa9a.gif%3Fversion%3D638580042976664630%26amp%3Bwidth%3D128%26amp%3Bheight%3D128%26amp%3Bauto%3Dwebp%26amp%3Bformat%3Dpjpg","https://hsfootball.net/proxy.php?url=https%3A%2F%2Fimage.maxpreps.io%2Fschool-mascot%2F1%2F0%2F8%2F1081ee1f-4061-4bb7-aa18-fa397d667b3c.gif%3Fversion%3D636495389400000000%26amp%3Bwidth%3D128%26amp%3Bheight%3D128%26amp%3Bauto%3Dwebp%26amp%3Bformat%3Dpjpg","boy"
39,"International Christian vs Girard College",Boys Soccer,"Pennsylvania",9/28/2026,4:00pm,"The International Christian varsity soccer team has an away conference match @  Girard College (Philadelphia, PA) on Monday, September 28 @ 4p.","/pa/soccer/match/girard-college-philadelphia-vs-international-christian-philadelphia/9-28-2026/?c=423856ea-5ce2-433f-8365-90a5bbfbfa1f","https://www.maxpreps.com/pa/soccer/match/girard-college-philadelphia-vs-international-christian-philadelphia/9-28-2026/?c=423856ea-5ce2-433f-8365-90a5bbfbfa1f","/soccer/pa/1a52?9/28/2026","International Christian","Titans","https://www.maxpreps.com/pa/girard-college-philadelphia/soccer/","https://www.maxpreps.com/pa/international-christian-philadelphia/soccer/","https://hsfootball.net/proxy.php?url=https%3A%2F%2Fimage.maxpreps.io%2Fschool-mascot%2Ff%2F1%2F0%2Ff10efd26-fb52-492a-89a9-c96de3781287.gif%3Fversion%3D636194088600000000%26amp%3Bwidth%3D128%26amp%3Bheight%3D128%26amp%3Bauto%3Dwebp%26amp%3Bformat%3Dpjpg","https://hsfootball.net/proxy.php?url=https%3A%2F%2Fimage.maxpreps.io%2Fschool-mascot%2F6%2Fe%2F1%2F6e106885-313d-4376-98ea-50f98f0cf563.gif%3Fversion%3D637882895400000000%26amp%3Bwidth%3D128%26amp%3Bheight%3D128%26amp%3Bauto%3Dwebp%26amp%3Bformat%3Dpjpg","boy"
40,"Pocono Mountain West vs East Stroudsburg North",Boys Soccer,"Pennsylvania",9/28/2026,4:00pm,"The Pocono Mountain West varsity soccer team has an away conference match @  East Stroudsburg North (Dingmans Ferry, PA) on Monday, September 28 @ 4p.","/pa/soccer/match/east-stroudsburg-north-dingmans-ferry-vs-pocono-mountain-west-pocono-summit/9-28-2026/?c=735fc149-013f-4b15-a73d-1a9a20efa780","https://www.maxpreps.com/pa/soccer/match/east-stroudsburg-north-dingmans-ferry-vs-pocono-mountain-west-pocono-summit/9-28-2026/?c=735fc149-013f-4b15-a73d-1a9a20efa780","/soccer/pa/1da9?9/28/2026","Pocono Mountain West","Panthers","https://www.maxpreps.com/pa/east-stroudsburg-north-dingmans-ferry/soccer/","https://www.maxpreps.com/pa/pocono-mountain-west-pocono-summit/soccer/","https://hsfootball.net/proxy.php?url=https%3A%2F%2Fimage.maxpreps.io%2Fschool-mascot%2Fd%2F4%2Fe%2Fd4e83b79-0741-4592-81a3-4a45feccc29f.gif%3Fversion%3D637165086000000000%26amp%3Bwidth%3D128%26amp%3Bheight%3D128%26amp%3Bauto%3Dwebp%26amp%3Bformat%3Dpjpg","https://hsfootball.net/proxy.php?url=https%3A%2F%2Fimage.maxpreps.io%2Fschool-mascot%2Fe%2F6%2F8%2Fe68679f8-2259-4dad-a945-77cc1ba0a086.gif%3Fversion%3D635521557600000000%26amp%3Bwidth%3D128%26amp%3Bheight%3D128%26amp%3Bauto%3Dwebp%26amp%3Bformat%3Dpjpg","boy"
41,"Oley Valley vs Antietam",Boys Soccer,"Pennsylvania",9/28/2026,4:00pm,"The Oley Valley varsity soccer team has an away conference match @  Antietam (Reading, PA) on Monday, September 28 @ 4p.","/pa/soccer/match/antietam-reading-vs-oley-valley/9-28-2026/?c=0cb2d578-2771-4afc-95d6-48cd0e9ddaba","https://www.maxpreps.com/pa/soccer/match/antietam-reading-vs-oley-valley/9-28-2026/?c=0cb2d578-2771-4afc-95d6-48cd0e9ddaba","/soccer/pa/c10?9/28/2026","Oley Valley","Lynx","https://www.maxpreps.com/pa/antietam-reading/boys-soccer/","https://www.maxpreps.com/pa/oley-valley/boys-soccer/","https://hsfootball.net/proxy.php?url=https%3A%2F%2Fimage.maxpreps.io%2Fschool-mascot%2Ff%2F3%2F9%2Ff39dbbec-c578-44f2-a0ed-0552f8c6aed0.gif%3Fversion%3D637522736400000000%26amp%3Bwidth%3D128%26amp%3Bheight%3D128%26amp%3Bauto%3Dwebp%26amp%3Bformat%3Dpjpg","https://hsfootball.net/proxy.php?url=https%3A%2F%2Fimage.maxpreps.io%2Fschool-mascot%2F0%2Fe%2F9%2F0e9ed5a6-9a02-4ba5-af77-aba6531e8576.gif%3Fversion%3D638152583400000000%26amp%3Bwidth%3D128%26amp%3Bheight%3D128%26amp%3Bauto%3Dwebp%26amp%3Bformat%3Dpjpg","boy"
42,"Community Academy of Philadelphia vs Kimberton Waldorf",Boys Soccer,"Pennsylvania",9/28/2026,4:00pm,"The Community Academy of Philadelphia varsity soccer team has an away conference match @  Kimberton Waldorf (Kimberton, PA) on Monday, September 28 @ 4p.","/pa/soccer/match/community-academy-of-philadelphia-vs-kimberton-waldorf/9-28-2026/?c=3146d196-7434-4497-b574-f0c7e8365c94","https://www.maxpreps.com/pa/soccer/match/community-academy-of-philadelphia-vs-kimberton-waldorf/9-28-2026/?c=3146d196-7434-4497-b574-f0c7e8365c94","/soccer/pa/1524?9/28/2026","Community Academy of Philadelphia","Bruins","https://www.maxpreps.com/pa/community-academy-of-philadelphia/boys-soccer/","https://www.maxpreps.com/pa/kimberton-waldorf/boys-soccer/","https://hsfootball.net/proxy.php?url=https%3A%2F%2Fimage.maxpreps.io%2Fschool-mascot%2Fb%2F5%2Fd%2Fb5de4d01-9233-4e68-bb3d-c350573c928a.gif%3Fversion%3D638962034278880060%26amp%3Bwidth%3D128%26amp%3Bheight%3D128%26amp%3Bauto%3Dwebp%26amp%3Bformat%3Dpjpg","https://hsfootball.net/proxy.php?url=https%3A%2F%2Fimage.maxpreps.io%2Fschool-mascot%2Fb%2F5%2Fd%2Fb5de4d01-9233-4e68-bb3d-c350573c928a.gif%3Fversion%3D638962034278880060%26amp%3Bwidth%3D32%26amp%3Bheight%3D32%26amp%3Bauto%3Dwebp%26amp%3Bformat%3Dpjpg","boy"
43,"Woodlynde vs Kohelet Yeshiva",Boys Soccer,"Pennsylvania",9/28/2026,4:00pm,"The Woodlynde varsity soccer team has an away conference match @  Kohelet Yeshiva (Merion Station, PA) on Monday, September 28 @ 4p.","/pa/soccer/match/kohelet-yeshiva-merion-station-vs-woodlynde-strafford/9-28-2026/?c=75a9460e-873e-44d5-a6dc-24dae06f578d","https://www.maxpreps.com/pa/soccer/match/kohelet-yeshiva-merion-station-vs-woodlynde-strafford/9-28-2026/?c=75a9460e-873e-44d5-a6dc-24dae06f578d","/soccer/pa/1508?9/28/2026","Woodlynde","Kohelet Yeshiva","https://www.maxpreps.com/pa/kohelet-yeshiva-merion-station/boys-soccer/","https://www.maxpreps.com/pa/woodlynde-strafford/boys-soccer/","https://hsfootball.net/proxy.php?url=https%3A%2F%2Fasset.maxpreps.io%2Fincludes%2Fimages%2Flogos%2Fmaxpreps-logo-white-2025.png","https://hsfootball.net/proxy.php?url=https%3A%2F%2Fasset.maxpreps.io%2Fincludes%2Freact%2Fplay-on-logo.png","boy"
44,"Forbes Road vs Southern Fulton",Boys Soccer,"Pennsylvania",9/28/2026,4:00pm,"The Forbes Road varsity soccer team has an away conference match @  Southern Fulton (Warfordsburg, PA) on Monday, September 28 @ 4p.","/pa/soccer/match/forbes-road-waterfall-vs-southern-fulton-warfordsburg/9-28-2026/?c=dde9626b-beaf-4d0e-b387-a9c1547b2201","https://www.maxpreps.com/pa/soccer/match/forbes-road-waterfall-vs-southern-fulton-warfordsburg/9-28-2026/?c=dde9626b-beaf-4d0e-b387-a9c1547b2201","/soccer/pa/1508?9/28/2026","Forbes Road","Southern Fulton","https://www.maxpreps.com/pa/forbes-road-waterfall/boys-soccer/","https://www.maxpreps.com/pa/southern-fulton-warfordsburg/boys-soccer/","https://hsfootball.net/proxy.php?url=https%3A%2F%2Fimage.maxpreps.io%2Fschool-mascot%2F1%2Ff%2F4%2F1f49801c-f855-4a3f-aafb-999beb8b6ca8.gif%3Fversion%3D637692874800000000%26amp%3Bwidth%3D128%26amp%3Bheight%3D128%26amp%3Bauto%3Dwebp%26amp%3Bformat%3Dpjpg","https://hsfootball.net/proxy.php?url=https%3A%2F%2Fimage.maxpreps.io%2Fschool-mascot%2Fa%2F1%2F5%2Fa158e7b0-8cc1-4b1f-92fc-90a6fafc006b.gif%3Fversion%3D635314147800000000%26amp%3Bwidth%3D128%26amp%3Bheight%3D128%26amp%3Bauto%3Dwebp%26amp%3Bformat%3Dpjpg","boy"
45,"Notre Dame-Green Pond vs Northern Lehigh",Boys Soccer,"Pennsylvania",9/28/2026,4:00pm,"The Notre Dame-Green Pond varsity soccer team has an away conference match @  Northern Lehigh (Slatington, PA) on Monday, September 28 @ 4p.","/pa/soccer/match/northern-lehigh-slatington-vs-notre-dame-green-pond-easton/9-28-2026/?c=ddaf8d2d-7757-4ba0-8e7d-a6a5a1b33e46","https://www.maxpreps.com/pa/soccer/match/northern-lehigh-slatington-vs-notre-dame-green-pond-easton/9-28-2026/?c=ddaf8d2d-7757-4ba0-8e7d-a6a5a1b33e46","/soccer/pa/1680?9/28/2026","Notre Dame-Green Pond","Crusaders","https://www.maxpreps.com/pa/northern-lehigh-slatington/boys-soccer/","https://www.maxpreps.com/pa/notre-dame-green-pond-easton/boys-soccer/","https://hsfootball.net/proxy.php?url=https%3A%2F%2Fimage.maxpreps.io%2Fschool-mascot%2F0%2F0%2Fc%2F00c40198-8c92-4a8f-be76-d8d92418ce0a.gif%3Fversion%3D637152742800000000%26amp%3Bwidth%3D128%26amp%3Bheight%3D128%26amp%3Bauto%3Dwebp%26amp%3Bformat%3Dpjpg","https://hsfootball.net/proxy.php?url=https%3A%2F%2Fimage.maxpreps.io%2Fschool-mascot%2F5%2F7%2F3%2F573e59f6-f2ac-46a1-8e1a-f01a976aed3c.gif%3Fversion%3D634726675200000000%26amp%3Bwidth%3D128%26amp%3Bheight%3D128%26amp%3Bauto%3Dwebp%26amp%3Bformat%3Dpjpg","boy"
46,"Towanda vs North Penn-Liberty",Boys Soccer,"Pennsylvania",9/28/2026,4:00pm,"The Towanda varsity soccer team has an away conference match @  North Penn-Liberty (Liberty, PA) on Monday, September 28 @ 4p.","/pa/soccer/match/north-penn-liberty-vs-towanda-black-knights/9-28-2026/?c=a71f59c0-b3e5-4a52-acc2-014d263d3a5c","https://www.maxpreps.com/pa/soccer/match/north-penn-liberty-vs-towanda-black-knights/9-28-2026/?c=a71f59c0-b3e5-4a52-acc2-014d263d3a5c","/soccer/pa/10b1?9/28/2026","Towanda","Knights","https://www.maxpreps.com/pa/north-penn-liberty/boys-soccer/","https://www.maxpreps.com/pa/towanda-black-knights/boys-soccer/","https://hsfootball.net/proxy.php?url=https%3A%2F%2Fimage.maxpreps.io%2Fschool-mascot%2Fa%2F4%2F7%2Fa47af9a9-6683-4358-99eb-c455ce4b1b87.gif%3Fversion%3D637354142400000000%26amp%3Bwidth%3D128%26amp%3Bheight%3D128%26amp%3Bauto%3Dwebp%26amp%3Bformat%3Dpjpg","https://hsfootball.net/proxy.php?url=https%3A%2F%2Fimage.maxpreps.io%2Fschool-mascot%2Ff%2Ff%2Ff%2Ffff000dc-4cc0-45d6-aa59-fe26a7827476.gif%3Fversion%3D637660074000000000%26amp%3Bwidth%3D128%26amp%3Bheight%3D128%26amp%3Bauto%3Dwebp%26amp%3Bformat%3Dpjpg","boy"
47,"Wellsboro vs Troy",Boys Soccer,"Pennsylvania",9/28/2026,4:00pm,"The Wellsboro varsity soccer team has an away conference match @  Troy (PA) on Monday, September 28 @ 4p.","/pa/soccer/match/troy-vs-wellsboro/9-28-2026/?c=5d6ad980-a697-4031-9032-6ad50691c57d","https://www.maxpreps.com/pa/soccer/match/troy-vs-wellsboro/9-28-2026/?c=5d6ad980-a697-4031-9032-6ad50691c57d","/soccer/pa/6ea?9/28/2026","Wellsboro","Hornets","https://www.maxpreps.com/pa/troy/boys-soccer/","https://www.maxpreps.com/pa/wellsboro/boys-soccer/","https://hsfootball.net/proxy.php?url=https%3A%2F%2Fimage.maxpreps.io%2Fschool-mascot%2Ff%2F7%2Fb%2Ff7bbfb74-d0ab-4949-9de2-1d7c36d59d91.gif%3Fversion%3D635545650600000000%26amp%3Bwidth%3D128%26amp%3Bheight%3D128%26amp%3Bauto%3Dwebp%26amp%3Bformat%3Dpjpg","https://hsfootball.net/proxy.php?url=https%3A%2F%2Fimage.maxpreps.io%2Fschool-mascot%2F9%2F2%2F7%2F927db909-5eb4-4a74-bb22-22d6def9ac82.gif%3Fversion%3D634508394000000000%26amp%3Bwidth%3D128%26amp%3Bheight%3D128%26amp%3Bauto%3Dwebp%26amp%3Bformat%3Dpjpg","boy"
48,"Jim Thorpe vs Wilson Area",Boys Soccer,"Pennsylvania",9/28/2026,4:00pm,"The Jim Thorpe varsity soccer team has an away conference match @  Wilson Area (Easton, PA) on Monday, September 28 @ 4p.","/pa/soccer/match/jim-thorpe-vs-wilson-area-easton/9-28-2026/?c=0bbda71b-5061-4794-832b-61372b50731a","https://www.maxpreps.com/pa/soccer/match/jim-thorpe-vs-wilson-area-easton/9-28-2026/?c=0bbda71b-5061-4794-832b-61372b50731a","/soccer/pa/c5b?9/28/2026","Jim Thorpe","Olympians","https://www.maxpreps.com/pa/jim-thorpe/boys-soccer/","https://www.maxpreps.com/pa/wilson-area-easton/boys-soccer/","https://hsfootball.net/proxy.php?url=https%3A%2F%2Fimage.maxpreps.io%2Fschool-mascot%2F9%2Fc%2Fd%2F9cd2a0b2-b420-4c07-9acd-115c2df49bc9.gif%3Fversion%3D637831078200000000%26amp%3Bwidth%3D128%26amp%3Bheight%3D128%26amp%3Bauto%3Dwebp%26amp%3Bformat%3Dpjpg","https://hsfootball.net/proxy.php?url=https%3A%2F%2Fimage.maxpreps.io%2Fschool-mascot%2Fc%2Fc%2F0%2Fcc0cc012-eede-4a28-95bc-57c1798ff622.gif%3Fversion%3D635859400200000000%26amp%3Bwidth%3D128%26amp%3Bheight%3D128%26amp%3Bauto%3Dwebp%26amp%3Bformat%3Dpjpg","boy"
49,"Dallas vs Hazleton Area",Boys Soccer,"Pennsylvania",9/28/2026,4:15pm,"The Dallas varsity soccer team has an away conference match @  Hazleton Area (Hazleton, PA) on Monday, September 28 @ 4:15p.","/pa/soccer/match/dallas-vs-hazleton-area/9-28-2026/?c=e0163932-4127-4ce5-a7fe-53d1d58b9200","https://www.maxpreps.com/pa/soccer/match/dallas-vs-hazleton-area/9-28-2026/?c=e0163932-4127-4ce5-a7fe-53d1d58b9200","/soccer/pa/8df?9/28/2026","Dallas","Mountaineers","https://www.maxpreps.com/pa/dallas/boys-soccer/","https://www.maxpreps.com/pa/hazleton-area/boys-soccer/","https://hsfootball.net/proxy.php?url=https%3A%2F%2Fimage.maxpreps.io%2Fschool-mascot%2F1%2F1%2Fa%2F11aa01cc-b61f-4983-aeae-43d7ea96eaff.gif%3Fversion%3D636282756000000000%26amp%3Bwidth%3D128%26amp%3Bheight%3D128%26amp%3Bauto%3Dwebp%26amp%3Bformat%3Dpjpg","https://hsfootball.net/proxy.php?url=https%3A%2F%2Fimage.maxpreps.io%2Fschool-mascot%2F5%2Fe%2Fd%2F5edb8f67-88d0-472a-a155-d3e667d50e88.gif%3Fversion%3D637662609600000000%26amp%3Bwidth%3D128%26amp%3Bheight%3D128%26amp%3Bauto%3Dwebp%26amp%3Bformat%3Dpjpg","boy"
50,"Camp Hill vs Milton Hershey",Boys Soccer,"Pennsylvania",9/28/2026,4:15pm,"The Camp Hill varsity soccer team has an away conference match @  Milton Hershey (Hershey, PA) on Monday, September 28 @ 4:15p.","/pa/soccer/match/camp-hill-vs-milton-hershey/9-28-2026/?c=364d4217-bd65-4c39-9d94-7e5666f713a2","https://www.maxpreps.com/pa/soccer/match/camp-hill-vs-milton-hershey/9-28-2026/?c=364d4217-bd65-4c39-9d94-7e5666f713a2","/soccer/pa/a72?9/28/2026","Camp Hill","Lions","https://www.maxpreps.com/pa/camp-hill/boys-soccer/","https://www.maxpreps.com/pa/milton-hershey/boys-soccer/","https://hsfootball.net/proxy.php?url=https%3A%2F%2Fimage.maxpreps.io%2Fschool-mascot%2F8%2Fc%2F2%2F8c285971-978a-4657-b727-0cb9df3e5895.gif%3Fversion%3D636263737200000000%26amp%3Bwidth%3D128%26amp%3Bheight%3D128%26amp%3Bauto%3Dwebp%26amp%3Bformat%3Dpjpg","https://hsfootball.net/proxy.php?url=https%3A%2F%2Fimage.maxpreps.io%2Fschool-mascot%2F8%2F8%2Fb%2F88bf21cb-3f8c-4c7c-bf11-119578737006.gif%3Fversion%3D637697131200000000%26amp%3Bwidth%3D128%26amp%3Bheight%3D128%26amp%3Bauto%3Dwebp%26amp%3Bformat%3Dpjpg","boy"
51,"Juniata Christian vs Sullivan County",Boys Soccer,"Pennsylvania",9/28/2026,4:30pm,"The Juniata Christian varsity soccer team has an away non-conference match @  Sullivan County (Laporte, PA) on Monday, September 28 @ 4:30p.","/pa/soccer/match/juniata-christian-mcalisterville-vs-sullivan-county-laporte/9-28-2026/?c=c01c7ddc-0946-4d47-a956-24373bbe71af","https://www.maxpreps.com/pa/soccer/match/juniata-christian-mcalisterville-vs-sullivan-county-laporte/9-28-2026/?c=c01c7ddc-0946-4d47-a956-24373bbe71af","/soccer/pa/178f?9/28/2026","Juniata Christian","Sullivan County","https://www.maxpreps.com/pa/juniata-christian-mcalisterville/boys-soccer/","https://www.maxpreps.com/pa/sullivan-county-laporte/boys-soccer/","https://hsfootball.net/proxy.php?url=https%3A%2F%2Fimage.maxpreps.io%2Fschool-mascot%2F6%2Fd%2F9%2F6d9e7a4d-a97f-4c96-aaf1-cc049015bf88.gif%3Fversion%3D635245508400000000%26amp%3Bwidth%3D128%26amp%3Bheight%3D128%26amp%3Bauto%3Dwebp%26amp%3Bformat%3Dpjpg","https://hsfootball.net/proxy.php?url=https%3A%2F%2Fimage.maxpreps.io%2Fschool-mascot%2F6%2Fd%2F9%2F6d9e7a4d-a97f-4c96-aaf1-cc049015bf88.gif%3Fversion%3D635245508400000000%26amp%3Bwidth%3D32%26amp%3Bheight%3D32%26amp%3Bauto%3Dwebp%26amp%3Bformat%3Dpjpg","boy"
52,"Mifflinburg vs Montoursville",Boys Soccer,"Pennsylvania",9/28/2026,4:30pm,"The Mifflinburg varsity soccer team has an away conference match @  Montoursville (PA) on Monday, September 28 @ 4:30p.","/pa/soccer/match/mifflinburg-vs-montoursville/9-28-2026/?c=5479d8e8-0083-45cd-a212-1bdb964b1f83","https://www.maxpreps.com/pa/soccer/match/mifflinburg-vs-montoursville/9-28-2026/?c=5479d8e8-0083-45cd-a212-1bdb964b1f83","/soccer/pa/b7b?9/28/2026","Mifflinburg","Wildcats","https://www.maxpreps.com/pa/mifflinburg/boys-soccer/","https://www.maxpreps.com/pa/montoursville/boys-soccer/","https://hsfootball.net/proxy.php?url=https%3A%2F%2Fimage.maxpreps.io%2Fschool-mascot%2F9%2F8%2F4%2F984f46da-9b1b-41d5-8393-04f96bbeda3d.gif%3Fversion%3D638492763000000000%26amp%3Bwidth%3D128%26amp%3Bheight%3D128%26amp%3Bauto%3Dwebp%26amp%3Bformat%3Dpjpg","https://hsfootball.net/proxy.php?url=https%3A%2F%2Fimage.maxpreps.io%2Fschool-mascot%2F0%2F9%2Fd%2F09d7f083-d013-41b9-af0d-f70d3d304079.gif%3Fversion%3D635231631000000000%26amp%3Bwidth%3D128%26amp%3Bheight%3D128%26amp%3Bauto%3Dwebp%26amp%3Bformat%3Dpjpg","boy"
53,"West-Mont Christian Academy vs Quakertown Christian",Boys Soccer,"Pennsylvania",9/28/2026,4:45pm,"The West-Mont Christian Academy varsity soccer team has an away conference match @  Quakertown Christian (Quakertown, PA) on Monday, September 28 @ 4:45p.","/pa/soccer/match/quakertown-christian-vs-west-mont-christian-academy-pottstown/9-28-2026/?c=987358ca-c443-4cad-9095-4a25d25d7a16","https://www.maxpreps.com/pa/soccer/match/quakertown-christian-vs-west-mont-christian-academy-pottstown/9-28-2026/?c=987358ca-c443-4cad-9095-4a25d25d7a16","/soccer/pa/1856?9/28/2026","West-Mont Christian Academy","Quakertown Christian","https://www.maxpreps.com/pa/quakertown-christian/boys-soccer/","https://www.maxpreps.com/pa/west-mont-christian-academy-pottstown/boys-soccer/","https://hsfootball.net/proxy.php?url=https%3A%2F%2Fimage.maxpreps.io%2Fschool-mascot%2Fa%2F2%2F4%2Fa24cb6ed-de65-449b-a79e-4c76fd53d73a.gif%3Fversion%3D635817133200000000%26amp%3Bwidth%3D128%26amp%3Bheight%3D128%26amp%3Bauto%3Dwebp%26amp%3Bformat%3Dpjpg","https://hsfootball.net/proxy.php?url=https%3A%2F%2Fimage.maxpreps.io%2Fschool-mascot%2Fa%2F2%2F4%2Fa24cb6ed-de65-449b-a79e-4c76fd53d73a.gif%3Fversion%3D635817133200000000%26amp%3Bwidth%3D32%26amp%3Bheight%3D32%26amp%3Bauto%3Dwebp%26amp%3Bformat%3Dpjpg","boy"
54,"Renaissance Academy vs West-Mont Christian Academy",Boys Soccer,"Pennsylvania",9/28/2026,4:45pm,"The Renaissance Academy varsity soccer team has an away non-conference match @  West-Mont Christian Academy (Pottstown, PA) on Monday, September 28 @ 4:45p.","/pa/soccer/match/renaissance-academy-phoenixville-vs-west-mont-christian-academy-pottstown/9-28-2026/?c=5b08650b-5bd9-4430-acd9-0ce3a5cee574","https://www.maxpreps.com/pa/soccer/match/renaissance-academy-phoenixville-vs-west-mont-christian-academy-pottstown/9-28-2026/?c=5b08650b-5bd9-4430-acd9-0ce3a5cee574","/soccer/pa/1ce4?9/28/2026","Renaissance Academy","Knights","https://www.maxpreps.com/pa/renaissance-academy-phoenixville/boys-soccer/","https://www.maxpreps.com/pa/west-mont-christian-academy-pottstown/boys-soccer/","https://hsfootball.net/proxy.php?url=https%3A%2F%2Fimage.maxpreps.io%2Fschool-mascot%2F7%2Fb%2F5%2F7b544760-0d3b-49a2-afa6-b26705f65026.gif%3Fversion%3D636953238000000000%26amp%3Bwidth%3D128%26amp%3Bheight%3D128%26amp%3Bauto%3Dwebp%26amp%3Bformat%3Dpjpg","https://hsfootball.net/proxy.php?url=https%3A%2F%2Fimage.maxpreps.io%2Fschool-mascot%2F7%2Fb%2F5%2F7b544760-0d3b-49a2-afa6-b26705f65026.gif%3Fversion%3D636953238000000000%26amp%3Bwidth%3D32%26amp%3Bheight%3D32%26amp%3Bauto%3Dwebp%26amp%3Bformat%3Dpjpg","boy"
55,"Southern Huntingdon County vs McConnellsburg",Boys Soccer,"Pennsylvania",9/28/2026,5:00pm,"The Southern Huntingdon County varsity soccer team has an away conference match @  McConnellsburg (PA) on Monday, September 28 @ 5p.","/pa/soccer/match/mcconnellsburg-vs-southern-huntingdon-county-three-springs/9-28-2026/?c=930e0e93-c83d-4fd4-a2d8-b471abee5a83","https://www.maxpreps.com/pa/soccer/match/mcconnellsburg-vs-southern-huntingdon-county-three-springs/9-28-2026/?c=930e0e93-c83d-4fd4-a2d8-b471abee5a83","/soccer/pa/174b?9/28/2026","Southern Huntingdon County","Rockets","https://www.maxpreps.com/pa/mcconnellsburg/boys-soccer/","https://www.maxpreps.com/pa/southern-huntingdon-county-three-springs/boys-soccer/","https://hsfootball.net/proxy.php?url=https%3A%2F%2Fimage.maxpreps.io%2Fschool-mascot%2F3%2Fc%2Fa%2F3ca4cb0d-0ba5-4862-b9a2-8c3fa0cefc10.gif%3Fversion%3D638959451026881010%26amp%3Bwidth%3D128%26amp%3Bheight%3D128%26amp%3Bauto%3Dwebp%26amp%3Bformat%3Dpjpg","https://hsfootball.net/proxy.php?url=https%3A%2F%2Fimage.maxpreps.io%2Fschool-mascot%2Fb%2F5%2F7%2Fb57ce3de-c7b8-407b-8e85-99a39017f10f.gif%3Fversion%3D637709326200000000%26amp%3Bwidth%3D128%26amp%3Bheight%3D128%26amp%3Bauto%3Dwebp%26amp%3Bformat%3Dpjpg","boy"
56,"Palmerton vs Salisbury Township",Boys Soccer,"Pennsylvania",9/28/2026,5:00pm,"The Palmerton varsity soccer team has an away conference match @  Salisbury Township (Allentown, PA) on Monday, September 28 @ 5p.","/pa/soccer/match/palmerton-vs-salisbury-township-allentown/9-28-2026/?c=b5617ed9-067e-466e-b579-506771741f8e","https://www.maxpreps.com/pa/soccer/match/palmerton-vs-salisbury-township-allentown/9-28-2026/?c=b5617ed9-067e-466e-b579-506771741f8e","/soccer/pa/109d?9/28/2026","Palmerton","Blue Bombers","https://www.maxpreps.com/pa/palmerton/boys-soccer/","https://www.maxpreps.com/pa/salisbury-township-allentown/boys-soccer/","https://hsfootball.net/proxy.php?url=https%3A%2F%2Fimage.maxpreps.io%2Fschool-mascot%2F6%2F6%2F6%2F66676450-3616-4a49-811c-bcf50cf1a2c5.gif%3Fversion%3D635859400200000000%26amp%3Bwidth%3D128%26amp%3Bheight%3D128%26amp%3Bauto%3Dwebp%26amp%3Bformat%3Dpjpg","https://hsfootball.net/proxy.php?url=https%3A%2F%2Fimage.maxpreps.io%2Fschool-mascot%2Fc%2F0%2F2%2Fc02267e8-98c5-44a2-bd14-1a5a27db0dec.gif%3Fversion%3D635306752200000000%26amp%3Bwidth%3D128%26amp%3Bheight%3D128%26amp%3Bauto%3Dwebp%26amp%3Bformat%3Dpjpg","boy"
57,"Berlin Brothersvalley vs Everett",Boys Soccer,"Pennsylvania",9/28/2026,5:00pm,"The Berlin Brothersvalley varsity soccer team has an away conference match @  Everett (PA) on Monday, September 28 @ 5p.","/pa/soccer/match/berlin-brothersvalley-vs-everett/9-28-2026/?c=fbbe24dd-0dee-4738-9eff-e6fa5954f257","https://www.maxpreps.com/pa/soccer/match/berlin-brothersvalley-vs-everett/9-28-2026/?c=fbbe24dd-0dee-4738-9eff-e6fa5954f257","/soccer/pa/ce1?9/28/2026","Berlin Brothersvalley","Mountaineers","https://www.maxpreps.com/pa/berlin-brothersvalley/boys-soccer/","https://www.maxpreps.com/pa/everett/boys-soccer/","https://hsfootball.net/proxy.php?url=https%3A%2F%2Fimage.maxpreps.io%2Fschool-mascot%2Fc%2Fa%2Fd%2Fcade3647-23d1-4228-b678-30486d5171f4.gif%3Fversion%3D636235504800000000%26amp%3Bwidth%3D128%26amp%3Bheight%3D128%26amp%3Bauto%3Dwebp%26amp%3Bformat%3Dpjpg","https://hsfootball.net/proxy.php?url=https%3A%2F%2Fimage.maxpreps.io%2Fschool-mascot%2F2%2F8%2F7%2F287ed917-85cc-4856-b247-04db463d6dab.gif%3Fversion%3D637692799200000000%26amp%3Bwidth%3D128%26amp%3Bheight%3D128%26amp%3Bauto%3Dwebp%26amp%3Bformat%3Dpjpg","boy"
58,"Council Rock South vs Souderton",Boys Soccer,"Pennsylvania",9/28/2026,5:00pm,"The Council Rock South varsity soccer team has an away non-conference match @  Souderton (PA) on Monday, September 28 @ 5p.","/pa/soccer/match/council-rock-south-holland-vs-souderton/9-28-2026/?c=3ca80ea4-84ae-479e-bacc-df9741510c1d","https://www.maxpreps.com/pa/soccer/match/council-rock-south-holland-vs-souderton/9-28-2026/?c=3ca80ea4-84ae-479e-bacc-df9741510c1d","/soccer/pa/f5e?9/28/2026","Council Rock South","Golden Hawks","https://www.maxpreps.com/pa/council-rock-south-holland/boys-soccer/","https://www.maxpreps.com/pa/souderton/boys-soccer/","https://hsfootball.net/proxy.php?url=https%3A%2F%2Fimage.maxpreps.io%2Fschool-mascot%2Ff%2Fd%2F9%2Ffd93a9ea-d21e-461b-91aa-c438e8ad4b38.gif%3Fversion%3D635043816000000000%26amp%3Bwidth%3D128%26amp%3Bheight%3D128%26amp%3Bauto%3Dwebp%26amp%3Bformat%3Dpjpg","https://hsfootball.net/proxy.php?url=https%3A%2F%2Fimage.maxpreps.io%2Fschool-mascot%2F4%2F5%2F9%2F4594b589-f01e-451d-a7b4-e51dfb3acac5.gif%3Fversion%3D638799675927328830%26amp%3Bwidth%3D128%26amp%3Bheight%3D128%26amp%3Bauto%3Dwebp%26amp%3Bformat%3Dpjpg","boy"
59,"California vs Carlynton",Boys Soccer,"Pennsylvania",9/28/2026,5:00pm,"The California varsity soccer team has an away non-conference match @  Carlynton (Carnegie, PA) on Monday, September 28 @ 5p.","/pa/soccer/match/california-coal-center-vs-carlynton-carnegie/9-28-2026/?c=a610697f-6e5b-49c9-9bc3-fc2f1066253f","https://www.maxpreps.com/pa/soccer/match/california-coal-center-vs-carlynton-carnegie/9-28-2026/?c=a610697f-6e5b-49c9-9bc3-fc2f1066253f","/soccer/pa/111a?9/28/2026","California","Trojans","https://www.maxpreps.com/pa/california-coal-center/boys-soccer/","https://www.maxpreps.com/pa/carlynton-carnegie/boys-soccer/","https://hsfootball.net/proxy.php?url=https%3A%2F%2Fimage.maxpreps.io%2Fschool-mascot%2F2%2F2%2Fd%2F22d33e7e-58aa-4317-9370-e46dd900e004.gif%3Fversion%3D636567936600000000%26amp%3Bwidth%3D128%26amp%3Bheight%3D128%26amp%3Bauto%3Dwebp%26amp%3Bformat%3Dpjpg","https://hsfootball.net/proxy.php?url=https%3A%2F%2Fimage.maxpreps.io%2Fschool-mascot%2F8%2Fb%2F9%2F8b957ca3-9e00-400d-bccc-77024ca2676b.gif%3Fversion%3D638991264288543560%26amp%3Bwidth%3D128%26amp%3Bheight%3D128%26amp%3Bauto%3Dwebp%26amp%3Bformat%3Dpjpg","boy"
60,"Keystone vs North Clarion",Boys Soccer,"Pennsylvania",9/28/2026,5:00pm,"The Keystone varsity soccer team has an away conference match @  North Clarion (Tionesta, PA) on Monday, September 28 @ 5p.","/pa/soccer/match/keystone-knox-vs-north-clarion-tionesta/9-28-2026/?c=d77d0b8a-5efd-4071-b613-5c443e335f8e","https://www.maxpreps.com/pa/soccer/match/keystone-knox-vs-north-clarion-tionesta/9-28-2026/?c=d77d0b8a-5efd-4071-b613-5c443e335f8e","/soccer/pa/f76?9/28/2026","Keystone","Panthers","https://www.maxpreps.com/pa/keystone-knox/boys-soccer/","https://www.maxpreps.com/pa/north-clarion-tionesta/boys-soccer/","https://hsfootball.net/proxy.php?url=https%3A%2F%2Fimage.maxpreps.io%2Fschool-mascot%2Fc%2F8%2F2%2Fc82461a6-b0d3-4ca1-8c36-444e9df7685f.gif%3Fversion%3D636428815200000000%26amp%3Bwidth%3D128%26amp%3Bheight%3D128%26amp%3Bauto%3Dwebp%26amp%3Bformat%3Dpjpg","https://hsfootball.net/proxy.php?url=https%3A%2F%2Fimage.maxpreps.io%2Fschool-mascot%2F9%2F8%2F2%2F9822b2dc-bfa6-4b26-b5bc-edd55287b4c4.gif%3Fversion%3D639078800178456190%26amp%3Bwidth%3D128%26amp%3Bheight%3D128%26amp%3Bauto%3Dwebp%26amp%3Bformat%3Dpjpg","boy"
61,"Pottsgrove vs Interboro",Boys Soccer,"Pennsylvania",9/28/2026,5:30pm,"The Pottsgrove varsity soccer team has an away non-conference match @  Interboro (Prospect Park, PA) on Monday, September 28 @ 5:30p.","/pa/soccer/match/interboro-prospect-park-vs-pottsgrove/9-28-2026/?c=e02fd4c1-6f37-4fcf-aa3e-7ef459878a85","https://www.maxpreps.com/pa/soccer/match/interboro-prospect-park-vs-pottsgrove/9-28-2026/?c=e02fd4c1-6f37-4fcf-aa3e-7ef459878a85","/soccer/pa/eec?9/28/2026","Pottsgrove","Falcons","https://www.maxpreps.com/pa/interboro-prospect-park/boys-soccer/","https://www.maxpreps.com/pa/pottsgrove/boys-soccer/","https://hsfootball.net/proxy.php?url=https%3A%2F%2Fimage.maxpreps.io%2Fschool-mascot%2Ff%2Fa%2F8%2Ffa84d33c-ad3f-41ec-a208-c79866a0c905.gif%3Fversion%3D636869316000000000%26amp%3Bwidth%3D128%26amp%3Bheight%3D128%26amp%3Bauto%3Dwebp%26amp%3Bformat%3Dpjpg","https://hsfootball.net/proxy.php?url=https%3A%2F%2Fimage.maxpreps.io%2Fschool-mascot%2Fb%2F9%2F6%2Fb96c4d71-8706-4ecf-af70-bf72dd55b456.gif%3Fversion%3D636696103800000000%26amp%3Bwidth%3D128%26amp%3Bheight%3D128%26amp%3Bauto%3Dwebp%26amp%3Bformat%3Dpjpg","boy"
62,"Coventry Christian vs Covenant Christian Academy",Boys Soccer,"Pennsylvania",9/28/2026,5:30pm,"The Coventry Christian varsity soccer team has an away conference match @  Covenant Christian Academy (Harrisburg, PA) on Monday, September 28 @ 5:30p.","/pa/soccer/match/covenant-christian-academy-harrisburg-vs-coventry-christian-pottstown/9-28-2026/?c=97d77a05-9fbc-40d8-8db3-795e957b9408","https://www.maxpreps.com/pa/soccer/match/covenant-christian-academy-harrisburg-vs-coventry-christian-pottstown/9-28-2026/?c=97d77a05-9fbc-40d8-8db3-795e957b9408","/soccer/pa/1b95?9/28/2026","Coventry Christian","Covenant Christian Academy","https://www.maxpreps.com/pa/covenant-christian-academy-harrisburg/boys-soccer/","https://www.maxpreps.com/pa/coventry-christian-pottstown/boys-soccer/","https://hsfootball.net/proxy.php?url=https%3A%2F%2Fimage.maxpreps.io%2Fschool-mascot%2Fc%2F6%2F2%2Fc62c46c4-1900-4aa8-b4dd-5147635ecf24.gif%3Fversion%3D635580308400000000%26amp%3Bwidth%3D128%26amp%3Bheight%3D128%26amp%3Bauto%3Dwebp%26amp%3Bformat%3Dpjpg","https://hsfootball.net/proxy.php?url=https%3A%2F%2Fimage.maxpreps.io%2Fschool-mascot%2Ff%2Fe%2F0%2Ffe00a18d-aefa-4cfe-8e5d-a1c9f8f601f0.gif%3Fversion%3D634926844200000000%26amp%3Bwidth%3D128%26amp%3Bheight%3D128%26amp%3Bauto%3Dwebp%26amp%3Bformat%3Dpjpg","boy"
63,"Greencastle-Antrim vs James Buchanan",Boys Soccer,"Pennsylvania",9/28/2026,5:30pm,"The Greencastle-Antrim varsity soccer team has an away non-conference match @  James Buchanan (Mercersburg, PA) on Monday, September 28 @ 5:30p.","/pa/soccer/match/greencastle-antrim-vs-james-buchanan-mercersburg/9-28-2026/?c=d3f1cd1d-0102-4a19-94d0-e1acc06d832e","https://www.maxpreps.com/pa/soccer/match/greencastle-antrim-vs-james-buchanan-mercersburg/9-28-2026/?c=d3f1cd1d-0102-4a19-94d0-e1acc06d832e","/soccer/pa/12d3?9/28/2026","Greencastle-Antrim","Blue Devils","https://www.maxpreps.com/pa/greencastle-antrim/boys-soccer/","https://www.maxpreps.com/pa/james-buchanan-mercersburg/boys-soccer/","https://hsfootball.net/proxy.php?url=https%3A%2F%2Fimage.maxpreps.io%2Fschool-mascot%2Fe%2Fe%2F4%2Fee49a183-e2af-452c-a480-5a79125a0bf9.gif%3Fversion%3D637245180600000000%26amp%3Bwidth%3D128%26amp%3Bheight%3D128%26amp%3Bauto%3Dwebp%26amp%3Bformat%3Dpjpg","https://hsfootball.net/proxy.php?url=https%3A%2F%2Fimage.maxpreps.io%2Fschool-mascot%2F5%2F2%2F9%2F529d0a10-3bf6-45ee-aee5-e1fe19d306db.gif%3Fversion%3D635313291600000000%26amp%3Bwidth%3D128%26amp%3Bheight%3D128%26amp%3Bauto%3Dwebp%26amp%3Bformat%3Dpjpg","boy"
64,"Council Rock North vs Central Bucks South",Boys Soccer,"Pennsylvania",9/28/2026,5:30pm,"The Council Rock North varsity soccer team has an away non-conference match @  Central Bucks South (Warrington, PA) on Monday, September 28 @ 5:30p.","/pa/soccer/match/central-bucks-south-warrington-vs-council-rock-north-newtown/9-28-2026/?c=13507c56-b7e3-4125-87b7-8b573583a6d4","https://www.maxpreps.com/pa/soccer/match/central-bucks-south-warrington-vs-council-rock-north-newtown/9-28-2026/?c=13507c56-b7e3-4125-87b7-8b573583a6d4","/soccer/pa/17a9?9/28/2026","Council Rock North","Indians","https://www.maxpreps.com/pa/central-bucks-south-warrington/boys-soccer/","https://www.maxpreps.com/pa/council-rock-north-newtown/boys-soccer/","https://hsfootball.net/proxy.php?url=https%3A%2F%2Fimage.maxpreps.io%2Fschool-mascot%2F2%2F5%2F8%2F258133de-f681-4840-9f73-5893f065d9ef.gif%3Fversion%3D638773643663643470%26amp%3Bwidth%3D128%26amp%3Bheight%3D128%26amp%3Bauto%3Dwebp%26amp%3Bformat%3Dpjpg","https://hsfootball.net/proxy.php?url=https%3A%2F%2Fimage.maxpreps.io%2Fschool-mascot%2F3%2F4%2F3%2F3436fbb7-2fca-4dfd-9e6e-f48933d96ebe.gif%3Fversion%3D637716029400000000%26amp%3Bwidth%3D128%26amp%3Bheight%3D128%26amp%3Bauto%3Dwebp%26amp%3Bformat%3Dpjpg","boy"
65,"St. Marys vs Bradford",Boys Soccer,"Pennsylvania",9/28/2026,5:30pm,"The St. Marys varsity soccer team has an away non-conference match @  Bradford (PA) on Monday, September 28 @ 5:30p.","/pa/soccer/match/bradford-vs-st-marys/9-28-2026/?c=d85f0831-eca9-4a7b-b952-6c2eb25bc6ac","https://www.maxpreps.com/pa/soccer/match/bradford-vs-st-marys/9-28-2026/?c=d85f0831-eca9-4a7b-b952-6c2eb25bc6ac","/soccer/pa/7c7?9/28/2026","St. Marys","Flying Dutch","https://www.maxpreps.com/pa/bradford/boys-soccer/","https://www.maxpreps.com/pa/st-marys/boys-soccer/","https://hsfootball.net/proxy.php?url=https%3A%2F%2Fimage.maxpreps.io%2Fschool-mascot%2Fe%2F5%2F8%2Fe58ac615-1d07-40ba-942f-e77abc137226.gif%3Fversion%3D634062155400000000%26amp%3Bwidth%3D128%26amp%3Bheight%3D128%26amp%3Bauto%3Dwebp%26amp%3Bformat%3Dpjpg","https://hsfootball.net/proxy.php?url=https%3A%2F%2Fimage.maxpreps.io%2Fschool-mascot%2F4%2F7%2F8%2F4789fdac-99ec-46b7-b1e0-03e5d1faad21.gif%3Fversion%3D633930824400000000%26amp%3Bwidth%3D128%26amp%3Bheight%3D128%26amp%3Bauto%3Dwebp%26amp%3Bformat%3Dpjpg","boy"
66,"Fort LeBoeuf vs Corry",Boys Soccer,"Pennsylvania",9/28/2026,6:00pm,"The Fort LeBoeuf varsity soccer team has an away conference match @  Corry (PA) on Monday, September 28 @ 6p.","/pa/soccer/match/corry-vs-fort-leboeuf-waterford/9-28-2026/?c=ba9d80ea-0232-4dbc-ab7e-27623361a4fa","https://www.maxpreps.com/pa/soccer/match/corry-vs-fort-leboeuf-waterford/9-28-2026/?c=ba9d80ea-0232-4dbc-ab7e-27623361a4fa","/soccer/pa/c37?9/28/2026","Fort LeBoeuf","Bison","https://www.maxpreps.com/pa/corry/boys-soccer/","https://www.maxpreps.com/pa/fort-leboeuf-waterford/boys-soccer/","https://hsfootball.net/proxy.php?url=https%3A%2F%2Fimage.maxpreps.io%2Fschool-mascot%2F7%2Fe%2F2%2F7e2be780-b17b-40e1-9a90-ca41ba5a880e.gif%3Fversion%3D634063070400000000%26amp%3Bwidth%3D128%26amp%3Bheight%3D128%26amp%3Bauto%3Dwebp%26amp%3Bformat%3Dpjpg","https://hsfootball.net/proxy.php?url=https%3A%2F%2Fimage.maxpreps.io%2Fschool-mascot%2Fb%2F5%2F9%2Fb5978cb9-73d0-4e6c-9b0a-d61f8f001032.gif%3Fversion%3D637013730000000000%26amp%3Bwidth%3D128%26amp%3Bheight%3D128%26amp%3Bauto%3Dwebp%26amp%3Bformat%3Dpjpg","boy"
67,"Conneaut Area vs Grove City",Boys Soccer,"Pennsylvania",9/28/2026,6:00pm,"The Conneaut Area varsity soccer team has an away conference match @  Grove City (PA) on Monday, September 28 @ 6p.","/pa/soccer/match/conneaut-area-lions-linesville-vs-grove-city/9-28-2026/?c=1f00f098-30fc-437a-843c-84b12e3411d1","https://www.maxpreps.com/pa/soccer/match/conneaut-area-lions-linesville-vs-grove-city/9-28-2026/?c=1f00f098-30fc-437a-843c-84b12e3411d1","/soccer/pa/1125?9/28/2026","Conneaut Area","Eagles","https://www.maxpreps.com/pa/conneaut-area-lions-linesville/boys-soccer/","https://www.maxpreps.com/pa/grove-city/boys-soccer/","https://hsfootball.net/proxy.php?url=https%3A%2F%2Fimage.maxpreps.io%2Fschool-mascot%2F4%2F8%2F2%2F482458c2-2f0e-4414-8d42-ed34ce289465.gif%3Fversion%3D635517320400000000%26amp%3Bwidth%3D128%26amp%3Bheight%3D128%26amp%3Bauto%3Dwebp%26amp%3Bformat%3Dpjpg","https://hsfootball.net/proxy.php?url=https%3A%2F%2Fimage.maxpreps.io%2Fschool-mascot%2F2%2F3%2Fa%2F23a09e91-9e0a-4c7a-896c-752a1b232eb4.gif%3Fversion%3D637727278800000000%26amp%3Bwidth%3D128%26amp%3Bheight%3D128%26amp%3Bauto%3Dwebp%26amp%3Bformat%3Dpjpg","boy"
68,"Saegertown vs Iroquois",Boys Soccer,"Pennsylvania",9/28/2026,6:00pm,"The Saegertown varsity soccer team has an away conference match @  Iroquois (Erie, PA) on Monday, September 28 @ 6p.","/pa/soccer/match/iroquois-erie-vs-saegertown/9-28-2026/?c=6e80f8ed-97ab-4a82-a84c-e6d5bb4c6f2f","https://www.maxpreps.com/pa/soccer/match/iroquois-erie-vs-saegertown/9-28-2026/?c=6e80f8ed-97ab-4a82-a84c-e6d5bb4c6f2f","/soccer/pa/acf?9/28/2026","Saegertown","Panthers","https://www.maxpreps.com/pa/iroquois-erie/boys-soccer/","https://www.maxpreps.com/pa/saegertown/boys-soccer/","https://hsfootball.net/proxy.php?url=https%3A%2F%2Fimage.maxpreps.io%2Fschool-mascot%2F3%2Fe%2Fc%2F3ecfe3d6-91e8-4cad-ad67-a649bf3e3d1a.gif%3Fversion%3D635877683400000000%26amp%3Bwidth%3D128%26amp%3Bheight%3D128%26amp%3Bauto%3Dwebp%26amp%3Bformat%3Dpjpg","https://hsfootball.net/proxy.php?url=https%3A%2F%2Fimage.maxpreps.io%2Fschool-mascot%2F2%2Fa%2Fb%2F2abfe248-54a2-49b9-9d7c-2cd172a9c508.gif%3Fversion%3D634205676600000000%26amp%3Bwidth%3D128%26amp%3Bheight%3D128%26amp%3Bauto%3Dwebp%26amp%3Bformat%3Dpjpg","boy"
69,"Girard vs Harbor Creek",Boys Soccer,"Pennsylvania",9/28/2026,6:00pm,"The Girard varsity soccer team has an away conference match @  Harbor Creek (Harborcreek, PA) on Monday, September 28 @ 6p.","/pa/soccer/match/girard-vs-harbor-creek-harborcreek/9-28-2026/?c=816b5f5f-a908-4ff1-924b-5f640f9cddcd","https://www.maxpreps.com/pa/soccer/match/girard-vs-harbor-creek-harborcreek/9-28-2026/?c=816b5f5f-a908-4ff1-924b-5f640f9cddcd","/soccer/pa/d26?9/28/2026","Girard","Yellowjackets","https://www.maxpreps.com/pa/girard/boys-soccer/","https://www.maxpreps.com/pa/harbor-creek-harborcreek/boys-soccer/","https://hsfootball.net/proxy.php?url=https%3A%2F%2Fimage.maxpreps.io%2Fschool-mascot%2F6%2F4%2F5%2F64552cd6-e161-4708-bf46-d9b5a393dd06.gif%3Fversion%3D636130865400000000%26amp%3Bwidth%3D128%26amp%3Bheight%3D128%26amp%3Bauto%3Dwebp%26amp%3Bformat%3Dpjpg","https://hsfootball.net/proxy.php?url=https%3A%2F%2Fimage.maxpreps.io%2Fschool-mascot%2Fb%2F8%2F1%2Fb81e272a-b272-4fa8-a880-eb2fee10f1a6.gif%3Fversion%3D637653820800000000%26amp%3Bwidth%3D128%26amp%3Bheight%3D128%26amp%3Bauto%3Dwebp%26amp%3Bformat%3Dpjpg","boy"
70,"Erie vs Meadville",Boys Soccer,"Pennsylvania",9/28/2026,6:00pm,"The Erie varsity soccer team has an away non-conference match @  Meadville (PA) on Monday, September 28 @ 6p.","/pa/soccer/match/erie-vs-meadville/9-28-2026/?c=7f6f4257-fa6c-41a6-95d6-b7eaa4df9d05","https://www.maxpreps.com/pa/soccer/match/erie-vs-meadville/9-28-2026/?c=7f6f4257-fa6c-41a6-95d6-b7eaa4df9d05","/soccer/pa/69b?9/28/2026","Erie","Royals","https://www.maxpreps.com/pa/erie/boys-soccer/","https://www.maxpreps.com/pa/meadville/boys-soccer/","https://hsfootball.net/proxy.php?url=https%3A%2F%2Fimage.maxpreps.io%2Fschool-mascot%2F7%2F6%2F0%2F76038a67-a8e1-4b34-b954-67f1d84d3299.gif%3Fversion%3D637051691400000000%26amp%3Bwidth%3D128%26amp%3Bheight%3D128%26amp%3Bauto%3Dwebp%26amp%3Bformat%3Dpjpg","https://hsfootball.net/proxy.php?url=https%3A%2F%2Fimage.maxpreps.io%2Fschool-mascot%2Ff%2Fd%2Fe%2Ffde7b8e1-fe01-434f-a03a-8182b785f096.gif%3Fversion%3D637727279400000000%26amp%3Bwidth%3D128%26amp%3Bheight%3D128%26amp%3Bauto%3Dwebp%26amp%3Bformat%3Dpjpg","boy"
71,"Halifax vs Williams Valley",Boys Soccer,"Pennsylvania",9/28/2026,6:00pm,"The Halifax varsity soccer team has an away non-conference match @  Williams Valley (Tower City, PA) on Monday, September 28 @ 6p.","/pa/soccer/match/halifax-vs-williams-valley-tower-city/9-28-2026/?c=64aca31f-c07e-4c41-8159-46edcaed972b","https://www.maxpreps.com/pa/soccer/match/halifax-vs-williams-valley-tower-city/9-28-2026/?c=64aca31f-c07e-4c41-8159-46edcaed972b","/soccer/pa/e80?9/28/2026","Halifax","Wildcats","https://www.maxpreps.com/pa/halifax/boys-soccer/","https://www.maxpreps.com/pa/williams-valley-tower-city/boys-soccer/","https://hsfootball.net/proxy.php?url=https%3A%2F%2Fimage.maxpreps.io%2Fschool-mascot%2Fb%2F2%2F6%2Fb26ace75-3738-45f5-a1d3-8c2479fde79e.gif%3Fversion%3D633625242000000000%26amp%3Bwidth%3D128%26amp%3Bheight%3D128%26amp%3Bauto%3Dwebp%26amp%3Bformat%3Dpjpg","https://hsfootball.net/proxy.php?url=https%3A%2F%2Fimage.maxpreps.io%2Fschool-mascot%2F8%2Fe%2F4%2F8e413521-d673-4e8e-b412-1608ebfa8a84.gif%3Fversion%3D637727280000000000%26amp%3Bwidth%3D128%26amp%3Bheight%3D128%26amp%3Bauto%3Dwebp%26amp%3Bformat%3Dpjpg","boy"
72,"Weatherly vs Tamaqua",Boys Soccer,"Pennsylvania",9/28/2026,6:00pm,"The Weatherly varsity soccer team has an away non-conference match @  Tamaqua (PA) on Monday, September 28 @ 6p.","/pa/soccer/match/tamaqua-vs-weatherly/9-28-2026/?c=8bd9b2be-3e51-4d7a-97e9-9b9d6d26f7d6","https://www.maxpreps.com/pa/soccer/match/tamaqua-vs-weatherly/9-28-2026/?c=8bd9b2be-3e51-4d7a-97e9-9b9d6d26f7d6","/soccer/pa/802?9/28/2026","Weatherly","Tamaqua","https://www.maxpreps.com/pa/tamaqua/boys-soccer/","https://www.maxpreps.com/pa/weatherly/boys-soccer/","https://hsfootball.net/proxy.php?url=https%3A%2F%2Fimage.maxpreps.io%2Fschool-mascot%2F3%2F0%2F6%2F3061f2de-9d51-44fe-9841-2371e88bcc58.gif%3Fversion%3D637375712400000000%26amp%3Bwidth%3D128%26amp%3Bheight%3D128%26amp%3Bauto%3Dwebp%26amp%3Bformat%3Dpjpg","https://hsfootball.net/proxy.php?url=https%3A%2F%2Fimage.maxpreps.io%2Fschool-mascot%2F3%2F0%2F6%2F3061f2de-9d51-44fe-9841-2371e88bcc58.gif%3Fversion%3D637375712400000000%26amp%3Bwidth%3D32%26amp%3Bheight%3D32%26amp%3Bauto%3Dwebp%26amp%3Bformat%3Dpjpg","boy"
73,"General McLane vs McDowell",Boys Soccer,"Pennsylvania",9/28/2026,6:00pm,"The General McLane varsity soccer team has an away conference match @  McDowell (Erie, PA) on Monday, September 28 @ 6p.","/pa/soccer/match/general-mclane-edinboro-vs-mcdowell-erie/9-28-2026/?c=3d927f6f-d8a9-4593-97a0-9317f49602b1","https://www.maxpreps.com/pa/soccer/match/general-mclane-edinboro-vs-mcdowell-erie/9-28-2026/?c=3d927f6f-d8a9-4593-97a0-9317f49602b1","/soccer/pa/f66?9/28/2026","General McLane","Lancers","https://www.maxpreps.com/pa/general-mclane-edinboro/boys-soccer/","https://www.maxpreps.com/pa/mcdowell-erie/boys-soccer/","https://hsfootball.net/proxy.php?url=https%3A%2F%2Fimage.maxpreps.io%2Fschool-mascot%2F6%2Ff%2Fb%2F6fbfff50-c3f9-445e-8309-cfb4a20826f3.gif%3Fversion%3D634824265200000000%26amp%3Bwidth%3D128%26amp%3Bheight%3D128%26amp%3Bauto%3Dwebp%26amp%3Bformat%3Dpjpg","https://hsfootball.net/proxy.php?url=https%3A%2F%2Fimage.maxpreps.io%2Fschool-mascot%2Fa%2F0%2F6%2Fa0698fd4-d4ab-4183-bd70-d1e307b57e3a.gif%3Fversion%3D636542709000000000%26amp%3Bwidth%3D128%26amp%3Bheight%3D128%26amp%3Bauto%3Dwebp%26amp%3Bformat%3Dpjpg","boy"
74,"Cambria Heights vs Philipsburg-Osceola",Boys Soccer,"Pennsylvania",9/28/2026,6:00pm,"The Cambria Heights varsity soccer team has an away non-conference match @  Philipsburg-Osceola (Philipsburg, PA) on Monday, September 28 @ 6p.","/pa/soccer/match/cambria-heights-patton-vs-philipsburg-osceola/9-28-2026/?c=9be2fde5-e4ae-4504-a705-8b8fc792de82","https://www.maxpreps.com/pa/soccer/match/cambria-heights-patton-vs-philipsburg-osceola/9-28-2026/?c=9be2fde5-e4ae-4504-a705-8b8fc792de82","/soccer/pa/11aa?9/28/2026","Cambria Heights","Highlanders","https://www.maxpreps.com/pa/cambria-heights-patton/boys-soccer/","https://www.maxpreps.com/pa/philipsburg-osceola/boys-soccer/","https://hsfootball.net/proxy.php?url=https%3A%2F%2Fimage.maxpreps.io%2Fschool-mascot%2F7%2F9%2F7%2F7977de97-2e08-4c7e-836d-d276f51795c9.gif%3Fversion%3D637341079800000000%26amp%3Bwidth%3D128%26amp%3Bheight%3D128%26amp%3Bauto%3Dwebp%26amp%3Bformat%3Dpjpg","https://hsfootball.net/proxy.php?url=https%3A%2F%2Fimage.maxpreps.io%2Fschool-mascot%2Fe%2F4%2Fd%2Fe4dad2b8-3630-4b8b-a8bf-c4431812cca3.gif%3Fversion%3D637341321000000000%26amp%3Bwidth%3D128%26amp%3Bheight%3D128%26amp%3Bauto%3Dwebp%26amp%3Bformat%3Dpjpg","boy"
75,"Horseheads vs Athens",Boys Soccer,"Pennsylvania",9/28/2026,6:00pm,"The Horseheads varsity soccer team has an away non-conference match @  Athens (PA) on Monday, September 28 @ 6p.","/inter-state/soccer/match/athens-pa-vs-horseheads-ny/9-28-2026/?c=e06d1277-b622-4e75-8f46-0f0f28d1f102","https://www.maxpreps.com/inter-state/soccer/match/athens-pa-vs-horseheads-ny/9-28-2026/?c=e06d1277-b622-4e75-8f46-0f0f28d1f102","/soccer/pa/9fe?9/28/2026","Horseheads","Blue Raiders","https://www.maxpreps.com/pa/athens-pa/boys-soccer/","https://www.maxpreps.com/pa/horseheads-ny/boys-soccer/","https://hsfootball.net/proxy.php?url=https%3A%2F%2Fimage.maxpreps.io%2Fschool-mascot%2Fa%2F1%2F8%2Fa1849d48-8ec8-4cf0-93d6-3fe1505e05a9.gif%3Fversion%3D638845428688135680%26amp%3Bwidth%3D128%26amp%3Bheight%3D128%26amp%3Bauto%3Dwebp%26amp%3Bformat%3Dpjpg","https://hsfootball.net/proxy.php?url=https%3A%2F%2Fimage.maxpreps.io%2Fschool-mascot%2F0%2F3%2Fb%2F03be3a7c-80fe-4732-882a-9f8847a5423a.gif%3Fversion%3D635790349800000000%26amp%3Bwidth%3D128%26amp%3Bheight%3D128%26amp%3Bauto%3Dwebp%26amp%3Bformat%3Dpjpg","boy"
76,"Seneca vs Titusville",Boys Soccer,"Pennsylvania",9/28/2026,6:00pm,"The Seneca varsity soccer team has an away conference match @  Titusville (PA) on Monday, September 28 @ 6p.","/pa/soccer/match/seneca-erie-vs-titusville/9-28-2026/?c=7d6893d9-ae6d-460e-9602-5c6d66d4b467","https://www.maxpreps.com/pa/soccer/match/seneca-erie-vs-titusville/9-28-2026/?c=7d6893d9-ae6d-460e-9602-5c6d66d4b467","/soccer/pa/9d9?9/28/2026","Seneca","Bobcats","https://www.maxpreps.com/pa/seneca-erie/boys-soccer/","https://www.maxpreps.com/pa/titusville/boys-soccer/","https://hsfootball.net/proxy.php?url=https%3A%2F%2Fimage.maxpreps.io%2Fschool-mascot%2Fb%2Fd%2F7%2Fbd74edb6-6e13-41d5-bab2-220073acf679.gif%3Fversion%3D639005308720929020%26amp%3Bwidth%3D128%26amp%3Bheight%3D128%26amp%3Bauto%3Dwebp%26amp%3Bformat%3Dpjpg","https://hsfootball.net/proxy.php?url=https%3A%2F%2Fimage.maxpreps.io%2Fschool-mascot%2Fc%2F5%2F9%2Fc59259c9-538b-49d8-afd9-751a12079576.gif%3Fversion%3D636719188800000000%26amp%3Bwidth%3D128%26amp%3Bheight%3D128%26amp%3Bauto%3Dwebp%26amp%3Bformat%3Dpjpg","boy"
77,"Altoona vs Somerset",Boys Soccer,"Pennsylvania",9/28/2026,6:00pm,"The Altoona varsity soccer team has an away non-conference match @  Somerset (PA) on Monday, September 28 @ 6p.","/pa/soccer/match/altoona-vs-somerset/9-28-2026/?c=a05d8b2c-7246-4e11-8794-ccce3ffa0eb5","https://www.maxpreps.com/pa/soccer/match/altoona-vs-somerset/9-28-2026/?c=a05d8b2c-7246-4e11-8794-ccce3ffa0eb5","/soccer/pa/7a3?9/28/2026","Altoona","Mountain Lions","https://www.maxpreps.com/pa/altoona/boys-soccer/","https://www.maxpreps.com/pa/somerset/boys-soccer/","https://hsfootball.net/proxy.php?url=https%3A%2F%2Fimage.maxpreps.io%2Fschool-mascot%2F8%2F9%2F2%2F892d5537-68bb-4624-b4a9-5161ca0cc344.gif%3Fversion%3D637685065800000000%26amp%3Bwidth%3D128%26amp%3Bheight%3D128%26amp%3Bauto%3Dwebp%26amp%3Bformat%3Dpjpg","https://hsfootball.net/proxy.php?url=https%3A%2F%2Fimage.maxpreps.io%2Fschool-mascot%2F8%2F6%2F9%2F8692209e-240b-4705-a248-1b2190586850.gif%3Fversion%3D634897304400000000%26amp%3Bwidth%3D128%26amp%3Bheight%3D128%26amp%3Bauto%3Dwebp%26amp%3Bformat%3Dpjpg","boy"
78,"Central Tech vs Meadville",Boys Soccer,"Pennsylvania",9/28/2026,6:00pm,"The Central Tech varsity soccer team has an away non-conference match @  Meadville (PA) on Monday, September 28 @ 6p.","/pa/soccer/match/central-tech-erie-vs-meadville/9-28-2026/?c=8cb3e89d-9186-4967-80ee-e7a7391e264c","https://www.maxpreps.com/pa/soccer/match/central-tech-erie-vs-meadville/9-28-2026/?c=8cb3e89d-9186-4967-80ee-e7a7391e264c","/soccer/pa/b82?9/28/2026","Central Tech","Falcons","https://www.maxpreps.com/pa/central-tech-erie/boys-soccer/","https://www.maxpreps.com/pa/meadville/boys-soccer/","https://hsfootball.net/proxy.php?url=https%3A%2F%2Fimage.maxpreps.io%2Fschool-mascot%2Fd%2Fb%2Fa%2Fdba40675-95ac-40ec-b0a6-16709191bfbf.gif%3Fversion%3D634098640200000000%26amp%3Bwidth%3D128%26amp%3Bheight%3D128%26amp%3Bauto%3Dwebp%26amp%3Bformat%3Dpjpg","https://hsfootball.net/proxy.php?url=https%3A%2F%2Fimage.maxpreps.io%2Fschool-mascot%2Ff%2Fd%2Fe%2Ffde7b8e1-fe01-434f-a03a-8182b785f096.gif%3Fversion%3D637727279400000000%26amp%3Bwidth%3D128%26amp%3Bheight%3D128%26amp%3Bauto%3Dwebp%26amp%3Bformat%3Dpjpg","boy"
79,"Loyalsock Township vs Hughesville",Boys Soccer,"Pennsylvania",9/28/2026,6:00pm,"The Loyalsock Township varsity soccer team has an away conference match @  Hughesville (PA) on Monday, September 28 @ 6p.","/pa/soccer/match/hughesville-vs-loyalsock-township-williamsport/9-28-2026/?c=cf43e503-b53c-4220-b20e-f45e55aded7d","https://www.maxpreps.com/pa/soccer/match/hughesville-vs-loyalsock-township-williamsport/9-28-2026/?c=cf43e503-b53c-4220-b20e-f45e55aded7d","/soccer/pa/12b1?9/28/2026","Loyalsock Township","Lancers","https://www.maxpreps.com/pa/hughesville/boys-soccer/","https://www.maxpreps.com/pa/loyalsock-township-williamsport/boys-soccer/","https://hsfootball.net/proxy.php?url=https%3A%2F%2Fimage.maxpreps.io%2Fschool-mascot%2Fa%2Fc%2Ff%2Facf65111-25cd-4f63-893f-eb978bdb1fce.gif%3Fversion%3D636941874000000000%26amp%3Bwidth%3D128%26amp%3Bheight%3D128%26amp%3Bauto%3Dwebp%26amp%3Bformat%3Dpjpg","https://hsfootball.net/proxy.php?url=https%3A%2F%2Fimage.maxpreps.io%2Fschool-mascot%2F1%2F4%2F8%2F148e7f3b-a9d9-47ee-90c9-e2969680d3d6.gif%3Fversion%3D638671720730090990%26amp%3Bwidth%3D128%26amp%3Bheight%3D128%26amp%3Bauto%3Dwebp%26amp%3Bformat%3Dpjpg","boy"
80,"Southern Columbia Area vs Bloomsburg",Boys Soccer,"Pennsylvania",9/28/2026,6:00pm,"The Southern Columbia Area varsity soccer team has an away conference match @  Bloomsburg (PA) on Monday, September 28 @ 6p.","/pa/soccer/match/bloomsburg-vs-southern-columbia-area-catawissa/9-28-2026/?c=fd878711-547b-4fc7-aeaa-c6bc6a8bbdbc","https://www.maxpreps.com/pa/soccer/match/bloomsburg-vs-southern-columbia-area-catawissa/9-28-2026/?c=fd878711-547b-4fc7-aeaa-c6bc6a8bbdbc","/soccer/pa/1223?9/28/2026","Southern Columbia Area","Tigers","https://www.maxpreps.com/pa/bloomsburg/boys-soccer/","https://www.maxpreps.com/pa/southern-columbia-area-catawissa/boys-soccer/","https://hsfootball.net/proxy.php?url=https%3A%2F%2Fimage.maxpreps.io%2Fschool-mascot%2Fd%2Fe%2Fa%2Fdea68770-42a4-44cf-89fe-a3eb64b7a620.gif%3Fversion%3D637407705600000000%26amp%3Bwidth%3D128%26amp%3Bheight%3D128%26amp%3Bauto%3Dwebp%26amp%3Bformat%3Dpjpg","https://hsfootball.net/proxy.php?url=https%3A%2F%2Fimage.maxpreps.io%2Fschool-mascot%2F4%2F3%2Fa%2F43afe052-117d-4090-bd2a-e0adcf8aa90a.gif%3Fversion%3D636844416000000000%26amp%3Bwidth%3D128%26amp%3Bheight%3D128%26amp%3Bauto%3Dwebp%26amp%3Bformat%3Dpjpg","boy"
81,"Bethlehem Center vs Highlands",Boys Soccer,"Pennsylvania",9/28/2026,6:00pm,"The Bethlehem Center varsity soccer team has an away non-conference match @  Highlands (Natrona Heights, PA) on Monday, September 28 @ 6p.","/pa/soccer/match/bethlehem-center-fredericktown-vs-highlands-natrona-heights/9-28-2026/?c=6fcf0776-13c4-447a-98ae-2c84f247a81a","https://www.maxpreps.com/pa/soccer/match/bethlehem-center-fredericktown-vs-highlands-natrona-heights/9-28-2026/?c=6fcf0776-13c4-447a-98ae-2c84f247a81a","/soccer/pa/172e?9/28/2026","Bethlehem Center","Bulldogs","https://www.maxpreps.com/pa/bethlehem-center-fredericktown/boys-soccer/","https://www.maxpreps.com/pa/highlands-natrona-heights/boys-soccer/","https://hsfootball.net/proxy.php?url=https%3A%2F%2Fimage.maxpreps.io%2Fschool-mascot%2F2%2F8%2F2%2F282ce090-c7b7-439a-906f-8e54f9979c04.gif%3Fversion%3D639081111464745360%26amp%3Bwidth%3D128%26amp%3Bheight%3D128%26amp%3Bauto%3Dwebp%26amp%3Bformat%3Dpjpg","https://hsfootball.net/proxy.php?url=https%3A%2F%2Fimage.maxpreps.io%2Fschool-mascot%2F1%2F2%2Fd%2F12d1a1f2-cebb-4fa0-a6b0-ea34dbffc81d.gif%3Fversion%3D639081111495957690%26amp%3Bwidth%3D128%26amp%3Bheight%3D128%26amp%3Bauto%3Dwebp%26amp%3Bformat%3Dpjpg","boy"
82,"Eisenhower vs Mercyhurst Prep",Boys Soccer,"Pennsylvania",9/28/2026,6:00pm,"The Eisenhower varsity soccer team has an away conference match @  Mercyhurst Prep (Erie, PA) on Monday, September 28 @ 6p.","/pa/soccer/match/eisenhower-russell-vs-mercyhurst-prep-erie/9-28-2026/?c=e2976875-9de4-420b-b07b-827342a19868","https://www.maxpreps.com/pa/soccer/match/eisenhower-russell-vs-mercyhurst-prep-erie/9-28-2026/?c=e2976875-9de4-420b-b07b-827342a19868","/soccer/pa/10bf?9/28/2026","Eisenhower","Knights","https://www.maxpreps.com/pa/eisenhower-russell/boys-soccer/","https://www.maxpreps.com/pa/mercyhurst-prep-erie/boys-soccer/","https://hsfootball.net/proxy.php?url=https%3A%2F%2Fimage.maxpreps.io%2Fschool-mascot%2F3%2F6%2F7%2F3672713e-6b7a-41b6-b7dc-67a7394abaff.gif%3Fversion%3D638137879200000000%26amp%3Bwidth%3D128%26amp%3Bheight%3D128%26amp%3Bauto%3Dwebp%26amp%3Bformat%3Dpjpg","https://hsfootball.net/proxy.php?url=https%3A%2F%2Fimage.maxpreps.io%2Fschool-mascot%2F5%2Fe%2Fb%2F5ebeb59e-b201-4912-b8bd-672e4a6d41e8.gif%3Fversion%3D639051764127102940%26amp%3Bwidth%3D128%26amp%3Bheight%3D128%26amp%3Bauto%3Dwebp%26amp%3Bformat%3Dpjpg","boy"
83,"Harrisburg vs Trinity",Boys Soccer,"Pennsylvania",9/28/2026,6:30pm,"The Harrisburg varsity soccer team has an away conference match @  Trinity (Camp Hill, PA) on Monday, September 28 @ 6:30p.","/pa/soccer/match/harrisburg-vs-trinity-camp-hill/9-28-2026/?c=73bb2994-0b9a-4bad-99e0-03a0794a9ac8","https://www.maxpreps.com/pa/soccer/match/harrisburg-vs-trinity-camp-hill/9-28-2026/?c=73bb2994-0b9a-4bad-99e0-03a0794a9ac8","/soccer/pa/c33?9/28/2026","Harrisburg","Cougars","https://www.maxpreps.com/pa/harrisburg/boys-soccer/","https://www.maxpreps.com/pa/trinity-camp-hill/boys-soccer/","https://hsfootball.net/proxy.php?url=https%3A%2F%2Fimage.maxpreps.io%2Fschool-mascot%2F1%2F0%2Fb%2F10bacc7e-18c1-4b4a-b67a-c516cfe4234a.gif%3Fversion%3D636421821000000000%26amp%3Bwidth%3D128%26amp%3Bheight%3D128%26amp%3Bauto%3Dwebp%26amp%3Bformat%3Dpjpg","https://hsfootball.net/proxy.php?url=https%3A%2F%2Fimage.maxpreps.io%2Fschool-mascot%2F5%2Fd%2F8%2F5d8aa9b3-d227-421c-8977-3ff254964f07.gif%3Fversion%3D635763571200000000%26amp%3Bwidth%3D128%26amp%3Bheight%3D128%26amp%3Bauto%3Dwebp%26amp%3Bformat%3Dpjpg","boy"
84,"Central York vs Mechanicsburg",Boys Soccer,"Pennsylvania",9/28/2026,6:30pm,"The Central York varsity soccer team has an away non-conference match @  Mechanicsburg (PA) on Monday, September 28 @ 6:30p.","/pa/soccer/match/central-york-vs-mechanicsburg/9-28-2026/?c=7600c846-1339-4444-967b-396265f32d41","https://www.maxpreps.com/pa/soccer/match/central-york-vs-mechanicsburg/9-28-2026/?c=7600c846-1339-4444-967b-396265f32d41","/soccer/pa/b79?9/28/2026","Central York","Panthers","https://www.maxpreps.com/pa/central-york/boys-soccer/","https://www.maxpreps.com/pa/mechanicsburg/boys-soccer/","https://hsfootball.net/proxy.php?url=https%3A%2F%2Fimage.maxpreps.io%2Fschool-mascot%2Fb%2Ff%2F8%2Fbf8b37ec-0d1a-4335-b400-fca4270a0a7b.gif%3Fversion%3D637183945800000000%26amp%3Bwidth%3D128%26amp%3Bheight%3D128%26amp%3Bauto%3Dwebp%26amp%3Bformat%3Dpjpg","https://hsfootball.net/proxy.php?url=https%3A%2F%2Fimage.maxpreps.io%2Fschool-mascot%2F4%2F7%2F7%2F477b1cf0-64af-444c-8d95-e63e9ffbd5ae.gif%3Fversion%3D634814718600000000%26amp%3Bwidth%3D128%26amp%3Bheight%3D128%26amp%3Bauto%3Dwebp%26amp%3Bformat%3Dpjpg","boy"
85,"Franklin vs Oil City",Boys Soccer,"Pennsylvania",9/28/2026,6:30pm,"The Franklin varsity soccer team has an away non-conference match @  Oil City (PA) on Monday, September 28 @ 6:30p.","/pa/soccer/match/franklin-vs-oil-city/9-28-2026/?c=f382509e-a7ab-45c2-8908-ec206428c81d","https://www.maxpreps.com/pa/soccer/match/franklin-vs-oil-city/9-28-2026/?c=f382509e-a7ab-45c2-8908-ec206428c81d","/soccer/pa/7c2?9/28/2026","Franklin","Knights","https://www.maxpreps.com/pa/franklin/boys-soccer/","https://www.maxpreps.com/pa/oil-city/boys-soccer/","https://hsfootball.net/proxy.php?url=https%3A%2F%2Fimage.maxpreps.io%2Fschool-mascot%2F3%2Fd%2F6%2F3d6766ad-adee-44f2-b7e2-b12f688135f2.gif%3Fversion%3D637816369200000000%26amp%3Bwidth%3D128%26amp%3Bheight%3D128%26amp%3Bauto%3Dwebp%26amp%3Bformat%3Dpjpg","https://hsfootball.net/proxy.php?url=https%3A%2F%2Fimage.maxpreps.io%2Fschool-mascot%2F7%2F4%2F5%2F745764e9-40d0-438b-a1ce-b7eec7799f03.gif%3Fversion%3D637407705000000000%26amp%3Bwidth%3D128%26amp%3Bheight%3D128%26amp%3Bauto%3Dwebp%26amp%3Bformat%3Dpjpg","boy"
86,"South Side vs Hopewell",Boys Soccer,"Pennsylvania",9/28/2026,6:30pm,"The South Side varsity soccer team has an away conference match @  Hopewell (Aliquippa, PA) on Monday, September 28 @ 6:30p.","/pa/soccer/match/hopewell-aliquippa-vs-south-side-hookstown/9-28-2026/?c=1e0c1624-31d2-41dc-919e-3566d94275b0","https://www.maxpreps.com/pa/soccer/match/hopewell-aliquippa-vs-south-side-hookstown/9-28-2026/?c=1e0c1624-31d2-41dc-919e-3566d94275b0","/soccer/pa/10b4?9/28/2026","South Side","Rams","https://www.maxpreps.com/pa/hopewell-aliquippa/boys-soccer/","https://www.maxpreps.com/pa/south-side-hookstown/boys-soccer/","https://hsfootball.net/proxy.php?url=https%3A%2F%2Fimage.maxpreps.io%2Fschool-mascot%2F7%2F2%2F2%2F72260765-e304-4177-a50a-145c574c6812.gif%3Fversion%3D639081111457967200%26amp%3Bwidth%3D128%26amp%3Bheight%3D128%26amp%3Bauto%3Dwebp%26amp%3Bformat%3Dpjpg","https://hsfootball.net/proxy.php?url=https%3A%2F%2Fimage.maxpreps.io%2Fschool-mascot%2F5%2F0%2Fa%2F50ad7247-e298-4119-82ba-656cd88077c7.gif%3Fversion%3D634535662800000000%26amp%3Bwidth%3D128%26amp%3Bheight%3D128%26amp%3Bauto%3Dwebp%26amp%3Bformat%3Dpjpg","boy"
87,"Saucon Valley vs Southern Lehigh",Boys Soccer,"Pennsylvania",9/28/2026,6:30pm,"The Saucon Valley varsity soccer team has an away conference match @  Southern Lehigh (Center Valley, PA) on Monday, September 28 @ 6:30p.","/pa/soccer/match/saucon-valley-hellertown-vs-southern-lehigh-center-valley/9-28-2026/?c=d6e4190a-4707-4636-87cc-e3c1275f7765","https://www.maxpreps.com/pa/soccer/match/saucon-valley-hellertown-vs-southern-lehigh-center-valley/9-28-2026/?c=d6e4190a-4707-4636-87cc-e3c1275f7765","/soccer/pa/1675?9/28/2026","Saucon Valley","Panthers","https://www.maxpreps.com/pa/saucon-valley-hellertown/boys-soccer/","https://www.maxpreps.com/pa/southern-lehigh-center-valley/boys-soccer/","https://hsfootball.net/proxy.php?url=https%3A%2F%2Fimage.maxpreps.io%2Fschool-mascot%2Fc%2Fa%2F8%2Fca8bca88-2b11-4232-8594-ea05660b584a.gif%3Fversion%3D634547801400000000%26amp%3Bwidth%3D128%26amp%3Bheight%3D128%26amp%3Bauto%3Dwebp%26amp%3Bformat%3Dpjpg","https://hsfootball.net/proxy.php?url=https%3A%2F%2Fimage.maxpreps.io%2Fschool-mascot%2Fe%2Ff%2F9%2Fef9d8fe3-14b4-4b49-8b14-14dd330d1ffc.gif%3Fversion%3D637527741000000000%26amp%3Bwidth%3D128%26amp%3Bheight%3D128%26amp%3Bauto%3Dwebp%26amp%3Bformat%3Dpjpg","boy"
88,"Lampeter-Strasburg vs Manheim Central",Boys Soccer,"Pennsylvania",9/28/2026,6:30pm,"The Lampeter-Strasburg varsity soccer team has an away conference match @  Manheim Central (Manheim, PA) on Monday, September 28 @ 6:30p.","/pa/soccer/match/lampeter-strasburg-vs-manheim-central/9-28-2026/?c=30d64a64-703c-42e3-9216-9ff1741a06e5","https://www.maxpreps.com/pa/soccer/match/lampeter-strasburg-vs-manheim-central/9-28-2026/?c=30d64a64-703c-42e3-9216-9ff1741a06e5","/soccer/pa/e9c?9/28/2026","Lampeter-Strasburg","Pioneers","https://www.maxpreps.com/pa/lampeter-strasburg/boys-soccer/","https://www.maxpreps.com/pa/manheim-central/boys-soccer/","https://hsfootball.net/proxy.php?url=https%3A%2F%2Fimage.maxpreps.io%2Fschool-mascot%2Fe%2F7%2Fc%2Fe7c55cbf-a6ce-424b-a7eb-d44e927365bd.gif%3Fversion%3D636638696400000000%26amp%3Bwidth%3D128%26amp%3Bheight%3D128%26amp%3Bauto%3Dwebp%26amp%3Bformat%3Dpjpg","https://hsfootball.net/proxy.php?url=https%3A%2F%2Fimage.maxpreps.io%2Fschool-mascot%2F4%2F9%2F4%2F49442236-1120-4b2c-a1f2-919da068b83f.gif%3Fversion%3D637680665400000000%26amp%3Bwidth%3D128%26amp%3Bheight%3D128%26amp%3Bauto%3Dwebp%26amp%3Bformat%3Dpjpg","boy"
89,"Mifflin County vs Palmyra",Boys Soccer,"Pennsylvania",9/28/2026,6:30pm,"The Mifflin County varsity soccer team has an away conference match @  Palmyra (PA) on Monday, September 28 @ 6:30p.","/pa/soccer/match/mifflin-county-lewistown-vs-palmyra/9-28-2026/?c=36bdd84a-b4cd-4b18-8619-2105085c6093","https://www.maxpreps.com/pa/soccer/match/mifflin-county-lewistown-vs-palmyra/9-28-2026/?c=36bdd84a-b4cd-4b18-8619-2105085c6093","/soccer/pa/e06?9/28/2026","Mifflin County","Huskies","https://www.maxpreps.com/pa/mifflin-county-lewistown/boys-soccer/","https://www.maxpreps.com/pa/palmyra/boys-soccer/","https://hsfootball.net/proxy.php?url=https%3A%2F%2Fimage.maxpreps.io%2Fschool-mascot%2F0%2Fa%2Fe%2F0aee373d-b911-4a97-8997-e016db5e744a.gif%3Fversion%3D635081013000000000%26amp%3Bwidth%3D128%26amp%3Bheight%3D128%26amp%3Bauto%3Dwebp%26amp%3Bformat%3Dpjpg","https://hsfootball.net/proxy.php?url=https%3A%2F%2Fimage.maxpreps.io%2Fschool-mascot%2F1%2F7%2F4%2F1748a9db-5bb6-4480-b6c9-815ea43a7e7d.gif%3Fversion%3D637987458600000000%26amp%3Bwidth%3D128%26amp%3Bheight%3D128%26amp%3Bauto%3Dwebp%26amp%3Bformat%3Dpjpg","boy"
90,"Brandywine Heights Area vs Berks Catholic",Boys Soccer,"Pennsylvania",9/28/2026,7:00pm,"The Brandywine Heights Area varsity soccer team has an away conference match @  Berks Catholic (Reading, PA) on Monday, September 28 @ 7p.","/pa/soccer/match/berks-catholic-blue-jays-reading-vs-brandywine-heights-area-topton/9-28-2026/?c=820e0bb4-9199-4812-8a17-0a6609aab989","https://www.maxpreps.com/pa/soccer/match/berks-catholic-blue-jays-reading-vs-brandywine-heights-area-topton/9-28-2026/?c=820e0bb4-9199-4812-8a17-0a6609aab989","/soccer/pa/1971?9/28/2026","Brandywine Heights Area","Bullets","https://www.maxpreps.com/pa/berks-catholic-blue-jays-reading/boys-soccer/","https://www.maxpreps.com/pa/brandywine-heights-area-topton/boys-soccer/","https://hsfootball.net/proxy.php?url=https%3A%2F%2Fimage.maxpreps.io%2Fschool-mascot%2Fc%2F8%2Fd%2Fc8dd4c9c-3895-4586-8e63-b81f93c4cdeb.gif%3Fversion%3D637495892400000000%26amp%3Bwidth%3D128%26amp%3Bheight%3D128%26amp%3Bauto%3Dwebp%26amp%3Bformat%3Dpjpg","https://hsfootball.net/proxy.php?url=https%3A%2F%2Fimage.maxpreps.io%2Fschool-mascot%2F7%2Fb%2Fa%2F7bafff97-dc67-45ff-980b-a692c6d4c780.gif%3Fversion%3D636256257000000000%26amp%3Bwidth%3D128%26amp%3Bheight%3D128%26amp%3Bauto%3Dwebp%26amp%3Bformat%3Dpjpg","boy"
91,"Central Cambria vs Conemaugh Township",Boys Soccer,"Pennsylvania",9/28/2026,7:00pm,"The Central Cambria varsity soccer team has an away non-conference match @  Conemaugh Township (Davidsville, PA) on Monday, September 28 @ 7p.","/pa/soccer/match/central-cambria-ebensburg-vs-conemaugh-township-davidsville/9-28-2026/?c=855985ff-f9bd-41b0-bec9-c83bcbea75e1","https://www.maxpreps.com/pa/soccer/match/central-cambria-ebensburg-vs-conemaugh-township-davidsville/9-28-2026/?c=855985ff-f9bd-41b0-bec9-c83bcbea75e1","/soccer/pa/1736?9/28/2026","Central Cambria","Red Devils","https://www.maxpreps.com/pa/central-cambria-ebensburg/boys-soccer/","https://www.maxpreps.com/pa/conemaugh-township-davidsville/boys-soccer/","https://hsfootball.net/proxy.php?url=https%3A%2F%2Fimage.maxpreps.io%2Fschool-mascot%2F1%2Fb%2Ff%2F1bfb5dac-753d-4490-82c2-7ce0945ca571.gif%3Fversion%3D637792213800000000%26amp%3Bwidth%3D128%26amp%3Bheight%3D128%26amp%3Bauto%3Dwebp%26amp%3Bformat%3Dpjpg","https://hsfootball.net/proxy.php?url=https%3A%2F%2Fimage.maxpreps.io%2Fschool-mascot%2F5%2F2%2F9%2F529be189-2b1c-4bc6-b8bc-d897cb5770b4.gif%3Fversion%3D636549771600000000%26amp%3Bwidth%3D128%26amp%3Bheight%3D128%26amp%3Bauto%3Dwebp%26amp%3Bformat%3Dpjpg","boy"
92,"Biglerville vs Pequea Valley",Boys Soccer,"Pennsylvania",9/28/2026,7:00pm,"The Biglerville varsity soccer team has an away non-conference match @  Pequea Valley (Kinzers, PA) on Monday, September 28 @ 7p.","/pa/soccer/match/biglerville-vs-pequea-valley-kinzers/9-28-2026/?c=c654684d-4216-465a-a5bb-3fd332f6e2c0","https://www.maxpreps.com/pa/soccer/match/biglerville-vs-pequea-valley-kinzers/9-28-2026/?c=c654684d-4216-465a-a5bb-3fd332f6e2c0","/soccer/pa/e42?9/28/2026","Biglerville","Canners","https://www.maxpreps.com/pa/biglerville/boys-soccer/","https://www.maxpreps.com/pa/pequea-valley-kinzers/boys-soccer/","https://hsfootball.net/proxy.php?url=https%3A%2F%2Fimage.maxpreps.io%2Fschool-mascot%2F1%2Fe%2Fa%2F1eacad33-5cb4-4e8f-9827-d8e34a8dc347.gif%3Fversion%3D635453682000000000%26amp%3Bwidth%3D128%26amp%3Bheight%3D128%26amp%3Bauto%3Dwebp%26amp%3Bformat%3Dpjpg","https://hsfootball.net/proxy.php?url=https%3A%2F%2Fimage.maxpreps.io%2Fschool-mascot%2F0%2F5%2F3%2F053534a2-60b0-44fd-909b-1281520fb6be.gif%3Fversion%3D637354143000000000%26amp%3Bwidth%3D128%26amp%3Bheight%3D128%26amp%3Bauto%3Dwebp%26amp%3Bformat%3Dpjpg","boy"
93,"Shamokin Area vs Midd-West",Boys Soccer,"Pennsylvania",9/28/2026,7:00pm,"The Shamokin Area varsity soccer team has an away conference match @  Midd-West (Middleburg, PA) on Monday, September 28 @ 7p.","/pa/soccer/match/midd-west-middleburg-vs-shamokin-area-coal-township/9-28-2026/?c=f77c8e94-0ca5-4f14-bc32-3123de5c072f","https://www.maxpreps.com/pa/soccer/match/midd-west-middleburg-vs-shamokin-area-coal-township/9-28-2026/?c=f77c8e94-0ca5-4f14-bc32-3123de5c072f","/soccer/pa/13b2?9/28/2026","Shamokin Area","Indians","https://www.maxpreps.com/pa/midd-west-middleburg/boys-soccer/","https://www.maxpreps.com/pa/shamokin-area-coal-township/boys-soccer/","https://hsfootball.net/proxy.php?url=https%3A%2F%2Fimage.maxpreps.io%2Fschool-mascot%2F9%2Fc%2F3%2F9c33c3d5-d646-482e-8f1a-eaf0b2137723.gif%3Fversion%3D638004986400000000%26amp%3Bwidth%3D128%26amp%3Bheight%3D128%26amp%3Bauto%3Dwebp%26amp%3Bformat%3Dpjpg","https://hsfootball.net/proxy.php?url=https%3A%2F%2Fimage.maxpreps.io%2Fschool-mascot%2Fa%2F3%2F0%2Fa30fb363-3be8-451a-a8d6-4dc4f2af5840.gif%3Fversion%3D636681174600000000%26amp%3Bwidth%3D128%26amp%3Bheight%3D128%26amp%3Bauto%3Dwebp%26amp%3Bformat%3Dpjpg","boy"
94,"Hickory vs Greenville",Boys Soccer,"Pennsylvania",9/28/2026,7:00pm,"The Hickory varsity soccer team has an away conference match @  Greenville (PA) on Monday, September 28 @ 7p.","/pa/soccer/match/greenville-vs-hickory-hermitage/9-28-2026/?c=3154d34e-6c0a-4254-8136-108e05ee0e57","https://www.maxpreps.com/pa/soccer/match/greenville-vs-hickory-hermitage/9-28-2026/?c=3154d34e-6c0a-4254-8136-108e05ee0e57","/soccer/pa/c4c?9/28/2026","Hickory","Hornets","https://www.maxpreps.com/pa/greenville/boys-soccer/","https://www.maxpreps.com/pa/hickory-hermitage/boys-soccer/","https://hsfootball.net/proxy.php?url=https%3A%2F%2Fimage.maxpreps.io%2Fschool-mascot%2Fb%2F1%2F8%2Fb183e9df-c0c0-48c4-8050-98772ea716a7.gif%3Fversion%3D637407704400000000%26amp%3Bwidth%3D128%26amp%3Bheight%3D128%26amp%3Bauto%3Dwebp%26amp%3Bformat%3Dpjpg","https://hsfootball.net/proxy.php?url=https%3A%2F%2Fimage.maxpreps.io%2Fschool-mascot%2Fa%2F4%2F8%2Fa4856548-7b6e-4741-b1f0-b7e758142624.gif%3Fversion%3D635984019000000000%26amp%3Bwidth%3D128%26amp%3Bheight%3D128%26amp%3Bauto%3Dwebp%26amp%3Bformat%3Dpjpg","boy"
95,"Muhlenberg vs Twin Valley",Boys Soccer,"Pennsylvania",9/28/2026,7:00pm,"The Muhlenberg varsity soccer team has an away non-conference match @  Twin Valley (Elverson, PA) on Monday, September 28 @ 7p.","/pa/soccer/match/muhlenberg-laureldale-vs-twin-valley-elverson/9-28-2026/?c=2074cab6-47b1-4561-8d45-17e2e2debc14","https://www.maxpreps.com/pa/soccer/match/muhlenberg-laureldale-vs-twin-valley-elverson/9-28-2026/?c=2074cab6-47b1-4561-8d45-17e2e2debc14","/soccer/pa/11cb?9/28/2026","Muhlenberg","Muhls","https://www.maxpreps.com/pa/muhlenberg-laureldale/boys-soccer/","https://www.maxpreps.com/pa/twin-valley-elverson/boys-soccer/","https://hsfootball.net/proxy.php?url=https%3A%2F%2Fimage.maxpreps.io%2Fschool-mascot%2F0%2F7%2F1%2F071376b5-df65-4eb0-a4a8-0c4cebc460ff.gif%3Fversion%3D637697132400000000%26amp%3Bwidth%3D128%26amp%3Bheight%3D128%26amp%3Bauto%3Dwebp%26amp%3Bformat%3Dpjpg","https://hsfootball.net/proxy.php?url=https%3A%2F%2Fimage.maxpreps.io%2Fschool-mascot%2F1%2F7%2F6%2F176fb281-ee97-47f0-8e64-b10e9721ab36.gif%3Fversion%3D635690896200000000%26amp%3Bwidth%3D128%26amp%3Bheight%3D128%26amp%3Bauto%3Dwebp%26amp%3Bformat%3Dpjpg","boy"
96,"Punxsutawney vs Brookville",Boys Soccer,"Pennsylvania",9/28/2026,7:00pm,"The Punxsutawney varsity soccer team has an away non-conference match @  Brookville (PA) on Monday, September 28 @ 7p.","/pa/soccer/match/brookville-vs-punxsutawney/9-28-2026/?c=c6023eae-a0c3-4eb5-8851-c371ea9d6785","https://www.maxpreps.com/pa/soccer/match/brookville-vs-punxsutawney/9-28-2026/?c=c6023eae-a0c3-4eb5-8851-c371ea9d6785","/soccer/pa/ac7?9/28/2026","Punxsutawney","Chucks","https://www.maxpreps.com/pa/brookville/boys-soccer/","https://www.maxpreps.com/pa/punxsutawney/boys-soccer/","https://hsfootball.net/proxy.php?url=https%3A%2F%2Fimage.maxpreps.io%2Fschool-mascot%2F2%2Ff%2F9%2F2f969fbd-997f-42ba-9af5-3080ee9497a4.gif%3Fversion%3D635990031000000000%26amp%3Bwidth%3D128%26amp%3Bheight%3D128%26amp%3Bauto%3Dwebp%26amp%3Bformat%3Dpjpg","https://hsfootball.net/proxy.php?url=https%3A%2F%2Fimage.maxpreps.io%2Fschool-mascot%2F1%2F5%2Fb%2F15bda7cb-dbb1-46df-8383-56ed389925a6.gif%3Fversion%3D637348600200000000%26amp%3Bwidth%3D128%26amp%3Bheight%3D128%26amp%3Bauto%3Dwebp%26amp%3Bformat%3Dpjpg","boy"
97,"West Middlesex vs Wilmington",Boys Soccer,"Pennsylvania",9/28/2026,7:00pm,"The West Middlesex varsity soccer team has an away conference match @  Wilmington (New Wilmington, PA) on Monday, September 28 @ 7p.","/pa/soccer/match/west-middlesex-vs-wilmington-new-wilmington/9-28-2026/?c=dedfe5c7-d0e0-4ef5-9436-28776028fc7b","https://www.maxpreps.com/pa/soccer/match/west-middlesex-vs-wilmington-new-wilmington/9-28-2026/?c=dedfe5c7-d0e0-4ef5-9436-28776028fc7b","/soccer/pa/1126?9/28/2026","West Middlesex","Big Reds","https://www.maxpreps.com/pa/west-middlesex/boys-soccer/","https://www.maxpreps.com/pa/wilmington-new-wilmington/boys-soccer/","https://hsfootball.net/proxy.php?url=https%3A%2F%2Fimage.maxpreps.io%2Fschool-mascot%2F0%2Fb%2F1%2F0b1d8399-b9df-413d-8740-bb2bddc942c1.gif%3Fversion%3D634279183200000000%26amp%3Bwidth%3D128%26amp%3Bheight%3D128%26amp%3Bauto%3Dwebp%26amp%3Bformat%3Dpjpg","https://hsfootball.net/proxy.php?url=https%3A%2F%2Fimage.maxpreps.io%2Fschool-mascot%2Fd%2F0%2Fc%2Fd0c9367b-e8a8-4214-9e68-2354d91280f7.gif%3Fversion%3D636571321200000000%26amp%3Bwidth%3D128%26amp%3Bheight%3D128%26amp%3Bauto%3Dwebp%26amp%3Bformat%3Dpjpg","boy"
98,"Lewisburg vs Milton",Boys Soccer,"Pennsylvania",9/28/2026,7:00pm,"The Lewisburg varsity soccer team has an away conference match @  Milton (PA) on Monday, September 28 @ 7p.","/pa/soccer/match/lewisburg-vs-milton/9-28-2026/?c=f428656f-9431-4b22-a323-de9092e8b88e","https://www.maxpreps.com/pa/soccer/match/lewisburg-vs-milton/9-28-2026/?c=f428656f-9431-4b22-a323-de9092e8b88e","/soccer/pa/7aa?9/28/2026","Lewisburg","Green Dragons","https://www.maxpreps.com/pa/lewisburg/boys-soccer/","https://www.maxpreps.com/pa/milton/boys-soccer/","https://hsfootball.net/proxy.php?url=https%3A%2F%2Fimage.maxpreps.io%2Fschool-mascot%2Fa%2F0%2F8%2Fa0886a02-9a80-4956-a293-4aefc5acb0e8.gif%3Fversion%3D636255420600000000%26amp%3Bwidth%3D128%26amp%3Bheight%3D128%26amp%3Bauto%3Dwebp%26amp%3Bformat%3Dpjpg","https://hsfootball.net/proxy.php?url=https%3A%2F%2Fimage.maxpreps.io%2Fschool-mascot%2Ff%2Fe%2Fd%2Ffeddb50f-52e2-4aeb-8349-d20bd548b3e5.gif%3Fversion%3D636449655600000000%26amp%3Bwidth%3D128%26amp%3Bheight%3D128%26amp%3Bauto%3Dwebp%26amp%3Bformat%3Dpjpg","boy"
99,"Oxford vs Coatesville",Boys Soccer,"Pennsylvania",9/28/2026,7:00pm,"The Oxford varsity soccer team has an away non-conference match @  Coatesville (PA) on Monday, September 28 @ 7p.","/pa/soccer/match/coatesville-vs-oxford/9-28-2026/?c=32e411fe-f1a7-42c0-8cab-d17179e663e9","https://www.maxpreps.com/pa/soccer/match/coatesville-vs-oxford/9-28-2026/?c=32e411fe-f1a7-42c0-8cab-d17179e663e9","/soccer/pa/870?9/28/2026","Oxford","Hornets","https://www.maxpreps.com/pa/coatesville/boys-soccer/","https://www.maxpreps.com/pa/oxford/boys-soccer/","https://hsfootball.net/proxy.php?url=https%3A%2F%2Fimage.maxpreps.io%2Fschool-mascot%2Fe%2F3%2F3%2Fe3394682-6718-44dd-a2f8-c3708223a0f5.gif%3Fversion%3D636606863400000000%26amp%3Bwidth%3D128%26amp%3Bheight%3D128%26amp%3Bauto%3Dwebp%26amp%3Bformat%3Dpjpg","https://hsfootball.net/proxy.php?url=https%3A%2F%2Fimage.maxpreps.io%2Fschool-mascot%2Fd%2F5%2F8%2Fd5861ecf-76c5-44ee-80bf-b255d49fd138.gif%3Fversion%3D637662607800000000%26amp%3Bwidth%3D128%26amp%3Bheight%3D128%26amp%3Bauto%3Dwebp%26amp%3Bformat%3Dpjpg","boy"
100,"Palisades vs Bangor",Boys Soccer,"Pennsylvania",9/28/2026,7:00pm,"The Palisades varsity soccer team has an away conference match @  Bangor (PA) on Monday, September 28 @ 7p.","/pa/soccer/match/bangor-vs-palisades-kintnersville/9-28-2026/?c=98e45df2-a443-4f87-a04b-14b044c21896","https://www.maxpreps.com/pa/soccer/match/bangor-vs-palisades-kintnersville/9-28-2026/?c=98e45df2-a443-4f87-a04b-14b044c21896","/soccer/pa/d29?9/28/2026","Palisades","Pirates","https://www.maxpreps.com/pa/bangor/boys-soccer/","https://www.maxpreps.com/pa/palisades-kintnersville/boys-soccer/","https://hsfootball.net/proxy.php?url=https%3A%2F%2Fimage.maxpreps.io%2Fschool-mascot%2F3%2F9%2F5%2F395701c5-cc31-4c00-bafe-c2b15e676d24.gif%3Fversion%3D634818994200000000%26amp%3Bwidth%3D128%26amp%3Bheight%3D128%26amp%3Bauto%3Dwebp%26amp%3Bformat%3Dpjpg","https://hsfootball.net/proxy.php?url=https%3A%2F%2Fimage.maxpreps.io%2Fschool-mascot%2F8%2F3%2Fc%2F83c74438-cb2c-4e90-8fe5-dd4698825fd0.gif%3Fversion%3D637182967800000000%26amp%3Bwidth%3D128%26amp%3Bheight%3D128%26amp%3Bauto%3Dwebp%26amp%3Bformat%3Dpjpg","boy"
101,"Exeter Township vs Daniel Boone",Boys Soccer,"Pennsylvania",9/28/2026,7:00pm,"The Exeter Township varsity soccer team has an away conference match @  Daniel Boone (Birdsboro, PA) on Monday, September 28 @ 7p.","/pa/soccer/match/daniel-boone-birdsboro-vs-exeter-township-reading/9-28-2026/?c=0e5ccecd-49f6-451f-a5c1-c75eb61f97c6","https://www.maxpreps.com/pa/soccer/match/daniel-boone-birdsboro-vs-exeter-township-reading/9-28-2026/?c=0e5ccecd-49f6-451f-a5c1-c75eb61f97c6","/soccer/pa/1320?9/28/2026","Exeter Township","Eagles","https://www.maxpreps.com/pa/daniel-boone-birdsboro/boys-soccer/","https://www.maxpreps.com/pa/exeter-township-reading/boys-soccer/","https://hsfootball.net/proxy.php?url=https%3A%2F%2Fimage.maxpreps.io%2Fschool-mascot%2F8%2F2%2Fb%2F82b6e182-5ef8-4517-ae9c-c5ecd6e7b66f.gif%3Fversion%3D636862675200000000%26amp%3Bwidth%3D128%26amp%3Bheight%3D128%26amp%3Bauto%3Dwebp%26amp%3Bformat%3Dpjpg","https://hsfootball.net/proxy.php?url=https%3A%2F%2Fimage.maxpreps.io%2Fschool-mascot%2F8%2F1%2F0%2F8108e0b5-812f-4fa6-b93c-0bda7ff5422f.gif%3Fversion%3D637703355600000000%26amp%3Bwidth%3D128%26amp%3Bheight%3D128%26amp%3Bauto%3Dwebp%26amp%3Bformat%3Dpjpg","boy"
102,"Bishop Carroll vs United",Boys Soccer,"Pennsylvania",9/28/2026,7:00pm,"The Bishop Carroll varsity soccer team has an away non-conference match @  United (Armagh, PA) on Monday, September 28 @ 7p.","/pa/soccer/match/bishop-carroll-ebensburg-vs-united-armagh/9-28-2026/?c=ec9826d2-0d69-48e5-879f-5b65dc4e5f54","https://www.maxpreps.com/pa/soccer/match/bishop-carroll-ebensburg-vs-united-armagh/9-28-2026/?c=ec9826d2-0d69-48e5-879f-5b65dc4e5f54","/soccer/pa/ff4?9/28/2026","Bishop Carroll","Huskies","https://www.maxpreps.com/pa/bishop-carroll-ebensburg/boys-soccer/","https://www.maxpreps.com/pa/united-armagh/boys-soccer/","https://hsfootball.net/proxy.php?url=https%3A%2F%2Fimage.maxpreps.io%2Fschool-mascot%2F8%2Fb%2F2%2F8b2f3b18-3385-4b7d-a7aa-226473cb7086.gif%3Fversion%3D637692798600000000%26amp%3Bwidth%3D128%26amp%3Bheight%3D128%26amp%3Bauto%3Dwebp%26amp%3Bformat%3Dpjpg","https://hsfootball.net/proxy.php?url=https%3A%2F%2Fimage.maxpreps.io%2Fschool-mascot%2F8%2Fb%2F2%2F8b2f3b18-3385-4b7d-a7aa-226473cb7086.gif%3Fversion%3D637692798600000000%26amp%3Bwidth%3D32%26amp%3Bheight%3D32%26amp%3Bauto%3Dwebp%26amp%3Bformat%3Dpjpg","boy"
103,"Great Valley vs Avon Grove",Boys Soccer,"Pennsylvania",9/28/2026,7:00pm,"The Great Valley varsity soccer team has an away non-conference match @  Avon Grove (West Grove, PA) on Monday, September 28 @ 7p.","/pa/soccer/match/avon-grove-west-grove-vs-great-valley-malvern/9-28-2026/?c=81dbc22d-0e59-4619-a321-197c80ea99f8","https://www.maxpreps.com/pa/soccer/match/avon-grove-west-grove-vs-great-valley-malvern/9-28-2026/?c=81dbc22d-0e59-4619-a321-197c80ea99f8","/soccer/pa/1176?9/28/2026","Great Valley","Patriots","https://www.maxpreps.com/pa/avon-grove-west-grove/boys-soccer/","https://www.maxpreps.com/pa/great-valley-malvern/boys-soccer/","https://hsfootball.net/proxy.php?url=https%3A%2F%2Fimage.maxpreps.io%2Fschool-mascot%2Fe%2F0%2Fa%2Fe0ad4c69-e1b6-404d-b777-2d845d083874.gif%3Fversion%3D637703356200000000%26amp%3Bwidth%3D128%26amp%3Bheight%3D128%26amp%3Bauto%3Dwebp%26amp%3Bformat%3Dpjpg","https://hsfootball.net/proxy.php?url=https%3A%2F%2Fimage.maxpreps.io%2Fschool-mascot%2F5%2F1%2F1%2F51135525-e587-46ba-a2b8-fe47e8d7682e.gif%3Fversion%3D638343622200000000%26amp%3Bwidth%3D128%26amp%3Bheight%3D128%26amp%3Bauto%3Dwebp%26amp%3Bformat%3Dpjpg","boy"
104,"Warrior Run vs Central Mountain",Boys Soccer,"Pennsylvania",9/28/2026,7:00pm,"The Warrior Run varsity soccer team has an away non-conference match @  Central Mountain (Mill Hall, PA) on Monday, September 28 @ 7p.","/pa/soccer/match/central-mountain-mill-hall-vs-warrior-run-eagles-turbotville/9-28-2026/?c=c9996dca-7b63-405f-95e1-eded78354a18","https://www.maxpreps.com/pa/soccer/match/central-mountain-mill-hall-vs-warrior-run-eagles-turbotville/9-28-2026/?c=c9996dca-7b63-405f-95e1-eded78354a18","/soccer/pa/177c?9/28/2026","Warrior Run","Defenders","https://www.maxpreps.com/pa/central-mountain-mill-hall/boys-soccer/","https://www.maxpreps.com/pa/warrior-run-eagles-turbotville/boys-soccer/","https://hsfootball.net/proxy.php?url=https%3A%2F%2Fimage.maxpreps.io%2Fschool-mascot%2F6%2Fa%2Ff%2F6af06019-e056-43b0-b0e3-32334ea55273.gif%3Fversion%3D637354144200000000%26amp%3Bwidth%3D128%26amp%3Bheight%3D128%26amp%3Bauto%3Dwebp%26amp%3Bformat%3Dpjpg","https://hsfootball.net/proxy.php?url=https%3A%2F%2Fimage.maxpreps.io%2Fschool-mascot%2F4%2F4%2F5%2F445f69c4-e185-4d25-bf7a-4ba2eb8ef479.gif%3Fversion%3D637647009000000000%26amp%3Bwidth%3D128%26amp%3Bheight%3D128%26amp%3Bauto%3Dwebp%26amp%3Bformat%3Dpjpg","boy"
105,"Kutztown vs Schuylkill Valley",Boys Soccer,"Pennsylvania",9/28/2026,7:00pm,"The Kutztown varsity soccer team has an away non-conference match @  Schuylkill Valley (Leesport, PA) on Monday, September 28 @ 7p.","/pa/soccer/match/kutztown-vs-schuylkill-valley-leesport/9-28-2026/?c=3992836f-5ac0-4bd5-872b-152e8d751cc5","https://www.maxpreps.com/pa/soccer/match/kutztown-vs-schuylkill-valley-leesport/9-28-2026/?c=3992836f-5ac0-4bd5-872b-152e8d751cc5","/soccer/pa/f72?9/28/2026","Kutztown","Cougars","https://www.maxpreps.com/pa/kutztown/boys-soccer/","https://www.maxpreps.com/pa/schuylkill-valley-leesport/boys-soccer/","https://hsfootball.net/proxy.php?url=https%3A%2F%2Fimage.maxpreps.io%2Fschool-mascot%2F8%2F0%2Fc%2F80c6edfd-e46b-4618-a3b9-f8f62b5f5582.gif%3Fversion%3D637697131200000000%26amp%3Bwidth%3D128%26amp%3Bheight%3D128%26amp%3Bauto%3Dwebp%26amp%3Bformat%3Dpjpg","https://hsfootball.net/proxy.php?url=https%3A%2F%2Fimage.maxpreps.io%2Fschool-mascot%2Fd%2F1%2F2%2Fd123c062-ea68-476f-a4ac-3b8cae09a616.gif%3Fversion%3D635839653600000000%26amp%3Bwidth%3D128%26amp%3Bheight%3D128%26amp%3Bauto%3Dwebp%26amp%3Bformat%3Dpjpg","boy"
106,"Cocalico vs Conestoga Valley",Boys Soccer,"Pennsylvania",9/28/2026,7:00pm,"The Cocalico varsity soccer team has an away conference match @  Conestoga Valley (Lancaster, PA) on Monday, September 28 @ 7p.","/pa/soccer/match/cocalico-denver-vs-conestoga-valley-lancaster/9-28-2026/?c=384b3dfd-4156-4dd5-bec8-f60a6cf457c3","https://www.maxpreps.com/pa/soccer/match/cocalico-denver-vs-conestoga-valley-lancaster/9-28-2026/?c=384b3dfd-4156-4dd5-bec8-f60a6cf457c3","/soccer/pa/1198?9/28/2026","Cocalico","Eagles","https://www.maxpreps.com/pa/cocalico-denver/boys-soccer/","https://www.maxpreps.com/pa/conestoga-valley-lancaster/boys-soccer/","https://hsfootball.net/proxy.php?url=https%3A%2F%2Fimage.maxpreps.io%2Fschool-mascot%2F4%2Fb%2Fe%2F4be2decc-dccd-42e5-89bb-5ccea9be34b0.gif%3Fversion%3D635447088600000000%26amp%3Bwidth%3D128%26amp%3Bheight%3D128%26amp%3Bauto%3Dwebp%26amp%3Bformat%3Dpjpg","https://hsfootball.net/proxy.php?url=https%3A%2F%2Fimage.maxpreps.io%2Fschool-mascot%2Fa%2Fe%2F4%2Fae4c279a-dbb3-4ff6-b81d-9d22b13ac9d3.gif%3Fversion%3D636462474600000000%26amp%3Bwidth%3D128%26amp%3Bheight%3D128%26amp%3Bauto%3Dwebp%26amp%3Bformat%3Dpjpg","boy"
107,"Ringgold vs Bentworth",Boys Soccer,"Pennsylvania",9/28/2026,7:00pm,"The Ringgold varsity soccer team has an away non-conference match @  Bentworth (Bentleyville, PA) on Monday, September 28 @ 7p.","/pa/soccer/match/bentworth-bentleyville-vs-ringgold-monongahela/9-28-2026/?c=a6c81ea3-50a7-46b6-af92-cb50a46f2946","https://www.maxpreps.com/pa/soccer/match/bentworth-bentleyville-vs-ringgold-monongahela/9-28-2026/?c=a6c81ea3-50a7-46b6-af92-cb50a46f2946","/soccer/pa/1268?9/28/2026","Ringgold","Rams","https://www.maxpreps.com/pa/bentworth-bentleyville/boys-soccer/","https://www.maxpreps.com/pa/ringgold-monongahela/boys-soccer/","https://hsfootball.net/proxy.php?url=https%3A%2F%2Fimage.maxpreps.io%2Fschool-mascot%2F3%2F4%2Fe%2F34e2aa8c-9cc2-416b-a1ef-ab190008e30a.gif%3Fversion%3D637775741400000000%26amp%3Bwidth%3D128%26amp%3Bheight%3D128%26amp%3Bauto%3Dwebp%26amp%3Bformat%3Dpjpg","https://hsfootball.net/proxy.php?url=https%3A%2F%2Fimage.maxpreps.io%2Fschool-mascot%2Fa%2F4%2Fb%2Fa4b2976f-e5f0-42b8-95e8-833035e111fd.gif%3Fversion%3D639076948761203460%26amp%3Bwidth%3D128%26amp%3Bheight%3D128%26amp%3Bauto%3Dwebp%26amp%3Bformat%3Dpjpg","boy"
108,"Sharon vs Slippery Rock",Boys Soccer,"Pennsylvania",9/28/2026,7:00pm,"The Sharon varsity soccer team has an away conference match @  Slippery Rock (PA) on Monday, September 28 @ 7p.","/pa/soccer/match/sharon-vs-slippery-rock/9-28-2026/?c=0fd7d875-5381-42b5-8444-3fda8ea22fd5","https://www.maxpreps.com/pa/soccer/match/sharon-vs-slippery-rock/9-28-2026/?c=0fd7d875-5381-42b5-8444-3fda8ea22fd5","/soccer/pa/922?9/28/2026","Sharon","Tigers","https://www.maxpreps.com/pa/sharon/boys-soccer/","https://www.maxpreps.com/pa/slippery-rock/boys-soccer/","https://hsfootball.net/proxy.php?url=https%3A%2F%2Fimage.maxpreps.io%2Fschool-mascot%2Fd%2F5%2F7%2Fd574bbc9-6d97-4b76-83f8-2236ab5edb7d.gif%3Fversion%3D634890817800000000%26amp%3Bwidth%3D128%26amp%3Bheight%3D128%26amp%3Bauto%3Dwebp%26amp%3Bformat%3Dpjpg","https://hsfootball.net/proxy.php?url=https%3A%2F%2Fimage.maxpreps.io%2Fschool-mascot%2F5%2F6%2Fe%2F56eb9fda-499e-4098-9cc3-c163e3696ce9.gif%3Fversion%3D636396037800000000%26amp%3Bwidth%3D128%26amp%3Bheight%3D128%26amp%3Bauto%3Dwebp%26amp%3Bformat%3Dpjpg","boy"
109,"Quakertown vs Upper Moreland",Boys Soccer,"Pennsylvania",9/28/2026,7:00pm,"The Quakertown varsity soccer team has an away non-conference match @  Upper Moreland (Willow Grove, PA) on Monday, September 28 @ 7p.","/pa/soccer/match/quakertown-vs-upper-moreland-willow-grove/9-28-2026/?c=176697a0-f584-4a11-b27a-2d4be9b2f9a2","https://www.maxpreps.com/pa/soccer/match/quakertown-vs-upper-moreland-willow-grove/9-28-2026/?c=176697a0-f584-4a11-b27a-2d4be9b2f9a2","/soccer/pa/105a?9/28/2026","Quakertown","Panthers","https://www.maxpreps.com/pa/quakertown/boys-soccer/","https://www.maxpreps.com/pa/upper-moreland-willow-grove/boys-soccer/","https://hsfootball.net/proxy.php?url=https%3A%2F%2Fimage.maxpreps.io%2Fschool-mascot%2Fa%2F3%2F8%2Fa389552d-7d59-467e-87d7-23c48fa4ae97.gif%3Fversion%3D637709107800000000%26amp%3Bwidth%3D128%26amp%3Bheight%3D128%26amp%3Bauto%3Dwebp%26amp%3Bformat%3Dpjpg","https://hsfootball.net/proxy.php?url=https%3A%2F%2Fimage.maxpreps.io%2Fschool-mascot%2F4%2Ff%2Fc%2F4fc7a573-3d4c-432f-a8ad-872984591d8a.gif%3Fversion%3D639186026562188530%26amp%3Bwidth%3D128%26amp%3Bheight%3D128%26amp%3Bauto%3Dwebp%26amp%3Bformat%3Dpjpg","boy"
110,"Northern Bedford County vs North Star",Boys Soccer,"Pennsylvania",9/28/2026,7:00pm,"The Northern Bedford County varsity soccer team has an away conference match @  North Star (Boswell, PA) on Monday, September 28 @ 7p.","/pa/soccer/match/north-star-boswell-vs-northern-bedford-county-loysburg/9-28-2026/?c=80fe6338-c186-4fa3-83f4-b17ff6f52c10","https://www.maxpreps.com/pa/soccer/match/north-star-boswell-vs-northern-bedford-county-loysburg/9-28-2026/?c=80fe6338-c186-4fa3-83f4-b17ff6f52c10","/soccer/pa/1560?9/28/2026","Northern Bedford County","Panthers","https://www.maxpreps.com/pa/north-star-boswell/boys-soccer/","https://www.maxpreps.com/pa/northern-bedford-county-loysburg/boys-soccer/","https://hsfootball.net/proxy.php?url=https%3A%2F%2Fimage.maxpreps.io%2Fschool-mascot%2F5%2F1%2Fa%2F51a18ce6-66b8-417c-b915-e8e29f0a8ae8.gif%3Fversion%3D637792639800000000%26amp%3Bwidth%3D128%26amp%3Bheight%3D128%26amp%3Bauto%3Dwebp%26amp%3Bformat%3Dpjpg","https://hsfootball.net/proxy.php?url=https%3A%2F%2Fimage.maxpreps.io%2Fschool-mascot%2F5%2Fd%2Ff%2F5df40aec-71c4-4476-a4a5-607bee17684f.gif%3Fversion%3D637709325600000000%26amp%3Bwidth%3D128%26amp%3Bheight%3D128%26amp%3Bauto%3Dwebp%26amp%3Bformat%3Dpjpg","boy"
111,"Kennett vs East",Boys Soccer,"Pennsylvania",9/28/2026,7:00pm,"The Kennett varsity soccer team has an away non-conference match @  East (West Chester, PA) on Monday, September 28 @ 7p.","/pa/soccer/match/east-west-chester-vs-kennett-kennett-square/9-28-2026/?c=89729260-c9bd-4397-b85a-c8073de48e72","https://www.maxpreps.com/pa/soccer/match/east-west-chester-vs-kennett-kennett-square/9-28-2026/?c=89729260-c9bd-4397-b85a-c8073de48e72","/soccer/pa/10d8?9/28/2026","Kennett","Blue Demons","https://www.maxpreps.com/pa/east-west-chester/boys-soccer/","https://www.maxpreps.com/pa/kennett-kennett-square/boys-soccer/","https://hsfootball.net/proxy.php?url=https%3A%2F%2Fimage.maxpreps.io%2Fschool-mascot%2Fa%2Ff%2Fd%2Fafd39821-3f55-4289-8419-bb79319081dc.gif%3Fversion%3D634835421600000000%26amp%3Bwidth%3D128%26amp%3Bheight%3D128%26amp%3Bauto%3Dwebp%26amp%3Bformat%3Dpjpg","https://hsfootball.net/proxy.php?url=https%3A%2F%2Fimage.maxpreps.io%2Fschool-mascot%2F4%2F0%2F6%2F406921cd-2bea-4eb9-9b41-6d233f5f66dd.gif%3Fversion%3D636249483600000000%26amp%3Bwidth%3D128%26amp%3Bheight%3D128%26amp%3Bauto%3Dwebp%26amp%3Bformat%3Dpjpg","boy"
112,"Unionville vs Sun Valley",Boys Soccer,"Pennsylvania",9/28/2026,7:00pm,"The Unionville varsity soccer team has an away conference match @  Sun Valley (Aston, PA) on Monday, September 28 @ 7p.","/pa/soccer/match/sun-valley-aston-vs-unionville-kennett-square/9-28-2026/?c=7e404e8b-e6e5-4ea3-868f-71b3b4d54dcc","https://www.maxpreps.com/pa/soccer/match/sun-valley-aston-vs-unionville-kennett-square/9-28-2026/?c=7e404e8b-e6e5-4ea3-868f-71b3b4d54dcc","/soccer/pa/11ce?9/28/2026","Unionville","Longhorns","https://www.maxpreps.com/pa/sun-valley-aston/boys-soccer/","https://www.maxpreps.com/pa/unionville-kennett-square/boys-soccer/","https://hsfootball.net/proxy.php?url=https%3A%2F%2Fimage.maxpreps.io%2Fschool-mascot%2F4%2F5%2F2%2F45279b3c-e449-4f52-ac55-a5b001fb8c63.gif%3Fversion%3D637520791200000000%26amp%3Bwidth%3D128%26amp%3Bheight%3D128%26amp%3Bauto%3Dwebp%26amp%3Bformat%3Dpjpg","https://hsfootball.net/proxy.php?url=https%3A%2F%2Fimage.maxpreps.io%2Fschool-mascot%2F2%2F0%2F1%2F2011353f-b2ec-43b3-821f-79f50df5368e.gif%3Fversion%3D634741460400000000%26amp%3Bwidth%3D128%26amp%3Bheight%3D128%26amp%3Bauto%3Dwebp%26amp%3Bformat%3Dpjpg","boy"
113,"Shikellamy vs Selinsgrove",Boys Soccer,"Pennsylvania",9/28/2026,7:00pm,"The Shikellamy varsity soccer team has an away conference match @  Selinsgrove (PA) on Monday, September 28 @ 7p.","/pa/soccer/match/selinsgrove-vs-shikellamy-sunbury/9-28-2026/?c=745cb7c0-5e36-4411-a8d8-af89a7087924","https://www.maxpreps.com/pa/soccer/match/selinsgrove-vs-shikellamy-sunbury/9-28-2026/?c=745cb7c0-5e36-4411-a8d8-af89a7087924","/soccer/pa/d6c?9/28/2026","Shikellamy","Braves","https://www.maxpreps.com/pa/selinsgrove/boys-soccer/","https://www.maxpreps.com/pa/shikellamy-sunbury/boys-soccer/","https://hsfootball.net/proxy.php?url=https%3A%2F%2Fimage.maxpreps.io%2Fschool-mascot%2F3%2Fd%2F8%2F3d82ddfb-f623-4430-9fd7-440393c4ddd4.gif%3Fversion%3D636590348400000000%26amp%3Bwidth%3D128%26amp%3Bheight%3D128%26amp%3Bauto%3Dwebp%26amp%3Bformat%3Dpjpg","https://hsfootball.net/proxy.php?url=https%3A%2F%2Fimage.maxpreps.io%2Fschool-mascot%2F7%2F2%2Fb%2F72bec566-c8db-4cf0-a210-cf3649bd161d.gif%3Fversion%3D637539908400000000%26amp%3Bwidth%3D128%26amp%3Bheight%3D128%26amp%3Bauto%3Dwebp%26amp%3Bformat%3Dpjpg","boy"
114,"Donegal vs Northern Lebanon",Boys Soccer,"Pennsylvania",9/28/2026,7:00pm,"The Donegal varsity soccer team has an away conference match @  Northern Lebanon (Fredericksburg, PA) on Monday, September 28 @ 7p.","/pa/soccer/match/donegal-mt-joy-vs-northern-lebanon-fredericksburg/9-28-2026/?c=26e25746-3578-4ea4-8f50-8f90eb56d197","https://www.maxpreps.com/pa/soccer/match/donegal-mt-joy-vs-northern-lebanon-fredericksburg/9-28-2026/?c=26e25746-3578-4ea4-8f50-8f90eb56d197","/soccer/pa/1325?9/28/2026","Donegal","Indians","https://www.maxpreps.com/pa/donegal-mt-joy/boys-soccer/","https://www.maxpreps.com/pa/northern-lebanon-fredericksburg/boys-soccer/","https://hsfootball.net/proxy.php?url=https%3A%2F%2Fimage.maxpreps.io%2Fschool-mascot%2F7%2Fa%2F6%2F7a61f4eb-2ec3-4afe-90f7-ee2de0cb0d0d.gif%3Fversion%3D636752109600000000%26amp%3Bwidth%3D128%26amp%3Bheight%3D128%26amp%3Bauto%3Dwebp%26amp%3Bformat%3Dpjpg","https://hsfootball.net/proxy.php?url=https%3A%2F%2Fimage.maxpreps.io%2Fschool-mascot%2Fc%2Fe%2Ff%2Fcefbbcad-7046-4b3c-99cf-a0a591716a45.gif%3Fversion%3D638302204800000000%26amp%3Bwidth%3D128%26amp%3Bheight%3D128%26amp%3Bauto%3Dwebp%26amp%3Bformat%3Dpjpg","boy"
115,"Lower Dauphin vs East Pennsboro",Boys Soccer,"Pennsylvania",9/28/2026,7:00pm,"The Lower Dauphin varsity soccer team has an away conference match @  East Pennsboro (Enola, PA) on Monday, September 28 @ 7p.","/pa/soccer/match/east-pennsboro-enola-vs-lower-dauphin-hummelstown/9-28-2026/?c=ce8b157c-828a-4c43-8470-dff0123cedb6","https://www.maxpreps.com/pa/soccer/match/east-pennsboro-enola-vs-lower-dauphin-hummelstown/9-28-2026/?c=ce8b157c-828a-4c43-8470-dff0123cedb6","/soccer/pa/135e?9/28/2026","Lower Dauphin","Falcons","https://www.maxpreps.com/pa/east-pennsboro-enola/boys-soccer/","https://www.maxpreps.com/pa/lower-dauphin-hummelstown/boys-soccer/","https://hsfootball.net/proxy.php?url=https%3A%2F%2Fimage.maxpreps.io%2Fschool-mascot%2F8%2F0%2F5%2F8058abd1-bbaa-498a-9f1c-b54c24f68525.gif%3Fversion%3D639227291120356760%26amp%3Bwidth%3D128%26amp%3Bheight%3D128%26amp%3Bauto%3Dwebp%26amp%3Bformat%3Dpjpg","https://hsfootball.net/proxy.php?url=https%3A%2F%2Fimage.maxpreps.io%2Fschool-mascot%2F8%2F3%2F1%2F831c152f-4d4f-4d38-97bc-acddbd63f51f.gif%3Fversion%3D637459517400000000%26amp%3Bwidth%3D128%26amp%3Bheight%3D128%26amp%3Bauto%3Dwebp%26amp%3Bformat%3Dpjpg","boy"
116,"Hatboro-Horsham vs New Hope-Solebury",Boys Soccer,"Pennsylvania",9/28/2026,7:00pm,"The Hatboro-Horsham varsity soccer team has an away conference match @  New Hope-Solebury (New Hope, PA) on Monday, September 28 @ 7p.","/pa/soccer/match/hatboro-horsham-vs-new-hope-solebury/9-28-2026/?c=329f5f2e-6706-4979-b30c-a1da4ad94ce0","https://www.maxpreps.com/pa/soccer/match/hatboro-horsham-vs-new-hope-solebury/9-28-2026/?c=329f5f2e-6706-4979-b30c-a1da4ad94ce0","/soccer/pa/e16?9/28/2026","Hatboro-Horsham","Hatters","https://www.maxpreps.com/pa/hatboro-horsham/boys-soccer/","https://www.maxpreps.com/pa/new-hope-solebury/boys-soccer/","https://hsfootball.net/proxy.php?url=https%3A%2F%2Fimage.maxpreps.io%2Fschool-mascot%2F8%2F1%2F5%2F81524cfc-16eb-4446-af3a-7c713eaec502.gif%3Fversion%3D634255041600000000%26amp%3Bwidth%3D128%26amp%3Bheight%3D128%26amp%3Bauto%3Dwebp%26amp%3Bformat%3Dpjpg","https://hsfootball.net/proxy.php?url=https%3A%2F%2Fimage.maxpreps.io%2Fschool-mascot%2Fd%2Fa%2Fa%2Fdaaf90a5-5a01-47a8-b20f-5b7f3fb80170.gif%3Fversion%3D636464967600000000%26amp%3Bwidth%3D128%26amp%3Bheight%3D128%26amp%3Bauto%3Dwebp%26amp%3Bformat%3Dpjpg","boy"
117,"Bensalem vs Central Bucks West",Boys Soccer,"Pennsylvania",9/28/2026,7:00pm,"The Bensalem varsity soccer team has an away non-conference match @  Central Bucks West (Doylestown, PA) on Monday, September 28 @ 7p.","/pa/soccer/match/bensalem-vs-central-bucks-west-doylestown/9-28-2026/?c=1d10f179-2be4-488c-b667-cdf2c7e5b782","https://www.maxpreps.com/pa/soccer/match/bensalem-vs-central-bucks-west-doylestown/9-28-2026/?c=1d10f179-2be4-488c-b667-cdf2c7e5b782","/soccer/pa/102d?9/28/2026","Bensalem","Fighting Owls","https://www.maxpreps.com/pa/bensalem/boys-soccer/","https://www.maxpreps.com/pa/central-bucks-west-doylestown/boys-soccer/","https://hsfootball.net/proxy.php?url=https%3A%2F%2Fimage.maxpreps.io%2Fschool-mascot%2F1%2F8%2Fa%2F18ab0b20-aed3-474d-b1d5-b32ca2eeff0b.gif%3Fversion%3D635810935200000000%26amp%3Bwidth%3D128%26amp%3Bheight%3D128%26amp%3Bauto%3Dwebp%26amp%3Bformat%3Dpjpg","https://hsfootball.net/proxy.php?url=https%3A%2F%2Fimage.maxpreps.io%2Fschool-mascot%2Fa%2Fa%2Fb%2Faab4cc54-1522-4fe2-ae4f-3924683263fb.gif%3Fversion%3D635457920400000000%26amp%3Bwidth%3D128%26amp%3Bheight%3D128%26amp%3Bauto%3Dwebp%26amp%3Bformat%3Dpjpg","boy"
118,"Fleetwood vs Wilson",Boys Soccer,"Pennsylvania",9/28/2026,7:00pm,"The Fleetwood varsity soccer team has an away non-conference match @  Wilson (West Lawn, PA) on Monday, September 28 @ 7p.","/pa/soccer/match/fleetwood-vs-wilson-west-lawn/9-28-2026/?c=dd419a83-bf51-4036-8f2f-553cf9409653","https://www.maxpreps.com/pa/soccer/match/fleetwood-vs-wilson-west-lawn/9-28-2026/?c=dd419a83-bf51-4036-8f2f-553cf9409653","/soccer/pa/b77?9/28/2026","Fleetwood","Tigers","https://www.maxpreps.com/pa/fleetwood/boys-soccer/","https://www.maxpreps.com/pa/wilson-west-lawn/boys-soccer/","https://hsfootball.net/proxy.php?url=https%3A%2F%2Fimage.maxpreps.io%2Fschool-mascot%2F6%2F6%2F9%2F6699e6fc-4dc3-4768-8ede-8f2a29be9a53.gif%3Fversion%3D637086214200000000%26amp%3Bwidth%3D128%26amp%3Bheight%3D128%26amp%3Bauto%3Dwebp%26amp%3Bformat%3Dpjpg","https://hsfootball.net/proxy.php?url=https%3A%2F%2Fimage.maxpreps.io%2Fschool-mascot%2Fd%2Ff%2Fd%2Fdfd508ee-a4aa-4db7-a7d8-90b229feab52.gif%3Fversion%3D635119936200000000%26amp%3Bwidth%3D128%26amp%3Bheight%3D128%26amp%3Bauto%3Dwebp%26amp%3Bformat%3Dpjpg","boy"
119,"Rockwood vs Windber",Boys Soccer,"Pennsylvania",9/28/2026,7:00pm,"The Rockwood varsity soccer team has an away conference match @  Windber (PA) on Monday, September 28 @ 7p.","/pa/soccer/match/rockwood-vs-windber/9-28-2026/?c=8ddaad8e-a671-4917-bbc8-926404688dc1","https://www.maxpreps.com/pa/soccer/match/rockwood-vs-windber/9-28-2026/?c=8ddaad8e-a671-4917-bbc8-926404688dc1","/soccer/pa/796?9/28/2026","Rockwood","Rockets","https://www.maxpreps.com/pa/rockwood/boys-soccer/","https://www.maxpreps.com/pa/windber/boys-soccer/","https://hsfootball.net/proxy.php?url=https%3A%2F%2Fimage.maxpreps.io%2Fschool-mascot%2F6%2Ff%2F1%2F6f1c1d91-34c2-4c92-9b21-173ed465f50a.gif%3Fversion%3D635985646800000000%26amp%3Bwidth%3D128%26amp%3Bheight%3D128%26amp%3Bauto%3Dwebp%26amp%3Bformat%3Dpjpg","https://hsfootball.net/proxy.php?url=https%3A%2F%2Fimage.maxpreps.io%2Fschool-mascot%2F8%2F9%2F6%2F89601fe4-90ee-4e77-8167-745ad90b206c.gif%3Fversion%3D636700486200000000%26amp%3Bwidth%3D128%26amp%3Bheight%3D128%26amp%3Bauto%3Dwebp%26amp%3Bformat%3Dpjpg","boy"
120,"Albert Gallatin vs Waynesburg Central",Boys Soccer,"Pennsylvania",9/28/2026,7:30pm,"The Albert Gallatin varsity soccer team has an away non-conference match @  Waynesburg Central (Waynesburg, PA) on Monday, September 28 @ 7:30p.","/pa/soccer/match/albert-gallatin-uniontown-vs-waynesburg-central/9-28-2026/?c=84755746-6287-435b-a514-10c15aad04fb","https://www.maxpreps.com/pa/soccer/match/albert-gallatin-uniontown-vs-waynesburg-central/9-28-2026/?c=84755746-6287-435b-a514-10c15aad04fb","/soccer/pa/12b1?9/28/2026","Albert Gallatin","Colonials","https://www.maxpreps.com/pa/albert-gallatin-uniontown/boys-soccer/","https://www.maxpreps.com/pa/waynesburg-central/boys-soccer/","https://hsfootball.net/proxy.php?url=https%3A%2F%2Fimage.maxpreps.io%2Fschool-mascot%2F7%2F8%2F8%2F788b665c-f578-4c45-87e9-a9b7f16e73ed.gif%3Fversion%3D638089437600000000%26amp%3Bwidth%3D128%26amp%3Bheight%3D128%26amp%3Bauto%3Dwebp%26amp%3Bformat%3Dpjpg","https://hsfootball.net/proxy.php?url=https%3A%2F%2Fimage.maxpreps.io%2Fschool-mascot%2F6%2F1%2F3%2F61336aea-4199-4d75-b8ac-0628b66729bf.gif%3Fversion%3D637769757600000000%26amp%3Bwidth%3D128%26amp%3Bheight%3D128%26amp%3Bauto%3Dwebp%26amp%3Bformat%3Dpjpg","boy"