1,"Myers Park vs Charlotte Catholic",Boys Soccer,"North Carolina",9/24/2026,7:00pm,"The Myers Park varsity soccer team has an away non-conference match @  Charlotte Catholic (Charlotte, NC) on Thursday, September 24 @ 7p.","/nc/soccer/match/charlotte-catholic-vs-myers-park-charlotte/9-24-2026/?c=b61c917e-7418-4841-8ca9-813194bca2f4","https://www.maxpreps.com/nc/soccer/match/charlotte-catholic-vs-myers-park-charlotte/9-24-2026/?c=b61c917e-7418-4841-8ca9-813194bca2f4","/soccer/nc/107b?9/24/2026","Myers Park","Mustangs","https://www.maxpreps.com/nc/charlotte-catholic/soccer/","https://www.maxpreps.com/nc/myers-park-charlotte/soccer/","https://hsfootball.net/proxy.php?url=https%3A%2F%2Fimage.maxpreps.io%2Fschool-mascot%2F3%2F2%2F7%2F327115b3-501d-4047-aee8-ff08e6b35bd9.gif%3Fversion%3D638654168137530060%26amp%3Bwidth%3D128%26amp%3Bheight%3D128%26amp%3Bauto%3Dwebp%26amp%3Bformat%3Dpjpg","https://hsfootball.net/proxy.php?url=https%3A%2F%2Fimage.maxpreps.io%2Fschool-mascot%2Fa%2F5%2F0%2Fa50318dc-8796-429c-bfe5-431ee2a43839.gif%3Fversion%3D638556238955573130%26amp%3Bwidth%3D128%26amp%3Bheight%3D128%26amp%3Bauto%3Dwebp%26amp%3Bformat%3Dpjpg","boy"
2,"Willow Spring vs Apex Friendship",Boys Soccer,"North Carolina",9/24/2026,6:30pm,"The Willow Spring varsity soccer team has an away conference match @  Apex Friendship (Apex, NC) on Thursday, September 24 @ 6:30p.","/nc/soccer/match/apex-friendship-vs-willow-spring-fuquay-varina/9-24-2026/?c=7c35d72a-77f3-4ae9-91ea-6ffda4e30ad4","https://www.maxpreps.com/nc/soccer/match/apex-friendship-vs-willow-spring-fuquay-varina/9-24-2026/?c=7c35d72a-77f3-4ae9-91ea-6ffda4e30ad4","/soccer/nc/121e?9/24/2026","Willow Spring","Storm","https://www.maxpreps.com/nc/apex-friendship/soccer/","https://www.maxpreps.com/nc/willow-spring-fuquay-varina/soccer/","https://hsfootball.net/proxy.php?url=https%3A%2F%2Fimage.maxpreps.io%2Fschool-mascot%2Ff%2F8%2F9%2Ff89f8688-0fd5-42e7-ab82-ac610a72d8d2.gif%3Fversion%3D638866705593562220%26amp%3Bwidth%3D128%26amp%3Bheight%3D128%26amp%3Bauto%3Dwebp%26amp%3Bformat%3Dpjpg","https://hsfootball.net/proxy.php?url=https%3A%2F%2Fimage.maxpreps.io%2Fschool-mascot%2Ff%2F5%2F3%2Ff539f96f-4c47-4602-850a-b10a493e4600.gif%3Fversion%3D636298458000000000%26amp%3Bwidth%3D128%26amp%3Bheight%3D128%26amp%3Bauto%3Dwebp%26amp%3Bformat%3Dpjpg","boy"
3,"Rabun Gap-Nacoochee vs Carolina Day",Boys Soccer,"North Carolina",9/24/2026,5:30pm,"The Rabun Gap-Nacoochee varsity soccer team has an away conference match @  Carolina Day (Asheville, NC) on Thursday, September 24 @ 5:30p.","/inter-state/soccer/match/carolina-day-asheville-nc-vs-rabun-gap-nacoochee-ga/9-24-2026/?c=35e4ab79-f834-4854-acec-e7752031b125","https://www.maxpreps.com/inter-state/soccer/match/carolina-day-asheville-nc-vs-rabun-gap-nacoochee-ga/9-24-2026/?c=35e4ab79-f834-4854-acec-e7752031b125","/soccer/nc/1323?9/24/2026","Rabun Gap-Nacoochee","Eagles","https://www.maxpreps.com/nc/carolina-day-asheville-nc/soccer/","https://www.maxpreps.com/nc/rabun-gap-nacoochee-ga/soccer/","https://hsfootball.net/proxy.php?url=https%3A%2F%2Fimage.maxpreps.io%2Fschool-mascot%2F8%2F5%2F6%2F856a10a0-6ef4-4549-83be-89d5a40ed008.gif%3Fversion%3D639228910193935300%26amp%3Bwidth%3D128%26amp%3Bheight%3D128%26amp%3Bauto%3Dwebp%26amp%3Bformat%3Dpjpg","https://hsfootball.net/proxy.php?url=https%3A%2F%2Fimage.maxpreps.io%2Fschool-mascot%2Fc%2F9%2Ff%2Fc9f80227-2952-45a7-8674-8fe51c75b598.gif%3Fversion%3D638864190401030810%26amp%3Bwidth%3D128%26amp%3Bheight%3D128%26amp%3Bauto%3Dwebp%26amp%3Bformat%3Dpjpg","boy"
4,"Emerson Waldorf vs Bradford Academy",Boys Soccer,"North Carolina",9/24/2026,3:30pm,"The Emerson Waldorf varsity soccer team has an away non-conference match @  Bradford Academy (Mebane, NC) on Thursday, September 24 @ 3:30p.","/nc/soccer/match/bradford-academy-mebane-vs-emerson-waldorf-chapel-hill/9-24-2026/?c=29eed4d6-5254-48f1-915c-1bf905012768","https://www.maxpreps.com/nc/soccer/match/bradford-academy-mebane-vs-emerson-waldorf-chapel-hill/9-24-2026/?c=29eed4d6-5254-48f1-915c-1bf905012768","/soccer/nc/14a2?9/24/2026","Emerson Waldorf","Gnomes","https://www.maxpreps.com/nc/bradford-academy-mebane/soccer/","https://www.maxpreps.com/nc/emerson-waldorf-chapel-hill/soccer/","https://hsfootball.net/proxy.php?url=https%3A%2F%2Fimage.maxpreps.io%2Fschool-mascot%2Fa%2F9%2F3%2Fa93cea9d-4d7c-4acb-8c70-f660898aeec2.gif%3Fversion%3D637153032600000000%26amp%3Bwidth%3D128%26amp%3Bheight%3D128%26amp%3Bauto%3Dwebp%26amp%3Bformat%3Dpjpg","https://hsfootball.net/proxy.php?url=https%3A%2F%2Fimage.maxpreps.io%2Fschool-mascot%2Fb%2F3%2Fc%2Fb3c39337-9f3b-4a03-92c2-25a5915212d7.gif%3Fversion%3D636464247600000000%26amp%3Bwidth%3D128%26amp%3Bheight%3D128%26amp%3Bauto%3Dwebp%26amp%3Bformat%3Dpjpg","boy"
5,"Carolina Christian vs Grace Academy",Boys Soccer,"North Carolina",9/24/2026,4:00pm,"The Carolina Christian varsity soccer team has an away conference match @  Grace Academy (Matthews, NC) on Thursday, September 24 @ 4p.","/nc/soccer/match/carolina-christian-locust-vs-grace-academy-matthews/9-24-2026/?c=71a7c433-8f88-4bfa-894c-5c9e0c03a830","https://www.maxpreps.com/nc/soccer/match/carolina-christian-locust-vs-grace-academy-matthews/9-24-2026/?c=71a7c433-8f88-4bfa-894c-5c9e0c03a830","/soccer/nc/13e2?9/24/2026","Carolina Christian","Eagles","https://www.maxpreps.com/nc/carolina-christian-locust/soccer/","https://www.maxpreps.com/nc/grace-academy-matthews/soccer/","https://hsfootball.net/proxy.php?url=https%3A%2F%2Fimage.maxpreps.io%2Fschool-mascot%2F3%2F3%2F3%2F333fefd8-76d9-4e09-b9e6-ccf6616fd61e.gif%3Fversion%3D639244563880091050%26amp%3Bwidth%3D128%26amp%3Bheight%3D128%26amp%3Bauto%3Dwebp%26amp%3Bformat%3Dpjpg","https://hsfootball.net/proxy.php?url=https%3A%2F%2Fimage.maxpreps.io%2Fschool-mascot%2Ff%2F7%2Fe%2Ff7e6142b-9730-4679-95be-5345d59047bd.gif%3Fversion%3D636758870400000000%26amp%3Bwidth%3D128%26amp%3Bheight%3D128%26amp%3Bauto%3Dwebp%26amp%3Bformat%3Dpjpg","boy"
6,"Greater Vision Academy vs Fellowship Baptist Academy",Boys Soccer,"North Carolina",9/24/2026,4:00pm,"The Greater Vision Academy varsity soccer team has an away non-conference match @  Fellowship Baptist Academy (Durham, NC) on Thursday, September 24 @ 4p.","/nc/soccer/match/fellowship-baptist-academy-durham-vs-greater-vision-academy-gibsonville/9-24-2026/?c=eada68f8-f178-4551-8a2c-36ff3b5fbc5a","https://www.maxpreps.com/nc/soccer/match/fellowship-baptist-academy-durham-vs-greater-vision-academy-gibsonville/9-24-2026/?c=eada68f8-f178-4551-8a2c-36ff3b5fbc5a","/soccer/nc/1bce?9/24/2026","Greater Vision Academy","Lions","https://www.maxpreps.com/nc/fellowship-baptist-academy-durham/soccer/","https://www.maxpreps.com/nc/greater-vision-academy-gibsonville/soccer/","https://hsfootball.net/proxy.php?url=https%3A%2F%2Fimage.maxpreps.io%2Fschool-mascot%2F7%2F2%2F5%2F72510f22-967b-4559-b65a-7e95f7f3afad.gif%3Fversion%3D638693904687494360%26amp%3Bwidth%3D128%26amp%3Bheight%3D128%26amp%3Bauto%3Dwebp%26amp%3Bformat%3Dpjpg","https://hsfootball.net/proxy.php?url=https%3A%2F%2Fimage.maxpreps.io%2Fschool-mascot%2F5%2F1%2F5%2F515902f7-acb5-4fd9-ad4a-6fefda5c1f37.gif%3Fversion%3D636777448200000000%26amp%3Bwidth%3D128%26amp%3Bheight%3D128%26amp%3Bauto%3Dwebp%26amp%3Bformat%3Dpjpg","boy"
7,"Rock Church vs Oaktree Academy",Boys Soccer,"North Carolina",9/24/2026,4:00pm,"The Rock Church varsity soccer team has an away non-conference match @  Oaktree Academy (Chesapeake, VA) on Thursday, September 24 @ 4p.","/va/soccer/match/oaktree-academy-chesapeake-vs-rock-church-franklin/9-24-2026/?c=e0337aab-a4b0-461c-b8e3-ac9c5bc9abf1","https://www.maxpreps.com/va/soccer/match/oaktree-academy-chesapeake-vs-rock-church-franklin/9-24-2026/?c=e0337aab-a4b0-461c-b8e3-ac9c5bc9abf1","/soccer/nc/1341?9/24/2026","Rock Church","Lions","https://www.maxpreps.com/nc/oaktree-academy-chesapeake/soccer/","https://www.maxpreps.com/nc/rock-church-franklin/soccer/","https://hsfootball.net/proxy.php?url=https%3A%2F%2Fimage.maxpreps.io%2Fschool-mascot%2F1%2Ff%2F9%2F1f9b7d6e-e281-46f6-984d-42ff805b1483.gif%3Fversion%3D639065869720649460%26amp%3Bwidth%3D128%26amp%3Bheight%3D128%26amp%3Bauto%3Dwebp%26amp%3Bformat%3Dpjpg","https://hsfootball.net/proxy.php?url=https%3A%2F%2Fimage.maxpreps.io%2Fschool-mascot%2F1%2Ff%2F9%2F1f9b7d6e-e281-46f6-984d-42ff805b1483.gif%3Fversion%3D639065869720649460%26amp%3Bwidth%3D32%26amp%3Bheight%3D32%26amp%3Bauto%3Dwebp%26amp%3Bformat%3Dpjpg","boy"
8,"Unity Christian Academy vs New Life Academy",Boys Soccer,"North Carolina",9/24/2026,4:00pm,"The Unity Christian Academy varsity soccer team has an away non-conference match @  New Life Academy (Elizabeth City, NC) on Thursday, September 24 @ 4p.","/nc/soccer/match/new-life-academy-elizabeth-city-vs-unity-christian-academy-chocowinity/9-24-2026/?c=a4bdcc38-cd76-4e50-98dd-c79ce0425dd3","https://www.maxpreps.com/nc/soccer/match/new-life-academy-elizabeth-city-vs-unity-christian-academy-chocowinity/9-24-2026/?c=a4bdcc38-cd76-4e50-98dd-c79ce0425dd3","/soccer/nc/1b2f?9/24/2026","Unity Christian Academy","Warriors","https://www.maxpreps.com/nc/new-life-academy-elizabeth-city/soccer/","https://www.maxpreps.com/nc/unity-christian-academy-chocowinity/soccer/","https://hsfootball.net/proxy.php?url=https%3A%2F%2Fimage.maxpreps.io%2Fschool-mascot%2F1%2Fe%2Fe%2F1ee0e713-7afc-465e-9cde-5bba0691c6af.gif%3Fversion%3D638605207958380840%26amp%3Bwidth%3D128%26amp%3Bheight%3D128%26amp%3Bauto%3Dwebp%26amp%3Bformat%3Dpjpg","https://hsfootball.net/proxy.php?url=https%3A%2F%2Fimage.maxpreps.io%2Fschool-mascot%2Fa%2F3%2F4%2Fa3419c00-0998-428d-b432-1aa55d19a8dd.gif%3Fversion%3D638155843800000000%26amp%3Bwidth%3D128%26amp%3Bheight%3D128%26amp%3Bauto%3Dwebp%26amp%3Bformat%3Dpjpg","boy"
9,"Gate City vs Forsyth Home Educators",Boys Soccer,"North Carolina",9/24/2026,4:00pm,"The Gate City varsity soccer team has an away non-conference match @  Forsyth Home Educators (Winston-Salem, NC) on Thursday, September 24 @ 4p.","/nc/soccer/match/forsyth-home-educators-winston-salem-vs-gate-city-pleasant-garden/9-24-2026/?c=7eeb06ba-f51e-4b14-ad7b-5c48f6ee3d51","https://www.maxpreps.com/nc/soccer/match/forsyth-home-educators-winston-salem-vs-gate-city-pleasant-garden/9-24-2026/?c=7eeb06ba-f51e-4b14-ad7b-5c48f6ee3d51","/soccer/nc/1947?9/24/2026","Gate City","Guardians","https://www.maxpreps.com/nc/forsyth-home-educators-winston-salem/soccer/","https://www.maxpreps.com/nc/gate-city-pleasant-garden/soccer/","https://hsfootball.net/proxy.php?url=https%3A%2F%2Fimage.maxpreps.io%2Fschool-mascot%2Fe%2F5%2Ff%2Fe5fbaf5f-7851-4de5-94a4-39244b038f1b.gif%3Fversion%3D639070989172951800%26amp%3Bwidth%3D128%26amp%3Bheight%3D128%26amp%3Bauto%3Dwebp%26amp%3Bformat%3Dpjpg","https://hsfootball.net/proxy.php?url=https%3A%2F%2Fimage.maxpreps.io%2Fschool-mascot%2F1%2F6%2F9%2F1696a85d-b6a5-4027-8b8d-b9f9ed31ddb8.gif%3Fversion%3D636479752200000000%26amp%3Bwidth%3D128%26amp%3Bheight%3D128%26amp%3Bauto%3Dwebp%26amp%3Bformat%3Dpjpg","boy"
10,"The Hawbridge School vs River Mill Academy",Boys Soccer,"North Carolina",9/24/2026,4:00pm,"The The Hawbridge School varsity soccer team has an away conference match @  River Mill Academy (Graham, NC) on Thursday, September 24 @ 4p.","/nc/soccer/match/river-mill-jaguars-graham-vs-the-hawbridge-school-graham/9-24-2026/?c=4190ca0b-a48e-4cf7-867a-8d40d222a329","https://www.maxpreps.com/nc/soccer/match/river-mill-jaguars-graham-vs-the-hawbridge-school-graham/9-24-2026/?c=4190ca0b-a48e-4cf7-867a-8d40d222a329","/soccer/nc/156a?9/24/2026","The Hawbridge School","Herons","https://www.maxpreps.com/nc/river-mill-jaguars-graham/soccer/","https://www.maxpreps.com/nc/the-hawbridge-school-graham/soccer/","https://hsfootball.net/proxy.php?url=https%3A%2F%2Fimage.maxpreps.io%2Fschool-mascot%2F7%2Ff%2Fd%2F7fd1ad67-16a6-4df2-a84c-0a7eede4c571.gif%3Fversion%3D638986336079585150%26amp%3Bwidth%3D128%26amp%3Bheight%3D128%26amp%3Bauto%3Dwebp%26amp%3Bformat%3Dpjpg","https://hsfootball.net/proxy.php?url=https%3A%2F%2Fimage.maxpreps.io%2Fschool-mascot%2F4%2F2%2F8%2F42891424-bd14-4f59-853e-97abc410a5d1.gif%3Fversion%3D636177415200000000%26amp%3Bwidth%3D128%26amp%3Bheight%3D128%26amp%3Bauto%3Dwebp%26amp%3Bformat%3Dpjpg","boy"
11,"Wayne Christian/Goldsboro HomeSchool vs Liberty Christian Academy",Boys Soccer,"North Carolina",9/24/2026,4:00pm,"The Wayne Christian/Goldsboro HomeSchool varsity soccer team has an away non-conference match @  Liberty Christian Academy (Richlands, NC) on Thursday, September 24 @ 4p.","/nc/soccer/match/liberty-christian-academy-richlands-vs-wayne-christian-goldsboro-homeschool/9-24-2026/?c=0a4691ec-f75c-486d-b828-c48299c5825c","https://www.maxpreps.com/nc/soccer/match/liberty-christian-academy-richlands-vs-wayne-christian-goldsboro-homeschool/9-24-2026/?c=0a4691ec-f75c-486d-b828-c48299c5825c","/soccer/nc/1d82?9/24/2026","Wayne Christian/Goldsboro HomeSchool","Liberty Christian Academy","https://www.maxpreps.com/nc/liberty-christian-academy-richlands/soccer/","https://www.maxpreps.com/nc/wayne-christian-goldsboro-homeschool/soccer/","https://hsfootball.net/proxy.php?url=https%3A%2F%2Fimage.maxpreps.io%2Fschool-mascot%2Fd%2Fa%2F0%2Fda0ea88f-4855-446b-9efe-0d347787681a.gif%3Fversion%3D636964462800000000%26amp%3Bwidth%3D128%26amp%3Bheight%3D128%26amp%3Bauto%3Dwebp%26amp%3Bformat%3Dpjpg","https://hsfootball.net/proxy.php?url=https%3A%2F%2Fimage.maxpreps.io%2Fschool-mascot%2F7%2Fa%2F7%2F7a75e9a2-9ca1-4adc-ac10-5d84b4782c28.gif%3Fversion%3D638966411560284570%26amp%3Bwidth%3D128%26amp%3Bheight%3D128%26amp%3Bauto%3Dwebp%26amp%3Bformat%3Dpjpg","boy"
12,"Wayne Preparatory Academy vs Riverside Christian Academy",Boys Soccer,"North Carolina",9/24/2026,4:00pm,"The Wayne Preparatory Academy varsity soccer team has an away conference match @  Riverside Christian Academy (Fayetteville, NC) on Thursday, September 24 @ 4p.","/nc/soccer/match/riverside-christian-academy-fayetteville-vs-wayne-preparatory-academy-goldsboro/9-24-2026/?c=9a5c8958-4b8a-4f03-ad14-17401ad720a1","https://www.maxpreps.com/nc/soccer/match/riverside-christian-academy-fayetteville-vs-wayne-preparatory-academy-goldsboro/9-24-2026/?c=9a5c8958-4b8a-4f03-ad14-17401ad720a1","/soccer/nc/1f41?9/24/2026","Wayne Preparatory Academy","Generals","https://www.maxpreps.com/nc/riverside-christian-academy-fayetteville/soccer/","https://www.maxpreps.com/nc/wayne-preparatory-academy-goldsboro/soccer/","https://hsfootball.net/proxy.php?url=https%3A%2F%2Fimage.maxpreps.io%2Fschool-mascot%2F0%2F7%2Fc%2F07cb15bd-d634-42e1-a34c-e1ecf908ba82.gif%3Fversion%3D638718924935251800%26amp%3Bwidth%3D128%26amp%3Bheight%3D128%26amp%3Bauto%3Dwebp%26amp%3Bformat%3Dpjpg","https://hsfootball.net/proxy.php?url=https%3A%2F%2Fimage.maxpreps.io%2Fschool-mascot%2F0%2F7%2Fc%2F07cb15bd-d634-42e1-a34c-e1ecf908ba82.gif%3Fversion%3D638718924935251800%26amp%3Bwidth%3D32%26amp%3Bheight%3D32%26amp%3Bauto%3Dwebp%26amp%3Bformat%3Dpjpg","boy"
13,"Antioch Christian Academy vs Liberty Christian Academy",Boys Soccer,"North Carolina",9/24/2026,4:00pm,"The Antioch Christian Academy varsity soccer team has an away conference match @  Liberty Christian Academy (Fayetteville, NC) on Thursday, September 24 @ 4p.","/nc/soccer/match/antioch-christian-academy-lumberton-vs-liberty-christian-academy-fayetteville/9-24-2026/?c=c33043ba-7faf-4a95-8d5c-d83e2390bc49","https://www.maxpreps.com/nc/soccer/match/antioch-christian-academy-lumberton-vs-liberty-christian-academy-fayetteville/9-24-2026/?c=c33043ba-7faf-4a95-8d5c-d83e2390bc49","/soccer/nc/1e4a?9/24/2026","Antioch Christian Academy","Gators","https://www.maxpreps.com/nc/antioch-christian-academy-lumberton/soccer/","https://www.maxpreps.com/nc/liberty-christian-academy-fayetteville/soccer/","https://hsfootball.net/proxy.php?url=https%3A%2F%2Fimage.maxpreps.io%2Fschool-mascot%2F3%2F1%2Fb%2F31b25386-244b-44cf-b095-327464951628.gif%3Fversion%3D637418067000000000%26amp%3Bwidth%3D128%26amp%3Bheight%3D128%26amp%3Bauto%3Dwebp%26amp%3Bformat%3Dpjpg","https://hsfootball.net/proxy.php?url=https%3A%2F%2Fimage.maxpreps.io%2Fschool-mascot%2F9%2F2%2Fc%2F92c71787-9499-4242-b341-1b6971ba1d88.gif%3Fversion%3D633663919200000000%26amp%3Bwidth%3D128%26amp%3Bheight%3D128%26amp%3Bauto%3Dwebp%26amp%3Bformat%3Dpjpg","boy"
14,"New Life Camp vs Fayetteville HomeSchool",Boys Soccer,"North Carolina",9/24/2026,4:00pm,"The New Life Camp varsity soccer team has an away conference match @  Fayetteville HomeSchool (Fayetteville, NC) on Thursday, September 24 @ 4p.","/nc/soccer/match/fayetteville-homeschool-vs-new-life-camp-raleigh/9-24-2026/?c=f9f33101-2714-4052-b8ef-4e072f55f5da","https://www.maxpreps.com/nc/soccer/match/fayetteville-homeschool-vs-new-life-camp-raleigh/9-24-2026/?c=f9f33101-2714-4052-b8ef-4e072f55f5da","/soccer/nc/129d?9/24/2026","New Life Camp","Storm","https://www.maxpreps.com/nc/fayetteville-homeschool/soccer/","https://www.maxpreps.com/nc/new-life-camp-raleigh/soccer/","https://hsfootball.net/proxy.php?url=https%3A%2F%2Fimage.maxpreps.io%2Fschool-mascot%2F7%2Ff%2Fc%2F7fce7005-8898-4405-9f5a-f66ac84a4576.gif%3Fversion%3D638707505825560960%26amp%3Bwidth%3D128%26amp%3Bheight%3D128%26amp%3Bauto%3Dwebp%26amp%3Bformat%3Dpjpg","https://hsfootball.net/proxy.php?url=https%3A%2F%2Fimage.maxpreps.io%2Fschool-mascot%2Fb%2Fa%2F6%2Fba6aef89-3a7a-42ec-bd07-a70cd53cb1da.gif%3Fversion%3D638966561985524240%26amp%3Bwidth%3D128%26amp%3Bheight%3D128%26amp%3Bauto%3Dwebp%26amp%3Bformat%3Dpjpg","boy"
15,"Cary Christian vs St. David&#x27;s",Boys Soccer,"North Carolina",9/24/2026,4:15pm,"The Cary Christian varsity soccer team has an away conference match @  St. David&#x27;s (Raleigh, NC) on Thursday, September 24 @ 4:15p.","/nc/soccer/match/cary-christian-vs-st-davids-raleigh/9-24-2026/?c=815b5259-c05e-42b8-9096-cea2f8d18c55","https://www.maxpreps.com/nc/soccer/match/cary-christian-vs-st-davids-raleigh/9-24-2026/?c=815b5259-c05e-42b8-9096-cea2f8d18c55","/soccer/nc/d7c?9/24/2026","Cary Christian","Knights","https://www.maxpreps.com/nc/cary-christian/soccer/","https://www.maxpreps.com/nc/st-davids-raleigh/soccer/","https://hsfootball.net/proxy.php?url=https%3A%2F%2Fimage.maxpreps.io%2Fschool-mascot%2Fb%2Ff%2Fe%2Fbfe9ffb4-6e5f-476c-82de-dd91b39f8965.gif%3Fversion%3D637002234600000000%26amp%3Bwidth%3D128%26amp%3Bheight%3D128%26amp%3Bauto%3Dwebp%26amp%3Bformat%3Dpjpg","https://hsfootball.net/proxy.php?url=https%3A%2F%2Fimage.maxpreps.io%2Fschool-mascot%2Fd%2F4%2Ff%2Fd4ff6f46-d431-4424-8dc5-e2d5122591d7.gif%3Fversion%3D636783067800000000%26amp%3Bwidth%3D128%26amp%3Bheight%3D128%26amp%3Bauto%3Dwebp%26amp%3Bformat%3Dpjpg","boy"
16,"Kerr-Vance Academy vs Pungo Christian Academy",Boys Soccer,"North Carolina",9/24/2026,4:30pm,"The Kerr-Vance Academy varsity soccer team has an away conference match @  Pungo Christian Academy (Belhaven, NC) on Thursday, September 24 @ 4:30p.","/nc/soccer/match/kerr-vance-academy-henderson-vs-pungo-christian-academy-belhaven/9-24-2026/?c=ce11887f-937d-4776-a757-4fc6ca4c085e","https://www.maxpreps.com/nc/soccer/match/kerr-vance-academy-henderson-vs-pungo-christian-academy-belhaven/9-24-2026/?c=ce11887f-937d-4776-a757-4fc6ca4c085e","/soccer/nc/18b3?9/24/2026","Kerr-Vance Academy","Spartans","https://www.maxpreps.com/nc/kerr-vance-academy-henderson/soccer/","https://www.maxpreps.com/nc/pungo-christian-academy-belhaven/soccer/","https://hsfootball.net/proxy.php?url=https%3A%2F%2Fimage.maxpreps.io%2Fschool-mascot%2F9%2F7%2F1%2F9712c1eb-81ec-43bc-8689-90bcf878c2b4.gif%3Fversion%3D634885821600000000%26amp%3Bwidth%3D128%26amp%3Bheight%3D128%26amp%3Bauto%3Dwebp%26amp%3Bformat%3Dpjpg","https://hsfootball.net/proxy.php?url=https%3A%2F%2Fimage.maxpreps.io%2Fschool-mascot%2Fe%2F5%2Ff%2Fe5f6c7d6-5da0-4234-946e-ff5c98b8ff67.gif%3Fversion%3D636755475600000000%26amp%3Bwidth%3D128%26amp%3Bheight%3D128%26amp%3Bauto%3Dwebp%26amp%3Bformat%3Dpjpg","boy"
17,"Washington Montessori vs Terra Ceia Christian",Boys Soccer,"North Carolina",9/24/2026,4:30pm,"The Washington Montessori varsity soccer team has an away non-conference match @  Terra Ceia Christian (Pantego, NC) on Thursday, September 24 @ 4:30p.","/nc/soccer/match/terra-ceia-christian-pantego-vs-washington-montessori/9-24-2026/?c=e6a30ad0-26b5-4b3e-ae4e-d2313a353bc6","https://www.maxpreps.com/nc/soccer/match/terra-ceia-christian-pantego-vs-washington-montessori/9-24-2026/?c=e6a30ad0-26b5-4b3e-ae4e-d2313a353bc6","/soccer/nc/14ef?9/24/2026","Washington Montessori","Eagles","https://www.maxpreps.com/nc/terra-ceia-christian-pantego/soccer/","https://www.maxpreps.com/nc/washington-montessori/soccer/","https://hsfootball.net/proxy.php?url=https%3A%2F%2Fimage.maxpreps.io%2Fschool-mascot%2F1%2Fc%2Fa%2F1cac90f1-d16c-4c6b-99e4-819d50682592.gif%3Fversion%3D639228182925853870%26amp%3Bwidth%3D128%26amp%3Bheight%3D128%26amp%3Bauto%3Dwebp%26amp%3Bformat%3Dpjpg","https://hsfootball.net/proxy.php?url=https%3A%2F%2Fimage.maxpreps.io%2Fschool-mascot%2F1%2Fc%2Fa%2F1cac90f1-d16c-4c6b-99e4-819d50682592.gif%3Fversion%3D639228182925853870%26amp%3Bwidth%3D32%26amp%3Bheight%3D32%26amp%3Bauto%3Dwebp%26amp%3Bformat%3Dpjpg","boy"
18,"Crossroads Christian vs Albemarle School",Boys Soccer,"North Carolina",9/24/2026,4:30pm,"The Crossroads Christian varsity soccer team has an away non-conference match @  Albemarle School (Elizabeth City, NC) on Thursday, September 24 @ 4:30p.","/nc/soccer/match/albemarle-school-elizabeth-city-vs-crossroads-christian-henderson/9-24-2026/?c=4e8adf44-401a-4217-a78b-7991cc91dc52","https://www.maxpreps.com/nc/soccer/match/albemarle-school-elizabeth-city-vs-crossroads-christian-henderson/9-24-2026/?c=4e8adf44-401a-4217-a78b-7991cc91dc52","/soccer/nc/1990?9/24/2026","Crossroads Christian","Colts","https://www.maxpreps.com/nc/albemarle-school-elizabeth-city/soccer/","https://www.maxpreps.com/nc/crossroads-christian-henderson/soccer/","https://hsfootball.net/proxy.php?url=https%3A%2F%2Fimage.maxpreps.io%2Fschool-mascot%2Fc%2F7%2F9%2Fc790341c-d4f2-4c03-ad59-0863f7c3c006.gif%3Fversion%3D637387674600000000%26amp%3Bwidth%3D128%26amp%3Bheight%3D128%26amp%3Bauto%3Dwebp%26amp%3Bformat%3Dpjpg","https://hsfootball.net/proxy.php?url=https%3A%2F%2Fimage.maxpreps.io%2Fschool-mascot%2F0%2F1%2Fe%2F01ee792e-8467-4a49-9834-0eff3b02e324.gif%3Fversion%3D639011435676271380%26amp%3Bwidth%3D128%26amp%3Bheight%3D128%26amp%3Bauto%3Dwebp%26amp%3Bformat%3Dpjpg","boy"
19,"Cristo Rey Research Triangle vs Carolina Friends",Boys Soccer,"North Carolina",9/24/2026,4:30pm,"The Cristo Rey Research Triangle varsity soccer team has an away non-conference match @  Carolina Friends (Durham, NC) on Thursday, September 24 @ 4:30p.","/nc/soccer/match/carolina-friends-durham-vs-cristo-rey-research-triangle-durham/9-24-2026/?c=67d12833-7642-45f2-9a77-1e69ad4f2ec9","https://www.maxpreps.com/nc/soccer/match/carolina-friends-durham-vs-cristo-rey-research-triangle-durham/9-24-2026/?c=67d12833-7642-45f2-9a77-1e69ad4f2ec9","/soccer/nc/180e?9/24/2026","Cristo Rey Research Triangle","Bulls","https://www.maxpreps.com/nc/carolina-friends-durham/soccer/","https://www.maxpreps.com/nc/cristo-rey-research-triangle-durham/soccer/","https://hsfootball.net/proxy.php?url=https%3A%2F%2Fimage.maxpreps.io%2Fschool-mascot%2Fe%2F9%2F4%2Fe94881ea-b8d5-410c-bc06-5b44a1c9fe66.gif%3Fversion%3D638647418492089390%26amp%3Bwidth%3D128%26amp%3Bheight%3D128%26amp%3Bauto%3Dwebp%26amp%3Bformat%3Dpjpg","https://hsfootball.net/proxy.php?url=https%3A%2F%2Fimage.maxpreps.io%2Fschool-mascot%2F8%2F6%2Fb%2F86bcdf21-6456-4c50-9568-575411e5ca68.gif%3Fversion%3D638936120466278360%26amp%3Bwidth%3D128%26amp%3Bheight%3D128%26amp%3Bauto%3Dwebp%26amp%3Bformat%3Dpjpg","boy"
20,"Arendell Parrott Academy vs Cape Fear Academy",Boys Soccer,"North Carolina",9/24/2026,4:30pm,"The Arendell Parrott Academy varsity soccer team has an away conference match @  Cape Fear Academy (Wilmington, NC) on Thursday, September 24 @ 4:30p.","/nc/soccer/match/arendell-parrott-academy-kinston-vs-cape-fear-academy-wilmington/9-24-2026/?c=51eceaa4-2bae-406c-ba1a-e1a29f550349","https://www.maxpreps.com/nc/soccer/match/arendell-parrott-academy-kinston-vs-cape-fear-academy-wilmington/9-24-2026/?c=51eceaa4-2bae-406c-ba1a-e1a29f550349","/soccer/nc/18d1?9/24/2026","Arendell Parrott Academy","Patriots","https://www.maxpreps.com/nc/arendell-parrott-academy-kinston/soccer/","https://www.maxpreps.com/nc/cape-fear-academy-wilmington/soccer/","https://hsfootball.net/proxy.php?url=https%3A%2F%2Fimage.maxpreps.io%2Fschool-mascot%2F8%2F5%2Fb%2F85b82b03-0fc7-4496-a744-367c07aa4d10.gif%3Fversion%3D638376276000000000%26amp%3Bwidth%3D128%26amp%3Bheight%3D128%26amp%3Bauto%3Dwebp%26amp%3Bformat%3Dpjpg","https://hsfootball.net/proxy.php?url=https%3A%2F%2Fimage.maxpreps.io%2Fschool-mascot%2F7%2F5%2Fc%2F75c66c22-08a8-4075-831b-1f11f52ac7e6.gif%3Fversion%3D636708070800000000%26amp%3Bwidth%3D128%26amp%3Bheight%3D128%26amp%3Bauto%3Dwebp%26amp%3Bformat%3Dpjpg","boy"
21,"Lake Lure Classical Academy vs The Franklin School of Innovation",Boys Soccer,"North Carolina",9/24/2026,5:00pm,"The Lake Lure Classical Academy varsity soccer team has an away non-conference match @  The Franklin School of Innovation (Asheville, NC) on Thursday, September 24 @ 5p.","/nc/soccer/match/lake-lure-classical-academy-vs-the-franklin-school-of-innovation-asheville/9-24-2026/?c=8598da6b-dfe3-46cf-95a2-179af138751a","https://www.maxpreps.com/nc/soccer/match/lake-lure-classical-academy-vs-the-franklin-school-of-innovation-asheville/9-24-2026/?c=8598da6b-dfe3-46cf-95a2-179af138751a","/soccer/nc/1c78?9/24/2026","Lake Lure Classical Academy","Raptors","https://www.maxpreps.com/nc/lake-lure-classical-academy/soccer/","https://www.maxpreps.com/nc/the-franklin-school-of-innovation-asheville/soccer/","https://hsfootball.net/proxy.php?url=https%3A%2F%2Fimage.maxpreps.io%2Fschool-mascot%2Fb%2Fc%2F9%2Fbc9e9a85-42df-42f2-b71a-d8ad34be809d.gif%3Fversion%3D636886690800000000%26amp%3Bwidth%3D128%26amp%3Bheight%3D128%26amp%3Bauto%3Dwebp%26amp%3Bformat%3Dpjpg","https://hsfootball.net/proxy.php?url=https%3A%2F%2Fimage.maxpreps.io%2Fschool-mascot%2F9%2F2%2F0%2F9204b038-cf91-485b-a696-a94061cf6dea.gif%3Fversion%3D638966562269695640%26amp%3Bwidth%3D128%26amp%3Bheight%3D128%26amp%3Bauto%3Dwebp%26amp%3Bformat%3Dpjpg","boy"
22,"Asheville Christian Academy vs Summit Charter Academy",Boys Soccer,"North Carolina",9/24/2026,5:00pm,"The Asheville Christian Academy varsity soccer team has an away non-conference match @  Summit Charter Academy (Cashiers, NC) on Thursday, September 24 @ 5p.","/nc/soccer/match/asheville-christian-academy-swannanoa-vs-summit-charter-academy-cashiers/9-24-2026/?c=59d004eb-403c-49ac-acae-574d8753699e","https://www.maxpreps.com/nc/soccer/match/asheville-christian-academy-swannanoa-vs-summit-charter-academy-cashiers/9-24-2026/?c=59d004eb-403c-49ac-acae-574d8753699e","/soccer/nc/1c1b?9/24/2026","Asheville Christian Academy","Lions","https://www.maxpreps.com/nc/asheville-christian-academy-swannanoa/soccer/","https://www.maxpreps.com/nc/summit-charter-academy-cashiers/soccer/","https://hsfootball.net/proxy.php?url=https%3A%2F%2Fimage.maxpreps.io%2Fschool-mascot%2F7%2F7%2Fd%2F77d98f4e-eaae-413d-8bcd-087da386c208.gif%3Fversion%3D637344604200000000%26amp%3Bwidth%3D128%26amp%3Bheight%3D128%26amp%3Bauto%3Dwebp%26amp%3Bformat%3Dpjpg","https://hsfootball.net/proxy.php?url=https%3A%2F%2Fimage.maxpreps.io%2Fschool-mascot%2Ff%2F3%2Fe%2Ff3e93526-0126-40ce-bdc5-f21cb123756b.gif%3Fversion%3D637272079800000000%26amp%3Bwidth%3D128%26amp%3Bheight%3D128%26amp%3Bauto%3Dwebp%26amp%3Bformat%3Dpjpg","boy"
23,"HOPE Academy vs Liberty Preparatory Christian Academy",Boys Soccer,"North Carolina",9/24/2026,5:00pm,"The HOPE Academy varsity soccer team has an away conference match @  Liberty Preparatory Christian Academy (Mooresville, NC) on Thursday, September 24 @ 5p.","/nc/soccer/match/hope-academy-concord-vs-liberty-preparatory-christian-academy-mooresville/9-24-2026/?c=c5abcd15-7f80-4881-a60c-a99281ab46e5","https://www.maxpreps.com/nc/soccer/match/hope-academy-concord-vs-liberty-preparatory-christian-academy-mooresville/9-24-2026/?c=c5abcd15-7f80-4881-a60c-a99281ab46e5","/soccer/nc/1cb7?9/24/2026","HOPE Academy","Royals","https://www.maxpreps.com/nc/hope-academy-concord/soccer/","https://www.maxpreps.com/nc/liberty-preparatory-christian-academy-mooresville/soccer/","https://hsfootball.net/proxy.php?url=https%3A%2F%2Fimage.maxpreps.io%2Fschool-mascot%2F8%2F2%2F5%2F8250c6d7-54c9-4b43-92fd-b2b39e187ad5.gif%3Fversion%3D638582718410472450%26amp%3Bwidth%3D128%26amp%3Bheight%3D128%26amp%3Bauto%3Dwebp%26amp%3Bformat%3Dpjpg","https://hsfootball.net/proxy.php?url=https%3A%2F%2Fimage.maxpreps.io%2Fschool-mascot%2Fb%2F7%2F6%2Fb76a8a13-b7d1-4ae9-8f7e-63f57b2de3f1.gif%3Fversion%3D638660737502561900%26amp%3Bwidth%3D128%26amp%3Bheight%3D128%26amp%3Bauto%3Dwebp%26amp%3Bformat%3Dpjpg","boy"
24,"Piedmont Classical vs Bethany Community",Boys Soccer,"North Carolina",9/24/2026,5:00pm,"The Piedmont Classical varsity soccer team has an away conference match @  Bethany Community (Summerfield, NC) on Thursday, September 24 @ 5p.","/nc/soccer/match/bethany-community-summerfield-vs-piedmont-classical-browns-summit/9-24-2026/?c=6e7900e1-3e85-4211-aca3-850029ca305d","https://www.maxpreps.com/nc/soccer/match/bethany-community-summerfield-vs-piedmont-classical-browns-summit/9-24-2026/?c=6e7900e1-3e85-4211-aca3-850029ca305d","/soccer/nc/19da?9/24/2026","Piedmont Classical","Bobcats","https://www.maxpreps.com/nc/bethany-community-summerfield/soccer/","https://www.maxpreps.com/nc/piedmont-classical-browns-summit/soccer/","https://hsfootball.net/proxy.php?url=https%3A%2F%2Fimage.maxpreps.io%2Fschool-mascot%2F2%2Fe%2F3%2F2e389a44-0664-4214-85dc-e0c941b532af.gif%3Fversion%3D638589371969576820%26amp%3Bwidth%3D128%26amp%3Bheight%3D128%26amp%3Bauto%3Dwebp%26amp%3Bformat%3Dpjpg","https://hsfootball.net/proxy.php?url=https%3A%2F%2Fimage.maxpreps.io%2Fschool-mascot%2F1%2Ff%2Ff%2F1fff9cf6-a9d8-48dc-a094-060900a9f079.gif%3Fversion%3D638580746102219030%26amp%3Bwidth%3D128%26amp%3Bheight%3D128%26amp%3Bauto%3Dwebp%26amp%3Bformat%3Dpjpg","boy"
25,"Carolina International vs NCSSM: Morganton",Boys Soccer,"North Carolina",9/24/2026,5:00pm,"The Carolina International varsity soccer team has an away conference match @  NCSSM: Morganton (Morganton, NC) on Thursday, September 24 @ 5p.","/nc/soccer/match/carolina-international-concord-vs-ncssm-morganton/9-24-2026/?c=98af286a-48e1-4686-8963-3a79e6b9eced","https://www.maxpreps.com/nc/soccer/match/carolina-international-concord-vs-ncssm-morganton/9-24-2026/?c=98af286a-48e1-4686-8963-3a79e6b9eced","/soccer/nc/136c?9/24/2026","Carolina International","Comets","https://www.maxpreps.com/nc/carolina-international-concord/soccer/","https://www.maxpreps.com/nc/ncssm-morganton/soccer/","https://hsfootball.net/proxy.php?url=https%3A%2F%2Fimage.maxpreps.io%2Fschool-mascot%2F5%2Fc%2F6%2F5c6a6a91-3c40-467c-b191-d30cdf85c9c5.gif%3Fversion%3D638379439200000000%26amp%3Bwidth%3D128%26amp%3Bheight%3D128%26amp%3Bauto%3Dwebp%26amp%3Bformat%3Dpjpg","https://hsfootball.net/proxy.php?url=https%3A%2F%2Fimage.maxpreps.io%2Fschool-mascot%2F5%2Fd%2F4%2F5d4d4e7f-d319-4731-90a2-f346edc55143.gif%3Fversion%3D638568143305134160%26amp%3Bwidth%3D128%26amp%3Bheight%3D128%26amp%3Bauto%3Dwebp%26amp%3Bformat%3Dpjpg","boy"
26,"Trinity vs South Davidson",Boys Soccer,"North Carolina",9/24/2026,5:00pm,"The Trinity varsity soccer team has an away non-conference match @  South Davidson (Denton, NC) on Thursday, September 24 @ 5p.","/nc/soccer/match/south-davidson-denton-vs-trinity/9-24-2026/?c=f9a7adcb-8d9d-450c-8c29-a198adc669f2","https://www.maxpreps.com/nc/soccer/match/south-davidson-denton-vs-trinity/9-24-2026/?c=f9a7adcb-8d9d-450c-8c29-a198adc669f2","/soccer/nc/cc3?9/24/2026","Trinity","Bulldogs","https://www.maxpreps.com/nc/south-davidson-denton/soccer/","https://www.maxpreps.com/nc/trinity/soccer/","https://hsfootball.net/proxy.php?url=https%3A%2F%2Fimage.maxpreps.io%2Fschool-mascot%2F0%2Fd%2F1%2F0d1ae91d-bec5-4a22-a61c-88c4c44e8af0.gif%3Fversion%3D638579994818770410%26amp%3Bwidth%3D128%26amp%3Bheight%3D128%26amp%3Bauto%3Dwebp%26amp%3Bformat%3Dpjpg","https://hsfootball.net/proxy.php?url=https%3A%2F%2Fimage.maxpreps.io%2Fschool-mascot%2Fa%2F3%2Fb%2Fa3bda323-7ddf-47cf-9dc8-f65b56a95cef.gif%3Fversion%3D637732570200000000%26amp%3Bwidth%3D128%26amp%3Bheight%3D128%26amp%3Bauto%3Dwebp%26amp%3Bformat%3Dpjpg","boy"
27,"Clover Garden School vs Chatham Charter",Boys Soccer,"North Carolina",9/24/2026,5:00pm,"The Clover Garden School varsity soccer team has an away conference match @  Chatham Charter (Siler City, NC) on Thursday, September 24 @ 5p.","/nc/soccer/match/chatham-charter-siler-city-vs-clover-garden-school-burlington/9-24-2026/?c=d718e2b4-a9f7-476c-b67f-7ce605241eb1","https://www.maxpreps.com/nc/soccer/match/chatham-charter-siler-city-vs-clover-garden-school-burlington/9-24-2026/?c=d718e2b4-a9f7-476c-b67f-7ce605241eb1","/soccer/nc/17b0?9/24/2026","Clover Garden School","Grizzlies","https://www.maxpreps.com/nc/chatham-charter-siler-city/soccer/","https://www.maxpreps.com/nc/clover-garden-school-burlington/soccer/","https://hsfootball.net/proxy.php?url=https%3A%2F%2Fimage.maxpreps.io%2Fschool-mascot%2F5%2Fe%2F5%2F5e5931bf-280b-4629-ab35-e483b1125ed6.gif%3Fversion%3D638879178894986790%26amp%3Bwidth%3D128%26amp%3Bheight%3D128%26amp%3Bauto%3Dwebp%26amp%3Bformat%3Dpjpg","https://hsfootball.net/proxy.php?url=https%3A%2F%2Fimage.maxpreps.io%2Fschool-mascot%2F7%2F7%2Fb%2F77bcc925-90c3-4034-a253-34d4964b8673.gif%3Fversion%3D638602286608713820%26amp%3Bwidth%3D128%26amp%3Bheight%3D128%26amp%3Bauto%3Dwebp%26amp%3Bformat%3Dpjpg","boy"
28,"North East Carolina Prep vs Pamlico County",Boys Soccer,"North Carolina",9/24/2026,5:00pm,"The North East Carolina Prep varsity soccer team has an away non-conference match @  Pamlico County (Bayboro, NC) on Thursday, September 24 @ 5p.","/nc/soccer/match/north-east-carolina-prep-tarboro-vs-pamlico-county-bayboro/9-24-2026/?c=fca70d7c-ad42-4496-b8f5-9026418437ab","https://www.maxpreps.com/nc/soccer/match/north-east-carolina-prep-tarboro-vs-pamlico-county-bayboro/9-24-2026/?c=fca70d7c-ad42-4496-b8f5-9026418437ab","/soccer/nc/1697?9/24/2026","North East Carolina Prep","Huskies","https://www.maxpreps.com/nc/north-east-carolina-prep-tarboro/soccer/","https://www.maxpreps.com/nc/pamlico-county-bayboro/soccer/","https://hsfootball.net/proxy.php?url=https%3A%2F%2Fimage.maxpreps.io%2Fschool-mascot%2F8%2F7%2F8%2F8785d4c3-ddb0-415e-9373-36050d158c32.gif%3Fversion%3D638926234369575230%26amp%3Bwidth%3D128%26amp%3Bheight%3D128%26amp%3Bauto%3Dwebp%26amp%3Bformat%3Dpjpg","https://hsfootball.net/proxy.php?url=https%3A%2F%2Fimage.maxpreps.io%2Fschool-mascot%2Fa%2F5%2F1%2Fa51bbbb7-e012-4648-a3a6-45518173c807.gif%3Fversion%3D638867115121583100%26amp%3Bwidth%3D128%26amp%3Bheight%3D128%26amp%3Bauto%3Dwebp%26amp%3Bformat%3Dpjpg","boy"
29,"Wake Prep Academy vs Oxford Prep",Boys Soccer,"North Carolina",9/24/2026,5:00pm,"The Wake Prep Academy varsity soccer team has an away non-conference match @  Oxford Prep (Oxford, NC) on Thursday, September 24 @ 5p.","/nc/soccer/match/oxford-prep-vs-wake-prep-academy-wake-forest/9-24-2026/?c=be61aad2-5ff2-49cd-86e9-aa79ae694d5d","https://www.maxpreps.com/nc/soccer/match/oxford-prep-vs-wake-prep-academy-wake-forest/9-24-2026/?c=be61aad2-5ff2-49cd-86e9-aa79ae694d5d","/soccer/nc/10db?9/24/2026","Wake Prep Academy","Guardians","https://www.maxpreps.com/nc/oxford-prep/soccer/","https://www.maxpreps.com/nc/wake-prep-academy-wake-forest/soccer/","https://hsfootball.net/proxy.php?url=https%3A%2F%2Fimage.maxpreps.io%2Fschool-mascot%2F1%2F2%2F5%2F12565ffa-5733-4463-bdef-3c88c60ee199.gif%3Fversion%3D638693876957979410%26amp%3Bwidth%3D128%26amp%3Bheight%3D128%26amp%3Bauto%3Dwebp%26amp%3Bformat%3Dpjpg","https://hsfootball.net/proxy.php?url=https%3A%2F%2Fimage.maxpreps.io%2Fschool-mascot%2Fe%2F0%2Fc%2Fe0cc943e-81f0-4765-a68a-b0e689eac301.gif%3Fversion%3D638576940521158840%26amp%3Bwidth%3D128%26amp%3Bheight%3D128%26amp%3Bauto%3Dwebp%26amp%3Bformat%3Dpjpg","boy"
30,"Faith Christian vs Village Christian Academy",Boys Soccer,"North Carolina",9/24/2026,5:00pm,"The Faith Christian varsity soccer team has an away non-conference match @  Village Christian Academy (Fayetteville, NC) on Thursday, September 24 @ 5p.","/nc/soccer/match/faith-christian-rocky-mount-vs-village-christian-academy-fayetteville/9-24-2026/?c=315b9efa-1efb-43b8-861b-92ece73995d9","https://www.maxpreps.com/nc/soccer/match/faith-christian-rocky-mount-vs-village-christian-academy-fayetteville/9-24-2026/?c=315b9efa-1efb-43b8-861b-92ece73995d9","/soccer/nc/1b08?9/24/2026","Faith Christian","Patriots","https://www.maxpreps.com/nc/faith-christian-rocky-mount/soccer/","https://www.maxpreps.com/nc/village-christian-academy-fayetteville/soccer/","https://hsfootball.net/proxy.php?url=https%3A%2F%2Fimage.maxpreps.io%2Fschool-mascot%2F9%2F0%2Fa%2F90a23c97-92fc-45fb-8acc-030d169a3a9b.gif%3Fversion%3D638055967200000000%26amp%3Bwidth%3D128%26amp%3Bheight%3D128%26amp%3Bauto%3Dwebp%26amp%3Bformat%3Dpjpg","https://hsfootball.net/proxy.php?url=https%3A%2F%2Fimage.maxpreps.io%2Fschool-mascot%2F6%2Fa%2F0%2F6a009501-f6cd-4a5f-9a6f-ac40cde1d8e0.gif%3Fversion%3D635856982200000000%26amp%3Bwidth%3D128%26amp%3Bheight%3D128%26amp%3Bauto%3Dwebp%26amp%3Bformat%3Dpjpg","boy"
31,"Sheets Memorial Christian vs Covenant Classical",Boys Soccer,"North Carolina",9/24/2026,5:00pm,"The Sheets Memorial Christian varsity soccer team has an away conference match @  Covenant Classical (Concord, NC) on Thursday, September 24 @ 5p.","/nc/soccer/match/covenant-classical-concord-vs-sheets-memorial-christian-lexington/9-24-2026/?c=f6a046a5-acde-40c3-9180-129bb2d2fa3a","https://www.maxpreps.com/nc/soccer/match/covenant-classical-concord-vs-sheets-memorial-christian-lexington/9-24-2026/?c=f6a046a5-acde-40c3-9180-129bb2d2fa3a","/soccer/nc/1998?9/24/2026","Sheets Memorial Christian","Eagles","https://www.maxpreps.com/nc/covenant-classical-concord/soccer/","https://www.maxpreps.com/nc/sheets-memorial-christian-lexington/soccer/","https://hsfootball.net/proxy.php?url=https%3A%2F%2Fimage.maxpreps.io%2Fschool-mascot%2F8%2F3%2F6%2F836406fd-8045-4b5f-a71c-8197f9f6b01c.gif%3Fversion%3D634880557800000000%26amp%3Bwidth%3D128%26amp%3Bheight%3D128%26amp%3Bauto%3Dwebp%26amp%3Bformat%3Dpjpg","https://hsfootball.net/proxy.php?url=https%3A%2F%2Fimage.maxpreps.io%2Fschool-mascot%2Ff%2F5%2F0%2Ff5085b5c-da74-4b01-9eb1-bb2c6e662e13.gif%3Fversion%3D637159776000000000%26amp%3Bwidth%3D128%26amp%3Bheight%3D128%26amp%3Bauto%3Dwebp%26amp%3Bformat%3Dpjpg","boy"
32,"Morehead vs North Stokes",Boys Soccer,"North Carolina",9/24/2026,5:00pm,"The Morehead varsity soccer team has an away non-conference match @  North Stokes (Danbury, NC) on Thursday, September 24 @ 5p.","/nc/soccer/match/morehead-eden-vs-north-stokes-danbury/9-24-2026/?c=c4e11b2e-ed96-414d-a529-ce2744752b41","https://www.maxpreps.com/nc/soccer/match/morehead-eden-vs-north-stokes-danbury/9-24-2026/?c=c4e11b2e-ed96-414d-a529-ce2744752b41","/soccer/nc/e64?9/24/2026","Morehead","Panthers","https://www.maxpreps.com/nc/morehead-eden/soccer/","https://www.maxpreps.com/nc/north-stokes-danbury/soccer/","https://hsfootball.net/proxy.php?url=https%3A%2F%2Fimage.maxpreps.io%2Fschool-mascot%2F0%2F3%2Fb%2F03b17fb7-7cb0-4e87-b356-420397a2b827.gif%3Fversion%3D638579958648533610%26amp%3Bwidth%3D128%26amp%3Bheight%3D128%26amp%3Bauto%3Dwebp%26amp%3Bformat%3Dpjpg","https://hsfootball.net/proxy.php?url=https%3A%2F%2Fimage.maxpreps.io%2Fschool-mascot%2F3%2F2%2F8%2F328fa6ea-919f-4b05-a1e7-ad312c8f3b88.gif%3Fversion%3D636093411600000000%26amp%3Bwidth%3D128%26amp%3Bheight%3D128%26amp%3Bauto%3Dwebp%26amp%3Bformat%3Dpjpg","boy"
33,"Cresset Christian Academy vs Lee Park Prep",Boys Soccer,"North Carolina",9/24/2026,5:00pm,"The Cresset Christian Academy varsity soccer team has an away non-conference match @  Lee Park Prep (Monroe, NC) on Thursday, September 24 @ 5p.","/nc/soccer/match/cresset-christian-academy-durham-vs-lee-park-prep-monroe/9-24-2026/?c=9ec124dc-09cf-433c-9a79-e778e7886dae","https://www.maxpreps.com/nc/soccer/match/cresset-christian-academy-durham-vs-lee-park-prep-monroe/9-24-2026/?c=9ec124dc-09cf-433c-9a79-e778e7886dae","/soccer/nc/158f?9/24/2026","Cresset Christian Academy","Eagles","https://www.maxpreps.com/nc/cresset-christian-academy-durham/soccer/","https://www.maxpreps.com/nc/lee-park-prep-monroe/soccer/","https://hsfootball.net/proxy.php?url=https%3A%2F%2Fimage.maxpreps.io%2Fschool-mascot%2Fe%2Fd%2F2%2Fed2d65be-6534-4aa9-8123-1e46a094ee8e.gif%3Fversion%3D636093649800000000%26amp%3Bwidth%3D128%26amp%3Bheight%3D128%26amp%3Bauto%3Dwebp%26amp%3Bformat%3Dpjpg","https://hsfootball.net/proxy.php?url=https%3A%2F%2Fimage.maxpreps.io%2Fschool-mascot%2F7%2Fe%2Fb%2F7eb2651e-cf41-47d5-a650-24a4ab81417a.gif%3Fversion%3D637467576600000000%26amp%3Bwidth%3D128%26amp%3Bheight%3D128%26amp%3Bauto%3Dwebp%26amp%3Bformat%3Dpjpg","boy"
34,"Harrells Christian Academy vs Rocky Mount Academy",Boys Soccer,"North Carolina",9/24/2026,5:00pm,"The Harrells Christian Academy varsity soccer team has an away conference match @  Rocky Mount Academy (Rocky Mount, NC) on Thursday, September 24 @ 5p.","/nc/soccer/match/harrells-christian-academy-vs-rocky-mount-academy/9-24-2026/?c=45c03983-cd01-419c-b0af-c5fa0b5b92c5","https://www.maxpreps.com/nc/soccer/match/harrells-christian-academy-vs-rocky-mount-academy/9-24-2026/?c=45c03983-cd01-419c-b0af-c5fa0b5b92c5","/soccer/nc/131c?9/24/2026","Harrells Christian Academy","Crusaders","https://www.maxpreps.com/nc/harrells-christian-academy/soccer/","https://www.maxpreps.com/nc/rocky-mount-academy/soccer/","https://hsfootball.net/proxy.php?url=https%3A%2F%2Fimage.maxpreps.io%2Fschool-mascot%2F1%2Fe%2F8%2F1e88d92a-606b-4768-96c7-a40a58a8e93c.gif%3Fversion%3D636319234200000000%26amp%3Bwidth%3D128%26amp%3Bheight%3D128%26amp%3Bauto%3Dwebp%26amp%3Bformat%3Dpjpg","https://hsfootball.net/proxy.php?url=https%3A%2F%2Fimage.maxpreps.io%2Fschool-mascot%2F3%2F4%2F3%2F343d861e-f6dc-43c5-9389-c780297c5fbc.gif%3Fversion%3D639022600866951020%26amp%3Bwidth%3D128%26amp%3Bheight%3D128%26amp%3Bauto%3Dwebp%26amp%3Bformat%3Dpjpg","boy"
35,"Gaston Day vs Concord Academy",Boys Soccer,"North Carolina",9/24/2026,5:15pm,"The Gaston Day varsity soccer team has an away conference match @  Concord Academy (Concord, NC) on Thursday, September 24 @ 5:15p.","/nc/soccer/match/concord-academy-vs-gaston-day-gastonia/9-24-2026/?c=e4760b2e-bdf7-4658-98f6-994fcbb6181e","https://www.maxpreps.com/nc/soccer/match/concord-academy-vs-gaston-day-gastonia/9-24-2026/?c=e4760b2e-bdf7-4658-98f6-994fcbb6181e","/soccer/nc/ea6?9/24/2026","Gaston Day","Spartans","https://www.maxpreps.com/nc/concord-academy/soccer/","https://www.maxpreps.com/nc/gaston-day-gastonia/soccer/","https://hsfootball.net/proxy.php?url=https%3A%2F%2Fimage.maxpreps.io%2Fschool-mascot%2F5%2F4%2F5%2F545430a7-d904-40fc-8176-bed5a324dd6b.gif%3Fversion%3D638737324653292680%26amp%3Bwidth%3D128%26amp%3Bheight%3D128%26amp%3Bauto%3Dwebp%26amp%3Bformat%3Dpjpg","https://hsfootball.net/proxy.php?url=https%3A%2F%2Fimage.maxpreps.io%2Fschool-mascot%2Fa%2Fd%2F6%2Fad62b8aa-6d4a-4fb3-81a7-e2da9622ff4f.gif%3Fversion%3D638539008232685730%26amp%3Bwidth%3D128%26amp%3Bheight%3D128%26amp%3Bauto%3Dwebp%26amp%3Bformat%3Dpjpg","boy"
36,"Heritage Leadership Academy vs Lee Christian",Boys Soccer,"North Carolina",9/24/2026,5:15pm,"The Heritage Leadership Academy varsity soccer team has an away non-conference match @  Lee Christian (Sanford, NC) on Thursday, September 24 @ 5:15p.","/nc/soccer/match/heritage-leadership-academy-apex-vs-lee-christian-sanford/9-24-2026/?c=73d05340-033d-4ac9-82c6-5b06589b45d3","https://www.maxpreps.com/nc/soccer/match/heritage-leadership-academy-apex-vs-lee-christian-sanford/9-24-2026/?c=73d05340-033d-4ac9-82c6-5b06589b45d3","/soccer/nc/15f8?9/24/2026","Heritage Leadership Academy","Fletchers","https://www.maxpreps.com/nc/heritage-leadership-academy-apex/soccer/","https://www.maxpreps.com/nc/lee-christian-sanford/soccer/","https://hsfootball.net/proxy.php?url=https%3A%2F%2Fimage.maxpreps.io%2Fschool-mascot%2F8%2Fb%2Fd%2F8bd91ccd-77cd-4cc4-b700-759cfdd04a10.gif%3Fversion%3D638690720098261550%26amp%3Bwidth%3D128%26amp%3Bheight%3D128%26amp%3Bauto%3Dwebp%26amp%3Bformat%3Dpjpg","https://hsfootball.net/proxy.php?url=https%3A%2F%2Fimage.maxpreps.io%2Fschool-mascot%2F2%2Fd%2Fe%2F2de4cb11-72bf-4a96-a353-db22dd4b88db.gif%3Fversion%3D637754706000000000%26amp%3Bwidth%3D128%26amp%3Bheight%3D128%26amp%3Bauto%3Dwebp%26amp%3Bformat%3Dpjpg","boy"
37,"Community School of Davidson vs Davidson Day",Boys Soccer,"North Carolina",9/24/2026,5:30pm,"The Community School of Davidson varsity soccer team has an away non-conference match @  Davidson Day (Davidson, NC) on Thursday, September 24 @ 5:30p.","/nc/soccer/match/community-school-of-davidson-vs-davidson-day/9-24-2026/?c=fc04f01c-31bc-4120-b589-1802cb2eb28e","https://www.maxpreps.com/nc/soccer/match/community-school-of-davidson-vs-davidson-day/9-24-2026/?c=fc04f01c-31bc-4120-b589-1802cb2eb28e","/soccer/nc/1127?9/24/2026","Community School of Davidson","Spartans","https://www.maxpreps.com/nc/community-school-of-davidson/soccer/","https://www.maxpreps.com/nc/davidson-day/soccer/","https://hsfootball.net/proxy.php?url=https%3A%2F%2Fimage.maxpreps.io%2Fschool-mascot%2F5%2Fa%2Ff%2F5aff4a6f-11d4-4f38-82c4-72532534fa2d.gif%3Fversion%3D638648605999950630%26amp%3Bwidth%3D128%26amp%3Bheight%3D128%26amp%3Bauto%3Dwebp%26amp%3Bformat%3Dpjpg","https://hsfootball.net/proxy.php?url=https%3A%2F%2Fimage.maxpreps.io%2Fschool-mascot%2Fe%2Fe%2Fb%2Feeb9dda9-df8e-4211-9202-eeafea166655.gif%3Fversion%3D634909031400000000%26amp%3Bwidth%3D128%26amp%3Bheight%3D128%26amp%3Bauto%3Dwebp%26amp%3Bformat%3Dpjpg","boy"
38,"Anson vs Mount Pleasant",Boys Soccer,"North Carolina",9/24/2026,5:30pm,"The Anson varsity soccer team has an away conference match @  Mount Pleasant (NC) on Thursday, September 24 @ 5:30p.","/nc/soccer/match/anson-wadesboro-vs-mount-pleasant/9-24-2026/?c=223fb916-add5-43c1-926e-80b0fca0ba53","https://www.maxpreps.com/nc/soccer/match/anson-wadesboro-vs-mount-pleasant/9-24-2026/?c=223fb916-add5-43c1-926e-80b0fca0ba53","/soccer/nc/d0d?9/24/2026","Anson","Bearcats","https://www.maxpreps.com/nc/anson-wadesboro/soccer/","https://www.maxpreps.com/nc/mount-pleasant/soccer/","https://hsfootball.net/proxy.php?url=https%3A%2F%2Fimage.maxpreps.io%2Fschool-mascot%2Fe%2F3%2Ff%2Fe3fe04ad-423a-493c-8668-4b75cf73c0c7.gif%3Fversion%3D635857720200000000%26amp%3Bwidth%3D128%26amp%3Bheight%3D128%26amp%3Bauto%3Dwebp%26amp%3Bformat%3Dpjpg","https://hsfootball.net/proxy.php?url=https%3A%2F%2Fimage.maxpreps.io%2Fschool-mascot%2F2%2Fb%2F5%2F2b599b68-1057-4ed6-858d-102034b54376.gif%3Fversion%3D638379459000000000%26amp%3Bwidth%3D128%26amp%3Bheight%3D128%26amp%3Bauto%3Dwebp%26amp%3Bformat%3Dpjpg","boy"
39,"Carmel Christian vs Hickory Grove Christian",Boys Soccer,"North Carolina",9/24/2026,5:30pm,"The Carmel Christian varsity soccer team has an away conference match @  Hickory Grove Christian (Charlotte, NC) on Thursday, September 24 @ 5:30p.","/nc/soccer/match/carmel-christian-matthews-vs-hickory-grove-christian-charlotte/9-24-2026/?c=475b6681-4f56-422f-ac6a-a2697677dc89","https://www.maxpreps.com/nc/soccer/match/carmel-christian-matthews-vs-hickory-grove-christian-charlotte/9-24-2026/?c=475b6681-4f56-422f-ac6a-a2697677dc89","/soccer/nc/1871?9/24/2026","Carmel Christian","Cougars","https://www.maxpreps.com/nc/carmel-christian-matthews/soccer/","https://www.maxpreps.com/nc/hickory-grove-christian-charlotte/soccer/","https://hsfootball.net/proxy.php?url=https%3A%2F%2Fimage.maxpreps.io%2Fschool-mascot%2F4%2F7%2F4%2F474f40b2-59d4-40ac-9f61-c38cde5a0fcd.gif%3Fversion%3D636245857200000000%26amp%3Bwidth%3D128%26amp%3Bheight%3D128%26amp%3Bauto%3Dwebp%26amp%3Bformat%3Dpjpg","https://hsfootball.net/proxy.php?url=https%3A%2F%2Fimage.maxpreps.io%2Fschool-mascot%2F1%2F6%2Fa%2F16acabd6-fdf4-4a06-ac8b-60b307d92dfd.gif%3Fversion%3D637648699800000000%26amp%3Bwidth%3D128%26amp%3Bheight%3D128%26amp%3Bauto%3Dwebp%26amp%3Bformat%3Dpjpg","boy"
40,"East Mecklenburg vs Rocky River",Boys Soccer,"North Carolina",9/24/2026,5:30pm,"The East Mecklenburg varsity soccer team has an away conference match @  Rocky River (Mint Hill, NC) on Thursday, September 24 @ 5:30p.","/nc/soccer/match/east-mecklenburg-charlotte-vs-rocky-river-cms-athletics-mint-hill/9-24-2026/?c=6f30c2f6-7dcc-4d2f-8190-25d7929c9292","https://www.maxpreps.com/nc/soccer/match/east-mecklenburg-charlotte-vs-rocky-river-cms-athletics-mint-hill/9-24-2026/?c=6f30c2f6-7dcc-4d2f-8190-25d7929c9292","/soccer/nc/1935?9/24/2026","East Mecklenburg","Eagles","https://www.maxpreps.com/nc/east-mecklenburg-charlotte/soccer/","https://www.maxpreps.com/nc/rocky-river-cms-athletics-mint-hill/soccer/","https://hsfootball.net/proxy.php?url=https%3A%2F%2Fimage.maxpreps.io%2Fschool-mascot%2F6%2F1%2Fb%2F61becb2c-6174-49b2-a4cc-585c807e8544.gif%3Fversion%3D638699543380630750%26amp%3Bwidth%3D128%26amp%3Bheight%3D128%26amp%3Bauto%3Dwebp%26amp%3Bformat%3Dpjpg","https://hsfootball.net/proxy.php?url=https%3A%2F%2Fimage.maxpreps.io%2Fschool-mascot%2F7%2Fb%2F4%2F7b4c2591-96c8-4eb1-9338-53cddb73b478.gif%3Fversion%3D638012773800000000%26amp%3Bwidth%3D128%26amp%3Bheight%3D128%26amp%3Bauto%3Dwebp%26amp%3Bformat%3Dpjpg","boy"
41,"Ridgecroft vs The Oakwood School",Boys Soccer,"North Carolina",9/24/2026,5:30pm,"The Ridgecroft varsity soccer team has an away conference match @  The Oakwood School (Greenville, NC) on Thursday, September 24 @ 5:30p.","/nc/soccer/match/ridgecroft-ahoskie-vs-the-oakwood-school-greenville/9-24-2026/?c=85dc0c05-25d2-4e40-986c-b47d5b00c56b","https://www.maxpreps.com/nc/soccer/match/ridgecroft-ahoskie-vs-the-oakwood-school-greenville/9-24-2026/?c=85dc0c05-25d2-4e40-986c-b47d5b00c56b","/soccer/nc/13ee?9/24/2026","Ridgecroft","Rams","https://www.maxpreps.com/nc/ridgecroft-ahoskie/boys-soccer/","https://www.maxpreps.com/nc/the-oakwood-school-greenville/boys-soccer/","https://hsfootball.net/proxy.php?url=https%3A%2F%2Fimage.maxpreps.io%2Fschool-mascot%2F1%2F2%2Ff%2F12febe32-a230-4f1b-ad52-76f7c61a23f0.gif%3Fversion%3D636596503800000000%26amp%3Bwidth%3D128%26amp%3Bheight%3D128%26amp%3Bauto%3Dwebp%26amp%3Bformat%3Dpjpg","https://hsfootball.net/proxy.php?url=https%3A%2F%2Fimage.maxpreps.io%2Fschool-mascot%2Fe%2Fb%2F2%2Feb2804d2-d8ee-4267-8453-44f40c8835a4.gif%3Fversion%3D633921468000000000%26amp%3Bwidth%3D128%26amp%3Bheight%3D128%26amp%3Bauto%3Dwebp%26amp%3Bformat%3Dpjpg","boy"
42,"Northside - Jacksonville vs Richlands",Boys Soccer,"North Carolina",9/24/2026,6:00pm,"The Northside - Jacksonville varsity soccer team has an away conference match @  Richlands (NC) on Thursday, September 24 @ 6p.","/nc/soccer/match/northside-jacksonville-vs-richlands/9-24-2026/?c=5746879b-7069-4544-a97e-7eff508a50cd","https://www.maxpreps.com/nc/soccer/match/northside-jacksonville-vs-richlands/9-24-2026/?c=5746879b-7069-4544-a97e-7eff508a50cd","/soccer/nc/dfd?9/24/2026","Northside - Jacksonville","Monarchs","https://www.maxpreps.com/nc/northside-jacksonville/boys-soccer/","https://www.maxpreps.com/nc/richlands/boys-soccer/","https://hsfootball.net/proxy.php?url=https%3A%2F%2Fimage.maxpreps.io%2Fschool-mascot%2Fb%2Fc%2F2%2Fbc2f903d-f4f2-459b-9ca4-1df4af419c97.gif%3Fversion%3D637284401400000000%26amp%3Bwidth%3D128%26amp%3Bheight%3D128%26amp%3Bauto%3Dwebp%26amp%3Bformat%3Dpjpg","https://hsfootball.net/proxy.php?url=https%3A%2F%2Fimage.maxpreps.io%2Fschool-mascot%2Fb%2F7%2F1%2Fb7141182-b6d5-4601-adfb-8140dcf4501f.gif%3Fversion%3D638878823908180150%26amp%3Bwidth%3D128%26amp%3Bheight%3D128%26amp%3Bauto%3Dwebp%26amp%3Bformat%3Dpjpg","boy"
43,"Swansboro vs West Carteret",Boys Soccer,"North Carolina",9/24/2026,6:00pm,"The Swansboro varsity soccer team has an away conference match @  West Carteret (Morehead City, NC) on Thursday, September 24 @ 6p.","/nc/soccer/match/swansboro-vs-west-carteret-morehead-city/9-24-2026/?c=beab3698-497e-4095-bd71-fe381140b979","https://www.maxpreps.com/nc/soccer/match/swansboro-vs-west-carteret-morehead-city/9-24-2026/?c=beab3698-497e-4095-bd71-fe381140b979","/soccer/nc/fc3?9/24/2026","Swansboro","Pirates","https://www.maxpreps.com/nc/swansboro/boys-soccer/","https://www.maxpreps.com/nc/west-carteret-morehead-city/boys-soccer/","https://hsfootball.net/proxy.php?url=https%3A%2F%2Fimage.maxpreps.io%2Fschool-mascot%2F4%2Fc%2F5%2F4c523869-3eed-4b42-8bfb-1171a212207c.gif%3Fversion%3D634986688200000000%26amp%3Bwidth%3D128%26amp%3Bheight%3D128%26amp%3Bauto%3Dwebp%26amp%3Bformat%3Dpjpg","https://hsfootball.net/proxy.php?url=https%3A%2F%2Fimage.maxpreps.io%2Fschool-mascot%2F4%2F8%2F3%2F48344c97-74fe-4b29-bbaf-ef5d76a241a8.gif%3Fversion%3D638708405317308330%26amp%3Bwidth%3D128%26amp%3Bheight%3D128%26amp%3Bauto%3Dwebp%26amp%3Bformat%3Dpjpg","boy"
44,"North Surry vs West Wilkes",Boys Soccer,"North Carolina",9/24/2026,6:00pm,"The North Surry varsity soccer team has an away non-conference match @  West Wilkes (Millers Creek, NC) on Thursday, September 24 @ 6p.","/nc/soccer/match/north-surry-mount-airy-vs-west-wilkes-millers-creek/9-24-2026/?c=407bcd71-b4a6-460e-ad60-effef8e9e35c","https://www.maxpreps.com/nc/soccer/match/north-surry-mount-airy-vs-west-wilkes-millers-creek/9-24-2026/?c=407bcd71-b4a6-460e-ad60-effef8e9e35c","/soccer/nc/13fd?9/24/2026","North Surry","Greyhounds","https://www.maxpreps.com/nc/north-surry-mount-airy/boys-soccer/","https://www.maxpreps.com/nc/west-wilkes-millers-creek/boys-soccer/","https://hsfootball.net/proxy.php?url=https%3A%2F%2Fimage.maxpreps.io%2Fschool-mascot%2F0%2F0%2F4%2F004f1405-4568-49f3-bf51-16a19024f993.gif%3Fversion%3D638579965802429620%26amp%3Bwidth%3D128%26amp%3Bheight%3D128%26amp%3Bauto%3Dwebp%26amp%3Bformat%3Dpjpg","https://hsfootball.net/proxy.php?url=https%3A%2F%2Fimage.maxpreps.io%2Fschool-mascot%2F3%2F2%2F3%2F323dbe15-4980-4059-9b92-71e37f5b362e.gif%3Fversion%3D635284007400000000%26amp%3Bwidth%3D128%26amp%3Bheight%3D128%26amp%3Bauto%3Dwebp%26amp%3Bformat%3Dpjpg","boy"
45,"North Lincoln vs Bandys",Boys Soccer,"North Carolina",9/24/2026,6:00pm,"The North Lincoln varsity soccer team has an away conference match @  Bandys (Catawba, NC) on Thursday, September 24 @ 6p.","/nc/soccer/match/bandys-catawba-vs-north-lincoln-lincolnton/9-24-2026/?c=2dbf9f84-9551-4a7f-8368-1a81146e3b69","https://www.maxpreps.com/nc/soccer/match/bandys-catawba-vs-north-lincoln-lincolnton/9-24-2026/?c=2dbf9f84-9551-4a7f-8368-1a81146e3b69","/soccer/nc/1078?9/24/2026","North Lincoln","Knights","https://www.maxpreps.com/nc/bandys-catawba/boys-soccer/","https://www.maxpreps.com/nc/north-lincoln-lincolnton/boys-soccer/","https://hsfootball.net/proxy.php?url=https%3A%2F%2Fimage.maxpreps.io%2Fschool-mascot%2F5%2Fb%2F1%2F5b198cb4-e877-495e-8241-5452187f1edb.gif%3Fversion%3D636356178600000000%26amp%3Bwidth%3D128%26amp%3Bheight%3D128%26amp%3Bauto%3Dwebp%26amp%3Bformat%3Dpjpg","https://hsfootball.net/proxy.php?url=https%3A%2F%2Fimage.maxpreps.io%2Fschool-mascot%2F0%2Ff%2Ff%2F0ff09972-0419-4362-87d9-51e344a37de6.gif%3Fversion%3D638579920909091790%26amp%3Bwidth%3D128%26amp%3Bheight%3D128%26amp%3Bauto%3Dwebp%26amp%3Bformat%3Dpjpg","boy"
46,"North Buncombe vs R-S Central",Boys Soccer,"North Carolina",9/24/2026,6:00pm,"The North Buncombe varsity soccer team has an away non-conference match @  R-S Central (Rutherfordton, NC) on Thursday, September 24 @ 6p.","/nc/soccer/match/north-buncombe-weaverville-vs-r-s-central-rutherfordton/9-24-2026/?c=fd7fce0e-a8f5-4797-a414-06128250e3dc","https://www.maxpreps.com/nc/soccer/match/north-buncombe-weaverville-vs-r-s-central-rutherfordton/9-24-2026/?c=fd7fce0e-a8f5-4797-a414-06128250e3dc","/soccer/nc/15a4?9/24/2026","North Buncombe","Black Hawks","https://www.maxpreps.com/nc/north-buncombe-weaverville/boys-soccer/","https://www.maxpreps.com/nc/r-s-central-rutherfordton/boys-soccer/","https://hsfootball.net/proxy.php?url=https%3A%2F%2Fimage.maxpreps.io%2Fschool-mascot%2F1%2F1%2Fe%2F11e0ff7a-cabd-48c5-b5e3-b1a24caf15a4.gif%3Fversion%3D638808034874438120%26amp%3Bwidth%3D128%26amp%3Bheight%3D128%26amp%3Bauto%3Dwebp%26amp%3Bformat%3Dpjpg","https://hsfootball.net/proxy.php?url=https%3A%2F%2Fimage.maxpreps.io%2Fschool-mascot%2F7%2F3%2F3%2F733763a3-308b-4406-bd15-bab03f994ee3.gif%3Fversion%3D637357012800000000%26amp%3Bwidth%3D128%26amp%3Bheight%3D128%26amp%3Bauto%3Dwebp%26amp%3Bformat%3Dpjpg","boy"
47,"Wake Christian Academy vs Trinity Academy",Boys Soccer,"North Carolina",9/24/2026,6:00pm,"The Wake Christian Academy varsity soccer team has an away conference match @  Trinity Academy (Raleigh, NC) on Thursday, September 24 @ 6p.","/nc/soccer/match/trinity-academy-raleigh-vs-wake-christian-academy-raleigh/9-24-2026/?c=5eaf98fc-55ee-45c1-a0a3-ccf5f1ddfc52","https://www.maxpreps.com/nc/soccer/match/trinity-academy-raleigh-vs-wake-christian-academy-raleigh/9-24-2026/?c=5eaf98fc-55ee-45c1-a0a3-ccf5f1ddfc52","/soccer/nc/1604?9/24/2026","Wake Christian Academy","Bulldogs","https://www.maxpreps.com/nc/trinity-academy-raleigh/boys-soccer/","https://www.maxpreps.com/nc/wake-christian-academy-raleigh/boys-soccer/","https://hsfootball.net/proxy.php?url=https%3A%2F%2Fimage.maxpreps.io%2Fschool-mascot%2F5%2Fd%2Fa%2F5da2600b-e987-402b-ac42-36ab7e084ccc.gif%3Fversion%3D635415418800000000%26amp%3Bwidth%3D128%26amp%3Bheight%3D128%26amp%3Bauto%3Dwebp%26amp%3Bformat%3Dpjpg","https://hsfootball.net/proxy.php?url=https%3A%2F%2Fimage.maxpreps.io%2Fschool-mascot%2Fb%2F4%2Ff%2Fb4f65888-0c1a-4d24-8806-f90945218083.gif%3Fversion%3D635853448800000000%26amp%3Bwidth%3D128%26amp%3Bheight%3D128%26amp%3Bauto%3Dwebp%26amp%3Bformat%3Dpjpg","boy"
48,"South Rowan vs Concord",Boys Soccer,"North Carolina",9/24/2026,6:00pm,"The South Rowan varsity soccer team has an away conference match @  Concord (NC) on Thursday, September 24 @ 6p.","/nc/soccer/match/concord-vs-south-rowan-china-grove/9-24-2026/?c=7458878f-b1c3-4ad0-a563-31ca5f371df6","https://www.maxpreps.com/nc/soccer/match/concord-vs-south-rowan-china-grove/9-24-2026/?c=7458878f-b1c3-4ad0-a563-31ca5f371df6","/soccer/nc/d32?9/24/2026","South Rowan","Raiders","https://www.maxpreps.com/nc/concord/boys-soccer/","https://www.maxpreps.com/nc/south-rowan-china-grove/boys-soccer/","https://hsfootball.net/proxy.php?url=https%3A%2F%2Fimage.maxpreps.io%2Fschool-mascot%2F8%2F1%2F5%2F8151c22c-a783-4e80-a776-6b709c7c6bba.gif%3Fversion%3D638498476800000000%26amp%3Bwidth%3D128%26amp%3Bheight%3D128%26amp%3Bauto%3Dwebp%26amp%3Bformat%3Dpjpg","https://hsfootball.net/proxy.php?url=https%3A%2F%2Fimage.maxpreps.io%2Fschool-mascot%2F5%2Fe%2Fe%2F5ee0fc8f-fe38-42cd-8d6e-92f1ca4c0909.gif%3Fversion%3D638379433200000000%26amp%3Bwidth%3D128%26amp%3Bheight%3D128%26amp%3Bauto%3Dwebp%26amp%3Bformat%3Dpjpg","boy"
49,"Northwest Cabarrus vs East Rowan",Boys Soccer,"North Carolina",9/24/2026,6:00pm,"The Northwest Cabarrus varsity soccer team has an away conference match @  East Rowan (Salisbury, NC) on Thursday, September 24 @ 6p.","/nc/soccer/match/east-rowan-salisbury-vs-northwest-cabarrus-concord/9-24-2026/?c=547e6c11-d187-4721-a386-fd3da3f5d61c","https://www.maxpreps.com/nc/soccer/match/east-rowan-salisbury-vs-northwest-cabarrus-concord/9-24-2026/?c=547e6c11-d187-4721-a386-fd3da3f5d61c","/soccer/nc/13d2?9/24/2026","Northwest Cabarrus","Trojans","https://www.maxpreps.com/nc/east-rowan-salisbury/boys-soccer/","https://www.maxpreps.com/nc/northwest-cabarrus-concord/boys-soccer/","https://hsfootball.net/proxy.php?url=https%3A%2F%2Fimage.maxpreps.io%2Fschool-mascot%2F5%2F1%2F4%2F514ff527-0d1a-4d70-9349-0928b1ec43a0.gif%3Fversion%3D638379521400000000%26amp%3Bwidth%3D128%26amp%3Bheight%3D128%26amp%3Bauto%3Dwebp%26amp%3Bformat%3Dpjpg","https://hsfootball.net/proxy.php?url=https%3A%2F%2Fimage.maxpreps.io%2Fschool-mascot%2Fb%2Fd%2Fa%2Fbdaa7747-79ed-446e-9831-81e60f87d74d.gif%3Fversion%3D638654159011356580%26amp%3Bwidth%3D128%26amp%3Bheight%3D128%26amp%3Bauto%3Dwebp%26amp%3Bformat%3Dpjpg","boy"
50,"Union Academy vs North Rowan",Boys Soccer,"North Carolina",9/24/2026,6:00pm,"The Union Academy varsity soccer team has an away conference match @  North Rowan (Spencer, NC) on Thursday, September 24 @ 6p.","/nc/soccer/match/north-rowan-spencer-vs-union-academy-monroe/9-24-2026/?c=e110797f-cb9d-465f-9f04-681913b0384a","https://www.maxpreps.com/nc/soccer/match/north-rowan-spencer-vs-union-academy-monroe/9-24-2026/?c=e110797f-cb9d-465f-9f04-681913b0384a","/soccer/nc/10c6?9/24/2026","Union Academy","Cardinals","https://www.maxpreps.com/nc/north-rowan-spencer/boys-soccer/","https://www.maxpreps.com/nc/union-academy-monroe/boys-soccer/","https://hsfootball.net/proxy.php?url=https%3A%2F%2Fimage.maxpreps.io%2Fschool-mascot%2F5%2Fd%2Fb%2F5db3b111-a6ba-40e1-9a60-a9e379dd0be2.gif%3Fversion%3D637712673600000000%26amp%3Bwidth%3D128%26amp%3Bheight%3D128%26amp%3Bauto%3Dwebp%26amp%3Bformat%3Dpjpg","https://hsfootball.net/proxy.php?url=https%3A%2F%2Fimage.maxpreps.io%2Fschool-mascot%2F9%2Fa%2F1%2F9a1dee31-4fc8-495e-a418-fb0b0dd58093.gif%3Fversion%3D638379535200000000%26amp%3Bwidth%3D128%26amp%3Bheight%3D128%26amp%3Bauto%3Dwebp%26amp%3Bformat%3Dpjpg","boy"
51,"South Stokes vs Mount Airy",Boys Soccer,"North Carolina",9/24/2026,6:00pm,"The South Stokes varsity soccer team has an away non-conference match @  Mount Airy (NC) on Thursday, September 24 @ 6p.","/nc/soccer/match/mount-airy-granite-bears-vs-south-stokes-walnut-cove/9-24-2026/?c=6c133e39-c17a-4d3e-a6b1-4a770cbd98ff","https://www.maxpreps.com/nc/soccer/match/mount-airy-granite-bears-vs-south-stokes-walnut-cove/9-24-2026/?c=6c133e39-c17a-4d3e-a6b1-4a770cbd98ff","/soccer/nc/1444?9/24/2026","South Stokes","Sauras","https://www.maxpreps.com/nc/mount-airy-granite-bears/boys-soccer/","https://www.maxpreps.com/nc/south-stokes-walnut-cove/boys-soccer/","https://hsfootball.net/proxy.php?url=https%3A%2F%2Fimage.maxpreps.io%2Fschool-mascot%2F2%2F1%2Fa%2F21aa51cd-03e9-455a-85d8-fdd22f7114c8.gif%3Fversion%3D638386093800000000%26amp%3Bwidth%3D128%26amp%3Bheight%3D128%26amp%3Bauto%3Dwebp%26amp%3Bformat%3Dpjpg","https://hsfootball.net/proxy.php?url=https%3A%2F%2Fimage.maxpreps.io%2Fschool-mascot%2F0%2F2%2Fa%2F02a28ed5-1c56-4253-9189-7f7713e352d0.gif%3Fversion%3D638059613400000000%26amp%3Bwidth%3D128%26amp%3Bheight%3D128%26amp%3Bauto%3Dwebp%26amp%3Bformat%3Dpjpg","boy"
52,"Topsail vs North Brunswick",Boys Soccer,"North Carolina",9/24/2026,6:00pm,"The Topsail varsity soccer team has an away conference match @  North Brunswick (Leland, NC) on Thursday, September 24 @ 6p.","/nc/soccer/match/north-brunswick-leland-vs-topsail-hampstead/9-24-2026/?c=e661e829-72da-4850-9698-6de7a9c464fc","https://www.maxpreps.com/nc/soccer/match/north-brunswick-leland-vs-topsail-hampstead/9-24-2026/?c=e661e829-72da-4850-9698-6de7a9c464fc","/soccer/nc/10f0?9/24/2026","Topsail","Pirates","https://www.maxpreps.com/nc/north-brunswick-leland/boys-soccer/","https://www.maxpreps.com/nc/topsail-hampstead/boys-soccer/","https://hsfootball.net/proxy.php?url=https%3A%2F%2Fimage.maxpreps.io%2Fschool-mascot%2Fe%2Fa%2Fa%2Feaaa9926-67ec-4327-a36c-62d73a8a0535.gif%3Fversion%3D636935313600000000%26amp%3Bwidth%3D128%26amp%3Bheight%3D128%26amp%3Bauto%3Dwebp%26amp%3Bformat%3Dpjpg","https://hsfootball.net/proxy.php?url=https%3A%2F%2Fimage.maxpreps.io%2Fschool-mascot%2F0%2Fc%2F1%2F0c15293d-a1b1-4eca-83b6-4e88b894be11.gif%3Fversion%3D638866732026512700%26amp%3Bwidth%3D128%26amp%3Bheight%3D128%26amp%3Bauto%3Dwebp%26amp%3Bformat%3Dpjpg","boy"
53,"Pender vs Whiteville",Boys Soccer,"North Carolina",9/24/2026,6:00pm,"The Pender varsity soccer team has an away non-conference match @  Whiteville (NC) on Thursday, September 24 @ 6p.","/nc/soccer/match/pender-burgaw-vs-whiteville/9-24-2026/?c=403cfa38-b4ea-4f45-92bd-c11ef32efe7e","https://www.maxpreps.com/nc/soccer/match/pender-burgaw-vs-whiteville/9-24-2026/?c=403cfa38-b4ea-4f45-92bd-c11ef32efe7e","/soccer/nc/ab3?9/24/2026","Pender","Patriots","https://www.maxpreps.com/nc/pender-burgaw/boys-soccer/","https://www.maxpreps.com/nc/whiteville/boys-soccer/","https://hsfootball.net/proxy.php?url=https%3A%2F%2Fimage.maxpreps.io%2Fschool-mascot%2F8%2Fb%2Fc%2F8bce80ec-0c31-4c4d-ac37-83215b022ea2.gif%3Fversion%3D638871302974966760%26amp%3Bwidth%3D128%26amp%3Bheight%3D128%26amp%3Bauto%3Dwebp%26amp%3Bformat%3Dpjpg","https://hsfootball.net/proxy.php?url=https%3A%2F%2Fimage.maxpreps.io%2Fschool-mascot%2F0%2F6%2F8%2F068552d5-5747-4653-b5c0-daa1eac949e4.gif%3Fversion%3D638892064412966190%26amp%3Bwidth%3D128%26amp%3Bheight%3D128%26amp%3Bauto%3Dwebp%26amp%3Bformat%3Dpjpg","boy"
54,"Hoggard vs West Brunswick",Boys Soccer,"North Carolina",9/24/2026,6:00pm,"The Hoggard varsity soccer team has an away conference match @  West Brunswick (Shallotte, NC) on Thursday, September 24 @ 6p.","/nc/soccer/match/hoggard-wilmington-vs-west-brunswick-shallotte/9-24-2026/?c=67953437-99d8-4e92-add1-edcacd9e826f","https://www.maxpreps.com/nc/soccer/match/hoggard-wilmington-vs-west-brunswick-shallotte/9-24-2026/?c=67953437-99d8-4e92-add1-edcacd9e826f","/soccer/nc/1259?9/24/2026","Hoggard","Vikings","https://www.maxpreps.com/nc/hoggard-wilmington/boys-soccer/","https://www.maxpreps.com/nc/west-brunswick-shallotte/boys-soccer/","https://hsfootball.net/proxy.php?url=https%3A%2F%2Fimage.maxpreps.io%2Fschool-mascot%2F1%2F2%2Fb%2F12b5c67e-addf-42c1-acf4-b1cf4a5e6bcc.gif%3Fversion%3D636075868800000000%26amp%3Bwidth%3D128%26amp%3Bheight%3D128%26amp%3Bauto%3Dwebp%26amp%3Bformat%3Dpjpg","https://hsfootball.net/proxy.php?url=https%3A%2F%2Fimage.maxpreps.io%2Fschool-mascot%2F0%2F7%2Fc%2F07c55357-f061-485d-87dd-de94da920ba7.gif%3Fversion%3D638892063414624130%26amp%3Bwidth%3D128%26amp%3Bheight%3D128%26amp%3Bauto%3Dwebp%26amp%3Bformat%3Dpjpg","boy"
55,"Laney vs Ashley",Boys Soccer,"North Carolina",9/24/2026,6:00pm,"The Laney varsity soccer team has an away conference match @  Ashley (Wilmington, NC) on Thursday, September 24 @ 6p.","/nc/soccer/match/ashley-wilmington-vs-ea-laney-buccaneers-wilmington/9-24-2026/?c=425152d5-5fd3-4d53-9435-80bd53922037","https://www.maxpreps.com/nc/soccer/match/ashley-wilmington-vs-ea-laney-buccaneers-wilmington/9-24-2026/?c=425152d5-5fd3-4d53-9435-80bd53922037","/soccer/nc/1407?9/24/2026","Laney","Buccaneers","https://www.maxpreps.com/nc/ashley-wilmington/boys-soccer/","https://www.maxpreps.com/nc/ea-laney-buccaneers-wilmington/boys-soccer/","https://hsfootball.net/proxy.php?url=https%3A%2F%2Fimage.maxpreps.io%2Fschool-mascot%2F7%2F1%2Ff%2F71fccbdd-2c49-4c3a-82e9-101ed692d651.gif%3Fversion%3D636770518200000000%26amp%3Bwidth%3D128%26amp%3Bheight%3D128%26amp%3Bauto%3Dwebp%26amp%3Bformat%3Dpjpg","https://hsfootball.net/proxy.php?url=https%3A%2F%2Fimage.maxpreps.io%2Fschool-mascot%2F6%2F4%2F4%2F64442dc4-6723-43f8-96ac-963b034ae03c.gif%3Fversion%3D636161774400000000%26amp%3Bwidth%3D128%26amp%3Bheight%3D128%26amp%3Bauto%3Dwebp%26amp%3Bformat%3Dpjpg","boy"
56,"Croatan vs Havelock",Boys Soccer,"North Carolina",9/24/2026,6:00pm,"The Croatan varsity soccer team has an away conference match @  Havelock (NC) on Thursday, September 24 @ 6p.","/nc/soccer/match/croatan-newport-vs-havelock/9-24-2026/?c=ffeac60d-5dc4-444e-afcd-c2ff14943479","https://www.maxpreps.com/nc/soccer/match/croatan-newport-vs-havelock/9-24-2026/?c=ffeac60d-5dc4-444e-afcd-c2ff14943479","/soccer/nc/ab4?9/24/2026","Croatan","Cougars","https://www.maxpreps.com/nc/croatan-newport/boys-soccer/","https://www.maxpreps.com/nc/havelock/boys-soccer/","https://hsfootball.net/proxy.php?url=https%3A%2F%2Fimage.maxpreps.io%2Fschool-mascot%2F0%2F2%2F4%2F024f9d3a-2ed6-4741-bb2d-2e625bbac46a.gif%3Fversion%3D638878813926049830%26amp%3Bwidth%3D128%26amp%3Bheight%3D128%26amp%3Bauto%3Dwebp%26amp%3Bformat%3Dpjpg","https://hsfootball.net/proxy.php?url=https%3A%2F%2Fimage.maxpreps.io%2Fschool-mascot%2F2%2F2%2F7%2F2271f130-f916-418e-bef0-67f340e07e8b.gif%3Fversion%3D638878816776805770%26amp%3Bwidth%3D128%26amp%3Bheight%3D128%26amp%3Bauto%3Dwebp%26amp%3Bformat%3Dpjpg","boy"
57,"North Johnston vs West Craven",Boys Soccer,"North Carolina",9/24/2026,6:00pm,"The North Johnston varsity soccer team has an away conference match @  West Craven (Vanceboro, NC) on Thursday, September 24 @ 6p.","/nc/soccer/match/north-johnston-kenly-vs-west-craven-vanceboro/9-24-2026/?c=d9c74dfd-9471-4da0-81b9-1ebe57ef33b0","https://www.maxpreps.com/nc/soccer/match/north-johnston-kenly-vs-west-craven-vanceboro/9-24-2026/?c=d9c74dfd-9471-4da0-81b9-1ebe57ef33b0","/soccer/nc/11b9?9/24/2026","North Johnston","Panthers","https://www.maxpreps.com/nc/north-johnston-kenly/boys-soccer/","https://www.maxpreps.com/nc/west-craven-vanceboro/boys-soccer/","https://hsfootball.net/proxy.php?url=https%3A%2F%2Fimage.maxpreps.io%2Fschool-mascot%2Fc%2F1%2F4%2Fc142600c-b07c-4592-8707-655300b40069.gif%3Fversion%3D638599314852188720%26amp%3Bwidth%3D128%26amp%3Bheight%3D128%26amp%3Bauto%3Dwebp%26amp%3Bformat%3Dpjpg","https://hsfootball.net/proxy.php?url=https%3A%2F%2Fimage.maxpreps.io%2Fschool-mascot%2Fc%2F5%2Fb%2Fc5b8fbfd-2e37-4a43-9298-aa9219c02f34.gif%3Fversion%3D639232548148491020%26amp%3Bwidth%3D128%26amp%3Bheight%3D128%26amp%3Bauto%3Dwebp%26amp%3Bformat%3Dpjpg","boy"
58,"Southern Guilford vs T.W. Andrews",Boys Soccer,"North Carolina",9/24/2026,6:00pm,"The Southern Guilford varsity soccer team has an away non-conference match @  T.W. Andrews (High Point, NC) on Thursday, September 24 @ 6p.","/nc/soccer/match/southern-guilford-greensboro-vs-t-wingate-andrews-red-raiders-high-point/9-24-2026/?c=54909b61-bbd9-44b8-a81b-5efbcd6f8728","https://www.maxpreps.com/nc/soccer/match/southern-guilford-greensboro-vs-t-wingate-andrews-red-raiders-high-point/9-24-2026/?c=54909b61-bbd9-44b8-a81b-5efbcd6f8728","/soccer/nc/1bfb?9/24/2026","Southern Guilford","Storm","https://www.maxpreps.com/nc/southern-guilford-greensboro/boys-soccer/","https://www.maxpreps.com/nc/t-wingate-andrews-red-raiders-high-point/boys-soccer/","https://hsfootball.net/proxy.php?url=https%3A%2F%2Fimage.maxpreps.io%2Fschool-mascot%2Fc%2Fb%2F0%2Fcb0e745c-f1be-4d05-8907-818d421be06d.gif%3Fversion%3D635449823400000000%26amp%3Bwidth%3D128%26amp%3Bheight%3D128%26amp%3Bauto%3Dwebp%26amp%3Bformat%3Dpjpg","https://hsfootball.net/proxy.php?url=https%3A%2F%2Fimage.maxpreps.io%2Fschool-mascot%2Fc%2F5%2F4%2Fc54bf8d7-4f71-4bf1-8fb1-c0ce84b73525.gif%3Fversion%3D638580002502843340%26amp%3Bwidth%3D128%26amp%3Bheight%3D128%26amp%3Bauto%3Dwebp%26amp%3Bformat%3Dpjpg","boy"
59,"Eastern Guilford vs Southern Alamance",Boys Soccer,"North Carolina",9/24/2026,6:00pm,"The Eastern Guilford varsity soccer team has an away non-conference match @  Southern Alamance (Graham, NC) on Thursday, September 24 @ 6p.","/nc/soccer/match/eastern-guilford-gibsonville-vs-southern-alamance-graham/9-24-2026/?c=bc15ed8a-f55f-4eb6-8e20-ec2ba0fa3804","https://www.maxpreps.com/nc/soccer/match/eastern-guilford-gibsonville-vs-southern-alamance-graham/9-24-2026/?c=bc15ed8a-f55f-4eb6-8e20-ec2ba0fa3804","/soccer/nc/15fd?9/24/2026","Eastern Guilford","Wildcats","https://www.maxpreps.com/nc/eastern-guilford-gibsonville/boys-soccer/","https://www.maxpreps.com/nc/southern-alamance-graham/boys-soccer/","https://hsfootball.net/proxy.php?url=https%3A%2F%2Fimage.maxpreps.io%2Fschool-mascot%2F0%2F8%2Fe%2F08e76f8e-93ba-4345-8b32-70c58884f421.gif%3Fversion%3D637635824400000000%26amp%3Bwidth%3D128%26amp%3Bheight%3D128%26amp%3Bauto%3Dwebp%26amp%3Bformat%3Dpjpg","https://hsfootball.net/proxy.php?url=https%3A%2F%2Fimage.maxpreps.io%2Fschool-mascot%2Fa%2Fc%2Fc%2Facc72811-03e2-47f1-ab6b-82dcc7bcd2f5.gif%3Fversion%3D637749829800000000%26amp%3Bwidth%3D128%26amp%3Bheight%3D128%26amp%3Bauto%3Dwebp%26amp%3Bformat%3Dpjpg","boy"
60,"Maiden vs South Caldwell",Boys Soccer,"North Carolina",9/24/2026,6:00pm,"The Maiden varsity soccer team has an away non-conference match @  South Caldwell (Hudson, NC) on Thursday, September 24 @ 6p.","/nc/soccer/match/maiden-vs-south-caldwell-hudson/9-24-2026/?c=e91ca0e5-be93-4116-ac1a-7aee4e17dd5f","https://www.maxpreps.com/nc/soccer/match/maiden-vs-south-caldwell-hudson/9-24-2026/?c=e91ca0e5-be93-4116-ac1a-7aee4e17dd5f","/soccer/nc/c17?9/24/2026","Maiden","Blue Devils","https://www.maxpreps.com/nc/maiden/boys-soccer/","https://www.maxpreps.com/nc/south-caldwell-hudson/boys-soccer/","https://hsfootball.net/proxy.php?url=https%3A%2F%2Fimage.maxpreps.io%2Fschool-mascot%2Ff%2F0%2Ff%2Ff0fe2827-3605-46e1-a52e-12399a6bbdd0.gif%3Fversion%3D638579948893409920%26amp%3Bwidth%3D128%26amp%3Bheight%3D128%26amp%3Bauto%3Dwebp%26amp%3Bformat%3Dpjpg","https://hsfootball.net/proxy.php?url=https%3A%2F%2Fimage.maxpreps.io%2Fschool-mascot%2F5%2F1%2F0%2F51003bc8-8aa2-4163-97ff-0cc2e4ae61e6.gif%3Fversion%3D638384385000000000%26amp%3Bwidth%3D128%26amp%3Bheight%3D128%26amp%3Bauto%3Dwebp%26amp%3Bformat%3Dpjpg","boy"
61,"James Kenan vs East Duplin",Boys Soccer,"North Carolina",9/24/2026,6:00pm,"The James Kenan varsity soccer team has an away non-conference match @  East Duplin (Beulaville, NC) on Thursday, September 24 @ 6p.","/nc/soccer/match/east-duplin-beulaville-vs-james-kenan-warsaw/9-24-2026/?c=0f0be4b3-53f2-464b-b6f2-281ad08c2721","https://www.maxpreps.com/nc/soccer/match/east-duplin-beulaville-vs-james-kenan-warsaw/9-24-2026/?c=0f0be4b3-53f2-464b-b6f2-281ad08c2721","/soccer/nc/1107?9/24/2026","James Kenan","Tigers","https://www.maxpreps.com/nc/east-duplin-beulaville/boys-soccer/","https://www.maxpreps.com/nc/james-kenan-warsaw/boys-soccer/","https://hsfootball.net/proxy.php?url=https%3A%2F%2Fimage.maxpreps.io%2Fschool-mascot%2F1%2F6%2F1%2F16197d54-95a2-42f6-aedb-0527d2d31ed9.gif%3Fversion%3D638878836296243580%26amp%3Bwidth%3D128%26amp%3Bheight%3D128%26amp%3Bauto%3Dwebp%26amp%3Bformat%3Dpjpg","https://hsfootball.net/proxy.php?url=https%3A%2F%2Fimage.maxpreps.io%2Fschool-mascot%2F4%2F0%2Fe%2F40ebc868-5746-4f6a-8435-59952e27e346.gif%3Fversion%3D638867085571879270%26amp%3Bwidth%3D128%26amp%3Bheight%3D128%26amp%3Bauto%3Dwebp%26amp%3Bformat%3Dpjpg","boy"
62,"Henderson Collegiate vs Excelsior Classical Academy",Boys Soccer,"North Carolina",9/24/2026,6:00pm,"The Henderson Collegiate varsity soccer team has an away conference match @  Excelsior Classical Academy (Durham, NC) on Thursday, September 24 @ 6p.","/nc/soccer/match/excelsior-classical-academy-lions-durham-vs-henderson-collegiate/9-24-2026/?c=c076fa90-fb7c-448e-b21b-101ba1c5f022","https://www.maxpreps.com/nc/soccer/match/excelsior-classical-academy-lions-durham-vs-henderson-collegiate/9-24-2026/?c=c076fa90-fb7c-448e-b21b-101ba1c5f022","/soccer/nc/18fa?9/24/2026","Henderson Collegiate","Pride","https://www.maxpreps.com/nc/excelsior-classical-academy-lions-durham/boys-soccer/","https://www.maxpreps.com/nc/henderson-collegiate/boys-soccer/","https://hsfootball.net/proxy.php?url=https%3A%2F%2Fimage.maxpreps.io%2Fschool-mascot%2F5%2Fa%2F9%2F5a9c7bab-7df7-4f11-ac4d-116eed208c83.gif%3Fversion%3D638599318569380690%26amp%3Bwidth%3D128%26amp%3Bheight%3D128%26amp%3Bauto%3Dwebp%26amp%3Bformat%3Dpjpg","https://hsfootball.net/proxy.php?url=https%3A%2F%2Fimage.maxpreps.io%2Fschool-mascot%2F3%2F5%2F8%2F35885dc2-7c7c-4874-adee-5a26f868b932.gif%3Fversion%3D639138402065013810%26amp%3Bwidth%3D128%26amp%3Bheight%3D128%26amp%3Bauto%3Dwebp%26amp%3Bformat%3Dpjpg","boy"
63,"The North Carolina Leadership Academy vs Triad Math and Science Academy",Boys Soccer,"North Carolina",9/24/2026,6:00pm,"The The North Carolina Leadership Academy varsity soccer team has an away conference match @  Triad Math and Science Academy (Greensboro, NC) on Thursday, September 24 @ 6p.","/nc/soccer/match/the-north-carolina-leadership-academy-kernersville-vs-triad-math-and-science-academy-mascot-greensboro/9-24-2026/?c=26b76481-097d-4ba9-8520-94e1d3c350ea","https://www.maxpreps.com/nc/soccer/match/the-north-carolina-leadership-academy-kernersville-vs-triad-math-and-science-academy-mascot-greensboro/9-24-2026/?c=26b76481-097d-4ba9-8520-94e1d3c350ea","/soccer/nc/274e?9/24/2026","The North Carolina Leadership Academy","Falcons","https://www.maxpreps.com/nc/the-north-carolina-leadership-academy-kernersville/boys-soccer/","https://www.maxpreps.com/nc/triad-math-and-science-academy-mascot-greensboro/boys-soccer/","https://hsfootball.net/proxy.php?url=https%3A%2F%2Fimage.maxpreps.io%2Fschool-mascot%2F0%2Fe%2Fc%2F0eccea44-9c7b-4a0b-84db-6732ca2ebeff.gif%3Fversion%3D638358108000000000%26amp%3Bwidth%3D128%26amp%3Bheight%3D128%26amp%3Bauto%3Dwebp%26amp%3Bformat%3Dpjpg","https://hsfootball.net/proxy.php?url=https%3A%2F%2Fimage.maxpreps.io%2Fschool-mascot%2Ff%2Fc%2F2%2Ffc26112c-dc5e-471e-991a-c8e3ac9b3491.gif%3Fversion%3D638766694188096710%26amp%3Bwidth%3D128%26amp%3Bheight%3D128%26amp%3Bauto%3Dwebp%26amp%3Bformat%3Dpjpg","boy"
64,"Metrolina Christian Academy vs Gaston Christian",Boys Soccer,"North Carolina",9/24/2026,6:00pm,"The Metrolina Christian Academy varsity soccer team has an away conference match @  Gaston Christian (Gastonia, NC) on Thursday, September 24 @ 6p.","/nc/soccer/match/gaston-christian-gastonia-vs-metrolina-christian-academy-indian-trail/9-24-2026/?c=c71e7280-5706-498b-ac79-880c855dfbd7","https://www.maxpreps.com/nc/soccer/match/gaston-christian-gastonia-vs-metrolina-christian-academy-indian-trail/9-24-2026/?c=c71e7280-5706-498b-ac79-880c855dfbd7","/soccer/nc/1aeb?9/24/2026","Metrolina Christian Academy","Warriors","https://www.maxpreps.com/nc/gaston-christian-gastonia/boys-soccer/","https://www.maxpreps.com/nc/metrolina-christian-academy-indian-trail/boys-soccer/","https://hsfootball.net/proxy.php?url=https%3A%2F%2Fimage.maxpreps.io%2Fschool-mascot%2F2%2Fa%2F3%2F2a3901c0-b0dd-4782-b7c5-ccb3c368f3f1.gif%3Fversion%3D636300057600000000%26amp%3Bwidth%3D128%26amp%3Bheight%3D128%26amp%3Bauto%3Dwebp%26amp%3Bformat%3Dpjpg","https://hsfootball.net/proxy.php?url=https%3A%2F%2Fimage.maxpreps.io%2Fschool-mascot%2F8%2F2%2Fe%2F82e35f40-ae46-4994-ba84-718e371c4e92.gif%3Fversion%3D634904583600000000%26amp%3Bwidth%3D128%26amp%3Bheight%3D128%26amp%3Bauto%3Dwebp%26amp%3Bformat%3Dpjpg","boy"
65,"Vance Charter vs Eno River Academy",Boys Soccer,"North Carolina",9/24/2026,6:00pm,"The Vance Charter varsity soccer team has an away conference match @  Eno River Academy (Hillsborough, NC) on Thursday, September 24 @ 6p.","/nc/soccer/match/eno-river-bobcats-hillsborough-vs-vance-charter-henderson/9-24-2026/?c=ed9ece62-f315-4fe2-841a-46f883823321","https://www.maxpreps.com/nc/soccer/match/eno-river-bobcats-hillsborough-vs-vance-charter-henderson/9-24-2026/?c=ed9ece62-f315-4fe2-841a-46f883823321","/soccer/nc/163a?9/24/2026","Vance Charter","Knights","https://www.maxpreps.com/nc/eno-river-bobcats-hillsborough/boys-soccer/","https://www.maxpreps.com/nc/vance-charter-henderson/boys-soccer/","https://hsfootball.net/proxy.php?url=https%3A%2F%2Fimage.maxpreps.io%2Fschool-mascot%2F5%2Fb%2F5%2F5b595c9b-5666-435b-8a5d-5d88d7fcbf40.gif%3Fversion%3D637890643200000000%26amp%3Bwidth%3D128%26amp%3Bheight%3D128%26amp%3Bauto%3Dwebp%26amp%3Bformat%3Dpjpg","https://hsfootball.net/proxy.php?url=https%3A%2F%2Fimage.maxpreps.io%2Fschool-mascot%2F2%2F4%2F6%2F246603c0-7fbd-4c9d-898b-68edc60f3eaa.gif%3Fversion%3D637021362000000000%26amp%3Bwidth%3D128%26amp%3Bheight%3D128%26amp%3Bauto%3Dwebp%26amp%3Bformat%3Dpjpg","boy"
66,"Carson vs West Rowan",Boys Soccer,"North Carolina",9/24/2026,6:00pm,"The Carson varsity soccer team has an away conference match @  West Rowan (Mt. Ulla, NC) on Thursday, September 24 @ 6p.","/nc/soccer/match/jesse-carson-cougars-china-grove-vs-west-rowan-mt-ulla/9-24-2026/?c=00163f50-e5fa-4832-a5a4-9ad105eb16bb","https://www.maxpreps.com/nc/soccer/match/jesse-carson-cougars-china-grove-vs-west-rowan-mt-ulla/9-24-2026/?c=00163f50-e5fa-4832-a5a4-9ad105eb16bb","/soccer/nc/14b1?9/24/2026","Carson","Cougars","https://www.maxpreps.com/nc/jesse-carson-cougars-china-grove/boys-soccer/","https://www.maxpreps.com/nc/west-rowan-mt-ulla/boys-soccer/","https://hsfootball.net/proxy.php?url=https%3A%2F%2Fimage.maxpreps.io%2Fschool-mascot%2F3%2F0%2Fa%2F30ac1586-150e-4d5b-860b-1b414a140374.gif%3Fversion%3D638380098600000000%26amp%3Bwidth%3D128%26amp%3Bheight%3D128%26amp%3Bauto%3Dwebp%26amp%3Bformat%3Dpjpg","https://hsfootball.net/proxy.php?url=https%3A%2F%2Fimage.maxpreps.io%2Fschool-mascot%2F9%2F2%2Fd%2F92dda062-399e-4f70-a35f-4712221d73dc.gif%3Fversion%3D638379444000000000%26amp%3Bwidth%3D128%26amp%3Bheight%3D128%26amp%3Bauto%3Dwebp%26amp%3Bformat%3Dpjpg","boy"
67,"Wayne Country Day vs Greenfield",Boys Soccer,"North Carolina",9/24/2026,6:00pm,"The Wayne Country Day varsity soccer team has an away conference match @  Greenfield (Wilson, NC) on Thursday, September 24 @ 6p.","/nc/soccer/match/greenfield-wilson-vs-wayne-country-day-goldsboro/9-24-2026/?c=0838e4aa-ad2e-459e-ae7e-b80ad590fc98","https://www.maxpreps.com/nc/soccer/match/greenfield-wilson-vs-wayne-country-day-goldsboro/9-24-2026/?c=0838e4aa-ad2e-459e-ae7e-b80ad590fc98","/soccer/nc/12e9?9/24/2026","Wayne Country Day","Chargers","https://www.maxpreps.com/nc/greenfield-wilson/boys-soccer/","https://www.maxpreps.com/nc/wayne-country-day-goldsboro/boys-soccer/","https://hsfootball.net/proxy.php?url=https%3A%2F%2Fimage.maxpreps.io%2Fschool-mascot%2Fa%2Ff%2Fd%2Fafdace24-48cf-4f06-9f3e-fa3c9943a5cc.gif%3Fversion%3D636059102400000000%26amp%3Bwidth%3D128%26amp%3Bheight%3D128%26amp%3Bauto%3Dwebp%26amp%3Bformat%3Dpjpg","https://hsfootball.net/proxy.php?url=https%3A%2F%2Fimage.maxpreps.io%2Fschool-mascot%2Fc%2F1%2Fe%2Fc1e9d084-4084-48d3-9c1e-566aebd07966.gif%3Fversion%3D637480221000000000%26amp%3Bwidth%3D128%26amp%3Bheight%3D128%26amp%3Bauto%3Dwebp%26amp%3Bformat%3Dpjpg","boy"
68,"North Pitt vs SouthWest Edgecombe",Boys Soccer,"North Carolina",9/24/2026,6:00pm,"The North Pitt varsity soccer team has an away conference match @  SouthWest Edgecombe (Pinetops, NC) on Thursday, September 24 @ 6p.","/nc/soccer/match/north-pitt-bethel-vs-southwest-edgecombe-pinetops/9-24-2026/?c=ba58d73a-e99b-4b0b-9049-e28be1d4ca14","https://www.maxpreps.com/nc/soccer/match/north-pitt-bethel-vs-southwest-edgecombe-pinetops/9-24-2026/?c=ba58d73a-e99b-4b0b-9049-e28be1d4ca14","/soccer/nc/135a?9/24/2026","North Pitt","Panthers","https://www.maxpreps.com/nc/north-pitt-bethel/boys-soccer/","https://www.maxpreps.com/nc/southwest-edgecombe-pinetops/boys-soccer/","https://hsfootball.net/proxy.php?url=https%3A%2F%2Fimage.maxpreps.io%2Fschool-mascot%2F1%2Fb%2Fe%2F1bee0087-f0f7-43ae-9d77-4a4885dbaaa0.gif%3Fversion%3D636178955400000000%26amp%3Bwidth%3D128%26amp%3Bheight%3D128%26amp%3Bauto%3Dwebp%26amp%3Bformat%3Dpjpg","https://hsfootball.net/proxy.php?url=https%3A%2F%2Fimage.maxpreps.io%2Fschool-mascot%2F6%2F9%2F8%2F698736bb-2f2a-4e12-980e-7086bbf67aec.gif%3Fversion%3D635199241200000000%26amp%3Bwidth%3D128%26amp%3Bheight%3D128%26amp%3Bauto%3Dwebp%26amp%3Bformat%3Dpjpg","boy"
69,"Jay M. Robinson vs Salisbury",Boys Soccer,"North Carolina",9/24/2026,6:00pm,"The Jay M. Robinson varsity soccer team has an away conference match @  Salisbury (NC) on Thursday, September 24 @ 6p.","/nc/soccer/match/jay-m-robinson-concord-vs-salisbury/9-24-2026/?c=5d320b3a-943b-47cf-ae99-6cc1b178aa76","https://www.maxpreps.com/nc/soccer/match/jay-m-robinson-concord-vs-salisbury/9-24-2026/?c=5d320b3a-943b-47cf-ae99-6cc1b178aa76","/soccer/nc/dab?9/24/2026","Jay M. Robinson","Bulldogs","https://www.maxpreps.com/nc/jay-m-robinson-concord/boys-soccer/","https://www.maxpreps.com/nc/salisbury/boys-soccer/","https://hsfootball.net/proxy.php?url=https%3A%2F%2Fimage.maxpreps.io%2Fschool-mascot%2F2%2F9%2Fa%2F29a04700-7133-4829-bff6-c92eec88572f.gif%3Fversion%3D636474672600000000%26amp%3Bwidth%3D128%26amp%3Bheight%3D128%26amp%3Bauto%3Dwebp%26amp%3Bformat%3Dpjpg","https://hsfootball.net/proxy.php?url=https%3A%2F%2Fimage.maxpreps.io%2Fschool-mascot%2Fd%2F3%2F1%2Fd31cde40-f25d-4592-b657-55cfee5c8b75.gif%3Fversion%3D637110549000000000%26amp%3Bwidth%3D128%26amp%3Bheight%3D128%26amp%3Bauto%3Dwebp%26amp%3Bformat%3Dpjpg","boy"
70,"Cornerstone Charter Academy vs Millennium Charter Academy",Boys Soccer,"North Carolina",9/24/2026,6:00pm,"The Cornerstone Charter Academy varsity soccer team has an away conference match @  Millennium Charter Academy (Mount Airy, NC) on Thursday, September 24 @ 6p.","/nc/soccer/match/cornerstone-charter-cardinals-greensboro-vs-millennium-lions-mount-airy/9-24-2026/?c=9739518f-9756-4779-bf05-9855f8c4c9c8","https://www.maxpreps.com/nc/soccer/match/cornerstone-charter-cardinals-greensboro-vs-millennium-lions-mount-airy/9-24-2026/?c=9739518f-9756-4779-bf05-9855f8c4c9c8","/soccer/nc/1c1a?9/24/2026","Cornerstone Charter Academy","Cardinals","https://www.maxpreps.com/nc/cornerstone-charter-cardinals-greensboro/boys-soccer/","https://www.maxpreps.com/nc/millennium-lions-mount-airy/boys-soccer/","https://hsfootball.net/proxy.php?url=https%3A%2F%2Fimage.maxpreps.io%2Fschool-mascot%2F2%2F3%2Fd%2F23df1b81-ea4b-4df5-bed6-249a215f02a8.gif%3Fversion%3D638379538200000000%26amp%3Bwidth%3D128%26amp%3Bheight%3D128%26amp%3Bauto%3Dwebp%26amp%3Bformat%3Dpjpg","https://hsfootball.net/proxy.php?url=https%3A%2F%2Fimage.maxpreps.io%2Fschool-mascot%2F7%2F4%2Ff%2F74fd03c1-0502-48a1-b71a-1810e13d4016.gif%3Fversion%3D639141806462233720%26amp%3Bwidth%3D128%26amp%3Bheight%3D128%26amp%3Bauto%3Dwebp%26amp%3Bformat%3Dpjpg","boy"
71,"South Central vs Jacksonville",Boys Soccer,"North Carolina",9/24/2026,6:00pm,"The South Central varsity soccer team has an away conference match @  Jacksonville (NC) on Thursday, September 24 @ 6p.","/nc/soccer/match/jacksonville-vs-south-central-winterville/9-24-2026/?c=41b91def-4efe-45d2-8b6b-47661406a37c","https://www.maxpreps.com/nc/soccer/match/jacksonville-vs-south-central-winterville/9-24-2026/?c=41b91def-4efe-45d2-8b6b-47661406a37c","/soccer/nc/1073?9/24/2026","South Central","Falcons","https://www.maxpreps.com/nc/jacksonville/boys-soccer/","https://www.maxpreps.com/nc/south-central-winterville/boys-soccer/","https://hsfootball.net/proxy.php?url=https%3A%2F%2Fimage.maxpreps.io%2Fschool-mascot%2Fb%2F4%2F3%2Fb4357b09-b831-4331-a1ef-b76d2fefac3b.gif%3Fversion%3D636549135600000000%26amp%3Bwidth%3D128%26amp%3Bheight%3D128%26amp%3Bauto%3Dwebp%26amp%3Bformat%3Dpjpg","https://hsfootball.net/proxy.php?url=https%3A%2F%2Fimage.maxpreps.io%2Fschool-mascot%2F3%2F0%2Ff%2F30f84c09-d6c7-48ff-88d5-ebec2498515a.gif%3Fversion%3D638043583800000000%26amp%3Bwidth%3D128%26amp%3Bheight%3D128%26amp%3Bauto%3Dwebp%26amp%3Bformat%3Dpjpg","boy"
72,"Hillside vs East Chapel Hill",Boys Soccer,"North Carolina",9/24/2026,6:00pm,"The Hillside varsity soccer team has an away conference match @  East Chapel Hill (Chapel Hill, NC) on Thursday, September 24 @ 6p.","/nc/soccer/match/east-chapel-hill-vs-hillside-durham/9-24-2026/?c=c83bcc35-fc04-4f14-a8ab-9986c18372e1","https://www.maxpreps.com/nc/soccer/match/east-chapel-hill-vs-hillside-durham/9-24-2026/?c=c83bcc35-fc04-4f14-a8ab-9986c18372e1","/soccer/nc/d5c?9/24/2026","Hillside","Hornets","https://www.maxpreps.com/nc/east-chapel-hill/boys-soccer/","https://www.maxpreps.com/nc/hillside-durham/boys-soccer/","https://hsfootball.net/proxy.php?url=https%3A%2F%2Fimage.maxpreps.io%2Fschool-mascot%2F8%2Fc%2F1%2F8c19425f-ca0f-45a4-b6e3-3ab94562da08.gif%3Fversion%3D636003564600000000%26amp%3Bwidth%3D128%26amp%3Bheight%3D128%26amp%3Bauto%3Dwebp%26amp%3Bformat%3Dpjpg","https://hsfootball.net/proxy.php?url=https%3A%2F%2Fimage.maxpreps.io%2Fschool-mascot%2F7%2F7%2Fc%2F77cdfeda-2525-4aee-a6c1-51713ef4b448.gif%3Fversion%3D636545709600000000%26amp%3Bwidth%3D128%26amp%3Bheight%3D128%26amp%3Bauto%3Dwebp%26amp%3Bformat%3Dpjpg","boy"
73,"Ben L. Smith vs Dudley",Boys Soccer,"North Carolina",9/24/2026,6:00pm,"The Ben L. Smith varsity soccer team has an away conference match @  Dudley (Greensboro, NC) on Thursday, September 24 @ 6p.","/nc/soccer/match/ben-l-smith-greensboro-vs-dudley-greensboro/9-24-2026/?c=52868d97-d276-4315-b25a-0ed26d6010f4","https://www.maxpreps.com/nc/soccer/match/ben-l-smith-greensboro-vs-dudley-greensboro/9-24-2026/?c=52868d97-d276-4315-b25a-0ed26d6010f4","/soccer/nc/10b0?9/24/2026","Ben L. Smith","Golden Eagles","https://www.maxpreps.com/nc/ben-l-smith-greensboro/boys-soccer/","https://www.maxpreps.com/nc/dudley-greensboro/boys-soccer/","https://hsfootball.net/proxy.php?url=https%3A%2F%2Fimage.maxpreps.io%2Fschool-mascot%2F2%2F7%2F0%2F270894f3-efdd-4ab8-adcc-207a1faa6290.gif%3Fversion%3D638384389200000000%26amp%3Bwidth%3D128%26amp%3Bheight%3D128%26amp%3Bauto%3Dwebp%26amp%3Bformat%3Dpjpg","https://hsfootball.net/proxy.php?url=https%3A%2F%2Fimage.maxpreps.io%2Fschool-mascot%2Fd%2F5%2F3%2Fd5365ac8-0984-44af-ba64-2f3b14ff5bd5.gif%3Fversion%3D636487636800000000%26amp%3Bwidth%3D128%26amp%3Bheight%3D128%26amp%3Bauto%3Dwebp%26amp%3Bformat%3Dpjpg","boy"
74,"Hickory vs West Iredell",Boys Soccer,"North Carolina",9/24/2026,6:00pm,"The Hickory varsity soccer team has an away conference match @  West Iredell (Statesville, NC) on Thursday, September 24 @ 6p.","/nc/soccer/match/hickory-vs-west-iredell-statesville/9-24-2026/?c=95523c34-d449-48e8-9a92-1d2102826d56","https://www.maxpreps.com/nc/soccer/match/hickory-vs-west-iredell-statesville/9-24-2026/?c=95523c34-d449-48e8-9a92-1d2102826d56","/soccer/nc/dea?9/24/2026","Hickory","Tornadoes","https://www.maxpreps.com/nc/hickory/boys-soccer/","https://www.maxpreps.com/nc/west-iredell-statesville/boys-soccer/","https://hsfootball.net/proxy.php?url=https%3A%2F%2Fimage.maxpreps.io%2Fschool-mascot%2F6%2Fb%2F7%2F6b777ac6-2ef6-4e66-afbb-5bb885dde043.gif%3Fversion%3D638379345000000000%26amp%3Bwidth%3D128%26amp%3Bheight%3D128%26amp%3Bauto%3Dwebp%26amp%3Bformat%3Dpjpg","https://hsfootball.net/proxy.php?url=https%3A%2F%2Fimage.maxpreps.io%2Fschool-mascot%2F2%2F7%2F7%2F277f7e7b-c72d-4842-9a48-f01b836c05a6.gif%3Fversion%3D637365298200000000%26amp%3Bwidth%3D128%26amp%3Bheight%3D128%26amp%3Bauto%3Dwebp%26amp%3Bformat%3Dpjpg","boy"
75,"J.H. Rose vs New Bern",Boys Soccer,"North Carolina",9/24/2026,6:00pm,"The J.H. Rose varsity soccer team has an away conference match @  New Bern (NC) on Thursday, September 24 @ 6p.","/nc/soccer/match/jh-rose-greenville-vs-new-bern/9-24-2026/?c=9e6cd945-679f-467e-b3e0-a638d8dbb292","https://www.maxpreps.com/nc/soccer/match/jh-rose-greenville-vs-new-bern/9-24-2026/?c=9e6cd945-679f-467e-b3e0-a638d8dbb292","/soccer/nc/b73?9/24/2026","J.H. Rose","Rampants","https://www.maxpreps.com/nc/jh-rose-greenville/boys-soccer/","https://www.maxpreps.com/nc/new-bern/boys-soccer/","https://hsfootball.net/proxy.php?url=https%3A%2F%2Fimage.maxpreps.io%2Fschool-mascot%2Fb%2Fd%2F5%2Fbd58020f-d7b8-460c-87a7-2b260a4e61b2.gif%3Fversion%3D636709587000000000%26amp%3Bwidth%3D128%26amp%3Bheight%3D128%26amp%3Bauto%3Dwebp%26amp%3Bformat%3Dpjpg","https://hsfootball.net/proxy.php?url=https%3A%2F%2Fimage.maxpreps.io%2Fschool-mascot%2F4%2F4%2F0%2F440003bb-9609-4522-8837-ea2518c07fbd.gif%3Fversion%3D638866729834607520%26amp%3Bwidth%3D128%26amp%3Bheight%3D128%26amp%3Bauto%3Dwebp%26amp%3Bformat%3Dpjpg","boy"
76,"Providence Grove vs Asheboro",Boys Soccer,"North Carolina",9/24/2026,6:00pm,"The Providence Grove varsity soccer team has an away non-conference match @  Asheboro (NC) on Thursday, September 24 @ 6p.","/nc/soccer/match/asheboro-vs-providence-grove-franklinville/9-24-2026/?c=e147397c-8324-4a77-8a5b-7e0733c20f2d","https://www.maxpreps.com/nc/soccer/match/asheboro-vs-providence-grove-franklinville/9-24-2026/?c=e147397c-8324-4a77-8a5b-7e0733c20f2d","/soccer/nc/10b3?9/24/2026","Providence Grove","Patriots","https://www.maxpreps.com/nc/asheboro/boys-soccer/","https://www.maxpreps.com/nc/providence-grove-franklinville/boys-soccer/","https://hsfootball.net/proxy.php?url=https%3A%2F%2Fimage.maxpreps.io%2Fschool-mascot%2Fd%2Ff%2F4%2Fdf436b25-8cb0-47f6-a438-4627f8467eca.gif%3Fversion%3D638871305336089500%26amp%3Bwidth%3D128%26amp%3Bheight%3D128%26amp%3Bauto%3Dwebp%26amp%3Bformat%3Dpjpg","https://hsfootball.net/proxy.php?url=https%3A%2F%2Fimage.maxpreps.io%2Fschool-mascot%2F0%2F8%2F9%2F08983fa1-bcc3-42a5-bb14-7d41d34296eb.gif%3Fversion%3D636697872000000000%26amp%3Bwidth%3D128%26amp%3Bheight%3D128%26amp%3Bauto%3Dwebp%26amp%3Bformat%3Dpjpg","boy"
77,"Northwood vs Cummings",Boys Soccer,"North Carolina",9/24/2026,6:00pm,"The Northwood varsity soccer team has an away non-conference match @  Cummings (Burlington, NC) on Thursday, September 24 @ 6p.","/nc/soccer/match/cummings-burlington-vs-northwood-pittsboro/9-24-2026/?c=7f3e52b6-c851-4e00-af91-201048178ab7","https://www.maxpreps.com/nc/soccer/match/cummings-burlington-vs-northwood-pittsboro/9-24-2026/?c=7f3e52b6-c851-4e00-af91-201048178ab7","/soccer/nc/110e?9/24/2026","Northwood","Chargers","https://www.maxpreps.com/nc/cummings-burlington/boys-soccer/","https://www.maxpreps.com/nc/northwood-pittsboro/boys-soccer/","https://hsfootball.net/proxy.php?url=https%3A%2F%2Fimage.maxpreps.io%2Fschool-mascot%2F3%2F3%2F8%2F3385fabc-6965-4ce9-a6da-2dca93013949.gif%3Fversion%3D638599316512998380%26amp%3Bwidth%3D128%26amp%3Bheight%3D128%26amp%3Bauto%3Dwebp%26amp%3Bformat%3Dpjpg","https://hsfootball.net/proxy.php?url=https%3A%2F%2Fimage.maxpreps.io%2Fschool-mascot%2Fa%2F1%2Fd%2Fa1da20a5-ae82-4476-8746-4133e12f4114.gif%3Fversion%3D638770455028291450%26amp%3Bwidth%3D128%26amp%3Bheight%3D128%26amp%3Bauto%3Dwebp%26amp%3Bformat%3Dpjpg","boy"
78,"D.H. Conley vs White Oak",Boys Soccer,"North Carolina",9/24/2026,6:00pm,"The D.H. Conley varsity soccer team has an away conference match @  White Oak (Jacksonville, NC) on Thursday, September 24 @ 6p.","/nc/soccer/match/dh-conley-greenville-vs-white-oak-jacksonville/9-24-2026/?c=dd7db202-f2a6-4d03-b0a1-5e26780bf26d","https://www.maxpreps.com/nc/soccer/match/dh-conley-greenville-vs-white-oak-jacksonville/9-24-2026/?c=dd7db202-f2a6-4d03-b0a1-5e26780bf26d","/soccer/nc/11db?9/24/2026","D.H. Conley","Vikings","https://www.maxpreps.com/nc/dh-conley-greenville/boys-soccer/","https://www.maxpreps.com/nc/white-oak-jacksonville/boys-soccer/","https://hsfootball.net/proxy.php?url=https%3A%2F%2Fimage.maxpreps.io%2Fschool-mascot%2Fb%2F3%2Fd%2Fb3da7611-9d59-4082-a790-59576784fc1e.gif%3Fversion%3D635778970800000000%26amp%3Bwidth%3D128%26amp%3Bheight%3D128%26amp%3Bauto%3Dwebp%26amp%3Bformat%3Dpjpg","https://hsfootball.net/proxy.php?url=https%3A%2F%2Fimage.maxpreps.io%2Fschool-mascot%2Fc%2F8%2Ff%2Fc8f67519-635d-4ce7-afde-447c18d5b1bd.gif%3Fversion%3D638867083967202780%26amp%3Bwidth%3D128%26amp%3Bheight%3D128%26amp%3Bauto%3Dwebp%26amp%3Bformat%3Dpjpg","boy"
79,"East Lincoln vs Foard",Boys Soccer,"North Carolina",9/24/2026,6:00pm,"The East Lincoln varsity soccer team has an away conference match @  Foard (Newton, NC) on Thursday, September 24 @ 6p.","/nc/soccer/match/east-lincoln-denver-vs-foard-newton/9-24-2026/?c=f2c02fc2-9170-4a42-94e9-c74330f52d17","https://www.maxpreps.com/nc/soccer/match/east-lincoln-denver-vs-foard-newton/9-24-2026/?c=f2c02fc2-9170-4a42-94e9-c74330f52d17","/soccer/nc/d91?9/24/2026","East Lincoln","Mustangs","https://www.maxpreps.com/nc/east-lincoln-denver/boys-soccer/","https://www.maxpreps.com/nc/foard-newton/boys-soccer/","https://hsfootball.net/proxy.php?url=https%3A%2F%2Fimage.maxpreps.io%2Fschool-mascot%2Fa%2Fb%2Fe%2Fabe72960-73fe-4406-b343-e9c8f8b3a974.gif%3Fversion%3D638384386800000000%26amp%3Bwidth%3D128%26amp%3Bheight%3D128%26amp%3Bauto%3Dwebp%26amp%3Bformat%3Dpjpg","https://hsfootball.net/proxy.php?url=https%3A%2F%2Fimage.maxpreps.io%2Fschool-mascot%2F8%2Fd%2Fb%2F8db9f2d6-a91e-47ec-a5b7-1c9e0e53bac4.gif%3Fversion%3D636075772200000000%26amp%3Bwidth%3D128%26amp%3Bheight%3D128%26amp%3Bauto%3Dwebp%26amp%3Bformat%3Dpjpg","boy"
80,"Phoenix Academy vs Revolution Academy",Boys Soccer,"North Carolina",9/24/2026,6:00pm,"The Phoenix Academy varsity soccer team has an away conference match @  Revolution Academy (Oak Ridge, NC) on Thursday, September 24 @ 6p.","/nc/soccer/match/phoenix-academy-high-point-vs-revolution-academy-oak-ridge/9-24-2026/?c=20e10013-e0e3-4c52-a58e-b833be8be056","https://www.maxpreps.com/nc/soccer/match/phoenix-academy-high-point-vs-revolution-academy-oak-ridge/9-24-2026/?c=20e10013-e0e3-4c52-a58e-b833be8be056","/soccer/nc/165b?9/24/2026","Phoenix Academy","Phoenix","https://www.maxpreps.com/nc/phoenix-academy-high-point/boys-soccer/","https://www.maxpreps.com/nc/revolution-academy-oak-ridge/boys-soccer/","https://hsfootball.net/proxy.php?url=https%3A%2F%2Fimage.maxpreps.io%2Fschool-mascot%2Fe%2Fc%2F5%2Fec53d0ce-c082-499e-9f82-31c01d157dbc.gif%3Fversion%3D638576307014057640%26amp%3Bwidth%3D128%26amp%3Bheight%3D128%26amp%3Bauto%3Dwebp%26amp%3Bformat%3Dpjpg","https://hsfootball.net/proxy.php?url=https%3A%2F%2Fimage.maxpreps.io%2Fschool-mascot%2F3%2F9%2F3%2F3936a228-1ffd-4c6e-bb6b-848ca0a7d0b2.gif%3Fversion%3D638968105155869060%26amp%3Bwidth%3D128%26amp%3Bheight%3D128%26amp%3Bauto%3Dwebp%26amp%3Bformat%3Dpjpg","boy"
81,"Charlotte Country Day School vs Charlotte Christian",Boys Soccer,"North Carolina",9/24/2026,6:00pm,"The Charlotte Country Day School varsity soccer team has an away conference match @  Charlotte Christian (Charlotte, NC) on Thursday, September 24 @ 6p.","/nc/soccer/match/charlotte-christian-vs-charlotte-country-day-school/9-24-2026/?c=9f19e9d3-6215-4d96-8691-1269a2c71abc","https://www.maxpreps.com/nc/soccer/match/charlotte-christian-vs-charlotte-country-day-school/9-24-2026/?c=9f19e9d3-6215-4d96-8691-1269a2c71abc","/soccer/nc/1422?9/24/2026","Charlotte Country Day School","Buccaneers","https://www.maxpreps.com/nc/charlotte-christian/boys-soccer/","https://www.maxpreps.com/nc/charlotte-country-day-school/boys-soccer/","https://hsfootball.net/proxy.php?url=https%3A%2F%2Fimage.maxpreps.io%2Fschool-mascot%2Ff%2F6%2F5%2Ff659f4d0-4d7d-4c22-9a00-2ff6b7a1ff5a.gif%3Fversion%3D636053738400000000%26amp%3Bwidth%3D128%26amp%3Bheight%3D128%26amp%3Bauto%3Dwebp%26amp%3Bformat%3Dpjpg","https://hsfootball.net/proxy.php?url=https%3A%2F%2Fimage.maxpreps.io%2Fschool-mascot%2F4%2F4%2F2%2F442300ee-6a7b-4835-86c3-8f7043d1dc70.gif%3Fversion%3D636456484800000000%26amp%3Bwidth%3D128%26amp%3Bheight%3D128%26amp%3Bauto%3Dwebp%26amp%3Bformat%3Dpjpg","boy"
82,"Bunker Hill vs Newton-Conover",Boys Soccer,"North Carolina",9/24/2026,6:00pm,"The Bunker Hill varsity soccer team has an away conference match @  Newton-Conover (Newton, NC) on Thursday, September 24 @ 6p.","/nc/soccer/match/bunker-hill-claremont-vs-newton-conover/9-24-2026/?c=89eb959a-0259-42eb-a753-a750e6cdf36a","https://www.maxpreps.com/nc/soccer/match/bunker-hill-claremont-vs-newton-conover/9-24-2026/?c=89eb959a-0259-42eb-a753-a750e6cdf36a","/soccer/nc/f56?9/24/2026","Bunker Hill","Bears","https://www.maxpreps.com/nc/bunker-hill-claremont/boys-soccer/","https://www.maxpreps.com/nc/newton-conover/boys-soccer/","https://hsfootball.net/proxy.php?url=https%3A%2F%2Fimage.maxpreps.io%2Fschool-mascot%2Fe%2F1%2F3%2Fe134536f-5cd7-4e1d-b542-8d230d84aaa5.gif%3Fversion%3D637078017000000000%26amp%3Bwidth%3D128%26amp%3Bheight%3D128%26amp%3Bauto%3Dwebp%26amp%3Bformat%3Dpjpg","https://hsfootball.net/proxy.php?url=https%3A%2F%2Fimage.maxpreps.io%2Fschool-mascot%2F3%2F6%2F6%2F36646ccb-2a71-448b-8f51-ee9805800bcf.gif%3Fversion%3D637707525000000000%26amp%3Bwidth%3D128%26amp%3Bheight%3D128%26amp%3Bauto%3Dwebp%26amp%3Bformat%3Dpjpg","boy"
83,"Harding University vs Olympic",Boys Soccer,"North Carolina",9/24/2026,6:00pm,"The Harding University varsity soccer team has an away conference match @  Olympic (Charlotte, NC) on Thursday, September 24 @ 6p.","/nc/soccer/match/harding-university-charlotte-vs-olympic-charlotte/9-24-2026/?c=a41499f2-3a40-40cf-9029-d541d015bbcd","https://www.maxpreps.com/nc/soccer/match/harding-university-charlotte-vs-olympic-charlotte/9-24-2026/?c=a41499f2-3a40-40cf-9029-d541d015bbcd","/soccer/nc/1392?9/24/2026","Harding University","Rams","https://www.maxpreps.com/nc/harding-university-charlotte/boys-soccer/","https://www.maxpreps.com/nc/olympic-charlotte/boys-soccer/","https://hsfootball.net/proxy.php?url=https%3A%2F%2Fimage.maxpreps.io%2Fschool-mascot%2Ff%2Fe%2Ff%2Ffefe2843-a7d2-4faa-bee3-d7483ce40ef4.gif%3Fversion%3D638379060000000000%26amp%3Bwidth%3D128%26amp%3Bheight%3D128%26amp%3Bauto%3Dwebp%26amp%3Bformat%3Dpjpg","https://hsfootball.net/proxy.php?url=https%3A%2F%2Fimage.maxpreps.io%2Fschool-mascot%2Fb%2F1%2F7%2Fb17693a6-97a4-4f3c-9e9f-3ec1c45ac66f.gif%3Fversion%3D636444170400000000%26amp%3Bwidth%3D128%26amp%3Bheight%3D128%26amp%3Bauto%3Dwebp%26amp%3Bformat%3Dpjpg","boy"
84,"Vance County vs Heritage",Boys Soccer,"North Carolina",9/24/2026,6:15pm,"The Vance County varsity soccer team has an away conference match @  Heritage (Wake Forest, NC) on Thursday, September 24 @ 6:15p.","/nc/soccer/match/heritage-wake-forest-vs-vance-county-henderson/9-24-2026/?c=6988d6cd-24f4-43da-9629-39b9a17a7c78","https://www.maxpreps.com/nc/soccer/match/heritage-wake-forest-vs-vance-county-henderson/9-24-2026/?c=6988d6cd-24f4-43da-9629-39b9a17a7c78","/soccer/nc/11f0?9/24/2026","Vance County","Vipers","https://www.maxpreps.com/nc/heritage-wake-forest/boys-soccer/","https://www.maxpreps.com/nc/vance-county-henderson/boys-soccer/","https://hsfootball.net/proxy.php?url=https%3A%2F%2Fimage.maxpreps.io%2Fschool-mascot%2F1%2Fe%2Fa%2F1eab929f-b230-4590-ba15-189bec48d9be.gif%3Fversion%3D637934745000000000%26amp%3Bwidth%3D128%26amp%3Bheight%3D128%26amp%3Bauto%3Dwebp%26amp%3Bformat%3Dpjpg","https://hsfootball.net/proxy.php?url=https%3A%2F%2Fimage.maxpreps.io%2Fschool-mascot%2Fb%2Fe%2F1%2Fbe182157-43fe-46f2-8cb3-99e1a6cbff44.gif%3Fversion%3D636173934600000000%26amp%3Bwidth%3D128%26amp%3Bheight%3D128%26amp%3Bauto%3Dwebp%26amp%3Bformat%3Dpjpg","boy"
85,"Southeast Raleigh vs Knightdale",Boys Soccer,"North Carolina",9/24/2026,6:15pm,"The Southeast Raleigh varsity soccer team has an away non-conference match @  Knightdale (NC) on Thursday, September 24 @ 6:15p.","/nc/soccer/match/knightdale-vs-southeast-raleigh/9-24-2026/?c=f2fbb024-0073-47e0-908a-c03334dd90af","https://www.maxpreps.com/nc/soccer/match/knightdale-vs-southeast-raleigh/9-24-2026/?c=f2fbb024-0073-47e0-908a-c03334dd90af","/soccer/nc/c47?9/24/2026","Southeast Raleigh","Bulldogs","https://www.maxpreps.com/nc/knightdale/boys-soccer/","https://www.maxpreps.com/nc/southeast-raleigh/boys-soccer/","https://hsfootball.net/proxy.php?url=https%3A%2F%2Fimage.maxpreps.io%2Fschool-mascot%2F1%2Fd%2F4%2F1d408244-3dc6-4164-aeed-4c3d74f0ff46.gif%3Fversion%3D638878787975619970%26amp%3Bwidth%3D128%26amp%3Bheight%3D128%26amp%3Bauto%3Dwebp%26amp%3Bformat%3Dpjpg","https://hsfootball.net/proxy.php?url=https%3A%2F%2Fimage.maxpreps.io%2Fschool-mascot%2F5%2Ff%2Fb%2F5fbd4229-9050-4ea2-91f7-346125ba0488.gif%3Fversion%3D636240399000000000%26amp%3Bwidth%3D128%26amp%3Bheight%3D128%26amp%3Bauto%3Dwebp%26amp%3Bformat%3Dpjpg","boy"
86,"Panther Creek vs Apex",Boys Soccer,"North Carolina",9/24/2026,6:30pm,"The Panther Creek varsity soccer team has an away conference match @  Apex (NC) on Thursday, September 24 @ 6:30p.","/nc/soccer/match/apex-vs-panther-creek-cary/9-24-2026/?c=8498a434-e771-4b2c-a3a7-d10968564332","https://www.maxpreps.com/nc/soccer/match/apex-vs-panther-creek-cary/9-24-2026/?c=8498a434-e771-4b2c-a3a7-d10968564332","/soccer/nc/9f6?9/24/2026","Panther Creek","Catamounts","https://www.maxpreps.com/nc/apex/boys-soccer/","https://www.maxpreps.com/nc/panther-creek-cary/boys-soccer/","https://hsfootball.net/proxy.php?url=https%3A%2F%2Fimage.maxpreps.io%2Fschool-mascot%2Fa%2F3%2F8%2Fa385d9cd-55ea-43bf-a219-e87eac853901.gif%3Fversion%3D637883793600000000%26amp%3Bwidth%3D128%26amp%3Bheight%3D128%26amp%3Bauto%3Dwebp%26amp%3Bformat%3Dpjpg","https://hsfootball.net/proxy.php?url=https%3A%2F%2Fimage.maxpreps.io%2Fschool-mascot%2F8%2F2%2F8%2F828209a5-a9b7-4499-a694-2dc1766bfe4e.gif%3Fversion%3D638947437490504780%26amp%3Bwidth%3D128%26amp%3Bheight%3D128%26amp%3Bauto%3Dwebp%26amp%3Bformat%3Dpjpg","boy"
87,"Davie County vs North Iredell",Boys Soccer,"North Carolina",9/24/2026,6:30pm,"The Davie County varsity soccer team has an away conference match @  North Iredell (Olin, NC) on Thursday, September 24 @ 6:30p.","/nc/soccer/match/davie-county-mocksville-vs-north-iredell-olin/9-24-2026/?c=d65cd6f3-81f3-4456-a419-3d493f9c484c","https://www.maxpreps.com/nc/soccer/match/davie-county-mocksville-vs-north-iredell-olin/9-24-2026/?c=d65cd6f3-81f3-4456-a419-3d493f9c484c","/soccer/nc/1199?9/24/2026","Davie County","War Eagles","https://www.maxpreps.com/nc/davie-county-mocksville/boys-soccer/","https://www.maxpreps.com/nc/north-iredell-olin/boys-soccer/","https://hsfootball.net/proxy.php?url=https%3A%2F%2Fimage.maxpreps.io%2Fschool-mascot%2Fb%2F6%2Fb%2Fb6bb9bc2-60c2-4708-82ea-0c0b6cb21e7c.gif%3Fversion%3D638654163795253460%26amp%3Bwidth%3D128%26amp%3Bheight%3D128%26amp%3Bauto%3Dwebp%26amp%3Bformat%3Dpjpg","https://hsfootball.net/proxy.php?url=https%3A%2F%2Fimage.maxpreps.io%2Fschool-mascot%2F9%2F2%2F9%2F9290b491-96d5-440b-b502-8126e17d18b1.gif%3Fversion%3D638579900357214970%26amp%3Bwidth%3D128%26amp%3Bheight%3D128%26amp%3Bauto%3Dwebp%26amp%3Bformat%3Dpjpg","boy"
88,"Ragsdale vs Page",Boys Soccer,"North Carolina",9/24/2026,6:30pm,"The Ragsdale varsity soccer team has an away conference match @  Page (Greensboro, NC) on Thursday, September 24 @ 6:30p.","/nc/soccer/match/page-greensboro-vs-ragsdale-jamestown/9-24-2026/?c=755f65e2-0ae4-45ea-80ba-9affae0df70e","https://www.maxpreps.com/nc/soccer/match/page-greensboro-vs-ragsdale-jamestown/9-24-2026/?c=755f65e2-0ae4-45ea-80ba-9affae0df70e","/soccer/nc/e8b?9/24/2026","Ragsdale","Tigers","https://www.maxpreps.com/nc/page-greensboro/boys-soccer/","https://www.maxpreps.com/nc/ragsdale-jamestown/boys-soccer/","https://hsfootball.net/proxy.php?url=https%3A%2F%2Fimage.maxpreps.io%2Fschool-mascot%2F9%2Fa%2F4%2F9a47989b-77c4-4fef-a524-a5f69006fddf.gif%3Fversion%3D638602283491057850%26amp%3Bwidth%3D128%26amp%3Bheight%3D128%26amp%3Bauto%3Dwebp%26amp%3Bformat%3Dpjpg","https://hsfootball.net/proxy.php?url=https%3A%2F%2Fimage.maxpreps.io%2Fschool-mascot%2Ff%2Fa%2F7%2Ffa778a49-bb64-4415-9712-7c5b243e60c4.gif%3Fversion%3D639227658070170040%26amp%3Bwidth%3D128%26amp%3Bheight%3D128%26amp%3Bauto%3Dwebp%26amp%3Bformat%3Dpjpg","boy"
89,"Southeastern HomeSchool vs DASH",Boys Soccer,"North Carolina",9/24/2026,6:30pm,"The Southeastern HomeSchool varsity soccer team has an away conference match @  DASH (Zebulon, NC) on Thursday, September 24 @ 6:30p.","/nc/soccer/match/dash-zebulon-vs-southeastern-homeschool-wilmington/9-24-2026/?c=15f701fc-1fad-4427-a179-c316d5a37cc6","https://www.maxpreps.com/nc/soccer/match/dash-zebulon-vs-southeastern-homeschool-wilmington/9-24-2026/?c=15f701fc-1fad-4427-a179-c316d5a37cc6","/soccer/nc/1407?9/24/2026","Southeastern HomeSchool","Cardinals","https://www.maxpreps.com/nc/dash-zebulon/boys-soccer/","https://www.maxpreps.com/nc/southeastern-homeschool-wilmington/boys-soccer/","https://hsfootball.net/proxy.php?url=https%3A%2F%2Fimage.maxpreps.io%2Fschool-mascot%2F8%2Fc%2F7%2F8c73326d-fd74-489b-9f5c-e6a483108ac5.gif%3Fversion%3D638597383952013970%26amp%3Bwidth%3D128%26amp%3Bheight%3D128%26amp%3Bauto%3Dwebp%26amp%3Bformat%3Dpjpg","https://hsfootball.net/proxy.php?url=https%3A%2F%2Fimage.maxpreps.io%2Fschool-mascot%2F7%2F6%2F7%2F7675fe65-6d89-4d20-851a-636887e1f95c.gif%3Fversion%3D638498455800000000%26amp%3Bwidth%3D128%26amp%3Bheight%3D128%26amp%3Bauto%3Dwebp%26amp%3Bformat%3Dpjpg","boy"
90,"North Lenoir vs Washington",Boys Soccer,"North Carolina",9/24/2026,6:30pm,"The North Lenoir varsity soccer team has an away conference match @  Washington (NC) on Thursday, September 24 @ 6:30p.","/nc/soccer/match/north-lenoir-lagrange-vs-washington/9-24-2026/?c=fe77c52f-bdbf-4e74-87e7-ca649ae253c7","https://www.maxpreps.com/nc/soccer/match/north-lenoir-lagrange-vs-washington/9-24-2026/?c=fe77c52f-bdbf-4e74-87e7-ca649ae253c7","/soccer/nc/dd4?9/24/2026","North Lenoir","Hawks","https://www.maxpreps.com/nc/north-lenoir-lagrange/boys-soccer/","https://www.maxpreps.com/nc/washington/boys-soccer/","https://hsfootball.net/proxy.php?url=https%3A%2F%2Fimage.maxpreps.io%2Fschool-mascot%2F0%2F1%2F5%2F015c6d9d-9bc6-4a39-8440-60ff7b02aa9b.gif%3Fversion%3D634969794600000000%26amp%3Bwidth%3D128%26amp%3Bheight%3D128%26amp%3Bauto%3Dwebp%26amp%3Bformat%3Dpjpg","https://hsfootball.net/proxy.php?url=https%3A%2F%2Fimage.maxpreps.io%2Fschool-mascot%2Fc%2F4%2F7%2Fc47cdc45-2b9b-4519-911a-0820399d8775.gif%3Fversion%3D639077569295361450%26amp%3Bwidth%3D128%26amp%3Bheight%3D128%26amp%3Bauto%3Dwebp%26amp%3Bformat%3Dpjpg","boy"
91,"Jordan vs Green Level",Boys Soccer,"North Carolina",9/24/2026,6:30pm,"The Jordan varsity soccer team has an away conference match @  Green Level (Cary, NC) on Thursday, September 24 @ 6:30p.","/nc/soccer/match/green-level-cary-vs-jordan-durham/9-24-2026/?c=56a1a209-d755-41e7-9850-f6629042c439","https://www.maxpreps.com/nc/soccer/match/green-level-cary-vs-jordan-durham/9-24-2026/?c=56a1a209-d755-41e7-9850-f6629042c439","/soccer/nc/ca1?9/24/2026","Jordan","Falcons","https://www.maxpreps.com/nc/green-level-cary/boys-soccer/","https://www.maxpreps.com/nc/jordan-durham/boys-soccer/","https://hsfootball.net/proxy.php?url=https%3A%2F%2Fimage.maxpreps.io%2Fschool-mascot%2F0%2F5%2F3%2F0532cbec-3e03-44b2-b11e-4aea2a3db3a0.gif%3Fversion%3D637091616600000000%26amp%3Bwidth%3D128%26amp%3Bheight%3D128%26amp%3Bauto%3Dwebp%26amp%3Bformat%3Dpjpg","https://hsfootball.net/proxy.php?url=https%3A%2F%2Fimage.maxpreps.io%2Fschool-mascot%2F7%2F2%2Fd%2F72de608b-d5df-47d7-bbb7-774cfe19db96.gif%3Fversion%3D638589353853722870%26amp%3Bwidth%3D128%26amp%3Bheight%3D128%26amp%3Bauto%3Dwebp%26amp%3Bformat%3Dpjpg","boy"
92,"Montgomery Central vs Randleman",Boys Soccer,"North Carolina",9/24/2026,6:30pm,"The Montgomery Central varsity soccer team has an away conference match @  Randleman (NC) on Thursday, September 24 @ 6:30p.","/nc/soccer/match/montgomery-central-troy-vs-randleman/9-24-2026/?c=395bad28-02d3-4aef-a39e-ce88990c6b3b","https://www.maxpreps.com/nc/soccer/match/montgomery-central-troy-vs-randleman/9-24-2026/?c=395bad28-02d3-4aef-a39e-ce88990c6b3b","/soccer/nc/e57?9/24/2026","Montgomery Central","Timberwolves","https://www.maxpreps.com/nc/montgomery-central-troy/boys-soccer/","https://www.maxpreps.com/nc/randleman/boys-soccer/","https://hsfootball.net/proxy.php?url=https%3A%2F%2Fimage.maxpreps.io%2Fschool-mascot%2F1%2Fb%2Ff%2F1bf3b31c-c29e-4058-ac30-b9e7d73ab210.gif%3Fversion%3D637038770400000000%26amp%3Bwidth%3D128%26amp%3Bheight%3D128%26amp%3Bauto%3Dwebp%26amp%3Bformat%3Dpjpg","https://hsfootball.net/proxy.php?url=https%3A%2F%2Fimage.maxpreps.io%2Fschool-mascot%2F8%2F5%2Fe%2F85eae151-bd3a-4ca4-b07b-55865f9ace0e.gif%3Fversion%3D638579975800585260%26amp%3Bwidth%3D128%26amp%3Bheight%3D128%26amp%3Bauto%3Dwebp%26amp%3Bformat%3Dpjpg","boy"
93,"Millbrook vs Enloe",Boys Soccer,"North Carolina",9/24/2026,6:30pm,"The Millbrook varsity soccer team has an away conference match @  Enloe (Raleigh, NC) on Thursday, September 24 @ 6:30p.","/nc/soccer/match/enloe-raleigh-vs-millbrook-raleigh/9-24-2026/?c=453cb5b7-ba29-4018-8a90-c8c358bf4b76","https://www.maxpreps.com/nc/soccer/match/enloe-raleigh-vs-millbrook-raleigh/9-24-2026/?c=453cb5b7-ba29-4018-8a90-c8c358bf4b76","/soccer/nc/d33?9/24/2026","Millbrook","Wildcats","https://www.maxpreps.com/nc/enloe-raleigh/boys-soccer/","https://www.maxpreps.com/nc/millbrook-raleigh/boys-soccer/","https://hsfootball.net/proxy.php?url=https%3A%2F%2Fimage.maxpreps.io%2Fschool-mascot%2Fa%2F8%2Fd%2Fa8d7c333-2ea0-4dbb-ad43-aacaede104be.gif%3Fversion%3D637072135800000000%26amp%3Bwidth%3D128%26amp%3Bheight%3D128%26amp%3Bauto%3Dwebp%26amp%3Bformat%3Dpjpg","https://hsfootball.net/proxy.php?url=https%3A%2F%2Fimage.maxpreps.io%2Fschool-mascot%2F0%2F1%2F3%2F01383b0a-c1b9-4e38-a0ef-c9456b720899.gif%3Fversion%3D637034839800000000%26amp%3Bwidth%3D128%26amp%3Bheight%3D128%26amp%3Bauto%3Dwebp%26amp%3Bformat%3Dpjpg","boy"
94,"Corinth Holders vs Leesville Road",Boys Soccer,"North Carolina",9/24/2026,6:30pm,"The Corinth Holders varsity soccer team has an away conference match @  Leesville Road (Raleigh, NC) on Thursday, September 24 @ 6:30p.","/nc/soccer/match/corinth-holders-wendell-vs-leesville-road-raleigh/9-24-2026/?c=257b7fb2-3d10-427e-8448-2bdffdd874ec","https://www.maxpreps.com/nc/soccer/match/corinth-holders-wendell-vs-leesville-road-raleigh/9-24-2026/?c=257b7fb2-3d10-427e-8448-2bdffdd874ec","/soccer/nc/1311?9/24/2026","Corinth Holders","Pirates","https://www.maxpreps.com/nc/corinth-holders-wendell/boys-soccer/","https://www.maxpreps.com/nc/leesville-road-raleigh/boys-soccer/","https://hsfootball.net/proxy.php?url=https%3A%2F%2Fimage.maxpreps.io%2Fschool-mascot%2Fc%2F0%2F0%2Fc0064df5-3ca6-45ab-9f05-0396c00de748.gif%3Fversion%3D637272896400000000%26amp%3Bwidth%3D128%26amp%3Bheight%3D128%26amp%3Bauto%3Dwebp%26amp%3Bformat%3Dpjpg","https://hsfootball.net/proxy.php?url=https%3A%2F%2Fimage.maxpreps.io%2Fschool-mascot%2F3%2Fe%2F3%2F3e31f213-f6f4-441f-a423-23876e626d7a.gif%3Fversion%3D636231788400000000%26amp%3Bwidth%3D128%26amp%3Bheight%3D128%26amp%3Bauto%3Dwebp%26amp%3Bformat%3Dpjpg","boy"
95,"Western Guilford vs Southwest Guilford",Boys Soccer,"North Carolina",9/24/2026,6:30pm,"The Western Guilford varsity soccer team has an away conference match @  Southwest Guilford (High Point, NC) on Thursday, September 24 @ 6:30p.","/nc/soccer/match/southwest-guilford-high-point-vs-western-guilford-fighting-hornets-greensboro/9-24-2026/?c=b2838f77-9577-459c-9978-02e4fb76c3c7","https://www.maxpreps.com/nc/soccer/match/southwest-guilford-high-point-vs-western-guilford-fighting-hornets-greensboro/9-24-2026/?c=b2838f77-9577-459c-9978-02e4fb76c3c7","/soccer/nc/1e87?9/24/2026","Western Guilford","Hornets","https://www.maxpreps.com/nc/southwest-guilford-high-point/boys-soccer/","https://www.maxpreps.com/nc/western-guilford-fighting-hornets-greensboro/boys-soccer/","https://hsfootball.net/proxy.php?url=https%3A%2F%2Fimage.maxpreps.io%2Fschool-mascot%2Fd%2F2%2Ff%2Fd2fb1975-fa90-4b5f-821a-5452e90142ab.gif%3Fversion%3D633622724400000000%26amp%3Bwidth%3D128%26amp%3Bheight%3D128%26amp%3Bauto%3Dwebp%26amp%3Bformat%3Dpjpg","https://hsfootball.net/proxy.php?url=https%3A%2F%2Fimage.maxpreps.io%2Fschool-mascot%2F5%2Fd%2F8%2F5d832abf-df7b-498c-b299-7a64cde4a1ee.gif%3Fversion%3D635611321800000000%26amp%3Bwidth%3D128%26amp%3Bheight%3D128%26amp%3Bauto%3Dwebp%26amp%3Bformat%3Dpjpg","boy"
96,"High Point Central vs Ledford",Boys Soccer,"North Carolina",9/24/2026,6:30pm,"The High Point Central varsity soccer team has an away conference match @  Ledford (Thomasville, NC) on Thursday, September 24 @ 6:30p.","/nc/soccer/match/high-point-central-vs-ledford-senior-panthers-thomasville/9-24-2026/?c=41cbb282-8957-42db-9cb3-af2fc86da8dc","https://www.maxpreps.com/nc/soccer/match/high-point-central-vs-ledford-senior-panthers-thomasville/9-24-2026/?c=41cbb282-8957-42db-9cb3-af2fc86da8dc","/soccer/nc/1654?9/24/2026","High Point Central","Bison","https://www.maxpreps.com/nc/high-point-central/boys-soccer/","https://www.maxpreps.com/nc/ledford-senior-panthers-thomasville/boys-soccer/","https://hsfootball.net/proxy.php?url=https%3A%2F%2Fimage.maxpreps.io%2Fschool-mascot%2F2%2F3%2Ff%2F23f0c339-93de-4dbc-8d06-93fd6ffd15fc.gif%3Fversion%3D633855306000000000%26amp%3Bwidth%3D128%26amp%3Bheight%3D128%26amp%3Bauto%3Dwebp%26amp%3Bformat%3Dpjpg","https://hsfootball.net/proxy.php?url=https%3A%2F%2Fimage.maxpreps.io%2Fschool-mascot%2Fd%2F5%2F4%2Fd54f2ded-ee15-46b4-9f57-645a5ff694df.gif%3Fversion%3D638803452799066280%26amp%3Bwidth%3D128%26amp%3Bheight%3D128%26amp%3Bauto%3Dwebp%26amp%3Bformat%3Dpjpg","boy"
97,"GRACE Christian vs Trinity of Durham and Chapel Hill",Boys Soccer,"North Carolina",9/24/2026,6:30pm,"The GRACE Christian varsity soccer team has an away conference match @  Trinity of Durham and Chapel Hill (Durham, NC) on Thursday, September 24 @ 6:30p.","/nc/soccer/match/grace-christian-raleigh-vs-trinity-of-durham-and-chapel-hill/9-24-2026/?c=a56592be-f905-427a-b558-6fec0894455a","https://www.maxpreps.com/nc/soccer/match/grace-christian-raleigh-vs-trinity-of-durham-and-chapel-hill/9-24-2026/?c=a56592be-f905-427a-b558-6fec0894455a","/soccer/nc/16d3?9/24/2026","GRACE Christian","Eagles","https://www.maxpreps.com/nc/grace-christian-raleigh/boys-soccer/","https://www.maxpreps.com/nc/trinity-of-durham-and-chapel-hill/boys-soccer/","https://hsfootball.net/proxy.php?url=https%3A%2F%2Fimage.maxpreps.io%2Fschool-mascot%2F7%2F1%2F2%2F7120b1a9-fd65-445d-87f6-db228ca30545.gif%3Fversion%3D637250443200000000%26amp%3Bwidth%3D128%26amp%3Bheight%3D128%26amp%3Bauto%3Dwebp%26amp%3Bformat%3Dpjpg","https://hsfootball.net/proxy.php?url=https%3A%2F%2Fimage.maxpreps.io%2Fschool-mascot%2F6%2F9%2F6%2F696e75d1-1771-4035-a758-443a447e28a6.gif%3Fversion%3D636776197800000000%26amp%3Bwidth%3D128%26amp%3Bheight%3D128%26amp%3Bauto%3Dwebp%26amp%3Bformat%3Dpjpg","boy"
98,"Broughton vs Wakefield",Boys Soccer,"North Carolina",9/24/2026,6:30pm,"The Broughton varsity soccer team has an away conference match @  Wakefield (Raleigh, NC) on Thursday, September 24 @ 6:30p.","/nc/soccer/match/broughton-raleigh-vs-wakefield-raleigh/9-24-2026/?c=6347b8bb-41b4-4822-ae26-9ff96995c86d","https://www.maxpreps.com/nc/soccer/match/broughton-raleigh-vs-wakefield-raleigh/9-24-2026/?c=6347b8bb-41b4-4822-ae26-9ff96995c86d","/soccer/nc/ed9?9/24/2026","Broughton","Capitals","https://www.maxpreps.com/nc/broughton-raleigh/boys-soccer/","https://www.maxpreps.com/nc/wakefield-raleigh/boys-soccer/","https://hsfootball.net/proxy.php?url=https%3A%2F%2Fimage.maxpreps.io%2Fschool-mascot%2Fa%2F4%2Fb%2Fa4b43083-5e8e-482b-ab25-4c72e63a2d87.gif%3Fversion%3D638866703424477760%26amp%3Bwidth%3D128%26amp%3Bheight%3D128%26amp%3Bauto%3Dwebp%26amp%3Bformat%3Dpjpg","https://hsfootball.net/proxy.php?url=https%3A%2F%2Fimage.maxpreps.io%2Fschool-mascot%2F6%2F9%2Fa%2F69a6061d-665a-4672-bbc9-5788f1499c3c.gif%3Fversion%3D635906097600000000%26amp%3Bwidth%3D128%26amp%3Bheight%3D128%26amp%3Bauto%3Dwebp%26amp%3Bformat%3Dpjpg","boy"
99,"South Iredell vs Mooresville",Boys Soccer,"North Carolina",9/24/2026,6:30pm,"The South Iredell varsity soccer team has an away conference match @  Mooresville (NC) on Thursday, September 24 @ 6:30p.","/nc/soccer/match/mooresville-vs-south-iredell-statesville/9-24-2026/?c=c9cfa27c-f545-447b-8dc8-809ec3fdf41e","https://www.maxpreps.com/nc/soccer/match/mooresville-vs-south-iredell-statesville/9-24-2026/?c=c9cfa27c-f545-447b-8dc8-809ec3fdf41e","/soccer/nc/1012?9/24/2026","South Iredell","Vikings","https://www.maxpreps.com/nc/mooresville/boys-soccer/","https://www.maxpreps.com/nc/south-iredell-statesville/boys-soccer/","https://hsfootball.net/proxy.php?url=https%3A%2F%2Fimage.maxpreps.io%2Fschool-mascot%2F0%2F5%2F3%2F05345f85-a5c2-49d2-8d30-ec03a1e51daf.gif%3Fversion%3D637462050600000000%26amp%3Bwidth%3D128%26amp%3Bheight%3D128%26amp%3Bauto%3Dwebp%26amp%3Bformat%3Dpjpg","https://hsfootball.net/proxy.php?url=https%3A%2F%2Fimage.maxpreps.io%2Fschool-mascot%2Fa%2Fd%2F9%2Fad97398a-490c-4047-9b0c-54320ed9abed.gif%3Fversion%3D638548222129945990%26amp%3Bwidth%3D128%26amp%3Bheight%3D128%26amp%3Bauto%3Dwebp%26amp%3Bformat%3Dpjpg","boy"
100,"Northern Durham vs Riverside-Durham",Boys Soccer,"North Carolina",9/24/2026,6:45pm,"The Northern Durham varsity soccer team has an away conference match @  Riverside-Durham (Durham, NC) on Thursday, September 24 @ 6:45p.","/nc/soccer/match/northern-durham-vs-riverside-durham/9-24-2026/?c=50998090-a52b-4ebb-932c-55853ed652da","https://www.maxpreps.com/nc/soccer/match/northern-durham-vs-riverside-durham/9-24-2026/?c=50998090-a52b-4ebb-932c-55853ed652da","/soccer/nc/ddc?9/24/2026","Northern Durham","Knights","https://www.maxpreps.com/nc/northern-durham/boys-soccer/","https://www.maxpreps.com/nc/riverside-durham/boys-soccer/","https://hsfootball.net/proxy.php?url=https%3A%2F%2Fimage.maxpreps.io%2Fschool-mascot%2F1%2Fc%2F4%2F1c49c4a3-d841-47d8-981f-7d0fd5d52e5c.gif%3Fversion%3D638737473155660010%26amp%3Bwidth%3D128%26amp%3Bheight%3D128%26amp%3Bauto%3Dwebp%26amp%3Bformat%3Dpjpg","https://hsfootball.net/proxy.php?url=https%3A%2F%2Fimage.maxpreps.io%2Fschool-mascot%2Fc%2Fe%2Fd%2Fcedf40bb-c2d1-481d-b054-1ff44916f569.gif%3Fversion%3D637261935000000000%26amp%3Bwidth%3D128%26amp%3Bheight%3D128%26amp%3Bauto%3Dwebp%26amp%3Bformat%3Dpjpg","boy"
101,"Hickory Ridge vs West Cabarrus",Boys Soccer,"North Carolina",9/24/2026,6:45pm,"The Hickory Ridge varsity soccer team has an away conference match @  West Cabarrus (Concord, NC) on Thursday, September 24 @ 6:45p.","/nc/soccer/match/hickory-ridge-harrisburg-vs-west-cabarrus-concord/9-24-2026/?c=21507428-9ea7-4406-bc58-0d38be353315","https://www.maxpreps.com/nc/soccer/match/hickory-ridge-harrisburg-vs-west-cabarrus-concord/9-24-2026/?c=21507428-9ea7-4406-bc58-0d38be353315","/soccer/nc/1332?9/24/2026","Hickory Ridge","Bulls","https://www.maxpreps.com/nc/hickory-ridge-harrisburg/boys-soccer/","https://www.maxpreps.com/nc/west-cabarrus-concord/boys-soccer/","https://hsfootball.net/proxy.php?url=https%3A%2F%2Fimage.maxpreps.io%2Fschool-mascot%2F4%2F2%2Fc%2F42c8f52e-1f83-41ae-a268-178b0cca90d4.gif%3Fversion%3D636865903800000000%26amp%3Bwidth%3D128%26amp%3Bheight%3D128%26amp%3Bauto%3Dwebp%26amp%3Bformat%3Dpjpg","https://hsfootball.net/proxy.php?url=https%3A%2F%2Fimage.maxpreps.io%2Fschool-mascot%2Fe%2F4%2F8%2Fe48b52c8-cccb-4f26-9e8c-c223bc02b0bb.gif%3Fversion%3D638549102944903130%26amp%3Bwidth%3D128%26amp%3Bheight%3D128%26amp%3Bauto%3Dwebp%26amp%3Bformat%3Dpjpg","boy"
102,"A.L. Brown vs Cox Mill",Boys Soccer,"North Carolina",9/24/2026,6:45pm,"The A.L. Brown varsity soccer team has an away conference match @  Cox Mill (Concord, NC) on Thursday, September 24 @ 6:45p.","/nc/soccer/match/al-brown-kannapolis-vs-cox-mill-concord/9-24-2026/?c=5bfe0f85-264d-4e3c-ada3-6e3022850f23","https://www.maxpreps.com/nc/soccer/match/al-brown-kannapolis-vs-cox-mill-concord/9-24-2026/?c=5bfe0f85-264d-4e3c-ada3-6e3022850f23","/soccer/nc/efc?9/24/2026","A.L. Brown","Wonders","https://www.maxpreps.com/nc/al-brown-kannapolis/boys-soccer/","https://www.maxpreps.com/nc/cox-mill-concord/boys-soccer/","https://hsfootball.net/proxy.php?url=https%3A%2F%2Fimage.maxpreps.io%2Fschool-mascot%2F0%2Fb%2Fc%2F0bcf1628-5525-479f-980b-4ea973c12a8a.gif%3Fversion%3D637825754400000000%26amp%3Bwidth%3D128%26amp%3Bheight%3D128%26amp%3Bauto%3Dwebp%26amp%3Bformat%3Dpjpg","https://hsfootball.net/proxy.php?url=https%3A%2F%2Fimage.maxpreps.io%2Fschool-mascot%2F3%2Fc%2Fd%2F3cdbaa1f-eb68-4734-ba5d-0c20524101cd.gif%3Fversion%3D638379516600000000%26amp%3Bwidth%3D128%26amp%3Bheight%3D128%26amp%3Bauto%3Dwebp%26amp%3Bformat%3Dpjpg","boy"
103,"Chapel Hill vs Southern School of Energy and Sustainability",Boys Soccer,"North Carolina",9/24/2026,6:45pm,"The Chapel Hill varsity soccer team has an away conference match @  Southern School of Energy and Sustainability (Durham, NC) on Thursday, September 24 @ 6:45p.","/nc/soccer/match/chapel-hill-vs-southern-school-of-energy-and-sustainability-durham/9-24-2026/?c=2a51beae-445a-4d7e-b782-8d5cc8d7c7a6","https://www.maxpreps.com/nc/soccer/match/chapel-hill-vs-southern-school-of-energy-and-sustainability-durham/9-24-2026/?c=2a51beae-445a-4d7e-b782-8d5cc8d7c7a6","/soccer/nc/199c?9/24/2026","Chapel Hill","Tigers","https://www.maxpreps.com/nc/chapel-hill/boys-soccer/","https://www.maxpreps.com/nc/southern-school-of-energy-and-sustainability-durham/boys-soccer/","https://hsfootball.net/proxy.php?url=https%3A%2F%2Fimage.maxpreps.io%2Fschool-mascot%2F4%2Fd%2F0%2F4d0f5866-a2d4-4c8c-bc19-75e7c7229165.gif%3Fversion%3D638498475000000000%26amp%3Bwidth%3D128%26amp%3Bheight%3D128%26amp%3Bauto%3Dwebp%26amp%3Bformat%3Dpjpg","https://hsfootball.net/proxy.php?url=https%3A%2F%2Fimage.maxpreps.io%2Fschool-mascot%2F3%2Fe%2F8%2F3e867fc9-cdfe-47a5-89b5-bea3a9868740.gif%3Fversion%3D636772659600000000%26amp%3Bwidth%3D128%26amp%3Bheight%3D128%26amp%3Bauto%3Dwebp%26amp%3Bformat%3Dpjpg","boy"
104,"Parkwood vs Forest Hills",Boys Soccer,"North Carolina",9/24/2026,7:00pm,"The Parkwood varsity soccer team has an away conference match @  Forest Hills (Marshville, NC) on Thursday, September 24 @ 7p.","/nc/soccer/match/forest-hills-marshville-vs-parkwood-monroe/9-24-2026/?c=cf9d9657-62a1-4673-a76f-1e219cf4c8f5","https://www.maxpreps.com/nc/soccer/match/forest-hills-marshville-vs-parkwood-monroe/9-24-2026/?c=cf9d9657-62a1-4673-a76f-1e219cf4c8f5","/soccer/nc/10a7?9/24/2026","Parkwood","Wolf Pack","https://www.maxpreps.com/nc/forest-hills-marshville/boys-soccer/","https://www.maxpreps.com/nc/parkwood-monroe/boys-soccer/","https://hsfootball.net/proxy.php?url=https%3A%2F%2Fimage.maxpreps.io%2Fschool-mascot%2Fe%2F3%2F6%2Fe360ac21-e816-441a-9f15-d69d70854943.gif%3Fversion%3D638380065600000000%26amp%3Bwidth%3D128%26amp%3Bheight%3D128%26amp%3Bauto%3Dwebp%26amp%3Bformat%3Dpjpg","https://hsfootball.net/proxy.php?url=https%3A%2F%2Fimage.maxpreps.io%2Fschool-mascot%2Fb%2Ff%2F5%2Fbf53da99-a304-461c-bd9e-8c76ab66ca37.gif%3Fversion%3D638579937731145180%26amp%3Bwidth%3D128%26amp%3Bheight%3D128%26amp%3Bauto%3Dwebp%26amp%3Bformat%3Dpjpg","boy"
105,"Bishop McGuinness vs Surry Central",Boys Soccer,"North Carolina",9/24/2026,7:00pm,"The Bishop McGuinness varsity soccer team has an away non-conference match @  Surry Central (Dobson, NC) on Thursday, September 24 @ 7p.","/nc/soccer/match/bishop-mcguinness-kernersville-vs-surry-central-dobson/9-24-2026/?c=9e54a0b4-cbab-47cb-b98b-a067ad1a293f","https://www.maxpreps.com/nc/soccer/match/bishop-mcguinness-kernersville-vs-surry-central-dobson/9-24-2026/?c=9e54a0b4-cbab-47cb-b98b-a067ad1a293f","/soccer/nc/1581?9/24/2026","Bishop McGuinness","Villains","https://www.maxpreps.com/nc/bishop-mcguinness-kernersville/boys-soccer/","https://www.maxpreps.com/nc/surry-central-dobson/boys-soccer/","https://hsfootball.net/proxy.php?url=https%3A%2F%2Fimage.maxpreps.io%2Fschool-mascot%2F0%2Fd%2Fd%2F0dd63198-ee6a-458a-8a6a-0c23b2e3d361.gif%3Fversion%3D635509710600000000%26amp%3Bwidth%3D128%26amp%3Bheight%3D128%26amp%3Bauto%3Dwebp%26amp%3Bformat%3Dpjpg","https://hsfootball.net/proxy.php?url=https%3A%2F%2Fimage.maxpreps.io%2Fschool-mascot%2F7%2F1%2Fd%2F71d29732-83ae-4c3c-be01-8b0a3bbc8ff3.gif%3Fversion%3D638579992534355870%26amp%3Bwidth%3D128%26amp%3Bheight%3D128%26amp%3Bauto%3Dwebp%26amp%3Bformat%3Dpjpg","boy"
106,"Providence Day vs Covenant Day",Boys Soccer,"North Carolina",9/24/2026,7:00pm,"The Providence Day varsity soccer team has an away conference match @  Covenant Day (Matthews, NC) on Thursday, September 24 @ 7p.","/nc/soccer/match/covenant-day-matthews-vs-providence-day-charlotte/9-24-2026/?c=f29f9954-9ad5-466a-9097-b45b7b2b7ebc","https://www.maxpreps.com/nc/soccer/match/covenant-day-matthews-vs-providence-day-charlotte/9-24-2026/?c=f29f9954-9ad5-466a-9097-b45b7b2b7ebc","/soccer/nc/1333?9/24/2026","Providence Day","Chargers","https://www.maxpreps.com/nc/covenant-day-matthews/boys-soccer/","https://www.maxpreps.com/nc/providence-day-charlotte/boys-soccer/","https://hsfootball.net/proxy.php?url=https%3A%2F%2Fimage.maxpreps.io%2Fschool-mascot%2Fd%2F0%2Fc%2Fd0cb43d1-98fc-4f0a-8d6e-3ec2cd944ce7.gif%3Fversion%3D638380068600000000%26amp%3Bwidth%3D128%26amp%3Bheight%3D128%26amp%3Bauto%3Dwebp%26amp%3Bformat%3Dpjpg","https://hsfootball.net/proxy.php?url=https%3A%2F%2Fimage.maxpreps.io%2Fschool-mascot%2Fe%2F1%2F5%2Fe15bb405-3e9f-40aa-a6bb-6c376e5e6b98.gif%3Fversion%3D638636263683997200%26amp%3Bwidth%3D128%26amp%3Bheight%3D128%26amp%3Bauto%3Dwebp%26amp%3Bformat%3Dpjpg","boy"
107,"Ballantyne Ridge vs Ardrey Kell",Boys Soccer,"North Carolina",9/24/2026,7:00pm,"The Ballantyne Ridge varsity soccer team has an away conference match @  Ardrey Kell (Charlotte, NC) on Thursday, September 24 @ 7p.","/nc/soccer/match/ardrey-kell-charlotte-vs-ballantyne-ridge-charlotte/9-24-2026/?c=2b92775d-c3c1-469f-9018-dea124d6f150","https://www.maxpreps.com/nc/soccer/match/ardrey-kell-charlotte-vs-ballantyne-ridge-charlotte/9-24-2026/?c=2b92775d-c3c1-469f-9018-dea124d6f150","/soccer/nc/13e7?9/24/2026","Ballantyne Ridge","Wolves","https://www.maxpreps.com/nc/ardrey-kell-charlotte/boys-soccer/","https://www.maxpreps.com/nc/ballantyne-ridge-charlotte/boys-soccer/","https://hsfootball.net/proxy.php?url=https%3A%2F%2Fimage.maxpreps.io%2Fschool-mascot%2F7%2F4%2F4%2F744c3571-3a4a-4b97-b6dd-dbd086aea9f1.gif%3Fversion%3D638527881292485850%26amp%3Bwidth%3D128%26amp%3Bheight%3D128%26amp%3Bauto%3Dwebp%26amp%3Bformat%3Dpjpg","https://hsfootball.net/proxy.php?url=https%3A%2F%2Fimage.maxpreps.io%2Fschool-mascot%2Fa%2Fb%2F0%2Fab08ac13-2cd9-4c3e-b391-9b4cb70c1eb1.gif%3Fversion%3D638379529800000000%26amp%3Bwidth%3D128%26amp%3Bheight%3D128%26amp%3Bauto%3Dwebp%26amp%3Bformat%3Dpjpg","boy"
108,"Mallard Creek vs Independence",Boys Soccer,"North Carolina",9/24/2026,7:00pm,"The Mallard Creek varsity soccer team has an away conference match @  Independence (Charlotte, NC) on Thursday, September 24 @ 7p.","/nc/soccer/match/independence-charlotte-vs-mallard-creek-charlotte/9-24-2026/?c=2d0e0c92-89b4-4120-b16c-4501027b2a51","https://www.maxpreps.com/nc/soccer/match/independence-charlotte-vs-mallard-creek-charlotte/9-24-2026/?c=2d0e0c92-89b4-4120-b16c-4501027b2a51","/soccer/nc/131f?9/24/2026","Mallard Creek","Mavericks","https://www.maxpreps.com/nc/independence-charlotte/boys-soccer/","https://www.maxpreps.com/nc/mallard-creek-charlotte/boys-soccer/","https://hsfootball.net/proxy.php?url=https%3A%2F%2Fimage.maxpreps.io%2Fschool-mascot%2Fd%2F1%2Fb%2Fd1b36908-99b6-476b-9324-6cd4a2873dbf.gif%3Fversion%3D638714615948184910%26amp%3Bwidth%3D128%26amp%3Bheight%3D128%26amp%3Bauto%3Dwebp%26amp%3Bformat%3Dpjpg","https://hsfootball.net/proxy.php?url=https%3A%2F%2Fimage.maxpreps.io%2Fschool-mascot%2F2%2F8%2F4%2F28400089-de11-4297-80b0-0ca774dfd361.gif%3Fversion%3D638654166847834240%26amp%3Bwidth%3D128%26amp%3Bheight%3D128%26amp%3Bauto%3Dwebp%26amp%3Bformat%3Dpjpg","boy"
109,"Charlotte Latin vs Cannon",Boys Soccer,"North Carolina",9/24/2026,7:00pm,"The Charlotte Latin varsity soccer team has an away conference match @  Cannon (Concord, NC) on Thursday, September 24 @ 7p.","/nc/soccer/match/cannon-concord-vs-charlotte-latin/9-24-2026/?c=c34764aa-3cc3-4e04-a9ac-c81135fe6500","https://www.maxpreps.com/nc/soccer/match/cannon-concord-vs-charlotte-latin/9-24-2026/?c=c34764aa-3cc3-4e04-a9ac-c81135fe6500","/soccer/nc/ce0?9/24/2026","Charlotte Latin","Hawks","https://www.maxpreps.com/nc/cannon-concord/boys-soccer/","https://www.maxpreps.com/nc/charlotte-latin/boys-soccer/","https://hsfootball.net/proxy.php?url=https%3A%2F%2Fimage.maxpreps.io%2Fschool-mascot%2Fb%2Fa%2Fa%2Fbaa936d3-6986-4998-aaf3-9a8596cdce81.gif%3Fversion%3D638939596157100470%26amp%3Bwidth%3D128%26amp%3Bheight%3D128%26amp%3Bauto%3Dwebp%26amp%3Bformat%3Dpjpg","https://hsfootball.net/proxy.php?url=https%3A%2F%2Fimage.maxpreps.io%2Fschool-mascot%2F9%2Fe%2F9%2F9e946929-1ef0-4c41-a017-fde9178ff624.gif%3Fversion%3D636805517400000000%26amp%3Bwidth%3D128%26amp%3Bheight%3D128%26amp%3Bauto%3Dwebp%26amp%3Bformat%3Dpjpg","boy"
110,"Central Cabarrus vs Phillip O. Berry Academy of Technology",Boys Soccer,"North Carolina",9/24/2026,7:00pm,"The Central Cabarrus varsity soccer team has an away conference match @  Phillip O. Berry Academy of Technology (Charlotte, NC) on Thursday, September 24 @ 7p.","/nc/soccer/match/central-cabarrus-concord-vs-phillip-o-berry-academy-of-technology-charlotte/9-24-2026/?c=d58edba2-67a0-4b19-b984-6edb2c87b9e3","https://www.maxpreps.com/nc/soccer/match/central-cabarrus-concord-vs-phillip-o-berry-academy-of-technology-charlotte/9-24-2026/?c=d58edba2-67a0-4b19-b984-6edb2c87b9e3","/soccer/nc/1cff?9/24/2026","Central Cabarrus","Vikings","https://www.maxpreps.com/nc/central-cabarrus-concord/boys-soccer/","https://www.maxpreps.com/nc/phillip-o-berry-academy-of-technology-charlotte/boys-soccer/","https://hsfootball.net/proxy.php?url=https%3A%2F%2Fimage.maxpreps.io%2Fschool-mascot%2F7%2F9%2Ff%2F79fb3e05-4471-42a9-a8a4-9847e3de839a.gif%3Fversion%3D638379422400000000%26amp%3Bwidth%3D128%26amp%3Bheight%3D128%26amp%3Bauto%3Dwebp%26amp%3Bformat%3Dpjpg","https://hsfootball.net/proxy.php?url=https%3A%2F%2Fimage.maxpreps.io%2Fschool-mascot%2F4%2F0%2Fa%2F40a12c77-b2b0-4f21-9e6c-bf95d2bf4acb.gif%3Fversion%3D633754013400000000%26amp%3Bwidth%3D128%26amp%3Bheight%3D128%26amp%3Bauto%3Dwebp%26amp%3Bformat%3Dpjpg","boy"
111,"Chambers vs North Mecklenburg",Boys Soccer,"North Carolina",9/24/2026,7:00pm,"The Chambers varsity soccer team has an away conference match @  North Mecklenburg (Huntersville, NC) on Thursday, September 24 @ 7p.","/nc/soccer/match/chambers-charlotte-vs-north-mecklenburg-huntersville/9-24-2026/?c=f2ba46e1-1af5-42a7-9414-8d768ffaf1eb","https://www.maxpreps.com/nc/soccer/match/chambers-charlotte-vs-north-mecklenburg-huntersville/9-24-2026/?c=f2ba46e1-1af5-42a7-9414-8d768ffaf1eb","/soccer/nc/14b4?9/24/2026","Chambers","Cougars","https://www.maxpreps.com/nc/chambers-charlotte/boys-soccer/","https://www.maxpreps.com/nc/north-mecklenburg-huntersville/boys-soccer/","https://hsfootball.net/proxy.php?url=https%3A%2F%2Fimage.maxpreps.io%2Fschool-mascot%2F8%2F9%2Fb%2F89b7ac14-6417-4a78-8e6f-94e7ca0501cf.gif%3Fversion%3D638379540000000000%26amp%3Bwidth%3D128%26amp%3Bheight%3D128%26amp%3Bauto%3Dwebp%26amp%3Bformat%3Dpjpg","https://hsfootball.net/proxy.php?url=https%3A%2F%2Fimage.maxpreps.io%2Fschool-mascot%2Ff%2Fe%2Fd%2Ffed1227f-9b47-4a57-91d9-9aceacbddf31.gif%3Fversion%3D636539692200000000%26amp%3Bwidth%3D128%26amp%3Bheight%3D128%26amp%3Bauto%3Dwebp%26amp%3Bformat%3Dpjpg","boy"
112,"West Stanly vs Central Academy of Technology &amp; Arts",Boys Soccer,"North Carolina",9/24/2026,7:00pm,"The West Stanly varsity soccer team has an away conference match @  Central Academy of Technology &amp; Arts (Monroe, NC) on Thursday, September 24 @ 7p.","/nc/soccer/match/central-academy-of-technology-and-arts-monroe-vs-west-stanly-oakboro/9-24-2026/?c=6304d930-9b4f-45e5-a477-679c833a53b9","https://www.maxpreps.com/nc/soccer/match/central-academy-of-technology-and-arts-monroe-vs-west-stanly-oakboro/9-24-2026/?c=6304d930-9b4f-45e5-a477-679c833a53b9","/soccer/nc/1a41?9/24/2026","West Stanly","Colts","https://www.maxpreps.com/nc/central-academy-of-technology-and-arts-monroe/boys-soccer/","https://www.maxpreps.com/nc/west-stanly-oakboro/boys-soccer/","https://hsfootball.net/proxy.php?url=https%3A%2F%2Fimage.maxpreps.io%2Fschool-mascot%2F6%2F8%2Fb%2F68bcd9c5-a95b-4716-8d6f-9ccca0ea723b.gif%3Fversion%3D635417986200000000%26amp%3Bwidth%3D128%26amp%3Bheight%3D128%26amp%3Bauto%3Dwebp%26amp%3Bformat%3Dpjpg","https://hsfootball.net/proxy.php?url=https%3A%2F%2Fimage.maxpreps.io%2Fschool-mascot%2F5%2F7%2F8%2F57816813-c083-4fea-8d0e-1c8bd42ce4b8.gif%3Fversion%3D635345330400000000%26amp%3Bwidth%3D128%26amp%3Bheight%3D128%26amp%3Bauto%3Dwebp%26amp%3Bformat%3Dpjpg","boy"
113,"Butler vs West Charlotte",Boys Soccer,"North Carolina",9/24/2026,7:00pm,"The Butler varsity soccer team has an away conference match @  West Charlotte (Charlotte, NC) on Thursday, September 24 @ 7p.","/nc/soccer/match/david-w-butler-bulldogs-matthews-vs-west-charlotte/9-24-2026/?c=61a7ee94-1dd6-4f4b-ad2e-d08f3fabb643","https://www.maxpreps.com/nc/soccer/match/david-w-butler-bulldogs-matthews-vs-west-charlotte/9-24-2026/?c=61a7ee94-1dd6-4f4b-ad2e-d08f3fabb643","/soccer/nc/1383?9/24/2026","Butler","Bulldogs","https://www.maxpreps.com/nc/david-w-butler-bulldogs-matthews/boys-soccer/","https://www.maxpreps.com/nc/west-charlotte/boys-soccer/","https://hsfootball.net/proxy.php?url=https%3A%2F%2Fimage.maxpreps.io%2Fschool-mascot%2F7%2F7%2F3%2F7737fd46-4279-442d-a19a-fa8519f99804.gif%3Fversion%3D635996115000000000%26amp%3Bwidth%3D128%26amp%3Bheight%3D128%26amp%3Bauto%3Dwebp%26amp%3Bformat%3Dpjpg","https://hsfootball.net/proxy.php?url=https%3A%2F%2Fimage.maxpreps.io%2Fschool-mascot%2Fc%2F1%2F5%2Fc15c495c-1bd9-495e-a009-54be686d3de9.gif%3Fversion%3D638910548195451290%26amp%3Bwidth%3D128%26amp%3Bheight%3D128%26amp%3Bauto%3Dwebp%26amp%3Bformat%3Dpjpg","boy"
114,"Statesville vs Lake Norman",Boys Soccer,"North Carolina",9/24/2026,7:00pm,"The Statesville varsity soccer team has an away conference match @  Lake Norman (Mooresville, NC) on Thursday, September 24 @ 7p.","/nc/soccer/match/lake-norman-mooresville-vs-statesville/9-24-2026/?c=87961771-ba6c-4cb3-b838-baeca57b2a43","https://www.maxpreps.com/nc/soccer/match/lake-norman-mooresville-vs-statesville/9-24-2026/?c=87961771-ba6c-4cb3-b838-baeca57b2a43","/soccer/nc/f26?9/24/2026","Statesville","Greyhounds","https://www.maxpreps.com/nc/lake-norman-mooresville/boys-soccer/","https://www.maxpreps.com/nc/statesville/boys-soccer/","https://hsfootball.net/proxy.php?url=https%3A%2F%2Fimage.maxpreps.io%2Fschool-mascot%2F6%2F9%2F4%2F694a265b-ab9a-424d-8624-69a71dd932ae.gif%3Fversion%3D638379532800000000%26amp%3Bwidth%3D128%26amp%3Bheight%3D128%26amp%3Bauto%3Dwebp%26amp%3Bformat%3Dpjpg","https://hsfootball.net/proxy.php?url=https%3A%2F%2Fimage.maxpreps.io%2Fschool-mascot%2F2%2F6%2Fc%2F26c735e1-c2cd-4b4c-8b16-278db92540f4.gif%3Fversion%3D638472756000000000%26amp%3Bwidth%3D128%26amp%3Bheight%3D128%26amp%3Bauto%3Dwebp%26amp%3Bformat%3Dpjpg","boy"
115,"Providence vs Palisades",Boys Soccer,"North Carolina",9/24/2026,7:00pm,"The Providence varsity soccer team has an away conference match @  Palisades (Charlotte, NC) on Thursday, September 24 @ 7p.","/nc/soccer/match/palisades-charlotte-vs-providence-charlotte/9-24-2026/?c=3e30df42-4ec6-450f-9c93-4c44c347cef5","https://www.maxpreps.com/nc/soccer/match/palisades-charlotte-vs-providence-charlotte/9-24-2026/?c=3e30df42-4ec6-450f-9c93-4c44c347cef5","/soccer/nc/110e?9/24/2026","Providence","Panthers","https://www.maxpreps.com/nc/palisades-charlotte/boys-soccer/","https://www.maxpreps.com/nc/providence-charlotte/boys-soccer/","https://hsfootball.net/proxy.php?url=https%3A%2F%2Fimage.maxpreps.io%2Fschool-mascot%2Ff%2F2%2F8%2Ff2817fc5-bc7b-41b4-8357-4614b74fea2b.gif%3Fversion%3D634253596800000000%26amp%3Bwidth%3D128%26amp%3Bheight%3D128%26amp%3Bauto%3Dwebp%26amp%3Bformat%3Dpjpg","https://hsfootball.net/proxy.php?url=https%3A%2F%2Fimage.maxpreps.io%2Fschool-mascot%2F6%2F0%2F7%2F6073daeb-d348-4a35-a953-8a6862e1a666.gif%3Fversion%3D638754645665698420%26amp%3Bwidth%3D128%26amp%3Bheight%3D128%26amp%3Bauto%3Dwebp%26amp%3Bformat%3Dpjpg","boy"
116,"Arborbrook Christian Academy vs Union Day",Boys Soccer,"North Carolina",9/24/2026,12:00am,"The Arborbrook Christian Academy varsity soccer team has an away non-conference match @  Union Day (Weddington, NC) on Thursday, September 24.","/nc/soccer/match/arborbrook-christian-academy-matthews-vs-union-day-weddington/9-24-2026/?c=608fdd25-31c4-4cb4-ac89-8c0d99d2aa09","https://www.maxpreps.com/nc/soccer/match/arborbrook-christian-academy-matthews-vs-union-day-weddington/9-24-2026/?c=608fdd25-31c4-4cb4-ac89-8c0d99d2aa09","/soccer/nc/17f7?9/24/2026","Arborbrook Christian Academy","Falcons","https://www.maxpreps.com/nc/arborbrook-christian-academy-matthews/boys-soccer/","https://www.maxpreps.com/nc/union-day-weddington/boys-soccer/","https://hsfootball.net/proxy.php?url=https%3A%2F%2Fimage.maxpreps.io%2Fschool-mascot%2F2%2F9%2F0%2F2908d0c6-f02e-4aed-8311-df295e3e779d.gif%3Fversion%3D637232322600000000%26amp%3Bwidth%3D128%26amp%3Bheight%3D128%26amp%3Bauto%3Dwebp%26amp%3Bformat%3Dpjpg","https://hsfootball.net/proxy.php?url=https%3A%2F%2Fimage.maxpreps.io%2Fschool-mascot%2F3%2Fa%2Fe%2F3ae7b464-b119-4743-8ac6-447a4dffd62a.gif%3Fversion%3D638701329139163200%26amp%3Bwidth%3D128%26amp%3Bheight%3D128%26amp%3Bauto%3Dwebp%26amp%3Bformat%3Dpjpg","boy"
117,"Quality Education Academy vs Oak Hill Academy",Boys Soccer,"North Carolina",9/24/2026,12:00am,"The Quality Education Academy varsity soccer team has an away conference match @  Oak Hill Academy (Mouth of Wilson, VA) on Thursday, September 24.","/inter-state/soccer/match/oak-hill-academy-mouth-of-wilson-va-vs-quality-education-academy-winston-salem-nc/9-24-2026/?c=e48b16a1-1056-4ec2-942d-16c4bf50820c","https://www.maxpreps.com/inter-state/soccer/match/oak-hill-academy-mouth-of-wilson-va-vs-quality-education-academy-winston-salem-nc/9-24-2026/?c=e48b16a1-1056-4ec2-942d-16c4bf50820c","/soccer/nc/1eed?9/24/2026","Quality Education Academy","Pharaohs","https://www.maxpreps.com/nc/oak-hill-academy-mouth-of-wilson-va/boys-soccer/","https://www.maxpreps.com/nc/quality-education-academy-winston-salem-nc/boys-soccer/","https://hsfootball.net/proxy.php?url=https%3A%2F%2Fimage.maxpreps.io%2Fschool-mascot%2F4%2Fc%2F3%2F4c39d2e8-d972-41df-bae4-ee34ce3eaf6e.gif%3Fversion%3D638726685125069560%26amp%3Bwidth%3D128%26amp%3Bheight%3D128%26amp%3Bauto%3Dwebp%26amp%3Bformat%3Dpjpg","https://hsfootball.net/proxy.php?url=https%3A%2F%2Fimage.maxpreps.io%2Fschool-mascot%2Ff%2F8%2F0%2Ff80db136-2ddf-4840-8835-c02f4785634d.gif%3Fversion%3D638693909856416750%26amp%3Bwidth%3D128%26amp%3Bheight%3D128%26amp%3Bauto%3Dwebp%26amp%3Bformat%3Dpjpg","boy"
118,"Christian Family Academy vs NorthPoint Christian Academy",Boys Soccer,"North Carolina",9/24/2026,12:00am,"The Christian Family Academy varsity soccer team has an away non-conference match @  NorthPoint Christian Academy (Waxhaw, NC) on Thursday, September 24.","/nc/soccer/match/christian-family-academy-conover-vs-northpoint-christian-academy-waxhaw/9-24-2026/?c=663ee30d-5ed2-4f3e-a25e-8745a5cd7a12","https://www.maxpreps.com/nc/soccer/match/christian-family-academy-conover-vs-northpoint-christian-academy-waxhaw/9-24-2026/?c=663ee30d-5ed2-4f3e-a25e-8745a5cd7a12","/soccer/nc/1be6?9/24/2026","Christian Family Academy","Fire","https://www.maxpreps.com/nc/christian-family-academy-conover/boys-soccer/","https://www.maxpreps.com/nc/northpoint-christian-academy-waxhaw/boys-soccer/","https://hsfootball.net/proxy.php?url=https%3A%2F%2Fimage.maxpreps.io%2Fschool-mascot%2F4%2F7%2Ff%2F47f8cd9f-89f3-4210-925b-0d4c79a895fc.gif%3Fversion%3D638435863800000000%26amp%3Bwidth%3D128%26amp%3Bheight%3D128%26amp%3Bauto%3Dwebp%26amp%3Bformat%3Dpjpg","https://hsfootball.net/proxy.php?url=https%3A%2F%2Fimage.maxpreps.io%2Fschool-mascot%2Ff%2F6%2Fb%2Ff6be45a5-2712-4e75-a480-1b9e453ab3a5.gif%3Fversion%3D638772034913615710%26amp%3Bwidth%3D128%26amp%3Bheight%3D128%26amp%3Bauto%3Dwebp%26amp%3Bformat%3Dpjpg","boy"
119,"Falls Lake Academy vs Discovery Charter School",Boys Soccer,"North Carolina",9/24/2026,12:00am,"The Falls Lake Academy varsity soccer team has an away conference match @  Discovery Charter School (Bahama, NC) on Thursday, September 24.","/nc/soccer/match/discovery-charter-school-bahama-vs-falls-lake-firebirds-creedmoor/9-24-2026/?c=411f2de7-94bf-4cc6-a5ce-f0116c0126a0","https://www.maxpreps.com/nc/soccer/match/discovery-charter-school-bahama-vs-falls-lake-firebirds-creedmoor/9-24-2026/?c=411f2de7-94bf-4cc6-a5ce-f0116c0126a0","/soccer/nc/191d?9/24/2026","Falls Lake Academy","Firebirds","https://www.maxpreps.com/nc/discovery-charter-school-bahama/boys-soccer/","https://www.maxpreps.com/nc/falls-lake-firebirds-creedmoor/boys-soccer/","https://hsfootball.net/proxy.php?url=https%3A%2F%2Fimage.maxpreps.io%2Fschool-mascot%2F0%2Fe%2F9%2F0e9ac8a5-a922-402b-b1ec-fdd94fabb3e2.gif%3Fversion%3D638882216289256410%26amp%3Bwidth%3D128%26amp%3Bheight%3D128%26amp%3Bauto%3Dwebp%26amp%3Bformat%3Dpjpg","https://hsfootball.net/proxy.php?url=https%3A%2F%2Fimage.maxpreps.io%2Fschool-mascot%2F0%2Fb%2F5%2F0b530384-642a-4b75-866b-431372c19b69.gif%3Fversion%3D638550819592587410%26amp%3Bwidth%3D128%26amp%3Bheight%3D128%26amp%3Bauto%3Dwebp%26amp%3Bformat%3Dpjpg","boy"
120,"Freedom Christian Academy vs Fayetteville Academy",Boys Soccer,"North Carolina",9/24/2026,12:00am,"The Freedom Christian Academy varsity soccer team has an away conference match @  Fayetteville Academy (Fayetteville, NC) on Thursday, September 24.","/nc/soccer/match/fayetteville-academy-vs-freedom-christian-academy-fayetteville/9-24-2026/?c=f552023d-9cb6-4ba6-b6c8-f84a7d77672c","https://www.maxpreps.com/nc/soccer/match/fayetteville-academy-vs-freedom-christian-academy-fayetteville/9-24-2026/?c=f552023d-9cb6-4ba6-b6c8-f84a7d77672c","/soccer/nc/1862?9/24/2026","Freedom Christian Academy","Patriots","https://www.maxpreps.com/nc/fayetteville-academy/boys-soccer/","https://www.maxpreps.com/nc/freedom-christian-academy-fayetteville/boys-soccer/","https://hsfootball.net/proxy.php?url=https%3A%2F%2Fimage.maxpreps.io%2Fschool-mascot%2Fa%2Fa%2F8%2Faa8ee037-4a3d-4b4d-bb4e-3f0607dbf4b7.gif%3Fversion%3D639224787159537940%26amp%3Bwidth%3D128%26amp%3Bheight%3D128%26amp%3Bauto%3Dwebp%26amp%3Bformat%3Dpjpg","https://hsfootball.net/proxy.php?url=https%3A%2F%2Fimage.maxpreps.io%2Fschool-mascot%2Fb%2Fb%2Fd%2Fbbd95dfc-7e09-4176-bdd4-c4cb3cbce98e.gif%3Fversion%3D638981638072230360%26amp%3Bwidth%3D128%26amp%3Bheight%3D128%26amp%3Bauto%3Dwebp%26amp%3Bformat%3Dpjpg","boy"