1,"Gulf Shores vs Spanish Fort",Girls Volleyball,"Alabama",9/24/2026,5:30pm,"The Gulf Shores varsity volleyball team has an away conference match @  Spanish Fort (AL) on Thursday, September 24 @ 5:30p.","/al/volleyball/match/gulf-shores-vs-spanish-fort/9-24-2026/?c=cf5fc903-537e-48a1-bd40-dbff561a2550","https://www.maxpreps.com/al/volleyball/match/gulf-shores-vs-spanish-fort/9-24-2026/?c=cf5fc903-537e-48a1-bd40-dbff561a2550","/volleyball/al/a90?9/24/2026","Gulf Shores","Dolphins","https://www.maxpreps.com/al/gulf-shores/volleyball/","https://www.maxpreps.com/al/spanish-fort/volleyball/","https://hsfootball.net/proxy.php?url=https%3A%2F%2Fimage.maxpreps.io%2Fschool-mascot%2Fa%2Fb%2F7%2Fab7be16f-9d97-4419-abb2-cf0786f0ddf9.gif%3Fversion%3D638229444000000000%26amp%3Bwidth%3D128%26amp%3Bheight%3D128%26amp%3Bauto%3Dwebp%26amp%3Bformat%3Dpjpg","https://hsfootball.net/proxy.php?url=https%3A%2F%2Fimage.maxpreps.io%2Fschool-mascot%2F0%2F2%2F9%2F029e1da5-5c5c-4f86-b679-5bb690bde0cb.gif%3Fversion%3D638253693000000000%26amp%3Bwidth%3D128%26amp%3Bheight%3D128%26amp%3Bauto%3Dwebp%26amp%3Bformat%3Dpjpg","girl"
2,"Jasper vs Hartselle",Girls Volleyball,"Alabama",9/24/2026,5:30pm,"The Jasper varsity volleyball team has an away non-conference match @  Hartselle (AL) on Thursday, September 24 @ 5:30p.","/al/volleyball/match/hartselle-vs-jasper/9-24-2026/?c=9e4b450b-6d9e-4b3f-932e-cb0c394b007f","https://www.maxpreps.com/al/volleyball/match/hartselle-vs-jasper/9-24-2026/?c=9e4b450b-6d9e-4b3f-932e-cb0c394b007f","/volleyball/al/78c?9/24/2026","Jasper","Vikings","https://www.maxpreps.com/al/hartselle/volleyball/","https://www.maxpreps.com/al/jasper/volleyball/","https://hsfootball.net/proxy.php?url=https%3A%2F%2Fimage.maxpreps.io%2Fschool-mascot%2F0%2F9%2Fc%2F09c9a1a4-14b9-43d4-88c9-2a99f593cd00.gif%3Fversion%3D638235460200000000%26amp%3Bwidth%3D128%26amp%3Bheight%3D128%26amp%3Bauto%3Dwebp%26amp%3Bformat%3Dpjpg","https://hsfootball.net/proxy.php?url=https%3A%2F%2Fimage.maxpreps.io%2Fschool-mascot%2F7%2F4%2F1%2F74156fd6-9214-4ecb-978c-ee936105bf21.gif%3Fversion%3D638234679000000000%26amp%3Bwidth%3D128%26amp%3Bheight%3D128%26amp%3Bauto%3Dwebp%26amp%3Bformat%3Dpjpg","girl"
3,"Hoover vs Mountain Brook",Girls Volleyball,"Alabama",9/24/2026,6:30pm,"The Hoover varsity volleyball team has an away non-conference match @  Mountain Brook (Birmingham, AL) on Thursday, September 24 @ 6:30p.","/al/volleyball/match/hoover-vs-mountain-brook-birmingham/9-24-2026/?c=6298ad9f-5039-48d2-a647-cdd63bbd0f66","https://www.maxpreps.com/al/volleyball/match/hoover-vs-mountain-brook-birmingham/9-24-2026/?c=6298ad9f-5039-48d2-a647-cdd63bbd0f66","/volleyball/al/dd6?9/24/2026","Hoover","Bucs","https://www.maxpreps.com/al/hoover/volleyball/","https://www.maxpreps.com/al/mountain-brook-birmingham/volleyball/","https://hsfootball.net/proxy.php?url=https%3A%2F%2Fimage.maxpreps.io%2Fschool-mascot%2Fc%2F5%2Fa%2Fc5a22c7b-ff61-416b-be5d-f18948147988.gif%3Fversion%3D638234689200000000%26amp%3Bwidth%3D128%26amp%3Bheight%3D128%26amp%3Bauto%3Dwebp%26amp%3Bformat%3Dpjpg","https://hsfootball.net/proxy.php?url=https%3A%2F%2Fimage.maxpreps.io%2Fschool-mascot%2Ff%2F6%2Fb%2Ff6b850b6-0e78-4e01-beae-4dadc185bc43.gif%3Fversion%3D638241475800000000%26amp%3Bwidth%3D128%26amp%3Bheight%3D128%26amp%3Bauto%3Dwebp%26amp%3Bformat%3Dpjpg","girl"
4,"Danville vs Priceville",Girls Volleyball,"Alabama",9/24/2026,10:00am,"The Danville varsity volleyball team has an away non-conference match @  Priceville (AL) on Thursday, September 24 @ 10a.","/al/volleyball/match/danville-vs-priceville/9-24-2026/?c=c7da9631-34e1-4851-9ee7-d3d9006d45c5","https://www.maxpreps.com/al/volleyball/match/danville-vs-priceville/9-24-2026/?c=c7da9631-34e1-4851-9ee7-d3d9006d45c5","/volleyball/al/8c1?9/24/2026","Danville","Hawks","https://www.maxpreps.com/al/danville/volleyball/","https://www.maxpreps.com/al/priceville/volleyball/","https://hsfootball.net/proxy.php?url=https%3A%2F%2Fimage.maxpreps.io%2Fschool-mascot%2F3%2F2%2Fc%2F32c10ae8-25af-4339-aca0-6ce7d33319c4.gif%3Fversion%3D638216562000000000%26amp%3Bwidth%3D128%26amp%3Bheight%3D128%26amp%3Bauto%3Dwebp%26amp%3Bformat%3Dpjpg","https://hsfootball.net/proxy.php?url=https%3A%2F%2Fimage.maxpreps.io%2Fschool-mascot%2Fd%2F4%2Fb%2Fd4bd745e-82a5-44c4-8344-ec53de1a4435.gif%3Fversion%3D638253638400000000%26amp%3Bwidth%3D128%26amp%3Bheight%3D128%26amp%3Bauto%3Dwebp%26amp%3Bformat%3Dpjpg","girl"
5,"Priceville vs Falkville",Girls Volleyball,"Alabama",9/24/2026,1:00pm,"The Priceville varsity volleyball team has an away non-conference match @  Falkville (AL) on Thursday, September 24 @ 1p.","/al/volleyball/match/falkville-vs-priceville/9-24-2026/?c=0155e3e0-b7b5-4d69-901d-e283b922063c","https://www.maxpreps.com/al/volleyball/match/falkville-vs-priceville/9-24-2026/?c=0155e3e0-b7b5-4d69-901d-e283b922063c","/volleyball/al/92c?9/24/2026","Priceville","Bulldogs","https://www.maxpreps.com/al/falkville/volleyball/","https://www.maxpreps.com/al/priceville/volleyball/","https://hsfootball.net/proxy.php?url=https%3A%2F%2Fimage.maxpreps.io%2Fschool-mascot%2Fd%2F4%2Fb%2Fd4bd745e-82a5-44c4-8344-ec53de1a4435.gif%3Fversion%3D638253638400000000%26amp%3Bwidth%3D128%26amp%3Bheight%3D128%26amp%3Bauto%3Dwebp%26amp%3Bformat%3Dpjpg","https://hsfootball.net/proxy.php?url=https%3A%2F%2Fimage.maxpreps.io%2Fschool-mascot%2F5%2F9%2F4%2F59433e83-5214-4046-9444-1ee8f66bcc52.gif%3Fversion%3D638225159400000000%26amp%3Bwidth%3D128%26amp%3Bheight%3D128%26amp%3Bauto%3Dwebp%26amp%3Bformat%3Dpjpg","girl"
6,"Danville vs Falkville",Girls Volleyball,"Alabama",9/24/2026,2:00pm,"The Danville varsity volleyball team has an away non-conference match @  Falkville (AL) on Thursday, September 24 @ 2p.","/al/volleyball/match/danville-vs-falkville/9-24-2026/?c=4240a6a4-b355-4261-9423-6c6e8801d2a2","https://www.maxpreps.com/al/volleyball/match/danville-vs-falkville/9-24-2026/?c=4240a6a4-b355-4261-9423-6c6e8801d2a2","/volleyball/al/84c?9/24/2026","Danville","Hawks","https://www.maxpreps.com/al/danville/volleyball/","https://www.maxpreps.com/al/falkville/volleyball/","https://hsfootball.net/proxy.php?url=https%3A%2F%2Fimage.maxpreps.io%2Fschool-mascot%2F3%2F2%2Fc%2F32c10ae8-25af-4339-aca0-6ce7d33319c4.gif%3Fversion%3D638216562000000000%26amp%3Bwidth%3D128%26amp%3Bheight%3D128%26amp%3Bauto%3Dwebp%26amp%3Bformat%3Dpjpg","https://hsfootball.net/proxy.php?url=https%3A%2F%2Fimage.maxpreps.io%2Fschool-mascot%2F5%2F9%2F4%2F59433e83-5214-4046-9444-1ee8f66bcc52.gif%3Fversion%3D638225159400000000%26amp%3Bwidth%3D128%26amp%3Bheight%3D128%26amp%3Bauto%3Dwebp%26amp%3Bformat%3Dpjpg","girl"
7,"Brantley vs Barbour County",Girls Volleyball,"Alabama",9/24/2026,2:30pm,"The Brantley varsity volleyball team has an away non-conference match @  Barbour County (Clayton, AL) on Thursday, September 24 @ 2:30p.","/al/volleyball/match/barbour-county-clayton-vs-brantley/9-24-2026/?c=b4b1e925-b770-4978-af39-fbcaee9b58ab","https://www.maxpreps.com/al/volleyball/match/barbour-county-clayton-vs-brantley/9-24-2026/?c=b4b1e925-b770-4978-af39-fbcaee9b58ab","/volleyball/al/d87?9/24/2026","Brantley","Bulldogs","https://www.maxpreps.com/al/barbour-county-clayton/volleyball/","https://www.maxpreps.com/al/brantley/volleyball/","https://hsfootball.net/proxy.php?url=https%3A%2F%2Fimage.maxpreps.io%2Fschool-mascot%2F4%2F0%2F4%2F4048f3b6-771b-4cb7-80db-0ee531edef50.gif%3Fversion%3D638213111400000000%26amp%3Bwidth%3D128%26amp%3Bheight%3D128%26amp%3Bauto%3Dwebp%26amp%3Bformat%3Dpjpg","https://hsfootball.net/proxy.php?url=https%3A%2F%2Fimage.maxpreps.io%2Fschool-mascot%2F5%2Fe%2F3%2F5e31c529-34e4-42ce-8e02-eb93e0def10c.gif%3Fversion%3D638213106600000000%26amp%3Bwidth%3D128%26amp%3Bheight%3D128%26amp%3Bauto%3Dwebp%26amp%3Bformat%3Dpjpg","girl"
8,"Hamilton vs Deshler",Girls Volleyball,"Alabama",9/24/2026,3:00pm,"The Hamilton varsity volleyball team has an away non-conference match @  Deshler (Tuscumbia, AL) on Thursday, September 24 @ 3p.","/al/volleyball/match/deshler-tuscumbia-vs-hamilton/9-24-2026/?c=f9eaa115-d407-45f8-a40d-fea56460ea81","https://www.maxpreps.com/al/volleyball/match/deshler-tuscumbia-vs-hamilton/9-24-2026/?c=f9eaa115-d407-45f8-a40d-fea56460ea81","/volleyball/al/b80?9/24/2026","Hamilton","Aggies","https://www.maxpreps.com/al/deshler-tuscumbia/volleyball/","https://www.maxpreps.com/al/hamilton/volleyball/","https://hsfootball.net/proxy.php?url=https%3A%2F%2Fimage.maxpreps.io%2Fschool-mascot%2F5%2F6%2F3%2F56370f3a-efe9-4da8-a417-103338776714.gif%3Fversion%3D638234678400000000%26amp%3Bwidth%3D128%26amp%3Bheight%3D128%26amp%3Bauto%3Dwebp%26amp%3Bformat%3Dpjpg","https://hsfootball.net/proxy.php?url=https%3A%2F%2Fimage.maxpreps.io%2Fschool-mascot%2F4%2F9%2F7%2F497d5242-1c43-48cd-befc-a73f49ce2d4a.gif%3Fversion%3D638216564400000000%26amp%3Bwidth%3D128%26amp%3Bheight%3D128%26amp%3Bauto%3Dwebp%26amp%3Bformat%3Dpjpg","girl"
9,"Grissom vs Buckhorn",Girls Volleyball,"Alabama",9/24/2026,4:00pm,"The Grissom varsity volleyball team has an away non-conference match @  Buckhorn (New Market, AL) on Thursday, September 24 @ 4p.","/al/volleyball/match/buckhorn-new-market-vs-grissom-huntsville/9-24-2026/?c=25dcf108-a041-402e-8257-bc2654e55fbf","https://www.maxpreps.com/al/volleyball/match/buckhorn-new-market-vs-grissom-huntsville/9-24-2026/?c=25dcf108-a041-402e-8257-bc2654e55fbf","/volleyball/al/1046?9/24/2026","Grissom","Tigers","https://www.maxpreps.com/al/buckhorn-new-market/volleyball/","https://www.maxpreps.com/al/grissom-huntsville/volleyball/","https://hsfootball.net/proxy.php?url=https%3A%2F%2Fimage.maxpreps.io%2Fschool-mascot%2F0%2F1%2Fd%2F01dfb990-4897-4346-a97d-375a405c1f60.gif%3Fversion%3D638229443400000000%26amp%3Bwidth%3D128%26amp%3Bheight%3D128%26amp%3Bauto%3Dwebp%26amp%3Bformat%3Dpjpg","https://hsfootball.net/proxy.php?url=https%3A%2F%2Fimage.maxpreps.io%2Fschool-mascot%2F6%2F4%2Fd%2F64d82dc0-7b4c-4263-b8dd-0188e7637cce.gif%3Fversion%3D638215519200000000%26amp%3Bwidth%3D128%26amp%3Bheight%3D128%26amp%3Bauto%3Dwebp%26amp%3Bformat%3Dpjpg","girl"
10,"Phil Campbell vs Cold Springs",Girls Volleyball,"Alabama",9/24/2026,4:00pm,"The Phil Campbell varsity volleyball team has an away non-conference match @  Cold Springs (Bremen, AL) on Thursday, September 24 @ 4p.","/al/volleyball/match/cold-springs-bremen-vs-phil-campbell/9-24-2026/?c=fb833786-ee25-494b-8978-94c26d866111","https://www.maxpreps.com/al/volleyball/match/cold-springs-bremen-vs-phil-campbell/9-24-2026/?c=fb833786-ee25-494b-8978-94c26d866111","/volleyball/al/dd8?9/24/2026","Phil Campbell","Bobcats","https://www.maxpreps.com/al/cold-springs-bremen/volleyball/","https://www.maxpreps.com/al/phil-campbell/volleyball/","https://hsfootball.net/proxy.php?url=https%3A%2F%2Fimage.maxpreps.io%2Fschool-mascot%2F1%2Ff%2Ff%2F1ffaa83c-6e4e-4cce-9b98-a34dccb21ef9.gif%3Fversion%3D638253630000000000%26amp%3Bwidth%3D128%26amp%3Bheight%3D128%26amp%3Bauto%3Dwebp%26amp%3Bformat%3Dpjpg","https://hsfootball.net/proxy.php?url=https%3A%2F%2Fimage.maxpreps.io%2Fschool-mascot%2F7%2F8%2Fd%2F78d172c0-772a-436b-a8c8-f40407609d23.gif%3Fversion%3D638215677000000000%26amp%3Bwidth%3D128%26amp%3Bheight%3D128%26amp%3Bauto%3Dwebp%26amp%3Bformat%3Dpjpg","girl"
11,"Bryant vs Mary G. Montgomery",Girls Volleyball,"Alabama",9/24/2026,4:00pm,"The Bryant varsity volleyball team has an away conference match @  Mary G. Montgomery (Semmes, AL) on Thursday, September 24 @ 4p.","/al/volleyball/match/bryant-irvington-vs-mary-g-montgomery-semmes/9-24-2026/?c=6cf4e90c-78a8-43b1-b60b-dbf6df38fb65","https://www.maxpreps.com/al/volleyball/match/bryant-irvington-vs-mary-g-montgomery-semmes/9-24-2026/?c=6cf4e90c-78a8-43b1-b60b-dbf6df38fb65","/volleyball/al/1162?9/24/2026","Bryant","Hurricanes","https://www.maxpreps.com/al/bryant-irvington/volleyball/","https://www.maxpreps.com/al/mary-g-montgomery-semmes/volleyball/","https://hsfootball.net/proxy.php?url=https%3A%2F%2Fimage.maxpreps.io%2Fschool-mascot%2Ff%2Fa%2F5%2Ffa5e3887-3a7d-443b-b55e-6336cff552e9.gif%3Fversion%3D638213032200000000%26amp%3Bwidth%3D128%26amp%3Bheight%3D128%26amp%3Bauto%3Dwebp%26amp%3Bformat%3Dpjpg","https://hsfootball.net/proxy.php?url=https%3A%2F%2Fimage.maxpreps.io%2Fschool-mascot%2Fd%2Ff%2F1%2Fdf125306-a287-48ca-a42c-0b77b3082d78.gif%3Fversion%3D638241472200000000%26amp%3Bwidth%3D128%26amp%3Bheight%3D128%26amp%3Bauto%3Dwebp%26amp%3Bformat%3Dpjpg","girl"
12,"Hanceville vs Holly Pond",Girls Volleyball,"Alabama",9/24/2026,4:00pm,"The Hanceville varsity volleyball team has an away non-conference match @  Holly Pond (AL) on Thursday, September 24 @ 4p.","/al/volleyball/match/hanceville-vs-holly-pond/9-24-2026/?c=bc3262a0-9cc3-4a7f-a29d-2ab35ae81e7d","https://www.maxpreps.com/al/volleyball/match/hanceville-vs-holly-pond/9-24-2026/?c=bc3262a0-9cc3-4a7f-a29d-2ab35ae81e7d","/volleyball/al/964?9/24/2026","Hanceville","Bulldogs","https://www.maxpreps.com/al/hanceville/volleyball/","https://www.maxpreps.com/al/holly-pond/volleyball/","https://hsfootball.net/proxy.php?url=https%3A%2F%2Fimage.maxpreps.io%2Fschool-mascot%2F3%2Fc%2Fc%2F3cc553bc-6d69-4364-8f4f-10d9d4246ae9.gif%3Fversion%3D639210892101351620%26amp%3Bwidth%3D128%26amp%3Bheight%3D128%26amp%3Bauto%3Dwebp%26amp%3Bformat%3Dpjpg","https://hsfootball.net/proxy.php?url=https%3A%2F%2Fimage.maxpreps.io%2Fschool-mascot%2Fe%2Fc%2F9%2Fec9e16a8-893e-44a7-a3b7-080196e79cf3.gif%3Fversion%3D638664089500603280%26amp%3Bwidth%3D128%26amp%3Bheight%3D128%26amp%3Bauto%3Dwebp%26amp%3Bformat%3Dpjpg","girl"
13,"Evangel Christian vs Wiregrass",Girls Volleyball,"Alabama",9/24/2026,4:00pm,"The Evangel Christian varsity volleyball team has an away conference match @  Wiregrass (Dothan, AL) on Thursday, September 24 @ 4p.","/al/volleyball/match/evangel-christian-alabaster-vs-wiregrass-dothan/9-24-2026/?c=0d5e5dcc-661c-4a73-80b2-7d6a1ce45aec","https://www.maxpreps.com/al/volleyball/match/evangel-christian-alabaster-vs-wiregrass-dothan/9-24-2026/?c=0d5e5dcc-661c-4a73-80b2-7d6a1ce45aec","/volleyball/al/1275?9/24/2026","Evangel Christian","Lightning","https://www.maxpreps.com/al/evangel-christian-alabaster/volleyball/","https://www.maxpreps.com/al/wiregrass-dothan/volleyball/","https://hsfootball.net/proxy.php?url=https%3A%2F%2Fimage.maxpreps.io%2Fschool-mascot%2Fd%2F5%2F2%2Fd52a0b3d-e631-4feb-b33d-82a0bfe99352.gif%3Fversion%3D639087889653382430%26amp%3Bwidth%3D128%26amp%3Bheight%3D128%26amp%3Bauto%3Dwebp%26amp%3Bformat%3Dpjpg","https://hsfootball.net/proxy.php?url=https%3A%2F%2Fimage.maxpreps.io%2Fschool-mascot%2Fa%2Fd%2F2%2Fad27543f-460b-40a7-9597-70a535d9a036.gif%3Fversion%3D638726329132951680%26amp%3Bwidth%3D128%26amp%3Bheight%3D128%26amp%3Bauto%3Dwebp%26amp%3Bformat%3Dpjpg","girl"
14,"Collinsville vs Gaston",Girls Volleyball,"Alabama",9/24/2026,4:00pm,"The Collinsville varsity volleyball team has an away non-conference match @  Gaston (Gadsden, AL) on Thursday, September 24 @ 4p.","/al/volleyball/match/collinsville-vs-gaston-gadsden/9-24-2026/?c=738f9612-0c1d-473c-8a54-a326f1342aab","https://www.maxpreps.com/al/volleyball/match/collinsville-vs-gaston-gadsden/9-24-2026/?c=738f9612-0c1d-473c-8a54-a326f1342aab","/volleyball/al/be2?9/24/2026","Collinsville","Panthers","https://www.maxpreps.com/al/collinsville/volleyball/","https://www.maxpreps.com/al/gaston-gadsden/volleyball/","https://hsfootball.net/proxy.php?url=https%3A%2F%2Fimage.maxpreps.io%2Fschool-mascot%2F2%2F7%2Fe%2F27ec6d34-5d60-4c0b-a511-b43e036cc175.gif%3Fversion%3D638215677600000000%26amp%3Bwidth%3D128%26amp%3Bheight%3D128%26amp%3Bauto%3Dwebp%26amp%3Bformat%3Dpjpg","https://hsfootball.net/proxy.php?url=https%3A%2F%2Fimage.maxpreps.io%2Fschool-mascot%2F3%2F4%2Fb%2F34b562db-cfa1-42ac-8daa-5fffd585a72f.gif%3Fversion%3D638228652600000000%26amp%3Bwidth%3D128%26amp%3Bheight%3D128%26amp%3Bauto%3Dwebp%26amp%3Bformat%3Dpjpg","girl"
15,"West Limestone vs Lauderdale County",Girls Volleyball,"Alabama",9/24/2026,4:00pm,"The West Limestone varsity volleyball team has an away non-conference match @  Lauderdale County (Rogersville, AL) on Thursday, September 24 @ 4p.","/al/volleyball/match/lauderdale-county-rogersville-vs-west-limestone-lester/9-24-2026/?c=1292c558-b136-4d40-baaa-a66cd305c25f","https://www.maxpreps.com/al/volleyball/match/lauderdale-county-rogersville-vs-west-limestone-lester/9-24-2026/?c=1292c558-b136-4d40-baaa-a66cd305c25f","/volleyball/al/157c?9/24/2026","West Limestone","Wildcats","https://www.maxpreps.com/al/lauderdale-county-rogersville/volleyball/","https://www.maxpreps.com/al/west-limestone-lester/volleyball/","https://hsfootball.net/proxy.php?url=https%3A%2F%2Fimage.maxpreps.io%2Fschool-mascot%2F7%2F1%2F3%2F713301ac-1c91-462e-a37f-4622688c6b32.gif%3Fversion%3D638253703800000000%26amp%3Bwidth%3D128%26amp%3Bheight%3D128%26amp%3Bauto%3Dwebp%26amp%3Bformat%3Dpjpg","https://hsfootball.net/proxy.php?url=https%3A%2F%2Fimage.maxpreps.io%2Fschool-mascot%2Fe%2F9%2F8%2Fe981bba3-21ca-4e4d-85e0-d794d5c66b2e.gif%3Fversion%3D638241478200000000%26amp%3Bwidth%3D128%26amp%3Bheight%3D128%26amp%3Bauto%3Dwebp%26amp%3Bformat%3Dpjpg","girl"
16,"University Charter vs Millry",Girls Volleyball,"Alabama",9/24/2026,4:00pm,"The University Charter varsity volleyball team has an away non-conference match @  Millry (AL) on Thursday, September 24 @ 4p.","/al/volleyball/match/millry-vs-university-charter-livingston/9-24-2026/?c=db647392-f646-4392-9b86-a1c8e092f809","https://www.maxpreps.com/al/volleyball/match/millry-vs-university-charter-livingston/9-24-2026/?c=db647392-f646-4392-9b86-a1c8e092f809","/volleyball/al/fce?9/24/2026","University Charter","Trail Blazers","https://www.maxpreps.com/al/millry/volleyball/","https://www.maxpreps.com/al/university-charter-livingston/volleyball/","https://hsfootball.net/proxy.php?url=https%3A%2F%2Fimage.maxpreps.io%2Fschool-mascot%2F1%2F4%2Fc%2F14ceda59-0338-42ad-a9fb-778fcda28f41.gif%3Fversion%3D638253697800000000%26amp%3Bwidth%3D128%26amp%3Bheight%3D128%26amp%3Bauto%3Dwebp%26amp%3Bformat%3Dpjpg","https://hsfootball.net/proxy.php?url=https%3A%2F%2Fimage.maxpreps.io%2Fschool-mascot%2F7%2Fb%2F5%2F7b5205b3-9658-46c7-b528-e8a85ed55f70.gif%3Fversion%3D638241474000000000%26amp%3Bwidth%3D128%26amp%3Bheight%3D128%26amp%3Bauto%3Dwebp%26amp%3Bformat%3Dpjpg","girl"
17,"Cleburne County vs Ashville",Girls Volleyball,"Alabama",9/24/2026,4:00pm,"The Cleburne County varsity volleyball team has an away conference match @  Ashville (AL) on Thursday, September 24 @ 4p.","/al/volleyball/match/ashville-vs-cleburne-county-heflin/9-24-2026/?c=db013145-59fb-4c81-822d-a9641d05f5b1","https://www.maxpreps.com/al/volleyball/match/ashville-vs-cleburne-county-heflin/9-24-2026/?c=db013145-59fb-4c81-822d-a9641d05f5b1","/volleyball/al/d5d?9/24/2026","Cleburne County","Tigers","https://www.maxpreps.com/al/ashville/volleyball/","https://www.maxpreps.com/al/cleburne-county-heflin/volleyball/","https://hsfootball.net/proxy.php?url=https%3A%2F%2Fimage.maxpreps.io%2Fschool-mascot%2F7%2F4%2F0%2F7408877a-09da-42a7-a28c-7eff37a42ae7.gif%3Fversion%3D638612339121180980%26amp%3Bwidth%3D128%26amp%3Bheight%3D128%26amp%3Bauto%3Dwebp%26amp%3Bformat%3Dpjpg","https://hsfootball.net/proxy.php?url=https%3A%2F%2Fimage.maxpreps.io%2Fschool-mascot%2F0%2F2%2Fc%2F02cad648-4ce5-438a-bb0a-664ee9aa4062.gif%3Fversion%3D638212995000000000%26amp%3Bwidth%3D128%26amp%3Bheight%3D128%26amp%3Bauto%3Dwebp%26amp%3Bformat%3Dpjpg","girl"
18,"Hamilton vs Central",Girls Volleyball,"Alabama",9/24/2026,4:00pm,"The Hamilton varsity volleyball team has an away non-conference match @  Central (Florence, AL) on Thursday, September 24 @ 4p.","/al/volleyball/match/central-florence-vs-hamilton/9-24-2026/?c=b45a58a7-bed5-4c98-9a54-48d5f6783464","https://www.maxpreps.com/al/volleyball/match/central-florence-vs-hamilton/9-24-2026/?c=b45a58a7-bed5-4c98-9a54-48d5f6783464","/volleyball/al/b03?9/24/2026","Hamilton","Aggies","https://www.maxpreps.com/al/central-florence/volleyball/","https://www.maxpreps.com/al/hamilton/volleyball/","https://hsfootball.net/proxy.php?url=https%3A%2F%2Fimage.maxpreps.io%2Fschool-mascot%2F5%2F6%2F3%2F56370f3a-efe9-4da8-a417-103338776714.gif%3Fversion%3D638234678400000000%26amp%3Bwidth%3D128%26amp%3Bheight%3D128%26amp%3Bauto%3Dwebp%26amp%3Bformat%3Dpjpg","https://hsfootball.net/proxy.php?url=https%3A%2F%2Fimage.maxpreps.io%2Fschool-mascot%2Fc%2F0%2F6%2Fc06ce6ca-6721-4421-9885-b4ed6fc2c612.gif%3Fversion%3D638215523400000000%26amp%3Bwidth%3D128%26amp%3Bheight%3D128%26amp%3Bauto%3Dwebp%26amp%3Bformat%3Dpjpg","girl"
19,"Brindlee Mountain vs West End",Girls Volleyball,"Alabama",9/24/2026,4:30pm,"The Brindlee Mountain varsity volleyball team has an away non-conference match @  West End (Walnut Grove, AL) on Thursday, September 24 @ 4:30p.","/al/volleyball/match/brindlee-mountain-guntersville-vs-west-end-walnut-grove/9-24-2026/?c=c2b95caf-b587-4f91-b4b6-88bd9ca4e246","https://www.maxpreps.com/al/volleyball/match/brindlee-mountain-guntersville-vs-west-end-walnut-grove/9-24-2026/?c=c2b95caf-b587-4f91-b4b6-88bd9ca4e246","/volleyball/al/15b0?9/24/2026","Brindlee Mountain","Lions","https://www.maxpreps.com/al/brindlee-mountain-guntersville/volleyball/","https://www.maxpreps.com/al/west-end-walnut-grove/volleyball/","https://hsfootball.net/proxy.php?url=https%3A%2F%2Fimage.maxpreps.io%2Fschool-mascot%2Fb%2Fe%2Ff%2Fbef30f11-962c-4b20-9ea1-fc6433a54a87.gif%3Fversion%3D638215519800000000%26amp%3Bwidth%3D128%26amp%3Bheight%3D128%26amp%3Bauto%3Dwebp%26amp%3Bformat%3Dpjpg","https://hsfootball.net/proxy.php?url=https%3A%2F%2Fimage.maxpreps.io%2Fschool-mascot%2F1%2Fb%2F9%2F1b917f54-5ba3-418d-8073-6af94d75a08c.gif%3Fversion%3D638604361320895530%26amp%3Bwidth%3D128%26amp%3Bheight%3D128%26amp%3Bauto%3Dwebp%26amp%3Bformat%3Dpjpg","girl"
20,"Oakwood Academy vs Lee",Girls Volleyball,"Alabama",9/24/2026,4:30pm,"The Oakwood Academy varsity volleyball team has an away non-conference match @  Lee (Huntsville, AL) on Thursday, September 24 @ 4:30p.","/al/volleyball/match/lee-huntsville-vs-oakwood-academy-huntsville/9-24-2026/?c=78fb2538-2e7f-456d-a553-7237fb091611","https://www.maxpreps.com/al/volleyball/match/lee-huntsville-vs-oakwood-academy-huntsville/9-24-2026/?c=78fb2538-2e7f-456d-a553-7237fb091611","/volleyball/al/1164?9/24/2026","Oakwood Academy","Mustangs","https://www.maxpreps.com/al/lee-huntsville/volleyball/","https://www.maxpreps.com/al/oakwood-academy-huntsville/volleyball/","https://hsfootball.net/proxy.php?url=https%3A%2F%2Fimage.maxpreps.io%2Fschool-mascot%2F3%2Fd%2F2%2F3d2f8288-4c2b-44ba-878a-aa11be0550fe.gif%3Fversion%3D638253625800000000%26amp%3Bwidth%3D128%26amp%3Bheight%3D128%26amp%3Bauto%3Dwebp%26amp%3Bformat%3Dpjpg","https://hsfootball.net/proxy.php?url=https%3A%2F%2Fimage.maxpreps.io%2Fschool-mascot%2Fa%2F2%2F0%2Fa20a7168-9c94-4e3b-adb9-08a65c5890dd.gif%3Fversion%3D639231721630855330%26amp%3Bwidth%3D128%26amp%3Bheight%3D128%26amp%3Bauto%3Dwebp%26amp%3Bformat%3Dpjpg","girl"
21,"LeFlore vs Rain",Girls Volleyball,"Alabama",9/24/2026,4:30pm,"The LeFlore varsity volleyball team has an away non-conference match @  Rain (Mobile, AL) on Thursday, September 24 @ 4:30p.","/al/volleyball/match/leflore-mobile-vs-rain-mobile/9-24-2026/?c=67a490bf-311f-4654-965e-d9ee4f0bff3d","https://www.maxpreps.com/al/volleyball/match/leflore-mobile-vs-rain-mobile/9-24-2026/?c=67a490bf-311f-4654-965e-d9ee4f0bff3d","/volleyball/al/b20?9/24/2026","LeFlore","Rattlers","https://www.maxpreps.com/al/leflore-mobile/volleyball/","https://www.maxpreps.com/al/rain-mobile/volleyball/","https://hsfootball.net/proxy.php?url=https%3A%2F%2Fimage.maxpreps.io%2Fschool-mascot%2F2%2Fa%2F9%2F2a9ce8f9-64db-453c-8b14-1b5c3dd08a68.gif%3Fversion%3D638241480600000000%26amp%3Bwidth%3D128%26amp%3Bheight%3D128%26amp%3Bauto%3Dwebp%26amp%3Bformat%3Dpjpg","https://hsfootball.net/proxy.php?url=https%3A%2F%2Fimage.maxpreps.io%2Fschool-mascot%2Fe%2Fd%2F3%2Fed36ff59-30a5-4518-b4e0-fa42e7e11d36.gif%3Fversion%3D638868689742819610%26amp%3Bwidth%3D128%26amp%3Bheight%3D128%26amp%3Bauto%3Dwebp%26amp%3Bformat%3Dpjpg","girl"
22,"Florence vs Russellville",Girls Volleyball,"Alabama",9/24/2026,4:30pm,"The Florence varsity volleyball team has an away non-conference match @  Russellville (AL) on Thursday, September 24 @ 4:30p.","/al/volleyball/match/florence-vs-russellville/9-24-2026/?c=389034da-dc95-4562-b695-30c9fc1f211a","https://www.maxpreps.com/al/volleyball/match/florence-vs-russellville/9-24-2026/?c=389034da-dc95-4562-b695-30c9fc1f211a","/volleyball/al/9b7?9/24/2026","Florence","Falcons","https://www.maxpreps.com/al/florence/volleyball/","https://www.maxpreps.com/al/russellville/volleyball/","https://hsfootball.net/proxy.php?url=https%3A%2F%2Fimage.maxpreps.io%2Fschool-mascot%2F4%2Fd%2F3%2F4d313808-ec6c-40fc-803f-cfd983fa0b10.gif%3Fversion%3D638225170200000000%26amp%3Bwidth%3D128%26amp%3Bheight%3D128%26amp%3Bauto%3Dwebp%26amp%3Bformat%3Dpjpg","https://hsfootball.net/proxy.php?url=https%3A%2F%2Fimage.maxpreps.io%2Fschool-mascot%2F2%2Fb%2Fe%2F2be55e9d-b60a-4f08-a381-5011ac0b1f02.gif%3Fversion%3D638253670200000000%26amp%3Bwidth%3D128%26amp%3Bheight%3D128%26amp%3Bauto%3Dwebp%26amp%3Bformat%3Dpjpg","girl"
23,"Konos Academy vs Central Christian",Girls Volleyball,"Alabama",9/24/2026,5:30pm,"The Konos Academy varsity volleyball team has an away non-conference match @  Central Christian (Sharpsburg, GA) on Thursday, September 24 @ 5:30p.","/ga/volleyball/match/central-christian-sharpsburg-vs-konos-academy-fayetteville/9-24-2026/?c=3f92b115-4e07-4efa-9546-ed7e2e60fd67","https://www.maxpreps.com/ga/volleyball/match/central-christian-sharpsburg-vs-konos-academy-fayetteville/9-24-2026/?c=3f92b115-4e07-4efa-9546-ed7e2e60fd67","/volleyball/al/16f2?9/24/2026","Konos Academy","Condor","https://www.maxpreps.com/al/central-christian-sharpsburg/volleyball/","https://www.maxpreps.com/al/konos-academy-fayetteville/volleyball/","https://hsfootball.net/proxy.php?url=https%3A%2F%2Fimage.maxpreps.io%2Fschool-mascot%2F7%2F2%2Ff%2F72f114d5-3804-4c29-8d0c-8805e0b437ba.gif%3Fversion%3D638654426081448540%26amp%3Bwidth%3D128%26amp%3Bheight%3D128%26amp%3Bauto%3Dwebp%26amp%3Bformat%3Dpjpg","https://hsfootball.net/proxy.php?url=https%3A%2F%2Fimage.maxpreps.io%2Fschool-mascot%2F6%2Fe%2F8%2F6e88de6b-db5f-49a1-9630-0ba1fef2f963.gif%3Fversion%3D639179658555827900%26amp%3Bwidth%3D128%26amp%3Bheight%3D128%26amp%3Bauto%3Dwebp%26amp%3Bformat%3Dpjpg","girl"
24,"Cordova vs Addison",Girls Volleyball,"Alabama",9/24/2026,4:30pm,"The Cordova varsity volleyball team has an away non-conference match @  Addison (AL) on Thursday, September 24 @ 4:30p.","/al/volleyball/match/addison-vs-cordova/9-24-2026/?c=f68c8fcf-3f03-41a1-a6fd-42d66db93e21","https://www.maxpreps.com/al/volleyball/match/addison-vs-cordova/9-24-2026/?c=f68c8fcf-3f03-41a1-a6fd-42d66db93e21","/volleyball/al/713?9/24/2026","Cordova","Blue Devils","https://www.maxpreps.com/al/addison/volleyball/","https://www.maxpreps.com/al/cordova/volleyball/","https://hsfootball.net/proxy.php?url=https%3A%2F%2Fimage.maxpreps.io%2Fschool-mascot%2F7%2F3%2Fb%2F73bb7f0d-6627-4c56-8830-0de084d36e9e.gif%3Fversion%3D638215678800000000%26amp%3Bwidth%3D128%26amp%3Bheight%3D128%26amp%3Bauto%3Dwebp%26amp%3Bformat%3Dpjpg","https://hsfootball.net/proxy.php?url=https%3A%2F%2Fimage.maxpreps.io%2Fschool-mascot%2F9%2F5%2F5%2F9553ae25-bb0a-499a-b187-a4eafc3f5372.gif%3Fversion%3D638213001600000000%26amp%3Bwidth%3D128%26amp%3Bheight%3D128%26amp%3Bauto%3Dwebp%26amp%3Bformat%3Dpjpg","girl"
25,"I3 Academy vs Jefferson County International Baccalaureate",Girls Volleyball,"Alabama",9/24/2026,4:30pm,"The I3 Academy varsity volleyball team has an away conference match @  Jefferson County International Baccalaureate (Birmingham, AL) on Thursday, September 24 @ 4:30p.","/al/volleyball/match/i3-academy-birmingham-vs-jefferson-county-international-baccalaureate-birmingham/9-24-2026/?c=4baa1b51-a665-4b64-bad0-cace8c507fcb","https://www.maxpreps.com/al/volleyball/match/i3-academy-birmingham-vs-jefferson-county-international-baccalaureate-birmingham/9-24-2026/?c=4baa1b51-a665-4b64-bad0-cace8c507fcb","/volleyball/al/1f16?9/24/2026","I3 Academy","Rockets","https://www.maxpreps.com/al/i3-academy-birmingham/volleyball/","https://www.maxpreps.com/al/jefferson-county-international-baccalaureate-birmingham/volleyball/","https://hsfootball.net/proxy.php?url=https%3A%2F%2Fimage.maxpreps.io%2Fschool-mascot%2F8%2Fc%2F5%2F8c57fd1c-a52b-4555-b03e-9246f1838b4b.gif%3Fversion%3D639227694415056780%26amp%3Bwidth%3D128%26amp%3Bheight%3D128%26amp%3Bauto%3Dwebp%26amp%3Bformat%3Dpjpg","https://hsfootball.net/proxy.php?url=https%3A%2F%2Fimage.maxpreps.io%2Fschool-mascot%2F8%2Fc%2F5%2F8c57fd1c-a52b-4555-b03e-9246f1838b4b.gif%3Fversion%3D639227694415056780%26amp%3Bwidth%3D32%26amp%3Bheight%3D32%26amp%3Bauto%3Dwebp%26amp%3Bformat%3Dpjpg","girl"
26,"Greenville vs McKenzie",Girls Volleyball,"Alabama",9/24/2026,4:30pm,"The Greenville varsity volleyball team has an away non-conference match @  McKenzie (AL) on Thursday, September 24 @ 4:30p.","/al/volleyball/match/greenville-vs-mckenzie/9-24-2026/?c=021b1d70-7adb-4229-9f39-2018badacb00","https://www.maxpreps.com/al/volleyball/match/greenville-vs-mckenzie/9-24-2026/?c=021b1d70-7adb-4229-9f39-2018badacb00","/volleyball/al/8c6?9/24/2026","Greenville","Tigers","https://www.maxpreps.com/al/greenville/volleyball/","https://www.maxpreps.com/al/mckenzie/volleyball/","https://hsfootball.net/proxy.php?url=https%3A%2F%2Fimage.maxpreps.io%2Fschool-mascot%2Fc%2F2%2F3%2Fc232c4e0-b12f-43b6-a4ea-675cda9f6b13.gif%3Fversion%3D639239380342794590%26amp%3Bwidth%3D128%26amp%3Bheight%3D128%26amp%3Bauto%3Dwebp%26amp%3Bformat%3Dpjpg","https://hsfootball.net/proxy.php?url=https%3A%2F%2Fimage.maxpreps.io%2Fschool-mascot%2F1%2Fc%2F0%2F1c001135-eecb-4de3-bcd5-e689fff54072.gif%3Fversion%3D638241473400000000%26amp%3Bwidth%3D128%26amp%3Bheight%3D128%26amp%3Bauto%3Dwebp%26amp%3Bformat%3Dpjpg","girl"
27,"Pike Road vs Rehobeth",Girls Volleyball,"Alabama",9/24/2026,4:30pm,"The Pike Road varsity volleyball team has an away non-conference match @  Rehobeth (Dothan, AL) on Thursday, September 24 @ 4:30p.","/al/volleyball/match/pike-road-vs-rehobeth-dothan/9-24-2026/?c=4f2060e2-7bce-4c48-9314-9d2598ef2234","https://www.maxpreps.com/al/volleyball/match/pike-road-vs-rehobeth-dothan/9-24-2026/?c=4f2060e2-7bce-4c48-9314-9d2598ef2234","/volleyball/al/abb?9/24/2026","Pike Road","Patriots","https://www.maxpreps.com/al/pike-road/volleyball/","https://www.maxpreps.com/al/rehobeth-dothan/volleyball/","https://hsfootball.net/proxy.php?url=https%3A%2F%2Fimage.maxpreps.io%2Fschool-mascot%2F3%2F4%2F3%2F3437657e-75d6-4310-81a4-ae7407144c4b.gif%3Fversion%3D638253633000000000%26amp%3Bwidth%3D128%26amp%3Bheight%3D128%26amp%3Bauto%3Dwebp%26amp%3Bformat%3Dpjpg","https://hsfootball.net/proxy.php?url=https%3A%2F%2Fimage.maxpreps.io%2Fschool-mascot%2F1%2Fe%2F2%2F1e2bf969-102b-4017-bb55-492e403a186c.gif%3Fversion%3D638253666600000000%26amp%3Bwidth%3D128%26amp%3Bheight%3D128%26amp%3Bauto%3Dwebp%26amp%3Bformat%3Dpjpg","girl"
28,"Booker T. Washington vs Park Crossing",Girls Volleyball,"Alabama",9/24/2026,4:30pm,"The Booker T. Washington varsity volleyball team has an away non-conference match @  Park Crossing (Montgomery, AL) on Thursday, September 24 @ 4:30p.","/al/volleyball/match/booker-t-washington-tuskegee-vs-park-crossing-montgomery/9-24-2026/?c=a5c41f77-b24b-4d92-a79a-8d2f754a9b2f","https://www.maxpreps.com/al/volleyball/match/booker-t-washington-tuskegee-vs-park-crossing-montgomery/9-24-2026/?c=a5c41f77-b24b-4d92-a79a-8d2f754a9b2f","/volleyball/al/1620?9/24/2026","Booker T. Washington","Golden Eagles","https://www.maxpreps.com/al/booker-t-washington-tuskegee/volleyball/","https://www.maxpreps.com/al/park-crossing-montgomery/volleyball/","https://hsfootball.net/proxy.php?url=https%3A%2F%2Fimage.maxpreps.io%2Fschool-mascot%2F7%2F0%2Fa%2F70a001a1-be89-4155-9aff-aefe665430d6.gif%3Fversion%3D638213110800000000%26amp%3Bwidth%3D128%26amp%3Bheight%3D128%26amp%3Bauto%3Dwebp%26amp%3Bformat%3Dpjpg","https://hsfootball.net/proxy.php?url=https%3A%2F%2Fimage.maxpreps.io%2Fschool-mascot%2F1%2Fd%2F6%2F1d66cbdf-2f09-4998-8444-04dd94573077.gif%3Fversion%3D638253628200000000%26amp%3Bwidth%3D128%26amp%3Bheight%3D128%26amp%3Bauto%3Dwebp%26amp%3Bformat%3Dpjpg","girl"
29,"Shields vs Leroy",Girls Volleyball,"Alabama",9/24/2026,4:30pm,"The Shields varsity volleyball team has an away conference match @  Leroy (AL) on Thursday, September 24 @ 4:30p.","/al/volleyball/match/leroy-vs-shields-beatrice/9-24-2026/?c=a3ecb3af-d630-4ff7-bf92-57de792bbfb8","https://www.maxpreps.com/al/volleyball/match/leroy-vs-shields-beatrice/9-24-2026/?c=a3ecb3af-d630-4ff7-bf92-57de792bbfb8","/volleyball/al/9c6?9/24/2026","Shields","Panthers","https://www.maxpreps.com/al/leroy/volleyball/","https://www.maxpreps.com/al/shields-beatrice/volleyball/","https://hsfootball.net/proxy.php?url=https%3A%2F%2Fimage.maxpreps.io%2Fschool-mascot%2F0%2F0%2F1%2F00147365-5aa3-4717-9384-e6a9f26e5714.gif%3Fversion%3D638235457200000000%26amp%3Bwidth%3D128%26amp%3Bheight%3D128%26amp%3Bauto%3Dwebp%26amp%3Bformat%3Dpjpg","https://hsfootball.net/proxy.php?url=https%3A%2F%2Fimage.maxpreps.io%2Fschool-mascot%2F8%2Fb%2F5%2F8b5d5e10-15da-4ae3-9993-4681f093e686.gif%3Fversion%3D638337360000000000%26amp%3Bwidth%3D128%26amp%3Bheight%3D128%26amp%3Bauto%3Dwebp%26amp%3Bformat%3Dpjpg","girl"
30,"Gaylesville vs Asbury",Girls Volleyball,"Alabama",9/24/2026,4:30pm,"The Gaylesville varsity volleyball team has an away non-conference match @  Asbury (Albertville, AL) on Thursday, September 24 @ 4:30p.","/al/volleyball/match/asbury-albertville-vs-gaylesville/9-24-2026/?c=d8292e65-6a65-4c3a-bc1c-96e3914c8190","https://www.maxpreps.com/al/volleyball/match/asbury-albertville-vs-gaylesville/9-24-2026/?c=d8292e65-6a65-4c3a-bc1c-96e3914c8190","/volleyball/al/d3d?9/24/2026","Gaylesville","Trojans","https://www.maxpreps.com/al/asbury-albertville/volleyball/","https://www.maxpreps.com/al/gaylesville/volleyball/","https://hsfootball.net/proxy.php?url=https%3A%2F%2Fimage.maxpreps.io%2Fschool-mascot%2Fa%2F2%2F3%2Fa23c02ab-066a-42a6-aac8-960e711e759c.gif%3Fversion%3D638228653200000000%26amp%3Bwidth%3D128%26amp%3Bheight%3D128%26amp%3Bauto%3Dwebp%26amp%3Bformat%3Dpjpg","https://hsfootball.net/proxy.php?url=https%3A%2F%2Fimage.maxpreps.io%2Fschool-mascot%2F9%2Fa%2F9%2F9a9de1f6-93d5-4109-8742-1cf5cf1f6443.gif%3Fversion%3D638212995600000000%26amp%3Bwidth%3D128%26amp%3Bheight%3D128%26amp%3Bauto%3Dwebp%26amp%3Bformat%3Dpjpg","girl"
31,"Orange Beach vs Escambia",Girls Volleyball,"Alabama",9/24/2026,5:30pm,"The Orange Beach varsity volleyball team has a neutral non-conference match vs.  Escambia (Pensacola, FL) on Thursday, September 24 @ 5:30p.","/inter-state/volleyball/match/escambia-pensacola-fl-vs-orange-beach-al/9-24-2026/?c=b8b413fe-0c30-49aa-b23e-59c1e592ae98","https://www.maxpreps.com/inter-state/volleyball/match/escambia-pensacola-fl-vs-orange-beach-al/9-24-2026/?c=b8b413fe-0c30-49aa-b23e-59c1e592ae98","/volleyball/al/ef0?9/24/2026","Orange Beach","Makos","https://www.maxpreps.com/al/escambia-pensacola-fl/volleyball/","https://www.maxpreps.com/al/orange-beach-al/volleyball/","https://hsfootball.net/proxy.php?url=https%3A%2F%2Fimage.maxpreps.io%2Fschool-mascot%2F9%2F7%2F5%2F97554587-b752-458f-a874-0e8f572eaba9.gif%3Fversion%3D638253627000000000%26amp%3Bwidth%3D128%26amp%3Bheight%3D128%26amp%3Bauto%3Dwebp%26amp%3Bformat%3Dpjpg","https://hsfootball.net/proxy.php?url=https%3A%2F%2Fimage.maxpreps.io%2Fschool-mascot%2Fd%2F9%2F2%2Fd927fe6e-20af-4cab-baf6-6a15ae72968c.gif%3Fversion%3D636534994200000000%26amp%3Bwidth%3D128%26amp%3Bheight%3D128%26amp%3Bauto%3Dwebp%26amp%3Bformat%3Dpjpg","girl"
32,"Childersburg vs Comer",Girls Volleyball,"Alabama",9/24/2026,4:30pm,"The Childersburg varsity volleyball team has an away conference match @  Comer (Sylacauga, AL) on Thursday, September 24 @ 4:30p.","/al/volleyball/match/childersburg-vs-comer-sylacauga/9-24-2026/?c=9a5c5b34-192d-4666-8177-ca72c858f9b7","https://www.maxpreps.com/al/volleyball/match/childersburg-vs-comer-sylacauga/9-24-2026/?c=9a5c5b34-192d-4666-8177-ca72c858f9b7","/volleyball/al/c3e?9/24/2026","Childersburg","Tigers","https://www.maxpreps.com/al/childersburg/volleyball/","https://www.maxpreps.com/al/comer-sylacauga/volleyball/","https://hsfootball.net/proxy.php?url=https%3A%2F%2Fimage.maxpreps.io%2Fschool-mascot%2Fd%2F0%2Fb%2Fd0b3383d-e719-4501-9e56-d5fd7702961e.gif%3Fversion%3D638215528200000000%26amp%3Bwidth%3D128%26amp%3Bheight%3D128%26amp%3Bauto%3Dwebp%26amp%3Bformat%3Dpjpg","https://hsfootball.net/proxy.php?url=https%3A%2F%2Fimage.maxpreps.io%2Fschool-mascot%2Fa%2Fb%2F8%2Fab8a001c-29d8-4254-91cd-fe4beb444acc.gif%3Fversion%3D638215681200000000%26amp%3Bwidth%3D128%26amp%3Bheight%3D128%26amp%3Bauto%3Dwebp%26amp%3Bformat%3Dpjpg","girl"
33,"Russell County vs Valley",Girls Volleyball,"Alabama",9/24/2026,5:00pm,"The Russell County varsity volleyball team has an away non-conference match @  Valley (AL) on Thursday, September 24 @ 5p.","/al/volleyball/match/russell-county-seale-vs-valley/9-24-2026/?c=e51e8a85-ab96-48c9-9712-ab3e2a22f48f","https://www.maxpreps.com/al/volleyball/match/russell-county-seale-vs-valley/9-24-2026/?c=e51e8a85-ab96-48c9-9712-ab3e2a22f48f","/volleyball/al/be0?9/24/2026","Russell County","Warriors","https://www.maxpreps.com/al/russell-county-seale/volleyball/","https://www.maxpreps.com/al/valley/volleyball/","https://hsfootball.net/proxy.php?url=https%3A%2F%2Fimage.maxpreps.io%2Fschool-mascot%2F8%2Fd%2F4%2F8d4f9f05-7fe2-4eaf-abaa-775ecc8d34dd.gif%3Fversion%3D638253670200000000%26amp%3Bwidth%3D128%26amp%3Bheight%3D128%26amp%3Bauto%3Dwebp%26amp%3Bformat%3Dpjpg","https://hsfootball.net/proxy.php?url=https%3A%2F%2Fimage.maxpreps.io%2Fschool-mascot%2F4%2F5%2Fc%2F45cabdb1-5930-48ef-9633-fdd36aef63c4.gif%3Fversion%3D638253698400000000%26amp%3Bwidth%3D128%26amp%3Bheight%3D128%26amp%3Bauto%3Dwebp%26amp%3Bformat%3Dpjpg","girl"
34,"Sweet Water vs Keith",Girls Volleyball,"Alabama",9/24/2026,5:00pm,"The Sweet Water varsity volleyball team has an away non-conference match @  Keith (Orrville, AL) on Thursday, September 24 @ 5p.","/al/volleyball/match/keith-orrville-vs-sweet-water/9-24-2026/?c=619b3caf-c32e-43cf-8160-dfdca8438b4a","https://www.maxpreps.com/al/volleyball/match/keith-orrville-vs-sweet-water/9-24-2026/?c=619b3caf-c32e-43cf-8160-dfdca8438b4a","/volleyball/al/b6c?9/24/2026","Sweet Water","Bulldogs","https://www.maxpreps.com/al/keith-orrville/volleyball/","https://www.maxpreps.com/al/sweet-water/volleyball/","https://hsfootball.net/proxy.php?url=https%3A%2F%2Fimage.maxpreps.io%2Fschool-mascot%2F4%2F2%2F8%2F428bb47c-aa91-421e-81e8-b1cff734cc6a.gif%3Fversion%3D638249400600000000%26amp%3Bwidth%3D128%26amp%3Bheight%3D128%26amp%3Bauto%3Dwebp%26amp%3Bformat%3Dpjpg","https://hsfootball.net/proxy.php?url=https%3A%2F%2Fimage.maxpreps.io%2Fschool-mascot%2F2%2F1%2Fa%2F21af4d8c-93e5-4b41-a146-8aece51b0b08.gif%3Fversion%3D638235461400000000%26amp%3Bwidth%3D128%26amp%3Bheight%3D128%26amp%3Bauto%3Dwebp%26amp%3Bformat%3Dpjpg","girl"
35,"Southside vs Gadsden City",Girls Volleyball,"Alabama",9/24/2026,5:00pm,"The Southside varsity volleyball team has an away non-conference match @  Gadsden City (Gadsden, AL) on Thursday, September 24 @ 5p.","/al/volleyball/match/gadsden-city-vs-southside-gadsden/9-24-2026/?c=27539a8e-1cdb-421f-8767-43477a25d781","https://www.maxpreps.com/al/volleyball/match/gadsden-city-vs-southside-gadsden/9-24-2026/?c=27539a8e-1cdb-421f-8767-43477a25d781","/volleyball/al/cda?9/24/2026","Southside","Panthers","https://www.maxpreps.com/al/gadsden-city/volleyball/","https://www.maxpreps.com/al/southside-gadsden/volleyball/","https://hsfootball.net/proxy.php?url=https%3A%2F%2Fimage.maxpreps.io%2Fschool-mascot%2Fd%2F9%2F2%2Fd92b2e88-609c-494d-957b-0d15dad3d54f.gif%3Fversion%3D638253692400000000%26amp%3Bwidth%3D128%26amp%3Bheight%3D128%26amp%3Bauto%3Dwebp%26amp%3Bformat%3Dpjpg","https://hsfootball.net/proxy.php?url=https%3A%2F%2Fimage.maxpreps.io%2Fschool-mascot%2F4%2Fd%2F9%2F4d96ba46-91c2-44fa-b4b8-1f5b447fa9ef.gif%3Fversion%3D638228651400000000%26amp%3Bwidth%3D128%26amp%3Bheight%3D128%26amp%3Bauto%3Dwebp%26amp%3Bformat%3Dpjpg","girl"
36,"Woodville vs Kate Duncan Smith DAR",Girls Volleyball,"Alabama",9/24/2026,5:00pm,"The Woodville varsity volleyball team has an away non-conference match @  Kate Duncan Smith DAR (Grant, AL) on Thursday, September 24 @ 5p.","/al/volleyball/match/kate-duncan-smith-dar-grant-vs-woodville/9-24-2026/?c=edc5a0a3-b008-4e37-957f-d75c988e6fe2","https://www.maxpreps.com/al/volleyball/match/kate-duncan-smith-dar-grant-vs-woodville/9-24-2026/?c=edc5a0a3-b008-4e37-957f-d75c988e6fe2","/volleyball/al/f62?9/24/2026","Woodville","Panthers","https://www.maxpreps.com/al/kate-duncan-smith-dar-grant/volleyball/","https://www.maxpreps.com/al/woodville/volleyball/","https://hsfootball.net/proxy.php?url=https%3A%2F%2Fimage.maxpreps.io%2Fschool-mascot%2F4%2Fb%2F1%2F4b1e228e-d922-40d6-afc0-d5259b58c235.gif%3Fversion%3D638253708000000000%26amp%3Bwidth%3D128%26amp%3Bheight%3D128%26amp%3Bauto%3Dwebp%26amp%3Bformat%3Dpjpg","https://hsfootball.net/proxy.php?url=https%3A%2F%2Fimage.maxpreps.io%2Fschool-mascot%2Fe%2Fd%2Fe%2Fede980c8-ef69-4aad-8616-7aefcb0b6a3f.gif%3Fversion%3D638235461400000000%26amp%3Bwidth%3D128%26amp%3Bheight%3D128%26amp%3Bauto%3Dwebp%26amp%3Bformat%3Dpjpg","girl"
37,"Central vs Deshler",Girls Volleyball,"Alabama",9/24/2026,5:00pm,"The Central varsity volleyball team has an away non-conference match @  Deshler (Tuscumbia, AL) on Thursday, September 24 @ 5p.","/al/volleyball/match/central-florence-vs-deshler-tuscumbia/9-24-2026/?c=d49c55df-91a7-443b-86f9-678315d4bd5b","https://www.maxpreps.com/al/volleyball/match/central-florence-vs-deshler-tuscumbia/9-24-2026/?c=d49c55df-91a7-443b-86f9-678315d4bd5b","/volleyball/al/e88?9/24/2026","Central","Wildcats","https://www.maxpreps.com/al/central-florence/volleyball/","https://www.maxpreps.com/al/deshler-tuscumbia/volleyball/","https://hsfootball.net/proxy.php?url=https%3A%2F%2Fimage.maxpreps.io%2Fschool-mascot%2Fc%2F0%2F6%2Fc06ce6ca-6721-4421-9885-b4ed6fc2c612.gif%3Fversion%3D638215523400000000%26amp%3Bwidth%3D128%26amp%3Bheight%3D128%26amp%3Bauto%3Dwebp%26amp%3Bformat%3Dpjpg","https://hsfootball.net/proxy.php?url=https%3A%2F%2Fimage.maxpreps.io%2Fschool-mascot%2F4%2F9%2F7%2F497d5242-1c43-48cd-befc-a73f49ce2d4a.gif%3Fversion%3D638216564400000000%26amp%3Bwidth%3D128%26amp%3Bheight%3D128%26amp%3Bauto%3Dwebp%26amp%3Bformat%3Dpjpg","girl"
38,"Marion vs Billingsley",Girls Volleyball,"Alabama",9/24/2026,5:00pm,"The Marion varsity volleyball team has an away conference match @  Billingsley (AL) on Thursday, September 24 @ 5p.","/al/volleyball/match/billingsley-vs-marion/9-24-2026/?c=2136bacd-5914-45f2-af45-4f76eef80ab9","https://www.maxpreps.com/al/volleyball/match/billingsley-vs-marion/9-24-2026/?c=2136bacd-5914-45f2-af45-4f76eef80ab9","/volleyball/al/867?9/24/2026","Marion","Rams","https://www.maxpreps.com/al/billingsley/volleyball/","https://www.maxpreps.com/al/marion/volleyball/","https://hsfootball.net/proxy.php?url=https%3A%2F%2Fimage.maxpreps.io%2Fschool-mascot%2F0%2F9%2F5%2F09592b15-b92f-46c6-816e-1972c92786e2.gif%3Fversion%3D638225182800000000%26amp%3Bwidth%3D128%26amp%3Bheight%3D128%26amp%3Bauto%3Dwebp%26amp%3Bformat%3Dpjpg","https://hsfootball.net/proxy.php?url=https%3A%2F%2Fimage.maxpreps.io%2Fschool-mascot%2Fc%2F2%2F0%2Fc204c775-50c5-4048-aacc-1c576ff0efd3.gif%3Fversion%3D638234712000000000%26amp%3Bwidth%3D128%26amp%3Bheight%3D128%26amp%3Bauto%3Dwebp%26amp%3Bformat%3Dpjpg","girl"
39,"Central Christian Academy vs Eastwood Christian",Girls Volleyball,"Alabama",9/24/2026,5:00pm,"The Central Christian Academy varsity volleyball team has an away non-conference match @  Eastwood Christian (Montgomery, AL) on Thursday, September 24 @ 5p.","/al/volleyball/match/central-christian-academy-prattville-vs-eastwood-christian-montgomery/9-24-2026/?c=d44d4ad6-9b08-4155-8039-bf098040d1c5","https://www.maxpreps.com/al/volleyball/match/central-christian-academy-prattville-vs-eastwood-christian-montgomery/9-24-2026/?c=d44d4ad6-9b08-4155-8039-bf098040d1c5","/volleyball/al/1b69?9/24/2026","Central Christian Academy","Rams","https://www.maxpreps.com/al/central-christian-academy-prattville/volleyball/","https://www.maxpreps.com/al/eastwood-christian-montgomery/volleyball/","https://hsfootball.net/proxy.php?url=https%3A%2F%2Fimage.maxpreps.io%2Fschool-mascot%2Fb%2Fd%2F5%2Fbd54857d-c834-4b4c-8c98-2d24840d4709.gif%3Fversion%3D638876460208575760%26amp%3Bwidth%3D128%26amp%3Bheight%3D128%26amp%3Bauto%3Dwebp%26amp%3Bformat%3Dpjpg","https://hsfootball.net/proxy.php?url=https%3A%2F%2Fimage.maxpreps.io%2Fschool-mascot%2Fb%2Fd%2F5%2Fbd54857d-c834-4b4c-8c98-2d24840d4709.gif%3Fversion%3D638876460208575760%26amp%3Bwidth%3D32%26amp%3Bheight%3D32%26amp%3Bauto%3Dwebp%26amp%3Bformat%3Dpjpg","girl"
40,"Samson vs Florala",Girls Volleyball,"Alabama",9/24/2026,5:00pm,"The Samson varsity volleyball team has an away conference match @  Florala (AL) on Thursday, September 24 @ 5p.","/al/volleyball/match/florala-vs-samson/9-24-2026/?c=0c73dad2-0b98-4741-8a26-fabf9ba298ab","https://www.maxpreps.com/al/volleyball/match/florala-vs-samson/9-24-2026/?c=0c73dad2-0b98-4741-8a26-fabf9ba298ab","/volleyball/al/6b5?9/24/2026","Samson","Tigers","https://www.maxpreps.com/al/florala/volleyball/","https://www.maxpreps.com/al/samson/volleyball/","https://hsfootball.net/proxy.php?url=https%3A%2F%2Fimage.maxpreps.io%2Fschool-mascot%2Fe%2F8%2Fa%2Fe8a201ad-f9d5-4b3b-a06e-06e2fd7719fc.gif%3Fversion%3D638253671400000000%26amp%3Bwidth%3D128%26amp%3Bheight%3D128%26amp%3Bauto%3Dwebp%26amp%3Bformat%3Dpjpg","https://hsfootball.net/proxy.php?url=https%3A%2F%2Fimage.maxpreps.io%2Fschool-mascot%2Fd%2F8%2Ff%2Fd8fb40a6-ac4d-4b56-aafe-5bf85366f7f9.gif%3Fversion%3D638225170200000000%26amp%3Bwidth%3D128%26amp%3Bheight%3D128%26amp%3Bauto%3Dwebp%26amp%3Bformat%3Dpjpg","girl"
41,"Vinemont vs Phil Campbell",Girls Volleyball,"Alabama",9/24/2026,5:00pm,"The Vinemont varsity volleyball team has an away non-conference match @  Phil Campbell (AL) on Thursday, September 24 @ 5p.","/al/volleyball/match/phil-campbell-vs-vinemont/9-24-2026/?c=50920b4e-82f1-479f-a94e-3291e1f2c2ee","https://www.maxpreps.com/al/volleyball/match/phil-campbell-vs-vinemont/9-24-2026/?c=50920b4e-82f1-479f-a94e-3291e1f2c2ee","/volleyball/al/9cd?9/24/2026","Vinemont","Eagles","https://www.maxpreps.com/al/phil-campbell/girls-volleyball/","https://www.maxpreps.com/al/vinemont/girls-volleyball/","https://hsfootball.net/proxy.php?url=https%3A%2F%2Fimage.maxpreps.io%2Fschool-mascot%2F9%2Fd%2Ff%2F9dfa8cc8-0797-4526-a8d0-f66fc6b0448f.gif%3Fversion%3D638253700800000000%26amp%3Bwidth%3D128%26amp%3Bheight%3D128%26amp%3Bauto%3Dwebp%26amp%3Bformat%3Dpjpg","https://hsfootball.net/proxy.php?url=https%3A%2F%2Fimage.maxpreps.io%2Fschool-mascot%2F1%2Ff%2Ff%2F1ffaa83c-6e4e-4cce-9b98-a34dccb21ef9.gif%3Fversion%3D638253630000000000%26amp%3Bwidth%3D128%26amp%3Bheight%3D128%26amp%3Bauto%3Dwebp%26amp%3Bformat%3Dpjpg","girl"
42,"Greene County vs Hatch",Girls Volleyball,"Alabama",9/24/2026,5:00pm,"The Greene County varsity volleyball team has an away non-conference match @  Hatch (Uniontown, AL) on Thursday, September 24 @ 5p.","/al/volleyball/match/greene-county-eutaw-vs-hatch-uniontown/9-24-2026/?c=53fe3e67-f15e-4f5e-8e1f-e5237fdbe546","https://www.maxpreps.com/al/volleyball/match/greene-county-eutaw-vs-hatch-uniontown/9-24-2026/?c=53fe3e67-f15e-4f5e-8e1f-e5237fdbe546","/volleyball/al/f01?9/24/2026","Greene County","Tigers","https://www.maxpreps.com/al/greene-county-eutaw/girls-volleyball/","https://www.maxpreps.com/al/hatch-uniontown/girls-volleyball/","https://hsfootball.net/proxy.php?url=https%3A%2F%2Fimage.maxpreps.io%2Fschool-mascot%2Fc%2Ff%2Fc%2Fcfc2c013-5095-4dc8-99d2-4a5c823725d9.gif%3Fversion%3D638229442800000000%26amp%3Bwidth%3D128%26amp%3Bheight%3D128%26amp%3Bauto%3Dwebp%26amp%3Bformat%3Dpjpg","https://hsfootball.net/proxy.php?url=https%3A%2F%2Fimage.maxpreps.io%2Fschool-mascot%2F4%2Fe%2F2%2F4e27ddc5-9a4d-42ae-9e05-1de349c74838.gif%3Fversion%3D638253638400000000%26amp%3Bwidth%3D128%26amp%3Bheight%3D128%26amp%3Bauto%3Dwebp%26amp%3Bformat%3Dpjpg","girl"
43,"Headland vs Dale County",Girls Volleyball,"Alabama",9/24/2026,5:00pm,"The Headland varsity volleyball team has an away conference match @  Dale County (Midland City, AL) on Thursday, September 24 @ 5p.","/al/volleyball/match/dale-county-midland-city-vs-headland/9-24-2026/?c=85e9ea69-8025-470e-aba0-2994ff76d062","https://www.maxpreps.com/al/volleyball/match/dale-county-midland-city-vs-headland/9-24-2026/?c=85e9ea69-8025-470e-aba0-2994ff76d062","/volleyball/al/dc5?9/24/2026","Headland","Rams","https://www.maxpreps.com/al/dale-county-midland-city/girls-volleyball/","https://www.maxpreps.com/al/headland/girls-volleyball/","https://hsfootball.net/proxy.php?url=https%3A%2F%2Fimage.maxpreps.io%2Fschool-mascot%2F7%2Fa%2F2%2F7a25b9e8-2635-440c-90d5-aaf969a904ed.gif%3Fversion%3D638234685600000000%26amp%3Bwidth%3D128%26amp%3Bheight%3D128%26amp%3Bauto%3Dwebp%26amp%3Bformat%3Dpjpg","https://hsfootball.net/proxy.php?url=https%3A%2F%2Fimage.maxpreps.io%2Fschool-mascot%2F3%2F6%2F3%2F363ac13f-2ac7-42fc-b8e5-eb3285dd4268.gif%3Fversion%3D638216559600000000%26amp%3Bwidth%3D128%26amp%3Bheight%3D128%26amp%3Bauto%3Dwebp%26amp%3Bformat%3Dpjpg","girl"
44,"Calhoun vs Red Level",Girls Volleyball,"Alabama",9/24/2026,5:00pm,"The Calhoun varsity volleyball team has an away non-conference match @  Red Level (AL) on Thursday, September 24 @ 5p.","/al/volleyball/match/calhoun-letohatchee-vs-red-level/9-24-2026/?c=dd022b79-6898-48a9-9b6e-b6ffa3ebf7e8","https://www.maxpreps.com/al/volleyball/match/calhoun-letohatchee-vs-red-level/9-24-2026/?c=dd022b79-6898-48a9-9b6e-b6ffa3ebf7e8","/volleyball/al/c60?9/24/2026","Calhoun","Tigers","https://www.maxpreps.com/al/calhoun-letohatchee/girls-volleyball/","https://www.maxpreps.com/al/red-level/girls-volleyball/","https://hsfootball.net/proxy.php?url=https%3A%2F%2Fimage.maxpreps.io%2Fschool-mascot%2Fe%2F3%2F5%2Fe35ebef8-c2a9-4282-ae75-0378e527dbb9.gif%3Fversion%3D638215521000000000%26amp%3Bwidth%3D128%26amp%3Bheight%3D128%26amp%3Bauto%3Dwebp%26amp%3Bformat%3Dpjpg","https://hsfootball.net/proxy.php?url=https%3A%2F%2Fimage.maxpreps.io%2Fschool-mascot%2Fe%2F5%2F6%2Fe568ac32-326a-447e-9a5b-47f8ec8d0ed4.gif%3Fversion%3D638253666000000000%26amp%3Bwidth%3D128%26amp%3Bheight%3D128%26amp%3Bauto%3Dwebp%26amp%3Bformat%3Dpjpg","girl"
45,"Brooks vs Wilson",Girls Volleyball,"Alabama",9/24/2026,5:00pm,"The Brooks varsity volleyball team has a neutral non-conference match vs.  Wilson (Florence, AL) on Thursday, September 24 @ 5p.","/al/volleyball/match/brooks-killen-vs-wilson-florence/9-24-2026/?c=69c4f759-208a-4958-8c42-a42d1f62bb91","https://www.maxpreps.com/al/volleyball/match/brooks-killen-vs-wilson-florence/9-24-2026/?c=69c4f759-208a-4958-8c42-a42d1f62bb91","/volleyball/al/c96?9/24/2026","Brooks","Lions","https://www.maxpreps.com/al/brooks-killen/girls-volleyball/","https://www.maxpreps.com/al/wilson-florence/girls-volleyball/","https://hsfootball.net/proxy.php?url=https%3A%2F%2Fimage.maxpreps.io%2Fschool-mascot%2Fe%2F4%2F0%2Fe40168ce-4b67-4e81-be45-a9a3bc63a7d1.gif%3Fversion%3D636626554800000000%26amp%3Bwidth%3D128%26amp%3Bheight%3D128%26amp%3Bauto%3Dwebp%26amp%3Bformat%3Dpjpg","https://hsfootball.net/proxy.php?url=https%3A%2F%2Fimage.maxpreps.io%2Fschool-mascot%2F3%2F6%2F0%2F36072221-6a62-47b3-97ed-c179401284f7.gif%3Fversion%3D638253706800000000%26amp%3Bwidth%3D128%26amp%3Bheight%3D128%26amp%3Bauto%3Dwebp%26amp%3Bformat%3Dpjpg","girl"
46,"Ariton vs Goshen",Girls Volleyball,"Alabama",9/24/2026,5:00pm,"The Ariton varsity volleyball team has an away non-conference match @  Goshen (AL) on Thursday, September 24 @ 5p.","/al/volleyball/match/ariton-vs-goshen/9-24-2026/?c=ea1eab1a-8447-42c3-9dfd-0e3905458246","https://www.maxpreps.com/al/volleyball/match/ariton-vs-goshen/9-24-2026/?c=ea1eab1a-8447-42c3-9dfd-0e3905458246","/volleyball/al/654?9/24/2026","Ariton","Purple Cats","https://www.maxpreps.com/al/ariton/girls-volleyball/","https://www.maxpreps.com/al/goshen/girls-volleyball/","https://hsfootball.net/proxy.php?url=https%3A%2F%2Fimage.maxpreps.io%2Fschool-mascot%2Fc%2F2%2F8%2Fc289175a-6cdf-4717-8a5a-19bc3808f7cb.gif%3Fversion%3D638212996200000000%26amp%3Bwidth%3D128%26amp%3Bheight%3D128%26amp%3Bauto%3Dwebp%26amp%3Bformat%3Dpjpg","https://hsfootball.net/proxy.php?url=https%3A%2F%2Fimage.maxpreps.io%2Fschool-mascot%2F3%2F9%2F2%2F392e0bae-fa8d-4c4c-a58d-11fac6c46cf0.gif%3Fversion%3D638229441600000000%26amp%3Bwidth%3D128%26amp%3Bheight%3D128%26amp%3Bauto%3Dwebp%26amp%3Bformat%3Dpjpg","girl"
47,"Legacy/Essential Church School vs Master&#x27;s Hand Christian",Girls Volleyball,"Alabama",9/24/2026,5:00pm,"The Legacy/Essential Church School varsity volleyball team has an away non-conference match @  Master&#x27;s Hand Christian (Moulton, AL) on Thursday, September 24 @ 5p.","/al/volleyball/match/legacy-essential-church-school-gardendale-vs-masters-hand-christian-moulton/9-24-2026/?c=7d6c570c-1eae-47d1-9f28-eda930f3fe8c","https://www.maxpreps.com/al/volleyball/match/legacy-essential-church-school-gardendale-vs-masters-hand-christian-moulton/9-24-2026/?c=7d6c570c-1eae-47d1-9f28-eda930f3fe8c","/volleyball/al/1d34?9/24/2026","Legacy/Essential Church School","Lions","https://www.maxpreps.com/al/legacy-essential-church-school-gardendale/girls-volleyball/","https://www.maxpreps.com/al/masters-hand-christian-moulton/girls-volleyball/","https://hsfootball.net/proxy.php?url=https%3A%2F%2Fimage.maxpreps.io%2Fschool-mascot%2F2%2F6%2F5%2F2656b300-4769-426d-b9fa-bc32eb4db077.gif%3Fversion%3D635793093600000000%26amp%3Bwidth%3D128%26amp%3Bheight%3D128%26amp%3Bauto%3Dwebp%26amp%3Bformat%3Dpjpg","https://hsfootball.net/proxy.php?url=https%3A%2F%2Fimage.maxpreps.io%2Fschool-mascot%2F9%2F4%2Ff%2F94f30076-c99a-446a-8c91-b411b5bb254f.gif%3Fversion%3D638498446800000000%26amp%3Bwidth%3D128%26amp%3Bheight%3D128%26amp%3Bauto%3Dwebp%26amp%3Bformat%3Dpjpg","girl"
48,"Smiths Station vs St. Anne-Pacelli",Girls Volleyball,"Alabama",9/24/2026,6:00pm,"The Smiths Station varsity volleyball team has an away non-conference match @  St. Anne-Pacelli (Columbus, GA) on Thursday, September 24 @ 6p.","/inter-state/volleyball/match/smiths-station-al-vs-st-anne-pacelli-columbus-ga/9-24-2026/?c=4eb492d0-dd22-4d85-8a2b-39cdbb8c6685","https://www.maxpreps.com/inter-state/volleyball/match/smiths-station-al-vs-st-anne-pacelli-columbus-ga/9-24-2026/?c=4eb492d0-dd22-4d85-8a2b-39cdbb8c6685","/volleyball/al/124d?9/24/2026","Smiths Station","Panthers","https://www.maxpreps.com/al/smiths-station-al/girls-volleyball/","https://www.maxpreps.com/al/st-anne-pacelli-columbus-ga/girls-volleyball/","https://hsfootball.net/proxy.php?url=https%3A%2F%2Fimage.maxpreps.io%2Fschool-mascot%2Fa%2Fd%2F2%2Fad2fb21b-67f8-4af2-80f2-9bca1e8b4933.gif%3Fversion%3D638253691800000000%26amp%3Bwidth%3D128%26amp%3Bheight%3D128%26amp%3Bauto%3Dwebp%26amp%3Bformat%3Dpjpg","https://hsfootball.net/proxy.php?url=https%3A%2F%2Fimage.maxpreps.io%2Fschool-mascot%2F9%2F5%2Fa%2F95a61eb2-ea5e-46ec-aea8-b38a894259ec.gif%3Fversion%3D639179658488187150%26amp%3Bwidth%3D128%26amp%3Bheight%3D128%26amp%3Bauto%3Dwebp%26amp%3Bformat%3Dpjpg","girl"
49,"Sweet Water vs Johnson",Girls Volleyball,"Alabama",9/24/2026,5:00pm,"The Sweet Water varsity volleyball team has an away conference match @  Johnson (Thomaston, AL) on Thursday, September 24 @ 5p.","/al/volleyball/match/johnson-thomaston-vs-sweet-water/9-24-2026/?c=857eb2b9-7853-4b23-92ba-82559bb0a63f","https://www.maxpreps.com/al/volleyball/match/johnson-thomaston-vs-sweet-water/9-24-2026/?c=857eb2b9-7853-4b23-92ba-82559bb0a63f","/volleyball/al/cc4?9/24/2026","Sweet Water","Bulldogs","https://www.maxpreps.com/al/johnson-thomaston/girls-volleyball/","https://www.maxpreps.com/al/sweet-water/girls-volleyball/","https://hsfootball.net/proxy.php?url=https%3A%2F%2Fimage.maxpreps.io%2Fschool-mascot%2F4%2F2%2F8%2F428bb47c-aa91-421e-81e8-b1cff734cc6a.gif%3Fversion%3D638249400600000000%26amp%3Bwidth%3D128%26amp%3Bheight%3D128%26amp%3Bauto%3Dwebp%26amp%3Bformat%3Dpjpg","https://hsfootball.net/proxy.php?url=https%3A%2F%2Fimage.maxpreps.io%2Fschool-mascot%2Fd%2F3%2Fd%2Fd3dcb6d3-d163-4c27-a36c-df1b4ee5cc9f.gif%3Fversion%3D638212224600000000%26amp%3Bwidth%3D128%26amp%3Bheight%3D128%26amp%3Bauto%3Dwebp%26amp%3Bformat%3Dpjpg","girl"
50,"St. John Paul II vs Huntsville",Girls Volleyball,"Alabama",9/24/2026,5:00pm,"The St. John Paul II varsity volleyball team has an away non-conference match @  Huntsville (AL) on Thursday, September 24 @ 5p.","/al/volleyball/match/huntsville-vs-st-john-paul-ii-huntsville/9-24-2026/?c=7cf27a02-a4a9-46f0-a52d-1e3de7cdded4","https://www.maxpreps.com/al/volleyball/match/huntsville-vs-st-john-paul-ii-huntsville/9-24-2026/?c=7cf27a02-a4a9-46f0-a52d-1e3de7cdded4","/volleyball/al/fad?9/24/2026","St. John Paul II","Falcons","https://www.maxpreps.com/al/huntsville/girls-volleyball/","https://www.maxpreps.com/al/st-john-paul-ii-huntsville/girls-volleyball/","https://hsfootball.net/proxy.php?url=https%3A%2F%2Fimage.maxpreps.io%2Fschool-mascot%2F8%2F6%2F3%2F863ff616-4589-46d1-a2c4-879da6e3a7c9.gif%3Fversion%3D638249396400000000%26amp%3Bwidth%3D128%26amp%3Bheight%3D128%26amp%3Bauto%3Dwebp%26amp%3Bformat%3Dpjpg","https://hsfootball.net/proxy.php?url=https%3A%2F%2Fimage.maxpreps.io%2Fschool-mascot%2F9%2F7%2Fb%2F97bde0ed-a4ab-482f-8b13-0658a15767a5.gif%3Fversion%3D638235449400000000%26amp%3Bwidth%3D128%26amp%3Bheight%3D128%26amp%3Bauto%3Dwebp%26amp%3Bformat%3Dpjpg","girl"
51,"Elba vs Abbeville",Girls Volleyball,"Alabama",9/24/2026,5:00pm,"The Elba varsity volleyball team has an away non-conference match @  Abbeville (AL) on Thursday, September 24 @ 5p.","/al/volleyball/match/abbeville-vs-elba/9-24-2026/?c=670d5fc5-6553-438c-972b-0a43a8e98111","https://www.maxpreps.com/al/volleyball/match/abbeville-vs-elba/9-24-2026/?c=670d5fc5-6553-438c-972b-0a43a8e98111","/volleyball/al/67d?9/24/2026","Elba","Tigers","https://www.maxpreps.com/al/abbeville/girls-volleyball/","https://www.maxpreps.com/al/elba/girls-volleyball/","https://hsfootball.net/proxy.php?url=https%3A%2F%2Fimage.maxpreps.io%2Fschool-mascot%2Fa%2Fe%2Fe%2Faeeafb5f-cfda-488e-be8e-3fc5af631c10.gif%3Fversion%3D638216566200000000%26amp%3Bwidth%3D128%26amp%3Bheight%3D128%26amp%3Bauto%3Dwebp%26amp%3Bformat%3Dpjpg","https://hsfootball.net/proxy.php?url=https%3A%2F%2Fimage.maxpreps.io%2Fschool-mascot%2F7%2F8%2Fe%2F78ee5e47-5386-4384-8a8b-0628cf8b9e8b.gif%3Fversion%3D638212999800000000%26amp%3Bwidth%3D128%26amp%3Bheight%3D128%26amp%3Bauto%3Dwebp%26amp%3Bformat%3Dpjpg","girl"
52,"Davidson vs Saraland",Girls Volleyball,"Alabama",9/24/2026,5:00pm,"The Davidson varsity volleyball team has an away non-conference match @  Saraland (AL) on Thursday, September 24 @ 5p.","/al/volleyball/match/davidson-mobile-vs-saraland/9-24-2026/?c=7493d066-46a8-4a74-bc6b-168359117adb","https://www.maxpreps.com/al/volleyball/match/davidson-mobile-vs-saraland/9-24-2026/?c=7493d066-46a8-4a74-bc6b-168359117adb","/volleyball/al/a86?9/24/2026","Davidson","Warriors","https://www.maxpreps.com/al/davidson-mobile/girls-volleyball/","https://www.maxpreps.com/al/saraland/girls-volleyball/","https://hsfootball.net/proxy.php?url=https%3A%2F%2Fimage.maxpreps.io%2Fschool-mascot%2F7%2F3%2F2%2F73219d8d-b9c3-4fc7-895c-97359987a99d.gif%3Fversion%3D638216562600000000%26amp%3Bwidth%3D128%26amp%3Bheight%3D128%26amp%3Bauto%3Dwebp%26amp%3Bformat%3Dpjpg","https://hsfootball.net/proxy.php?url=https%3A%2F%2Fimage.maxpreps.io%2Fschool-mascot%2Fc%2Fb%2F3%2Fcb3e2346-78ff-4642-9bdb-ff0eb37c96d9.gif%3Fversion%3D638253672000000000%26amp%3Bwidth%3D128%26amp%3Bheight%3D128%26amp%3Bauto%3Dwebp%26amp%3Bformat%3Dpjpg","girl"
53,"Plainview vs Glencoe",Girls Volleyball,"Alabama",9/24/2026,5:00pm,"The Plainview varsity volleyball team has an away non-conference match @  Glencoe (AL) on Thursday, September 24 @ 5p.","/al/volleyball/match/glencoe-vs-plainview-rainsville/9-24-2026/?c=ac34c33c-2830-440f-ac20-0e8e4b5e1f72","https://www.maxpreps.com/al/volleyball/match/glencoe-vs-plainview-rainsville/9-24-2026/?c=ac34c33c-2830-440f-ac20-0e8e4b5e1f72","/volleyball/al/c55?9/24/2026","Plainview","Bears","https://www.maxpreps.com/al/glencoe/girls-volleyball/","https://www.maxpreps.com/al/plainview-rainsville/girls-volleyball/","https://hsfootball.net/proxy.php?url=https%3A%2F%2Fimage.maxpreps.io%2Fschool-mascot%2F7%2Ff%2F1%2F7f1ad9e1-a6af-4d80-a016-1ffc94dd8120.gif%3Fversion%3D638253634800000000%26amp%3Bwidth%3D128%26amp%3Bheight%3D128%26amp%3Bauto%3Dwebp%26amp%3Bformat%3Dpjpg","https://hsfootball.net/proxy.php?url=https%3A%2F%2Fimage.maxpreps.io%2Fschool-mascot%2F9%2Fc%2F4%2F9c444ced-86bb-4860-b1b3-c4c19c66afb9.gif%3Fversion%3D638229439800000000%26amp%3Bwidth%3D128%26amp%3Bheight%3D128%26amp%3Bauto%3Dwebp%26amp%3Bformat%3Dpjpg","girl"
54,"Abbeville Christian Academy vs Macon-East Montgomery Academy",Girls Volleyball,"Alabama",9/24/2026,5:00pm,"The Abbeville Christian Academy varsity volleyball team has an away conference match @  Macon-East Montgomery Academy (Cecil, AL) on Thursday, September 24 @ 5p.","/al/volleyball/match/abbeville-christian-academy-vs-macon-east-montgomery-academy-cecil/9-24-2026/?c=f685b3ba-ef27-4616-b8de-2a2f72ce047d","https://www.maxpreps.com/al/volleyball/match/abbeville-christian-academy-vs-macon-east-montgomery-academy-cecil/9-24-2026/?c=f685b3ba-ef27-4616-b8de-2a2f72ce047d","/volleyball/al/1970?9/24/2026","Abbeville Christian Academy","Generals","https://www.maxpreps.com/al/abbeville-christian-academy/girls-volleyball/","https://www.maxpreps.com/al/macon-east-montgomery-academy-cecil/girls-volleyball/","https://hsfootball.net/proxy.php?url=https%3A%2F%2Fimage.maxpreps.io%2Fschool-mascot%2Fb%2Fa%2F0%2Fba0c7e21-440d-422c-a681-b59c9a2b2101.gif%3Fversion%3D638006337600000000%26amp%3Bwidth%3D128%26amp%3Bheight%3D128%26amp%3Bauto%3Dwebp%26amp%3Bformat%3Dpjpg","https://hsfootball.net/proxy.php?url=https%3A%2F%2Fimage.maxpreps.io%2Fschool-mascot%2Fb%2F4%2F2%2Fb4244b0d-066b-4246-9dcf-1f422f491555.gif%3Fversion%3D636190316400000000%26amp%3Bwidth%3D128%26amp%3Bheight%3D128%26amp%3Bauto%3Dwebp%26amp%3Bformat%3Dpjpg","girl"
55,"Etowah vs Cleburne County",Girls Volleyball,"Alabama",9/24/2026,5:00pm,"The Etowah varsity volleyball team has an away non-conference match @  Cleburne County (Heflin, AL) on Thursday, September 24 @ 5p.","/al/volleyball/match/cleburne-county-heflin-vs-etowah-attalla/9-24-2026/?c=f5f7aefd-eb21-4244-946e-47a6545c344b","https://www.maxpreps.com/al/volleyball/match/cleburne-county-heflin-vs-etowah-attalla/9-24-2026/?c=f5f7aefd-eb21-4244-946e-47a6545c344b","/volleyball/al/f9d?9/24/2026","Etowah","Blue Devils","https://www.maxpreps.com/al/cleburne-county-heflin/girls-volleyball/","https://www.maxpreps.com/al/etowah-attalla/girls-volleyball/","https://hsfootball.net/proxy.php?url=https%3A%2F%2Fimage.maxpreps.io%2Fschool-mascot%2Ff%2Fc%2Fd%2Ffcd31af2-4aae-469a-8931-c37afb314d74.gif%3Fversion%3D638225147400000000%26amp%3Bwidth%3D128%26amp%3Bheight%3D128%26amp%3Bauto%3Dwebp%26amp%3Bformat%3Dpjpg","https://hsfootball.net/proxy.php?url=https%3A%2F%2Fimage.maxpreps.io%2Fschool-mascot%2F7%2F4%2F0%2F7408877a-09da-42a7-a28c-7eff37a42ae7.gif%3Fversion%3D638612339121180980%26amp%3Bwidth%3D128%26amp%3Bheight%3D128%26amp%3Bauto%3Dwebp%26amp%3Bformat%3Dpjpg","girl"
56,"Bessemer City vs Fairfield",Girls Volleyball,"Alabama",9/24/2026,5:00pm,"The Bessemer City varsity volleyball team has an away non-conference match @  Fairfield (AL) on Thursday, September 24 @ 5p.","/al/volleyball/match/bessemer-city-vs-fairfield/9-24-2026/?c=d0e6b49f-ba20-4a22-a058-b7e036ffdd44","https://www.maxpreps.com/al/volleyball/match/bessemer-city-vs-fairfield/9-24-2026/?c=d0e6b49f-ba20-4a22-a058-b7e036ffdd44","/volleyball/al/a25?9/24/2026","Bessemer City","Purple Tigers","https://www.maxpreps.com/al/bessemer-city/girls-volleyball/","https://www.maxpreps.com/al/fairfield/girls-volleyball/","https://hsfootball.net/proxy.php?url=https%3A%2F%2Fimage.maxpreps.io%2Fschool-mascot%2Fc%2F2%2F7%2Fc278e4c2-4f84-49dc-8747-a0b73286af9b.gif%3Fversion%3D638213107800000000%26amp%3Bwidth%3D128%26amp%3Bheight%3D128%26amp%3Bauto%3Dwebp%26amp%3Bformat%3Dpjpg","https://hsfootball.net/proxy.php?url=https%3A%2F%2Fimage.maxpreps.io%2Fschool-mascot%2F3%2Fc%2Ff%2F3cf31dd0-0c63-43ae-8046-3ec34756403c.gif%3Fversion%3D638361015000000000%26amp%3Bwidth%3D128%26amp%3Bheight%3D128%26amp%3Bauto%3Dwebp%26amp%3Bformat%3Dpjpg","girl"
57,"Holy Spirit Catholic vs Ellwood Christian",Girls Volleyball,"Alabama",9/24/2026,5:00pm,"The Holy Spirit Catholic varsity volleyball team has an away non-conference match @  Ellwood Christian (Selma, AL) on Thursday, September 24 @ 5p.","/al/volleyball/match/ellwood-christian-selma-vs-holy-spirit-catholic-tuscaloosa/9-24-2026/?c=e1ad153b-7eae-4e53-9c51-4365257afc8a","https://www.maxpreps.com/al/volleyball/match/ellwood-christian-selma-vs-holy-spirit-catholic-tuscaloosa/9-24-2026/?c=e1ad153b-7eae-4e53-9c51-4365257afc8a","/volleyball/al/16cd?9/24/2026","Holy Spirit Catholic","Saints","https://www.maxpreps.com/al/ellwood-christian-selma/girls-volleyball/","https://www.maxpreps.com/al/holy-spirit-catholic-tuscaloosa/girls-volleyball/","https://hsfootball.net/proxy.php?url=https%3A%2F%2Fimage.maxpreps.io%2Fschool-mascot%2F2%2F2%2Fa%2F22a05858-c006-48ed-bc47-508f91e0cf6d.gif%3Fversion%3D639201322653112570%26amp%3Bwidth%3D128%26amp%3Bheight%3D128%26amp%3Bauto%3Dwebp%26amp%3Bformat%3Dpjpg","https://hsfootball.net/proxy.php?url=https%3A%2F%2Fimage.maxpreps.io%2Fschool-mascot%2Fe%2F3%2F2%2Fe32c6958-3baf-4b2a-87bd-ff377066ed7e.gif%3Fversion%3D638216568000000000%26amp%3Bwidth%3D128%26amp%3Bheight%3D128%26amp%3Bauto%3Dwebp%26amp%3Bformat%3Dpjpg","girl"
58,"Central of Clay County vs Wadley",Girls Volleyball,"Alabama",9/24/2026,5:00pm,"The Central of Clay County varsity volleyball team has an away non-conference match @  Wadley (AL) on Thursday, September 24 @ 5p.","/al/volleyball/match/central-of-clay-county-lineville-vs-wadley/9-24-2026/?c=8c0b7460-fb69-4c43-8290-6a3ee731f754","https://www.maxpreps.com/al/volleyball/match/central-of-clay-county-lineville-vs-wadley/9-24-2026/?c=8c0b7460-fb69-4c43-8290-6a3ee731f754","/volleyball/al/104a?9/24/2026","Central of Clay County","Volunteers","https://www.maxpreps.com/al/central-of-clay-county-lineville/girls-volleyball/","https://www.maxpreps.com/al/wadley/girls-volleyball/","https://hsfootball.net/proxy.php?url=https%3A%2F%2Fimage.maxpreps.io%2Fschool-mascot%2Fe%2F9%2Fa%2Fe9af196b-8f11-428b-9558-c30349d747ff.gif%3Fversion%3D638215524600000000%26amp%3Bwidth%3D128%26amp%3Bheight%3D128%26amp%3Bauto%3Dwebp%26amp%3Bformat%3Dpjpg","https://hsfootball.net/proxy.php?url=https%3A%2F%2Fimage.maxpreps.io%2Fschool-mascot%2Fb%2Fb%2Fc%2Fbbcc3668-deba-457e-bb36-997ff731afff.gif%3Fversion%3D638253701400000000%26amp%3Bwidth%3D128%26amp%3Bheight%3D128%26amp%3Bauto%3Dwebp%26amp%3Bformat%3Dpjpg","girl"
59,"Montgomery Catholic vs Lee-Scott Academy",Girls Volleyball,"Alabama",9/24/2026,5:00pm,"The Montgomery Catholic varsity volleyball team has an away conference match @  Lee-Scott Academy (Auburn, AL) on Thursday, September 24 @ 5p.","/al/volleyball/match/lee-scott-academy-auburn-vs-montgomery-catholic/9-24-2026/?c=20ab2e9f-6fd8-47d3-a745-07d1b9566045","https://www.maxpreps.com/al/volleyball/match/lee-scott-academy-auburn-vs-montgomery-catholic/9-24-2026/?c=20ab2e9f-6fd8-47d3-a745-07d1b9566045","/volleyball/al/1253?9/24/2026","Montgomery Catholic","Knights","https://www.maxpreps.com/al/lee-scott-academy-auburn/girls-volleyball/","https://www.maxpreps.com/al/montgomery-catholic/girls-volleyball/","https://hsfootball.net/proxy.php?url=https%3A%2F%2Fimage.maxpreps.io%2Fschool-mascot%2Fb%2Ff%2Ff%2Fbfff4bd8-2634-4911-b88c-0d2297d99144.gif%3Fversion%3D638241475200000000%26amp%3Bwidth%3D128%26amp%3Bheight%3D128%26amp%3Bauto%3Dwebp%26amp%3Bformat%3Dpjpg","https://hsfootball.net/proxy.php?url=https%3A%2F%2Fimage.maxpreps.io%2Fschool-mascot%2F5%2F6%2F0%2F5602c061-3f69-4eb4-a868-7b457db10428.gif%3Fversion%3D639197351132922910%26amp%3Bwidth%3D128%26amp%3Bheight%3D128%26amp%3Bauto%3Dwebp%26amp%3Bformat%3Dpjpg","girl"
60,"Auburn vs Brookstone",Girls Volleyball,"Alabama",9/24/2026,6:00pm,"The Auburn varsity volleyball team has an away non-conference match @  Brookstone (Columbus, GA) on Thursday, September 24 @ 6p.","/inter-state/volleyball/match/auburn-al-vs-brookstone-columbus-ga/9-24-2026/?c=c142a5a2-b2e8-4c69-8ff8-625bf0cbc7ac","https://www.maxpreps.com/inter-state/volleyball/match/auburn-al-vs-brookstone-columbus-ga/9-24-2026/?c=c142a5a2-b2e8-4c69-8ff8-625bf0cbc7ac","/volleyball/al/d9c?9/24/2026","Auburn","Tigers","https://www.maxpreps.com/al/auburn-al/girls-volleyball/","https://www.maxpreps.com/al/brookstone-columbus-ga/girls-volleyball/","https://hsfootball.net/proxy.php?url=https%3A%2F%2Fimage.maxpreps.io%2Fschool-mascot%2Ff%2Fc%2Fb%2Ffcbe2ee5-0c01-409a-858e-6ccca19f49a9.gif%3Fversion%3D638212237800000000%26amp%3Bwidth%3D128%26amp%3Bheight%3D128%26amp%3Bauto%3Dwebp%26amp%3Bformat%3Dpjpg","https://hsfootball.net/proxy.php?url=https%3A%2F%2Fimage.maxpreps.io%2Fschool-mascot%2F4%2Fb%2Fc%2F4bce29e4-736a-4ac6-a690-7c06287656f3.gif%3Fversion%3D636219945000000000%26amp%3Bwidth%3D128%26amp%3Bheight%3D128%26amp%3Bauto%3Dwebp%26amp%3Bformat%3Dpjpg","girl"
61,"Charles Henderson vs Straughn",Girls Volleyball,"Alabama",9/24/2026,5:00pm,"The Charles Henderson varsity volleyball team has an away conference match @  Straughn (Andalusia, AL) on Thursday, September 24 @ 5p.","/al/volleyball/match/charles-henderson-troy-vs-straughn-tigeres-andalusia/9-24-2026/?c=50185c1c-8466-4628-bea0-95f600d92666","https://www.maxpreps.com/al/volleyball/match/charles-henderson-troy-vs-straughn-tigeres-andalusia/9-24-2026/?c=50185c1c-8466-4628-bea0-95f600d92666","/volleyball/al/147e?9/24/2026","Charles Henderson","Trojans","https://www.maxpreps.com/al/charles-henderson-troy/girls-volleyball/","https://www.maxpreps.com/al/straughn-tigeres-andalusia/girls-volleyball/","https://hsfootball.net/proxy.php?url=https%3A%2F%2Fimage.maxpreps.io%2Fschool-mascot%2Ff%2F3%2F8%2Ff387a99e-3968-4665-b878-f39085130269.gif%3Fversion%3D638215525200000000%26amp%3Bwidth%3D128%26amp%3Bheight%3D128%26amp%3Bauto%3Dwebp%26amp%3Bformat%3Dpjpg","https://hsfootball.net/proxy.php?url=https%3A%2F%2Fimage.maxpreps.io%2Fschool-mascot%2F4%2F4%2Fa%2F44a5f3b5-11e4-4c34-ba5b-4db21772383f.gif%3Fversion%3D638249399400000000%26amp%3Bwidth%3D128%26amp%3Bheight%3D128%26amp%3Bauto%3Dwebp%26amp%3Bformat%3Dpjpg","girl"
62,"Spring Garden vs Cedar Bluff",Girls Volleyball,"Alabama",9/24/2026,5:00pm,"The Spring Garden varsity volleyball team has an away conference match @  Cedar Bluff (AL) on Thursday, September 24 @ 5p.","/al/volleyball/match/cedar-bluff-vs-spring-garden/9-24-2026/?c=b782eb1e-2dd3-4507-bff9-6cedafada5e9","https://www.maxpreps.com/al/volleyball/match/cedar-bluff-vs-spring-garden/9-24-2026/?c=b782eb1e-2dd3-4507-bff9-6cedafada5e9","/volleyball/al/aaf?9/24/2026","Spring Garden","Panthers","https://www.maxpreps.com/al/cedar-bluff/girls-volleyball/","https://www.maxpreps.com/al/spring-garden/girls-volleyball/","https://hsfootball.net/proxy.php?url=https%3A%2F%2Fimage.maxpreps.io%2Fschool-mascot%2F4%2Fa%2F6%2F4a64b612-46f3-4837-8342-54e27957e42b.gif%3Fversion%3D638249394600000000%26amp%3Bwidth%3D128%26amp%3Bheight%3D128%26amp%3Bauto%3Dwebp%26amp%3Bformat%3Dpjpg","https://hsfootball.net/proxy.php?url=https%3A%2F%2Fimage.maxpreps.io%2Fschool-mascot%2F9%2Fe%2F0%2F9e00e6b3-d670-4824-81e7-f6a1c46174b6.gif%3Fversion%3D638215522200000000%26amp%3Bwidth%3D128%26amp%3Bheight%3D128%26amp%3Bauto%3Dwebp%26amp%3Bformat%3Dpjpg","girl"
63,"Dothan vs Enterprise",Girls Volleyball,"Alabama",9/24/2026,5:00pm,"The Dothan varsity volleyball team has an away conference match @  Enterprise (AL) on Thursday, September 24 @ 5p.","/al/volleyball/match/dothan-cougars-vs-enterprise/9-24-2026/?c=90ea168e-23bf-4df1-b174-8e0a318f294f","https://www.maxpreps.com/al/volleyball/match/dothan-cougars-vs-enterprise/9-24-2026/?c=90ea168e-23bf-4df1-b174-8e0a318f294f","/volleyball/al/b23?9/24/2026","Dothan","Wolves","https://www.maxpreps.com/al/dothan-cougars/girls-volleyball/","https://www.maxpreps.com/al/enterprise/girls-volleyball/","https://hsfootball.net/proxy.php?url=https%3A%2F%2Fimage.maxpreps.io%2Fschool-mascot%2F6%2Fb%2F3%2F6b381900-93bf-44cd-98ca-129ea7999bee.gif%3Fversion%3D638216565600000000%26amp%3Bwidth%3D128%26amp%3Bheight%3D128%26amp%3Bauto%3Dwebp%26amp%3Bformat%3Dpjpg","https://hsfootball.net/proxy.php?url=https%3A%2F%2Fimage.maxpreps.io%2Fschool-mascot%2F4%2F4%2F1%2F441784f2-e2af-4f3e-ab22-1d359ab28037.gif%3Fversion%3D638217273000000000%26amp%3Bwidth%3D128%26amp%3Bheight%3D128%26amp%3Bauto%3Dwebp%26amp%3Bformat%3Dpjpg","girl"
64,"Leeds vs Woodlawn",Girls Volleyball,"Alabama",9/24/2026,5:00pm,"The Leeds varsity volleyball team has an away conference match @  Woodlawn (Birmingham, AL) on Thursday, September 24 @ 5p.","/al/volleyball/match/leeds-vs-woodlawn-birmingham/9-24-2026/?c=ad0bdd8c-3f16-4d79-9ca0-40b805e3fe44","https://www.maxpreps.com/al/volleyball/match/leeds-vs-woodlawn-birmingham/9-24-2026/?c=ad0bdd8c-3f16-4d79-9ca0-40b805e3fe44","/volleyball/al/b06?9/24/2026","Leeds","Greenwave","https://www.maxpreps.com/al/leeds/girls-volleyball/","https://www.maxpreps.com/al/woodlawn-birmingham/girls-volleyball/","https://hsfootball.net/proxy.php?url=https%3A%2F%2Fimage.maxpreps.io%2Fschool-mascot%2F6%2F1%2F1%2F6111ce28-98b0-49f7-86dd-f8e130d8224f.gif%3Fversion%3D638241479400000000%26amp%3Bwidth%3D128%26amp%3Bheight%3D128%26amp%3Bauto%3Dwebp%26amp%3Bformat%3Dpjpg","https://hsfootball.net/proxy.php?url=https%3A%2F%2Fimage.maxpreps.io%2Fschool-mascot%2Fc%2F7%2F8%2Fc786af69-7f1c-404e-928f-8f2fc4213112.gif%3Fversion%3D638253708000000000%26amp%3Bwidth%3D128%26amp%3Bheight%3D128%26amp%3Bauto%3Dwebp%26amp%3Bformat%3Dpjpg","girl"
65,"Shades Valley vs Center Point",Girls Volleyball,"Alabama",9/24/2026,5:00pm,"The Shades Valley varsity volleyball team has an away conference match @  Center Point (Birmingham, AL) on Thursday, September 24 @ 5p.","/al/volleyball/match/center-point-birmingham-vs-shades-valley-birmingham/9-24-2026/?c=07868431-1c73-48e7-a404-4b39f3a2ed01","https://www.maxpreps.com/al/volleyball/match/center-point-birmingham-vs-shades-valley-birmingham/9-24-2026/?c=07868431-1c73-48e7-a404-4b39f3a2ed01","/volleyball/al/13e3?9/24/2026","Shades Valley","Mounties","https://www.maxpreps.com/al/center-point-birmingham/girls-volleyball/","https://www.maxpreps.com/al/shades-valley-birmingham/girls-volleyball/","https://hsfootball.net/proxy.php?url=https%3A%2F%2Fimage.maxpreps.io%2Fschool-mascot%2F2%2Fa%2Fc%2F2acb8adc-eac1-4d7c-8dfd-85e205f22c48.gif%3Fversion%3D638253675000000000%26amp%3Bwidth%3D128%26amp%3Bheight%3D128%26amp%3Bauto%3Dwebp%26amp%3Bformat%3Dpjpg","https://hsfootball.net/proxy.php?url=https%3A%2F%2Fimage.maxpreps.io%2Fschool-mascot%2F3%2F9%2F0%2F390377fc-f035-48ea-8789-9391c2a3ba4f.gif%3Fversion%3D638215522800000000%26amp%3Bwidth%3D128%26amp%3Bheight%3D128%26amp%3Bauto%3Dwebp%26amp%3Bformat%3Dpjpg","girl"
66,"Bessemer Academy vs Morgan Academy",Girls Volleyball,"Alabama",9/24/2026,5:00pm,"The Bessemer Academy varsity volleyball team has an away conference match @  Morgan Academy (Selma, AL) on Thursday, September 24 @ 5p.","/al/volleyball/match/bessemer-academy-vs-morgan-academy-selma/9-24-2026/?c=968c29dd-4102-4ff4-9cfc-89d95280fabf","https://www.maxpreps.com/al/volleyball/match/bessemer-academy-vs-morgan-academy-selma/9-24-2026/?c=968c29dd-4102-4ff4-9cfc-89d95280fabf","/volleyball/al/f5e?9/24/2026","Bessemer Academy","Rebels","https://www.maxpreps.com/al/bessemer-academy/girls-volleyball/","https://www.maxpreps.com/al/morgan-academy-selma/girls-volleyball/","https://hsfootball.net/proxy.php?url=https%3A%2F%2Fimage.maxpreps.io%2Fschool-mascot%2F1%2Fb%2F0%2F1b0906c7-41dd-4665-b28e-2e60fe49427e.gif%3Fversion%3D639206574880420700%26amp%3Bwidth%3D128%26amp%3Bheight%3D128%26amp%3Bauto%3Dwebp%26amp%3Bformat%3Dpjpg","https://hsfootball.net/proxy.php?url=https%3A%2F%2Fimage.maxpreps.io%2Fschool-mascot%2F6%2F5%2Fa%2F65ac3297-62e4-4071-8966-3100e61a4ad7.gif%3Fversion%3D635503498200000000%26amp%3Bwidth%3D128%26amp%3Bheight%3D128%26amp%3Bauto%3Dwebp%26amp%3Bformat%3Dpjpg","girl"
67,"Hillcrest vs Central",Girls Volleyball,"Alabama",9/24/2026,5:00pm,"The Hillcrest varsity volleyball team has an away non-conference match @  Central (Hayneville, AL) on Thursday, September 24 @ 5p.","/al/volleyball/match/central-hayneville-vs-hillcrest-evergreen/9-24-2026/?c=d590c09b-7845-43b8-8b94-291d4be8b867","https://www.maxpreps.com/al/volleyball/match/central-hayneville-vs-hillcrest-evergreen/9-24-2026/?c=d590c09b-7845-43b8-8b94-291d4be8b867","/volleyball/al/1044?9/24/2026","Hillcrest","Jaguars","https://www.maxpreps.com/al/central-hayneville/girls-volleyball/","https://www.maxpreps.com/al/hillcrest-evergreen/girls-volleyball/","https://hsfootball.net/proxy.php?url=https%3A%2F%2Fimage.maxpreps.io%2Fschool-mascot%2F6%2Fc%2F1%2F6c1e2cc1-46bd-47f3-9b88-5e50bf11e9c7.gif%3Fversion%3D638609477928656900%26amp%3Bwidth%3D128%26amp%3Bheight%3D128%26amp%3Bauto%3Dwebp%26amp%3Bformat%3Dpjpg","https://hsfootball.net/proxy.php?url=https%3A%2F%2Fimage.maxpreps.io%2Fschool-mascot%2F3%2F2%2Ff%2F32f4cc45-d55d-41df-beaa-5999bb7aab65.gif%3Fversion%3D638215524000000000%26amp%3Bwidth%3D128%26amp%3Bheight%3D128%26amp%3Bauto%3Dwebp%26amp%3Bformat%3Dpjpg","girl"
68,"Hanceville vs Huntsville Christian Academy",Girls Volleyball,"Alabama",9/24/2026,5:00pm,"The Hanceville varsity volleyball team has an away non-conference match @  Huntsville Christian Academy (Huntsville, AL) on Thursday, September 24 @ 5p.","/al/volleyball/match/hanceville-vs-huntsville-christian-academy/9-24-2026/?c=76082530-82a8-4573-bb9a-ca4c08f49767","https://www.maxpreps.com/al/volleyball/match/hanceville-vs-huntsville-christian-academy/9-24-2026/?c=76082530-82a8-4573-bb9a-ca4c08f49767","/volleyball/al/109f?9/24/2026","Hanceville","Bulldogs","https://www.maxpreps.com/al/hanceville/girls-volleyball/","https://www.maxpreps.com/al/huntsville-christian-academy/girls-volleyball/","https://hsfootball.net/proxy.php?url=https%3A%2F%2Fimage.maxpreps.io%2Fschool-mascot%2F3%2Fc%2Fc%2F3cc553bc-6d69-4364-8f4f-10d9d4246ae9.gif%3Fversion%3D639210892101351620%26amp%3Bwidth%3D128%26amp%3Bheight%3D128%26amp%3Bauto%3Dwebp%26amp%3Bformat%3Dpjpg","https://hsfootball.net/proxy.php?url=https%3A%2F%2Fimage.maxpreps.io%2Fschool-mascot%2F3%2Fc%2Fc%2F3cc553bc-6d69-4364-8f4f-10d9d4246ae9.gif%3Fversion%3D639210892101351620%26amp%3Bwidth%3D32%26amp%3Bheight%3D32%26amp%3Bauto%3Dwebp%26amp%3Bformat%3Dpjpg","girl"
69,"Pleasant Valley vs Wellborn",Girls Volleyball,"Alabama",9/24/2026,5:00pm,"The Pleasant Valley varsity volleyball team has an away conference match @  Wellborn (Anniston, AL) on Thursday, September 24 @ 5p.","/al/volleyball/match/pleasant-valley-jacksonville-vs-wellborn-anniston/9-24-2026/?c=308151dc-c881-46b5-88df-54b11b933993","https://www.maxpreps.com/al/volleyball/match/pleasant-valley-jacksonville-vs-wellborn-anniston/9-24-2026/?c=308151dc-c881-46b5-88df-54b11b933993","/volleyball/al/1383?9/24/2026","Pleasant Valley","Raiders","https://www.maxpreps.com/al/pleasant-valley-jacksonville/girls-volleyball/","https://www.maxpreps.com/al/wellborn-anniston/girls-volleyball/","https://hsfootball.net/proxy.php?url=https%3A%2F%2Fimage.maxpreps.io%2Fschool-mascot%2F1%2Fd%2Fb%2F1db53c2b-dbec-4915-98c9-a24b5af6b636.gif%3Fversion%3D638253636000000000%26amp%3Bwidth%3D128%26amp%3Bheight%3D128%26amp%3Bauto%3Dwebp%26amp%3Bformat%3Dpjpg","https://hsfootball.net/proxy.php?url=https%3A%2F%2Fimage.maxpreps.io%2Fschool-mascot%2F6%2F9%2F6%2F69687ec7-080b-4d76-81d4-561bef384ee1.gif%3Fversion%3D638253702600000000%26amp%3Bwidth%3D128%26amp%3Bheight%3D128%26amp%3Bauto%3Dwebp%26amp%3Bformat%3Dpjpg","girl"
70,"Sardis vs Cherokee County",Girls Volleyball,"Alabama",9/24/2026,5:00pm,"The Sardis varsity volleyball team has an away conference match @  Cherokee County (Centre, AL) on Thursday, September 24 @ 5p.","/al/volleyball/match/cherokee-county-centre-vs-sardis-boaz/9-24-2026/?c=2fd08e39-4289-414f-83c9-a68ac7b2628a","https://www.maxpreps.com/al/volleyball/match/cherokee-county-centre-vs-sardis-boaz/9-24-2026/?c=2fd08e39-4289-414f-83c9-a68ac7b2628a","/volleyball/al/e65?9/24/2026","Sardis","Lions","https://www.maxpreps.com/al/cherokee-county-centre/girls-volleyball/","https://www.maxpreps.com/al/sardis-boaz/girls-volleyball/","https://hsfootball.net/proxy.php?url=https%3A%2F%2Fimage.maxpreps.io%2Fschool-mascot%2F2%2F6%2F2%2F2620c6ef-580d-4847-8c7b-9f55cf4d3ee9.gif%3Fversion%3D638253672000000000%26amp%3Bwidth%3D128%26amp%3Bheight%3D128%26amp%3Bauto%3Dwebp%26amp%3Bformat%3Dpjpg","https://hsfootball.net/proxy.php?url=https%3A%2F%2Fimage.maxpreps.io%2Fschool-mascot%2F5%2Fc%2F5%2F5c53f8e3-d4c9-400a-a6df-7e87cab2e132.gif%3Fversion%3D638215525800000000%26amp%3Bwidth%3D128%26amp%3Bheight%3D128%26amp%3Bauto%3Dwebp%26amp%3Bformat%3Dpjpg","girl"
71,"Marengo vs Keith",Girls Volleyball,"Alabama",9/24/2026,5:00pm,"The Marengo varsity volleyball team has an away conference match @  Keith (Orrville, AL) on Thursday, September 24 @ 5p.","/al/volleyball/match/keith-orrville-vs-marengo-dixons-mills/9-24-2026/?c=df8ddf00-0240-4b16-9e53-417013bdb01a","https://www.maxpreps.com/al/volleyball/match/keith-orrville-vs-marengo-dixons-mills/9-24-2026/?c=df8ddf00-0240-4b16-9e53-417013bdb01a","/volleyball/al/eed?9/24/2026","Marengo","Panthers","https://www.maxpreps.com/al/keith-orrville/girls-volleyball/","https://www.maxpreps.com/al/marengo-dixons-mills/girls-volleyball/","https://hsfootball.net/proxy.php?url=https%3A%2F%2Fimage.maxpreps.io%2Fschool-mascot%2F7%2Ff%2F7%2F7f767470-ac92-4de5-8f9b-5c9fec488293.gif%3Fversion%3D638241471600000000%26amp%3Bwidth%3D128%26amp%3Bheight%3D128%26amp%3Bauto%3Dwebp%26amp%3Bformat%3Dpjpg","https://hsfootball.net/proxy.php?url=https%3A%2F%2Fimage.maxpreps.io%2Fschool-mascot%2F2%2F1%2Fa%2F21af4d8c-93e5-4b41-a146-8aece51b0b08.gif%3Fversion%3D638235461400000000%26amp%3Bwidth%3D128%26amp%3Bheight%3D128%26amp%3Bauto%3Dwebp%26amp%3Bformat%3Dpjpg","girl"
72,"University Charter vs Washington County",Girls Volleyball,"Alabama",9/24/2026,5:00pm,"The University Charter varsity volleyball team has an away non-conference match @  Washington County (Chatom, AL) on Thursday, September 24 @ 5p.","/al/volleyball/match/university-charter-livingston-vs-washington-county-chatom/9-24-2026/?c=9e42bce8-000f-48cb-b016-e9d3256b05a4","https://www.maxpreps.com/al/volleyball/match/university-charter-livingston-vs-washington-county-chatom/9-24-2026/?c=9e42bce8-000f-48cb-b016-e9d3256b05a4","/volleyball/al/16ef?9/24/2026","University Charter","Trail Blazers","https://www.maxpreps.com/al/university-charter-livingston/girls-volleyball/","https://www.maxpreps.com/al/washington-county-chatom/girls-volleyball/","https://hsfootball.net/proxy.php?url=https%3A%2F%2Fimage.maxpreps.io%2Fschool-mascot%2F1%2F4%2Fc%2F14ceda59-0338-42ad-a9fb-778fcda28f41.gif%3Fversion%3D638253697800000000%26amp%3Bwidth%3D128%26amp%3Bheight%3D128%26amp%3Bauto%3Dwebp%26amp%3Bformat%3Dpjpg","https://hsfootball.net/proxy.php?url=https%3A%2F%2Fimage.maxpreps.io%2Fschool-mascot%2F5%2F0%2Ff%2F50f31abb-64a4-401f-849c-d85b1e468a99.gif%3Fversion%3D638253702000000000%26amp%3Bwidth%3D128%26amp%3Bheight%3D128%26amp%3Bauto%3Dwebp%26amp%3Bformat%3Dpjpg","girl"
73,"Huffman vs Pinson Valley",Girls Volleyball,"Alabama",9/24/2026,5:00pm,"The Huffman varsity volleyball team has an away non-conference match @  Pinson Valley (Pinson, AL) on Thursday, September 24 @ 5p.","/al/volleyball/match/huffman-birmingham-vs-pinson-valley/9-24-2026/?c=31ed1139-c438-4d6a-8bad-6cf12485536a","https://www.maxpreps.com/al/volleyball/match/huffman-birmingham-vs-pinson-valley/9-24-2026/?c=31ed1139-c438-4d6a-8bad-6cf12485536a","/volleyball/al/dc4?9/24/2026","Huffman","Vikings","https://www.maxpreps.com/al/huffman-birmingham/girls-volleyball/","https://www.maxpreps.com/al/pinson-valley/girls-volleyball/","https://hsfootball.net/proxy.php?url=https%3A%2F%2Fimage.maxpreps.io%2Fschool-mascot%2F0%2F8%2F7%2F0875f541-80e7-4a64-8c33-21ce6efc50c0.gif%3Fversion%3D638235449400000000%26amp%3Bwidth%3D128%26amp%3Bheight%3D128%26amp%3Bauto%3Dwebp%26amp%3Bformat%3Dpjpg","https://hsfootball.net/proxy.php?url=https%3A%2F%2Fimage.maxpreps.io%2Fschool-mascot%2Fd%2F3%2F2%2Fd32afd08-4219-451d-9c38-c22167914da6.gif%3Fversion%3D638253633600000000%26amp%3Bwidth%3D128%26amp%3Bheight%3D128%26amp%3Bauto%3Dwebp%26amp%3Bformat%3Dpjpg","girl"
74,"Sand Rock vs Fyffe",Girls Volleyball,"Alabama",9/24/2026,5:00pm,"The Sand Rock varsity volleyball team has an away non-conference match @  Fyffe (AL) on Thursday, September 24 @ 5p.","/al/volleyball/match/fyffe-vs-sand-rock-leesburg/9-24-2026/?c=74181b27-14b3-4bd1-8fd8-14c28232be72","https://www.maxpreps.com/al/volleyball/match/fyffe-vs-sand-rock-leesburg/9-24-2026/?c=74181b27-14b3-4bd1-8fd8-14c28232be72","/volleyball/al/a5b?9/24/2026","Sand Rock","Wildcats","https://www.maxpreps.com/al/fyffe/girls-volleyball/","https://www.maxpreps.com/al/sand-rock-leesburg/girls-volleyball/","https://hsfootball.net/proxy.php?url=https%3A%2F%2Fimage.maxpreps.io%2Fschool-mascot%2F0%2F7%2Fc%2F07c02d4f-bfa6-4ddd-b5f3-a7938d6d2a14.gif%3Fversion%3D638253671400000000%26amp%3Bwidth%3D128%26amp%3Bheight%3D128%26amp%3Bauto%3Dwebp%26amp%3Bformat%3Dpjpg","https://hsfootball.net/proxy.php?url=https%3A%2F%2Fimage.maxpreps.io%2Fschool-mascot%2F0%2F5%2Fa%2F05a61c2b-2725-4304-a2c2-7811a2a7b608.gif%3Fversion%3D638225187600000000%26amp%3Bwidth%3D128%26amp%3Bheight%3D128%26amp%3Bauto%3Dwebp%26amp%3Bformat%3Dpjpg","girl"
75,"Cornerstone Christian vs Evangel Christian Academy",Girls Volleyball,"Alabama",9/24/2026,5:00pm,"The Cornerstone Christian varsity volleyball team has an away non-conference match @  Evangel Christian Academy (Montgomery, AL) on Thursday, September 24 @ 5p.","/al/volleyball/match/cornerstone-christian-columbiana-vs-evangel-christian-academy-montgomery/9-24-2026/?c=f4a4a178-663c-4765-8b0d-9c052c3c918e","https://www.maxpreps.com/al/volleyball/match/cornerstone-christian-columbiana-vs-evangel-christian-academy-montgomery/9-24-2026/?c=f4a4a178-663c-4765-8b0d-9c052c3c918e","/volleyball/al/1c82?9/24/2026","Cornerstone Christian","Chargers","https://www.maxpreps.com/al/cornerstone-christian-columbiana/girls-volleyball/","https://www.maxpreps.com/al/evangel-christian-academy-montgomery/girls-volleyball/","https://hsfootball.net/proxy.php?url=https%3A%2F%2Fimage.maxpreps.io%2Fschool-mascot%2Fb%2Fa%2F2%2Fba2d88d6-db93-43ac-8518-fc5bdae1f74c.gif%3Fversion%3D637032226200000000%26amp%3Bwidth%3D128%26amp%3Bheight%3D128%26amp%3Bauto%3Dwebp%26amp%3Bformat%3Dpjpg","https://hsfootball.net/proxy.php?url=https%3A%2F%2Fimage.maxpreps.io%2Fschool-mascot%2F0%2F5%2Fe%2F05e58a6e-6449-4f45-9fd3-c416066184f3.gif%3Fversion%3D637423138800000000%26amp%3Bwidth%3D128%26amp%3Bheight%3D128%26amp%3Bauto%3Dwebp%26amp%3Bformat%3Dpjpg","girl"
76,"Westminster Christian Academy vs Grissom",Girls Volleyball,"Alabama",9/24/2026,5:00pm,"The Westminster Christian Academy varsity volleyball team has an away non-conference match @  Grissom (Huntsville, AL) on Thursday, September 24 @ 5p.","/al/volleyball/match/grissom-huntsville-vs-westminster-christian-academy-huntsville/9-24-2026/?c=4f238d0c-c30e-4b32-a30b-57ec5d3d1680","https://www.maxpreps.com/al/volleyball/match/grissom-huntsville-vs-westminster-christian-academy-huntsville/9-24-2026/?c=4f238d0c-c30e-4b32-a30b-57ec5d3d1680","/volleyball/al/18f5?9/24/2026","Westminster Christian Academy","Wildcats","https://www.maxpreps.com/al/grissom-huntsville/girls-volleyball/","https://www.maxpreps.com/al/westminster-christian-academy-huntsville/girls-volleyball/","https://hsfootball.net/proxy.php?url=https%3A%2F%2Fimage.maxpreps.io%2Fschool-mascot%2F2%2F9%2F5%2F29567c24-7767-4a70-8e40-fd69421a47c7.gif%3Fversion%3D638253705000000000%26amp%3Bwidth%3D128%26amp%3Bheight%3D128%26amp%3Bauto%3Dwebp%26amp%3Bformat%3Dpjpg","https://hsfootball.net/proxy.php?url=https%3A%2F%2Fimage.maxpreps.io%2Fschool-mascot%2F0%2F1%2Fd%2F01dfb990-4897-4346-a97d-375a405c1f60.gif%3Fversion%3D638229443400000000%26amp%3Bwidth%3D128%26amp%3Bheight%3D128%26amp%3Bauto%3Dwebp%26amp%3Bformat%3Dpjpg","girl"
77,"Fayetteville vs Ranburne",Girls Volleyball,"Alabama",9/24/2026,5:15pm,"The Fayetteville varsity volleyball team has an away non-conference match @  Ranburne (AL) on Thursday, September 24 @ 5:15p.","/al/volleyball/match/fayetteville-sylacauga-vs-ranburne/9-24-2026/?c=da1bafd6-5cfe-40a8-811a-c05c7999db61","https://www.maxpreps.com/al/volleyball/match/fayetteville-sylacauga-vs-ranburne/9-24-2026/?c=da1bafd6-5cfe-40a8-811a-c05c7999db61","/volleyball/al/d95?9/24/2026","Fayetteville","Wolves","https://www.maxpreps.com/al/fayetteville-sylacauga/girls-volleyball/","https://www.maxpreps.com/al/ranburne/girls-volleyball/","https://hsfootball.net/proxy.php?url=https%3A%2F%2Fimage.maxpreps.io%2Fschool-mascot%2F4%2F3%2F6%2F436dacbd-baa3-498d-9abc-251bfccbf03a.gif%3Fversion%3D638225166000000000%26amp%3Bwidth%3D128%26amp%3Bheight%3D128%26amp%3Bauto%3Dwebp%26amp%3Bformat%3Dpjpg","https://hsfootball.net/proxy.php?url=https%3A%2F%2Fimage.maxpreps.io%2Fschool-mascot%2F4%2F9%2Fd%2F49db89d4-75fe-4782-9d24-abc6fc40d142.gif%3Fversion%3D638253665400000000%26amp%3Bwidth%3D128%26amp%3Bheight%3D128%26amp%3Bauto%3Dwebp%26amp%3Bformat%3Dpjpg","girl"
78,"Fairhope vs Bayside Academy",Girls Volleyball,"Alabama",9/24/2026,5:30pm,"The Fairhope varsity volleyball team has an away non-conference match @  Bayside Academy (Daphne, AL) on Thursday, September 24 @ 5:30p.","/al/volleyball/match/bayside-academy-daphne-vs-fairhope/9-24-2026/?c=22472ea1-5ef0-4b1f-afaf-4c39137b9157","https://www.maxpreps.com/al/volleyball/match/bayside-academy-daphne-vs-fairhope/9-24-2026/?c=22472ea1-5ef0-4b1f-afaf-4c39137b9157","/volleyball/al/d10?9/24/2026","Fairhope","Pirates","https://www.maxpreps.com/al/bayside-academy-daphne/girls-volleyball/","https://www.maxpreps.com/al/fairhope/girls-volleyball/","https://hsfootball.net/proxy.php?url=https%3A%2F%2Fimage.maxpreps.io%2Fschool-mascot%2Fc%2F0%2Ff%2Fc0f7bed9-30ba-423b-ae87-a5e914793061.gif%3Fversion%3D638225154000000000%26amp%3Bwidth%3D128%26amp%3Bheight%3D128%26amp%3Bauto%3Dwebp%26amp%3Bformat%3Dpjpg","https://hsfootball.net/proxy.php?url=https%3A%2F%2Fimage.maxpreps.io%2Fschool-mascot%2F1%2F6%2F7%2F167fed3a-8e8a-4e19-991d-06737fb1a407.gif%3Fversion%3D638213106600000000%26amp%3Bwidth%3D128%26amp%3Bheight%3D128%26amp%3Bauto%3Dwebp%26amp%3Bformat%3Dpjpg","girl"
79,"Tanner vs Ardmore",Girls Volleyball,"Alabama",9/24/2026,5:30pm,"The Tanner varsity volleyball team has an away non-conference match @  Ardmore (AL) on Thursday, September 24 @ 5:30p.","/al/volleyball/match/ardmore-vs-tanner/9-24-2026/?c=14101789-4be1-41a3-a0b2-eddee70aa6f8","https://www.maxpreps.com/al/volleyball/match/ardmore-vs-tanner/9-24-2026/?c=14101789-4be1-41a3-a0b2-eddee70aa6f8","/volleyball/al/6b5?9/24/2026","Tanner","Rattlers","https://www.maxpreps.com/al/ardmore/girls-volleyball/","https://www.maxpreps.com/al/tanner/girls-volleyball/","https://hsfootball.net/proxy.php?url=https%3A%2F%2Fimage.maxpreps.io%2Fschool-mascot%2Fd%2Fe%2F7%2Fde78d207-2be9-4cba-84d8-5931cc8e3526.gif%3Fversion%3D638253694200000000%26amp%3Bwidth%3D128%26amp%3Bheight%3D128%26amp%3Bauto%3Dwebp%26amp%3Bformat%3Dpjpg","https://hsfootball.net/proxy.php?url=https%3A%2F%2Fimage.maxpreps.io%2Fschool-mascot%2F6%2Fe%2F2%2F6e2e98ea-4e79-4f9a-a06d-27edf1c89019.gif%3Fversion%3D638212996800000000%26amp%3Bwidth%3D128%26amp%3Bheight%3D128%26amp%3Bauto%3Dwebp%26amp%3Bformat%3Dpjpg","girl"
80,"Valley Head vs Crossville",Girls Volleyball,"Alabama",9/24/2026,5:30pm,"The Valley Head varsity volleyball team has an away non-conference match @  Crossville (AL) on Thursday, September 24 @ 5:30p.","/al/volleyball/match/crossville-vs-valley-head/9-24-2026/?c=60cf6591-9c66-41df-943a-b2ea969fafdd","https://www.maxpreps.com/al/volleyball/match/crossville-vs-valley-head/9-24-2026/?c=60cf6591-9c66-41df-943a-b2ea969fafdd","/volleyball/al/9d5?9/24/2026","Valley Head","Tigers","https://www.maxpreps.com/al/crossville/girls-volleyball/","https://www.maxpreps.com/al/valley-head/girls-volleyball/","https://hsfootball.net/proxy.php?url=https%3A%2F%2Fimage.maxpreps.io%2Fschool-mascot%2Fc%2Fb%2Fb%2Fcbb85c81-aa0a-462a-82f9-24f020e080e7.gif%3Fversion%3D638253698400000000%26amp%3Bwidth%3D128%26amp%3Bheight%3D128%26amp%3Bauto%3Dwebp%26amp%3Bformat%3Dpjpg","https://hsfootball.net/proxy.php?url=https%3A%2F%2Fimage.maxpreps.io%2Fschool-mascot%2Ff%2Fa%2F1%2Ffa1079bb-b055-423c-8d33-0e6550e5a963.gif%3Fversion%3D638215682400000000%26amp%3Bwidth%3D128%26amp%3Bheight%3D128%26amp%3Bauto%3Dwebp%26amp%3Bformat%3Dpjpg","girl"
81,"Brookwood vs McAdory",Girls Volleyball,"Alabama",9/24/2026,5:30pm,"The Brookwood varsity volleyball team has an away non-conference match @  McAdory (McCalla, AL) on Thursday, September 24 @ 5:30p.","/al/volleyball/match/brookwood-vs-mcadory-mccalla/9-24-2026/?c=5d6b04e4-64ef-41e4-832a-36c4381e72fa","https://www.maxpreps.com/al/volleyball/match/brookwood-vs-mcadory-mccalla/9-24-2026/?c=5d6b04e4-64ef-41e4-832a-36c4381e72fa","/volleyball/al/b02?9/24/2026","Brookwood","Panthers","https://www.maxpreps.com/al/brookwood/girls-volleyball/","https://www.maxpreps.com/al/mcadory-mccalla/girls-volleyball/","https://hsfootball.net/proxy.php?url=https%3A%2F%2Fimage.maxpreps.io%2Fschool-mascot%2F5%2F2%2F8%2F528ca421-0c85-4b13-8190-109b9bc182df.gif%3Fversion%3D638215519200000000%26amp%3Bwidth%3D128%26amp%3Bheight%3D128%26amp%3Bauto%3Dwebp%26amp%3Bformat%3Dpjpg","https://hsfootball.net/proxy.php?url=https%3A%2F%2Fimage.maxpreps.io%2Fschool-mascot%2Fa%2F3%2F4%2Fa342f736-df09-420c-992e-a12c02c5d319.gif%3Fversion%3D638241472800000000%26amp%3Bwidth%3D128%26amp%3Bheight%3D128%26amp%3Bauto%3Dwebp%26amp%3Bformat%3Dpjpg","girl"
82,"East Lawrence vs Haleyville",Girls Volleyball,"Alabama",9/24/2026,5:30pm,"The East Lawrence varsity volleyball team has an away non-conference match @  Haleyville (AL) on Thursday, September 24 @ 5:30p.","/al/volleyball/match/east-lawrence-trinity-vs-haleyville/9-24-2026/?c=801f3958-fb44-4e25-bb7b-bf83214abfcc","https://www.maxpreps.com/al/volleyball/match/east-lawrence-trinity-vs-haleyville/9-24-2026/?c=801f3958-fb44-4e25-bb7b-bf83214abfcc","/volleyball/al/ddd?9/24/2026","East Lawrence","Eagles","https://www.maxpreps.com/al/east-lawrence-trinity/girls-volleyball/","https://www.maxpreps.com/al/haleyville/girls-volleyball/","https://hsfootball.net/proxy.php?url=https%3A%2F%2Fimage.maxpreps.io%2Fschool-mascot%2Fc%2F1%2F0%2Fc108f39a-a880-4f5f-9187-eea5012328c3.gif%3Fversion%3D638216566200000000%26amp%3Bwidth%3D128%26amp%3Bheight%3D128%26amp%3Bauto%3Dwebp%26amp%3Bformat%3Dpjpg","https://hsfootball.net/proxy.php?url=https%3A%2F%2Fimage.maxpreps.io%2Fschool-mascot%2F5%2F5%2Fc%2F55c3dc97-79ef-448a-bd62-959306672c00.gif%3Fversion%3D638234678400000000%26amp%3Bwidth%3D128%26amp%3Bheight%3D128%26amp%3Bauto%3Dwebp%26amp%3Bformat%3Dpjpg","girl"
83,"Daleville vs Houston County",Girls Volleyball,"Alabama",9/24/2026,5:30pm,"The Daleville varsity volleyball team has an away non-conference match @  Houston County (Columbia, AL) on Thursday, September 24 @ 5:30p.","/al/volleyball/match/daleville-vs-houston-county-columbia/9-24-2026/?c=c280a6c0-2011-4b7c-a55e-6204d3753dcf","https://www.maxpreps.com/al/volleyball/match/daleville-vs-houston-county-columbia/9-24-2026/?c=c280a6c0-2011-4b7c-a55e-6204d3753dcf","/volleyball/al/e4d?9/24/2026","Daleville","Warhawks","https://www.maxpreps.com/al/daleville/girls-volleyball/","https://www.maxpreps.com/al/houston-county-columbia/girls-volleyball/","https://hsfootball.net/proxy.php?url=https%3A%2F%2Fimage.maxpreps.io%2Fschool-mascot%2Fa%2F4%2F4%2Fa4446684-663f-4552-8a22-ed72355188f6.gif%3Fversion%3D638216560200000000%26amp%3Bwidth%3D128%26amp%3Bheight%3D128%26amp%3Bauto%3Dwebp%26amp%3Bformat%3Dpjpg","https://hsfootball.net/proxy.php?url=https%3A%2F%2Fimage.maxpreps.io%2Fschool-mascot%2F5%2F6%2F0%2F560e65e5-58db-4186-bf9d-adebc1cdec07.gif%3Fversion%3D638234689800000000%26amp%3Bwidth%3D128%26amp%3Bheight%3D128%26amp%3Bauto%3Dwebp%26amp%3Bformat%3Dpjpg","girl"
84,"Ider vs Brindlee Mountain",Girls Volleyball,"Alabama",9/24/2026,5:30pm,"The Ider varsity volleyball team has an away non-conference match @  Brindlee Mountain (Guntersville, AL) on Thursday, September 24 @ 5:30p.","/al/volleyball/match/brindlee-mountain-guntersville-vs-ider/9-24-2026/?c=4ac697d2-7b7c-42f1-8353-4bc699f2cf16","https://www.maxpreps.com/al/volleyball/match/brindlee-mountain-guntersville-vs-ider/9-24-2026/?c=4ac697d2-7b7c-42f1-8353-4bc699f2cf16","/volleyball/al/f15?9/24/2026","Ider","Hornets","https://www.maxpreps.com/al/brindlee-mountain-guntersville/girls-volleyball/","https://www.maxpreps.com/al/ider/girls-volleyball/","https://hsfootball.net/proxy.php?url=https%3A%2F%2Fimage.maxpreps.io%2Fschool-mascot%2F8%2F6%2F3%2F863a4039-3d43-456e-aa3a-9c10a30e7f49.gif%3Fversion%3D638235451800000000%26amp%3Bwidth%3D128%26amp%3Bheight%3D128%26amp%3Bauto%3Dwebp%26amp%3Bformat%3Dpjpg","https://hsfootball.net/proxy.php?url=https%3A%2F%2Fimage.maxpreps.io%2Fschool-mascot%2Fb%2Fe%2Ff%2Fbef30f11-962c-4b20-9ea1-fc6433a54a87.gif%3Fversion%3D638215519800000000%26amp%3Bwidth%3D128%26amp%3Bheight%3D128%26amp%3Bauto%3Dwebp%26amp%3Bformat%3Dpjpg","girl"
85,"Murphy vs Blount",Girls Volleyball,"Alabama",9/24/2026,5:30pm,"The Murphy varsity volleyball team has an away conference match @  Blount (Eight Mile, AL) on Thursday, September 24 @ 5:30p.","/al/volleyball/match/blount-eight-mile-vs-murphy-mobile/9-24-2026/?c=1d484435-738c-4edd-a5a4-3d99e57b6dc7","https://www.maxpreps.com/al/volleyball/match/blount-eight-mile-vs-murphy-mobile/9-24-2026/?c=1d484435-738c-4edd-a5a4-3d99e57b6dc7","/volleyball/al/d33?9/24/2026","Murphy","Panthers","https://www.maxpreps.com/al/blount-eight-mile/girls-volleyball/","https://www.maxpreps.com/al/murphy-mobile/girls-volleyball/","https://hsfootball.net/proxy.php?url=https%3A%2F%2Fimage.maxpreps.io%2Fschool-mascot%2F2%2F2%2Fd%2F22dc531a-7395-45f9-9627-58e4d05bf5dc.gif%3Fversion%3D638241476400000000%26amp%3Bwidth%3D128%26amp%3Bheight%3D128%26amp%3Bauto%3Dwebp%26amp%3Bformat%3Dpjpg","https://hsfootball.net/proxy.php?url=https%3A%2F%2Fimage.maxpreps.io%2Fschool-mascot%2F1%2F5%2F3%2F153d3df9-0a15-4fdd-8888-9b3f227399ea.gif%3Fversion%3D638213110200000000%26amp%3Bwidth%3D128%26amp%3Bheight%3D128%26amp%3Bauto%3Dwebp%26amp%3Bformat%3Dpjpg","girl"
86,"Central of Coosa County vs Dadeville",Girls Volleyball,"Alabama",9/24/2026,5:30pm,"The Central of Coosa County varsity volleyball team has an away non-conference match @  Dadeville (AL) on Thursday, September 24 @ 5:30p.","/al/volleyball/match/central-of-coosa-county-rockford-vs-dadeville/9-24-2026/?c=dc313946-3b96-4468-8d33-1a56d031dc93","https://www.maxpreps.com/al/volleyball/match/central-of-coosa-county-rockford-vs-dadeville/9-24-2026/?c=dc313946-3b96-4468-8d33-1a56d031dc93","/volleyball/al/1170?9/24/2026","Central of Coosa County","Cougars","https://www.maxpreps.com/al/central-of-coosa-county-rockford/girls-volleyball/","https://www.maxpreps.com/al/dadeville/girls-volleyball/","https://hsfootball.net/proxy.php?url=https%3A%2F%2Fimage.maxpreps.io%2Fschool-mascot%2Ff%2Ff%2F6%2Fff68c6bb-3930-40d8-8442-58d925157cea.gif%3Fversion%3D638215522800000000%26amp%3Bwidth%3D128%26amp%3Bheight%3D128%26amp%3Bauto%3Dwebp%26amp%3Bformat%3Dpjpg","https://hsfootball.net/proxy.php?url=https%3A%2F%2Fimage.maxpreps.io%2Fschool-mascot%2Ff%2Fa%2F6%2Ffa60c4d6-57bc-4052-9f7a-610d955e8c8a.gif%3Fversion%3D638216559600000000%26amp%3Bwidth%3D128%26amp%3Bheight%3D128%26amp%3Bauto%3Dwebp%26amp%3Bformat%3Dpjpg","girl"
87,"Pike County vs LAMP",Girls Volleyball,"Alabama",9/24/2026,5:30pm,"The Pike County varsity volleyball team has an away conference match @  LAMP (Montgomery, AL) on Thursday, September 24 @ 5:30p.","/al/volleyball/match/lamp-montgomery-vs-pike-county-brundidge/9-24-2026/?c=a90b6740-2045-4a7e-bb4b-aa67642aa605","https://www.maxpreps.com/al/volleyball/match/lamp-montgomery-vs-pike-county-brundidge/9-24-2026/?c=a90b6740-2045-4a7e-bb4b-aa67642aa605","/volleyball/al/fc4?9/24/2026","Pike County","Bulldogs","https://www.maxpreps.com/al/lamp-montgomery/girls-volleyball/","https://www.maxpreps.com/al/pike-county-brundidge/girls-volleyball/","https://hsfootball.net/proxy.php?url=https%3A%2F%2Fimage.maxpreps.io%2Fschool-mascot%2F7%2F2%2Fd%2F72d03be2-b33d-4408-9dda-ebee32685d7f.gif%3Fversion%3D638253632400000000%26amp%3Bwidth%3D128%26amp%3Bheight%3D128%26amp%3Bauto%3Dwebp%26amp%3Bformat%3Dpjpg","https://hsfootball.net/proxy.php?url=https%3A%2F%2Fimage.maxpreps.io%2Fschool-mascot%2Fc%2F4%2F8%2Fc4876dc9-c0b7-464b-81f6-7946e4f02271.gif%3Fversion%3D638241477600000000%26amp%3Bwidth%3D128%26amp%3Bheight%3D128%26amp%3Bauto%3Dwebp%26amp%3Bformat%3Dpjpg","girl"
88,"Chickasaw vs Rain",Girls Volleyball,"Alabama",9/24/2026,5:30pm,"The Chickasaw varsity volleyball team has an away non-conference match @  Rain (Mobile, AL) on Thursday, September 24 @ 5:30p.","/al/volleyball/match/chickasaw-vs-rain-mobile/9-24-2026/?c=5d97c23e-7c71-495e-a60f-151ee8fbd880","https://www.maxpreps.com/al/volleyball/match/chickasaw-vs-rain-mobile/9-24-2026/?c=5d97c23e-7c71-495e-a60f-151ee8fbd880","/volleyball/al/940?9/24/2026","Chickasaw","Chieftains","https://www.maxpreps.com/al/chickasaw/girls-volleyball/","https://www.maxpreps.com/al/rain-mobile/girls-volleyball/","https://hsfootball.net/proxy.php?url=https%3A%2F%2Fimage.maxpreps.io%2Fschool-mascot%2F6%2Fe%2Fc%2F6ece6dee-eff5-4368-bc25-b6500d41c0ee.gif%3Fversion%3D638215526400000000%26amp%3Bwidth%3D128%26amp%3Bheight%3D128%26amp%3Bauto%3Dwebp%26amp%3Bformat%3Dpjpg","https://hsfootball.net/proxy.php?url=https%3A%2F%2Fimage.maxpreps.io%2Fschool-mascot%2Fe%2Fd%2F3%2Fed36ff59-30a5-4518-b4e0-fa42e7e11d36.gif%3Fversion%3D638868689742819610%26amp%3Bwidth%3D128%26amp%3Bheight%3D128%26amp%3Bauto%3Dwebp%26amp%3Bformat%3Dpjpg","girl"
89,"Randolph School vs Madison County",Girls Volleyball,"Alabama",9/24/2026,5:30pm,"The Randolph School varsity volleyball team has an away non-conference match @  Madison County (Gurley, AL) on Thursday, September 24 @ 5:30p.","/al/volleyball/match/madison-county-gurley-vs-randolph-school-huntsville/9-24-2026/?c=e2c2031c-399b-4580-bc10-5b4d669bb9be","https://www.maxpreps.com/al/volleyball/match/madison-county-gurley-vs-randolph-school-huntsville/9-24-2026/?c=e2c2031c-399b-4580-bc10-5b4d669bb9be","/volleyball/al/144a?9/24/2026","Randolph School","Raiders","https://www.maxpreps.com/al/madison-county-gurley/girls-volleyball/","https://www.maxpreps.com/al/randolph-school-huntsville/girls-volleyball/","https://hsfootball.net/proxy.php?url=https%3A%2F%2Fimage.maxpreps.io%2Fschool-mascot%2F3%2F3%2F4%2F3347cec5-62ce-4257-891e-9cc5b701480d.gif%3Fversion%3D638253665400000000%26amp%3Bwidth%3D128%26amp%3Bheight%3D128%26amp%3Bauto%3Dwebp%26amp%3Bformat%3Dpjpg","https://hsfootball.net/proxy.php?url=https%3A%2F%2Fimage.maxpreps.io%2Fschool-mascot%2F0%2Fa%2Fc%2F0ac2ad52-b78f-4bac-94af-fc55c60b10d4.gif%3Fversion%3D638241489600000000%26amp%3Bwidth%3D128%26amp%3Bheight%3D128%26amp%3Bauto%3Dwebp%26amp%3Bformat%3Dpjpg","girl"
90,"Conecuh Springs Christian vs Ezekiel Academy",Girls Volleyball,"Alabama",9/24/2026,5:30pm,"The Conecuh Springs Christian varsity volleyball team has an away non-conference match @  Ezekiel Academy (Montgomery, AL) on Thursday, September 24 @ 5:30p.","/al/volleyball/match/conecuh-springs-christian-union-springs-vs-ezekiel-academy-montgomery/9-24-2026/?c=f53c069b-caaf-43b6-a5de-2d5023452e0d","https://www.maxpreps.com/al/volleyball/match/conecuh-springs-christian-union-springs-vs-ezekiel-academy-montgomery/9-24-2026/?c=f53c069b-caaf-43b6-a5de-2d5023452e0d","/volleyball/al/1b3e?9/24/2026","Conecuh Springs Christian","Eagles","https://www.maxpreps.com/al/conecuh-springs-christian-union-springs/girls-volleyball/","https://www.maxpreps.com/al/ezekiel-academy-montgomery/girls-volleyball/","https://hsfootball.net/proxy.php?url=https%3A%2F%2Fimage.maxpreps.io%2Fschool-mascot%2Fd%2Fe%2F7%2Fde78ae08-cac6-4cb0-8132-a09925dc3b1c.gif%3Fversion%3D636541305000000000%26amp%3Bwidth%3D128%26amp%3Bheight%3D128%26amp%3Bauto%3Dwebp%26amp%3Bformat%3Dpjpg","https://hsfootball.net/proxy.php?url=https%3A%2F%2Fimage.maxpreps.io%2Fschool-mascot%2Fb%2F8%2F4%2Fb841ac3d-2509-4f5f-940e-c2f8df2b2f4e.gif%3Fversion%3D635098346400000000%26amp%3Bwidth%3D128%26amp%3Bheight%3D128%26amp%3Bauto%3Dwebp%26amp%3Bformat%3Dpjpg","girl"
91,"Curry vs Oakman",Girls Volleyball,"Alabama",9/24/2026,5:30pm,"The Curry varsity volleyball team has an away non-conference match @  Oakman (AL) on Thursday, September 24 @ 5:30p.","/al/volleyball/match/curry-jasper-vs-oakman/9-24-2026/?c=d331f4ae-2b22-436b-9733-c01c8c53f910","https://www.maxpreps.com/al/volleyball/match/curry-jasper-vs-oakman/9-24-2026/?c=d331f4ae-2b22-436b-9733-c01c8c53f910","/volleyball/al/8a1?9/24/2026","Curry","Yellowjackets","https://www.maxpreps.com/al/curry-jasper/girls-volleyball/","https://www.maxpreps.com/al/oakman/girls-volleyball/","https://hsfootball.net/proxy.php?url=https%3A%2F%2Fimage.maxpreps.io%2Fschool-mascot%2F8%2F3%2F7%2F837701cf-adba-4837-99bf-aa412529738c.gif%3Fversion%3D639207434504595950%26amp%3Bwidth%3D128%26amp%3Bheight%3D128%26amp%3Bauto%3Dwebp%26amp%3Bformat%3Dpjpg","https://hsfootball.net/proxy.php?url=https%3A%2F%2Fimage.maxpreps.io%2Fschool-mascot%2Fb%2F6%2F6%2Fb6653353-9714-4ee1-8b40-ff1924cb8557.gif%3Fversion%3D638253624000000000%26amp%3Bwidth%3D128%26amp%3Bheight%3D128%26amp%3Bauto%3Dwebp%26amp%3Bformat%3Dpjpg","girl"
92,"Prattville Christian Academy vs Stanhope Elmore",Girls Volleyball,"Alabama",9/24/2026,5:30pm,"The Prattville Christian Academy varsity volleyball team has an away non-conference match @  Stanhope Elmore (Millbrook, AL) on Thursday, September 24 @ 5:30p.","/al/volleyball/match/prattville-christian-academy-vs-stanhope-elmore-millbrook/9-24-2026/?c=5290b97c-49ca-4ac2-98f6-a9dbaa61e5f5","https://www.maxpreps.com/al/volleyball/match/prattville-christian-academy-vs-stanhope-elmore-millbrook/9-24-2026/?c=5290b97c-49ca-4ac2-98f6-a9dbaa61e5f5","/volleyball/al/1688?9/24/2026","Prattville Christian Academy","Panthers","https://www.maxpreps.com/al/prattville-christian-academy/girls-volleyball/","https://www.maxpreps.com/al/stanhope-elmore-millbrook/girls-volleyball/","https://hsfootball.net/proxy.php?url=https%3A%2F%2Fimage.maxpreps.io%2Fschool-mascot%2F4%2F2%2Fa%2F42a39509-8395-41fd-a5dd-e7ab06a6a02d.gif%3Fversion%3D638253637200000000%26amp%3Bwidth%3D128%26amp%3Bheight%3D128%26amp%3Bauto%3Dwebp%26amp%3Bformat%3Dpjpg","https://hsfootball.net/proxy.php?url=https%3A%2F%2Fimage.maxpreps.io%2Fschool-mascot%2F0%2Ff%2F8%2F0f83c812-267f-496c-a0fc-70dfc7d9e248.gif%3Fversion%3D638249398800000000%26amp%3Bwidth%3D128%26amp%3Bheight%3D128%26amp%3Bauto%3Dwebp%26amp%3Bformat%3Dpjpg","girl"
93,"Oak Grove vs Northside",Girls Volleyball,"Alabama",9/24/2026,5:30pm,"The Oak Grove varsity volleyball team has an away conference match @  Northside (Northport, AL) on Thursday, September 24 @ 5:30p.","/al/volleyball/match/northside-northport-vs-oak-grove-bessemer/9-24-2026/?c=6732a94f-0668-4346-8291-804ddb50ca79","https://www.maxpreps.com/al/volleyball/match/northside-northport-vs-oak-grove-bessemer/9-24-2026/?c=6732a94f-0668-4346-8291-804ddb50ca79","/volleyball/al/103e?9/24/2026","Oak Grove","Tigers","https://www.maxpreps.com/al/northside-northport/girls-volleyball/","https://www.maxpreps.com/al/oak-grove-bessemer/girls-volleyball/","https://hsfootball.net/proxy.php?url=https%3A%2F%2Fimage.maxpreps.io%2Fschool-mascot%2F9%2Fe%2Fa%2F9ea32af2-2d94-4a38-8082-b09527096a4d.gif%3Fversion%3D638253623400000000%26amp%3Bwidth%3D128%26amp%3Bheight%3D128%26amp%3Bauto%3Dwebp%26amp%3Bformat%3Dpjpg","https://hsfootball.net/proxy.php?url=https%3A%2F%2Fimage.maxpreps.io%2Fschool-mascot%2F8%2Fe%2F2%2F8e2cbc08-66b6-45a2-bfe6-0775cf848fad.gif%3Fversion%3D638253622200000000%26amp%3Bwidth%3D128%26amp%3Bheight%3D128%26amp%3Bauto%3Dwebp%26amp%3Bformat%3Dpjpg","girl"
94,"Winston County vs Carbon Hill",Girls Volleyball,"Alabama",9/24/2026,5:30pm,"The Winston County varsity volleyball team has an away non-conference match @  Carbon Hill (AL) on Thursday, September 24 @ 5:30p.","/al/volleyball/match/carbon-hill-vs-winston-county-double-springs/9-24-2026/?c=5535f8d9-0fcf-447a-88b6-7582112600b1","https://www.maxpreps.com/al/volleyball/match/carbon-hill-vs-winston-county-double-springs/9-24-2026/?c=5535f8d9-0fcf-447a-88b6-7582112600b1","/volleyball/al/114a?9/24/2026","Winston County","Yellowjackets","https://www.maxpreps.com/al/carbon-hill/girls-volleyball/","https://www.maxpreps.com/al/winston-county-double-springs/girls-volleyball/","https://hsfootball.net/proxy.php?url=https%3A%2F%2Fimage.maxpreps.io%2Fschool-mascot%2Ff%2Fb%2Fb%2Ffbba0996-096d-4dc5-8dc9-54650afac019.gif%3Fversion%3D638253707400000000%26amp%3Bwidth%3D128%26amp%3Bheight%3D128%26amp%3Bauto%3Dwebp%26amp%3Bformat%3Dpjpg","https://hsfootball.net/proxy.php?url=https%3A%2F%2Fimage.maxpreps.io%2Fschool-mascot%2F9%2F4%2F9%2F9499f96c-ce17-4e48-b557-0ceef88d8ef8.gif%3Fversion%3D638215521600000000%26amp%3Bwidth%3D128%26amp%3Bheight%3D128%26amp%3Bauto%3Dwebp%26amp%3Bformat%3Dpjpg","girl"
95,"Lanett vs Horseshoe Bend",Girls Volleyball,"Alabama",9/24/2026,5:30pm,"The Lanett varsity volleyball team has an away non-conference match @  Horseshoe Bend (New Site, AL) on Thursday, September 24 @ 5:30p.","/al/volleyball/match/horseshoe-bend-new-site-vs-lanett/9-24-2026/?c=e58c9667-2f90-48a3-959e-36b2cd60e74f","https://www.maxpreps.com/al/volleyball/match/horseshoe-bend-new-site-vs-lanett/9-24-2026/?c=e58c9667-2f90-48a3-959e-36b2cd60e74f","/volleyball/al/cba?9/24/2026","Lanett","Panthers","https://www.maxpreps.com/al/horseshoe-bend-new-site/girls-volleyball/","https://www.maxpreps.com/al/lanett/girls-volleyball/","https://hsfootball.net/proxy.php?url=https%3A%2F%2Fimage.maxpreps.io%2Fschool-mascot%2Fc%2F8%2Fd%2Fc8d611a5-44f4-4b78-a4b6-b517e8159e00.gif%3Fversion%3D638241477600000000%26amp%3Bwidth%3D128%26amp%3Bheight%3D128%26amp%3Bauto%3Dwebp%26amp%3Bformat%3Dpjpg","https://hsfootball.net/proxy.php?url=https%3A%2F%2Fimage.maxpreps.io%2Fschool-mascot%2F7%2F8%2F6%2F786636ca-3e7f-48a6-b8c1-31b916fc2e06.gif%3Fversion%3D638234689800000000%26amp%3Bwidth%3D128%26amp%3Bheight%3D128%26amp%3Bauto%3Dwebp%26amp%3Bformat%3Dpjpg","girl"
96,"Booker T. Washington Magnet vs Brewbaker Tech",Girls Volleyball,"Alabama",9/24/2026,5:30pm,"The Booker T. Washington Magnet varsity volleyball team has an away non-conference match @  Brewbaker Tech (Montgomery, AL) on Thursday, September 24 @ 5:30p.","/al/volleyball/match/booker-t-washington-magnet-montgomery-vs-brewbaker-tech-montgomery/9-24-2026/?c=7507f4ad-73ce-40a1-a822-2a06656e3718","https://www.maxpreps.com/al/volleyball/match/booker-t-washington-magnet-montgomery-vs-brewbaker-tech-montgomery/9-24-2026/?c=7507f4ad-73ce-40a1-a822-2a06656e3718","/volleyball/al/1a00?9/24/2026","Booker T. Washington Magnet","Yellow Jackets","https://www.maxpreps.com/al/booker-t-washington-magnet-montgomery/girls-volleyball/","https://www.maxpreps.com/al/brewbaker-tech-montgomery/girls-volleyball/","https://hsfootball.net/proxy.php?url=https%3A%2F%2Fimage.maxpreps.io%2Fschool-mascot%2Fd%2Ff%2F5%2Fdf5026a4-ed3e-4d59-8426-2ac446f1c152.gif%3Fversion%3D638213110800000000%26amp%3Bwidth%3D128%26amp%3Bheight%3D128%26amp%3Bauto%3Dwebp%26amp%3Bformat%3Dpjpg","https://hsfootball.net/proxy.php?url=https%3A%2F%2Fimage.maxpreps.io%2Fschool-mascot%2F0%2F8%2F8%2F0880a861-2e9e-4526-907a-81eb59d3b193.gif%3Fversion%3D638213112000000000%26amp%3Bwidth%3D128%26amp%3Bheight%3D128%26amp%3Bauto%3Dwebp%26amp%3Bformat%3Dpjpg","girl"
97,"Elmore County vs Beauregard",Girls Volleyball,"Alabama",9/24/2026,5:30pm,"The Elmore County varsity volleyball team has an away conference match @  Beauregard (Opelika, AL) on Thursday, September 24 @ 5:30p.","/al/volleyball/match/beauregard-opelika-vs-elmore-county-eclectic/9-24-2026/?c=dd19eef3-0247-41d1-b861-0e03c4360db9","https://www.maxpreps.com/al/volleyball/match/beauregard-opelika-vs-elmore-county-eclectic/9-24-2026/?c=dd19eef3-0247-41d1-b861-0e03c4360db9","/volleyball/al/1123?9/24/2026","Elmore County","Panthers","https://www.maxpreps.com/al/beauregard-opelika/girls-volleyball/","https://www.maxpreps.com/al/elmore-county-eclectic/girls-volleyball/","https://hsfootball.net/proxy.php?url=https%3A%2F%2Fimage.maxpreps.io%2Fschool-mascot%2Fd%2F7%2Fb%2Fd7b6c378-c66e-42b3-8c0e-6367e296fa27.gif%3Fversion%3D638217272400000000%26amp%3Bwidth%3D128%26amp%3Bheight%3D128%26amp%3Bauto%3Dwebp%26amp%3Bformat%3Dpjpg","https://hsfootball.net/proxy.php?url=https%3A%2F%2Fimage.maxpreps.io%2Fschool-mascot%2F8%2F1%2Fe%2F81e74f18-662d-4077-b3f1-1378b66597c4.gif%3Fversion%3D638213107200000000%26amp%3Bwidth%3D128%26amp%3Bheight%3D128%26amp%3Bauto%3Dwebp%26amp%3Bformat%3Dpjpg","girl"
98,"Mobile Christian vs Cottage Hill Christian Academy",Girls Volleyball,"Alabama",9/24/2026,5:30pm,"The Mobile Christian varsity volleyball team has an away conference match @  Cottage Hill Christian Academy (Mobile, AL) on Thursday, September 24 @ 5:30p.","/al/volleyball/match/cottage-hill-christian-academy-mobile-vs-mobile-christian/9-24-2026/?c=c19590ac-c4b5-40a7-8072-4fad1468d5df","https://www.maxpreps.com/al/volleyball/match/cottage-hill-christian-academy-mobile-vs-mobile-christian/9-24-2026/?c=c19590ac-c4b5-40a7-8072-4fad1468d5df","/volleyball/al/1602?9/24/2026","Mobile Christian","Leopards","https://www.maxpreps.com/al/cottage-hill-christian-academy-mobile/girls-volleyball/","https://www.maxpreps.com/al/mobile-christian/girls-volleyball/","https://hsfootball.net/proxy.php?url=https%3A%2F%2Fimage.maxpreps.io%2Fschool-mascot%2Fe%2F7%2F0%2Fe706ab66-1f89-4fa0-8865-94b15b181c0f.gif%3Fversion%3D637717078800000000%26amp%3Bwidth%3D128%26amp%3Bheight%3D128%26amp%3Bauto%3Dwebp%26amp%3Bformat%3Dpjpg","https://hsfootball.net/proxy.php?url=https%3A%2F%2Fimage.maxpreps.io%2Fschool-mascot%2F8%2Fa%2F4%2F8a4a1b4c-881e-493a-921f-ce0c4817cf4b.gif%3Fversion%3D638215681800000000%26amp%3Bwidth%3D128%26amp%3Bheight%3D128%26amp%3Bauto%3Dwebp%26amp%3Bformat%3Dpjpg","girl"
99,"Marbury vs Holtville",Girls Volleyball,"Alabama",9/24/2026,5:30pm,"The Marbury varsity volleyball team has an away non-conference match @  Holtville (Deatsville, AL) on Thursday, September 24 @ 5:30p.","/al/volleyball/match/holtville-deatsville-vs-marbury/9-24-2026/?c=d7860a40-6934-4ec2-9acf-7c9a52d0325e","https://www.maxpreps.com/al/volleyball/match/holtville-deatsville-vs-marbury/9-24-2026/?c=d7860a40-6934-4ec2-9acf-7c9a52d0325e","/volleyball/al/c72?9/24/2026","Marbury","Bulldogs","https://www.maxpreps.com/al/holtville-deatsville/girls-volleyball/","https://www.maxpreps.com/al/marbury/girls-volleyball/","https://hsfootball.net/proxy.php?url=https%3A%2F%2Fimage.maxpreps.io%2Fschool-mascot%2Ff%2F5%2F0%2Ff501c1cf-f1b2-44cd-9778-bfb0e675c1af.gif%3Fversion%3D638241490800000000%26amp%3Bwidth%3D128%26amp%3Bheight%3D128%26amp%3Bauto%3Dwebp%26amp%3Bformat%3Dpjpg","https://hsfootball.net/proxy.php?url=https%3A%2F%2Fimage.maxpreps.io%2Fschool-mascot%2F9%2Fb%2F3%2F9b306a48-3cbf-4537-b535-a4b6184300ff.gif%3Fversion%3D638234688600000000%26amp%3Bwidth%3D128%26amp%3Bheight%3D128%26amp%3Bauto%3Dwebp%26amp%3Bformat%3Dpjpg","girl"
100,"Rehobeth vs Percy Julian",Girls Volleyball,"Alabama",9/24/2026,5:30pm,"The Rehobeth varsity volleyball team has an away non-conference match @  Percy Julian (Montgomery, AL) on Thursday, September 24 @ 5:30p.","/al/volleyball/match/percy-julian-montgomery-vs-rehobeth-dothan/9-24-2026/?c=63773d6a-5c7f-4d20-9837-f029a0ca087e","https://www.maxpreps.com/al/volleyball/match/percy-julian-montgomery-vs-rehobeth-dothan/9-24-2026/?c=63773d6a-5c7f-4d20-9837-f029a0ca087e","/volleyball/al/1090?9/24/2026","Rehobeth","Rebels","https://www.maxpreps.com/al/percy-julian-montgomery/girls-volleyball/","https://www.maxpreps.com/al/rehobeth-dothan/girls-volleyball/","https://hsfootball.net/proxy.php?url=https%3A%2F%2Fimage.maxpreps.io%2Fschool-mascot%2F1%2Fe%2F2%2F1e2bf969-102b-4017-bb55-492e403a186c.gif%3Fversion%3D638253666600000000%26amp%3Bwidth%3D128%26amp%3Bheight%3D128%26amp%3Bauto%3Dwebp%26amp%3Bformat%3Dpjpg","https://hsfootball.net/proxy.php?url=https%3A%2F%2Fimage.maxpreps.io%2Fschool-mascot%2F3%2Fc%2F7%2F3c7dd727-b3ec-4595-9d6a-d4485f50c951.gif%3Fversion%3D638309854800000000%26amp%3Bwidth%3D128%26amp%3Bheight%3D128%26amp%3Bauto%3Dwebp%26amp%3Bformat%3Dpjpg","girl"
101,"Tharptown vs Colbert County",Girls Volleyball,"Alabama",9/24/2026,5:30pm,"The Tharptown varsity volleyball team has an away non-conference match @  Colbert County (Leighton, AL) on Thursday, September 24 @ 5:30p.","/al/volleyball/match/colbert-county-leighton-vs-tharptown-russellville/9-24-2026/?c=48b38ed4-0e6f-4ef1-984b-30586e5dc2d3","https://www.maxpreps.com/al/volleyball/match/colbert-county-leighton-vs-tharptown-russellville/9-24-2026/?c=48b38ed4-0e6f-4ef1-984b-30586e5dc2d3","/volleyball/al/13be?9/24/2026","Tharptown","Wildcats","https://www.maxpreps.com/al/colbert-county-leighton/girls-volleyball/","https://www.maxpreps.com/al/tharptown-russellville/girls-volleyball/","https://hsfootball.net/proxy.php?url=https%3A%2F%2Fimage.maxpreps.io%2Fschool-mascot%2Fb%2Fe%2F5%2Fbe588618-bc07-4f11-8104-a209ae08c844.gif%3Fversion%3D638253695400000000%26amp%3Bwidth%3D128%26amp%3Bheight%3D128%26amp%3Bauto%3Dwebp%26amp%3Bformat%3Dpjpg","https://hsfootball.net/proxy.php?url=https%3A%2F%2Fimage.maxpreps.io%2Fschool-mascot%2Fb%2Fa%2F8%2Fba86422d-d291-4b48-801e-4de51b63c724.gif%3Fversion%3D638215676400000000%26amp%3Bwidth%3D128%26amp%3Bheight%3D128%26amp%3Bauto%3Dwebp%26amp%3Bformat%3Dpjpg","girl"
102,"Phillips vs Meek",Girls Volleyball,"Alabama",9/24/2026,5:30pm,"The Phillips varsity volleyball team has an away conference match @  Meek (Arley, AL) on Thursday, September 24 @ 5:30p.","/al/volleyball/match/meek-arley-vs-phillips-bear-creek/9-24-2026/?c=69acfcf0-fb85-41f6-af8e-608e79365d2f","https://www.maxpreps.com/al/volleyball/match/meek-arley-vs-phillips-bear-creek/9-24-2026/?c=69acfcf0-fb85-41f6-af8e-608e79365d2f","/volleyball/al/c92?9/24/2026","Phillips","Bears","https://www.maxpreps.com/al/meek-arley/girls-volleyball/","https://www.maxpreps.com/al/phillips-bear-creek/girls-volleyball/","https://hsfootball.net/proxy.php?url=https%3A%2F%2Fimage.maxpreps.io%2Fschool-mascot%2Fe%2F0%2Fc%2Fe0ca2c2e-c0fb-46fe-b982-21f09a29cdb7.gif%3Fversion%3D638253630600000000%26amp%3Bwidth%3D128%26amp%3Bheight%3D128%26amp%3Bauto%3Dwebp%26amp%3Bformat%3Dpjpg","https://hsfootball.net/proxy.php?url=https%3A%2F%2Fimage.maxpreps.io%2Fschool-mascot%2F1%2F2%2F9%2F1297e729-3f78-4aea-89e7-f4b27356b56c.gif%3Fversion%3D638241473400000000%26amp%3Bwidth%3D128%26amp%3Bheight%3D128%26amp%3Bauto%3Dwebp%26amp%3Bformat%3Dpjpg","girl"
103,"Citronelle vs Vigor",Girls Volleyball,"Alabama",9/24/2026,5:30pm,"The Citronelle varsity volleyball team has an away conference match @  Vigor (Prichard, AL) on Thursday, September 24 @ 5:30p.","/al/volleyball/match/citronelle-vs-vigor-prichard/9-24-2026/?c=d558f795-b623-4a9d-bee5-d74ed8ce166a","https://www.maxpreps.com/al/volleyball/match/citronelle-vs-vigor-prichard/9-24-2026/?c=d558f795-b623-4a9d-bee5-d74ed8ce166a","/volleyball/al/b15?9/24/2026","Citronelle","Wildcats","https://www.maxpreps.com/al/citronelle/girls-volleyball/","https://www.maxpreps.com/al/vigor-prichard/girls-volleyball/","https://hsfootball.net/proxy.php?url=https%3A%2F%2Fimage.maxpreps.io%2Fschool-mascot%2Fe%2F0%2Fb%2Fe0b89c15-2e71-478d-9b90-3bc9a8e80ae1.gif%3Fversion%3D638215672800000000%26amp%3Bwidth%3D128%26amp%3Bheight%3D128%26amp%3Bauto%3Dwebp%26amp%3Bformat%3Dpjpg","https://hsfootball.net/proxy.php?url=https%3A%2F%2Fimage.maxpreps.io%2Fschool-mascot%2Fc%2F9%2F0%2Fc90d1bb3-a227-4abe-b65f-25cf3f0e1c53.gif%3Fversion%3D638253700200000000%26amp%3Bwidth%3D128%26amp%3Bheight%3D128%26amp%3Bauto%3Dwebp%26amp%3Bformat%3Dpjpg","girl"
104,"Brilliant vs Marion County",Girls Volleyball,"Alabama",9/24/2026,5:30pm,"The Brilliant varsity volleyball team has an away conference match @  Marion County (Guin, AL) on Thursday, September 24 @ 5:30p.","/al/volleyball/match/brilliant-vs-marion-county-guin/9-24-2026/?c=5988a80a-b016-4956-b8f8-a09ea3c91256","https://www.maxpreps.com/al/volleyball/match/brilliant-vs-marion-county-guin/9-24-2026/?c=5988a80a-b016-4956-b8f8-a09ea3c91256","/volleyball/al/c39?9/24/2026","Brilliant","Tigers","https://www.maxpreps.com/al/brilliant/girls-volleyball/","https://www.maxpreps.com/al/marion-county-guin/girls-volleyball/","https://hsfootball.net/proxy.php?url=https%3A%2F%2Fimage.maxpreps.io%2Fschool-mascot%2F9%2Ff%2F6%2F9f6d18b6-4e14-4a55-a974-7d3586346d85.gif%3Fversion%3D638309847600000000%26amp%3Bwidth%3D128%26amp%3Bheight%3D128%26amp%3Bauto%3Dwebp%26amp%3Bformat%3Dpjpg","https://hsfootball.net/proxy.php?url=https%3A%2F%2Fimage.maxpreps.io%2Fschool-mascot%2Ff%2F9%2Ff%2Ff9f56e97-a646-4aba-8102-8db9ab26d94b.gif%3Fversion%3D638241471600000000%26amp%3Bwidth%3D128%26amp%3Bheight%3D128%26amp%3Bauto%3Dwebp%26amp%3Bformat%3Dpjpg","girl"
105,"Athens vs Columbia",Girls Volleyball,"Alabama",9/24/2026,5:30pm,"The Athens varsity volleyball team has an away conference match @  Columbia (Huntsville, AL) on Thursday, September 24 @ 5:30p.","/al/volleyball/match/athens-vs-columbia-huntsville/9-24-2026/?c=739fad51-1348-497e-9f04-45274a07d709","https://www.maxpreps.com/al/volleyball/match/athens-vs-columbia-huntsville/9-24-2026/?c=739fad51-1348-497e-9f04-45274a07d709","/volleyball/al/b8d?9/24/2026","Athens","Golden Eagles","https://www.maxpreps.com/al/athens/girls-volleyball/","https://www.maxpreps.com/al/columbia-huntsville/girls-volleyball/","https://hsfootball.net/proxy.php?url=https%3A%2F%2Fimage.maxpreps.io%2Fschool-mascot%2Fb%2F6%2Fa%2Fb6a93eca-9f6c-459c-8b8c-5a91ed64f0e7.gif%3Fversion%3D638212992600000000%26amp%3Bwidth%3D128%26amp%3Bheight%3D128%26amp%3Bauto%3Dwebp%26amp%3Bformat%3Dpjpg","https://hsfootball.net/proxy.php?url=https%3A%2F%2Fimage.maxpreps.io%2Fschool-mascot%2F8%2F9%2F3%2F8934d4fd-0edd-4a86-9fa3-069ab338aa6a.gif%3Fversion%3D638352797400000000%26amp%3Bwidth%3D128%26amp%3Bheight%3D128%26amp%3Bauto%3Dwebp%26amp%3Bformat%3Dpjpg","girl"
106,"Coosa Valley Academy vs Heritage Christian Academy",Girls Volleyball,"Alabama",9/24/2026,5:30pm,"The Coosa Valley Academy varsity volleyball team has an away conference match @  Heritage Christian Academy (Hoover, AL) on Thursday, September 24 @ 5:30p.","/al/volleyball/match/coosa-valley-academy-harpersville-vs-heritage-christian-academy-hoover/9-24-2026/?c=968ce6d8-8b6c-4286-a59c-ec53933dfc59","https://www.maxpreps.com/al/volleyball/match/coosa-valley-academy-harpersville-vs-heritage-christian-academy-hoover/9-24-2026/?c=968ce6d8-8b6c-4286-a59c-ec53933dfc59","/volleyball/al/1b4d?9/24/2026","Coosa Valley Academy","Rebels","https://www.maxpreps.com/al/coosa-valley-academy-harpersville/girls-volleyball/","https://www.maxpreps.com/al/heritage-christian-academy-hoover/girls-volleyball/","https://hsfootball.net/proxy.php?url=https%3A%2F%2Fimage.maxpreps.io%2Fschool-mascot%2Fa%2Fd%2F1%2Fad1fe464-147c-4ee4-8e43-329af1cbd962.gif%3Fversion%3D635653819200000000%26amp%3Bwidth%3D128%26amp%3Bheight%3D128%26amp%3Bauto%3Dwebp%26amp%3Bformat%3Dpjpg","https://hsfootball.net/proxy.php?url=https%3A%2F%2Fimage.maxpreps.io%2Fschool-mascot%2F2%2Fa%2Fd%2F2ad62a50-6b2c-4017-baa1-ff629756c9a9.gif%3Fversion%3D638234686200000000%26amp%3Bwidth%3D128%26amp%3Bheight%3D128%26amp%3Bauto%3Dwebp%26amp%3Bformat%3Dpjpg","girl"
107,"Sylvania vs Scottsboro",Girls Volleyball,"Alabama",9/24/2026,5:30pm,"The Sylvania varsity volleyball team has an away non-conference match @  Scottsboro (AL) on Thursday, September 24 @ 5:30p.","/al/volleyball/match/scottsboro-vs-sylvania/9-24-2026/?c=bce9c8b8-0d16-4e1b-b6da-f5fc058d57b9","https://www.maxpreps.com/al/volleyball/match/scottsboro-vs-sylvania/9-24-2026/?c=bce9c8b8-0d16-4e1b-b6da-f5fc058d57b9","/volleyball/al/8fc?9/24/2026","Sylvania","Rams","https://www.maxpreps.com/al/scottsboro/girls-volleyball/","https://www.maxpreps.com/al/sylvania/girls-volleyball/","https://hsfootball.net/proxy.php?url=https%3A%2F%2Fimage.maxpreps.io%2Fschool-mascot%2F1%2F1%2F6%2F1168e181-ab93-4470-9cec-cf0d1084a166.gif%3Fversion%3D638249401800000000%26amp%3Bwidth%3D128%26amp%3Bheight%3D128%26amp%3Bauto%3Dwebp%26amp%3Bformat%3Dpjpg","https://hsfootball.net/proxy.php?url=https%3A%2F%2Fimage.maxpreps.io%2Fschool-mascot%2F1%2Fe%2F4%2F1e4ba09c-4623-4c6d-ad61-c72093359d97.gif%3Fversion%3D638253673200000000%26amp%3Bwidth%3D128%26amp%3Bheight%3D128%26amp%3Bauto%3Dwebp%26amp%3Bformat%3Dpjpg","girl"
108,"Red Bay vs Florence",Girls Volleyball,"Alabama",9/24/2026,5:30pm,"The Red Bay varsity volleyball team has an away non-conference match @  Florence (AL) on Thursday, September 24 @ 5:30p.","/al/volleyball/match/florence-vs-red-bay/9-24-2026/?c=4e501d74-b09e-4112-b055-e7e8448a7c30","https://www.maxpreps.com/al/volleyball/match/florence-vs-red-bay/9-24-2026/?c=4e501d74-b09e-4112-b055-e7e8448a7c30","/volleyball/al/735?9/24/2026","Red Bay","Tigers","https://www.maxpreps.com/al/florence/girls-volleyball/","https://www.maxpreps.com/al/red-bay/girls-volleyball/","https://hsfootball.net/proxy.php?url=https%3A%2F%2Fimage.maxpreps.io%2Fschool-mascot%2F5%2F9%2F7%2F59717cd2-ccbc-42a6-a35e-8f9edd8a68bb.gif%3Fversion%3D638253666000000000%26amp%3Bwidth%3D128%26amp%3Bheight%3D128%26amp%3Bauto%3Dwebp%26amp%3Bformat%3Dpjpg","https://hsfootball.net/proxy.php?url=https%3A%2F%2Fimage.maxpreps.io%2Fschool-mascot%2F4%2Fd%2F3%2F4d313808-ec6c-40fc-803f-cfd983fa0b10.gif%3Fversion%3D638225170200000000%26amp%3Bwidth%3D128%26amp%3Bheight%3D128%26amp%3Bauto%3Dwebp%26amp%3Bformat%3Dpjpg","girl"
109,"Satsuma vs Thomasville",Girls Volleyball,"Alabama",9/24/2026,5:30pm,"The Satsuma varsity volleyball team has an away non-conference match @  Thomasville (AL) on Thursday, September 24 @ 5:30p.","/al/volleyball/match/satsuma-vs-thomasville/9-24-2026/?c=ca1833e3-5534-4ad1-9817-ab545a5e6f99","https://www.maxpreps.com/al/volleyball/match/satsuma-vs-thomasville/9-24-2026/?c=ca1833e3-5534-4ad1-9817-ab545a5e6f99","/volleyball/al/8e9?9/24/2026","Satsuma","Gators","https://www.maxpreps.com/al/satsuma/girls-volleyball/","https://www.maxpreps.com/al/thomasville/girls-volleyball/","https://hsfootball.net/proxy.php?url=https%3A%2F%2Fimage.maxpreps.io%2Fschool-mascot%2F2%2Fb%2F3%2F2b34bde0-69c7-44a2-acc6-369394351102.gif%3Fversion%3D638253672600000000%26amp%3Bwidth%3D128%26amp%3Bheight%3D128%26amp%3Bauto%3Dwebp%26amp%3Bformat%3Dpjpg","https://hsfootball.net/proxy.php?url=https%3A%2F%2Fimage.maxpreps.io%2Fschool-mascot%2F6%2Ff%2Ff%2F6fffc316-6a87-4333-bbcb-fe1483a0e5c8.gif%3Fversion%3D638253696000000000%26amp%3Bwidth%3D128%26amp%3Bheight%3D128%26amp%3Bauto%3Dwebp%26amp%3Bformat%3Dpjpg","girl"
110,"Pickens County vs Sulligent",Girls Volleyball,"Alabama",9/24/2026,5:30pm,"The Pickens County varsity volleyball team has an away non-conference match @  Sulligent (AL) on Thursday, September 24 @ 5:30p.","/al/volleyball/match/pickens-county-reform-vs-sulligent/9-24-2026/?c=0fe429b5-02e3-48f7-af75-9bc850819178","https://www.maxpreps.com/al/volleyball/match/pickens-county-reform-vs-sulligent/9-24-2026/?c=0fe429b5-02e3-48f7-af75-9bc850819178","/volleyball/al/d8e?9/24/2026","Pickens County","Tornadoes","https://www.maxpreps.com/al/pickens-county-reform/girls-volleyball/","https://www.maxpreps.com/al/sulligent/girls-volleyball/","https://hsfootball.net/proxy.php?url=https%3A%2F%2Fimage.maxpreps.io%2Fschool-mascot%2F4%2F0%2F7%2F40750c12-6e90-4e2b-be34-32b6ec389ee8.gif%3Fversion%3D638253630600000000%26amp%3Bwidth%3D128%26amp%3Bheight%3D128%26amp%3Bauto%3Dwebp%26amp%3Bformat%3Dpjpg","https://hsfootball.net/proxy.php?url=https%3A%2F%2Fimage.maxpreps.io%2Fschool-mascot%2F3%2F6%2Fe%2F36e72445-d2b6-4f65-bb2c-ade00461ca6d.gif%3Fversion%3D638249399400000000%26amp%3Bwidth%3D128%26amp%3Bheight%3D128%26amp%3Bauto%3Dwebp%26amp%3Bformat%3Dpjpg","girl"
111,"Gardendale vs Minor",Girls Volleyball,"Alabama",9/24/2026,5:30pm,"The Gardendale varsity volleyball team has an away non-conference match @  Minor (Adamsville, AL) on Thursday, September 24 @ 5:30p.","/al/volleyball/match/gardendale-vs-minor-adamsville/9-24-2026/?c=428a027a-7ef6-4287-a170-f87bd3a549bf","https://www.maxpreps.com/al/volleyball/match/gardendale-vs-minor-adamsville/9-24-2026/?c=428a027a-7ef6-4287-a170-f87bd3a549bf","/volleyball/al/bbe?9/24/2026","Gardendale","Rockets","https://www.maxpreps.com/al/gardendale/girls-volleyball/","https://www.maxpreps.com/al/minor-adamsville/girls-volleyball/","https://hsfootball.net/proxy.php?url=https%3A%2F%2Fimage.maxpreps.io%2Fschool-mascot%2F3%2F5%2F6%2F356b56f7-3e6d-4696-882a-df34fd327723.gif%3Fversion%3D638228652600000000%26amp%3Bwidth%3D128%26amp%3Bheight%3D128%26amp%3Bauto%3Dwebp%26amp%3Bformat%3Dpjpg","https://hsfootball.net/proxy.php?url=https%3A%2F%2Fimage.maxpreps.io%2Fschool-mascot%2Fd%2Fe%2F9%2Fde9cfd87-b486-408c-b079-3a711d33d915.gif%3Fversion%3D638241474000000000%26amp%3Bwidth%3D128%26amp%3Bheight%3D128%26amp%3Bauto%3Dwebp%26amp%3Bformat%3Dpjpg","girl"
112,"Hazel Green vs Sparkman",Girls Volleyball,"Alabama",9/24/2026,5:30pm,"The Hazel Green varsity volleyball team has an away conference match @  Sparkman (Harvest, AL) on Thursday, September 24 @ 5:30p.","/al/volleyball/match/hazel-green-vs-sparkman-harvest/9-24-2026/?c=f6138dad-2c30-4298-bf3e-ac694d848c8a","https://www.maxpreps.com/al/volleyball/match/hazel-green-vs-sparkman-harvest/9-24-2026/?c=f6138dad-2c30-4298-bf3e-ac694d848c8a","/volleyball/al/c1c?9/24/2026","Hazel Green","Trojans","https://www.maxpreps.com/al/hazel-green/girls-volleyball/","https://www.maxpreps.com/al/sparkman-harvest/girls-volleyball/","https://hsfootball.net/proxy.php?url=https%3A%2F%2Fimage.maxpreps.io%2Fschool-mascot%2F2%2F6%2Fe%2F26e1c830-eb34-40c0-b7b9-2cd17d937c75.gif%3Fversion%3D638234680200000000%26amp%3Bwidth%3D128%26amp%3Bheight%3D128%26amp%3Bauto%3Dwebp%26amp%3Bformat%3Dpjpg","https://hsfootball.net/proxy.php?url=https%3A%2F%2Fimage.maxpreps.io%2Fschool-mascot%2Fa%2Fa%2Fc%2Faace18ad-57d4-4921-8d55-93b179c246fa.gif%3Fversion%3D638249393400000000%26amp%3Bwidth%3D128%26amp%3Bheight%3D128%26amp%3Bauto%3Dwebp%26amp%3Bformat%3Dpjpg","girl"
113,"Theodore vs Elberta",Girls Volleyball,"Alabama",9/24/2026,5:30pm,"The Theodore varsity volleyball team has an away conference match @  Elberta (AL) on Thursday, September 24 @ 5:30p.","/al/volleyball/match/elberta-vs-theodore/9-24-2026/?c=54715ea8-a82f-46eb-90c0-4388e0a20176","https://www.maxpreps.com/al/volleyball/match/elberta-vs-theodore/9-24-2026/?c=54715ea8-a82f-46eb-90c0-4388e0a20176","/volleyball/al/77c?9/24/2026","Theodore","Bobcats","https://www.maxpreps.com/al/elberta/girls-volleyball/","https://www.maxpreps.com/al/theodore/girls-volleyball/","https://hsfootball.net/proxy.php?url=https%3A%2F%2Fimage.maxpreps.io%2Fschool-mascot%2F4%2Fa%2Fd%2F4adff0be-79d7-4675-8082-accced8841a3.gif%3Fversion%3D638253695400000000%26amp%3Bwidth%3D128%26amp%3Bheight%3D128%26amp%3Bauto%3Dwebp%26amp%3Bformat%3Dpjpg","https://hsfootball.net/proxy.php?url=https%3A%2F%2Fimage.maxpreps.io%2Fschool-mascot%2F3%2Fb%2F0%2F3b098b89-0312-46a8-a94b-b02b736eb67c.gif%3Fversion%3D638216566800000000%26amp%3Bwidth%3D128%26amp%3Bheight%3D128%26amp%3Bauto%3Dwebp%26amp%3Bformat%3Dpjpg","girl"
114,"Boaz vs Albertville",Girls Volleyball,"Alabama",9/24/2026,5:30pm,"The Boaz varsity volleyball team has an away non-conference match @  Albertville (AL) on Thursday, September 24 @ 5:30p.","/al/volleyball/match/albertville-vs-boaz/9-24-2026/?c=6c492561-ab96-4500-953b-0be5a027ac9c","https://www.maxpreps.com/al/volleyball/match/albertville-vs-boaz/9-24-2026/?c=6c492561-ab96-4500-953b-0be5a027ac9c","/volleyball/al/785?9/24/2026","Boaz","Pirates","https://www.maxpreps.com/al/albertville/girls-volleyball/","https://www.maxpreps.com/al/boaz/girls-volleyball/","https://hsfootball.net/proxy.php?url=https%3A%2F%2Fimage.maxpreps.io%2Fschool-mascot%2F2%2Fb%2Fa%2F2ba41229-df06-4bec-a3af-6236026f0f3a.gif%3Fversion%3D638609562241529430%26amp%3Bwidth%3D128%26amp%3Bheight%3D128%26amp%3Bauto%3Dwebp%26amp%3Bformat%3Dpjpg","https://hsfootball.net/proxy.php?url=https%3A%2F%2Fimage.maxpreps.io%2Fschool-mascot%2F7%2F0%2F9%2F709df29e-028c-48ba-bdc9-eed11432511d.gif%3Fversion%3D638213003400000000%26amp%3Bwidth%3D128%26amp%3Bheight%3D128%26amp%3Bauto%3Dwebp%26amp%3Bformat%3Dpjpg","girl"
115,"Hackleburg vs Vina",Girls Volleyball,"Alabama",9/24/2026,5:30pm,"The Hackleburg varsity volleyball team has an away non-conference match @  Vina (AL) on Thursday, September 24 @ 5:30p.","/al/volleyball/match/hackleburg-vs-vina/9-24-2026/?c=23014428-8524-4209-a6e6-d6483f05487a","https://www.maxpreps.com/al/volleyball/match/hackleburg-vs-vina/9-24-2026/?c=23014428-8524-4209-a6e6-d6483f05487a","/volleyball/al/709?9/24/2026","Hackleburg","Panthers","https://www.maxpreps.com/al/hackleburg/girls-volleyball/","https://www.maxpreps.com/al/vina/girls-volleyball/","https://hsfootball.net/proxy.php?url=https%3A%2F%2Fimage.maxpreps.io%2Fschool-mascot%2F3%2Fb%2F9%2F3b92b685-3fc7-4d00-9e25-6c50f8345645.gif%3Fversion%3D638234675400000000%26amp%3Bwidth%3D128%26amp%3Bheight%3D128%26amp%3Bauto%3Dwebp%26amp%3Bformat%3Dpjpg","https://hsfootball.net/proxy.php?url=https%3A%2F%2Fimage.maxpreps.io%2Fschool-mascot%2F4%2F1%2F7%2F4174e5a5-3111-49c3-9792-79e283b62623.gif%3Fversion%3D638253700200000000%26amp%3Bwidth%3D128%26amp%3Bheight%3D128%26amp%3Bauto%3Dwebp%26amp%3Bformat%3Dpjpg","girl"
116,"Faith Academy vs Baker",Girls Volleyball,"Alabama",9/24/2026,5:30pm,"The Faith Academy varsity volleyball team has an away non-conference match @  Baker (Mobile, AL) on Thursday, September 24 @ 5:30p.","/al/volleyball/match/baker-mobile-vs-faith-academy-mobile/9-24-2026/?c=243e5798-7de8-4ac6-9479-633972a7bbbc","https://www.maxpreps.com/al/volleyball/match/baker-mobile-vs-faith-academy-mobile/9-24-2026/?c=243e5798-7de8-4ac6-9479-633972a7bbbc","/volleyball/al/d9f?9/24/2026","Faith Academy","Rams","https://www.maxpreps.com/al/baker-mobile/girls-volleyball/","https://www.maxpreps.com/al/faith-academy-mobile/girls-volleyball/","https://hsfootball.net/proxy.php?url=https%3A%2F%2Fimage.maxpreps.io%2Fschool-mascot%2Fc%2F9%2F9%2Fc99db4a0-cfb2-4f75-be08-1f56109be602.gif%3Fversion%3D638225158200000000%26amp%3Bwidth%3D128%26amp%3Bheight%3D128%26amp%3Bauto%3Dwebp%26amp%3Bformat%3Dpjpg","https://hsfootball.net/proxy.php?url=https%3A%2F%2Fimage.maxpreps.io%2Fschool-mascot%2F4%2Fd%2F4%2F4d4f30de-d9d7-419d-a6bd-3e2ee01d6f81.gif%3Fversion%3D638213106000000000%26amp%3Bwidth%3D128%26amp%3Bheight%3D128%26amp%3Bauto%3Dwebp%26amp%3Bformat%3Dpjpg","girl"
117,"Trinity Presbyterian vs Montgomery Academy",Girls Volleyball,"Alabama",9/24/2026,5:30pm,"The Trinity Presbyterian varsity volleyball team has an away non-conference match @  Montgomery Academy (Montgomery, AL) on Thursday, September 24 @ 5:30p.","/al/volleyball/match/montgomery-academy-vs-trinity-presbyterian-montgomery/9-24-2026/?c=42e76a86-291e-417b-812c-f43ab7432b75","https://www.maxpreps.com/al/volleyball/match/montgomery-academy-vs-trinity-presbyterian-montgomery/9-24-2026/?c=42e76a86-291e-417b-812c-f43ab7432b75","/volleyball/al/156b?9/24/2026","Trinity Presbyterian","Wildcats","https://www.maxpreps.com/al/montgomery-academy/girls-volleyball/","https://www.maxpreps.com/al/trinity-presbyterian-montgomery/girls-volleyball/","https://hsfootball.net/proxy.php?url=https%3A%2F%2Fimage.maxpreps.io%2Fschool-mascot%2F3%2F2%2F4%2F3241fe61-1d16-44ef-98f2-76c7bd08564d.gif%3Fversion%3D638380728000000000%26amp%3Bwidth%3D128%26amp%3Bheight%3D128%26amp%3Bauto%3Dwebp%26amp%3Bformat%3Dpjpg","https://hsfootball.net/proxy.php?url=https%3A%2F%2Fimage.maxpreps.io%2Fschool-mascot%2F8%2Fb%2F6%2F8b6b6cf8-f55d-4407-9ede-2f2ffdfa4032.gif%3Fversion%3D638241475200000000%26amp%3Bwidth%3D128%26amp%3Bheight%3D128%26amp%3Bauto%3Dwebp%26amp%3Bformat%3Dpjpg","girl"
118,"Orange Beach vs Foley",Girls Volleyball,"Alabama",9/24/2026,5:30pm,"The Orange Beach varsity volleyball team has an away non-conference match @  Foley (AL) on Thursday, September 24 @ 5:30p.","/al/volleyball/match/foley-vs-orange-beach/9-24-2026/?c=d2c523b1-997c-409b-a0bf-0870fe4cf9d9","https://www.maxpreps.com/al/volleyball/match/foley-vs-orange-beach/9-24-2026/?c=d2c523b1-997c-409b-a0bf-0870fe4cf9d9","/volleyball/al/7fe?9/24/2026","Orange Beach","Makos","https://www.maxpreps.com/al/foley/girls-volleyball/","https://www.maxpreps.com/al/orange-beach/girls-volleyball/","https://hsfootball.net/proxy.php?url=https%3A%2F%2Fimage.maxpreps.io%2Fschool-mascot%2F9%2F7%2F5%2F97554587-b752-458f-a874-0e8f572eaba9.gif%3Fversion%3D638253627000000000%26amp%3Bwidth%3D128%26amp%3Bheight%3D128%26amp%3Bauto%3Dwebp%26amp%3Bformat%3Dpjpg","https://hsfootball.net/proxy.php?url=https%3A%2F%2Fimage.maxpreps.io%2Fschool-mascot%2F3%2F5%2Fc%2F35c7d85c-fed9-48ff-be13-41d2dc89fe7c.gif%3Fversion%3D638225175000000000%26amp%3Bwidth%3D128%26amp%3Bheight%3D128%26amp%3Bauto%3Dwebp%26amp%3Bformat%3Dpjpg","girl"
119,"James Clemens vs Bob Jones",Girls Volleyball,"Alabama",9/24/2026,5:30pm,"The James Clemens varsity volleyball team has an away conference match @  Bob Jones (Madison, AL) on Thursday, September 24 @ 5:30p.","/al/volleyball/match/bob-jones-madison-vs-james-clemens-madison/9-24-2026/?c=94f0bb8e-b8c0-4ba2-b4bd-4dbc495005ac","https://www.maxpreps.com/al/volleyball/match/bob-jones-madison-vs-james-clemens-madison/9-24-2026/?c=94f0bb8e-b8c0-4ba2-b4bd-4dbc495005ac","/volleyball/al/1016?9/24/2026","James Clemens","Jets","https://www.maxpreps.com/al/bob-jones-madison/girls-volleyball/","https://www.maxpreps.com/al/james-clemens-madison/girls-volleyball/","https://hsfootball.net/proxy.php?url=https%3A%2F%2Fimage.maxpreps.io%2Fschool-mascot%2Fc%2Ff%2F0%2Fcf01a4fb-2e9e-4e5b-b3d7-26700ad97a06.gif%3Fversion%3D638235460200000000%26amp%3Bwidth%3D128%26amp%3Bheight%3D128%26amp%3Bauto%3Dwebp%26amp%3Bformat%3Dpjpg","https://hsfootball.net/proxy.php?url=https%3A%2F%2Fimage.maxpreps.io%2Fschool-mascot%2F1%2Fe%2F4%2F1e415348-0b4c-4a8b-90ad-0889e666102e.gif%3Fversion%3D638213110200000000%26amp%3Bwidth%3D128%26amp%3Bheight%3D128%26amp%3Bauto%3Dwebp%26amp%3Bformat%3Dpjpg","girl"
120,"Gordo vs Lamar County",Girls Volleyball,"Alabama",9/24/2026,5:30pm,"The Gordo varsity volleyball team has an away non-conference match @  Lamar County (Vernon, AL) on Thursday, September 24 @ 5:30p.","/al/volleyball/match/gordo-vs-lamar-county-vernon/9-24-2026/?c=993bfabb-a9c7-4047-8d96-9c9220ced0b5","https://www.maxpreps.com/al/volleyball/match/gordo-vs-lamar-county-vernon/9-24-2026/?c=993bfabb-a9c7-4047-8d96-9c9220ced0b5","/volleyball/al/aff?9/24/2026","Gordo","Green Wave","https://www.maxpreps.com/al/gordo/girls-volleyball/","https://www.maxpreps.com/al/lamar-county-vernon/girls-volleyball/","https://hsfootball.net/proxy.php?url=https%3A%2F%2Fimage.maxpreps.io%2Fschool-mascot%2F3%2F2%2F9%2F329474fa-3d79-4f0e-9be2-a39b8fc46bc5.gif%3Fversion%3D638229441000000000%26amp%3Bwidth%3D128%26amp%3Bheight%3D128%26amp%3Bauto%3Dwebp%26amp%3Bformat%3Dpjpg","https://hsfootball.net/proxy.php?url=https%3A%2F%2Fimage.maxpreps.io%2Fschool-mascot%2F3%2Fa%2Fe%2F3ae7d99c-4346-4766-b16e-16b832068fea.gif%3Fversion%3D638241471000000000%26amp%3Bwidth%3D128%26amp%3Bheight%3D128%26amp%3Bauto%3Dwebp%26amp%3Bformat%3Dpjpg","girl"
161,"Cottonwood vs Long",Girls Volleyball,"Alabama",9/24/2026,6:00pm,"The Cottonwood varsity volleyball team has an away non-conference match @  Long (Skipperville, AL) on Thursday, September 24 @ 6p.","/al/volleyball/match/cottonwood-vs-long-skipperville/9-24-2026/?c=355564a7-5185-4b45-9479-47e2640993ea","https://www.maxpreps.com/al/volleyball/match/cottonwood-vs-long-skipperville/9-24-2026/?c=355564a7-5185-4b45-9479-47e2640993ea","/volleyball/al/c8a?9/24/2026","Cottonwood","Bears","https://www.maxpreps.com/al/cottonwood/girls-volleyball/","https://www.maxpreps.com/al/long-skipperville/girls-volleyball/","https://hsfootball.net/proxy.php?url=https%3A%2F%2Fimage.maxpreps.io%2Fschool-mascot%2F4%2F8%2Fe%2F48e73914-d293-422a-b6ee-d5b9045a29e4.gif%3Fversion%3D638215681800000000%26amp%3Bwidth%3D128%26amp%3Bheight%3D128%26amp%3Bauto%3Dwebp%26amp%3Bformat%3Dpjpg","https://hsfootball.net/proxy.php?url=https%3A%2F%2Fimage.maxpreps.io%2Fschool-mascot%2F2%2F3%2F7%2F237fab8d-d45d-4b8c-810b-5f954965518c.gif%3Fversion%3D638229444600000000%26amp%3Bwidth%3D128%26amp%3Bheight%3D128%26amp%3Bauto%3Dwebp%26amp%3Bformat%3Dpjpg","girl"
162,"Athens Bible vs Mars Hill Bible",Girls Volleyball,"Alabama",9/24/2026,6:30pm,"The Athens Bible varsity volleyball team has an away non-conference match @  Mars Hill Bible (Florence, AL) on Thursday, September 24 @ 6:30p.","/al/volleyball/match/athens-bible-vs-mars-hill-bible-florence/9-24-2026/?c=c21d8778-dc28-4ee4-b402-ffc090560b92","https://www.maxpreps.com/al/volleyball/match/athens-bible-vs-mars-hill-bible-florence/9-24-2026/?c=c21d8778-dc28-4ee4-b402-ffc090560b92","/volleyball/al/f20?9/24/2026","Athens Bible","Trojans","https://www.maxpreps.com/al/athens-bible/girls-volleyball/","https://www.maxpreps.com/al/mars-hill-bible-florence/girls-volleyball/","https://hsfootball.net/proxy.php?url=https%3A%2F%2Fimage.maxpreps.io%2Fschool-mascot%2Fc%2F4%2F3%2Fc4313cdc-2fe0-48a8-88c2-6137a5b4a845.gif%3Fversion%3D638212993800000000%26amp%3Bwidth%3D128%26amp%3Bheight%3D128%26amp%3Bauto%3Dwebp%26amp%3Bformat%3Dpjpg","https://hsfootball.net/proxy.php?url=https%3A%2F%2Fimage.maxpreps.io%2Fschool-mascot%2Fd%2F1%2F1%2Fd1104824-d0fe-4341-9759-4dde17de596c.gif%3Fversion%3D638241472200000000%26amp%3Bwidth%3D128%26amp%3Bheight%3D128%26amp%3Bauto%3Dwebp%26amp%3Bformat%3Dpjpg","girl"
163,"Snook Christian Academy vs Bayshore Christian",Girls Volleyball,"Alabama",9/24/2026,6:30pm,"The Snook Christian Academy varsity volleyball team has an away non-conference match @  Bayshore Christian (Fairhope, AL) on Thursday, September 24 @ 6:30p.","/al/volleyball/match/bayshore-christian-fairhope-vs-snook-christian-academy-foley/9-24-2026/?c=3e07a4c4-1d18-4c56-a0f8-1e3f46cd9fa1","https://www.maxpreps.com/al/volleyball/match/bayshore-christian-fairhope-vs-snook-christian-academy-foley/9-24-2026/?c=3e07a4c4-1d18-4c56-a0f8-1e3f46cd9fa1","/volleyball/al/1776?9/24/2026","Snook Christian Academy","Eagles","https://www.maxpreps.com/al/bayshore-christian-fairhope/girls-volleyball/","https://www.maxpreps.com/al/snook-christian-academy-foley/girls-volleyball/","https://hsfootball.net/proxy.php?url=https%3A%2F%2Fimage.maxpreps.io%2Fschool-mascot%2F9%2F9%2Fc%2F99c01265-5101-442b-88ee-5f8c89cd5d83.gif%3Fversion%3D638880790742227080%26amp%3Bwidth%3D128%26amp%3Bheight%3D128%26amp%3Bauto%3Dwebp%26amp%3Bformat%3Dpjpg","https://hsfootball.net/proxy.php?url=https%3A%2F%2Fimage.maxpreps.io%2Fschool-mascot%2F0%2F5%2F2%2F052138a0-34cc-4f32-ac3f-95e0697bec06.gif%3Fversion%3D638213106600000000%26amp%3Bwidth%3D128%26amp%3Bheight%3D128%26amp%3Bauto%3Dwebp%26amp%3Bformat%3Dpjpg","girl"
164,"Pike Road vs Percy Julian",Girls Volleyball,"Alabama",9/24/2026,6:30pm,"The Pike Road varsity volleyball team has an away non-conference match @  Percy Julian (Montgomery, AL) on Thursday, September 24 @ 6:30p.","/al/volleyball/match/percy-julian-montgomery-vs-pike-road/9-24-2026/?c=db802ca4-623b-49d2-823c-3a73cec60cf1","https://www.maxpreps.com/al/volleyball/match/percy-julian-montgomery-vs-pike-road/9-24-2026/?c=db802ca4-623b-49d2-823c-3a73cec60cf1","/volleyball/al/e10?9/24/2026","Pike Road","Patriots","https://www.maxpreps.com/al/percy-julian-montgomery/girls-volleyball/","https://www.maxpreps.com/al/pike-road/girls-volleyball/","https://hsfootball.net/proxy.php?url=https%3A%2F%2Fimage.maxpreps.io%2Fschool-mascot%2F3%2F4%2F3%2F3437657e-75d6-4310-81a4-ae7407144c4b.gif%3Fversion%3D638253633000000000%26amp%3Bwidth%3D128%26amp%3Bheight%3D128%26amp%3Bauto%3Dwebp%26amp%3Bformat%3Dpjpg","https://hsfootball.net/proxy.php?url=https%3A%2F%2Fimage.maxpreps.io%2Fschool-mascot%2F3%2Fc%2F7%2F3c7dd727-b3ec-4595-9d6a-d4485f50c951.gif%3Fversion%3D638309854800000000%26amp%3Bwidth%3D128%26amp%3Bheight%3D128%26amp%3Bauto%3Dwebp%26amp%3Bformat%3Dpjpg","girl"
165,"Westminster School at Oak Mountain vs Altamont",Girls Volleyball,"Alabama",9/24/2026,6:30pm,"The Westminster School at Oak Mountain varsity volleyball team has an away non-conference match @  Altamont (Birmingham, AL) on Thursday, September 24 @ 6:30p.","/al/volleyball/match/altamont-birmingham-vs-westminster-school-at-oak-mountain-birmingham/9-24-2026/?c=8de6c03d-cf6c-4f18-8d71-435d36746b2a","https://www.maxpreps.com/al/volleyball/match/altamont-birmingham-vs-westminster-school-at-oak-mountain-birmingham/9-24-2026/?c=8de6c03d-cf6c-4f18-8d71-435d36746b2a","/volleyball/al/1ab5?9/24/2026","Westminster School at Oak Mountain","Knights","https://www.maxpreps.com/al/altamont-birmingham/girls-volleyball/","https://www.maxpreps.com/al/westminster-school-at-oak-mountain-birmingham/girls-volleyball/","https://hsfootball.net/proxy.php?url=https%3A%2F%2Fimage.maxpreps.io%2Fschool-mascot%2Fa%2Fa%2Fb%2Faab43ec4-0139-403f-ac62-b0571d238256.gif%3Fversion%3D637644369000000000%26amp%3Bwidth%3D128%26amp%3Bheight%3D128%26amp%3Bauto%3Dwebp%26amp%3Bformat%3Dpjpg","https://hsfootball.net/proxy.php?url=https%3A%2F%2Fimage.maxpreps.io%2Fschool-mascot%2Fa%2Fc%2Fb%2Facb6f154-f6b8-4398-a60a-b719f92fd1a7.gif%3Fversion%3D638213004000000000%26amp%3Bwidth%3D128%26amp%3Bheight%3D128%26amp%3Bauto%3Dwebp%26amp%3Bformat%3Dpjpg","girl"
166,"Red Bay vs Russellville",Girls Volleyball,"Alabama",9/24/2026,6:30pm,"The Red Bay varsity volleyball team has an away non-conference match @  Russellville (AL) on Thursday, September 24 @ 6:30p.","/al/volleyball/match/red-bay-vs-russellville/9-24-2026/?c=efb362af-54d3-4e2d-811b-45395a35d504","https://www.maxpreps.com/al/volleyball/match/red-bay-vs-russellville/9-24-2026/?c=efb362af-54d3-4e2d-811b-45395a35d504","/volleyball/al/90d?9/24/2026","Red Bay","Tigers","https://www.maxpreps.com/al/red-bay/girls-volleyball/","https://www.maxpreps.com/al/russellville/girls-volleyball/","https://hsfootball.net/proxy.php?url=https%3A%2F%2Fimage.maxpreps.io%2Fschool-mascot%2F5%2F9%2F7%2F59717cd2-ccbc-42a6-a35e-8f9edd8a68bb.gif%3Fversion%3D638253666000000000%26amp%3Bwidth%3D128%26amp%3Bheight%3D128%26amp%3Bauto%3Dwebp%26amp%3Bformat%3Dpjpg","https://hsfootball.net/proxy.php?url=https%3A%2F%2Fimage.maxpreps.io%2Fschool-mascot%2F2%2Fb%2Fe%2F2be55e9d-b60a-4f08-a381-5011ac0b1f02.gif%3Fversion%3D638253670200000000%26amp%3Bwidth%3D128%26amp%3Bheight%3D128%26amp%3Bauto%3Dwebp%26amp%3Bformat%3Dpjpg","girl"
167,"Holy Family Catholic vs Indian Springs",Girls Volleyball,"Alabama",9/24/2026,6:30pm,"The Holy Family Catholic varsity volleyball team has an away non-conference match @  Indian Springs (Pelham, AL) on Thursday, September 24 @ 6:30p.","/al/volleyball/match/holy-family-catholic-birmingham-vs-indian-springs-pelham/9-24-2026/?c=b0f2aee9-cadc-4f57-b65a-e7d0be21e65a","https://www.maxpreps.com/al/volleyball/match/holy-family-catholic-birmingham-vs-indian-springs-pelham/9-24-2026/?c=b0f2aee9-cadc-4f57-b65a-e7d0be21e65a","/volleyball/al/15b7?9/24/2026","Holy Family Catholic","Tornadoes","https://www.maxpreps.com/al/holy-family-catholic-birmingham/girls-volleyball/","https://www.maxpreps.com/al/indian-springs-pelham/girls-volleyball/","https://hsfootball.net/proxy.php?url=https%3A%2F%2Fimage.maxpreps.io%2Fschool-mascot%2F4%2F5%2F6%2F4569ae4d-bebc-4c0c-acf6-f58672fe9ad9.gif%3Fversion%3D637701461400000000%26amp%3Bwidth%3D128%26amp%3Bheight%3D128%26amp%3Bauto%3Dwebp%26amp%3Bformat%3Dpjpg","https://hsfootball.net/proxy.php?url=https%3A%2F%2Fimage.maxpreps.io%2Fschool-mascot%2Fa%2F1%2Fa%2Fa1a9bd7d-2b38-45ba-a11a-22805279b2ed.gif%3Fversion%3D638235454200000000%26amp%3Bwidth%3D128%26amp%3Bheight%3D128%26amp%3Bauto%3Dwebp%26amp%3Bformat%3Dpjpg","girl"
168,"Lindsay Lane Christian Academy vs Shoals Christian",Girls Volleyball,"Alabama",9/24/2026,6:30pm,"The Lindsay Lane Christian Academy varsity volleyball team has an away non-conference match @  Shoals Christian (Florence, AL) on Thursday, September 24 @ 6:30p.","/al/volleyball/match/lindsay-lane-christian-academy-athens-vs-shoals-christian-florence/9-24-2026/?c=8565bec1-a614-4d31-b758-ced8626bf32d","https://www.maxpreps.com/al/volleyball/match/lindsay-lane-christian-academy-athens-vs-shoals-christian-florence/9-24-2026/?c=8565bec1-a614-4d31-b758-ced8626bf32d","/volleyball/al/199e?9/24/2026","Lindsay Lane Christian Academy","Lions","https://www.maxpreps.com/al/lindsay-lane-christian-academy-athens/girls-volleyball/","https://www.maxpreps.com/al/shoals-christian-florence/girls-volleyball/","https://hsfootball.net/proxy.php?url=https%3A%2F%2Fimage.maxpreps.io%2Fschool-mascot%2F3%2Fb%2Fe%2F3be4118c-7076-40da-8774-681288d5a1b4.gif%3Fversion%3D638241486600000000%26amp%3Bwidth%3D128%26amp%3Bheight%3D128%26amp%3Bauto%3Dwebp%26amp%3Bformat%3Dpjpg","https://hsfootball.net/proxy.php?url=https%3A%2F%2Fimage.maxpreps.io%2Fschool-mascot%2Fb%2Fc%2Fb%2Fbcbda97c-4bf0-48c4-8ede-703a630ee777.gif%3Fversion%3D638253675600000000%26amp%3Bwidth%3D128%26amp%3Bheight%3D128%26amp%3Bauto%3Dwebp%26amp%3Bformat%3Dpjpg","girl"
169,"Good Hope vs Addison",Girls Volleyball,"Alabama",9/24/2026,6:30pm,"The Good Hope varsity volleyball team has an away non-conference match @  Addison (AL) on Thursday, September 24 @ 6:30p.","/al/volleyball/match/addison-vs-good-hope-cullman/9-24-2026/?c=598b953c-7c2a-4257-a67a-fdd0be17c60b","https://www.maxpreps.com/al/volleyball/match/addison-vs-good-hope-cullman/9-24-2026/?c=598b953c-7c2a-4257-a67a-fdd0be17c60b","/volleyball/al/ac0?9/24/2026","Good Hope","Raiders","https://www.maxpreps.com/al/addison/girls-volleyball/","https://www.maxpreps.com/al/good-hope-cullman/girls-volleyball/","https://hsfootball.net/proxy.php?url=https%3A%2F%2Fimage.maxpreps.io%2Fschool-mascot%2F5%2F9%2F6%2F596d656b-7d91-45d4-ae31-287956f6a4b7.gif%3Fversion%3D638229440400000000%26amp%3Bwidth%3D128%26amp%3Bheight%3D128%26amp%3Bauto%3Dwebp%26amp%3Bformat%3Dpjpg","https://hsfootball.net/proxy.php?url=https%3A%2F%2Fimage.maxpreps.io%2Fschool-mascot%2F9%2F5%2F5%2F9553ae25-bb0a-499a-b187-a4eafc3f5372.gif%3Fversion%3D638213001600000000%26amp%3Bwidth%3D128%26amp%3Bheight%3D128%26amp%3Bauto%3Dwebp%26amp%3Bformat%3Dpjpg","girl"
170,"Saint James vs Alabama Christian Academy",Girls Volleyball,"Alabama",9/24/2026,6:30pm,"The Saint James varsity volleyball team has an away non-conference match @  Alabama Christian Academy (Montgomery, AL) on Thursday, September 24 @ 6:30p.","/al/volleyball/match/alabama-christian-academy-montgomery-vs-saint-james-montgomery/9-24-2026/?c=c7e921b5-5e23-4e25-94b0-73ad80d8f7cc","https://www.maxpreps.com/al/volleyball/match/alabama-christian-academy-montgomery-vs-saint-james-montgomery/9-24-2026/?c=c7e921b5-5e23-4e25-94b0-73ad80d8f7cc","/volleyball/al/184d?9/24/2026","Saint James","Trojans","https://www.maxpreps.com/al/alabama-christian-academy-montgomery/girls-volleyball/","https://www.maxpreps.com/al/saint-james-montgomery/girls-volleyball/","https://hsfootball.net/proxy.php?url=https%3A%2F%2Fimage.maxpreps.io%2Fschool-mascot%2F0%2Fa%2F4%2F0a45dc11-2cda-4898-9121-1f12bb4253c7.gif%3Fversion%3D638249398200000000%26amp%3Bwidth%3D128%26amp%3Bheight%3D128%26amp%3Bauto%3Dwebp%26amp%3Bformat%3Dpjpg","https://hsfootball.net/proxy.php?url=https%3A%2F%2Fimage.maxpreps.io%2Fschool-mascot%2F5%2F9%2Fc%2F59c553ca-962b-4342-81cd-e05a9516e592.gif%3Fversion%3D638309849400000000%26amp%3Bwidth%3D128%26amp%3Bheight%3D128%26amp%3Bauto%3Dwebp%26amp%3Bformat%3Dpjpg","girl"
171,"Escambia vs Foley",Girls Volleyball,"Alabama",9/24/2026,6:30pm,"The Escambia varsity volleyball team has an away non-conference match @  Foley (AL) on Thursday, September 24 @ 6:30p.","/inter-state/volleyball/match/escambia-pensacola-fl-vs-foley-al/9-24-2026/?c=092fa2a9-ca3b-4f50-9de9-1606e955f61b","https://www.maxpreps.com/inter-state/volleyball/match/escambia-pensacola-fl-vs-foley-al/9-24-2026/?c=092fa2a9-ca3b-4f50-9de9-1606e955f61b","/volleyball/al/c73?9/24/2026","Escambia","Gators","https://www.maxpreps.com/al/escambia-pensacola-fl/girls-volleyball/","https://www.maxpreps.com/al/foley-al/girls-volleyball/","https://hsfootball.net/proxy.php?url=https%3A%2F%2Fimage.maxpreps.io%2Fschool-mascot%2Fd%2F9%2F2%2Fd927fe6e-20af-4cab-baf6-6a15ae72968c.gif%3Fversion%3D636534994200000000%26amp%3Bwidth%3D128%26amp%3Bheight%3D128%26amp%3Bauto%3Dwebp%26amp%3Bformat%3Dpjpg","https://hsfootball.net/proxy.php?url=https%3A%2F%2Fimage.maxpreps.io%2Fschool-mascot%2F3%2F5%2Fc%2F35c7d85c-fed9-48ff-be13-41d2dc89fe7c.gif%3Fversion%3D638225175000000000%26amp%3Bwidth%3D128%26amp%3Bheight%3D128%26amp%3Bauto%3Dwebp%26amp%3Bformat%3Dpjpg","girl"
172,"Section vs North Sand Mountain",Girls Volleyball,"Alabama",9/24/2026,6:30pm,"The Section varsity volleyball team has an away conference match @  North Sand Mountain (Higdon, AL) on Thursday, September 24 @ 6:30p.","/al/volleyball/match/north-sand-mountain-higdon-vs-section/9-24-2026/?c=7fb1af5f-a816-4998-922b-955369e2e313","https://www.maxpreps.com/al/volleyball/match/north-sand-mountain-higdon-vs-section/9-24-2026/?c=7fb1af5f-a816-4998-922b-955369e2e313","/volleyball/al/e74?9/24/2026","Section","Lions","https://www.maxpreps.com/al/north-sand-mountain-higdon/girls-volleyball/","https://www.maxpreps.com/al/section/girls-volleyball/","https://hsfootball.net/proxy.php?url=https%3A%2F%2Fimage.maxpreps.io%2Fschool-mascot%2F0%2F8%2Fe%2F08e49eb1-e6ee-43ad-ad0b-43b4bfab6c0f.gif%3Fversion%3D638253674400000000%26amp%3Bwidth%3D128%26amp%3Bheight%3D128%26amp%3Bauto%3Dwebp%26amp%3Bformat%3Dpjpg","https://hsfootball.net/proxy.php?url=https%3A%2F%2Fimage.maxpreps.io%2Fschool-mascot%2F5%2F5%2F7%2F557e5c7b-8249-4c82-91a1-b088e50c0516.gif%3Fversion%3D638253621600000000%26amp%3Bwidth%3D128%26amp%3Bheight%3D128%26amp%3Bauto%3Dwebp%26amp%3Bformat%3Dpjpg","girl"
173,"Ider vs West End",Girls Volleyball,"Alabama",9/24/2026,6:30pm,"The Ider varsity volleyball team has an away non-conference match @  West End (Walnut Grove, AL) on Thursday, September 24 @ 6:30p.","/al/volleyball/match/ider-vs-west-end-walnut-grove/9-24-2026/?c=e77b5b90-2160-497e-93e3-5f273492d0db","https://www.maxpreps.com/al/volleyball/match/ider-vs-west-end-walnut-grove/9-24-2026/?c=e77b5b90-2160-497e-93e3-5f273492d0db","/volleyball/al/b26?9/24/2026","Ider","Hornets","https://www.maxpreps.com/al/ider/girls-volleyball/","https://www.maxpreps.com/al/west-end-walnut-grove/girls-volleyball/","https://hsfootball.net/proxy.php?url=https%3A%2F%2Fimage.maxpreps.io%2Fschool-mascot%2F8%2F6%2F3%2F863a4039-3d43-456e-aa3a-9c10a30e7f49.gif%3Fversion%3D638235451800000000%26amp%3Bwidth%3D128%26amp%3Bheight%3D128%26amp%3Bauto%3Dwebp%26amp%3Bformat%3Dpjpg","https://hsfootball.net/proxy.php?url=https%3A%2F%2Fimage.maxpreps.io%2Fschool-mascot%2F1%2Fb%2F9%2F1b917f54-5ba3-418d-8073-6af94d75a08c.gif%3Fversion%3D638604361320895530%26amp%3Bwidth%3D128%26amp%3Bheight%3D128%26amp%3Bauto%3Dwebp%26amp%3Bformat%3Dpjpg","girl"
174,"Daphne vs Robertsdale",Girls Volleyball,"Alabama",9/24/2026,6:30pm,"The Daphne varsity volleyball team has an away conference match @  Robertsdale (AL) on Thursday, September 24 @ 6:30p.","/al/volleyball/match/daphne-vs-robertsdale/9-24-2026/?c=43df6350-7ac3-4aab-abab-30e67058ddec","https://www.maxpreps.com/al/volleyball/match/daphne-vs-robertsdale/9-24-2026/?c=43df6350-7ac3-4aab-abab-30e67058ddec","/volleyball/al/84a?9/24/2026","Daphne","Trojans","https://www.maxpreps.com/al/daphne/girls-volleyball/","https://www.maxpreps.com/al/robertsdale/girls-volleyball/","https://hsfootball.net/proxy.php?url=https%3A%2F%2Fimage.maxpreps.io%2Fschool-mascot%2Fb%2F6%2Ff%2Fb6f117a1-b10a-487f-b51d-f05e108693ec.gif%3Fversion%3D638216562000000000%26amp%3Bwidth%3D128%26amp%3Bheight%3D128%26amp%3Bauto%3Dwebp%26amp%3Bformat%3Dpjpg","https://hsfootball.net/proxy.php?url=https%3A%2F%2Fimage.maxpreps.io%2Fschool-mascot%2F8%2Fc%2F3%2F8c3e4199-7fe9-4bd1-90d1-a55a5fd42d40.gif%3Fversion%3D638799509576536790%26amp%3Bwidth%3D128%26amp%3Bheight%3D128%26amp%3Bauto%3Dwebp%26amp%3Bformat%3Dpjpg","girl"
175,"Eufaula vs Carroll",Girls Volleyball,"Alabama",9/24/2026,6:30pm,"The Eufaula varsity volleyball team has an away conference match @  Carroll (Ozark, AL) on Thursday, September 24 @ 6:30p.","/al/volleyball/match/carroll-ozark-vs-eufaula/9-24-2026/?c=417dba1d-363a-4100-869b-83610ab9d718","https://www.maxpreps.com/al/volleyball/match/carroll-ozark-vs-eufaula/9-24-2026/?c=417dba1d-363a-4100-869b-83610ab9d718","/volleyball/al/969?9/24/2026","Eufaula","Tigers","https://www.maxpreps.com/al/carroll-ozark/girls-volleyball/","https://www.maxpreps.com/al/eufaula/girls-volleyball/","https://hsfootball.net/proxy.php?url=https%3A%2F%2Fimage.maxpreps.io%2Fschool-mascot%2F0%2F4%2F8%2F048939c4-ff03-4284-bafe-9a933f39c396.gif%3Fversion%3D638225147400000000%26amp%3Bwidth%3D128%26amp%3Bheight%3D128%26amp%3Bauto%3Dwebp%26amp%3Bformat%3Dpjpg","https://hsfootball.net/proxy.php?url=https%3A%2F%2Fimage.maxpreps.io%2Fschool-mascot%2Fe%2F0%2F9%2Fe09e8d45-836e-4bd1-854b-692d457a0b81.gif%3Fversion%3D638309848800000000%26amp%3Bwidth%3D128%26amp%3Bheight%3D128%26amp%3Bauto%3Dwebp%26amp%3Bformat%3Dpjpg","girl"
176,"St. Bernard Prep vs Decatur Heritage Christian Academy",Girls Volleyball,"Alabama",9/24/2026,6:30pm,"The St. Bernard Prep varsity volleyball team has an away non-conference match @  Decatur Heritage Christian Academy (Decatur, AL) on Thursday, September 24 @ 6:30p.","/al/volleyball/match/decatur-heritage-christian-academy-vs-st-bernard-prep-cullman/9-24-2026/?c=d0d149c5-8972-4369-9966-f103c8d3aa60","https://www.maxpreps.com/al/volleyball/match/decatur-heritage-christian-academy-vs-st-bernard-prep-cullman/9-24-2026/?c=d0d149c5-8972-4369-9966-f103c8d3aa60","/volleyball/al/1783?9/24/2026","St. Bernard Prep","Saints","https://www.maxpreps.com/al/decatur-heritage-christian-academy/girls-volleyball/","https://www.maxpreps.com/al/st-bernard-prep-cullman/girls-volleyball/","https://hsfootball.net/proxy.php?url=https%3A%2F%2Fimage.maxpreps.io%2Fschool-mascot%2F0%2Fa%2Fa%2F0aa06d1b-2b98-4ce0-9813-7c093bdf5eae.gif%3Fversion%3D638249395800000000%26amp%3Bwidth%3D128%26amp%3Bheight%3D128%26amp%3Bauto%3Dwebp%26amp%3Bformat%3Dpjpg","https://hsfootball.net/proxy.php?url=https%3A%2F%2Fimage.maxpreps.io%2Fschool-mascot%2F9%2Fc%2F6%2F9c605437-119f-48e0-8dbb-ffd3f428e84f.gif%3Fversion%3D638216563800000000%26amp%3Bwidth%3D128%26amp%3Bheight%3D128%26amp%3Bauto%3Dwebp%26amp%3Bformat%3Dpjpg","girl"
177,"Mae Jemison vs Lee",Girls Volleyball,"Alabama",9/24/2026,6:30pm,"The Mae Jemison varsity volleyball team has an away conference match @  Lee (Huntsville, AL) on Thursday, September 24 @ 6:30p.","/al/volleyball/match/lee-huntsville-vs-mae-jemison-huntsville/9-24-2026/?c=f4b4ca3a-148f-4d6d-ac70-ba80306115af","https://www.maxpreps.com/al/volleyball/match/lee-huntsville-vs-mae-jemison-huntsville/9-24-2026/?c=f4b4ca3a-148f-4d6d-ac70-ba80306115af","/volleyball/al/fc4?9/24/2026","Mae Jemison","Jaguars","https://www.maxpreps.com/al/lee-huntsville/girls-volleyball/","https://www.maxpreps.com/al/mae-jemison-huntsville/girls-volleyball/","https://hsfootball.net/proxy.php?url=https%3A%2F%2Fimage.maxpreps.io%2Fschool-mascot%2Fe%2Fe%2Fe%2Feee86675-ce75-496f-a727-6494c72b20ca.gif%3Fversion%3D638241490200000000%26amp%3Bwidth%3D128%26amp%3Bheight%3D128%26amp%3Bauto%3Dwebp%26amp%3Bformat%3Dpjpg","https://hsfootball.net/proxy.php?url=https%3A%2F%2Fimage.maxpreps.io%2Fschool-mascot%2Fa%2F2%2F0%2Fa20a7168-9c94-4e3b-adb9-08a65c5890dd.gif%3Fversion%3D639231721630855330%26amp%3Bwidth%3D128%26amp%3Bheight%3D128%26amp%3Bauto%3Dwebp%26amp%3Bformat%3Dpjpg","girl"
178,"Cornerstone vs Victory Christian",Girls Volleyball,"Alabama",9/24/2026,6:30pm,"The Cornerstone varsity volleyball team has an away non-conference match @  Victory Christian (Pell City, AL) on Thursday, September 24 @ 6:30p.","/al/volleyball/match/cornerstone-birmingham-vs-victory-christian-pell-city/9-24-2026/?c=bb4ae320-cc03-4a26-9481-ef5d4e6353a9","https://www.maxpreps.com/al/volleyball/match/cornerstone-birmingham-vs-victory-christian-pell-city/9-24-2026/?c=bb4ae320-cc03-4a26-9481-ef5d4e6353a9","/volleyball/al/1502?9/24/2026","Cornerstone","Eagles","https://www.maxpreps.com/al/cornerstone-birmingham/girls-volleyball/","https://www.maxpreps.com/al/victory-christian-pell-city/girls-volleyball/","https://hsfootball.net/proxy.php?url=https%3A%2F%2Fimage.maxpreps.io%2Fschool-mascot%2F9%2F7%2F2%2F9727d1a7-d1b7-464a-a5da-393c4892db38.gif%3Fversion%3D638215681200000000%26amp%3Bwidth%3D128%26amp%3Bheight%3D128%26amp%3Bauto%3Dwebp%26amp%3Bformat%3Dpjpg","https://hsfootball.net/proxy.php?url=https%3A%2F%2Fimage.maxpreps.io%2Fschool-mascot%2F9%2F7%2F2%2F9727d1a7-d1b7-464a-a5da-393c4892db38.gif%3Fversion%3D638215681200000000%26amp%3Bwidth%3D32%26amp%3Bheight%3D32%26amp%3Bauto%3Dwebp%26amp%3Bformat%3Dpjpg","girl"
179,"Alexandria vs Cherokee County",Girls Volleyball,"Alabama",9/24/2026,7:00pm,"The Alexandria varsity volleyball team has an away non-conference match @  Cherokee County (Centre, AL) on Thursday, September 24 @ 7p.","/al/volleyball/match/alexandria-vs-cherokee-county-centre/9-24-2026/?c=37713ae8-adf4-48a9-8c56-98e3c3e01fe1","https://www.maxpreps.com/al/volleyball/match/alexandria-vs-cherokee-county-centre/9-24-2026/?c=37713ae8-adf4-48a9-8c56-98e3c3e01fe1","/volleyball/al/e1f?9/24/2026","Alexandria","Valley Cubs","https://www.maxpreps.com/al/alexandria/girls-volleyball/","https://www.maxpreps.com/al/cherokee-county-centre/girls-volleyball/","https://hsfootball.net/proxy.php?url=https%3A%2F%2Fimage.maxpreps.io%2Fschool-mascot%2Ff%2F2%2Fa%2Ff2a9fc9e-d9aa-401f-b3f1-f1d670881b3d.gif%3Fversion%3D638213032800000000%26amp%3Bwidth%3D128%26amp%3Bheight%3D128%26amp%3Bauto%3Dwebp%26amp%3Bformat%3Dpjpg","https://hsfootball.net/proxy.php?url=https%3A%2F%2Fimage.maxpreps.io%2Fschool-mascot%2F5%2Fc%2F5%2F5c53f8e3-d4c9-400a-a6df-7e87cab2e132.gif%3Fversion%3D638215525800000000%26amp%3Bwidth%3D128%26amp%3Bheight%3D128%26amp%3Bauto%3Dwebp%26amp%3Bformat%3Dpjpg","girl"
180,"Ragland vs Vincent",Girls Volleyball,"Alabama",9/24/2026,7:00pm,"The Ragland varsity volleyball team has an away non-conference match @  Vincent (AL) on Thursday, September 24 @ 7p.","/al/volleyball/match/ragland-vs-vincent/9-24-2026/?c=2fb3e21a-1863-46ad-8ae2-096fc856c979","https://www.maxpreps.com/al/volleyball/match/ragland-vs-vincent/9-24-2026/?c=2fb3e21a-1863-46ad-8ae2-096fc856c979","/volleyball/al/713?9/24/2026","Ragland","Purple Devils","https://www.maxpreps.com/al/ragland/girls-volleyball/","https://www.maxpreps.com/al/vincent/girls-volleyball/","https://hsfootball.net/proxy.php?url=https%3A%2F%2Fimage.maxpreps.io%2Fschool-mascot%2F6%2F7%2F0%2F670aef1f-0fe8-4234-93cd-845a0ded73d0.gif%3Fversion%3D638253639000000000%26amp%3Bwidth%3D128%26amp%3Bheight%3D128%26amp%3Bauto%3Dwebp%26amp%3Bformat%3Dpjpg","https://hsfootball.net/proxy.php?url=https%3A%2F%2Fimage.maxpreps.io%2Fschool-mascot%2Fc%2Fa%2F9%2Fca937fc2-af2a-4fed-9601-f49e5e3d7cf2.gif%3Fversion%3D638253700800000000%26amp%3Bwidth%3D128%26amp%3Bheight%3D128%26amp%3Bauto%3Dwebp%26amp%3Bformat%3Dpjpg","girl"
181,"Hackleburg vs Belgreen",Girls Volleyball,"Alabama",9/24/2026,7:00pm,"The Hackleburg varsity volleyball team has an away non-conference match @  Belgreen (Russellville, AL) on Thursday, September 24 @ 7p.","/al/volleyball/match/belgreen-russellville-vs-hackleburg/9-24-2026/?c=a13b82b0-1e8f-4ff7-8827-516e85a57030","https://www.maxpreps.com/al/volleyball/match/belgreen-russellville-vs-hackleburg/9-24-2026/?c=a13b82b0-1e8f-4ff7-8827-516e85a57030","/volleyball/al/df2?9/24/2026","Hackleburg","Panthers","https://www.maxpreps.com/al/belgreen-russellville/girls-volleyball/","https://www.maxpreps.com/al/hackleburg/girls-volleyball/","https://hsfootball.net/proxy.php?url=https%3A%2F%2Fimage.maxpreps.io%2Fschool-mascot%2F3%2Fb%2F9%2F3b92b685-3fc7-4d00-9e25-6c50f8345645.gif%3Fversion%3D638234675400000000%26amp%3Bwidth%3D128%26amp%3Bheight%3D128%26amp%3Bauto%3Dwebp%26amp%3Bformat%3Dpjpg","https://hsfootball.net/proxy.php?url=https%3A%2F%2Fimage.maxpreps.io%2Fschool-mascot%2F2%2Fd%2Fd%2F2dd87d18-3512-435f-8d78-7dac26fec5e8.gif%3Fversion%3D638213107200000000%26amp%3Bwidth%3D128%26amp%3Bheight%3D128%26amp%3Bauto%3Dwebp%26amp%3Bformat%3Dpjpg","girl"
182,"Escambia County vs Monroe County",Girls Volleyball,"Alabama",9/24/2026,7:00pm,"The Escambia County varsity volleyball team has an away non-conference match @  Monroe County (Monroeville, AL) on Thursday, September 24 @ 7p.","/al/volleyball/match/escambia-county-atmore-vs-monroe-county-monroeville/9-24-2026/?c=b3d1c293-c17a-46b8-a2cf-0e09b69ef67b","https://www.maxpreps.com/al/volleyball/match/escambia-county-atmore-vs-monroe-county-monroeville/9-24-2026/?c=b3d1c293-c17a-46b8-a2cf-0e09b69ef67b","/volleyball/al/1434?9/24/2026","Escambia County","Blue Devils","https://www.maxpreps.com/al/escambia-county-atmore/girls-volleyball/","https://www.maxpreps.com/al/monroe-county-monroeville/girls-volleyball/","https://hsfootball.net/proxy.php?url=https%3A%2F%2Fimage.maxpreps.io%2Fschool-mascot%2F3%2F0%2Fa%2F30aefdeb-1968-42e1-af7d-58a610d14510.gif%3Fversion%3D638225146800000000%26amp%3Bwidth%3D128%26amp%3Bheight%3D128%26amp%3Bauto%3Dwebp%26amp%3Bformat%3Dpjpg","https://hsfootball.net/proxy.php?url=https%3A%2F%2Fimage.maxpreps.io%2Fschool-mascot%2F0%2F8%2F2%2F082c8db9-cc78-4704-bd6c-ecd06ce9a15b.gif%3Fversion%3D638241474600000000%26amp%3Bwidth%3D128%26amp%3Bheight%3D128%26amp%3Bauto%3Dwebp%26amp%3Bformat%3Dpjpg","girl"
183,"Calvary Christian vs Glenwood",Girls Volleyball,"Alabama",9/24/2026,7:00pm,"The Calvary Christian varsity volleyball team has an away non-conference match @  Glenwood (Phenix City, AL) on Thursday, September 24 @ 7p.","/inter-state/volleyball/match/calvary-christian-columbus-ga-vs-glenwood-phenix-city-al/9-24-2026/?c=b11ee432-e3f5-4154-8bd6-a2e677169f5d","https://www.maxpreps.com/inter-state/volleyball/match/calvary-christian-columbus-ga-vs-glenwood-phenix-city-al/9-24-2026/?c=b11ee432-e3f5-4154-8bd6-a2e677169f5d","/volleyball/al/15ab?9/24/2026","Calvary Christian","Knights","https://www.maxpreps.com/al/calvary-christian-columbus-ga/girls-volleyball/","https://www.maxpreps.com/al/glenwood-phenix-city-al/girls-volleyball/","https://hsfootball.net/proxy.php?url=https%3A%2F%2Fimage.maxpreps.io%2Fschool-mascot%2F6%2F5%2F5%2F6559ecd9-7656-46f0-ba73-e0d13eebfb35.gif%3Fversion%3D639179595956366380%26amp%3Bwidth%3D128%26amp%3Bheight%3D128%26amp%3Bauto%3Dwebp%26amp%3Bformat%3Dpjpg","https://hsfootball.net/proxy.php?url=https%3A%2F%2Fimage.maxpreps.io%2Fschool-mascot%2F6%2F8%2F3%2F68365369-82e6-4179-a3b5-eb5819ead6be.gif%3Fversion%3D635575183200000000%26amp%3Bwidth%3D128%26amp%3Bheight%3D128%26amp%3Bauto%3Dwebp%26amp%3Bformat%3Dpjpg","girl"
184,"Hillcrest vs Paul W. Bryant",Girls Volleyball,"Alabama",9/24/2026,7:30pm,"The Hillcrest varsity volleyball team has an away conference match @  Paul W. Bryant (Cottondale, AL) on Thursday, September 24 @ 7:30p.","/al/volleyball/match/hillcrest-tuscaloosa-vs-paul-w-bryant-cottondale/9-24-2026/?c=6a392343-75c7-4a6a-aa26-9d287a222847","https://www.maxpreps.com/al/volleyball/match/hillcrest-tuscaloosa-vs-paul-w-bryant-cottondale/9-24-2026/?c=6a392343-75c7-4a6a-aa26-9d287a222847","/volleyball/al/12e5?9/24/2026","Hillcrest","Patriots","https://www.maxpreps.com/al/hillcrest-tuscaloosa/girls-volleyball/","https://www.maxpreps.com/al/paul-w-bryant-cottondale/girls-volleyball/","https://hsfootball.net/proxy.php?url=https%3A%2F%2Fimage.maxpreps.io%2Fschool-mascot%2F2%2F6%2F1%2F2613274a-098a-4aec-a244-3a4b319c42a7.gif%3Fversion%3D638234686800000000%26amp%3Bwidth%3D128%26amp%3Bheight%3D128%26amp%3Bauto%3Dwebp%26amp%3Bformat%3Dpjpg","https://hsfootball.net/proxy.php?url=https%3A%2F%2Fimage.maxpreps.io%2Fschool-mascot%2Fd%2F5%2F5%2Fd55e7cd1-5ae1-4169-8a38-added3756ccf.gif%3Fversion%3D638253628800000000%26amp%3Bwidth%3D128%26amp%3Bheight%3D128%26amp%3Bauto%3Dwebp%26amp%3Bformat%3Dpjpg","girl"
185,"Hatton vs Belgreen",Girls Volleyball,"Alabama",9/24/2026,8:00pm,"The Hatton varsity volleyball team has an away non-conference match @  Belgreen (Russellville, AL) on Thursday, September 24 @ 8p.","/al/volleyball/match/belgreen-russellville-vs-hatton-town-creek/9-24-2026/?c=2e511d57-ce77-4a52-bfe0-fe31d4499a14","https://www.maxpreps.com/al/volleyball/match/belgreen-russellville-vs-hatton-town-creek/9-24-2026/?c=2e511d57-ce77-4a52-bfe0-fe31d4499a14","/volleyball/al/1094?9/24/2026","Hatton","Hornets","https://www.maxpreps.com/al/belgreen-russellville/girls-volleyball/","https://www.maxpreps.com/al/hatton-town-creek/girls-volleyball/","https://hsfootball.net/proxy.php?url=https%3A%2F%2Fimage.maxpreps.io%2Fschool-mascot%2Fd%2F1%2F3%2Fd133734b-f5b4-418c-8fcd-389dc874a184.gif%3Fversion%3D638234679600000000%26amp%3Bwidth%3D128%26amp%3Bheight%3D128%26amp%3Bauto%3Dwebp%26amp%3Bformat%3Dpjpg","https://hsfootball.net/proxy.php?url=https%3A%2F%2Fimage.maxpreps.io%2Fschool-mascot%2F2%2Fd%2Fd%2F2dd87d18-3512-435f-8d78-7dac26fec5e8.gif%3Fversion%3D638213107200000000%26amp%3Bwidth%3D128%26amp%3Bheight%3D128%26amp%3Bauto%3Dwebp%26amp%3Bformat%3Dpjpg","girl"
186,"Trinity Christian Homeschool vs Southern Christian",Girls Volleyball,"Alabama",9/24/2026,12:00am,"The Trinity Christian Homeschool varsity volleyball team has an away non-conference match @  Southern Christian (Opelika, AL) on Thursday, September 24.","/al/volleyball/match/southern-christian-opelika-vs-trinity-christian-homeschool-pelham/9-24-2026/?c=60d95e9c-3520-441e-beba-c7c0dc93b91a","https://www.maxpreps.com/al/volleyball/match/southern-christian-opelika-vs-trinity-christian-homeschool-pelham/9-24-2026/?c=60d95e9c-3520-441e-beba-c7c0dc93b91a","/volleyball/al/19c6?9/24/2026","Trinity Christian Homeschool","Southern Christian","https://www.maxpreps.com/al/southern-christian-opelika/girls-volleyball/","https://www.maxpreps.com/al/trinity-christian-homeschool-pelham/girls-volleyball/","https://hsfootball.net/proxy.php?url=https%3A%2F%2Fimage.maxpreps.io%2Fschool-mascot%2F3%2Fd%2F1%2F3d1a1fc5-5996-40c2-a69a-75c74035e2f4.gif%3Fversion%3D637005921000000000%26amp%3Bwidth%3D128%26amp%3Bheight%3D128%26amp%3Bauto%3Dwebp%26amp%3Bformat%3Dpjpg","https://hsfootball.net/proxy.php?url=https%3A%2F%2Fimage.maxpreps.io%2Fschool-mascot%2F4%2F0%2Fc%2F40c0a841-ebca-42a5-965a-a7d28f1dd52a.gif%3Fversion%3D638607075291209780%26amp%3Bwidth%3D128%26amp%3Bheight%3D128%26amp%3Bauto%3Dwebp%26amp%3Bformat%3Dpjpg","girl"
187,"Hamilton Southeastern vs Zionsville",Girls Volleyball,"Alabama",9/24/2026,6:00pm,"The Hamilton Southeastern varsity volleyball team has an away conference match @  Zionsville (IN) on Thursday, September 24 @ 6p.","/in/volleyball/match/hamilton-southeastern-fishers-vs-zionsville/9-24-2026/?c=e2b46a93-51fd-4d37-b7ca-a48e91f624ba","https://www.maxpreps.com/in/volleyball/match/hamilton-southeastern-fishers-vs-zionsville/9-24-2026/?c=e2b46a93-51fd-4d37-b7ca-a48e91f624ba","/volleyball/al/1161?9/24/2026","Hamilton Southeastern","Royals","https://www.maxpreps.com/al/hamilton-southeastern-fishers/girls-volleyball/","https://www.maxpreps.com/al/zionsville/girls-volleyball/","https://hsfootball.net/proxy.php?url=https%3A%2F%2Fimage.maxpreps.io%2Fschool-mascot%2F7%2Fa%2F7%2F7a7b0372-fd99-4663-9a1a-5051eddf26b8.gif%3Fversion%3D635338341000000000%26amp%3Bwidth%3D128%26amp%3Bheight%3D128%26amp%3Bauto%3Dwebp%26amp%3Bformat%3Dpjpg","https://hsfootball.net/proxy.php?url=https%3A%2F%2Fimage.maxpreps.io%2Fschool-mascot%2F0%2F4%2F2%2F042873f8-52e7-4d44-9a92-9a2cfaee9ffd.gif%3Fversion%3D637309323600000000%26amp%3Bwidth%3D128%26amp%3Bheight%3D128%26amp%3Bauto%3Dwebp%26amp%3Bformat%3Dpjpg","girl"
188,"Marist vs Carroll",Girls Volleyball,"Alabama",9/24/2026,6:00pm,"The Marist varsity volleyball team has an away non-conference match @  Carroll (Fort Wayne, IN) on Thursday, September 24 @ 6p.","/inter-state/volleyball/match/carroll-fort-wayne-in-vs-marist-chicago-il/9-24-2026/?c=1243cac5-2a0e-4f7d-8da7-fb57dcce2d1c","https://www.maxpreps.com/inter-state/volleyball/match/carroll-fort-wayne-in-vs-marist-chicago-il/9-24-2026/?c=1243cac5-2a0e-4f7d-8da7-fb57dcce2d1c","/volleyball/al/ffc?9/24/2026","Marist","RedHawks","https://www.maxpreps.com/al/carroll-fort-wayne-in/girls-volleyball/","https://www.maxpreps.com/al/marist-chicago-il/girls-volleyball/","https://hsfootball.net/proxy.php?url=https%3A%2F%2Fimage.maxpreps.io%2Fschool-mascot%2Fc%2F1%2Fc%2Fc1c0d9df-39db-4937-98ca-ae4b3080f22d.gif%3Fversion%3D635809318200000000%26amp%3Bwidth%3D128%26amp%3Bheight%3D128%26amp%3Bauto%3Dwebp%26amp%3Bformat%3Dpjpg","https://hsfootball.net/proxy.php?url=https%3A%2F%2Fimage.maxpreps.io%2Fschool-mascot%2Ff%2F0%2Fb%2Ff0bd8a6f-8424-47c9-b435-7a89dde70d28.gif%3Fversion%3D637345402200000000%26amp%3Bwidth%3D128%26amp%3Bheight%3D128%26amp%3Bauto%3Dwebp%26amp%3Bformat%3Dpjpg","girl"
189,"Sacred Heart vs Assumption",Girls Volleyball,"Alabama",9/24/2026,6:00pm,"The Sacred Heart varsity volleyball team has an away non-conference match @  Assumption (Louisville, KY) on Thursday, September 24 @ 6p.","/ky/volleyball/match/assumption-louisville-vs-sacred-heart-louisville/9-24-2026/?c=f40a260a-78c1-4d4e-9fc9-14f2d07bbe2b","https://www.maxpreps.com/ky/volleyball/match/assumption-louisville-vs-sacred-heart-louisville/9-24-2026/?c=f40a260a-78c1-4d4e-9fc9-14f2d07bbe2b","/volleyball/al/1333?9/24/2026","Sacred Heart","Valkyries","https://www.maxpreps.com/al/assumption-louisville/girls-volleyball/","https://www.maxpreps.com/al/sacred-heart-louisville/girls-volleyball/","https://hsfootball.net/proxy.php?url=https%3A%2F%2Fimage.maxpreps.io%2Fschool-mascot%2Fc%2F6%2Fd%2Fc6de8cc2-cf74-4119-8d82-6d22a49ad426.gif%3Fversion%3D636114250800000000%26amp%3Bwidth%3D128%26amp%3Bheight%3D128%26amp%3Bauto%3Dwebp%26amp%3Bformat%3Dpjpg","https://hsfootball.net/proxy.php?url=https%3A%2F%2Fimage.maxpreps.io%2Fschool-mascot%2Fa%2Fa%2Fe%2Faae62c61-022f-4b0d-9697-b3d28d9be96b.gif%3Fversion%3D636254542200000000%26amp%3Bwidth%3D128%26amp%3Bheight%3D128%26amp%3Bauto%3Dwebp%26amp%3Bformat%3Dpjpg","girl"
190,"Prestonwood Christian vs Ursuline Academy",Girls Volleyball,"Alabama",9/24/2026,6:00pm,"The Prestonwood Christian varsity volleyball team has an away conference match @  Ursuline Academy (Dallas, TX) on Thursday, September 24 @ 6p.","/tx/volleyball/match/prestonwood-christian-plano-vs-ursuline-academy-dallas/9-24-2026/?c=08c534c1-eb41-4a90-853a-d0dea493e544","https://www.maxpreps.com/tx/volleyball/match/prestonwood-christian-plano-vs-ursuline-academy-dallas/9-24-2026/?c=08c534c1-eb41-4a90-853a-d0dea493e544","/volleyball/al/1556?9/24/2026","Prestonwood Christian","Lions","https://www.maxpreps.com/al/prestonwood-christian-plano/girls-volleyball/","https://www.maxpreps.com/al/ursuline-academy-dallas/girls-volleyball/","https://hsfootball.net/proxy.php?url=https%3A%2F%2Fimage.maxpreps.io%2Fschool-mascot%2Fd%2F9%2F7%2Fd978f4b8-b8f1-4a7f-87f6-6962ba606344.gif%3Fversion%3D635797292400000000%26amp%3Bwidth%3D128%26amp%3Bheight%3D128%26amp%3Bauto%3Dwebp%26amp%3Bformat%3Dpjpg","https://hsfootball.net/proxy.php?url=https%3A%2F%2Fimage.maxpreps.io%2Fschool-mascot%2Fe%2Fe%2Fd%2Feed13c83-53b7-49cb-9744-8c34491079a4.gif%3Fversion%3D637032649200000000%26amp%3Bwidth%3D128%26amp%3Bheight%3D128%26amp%3Bauto%3Dwebp%26amp%3Bformat%3Dpjpg","girl"
191,"Downers Grove North vs Mother McAuley",Girls Volleyball,"Alabama",9/24/2026,6:00pm,"The Downers Grove North varsity volleyball team has an away non-conference match @  Mother McAuley (Chicago, IL) on Thursday, September 24 @ 6p.","/il/volleyball/match/downers-grove-north-vs-mother-mcauley-chicago/9-24-2026/?c=1ebfaee7-1e19-445e-8cda-630bca86b45a","https://www.maxpreps.com/il/volleyball/match/downers-grove-north-vs-mother-mcauley-chicago/9-24-2026/?c=1ebfaee7-1e19-445e-8cda-630bca86b45a","/volleyball/al/1194?9/24/2026","Downers Grove North","Trojans","https://www.maxpreps.com/al/downers-grove-north/girls-volleyball/","https://www.maxpreps.com/al/mother-mcauley-chicago/girls-volleyball/","https://hsfootball.net/proxy.php?url=https%3A%2F%2Fimage.maxpreps.io%2Fschool-mascot%2F4%2F2%2F9%2F4299ce26-f7f8-44b6-950e-6c4e01096cfc.gif%3Fversion%3D636094397400000000%26amp%3Bwidth%3D128%26amp%3Bheight%3D128%26amp%3Bauto%3Dwebp%26amp%3Bformat%3Dpjpg","https://hsfootball.net/proxy.php?url=https%3A%2F%2Fimage.maxpreps.io%2Fschool-mascot%2F9%2Fd%2F5%2F9d5c1cfd-fd9d-4039-83dc-44c9087d6257.gif%3Fversion%3D637700736000000000%26amp%3Bwidth%3D128%26amp%3Bheight%3D128%26amp%3Bauto%3Dwebp%26amp%3Bformat%3Dpjpg","girl"
192,"Harrisburg vs Jefferson",Girls Volleyball,"Alabama",9/24/2026,6:30pm,"The Harrisburg varsity volleyball team has an away conference match @  Jefferson (Sioux Falls, SD) on Thursday, September 24 @ 6:30p.","/sd/volleyball/match/harrisburg-vs-jefferson-sioux-falls/9-24-2026/?c=5be71d5b-baa1-4b7a-9074-6da88d19064d","https://www.maxpreps.com/sd/volleyball/match/harrisburg-vs-jefferson-sioux-falls/9-24-2026/?c=5be71d5b-baa1-4b7a-9074-6da88d19064d","/volleyball/al/de2?9/24/2026","Harrisburg","Tigers","https://www.maxpreps.com/al/harrisburg/girls-volleyball/","https://www.maxpreps.com/al/jefferson-sioux-falls/girls-volleyball/","https://hsfootball.net/proxy.php?url=https%3A%2F%2Fimage.maxpreps.io%2Fschool-mascot%2F8%2F7%2Ff%2F87ff030e-1272-43b7-bc31-c0eb562fef16.gif%3Fversion%3D636487799400000000%26amp%3Bwidth%3D128%26amp%3Bheight%3D128%26amp%3Bauto%3Dwebp%26amp%3Bformat%3Dpjpg","https://hsfootball.net/proxy.php?url=https%3A%2F%2Fimage.maxpreps.io%2Fschool-mascot%2F8%2F2%2Fa%2F82a80189-a751-4b6a-99c7-2c2f48c5f03d.gif%3Fversion%3D637651224000000000%26amp%3Bwidth%3D128%26amp%3Bheight%3D128%26amp%3Bauto%3Dwebp%26amp%3Bformat%3Dpjpg","girl"
193,"Notre Dame (SO) vs Sierra Canyon",Girls Volleyball,"Alabama",9/24/2026,5:30pm,"The Notre Dame (SO) varsity volleyball team has an away conference match @  Sierra Canyon (Chatsworth, CA) on Thursday, September 24 @ 5:30p.","/ca/volleyball/match/notre-dame-so-sherman-oaks-vs-sierra-canyon-chatsworth/9-24-2026/?c=f6e2a3e5-7684-4558-b1ec-ca76a06fa9f5","https://www.maxpreps.com/ca/volleyball/match/notre-dame-so-sherman-oaks-vs-sierra-canyon-chatsworth/9-24-2026/?c=f6e2a3e5-7684-4558-b1ec-ca76a06fa9f5","/volleyball/al/14e3?9/24/2026","Notre Dame (SO)","Knights","https://www.maxpreps.com/al/notre-dame-so-sherman-oaks/girls-volleyball/","https://www.maxpreps.com/al/sierra-canyon-chatsworth/girls-volleyball/","https://hsfootball.net/proxy.php?url=https%3A%2F%2Fimage.maxpreps.io%2Fschool-mascot%2F7%2Ff%2F7%2F7f79a046-d5c4-465f-b1c4-41fe50ed8ea8.gif%3Fversion%3D637904761200000000%26amp%3Bwidth%3D128%26amp%3Bheight%3D128%26amp%3Bauto%3Dwebp%26amp%3Bformat%3Dpjpg","https://hsfootball.net/proxy.php?url=https%3A%2F%2Fimage.maxpreps.io%2Fschool-mascot%2F3%2Fe%2F6%2F3e6d32d9-9a21-4391-aba1-d59804bf82e6.gif%3Fversion%3D637776576000000000%26amp%3Bwidth%3D128%26amp%3Bheight%3D128%26amp%3Bauto%3Dwebp%26amp%3Bformat%3Dpjpg","girl"
194,"Orange Lutheran vs Mater Dei",Girls Volleyball,"Alabama",9/24/2026,5:45pm,"The Orange Lutheran varsity volleyball team has an away conference match @  Mater Dei (Santa Ana, CA) on Thursday, September 24 @ 5:45p.","/ca/volleyball/match/mater-dei-santa-ana-vs-orange-lutheran/9-24-2026/?c=827ddf55-c238-486f-9a90-04f8776f5262","https://www.maxpreps.com/ca/volleyball/match/mater-dei-santa-ana-vs-orange-lutheran/9-24-2026/?c=827ddf55-c238-486f-9a90-04f8776f5262","/volleyball/al/e68?9/24/2026","Orange Lutheran","Lancers","https://www.maxpreps.com/al/mater-dei-santa-ana/girls-volleyball/","https://www.maxpreps.com/al/orange-lutheran/girls-volleyball/","https://hsfootball.net/proxy.php?url=https%3A%2F%2Fimage.maxpreps.io%2Fschool-mascot%2F0%2F9%2F8%2F098e1491-1717-4088-b7a0-55e47c8e1d17.gif%3Fversion%3D639247078807662650%26amp%3Bwidth%3D128%26amp%3Bheight%3D128%26amp%3Bauto%3Dwebp%26amp%3Bformat%3Dpjpg","https://hsfootball.net/proxy.php?url=https%3A%2F%2Fimage.maxpreps.io%2Fschool-mascot%2F2%2Fb%2F6%2F2b6b45d3-4465-4750-ba48-a273b674e37c.gif%3Fversion%3D637964957400000000%26amp%3Bwidth%3D128%26amp%3Bheight%3D128%26amp%3Bauto%3Dwebp%26amp%3Bformat%3Dpjpg","girl"
195,"Sunnyslope vs Xavier College Prep",Girls Volleyball,"Alabama",9/24/2026,6:00pm,"The Sunnyslope varsity volleyball team has an away conference match @  Xavier College Prep (Phoenix, AZ) on Thursday, September 24 @ 6p.","/az/volleyball/match/sunnyslope-phoenix-vs-xavier-college-prep-phoenix/9-24-2026/?c=9da1b8c0-1356-444b-89c7-31b790a7dcc7","https://www.maxpreps.com/az/volleyball/match/sunnyslope-phoenix-vs-xavier-college-prep-phoenix/9-24-2026/?c=9da1b8c0-1356-444b-89c7-31b790a7dcc7","/volleyball/al/136e?9/24/2026","Sunnyslope","Vikings","https://www.maxpreps.com/al/sunnyslope-phoenix/girls-volleyball/","https://www.maxpreps.com/al/xavier-college-prep-phoenix/girls-volleyball/","https://hsfootball.net/proxy.php?url=https%3A%2F%2Fimage.maxpreps.io%2Fschool-mascot%2Fe%2F6%2Fd%2Fe6db1bc3-d49a-4c73-9bf8-67ad4dcbb916.gif%3Fversion%3D635430966600000000%26amp%3Bwidth%3D128%26amp%3Bheight%3D128%26amp%3Bauto%3Dwebp%26amp%3Bformat%3Dpjpg","https://hsfootball.net/proxy.php?url=https%3A%2F%2Fimage.maxpreps.io%2Fschool-mascot%2Fb%2F7%2Fb%2Fb7b42c63-fdf7-4b2f-a35d-58102374f555.gif%3Fversion%3D638860170641531920%26amp%3Bwidth%3D128%26amp%3Bheight%3D128%26amp%3Bauto%3Dwebp%26amp%3Bformat%3Dpjpg","girl"
196,"Mission Vista vs Torrey Pines",Girls Volleyball,"Alabama",9/24/2026,6:00pm,"The Mission Vista varsity volleyball team has an away conference match @  Torrey Pines (San Diego, CA) on Thursday, September 24 @ 6p.","/ca/volleyball/match/mission-vista-oceanside-vs-torrey-pines-san-diego/9-24-2026/?c=75af3a06-acc2-4bff-9c4a-2438e1958973","https://www.maxpreps.com/ca/volleyball/match/mission-vista-oceanside-vs-torrey-pines-san-diego/9-24-2026/?c=75af3a06-acc2-4bff-9c4a-2438e1958973","/volleyball/al/1306?9/24/2026","Mission Vista","Torrey Pines","https://www.maxpreps.com/al/mission-vista-oceanside/girls-volleyball/","https://www.maxpreps.com/al/torrey-pines-san-diego/girls-volleyball/","https://hsfootball.net/proxy.php?url=https%3A%2F%2Fimage.maxpreps.io%2Fschool-mascot%2Fe%2F9%2F4%2Fe9446588-3714-4a57-905e-cd9a097a48b0.gif%3Fversion%3D634702108200000000%26amp%3Bwidth%3D128%26amp%3Bheight%3D128%26amp%3Bauto%3Dwebp%26amp%3Bformat%3Dpjpg","https://hsfootball.net/proxy.php?url=https%3A%2F%2Fimage.maxpreps.io%2Fschool-mascot%2Fa%2Fd%2F4%2Fad43e80f-2296-4b96-a0a9-44e6a8ea76f2.gif%3Fversion%3D633642330000000000%26amp%3Bwidth%3D128%26amp%3Bheight%3D128%26amp%3Bauto%3Dwebp%26amp%3Bformat%3Dpjpg","girl"
197,"Saint Francis vs Archbishop Mitty",Girls Volleyball,"Alabama",9/24/2026,6:00pm,"The Saint Francis varsity volleyball team has an away conference match @  Archbishop Mitty (San Jose, CA) on Thursday, September 24 @ 6p.","/ca/volleyball/match/archbishop-mitty-san-jose-vs-saint-francis-mountain-view/9-24-2026/?c=99ae6ac6-d99a-4c90-aab8-d5848e1af9fd","https://www.maxpreps.com/ca/volleyball/match/archbishop-mitty-san-jose-vs-saint-francis-mountain-view/9-24-2026/?c=99ae6ac6-d99a-4c90-aab8-d5848e1af9fd","/volleyball/al/15c9?9/24/2026","Saint Francis","Lancers","https://www.maxpreps.com/al/archbishop-mitty-san-jose/girls-volleyball/","https://www.maxpreps.com/al/saint-francis-mountain-view/girls-volleyball/","https://hsfootball.net/proxy.php?url=https%3A%2F%2Fimage.maxpreps.io%2Fschool-mascot%2Fd%2Fe%2F6%2Fde6d3780-e8f6-4a2a-93f2-b5d89499f9b0.gif%3Fversion%3D638773818349606110%26amp%3Bwidth%3D128%26amp%3Bheight%3D128%26amp%3Bauto%3Dwebp%26amp%3Bformat%3Dpjpg","https://hsfootball.net/proxy.php?url=https%3A%2F%2Fimage.maxpreps.io%2Fschool-mascot%2F0%2Ff%2F6%2F0f63870a-34f3-4d5b-9dbf-653c8410f969.gif%3Fversion%3D637116646800000000%26amp%3Bwidth%3D128%26amp%3Bheight%3D128%26amp%3Bauto%3Dwebp%26amp%3Bformat%3Dpjpg","girl"
198,"Christian vs Cathedral Catholic",Girls Volleyball,"Alabama",9/24/2026,6:15pm,"The Christian varsity volleyball team has an away conference match @  Cathedral Catholic (San Diego, CA) on Thursday, September 24 @ 6:15p.","/ca/volleyball/match/cathedral-catholic-san-diego-vs-christian-el-cajon/9-24-2026/?c=e6e4fe1e-e4d7-46cc-8255-ec848d4162e6","https://www.maxpreps.com/ca/volleyball/match/cathedral-catholic-san-diego-vs-christian-el-cajon/9-24-2026/?c=e6e4fe1e-e4d7-46cc-8255-ec848d4162e6","/volleyball/al/12fe?9/24/2026","Christian","Patriots","https://www.maxpreps.com/al/cathedral-catholic-san-diego/girls-volleyball/","https://www.maxpreps.com/al/christian-el-cajon/girls-volleyball/","https://hsfootball.net/proxy.php?url=https%3A%2F%2Fimage.maxpreps.io%2Fschool-mascot%2Ff%2Fd%2Fc%2Ffdcaffe2-f6d5-450a-b17f-af4b52e2a651.gif%3Fversion%3D636474549000000000%26amp%3Bwidth%3D128%26amp%3Bheight%3D128%26amp%3Bauto%3Dwebp%26amp%3Bformat%3Dpjpg","https://hsfootball.net/proxy.php?url=https%3A%2F%2Fimage.maxpreps.io%2Fschool-mascot%2F1%2F5%2Fc%2F15c34e49-1a29-4298-8a84-00a2ec6ae36b.gif%3Fversion%3D638091152400000000%26amp%3Bwidth%3D128%26amp%3Bheight%3D128%26amp%3Bauto%3Dwebp%26amp%3Bformat%3Dpjpg","girl"
199,"Mid-Pacific Institute vs &#x27;Iolani",Girls Volleyball,"Alabama",9/24/2026,6:00pm,"The Mid-Pacific Institute varsity volleyball team has an away conference match @  &#x27;Iolani (Honolulu, HI) on Thursday, September 24 @ 6p.","/hi/volleyball/match/iolani-honolulu-vs-mid-pacific-institute-honolulu/9-24-2026/?c=c544765e-6596-42f8-a729-33be5efca77b","https://www.maxpreps.com/hi/volleyball/match/iolani-honolulu-vs-mid-pacific-institute-honolulu/9-24-2026/?c=c544765e-6596-42f8-a729-33be5efca77b","/volleyball/al/1351?9/24/2026","Mid-Pacific Institute","Owls","https://www.maxpreps.com/al/iolani-honolulu/girls-volleyball/","https://www.maxpreps.com/al/mid-pacific-institute-honolulu/girls-volleyball/","https://hsfootball.net/proxy.php?url=https%3A%2F%2Fimage.maxpreps.io%2Fschool-mascot%2F7%2F5%2F5%2F7557d918-b4c7-47b3-bd74-6c23bdf2dccb.gif%3Fversion%3D637056899400000000%26amp%3Bwidth%3D128%26amp%3Bheight%3D128%26amp%3Bauto%3Dwebp%26amp%3Bformat%3Dpjpg","https://hsfootball.net/proxy.php?url=https%3A%2F%2Fimage.maxpreps.io%2Fschool-mascot%2F0%2F4%2Fe%2F04e273ab-e099-4380-9f14-bc03513cd072.gif%3Fversion%3D635736873000000000%26amp%3Bwidth%3D128%26amp%3Bheight%3D128%26amp%3Bauto%3Dwebp%26amp%3Bformat%3Dpjpg","girl"