1,"West Albany vs Crescent Valley",Girls Volleyball,"Oregon",9/15/2026,6:30pm,"The West Albany varsity volleyball team has an away conference match @  Crescent Valley (Corvallis, OR) on Tuesday, September 15 @ 6:30p.","/or/volleyball/match/crescent-valley-corvallis-vs-west-albany/9-15-2026/?c=6fc7089c-7866-49a8-b1da-13ebffd1f056","https://www.maxpreps.com/or/volleyball/match/crescent-valley-corvallis-vs-west-albany/9-15-2026/?c=6fc7089c-7866-49a8-b1da-13ebffd1f056","/volleyball/or/fb7?9/15/2026","West Albany","Bulldogs","https://www.maxpreps.com/or/crescent-valley-corvallis/volleyball/","https://www.maxpreps.com/or/west-albany/volleyball/","https://hsfootball.net/proxy.php?url=https%3A%2F%2Fimage.maxpreps.io%2Fschool-mascot%2F8%2F2%2Fb%2F82b30d4c-8ea8-435b-97e1-74c544c0e4e6.gif%3Fversion%3D636790804200000000%26amp%3Bwidth%3D128%26amp%3Bheight%3D128%26amp%3Bauto%3Dwebp%26amp%3Bformat%3Dpjpg","https://hsfootball.net/proxy.php?url=https%3A%2F%2Fimage.maxpreps.io%2Fschool-mascot%2Fb%2F7%2F5%2Fb75fafc6-84c1-4ae6-b82f-f5315f0b2922.gif%3Fversion%3D636092825400000000%26amp%3Bwidth%3D128%26amp%3Bheight%3D128%26amp%3Bauto%3Dwebp%26amp%3Bformat%3Dpjpg","girl"
2,"Sprague vs McNary",Girls Volleyball,"Oregon",9/15/2026,6:30pm,"The Sprague varsity volleyball team has an away conference match @  McNary (Keizer, OR) on Tuesday, September 15 @ 6:30p.","/or/volleyball/match/mcnary-keizer-vs-sprague-salem/9-15-2026/?c=74e32f5d-b6ae-46a7-a9dc-f8308218b461","https://www.maxpreps.com/or/volleyball/match/mcnary-keizer-vs-sprague-salem/9-15-2026/?c=74e32f5d-b6ae-46a7-a9dc-f8308218b461","/volleyball/or/bba?9/15/2026","Sprague","Olympians","https://www.maxpreps.com/or/mcnary-keizer/volleyball/","https://www.maxpreps.com/or/sprague-salem/volleyball/","https://hsfootball.net/proxy.php?url=https%3A%2F%2Fimage.maxpreps.io%2Fschool-mascot%2F4%2F8%2Fc%2F48c10f5d-454e-4198-bb97-dfbe636e9ab0.gif%3Fversion%3D636053774400000000%26amp%3Bwidth%3D128%26amp%3Bheight%3D128%26amp%3Bauto%3Dwebp%26amp%3Bformat%3Dpjpg","https://hsfootball.net/proxy.php?url=https%3A%2F%2Fimage.maxpreps.io%2Fschool-mascot%2F1%2F6%2F4%2F16419bfe-7696-4214-a9f4-25b2a0f51783.gif%3Fversion%3D636502145400000000%26amp%3Bwidth%3D128%26amp%3Bheight%3D128%26amp%3Bauto%3Dwebp%26amp%3Bformat%3Dpjpg","girl"
3,"Valley Catholic vs Estacada",Girls Volleyball,"Oregon",9/15/2026,4:30pm,"The Valley Catholic varsity volleyball team has an away non-conference match @  Estacada (OR) on Tuesday, September 15 @ 4:30p.","/or/volleyball/match/estacada-vs-valley-catholic-beaverton/9-15-2026/?c=f91b6b60-27b9-462a-a709-898b04b443f4","https://www.maxpreps.com/or/volleyball/match/estacada-vs-valley-catholic-beaverton/9-15-2026/?c=f91b6b60-27b9-462a-a709-898b04b443f4","/volleyball/or/e6d?9/15/2026","Valley Catholic","Valiants","https://www.maxpreps.com/or/estacada/volleyball/","https://www.maxpreps.com/or/valley-catholic-beaverton/volleyball/","https://hsfootball.net/proxy.php?url=https%3A%2F%2Fimage.maxpreps.io%2Fschool-mascot%2F4%2Fa%2F0%2F4a088ee4-6b1c-42c2-91ac-a4347c569727.gif%3Fversion%3D635769645000000000%26amp%3Bwidth%3D128%26amp%3Bheight%3D128%26amp%3Bauto%3Dwebp%26amp%3Bformat%3Dpjpg","https://hsfootball.net/proxy.php?url=https%3A%2F%2Fimage.maxpreps.io%2Fschool-mascot%2F5%2Ff%2F3%2F5f3c903c-6796-415a-aa6d-5bae9edb459f.gif%3Fversion%3D634933351200000000%26amp%3Bwidth%3D128%26amp%3Bheight%3D128%26amp%3Bauto%3Dwebp%26amp%3Bformat%3Dpjpg","girl"
4,"Perrydale vs Alsea",Girls Volleyball,"Oregon",9/15/2026,3:00pm,"The Perrydale varsity volleyball team has an away non-conference match @  Alsea (OR) on Tuesday, September 15 @ 3p.","/or/volleyball/match/alsea-vs-perrydale-amity/9-15-2026/?c=5748198d-9033-442e-af2c-07aa35f2d8e1","https://www.maxpreps.com/or/volleyball/match/alsea-vs-perrydale-amity/9-15-2026/?c=5748198d-9033-442e-af2c-07aa35f2d8e1","/volleyball/or/962?9/15/2026","Perrydale","Pirates","https://www.maxpreps.com/or/alsea/volleyball/","https://www.maxpreps.com/or/perrydale-amity/volleyball/","https://hsfootball.net/proxy.php?url=https%3A%2F%2Fasset.maxpreps.io%2Fincludes%2Fimages%2Flogos%2Fmaxpreps-logo-white-2025.png","https://hsfootball.net/proxy.php?url=https%3A%2F%2Fasset.maxpreps.io%2Fincludes%2Freact%2Fplay-on-logo.png","girl"
5,"Perrydale vs McKenzie",Girls Volleyball,"Oregon",9/15/2026,3:00pm,"The Perrydale varsity volleyball team has an away non-conference match @  McKenzie (Finn Rock, OR) on Tuesday, September 15 @ 3p.","/or/volleyball/match/mckenzie-finn-rock-vs-perrydale-amity/9-15-2026/?c=68850238-ba06-40bb-8341-79660deb6d94","https://www.maxpreps.com/or/volleyball/match/mckenzie-finn-rock-vs-perrydale-amity/9-15-2026/?c=68850238-ba06-40bb-8341-79660deb6d94","/volleyball/or/e66?9/15/2026","Perrydale","Pirates","https://www.maxpreps.com/or/mckenzie-finn-rock/volleyball/","https://www.maxpreps.com/or/perrydale-amity/volleyball/","https://hsfootball.net/proxy.php?url=https%3A%2F%2Fimage.maxpreps.io%2Fschool-mascot%2F1%2F3%2F1%2F1319f82c-5f06-48d4-be14-578c4e76dd11.gif%3Fversion%3D636416758800000000%26amp%3Bwidth%3D128%26amp%3Bheight%3D128%26amp%3Bauto%3Dwebp%26amp%3Bformat%3Dpjpg","https://hsfootball.net/proxy.php?url=https%3A%2F%2Fimage.maxpreps.io%2Fschool-mascot%2F1%2F3%2F1%2F1319f82c-5f06-48d4-be14-578c4e76dd11.gif%3Fversion%3D636416758800000000%26amp%3Bwidth%3D32%26amp%3Bheight%3D32%26amp%3Bauto%3Dwebp%26amp%3Bformat%3Dpjpg","girl"
6,"McKenzie vs Alsea",Girls Volleyball,"Oregon",9/15/2026,4:30pm,"The McKenzie varsity volleyball team has an away conference match @  Alsea (OR) on Tuesday, September 15 @ 4:30p.","/or/volleyball/match/alsea-vs-mckenzie-finn-rock/9-15-2026/?c=ac87b3ef-9065-4ceb-ab34-9e21f8afcf55","https://www.maxpreps.com/or/volleyball/match/alsea-vs-mckenzie-finn-rock/9-15-2026/?c=ac87b3ef-9065-4ceb-ab34-9e21f8afcf55","/volleyball/or/a53?9/15/2026","McKenzie","Eagles","https://www.maxpreps.com/or/alsea/volleyball/","https://www.maxpreps.com/or/mckenzie-finn-rock/volleyball/","https://hsfootball.net/proxy.php?url=https%3A%2F%2Fimage.maxpreps.io%2Fschool-mascot%2F1%2F3%2F1%2F1319f82c-5f06-48d4-be14-578c4e76dd11.gif%3Fversion%3D636416758800000000%26amp%3Bwidth%3D128%26amp%3Bheight%3D128%26amp%3Bauto%3Dwebp%26amp%3Bformat%3Dpjpg","https://hsfootball.net/proxy.php?url=https%3A%2F%2Fimage.maxpreps.io%2Fschool-mascot%2F1%2F3%2F1%2F1319f82c-5f06-48d4-be14-578c4e76dd11.gif%3Fversion%3D636416758800000000%26amp%3Bwidth%3D32%26amp%3Bheight%3D32%26amp%3Bauto%3Dwebp%26amp%3Bformat%3Dpjpg","girl"
7,"Heppner vs Dufur",Girls Volleyball,"Oregon",9/15/2026,5:00pm,"The Heppner varsity volleyball team has an away non-conference match @  Dufur (OR) on Tuesday, September 15 @ 5p.","/or/volleyball/match/dufur-vs-heppner/9-15-2026/?c=a6dec2cd-1943-441a-9c8f-5366e9194a2f","https://www.maxpreps.com/or/volleyball/match/dufur-vs-heppner/9-15-2026/?c=a6dec2cd-1943-441a-9c8f-5366e9194a2f","/volleyball/or/65b?9/15/2026","Heppner","Mustangs","https://www.maxpreps.com/or/dufur/volleyball/","https://www.maxpreps.com/or/heppner/volleyball/","https://hsfootball.net/proxy.php?url=https%3A%2F%2Fimage.maxpreps.io%2Fschool-mascot%2Fa%2Ff%2F1%2Faf1ff4ef-d225-4d8c-9b8c-7a95793a6e24.gif%3Fversion%3D635768757600000000%26amp%3Bwidth%3D128%26amp%3Bheight%3D128%26amp%3Bauto%3Dwebp%26amp%3Bformat%3Dpjpg","https://hsfootball.net/proxy.php?url=https%3A%2F%2Fimage.maxpreps.io%2Fschool-mascot%2F6%2F4%2F9%2F64939041-4f7e-4b35-b156-5acab1ed0bc0.gif%3Fversion%3D635936496000000000%26amp%3Bwidth%3D128%26amp%3Bheight%3D128%26amp%3Bauto%3Dwebp%26amp%3Bformat%3Dpjpg","girl"
8,"Prospect vs Chiloquin",Girls Volleyball,"Oregon",9/15/2026,5:00pm,"The Prospect varsity volleyball team has an away conference match @  Chiloquin (OR) on Tuesday, September 15 @ 5p.","/or/volleyball/match/chiloquin-vs-prospect/9-15-2026/?c=b48c491a-5ee2-464a-b903-7257e6e2838a","https://www.maxpreps.com/or/volleyball/match/chiloquin-vs-prospect/9-15-2026/?c=b48c491a-5ee2-464a-b903-7257e6e2838a","/volleyball/or/87f?9/15/2026","Prospect","Cougars","https://www.maxpreps.com/or/chiloquin/volleyball/","https://www.maxpreps.com/or/prospect/volleyball/","https://hsfootball.net/proxy.php?url=https%3A%2F%2Fasset.maxpreps.io%2Fincludes%2Fimages%2Flogos%2Fmaxpreps-logo-white-2025.png","https://hsfootball.net/proxy.php?url=https%3A%2F%2Fasset.maxpreps.io%2Fincludes%2Freact%2Fplay-on-logo.png","girl"
9,"South Wasco County vs Lyle",Girls Volleyball,"Oregon",9/15/2026,5:00pm,"The South Wasco County varsity volleyball team has an away non-conference match @  Lyle (WA) on Tuesday, September 15 @ 5p.","/inter-state/volleyball/match/lyle-wa-vs-south-wasco-county-maupin-or/9-15-2026/?c=76ec8fd2-b46b-4645-8f5d-82203e44c7b5","https://www.maxpreps.com/inter-state/volleyball/match/lyle-wa-vs-south-wasco-county-maupin-or/9-15-2026/?c=76ec8fd2-b46b-4645-8f5d-82203e44c7b5","/volleyball/or/f0f?9/15/2026","South Wasco County","Redsides","https://www.maxpreps.com/or/lyle-wa/volleyball/","https://www.maxpreps.com/or/south-wasco-county-maupin-or/volleyball/","https://hsfootball.net/proxy.php?url=https%3A%2F%2Fasset.maxpreps.io%2Fincludes%2Fimages%2Flogos%2Fmaxpreps-logo-white-2025.png","https://hsfootball.net/proxy.php?url=https%3A%2F%2Fasset.maxpreps.io%2Fincludes%2Freact%2Fplay-on-logo.png","girl"
10,"Sherman vs Ione/Arlington",Girls Volleyball,"Oregon",9/15/2026,5:00pm,"The Sherman varsity volleyball team has an away conference match @  Ione/Arlington (Ione, OR) on Tuesday, September 15 @ 5p.","/or/volleyball/match/ione-arlington-vs-sherman-moro/9-15-2026/?c=cd19aa18-2e48-43b0-aae4-f3908ac7520d","https://www.maxpreps.com/or/volleyball/match/ione-arlington-vs-sherman-moro/9-15-2026/?c=cd19aa18-2e48-43b0-aae4-f3908ac7520d","/volleyball/or/bc1?9/15/2026","Sherman","Huskies","https://www.maxpreps.com/or/ione-arlington/volleyball/","https://www.maxpreps.com/or/sherman-moro/volleyball/","https://hsfootball.net/proxy.php?url=https%3A%2F%2Fasset.maxpreps.io%2Fincludes%2Fimages%2Flogos%2Fmaxpreps-logo-white-2025.png","https://hsfootball.net/proxy.php?url=https%3A%2F%2Fasset.maxpreps.io%2Fincludes%2Freact%2Fplay-on-logo.png","girl"
11,"Trout Lake vs Horizon Christian",Girls Volleyball,"Oregon",9/15/2026,5:00pm,"The Trout Lake varsity volleyball team has an away conference match @  Horizon Christian (Hood River, OR) on Tuesday, September 15 @ 5p.","/inter-state/volleyball/match/horizon-christian-hood-river-or-vs-trout-lake-wa/9-15-2026/?c=142d6a62-607d-4b3a-a241-425fc7043dcc","https://www.maxpreps.com/inter-state/volleyball/match/horizon-christian-hood-river-or-vs-trout-lake-wa/9-15-2026/?c=142d6a62-607d-4b3a-a241-425fc7043dcc","/volleyball/or/1285?9/15/2026","Trout Lake","Mustangs","https://www.maxpreps.com/or/horizon-christian-hood-river-or/volleyball/","https://www.maxpreps.com/or/trout-lake-wa/volleyball/","https://hsfootball.net/proxy.php?url=https%3A%2F%2Fimage.maxpreps.io%2Fschool-mascot%2Fe%2F2%2F4%2Fe24a567f-8e3c-44e9-8a4b-1aa1f05223de.gif%3Fversion%3D635545038000000000%26amp%3Bwidth%3D128%26amp%3Bheight%3D128%26amp%3Bauto%3Dwebp%26amp%3Bformat%3Dpjpg","https://hsfootball.net/proxy.php?url=https%3A%2F%2Fimage.maxpreps.io%2Fschool-mascot%2Fe%2F2%2F4%2Fe24a567f-8e3c-44e9-8a4b-1aa1f05223de.gif%3Fversion%3D635545038000000000%26amp%3Bwidth%3D32%26amp%3Bheight%3D32%26amp%3Bauto%3Dwebp%26amp%3Bformat%3Dpjpg","girl"
12,"Waldport vs Lowell",Girls Volleyball,"Oregon",9/15/2026,5:30pm,"The Waldport varsity volleyball team has an away conference match @  Lowell (OR) on Tuesday, September 15 @ 5:30p.","/or/volleyball/match/lowell-vs-waldport/9-15-2026/?c=ec97508a-8510-4a3c-bf45-bd55e85697a3","https://www.maxpreps.com/or/volleyball/match/lowell-vs-waldport/9-15-2026/?c=ec97508a-8510-4a3c-bf45-bd55e85697a3","/volleyball/or/73f?9/15/2026","Waldport","Irish","https://www.maxpreps.com/or/lowell/volleyball/","https://www.maxpreps.com/or/waldport/volleyball/","https://hsfootball.net/proxy.php?url=https%3A%2F%2Fimage.maxpreps.io%2Fschool-mascot%2Ff%2F9%2F7%2Ff97be8b4-84f1-47c5-bd34-46c5cc57df1a.gif%3Fversion%3D636131650800000000%26amp%3Bwidth%3D128%26amp%3Bheight%3D128%26amp%3Bauto%3Dwebp%26amp%3Bformat%3Dpjpg","https://hsfootball.net/proxy.php?url=https%3A%2F%2Fimage.maxpreps.io%2Fschool-mascot%2Ff%2F9%2F7%2Ff97be8b4-84f1-47c5-bd34-46c5cc57df1a.gif%3Fversion%3D636131650800000000%26amp%3Bwidth%3D32%26amp%3Bheight%3D32%26amp%3Bauto%3Dwebp%26amp%3Bformat%3Dpjpg","girl"
13,"Sheridan vs Colton",Girls Volleyball,"Oregon",9/15/2026,6:00pm,"The Sheridan varsity volleyball team has an away conference match @  Colton (OR) on Tuesday, September 15 @ 6p.","/or/volleyball/match/colton-vs-sheridan/9-15-2026/?c=cb3b2f61-379b-42ef-92dc-6492566a28ed","https://www.maxpreps.com/or/volleyball/match/colton-vs-sheridan/9-15-2026/?c=cb3b2f61-379b-42ef-92dc-6492566a28ed","/volleyball/or/720?9/15/2026","Sheridan","Spartans","https://www.maxpreps.com/or/colton/volleyball/","https://www.maxpreps.com/or/sheridan/volleyball/","https://hsfootball.net/proxy.php?url=https%3A%2F%2Fimage.maxpreps.io%2Fschool-mascot%2F5%2F2%2F7%2F527417e5-997c-4b1a-82e2-a628081fbeb7.gif%3Fversion%3D636725227200000000%26amp%3Bwidth%3D128%26amp%3Bheight%3D128%26amp%3Bauto%3Dwebp%26amp%3Bformat%3Dpjpg","https://hsfootball.net/proxy.php?url=https%3A%2F%2Fimage.maxpreps.io%2Fschool-mascot%2F4%2Fc%2Fe%2F4ce38d90-dd4c-4b74-ad0f-cbb2ea6d77ff.gif%3Fversion%3D637450292400000000%26amp%3Bwidth%3D128%26amp%3Bheight%3D128%26amp%3Bauto%3Dwebp%26amp%3Bformat%3Dpjpg","girl"
14,"Reedsport vs Elkton",Girls Volleyball,"Oregon",9/15/2026,6:00pm,"The Reedsport varsity volleyball team has an away non-conference match @  Elkton (OR) on Tuesday, September 15 @ 6p.","/or/volleyball/match/elkton-vs-reedsport/9-15-2026/?c=87c04ba4-96ba-40b8-8ebd-bb146dddf462","https://www.maxpreps.com/or/volleyball/match/elkton-vs-reedsport/9-15-2026/?c=87c04ba4-96ba-40b8-8ebd-bb146dddf462","/volleyball/or/7a8?9/15/2026","Reedsport","Elkton","https://www.maxpreps.com/or/elkton/volleyball/","https://www.maxpreps.com/or/reedsport/volleyball/","https://hsfootball.net/proxy.php?url=https%3A%2F%2Fimage.maxpreps.io%2Fschool-mascot%2F4%2F2%2Fd%2F42dfd597-7dc8-4462-bf15-9110c4b4be30.gif%3Fversion%3D636760644000000000%26amp%3Bwidth%3D128%26amp%3Bheight%3D128%26amp%3Bauto%3Dwebp%26amp%3Bformat%3Dpjpg","https://hsfootball.net/proxy.php?url=https%3A%2F%2Fimage.maxpreps.io%2Fschool-mascot%2F3%2F8%2Fb%2F38bf164b-1ba2-425d-a1b5-36f3adb0f9f8.gif%3Fversion%3D636404622000000000%26amp%3Bwidth%3D128%26amp%3Bheight%3D128%26amp%3Bauto%3Dwebp%26amp%3Bformat%3Dpjpg","girl"
15,"Monroe vs Toledo",Girls Volleyball,"Oregon",9/15/2026,6:00pm,"The Monroe varsity volleyball team has an away conference match @  Toledo (OR) on Tuesday, September 15 @ 6p.","/or/volleyball/match/monroe-vs-toledo/9-15-2026/?c=0d44f675-8627-4c96-9a5a-fb69a1738fc7","https://www.maxpreps.com/or/volleyball/match/monroe-vs-toledo/9-15-2026/?c=0d44f675-8627-4c96-9a5a-fb69a1738fc7","/volleyball/or/65a?9/15/2026","Monroe","Dragons","https://www.maxpreps.com/or/monroe/volleyball/","https://www.maxpreps.com/or/toledo/volleyball/","https://hsfootball.net/proxy.php?url=https%3A%2F%2Fimage.maxpreps.io%2Fschool-mascot%2F4%2F4%2F3%2F443ace92-ef35-4cfb-9124-a00fb26a710f.gif%3Fversion%3D638797927199632800%26amp%3Bwidth%3D128%26amp%3Bheight%3D128%26amp%3Bauto%3Dwebp%26amp%3Bformat%3Dpjpg","https://hsfootball.net/proxy.php?url=https%3A%2F%2Fimage.maxpreps.io%2Fschool-mascot%2Fd%2Fa%2Fc%2Fdac9a317-607d-46e4-ba3a-c8d7b30b814c.gif%3Fversion%3D634343304000000000%26amp%3Bwidth%3D128%26amp%3Bheight%3D128%26amp%3Bauto%3Dwebp%26amp%3Bformat%3Dpjpg","girl"
16,"Amity vs Santiam Christian",Girls Volleyball,"Oregon",9/15/2026,6:00pm,"The Amity varsity volleyball team has an away conference match @  Santiam Christian (Corvallis, OR) on Tuesday, September 15 @ 6p.","/or/volleyball/match/amity-vs-santiam-christian-corvallis/9-15-2026/?c=9d276de8-bb29-4df4-8d23-828ced2bd148","https://www.maxpreps.com/or/volleyball/match/amity-vs-santiam-christian-corvallis/9-15-2026/?c=9d276de8-bb29-4df4-8d23-828ced2bd148","/volleyball/or/e42?9/15/2026","Amity","Warriors","https://www.maxpreps.com/or/amity/volleyball/","https://www.maxpreps.com/or/santiam-christian-corvallis/volleyball/","https://hsfootball.net/proxy.php?url=https%3A%2F%2Fimage.maxpreps.io%2Fschool-mascot%2F2%2F0%2F9%2F209c829c-3c25-4e7b-8b7e-586960c9a888.gif%3Fversion%3D636394556400000000%26amp%3Bwidth%3D128%26amp%3Bheight%3D128%26amp%3Bauto%3Dwebp%26amp%3Bformat%3Dpjpg","https://hsfootball.net/proxy.php?url=https%3A%2F%2Fimage.maxpreps.io%2Fschool-mascot%2F2%2F0%2F9%2F209c829c-3c25-4e7b-8b7e-586960c9a888.gif%3Fversion%3D636394556400000000%26amp%3Bwidth%3D32%26amp%3Bheight%3D32%26amp%3Bauto%3Dwebp%26amp%3Bformat%3Dpjpg","girl"
17,"North Douglas vs Country Christian",Girls Volleyball,"Oregon",9/15/2026,6:00pm,"The North Douglas varsity volleyball team has an away non-conference match @  Country Christian (Molalla, OR) on Tuesday, September 15 @ 6p.","/or/volleyball/match/country-christian-molalla-vs-north-douglas-drain/9-15-2026/?c=6e3c41aa-d40e-47ea-9891-a3e1d79a2bfb","https://www.maxpreps.com/or/volleyball/match/country-christian-molalla-vs-north-douglas-drain/9-15-2026/?c=6e3c41aa-d40e-47ea-9891-a3e1d79a2bfb","/volleyball/or/12da?9/15/2026","North Douglas","Country Christian","https://www.maxpreps.com/or/country-christian-molalla/volleyball/","https://www.maxpreps.com/or/north-douglas-drain/volleyball/","https://hsfootball.net/proxy.php?url=https%3A%2F%2Fimage.maxpreps.io%2Fschool-mascot%2F4%2F8%2Ff%2F48f0ec1c-cf60-4377-8700-73bfa08e2f46.gif%3Fversion%3D633818976000000000%26amp%3Bwidth%3D128%26amp%3Bheight%3D128%26amp%3Bauto%3Dwebp%26amp%3Bformat%3Dpjpg","https://hsfootball.net/proxy.php?url=https%3A%2F%2Fimage.maxpreps.io%2Fschool-mascot%2F6%2Ff%2F8%2F6f869ab0-53b9-4159-b608-f4ab6fc61c6c.gif%3Fversion%3D636027047400000000%26amp%3Bwidth%3D128%26amp%3Bheight%3D128%26amp%3Bauto%3Dwebp%26amp%3Bformat%3Dpjpg","girl"
18,"Salem Academy vs Blanchet Catholic",Girls Volleyball,"Oregon",9/15/2026,6:00pm,"The Salem Academy varsity volleyball team has an away non-conference match @  Blanchet Catholic (Salem, OR) on Tuesday, September 15 @ 6p.","/or/volleyball/match/blanchet-catholic-salem-vs-salem-academy/9-15-2026/?c=7b9dff9f-4d52-48cd-8d6e-915e5b0a1d0a","https://www.maxpreps.com/or/volleyball/match/blanchet-catholic-salem-vs-salem-academy/9-15-2026/?c=7b9dff9f-4d52-48cd-8d6e-915e5b0a1d0a","/volleyball/or/f4a?9/15/2026","Salem Academy","Crusaders","https://www.maxpreps.com/or/blanchet-catholic-salem/volleyball/","https://www.maxpreps.com/or/salem-academy/volleyball/","https://hsfootball.net/proxy.php?url=https%3A%2F%2Fimage.maxpreps.io%2Fschool-mascot%2Fe%2F6%2F7%2Fe672394b-09b9-498f-b498-37faa45434a0.gif%3Fversion%3D636754671000000000%26amp%3Bwidth%3D128%26amp%3Bheight%3D128%26amp%3Bauto%3Dwebp%26amp%3Bformat%3Dpjpg","https://hsfootball.net/proxy.php?url=https%3A%2F%2Fimage.maxpreps.io%2Fschool-mascot%2F4%2Fc%2Fa%2F4cabf5eb-a641-4e8e-a215-7fa5d7f37811.gif%3Fversion%3D633729115800000000%26amp%3Bwidth%3D128%26amp%3Bheight%3D128%26amp%3Bauto%3Dwebp%26amp%3Bformat%3Dpjpg","girl"
19,"Umatilla vs Stanfield",Girls Volleyball,"Oregon",9/15/2026,6:00pm,"The Umatilla varsity volleyball team has an away non-conference match @  Stanfield (OR) on Tuesday, September 15 @ 6p.","/or/volleyball/match/stanfield-vs-umatilla/9-15-2026/?c=1e3a03ef-0e63-4ee2-9738-5db3b9c79777","https://www.maxpreps.com/or/volleyball/match/stanfield-vs-umatilla/9-15-2026/?c=1e3a03ef-0e63-4ee2-9738-5db3b9c79777","/volleyball/or/856?9/15/2026","Umatilla","Vikings","https://www.maxpreps.com/or/stanfield/volleyball/","https://www.maxpreps.com/or/umatilla/volleyball/","https://hsfootball.net/proxy.php?url=https%3A%2F%2Fimage.maxpreps.io%2Fschool-mascot%2F4%2F1%2F5%2F41559213-7e06-40a4-a76f-7deccc3d02f7.gif%3Fversion%3D633809506800000000%26amp%3Bwidth%3D128%26amp%3Bheight%3D128%26amp%3Bauto%3Dwebp%26amp%3Bformat%3Dpjpg","https://hsfootball.net/proxy.php?url=https%3A%2F%2Fimage.maxpreps.io%2Fschool-mascot%2F5%2F5%2F4%2F554ca357-44c2-4d77-86f5-a692d4e000f9.gif%3Fversion%3D636650209800000000%26amp%3Bwidth%3D128%26amp%3Bheight%3D128%26amp%3Bauto%3Dwebp%26amp%3Bformat%3Dpjpg","girl"
20,"Burns vs Nyssa",Girls Volleyball,"Oregon",9/15/2026,6:00pm,"The Burns varsity volleyball team has an away conference match @  Nyssa (OR) on Tuesday, September 15 @ 6p.","/or/volleyball/match/burns-vs-nyssa/9-15-2026/?c=9c8537f9-3970-451b-b151-4ddaea92874d","https://www.maxpreps.com/or/volleyball/match/burns-vs-nyssa/9-15-2026/?c=9c8537f9-3970-451b-b151-4ddaea92874d","/volleyball/or/59b?9/15/2026","Burns","Hilanders","https://www.maxpreps.com/or/burns/volleyball/","https://www.maxpreps.com/or/nyssa/volleyball/","https://hsfootball.net/proxy.php?url=https%3A%2F%2Fimage.maxpreps.io%2Fschool-mascot%2Fe%2F6%2F9%2Fe6964cc9-1a8d-4e8f-b033-751518d81ffb.gif%3Fversion%3D636650210400000000%26amp%3Bwidth%3D128%26amp%3Bheight%3D128%26amp%3Bauto%3Dwebp%26amp%3Bformat%3Dpjpg","https://hsfootball.net/proxy.php?url=https%3A%2F%2Fimage.maxpreps.io%2Fschool-mascot%2F9%2F1%2F8%2F91885b9a-00ff-430e-a5aa-01e15e7d5964.gif%3Fversion%3D636650210400000000%26amp%3Bwidth%3D128%26amp%3Bheight%3D128%26amp%3Bauto%3Dwebp%26amp%3Bformat%3Dpjpg","girl"
21,"Crow vs Mohawk",Girls Volleyball,"Oregon",9/15/2026,6:00pm,"The Crow varsity volleyball team has an away conference match @  Mohawk (Marcola, OR) on Tuesday, September 15 @ 6p.","/or/volleyball/match/crow-eugene-vs-mohawk-mustangs-marcola/9-15-2026/?c=cb0156a2-7401-44e6-8279-c22dd0d9b4d7","https://www.maxpreps.com/or/volleyball/match/crow-eugene-vs-mohawk-mustangs-marcola/9-15-2026/?c=cb0156a2-7401-44e6-8279-c22dd0d9b4d7","/volleyball/or/ed6?9/15/2026","Crow","Cougars","https://www.maxpreps.com/or/crow-eugene/volleyball/","https://www.maxpreps.com/or/mohawk-mustangs-marcola/volleyball/","https://hsfootball.net/proxy.php?url=https%3A%2F%2Fasset.maxpreps.io%2Fincludes%2Fimages%2Flogos%2Fmaxpreps-logo-white-2025.png","https://hsfootball.net/proxy.php?url=https%3A%2F%2Fasset.maxpreps.io%2Fincludes%2Freact%2Fplay-on-logo.png","girl"
22,"Henley vs Cascade Christian",Girls Volleyball,"Oregon",9/15/2026,6:00pm,"The Henley varsity volleyball team has an away conference match @  Cascade Christian (Medford, OR) on Tuesday, September 15 @ 6p.","/or/volleyball/match/cascade-christian-medford-vs-henley-klamath-falls/9-15-2026/?c=5d8858e3-ffbf-4ac9-86fd-694ec322ae84","https://www.maxpreps.com/or/volleyball/match/cascade-christian-medford-vs-henley-klamath-falls/9-15-2026/?c=5d8858e3-ffbf-4ac9-86fd-694ec322ae84","/volleyball/or/12da?9/15/2026","Henley","Hornets","https://www.maxpreps.com/or/cascade-christian-medford/volleyball/","https://www.maxpreps.com/or/henley-klamath-falls/volleyball/","https://hsfootball.net/proxy.php?url=https%3A%2F%2Fimage.maxpreps.io%2Fschool-mascot%2F5%2F4%2Fc%2F54c0510f-0be0-434c-aed6-e78e4c9eea15.gif%3Fversion%3D636464269200000000%26amp%3Bwidth%3D128%26amp%3Bheight%3D128%26amp%3Bauto%3Dwebp%26amp%3Bformat%3Dpjpg","https://hsfootball.net/proxy.php?url=https%3A%2F%2Fimage.maxpreps.io%2Fschool-mascot%2F5%2F4%2Fc%2F54c0510f-0be0-434c-aed6-e78e4c9eea15.gif%3Fversion%3D636464269200000000%26amp%3Bwidth%3D32%26amp%3Bheight%3D32%26amp%3Bauto%3Dwebp%26amp%3Bformat%3Dpjpg","girl"
23,"Delphian vs St. Paul",Girls Volleyball,"Oregon",9/15/2026,6:00pm,"The Delphian varsity volleyball team has an away conference match @  St. Paul (OR) on Tuesday, September 15 @ 6p.","/or/volleyball/match/delphian-sheridan-vs-st-paul/9-15-2026/?c=7dc89a07-76d7-4b56-bff6-70e192fcb018","https://www.maxpreps.com/or/volleyball/match/delphian-sheridan-vs-st-paul/9-15-2026/?c=7dc89a07-76d7-4b56-bff6-70e192fcb018","/volleyball/or/ac9?9/15/2026","Delphian","Dragons","https://www.maxpreps.com/or/delphian-sheridan/volleyball/","https://www.maxpreps.com/or/st-paul/volleyball/","https://hsfootball.net/proxy.php?url=https%3A%2F%2Fimage.maxpreps.io%2Fschool-mascot%2Ff%2F1%2Fb%2Ff1b3e57b-0fb9-4d7b-a113-41f204952700.gif%3Fversion%3D634276306800000000%26amp%3Bwidth%3D128%26amp%3Bheight%3D128%26amp%3Bauto%3Dwebp%26amp%3Bformat%3Dpjpg","https://hsfootball.net/proxy.php?url=https%3A%2F%2Fimage.maxpreps.io%2Fschool-mascot%2Ff%2F1%2Fb%2Ff1b3e57b-0fb9-4d7b-a113-41f204952700.gif%3Fversion%3D634276306800000000%26amp%3Bwidth%3D32%26amp%3Bheight%3D32%26amp%3Bauto%3Dwebp%26amp%3Bformat%3Dpjpg","girl"
24,"Powers vs Glendale",Girls Volleyball,"Oregon",9/15/2026,6:00pm,"The Powers varsity volleyball team has an away conference match @  Glendale (OR) on Tuesday, September 15 @ 6p.","/or/volleyball/match/glendale-vs-powers/9-15-2026/?c=1e5e6a6a-dc8c-473e-baec-f5e30a94e2e8","https://www.maxpreps.com/or/volleyball/match/glendale-vs-powers/9-15-2026/?c=1e5e6a6a-dc8c-473e-baec-f5e30a94e2e8","/volleyball/or/71f?9/15/2026","Powers","Cruisers","https://www.maxpreps.com/or/glendale/volleyball/","https://www.maxpreps.com/or/powers/volleyball/","https://hsfootball.net/proxy.php?url=https%3A%2F%2Fimage.maxpreps.io%2Fschool-mascot%2Fd%2F3%2F9%2Fd395ba51-0b45-48c3-a498-9426df8fad86.gif%3Fversion%3D633891168000000000%26amp%3Bwidth%3D128%26amp%3Bheight%3D128%26amp%3Bauto%3Dwebp%26amp%3Bformat%3Dpjpg","https://hsfootball.net/proxy.php?url=https%3A%2F%2Fimage.maxpreps.io%2Fschool-mascot%2Fd%2F3%2F9%2Fd395ba51-0b45-48c3-a498-9426df8fad86.gif%3Fversion%3D633891168000000000%26amp%3Bwidth%3D32%26amp%3Bheight%3D32%26amp%3Bauto%3Dwebp%26amp%3Bformat%3Dpjpg","girl"
25,"Sweet Home vs North Marion",Girls Volleyball,"Oregon",9/15/2026,6:00pm,"The Sweet Home varsity volleyball team has an away conference match @  North Marion (Aurora, OR) on Tuesday, September 15 @ 6p.","/or/volleyball/match/north-marion-aurora-vs-sweet-home/9-15-2026/?c=88b06267-913c-4b6f-a751-cdcdad9f0c2d","https://www.maxpreps.com/or/volleyball/match/north-marion-aurora-vs-sweet-home/9-15-2026/?c=88b06267-913c-4b6f-a751-cdcdad9f0c2d","/volleyball/or/cd6?9/15/2026","Sweet Home","Huskies","https://www.maxpreps.com/or/north-marion-aurora/volleyball/","https://www.maxpreps.com/or/sweet-home/volleyball/","https://hsfootball.net/proxy.php?url=https%3A%2F%2Fimage.maxpreps.io%2Fschool-mascot%2F4%2Ff%2F3%2F4f300238-8774-446f-b72a-0d04a4d6a628.gif%3Fversion%3D634007323200000000%26amp%3Bwidth%3D128%26amp%3Bheight%3D128%26amp%3Bauto%3Dwebp%26amp%3Bformat%3Dpjpg","https://hsfootball.net/proxy.php?url=https%3A%2F%2Fimage.maxpreps.io%2Fschool-mascot%2Fa%2Fc%2F1%2Fac12b682-d292-434e-b9ce-53ead3d928a3.gif%3Fversion%3D635167348800000000%26amp%3Bwidth%3D128%26amp%3Bheight%3D128%26amp%3Bauto%3Dwebp%26amp%3Bformat%3Dpjpg","girl"
26,"Crosshill Christian vs East Linn Christian Academy",Girls Volleyball,"Oregon",9/15/2026,6:00pm,"The Crosshill Christian varsity volleyball team has an away conference match @  East Linn Christian Academy (Lebanon, OR) on Tuesday, September 15 @ 6p.","/or/volleyball/match/crosshill-christian-turner-vs-east-linn-christian-academy-lebanon/9-15-2026/?c=d4c2d34c-65b5-47e2-aabe-3f5803240161","https://www.maxpreps.com/or/volleyball/match/crosshill-christian-turner-vs-east-linn-christian-academy-lebanon/9-15-2026/?c=d4c2d34c-65b5-47e2-aabe-3f5803240161","/volleyball/or/195f?9/15/2026","Crosshill Christian","Eagles","https://www.maxpreps.com/or/crosshill-christian-turner/volleyball/","https://www.maxpreps.com/or/east-linn-christian-academy-lebanon/volleyball/","https://hsfootball.net/proxy.php?url=https%3A%2F%2Fasset.maxpreps.io%2Fincludes%2Fimages%2Flogos%2Fmaxpreps-logo-white-2025.png","https://hsfootball.net/proxy.php?url=https%3A%2F%2Fasset.maxpreps.io%2Fincludes%2Freact%2Fplay-on-logo.png","girl"
27,"Willamina vs Dayton",Girls Volleyball,"Oregon",9/15/2026,6:00pm,"The Willamina varsity volleyball team has an away conference match @  Dayton (OR) on Tuesday, September 15 @ 6p.","/or/volleyball/match/dayton-vs-willamina/9-15-2026/?c=ed55ba58-b55c-4151-9505-b05cb499d07e","https://www.maxpreps.com/or/volleyball/match/dayton-vs-willamina/9-15-2026/?c=ed55ba58-b55c-4151-9505-b05cb499d07e","/volleyball/or/790?9/15/2026","Willamina","Bulldogs","https://www.maxpreps.com/or/dayton/volleyball/","https://www.maxpreps.com/or/willamina/volleyball/","https://hsfootball.net/proxy.php?url=https%3A%2F%2Fimage.maxpreps.io%2Fschool-mascot%2Fc%2Fe%2F9%2Fce9db783-e72e-4162-a99d-1a28335c7bac.gif%3Fversion%3D638725517521784110%26amp%3Bwidth%3D128%26amp%3Bheight%3D128%26amp%3Bauto%3Dwebp%26amp%3Bformat%3Dpjpg","https://hsfootball.net/proxy.php?url=https%3A%2F%2Fimage.maxpreps.io%2Fschool-mascot%2F7%2F7%2F2%2F7729e9b7-b1a1-41e1-ad18-61319dee0aa5.gif%3Fversion%3D636237917400000000%26amp%3Bwidth%3D128%26amp%3Bheight%3D128%26amp%3Bauto%3Dwebp%26amp%3Bformat%3Dpjpg","girl"
28,"Harrisburg vs Gervais",Girls Volleyball,"Oregon",9/15/2026,6:00pm,"The Harrisburg varsity volleyball team has an away conference match @  Gervais (OR) on Tuesday, September 15 @ 6p.","/or/volleyball/match/gervais-vs-harrisburg/9-15-2026/?c=fa9cf9ee-9ac2-45b6-a82b-47a461eab7a5","https://www.maxpreps.com/or/volleyball/match/gervais-vs-harrisburg/9-15-2026/?c=fa9cf9ee-9ac2-45b6-a82b-47a461eab7a5","/volleyball/or/86d?9/15/2026","Harrisburg","Eagles","https://www.maxpreps.com/or/gervais/volleyball/","https://www.maxpreps.com/or/harrisburg/volleyball/","https://hsfootball.net/proxy.php?url=https%3A%2F%2Fimage.maxpreps.io%2Fschool-mascot%2Fa%2Fc%2F7%2Fac7d6e49-a534-4721-a9a7-0a702ba0cd62.gif%3Fversion%3D636491859000000000%26amp%3Bwidth%3D128%26amp%3Bheight%3D128%26amp%3Bauto%3Dwebp%26amp%3Bformat%3Dpjpg","https://hsfootball.net/proxy.php?url=https%3A%2F%2Fimage.maxpreps.io%2Fschool-mascot%2Fa%2Fc%2F7%2Fac7d6e49-a534-4721-a9a7-0a702ba0cd62.gif%3Fversion%3D636491859000000000%26amp%3Bwidth%3D32%26amp%3Bheight%3D32%26amp%3Bauto%3Dwebp%26amp%3Bformat%3Dpjpg","girl"
29,"Molalla vs Seaside",Girls Volleyball,"Oregon",9/15/2026,6:00pm,"The Molalla varsity volleyball team has an away non-conference match @  Seaside (OR) on Tuesday, September 15 @ 6p.","/or/volleyball/match/molalla-vs-seaside/9-15-2026/?c=a1f97637-8a07-4cd2-8b98-dbf5ab53fa24","https://www.maxpreps.com/or/volleyball/match/molalla-vs-seaside/9-15-2026/?c=a1f97637-8a07-4cd2-8b98-dbf5ab53fa24","/volleyball/or/703?9/15/2026","Molalla","Indians","https://www.maxpreps.com/or/molalla/volleyball/","https://www.maxpreps.com/or/seaside/volleyball/","https://hsfootball.net/proxy.php?url=https%3A%2F%2Fimage.maxpreps.io%2Fschool-mascot%2F6%2Ff%2Fa%2F6fa750b5-1bc3-43d7-bba4-ddcf3a28a456.gif%3Fversion%3D636909274200000000%26amp%3Bwidth%3D128%26amp%3Bheight%3D128%26amp%3Bauto%3Dwebp%26amp%3Bformat%3Dpjpg","https://hsfootball.net/proxy.php?url=https%3A%2F%2Fimage.maxpreps.io%2Fschool-mascot%2F6%2Ff%2Fa%2F6fa750b5-1bc3-43d7-bba4-ddcf3a28a456.gif%3Fversion%3D636909274200000000%26amp%3Bwidth%3D32%26amp%3Bheight%3D32%26amp%3Bauto%3Dwebp%26amp%3Bformat%3Dpjpg","girl"
30,"Parkrose vs Roosevelt",Girls Volleyball,"Oregon",9/15/2026,6:00pm,"The Parkrose varsity volleyball team has an away non-conference match @  Roosevelt (Portland, OR) on Tuesday, September 15 @ 6p.","/or/volleyball/match/parkrose-portland-vs-roosevelt-portland/9-15-2026/?c=a0f5b521-365c-4018-9c1d-528fc0f56e7d","https://www.maxpreps.com/or/volleyball/match/parkrose-portland-vs-roosevelt-portland/9-15-2026/?c=a0f5b521-365c-4018-9c1d-528fc0f56e7d","/volleyball/or/faf?9/15/2026","Parkrose","Broncos","https://www.maxpreps.com/or/parkrose-portland/volleyball/","https://www.maxpreps.com/or/roosevelt-portland/volleyball/","https://hsfootball.net/proxy.php?url=https%3A%2F%2Fimage.maxpreps.io%2Fschool-mascot%2F8%2F0%2F4%2F8043012b-5182-41c2-9bde-0fffe99553c6.gif%3Fversion%3D635157961200000000%26amp%3Bwidth%3D128%26amp%3Bheight%3D128%26amp%3Bauto%3Dwebp%26amp%3Bformat%3Dpjpg","https://hsfootball.net/proxy.php?url=https%3A%2F%2Fimage.maxpreps.io%2Fschool-mascot%2Fb%2Fe%2Fc%2Fbec73bde-07f6-438b-89a6-10a898fc3fed.gif%3Fversion%3D635887127400000000%26amp%3Bwidth%3D128%26amp%3Bheight%3D128%26amp%3Bauto%3Dwebp%26amp%3Bformat%3Dpjpg","girl"
31,"Pleasant Hill vs Philomath",Girls Volleyball,"Oregon",9/15/2026,6:00pm,"The Pleasant Hill varsity volleyball team has an away non-conference match @  Philomath (OR) on Tuesday, September 15 @ 6p.","/or/volleyball/match/philomath-vs-pleasant-hill/9-15-2026/?c=2a490c82-3641-4645-8815-37b09d8f0950","https://www.maxpreps.com/or/volleyball/match/philomath-vs-pleasant-hill/9-15-2026/?c=2a490c82-3641-4645-8815-37b09d8f0950","/volleyball/or/a37?9/15/2026","Pleasant Hill","Billies","https://www.maxpreps.com/or/philomath/volleyball/","https://www.maxpreps.com/or/pleasant-hill/volleyball/","https://hsfootball.net/proxy.php?url=https%3A%2F%2Fimage.maxpreps.io%2Fschool-mascot%2F7%2F4%2F0%2F740de264-cd7d-480c-a02f-14a8f5e2cd63.gif%3Fversion%3D634205806800000000%26amp%3Bwidth%3D128%26amp%3Bheight%3D128%26amp%3Bauto%3Dwebp%26amp%3Bformat%3Dpjpg","https://hsfootball.net/proxy.php?url=https%3A%2F%2Fimage.maxpreps.io%2Fschool-mascot%2F7%2F4%2F0%2F740de264-cd7d-480c-a02f-14a8f5e2cd63.gif%3Fversion%3D634205806800000000%26amp%3Bwidth%3D32%26amp%3Bheight%3D32%26amp%3Bauto%3Dwebp%26amp%3Bformat%3Dpjpg","girl"
32,"Neah-Kah-Nie vs Catlin Gabel",Girls Volleyball,"Oregon",9/15/2026,6:00pm,"The Neah-Kah-Nie varsity volleyball team has an away non-conference match @  Catlin Gabel (Portland, OR) on Tuesday, September 15 @ 6p.","/or/volleyball/match/catlin-gabel-portland-vs-neah-kah-nie-rockaway-beach/9-15-2026/?c=268a971f-5770-4a9c-9227-cef4bf0ad5ac","https://www.maxpreps.com/or/volleyball/match/catlin-gabel-portland-vs-neah-kah-nie-rockaway-beach/9-15-2026/?c=268a971f-5770-4a9c-9227-cef4bf0ad5ac","/volleyball/or/138b?9/15/2026","Neah-Kah-Nie","Pirates","https://www.maxpreps.com/or/catlin-gabel-portland/volleyball/","https://www.maxpreps.com/or/neah-kah-nie-rockaway-beach/volleyball/","https://hsfootball.net/proxy.php?url=https%3A%2F%2Fimage.maxpreps.io%2Fschool-mascot%2Fb%2Fa%2F0%2Fba0bc4b1-efbd-42fe-9b51-27b9aa05cc7d.gif%3Fversion%3D633874856400000000%26amp%3Bwidth%3D128%26amp%3Bheight%3D128%26amp%3Bauto%3Dwebp%26amp%3Bformat%3Dpjpg","https://hsfootball.net/proxy.php?url=https%3A%2F%2Fimage.maxpreps.io%2Fschool-mascot%2Fb%2Fa%2F0%2Fba0bc4b1-efbd-42fe-9b51-27b9aa05cc7d.gif%3Fversion%3D633874856400000000%26amp%3Bwidth%3D32%26amp%3Bheight%3D32%26amp%3Bauto%3Dwebp%26amp%3Bformat%3Dpjpg","girl"
33,"Oakridge vs Central Linn",Girls Volleyball,"Oregon",9/15/2026,6:00pm,"The Oakridge varsity volleyball team has an away conference match @  Central Linn (Halsey, OR) on Tuesday, September 15 @ 6p.","/or/volleyball/match/central-linn-halsey-vs-oakridge/9-15-2026/?c=7f3c26ac-cb2f-4fbc-9616-929a5057011d","https://www.maxpreps.com/or/volleyball/match/central-linn-halsey-vs-oakridge/9-15-2026/?c=7f3c26ac-cb2f-4fbc-9616-929a5057011d","/volleyball/or/c03?9/15/2026","Oakridge","Warriors","https://www.maxpreps.com/or/central-linn-halsey/volleyball/","https://www.maxpreps.com/or/oakridge/volleyball/","https://hsfootball.net/proxy.php?url=https%3A%2F%2Fimage.maxpreps.io%2Fschool-mascot%2Fd%2F4%2F1%2Fd41120c7-9436-422d-8e12-b47fe7b0154e.gif%3Fversion%3D637034458800000000%26amp%3Bwidth%3D128%26amp%3Bheight%3D128%26amp%3Bauto%3Dwebp%26amp%3Bformat%3Dpjpg","https://hsfootball.net/proxy.php?url=https%3A%2F%2Fimage.maxpreps.io%2Fschool-mascot%2Fd%2F3%2F9%2Fd39e113a-ab75-4675-ab60-e962f94b60d2.gif%3Fversion%3D636425326200000000%26amp%3Bwidth%3D128%26amp%3Bheight%3D128%26amp%3Bauto%3Dwebp%26amp%3Bformat%3Dpjpg","girl"
34,"Mapleton vs Siletz Valley",Girls Volleyball,"Oregon",9/15/2026,6:00pm,"The Mapleton varsity volleyball team has an away conference match @  Siletz Valley (Siletz, OR) on Tuesday, September 15 @ 6p.","/or/volleyball/match/mapleton-vs-siletz-valley/9-15-2026/?c=88aea5a4-3d90-4949-abfd-09eeeb921bd7","https://www.maxpreps.com/or/volleyball/match/mapleton-vs-siletz-valley/9-15-2026/?c=88aea5a4-3d90-4949-abfd-09eeeb921bd7","/volleyball/or/9f8?9/15/2026","Mapleton","Sailors","https://www.maxpreps.com/or/mapleton/volleyball/","https://www.maxpreps.com/or/siletz-valley/volleyball/","https://hsfootball.net/proxy.php?url=https%3A%2F%2Fimage.maxpreps.io%2Fschool-mascot%2Fb%2Fa%2Ff%2Fbaf56f9b-c0cc-4933-be75-45d90a150443.gif%3Fversion%3D635303211000000000%26amp%3Bwidth%3D128%26amp%3Bheight%3D128%26amp%3Bauto%3Dwebp%26amp%3Bformat%3Dpjpg","https://hsfootball.net/proxy.php?url=https%3A%2F%2Fimage.maxpreps.io%2Fschool-mascot%2Fb%2Fa%2Ff%2Fbaf56f9b-c0cc-4933-be75-45d90a150443.gif%3Fversion%3D635303211000000000%26amp%3Bwidth%3D32%26amp%3Bheight%3D32%26amp%3Bauto%3Dwebp%26amp%3Bformat%3Dpjpg","girl"
35,"St. Mary&#x27;s vs Douglas",Girls Volleyball,"Oregon",9/15/2026,6:00pm,"The St. Mary&#x27;s varsity volleyball team has an away non-conference match @  Douglas (Winston, OR) on Tuesday, September 15 @ 6p.","/or/volleyball/match/douglas-winston-vs-st-marys-medford/9-15-2026/?c=94de7252-714f-4e63-8a5e-db736cfc2786","https://www.maxpreps.com/or/volleyball/match/douglas-winston-vs-st-marys-medford/9-15-2026/?c=94de7252-714f-4e63-8a5e-db736cfc2786","/volleyball/or/dbf?9/15/2026","St. Mary&#x27;s","Crusaders","https://www.maxpreps.com/or/douglas-winston/volleyball/","https://www.maxpreps.com/or/st-marys-medford/volleyball/","https://hsfootball.net/proxy.php?url=https%3A%2F%2Fimage.maxpreps.io%2Fschool-mascot%2Fb%2F1%2Fc%2Fb1ca1fde-5375-4ba0-9946-8be57076976d.gif%3Fversion%3D635331568200000000%26amp%3Bwidth%3D128%26amp%3Bheight%3D128%26amp%3Bauto%3Dwebp%26amp%3Bformat%3Dpjpg","https://hsfootball.net/proxy.php?url=https%3A%2F%2Fimage.maxpreps.io%2Fschool-mascot%2Fe%2F8%2F6%2Fe86a8d84-d5e4-4581-9c3c-1191217b0310.gif%3Fversion%3D634252014600000000%26amp%3Bwidth%3D128%26amp%3Bheight%3D128%26amp%3Bauto%3Dwebp%26amp%3Bformat%3Dpjpg","girl"
36,"Santiam vs Regis",Girls Volleyball,"Oregon",9/15/2026,6:00pm,"The Santiam varsity volleyball team has an away conference match @  Regis (Stayton, OR) on Tuesday, September 15 @ 6p.","/or/volleyball/match/regis-stayton-vs-santiam-mill-city/9-15-2026/?c=6cb22ced-0cbf-41d2-91ad-7d8da91d2a5e","https://www.maxpreps.com/or/volleyball/match/regis-stayton-vs-santiam-mill-city/9-15-2026/?c=6cb22ced-0cbf-41d2-91ad-7d8da91d2a5e","/volleyball/or/d4a?9/15/2026","Santiam","Wolverines","https://www.maxpreps.com/or/regis-stayton/volleyball/","https://www.maxpreps.com/or/santiam-mill-city/volleyball/","https://hsfootball.net/proxy.php?url=https%3A%2F%2Fimage.maxpreps.io%2Fschool-mascot%2Fb%2F2%2F3%2Fb2321ae7-3979-484d-a7ab-ab96104d65b1.gif%3Fversion%3D634552371600000000%26amp%3Bwidth%3D128%26amp%3Bheight%3D128%26amp%3Bauto%3Dwebp%26amp%3Bformat%3Dpjpg","https://hsfootball.net/proxy.php?url=https%3A%2F%2Fimage.maxpreps.io%2Fschool-mascot%2Ff%2F9%2F1%2Ff91298b9-e922-4874-b7aa-6daa6bb5e08b.gif%3Fversion%3D636762295800000000%26amp%3Bwidth%3D128%26amp%3Bheight%3D128%26amp%3Bauto%3Dwebp%26amp%3Bformat%3Dpjpg","girl"
37,"Sutherlin vs Glide",Girls Volleyball,"Oregon",9/15/2026,6:00pm,"The Sutherlin varsity volleyball team has an away conference match @  Glide (OR) on Tuesday, September 15 @ 6p.","/or/volleyball/match/glide-vs-sutherlin/9-15-2026/?c=aec39173-3b5a-4dc5-bb2a-c5fd01464d7d","https://www.maxpreps.com/or/volleyball/match/glide-vs-sutherlin/9-15-2026/?c=aec39173-3b5a-4dc5-bb2a-c5fd01464d7d","/volleyball/or/726?9/15/2026","Sutherlin","Bulldogs","https://www.maxpreps.com/or/glide/volleyball/","https://www.maxpreps.com/or/sutherlin/volleyball/","https://hsfootball.net/proxy.php?url=https%3A%2F%2Fimage.maxpreps.io%2Fschool-mascot%2Fe%2Fc%2Fd%2Fecd46e86-9152-45db-b59f-7e990dbab6bf.gif%3Fversion%3D635594283600000000%26amp%3Bwidth%3D128%26amp%3Bheight%3D128%26amp%3Bauto%3Dwebp%26amp%3Bformat%3Dpjpg","https://hsfootball.net/proxy.php?url=https%3A%2F%2Fimage.maxpreps.io%2Fschool-mascot%2Fe%2Fc%2Fd%2Fecd46e86-9152-45db-b59f-7e990dbab6bf.gif%3Fversion%3D635594283600000000%26amp%3Bwidth%3D32%26amp%3Bheight%3D32%26amp%3Bauto%3Dwebp%26amp%3Bformat%3Dpjpg","girl"
38,"Scappoose vs Gladstone",Girls Volleyball,"Oregon",9/15/2026,6:00pm,"The Scappoose varsity volleyball team has an away non-conference match @  Gladstone (OR) on Tuesday, September 15 @ 6p.","/or/volleyball/match/gladstone-vs-scappoose/9-15-2026/?c=699b8dcd-037b-4ca4-b3ef-33833c423261","https://www.maxpreps.com/or/volleyball/match/gladstone-vs-scappoose/9-15-2026/?c=699b8dcd-037b-4ca4-b3ef-33833c423261","/volleyball/or/8d1?9/15/2026","Scappoose","Indians","https://www.maxpreps.com/or/gladstone/volleyball/","https://www.maxpreps.com/or/scappoose/volleyball/","https://hsfootball.net/proxy.php?url=https%3A%2F%2Fimage.maxpreps.io%2Fschool-mascot%2F8%2F8%2F8%2F8885d532-154d-4eb5-8060-ab1368b07096.gif%3Fversion%3D636253580400000000%26amp%3Bwidth%3D128%26amp%3Bheight%3D128%26amp%3Bauto%3Dwebp%26amp%3Bformat%3Dpjpg","https://hsfootball.net/proxy.php?url=https%3A%2F%2Fimage.maxpreps.io%2Fschool-mascot%2F7%2Fd%2F4%2F7d4f7a07-e913-43aa-a491-5d29eb4fadaa.gif%3Fversion%3D635422582800000000%26amp%3Bwidth%3D128%26amp%3Bheight%3D128%26amp%3Bauto%3Dwebp%26amp%3Bformat%3Dpjpg","girl"
39,"Pleasant Hill vs Sisters",Girls Volleyball,"Oregon",9/15/2026,6:00pm,"The Pleasant Hill varsity volleyball team has an away conference match @  Sisters (OR) on Tuesday, September 15 @ 6p.","/or/volleyball/match/pleasant-hill-vs-sisters/9-15-2026/?c=2be66724-3d6d-4224-829a-d8760542ebdd","https://www.maxpreps.com/or/volleyball/match/pleasant-hill-vs-sisters/9-15-2026/?c=2be66724-3d6d-4224-829a-d8760542ebdd","/volleyball/or/97e?9/15/2026","Pleasant Hill","Billies","https://www.maxpreps.com/or/pleasant-hill/volleyball/","https://www.maxpreps.com/or/sisters/volleyball/","https://hsfootball.net/proxy.php?url=https%3A%2F%2Fimage.maxpreps.io%2Fschool-mascot%2F7%2F4%2F0%2F740de264-cd7d-480c-a02f-14a8f5e2cd63.gif%3Fversion%3D634205806800000000%26amp%3Bwidth%3D128%26amp%3Bheight%3D128%26amp%3Bauto%3Dwebp%26amp%3Bformat%3Dpjpg","https://hsfootball.net/proxy.php?url=https%3A%2F%2Fimage.maxpreps.io%2Fschool-mascot%2F7%2F4%2F0%2F740de264-cd7d-480c-a02f-14a8f5e2cd63.gif%3Fversion%3D634205806800000000%26amp%3Bwidth%3D32%26amp%3Bheight%3D32%26amp%3Bauto%3Dwebp%26amp%3Bformat%3Dpjpg","girl"
40,"Elkton vs Riddle",Girls Volleyball,"Oregon",9/15/2026,6:00pm,"The Elkton varsity volleyball team has an away conference match @  Riddle (OR) on Tuesday, September 15 @ 6p.","/or/volleyball/match/elkton-vs-riddle/9-15-2026/?c=c73a9a00-22af-444b-b0b8-5124c5eb9759","https://www.maxpreps.com/or/volleyball/match/elkton-vs-riddle/9-15-2026/?c=c73a9a00-22af-444b-b0b8-5124c5eb9759","/volleyball/or/644?9/15/2026","Elkton","Elks","https://www.maxpreps.com/or/elkton/volleyball/","https://www.maxpreps.com/or/riddle/volleyball/","https://hsfootball.net/proxy.php?url=https%3A%2F%2Fimage.maxpreps.io%2Fschool-mascot%2F3%2F8%2Fb%2F38bf164b-1ba2-425d-a1b5-36f3adb0f9f8.gif%3Fversion%3D636404622000000000%26amp%3Bwidth%3D128%26amp%3Bheight%3D128%26amp%3Bauto%3Dwebp%26amp%3Bformat%3Dpjpg","https://hsfootball.net/proxy.php?url=https%3A%2F%2Fimage.maxpreps.io%2Fschool-mascot%2F6%2F3%2F6%2F6366687c-d5e1-45a0-bc03-af9e4f5086e1.gif%3Fversion%3D637657348800000000%26amp%3Bwidth%3D128%26amp%3Bheight%3D128%26amp%3Bauto%3Dwebp%26amp%3Bformat%3Dpjpg","girl"
41,"Westside Christian vs Portland Christian",Girls Volleyball,"Oregon",9/15/2026,6:00pm,"The Westside Christian varsity volleyball team has an away non-conference match @  Portland Christian (Portland, OR) on Tuesday, September 15 @ 6p.","/or/volleyball/match/portland-christian-vs-westside-christian-lake-oswego/9-15-2026/?c=89d43b85-ec8e-4564-95e3-3e528421ede9","https://www.maxpreps.com/or/volleyball/match/portland-christian-vs-westside-christian-lake-oswego/9-15-2026/?c=89d43b85-ec8e-4564-95e3-3e528421ede9","/volleyball/or/147e?9/15/2026","Westside Christian","Eagles","https://www.maxpreps.com/or/portland-christian/girls-volleyball/","https://www.maxpreps.com/or/westside-christian-lake-oswego/girls-volleyball/","https://hsfootball.net/proxy.php?url=https%3A%2F%2Fimage.maxpreps.io%2Fschool-mascot%2F2%2F2%2F1%2F221fa54b-2a44-4a38-b504-1cc1bb828c24.gif%3Fversion%3D637605681000000000%26amp%3Bwidth%3D128%26amp%3Bheight%3D128%26amp%3Bauto%3Dwebp%26amp%3Bformat%3Dpjpg","https://hsfootball.net/proxy.php?url=https%3A%2F%2Fimage.maxpreps.io%2Fschool-mascot%2F4%2Fa%2Fe%2F4ae6c523-22f0-4768-8f5e-77627e05c371.gif%3Fversion%3D635799792000000000%26amp%3Bwidth%3D128%26amp%3Bheight%3D128%26amp%3Bauto%3Dwebp%26amp%3Bformat%3Dpjpg","girl"
42,"Livingstone Adventist Academy vs Willamette Valley Christian",Girls Volleyball,"Oregon",9/15/2026,6:00pm,"The Livingstone Adventist Academy varsity volleyball team has an away conference match @  Willamette Valley Christian (Brooks, OR) on Tuesday, September 15 @ 6p.","/or/volleyball/match/livingstone-adventist-academy-salem-vs-willamette-valley-christian-brooks/9-15-2026/?c=6525953e-fef6-482e-8bbd-6f07a5b44868","https://www.maxpreps.com/or/volleyball/match/livingstone-adventist-academy-salem-vs-willamette-valley-christian-brooks/9-15-2026/?c=6525953e-fef6-482e-8bbd-6f07a5b44868","/volleyball/or/1cd5?9/15/2026","Livingstone Adventist Academy","Willamette Valley Christian","https://www.maxpreps.com/or/livingstone-adventist-academy-salem/girls-volleyball/","https://www.maxpreps.com/or/willamette-valley-christian-brooks/girls-volleyball/","https://hsfootball.net/proxy.php?url=https%3A%2F%2Fasset.maxpreps.io%2Fincludes%2Fimages%2Flogos%2Fmaxpreps-logo-white-2025.png","https://hsfootball.net/proxy.php?url=https%3A%2F%2Fasset.maxpreps.io%2Fincludes%2Freact%2Fplay-on-logo.png","girl"
43,"Oakridge vs Waldport",Girls Volleyball,"Oregon",9/15/2026,6:00pm,"The Oakridge varsity volleyball team has an away conference match @  Waldport (OR) on Tuesday, September 15 @ 6p.","/or/volleyball/match/oakridge-vs-waldport/9-15-2026/?c=43dc12c5-e051-4669-9f0f-f6b1884acdbb","https://www.maxpreps.com/or/volleyball/match/oakridge-vs-waldport/9-15-2026/?c=43dc12c5-e051-4669-9f0f-f6b1884acdbb","/volleyball/or/7f6?9/15/2026","Oakridge","Warriors","https://www.maxpreps.com/or/oakridge/girls-volleyball/","https://www.maxpreps.com/or/waldport/girls-volleyball/","https://hsfootball.net/proxy.php?url=https%3A%2F%2Fimage.maxpreps.io%2Fschool-mascot%2Fd%2F4%2F1%2Fd41120c7-9436-422d-8e12-b47fe7b0154e.gif%3Fversion%3D637034458800000000%26amp%3Bwidth%3D128%26amp%3Bheight%3D128%26amp%3Bauto%3Dwebp%26amp%3Bformat%3Dpjpg","https://hsfootball.net/proxy.php?url=https%3A%2F%2Fimage.maxpreps.io%2Fschool-mascot%2Fd%2F4%2F1%2Fd41120c7-9436-422d-8e12-b47fe7b0154e.gif%3Fversion%3D637034458800000000%26amp%3Bwidth%3D32%26amp%3Bheight%3D32%26amp%3Bauto%3Dwebp%26amp%3Bformat%3Dpjpg","girl"
44,"Yamhill-Carlton vs Riverdale",Girls Volleyball,"Oregon",9/15/2026,6:00pm,"The Yamhill-Carlton varsity volleyball team has an away conference match @  Riverdale (Portland, OR) on Tuesday, September 15 @ 6p.","/or/volleyball/match/riverdale-portland-vs-yamhill-carlton/9-15-2026/?c=3d5fba0e-b064-4894-819a-5e9ef23dbe1d","https://www.maxpreps.com/or/volleyball/match/riverdale-portland-vs-yamhill-carlton/9-15-2026/?c=3d5fba0e-b064-4894-819a-5e9ef23dbe1d","/volleyball/or/ea2?9/15/2026","Yamhill-Carlton","Tigers","https://www.maxpreps.com/or/riverdale-portland/girls-volleyball/","https://www.maxpreps.com/or/yamhill-carlton/girls-volleyball/","https://hsfootball.net/proxy.php?url=https%3A%2F%2Fimage.maxpreps.io%2Fschool-mascot%2F2%2F8%2F6%2F286751af-2632-4fb7-8383-29fc720fcd97.gif%3Fversion%3D634046314800000000%26amp%3Bwidth%3D128%26amp%3Bheight%3D128%26amp%3Bauto%3Dwebp%26amp%3Bformat%3Dpjpg","https://hsfootball.net/proxy.php?url=https%3A%2F%2Fimage.maxpreps.io%2Fschool-mascot%2Fe%2F1%2F7%2Fe17e5790-730e-4f09-b351-8e5da13a80c3.gif%3Fversion%3D635818062000000000%26amp%3Bwidth%3D128%26amp%3Bheight%3D128%26amp%3Bauto%3Dwebp%26amp%3Bformat%3Dpjpg","girl"
45,"Jewell vs Falls City/Kings Valley Charter",Girls Volleyball,"Oregon",9/15/2026,6:00pm,"The Jewell varsity volleyball team has an away conference match @  Falls City/Kings Valley Charter (Falls City, OR) on Tuesday, September 15 @ 6p.","/or/volleyball/match/falls-city-kings-valley-charter-vs-jewell-seaside/9-15-2026/?c=2ab9feb0-0f40-4444-9d3d-e4e73af1833c","https://www.maxpreps.com/or/volleyball/match/falls-city-kings-valley-charter-vs-jewell-seaside/9-15-2026/?c=2ab9feb0-0f40-4444-9d3d-e4e73af1833c","/volleyball/or/12e2?9/15/2026","Jewell","Bluejays","https://www.maxpreps.com/or/falls-city-kings-valley-charter/girls-volleyball/","https://www.maxpreps.com/or/jewell-seaside/girls-volleyball/","https://hsfootball.net/proxy.php?url=https%3A%2F%2Fimage.maxpreps.io%2Fschool-mascot%2F3%2F1%2F7%2F317ec98c-182c-4bad-83b9-c8a3a5eab607.gif%3Fversion%3D634480528800000000%26amp%3Bwidth%3D128%26amp%3Bheight%3D128%26amp%3Bauto%3Dwebp%26amp%3Bformat%3Dpjpg","https://hsfootball.net/proxy.php?url=https%3A%2F%2Fimage.maxpreps.io%2Fschool-mascot%2F3%2F1%2F7%2F317ec98c-182c-4bad-83b9-c8a3a5eab607.gif%3Fversion%3D634480528800000000%26amp%3Bwidth%3D32%26amp%3Bheight%3D32%26amp%3Bauto%3Dwebp%26amp%3Bformat%3Dpjpg","girl"
46,"Coquille vs Brookings-Harbor",Girls Volleyball,"Oregon",9/15/2026,6:00pm,"The Coquille varsity volleyball team has an away non-conference match @  Brookings-Harbor (Brookings, OR) on Tuesday, September 15 @ 6p.","/or/volleyball/match/brookings-harbor-vs-coquille/9-15-2026/?c=97ce61c5-0bcb-4e92-a196-1173ab8b136f","https://www.maxpreps.com/or/volleyball/match/brookings-harbor-vs-coquille/9-15-2026/?c=97ce61c5-0bcb-4e92-a196-1173ab8b136f","/volleyball/or/b1a?9/15/2026","Coquille","Red Devils","https://www.maxpreps.com/or/brookings-harbor/girls-volleyball/","https://www.maxpreps.com/or/coquille/girls-volleyball/","https://hsfootball.net/proxy.php?url=https%3A%2F%2Fimage.maxpreps.io%2Fschool-mascot%2F7%2F8%2Fa%2F78aa5d7a-c99b-47f9-9290-af8d9861b5f4.gif%3Fversion%3D636457247400000000%26amp%3Bwidth%3D128%26amp%3Bheight%3D128%26amp%3Bauto%3Dwebp%26amp%3Bformat%3Dpjpg","https://hsfootball.net/proxy.php?url=https%3A%2F%2Fimage.maxpreps.io%2Fschool-mascot%2F1%2Fa%2F0%2F1a0739d4-7082-4f40-bdef-566ec202b0e4.gif%3Fversion%3D636027061200000000%26amp%3Bwidth%3D128%26amp%3Bheight%3D128%26amp%3Bauto%3Dwebp%26amp%3Bformat%3Dpjpg","girl"
47,"Yoncalla vs Camas Valley",Girls Volleyball,"Oregon",9/15/2026,6:00pm,"The Yoncalla varsity volleyball team has an away conference match @  Camas Valley (OR) on Tuesday, September 15 @ 6p.","/or/volleyball/match/camas-valley-vs-yoncalla/9-15-2026/?c=b6d4d299-d64d-415b-8ac3-de02c849d9f2","https://www.maxpreps.com/or/volleyball/match/camas-valley-vs-yoncalla/9-15-2026/?c=b6d4d299-d64d-415b-8ac3-de02c849d9f2","/volleyball/or/955?9/15/2026","Yoncalla","Eagles","https://www.maxpreps.com/or/camas-valley/girls-volleyball/","https://www.maxpreps.com/or/yoncalla/girls-volleyball/","https://hsfootball.net/proxy.php?url=https%3A%2F%2Fasset.maxpreps.io%2Fincludes%2Fimages%2Flogos%2Fmaxpreps-logo-white-2025.png","https://hsfootball.net/proxy.php?url=https%3A%2F%2Fasset.maxpreps.io%2Fincludes%2Freact%2Fplay-on-logo.png","girl"
48,"Siuslaw vs Illinois Valley",Girls Volleyball,"Oregon",9/15/2026,6:00pm,"The Siuslaw varsity volleyball team has an away conference match @  Illinois Valley (Cave Junction, OR) on Tuesday, September 15 @ 6p.","/or/volleyball/match/illinois-valley-cave-junction-vs-siuslaw-florence/9-15-2026/?c=a990e28f-673d-4bda-994e-b823b94dd15e","https://www.maxpreps.com/or/volleyball/match/illinois-valley-cave-junction-vs-siuslaw-florence/9-15-2026/?c=a990e28f-673d-4bda-994e-b823b94dd15e","/volleyball/or/1346?9/15/2026","Siuslaw","Vikings","https://www.maxpreps.com/or/illinois-valley-cave-junction/girls-volleyball/","https://www.maxpreps.com/or/siuslaw-florence/girls-volleyball/","https://hsfootball.net/proxy.php?url=https%3A%2F%2Fimage.maxpreps.io%2Fschool-mascot%2Fe%2F3%2Fa%2Fe3aba761-97a3-4526-96ee-6cac50a3b5ce.gif%3Fversion%3D639008871294759840%26amp%3Bwidth%3D128%26amp%3Bheight%3D128%26amp%3Bauto%3Dwebp%26amp%3Bformat%3Dpjpg","https://hsfootball.net/proxy.php?url=https%3A%2F%2Fimage.maxpreps.io%2Fschool-mascot%2F2%2F0%2F8%2F20859072-b1ec-4cb1-a90e-f596245b72ea.gif%3Fversion%3D638947510434172910%26amp%3Bwidth%3D128%26amp%3Bheight%3D128%26amp%3Bauto%3Dwebp%26amp%3Bformat%3Dpjpg","girl"
49,"McDaniel vs Jefferson",Girls Volleyball,"Oregon",9/15/2026,6:00pm,"The McDaniel varsity volleyball team has an away conference match @  Jefferson (Portland, OR) on Tuesday, September 15 @ 6p.","/or/volleyball/match/jefferson-portland-vs-mcdaniel-portland/9-15-2026/?c=7d80cf79-cbbc-46a9-8284-f543f18f1028","https://www.maxpreps.com/or/volleyball/match/jefferson-portland-vs-mcdaniel-portland/9-15-2026/?c=7d80cf79-cbbc-46a9-8284-f543f18f1028","/volleyball/or/f64?9/15/2026","McDaniel","Mountain Lions","https://www.maxpreps.com/or/jefferson-portland/girls-volleyball/","https://www.maxpreps.com/or/mcdaniel-portland/girls-volleyball/","https://hsfootball.net/proxy.php?url=https%3A%2F%2Fimage.maxpreps.io%2Fschool-mascot%2F1%2Fd%2Fc%2F1dc9ca8d-307e-43c3-9612-f0c7dbff3241.gif%3Fversion%3D637687823400000000%26amp%3Bwidth%3D128%26amp%3Bheight%3D128%26amp%3Bauto%3Dwebp%26amp%3Bformat%3Dpjpg","https://hsfootball.net/proxy.php?url=https%3A%2F%2Fimage.maxpreps.io%2Fschool-mascot%2F4%2Ff%2F7%2F4f76ccfa-9ae5-4a32-8994-952b653f0423.gif%3Fversion%3D636644886600000000%26amp%3Bwidth%3D128%26amp%3Bheight%3D128%26amp%3Bauto%3Dwebp%26amp%3Bformat%3Dpjpg","girl"
50,"Days Creek vs Umpqua Valley Christian",Girls Volleyball,"Oregon",9/15/2026,6:00pm,"The Days Creek varsity volleyball team has an away conference match @  Umpqua Valley Christian (Roseburg, OR) on Tuesday, September 15 @ 6p.","/or/volleyball/match/days-creek-vs-umpqua-valley-christian-roseburg/9-15-2026/?c=1777ed93-84d9-4d0b-b499-42b89193413a","https://www.maxpreps.com/or/volleyball/match/days-creek-vs-umpqua-valley-christian-roseburg/9-15-2026/?c=1777ed93-84d9-4d0b-b499-42b89193413a","/volleyball/or/1206?9/15/2026","Days Creek","Wolves","https://www.maxpreps.com/or/days-creek/girls-volleyball/","https://www.maxpreps.com/or/umpqua-valley-christian-roseburg/girls-volleyball/","https://hsfootball.net/proxy.php?url=https%3A%2F%2Fasset.maxpreps.io%2Fincludes%2Fimages%2Flogos%2Fmaxpreps-logo-white-2025.png","https://hsfootball.net/proxy.php?url=https%3A%2F%2Fasset.maxpreps.io%2Fincludes%2Freact%2Fplay-on-logo.png","girl"
51,"Western Christian vs Kennedy",Girls Volleyball,"Oregon",9/15/2026,6:00pm,"The Western Christian varsity volleyball team has an away conference match @  Kennedy (Mt. Angel, OR) on Tuesday, September 15 @ 6p.","/or/volleyball/match/kennedy-mt-angel-vs-western-christian-salem/9-15-2026/?c=d32a4db0-33c9-4267-ae49-11e89cd5f2cd","https://www.maxpreps.com/or/volleyball/match/kennedy-mt-angel-vs-western-christian-salem/9-15-2026/?c=d32a4db0-33c9-4267-ae49-11e89cd5f2cd","/volleyball/or/10ac?9/15/2026","Western Christian","Pioneers","https://www.maxpreps.com/or/kennedy-mt-angel/girls-volleyball/","https://www.maxpreps.com/or/western-christian-salem/girls-volleyball/","https://hsfootball.net/proxy.php?url=https%3A%2F%2Fimage.maxpreps.io%2Fschool-mascot%2Fe%2Fc%2Fd%2Fecd31df3-998d-4ca5-a18d-2713f593b47d.gif%3Fversion%3D634355317200000000%26amp%3Bwidth%3D128%26amp%3Bheight%3D128%26amp%3Bauto%3Dwebp%26amp%3Bformat%3Dpjpg","https://hsfootball.net/proxy.php?url=https%3A%2F%2Fimage.maxpreps.io%2Fschool-mascot%2Fe%2Fc%2Fd%2Fecd31df3-998d-4ca5-a18d-2713f593b47d.gif%3Fversion%3D634355317200000000%26amp%3Bwidth%3D32%26amp%3Bheight%3D32%26amp%3Bauto%3Dwebp%26amp%3Bformat%3Dpjpg","girl"
52,"Damascus Christian vs Columbia Christian",Girls Volleyball,"Oregon",9/15/2026,6:00pm,"The Damascus Christian varsity volleyball team has an away non-conference match @  Columbia Christian (Portland, OR) on Tuesday, September 15 @ 6p.","/or/volleyball/match/columbia-christian-portland-vs-damascus-christian/9-15-2026/?c=b7f9a35f-e142-42e3-84cd-30a3259923b4","https://www.maxpreps.com/or/volleyball/match/columbia-christian-portland-vs-damascus-christian/9-15-2026/?c=b7f9a35f-e142-42e3-84cd-30a3259923b4","/volleyball/or/1355?9/15/2026","Damascus Christian","Eagles","https://www.maxpreps.com/or/columbia-christian-portland/girls-volleyball/","https://www.maxpreps.com/or/damascus-christian/girls-volleyball/","https://hsfootball.net/proxy.php?url=https%3A%2F%2Fasset.maxpreps.io%2Fincludes%2Fimages%2Flogos%2Fmaxpreps-logo-white-2025.png","https://hsfootball.net/proxy.php?url=https%3A%2F%2Fasset.maxpreps.io%2Fincludes%2Freact%2Fplay-on-logo.png","girl"
53,"Chemawa Indian vs Lewis Academy",Girls Volleyball,"Oregon",9/15/2026,6:00pm,"The Chemawa Indian varsity volleyball team has an away non-conference match @  Lewis Academy (Newberg, OR) on Tuesday, September 15 @ 6p.","/or/volleyball/match/chemawa-indian-salem-vs-lewis-academy-newberg/9-15-2026/?c=e9a33624-e117-4c05-b650-5f699052de1d","https://www.maxpreps.com/or/volleyball/match/chemawa-indian-salem-vs-lewis-academy-newberg/9-15-2026/?c=e9a33624-e117-4c05-b650-5f699052de1d","/volleyball/or/1134?9/15/2026","Chemawa Indian","Braves","https://www.maxpreps.com/or/chemawa-indian-salem/girls-volleyball/","https://www.maxpreps.com/or/lewis-academy-newberg/girls-volleyball/","https://hsfootball.net/proxy.php?url=https%3A%2F%2Fimage.maxpreps.io%2Fschool-mascot%2F1%2F0%2Ff%2F10fd41d5-f7d7-46b9-8a5a-0169925e3d43.gif%3Fversion%3D637726557600000000%26amp%3Bwidth%3D128%26amp%3Bheight%3D128%26amp%3Bauto%3Dwebp%26amp%3Bformat%3Dpjpg","https://hsfootball.net/proxy.php?url=https%3A%2F%2Fimage.maxpreps.io%2Fschool-mascot%2F1%2F0%2Ff%2F10fd41d5-f7d7-46b9-8a5a-0169925e3d43.gif%3Fversion%3D637726557600000000%26amp%3Bwidth%3D32%26amp%3Bheight%3D32%26amp%3Bauto%3Dwebp%26amp%3Bformat%3Dpjpg","girl"
54,"Southwest Christian vs Open Door Christian Academy",Girls Volleyball,"Oregon",9/15/2026,6:00pm,"The Southwest Christian varsity volleyball team has an away conference match @  Open Door Christian Academy (Troutdale, OR) on Tuesday, September 15 @ 6p.","/or/volleyball/match/open-door-christian-academy-troutdale-vs-southwest-christian-beaverton/9-15-2026/?c=4ea65cb1-7752-47b0-bb0b-65a5968de188","https://www.maxpreps.com/or/volleyball/match/open-door-christian-academy-troutdale-vs-southwest-christian-beaverton/9-15-2026/?c=4ea65cb1-7752-47b0-bb0b-65a5968de188","/volleyball/or/1ba5?9/15/2026","Southwest Christian","Wilcats","https://www.maxpreps.com/or/open-door-christian-academy-troutdale/girls-volleyball/","https://www.maxpreps.com/or/southwest-christian-beaverton/girls-volleyball/","https://hsfootball.net/proxy.php?url=https%3A%2F%2Fimage.maxpreps.io%2Fschool-mascot%2F5%2Fb%2Fb%2F5bbac6b7-c0a3-4796-9831-ef75b8fdf3c0.gif%3Fversion%3D636777980400000000%26amp%3Bwidth%3D128%26amp%3Bheight%3D128%26amp%3Bauto%3Dwebp%26amp%3Bformat%3Dpjpg","https://hsfootball.net/proxy.php?url=https%3A%2F%2Fimage.maxpreps.io%2Fschool-mascot%2F5%2Fb%2Fb%2F5bbac6b7-c0a3-4796-9831-ef75b8fdf3c0.gif%3Fversion%3D636777980400000000%26amp%3Bwidth%3D32%26amp%3Bheight%3D32%26amp%3Bauto%3Dwebp%26amp%3Bformat%3Dpjpg","girl"
55,"North Valley vs Klamath Union",Girls Volleyball,"Oregon",9/15/2026,6:15pm,"The North Valley varsity volleyball team has an away non-conference match @  Klamath Union (Klamath Falls, OR) on Tuesday, September 15 @ 6:15p.","/or/volleyball/match/klamath-union-klamath-falls-vs-north-valley-grants-pass/9-15-2026/?c=3d328981-57ea-4969-bc3c-8898e1ae495e","https://www.maxpreps.com/or/volleyball/match/klamath-union-klamath-falls-vs-north-valley-grants-pass/9-15-2026/?c=3d328981-57ea-4969-bc3c-8898e1ae495e","/volleyball/or/154e?9/15/2026","North Valley","Knights","https://www.maxpreps.com/or/klamath-union-klamath-falls/girls-volleyball/","https://www.maxpreps.com/or/north-valley-grants-pass/girls-volleyball/","https://hsfootball.net/proxy.php?url=https%3A%2F%2Fimage.maxpreps.io%2Fschool-mascot%2F2%2F2%2Fd%2F22da1606-d42a-4df5-933c-c008fcf02c34.gif%3Fversion%3D636637123800000000%26amp%3Bwidth%3D128%26amp%3Bheight%3D128%26amp%3Bauto%3Dwebp%26amp%3Bformat%3Dpjpg","https://hsfootball.net/proxy.php?url=https%3A%2F%2Fimage.maxpreps.io%2Fschool-mascot%2F2%2F7%2F1%2F271e8b34-3715-4d65-a606-559e18debd7f.gif%3Fversion%3D636366150600000000%26amp%3Bwidth%3D128%26amp%3Bheight%3D128%26amp%3Bauto%3Dwebp%26amp%3Bformat%3Dpjpg","girl"
56,"Phoenix vs Hidden Valley",Girls Volleyball,"Oregon",9/15/2026,6:15pm,"The Phoenix varsity volleyball team has an away conference match @  Hidden Valley (Grants Pass, OR) on Tuesday, September 15 @ 6:15p.","/or/volleyball/match/hidden-valley-grants-pass-vs-phoenix/9-15-2026/?c=554fec8d-5433-4e26-a5f7-22ff94e8133f","https://www.maxpreps.com/or/volleyball/match/hidden-valley-grants-pass-vs-phoenix/9-15-2026/?c=554fec8d-5433-4e26-a5f7-22ff94e8133f","/volleyball/or/e04?9/15/2026","Phoenix","Pirates","https://www.maxpreps.com/or/hidden-valley-grants-pass/girls-volleyball/","https://www.maxpreps.com/or/phoenix/girls-volleyball/","https://hsfootball.net/proxy.php?url=https%3A%2F%2Fimage.maxpreps.io%2Fschool-mascot%2Fe%2F0%2F7%2Fe07f582e-503f-4b84-a89a-a0d3d07fade2.gif%3Fversion%3D635307376800000000%26amp%3Bwidth%3D128%26amp%3Bheight%3D128%26amp%3Bauto%3Dwebp%26amp%3Bformat%3Dpjpg","https://hsfootball.net/proxy.php?url=https%3A%2F%2Fimage.maxpreps.io%2Fschool-mascot%2F7%2F2%2Fa%2F72a6c320-4d18-414a-a824-dc463021fe10.gif%3Fversion%3D636421821000000000%26amp%3Bwidth%3D128%26amp%3Bheight%3D128%26amp%3Bauto%3Dwebp%26amp%3Bformat%3Dpjpg","girl"
57,"Gaston vs Knappa",Girls Volleyball,"Oregon",9/15/2026,6:30pm,"The Gaston varsity volleyball team has an away conference match @  Knappa (Astoria, OR) on Tuesday, September 15 @ 6:30p.","/or/volleyball/match/gaston-vs-knappa-astoria/9-15-2026/?c=117d0cdd-c0eb-4fa2-9d2e-e201e88e6198","https://www.maxpreps.com/or/volleyball/match/gaston-vs-knappa-astoria/9-15-2026/?c=117d0cdd-c0eb-4fa2-9d2e-e201e88e6198","/volleyball/or/96a?9/15/2026","Gaston","Greyhounds","https://www.maxpreps.com/or/gaston/girls-volleyball/","https://www.maxpreps.com/or/knappa-astoria/girls-volleyball/","https://hsfootball.net/proxy.php?url=https%3A%2F%2Fimage.maxpreps.io%2Fschool-mascot%2F1%2F6%2Fd%2F16d00179-d893-4fc0-9806-70f8d45ebf71.gif%3Fversion%3D634019556600000000%26amp%3Bwidth%3D128%26amp%3Bheight%3D128%26amp%3Bauto%3Dwebp%26amp%3Bformat%3Dpjpg","https://hsfootball.net/proxy.php?url=https%3A%2F%2Fimage.maxpreps.io%2Fschool-mascot%2F1%2F6%2Fd%2F16d00179-d893-4fc0-9806-70f8d45ebf71.gif%3Fversion%3D634019556600000000%26amp%3Bwidth%3D32%26amp%3Bheight%3D32%26amp%3Bauto%3Dwebp%26amp%3Bformat%3Dpjpg","girl"
58,"Faith Bible Christian/Life Christian vs Nestucca",Girls Volleyball,"Oregon",9/15/2026,6:30pm,"The Faith Bible Christian/Life Christian varsity volleyball team has an away conference match @  Nestucca (Cloverdale, OR) on Tuesday, September 15 @ 6:30p.","/or/volleyball/match/faith-bible-christian-life-christian-aloha-vs-nestucca-cloverdale/9-15-2026/?c=5508dba9-9b3f-4392-91dd-5562b1c0ab29","https://www.maxpreps.com/or/volleyball/match/faith-bible-christian-life-christian-aloha-vs-nestucca-cloverdale/9-15-2026/?c=5508dba9-9b3f-4392-91dd-5562b1c0ab29","/volleyball/or/1901?9/15/2026","Faith Bible Christian/Life Christian","Nestucca","https://www.maxpreps.com/or/faith-bible-christian-life-christian-aloha/girls-volleyball/","https://www.maxpreps.com/or/nestucca-cloverdale/girls-volleyball/","https://hsfootball.net/proxy.php?url=https%3A%2F%2Fimage.maxpreps.io%2Fschool-mascot%2F8%2Ff%2F9%2F8f97869b-957e-4b92-b273-8a4eb337e951.gif%3Fversion%3D636410640600000000%26amp%3Bwidth%3D128%26amp%3Bheight%3D128%26amp%3Bauto%3Dwebp%26amp%3Bformat%3Dpjpg","https://hsfootball.net/proxy.php?url=https%3A%2F%2Fimage.maxpreps.io%2Fschool-mascot%2F8%2Ff%2F9%2F8f97869b-957e-4b92-b273-8a4eb337e951.gif%3Fversion%3D636410640600000000%26amp%3Bwidth%3D32%26amp%3Bheight%3D32%26amp%3Bauto%3Dwebp%26amp%3Bformat%3Dpjpg","girl"
59,"Crook County vs Bend",Girls Volleyball,"Oregon",9/15/2026,6:30pm,"The Crook County varsity volleyball team has an away conference match @  Bend (OR) on Tuesday, September 15 @ 6:30p.","/or/volleyball/match/bend-vs-crook-county-prineville/9-15-2026/?c=c1bafd75-9ce9-4c27-911b-c3760020e9ad","https://www.maxpreps.com/or/volleyball/match/bend-vs-crook-county-prineville/9-15-2026/?c=c1bafd75-9ce9-4c27-911b-c3760020e9ad","/volleyball/or/c30?9/15/2026","Crook County","Cowboys","https://www.maxpreps.com/or/bend/girls-volleyball/","https://www.maxpreps.com/or/crook-county-prineville/girls-volleyball/","https://hsfootball.net/proxy.php?url=https%3A%2F%2Fimage.maxpreps.io%2Fschool-mascot%2F7%2F2%2F5%2F7255c218-ee18-4d26-97ff-28ce3b01e3a3.gif%3Fversion%3D636692478600000000%26amp%3Bwidth%3D128%26amp%3Bheight%3D128%26amp%3Bauto%3Dwebp%26amp%3Bformat%3Dpjpg","https://hsfootball.net/proxy.php?url=https%3A%2F%2Fimage.maxpreps.io%2Fschool-mascot%2F6%2F5%2Fd%2F65d550b7-4c21-4ff4-bc96-9cfb4ac23328.gif%3Fversion%3D633880398000000000%26amp%3Bwidth%3D128%26amp%3Bheight%3D128%26amp%3Bauto%3Dwebp%26amp%3Bformat%3Dpjpg","girl"
60,"La Salle vs Woodburn",Girls Volleyball,"Oregon",9/15/2026,6:30pm,"The La Salle varsity volleyball team has an away conference match @  Woodburn (OR) on Tuesday, September 15 @ 6:30p.","/or/volleyball/match/la-salle-milwaukie-vs-woodburn/9-15-2026/?c=f9c70d9c-d06f-4b64-aa9c-45acd9cc4fac","https://www.maxpreps.com/or/volleyball/match/la-salle-milwaukie-vs-woodburn/9-15-2026/?c=f9c70d9c-d06f-4b64-aa9c-45acd9cc4fac","/volleyball/or/bb3?9/15/2026","La Salle","Falcons","https://www.maxpreps.com/or/la-salle-milwaukie/girls-volleyball/","https://www.maxpreps.com/or/woodburn/girls-volleyball/","https://hsfootball.net/proxy.php?url=https%3A%2F%2Fimage.maxpreps.io%2Fschool-mascot%2F3%2F1%2F8%2F31819689-3596-420e-9737-a28df539f514.gif%3Fversion%3D638603605539514470%26amp%3Bwidth%3D128%26amp%3Bheight%3D128%26amp%3Bauto%3Dwebp%26amp%3Bformat%3Dpjpg","https://hsfootball.net/proxy.php?url=https%3A%2F%2Fimage.maxpreps.io%2Fschool-mascot%2Fb%2F7%2F7%2Fb7774217-0f1e-4cb1-bf97-af70346f15df.gif%3Fversion%3D633882639000000000%26amp%3Bwidth%3D128%26amp%3Bheight%3D128%26amp%3Bauto%3Dwebp%26amp%3Bformat%3Dpjpg","girl"
61,"Nestucca vs Faith Bible Christian",Girls Volleyball,"Oregon",9/15/2026,6:30pm,"The Nestucca varsity volleyball team has an away non-conference match @  Faith Bible Christian (Aloha, OR) on Tuesday, September 15 @ 6:30p.","/or/volleyball/match/faith-bible-christian-aloha-vs-nestucca-cloverdale/9-15-2026/?c=ed3130d5-22b2-4db9-89d5-07547a3a5f7c","https://www.maxpreps.com/or/volleyball/match/faith-bible-christian-aloha-vs-nestucca-cloverdale/9-15-2026/?c=ed3130d5-22b2-4db9-89d5-07547a3a5f7c","/volleyball/or/1342?9/15/2026","Nestucca","Bobcats","https://www.maxpreps.com/or/faith-bible-christian-aloha/girls-volleyball/","https://www.maxpreps.com/or/nestucca-cloverdale/girls-volleyball/","https://hsfootball.net/proxy.php?url=https%3A%2F%2Fimage.maxpreps.io%2Fschool-mascot%2F8%2Ff%2F9%2F8f97869b-957e-4b92-b273-8a4eb337e951.gif%3Fversion%3D636410640600000000%26amp%3Bwidth%3D128%26amp%3Bheight%3D128%26amp%3Bauto%3Dwebp%26amp%3Bformat%3Dpjpg","https://hsfootball.net/proxy.php?url=https%3A%2F%2Fimage.maxpreps.io%2Fschool-mascot%2F7%2F2%2F3%2F72338e0a-c601-4d6f-afcb-e5d294453d06.gif%3Fversion%3D635587707600000000%26amp%3Bwidth%3D128%26amp%3Bheight%3D128%26amp%3Bauto%3Dwebp%26amp%3Bformat%3Dpjpg","girl"
62,"St. Helens vs Milwaukie/Milwaukie Academy of the Arts",Girls Volleyball,"Oregon",9/15/2026,6:30pm,"The St. Helens varsity volleyball team has an away conference match @  Milwaukie/Milwaukie Academy of the Arts (Milwaukie, OR) on Tuesday, September 15 @ 6:30p.","/or/volleyball/match/milwaukie-milwaukie-academy-of-the-arts-vs-st-helens/9-15-2026/?c=0d7dcbdf-ff49-4550-ac51-07cf426e8447","https://www.maxpreps.com/or/volleyball/match/milwaukie-milwaukie-academy-of-the-arts-vs-st-helens/9-15-2026/?c=0d7dcbdf-ff49-4550-ac51-07cf426e8447","/volleyball/or/13eb?9/15/2026","St. Helens","Lions","https://www.maxpreps.com/or/milwaukie-milwaukie-academy-of-the-arts/girls-volleyball/","https://www.maxpreps.com/or/st-helens/girls-volleyball/","https://hsfootball.net/proxy.php?url=https%3A%2F%2Fimage.maxpreps.io%2Fschool-mascot%2F2%2F0%2F1%2F201cc07b-41bb-4094-9ba9-7b08ca9bedd0.gif%3Fversion%3D636747761400000000%26amp%3Bwidth%3D128%26amp%3Bheight%3D128%26amp%3Bauto%3Dwebp%26amp%3Bformat%3Dpjpg","https://hsfootball.net/proxy.php?url=https%3A%2F%2Fimage.maxpreps.io%2Fschool-mascot%2F2%2F0%2F1%2F201cc07b-41bb-4094-9ba9-7b08ca9bedd0.gif%3Fversion%3D636747761400000000%26amp%3Bwidth%3D32%26amp%3Bheight%3D32%26amp%3Bauto%3Dwebp%26amp%3Bformat%3Dpjpg","girl"
63,"Lebanon vs Corvallis",Girls Volleyball,"Oregon",9/15/2026,6:30pm,"The Lebanon varsity volleyball team has an away conference match @  Corvallis (OR) on Tuesday, September 15 @ 6:30p.","/or/volleyball/match/corvallis-vs-lebanon/9-15-2026/?c=493d8cc6-99fa-40b9-b300-d74a3cffb4d0","https://www.maxpreps.com/or/volleyball/match/corvallis-vs-lebanon/9-15-2026/?c=493d8cc6-99fa-40b9-b300-d74a3cffb4d0","/volleyball/or/7f1?9/15/2026","Lebanon","Warriors","https://www.maxpreps.com/or/corvallis/girls-volleyball/","https://www.maxpreps.com/or/lebanon/girls-volleyball/","https://hsfootball.net/proxy.php?url=https%3A%2F%2Fimage.maxpreps.io%2Fschool-mascot%2F2%2F9%2F6%2F2969256f-8480-4272-a881-6dbfb09bfcf3.gif%3Fversion%3D637527031800000000%26amp%3Bwidth%3D128%26amp%3Bheight%3D128%26amp%3Bauto%3Dwebp%26amp%3Bformat%3Dpjpg","https://hsfootball.net/proxy.php?url=https%3A%2F%2Fimage.maxpreps.io%2Fschool-mascot%2F1%2F9%2F1%2F191e06b4-3b07-45b2-9853-732f3c801f49.gif%3Fversion%3D635772803400000000%26amp%3Bwidth%3D128%26amp%3Bheight%3D128%26amp%3Bauto%3Dwebp%26amp%3Bformat%3Dpjpg","girl"
64,"Harper vs Crane",Girls Volleyball,"Oregon",9/15/2026,6:30pm,"The Harper varsity volleyball team has an away conference match @  Crane (OR) on Tuesday, September 15 @ 6:30p.","/or/volleyball/match/crane-vs-harper/9-15-2026/?c=d8e76c8e-11fc-4137-a091-d1e25b77e45c","https://www.maxpreps.com/or/volleyball/match/crane-vs-harper/9-15-2026/?c=d8e76c8e-11fc-4137-a091-d1e25b77e45c","/volleyball/or/5ce?9/15/2026","Harper","Hornets","https://www.maxpreps.com/or/crane/girls-volleyball/","https://www.maxpreps.com/or/harper/girls-volleyball/","https://hsfootball.net/proxy.php?url=https%3A%2F%2Fasset.maxpreps.io%2Fincludes%2Fimages%2Flogos%2Fmaxpreps-logo-white-2025.png","https://hsfootball.net/proxy.php?url=https%3A%2F%2Fasset.maxpreps.io%2Fincludes%2Freact%2Fplay-on-logo.png","girl"
65,"Gresham vs David Douglas",Girls Volleyball,"Oregon",9/15/2026,6:30pm,"The Gresham varsity volleyball team has an away conference match @  David Douglas (Portland, OR) on Tuesday, September 15 @ 6:30p.","/or/volleyball/match/david-douglas-portland-vs-gresham/9-15-2026/?c=8fdaf7d1-6b63-443c-802d-4d65b70d8333","https://www.maxpreps.com/or/volleyball/match/david-douglas-portland-vs-gresham/9-15-2026/?c=8fdaf7d1-6b63-443c-802d-4d65b70d8333","/volleyball/or/cdf?9/15/2026","Gresham","Gophers","https://www.maxpreps.com/or/david-douglas-portland/girls-volleyball/","https://www.maxpreps.com/or/gresham/girls-volleyball/","https://hsfootball.net/proxy.php?url=https%3A%2F%2Fimage.maxpreps.io%2Fschool-mascot%2Ff%2F1%2F8%2Ff18edf48-3556-4ef5-9f53-3507883ad461.gif%3Fversion%3D636475438200000000%26amp%3Bwidth%3D128%26amp%3Bheight%3D128%26amp%3Bauto%3Dwebp%26amp%3Bformat%3Dpjpg","https://hsfootball.net/proxy.php?url=https%3A%2F%2Fimage.maxpreps.io%2Fschool-mascot%2Fa%2F9%2F9%2Fa997ff50-ace5-4987-b69d-a665082e2a5c.gif%3Fversion%3D636718415400000000%26amp%3Bwidth%3D128%26amp%3Bheight%3D128%26amp%3Bauto%3Dwebp%26amp%3Bformat%3Dpjpg","girl"
66,"Clatskanie vs Vernonia",Girls Volleyball,"Oregon",9/15/2026,6:30pm,"The Clatskanie varsity volleyball team has an away conference match @  Vernonia (OR) on Tuesday, September 15 @ 6:30p.","/or/volleyball/match/clatskanie-vs-vernonia/9-15-2026/?c=88b87f51-8bd9-4a0f-bce6-d133bb75c451","https://www.maxpreps.com/or/volleyball/match/clatskanie-vs-vernonia/9-15-2026/?c=88b87f51-8bd9-4a0f-bce6-d133bb75c451","/volleyball/or/8c4?9/15/2026","Clatskanie","Tigers","https://www.maxpreps.com/or/clatskanie/girls-volleyball/","https://www.maxpreps.com/or/vernonia/girls-volleyball/","https://hsfootball.net/proxy.php?url=https%3A%2F%2Fimage.maxpreps.io%2Fschool-mascot%2F4%2F0%2F6%2F406a2a87-e3c5-4f14-bb25-4aa27f933dc7.gif%3Fversion%3D638303332800000000%26amp%3Bwidth%3D128%26amp%3Bheight%3D128%26amp%3Bauto%3Dwebp%26amp%3Bformat%3Dpjpg","https://hsfootball.net/proxy.php?url=https%3A%2F%2Fimage.maxpreps.io%2Fschool-mascot%2F4%2F0%2F6%2F406a2a87-e3c5-4f14-bb25-4aa27f933dc7.gif%3Fversion%3D638303332800000000%26amp%3Bwidth%3D32%26amp%3Bheight%3D32%26amp%3Bauto%3Dwebp%26amp%3Bformat%3Dpjpg","girl"
67,"Junction City vs Marshfield",Girls Volleyball,"Oregon",9/15/2026,6:30pm,"The Junction City varsity volleyball team has an away conference match @  Marshfield (Coos Bay, OR) on Tuesday, September 15 @ 6:30p.","/or/volleyball/match/junction-city-vs-marshfield-coos-bay/9-15-2026/?c=311b7b08-f328-4093-a2d8-2086f1a5f101","https://www.maxpreps.com/or/volleyball/match/junction-city-vs-marshfield-coos-bay/9-15-2026/?c=311b7b08-f328-4093-a2d8-2086f1a5f101","/volleyball/or/dfc?9/15/2026","Junction City","Tigers","https://www.maxpreps.com/or/junction-city/girls-volleyball/","https://www.maxpreps.com/or/marshfield-coos-bay/girls-volleyball/","https://hsfootball.net/proxy.php?url=https%3A%2F%2Fimage.maxpreps.io%2Fschool-mascot%2Fd%2F4%2F8%2Fd4834194-77b0-49ad-b78a-17cfe9ee1365.gif%3Fversion%3D633874880400000000%26amp%3Bwidth%3D128%26amp%3Bheight%3D128%26amp%3Bauto%3Dwebp%26amp%3Bformat%3Dpjpg","https://hsfootball.net/proxy.php?url=https%3A%2F%2Fimage.maxpreps.io%2Fschool-mascot%2Fd%2F4%2F8%2Fd4834194-77b0-49ad-b78a-17cfe9ee1365.gif%3Fversion%3D633874880400000000%26amp%3Bwidth%3D32%26amp%3Bheight%3D32%26amp%3Bauto%3Dwebp%26amp%3Bformat%3Dpjpg","girl"
68,"Portland Adventist Academy vs Corbett",Girls Volleyball,"Oregon",9/15/2026,6:30pm,"The Portland Adventist Academy varsity volleyball team has an away non-conference match @  Corbett (OR) on Tuesday, September 15 @ 6:30p.","/or/volleyball/match/corbett-vs-portland-adventist-academy/9-15-2026/?c=c407313c-125c-492b-b1a9-af23f35f2fd4","https://www.maxpreps.com/or/volleyball/match/corbett-vs-portland-adventist-academy/9-15-2026/?c=c407313c-125c-492b-b1a9-af23f35f2fd4","/volleyball/or/e9a?9/15/2026","Portland Adventist Academy","Cougars","https://www.maxpreps.com/or/corbett/girls-volleyball/","https://www.maxpreps.com/or/portland-adventist-academy/girls-volleyball/","https://hsfootball.net/proxy.php?url=https%3A%2F%2Fimage.maxpreps.io%2Fschool-mascot%2F9%2Fa%2Fd%2F9ad3d663-9bb8-45ff-a5c1-9223128b0902.gif%3Fversion%3D634217875200000000%26amp%3Bwidth%3D128%26amp%3Bheight%3D128%26amp%3Bauto%3Dwebp%26amp%3Bformat%3Dpjpg","https://hsfootball.net/proxy.php?url=https%3A%2F%2Fimage.maxpreps.io%2Fschool-mascot%2F9%2Fa%2Fd%2F9ad3d663-9bb8-45ff-a5c1-9223128b0902.gif%3Fversion%3D634217875200000000%26amp%3Bwidth%3D32%26amp%3Bheight%3D32%26amp%3Bauto%3Dwebp%26amp%3Bformat%3Dpjpg","girl"
69,"Prairie City vs Grant Union",Girls Volleyball,"Oregon",9/15/2026,6:30pm,"The Prairie City varsity volleyball team has an away non-conference match @  Grant Union (John Day, OR) on Tuesday, September 15 @ 6:30p.","/or/volleyball/match/grant-union-john-day-vs-prairie-city/9-15-2026/?c=d1343935-0855-444e-a333-65db47c18849","https://www.maxpreps.com/or/volleyball/match/grant-union-john-day-vs-prairie-city/9-15-2026/?c=d1343935-0855-444e-a333-65db47c18849","/volleyball/or/dce?9/15/2026","Prairie City","Panthers","https://www.maxpreps.com/or/grant-union-john-day/girls-volleyball/","https://www.maxpreps.com/or/prairie-city/girls-volleyball/","https://hsfootball.net/proxy.php?url=https%3A%2F%2Fimage.maxpreps.io%2Fschool-mascot%2Fc%2Fd%2F4%2Fcd4284c9-c6c4-42e0-944e-6d4203a7057d.gif%3Fversion%3D634348692600000000%26amp%3Bwidth%3D128%26amp%3Bheight%3D128%26amp%3Bauto%3Dwebp%26amp%3Bformat%3Dpjpg","https://hsfootball.net/proxy.php?url=https%3A%2F%2Fimage.maxpreps.io%2Fschool-mascot%2Fc%2Fd%2F4%2Fcd4284c9-c6c4-42e0-944e-6d4203a7057d.gif%3Fversion%3D634348692600000000%26amp%3Bwidth%3D32%26amp%3Bheight%3D32%26amp%3Bauto%3Dwebp%26amp%3Bformat%3Dpjpg","girl"
70,"Cascade vs Astoria",Girls Volleyball,"Oregon",9/15/2026,6:30pm,"The Cascade varsity volleyball team has an away non-conference match @  Astoria (OR) on Tuesday, September 15 @ 6:30p.","/or/volleyball/match/astoria-vs-cascade-turner/9-15-2026/?c=aa20ba4d-edd9-46cf-8434-e2995045984e","https://www.maxpreps.com/or/volleyball/match/astoria-vs-cascade-turner/9-15-2026/?c=aa20ba4d-edd9-46cf-8434-e2995045984e","/volleyball/or/9c7?9/15/2026","Cascade","Cougars","https://www.maxpreps.com/or/astoria/girls-volleyball/","https://www.maxpreps.com/or/cascade-turner/girls-volleyball/","https://hsfootball.net/proxy.php?url=https%3A%2F%2Fimage.maxpreps.io%2Fschool-mascot%2Fc%2F5%2Fc%2Fc5c3aef7-0c44-4d4a-923c-ea5ea83aa83b.gif%3Fversion%3D635215776000000000%26amp%3Bwidth%3D128%26amp%3Bheight%3D128%26amp%3Bauto%3Dwebp%26amp%3Bformat%3Dpjpg","https://hsfootball.net/proxy.php?url=https%3A%2F%2Fimage.maxpreps.io%2Fschool-mascot%2Fc%2F5%2Fc%2Fc5c3aef7-0c44-4d4a-923c-ea5ea83aa83b.gif%3Fversion%3D635215776000000000%26amp%3Bwidth%3D32%26amp%3Bheight%3D32%26amp%3Bauto%3Dwebp%26amp%3Bformat%3Dpjpg","girl"
71,"South Albany vs Dallas",Girls Volleyball,"Oregon",9/15/2026,6:30pm,"The South Albany varsity volleyball team has an away conference match @  Dallas (OR) on Tuesday, September 15 @ 6:30p.","/or/volleyball/match/dallas-vs-south-albany/9-15-2026/?c=e770c344-2dc1-4027-b177-ba80de24028e","https://www.maxpreps.com/or/volleyball/match/dallas-vs-south-albany/9-15-2026/?c=e770c344-2dc1-4027-b177-ba80de24028e","/volleyball/or/88b?9/15/2026","South Albany","Redhawks","https://www.maxpreps.com/or/dallas/girls-volleyball/","https://www.maxpreps.com/or/south-albany/girls-volleyball/","https://hsfootball.net/proxy.php?url=https%3A%2F%2Fimage.maxpreps.io%2Fschool-mascot%2F4%2Ff%2F8%2F4f81d2ee-8fa3-48b5-824f-eeb2246d4c60.gif%3Fversion%3D636706322400000000%26amp%3Bwidth%3D128%26amp%3Bheight%3D128%26amp%3Bauto%3Dwebp%26amp%3Bformat%3Dpjpg","https://hsfootball.net/proxy.php?url=https%3A%2F%2Fimage.maxpreps.io%2Fschool-mascot%2Fa%2Fa%2F4%2Faa4317cf-015e-4c9a-bcb7-89e09910df0d.gif%3Fversion%3D634042918200000000%26amp%3Bwidth%3D128%26amp%3Bheight%3D128%26amp%3Bauto%3Dwebp%26amp%3Bformat%3Dpjpg","girl"
72,"Nelson vs Central Catholic",Girls Volleyball,"Oregon",9/15/2026,6:30pm,"The Nelson varsity volleyball team has an away conference match @  Central Catholic (Portland, OR) on Tuesday, September 15 @ 6:30p.","/or/volleyball/match/central-catholic-portland-vs-nelson-happy-valley/9-15-2026/?c=d0561ca4-7539-48dc-b5a9-685e47ff08cb","https://www.maxpreps.com/or/volleyball/match/central-catholic-portland-vs-nelson-happy-valley/9-15-2026/?c=d0561ca4-7539-48dc-b5a9-685e47ff08cb","/volleyball/or/12c9?9/15/2026","Nelson","Central Catholic","https://www.maxpreps.com/or/central-catholic-portland/girls-volleyball/","https://www.maxpreps.com/or/nelson-happy-valley/girls-volleyball/","https://hsfootball.net/proxy.php?url=https%3A%2F%2Fimage.maxpreps.io%2Fschool-mascot%2F1%2F4%2Fb%2F14b24b6f-9d06-4493-9f9e-d5185b5a3043.gif%3Fversion%3D637640962200000000%26amp%3Bwidth%3D128%26amp%3Bheight%3D128%26amp%3Bauto%3Dwebp%26amp%3Bformat%3Dpjpg","https://hsfootball.net/proxy.php?url=https%3A%2F%2Fimage.maxpreps.io%2Fschool-mascot%2F4%2Fe%2Fe%2F4ee906ab-2f2a-44cd-be69-d400af6ae216.gif%3Fversion%3D635152847400000000%26amp%3Bwidth%3D128%26amp%3Bheight%3D128%26amp%3Bauto%3Dwebp%26amp%3Bformat%3Dpjpg","girl"
73,"Ida B. Wells vs Clackamas",Girls Volleyball,"Oregon",9/15/2026,6:30pm,"The Ida B. Wells varsity volleyball team has an away non-conference match @  Clackamas (OR) on Tuesday, September 15 @ 6:30p.","/or/volleyball/match/clackamas-vs-ida-b-wells-trojans-portland/9-15-2026/?c=6c85b39a-4b43-401c-9740-0064820a04a5","https://www.maxpreps.com/or/volleyball/match/clackamas-vs-ida-b-wells-trojans-portland/9-15-2026/?c=6c85b39a-4b43-401c-9740-0064820a04a5","/volleyball/or/fb3?9/15/2026","Ida B. Wells","Guardians","https://www.maxpreps.com/or/clackamas/girls-volleyball/","https://www.maxpreps.com/or/ida-b-wells-trojans-portland/girls-volleyball/","https://hsfootball.net/proxy.php?url=https%3A%2F%2Fimage.maxpreps.io%2Fschool-mascot%2Fc%2Fb%2F0%2Fcb065ded-3ff5-4b7d-ad27-16b79d71f53e.gif%3Fversion%3D638162922000000000%26amp%3Bwidth%3D128%26amp%3Bheight%3D128%26amp%3Bauto%3Dwebp%26amp%3Bformat%3Dpjpg","https://hsfootball.net/proxy.php?url=https%3A%2F%2Fimage.maxpreps.io%2Fschool-mascot%2F6%2F1%2Fc%2F61c8cf26-2312-4d58-af4f-15fdd4a74b33.gif%3Fversion%3D634823080200000000%26amp%3Bwidth%3D128%26amp%3Bheight%3D128%26amp%3Bauto%3Dwebp%26amp%3Bformat%3Dpjpg","girl"
74,"Jefferson vs Scio",Girls Volleyball,"Oregon",9/15/2026,6:30pm,"The Jefferson varsity volleyball team has an away conference match @  Scio (OR) on Tuesday, September 15 @ 6:30p.","/or/volleyball/match/jefferson-vs-scio/9-15-2026/?c=6dd06f7c-f519-4e4e-abdc-ed86a33c58be","https://www.maxpreps.com/or/volleyball/match/jefferson-vs-scio/9-15-2026/?c=6dd06f7c-f519-4e4e-abdc-ed86a33c58be","/volleyball/or/6b3?9/15/2026","Jefferson","Lions","https://www.maxpreps.com/or/jefferson/girls-volleyball/","https://www.maxpreps.com/or/scio/girls-volleyball/","https://hsfootball.net/proxy.php?url=https%3A%2F%2Fimage.maxpreps.io%2Fschool-mascot%2F5%2F6%2Fd%2F56d91e79-e16a-476f-847f-f24fb316e3a1.gif%3Fversion%3D634782955200000000%26amp%3Bwidth%3D128%26amp%3Bheight%3D128%26amp%3Bauto%3Dwebp%26amp%3Bformat%3Dpjpg","https://hsfootball.net/proxy.php?url=https%3A%2F%2Fimage.maxpreps.io%2Fschool-mascot%2F5%2F6%2Fd%2F56d91e79-e16a-476f-847f-f24fb316e3a1.gif%3Fversion%3D634782955200000000%26amp%3Bwidth%3D32%26amp%3Bheight%3D32%26amp%3Bauto%3Dwebp%26amp%3Bformat%3Dpjpg","girl"
75,"Caldera vs Redmond",Girls Volleyball,"Oregon",9/15/2026,6:30pm,"The Caldera varsity volleyball team has an away conference match @  Redmond (OR) on Tuesday, September 15 @ 6:30p.","/or/volleyball/match/caldera-bend-vs-redmond/9-15-2026/?c=981463d2-ba33-4ef7-b68b-fe2e9dd55a31","https://www.maxpreps.com/or/volleyball/match/caldera-bend-vs-redmond/9-15-2026/?c=981463d2-ba33-4ef7-b68b-fe2e9dd55a31","/volleyball/or/8be?9/15/2026","Caldera","Redmond","https://www.maxpreps.com/or/caldera-bend/girls-volleyball/","https://www.maxpreps.com/or/redmond/girls-volleyball/","https://hsfootball.net/proxy.php?url=https%3A%2F%2Fasset.maxpreps.io%2Fincludes%2Fimages%2Flogos%2Fmaxpreps-logo-white-2025.png","https://hsfootball.net/proxy.php?url=https%3A%2F%2Fasset.maxpreps.io%2Fincludes%2Freact%2Fplay-on-logo.png","girl"
76,"West Salem vs McKay",Girls Volleyball,"Oregon",9/15/2026,6:30pm,"The West Salem varsity volleyball team has an away conference match @  McKay (Salem, OR) on Tuesday, September 15 @ 6:30p.","/or/volleyball/match/mckay-salem-vs-west-salem/9-15-2026/?c=d23fb150-e6e9-4bdf-8b38-51894391f745","https://www.maxpreps.com/or/volleyball/match/mckay-salem-vs-west-salem/9-15-2026/?c=d23fb150-e6e9-4bdf-8b38-51894391f745","/volleyball/or/999?9/15/2026","West Salem","Titans","https://www.maxpreps.com/or/mckay-salem/girls-volleyball/","https://www.maxpreps.com/or/west-salem/girls-volleyball/","https://hsfootball.net/proxy.php?url=https%3A%2F%2Fimage.maxpreps.io%2Fschool-mascot%2Fc%2Fc%2Fc%2Fccc7a85e-c7ae-436a-83cc-c3dd7265d2dd.gif%3Fversion%3D635536528200000000%26amp%3Bwidth%3D128%26amp%3Bheight%3D128%26amp%3Bauto%3Dwebp%26amp%3Bformat%3Dpjpg","https://hsfootball.net/proxy.php?url=https%3A%2F%2Fimage.maxpreps.io%2Fschool-mascot%2F3%2F3%2F8%2F338017fa-ff00-4c03-a3e8-6193405f3641.gif%3Fversion%3D635895001200000000%26amp%3Bwidth%3D128%26amp%3Bheight%3D128%26amp%3Bauto%3Dwebp%26amp%3Bformat%3Dpjpg","girl"
77,"Ridgeview vs Summit",Girls Volleyball,"Oregon",9/15/2026,6:30pm,"The Ridgeview varsity volleyball team has an away conference match @  Summit (Bend, OR) on Tuesday, September 15 @ 6:30p.","/or/volleyball/match/ridgeview-redmond-vs-summit-bend/9-15-2026/?c=8bc01ab0-927c-47a4-9a74-039538ce4464","https://www.maxpreps.com/or/volleyball/match/ridgeview-redmond-vs-summit-bend/9-15-2026/?c=8bc01ab0-927c-47a4-9a74-039538ce4464","/volleyball/or/c84?9/15/2026","Ridgeview","Ravens","https://www.maxpreps.com/or/ridgeview-redmond/girls-volleyball/","https://www.maxpreps.com/or/summit-bend/girls-volleyball/","https://hsfootball.net/proxy.php?url=https%3A%2F%2Fimage.maxpreps.io%2Fschool-mascot%2Fd%2F6%2Ff%2Fd6f0e5c1-4deb-4819-8421-52adf1c1f698.gif%3Fversion%3D637854374400000000%26amp%3Bwidth%3D128%26amp%3Bheight%3D128%26amp%3Bauto%3Dwebp%26amp%3Bformat%3Dpjpg","https://hsfootball.net/proxy.php?url=https%3A%2F%2Fimage.maxpreps.io%2Fschool-mascot%2F5%2F1%2F3%2F5137612d-2fe1-43b9-b0ad-a4c0d142e7be.gif%3Fversion%3D635843457000000000%26amp%3Bwidth%3D128%26amp%3Bheight%3D128%26amp%3Bauto%3Dwebp%26amp%3Bformat%3Dpjpg","girl"
78,"Putnam vs Centennial",Girls Volleyball,"Oregon",9/15/2026,6:30pm,"The Putnam varsity volleyball team has an away non-conference match @  Centennial (Gresham, OR) on Tuesday, September 15 @ 6:30p.","/or/volleyball/match/centennial-gresham-vs-putnam-milwaukie/9-15-2026/?c=c7c66344-589e-4443-b7b0-3d5a703f4e47","https://www.maxpreps.com/or/volleyball/match/centennial-gresham-vs-putnam-milwaukie/9-15-2026/?c=c7c66344-589e-4443-b7b0-3d5a703f4e47","/volleyball/or/f02?9/15/2026","Putnam","Kingsmen","https://www.maxpreps.com/or/centennial-gresham/girls-volleyball/","https://www.maxpreps.com/or/putnam-milwaukie/girls-volleyball/","https://hsfootball.net/proxy.php?url=https%3A%2F%2Fimage.maxpreps.io%2Fschool-mascot%2F5%2F0%2Fb%2F50b103dc-d234-4967-8623-d29ae3f00812.gif%3Fversion%3D636796174200000000%26amp%3Bwidth%3D128%26amp%3Bheight%3D128%26amp%3Bauto%3Dwebp%26amp%3Bformat%3Dpjpg","https://hsfootball.net/proxy.php?url=https%3A%2F%2Fimage.maxpreps.io%2Fschool-mascot%2Ff%2Ff%2F1%2Fff14428f-eb93-4f95-9a56-1065d158e9f2.gif%3Fversion%3D636180822000000000%26amp%3Bwidth%3D128%26amp%3Bheight%3D128%26amp%3Bauto%3Dwebp%26amp%3Bformat%3Dpjpg","girl"
79,"Hood River Valley vs Sandy",Girls Volleyball,"Oregon",9/15/2026,6:30pm,"The Hood River Valley varsity volleyball team has an away conference match @  Sandy (OR) on Tuesday, September 15 @ 6:30p.","/or/volleyball/match/hood-river-valley-vs-sandy/9-15-2026/?c=0a07f613-35a9-4ee9-bb83-af1a0289cd52","https://www.maxpreps.com/or/volleyball/match/hood-river-valley-vs-sandy/9-15-2026/?c=0a07f613-35a9-4ee9-bb83-af1a0289cd52","/volleyball/or/a1b?9/15/2026","Hood River Valley","Eagles","https://www.maxpreps.com/or/hood-river-valley/girls-volleyball/","https://www.maxpreps.com/or/sandy/girls-volleyball/","https://hsfootball.net/proxy.php?url=https%3A%2F%2Fimage.maxpreps.io%2Fschool-mascot%2F2%2F4%2F3%2F2436f3d5-d20e-4042-888d-e0c750b75a55.gif%3Fversion%3D634201354800000000%26amp%3Bwidth%3D128%26amp%3Bheight%3D128%26amp%3Bauto%3Dwebp%26amp%3Bformat%3Dpjpg","https://hsfootball.net/proxy.php?url=https%3A%2F%2Fimage.maxpreps.io%2Fschool-mascot%2Fa%2Ff%2F1%2Faf1214b3-f8b3-406d-8c9c-f86b837c3296.gif%3Fversion%3D636625852200000000%26amp%3Bwidth%3D128%26amp%3Bheight%3D128%26amp%3Bauto%3Dwebp%26amp%3Bformat%3Dpjpg","girl"
80,"Marist vs Elmira",Girls Volleyball,"Oregon",9/15/2026,6:30pm,"The Marist varsity volleyball team has an away conference match @  Elmira (OR) on Tuesday, September 15 @ 6:30p.","/or/volleyball/match/elmira-vs-marist-eugene/9-15-2026/?c=d74cd830-ab73-43a0-a5e4-c4ff185bac09","https://www.maxpreps.com/or/volleyball/match/elmira-vs-marist-eugene/9-15-2026/?c=d74cd830-ab73-43a0-a5e4-c4ff185bac09","/volleyball/or/8f3?9/15/2026","Marist","Spartans","https://www.maxpreps.com/or/elmira/girls-volleyball/","https://www.maxpreps.com/or/marist-eugene/girls-volleyball/","https://hsfootball.net/proxy.php?url=https%3A%2F%2Fimage.maxpreps.io%2Fschool-mascot%2F5%2Fc%2Ff%2F5cf09730-ab81-41c7-ac64-437950cf4fcc.gif%3Fversion%3D635464620600000000%26amp%3Bwidth%3D128%26amp%3Bheight%3D128%26amp%3Bauto%3Dwebp%26amp%3Bformat%3Dpjpg","https://hsfootball.net/proxy.php?url=https%3A%2F%2Fimage.maxpreps.io%2Fschool-mascot%2F4%2F9%2F7%2F4972d458-28d2-4c6c-afb7-0eedec9fc898.gif%3Fversion%3D636825573600000000%26amp%3Bwidth%3D128%26amp%3Bheight%3D128%26amp%3Bauto%3Dwebp%26amp%3Bformat%3Dpjpg","girl"
81,"Union vs Elgin",Girls Volleyball,"Oregon",9/15/2026,6:30pm,"The Union varsity volleyball team has an away conference match @  Elgin (OR) on Tuesday, September 15 @ 6:30p.","/or/volleyball/match/elgin-vs-union/9-15-2026/?c=01b9f6bc-0c48-44a7-9b4c-d33df7edaf6b","https://www.maxpreps.com/or/volleyball/match/elgin-vs-union/9-15-2026/?c=01b9f6bc-0c48-44a7-9b4c-d33df7edaf6b","/volleyball/or/57b?9/15/2026","Union","Bobcats","https://www.maxpreps.com/or/elgin/girls-volleyball/","https://www.maxpreps.com/or/union/girls-volleyball/","https://hsfootball.net/proxy.php?url=https%3A%2F%2Fasset.maxpreps.io%2Fincludes%2Fimages%2Flogos%2Fmaxpreps-logo-white-2025.png","https://hsfootball.net/proxy.php?url=https%3A%2F%2Fasset.maxpreps.io%2Fincludes%2Freact%2Fplay-on-logo.png","girl"
82,"Barlow vs Reynolds",Girls Volleyball,"Oregon",9/15/2026,6:30pm,"The Barlow varsity volleyball team has an away conference match @  Reynolds (Troutdale, OR) on Tuesday, September 15 @ 6:30p.","/or/volleyball/match/barlow-gresham-vs-reynolds-troutdale/9-15-2026/?c=d065d80e-eac5-488d-ab6b-617337f87d3d","https://www.maxpreps.com/or/volleyball/match/barlow-gresham-vs-reynolds-troutdale/9-15-2026/?c=d065d80e-eac5-488d-ab6b-617337f87d3d","/volleyball/or/e4f?9/15/2026","Barlow","Bruins","https://www.maxpreps.com/or/barlow-gresham/girls-volleyball/","https://www.maxpreps.com/or/reynolds-troutdale/girls-volleyball/","https://hsfootball.net/proxy.php?url=https%3A%2F%2Fimage.maxpreps.io%2Fschool-mascot%2Fc%2F7%2Fa%2Fc7a4f1c0-0a3c-4f14-b76e-db15cfc54bcb.gif%3Fversion%3D638622504708128560%26amp%3Bwidth%3D128%26amp%3Bheight%3D128%26amp%3Bauto%3Dwebp%26amp%3Bformat%3Dpjpg","https://hsfootball.net/proxy.php?url=https%3A%2F%2Fimage.maxpreps.io%2Fschool-mascot%2F4%2F3%2F6%2F4362b8e3-1f26-4b9d-af2b-db5c17e782d1.gif%3Fversion%3D634365517200000000%26amp%3Bwidth%3D128%26amp%3Bheight%3D128%26amp%3Bauto%3Dwebp%26amp%3Bformat%3Dpjpg","girl"
83,"South Umpqua vs North Bend",Girls Volleyball,"Oregon",9/15/2026,6:30pm,"The South Umpqua varsity volleyball team has an away non-conference match @  North Bend (OR) on Tuesday, September 15 @ 6:30p.","/or/volleyball/match/north-bend-vs-south-umpqua-myrtle-creek/9-15-2026/?c=1594e0b4-8bc5-4526-b4e1-83976789613b","https://www.maxpreps.com/or/volleyball/match/north-bend-vs-south-umpqua-myrtle-creek/9-15-2026/?c=1594e0b4-8bc5-4526-b4e1-83976789613b","/volleyball/or/f2e?9/15/2026","South Umpqua","Lancers","https://www.maxpreps.com/or/north-bend/girls-volleyball/","https://www.maxpreps.com/or/south-umpqua-myrtle-creek/girls-volleyball/","https://hsfootball.net/proxy.php?url=https%3A%2F%2Fimage.maxpreps.io%2Fschool-mascot%2F7%2F4%2F1%2F74198bf9-b875-4544-a4b2-983f43132be6.gif%3Fversion%3D636755555400000000%26amp%3Bwidth%3D128%26amp%3Bheight%3D128%26amp%3Bauto%3Dwebp%26amp%3Bformat%3Dpjpg","https://hsfootball.net/proxy.php?url=https%3A%2F%2Fimage.maxpreps.io%2Fschool-mascot%2F7%2F4%2F1%2F74198bf9-b875-4544-a4b2-983f43132be6.gif%3Fversion%3D636755555400000000%26amp%3Bwidth%3D32%26amp%3Bheight%3D32%26amp%3Bauto%3Dwebp%26amp%3Bformat%3Dpjpg","girl"
84,"Vale vs Baker",Girls Volleyball,"Oregon",9/15/2026,6:30pm,"The Vale varsity volleyball team has an away non-conference match @  Baker (Baker City, OR) on Tuesday, September 15 @ 6:30p.","/or/volleyball/match/baker-baker-city-vs-vale/9-15-2026/?c=a70f8081-b2d6-4b6a-8065-03e2a55d82ba","https://www.maxpreps.com/or/volleyball/match/baker-baker-city-vs-vale/9-15-2026/?c=a70f8081-b2d6-4b6a-8065-03e2a55d82ba","/volleyball/or/908?9/15/2026","Vale","Vikings","https://www.maxpreps.com/or/baker-baker-city/girls-volleyball/","https://www.maxpreps.com/or/vale/girls-volleyball/","https://hsfootball.net/proxy.php?url=https%3A%2F%2Fimage.maxpreps.io%2Fschool-mascot%2F6%2F8%2F8%2F6880e4ef-35dd-400e-88d8-ea8c584f52a9.gif%3Fversion%3D636899006400000000%26amp%3Bwidth%3D128%26amp%3Bheight%3D128%26amp%3Bauto%3Dwebp%26amp%3Bformat%3Dpjpg","https://hsfootball.net/proxy.php?url=https%3A%2F%2Fimage.maxpreps.io%2Fschool-mascot%2Ff%2F1%2F5%2Ff15d4a9d-9f67-4fd7-9a8f-cf3b71ae7dda.gif%3Fversion%3D634539669600000000%26amp%3Bwidth%3D128%26amp%3Bheight%3D128%26amp%3Bauto%3Dwebp%26amp%3Bformat%3Dpjpg","girl"
85,"Echo vs Irrigon",Girls Volleyball,"Oregon",9/15/2026,6:30pm,"The Echo varsity volleyball team has an away non-conference match @  Irrigon (OR) on Tuesday, September 15 @ 6:30p.","/or/volleyball/match/echo-vs-irrigon/9-15-2026/?c=2639b40e-f1e1-46ff-ad16-8dd51a9d5b39","https://www.maxpreps.com/or/volleyball/match/echo-vs-irrigon/9-15-2026/?c=2639b40e-f1e1-46ff-ad16-8dd51a9d5b39","/volleyball/or/5dc?9/15/2026","Echo","Cougars","https://www.maxpreps.com/or/echo/girls-volleyball/","https://www.maxpreps.com/or/irrigon/girls-volleyball/","https://hsfootball.net/proxy.php?url=https%3A%2F%2Fasset.maxpreps.io%2Fincludes%2Fimages%2Flogos%2Fmaxpreps-logo-white-2025.png","https://hsfootball.net/proxy.php?url=https%3A%2F%2Fasset.maxpreps.io%2Fincludes%2Freact%2Fplay-on-logo.png","girl"
86,"Stayton vs Cottage Grove",Girls Volleyball,"Oregon",9/15/2026,6:30pm,"The Stayton varsity volleyball team has an away non-conference match @  Cottage Grove (OR) on Tuesday, September 15 @ 6:30p.","/or/volleyball/match/cottage-grove-vs-stayton/9-15-2026/?c=d099b132-2e09-4ce8-aadd-4f7df7080c85","https://www.maxpreps.com/or/volleyball/match/cottage-grove-vs-stayton/9-15-2026/?c=d099b132-2e09-4ce8-aadd-4f7df7080c85","/volleyball/or/98c?9/15/2026","Stayton","Eagles","https://www.maxpreps.com/or/cottage-grove/girls-volleyball/","https://www.maxpreps.com/or/stayton/girls-volleyball/","https://hsfootball.net/proxy.php?url=https%3A%2F%2Fimage.maxpreps.io%2Fschool-mascot%2F5%2F4%2F7%2F547c9602-50ab-4294-924e-c140fcc53627.gif%3Fversion%3D633876718800000000%26amp%3Bwidth%3D128%26amp%3Bheight%3D128%26amp%3Bauto%3Dwebp%26amp%3Bformat%3Dpjpg","https://hsfootball.net/proxy.php?url=https%3A%2F%2Fimage.maxpreps.io%2Fschool-mascot%2F5%2F4%2F7%2F547c9602-50ab-4294-924e-c140fcc53627.gif%3Fversion%3D633876718800000000%26amp%3Bwidth%3D32%26amp%3Bheight%3D32%26amp%3Bauto%3Dwebp%26amp%3Bformat%3Dpjpg","girl"
87,"Westview vs Mountainside",Girls Volleyball,"Oregon",9/15/2026,6:45pm,"The Westview varsity volleyball team has an away conference match @  Mountainside (Beaverton, OR) on Tuesday, September 15 @ 6:45p.","/or/volleyball/match/mountainside-beaverton-vs-westview-portland/9-15-2026/?c=aa55f5df-f164-4754-90fd-091a4a2c6034","https://www.maxpreps.com/or/volleyball/match/mountainside-beaverton-vs-westview-portland/9-15-2026/?c=aa55f5df-f164-4754-90fd-091a4a2c6034","/volleyball/or/1155?9/15/2026","Westview","Wildcats","https://www.maxpreps.com/or/mountainside-beaverton/girls-volleyball/","https://www.maxpreps.com/or/westview-portland/girls-volleyball/","https://hsfootball.net/proxy.php?url=https%3A%2F%2Fimage.maxpreps.io%2Fschool-mascot%2F7%2Fb%2F1%2F7b151d3b-19d2-4c35-9f41-05f885b0fdd2.gif%3Fversion%3D635863929000000000%26amp%3Bwidth%3D128%26amp%3Bheight%3D128%26amp%3Bauto%3Dwebp%26amp%3Bformat%3Dpjpg","https://hsfootball.net/proxy.php?url=https%3A%2F%2Fimage.maxpreps.io%2Fschool-mascot%2Fd%2F1%2F1%2Fd1107566-740b-4cd8-b07b-627a97bbb304.gif%3Fversion%3D636691380000000000%26amp%3Bwidth%3D128%26amp%3Bheight%3D128%26amp%3Bauto%3Dwebp%26amp%3Bformat%3Dpjpg","girl"
88,"Beaverton vs Sunset",Girls Volleyball,"Oregon",9/15/2026,6:45pm,"The Beaverton varsity volleyball team has an away conference match @  Sunset (Portland, OR) on Tuesday, September 15 @ 6:45p.","/or/volleyball/match/beaverton-vs-sunset-portland/9-15-2026/?c=9317be9b-8f8b-4d64-b79c-0134423d0d6e","https://www.maxpreps.com/or/volleyball/match/beaverton-vs-sunset-portland/9-15-2026/?c=9317be9b-8f8b-4d64-b79c-0134423d0d6e","/volleyball/or/b3c?9/15/2026","Beaverton","Beavers","https://www.maxpreps.com/or/beaverton/girls-volleyball/","https://www.maxpreps.com/or/sunset-portland/girls-volleyball/","https://hsfootball.net/proxy.php?url=https%3A%2F%2Fimage.maxpreps.io%2Fschool-mascot%2F5%2F2%2Fc%2F52ca2581-0403-430b-b456-5843182aa8b1.gif%3Fversion%3D634697322000000000%26amp%3Bwidth%3D128%26amp%3Bheight%3D128%26amp%3Bauto%3Dwebp%26amp%3Bformat%3Dpjpg","https://hsfootball.net/proxy.php?url=https%3A%2F%2Fimage.maxpreps.io%2Fschool-mascot%2F4%2F2%2Fe%2F42e45d90-766c-422e-a66d-2400f4f826bb.gif%3Fversion%3D637057073400000000%26amp%3Bwidth%3D128%26amp%3Bheight%3D128%26amp%3Bauto%3Dwebp%26amp%3Bformat%3Dpjpg","girl"
89,"The Dalles vs Pendleton",Girls Volleyball,"Oregon",9/15/2026,6:45pm,"The The Dalles varsity volleyball team has an away non-conference match @  Pendleton (OR) on Tuesday, September 15 @ 6:45p.","/or/volleyball/match/pendleton-vs-the-dalles/9-15-2026/?c=58786186-3d6e-4d1e-a6af-1f08786616b1","https://www.maxpreps.com/or/volleyball/match/pendleton-vs-the-dalles/9-15-2026/?c=58786186-3d6e-4d1e-a6af-1f08786616b1","/volleyball/or/8ef?9/15/2026","The Dalles","Riverhawks","https://www.maxpreps.com/or/pendleton/girls-volleyball/","https://www.maxpreps.com/or/the-dalles/girls-volleyball/","https://hsfootball.net/proxy.php?url=https%3A%2F%2Fimage.maxpreps.io%2Fschool-mascot%2F7%2F6%2F4%2F7647a493-1ab1-49a0-aef2-52e4a17cd38c.gif%3Fversion%3D635488101000000000%26amp%3Bwidth%3D128%26amp%3Bheight%3D128%26amp%3Bauto%3Dwebp%26amp%3Bformat%3Dpjpg","https://hsfootball.net/proxy.php?url=https%3A%2F%2Fimage.maxpreps.io%2Fschool-mascot%2F7%2Fc%2Fe%2F7ce48c40-7afc-4d05-97b9-c80948345536.gif%3Fversion%3D639032271044139310%26amp%3Bwidth%3D128%26amp%3Bheight%3D128%26amp%3Bauto%3Dwebp%26amp%3Bformat%3Dpjpg","girl"
90,"Wilsonville vs Hillsboro",Girls Volleyball,"Oregon",9/15/2026,6:45pm,"The Wilsonville varsity volleyball team has an away conference match @  Hillsboro (OR) on Tuesday, September 15 @ 6:45p.","/or/volleyball/match/hillsboro-vs-wilsonville/9-15-2026/?c=677ed47a-e167-4885-a0d4-0cd028e1d561","https://www.maxpreps.com/or/volleyball/match/hillsboro-vs-wilsonville/9-15-2026/?c=677ed47a-e167-4885-a0d4-0cd028e1d561","/volleyball/or/9c9?9/15/2026","Wilsonville","Wildcats","https://www.maxpreps.com/or/hillsboro/girls-volleyball/","https://www.maxpreps.com/or/wilsonville/girls-volleyball/","https://hsfootball.net/proxy.php?url=https%3A%2F%2Fimage.maxpreps.io%2Fschool-mascot%2F9%2Fc%2F0%2F9c09156c-a43a-4edc-980f-cf73846b5ac1.gif%3Fversion%3D636231325200000000%26amp%3Bwidth%3D128%26amp%3Bheight%3D128%26amp%3Bauto%3Dwebp%26amp%3Bformat%3Dpjpg","https://hsfootball.net/proxy.php?url=https%3A%2F%2Fimage.maxpreps.io%2Fschool-mascot%2F8%2Fc%2F0%2F8c029dc0-06ed-4261-98c1-c56f35b512b1.gif%3Fversion%3D635910954000000000%26amp%3Bwidth%3D128%26amp%3Bheight%3D128%26amp%3Bauto%3Dwebp%26amp%3Bformat%3Dpjpg","girl"
91,"Newberg vs Century",Girls Volleyball,"Oregon",9/15/2026,6:45pm,"The Newberg varsity volleyball team has an away conference match @  Century (Hillsboro, OR) on Tuesday, September 15 @ 6:45p.","/or/volleyball/match/century-hillsboro-vs-newberg/9-15-2026/?c=6a625a4d-a5af-44a1-b28b-ba204b97d29e","https://www.maxpreps.com/or/volleyball/match/century-hillsboro-vs-newberg/9-15-2026/?c=6a625a4d-a5af-44a1-b28b-ba204b97d29e","/volleyball/or/b32?9/15/2026","Newberg","Tigers","https://www.maxpreps.com/or/century-hillsboro/girls-volleyball/","https://www.maxpreps.com/or/newberg/girls-volleyball/","https://hsfootball.net/proxy.php?url=https%3A%2F%2Fimage.maxpreps.io%2Fschool-mascot%2Fc%2F8%2F3%2Fc8340346-9d3d-4253-9282-ec7bed57e41d.gif%3Fversion%3D635451841200000000%26amp%3Bwidth%3D128%26amp%3Bheight%3D128%26amp%3Bauto%3Dwebp%26amp%3Bformat%3Dpjpg","https://hsfootball.net/proxy.php?url=https%3A%2F%2Fimage.maxpreps.io%2Fschool-mascot%2Fa%2F6%2F4%2Fa6494759-cc39-47ca-a58c-bff01683655a.gif%3Fversion%3D635616844800000000%26amp%3Bwidth%3D128%26amp%3Bheight%3D128%26amp%3Bauto%3Dwebp%26amp%3Bformat%3Dpjpg","girl"
92,"Aloha vs Canby",Girls Volleyball,"Oregon",9/15/2026,6:45pm,"The Aloha varsity volleyball team has an away conference match @  Canby (OR) on Tuesday, September 15 @ 6:45p.","/or/volleyball/match/aloha-beaverton-vs-canby/9-15-2026/?c=c9ff02c6-348a-45b6-94a4-82dced44ac15","https://www.maxpreps.com/or/volleyball/match/aloha-beaverton-vs-canby/9-15-2026/?c=c9ff02c6-348a-45b6-94a4-82dced44ac15","/volleyball/or/948?9/15/2026","Aloha","Warriors","https://www.maxpreps.com/or/aloha-beaverton/girls-volleyball/","https://www.maxpreps.com/or/canby/girls-volleyball/","https://hsfootball.net/proxy.php?url=https%3A%2F%2Fimage.maxpreps.io%2Fschool-mascot%2Ff%2Fc%2F8%2Ffc843de6-0460-4d37-a472-5a3d90861f70.gif%3Fversion%3D637036383000000000%26amp%3Bwidth%3D128%26amp%3Bheight%3D128%26amp%3Bauto%3Dwebp%26amp%3Bformat%3Dpjpg","https://hsfootball.net/proxy.php?url=https%3A%2F%2Fimage.maxpreps.io%2Fschool-mascot%2F0%2F0%2F7%2F00711f6f-076d-4e9d-822c-73d1bc3f48eb.gif%3Fversion%3D635848138200000000%26amp%3Bwidth%3D128%26amp%3Bheight%3D128%26amp%3Bauto%3Dwebp%26amp%3Bformat%3Dpjpg","girl"
93,"McMinnville vs Sherwood",Girls Volleyball,"Oregon",9/15/2026,6:45pm,"The McMinnville varsity volleyball team has an away conference match @  Sherwood (OR) on Tuesday, September 15 @ 6:45p.","/or/volleyball/match/mcminnville-vs-sherwood/9-15-2026/?c=d830500d-2b67-4577-ac44-7038b50a03f5","https://www.maxpreps.com/or/volleyball/match/mcminnville-vs-sherwood/9-15-2026/?c=d830500d-2b67-4577-ac44-7038b50a03f5","/volleyball/or/94c?9/15/2026","McMinnville","Grizzlies","https://www.maxpreps.com/or/mcminnville/girls-volleyball/","https://www.maxpreps.com/or/sherwood/girls-volleyball/","https://hsfootball.net/proxy.php?url=https%3A%2F%2Fimage.maxpreps.io%2Fschool-mascot%2F1%2F1%2F3%2F11378eb9-7e62-4ca7-9e64-e948e7f11cfa.gif%3Fversion%3D635769645000000000%26amp%3Bwidth%3D128%26amp%3Bheight%3D128%26amp%3Bauto%3Dwebp%26amp%3Bformat%3Dpjpg","https://hsfootball.net/proxy.php?url=https%3A%2F%2Fimage.maxpreps.io%2Fschool-mascot%2Fe%2Fb%2F9%2Feb927a93-cdfb-4d78-8f5c-99fb9ceb3a79.gif%3Fversion%3D633698248800000000%26amp%3Bwidth%3D128%26amp%3Bheight%3D128%26amp%3Bauto%3Dwebp%26amp%3Bformat%3Dpjpg","girl"
94,"Southridge vs Jesuit",Girls Volleyball,"Oregon",9/15/2026,6:45pm,"The Southridge varsity volleyball team has an away conference match @  Jesuit (Portland, OR) on Tuesday, September 15 @ 6:45p.","/or/volleyball/match/jesuit-portland-vs-southridge-beaverton/9-15-2026/?c=8eae19f4-ca6b-494f-8c87-28dfd9babdc6","https://www.maxpreps.com/or/volleyball/match/jesuit-portland-vs-southridge-beaverton/9-15-2026/?c=8eae19f4-ca6b-494f-8c87-28dfd9babdc6","/volleyball/or/f99?9/15/2026","Southridge","Skyhawks","https://www.maxpreps.com/or/jesuit-portland/girls-volleyball/","https://www.maxpreps.com/or/southridge-beaverton/girls-volleyball/","https://hsfootball.net/proxy.php?url=https%3A%2F%2Fimage.maxpreps.io%2Fschool-mascot%2F1%2Fa%2Fd%2F1adb1c1f-c1ba-4110-9353-e2b7dc64bae6.gif%3Fversion%3D634516855200000000%26amp%3Bwidth%3D128%26amp%3Bheight%3D128%26amp%3Bauto%3Dwebp%26amp%3Bformat%3Dpjpg","https://hsfootball.net/proxy.php?url=https%3A%2F%2Fimage.maxpreps.io%2Fschool-mascot%2F1%2F4%2F3%2F1436fddc-e89b-45d4-b86b-a7aed4dc3953.gif%3Fversion%3D637701475800000000%26amp%3Bwidth%3D128%26amp%3Bheight%3D128%26amp%3Bauto%3Dwebp%26amp%3Bformat%3Dpjpg","girl"
95,"Forest Grove vs Glencoe",Girls Volleyball,"Oregon",9/15/2026,6:45pm,"The Forest Grove varsity volleyball team has an away conference match @  Glencoe (Hillsboro, OR) on Tuesday, September 15 @ 6:45p.","/or/volleyball/match/forest-grove-vs-glencoe-hillsboro/9-15-2026/?c=c80f244e-ee46-46f7-b9e3-d563cac9fa79","https://www.maxpreps.com/or/volleyball/match/forest-grove-vs-glencoe-hillsboro/9-15-2026/?c=c80f244e-ee46-46f7-b9e3-d563cac9fa79","/volleyball/or/cfe?9/15/2026","Forest Grove","Vikings","https://www.maxpreps.com/or/forest-grove/girls-volleyball/","https://www.maxpreps.com/or/glencoe-hillsboro/girls-volleyball/","https://hsfootball.net/proxy.php?url=https%3A%2F%2Fimage.maxpreps.io%2Fschool-mascot%2F6%2Fd%2F1%2F6d1651b1-6585-4c59-b04d-2bb8cec85698.gif%3Fversion%3D636160282200000000%26amp%3Bwidth%3D128%26amp%3Bheight%3D128%26amp%3Bauto%3Dwebp%26amp%3Bformat%3Dpjpg","https://hsfootball.net/proxy.php?url=https%3A%2F%2Fimage.maxpreps.io%2Fschool-mascot%2F5%2F1%2Fc%2F51c43ac7-0378-4385-a2e0-703341036a30.gif%3Fversion%3D636483198600000000%26amp%3Bwidth%3D128%26amp%3Bheight%3D128%26amp%3Bauto%3Dwebp%26amp%3Bformat%3Dpjpg","girl"
96,"North Eugene vs Springfield",Girls Volleyball,"Oregon",9/15/2026,6:45pm,"The North Eugene varsity volleyball team has an away conference match @  Springfield (OR) on Tuesday, September 15 @ 6:45p.","/or/volleyball/match/north-eugene-vs-springfield/9-15-2026/?c=9be28e7f-00fe-4bdc-8e07-ce31f1c24c96","https://www.maxpreps.com/or/volleyball/match/north-eugene-vs-springfield/9-15-2026/?c=9be28e7f-00fe-4bdc-8e07-ce31f1c24c96","/volleyball/or/aab?9/15/2026","North Eugene","Highlanders","https://www.maxpreps.com/or/north-eugene/girls-volleyball/","https://www.maxpreps.com/or/springfield/girls-volleyball/","https://hsfootball.net/proxy.php?url=https%3A%2F%2Fimage.maxpreps.io%2Fschool-mascot%2F9%2F2%2F7%2F927f5022-cf1c-47c7-a4c1-984b7ec05f4f.gif%3Fversion%3D634905622800000000%26amp%3Bwidth%3D128%26amp%3Bheight%3D128%26amp%3Bauto%3Dwebp%26amp%3Bformat%3Dpjpg","https://hsfootball.net/proxy.php?url=https%3A%2F%2Fimage.maxpreps.io%2Fschool-mascot%2F3%2Fd%2F5%2F3d512010-3885-464f-95dc-a21ace4b651f.gif%3Fversion%3D634543938600000000%26amp%3Bwidth%3D128%26amp%3Bheight%3D128%26amp%3Bauto%3Dwebp%26amp%3Bformat%3Dpjpg","girl"
97,"Bandon vs Powers",Girls Volleyball,"Oregon",9/15/2026,12:00am,"The Bandon varsity volleyball team has an away non-conference match @  Powers (OR) on Tuesday, September 15.","/or/volleyball/match/bandon-vs-powers/9-15-2026/?c=60729860-e8cb-49d5-b1bc-5861e1f34b2c","https://www.maxpreps.com/or/volleyball/match/bandon-vs-powers/9-15-2026/?c=60729860-e8cb-49d5-b1bc-5861e1f34b2c","/volleyball/or/655?9/15/2026","Bandon","Tigers","https://www.maxpreps.com/or/bandon/girls-volleyball/","https://www.maxpreps.com/or/powers/girls-volleyball/","https://hsfootball.net/proxy.php?url=https%3A%2F%2Fimage.maxpreps.io%2Fschool-mascot%2Fd%2F3%2F9%2Fd395ba51-0b45-48c3-a498-9426df8fad86.gif%3Fversion%3D633891168000000000%26amp%3Bwidth%3D128%26amp%3Bheight%3D128%26amp%3Bauto%3Dwebp%26amp%3Bformat%3Dpjpg","https://hsfootball.net/proxy.php?url=https%3A%2F%2Fimage.maxpreps.io%2Fschool-mascot%2Fd%2F3%2F9%2Fd395ba51-0b45-48c3-a498-9426df8fad86.gif%3Fversion%3D633891168000000000%26amp%3Bwidth%3D32%26amp%3Bheight%3D32%26amp%3Bauto%3Dwebp%26amp%3Bformat%3Dpjpg","girl"
98,"North Lake vs Central Christian",Girls Volleyball,"Oregon",9/15/2026,12:00am,"The North Lake varsity volleyball team has an away conference match @  Central Christian (Redmond, OR) on Tuesday, September 15.","/or/volleyball/match/central-christian-redmond-vs-north-lake-silver-lake/9-15-2026/?c=f5af0277-aabf-4b68-96d1-d1fd5373176b","https://www.maxpreps.com/or/volleyball/match/central-christian-redmond-vs-north-lake-silver-lake/9-15-2026/?c=f5af0277-aabf-4b68-96d1-d1fd5373176b","/volleyball/or/13b5?9/15/2026","North Lake","Cowboys","https://www.maxpreps.com/or/central-christian-redmond/girls-volleyball/","https://www.maxpreps.com/or/north-lake-silver-lake/girls-volleyball/","https://hsfootball.net/proxy.php?url=https%3A%2F%2Fasset.maxpreps.io%2Fincludes%2Fimages%2Flogos%2Fmaxpreps-logo-white-2025.png","https://hsfootball.net/proxy.php?url=https%3A%2F%2Fasset.maxpreps.io%2Fincludes%2Freact%2Fplay-on-logo.png","girl"
99,"East Grand Rapids vs Christian",Girls Volleyball,"Oregon",9/15/2026,6:00pm,"The East Grand Rapids varsity volleyball team has an away conference match @  Christian (Grand Rapids, MI) on Tuesday, September 15 @ 6p.","/mi/volleyball/match/christian-grand-rapids-vs-east-grand-rapids/9-15-2026/?c=4c58b407-c22e-4546-b7d4-9b487b60e2d1","https://www.maxpreps.com/mi/volleyball/match/christian-grand-rapids-vs-east-grand-rapids/9-15-2026/?c=4c58b407-c22e-4546-b7d4-9b487b60e2d1","/volleyball/or/1087?9/15/2026","East Grand Rapids","Pioneers","https://www.maxpreps.com/or/christian-grand-rapids/girls-volleyball/","https://www.maxpreps.com/or/east-grand-rapids/girls-volleyball/","https://hsfootball.net/proxy.php?url=https%3A%2F%2Fimage.maxpreps.io%2Fschool-mascot%2F5%2Fe%2F7%2F5e78ca69-e481-4aa6-b10a-dc057ec5af0f.gif%3Fversion%3D637970913600000000%26amp%3Bwidth%3D128%26amp%3Bheight%3D128%26amp%3Bauto%3Dwebp%26amp%3Bformat%3Dpjpg","https://hsfootball.net/proxy.php?url=https%3A%2F%2Fimage.maxpreps.io%2Fschool-mascot%2F6%2F3%2F5%2F6358fe80-e913-48d3-b481-abfbd6e0a9f5.gif%3Fversion%3D636434980200000000%26amp%3Bwidth%3D128%26amp%3Bheight%3D128%26amp%3Bauto%3Dwebp%26amp%3Bformat%3Dpjpg","girl"
100,"Loyola Academy vs Marist",Girls Volleyball,"Oregon",9/15/2026,5:00pm,"The Loyola Academy varsity volleyball team has an away conference match @  Marist (Chicago, IL) on Tuesday, September 15 @ 5p.","/il/volleyball/match/loyola-academy-wilmette-vs-marist-chicago/9-15-2026/?c=e165e7af-3407-4f8c-a2b9-227a47e8ac4b","https://www.maxpreps.com/il/volleyball/match/loyola-academy-wilmette-vs-marist-chicago/9-15-2026/?c=e165e7af-3407-4f8c-a2b9-227a47e8ac4b","/volleyball/or/ff7?9/15/2026","Loyola Academy","Ramblers","https://www.maxpreps.com/or/loyola-academy-wilmette/girls-volleyball/","https://www.maxpreps.com/or/marist-chicago/girls-volleyball/","https://hsfootball.net/proxy.php?url=https%3A%2F%2Fimage.maxpreps.io%2Fschool-mascot%2F9%2Fd%2F8%2F9d8b368e-4ab9-4e18-a99f-90077f8df5ea.gif%3Fversion%3D637770587400000000%26amp%3Bwidth%3D128%26amp%3Bheight%3D128%26amp%3Bauto%3Dwebp%26amp%3Bformat%3Dpjpg","https://hsfootball.net/proxy.php?url=https%3A%2F%2Fimage.maxpreps.io%2Fschool-mascot%2Fc%2F1%2Fc%2Fc1c0d9df-39db-4937-98ca-ae4b3080f22d.gif%3Fversion%3D635809318200000000%26amp%3Bwidth%3D128%26amp%3Bheight%3D128%26amp%3Bauto%3Dwebp%26amp%3Bformat%3Dpjpg","girl"
101,"Byron Nelson vs Keller",Girls Volleyball,"Oregon",9/15/2026,5:30pm,"The Byron Nelson varsity volleyball team has an away conference match @  Keller (TX) on Tuesday, September 15 @ 5:30p.","/tx/volleyball/match/byron-nelson-trophy-club-vs-keller/9-15-2026/?c=63632513-7cc4-4b29-8412-234856cc705d","https://www.maxpreps.com/tx/volleyball/match/byron-nelson-trophy-club-vs-keller/9-15-2026/?c=63632513-7cc4-4b29-8412-234856cc705d","/volleyball/or/d4e?9/15/2026","Byron Nelson","Bobcats","https://www.maxpreps.com/or/byron-nelson-trophy-club/girls-volleyball/","https://www.maxpreps.com/or/keller/girls-volleyball/","https://hsfootball.net/proxy.php?url=https%3A%2F%2Fimage.maxpreps.io%2Fschool-mascot%2F2%2Ff%2F1%2F2f197e09-4469-4f78-a186-f93c27c33687.gif%3Fversion%3D636135798600000000%26amp%3Bwidth%3D128%26amp%3Bheight%3D128%26amp%3Bauto%3Dwebp%26amp%3Bformat%3Dpjpg","https://hsfootball.net/proxy.php?url=https%3A%2F%2Fimage.maxpreps.io%2Fschool-mascot%2F6%2F3%2F4%2F63481374-863b-454b-90b9-aaa97ae8cc1d.gif%3Fversion%3D635309859600000000%26amp%3Bwidth%3D128%26amp%3Bheight%3D128%26amp%3Bauto%3Dwebp%26amp%3Bformat%3Dpjpg","girl"
102,"The Villages Charter vs Orangewood Christian",Girls Volleyball,"Oregon",9/15/2026,6:30pm,"The The Villages Charter varsity volleyball team has an away non-conference match @  Orangewood Christian (Maitland, FL) on Tuesday, September 15 @ 6:30p.","/fl/volleyball/match/orangewood-christian-maitland-vs-the-villages-charter/9-15-2026/?c=a583dbc9-394b-4091-9a6d-1d566aefdab9","https://www.maxpreps.com/fl/volleyball/match/orangewood-christian-maitland-vs-the-villages-charter/9-15-2026/?c=a583dbc9-394b-4091-9a6d-1d566aefdab9","/volleyball/or/14bc?9/15/2026","The Villages Charter","Buffalo","https://www.maxpreps.com/or/orangewood-christian-maitland/girls-volleyball/","https://www.maxpreps.com/or/the-villages-charter/girls-volleyball/","https://hsfootball.net/proxy.php?url=https%3A%2F%2Fimage.maxpreps.io%2Fschool-mascot%2F9%2F2%2F2%2F922fdc43-9bb8-4a00-af3c-bd6cb0882d04.gif%3Fversion%3D638338548600000000%26amp%3Bwidth%3D128%26amp%3Bheight%3D128%26amp%3Bauto%3Dwebp%26amp%3Bformat%3Dpjpg","https://hsfootball.net/proxy.php?url=https%3A%2F%2Fimage.maxpreps.io%2Fschool-mascot%2Fa%2F8%2Fc%2Fa8cb8295-9946-4a11-b974-8991070e0c59.gif%3Fversion%3D637424071800000000%26amp%3Bwidth%3D128%26amp%3Bheight%3D128%26amp%3Bauto%3Dwebp%26amp%3Bformat%3Dpjpg","girl"
103,"Northside Christian vs Calvary Christian",Girls Volleyball,"Oregon",9/15/2026,6:30pm,"The Northside Christian varsity volleyball team has an away non-conference match @  Calvary Christian (Clearwater, FL) on Tuesday, September 15 @ 6:30p.","/fl/volleyball/match/calvary-christian-clearwater-vs-northside-christian-st-petersburg/9-15-2026/?c=f4551562-b78c-4c8b-a208-7a8bd3d7e153","https://www.maxpreps.com/fl/volleyball/match/calvary-christian-clearwater-vs-northside-christian-st-petersburg/9-15-2026/?c=f4551562-b78c-4c8b-a208-7a8bd3d7e153","/volleyball/or/19c4?9/15/2026","Northside Christian","Mustangs","https://www.maxpreps.com/or/calvary-christian-clearwater/girls-volleyball/","https://www.maxpreps.com/or/northside-christian-st-petersburg/girls-volleyball/","https://hsfootball.net/proxy.php?url=https%3A%2F%2Fimage.maxpreps.io%2Fschool-mascot%2F0%2F3%2F8%2F038abc46-9024-419d-ace7-d4ec116c9974.gif%3Fversion%3D635513055600000000%26amp%3Bwidth%3D128%26amp%3Bheight%3D128%26amp%3Bauto%3Dwebp%26amp%3Bformat%3Dpjpg","https://hsfootball.net/proxy.php?url=https%3A%2F%2Fimage.maxpreps.io%2Fschool-mascot%2F6%2Fa%2Fe%2F6ae65209-f562-4951-8a4c-d234b87cbb04.gif%3Fversion%3D637697956800000000%26amp%3Bwidth%3D128%26amp%3Bheight%3D128%26amp%3Bauto%3Dwebp%26amp%3Bformat%3Dpjpg","girl"
104,"Greenhill vs Prestonwood Christian",Girls Volleyball,"Oregon",9/15/2026,6:00pm,"The Greenhill varsity volleyball team has an away non-conference match @  Prestonwood Christian (Plano, TX) on Tuesday, September 15 @ 6p.","/tx/volleyball/match/greenhill-addison-vs-prestonwood-christian-plano/9-15-2026/?c=21d3b96b-5c1e-4091-bd0a-4940bf773e72","https://www.maxpreps.com/tx/volleyball/match/greenhill-addison-vs-prestonwood-christian-plano/9-15-2026/?c=21d3b96b-5c1e-4091-bd0a-4940bf773e72","/volleyball/or/1309?9/15/2026","Greenhill","Hornets","https://www.maxpreps.com/or/greenhill-addison/girls-volleyball/","https://www.maxpreps.com/or/prestonwood-christian-plano/girls-volleyball/","https://hsfootball.net/proxy.php?url=https%3A%2F%2Fimage.maxpreps.io%2Fschool-mascot%2F3%2F4%2F3%2F343c815e-d222-420b-9efd-75fcfdf9ba84.gif%3Fversion%3D637030912200000000%26amp%3Bwidth%3D128%26amp%3Bheight%3D128%26amp%3Bauto%3Dwebp%26amp%3Bformat%3Dpjpg","https://hsfootball.net/proxy.php?url=https%3A%2F%2Fimage.maxpreps.io%2Fschool-mascot%2Fd%2F9%2F7%2Fd978f4b8-b8f1-4a7f-87f6-6962ba606344.gif%3Fversion%3D635797292400000000%26amp%3Bwidth%3D128%26amp%3Bheight%3D128%26amp%3Bauto%3Dwebp%26amp%3Bformat%3Dpjpg","girl"
105,"St. Francis vs Mother McAuley",Girls Volleyball,"Oregon",9/15/2026,6:00pm,"The St. Francis varsity volleyball team has an away non-conference match @  Mother McAuley (Chicago, IL) on Tuesday, September 15 @ 6p.","/il/volleyball/match/mother-mcauley-chicago-vs-st-francis-wheaton/9-15-2026/?c=2388e36f-6f62-404b-bc43-5b908d31f2f8","https://www.maxpreps.com/il/volleyball/match/mother-mcauley-chicago-vs-st-francis-wheaton/9-15-2026/?c=2388e36f-6f62-404b-bc43-5b908d31f2f8","/volleyball/or/1107?9/15/2026","St. Francis","Spartans","https://www.maxpreps.com/or/mother-mcauley-chicago/girls-volleyball/","https://www.maxpreps.com/or/st-francis-wheaton/girls-volleyball/","https://hsfootball.net/proxy.php?url=https%3A%2F%2Fimage.maxpreps.io%2Fschool-mascot%2F0%2F7%2Ff%2F07fe21a9-692c-46b6-baaa-539ec7e07873.gif%3Fversion%3D637516501200000000%26amp%3Bwidth%3D128%26amp%3Bheight%3D128%26amp%3Bauto%3Dwebp%26amp%3Bformat%3Dpjpg","https://hsfootball.net/proxy.php?url=https%3A%2F%2Fimage.maxpreps.io%2Fschool-mascot%2F9%2Fd%2F5%2F9d5c1cfd-fd9d-4039-83dc-44c9087d6257.gif%3Fversion%3D637700736000000000%26amp%3Bwidth%3D128%26amp%3Bheight%3D128%26amp%3Bauto%3Dwebp%26amp%3Bformat%3Dpjpg","girl"
106,"Incarnate Word vs Cornerstone Christian",Girls Volleyball,"Oregon",9/15/2026,6:30pm,"The Incarnate Word varsity volleyball team has an away non-conference match @  Cornerstone Christian (San Antonio, TX) on Tuesday, September 15 @ 6:30p.","/tx/volleyball/match/cornerstone-christian-san-antonio-vs-incarnate-word-san-antonio/9-15-2026/?c=938ba708-4913-4e35-aeae-fd4b101480b2","https://www.maxpreps.com/tx/volleyball/match/cornerstone-christian-san-antonio-vs-incarnate-word-san-antonio/9-15-2026/?c=938ba708-4913-4e35-aeae-fd4b101480b2","/volleyball/or/18ad?9/15/2026","Incarnate Word","Shamrocks","https://www.maxpreps.com/or/cornerstone-christian-san-antonio/girls-volleyball/","https://www.maxpreps.com/or/incarnate-word-san-antonio/girls-volleyball/","https://hsfootball.net/proxy.php?url=https%3A%2F%2Fimage.maxpreps.io%2Fschool-mascot%2F4%2Fb%2F4%2F4b454b07-05de-484b-8282-58cec2643a93.gif%3Fversion%3D637671361200000000%26amp%3Bwidth%3D128%26amp%3Bheight%3D128%26amp%3Bauto%3Dwebp%26amp%3Bformat%3Dpjpg","https://hsfootball.net/proxy.php?url=https%3A%2F%2Fimage.maxpreps.io%2Fschool-mascot%2F0%2Fd%2F4%2F0d4488fa-a03d-47c9-b874-f78523a2e76a.gif%3Fversion%3D637689444000000000%26amp%3Bwidth%3D128%26amp%3Bheight%3D128%26amp%3Bauto%3Dwebp%26amp%3Bformat%3Dpjpg","girl"
107,"Bellmont vs Carroll",Girls Volleyball,"Oregon",9/15/2026,7:30pm,"The Bellmont varsity volleyball team has an away non-conference match @  Carroll (Fort Wayne, IN) on Tuesday, September 15 @ 7:30p.","/in/volleyball/match/bellmont-decatur-vs-carroll-fort-wayne/9-15-2026/?c=95d3d51d-a000-449e-9226-ec8121dd96df","https://www.maxpreps.com/in/volleyball/match/bellmont-decatur-vs-carroll-fort-wayne/9-15-2026/?c=95d3d51d-a000-449e-9226-ec8121dd96df","/volleyball/or/edd?9/15/2026","Bellmont","Braves","https://www.maxpreps.com/or/bellmont-decatur/girls-volleyball/","https://www.maxpreps.com/or/carroll-fort-wayne/girls-volleyball/","https://hsfootball.net/proxy.php?url=https%3A%2F%2Fimage.maxpreps.io%2Fschool-mascot%2F8%2F2%2F9%2F829c5083-3491-4b33-88fb-9f727f94fa92.gif%3Fversion%3D637962506400000000%26amp%3Bwidth%3D128%26amp%3Bheight%3D128%26amp%3Bauto%3Dwebp%26amp%3Bformat%3Dpjpg","https://hsfootball.net/proxy.php?url=https%3A%2F%2Fimage.maxpreps.io%2Fschool-mascot%2Ff%2F0%2Fb%2Ff0bd8a6f-8424-47c9-b435-7a89dde70d28.gif%3Fversion%3D637345402200000000%26amp%3Bwidth%3D128%26amp%3Bheight%3D128%26amp%3Bauto%3Dwebp%26amp%3Bformat%3Dpjpg","girl"
108,"Elkhorn South vs Papillion-LaVista South",Girls Volleyball,"Oregon",9/15/2026,6:30pm,"The Elkhorn South varsity volleyball team has an away conference match @  Papillion-LaVista South (Papillion, NE) on Tuesday, September 15 @ 6:30p.","/ne/volleyball/match/elkhorn-south-omaha-vs-papillion-lavista-south/9-15-2026/?c=162e188a-3b0b-44ed-9e51-52478d482c7c","https://www.maxpreps.com/ne/volleyball/match/elkhorn-south-omaha-vs-papillion-lavista-south/9-15-2026/?c=162e188a-3b0b-44ed-9e51-52478d482c7c","/volleyball/or/1212?9/15/2026","Elkhorn South","Storm","https://www.maxpreps.com/or/elkhorn-south-omaha/girls-volleyball/","https://www.maxpreps.com/or/papillion-lavista-south/girls-volleyball/","https://hsfootball.net/proxy.php?url=https%3A%2F%2Fimage.maxpreps.io%2Fschool-mascot%2F4%2F1%2F3%2F413e1096-4e73-461a-9819-55967e0f7f9f.gif%3Fversion%3D635950101600000000%26amp%3Bwidth%3D128%26amp%3Bheight%3D128%26amp%3Bauto%3Dwebp%26amp%3Bformat%3Dpjpg","https://hsfootball.net/proxy.php?url=https%3A%2F%2Fimage.maxpreps.io%2Fschool-mascot%2F6%2F1%2F1%2F61138e2f-e3d8-444e-8edc-080fe0ab37de.gif%3Fversion%3D635793752400000000%26amp%3Bwidth%3D128%26amp%3Bheight%3D128%26amp%3Bauto%3Dwebp%26amp%3Bformat%3Dpjpg","girl"
109,"Waverly vs Norris",Girls Volleyball,"Oregon",9/15/2026,6:30pm,"The Waverly varsity volleyball team has an away conference match @  Norris (Firth, NE) on Tuesday, September 15 @ 6:30p.","/ne/volleyball/match/norris-firth-vs-waverly/9-15-2026/?c=f592c79b-44a3-4e6f-8ae1-d9371c034368","https://www.maxpreps.com/ne/volleyball/match/norris-firth-vs-waverly/9-15-2026/?c=f592c79b-44a3-4e6f-8ae1-d9371c034368","/volleyball/or/934?9/15/2026","Waverly","Vikings","https://www.maxpreps.com/or/norris-firth/girls-volleyball/","https://www.maxpreps.com/or/waverly/girls-volleyball/","https://hsfootball.net/proxy.php?url=https%3A%2F%2Fimage.maxpreps.io%2Fschool-mascot%2Ff%2Fd%2Fd%2Ffdd2ecbc-223b-4e30-9b80-f0d0976f72a7.gif%3Fversion%3D636537171000000000%26amp%3Bwidth%3D128%26amp%3Bheight%3D128%26amp%3Bauto%3Dwebp%26amp%3Bformat%3Dpjpg","https://hsfootball.net/proxy.php?url=https%3A%2F%2Fimage.maxpreps.io%2Fschool-mascot%2F1%2Fb%2Ff%2F1bf6d7de-f712-4719-8426-808c7ab20910.gif%3Fversion%3D635304023400000000%26amp%3Bwidth%3D128%26amp%3Bheight%3D128%26amp%3Bauto%3Dwebp%26amp%3Bformat%3Dpjpg","girl"
110,"McKinney vs Allen",Girls Volleyball,"Oregon",9/15/2026,6:30pm,"The McKinney varsity volleyball team has an away conference match @  Allen (TX) on Tuesday, September 15 @ 6:30p.","/tx/volleyball/match/allen-vs-mckinney/9-15-2026/?c=2fb652d4-0a05-4722-a2e2-31c9dcc73129","https://www.maxpreps.com/tx/volleyball/match/allen-vs-mckinney/9-15-2026/?c=2fb652d4-0a05-4722-a2e2-31c9dcc73129","/volleyball/or/6ad?9/15/2026","McKinney","Lions","https://www.maxpreps.com/or/allen/girls-volleyball/","https://www.maxpreps.com/or/mckinney/girls-volleyball/","https://hsfootball.net/proxy.php?url=https%3A%2F%2Fimage.maxpreps.io%2Fschool-mascot%2F4%2F7%2F9%2F4792a8e7-880d-44d1-808a-55e851ffc51f.gif%3Fversion%3D638010949800000000%26amp%3Bwidth%3D128%26amp%3Bheight%3D128%26amp%3Bauto%3Dwebp%26amp%3Bformat%3Dpjpg","https://hsfootball.net/proxy.php?url=https%3A%2F%2Fimage.maxpreps.io%2Fschool-mascot%2F0%2Fb%2Fa%2F0bad373d-33a2-45b6-b1d4-6c55e876344c.gif%3Fversion%3D639215103242455420%26amp%3Bwidth%3D128%26amp%3Bheight%3D128%26amp%3Bauto%3Dwebp%26amp%3Bformat%3Dpjpg","girl"
111,"Duncanville vs Mansfield",Girls Volleyball,"Oregon",9/15/2026,6:30pm,"The Duncanville varsity volleyball team has an away conference match @  Mansfield (TX) on Tuesday, September 15 @ 6:30p.","/tx/volleyball/match/duncanville-panthers-and-pantherettes-vs-mansfield/9-15-2026/?c=84bc3720-327a-44da-a970-1c0efa40726b","https://www.maxpreps.com/tx/volleyball/match/duncanville-panthers-and-pantherettes-vs-mansfield/9-15-2026/?c=84bc3720-327a-44da-a970-1c0efa40726b","/volleyball/or/13c1?9/15/2026","Duncanville","Panthers","https://www.maxpreps.com/or/duncanville-panthers-and-pantherettes/girls-volleyball/","https://www.maxpreps.com/or/mansfield/girls-volleyball/","https://hsfootball.net/proxy.php?url=https%3A%2F%2Fimage.maxpreps.io%2Fschool-mascot%2F5%2F5%2F6%2F556cde7f-6469-4bd0-934c-fe78b5949f68.gif%3Fversion%3D637776592800000000%26amp%3Bwidth%3D128%26amp%3Bheight%3D128%26amp%3Bauto%3Dwebp%26amp%3Bformat%3Dpjpg","https://hsfootball.net/proxy.php?url=https%3A%2F%2Fimage.maxpreps.io%2Fschool-mascot%2F2%2Fe%2F2%2F2e2af98d-bdf6-46f6-b7eb-446a1301550b.gif%3Fversion%3D635410149600000000%26amp%3Bwidth%3D128%26amp%3Bheight%3D128%26amp%3Bauto%3Dwebp%26amp%3Bformat%3Dpjpg","girl"
112,"Wakeland vs Hebron",Girls Volleyball,"Oregon",9/15/2026,6:30pm,"The Wakeland varsity volleyball team has an away non-conference match @  Hebron (Carrollton, TX) on Tuesday, September 15 @ 6:30p.","/tx/volleyball/match/hebron-carrollton-vs-wakeland-frisco/9-15-2026/?c=3c420fe7-6b52-4e2b-9ebc-cedccdbf6819","https://www.maxpreps.com/tx/volleyball/match/hebron-carrollton-vs-wakeland-frisco/9-15-2026/?c=3c420fe7-6b52-4e2b-9ebc-cedccdbf6819","/volleyball/or/e28?9/15/2026","Wakeland","Wolverines","https://www.maxpreps.com/or/hebron-carrollton/girls-volleyball/","https://www.maxpreps.com/or/wakeland-frisco/girls-volleyball/","https://hsfootball.net/proxy.php?url=https%3A%2F%2Fimage.maxpreps.io%2Fschool-mascot%2F5%2Fe%2F9%2F5e9a169e-29ae-4e9b-bdc4-8f1b8d48159f.gif%3Fversion%3D633627216600000000%26amp%3Bwidth%3D128%26amp%3Bheight%3D128%26amp%3Bauto%3Dwebp%26amp%3Bformat%3Dpjpg","https://hsfootball.net/proxy.php?url=https%3A%2F%2Fimage.maxpreps.io%2Fschool-mascot%2Fa%2F9%2Fe%2Fa9ea4d9b-9c0b-4bc5-a09d-e3be5d6db188.gif%3Fversion%3D635466447000000000%26amp%3Bwidth%3D128%26amp%3Bheight%3D128%26amp%3Bauto%3Dwebp%26amp%3Bformat%3Dpjpg","girl"
113,"Mater Dei vs Torrey Pines",Girls Volleyball,"Oregon",9/15/2026,5:30pm,"The Mater Dei varsity volleyball team has an away non-conference match @  Torrey Pines (San Diego, CA) on Tuesday, September 15 @ 5:30p.","/ca/volleyball/match/mater-dei-santa-ana-vs-torrey-pines-san-diego/9-15-2026/?c=53bdde9d-5b4e-46da-8d5f-c6f2ef4ac926","https://www.maxpreps.com/ca/volleyball/match/mater-dei-santa-ana-vs-torrey-pines-san-diego/9-15-2026/?c=53bdde9d-5b4e-46da-8d5f-c6f2ef4ac926","/volleyball/or/10f1?9/15/2026","Mater Dei","Monarchs","https://www.maxpreps.com/or/mater-dei-santa-ana/girls-volleyball/","https://www.maxpreps.com/or/torrey-pines-san-diego/girls-volleyball/","https://hsfootball.net/proxy.php?url=https%3A%2F%2Fimage.maxpreps.io%2Fschool-mascot%2F2%2Fb%2F6%2F2b6b45d3-4465-4750-ba48-a273b674e37c.gif%3Fversion%3D637964957400000000%26amp%3Bwidth%3D128%26amp%3Bheight%3D128%26amp%3Bauto%3Dwebp%26amp%3Bformat%3Dpjpg","https://hsfootball.net/proxy.php?url=https%3A%2F%2Fimage.maxpreps.io%2Fschool-mascot%2Fa%2Fd%2F4%2Fad43e80f-2296-4b96-a0a9-44e6a8ea76f2.gif%3Fversion%3D633642330000000000%26amp%3Bwidth%3D128%26amp%3Bheight%3D128%26amp%3Bauto%3Dwebp%26amp%3Bformat%3Dpjpg","girl"
114,"Sierra Canyon vs Orange Lutheran",Girls Volleyball,"Oregon",9/15/2026,5:45pm,"The Sierra Canyon varsity volleyball team has an away non-conference match @  Orange Lutheran (Orange, CA) on Tuesday, September 15 @ 5:45p.","/ca/volleyball/match/orange-lutheran-vs-sierra-canyon-chatsworth/9-15-2026/?c=f7ad76dd-7ae6-4fb4-b28f-a56a78911102","https://www.maxpreps.com/ca/volleyball/match/orange-lutheran-vs-sierra-canyon-chatsworth/9-15-2026/?c=f7ad76dd-7ae6-4fb4-b28f-a56a78911102","/volleyball/or/10fe?9/15/2026","Sierra Canyon","Trailblazers","https://www.maxpreps.com/or/orange-lutheran/girls-volleyball/","https://www.maxpreps.com/or/sierra-canyon-chatsworth/girls-volleyball/","https://hsfootball.net/proxy.php?url=https%3A%2F%2Fimage.maxpreps.io%2Fschool-mascot%2F3%2Fe%2F6%2F3e6d32d9-9a21-4391-aba1-d59804bf82e6.gif%3Fversion%3D637776576000000000%26amp%3Bwidth%3D128%26amp%3Bheight%3D128%26amp%3Bauto%3Dwebp%26amp%3Bformat%3Dpjpg","https://hsfootball.net/proxy.php?url=https%3A%2F%2Fimage.maxpreps.io%2Fschool-mascot%2F0%2F9%2F8%2F098e1491-1717-4088-b7a0-55e47c8e1d17.gif%3Fversion%3D639247078807662650%26amp%3Bwidth%3D128%26amp%3Bheight%3D128%26amp%3Bauto%3Dwebp%26amp%3Bformat%3Dpjpg","girl"
115,"Casteel vs Xavier College Prep",Girls Volleyball,"Oregon",9/15/2026,6:00pm,"The Casteel varsity volleyball team has an away non-conference match @  Xavier College Prep (Phoenix, AZ) on Tuesday, September 15 @ 6p.","/az/volleyball/match/casteel-queen-creek-vs-xavier-college-prep-phoenix/9-15-2026/?c=424fe1bf-14df-493b-b07c-7818a4299836","https://www.maxpreps.com/az/volleyball/match/casteel-queen-creek-vs-xavier-college-prep-phoenix/9-15-2026/?c=424fe1bf-14df-493b-b07c-7818a4299836","/volleyball/or/1349?9/15/2026","Casteel","Colts","https://www.maxpreps.com/or/casteel-queen-creek/girls-volleyball/","https://www.maxpreps.com/or/xavier-college-prep-phoenix/girls-volleyball/","https://hsfootball.net/proxy.php?url=https%3A%2F%2Fimage.maxpreps.io%2Fschool-mascot%2F1%2Fc%2F1%2F1c175a62-0fc6-44ff-bcb9-a9934eed3ba7.gif%3Fversion%3D639009678088582540%26amp%3Bwidth%3D128%26amp%3Bheight%3D128%26amp%3Bauto%3Dwebp%26amp%3Bformat%3Dpjpg","https://hsfootball.net/proxy.php?url=https%3A%2F%2Fimage.maxpreps.io%2Fschool-mascot%2Fb%2F7%2Fb%2Fb7b42c63-fdf7-4b2f-a35d-58102374f555.gif%3Fversion%3D638860170641531920%26amp%3Bwidth%3D128%26amp%3Bheight%3D128%26amp%3Bauto%3Dwebp%26amp%3Bformat%3Dpjpg","girl"
116,"Mid-Pacific Institute vs &#x27;Iolani",Girls Volleyball,"Oregon",9/15/2026,6:00pm,"The Mid-Pacific Institute varsity volleyball team has an away conference match @  &#x27;Iolani (Honolulu, HI) on Tuesday, September 15 @ 6p.","/hi/volleyball/match/iolani-honolulu-vs-mid-pacific-institute-honolulu/9-15-2026/?c=6a9a89cc-a626-4a67-8e34-e622ae0c9310","https://www.maxpreps.com/hi/volleyball/match/iolani-honolulu-vs-mid-pacific-institute-honolulu/9-15-2026/?c=6a9a89cc-a626-4a67-8e34-e622ae0c9310","/volleyball/or/1351?9/15/2026","Mid-Pacific Institute","Owls","https://www.maxpreps.com/or/iolani-honolulu/girls-volleyball/","https://www.maxpreps.com/or/mid-pacific-institute-honolulu/girls-volleyball/","https://hsfootball.net/proxy.php?url=https%3A%2F%2Fimage.maxpreps.io%2Fschool-mascot%2F7%2F5%2F5%2F7557d918-b4c7-47b3-bd74-6c23bdf2dccb.gif%3Fversion%3D637056899400000000%26amp%3Bwidth%3D128%26amp%3Bheight%3D128%26amp%3Bauto%3Dwebp%26amp%3Bformat%3Dpjpg","https://hsfootball.net/proxy.php?url=https%3A%2F%2Fimage.maxpreps.io%2Fschool-mascot%2F0%2F4%2Fe%2F04e273ab-e099-4380-9f14-bc03513cd072.gif%3Fversion%3D635736873000000000%26amp%3Bwidth%3D128%26amp%3Bheight%3D128%26amp%3Bauto%3Dwebp%26amp%3Bformat%3Dpjpg","girl"