1,"Gardendale vs Jasper",Girls Volleyball,"Alabama",9/21/2026,6:00pm,"The Gardendale varsity volleyball team has an away non-conference match @  Jasper (AL) on Monday, September 21 @ 6p.","/al/volleyball/match/gardendale-vs-jasper/9-21-2026/?c=58cba75a-ca08-4af3-89ed-9a603b2fdb03","https://www.maxpreps.com/al/volleyball/match/gardendale-vs-jasper/9-21-2026/?c=58cba75a-ca08-4af3-89ed-9a603b2fdb03","/volleyball/al/7cf?9/21/2026","Gardendale","Rockets","https://www.maxpreps.com/al/gardendale/volleyball/","https://www.maxpreps.com/al/jasper/volleyball/","https://hsfootball.net/proxy.php?url=https%3A%2F%2Fimage.maxpreps.io%2Fschool-mascot%2F3%2F5%2F6%2F356b56f7-3e6d-4696-882a-df34fd327723.gif%3Fversion%3D638228652600000000%26amp%3Bwidth%3D128%26amp%3Bheight%3D128%26amp%3Bauto%3Dwebp%26amp%3Bformat%3Dpjpg","https://hsfootball.net/proxy.php?url=https%3A%2F%2Fimage.maxpreps.io%2Fschool-mascot%2F0%2F9%2Fc%2F09c9a1a4-14b9-43d4-88c9-2a99f593cd00.gif%3Fversion%3D638235460200000000%26amp%3Bwidth%3D128%26amp%3Bheight%3D128%26amp%3Bauto%3Dwebp%26amp%3Bformat%3Dpjpg","girl"
2,"Faith Academy vs Baldwin County",Girls Volleyball,"Alabama",9/21/2026,5:30pm,"The Faith Academy varsity volleyball team has an away non-conference match @  Baldwin County (Bay Minette, AL) on Monday, September 21 @ 5:30p.","/al/volleyball/match/baldwin-county-bay-minette-vs-faith-academy-mobile/9-21-2026/?c=9456cddf-79c6-4519-a032-46410e71d844","https://www.maxpreps.com/al/volleyball/match/baldwin-county-bay-minette-vs-faith-academy-mobile/9-21-2026/?c=9456cddf-79c6-4519-a032-46410e71d844","/volleyball/al/1331?9/21/2026","Faith Academy","Rams","https://www.maxpreps.com/al/baldwin-county-bay-minette/volleyball/","https://www.maxpreps.com/al/faith-academy-mobile/volleyball/","https://hsfootball.net/proxy.php?url=https%3A%2F%2Fimage.maxpreps.io%2Fschool-mascot%2Fc%2F9%2F9%2Fc99db4a0-cfb2-4f75-be08-1f56109be602.gif%3Fversion%3D638225158200000000%26amp%3Bwidth%3D128%26amp%3Bheight%3D128%26amp%3Bauto%3Dwebp%26amp%3Bformat%3Dpjpg","https://hsfootball.net/proxy.php?url=https%3A%2F%2Fimage.maxpreps.io%2Fschool-mascot%2F7%2F8%2F4%2F784bac1c-b1bb-455e-b3a0-3da6310973be.gif%3Fversion%3D638213106000000000%26amp%3Bwidth%3D128%26amp%3Bheight%3D128%26amp%3Bauto%3Dwebp%26amp%3Bformat%3Dpjpg","girl"
3,"Northside Methodist Academy vs Providence Christian",Girls Volleyball,"Alabama",9/21/2026,6:00pm,"The Northside Methodist Academy varsity volleyball team has an away conference match @  Providence Christian (Dothan, AL) on Monday, September 21 @ 6p.","/al/volleyball/match/northside-methodist-academy-dothan-vs-providence-christian-dothan/9-21-2026/?c=e8e727b5-a0f9-4f15-b209-f86f1e741998","https://www.maxpreps.com/al/volleyball/match/northside-methodist-academy-dothan-vs-providence-christian-dothan/9-21-2026/?c=e8e727b5-a0f9-4f15-b209-f86f1e741998","/volleyball/al/1989?9/21/2026","Northside Methodist Academy","Knights","https://www.maxpreps.com/al/northside-methodist-academy-dothan/volleyball/","https://www.maxpreps.com/al/providence-christian-dothan/volleyball/","https://hsfootball.net/proxy.php?url=https%3A%2F%2Fimage.maxpreps.io%2Fschool-mascot%2Fa%2Fa%2F1%2Faa130e65-5306-466d-878c-a1e9e1b4e990.gif%3Fversion%3D638253621600000000%26amp%3Bwidth%3D128%26amp%3Bheight%3D128%26amp%3Bauto%3Dwebp%26amp%3Bformat%3Dpjpg","https://hsfootball.net/proxy.php?url=https%3A%2F%2Fimage.maxpreps.io%2Fschool-mascot%2Fe%2Fe%2F3%2Fee378b6b-2e33-4a88-ab93-12f0381741d8.gif%3Fversion%3D638253638400000000%26amp%3Bwidth%3D128%26amp%3Bheight%3D128%26amp%3Bauto%3Dwebp%26amp%3Bformat%3Dpjpg","girl"
4,"Boaz vs Guntersville",Girls Volleyball,"Alabama",9/21/2026,8:00am,"The Boaz varsity volleyball team has a neutral tournament match vs.  Guntersville (AL) on Monday, September 21 @ 8a.","/al/volleyball/match/boaz-vs-guntersville/9-21-2026/?c=1c1e71dc-6d8d-4362-be5a-89261f717c5b","https://www.maxpreps.com/al/volleyball/match/boaz-vs-guntersville/9-21-2026/?c=1c1e71dc-6d8d-4362-be5a-89261f717c5b","/volleyball/al/813?9/21/2026","Boaz","Pirates","https://www.maxpreps.com/al/boaz/volleyball/","https://www.maxpreps.com/al/guntersville/volleyball/","https://hsfootball.net/proxy.php?url=https%3A%2F%2Fimage.maxpreps.io%2Fschool-mascot%2F2%2Fb%2Fa%2F2ba41229-df06-4bec-a3af-6236026f0f3a.gif%3Fversion%3D638609562241529430%26amp%3Bwidth%3D128%26amp%3Bheight%3D128%26amp%3Bauto%3Dwebp%26amp%3Bformat%3Dpjpg","https://hsfootball.net/proxy.php?url=https%3A%2F%2Fimage.maxpreps.io%2Fschool-mascot%2Fd%2Fe%2F5%2Fde507051-ce7b-478a-881f-dc03d589387d.gif%3Fversion%3D638229444000000000%26amp%3Bwidth%3D128%26amp%3Bheight%3D128%26amp%3Bauto%3Dwebp%26amp%3Bformat%3Dpjpg","girl"
5,"Arab vs Guntersville",Girls Volleyball,"Alabama",9/21/2026,10:00am,"The Arab varsity volleyball team has a neutral tournament match vs.  Guntersville (AL) on Monday, September 21 @ 10a.","/al/volleyball/match/arab-vs-guntersville/9-21-2026/?c=18f7e396-603d-4233-a5f9-8638bd391217","https://www.maxpreps.com/al/volleyball/match/arab-vs-guntersville/9-21-2026/?c=18f7e396-603d-4233-a5f9-8638bd391217","/volleyball/al/7fd?9/21/2026","Arab","Knights","https://www.maxpreps.com/al/arab/volleyball/","https://www.maxpreps.com/al/guntersville/volleyball/","https://hsfootball.net/proxy.php?url=https%3A%2F%2Fimage.maxpreps.io%2Fschool-mascot%2F6%2F7%2F0%2F670d85aa-6301-44c5-90bc-e8089f42f4ea.gif%3Fversion%3D638212996800000000%26amp%3Bwidth%3D128%26amp%3Bheight%3D128%26amp%3Bauto%3Dwebp%26amp%3Bformat%3Dpjpg","https://hsfootball.net/proxy.php?url=https%3A%2F%2Fimage.maxpreps.io%2Fschool-mascot%2Fd%2Fe%2F5%2Fde507051-ce7b-478a-881f-dc03d589387d.gif%3Fversion%3D638229444000000000%26amp%3Bwidth%3D128%26amp%3Bheight%3D128%26amp%3Bauto%3Dwebp%26amp%3Bformat%3Dpjpg","girl"
6,"Douglas vs Asbury",Girls Volleyball,"Alabama",9/21/2026,10:00am,"The Douglas varsity volleyball team has an away non-conference match @  Asbury (Albertville, AL) on Monday, September 21 @ 10a.","/al/volleyball/match/asbury-albertville-vs-douglas/9-21-2026/?c=6fb11bc9-adcc-4b5b-8398-e2d28a5b5c9e","https://www.maxpreps.com/al/volleyball/match/asbury-albertville-vs-douglas/9-21-2026/?c=6fb11bc9-adcc-4b5b-8398-e2d28a5b5c9e","/volleyball/al/b8b?9/21/2026","Douglas","Eagles","https://www.maxpreps.com/al/asbury-albertville/volleyball/","https://www.maxpreps.com/al/douglas/volleyball/","https://hsfootball.net/proxy.php?url=https%3A%2F%2Fimage.maxpreps.io%2Fschool-mascot%2Ff%2F2%2F9%2Ff296a650-c148-467f-ab59-831fbfb8f7f7.gif%3Fversion%3D638216565600000000%26amp%3Bwidth%3D128%26amp%3Bheight%3D128%26amp%3Bauto%3Dwebp%26amp%3Bformat%3Dpjpg","https://hsfootball.net/proxy.php?url=https%3A%2F%2Fimage.maxpreps.io%2Fschool-mascot%2F9%2Fa%2F9%2F9a9de1f6-93d5-4109-8742-1cf5cf1f6443.gif%3Fversion%3D638212995600000000%26amp%3Bwidth%3D128%26amp%3Bheight%3D128%26amp%3Bauto%3Dwebp%26amp%3Bformat%3Dpjpg","girl"
7,"Albertville vs Guntersville",Girls Volleyball,"Alabama",9/21/2026,12:00pm,"The Albertville varsity volleyball team has a neutral tournament match vs.  Guntersville (AL) on Monday, September 21 @ 12p.","/al/volleyball/match/albertville-vs-guntersville/9-21-2026/?c=30414802-0519-402e-9751-667787b97251","https://www.maxpreps.com/al/volleyball/match/albertville-vs-guntersville/9-21-2026/?c=30414802-0519-402e-9751-667787b97251","/volleyball/al/afd?9/21/2026","Albertville","Aggies","https://www.maxpreps.com/al/albertville/volleyball/","https://www.maxpreps.com/al/guntersville/volleyball/","https://hsfootball.net/proxy.php?url=https%3A%2F%2Fimage.maxpreps.io%2Fschool-mascot%2F7%2F0%2F9%2F709df29e-028c-48ba-bdc9-eed11432511d.gif%3Fversion%3D638213003400000000%26amp%3Bwidth%3D128%26amp%3Bheight%3D128%26amp%3Bauto%3Dwebp%26amp%3Bformat%3Dpjpg","https://hsfootball.net/proxy.php?url=https%3A%2F%2Fimage.maxpreps.io%2Fschool-mascot%2Fd%2Fe%2F5%2Fde507051-ce7b-478a-881f-dc03d589387d.gif%3Fversion%3D638229444000000000%26amp%3Bwidth%3D128%26amp%3Bheight%3D128%26amp%3Bauto%3Dwebp%26amp%3Bformat%3Dpjpg","girl"
8,"Straughn vs Greenville",Girls Volleyball,"Alabama",9/21/2026,4:00pm,"The Straughn varsity volleyball team has an away conference match @  Greenville (AL) on Monday, September 21 @ 4p.","/al/volleyball/match/greenville-vs-straughn-tigeres-andalusia/9-21-2026/?c=fee73ce5-c80b-4a9d-9f2f-28a6e0d89c34","https://www.maxpreps.com/al/volleyball/match/greenville-vs-straughn-tigeres-andalusia/9-21-2026/?c=fee73ce5-c80b-4a9d-9f2f-28a6e0d89c34","/volleyball/al/fdb?9/21/2026","Straughn","Tigers","https://www.maxpreps.com/al/greenville/volleyball/","https://www.maxpreps.com/al/straughn-tigeres-andalusia/volleyball/","https://hsfootball.net/proxy.php?url=https%3A%2F%2Fimage.maxpreps.io%2Fschool-mascot%2F4%2F4%2Fa%2F44a5f3b5-11e4-4c34-ba5b-4db21772383f.gif%3Fversion%3D638249399400000000%26amp%3Bwidth%3D128%26amp%3Bheight%3D128%26amp%3Bauto%3Dwebp%26amp%3Bformat%3Dpjpg","https://hsfootball.net/proxy.php?url=https%3A%2F%2Fimage.maxpreps.io%2Fschool-mascot%2Fc%2F2%2F3%2Fc232c4e0-b12f-43b6-a4ea-675cda9f6b13.gif%3Fversion%3D639239380342794590%26amp%3Bwidth%3D128%26amp%3Bheight%3D128%26amp%3Bauto%3Dwebp%26amp%3Bformat%3Dpjpg","girl"
9,"Crossville vs Sardis",Girls Volleyball,"Alabama",9/21/2026,4:00pm,"The Crossville varsity volleyball team has an away conference match @  Sardis (Boaz, AL) on Monday, September 21 @ 4p.","/al/volleyball/match/crossville-vs-sardis-boaz/9-21-2026/?c=09dd6994-5085-44c4-a58a-69cd777f6e73","https://www.maxpreps.com/al/volleyball/match/crossville-vs-sardis-boaz/9-21-2026/?c=09dd6994-5085-44c4-a58a-69cd777f6e73","/volleyball/al/9e8?9/21/2026","Crossville","Lions","https://www.maxpreps.com/al/crossville/volleyball/","https://www.maxpreps.com/al/sardis-boaz/volleyball/","https://hsfootball.net/proxy.php?url=https%3A%2F%2Fimage.maxpreps.io%2Fschool-mascot%2Ff%2Fa%2F1%2Ffa1079bb-b055-423c-8d33-0e6550e5a963.gif%3Fversion%3D638215682400000000%26amp%3Bwidth%3D128%26amp%3Bheight%3D128%26amp%3Bauto%3Dwebp%26amp%3Bformat%3Dpjpg","https://hsfootball.net/proxy.php?url=https%3A%2F%2Fimage.maxpreps.io%2Fschool-mascot%2F2%2F6%2F2%2F2620c6ef-580d-4847-8c7b-9f55cf4d3ee9.gif%3Fversion%3D638253672000000000%26amp%3Bwidth%3D128%26amp%3Bheight%3D128%26amp%3Bauto%3Dwebp%26amp%3Bformat%3Dpjpg","girl"
10,"Leeds vs Tuscaloosa County",Girls Volleyball,"Alabama",9/21/2026,4:00pm,"The Leeds varsity volleyball team has an away non-conference match @  Tuscaloosa County (Northport, AL) on Monday, September 21 @ 4p.","/al/volleyball/match/leeds-vs-tuscaloosa-county-northport/9-21-2026/?c=ee9b3af6-1985-4f24-9236-8718d50d9394","https://www.maxpreps.com/al/volleyball/match/leeds-vs-tuscaloosa-county-northport/9-21-2026/?c=ee9b3af6-1985-4f24-9236-8718d50d9394","/volleyball/al/e7a?9/21/2026","Leeds","Greenwave","https://www.maxpreps.com/al/leeds/volleyball/","https://www.maxpreps.com/al/tuscaloosa-county-northport/volleyball/","https://hsfootball.net/proxy.php?url=https%3A%2F%2Fimage.maxpreps.io%2Fschool-mascot%2F6%2F1%2F1%2F6111ce28-98b0-49f7-86dd-f8e130d8224f.gif%3Fversion%3D638241479400000000%26amp%3Bwidth%3D128%26amp%3Bheight%3D128%26amp%3Bauto%3Dwebp%26amp%3Bformat%3Dpjpg","https://hsfootball.net/proxy.php?url=https%3A%2F%2Fimage.maxpreps.io%2Fschool-mascot%2Ff%2F4%2F4%2Ff448e5b6-ccf8-4070-ba0f-83f8e2c686be.gif%3Fversion%3D638888475434951930%26amp%3Bwidth%3D128%26amp%3Bheight%3D128%26amp%3Bauto%3Dwebp%26amp%3Bformat%3Dpjpg","girl"
11,"Cullman Christian vs Falkville",Girls Volleyball,"Alabama",9/21/2026,4:00pm,"The Cullman Christian varsity volleyball team has an away non-conference match @  Falkville (AL) on Monday, September 21 @ 4p.","/al/volleyball/match/cullman-christian-vs-falkville/9-21-2026/?c=e09972df-e3a4-4ffa-9ef0-c6f302de5c85","https://www.maxpreps.com/al/volleyball/match/cullman-christian-vs-falkville/9-21-2026/?c=e09972df-e3a4-4ffa-9ef0-c6f302de5c85","/volleyball/al/bdb?9/21/2026","Cullman Christian","Lions","https://www.maxpreps.com/al/cullman-christian/volleyball/","https://www.maxpreps.com/al/falkville/volleyball/","https://hsfootball.net/proxy.php?url=https%3A%2F%2Fimage.maxpreps.io%2Fschool-mascot%2Fd%2F1%2F3%2Fd1389d8e-41a6-4d13-ab7c-52ea42067d73.gif%3Fversion%3D638309847000000000%26amp%3Bwidth%3D128%26amp%3Bheight%3D128%26amp%3Bauto%3Dwebp%26amp%3Bformat%3Dpjpg","https://hsfootball.net/proxy.php?url=https%3A%2F%2Fimage.maxpreps.io%2Fschool-mascot%2F5%2F9%2F4%2F59433e83-5214-4046-9444-1ee8f66bcc52.gif%3Fversion%3D638225159400000000%26amp%3Bwidth%3D128%26amp%3Bheight%3D128%26amp%3Bauto%3Dwebp%26amp%3Bformat%3Dpjpg","girl"
12,"Southern Christian vs Central Christian Academy",Girls Volleyball,"Alabama",9/21/2026,4:00pm,"The Southern Christian varsity volleyball team has an away non-conference match @  Central Christian Academy (Prattville, AL) on Monday, September 21 @ 4p.","/al/volleyball/match/central-christian-academy-prattville-vs-southern-christian-opelika/9-21-2026/?c=f5676998-5c75-4542-a116-4e351b8b022d","https://www.maxpreps.com/al/volleyball/match/central-christian-academy-prattville-vs-southern-christian-opelika/9-21-2026/?c=f5676998-5c75-4542-a116-4e351b8b022d","/volleyball/al/1a0f?9/21/2026","Southern Christian","Patriots","https://www.maxpreps.com/al/central-christian-academy-prattville/volleyball/","https://www.maxpreps.com/al/southern-christian-opelika/volleyball/","https://hsfootball.net/proxy.php?url=https%3A%2F%2Fimage.maxpreps.io%2Fschool-mascot%2F4%2F0%2Fc%2F40c0a841-ebca-42a5-965a-a7d28f1dd52a.gif%3Fversion%3D638607075291209780%26amp%3Bwidth%3D128%26amp%3Bheight%3D128%26amp%3Bauto%3Dwebp%26amp%3Bformat%3Dpjpg","https://hsfootball.net/proxy.php?url=https%3A%2F%2Fimage.maxpreps.io%2Fschool-mascot%2F4%2F0%2Fc%2F40c0a841-ebca-42a5-965a-a7d28f1dd52a.gif%3Fversion%3D638607075291209780%26amp%3Bwidth%3D32%26amp%3Bheight%3D32%26amp%3Bauto%3Dwebp%26amp%3Bformat%3Dpjpg","girl"
13,"Fort Dale Academy vs McKenzie",Girls Volleyball,"Alabama",9/21/2026,4:00pm,"The Fort Dale Academy varsity volleyball team has an away non-conference match @  McKenzie (AL) on Monday, September 21 @ 4p.","/al/volleyball/match/fort-dale-academy-greenville-vs-mckenzie/9-21-2026/?c=ebda15f1-5c4a-40cf-888d-31146fe5e5cf","https://www.maxpreps.com/al/volleyball/match/fort-dale-academy-greenville-vs-mckenzie/9-21-2026/?c=ebda15f1-5c4a-40cf-888d-31146fe5e5cf","/volleyball/al/f72?9/21/2026","Fort Dale Academy","Eagles","https://www.maxpreps.com/al/fort-dale-academy-greenville/volleyball/","https://www.maxpreps.com/al/mckenzie/volleyball/","https://hsfootball.net/proxy.php?url=https%3A%2F%2Fimage.maxpreps.io%2Fschool-mascot%2F1%2F1%2F7%2F1172e84c-fdfa-4d93-887e-4f193acf96a6.gif%3Fversion%3D637591866000000000%26amp%3Bwidth%3D128%26amp%3Bheight%3D128%26amp%3Bauto%3Dwebp%26amp%3Bformat%3Dpjpg","https://hsfootball.net/proxy.php?url=https%3A%2F%2Fimage.maxpreps.io%2Fschool-mascot%2F1%2Fc%2F0%2F1c001135-eecb-4de3-bcd5-e689fff54072.gif%3Fversion%3D638241473400000000%26amp%3Bwidth%3D128%26amp%3Bheight%3D128%26amp%3Bauto%3Dwebp%26amp%3Bformat%3Dpjpg","girl"
14,"Lawrence County vs Deshler",Girls Volleyball,"Alabama",9/21/2026,4:00pm,"The Lawrence County varsity volleyball team has an away conference match @  Deshler (Tuscumbia, AL) on Monday, September 21 @ 4p.","/al/volleyball/match/deshler-tuscumbia-vs-lawrence-county-moulton/9-21-2026/?c=62cc4302-6215-4fb4-b67b-a180240e4153","https://www.maxpreps.com/al/volleyball/match/deshler-tuscumbia-vs-lawrence-county-moulton/9-21-2026/?c=62cc4302-6215-4fb4-b67b-a180240e4153","/volleyball/al/117f?9/21/2026","Lawrence County","Red Devils","https://www.maxpreps.com/al/deshler-tuscumbia/volleyball/","https://www.maxpreps.com/al/lawrence-county-moulton/volleyball/","https://hsfootball.net/proxy.php?url=https%3A%2F%2Fimage.maxpreps.io%2Fschool-mascot%2F9%2Ff%2F7%2F9f71562e-f130-42d5-9c56-8c9a73fc403b.gif%3Fversion%3D638241478200000000%26amp%3Bwidth%3D128%26amp%3Bheight%3D128%26amp%3Bauto%3Dwebp%26amp%3Bformat%3Dpjpg","https://hsfootball.net/proxy.php?url=https%3A%2F%2Fimage.maxpreps.io%2Fschool-mascot%2F4%2F9%2F7%2F497d5242-1c43-48cd-befc-a73f49ce2d4a.gif%3Fversion%3D638216564400000000%26amp%3Bwidth%3D128%26amp%3Bheight%3D128%26amp%3Bauto%3Dwebp%26amp%3Bformat%3Dpjpg","girl"
15,"Lanett vs Ranburne",Girls Volleyball,"Alabama",9/21/2026,4:30pm,"The Lanett varsity volleyball team has an away non-conference match @  Ranburne (AL) on Monday, September 21 @ 4:30p.","/al/volleyball/match/lanett-vs-ranburne/9-21-2026/?c=c8dabfc0-b2d7-4ff1-a059-7127766a7e62","https://www.maxpreps.com/al/volleyball/match/lanett-vs-ranburne/9-21-2026/?c=c8dabfc0-b2d7-4ff1-a059-7127766a7e62","/volleyball/al/728?9/21/2026","Lanett","Panthers","https://www.maxpreps.com/al/lanett/volleyball/","https://www.maxpreps.com/al/ranburne/volleyball/","https://hsfootball.net/proxy.php?url=https%3A%2F%2Fimage.maxpreps.io%2Fschool-mascot%2Fc%2F8%2Fd%2Fc8d611a5-44f4-4b78-a4b6-b517e8159e00.gif%3Fversion%3D638241477600000000%26amp%3Bwidth%3D128%26amp%3Bheight%3D128%26amp%3Bauto%3Dwebp%26amp%3Bformat%3Dpjpg","https://hsfootball.net/proxy.php?url=https%3A%2F%2Fimage.maxpreps.io%2Fschool-mascot%2F4%2F9%2Fd%2F49db89d4-75fe-4782-9d24-abc6fc40d142.gif%3Fversion%3D638253665400000000%26amp%3Bwidth%3D128%26amp%3Bheight%3D128%26amp%3Bauto%3Dwebp%26amp%3Bformat%3Dpjpg","girl"
16,"Carbon Hill vs Fayette County",Girls Volleyball,"Alabama",9/21/2026,4:30pm,"The Carbon Hill varsity volleyball team has an away non-conference match @  Fayette County (Fayette, AL) on Monday, September 21 @ 4:30p.","/al/volleyball/match/carbon-hill-vs-fayette-county/9-21-2026/?c=e5594db3-6e34-49e7-9b88-499d935e5186","https://www.maxpreps.com/al/volleyball/match/carbon-hill-vs-fayette-county/9-21-2026/?c=e5594db3-6e34-49e7-9b88-499d935e5186","/volleyball/al/b4f?9/21/2026","Carbon Hill","Bulldogs","https://www.maxpreps.com/al/carbon-hill/volleyball/","https://www.maxpreps.com/al/fayette-county/volleyball/","https://hsfootball.net/proxy.php?url=https%3A%2F%2Fimage.maxpreps.io%2Fschool-mascot%2F9%2F4%2F9%2F9499f96c-ce17-4e48-b557-0ceef88d8ef8.gif%3Fversion%3D638215521600000000%26amp%3Bwidth%3D128%26amp%3Bheight%3D128%26amp%3Bauto%3Dwebp%26amp%3Bformat%3Dpjpg","https://hsfootball.net/proxy.php?url=https%3A%2F%2Fimage.maxpreps.io%2Fschool-mascot%2Fe%2Fb%2F6%2Feb6a4ea2-217f-45d1-9483-5ea7cffc898f.gif%3Fversion%3D638225159400000000%26amp%3Bwidth%3D128%26amp%3Bheight%3D128%26amp%3Bauto%3Dwebp%26amp%3Bformat%3Dpjpg","girl"
17,"Oakwood Academy vs Mars Hill Bible",Girls Volleyball,"Alabama",9/21/2026,4:30pm,"The Oakwood Academy varsity volleyball team has an away non-conference match @  Mars Hill Bible (Florence, AL) on Monday, September 21 @ 4:30p.","/al/volleyball/match/mars-hill-bible-florence-vs-oakwood-academy-huntsville/9-21-2026/?c=5a5dea76-70f6-4d98-809d-35172096dda8","https://www.maxpreps.com/al/volleyball/match/mars-hill-bible-florence-vs-oakwood-academy-huntsville/9-21-2026/?c=5a5dea76-70f6-4d98-809d-35172096dda8","/volleyball/al/14e2?9/21/2026","Oakwood Academy","Mustangs","https://www.maxpreps.com/al/mars-hill-bible-florence/volleyball/","https://www.maxpreps.com/al/oakwood-academy-huntsville/volleyball/","https://hsfootball.net/proxy.php?url=https%3A%2F%2Fimage.maxpreps.io%2Fschool-mascot%2F3%2Fd%2F2%2F3d2f8288-4c2b-44ba-878a-aa11be0550fe.gif%3Fversion%3D638253625800000000%26amp%3Bwidth%3D128%26amp%3Bheight%3D128%26amp%3Bauto%3Dwebp%26amp%3Bformat%3Dpjpg","https://hsfootball.net/proxy.php?url=https%3A%2F%2Fimage.maxpreps.io%2Fschool-mascot%2Fd%2F1%2F1%2Fd1104824-d0fe-4341-9759-4dde17de596c.gif%3Fversion%3D638241472200000000%26amp%3Bwidth%3D128%26amp%3Bheight%3D128%26amp%3Bauto%3Dwebp%26amp%3Bformat%3Dpjpg","girl"
18,"Phillips vs Brilliant",Girls Volleyball,"Alabama",9/21/2026,4:30pm,"The Phillips varsity volleyball team has an away non-conference match @  Brilliant (AL) on Monday, September 21 @ 4:30p.","/al/volleyball/match/brilliant-vs-phillips-bear-creek/9-21-2026/?c=c6adb37c-26d1-4e6d-9d25-a5ed720f5257","https://www.maxpreps.com/al/volleyball/match/brilliant-vs-phillips-bear-creek/9-21-2026/?c=c6adb37c-26d1-4e6d-9d25-a5ed720f5257","/volleyball/al/c67?9/21/2026","Phillips","Bears","https://www.maxpreps.com/al/brilliant/volleyball/","https://www.maxpreps.com/al/phillips-bear-creek/volleyball/","https://hsfootball.net/proxy.php?url=https%3A%2F%2Fimage.maxpreps.io%2Fschool-mascot%2Fe%2F0%2Fc%2Fe0ca2c2e-c0fb-46fe-b982-21f09a29cdb7.gif%3Fversion%3D638253630600000000%26amp%3Bwidth%3D128%26amp%3Bheight%3D128%26amp%3Bauto%3Dwebp%26amp%3Bformat%3Dpjpg","https://hsfootball.net/proxy.php?url=https%3A%2F%2Fimage.maxpreps.io%2Fschool-mascot%2F9%2Ff%2F6%2F9f6d18b6-4e14-4a55-a974-7d3586346d85.gif%3Fversion%3D638309847600000000%26amp%3Bwidth%3D128%26amp%3Bheight%3D128%26amp%3Bauto%3Dwebp%26amp%3Bformat%3Dpjpg","girl"
19,"Gaylesville vs Cedar Bluff",Girls Volleyball,"Alabama",9/21/2026,4:30pm,"The Gaylesville varsity volleyball team has an away conference match @  Cedar Bluff (AL) on Monday, September 21 @ 4:30p.","/al/volleyball/match/cedar-bluff-vs-gaylesville/9-21-2026/?c=e0662192-fe90-445d-bb73-7821a7f5ceb0","https://www.maxpreps.com/al/volleyball/match/cedar-bluff-vs-gaylesville/9-21-2026/?c=e0662192-fe90-445d-bb73-7821a7f5ceb0","/volleyball/al/a1f?9/21/2026","Gaylesville","Trojans","https://www.maxpreps.com/al/cedar-bluff/volleyball/","https://www.maxpreps.com/al/gaylesville/volleyball/","https://hsfootball.net/proxy.php?url=https%3A%2F%2Fimage.maxpreps.io%2Fschool-mascot%2Fa%2F2%2F3%2Fa23c02ab-066a-42a6-aac8-960e711e759c.gif%3Fversion%3D638228653200000000%26amp%3Bwidth%3D128%26amp%3Bheight%3D128%26amp%3Bauto%3Dwebp%26amp%3Bformat%3Dpjpg","https://hsfootball.net/proxy.php?url=https%3A%2F%2Fimage.maxpreps.io%2Fschool-mascot%2F9%2Fe%2F0%2F9e00e6b3-d670-4824-81e7-f6a1c46174b6.gif%3Fversion%3D638215522200000000%26amp%3Bwidth%3D128%26amp%3Bheight%3D128%26amp%3Bauto%3Dwebp%26amp%3Bformat%3Dpjpg","girl"
20,"Saks vs Weaver",Girls Volleyball,"Alabama",9/21/2026,5:00pm,"The Saks varsity volleyball team has an away non-conference match @  Weaver (AL) on Monday, September 21 @ 5p.","/al/volleyball/match/saks-anniston-vs-weaver/9-21-2026/?c=c6137389-2454-4db1-a3ff-a1d37a843c04","https://www.maxpreps.com/al/volleyball/match/saks-anniston-vs-weaver/9-21-2026/?c=c6137389-2454-4db1-a3ff-a1d37a843c04","/volleyball/al/916?9/21/2026","Saks","Wildcats","https://www.maxpreps.com/al/saks-anniston/volleyball/","https://www.maxpreps.com/al/weaver/volleyball/","https://hsfootball.net/proxy.php?url=https%3A%2F%2Fimage.maxpreps.io%2Fschool-mascot%2Fd%2F5%2F5%2Fd553d6da-1612-48e2-aba4-81c7b059009e.gif%3Fversion%3D638253671400000000%26amp%3Bwidth%3D128%26amp%3Bheight%3D128%26amp%3Bauto%3Dwebp%26amp%3Bformat%3Dpjpg","https://hsfootball.net/proxy.php?url=https%3A%2F%2Fimage.maxpreps.io%2Fschool-mascot%2F2%2F2%2F2%2F22239ba1-5946-4616-9a8e-e7af225d507c.gif%3Fversion%3D638253702600000000%26amp%3Bwidth%3D128%26amp%3Bheight%3D128%26amp%3Bauto%3Dwebp%26amp%3Bformat%3Dpjpg","girl"
21,"LaFayette vs Notasulga",Girls Volleyball,"Alabama",9/21/2026,5:00pm,"The LaFayette varsity volleyball team has an away conference match @  Notasulga (AL) on Monday, September 21 @ 5p.","/al/volleyball/match/lafayette-vs-notasulga/9-21-2026/?c=54006d8d-2d3a-482d-90d5-b675ea9479ca","https://www.maxpreps.com/al/volleyball/match/lafayette-vs-notasulga/9-21-2026/?c=54006d8d-2d3a-482d-90d5-b675ea9479ca","/volleyball/al/8d0?9/21/2026","LaFayette","Fighting Bulldogs","https://www.maxpreps.com/al/lafayette/volleyball/","https://www.maxpreps.com/al/notasulga/volleyball/","https://hsfootball.net/proxy.php?url=https%3A%2F%2Fimage.maxpreps.io%2Fschool-mascot%2Fa%2Fd%2Fa%2Fada942e2-4e52-41be-b984-b0ca5c52a6af.gif%3Fversion%3D638241469800000000%26amp%3Bwidth%3D128%26amp%3Bheight%3D128%26amp%3Bauto%3Dwebp%26amp%3Bformat%3Dpjpg","https://hsfootball.net/proxy.php?url=https%3A%2F%2Fimage.maxpreps.io%2Fschool-mascot%2Fc%2F5%2F9%2Fc595eb7d-8b52-4923-ab5c-5d6fcebac4db.gif%3Fversion%3D638253622200000000%26amp%3Bwidth%3D128%26amp%3Bheight%3D128%26amp%3Bauto%3Dwebp%26amp%3Bformat%3Dpjpg","girl"
22,"Selma vs Hatch",Girls Volleyball,"Alabama",9/21/2026,5:00pm,"The Selma varsity volleyball team has an away non-conference match @  Hatch (Uniontown, AL) on Monday, September 21 @ 5p.","/al/volleyball/match/hatch-uniontown-vs-selma/9-21-2026/?c=3d7fc173-4a6b-4c35-af49-8c80cdb06169","https://www.maxpreps.com/al/volleyball/match/hatch-uniontown-vs-selma/9-21-2026/?c=3d7fc173-4a6b-4c35-af49-8c80cdb06169","/volleyball/al/97b?9/21/2026","Selma","Saints","https://www.maxpreps.com/al/hatch-uniontown/volleyball/","https://www.maxpreps.com/al/selma/volleyball/","https://hsfootball.net/proxy.php?url=https%3A%2F%2Fimage.maxpreps.io%2Fschool-mascot%2Fe%2F6%2F9%2Fe69d70a2-b7e9-4e0d-b0e8-076c1f79787f.gif%3Fversion%3D639137783152438230%26amp%3Bwidth%3D128%26amp%3Bheight%3D128%26amp%3Bauto%3Dwebp%26amp%3Bformat%3Dpjpg","https://hsfootball.net/proxy.php?url=https%3A%2F%2Fimage.maxpreps.io%2Fschool-mascot%2F4%2Fe%2F2%2F4e27ddc5-9a4d-42ae-9e05-1de349c74838.gif%3Fversion%3D638253638400000000%26amp%3Bwidth%3D128%26amp%3Bheight%3D128%26amp%3Bauto%3Dwebp%26amp%3Bformat%3Dpjpg","girl"
23,"Lawrence County vs Wilson",Girls Volleyball,"Alabama",9/21/2026,5:00pm,"The Lawrence County varsity volleyball team has an away non-conference match @  Wilson (Florence, AL) on Monday, September 21 @ 5p.","/al/volleyball/match/lawrence-county-moulton-vs-wilson-florence/9-21-2026/?c=73a39082-837b-454c-989a-c122d87435f9","https://www.maxpreps.com/al/volleyball/match/lawrence-county-moulton-vs-wilson-florence/9-21-2026/?c=73a39082-837b-454c-989a-c122d87435f9","/volleyball/al/10b5?9/21/2026","Lawrence County","Red Devils","https://www.maxpreps.com/al/lawrence-county-moulton/volleyball/","https://www.maxpreps.com/al/wilson-florence/volleyball/","https://hsfootball.net/proxy.php?url=https%3A%2F%2Fimage.maxpreps.io%2Fschool-mascot%2F9%2Ff%2F7%2F9f71562e-f130-42d5-9c56-8c9a73fc403b.gif%3Fversion%3D638241478200000000%26amp%3Bwidth%3D128%26amp%3Bheight%3D128%26amp%3Bauto%3Dwebp%26amp%3Bformat%3Dpjpg","https://hsfootball.net/proxy.php?url=https%3A%2F%2Fimage.maxpreps.io%2Fschool-mascot%2F3%2F6%2F0%2F36072221-6a62-47b3-97ed-c179401284f7.gif%3Fversion%3D638253706800000000%26amp%3Bwidth%3D128%26amp%3Bheight%3D128%26amp%3Bauto%3Dwebp%26amp%3Bformat%3Dpjpg","girl"
24,"Chickasaw vs Blacksher",Girls Volleyball,"Alabama",9/21/2026,5:00pm,"The Chickasaw varsity volleyball team has an away conference match @  Blacksher (Uriah, AL) on Monday, September 21 @ 5p.","/al/volleyball/match/blacksher-uriah-vs-chickasaw/9-21-2026/?c=783bbe75-7c6d-44eb-87a5-898a5809e88f","https://www.maxpreps.com/al/volleyball/match/blacksher-uriah-vs-chickasaw/9-21-2026/?c=783bbe75-7c6d-44eb-87a5-898a5809e88f","/volleyball/al/ae6?9/21/2026","Chickasaw","Chieftains","https://www.maxpreps.com/al/blacksher-uriah/volleyball/","https://www.maxpreps.com/al/chickasaw/volleyball/","https://hsfootball.net/proxy.php?url=https%3A%2F%2Fimage.maxpreps.io%2Fschool-mascot%2F6%2Fe%2Fc%2F6ece6dee-eff5-4368-bc25-b6500d41c0ee.gif%3Fversion%3D638215526400000000%26amp%3Bwidth%3D128%26amp%3Bheight%3D128%26amp%3Bauto%3Dwebp%26amp%3Bformat%3Dpjpg","https://hsfootball.net/proxy.php?url=https%3A%2F%2Fimage.maxpreps.io%2Fschool-mascot%2F7%2F9%2F1%2F791c5dd9-d68e-4b29-87b1-adaa0535a8f9.gif%3Fversion%3D638235457200000000%26amp%3Bwidth%3D128%26amp%3Bheight%3D128%26amp%3Bauto%3Dwebp%26amp%3Bformat%3Dpjpg","girl"
25,"Leeds vs Hale County",Girls Volleyball,"Alabama",9/21/2026,5:00pm,"The Leeds varsity volleyball team has an away non-conference match @  Hale County (Moundville, AL) on Monday, September 21 @ 5p.","/al/volleyball/match/hale-county-moundville-vs-leeds/9-21-2026/?c=449fb7de-0929-49fa-a470-0e4f86e4854e","https://www.maxpreps.com/al/volleyball/match/hale-county-moundville-vs-leeds/9-21-2026/?c=449fb7de-0929-49fa-a470-0e4f86e4854e","/volleyball/al/c25?9/21/2026","Leeds","Greenwave","https://www.maxpreps.com/al/hale-county-moundville/volleyball/","https://www.maxpreps.com/al/leeds/volleyball/","https://hsfootball.net/proxy.php?url=https%3A%2F%2Fimage.maxpreps.io%2Fschool-mascot%2F6%2F1%2F1%2F6111ce28-98b0-49f7-86dd-f8e130d8224f.gif%3Fversion%3D638241479400000000%26amp%3Bwidth%3D128%26amp%3Bheight%3D128%26amp%3Bauto%3Dwebp%26amp%3Bformat%3Dpjpg","https://hsfootball.net/proxy.php?url=https%3A%2F%2Fimage.maxpreps.io%2Fschool-mascot%2F5%2Fe%2Fc%2F5ec67c74-b576-4b90-b825-862a0fe75843.gif%3Fversion%3D638234677800000000%26amp%3Bwidth%3D128%26amp%3Bheight%3D128%26amp%3Bauto%3Dwebp%26amp%3Bformat%3Dpjpg","girl"
26,"Clay County Christian Academy vs Tabernacle",Girls Volleyball,"Alabama",9/21/2026,5:00pm,"The Clay County Christian Academy varsity volleyball team has an away conference match @  Tabernacle (Gardendale, AL) on Monday, September 21 @ 5p.","/al/volleyball/match/clay-county-christian-academy-ashland-vs-tabernacle-gardendale/9-21-2026/?c=544055ff-be7e-4f63-bcb7-6d344aaed951","https://www.maxpreps.com/al/volleyball/match/clay-county-christian-academy-ashland-vs-tabernacle-gardendale/9-21-2026/?c=544055ff-be7e-4f63-bcb7-6d344aaed951","/volleyball/al/17fb?9/21/2026","Clay County Christian Academy","Eagles","https://www.maxpreps.com/al/clay-county-christian-academy-ashland/volleyball/","https://www.maxpreps.com/al/tabernacle-gardendale/volleyball/","https://hsfootball.net/proxy.php?url=https%3A%2F%2Fimage.maxpreps.io%2Fschool-mascot%2F7%2F5%2F7%2F7579b321-0100-40b6-8340-bd6e9af56447.gif%3Fversion%3D638875606410296970%26amp%3Bwidth%3D128%26amp%3Bheight%3D128%26amp%3Bauto%3Dwebp%26amp%3Bformat%3Dpjpg","https://hsfootball.net/proxy.php?url=https%3A%2F%2Fimage.maxpreps.io%2Fschool-mascot%2F5%2Fb%2F3%2F5b3abc40-b960-4dc2-a2ea-8db69ffcb102.gif%3Fversion%3D636113433600000000%26amp%3Bwidth%3D128%26amp%3Bheight%3D128%26amp%3Bauto%3Dwebp%26amp%3Bformat%3Dpjpg","girl"
27,"Reeltown vs Valley",Girls Volleyball,"Alabama",9/21/2026,5:00pm,"The Reeltown varsity volleyball team has an away non-conference match @  Valley (AL) on Monday, September 21 @ 5p.","/al/volleyball/match/reeltown-notasulga-vs-valley/9-21-2026/?c=ba607938-5ff7-4877-bc52-3a2103f0a619","https://www.maxpreps.com/al/volleyball/match/reeltown-notasulga-vs-valley/9-21-2026/?c=ba607938-5ff7-4877-bc52-3a2103f0a619","/volleyball/al/b3b?9/21/2026","Reeltown","Rebels","https://www.maxpreps.com/al/reeltown-notasulga/volleyball/","https://www.maxpreps.com/al/valley/volleyball/","https://hsfootball.net/proxy.php?url=https%3A%2F%2Fimage.maxpreps.io%2Fschool-mascot%2F5%2F2%2F3%2F52366518-7933-4e54-988d-7a579ce20d1e.gif%3Fversion%3D638253666600000000%26amp%3Bwidth%3D128%26amp%3Bheight%3D128%26amp%3Bauto%3Dwebp%26amp%3Bformat%3Dpjpg","https://hsfootball.net/proxy.php?url=https%3A%2F%2Fimage.maxpreps.io%2Fschool-mascot%2F4%2F5%2Fc%2F45cabdb1-5930-48ef-9633-fdd36aef63c4.gif%3Fversion%3D638253698400000000%26amp%3Bwidth%3D128%26amp%3Bheight%3D128%26amp%3Bauto%3Dwebp%26amp%3Bformat%3Dpjpg","girl"
28,"Millry vs Sweet Water",Girls Volleyball,"Alabama",9/21/2026,5:00pm,"The Millry varsity volleyball team has an away non-conference match @  Sweet Water (AL) on Monday, September 21 @ 5p.","/al/volleyball/match/millry-vs-sweet-water/9-21-2026/?c=bb83f206-ddc8-4074-8070-b026ea5f034a","https://www.maxpreps.com/al/volleyball/match/millry-vs-sweet-water/9-21-2026/?c=bb83f206-ddc8-4074-8070-b026ea5f034a","/volleyball/al/854?9/21/2026","Millry","Wildcats","https://www.maxpreps.com/al/millry/volleyball/","https://www.maxpreps.com/al/sweet-water/volleyball/","https://hsfootball.net/proxy.php?url=https%3A%2F%2Fimage.maxpreps.io%2Fschool-mascot%2F7%2Fb%2F5%2F7b5205b3-9658-46c7-b528-e8a85ed55f70.gif%3Fversion%3D638241474000000000%26amp%3Bwidth%3D128%26amp%3Bheight%3D128%26amp%3Bauto%3Dwebp%26amp%3Bformat%3Dpjpg","https://hsfootball.net/proxy.php?url=https%3A%2F%2Fimage.maxpreps.io%2Fschool-mascot%2F4%2F2%2F8%2F428bb47c-aa91-421e-81e8-b1cff734cc6a.gif%3Fversion%3D638249400600000000%26amp%3Bwidth%3D128%26amp%3Bheight%3D128%26amp%3Bauto%3Dwebp%26amp%3Bformat%3Dpjpg","girl"
29,"Lee-Scott Academy vs Houston Academy",Girls Volleyball,"Alabama",9/21/2026,5:00pm,"The Lee-Scott Academy varsity volleyball team has an away non-conference match @  Houston Academy (Dothan, AL) on Monday, September 21 @ 5p.","/al/volleyball/match/houston-academy-dothan-vs-lee-scott-academy-auburn/9-21-2026/?c=284c2c96-e7fd-45ad-a426-90e8238707ac","https://www.maxpreps.com/al/volleyball/match/houston-academy-dothan-vs-lee-scott-academy-auburn/9-21-2026/?c=284c2c96-e7fd-45ad-a426-90e8238707ac","/volleyball/al/134a?9/21/2026","Lee-Scott Academy","Warriors","https://www.maxpreps.com/al/houston-academy-dothan/volleyball/","https://www.maxpreps.com/al/lee-scott-academy-auburn/volleyball/","https://hsfootball.net/proxy.php?url=https%3A%2F%2Fimage.maxpreps.io%2Fschool-mascot%2F5%2F6%2F0%2F5602c061-3f69-4eb4-a868-7b457db10428.gif%3Fversion%3D639197351132922910%26amp%3Bwidth%3D128%26amp%3Bheight%3D128%26amp%3Bauto%3Dwebp%26amp%3Bformat%3Dpjpg","https://hsfootball.net/proxy.php?url=https%3A%2F%2Fimage.maxpreps.io%2Fschool-mascot%2F4%2Fe%2F8%2F4e877698-dd8f-4c40-9620-83a23116e648.gif%3Fversion%3D638234689800000000%26amp%3Bwidth%3D128%26amp%3Bheight%3D128%26amp%3Bauto%3Dwebp%26amp%3Bformat%3Dpjpg","girl"
30,"Marion vs Calhoun",Girls Volleyball,"Alabama",9/21/2026,5:00pm,"The Marion varsity volleyball team has an away non-conference match @  Calhoun (Letohatchee, AL) on Monday, September 21 @ 5p.","/al/volleyball/match/calhoun-letohatchee-vs-marion/9-21-2026/?c=b02d0e57-5938-49b1-b623-5db04223d679","https://www.maxpreps.com/al/volleyball/match/calhoun-letohatchee-vs-marion/9-21-2026/?c=b02d0e57-5938-49b1-b623-5db04223d679","/volleyball/al/b66?9/21/2026","Marion","Rams","https://www.maxpreps.com/al/calhoun-letohatchee/volleyball/","https://www.maxpreps.com/al/marion/volleyball/","https://hsfootball.net/proxy.php?url=https%3A%2F%2Fimage.maxpreps.io%2Fschool-mascot%2F0%2F9%2F5%2F09592b15-b92f-46c6-816e-1972c92786e2.gif%3Fversion%3D638225182800000000%26amp%3Bwidth%3D128%26amp%3Bheight%3D128%26amp%3Bauto%3Dwebp%26amp%3Bformat%3Dpjpg","https://hsfootball.net/proxy.php?url=https%3A%2F%2Fimage.maxpreps.io%2Fschool-mascot%2Fe%2F3%2F5%2Fe35ebef8-c2a9-4282-ae75-0378e527dbb9.gif%3Fversion%3D638215521000000000%26amp%3Bwidth%3D128%26amp%3Bheight%3D128%26amp%3Bauto%3Dwebp%26amp%3Bformat%3Dpjpg","girl"
31,"Pennington vs Cullman Christian",Girls Volleyball,"Alabama",9/21/2026,5:00pm,"The Pennington varsity volleyball team has an away non-conference match @  Cullman Christian (Cullman, AL) on Monday, September 21 @ 5p.","/al/volleyball/match/cullman-christian-vs-pennington-blountsville/9-21-2026/?c=9ccde9a6-ec9c-4b17-9e27-e3e27888ca33","https://www.maxpreps.com/al/volleyball/match/cullman-christian-vs-pennington-blountsville/9-21-2026/?c=9ccde9a6-ec9c-4b17-9e27-e3e27888ca33","/volleyball/al/11b1?9/21/2026","Pennington","Tigers","https://www.maxpreps.com/al/cullman-christian/volleyball/","https://www.maxpreps.com/al/pennington-blountsville/volleyball/","https://hsfootball.net/proxy.php?url=https%3A%2F%2Fimage.maxpreps.io%2Fschool-mascot%2F3%2F4%2F9%2F349a28cd-3780-4757-8310-a2d60a0f0652.gif%3Fversion%3D638235456600000000%26amp%3Bwidth%3D128%26amp%3Bheight%3D128%26amp%3Bauto%3Dwebp%26amp%3Bformat%3Dpjpg","https://hsfootball.net/proxy.php?url=https%3A%2F%2Fimage.maxpreps.io%2Fschool-mascot%2Fd%2F1%2F3%2Fd1389d8e-41a6-4d13-ab7c-52ea42067d73.gif%3Fversion%3D638309847000000000%26amp%3Bwidth%3D128%26amp%3Bheight%3D128%26amp%3Bauto%3Dwebp%26amp%3Bformat%3Dpjpg","girl"
32,"Center Point vs Minor",Girls Volleyball,"Alabama",9/21/2026,5:00pm,"The Center Point varsity volleyball team has an away non-conference match @  Minor (Adamsville, AL) on Monday, September 21 @ 5p.","/al/volleyball/match/center-point-birmingham-vs-minor-adamsville/9-21-2026/?c=70213412-2689-4d17-8d85-f7f907e05c14","https://www.maxpreps.com/al/volleyball/match/center-point-birmingham-vs-minor-adamsville/9-21-2026/?c=70213412-2689-4d17-8d85-f7f907e05c14","/volleyball/al/10da?9/21/2026","Center Point","Eagles","https://www.maxpreps.com/al/center-point-birmingham/volleyball/","https://www.maxpreps.com/al/minor-adamsville/volleyball/","https://hsfootball.net/proxy.php?url=https%3A%2F%2Fimage.maxpreps.io%2Fschool-mascot%2F3%2F9%2F0%2F390377fc-f035-48ea-8789-9391c2a3ba4f.gif%3Fversion%3D638215522800000000%26amp%3Bwidth%3D128%26amp%3Bheight%3D128%26amp%3Bauto%3Dwebp%26amp%3Bformat%3Dpjpg","https://hsfootball.net/proxy.php?url=https%3A%2F%2Fimage.maxpreps.io%2Fschool-mascot%2Fd%2Fe%2F9%2Fde9cfd87-b486-408c-b079-3a711d33d915.gif%3Fversion%3D638241474000000000%26amp%3Bwidth%3D128%26amp%3Bheight%3D128%26amp%3Bauto%3Dwebp%26amp%3Bformat%3Dpjpg","girl"
33,"Tuscaloosa Academy vs Pickens Academy",Girls Volleyball,"Alabama",9/21/2026,5:00pm,"The Tuscaloosa Academy varsity volleyball team has an away non-conference match @  Pickens Academy (Carrollton, AL) on Monday, September 21 @ 5p.","/al/volleyball/match/pickens-academy-carrollton-vs-tuscaloosa-academy/9-21-2026/?c=7cdbe907-c3c8-4518-9a0d-99c36575be10","https://www.maxpreps.com/al/volleyball/match/pickens-academy-carrollton-vs-tuscaloosa-academy/9-21-2026/?c=7cdbe907-c3c8-4518-9a0d-99c36575be10","/volleyball/al/12dd?9/21/2026","Tuscaloosa Academy","Knights","https://www.maxpreps.com/al/pickens-academy-carrollton/volleyball/","https://www.maxpreps.com/al/tuscaloosa-academy/volleyball/","https://hsfootball.net/proxy.php?url=https%3A%2F%2Fimage.maxpreps.io%2Fschool-mascot%2F7%2F5%2Fa%2F75a92b7c-48ae-4645-85d1-6d1d09981413.gif%3Fversion%3D638253697200000000%26amp%3Bwidth%3D128%26amp%3Bheight%3D128%26amp%3Bauto%3Dwebp%26amp%3Bformat%3Dpjpg","https://hsfootball.net/proxy.php?url=https%3A%2F%2Fimage.maxpreps.io%2Fschool-mascot%2F2%2F0%2F9%2F209207a6-200c-4786-a98a-11c8a79f5b68.gif%3Fversion%3D639215334707850270%26amp%3Bwidth%3D128%26amp%3Bheight%3D128%26amp%3Bauto%3Dwebp%26amp%3Bformat%3Dpjpg","girl"
34,"Collinsville vs Sand Rock",Girls Volleyball,"Alabama",9/21/2026,5:00pm,"The Collinsville varsity volleyball team has an away non-conference match @  Sand Rock (Leesburg, AL) on Monday, September 21 @ 5p.","/al/volleyball/match/collinsville-vs-sand-rock-leesburg/9-21-2026/?c=518248c1-30e5-435f-ade0-a5402edccd6b","https://www.maxpreps.com/al/volleyball/match/collinsville-vs-sand-rock-leesburg/9-21-2026/?c=518248c1-30e5-435f-ade0-a5402edccd6b","/volleyball/al/d5b?9/21/2026","Collinsville","Panthers","https://www.maxpreps.com/al/collinsville/volleyball/","https://www.maxpreps.com/al/sand-rock-leesburg/volleyball/","https://hsfootball.net/proxy.php?url=https%3A%2F%2Fimage.maxpreps.io%2Fschool-mascot%2F2%2F7%2Fe%2F27ec6d34-5d60-4c0b-a511-b43e036cc175.gif%3Fversion%3D638215677600000000%26amp%3Bwidth%3D128%26amp%3Bheight%3D128%26amp%3Bauto%3Dwebp%26amp%3Bformat%3Dpjpg","https://hsfootball.net/proxy.php?url=https%3A%2F%2Fimage.maxpreps.io%2Fschool-mascot%2F0%2F7%2Fc%2F07c02d4f-bfa6-4ddd-b5f3-a7938d6d2a14.gif%3Fversion%3D638253671400000000%26amp%3Bwidth%3D128%26amp%3Bheight%3D128%26amp%3Bauto%3Dwebp%26amp%3Bformat%3Dpjpg","girl"
35,"Ezekiel Academy vs Evangel Christian",Girls Volleyball,"Alabama",9/21/2026,5:00pm,"The Ezekiel Academy varsity volleyball team has an away conference match @  Evangel Christian (Alabaster, AL) on Monday, September 21 @ 5p.","/al/volleyball/match/evangel-christian-alabaster-vs-ezekiel-academy-montgomery/9-21-2026/?c=0a21bc7a-1283-40b2-9ccb-f68b1c919ec9","https://www.maxpreps.com/al/volleyball/match/evangel-christian-alabaster-vs-ezekiel-academy-montgomery/9-21-2026/?c=0a21bc7a-1283-40b2-9ccb-f68b1c919ec9","/volleyball/al/165b?9/21/2026","Ezekiel Academy","Knights","https://www.maxpreps.com/al/evangel-christian-alabaster/volleyball/","https://www.maxpreps.com/al/ezekiel-academy-montgomery/volleyball/","https://hsfootball.net/proxy.php?url=https%3A%2F%2Fimage.maxpreps.io%2Fschool-mascot%2Fb%2F8%2F4%2Fb841ac3d-2509-4f5f-940e-c2f8df2b2f4e.gif%3Fversion%3D635098346400000000%26amp%3Bwidth%3D128%26amp%3Bheight%3D128%26amp%3Bauto%3Dwebp%26amp%3Bformat%3Dpjpg","https://hsfootball.net/proxy.php?url=https%3A%2F%2Fimage.maxpreps.io%2Fschool-mascot%2Fd%2F5%2F2%2Fd52a0b3d-e631-4feb-b33d-82a0bfe99352.gif%3Fversion%3D639087889653382430%26amp%3Bwidth%3D128%26amp%3Bheight%3D128%26amp%3Bauto%3Dwebp%26amp%3Bformat%3Dpjpg","girl"
36,"Opp vs Daleville",Girls Volleyball,"Alabama",9/21/2026,5:00pm,"The Opp varsity volleyball team has an away conference match @  Daleville (AL) on Monday, September 21 @ 5p.","/al/volleyball/match/daleville-vs-opp/9-21-2026/?c=6eb1b0dd-de59-4285-bb87-23e4bd1b6d2d","https://www.maxpreps.com/al/volleyball/match/daleville-vs-opp/9-21-2026/?c=6eb1b0dd-de59-4285-bb87-23e4bd1b6d2d","/volleyball/al/644?9/21/2026","Opp","Bobcats","https://www.maxpreps.com/al/daleville/volleyball/","https://www.maxpreps.com/al/opp/volleyball/","https://hsfootball.net/proxy.php?url=https%3A%2F%2Fimage.maxpreps.io%2Fschool-mascot%2Fc%2F6%2F1%2Fc6194752-e737-4b99-9227-ec8c90f1de7c.gif%3Fversion%3D638253626400000000%26amp%3Bwidth%3D128%26amp%3Bheight%3D128%26amp%3Bauto%3Dwebp%26amp%3Bformat%3Dpjpg","https://hsfootball.net/proxy.php?url=https%3A%2F%2Fimage.maxpreps.io%2Fschool-mascot%2Fa%2F4%2F4%2Fa4446684-663f-4552-8a22-ed72355188f6.gif%3Fversion%3D638216560200000000%26amp%3Bwidth%3D128%26amp%3Bheight%3D128%26amp%3Bauto%3Dwebp%26amp%3Bformat%3Dpjpg","girl"
37,"Pleasant Grove vs West Blocton",Girls Volleyball,"Alabama",9/21/2026,5:00pm,"The Pleasant Grove varsity volleyball team has an away non-conference match @  West Blocton (AL) on Monday, September 21 @ 5p.","/al/volleyball/match/pleasant-grove-vs-west-blocton/9-21-2026/?c=ab5c6e11-5a22-4da0-9c21-66b082c881d6","https://www.maxpreps.com/al/volleyball/match/pleasant-grove-vs-west-blocton/9-21-2026/?c=ab5c6e11-5a22-4da0-9c21-66b082c881d6","/volleyball/al/bcc?9/21/2026","Pleasant Grove","Spartans","https://www.maxpreps.com/al/pleasant-grove/volleyball/","https://www.maxpreps.com/al/west-blocton/volleyball/","https://hsfootball.net/proxy.php?url=https%3A%2F%2Fimage.maxpreps.io%2Fschool-mascot%2F9%2F0%2Fb%2F90b0790c-51e8-426c-9b06-c95d46672e81.gif%3Fversion%3D638253635400000000%26amp%3Bwidth%3D128%26amp%3Bheight%3D128%26amp%3Bauto%3Dwebp%26amp%3Bformat%3Dpjpg","https://hsfootball.net/proxy.php?url=https%3A%2F%2Fimage.maxpreps.io%2Fschool-mascot%2Fb%2Fb%2F5%2Fbb5856ac-93fd-4286-87bd-de27b8fd7ca1.gif%3Fversion%3D638253703200000000%26amp%3Bwidth%3D128%26amp%3Bheight%3D128%26amp%3Bauto%3Dwebp%26amp%3Bformat%3Dpjpg","girl"
38,"Pleasant Valley vs Munford",Girls Volleyball,"Alabama",9/21/2026,5:00pm,"The Pleasant Valley varsity volleyball team has an away non-conference match @  Munford (AL) on Monday, September 21 @ 5p.","/al/volleyball/match/munford-vs-pleasant-valley-jacksonville/9-21-2026/?c=47095923-2d6f-4115-8583-bd1c48a31b51","https://www.maxpreps.com/al/volleyball/match/munford-vs-pleasant-valley-jacksonville/9-21-2026/?c=47095923-2d6f-4115-8583-bd1c48a31b51","/volleyball/al/f82?9/21/2026","Pleasant Valley","Raiders","https://www.maxpreps.com/al/munford/volleyball/","https://www.maxpreps.com/al/pleasant-valley-jacksonville/volleyball/","https://hsfootball.net/proxy.php?url=https%3A%2F%2Fimage.maxpreps.io%2Fschool-mascot%2F1%2Fd%2Fb%2F1db53c2b-dbec-4915-98c9-a24b5af6b636.gif%3Fversion%3D638253636000000000%26amp%3Bwidth%3D128%26amp%3Bheight%3D128%26amp%3Bauto%3Dwebp%26amp%3Bformat%3Dpjpg","https://hsfootball.net/proxy.php?url=https%3A%2F%2Fimage.maxpreps.io%2Fschool-mascot%2Fb%2Fe%2Fd%2Fbed4f154-782c-4ecf-a4d3-529c0166cec3.gif%3Fversion%3D638241476400000000%26amp%3Bwidth%3D128%26amp%3Bheight%3D128%26amp%3Bauto%3Dwebp%26amp%3Bformat%3Dpjpg","girl"
39,"Dora vs Sumiton Christian",Girls Volleyball,"Alabama",9/21/2026,5:00pm,"The Dora varsity volleyball team has an away non-conference match @  Sumiton Christian (Sumiton, AL) on Monday, September 21 @ 5p.","/al/volleyball/match/dora-vs-sumiton-christian/9-21-2026/?c=aad3e3dd-92f9-49bc-b6ba-6b85ac22e419","https://www.maxpreps.com/al/volleyball/match/dora-vs-sumiton-christian/9-21-2026/?c=aad3e3dd-92f9-49bc-b6ba-6b85ac22e419","/volleyball/al/9ea?9/21/2026","Dora","Bulldogs","https://www.maxpreps.com/al/dora/volleyball/","https://www.maxpreps.com/al/sumiton-christian/volleyball/","https://hsfootball.net/proxy.php?url=https%3A%2F%2Fimage.maxpreps.io%2Fschool-mascot%2Fc%2F1%2F7%2Fc17c4468-fa8f-4d34-9611-0c0156b1c944.gif%3Fversion%3D638216565000000000%26amp%3Bwidth%3D128%26amp%3Bheight%3D128%26amp%3Bauto%3Dwebp%26amp%3Bformat%3Dpjpg","https://hsfootball.net/proxy.php?url=https%3A%2F%2Fimage.maxpreps.io%2Fschool-mascot%2Fe%2F0%2Fb%2Fe0b3eda5-2ae0-465b-b4ee-63607384b71d.gif%3Fversion%3D638249400000000000%26amp%3Bwidth%3D128%26amp%3Bheight%3D128%26amp%3Bauto%3Dwebp%26amp%3Bformat%3Dpjpg","girl"
40,"Wicksburg vs Geneva County",Girls Volleyball,"Alabama",9/21/2026,5:00pm,"The Wicksburg varsity volleyball team has an away non-conference match @  Geneva County (Hartford, AL) on Monday, September 21 @ 5p.","/al/volleyball/match/geneva-county-hartford-vs-wicksburg-newton/9-21-2026/?c=e562f64b-344b-40a2-92ef-72c92c22dacc","https://www.maxpreps.com/al/volleyball/match/geneva-county-hartford-vs-wicksburg-newton/9-21-2026/?c=e562f64b-344b-40a2-92ef-72c92c22dacc","/volleyball/al/10a8?9/21/2026","Wicksburg","Panthers","https://www.maxpreps.com/al/geneva-county-hartford/volleyball/","https://www.maxpreps.com/al/wicksburg-newton/volleyball/","https://hsfootball.net/proxy.php?url=https%3A%2F%2Fimage.maxpreps.io%2Fschool-mascot%2F6%2Fc%2F7%2F6c7e1c35-8747-40b4-aef2-61efd47dd5eb.gif%3Fversion%3D638253706200000000%26amp%3Bwidth%3D128%26amp%3Bheight%3D128%26amp%3Bauto%3Dwebp%26amp%3Bformat%3Dpjpg","https://hsfootball.net/proxy.php?url=https%3A%2F%2Fimage.maxpreps.io%2Fschool-mascot%2F1%2Fa%2F9%2F1a9f4b23-04af-456a-85ce-49943b2a0a10.gif%3Fversion%3D638229438600000000%26amp%3Bwidth%3D128%26amp%3Bheight%3D128%26amp%3Bauto%3Dwebp%26amp%3Bformat%3Dpjpg","girl"
41,"Rehobeth vs Carroll",Girls Volleyball,"Alabama",9/21/2026,5:00pm,"The Rehobeth varsity volleyball team has an away non-conference match @  Carroll (Ozark, AL) on Monday, September 21 @ 5p.","/al/volleyball/match/carroll-ozark-vs-rehobeth-dothan/9-21-2026/?c=17d779a1-2298-4592-b265-a57a9b712426","https://www.maxpreps.com/al/volleyball/match/carroll-ozark-vs-rehobeth-dothan/9-21-2026/?c=17d779a1-2298-4592-b265-a57a9b712426","/volleyball/al/c82?9/21/2026","Rehobeth","Rebels","https://www.maxpreps.com/al/carroll-ozark/girls-volleyball/","https://www.maxpreps.com/al/rehobeth-dothan/girls-volleyball/","https://hsfootball.net/proxy.php?url=https%3A%2F%2Fimage.maxpreps.io%2Fschool-mascot%2F1%2Fe%2F2%2F1e2bf969-102b-4017-bb55-492e403a186c.gif%3Fversion%3D638253666600000000%26amp%3Bwidth%3D128%26amp%3Bheight%3D128%26amp%3Bauto%3Dwebp%26amp%3Bformat%3Dpjpg","https://hsfootball.net/proxy.php?url=https%3A%2F%2Fimage.maxpreps.io%2Fschool-mascot%2Fe%2F0%2F9%2Fe09e8d45-836e-4bd1-854b-692d457a0b81.gif%3Fversion%3D638309848800000000%26amp%3Bwidth%3D128%26amp%3Bheight%3D128%26amp%3Bauto%3Dwebp%26amp%3Bformat%3Dpjpg","girl"
42,"Shields vs Washington County",Girls Volleyball,"Alabama",9/21/2026,5:00pm,"The Shields varsity volleyball team has an away conference match @  Washington County (Chatom, AL) on Monday, September 21 @ 5p.","/al/volleyball/match/shields-beatrice-vs-washington-county-chatom/9-21-2026/?c=310a6fc2-24cf-4c97-b769-4bdfadf64a42","https://www.maxpreps.com/al/volleyball/match/shields-beatrice-vs-washington-county-chatom/9-21-2026/?c=310a6fc2-24cf-4c97-b769-4bdfadf64a42","/volleyball/al/1155?9/21/2026","Shields","Panthers","https://www.maxpreps.com/al/shields-beatrice/girls-volleyball/","https://www.maxpreps.com/al/washington-county-chatom/girls-volleyball/","https://hsfootball.net/proxy.php?url=https%3A%2F%2Fimage.maxpreps.io%2Fschool-mascot%2F0%2F0%2F1%2F00147365-5aa3-4717-9384-e6a9f26e5714.gif%3Fversion%3D638235457200000000%26amp%3Bwidth%3D128%26amp%3Bheight%3D128%26amp%3Bauto%3Dwebp%26amp%3Bformat%3Dpjpg","https://hsfootball.net/proxy.php?url=https%3A%2F%2Fimage.maxpreps.io%2Fschool-mascot%2F5%2F0%2Ff%2F50f31abb-64a4-401f-849c-d85b1e468a99.gif%3Fversion%3D638253702000000000%26amp%3Bwidth%3D128%26amp%3Bheight%3D128%26amp%3Bauto%3Dwebp%26amp%3Bformat%3Dpjpg","girl"
43,"White Plains vs Oxford",Girls Volleyball,"Alabama",9/21/2026,5:00pm,"The White Plains varsity volleyball team has an away non-conference match @  Oxford (AL) on Monday, September 21 @ 5p.","/al/volleyball/match/oxford-vs-white-plains-anniston/9-21-2026/?c=9b518af8-9920-4705-9dcd-7981b05ecdfd","https://www.maxpreps.com/al/volleyball/match/oxford-vs-white-plains-anniston/9-21-2026/?c=9b518af8-9920-4705-9dcd-7981b05ecdfd","/volleyball/al/c41?9/21/2026","White Plains","Wildcats","https://www.maxpreps.com/al/oxford/girls-volleyball/","https://www.maxpreps.com/al/white-plains-anniston/girls-volleyball/","https://hsfootball.net/proxy.php?url=https%3A%2F%2Fimage.maxpreps.io%2Fschool-mascot%2F9%2Fe%2Fc%2F9ec0074a-bc83-475e-868a-8e7911b4461c.gif%3Fversion%3D638253705600000000%26amp%3Bwidth%3D128%26amp%3Bheight%3D128%26amp%3Bauto%3Dwebp%26amp%3Bformat%3Dpjpg","https://hsfootball.net/proxy.php?url=https%3A%2F%2Fimage.maxpreps.io%2Fschool-mascot%2Fd%2Fa%2Fc%2Fdace9491-67bf-4dee-ba15-3a30f7c01206.gif%3Fversion%3D638253627600000000%26amp%3Bwidth%3D128%26amp%3Bheight%3D128%26amp%3Bauto%3Dwebp%26amp%3Bformat%3Dpjpg","girl"
44,"Edgewood Academy vs Hooper Academy",Girls Volleyball,"Alabama",9/21/2026,5:00pm,"The Edgewood Academy varsity volleyball team has an away conference match @  Hooper Academy (Hope Hull, AL) on Monday, September 21 @ 5p.","/al/volleyball/match/edgewood-academy-elmore-vs-hooper-academy-hope-hull/9-21-2026/?c=8474746b-d55d-4d6d-908b-bc82fa522e0c","https://www.maxpreps.com/al/volleyball/match/edgewood-academy-elmore-vs-hooper-academy-hope-hull/9-21-2026/?c=8474746b-d55d-4d6d-908b-bc82fa522e0c","/volleyball/al/138c?9/21/2026","Edgewood Academy","Wildcats","https://www.maxpreps.com/al/edgewood-academy-elmore/girls-volleyball/","https://www.maxpreps.com/al/hooper-academy-hope-hull/girls-volleyball/","https://hsfootball.net/proxy.php?url=https%3A%2F%2Fimage.maxpreps.io%2Fschool-mascot%2F3%2F5%2F3%2F353518ce-299e-47a0-9423-4585ad983a53.gif%3Fversion%3D635856982200000000%26amp%3Bwidth%3D128%26amp%3Bheight%3D128%26amp%3Bauto%3Dwebp%26amp%3Bformat%3Dpjpg","https://hsfootball.net/proxy.php?url=https%3A%2F%2Fimage.maxpreps.io%2Fschool-mascot%2F1%2Fa%2F5%2F1a564942-ce3e-4b50-96d9-a7a7b847ac96.gif%3Fversion%3D638876460136485060%26amp%3Bwidth%3D128%26amp%3Bheight%3D128%26amp%3Bauto%3Dwebp%26amp%3Bformat%3Dpjpg","girl"
45,"Crossville vs Etowah",Girls Volleyball,"Alabama",9/21/2026,5:00pm,"The Crossville varsity volleyball team has an away non-conference match @  Etowah (Attalla, AL) on Monday, September 21 @ 5p.","/al/volleyball/match/crossville-vs-etowah-attalla/9-21-2026/?c=68708823-2f9a-464a-84fa-0e6cdbc566e9","https://www.maxpreps.com/al/volleyball/match/crossville-vs-etowah-attalla/9-21-2026/?c=68708823-2f9a-464a-84fa-0e6cdbc566e9","/volleyball/al/b21?9/21/2026","Crossville","Lions","https://www.maxpreps.com/al/crossville/girls-volleyball/","https://www.maxpreps.com/al/etowah-attalla/girls-volleyball/","https://hsfootball.net/proxy.php?url=https%3A%2F%2Fimage.maxpreps.io%2Fschool-mascot%2Ff%2Fa%2F1%2Ffa1079bb-b055-423c-8d33-0e6550e5a963.gif%3Fversion%3D638215682400000000%26amp%3Bwidth%3D128%26amp%3Bheight%3D128%26amp%3Bauto%3Dwebp%26amp%3Bformat%3Dpjpg","https://hsfootball.net/proxy.php?url=https%3A%2F%2Fimage.maxpreps.io%2Fschool-mascot%2Ff%2Fc%2Fd%2Ffcd31af2-4aae-469a-8931-c37afb314d74.gif%3Fversion%3D638225147400000000%26amp%3Bwidth%3D128%26amp%3Bheight%3D128%26amp%3Bauto%3Dwebp%26amp%3Bformat%3Dpjpg","girl"
46,"Lauderdale County vs Madison County",Girls Volleyball,"Alabama",9/21/2026,5:00pm,"The Lauderdale County varsity volleyball team has a neutral non-conference match vs.  Madison County (Gurley, AL) on Monday, September 21 @ 5p.","/al/volleyball/match/lauderdale-county-rogersville-vs-madison-county-gurley/9-21-2026/?c=e780be56-9378-44dc-b06a-c63c23d1edee","https://www.maxpreps.com/al/volleyball/match/lauderdale-county-rogersville-vs-madison-county-gurley/9-21-2026/?c=e780be56-9378-44dc-b06a-c63c23d1edee","/volleyball/al/157f?9/21/2026","Lauderdale County","Tigers","https://www.maxpreps.com/al/lauderdale-county-rogersville/girls-volleyball/","https://www.maxpreps.com/al/madison-county-gurley/girls-volleyball/","https://hsfootball.net/proxy.php?url=https%3A%2F%2Fimage.maxpreps.io%2Fschool-mascot%2Fe%2F9%2F8%2Fe981bba3-21ca-4e4d-85e0-d794d5c66b2e.gif%3Fversion%3D638241478200000000%26amp%3Bwidth%3D128%26amp%3Bheight%3D128%26amp%3Bauto%3Dwebp%26amp%3Bformat%3Dpjpg","https://hsfootball.net/proxy.php?url=https%3A%2F%2Fimage.maxpreps.io%2Fschool-mascot%2F0%2Fa%2Fc%2F0ac2ad52-b78f-4bac-94af-fc55c60b10d4.gif%3Fversion%3D638241489600000000%26amp%3Bwidth%3D128%26amp%3Bheight%3D128%26amp%3Bauto%3Dwebp%26amp%3Bformat%3Dpjpg","girl"
47,"Samson vs Kinston",Girls Volleyball,"Alabama",9/21/2026,5:00pm,"The Samson varsity volleyball team has an away conference match @  Kinston (AL) on Monday, September 21 @ 5p.","/al/volleyball/match/kinston-vs-samson/9-21-2026/?c=a54e47f5-aacb-4c6c-a4e1-0fe4b690b722","https://www.maxpreps.com/al/volleyball/match/kinston-vs-samson/9-21-2026/?c=a54e47f5-aacb-4c6c-a4e1-0fe4b690b722","/volleyball/al/6da?9/21/2026","Samson","Tigers","https://www.maxpreps.com/al/kinston/girls-volleyball/","https://www.maxpreps.com/al/samson/girls-volleyball/","https://hsfootball.net/proxy.php?url=https%3A%2F%2Fimage.maxpreps.io%2Fschool-mascot%2Fe%2F8%2Fa%2Fe8a201ad-f9d5-4b3b-a06e-06e2fd7719fc.gif%3Fversion%3D638253671400000000%26amp%3Bwidth%3D128%26amp%3Bheight%3D128%26amp%3Bauto%3Dwebp%26amp%3Bformat%3Dpjpg","https://hsfootball.net/proxy.php?url=https%3A%2F%2Fimage.maxpreps.io%2Fschool-mascot%2F0%2Fa%2F2%2F0a260d61-63e4-42e2-bc7d-1cfa6d4e5a76.gif%3Fversion%3D638235461400000000%26amp%3Bwidth%3D128%26amp%3Bheight%3D128%26amp%3Bauto%3Dwebp%26amp%3Bformat%3Dpjpg","girl"
48,"Ashford vs Eufaula",Girls Volleyball,"Alabama",9/21/2026,5:15pm,"The Ashford varsity volleyball team has an away conference match @  Eufaula (AL) on Monday, September 21 @ 5:15p.","/al/volleyball/match/ashford-vs-eufaula/9-21-2026/?c=27198166-e458-453f-ad49-534654e75d64","https://www.maxpreps.com/al/volleyball/match/ashford-vs-eufaula/9-21-2026/?c=27198166-e458-453f-ad49-534654e75d64","/volleyball/al/70d?9/21/2026","Ashford","Yellowjackets","https://www.maxpreps.com/al/ashford/girls-volleyball/","https://www.maxpreps.com/al/eufaula/girls-volleyball/","https://hsfootball.net/proxy.php?url=https%3A%2F%2Fimage.maxpreps.io%2Fschool-mascot%2Fc%2Fd%2F4%2Fcd4dce7a-898a-4de7-b33d-b5b9bd91ee34.gif%3Fversion%3D638214839400000000%26amp%3Bwidth%3D128%26amp%3Bheight%3D128%26amp%3Bauto%3Dwebp%26amp%3Bformat%3Dpjpg","https://hsfootball.net/proxy.php?url=https%3A%2F%2Fimage.maxpreps.io%2Fschool-mascot%2F0%2F4%2F8%2F048939c4-ff03-4284-bafe-9a933f39c396.gif%3Fversion%3D638225147400000000%26amp%3Bwidth%3D128%26amp%3Bheight%3D128%26amp%3Bauto%3Dwebp%26amp%3Bformat%3Dpjpg","girl"
49,"Whitesburg Christian Academy vs Kingdom Heights Preparatory",Girls Volleyball,"Alabama",9/21/2026,5:30pm,"The Whitesburg Christian Academy varsity volleyball team has an away conference match @  Kingdom Heights Preparatory (Huntsville, AL) on Monday, September 21 @ 5:30p.","/al/volleyball/match/kingdom-heights-preparatory-huntsville-vs-whitesburg-christian-academy-huntsville/9-21-2026/?c=cdf492f7-fe9e-4588-9890-acdf18ede8b1","https://www.maxpreps.com/al/volleyball/match/kingdom-heights-preparatory-huntsville-vs-whitesburg-christian-academy-huntsville/9-21-2026/?c=cdf492f7-fe9e-4588-9890-acdf18ede8b1","/volleyball/al/2058?9/21/2026","Whitesburg Christian Academy","Warriors","https://www.maxpreps.com/al/kingdom-heights-preparatory-huntsville/girls-volleyball/","https://www.maxpreps.com/al/whitesburg-christian-academy-huntsville/girls-volleyball/","https://hsfootball.net/proxy.php?url=https%3A%2F%2Fimage.maxpreps.io%2Fschool-mascot%2Fe%2Fe%2F6%2Fee61beec-5102-4cfd-bf25-d431cfdc06ef.gif%3Fversion%3D638253705600000000%26amp%3Bwidth%3D128%26amp%3Bheight%3D128%26amp%3Bauto%3Dwebp%26amp%3Bformat%3Dpjpg","https://hsfootball.net/proxy.php?url=https%3A%2F%2Fimage.maxpreps.io%2Fschool-mascot%2Fd%2Fd%2F4%2Fdd4d7ba6-e663-49a3-902b-ca95e60891c8.gif%3Fversion%3D639050470031989910%26amp%3Bwidth%3D128%26amp%3Bheight%3D128%26amp%3Bauto%3Dwebp%26amp%3Bformat%3Dpjpg","girl"
50,"Florala vs Red Level",Girls Volleyball,"Alabama",9/21/2026,5:30pm,"The Florala varsity volleyball team has an away non-conference match @  Red Level (AL) on Monday, September 21 @ 5:30p.","/al/volleyball/match/florala-vs-red-level/9-21-2026/?c=6ec347ca-5858-4c49-b98e-9222cdf2fd7f","https://www.maxpreps.com/al/volleyball/match/florala-vs-red-level/9-21-2026/?c=6ec347ca-5858-4c49-b98e-9222cdf2fd7f","/volleyball/al/7a4?9/21/2026","Florala","Wildcats","https://www.maxpreps.com/al/florala/girls-volleyball/","https://www.maxpreps.com/al/red-level/girls-volleyball/","https://hsfootball.net/proxy.php?url=https%3A%2F%2Fimage.maxpreps.io%2Fschool-mascot%2Fd%2F8%2Ff%2Fd8fb40a6-ac4d-4b56-aafe-5bf85366f7f9.gif%3Fversion%3D638225170200000000%26amp%3Bwidth%3D128%26amp%3Bheight%3D128%26amp%3Bauto%3Dwebp%26amp%3Bformat%3Dpjpg","https://hsfootball.net/proxy.php?url=https%3A%2F%2Fimage.maxpreps.io%2Fschool-mascot%2Fe%2F5%2F6%2Fe568ac32-326a-447e-9a5b-47f8ec8d0ed4.gif%3Fversion%3D638253666000000000%26amp%3Bwidth%3D128%26amp%3Bheight%3D128%26amp%3Bauto%3Dwebp%26amp%3Bformat%3Dpjpg","girl"
51,"Jefferson Christian Academy vs Westminster School at Oak Mountain",Girls Volleyball,"Alabama",9/21/2026,5:30pm,"The Jefferson Christian Academy varsity volleyball team has an away non-conference match @  Westminster School at Oak Mountain (Birmingham, AL) on Monday, September 21 @ 5:30p.","/al/volleyball/match/jefferson-christian-academy-birmingham-vs-westminster-school-at-oak-mountain-birmingham/9-21-2026/?c=f53e058a-0be3-4632-b6b6-66d56c986cae","https://www.maxpreps.com/al/volleyball/match/jefferson-christian-academy-birmingham-vs-westminster-school-at-oak-mountain-birmingham/9-21-2026/?c=f53e058a-0be3-4632-b6b6-66d56c986cae","/volleyball/al/220a?9/21/2026","Jefferson Christian Academy","Eagles","https://www.maxpreps.com/al/jefferson-christian-academy-birmingham/girls-volleyball/","https://www.maxpreps.com/al/westminster-school-at-oak-mountain-birmingham/girls-volleyball/","https://hsfootball.net/proxy.php?url=https%3A%2F%2Fimage.maxpreps.io%2Fschool-mascot%2F3%2Fc%2Fd%2F3cd4ee80-737c-4be9-8692-73729ab4deac.gif%3Fversion%3D639050116489539220%26amp%3Bwidth%3D128%26amp%3Bheight%3D128%26amp%3Bauto%3Dwebp%26amp%3Bformat%3Dpjpg","https://hsfootball.net/proxy.php?url=https%3A%2F%2Fimage.maxpreps.io%2Fschool-mascot%2Fa%2Fa%2Fb%2Faab43ec4-0139-403f-ac62-b0571d238256.gif%3Fversion%3D637644369000000000%26amp%3Bwidth%3D128%26amp%3Bheight%3D128%26amp%3Bauto%3Dwebp%26amp%3Bformat%3Dpjpg","girl"
52,"Hanceville vs Cleveland",Girls Volleyball,"Alabama",9/21/2026,5:30pm,"The Hanceville varsity volleyball team has an away non-conference match @  Cleveland (AL) on Monday, September 21 @ 5:30p.","/al/volleyball/match/cleveland-vs-hanceville/9-21-2026/?c=2419cb6a-ee19-4ba0-9f06-33cd2f576184","https://www.maxpreps.com/al/volleyball/match/cleveland-vs-hanceville/9-21-2026/?c=2419cb6a-ee19-4ba0-9f06-33cd2f576184","/volleyball/al/90c?9/21/2026","Hanceville","Bulldogs","https://www.maxpreps.com/al/cleveland/girls-volleyball/","https://www.maxpreps.com/al/hanceville/girls-volleyball/","https://hsfootball.net/proxy.php?url=https%3A%2F%2Fimage.maxpreps.io%2Fschool-mascot%2F3%2Fc%2Fc%2F3cc553bc-6d69-4364-8f4f-10d9d4246ae9.gif%3Fversion%3D639210892101351620%26amp%3Bwidth%3D128%26amp%3Bheight%3D128%26amp%3Bauto%3Dwebp%26amp%3Bformat%3Dpjpg","https://hsfootball.net/proxy.php?url=https%3A%2F%2Fimage.maxpreps.io%2Fschool-mascot%2Fa%2F4%2Fe%2Fa4e05f92-7730-4c97-95bf-1bc4e9422e7b.gif%3Fversion%3D638215674000000000%26amp%3Bwidth%3D128%26amp%3Bheight%3D128%26amp%3Bauto%3Dwebp%26amp%3Bformat%3Dpjpg","girl"
53,"Elba vs Goshen",Girls Volleyball,"Alabama",9/21/2026,5:30pm,"The Elba varsity volleyball team has an away non-conference match @  Goshen (AL) on Monday, September 21 @ 5:30p.","/al/volleyball/match/elba-vs-goshen/9-21-2026/?c=2b28a45b-bcad-4c82-800a-04978c497faf","https://www.maxpreps.com/al/volleyball/match/elba-vs-goshen/9-21-2026/?c=2b28a45b-bcad-4c82-800a-04978c497faf","/volleyball/al/55b?9/21/2026","Elba","Tigers","https://www.maxpreps.com/al/elba/girls-volleyball/","https://www.maxpreps.com/al/goshen/girls-volleyball/","https://hsfootball.net/proxy.php?url=https%3A%2F%2Fimage.maxpreps.io%2Fschool-mascot%2Fa%2Fe%2Fe%2Faeeafb5f-cfda-488e-be8e-3fc5af631c10.gif%3Fversion%3D638216566200000000%26amp%3Bwidth%3D128%26amp%3Bheight%3D128%26amp%3Bauto%3Dwebp%26amp%3Bformat%3Dpjpg","https://hsfootball.net/proxy.php?url=https%3A%2F%2Fimage.maxpreps.io%2Fschool-mascot%2F3%2F9%2F2%2F392e0bae-fa8d-4c4c-a58d-11fac6c46cf0.gif%3Fversion%3D638229441600000000%26amp%3Bwidth%3D128%26amp%3Bheight%3D128%26amp%3Bauto%3Dwebp%26amp%3Bformat%3Dpjpg","girl"
54,"Praise Academy vs Central Christian",Girls Volleyball,"Alabama",9/21/2026,6:30pm,"The Praise Academy varsity volleyball team has an away conference match @  Central Christian (Sharpsburg, GA) on Monday, September 21 @ 6:30p.","/ga/volleyball/match/central-christian-sharpsburg-vs-praise-academy-powder-springs/9-21-2026/?c=b250065f-040f-471f-bb55-4dfb97dc03bb","https://www.maxpreps.com/ga/volleyball/match/central-christian-sharpsburg-vs-praise-academy-powder-springs/9-21-2026/?c=b250065f-040f-471f-bb55-4dfb97dc03bb","/volleyball/al/1802?9/21/2026","Praise Academy","Lions","https://www.maxpreps.com/al/central-christian-sharpsburg/girls-volleyball/","https://www.maxpreps.com/al/praise-academy-powder-springs/girls-volleyball/","https://hsfootball.net/proxy.php?url=https%3A%2F%2Fimage.maxpreps.io%2Fschool-mascot%2Ff%2Fe%2F6%2Ffe66e907-4280-440e-9c5b-d70d14067fd9.gif%3Fversion%3D639129577551336260%26amp%3Bwidth%3D128%26amp%3Bheight%3D128%26amp%3Bauto%3Dwebp%26amp%3Bformat%3Dpjpg","https://hsfootball.net/proxy.php?url=https%3A%2F%2Fimage.maxpreps.io%2Fschool-mascot%2F6%2Fe%2F8%2F6e88de6b-db5f-49a1-9630-0ba1fef2f963.gif%3Fversion%3D639179658555827900%26amp%3Bwidth%3D128%26amp%3Bheight%3D128%26amp%3Bauto%3Dwebp%26amp%3Bformat%3Dpjpg","girl"
55,"Maplesville vs Billingsley",Girls Volleyball,"Alabama",9/21/2026,5:30pm,"The Maplesville varsity volleyball team has an away conference match @  Billingsley (AL) on Monday, September 21 @ 5:30p.","/al/volleyball/match/billingsley-vs-maplesville/9-21-2026/?c=212ac1d5-8253-43b7-89e2-f36eefda7400","https://www.maxpreps.com/al/volleyball/match/billingsley-vs-maplesville/9-21-2026/?c=212ac1d5-8253-43b7-89e2-f36eefda7400","/volleyball/al/a7f?9/21/2026","Maplesville","Red Devils","https://www.maxpreps.com/al/billingsley/girls-volleyball/","https://www.maxpreps.com/al/maplesville/girls-volleyball/","https://hsfootball.net/proxy.php?url=https%3A%2F%2Fimage.maxpreps.io%2Fschool-mascot%2Ff%2F5%2F5%2Ff55d0fd1-189b-4ffd-900a-6d646e8cd6e7.gif%3Fversion%3D638241490200000000%26amp%3Bwidth%3D128%26amp%3Bheight%3D128%26amp%3Bauto%3Dwebp%26amp%3Bformat%3Dpjpg","https://hsfootball.net/proxy.php?url=https%3A%2F%2Fimage.maxpreps.io%2Fschool-mascot%2Fc%2F2%2F0%2Fc204c775-50c5-4048-aacc-1c576ff0efd3.gif%3Fversion%3D638234712000000000%26amp%3Bwidth%3D128%26amp%3Bheight%3D128%26amp%3Bauto%3Dwebp%26amp%3Bformat%3Dpjpg","girl"
56,"West Point vs Good Hope",Girls Volleyball,"Alabama",9/21/2026,5:30pm,"The West Point varsity volleyball team has an away conference match @  Good Hope (Cullman, AL) on Monday, September 21 @ 5:30p.","/al/volleyball/match/good-hope-cullman-vs-west-point-cullman/9-21-2026/?c=21b063b4-182c-4b73-970d-9d54c404d683","https://www.maxpreps.com/al/volleyball/match/good-hope-cullman-vs-west-point-cullman/9-21-2026/?c=21b063b4-182c-4b73-970d-9d54c404d683","/volleyball/al/f11?9/21/2026","West Point","Warriors","https://www.maxpreps.com/al/good-hope-cullman/girls-volleyball/","https://www.maxpreps.com/al/west-point-cullman/girls-volleyball/","https://hsfootball.net/proxy.php?url=https%3A%2F%2Fimage.maxpreps.io%2Fschool-mascot%2F6%2F2%2Fd%2F62d9303b-93c7-4190-8cc5-8c20e043a822.gif%3Fversion%3D638253704400000000%26amp%3Bwidth%3D128%26amp%3Bheight%3D128%26amp%3Bauto%3Dwebp%26amp%3Bformat%3Dpjpg","https://hsfootball.net/proxy.php?url=https%3A%2F%2Fimage.maxpreps.io%2Fschool-mascot%2F5%2F9%2F6%2F596d656b-7d91-45d4-ae31-287956f6a4b7.gif%3Fversion%3D638229440400000000%26amp%3Bwidth%3D128%26amp%3Bheight%3D128%26amp%3Bauto%3Dwebp%26amp%3Bformat%3Dpjpg","girl"
57,"Midfield vs Vincent",Girls Volleyball,"Alabama",9/21/2026,5:30pm,"The Midfield varsity volleyball team has an away non-conference match @  Vincent (AL) on Monday, September 21 @ 5:30p.","/al/volleyball/match/midfield-vs-vincent/9-21-2026/?c=ec7de2cf-082b-4129-ab88-b4c9203af605","https://www.maxpreps.com/al/volleyball/match/midfield-vs-vincent/9-21-2026/?c=ec7de2cf-082b-4129-ab88-b4c9203af605","/volleyball/al/778?9/21/2026","Midfield","Patriots","https://www.maxpreps.com/al/midfield/girls-volleyball/","https://www.maxpreps.com/al/vincent/girls-volleyball/","https://hsfootball.net/proxy.php?url=https%3A%2F%2Fimage.maxpreps.io%2Fschool-mascot%2Fa%2F2%2F1%2Fa21f782d-dbad-4a88-b9e2-2b2292c96cb3.gif%3Fversion%3D638241474000000000%26amp%3Bwidth%3D128%26amp%3Bheight%3D128%26amp%3Bauto%3Dwebp%26amp%3Bformat%3Dpjpg","https://hsfootball.net/proxy.php?url=https%3A%2F%2Fimage.maxpreps.io%2Fschool-mascot%2Fc%2Fa%2F9%2Fca937fc2-af2a-4fed-9601-f49e5e3d7cf2.gif%3Fversion%3D638253700800000000%26amp%3Bwidth%3D128%26amp%3Bheight%3D128%26amp%3Bauto%3Dwebp%26amp%3Bformat%3Dpjpg","girl"
58,"Oakman vs Winfield",Girls Volleyball,"Alabama",9/21/2026,5:30pm,"The Oakman varsity volleyball team has an away conference match @  Winfield (AL) on Monday, September 21 @ 5:30p.","/al/volleyball/match/oakman-vs-winfield/9-21-2026/?c=89b47b44-060c-4f89-945d-c038022574e8","https://www.maxpreps.com/al/volleyball/match/oakman-vs-winfield/9-21-2026/?c=89b47b44-060c-4f89-945d-c038022574e8","/volleyball/al/70c?9/21/2026","Oakman","Wildcats","https://www.maxpreps.com/al/oakman/girls-volleyball/","https://www.maxpreps.com/al/winfield/girls-volleyball/","https://hsfootball.net/proxy.php?url=https%3A%2F%2Fimage.maxpreps.io%2Fschool-mascot%2Fb%2F6%2F6%2Fb6653353-9714-4ee1-8b40-ff1924cb8557.gif%3Fversion%3D638253624000000000%26amp%3Bwidth%3D128%26amp%3Bheight%3D128%26amp%3Bauto%3Dwebp%26amp%3Bformat%3Dpjpg","https://hsfootball.net/proxy.php?url=https%3A%2F%2Fimage.maxpreps.io%2Fschool-mascot%2Fe%2F4%2F1%2Fe4128b39-2bc3-4665-94fe-30fbdfb65bf2.gif%3Fversion%3D638253706800000000%26amp%3Bwidth%3D128%26amp%3Bheight%3D128%26amp%3Bauto%3Dwebp%26amp%3Bformat%3Dpjpg","girl"
59,"Corner vs Cordova",Girls Volleyball,"Alabama",9/21/2026,5:30pm,"The Corner varsity volleyball team has an away non-conference match @  Cordova (AL) on Monday, September 21 @ 5:30p.","/al/volleyball/match/cordova-vs-corner-warrior/9-21-2026/?c=0aa0e6fb-304e-428a-b7b0-c950eab17e66","https://www.maxpreps.com/al/volleyball/match/cordova-vs-corner-warrior/9-21-2026/?c=0aa0e6fb-304e-428a-b7b0-c950eab17e66","/volleyball/al/9ed?9/21/2026","Corner","Yellow Jackets","https://www.maxpreps.com/al/cordova/girls-volleyball/","https://www.maxpreps.com/al/corner-warrior/girls-volleyball/","https://hsfootball.net/proxy.php?url=https%3A%2F%2Fimage.maxpreps.io%2Fschool-mascot%2Fd%2F1%2F8%2Fd18dd579-86c0-40af-8051-0c7160714472.gif%3Fversion%3D638215680600000000%26amp%3Bwidth%3D128%26amp%3Bheight%3D128%26amp%3Bauto%3Dwebp%26amp%3Bformat%3Dpjpg","https://hsfootball.net/proxy.php?url=https%3A%2F%2Fimage.maxpreps.io%2Fschool-mascot%2F7%2F3%2Fb%2F73bb7f0d-6627-4c56-8830-0de084d36e9e.gif%3Fversion%3D638215678800000000%26amp%3Bwidth%3D128%26amp%3Bheight%3D128%26amp%3Bauto%3Dwebp%26amp%3Bformat%3Dpjpg","girl"
60,"East Limestone vs Columbia",Girls Volleyball,"Alabama",9/21/2026,5:30pm,"The East Limestone varsity volleyball team has an away conference match @  Columbia (Huntsville, AL) on Monday, September 21 @ 5:30p.","/al/volleyball/match/columbia-huntsville-vs-east-limestone-athens/9-21-2026/?c=2d18dfa9-64d1-4ad1-b388-81c560dbf310","https://www.maxpreps.com/al/volleyball/match/columbia-huntsville-vs-east-limestone-athens/9-21-2026/?c=2d18dfa9-64d1-4ad1-b388-81c560dbf310","/volleyball/al/1164?9/21/2026","East Limestone","Indians","https://www.maxpreps.com/al/columbia-huntsville/girls-volleyball/","https://www.maxpreps.com/al/east-limestone-athens/girls-volleyball/","https://hsfootball.net/proxy.php?url=https%3A%2F%2Fimage.maxpreps.io%2Fschool-mascot%2Fe%2F4%2Fa%2Fe4a656d7-35f2-4080-ac47-17bd182a5689.gif%3Fversion%3D638216566200000000%26amp%3Bwidth%3D128%26amp%3Bheight%3D128%26amp%3Bauto%3Dwebp%26amp%3Bformat%3Dpjpg","https://hsfootball.net/proxy.php?url=https%3A%2F%2Fimage.maxpreps.io%2Fschool-mascot%2F8%2F9%2F3%2F8934d4fd-0edd-4a86-9fa3-069ab338aa6a.gif%3Fversion%3D638352797400000000%26amp%3Bwidth%3D128%26amp%3Bheight%3D128%26amp%3Bauto%3Dwebp%26amp%3Bformat%3Dpjpg","girl"
61,"Montevallo vs Dallas County",Girls Volleyball,"Alabama",9/21/2026,5:30pm,"The Montevallo varsity volleyball team has an away non-conference match @  Dallas County (Plantersville, AL) on Monday, September 21 @ 5:30p.","/al/volleyball/match/dallas-county-plantersville-vs-montevallo/9-21-2026/?c=e3593f7f-5119-4670-b9d6-22688261cc84","https://www.maxpreps.com/al/volleyball/match/dallas-county-plantersville-vs-montevallo/9-21-2026/?c=e3593f7f-5119-4670-b9d6-22688261cc84","/volleyball/al/1076?9/21/2026","Montevallo","Bulldogs","https://www.maxpreps.com/al/dallas-county-plantersville/girls-volleyball/","https://www.maxpreps.com/al/montevallo/girls-volleyball/","https://hsfootball.net/proxy.php?url=https%3A%2F%2Fimage.maxpreps.io%2Fschool-mascot%2F8%2F3%2Fd%2F83d10d7e-62fa-4525-b5ed-2138e025a9df.gif%3Fversion%3D638241475200000000%26amp%3Bwidth%3D128%26amp%3Bheight%3D128%26amp%3Bauto%3Dwebp%26amp%3Bformat%3Dpjpg","https://hsfootball.net/proxy.php?url=https%3A%2F%2Fimage.maxpreps.io%2Fschool-mascot%2Fa%2Fa%2F7%2Faa76ad36-6c2d-48b3-a527-0b4b28194999.gif%3Fversion%3D638309847600000000%26amp%3Bwidth%3D128%26amp%3Bheight%3D128%26amp%3Bauto%3Dwebp%26amp%3Bformat%3Dpjpg","girl"
62,"Enterprise vs Carver Montgomery",Girls Volleyball,"Alabama",9/21/2026,5:30pm,"The Enterprise varsity volleyball team has an away conference match @  Carver Montgomery (Montgomery, AL) on Monday, September 21 @ 5:30p.","/al/volleyball/match/carver-montgomery-vs-enterprise/9-21-2026/?c=d166564d-36de-4f28-849e-f9fe7a233737","https://www.maxpreps.com/al/volleyball/match/carver-montgomery-vs-enterprise/9-21-2026/?c=d166564d-36de-4f28-849e-f9fe7a233737","/volleyball/al/c85?9/21/2026","Enterprise","Wildcats","https://www.maxpreps.com/al/carver-montgomery/girls-volleyball/","https://www.maxpreps.com/al/enterprise/girls-volleyball/","https://hsfootball.net/proxy.php?url=https%3A%2F%2Fimage.maxpreps.io%2Fschool-mascot%2F4%2F4%2F1%2F441784f2-e2af-4f3e-ab22-1d359ab28037.gif%3Fversion%3D638217273000000000%26amp%3Bwidth%3D128%26amp%3Bheight%3D128%26amp%3Bauto%3Dwebp%26amp%3Bformat%3Dpjpg","https://hsfootball.net/proxy.php?url=https%3A%2F%2Fimage.maxpreps.io%2Fschool-mascot%2Fd%2F3%2F4%2Fd34b7fc1-5fff-4b6f-8469-64b44ad1bbda.gif%3Fversion%3D638215522200000000%26amp%3Bwidth%3D128%26amp%3Bheight%3D128%26amp%3Bauto%3Dwebp%26amp%3Bformat%3Dpjpg","girl"
63,"Cherokee vs Red Bay",Girls Volleyball,"Alabama",9/21/2026,5:30pm,"The Cherokee varsity volleyball team has an away non-conference match @  Red Bay (AL) on Monday, September 21 @ 5:30p.","/al/volleyball/match/cherokee-vs-red-bay/9-21-2026/?c=061584bc-7e56-4730-bcc1-19efeb761d58","https://www.maxpreps.com/al/volleyball/match/cherokee-vs-red-bay/9-21-2026/?c=061584bc-7e56-4730-bcc1-19efeb761d58","/volleyball/al/72d?9/21/2026","Cherokee","Indians","https://www.maxpreps.com/al/cherokee/girls-volleyball/","https://www.maxpreps.com/al/red-bay/girls-volleyball/","https://hsfootball.net/proxy.php?url=https%3A%2F%2Fimage.maxpreps.io%2Fschool-mascot%2F2%2F8%2F4%2F2848efb5-d1f5-4166-a438-9a421b4d6695.gif%3Fversion%3D638215526400000000%26amp%3Bwidth%3D128%26amp%3Bheight%3D128%26amp%3Bauto%3Dwebp%26amp%3Bformat%3Dpjpg","https://hsfootball.net/proxy.php?url=https%3A%2F%2Fimage.maxpreps.io%2Fschool-mascot%2F5%2F9%2F7%2F59717cd2-ccbc-42a6-a35e-8f9edd8a68bb.gif%3Fversion%3D638253666000000000%26amp%3Bwidth%3D128%26amp%3Bheight%3D128%26amp%3Bauto%3Dwebp%26amp%3Bformat%3Dpjpg","girl"
64,"Southside vs Fort Payne",Girls Volleyball,"Alabama",9/21/2026,5:30pm,"The Southside varsity volleyball team has an away non-conference match @  Fort Payne (AL) on Monday, September 21 @ 5:30p.","/al/volleyball/match/fort-payne-vs-southside-gadsden/9-21-2026/?c=ebcddb04-570b-475d-8482-b7e10fd89dcb","https://www.maxpreps.com/al/volleyball/match/fort-payne-vs-southside-gadsden/9-21-2026/?c=ebcddb04-570b-475d-8482-b7e10fd89dcb","/volleyball/al/c23?9/21/2026","Southside","Panthers","https://www.maxpreps.com/al/fort-payne/girls-volleyball/","https://www.maxpreps.com/al/southside-gadsden/girls-volleyball/","https://hsfootball.net/proxy.php?url=https%3A%2F%2Fimage.maxpreps.io%2Fschool-mascot%2Fd%2F9%2F2%2Fd92b2e88-609c-494d-957b-0d15dad3d54f.gif%3Fversion%3D638253692400000000%26amp%3Bwidth%3D128%26amp%3Bheight%3D128%26amp%3Bauto%3Dwebp%26amp%3Bformat%3Dpjpg","https://hsfootball.net/proxy.php?url=https%3A%2F%2Fimage.maxpreps.io%2Fschool-mascot%2F4%2F6%2F7%2F46788e2b-5452-42b4-a778-875da1363030.gif%3Fversion%3D638225175000000000%26amp%3Bwidth%3D128%26amp%3Bheight%3D128%26amp%3Bauto%3Dwebp%26amp%3Bformat%3Dpjpg","girl"
65,"Saint James vs Wetumpka",Girls Volleyball,"Alabama",9/21/2026,5:30pm,"The Saint James varsity volleyball team has an away non-conference match @  Wetumpka (AL) on Monday, September 21 @ 5:30p.","/al/volleyball/match/saint-james-montgomery-vs-wetumpka/9-21-2026/?c=def9449d-06f8-4c3a-9ded-c9c7725ebbd7","https://www.maxpreps.com/al/volleyball/match/saint-james-montgomery-vs-wetumpka/9-21-2026/?c=def9449d-06f8-4c3a-9ded-c9c7725ebbd7","/volleyball/al/d8b?9/21/2026","Saint James","Trojans","https://www.maxpreps.com/al/saint-james-montgomery/girls-volleyball/","https://www.maxpreps.com/al/wetumpka/girls-volleyball/","https://hsfootball.net/proxy.php?url=https%3A%2F%2Fimage.maxpreps.io%2Fschool-mascot%2F0%2Fa%2F4%2F0a45dc11-2cda-4898-9121-1f12bb4253c7.gif%3Fversion%3D638249398200000000%26amp%3Bwidth%3D128%26amp%3Bheight%3D128%26amp%3Bauto%3Dwebp%26amp%3Bformat%3Dpjpg","https://hsfootball.net/proxy.php?url=https%3A%2F%2Fimage.maxpreps.io%2Fschool-mascot%2Fd%2F3%2Fd%2Fd3ddadf3-9608-4616-9493-e1be2963c538.gif%3Fversion%3D638253705000000000%26amp%3Bwidth%3D128%26amp%3Bheight%3D128%26amp%3Bauto%3Dwebp%26amp%3Bformat%3Dpjpg","girl"
66,"East Central HomeSchool vs Tuscaloosa Home Educators",Girls Volleyball,"Alabama",9/21/2026,5:30pm,"The East Central HomeSchool varsity volleyball team has an away conference match @  Tuscaloosa Home Educators (Northport, AL) on Monday, September 21 @ 5:30p.","/al/volleyball/match/east-central-homeschool-patriots-pinson-vs-tuscaloosa-home-educators-northport/9-21-2026/?c=8d35532c-e997-4644-ac08-2fd807e6cb47","https://www.maxpreps.com/al/volleyball/match/east-central-homeschool-patriots-pinson-vs-tuscaloosa-home-educators-northport/9-21-2026/?c=8d35532c-e997-4644-ac08-2fd807e6cb47","/volleyball/al/1ef3?9/21/2026","East Central HomeSchool","Patriots","https://www.maxpreps.com/al/east-central-homeschool-patriots-pinson/girls-volleyball/","https://www.maxpreps.com/al/tuscaloosa-home-educators-northport/girls-volleyball/","https://hsfootball.net/proxy.php?url=https%3A%2F%2Fimage.maxpreps.io%2Fschool-mascot%2F0%2Fe%2F7%2F0e742038-4c50-4773-8452-730811010183.gif%3Fversion%3D638972829318793880%26amp%3Bwidth%3D128%26amp%3Bheight%3D128%26amp%3Bauto%3Dwebp%26amp%3Bformat%3Dpjpg","https://hsfootball.net/proxy.php?url=https%3A%2F%2Fimage.maxpreps.io%2Fschool-mascot%2Ff%2F5%2Fb%2Ff5b3f16f-38b1-4e93-aa99-8811510ebd8a.gif%3Fversion%3D637342123200000000%26amp%3Bwidth%3D128%26amp%3Bheight%3D128%26amp%3Bauto%3Dwebp%26amp%3Bformat%3Dpjpg","girl"
67,"Arab vs Cullman",Girls Volleyball,"Alabama",9/21/2026,5:30pm,"The Arab varsity volleyball team has an away non-conference match @  Cullman (AL) on Monday, September 21 @ 5:30p.","/al/volleyball/match/arab-vs-cullman/9-21-2026/?c=18b5c15f-1745-4ce0-a393-d0a2fe69f95e","https://www.maxpreps.com/al/volleyball/match/arab-vs-cullman/9-21-2026/?c=18b5c15f-1745-4ce0-a393-d0a2fe69f95e","/volleyball/al/5c5?9/21/2026","Arab","Knights","https://www.maxpreps.com/al/arab/girls-volleyball/","https://www.maxpreps.com/al/cullman/girls-volleyball/","https://hsfootball.net/proxy.php?url=https%3A%2F%2Fimage.maxpreps.io%2Fschool-mascot%2F6%2F7%2F0%2F670d85aa-6301-44c5-90bc-e8089f42f4ea.gif%3Fversion%3D638212996800000000%26amp%3Bwidth%3D128%26amp%3Bheight%3D128%26amp%3Bauto%3Dwebp%26amp%3Bformat%3Dpjpg","https://hsfootball.net/proxy.php?url=https%3A%2F%2Fimage.maxpreps.io%2Fschool-mascot%2F0%2Fc%2Fd%2F0cd8f567-c93c-4d5c-9adc-1251318a64a7.gif%3Fversion%3D638215683000000000%26amp%3Bwidth%3D128%26amp%3Bheight%3D128%26amp%3Bauto%3Dwebp%26amp%3Bformat%3Dpjpg","girl"
68,"Pelham vs Calera",Girls Volleyball,"Alabama",9/21/2026,5:30pm,"The Pelham varsity volleyball team has an away conference match @  Calera (AL) on Monday, September 21 @ 5:30p.","/al/volleyball/match/calera-vs-pelham/9-21-2026/?c=008bfaba-21f5-4390-9037-2ea82286ed67","https://www.maxpreps.com/al/volleyball/match/calera-vs-pelham/9-21-2026/?c=008bfaba-21f5-4390-9037-2ea82286ed67","/volleyball/al/622?9/21/2026","Pelham","Panthers","https://www.maxpreps.com/al/calera/girls-volleyball/","https://www.maxpreps.com/al/pelham/girls-volleyball/","https://hsfootball.net/proxy.php?url=https%3A%2F%2Fimage.maxpreps.io%2Fschool-mascot%2F1%2Fb%2Fc%2F1bcb1cf3-26dd-4fad-bf75-b3510a22100f.gif%3Fversion%3D638253629400000000%26amp%3Bwidth%3D128%26amp%3Bheight%3D128%26amp%3Bauto%3Dwebp%26amp%3Bformat%3Dpjpg","https://hsfootball.net/proxy.php?url=https%3A%2F%2Fimage.maxpreps.io%2Fschool-mascot%2F1%2Fc%2F3%2F1c3918da-dc90-46d3-9497-3a69a85402b3.gif%3Fversion%3D638215520400000000%26amp%3Bwidth%3D128%26amp%3Bheight%3D128%26amp%3Bauto%3Dwebp%26amp%3Bformat%3Dpjpg","girl"
69,"Stanhope Elmore vs Russell County",Girls Volleyball,"Alabama",9/21/2026,5:30pm,"The Stanhope Elmore varsity volleyball team has an away conference match @  Russell County (Seale, AL) on Monday, September 21 @ 5:30p.","/al/volleyball/match/russell-county-seale-vs-stanhope-elmore-millbrook/9-21-2026/?c=2ab28f8e-3c78-42a1-9bf4-144aa07a0f93","https://www.maxpreps.com/al/volleyball/match/russell-county-seale-vs-stanhope-elmore-millbrook/9-21-2026/?c=2ab28f8e-3c78-42a1-9bf4-144aa07a0f93","/volleyball/al/135e?9/21/2026","Stanhope Elmore","Mustangs","https://www.maxpreps.com/al/russell-county-seale/girls-volleyball/","https://www.maxpreps.com/al/stanhope-elmore-millbrook/girls-volleyball/","https://hsfootball.net/proxy.php?url=https%3A%2F%2Fimage.maxpreps.io%2Fschool-mascot%2F0%2Ff%2F8%2F0f83c812-267f-496c-a0fc-70dfc7d9e248.gif%3Fversion%3D638249398800000000%26amp%3Bwidth%3D128%26amp%3Bheight%3D128%26amp%3Bauto%3Dwebp%26amp%3Bformat%3Dpjpg","https://hsfootball.net/proxy.php?url=https%3A%2F%2Fimage.maxpreps.io%2Fschool-mascot%2F8%2Fd%2F4%2F8d4f9f05-7fe2-4eaf-abaa-775ecc8d34dd.gif%3Fversion%3D638253670200000000%26amp%3Bwidth%3D128%26amp%3Bheight%3D128%26amp%3Bauto%3Dwebp%26amp%3Bformat%3Dpjpg","girl"
70,"Randolph County vs Handley",Girls Volleyball,"Alabama",9/21/2026,5:30pm,"The Randolph County varsity volleyball team has an away non-conference match @  Handley (Roanoke, AL) on Monday, September 21 @ 5:30p.","/al/volleyball/match/handley-roanoke-vs-randolph-county-wedowee/9-21-2026/?c=4252966b-1737-470a-ac8e-c467c9329ad4","https://www.maxpreps.com/al/volleyball/match/handley-roanoke-vs-randolph-county-wedowee/9-21-2026/?c=4252966b-1737-470a-ac8e-c467c9329ad4","/volleyball/al/1088?9/21/2026","Randolph County","Tigers","https://www.maxpreps.com/al/handley-roanoke/girls-volleyball/","https://www.maxpreps.com/al/randolph-county-wedowee/girls-volleyball/","https://hsfootball.net/proxy.php?url=https%3A%2F%2Fimage.maxpreps.io%2Fschool-mascot%2F1%2F7%2F2%2F172e4833-fdc1-4148-9480-5f8a5acc474b.gif%3Fversion%3D638253665400000000%26amp%3Bwidth%3D128%26amp%3Bheight%3D128%26amp%3Bauto%3Dwebp%26amp%3Bformat%3Dpjpg","https://hsfootball.net/proxy.php?url=https%3A%2F%2Fimage.maxpreps.io%2Fschool-mascot%2Ff%2F8%2F5%2Ff8569ebf-eba1-42ba-b198-699046f3d2cd.gif%3Fversion%3D638234679000000000%26amp%3Bwidth%3D128%26amp%3Bheight%3D128%26amp%3Bauto%3Dwebp%26amp%3Bformat%3Dpjpg","girl"
71,"Lexington vs Brooks",Girls Volleyball,"Alabama",9/21/2026,5:30pm,"The Lexington varsity volleyball team has an away non-conference match @  Brooks (Killen, AL) on Monday, September 21 @ 5:30p.","/al/volleyball/match/brooks-killen-vs-lexington/9-21-2026/?c=345ed8b7-db32-4a7c-9a6c-9f8d881227d6","https://www.maxpreps.com/al/volleyball/match/brooks-killen-vs-lexington/9-21-2026/?c=345ed8b7-db32-4a7c-9a6c-9f8d881227d6","/volleyball/al/a57?9/21/2026","Lexington","Golden Bears","https://www.maxpreps.com/al/brooks-killen/girls-volleyball/","https://www.maxpreps.com/al/lexington/girls-volleyball/","https://hsfootball.net/proxy.php?url=https%3A%2F%2Fimage.maxpreps.io%2Fschool-mascot%2F1%2F9%2F9%2F19994771-86aa-4c2a-bbb8-8713f44351ae.gif%3Fversion%3D638241485400000000%26amp%3Bwidth%3D128%26amp%3Bheight%3D128%26amp%3Bauto%3Dwebp%26amp%3Bformat%3Dpjpg","https://hsfootball.net/proxy.php?url=https%3A%2F%2Fimage.maxpreps.io%2Fschool-mascot%2Fe%2F4%2F0%2Fe40168ce-4b67-4e81-be45-a9a3bc63a7d1.gif%3Fversion%3D636626554800000000%26amp%3Bwidth%3D128%26amp%3Bheight%3D128%26amp%3Bauto%3Dwebp%26amp%3Bformat%3Dpjpg","girl"
72,"Zion Chapel vs Geneva County",Girls Volleyball,"Alabama",9/21/2026,5:30pm,"The Zion Chapel varsity volleyball team has an away non-conference match @  Geneva County (Hartford, AL) on Monday, September 21 @ 5:30p.","/al/volleyball/match/geneva-county-hartford-vs-zion-chapel-jack/9-21-2026/?c=ad06c560-1b3c-4297-8fcf-68492d07c995","https://www.maxpreps.com/al/volleyball/match/geneva-county-hartford-vs-zion-chapel-jack/9-21-2026/?c=ad06c560-1b3c-4297-8fcf-68492d07c995","/volleyball/al/102f?9/21/2026","Zion Chapel","Rebels","https://www.maxpreps.com/al/geneva-county-hartford/girls-volleyball/","https://www.maxpreps.com/al/zion-chapel-jack/girls-volleyball/","https://hsfootball.net/proxy.php?url=https%3A%2F%2Fimage.maxpreps.io%2Fschool-mascot%2F2%2F5%2Ff%2F25fdaebd-5e85-4607-944e-9b6556f017f2.gif%3Fversion%3D638253708000000000%26amp%3Bwidth%3D128%26amp%3Bheight%3D128%26amp%3Bauto%3Dwebp%26amp%3Bformat%3Dpjpg","https://hsfootball.net/proxy.php?url=https%3A%2F%2Fimage.maxpreps.io%2Fschool-mascot%2F1%2Fa%2F9%2F1a9f4b23-04af-456a-85ce-49943b2a0a10.gif%3Fversion%3D638229438600000000%26amp%3Bwidth%3D128%26amp%3Bheight%3D128%26amp%3Bauto%3Dwebp%26amp%3Bformat%3Dpjpg","girl"
73,"Belgreen vs Cherokee",Girls Volleyball,"Alabama",9/21/2026,5:30pm,"The Belgreen varsity volleyball team has an away conference match @  Cherokee (AL) on Monday, September 21 @ 5:30p.","/al/volleyball/match/belgreen-russellville-vs-cherokee/9-21-2026/?c=8952ca3d-0ec7-411d-95a8-652e6a3ed5ad","https://www.maxpreps.com/al/volleyball/match/belgreen-russellville-vs-cherokee/9-21-2026/?c=8952ca3d-0ec7-411d-95a8-652e6a3ed5ad","/volleyball/al/d20?9/21/2026","Belgreen","Bulldogs","https://www.maxpreps.com/al/belgreen-russellville/girls-volleyball/","https://www.maxpreps.com/al/cherokee/girls-volleyball/","https://hsfootball.net/proxy.php?url=https%3A%2F%2Fimage.maxpreps.io%2Fschool-mascot%2F2%2Fd%2Fd%2F2dd87d18-3512-435f-8d78-7dac26fec5e8.gif%3Fversion%3D638213107200000000%26amp%3Bwidth%3D128%26amp%3Bheight%3D128%26amp%3Bauto%3Dwebp%26amp%3Bformat%3Dpjpg","https://hsfootball.net/proxy.php?url=https%3A%2F%2Fimage.maxpreps.io%2Fschool-mascot%2F2%2F8%2F4%2F2848efb5-d1f5-4166-a438-9a421b4d6695.gif%3Fversion%3D638215526400000000%26amp%3Bwidth%3D128%26amp%3Bheight%3D128%26amp%3Bauto%3Dwebp%26amp%3Bformat%3Dpjpg","girl"
74,"Woodville vs Scottsboro",Girls Volleyball,"Alabama",9/21/2026,5:30pm,"The Woodville varsity volleyball team has an away non-conference match @  Scottsboro (AL) on Monday, September 21 @ 5:30p.","/al/volleyball/match/scottsboro-vs-woodville/9-21-2026/?c=f586916d-dc2f-43ee-95ad-cbced94aa198","https://www.maxpreps.com/al/volleyball/match/scottsboro-vs-woodville/9-21-2026/?c=f586916d-dc2f-43ee-95ad-cbced94aa198","/volleyball/al/96a?9/21/2026","Woodville","Panthers","https://www.maxpreps.com/al/scottsboro/girls-volleyball/","https://www.maxpreps.com/al/woodville/girls-volleyball/","https://hsfootball.net/proxy.php?url=https%3A%2F%2Fimage.maxpreps.io%2Fschool-mascot%2F4%2Fb%2F1%2F4b1e228e-d922-40d6-afc0-d5259b58c235.gif%3Fversion%3D638253708000000000%26amp%3Bwidth%3D128%26amp%3Bheight%3D128%26amp%3Bauto%3Dwebp%26amp%3Bformat%3Dpjpg","https://hsfootball.net/proxy.php?url=https%3A%2F%2Fimage.maxpreps.io%2Fschool-mascot%2F1%2Fe%2F4%2F1e4ba09c-4623-4c6d-ad61-c72093359d97.gif%3Fversion%3D638253673200000000%26amp%3Bwidth%3D128%26amp%3Bheight%3D128%26amp%3Bauto%3Dwebp%26amp%3Bformat%3Dpjpg","girl"
75,"Westbrook Christian vs Jacksonville Christian Academy",Girls Volleyball,"Alabama",9/21/2026,5:30pm,"The Westbrook Christian varsity volleyball team has an away non-conference match @  Jacksonville Christian Academy (Jacksonville, AL) on Monday, September 21 @ 5:30p.","/al/volleyball/match/jacksonville-christian-academy-vs-westbrook-christian-rainbow-city/9-21-2026/?c=470c1778-c448-417c-bca9-5616f611d5c3","https://www.maxpreps.com/al/volleyball/match/jacksonville-christian-academy-vs-westbrook-christian-rainbow-city/9-21-2026/?c=470c1778-c448-417c-bca9-5616f611d5c3","/volleyball/al/1a12?9/21/2026","Westbrook Christian","Warriors","https://www.maxpreps.com/al/jacksonville-christian-academy/girls-volleyball/","https://www.maxpreps.com/al/westbrook-christian-rainbow-city/girls-volleyball/","https://hsfootball.net/proxy.php?url=https%3A%2F%2Fimage.maxpreps.io%2Fschool-mascot%2F1%2F6%2F3%2F16373725-3c4b-436f-a68e-53d0e42fe856.gif%3Fversion%3D638253704400000000%26amp%3Bwidth%3D128%26amp%3Bheight%3D128%26amp%3Bauto%3Dwebp%26amp%3Bformat%3Dpjpg","https://hsfootball.net/proxy.php?url=https%3A%2F%2Fimage.maxpreps.io%2Fschool-mascot%2F0%2F5%2Ff%2F05f63585-5f74-44ed-a824-08c1c713f16a.gif%3Fversion%3D638235459600000000%26amp%3Bwidth%3D128%26amp%3Bheight%3D128%26amp%3Bauto%3Dwebp%26amp%3Bformat%3Dpjpg","girl"
76,"Brantley vs Luverne",Girls Volleyball,"Alabama",9/21/2026,5:30pm,"The Brantley varsity volleyball team has an away non-conference match @  Luverne (AL) on Monday, September 21 @ 5:30p.","/al/volleyball/match/brantley-vs-luverne/9-21-2026/?c=67884f40-b183-419a-8791-36fef7eed82a","https://www.maxpreps.com/al/volleyball/match/brantley-vs-luverne/9-21-2026/?c=67884f40-b183-419a-8791-36fef7eed82a","/volleyball/al/7a5?9/21/2026","Brantley","Bulldogs","https://www.maxpreps.com/al/brantley/girls-volleyball/","https://www.maxpreps.com/al/luverne/girls-volleyball/","https://hsfootball.net/proxy.php?url=https%3A%2F%2Fimage.maxpreps.io%2Fschool-mascot%2F4%2F0%2F4%2F4048f3b6-771b-4cb7-80db-0ee531edef50.gif%3Fversion%3D638213111400000000%26amp%3Bwidth%3D128%26amp%3Bheight%3D128%26amp%3Bauto%3Dwebp%26amp%3Bformat%3Dpjpg","https://hsfootball.net/proxy.php?url=https%3A%2F%2Fimage.maxpreps.io%2Fschool-mascot%2Fe%2Fe%2Fe%2Feeeb2567-bde9-414e-888e-b68e25797fc8.gif%3Fversion%3D638241488400000000%26amp%3Bwidth%3D128%26amp%3Bheight%3D128%26amp%3Bauto%3Dwebp%26amp%3Bformat%3Dpjpg","girl"
77,"Sipsey Valley vs Holy Spirit Catholic",Girls Volleyball,"Alabama",9/21/2026,5:30pm,"The Sipsey Valley varsity volleyball team has an away non-conference match @  Holy Spirit Catholic (Tuscaloosa, AL) on Monday, September 21 @ 5:30p.","/al/volleyball/match/holy-spirit-catholic-tuscaloosa-vs-sipsey-valley-buhl/9-21-2026/?c=491a8754-f1b2-4240-83f7-8013e3cb8569","https://www.maxpreps.com/al/volleyball/match/holy-spirit-catholic-tuscaloosa-vs-sipsey-valley-buhl/9-21-2026/?c=491a8754-f1b2-4240-83f7-8013e3cb8569","/volleyball/al/14d5?9/21/2026","Sipsey Valley","Bears","https://www.maxpreps.com/al/holy-spirit-catholic-tuscaloosa/girls-volleyball/","https://www.maxpreps.com/al/sipsey-valley-buhl/girls-volleyball/","https://hsfootball.net/proxy.php?url=https%3A%2F%2Fimage.maxpreps.io%2Fschool-mascot%2F3%2Fe%2F7%2F3e7fcac8-e9e2-49cb-a188-23be678143f6.gif%3Fversion%3D638253675600000000%26amp%3Bwidth%3D128%26amp%3Bheight%3D128%26amp%3Bauto%3Dwebp%26amp%3Bformat%3Dpjpg","https://hsfootball.net/proxy.php?url=https%3A%2F%2Fimage.maxpreps.io%2Fschool-mascot%2F2%2F2%2Fa%2F22a05858-c006-48ed-bc47-508f91e0cf6d.gif%3Fversion%3D639201322653112570%26amp%3Bwidth%3D128%26amp%3Bheight%3D128%26amp%3Bauto%3Dwebp%26amp%3Bformat%3Dpjpg","girl"
78,"Brewer vs Woodville",Girls Volleyball,"Alabama",9/21/2026,5:30pm,"The Brewer varsity volleyball team has an away non-conference match @  Woodville (AL) on Monday, September 21 @ 5:30p.","/al/volleyball/match/brewer-somerville-vs-woodville/9-21-2026/?c=32e3bab4-174d-4697-a6f9-529753bc8403","https://www.maxpreps.com/al/volleyball/match/brewer-somerville-vs-woodville/9-21-2026/?c=32e3bab4-174d-4697-a6f9-529753bc8403","/volleyball/al/c0e?9/21/2026","Brewer","Patriots","https://www.maxpreps.com/al/brewer-somerville/girls-volleyball/","https://www.maxpreps.com/al/woodville/girls-volleyball/","https://hsfootball.net/proxy.php?url=https%3A%2F%2Fimage.maxpreps.io%2Fschool-mascot%2Fa%2F8%2F9%2Fa898ee28-c28d-40e2-86e0-d66a8493ac60.gif%3Fversion%3D638212224600000000%26amp%3Bwidth%3D128%26amp%3Bheight%3D128%26amp%3Bauto%3Dwebp%26amp%3Bformat%3Dpjpg","https://hsfootball.net/proxy.php?url=https%3A%2F%2Fimage.maxpreps.io%2Fschool-mascot%2F4%2Fb%2F1%2F4b1e228e-d922-40d6-afc0-d5259b58c235.gif%3Fversion%3D638253708000000000%26amp%3Bwidth%3D128%26amp%3Bheight%3D128%26amp%3Bauto%3Dwebp%26amp%3Bformat%3Dpjpg","girl"
79,"Marion County vs Lynn",Girls Volleyball,"Alabama",9/21/2026,5:30pm,"The Marion County varsity volleyball team has an away conference match @  Lynn (AL) on Monday, September 21 @ 5:30p.","/al/volleyball/match/lynn-vs-marion-county-guin/9-21-2026/?c=beaea333-9157-4489-8982-963e5bcda68c","https://www.maxpreps.com/al/volleyball/match/lynn-vs-marion-county-guin/9-21-2026/?c=beaea333-9157-4489-8982-963e5bcda68c","/volleyball/al/a39?9/21/2026","Marion County","Red Raiders","https://www.maxpreps.com/al/lynn/girls-volleyball/","https://www.maxpreps.com/al/marion-county-guin/girls-volleyball/","https://hsfootball.net/proxy.php?url=https%3A%2F%2Fimage.maxpreps.io%2Fschool-mascot%2Ff%2F9%2Ff%2Ff9f56e97-a646-4aba-8102-8db9ab26d94b.gif%3Fversion%3D638241471600000000%26amp%3Bwidth%3D128%26amp%3Bheight%3D128%26amp%3Bauto%3Dwebp%26amp%3Bformat%3Dpjpg","https://hsfootball.net/proxy.php?url=https%3A%2F%2Fimage.maxpreps.io%2Fschool-mascot%2F3%2F9%2Fa%2F39a115cc-abd7-4784-ad34-e90b3bed1a96.gif%3Fversion%3D638241488400000000%26amp%3Bwidth%3D128%26amp%3Bheight%3D128%26amp%3Bauto%3Dwebp%26amp%3Bformat%3Dpjpg","girl"
80,"T.R. Miller vs Flomaton",Girls Volleyball,"Alabama",9/21/2026,6:00pm,"The T.R. Miller varsity volleyball team has an away non-conference match @  Flomaton (AL) on Monday, September 21 @ 6p.","/al/volleyball/match/flomaton-vs-tr-miller-brewton/9-21-2026/?c=7c9f1082-95bb-40e0-a6b7-ab8b09e0d7c6","https://www.maxpreps.com/al/volleyball/match/flomaton-vs-tr-miller-brewton/9-21-2026/?c=7c9f1082-95bb-40e0-a6b7-ab8b09e0d7c6","/volleyball/al/b69?9/21/2026","T.R. Miller","Tigers","https://www.maxpreps.com/al/flomaton/girls-volleyball/","https://www.maxpreps.com/al/tr-miller-brewton/girls-volleyball/","https://hsfootball.net/proxy.php?url=https%3A%2F%2Fimage.maxpreps.io%2Fschool-mascot%2Ff%2Fb%2F4%2Ffb4dfd9d-dcc1-46d3-8fc7-5259bb9105ea.gif%3Fversion%3D638253693000000000%26amp%3Bwidth%3D128%26amp%3Bheight%3D128%26amp%3Bauto%3Dwebp%26amp%3Bformat%3Dpjpg","https://hsfootball.net/proxy.php?url=https%3A%2F%2Fimage.maxpreps.io%2Fschool-mascot%2Fa%2F9%2F5%2Fa95cde14-13c1-4ec1-b20b-4f710cfd3ec7.gif%3Fversion%3D638225167800000000%26amp%3Bwidth%3D128%26amp%3Bheight%3D128%26amp%3Bauto%3Dwebp%26amp%3Bformat%3Dpjpg","girl"
81,"Madison County vs West Morgan",Girls Volleyball,"Alabama",9/21/2026,6:00pm,"The Madison County varsity volleyball team has an away non-conference match @  West Morgan (Trinity, AL) on Monday, September 21 @ 6p.","/al/volleyball/match/madison-county-gurley-vs-west-morgan-trinity/9-21-2026/?c=1400cc07-8837-41db-aad4-8806c8f542f6","https://www.maxpreps.com/al/volleyball/match/madison-county-gurley-vs-west-morgan-trinity/9-21-2026/?c=1400cc07-8837-41db-aad4-8806c8f542f6","/volleyball/al/1176?9/21/2026","Madison County","Tigers","https://www.maxpreps.com/al/madison-county-gurley/girls-volleyball/","https://www.maxpreps.com/al/west-morgan-trinity/girls-volleyball/","https://hsfootball.net/proxy.php?url=https%3A%2F%2Fimage.maxpreps.io%2Fschool-mascot%2F0%2Fa%2Fc%2F0ac2ad52-b78f-4bac-94af-fc55c60b10d4.gif%3Fversion%3D638241489600000000%26amp%3Bwidth%3D128%26amp%3Bheight%3D128%26amp%3Bauto%3Dwebp%26amp%3Bformat%3Dpjpg","https://hsfootball.net/proxy.php?url=https%3A%2F%2Fimage.maxpreps.io%2Fschool-mascot%2F9%2F5%2F6%2F95698978-1077-4bf4-9bfc-6553167ab74d.gif%3Fversion%3D638253703800000000%26amp%3Bwidth%3D128%26amp%3Bheight%3D128%26amp%3Bauto%3Dwebp%26amp%3Bformat%3Dpjpg","girl"
82,"Cleburne County vs Pleasant Valley",Girls Volleyball,"Alabama",9/21/2026,6:00pm,"The Cleburne County varsity volleyball team has a neutral non-conference match vs.  Pleasant Valley (Jacksonville, AL) on Monday, September 21 @ 6p.","/al/volleyball/match/cleburne-county-heflin-vs-pleasant-valley-jacksonville/9-21-2026/?c=91421e75-d4fa-4d22-8279-f38a7b43a3e5","https://www.maxpreps.com/al/volleyball/match/cleburne-county-heflin-vs-pleasant-valley-jacksonville/9-21-2026/?c=91421e75-d4fa-4d22-8279-f38a7b43a3e5","/volleyball/al/1549?9/21/2026","Cleburne County","Tigers","https://www.maxpreps.com/al/cleburne-county-heflin/girls-volleyball/","https://www.maxpreps.com/al/pleasant-valley-jacksonville/girls-volleyball/","https://hsfootball.net/proxy.php?url=https%3A%2F%2Fimage.maxpreps.io%2Fschool-mascot%2F7%2F4%2F0%2F7408877a-09da-42a7-a28c-7eff37a42ae7.gif%3Fversion%3D638612339121180980%26amp%3Bwidth%3D128%26amp%3Bheight%3D128%26amp%3Bauto%3Dwebp%26amp%3Bformat%3Dpjpg","https://hsfootball.net/proxy.php?url=https%3A%2F%2Fimage.maxpreps.io%2Fschool-mascot%2F1%2Fd%2Fb%2F1db53c2b-dbec-4915-98c9-a24b5af6b636.gif%3Fversion%3D638253636000000000%26amp%3Bwidth%3D128%26amp%3Bheight%3D128%26amp%3Bauto%3Dwebp%26amp%3Bformat%3Dpjpg","girl"
83,"Donoho vs Faith Christian",Girls Volleyball,"Alabama",9/21/2026,6:00pm,"The Donoho varsity volleyball team has an away conference match @  Faith Christian (Anniston, AL) on Monday, September 21 @ 6p.","/al/volleyball/match/donoho-anniston-vs-faith-christian-anniston/9-21-2026/?c=c9f507cc-77f9-49f7-96dc-703368805ab4","https://www.maxpreps.com/al/volleyball/match/donoho-anniston-vs-faith-christian-anniston/9-21-2026/?c=c9f507cc-77f9-49f7-96dc-703368805ab4","/volleyball/al/10f6?9/21/2026","Donoho","Falcons","https://www.maxpreps.com/al/donoho-anniston/girls-volleyball/","https://www.maxpreps.com/al/faith-christian-anniston/girls-volleyball/","https://hsfootball.net/proxy.php?url=https%3A%2F%2Fimage.maxpreps.io%2Fschool-mascot%2Fe%2Fb%2Fc%2Febc0c413-74e8-48c2-ba21-c34a7dc5bd10.gif%3Fversion%3D638216565000000000%26amp%3Bwidth%3D128%26amp%3Bheight%3D128%26amp%3Bauto%3Dwebp%26amp%3Bformat%3Dpjpg","https://hsfootball.net/proxy.php?url=https%3A%2F%2Fimage.maxpreps.io%2Fschool-mascot%2Fc%2Ff%2Fd%2Fcfd374a3-d441-42ac-83fb-1949d029a53b.gif%3Fversion%3D638225158800000000%26amp%3Bwidth%3D128%26amp%3Bheight%3D128%26amp%3Bauto%3Dwebp%26amp%3Bformat%3Dpjpg","girl"
84,"Pike Liberal Arts vs Ariton",Girls Volleyball,"Alabama",9/21/2026,6:00pm,"The Pike Liberal Arts varsity volleyball team has an away non-conference match @  Ariton (AL) on Monday, September 21 @ 6p.","/al/volleyball/match/ariton-vs-pike-liberal-arts-troy/9-21-2026/?c=e6cd5ec1-ad74-430d-8eca-2caf2a45524d","https://www.maxpreps.com/al/volleyball/match/ariton-vs-pike-liberal-arts-troy/9-21-2026/?c=e6cd5ec1-ad74-430d-8eca-2caf2a45524d","/volleyball/al/c63?9/21/2026","Pike Liberal Arts","Patriots","https://www.maxpreps.com/al/ariton/girls-volleyball/","https://www.maxpreps.com/al/pike-liberal-arts-troy/girls-volleyball/","https://hsfootball.net/proxy.php?url=https%3A%2F%2Fimage.maxpreps.io%2Fschool-mascot%2Fe%2F7%2F6%2Fe7685de6-360c-4900-953c-ea74b129aee4.gif%3Fversion%3D638253632400000000%26amp%3Bwidth%3D128%26amp%3Bheight%3D128%26amp%3Bauto%3Dwebp%26amp%3Bformat%3Dpjpg","https://hsfootball.net/proxy.php?url=https%3A%2F%2Fimage.maxpreps.io%2Fschool-mascot%2Fc%2F2%2F8%2Fc289175a-6cdf-4717-8a5a-19bc3808f7cb.gif%3Fversion%3D638212996200000000%26amp%3Bwidth%3D128%26amp%3Bheight%3D128%26amp%3Bauto%3Dwebp%26amp%3Bformat%3Dpjpg","girl"
85,"Bessemer City vs Helena",Girls Volleyball,"Alabama",9/21/2026,6:00pm,"The Bessemer City varsity volleyball team has an away non-conference match @  Helena (AL) on Monday, September 21 @ 6p.","/al/volleyball/match/bessemer-city-vs-helena/9-21-2026/?c=f65ba2df-0a6f-4d9b-8cc3-300b8087a7c7","https://www.maxpreps.com/al/volleyball/match/bessemer-city-vs-helena/9-21-2026/?c=f65ba2df-0a6f-4d9b-8cc3-300b8087a7c7","/volleyball/al/8ec?9/21/2026","Bessemer City","Purple Tigers","https://www.maxpreps.com/al/bessemer-city/girls-volleyball/","https://www.maxpreps.com/al/helena/girls-volleyball/","https://hsfootball.net/proxy.php?url=https%3A%2F%2Fimage.maxpreps.io%2Fschool-mascot%2Fc%2F2%2F7%2Fc278e4c2-4f84-49dc-8747-a0b73286af9b.gif%3Fversion%3D638213107800000000%26amp%3Bwidth%3D128%26amp%3Bheight%3D128%26amp%3Bauto%3Dwebp%26amp%3Bformat%3Dpjpg","https://hsfootball.net/proxy.php?url=https%3A%2F%2Fimage.maxpreps.io%2Fschool-mascot%2Fd%2F7%2F5%2Fd7509e5a-609e-4a7f-a990-e77a31d086ab.gif%3Fversion%3D638234685600000000%26amp%3Bwidth%3D128%26amp%3Bheight%3D128%26amp%3Bauto%3Dwebp%26amp%3Bformat%3Dpjpg","girl"
86,"New Brockton vs Andalusia",Girls Volleyball,"Alabama",9/21/2026,6:00pm,"The New Brockton varsity volleyball team has an away non-conference match @  Andalusia (AL) on Monday, September 21 @ 6p.","/al/volleyball/match/andalusia-vs-new-brockton/9-21-2026/?c=54ca5527-c86e-4d96-ad31-33181533202f","https://www.maxpreps.com/al/volleyball/match/andalusia-vs-new-brockton/9-21-2026/?c=54ca5527-c86e-4d96-ad31-33181533202f","/volleyball/al/9ce?9/21/2026","New Brockton","Gamecocks","https://www.maxpreps.com/al/andalusia/girls-volleyball/","https://www.maxpreps.com/al/new-brockton/girls-volleyball/","https://hsfootball.net/proxy.php?url=https%3A%2F%2Fimage.maxpreps.io%2Fschool-mascot%2Fd%2F6%2F0%2Fd606e8ac-0aa1-416f-9b3d-23ae39dd844b.gif%3Fversion%3D638253620400000000%26amp%3Bwidth%3D128%26amp%3Bheight%3D128%26amp%3Bauto%3Dwebp%26amp%3Bformat%3Dpjpg","https://hsfootball.net/proxy.php?url=https%3A%2F%2Fimage.maxpreps.io%2Fschool-mascot%2F1%2F9%2Fc%2F19c39756-1f4c-4eca-b58a-6698681a325e.gif%3Fversion%3D638213005200000000%26amp%3Bwidth%3D128%26amp%3Bheight%3D128%26amp%3Bauto%3Dwebp%26amp%3Bformat%3Dpjpg","girl"
87,"Russell Christian Academy vs North River Christian",Girls Volleyball,"Alabama",9/21/2026,6:00pm,"The Russell Christian Academy varsity volleyball team has an away conference match @  North River Christian (Tuscaloosa, AL) on Monday, September 21 @ 6p.","/inter-state/volleyball/match/north-river-christian-tuscaloosa-al-vs-russell-christian-academy-meridian-ms/9-21-2026/?c=2bf25d9f-b776-41ea-814c-f1d6b33e0071","https://www.maxpreps.com/inter-state/volleyball/match/north-river-christian-tuscaloosa-al-vs-russell-christian-academy-meridian-ms/9-21-2026/?c=2bf25d9f-b776-41ea-814c-f1d6b33e0071","/volleyball/al/1d9a?9/21/2026","Russell Christian Academy","Warriors","https://www.maxpreps.com/al/north-river-christian-tuscaloosa-al/girls-volleyball/","https://www.maxpreps.com/al/russell-christian-academy-meridian-ms/girls-volleyball/","https://hsfootball.net/proxy.php?url=https%3A%2F%2Fimage.maxpreps.io%2Fschool-mascot%2F6%2F9%2F7%2F6973376b-06ce-40ee-88ee-2c6feb8302be.gif%3Fversion%3D634482712800000000%26amp%3Bwidth%3D128%26amp%3Bheight%3D128%26amp%3Bauto%3Dwebp%26amp%3Bformat%3Dpjpg","https://hsfootball.net/proxy.php?url=https%3A%2F%2Fimage.maxpreps.io%2Fschool-mascot%2F0%2F4%2Fa%2F04acbcf0-be4c-4a91-961f-ddfbfcd29b19.gif%3Fversion%3D634802256000000000%26amp%3Bwidth%3D128%26amp%3Bheight%3D128%26amp%3Bauto%3Dwebp%26amp%3Bformat%3Dpjpg","girl"
88,"Waterloo vs Collinwood",Girls Volleyball,"Alabama",9/21/2026,6:00pm,"The Waterloo varsity volleyball team has an away non-conference match @  Collinwood (TN) on Monday, September 21 @ 6p.","/inter-state/volleyball/match/collinwood-tn-vs-waterloo-al/9-21-2026/?c=3a6dc100-af95-4378-ae8d-29922d01c90c","https://www.maxpreps.com/inter-state/volleyball/match/collinwood-tn-vs-waterloo-al/9-21-2026/?c=3a6dc100-af95-4378-ae8d-29922d01c90c","/volleyball/al/af3?9/21/2026","Waterloo","Cougars","https://www.maxpreps.com/al/collinwood-tn/girls-volleyball/","https://www.maxpreps.com/al/waterloo-al/girls-volleyball/","https://hsfootball.net/proxy.php?url=https%3A%2F%2Fimage.maxpreps.io%2Fschool-mascot%2Ff%2Fb%2F0%2Ffb01949f-c50a-43c3-b7f6-97dd916e3c65.gif%3Fversion%3D638253702600000000%26amp%3Bwidth%3D128%26amp%3Bheight%3D128%26amp%3Bauto%3Dwebp%26amp%3Bformat%3Dpjpg","https://hsfootball.net/proxy.php?url=https%3A%2F%2Fimage.maxpreps.io%2Fschool-mascot%2Fc%2Fb%2F7%2Fcb7b6916-cbba-4dfb-aaf0-894aebf3ec27.gif%3Fversion%3D634801384200000000%26amp%3Bwidth%3D128%26amp%3Bheight%3D128%26amp%3Bauto%3Dwebp%26amp%3Bformat%3Dpjpg","girl"
89,"Meek vs Sheffield",Girls Volleyball,"Alabama",9/21/2026,6:00pm,"The Meek varsity volleyball team has an away non-conference match @  Sheffield (AL) on Monday, September 21 @ 6p.","/al/volleyball/match/meek-arley-vs-sheffield/9-21-2026/?c=4c343a3f-6d69-4941-9a61-90ad695dcc4d","https://www.maxpreps.com/al/volleyball/match/meek-arley-vs-sheffield/9-21-2026/?c=4c343a3f-6d69-4941-9a61-90ad695dcc4d","/volleyball/al/8d9?9/21/2026","Meek","Tigers","https://www.maxpreps.com/al/meek-arley/girls-volleyball/","https://www.maxpreps.com/al/sheffield/girls-volleyball/","https://hsfootball.net/proxy.php?url=https%3A%2F%2Fimage.maxpreps.io%2Fschool-mascot%2F1%2F2%2F9%2F1297e729-3f78-4aea-89e7-f4b27356b56c.gif%3Fversion%3D638241473400000000%26amp%3Bwidth%3D128%26amp%3Bheight%3D128%26amp%3Bauto%3Dwebp%26amp%3Bformat%3Dpjpg","https://hsfootball.net/proxy.php?url=https%3A%2F%2Fimage.maxpreps.io%2Fschool-mascot%2Fc%2Ff%2Fd%2Fcfd2524f-6d36-47e2-9848-c30cb28df40f.gif%3Fversion%3D638253675000000000%26amp%3Bwidth%3D128%26amp%3Bheight%3D128%26amp%3Bauto%3Dwebp%26amp%3Bformat%3Dpjpg","girl"
90,"Wilson vs Deshler",Girls Volleyball,"Alabama",9/21/2026,6:00pm,"The Wilson varsity volleyball team has an away non-conference match @  Deshler (Tuscumbia, AL) on Monday, September 21 @ 6p.","/al/volleyball/match/deshler-tuscumbia-vs-wilson-florence/9-21-2026/?c=712a4871-7e95-4cc3-9fea-ed49afaf2d76","https://www.maxpreps.com/al/volleyball/match/deshler-tuscumbia-vs-wilson-florence/9-21-2026/?c=712a4871-7e95-4cc3-9fea-ed49afaf2d76","/volleyball/al/e3b?9/21/2026","Wilson","Warriors","https://www.maxpreps.com/al/deshler-tuscumbia/girls-volleyball/","https://www.maxpreps.com/al/wilson-florence/girls-volleyball/","https://hsfootball.net/proxy.php?url=https%3A%2F%2Fimage.maxpreps.io%2Fschool-mascot%2F3%2F6%2F0%2F36072221-6a62-47b3-97ed-c179401284f7.gif%3Fversion%3D638253706800000000%26amp%3Bwidth%3D128%26amp%3Bheight%3D128%26amp%3Bauto%3Dwebp%26amp%3Bformat%3Dpjpg","https://hsfootball.net/proxy.php?url=https%3A%2F%2Fimage.maxpreps.io%2Fschool-mascot%2F4%2F9%2F7%2F497d5242-1c43-48cd-befc-a73f49ce2d4a.gif%3Fversion%3D638216564400000000%26amp%3Bwidth%3D128%26amp%3Bheight%3D128%26amp%3Bauto%3Dwebp%26amp%3Bformat%3Dpjpg","girl"
91,"Florence vs Oakwood Academy",Girls Volleyball,"Alabama",9/21/2026,6:00pm,"The Florence varsity volleyball team has an away non-conference match @  Oakwood Academy (Huntsville, AL) on Monday, September 21 @ 6p.","/al/volleyball/match/florence-vs-oakwood-academy-huntsville/9-21-2026/?c=f81d9c5d-2ecd-4854-84af-e3b25f4a1e13","https://www.maxpreps.com/al/volleyball/match/florence-vs-oakwood-academy-huntsville/9-21-2026/?c=f81d9c5d-2ecd-4854-84af-e3b25f4a1e13","/volleyball/al/f01?9/21/2026","Florence","Falcons","https://www.maxpreps.com/al/florence/girls-volleyball/","https://www.maxpreps.com/al/oakwood-academy-huntsville/girls-volleyball/","https://hsfootball.net/proxy.php?url=https%3A%2F%2Fimage.maxpreps.io%2Fschool-mascot%2F4%2Fd%2F3%2F4d313808-ec6c-40fc-803f-cfd983fa0b10.gif%3Fversion%3D638225170200000000%26amp%3Bwidth%3D128%26amp%3Bheight%3D128%26amp%3Bauto%3Dwebp%26amp%3Bformat%3Dpjpg","https://hsfootball.net/proxy.php?url=https%3A%2F%2Fimage.maxpreps.io%2Fschool-mascot%2F3%2Fd%2F2%2F3d2f8288-4c2b-44ba-878a-aa11be0550fe.gif%3Fversion%3D638253625800000000%26amp%3Bwidth%3D128%26amp%3Bheight%3D128%26amp%3Bauto%3Dwebp%26amp%3Bformat%3Dpjpg","girl"
92,"Mortimer Jordan vs Vestavia Hills",Girls Volleyball,"Alabama",9/21/2026,6:00pm,"The Mortimer Jordan varsity volleyball team has an away non-conference match @  Vestavia Hills (AL) on Monday, September 21 @ 6p.","/al/volleyball/match/mortimer-jordan-kimberly-vs-vestavia-hills/9-21-2026/?c=70facc98-be0e-4d1e-b4d5-cc82e73ae7c7","https://www.maxpreps.com/al/volleyball/match/mortimer-jordan-kimberly-vs-vestavia-hills/9-21-2026/?c=70facc98-be0e-4d1e-b4d5-cc82e73ae7c7","/volleyball/al/1095?9/21/2026","Mortimer Jordan","Blue Devils","https://www.maxpreps.com/al/mortimer-jordan-kimberly/girls-volleyball/","https://www.maxpreps.com/al/vestavia-hills/girls-volleyball/","https://hsfootball.net/proxy.php?url=https%3A%2F%2Fimage.maxpreps.io%2Fschool-mascot%2F7%2F1%2F1%2F711c3975-250c-4e4f-bedd-24af12ebf473.gif%3Fversion%3D638241475800000000%26amp%3Bwidth%3D128%26amp%3Bheight%3D128%26amp%3Bauto%3Dwebp%26amp%3Bformat%3Dpjpg","https://hsfootball.net/proxy.php?url=https%3A%2F%2Fimage.maxpreps.io%2Fschool-mascot%2F4%2F9%2F3%2F493a7c03-17c9-48f1-a8bb-fbb0b9364256.gif%3Fversion%3D638253699600000000%26amp%3Bwidth%3D128%26amp%3Bheight%3D128%26amp%3Bauto%3Dwebp%26amp%3Bformat%3Dpjpg","girl"
93,"Winterboro vs Talladega",Girls Volleyball,"Alabama",9/21/2026,6:00pm,"The Winterboro varsity volleyball team has an away non-conference match @  Talladega (AL) on Monday, September 21 @ 6p.","/al/volleyball/match/talladega-vs-winterboro-alpine/9-21-2026/?c=e6b34a72-7e58-416b-a05b-6e01504224e2","https://www.maxpreps.com/al/volleyball/match/talladega-vs-winterboro-alpine/9-21-2026/?c=e6b34a72-7e58-416b-a05b-6e01504224e2","/volleyball/al/bd3?9/21/2026","Winterboro","Bulldogs","https://www.maxpreps.com/al/talladega/girls-volleyball/","https://www.maxpreps.com/al/winterboro-alpine/girls-volleyball/","https://hsfootball.net/proxy.php?url=https%3A%2F%2Fimage.maxpreps.io%2Fschool-mascot%2F9%2F2%2Fe%2F92e3bcd3-d84a-45f6-ba98-a15f8f5ebde2.gif%3Fversion%3D638253707400000000%26amp%3Bwidth%3D128%26amp%3Bheight%3D128%26amp%3Bauto%3Dwebp%26amp%3Bformat%3Dpjpg","https://hsfootball.net/proxy.php?url=https%3A%2F%2Fimage.maxpreps.io%2Fschool-mascot%2F5%2Fe%2F4%2F5e40132c-870c-4d5f-bf2a-b52e65791f0d.gif%3Fversion%3D638253693600000000%26amp%3Bwidth%3D128%26amp%3Bheight%3D128%26amp%3Bauto%3Dwebp%26amp%3Bformat%3Dpjpg","girl"
94,"Satsuma vs Citronelle",Girls Volleyball,"Alabama",9/21/2026,6:00pm,"The Satsuma varsity volleyball team has an away non-conference match @  Citronelle (AL) on Monday, September 21 @ 6p.","/al/volleyball/match/citronelle-vs-satsuma/9-21-2026/?c=27611fa4-69b2-469c-9ee0-24a49516dc92","https://www.maxpreps.com/al/volleyball/match/citronelle-vs-satsuma/9-21-2026/?c=27611fa4-69b2-469c-9ee0-24a49516dc92","/volleyball/al/872?9/21/2026","Satsuma","Gators","https://www.maxpreps.com/al/citronelle/girls-volleyball/","https://www.maxpreps.com/al/satsuma/girls-volleyball/","https://hsfootball.net/proxy.php?url=https%3A%2F%2Fimage.maxpreps.io%2Fschool-mascot%2F2%2Fb%2F3%2F2b34bde0-69c7-44a2-acc6-369394351102.gif%3Fversion%3D638253672600000000%26amp%3Bwidth%3D128%26amp%3Bheight%3D128%26amp%3Bauto%3Dwebp%26amp%3Bformat%3Dpjpg","https://hsfootball.net/proxy.php?url=https%3A%2F%2Fimage.maxpreps.io%2Fschool-mascot%2Fe%2F0%2Fb%2Fe0b89c15-2e71-478d-9b90-3bc9a8e80ae1.gif%3Fversion%3D638215672800000000%26amp%3Bwidth%3D128%26amp%3Bheight%3D128%26amp%3Bauto%3Dwebp%26amp%3Bformat%3Dpjpg","girl"
95,"Central vs Hillcrest",Girls Volleyball,"Alabama",9/21/2026,6:00pm,"The Central varsity volleyball team has an away conference match @  Hillcrest (Tuscaloosa, AL) on Monday, September 21 @ 6p.","/al/volleyball/match/central-tuscaloosa-vs-hillcrest-tuscaloosa/9-21-2026/?c=48fe6a90-9540-456c-b054-4458d4e967df","https://www.maxpreps.com/al/volleyball/match/central-tuscaloosa-vs-hillcrest-tuscaloosa/9-21-2026/?c=48fe6a90-9540-456c-b054-4458d4e967df","/volleyball/al/10cc?9/21/2026","Central","Falcons","https://www.maxpreps.com/al/central-tuscaloosa/girls-volleyball/","https://www.maxpreps.com/al/hillcrest-tuscaloosa/girls-volleyball/","https://hsfootball.net/proxy.php?url=https%3A%2F%2Fimage.maxpreps.io%2Fschool-mascot%2F3%2Ff%2Fb%2F3fb8daa8-3706-4755-a2f2-39220a3ef333.gif%3Fversion%3D638215524600000000%26amp%3Bwidth%3D128%26amp%3Bheight%3D128%26amp%3Bauto%3Dwebp%26amp%3Bformat%3Dpjpg","https://hsfootball.net/proxy.php?url=https%3A%2F%2Fimage.maxpreps.io%2Fschool-mascot%2F2%2F6%2F1%2F2613274a-098a-4aec-a244-3a4b319c42a7.gif%3Fversion%3D638234686800000000%26amp%3Bwidth%3D128%26amp%3Bheight%3D128%26amp%3Bauto%3Dwebp%26amp%3Bformat%3Dpjpg","girl"
96,"Hale County vs Tuscaloosa County",Girls Volleyball,"Alabama",9/21/2026,6:00pm,"The Hale County varsity volleyball team has an away non-conference match @  Tuscaloosa County (Northport, AL) on Monday, September 21 @ 6p.","/al/volleyball/match/hale-county-moundville-vs-tuscaloosa-county-northport/9-21-2026/?c=f33c58f4-eb38-4d17-af50-3117d510ed9b","https://www.maxpreps.com/al/volleyball/match/hale-county-moundville-vs-tuscaloosa-county-northport/9-21-2026/?c=f33c58f4-eb38-4d17-af50-3117d510ed9b","/volleyball/al/1542?9/21/2026","Hale County","Wildcats","https://www.maxpreps.com/al/hale-county-moundville/girls-volleyball/","https://www.maxpreps.com/al/tuscaloosa-county-northport/girls-volleyball/","https://hsfootball.net/proxy.php?url=https%3A%2F%2Fimage.maxpreps.io%2Fschool-mascot%2F5%2Fe%2Fc%2F5ec67c74-b576-4b90-b825-862a0fe75843.gif%3Fversion%3D638234677800000000%26amp%3Bwidth%3D128%26amp%3Bheight%3D128%26amp%3Bauto%3Dwebp%26amp%3Bformat%3Dpjpg","https://hsfootball.net/proxy.php?url=https%3A%2F%2Fimage.maxpreps.io%2Fschool-mascot%2Ff%2F4%2F4%2Ff448e5b6-ccf8-4070-ba0f-83f8e2c686be.gif%3Fversion%3D638888475434951930%26amp%3Bwidth%3D128%26amp%3Bheight%3D128%26amp%3Bauto%3Dwebp%26amp%3Bformat%3Dpjpg","girl"
97,"Alabama Christian Academy vs Elmore County",Girls Volleyball,"Alabama",9/21/2026,6:00pm,"The Alabama Christian Academy varsity volleyball team has an away non-conference match @  Elmore County (Eclectic, AL) on Monday, September 21 @ 6p.","/al/volleyball/match/alabama-christian-academy-montgomery-vs-elmore-county-eclectic/9-21-2026/?c=227bd881-d005-4e1c-a222-e90573c55c01","https://www.maxpreps.com/al/volleyball/match/alabama-christian-academy-montgomery-vs-elmore-county-eclectic/9-21-2026/?c=227bd881-d005-4e1c-a222-e90573c55c01","/volleyball/al/182f?9/21/2026","Alabama Christian Academy","Eagles","https://www.maxpreps.com/al/alabama-christian-academy-montgomery/girls-volleyball/","https://www.maxpreps.com/al/elmore-county-eclectic/girls-volleyball/","https://hsfootball.net/proxy.php?url=https%3A%2F%2Fimage.maxpreps.io%2Fschool-mascot%2F5%2F9%2Fc%2F59c553ca-962b-4342-81cd-e05a9516e592.gif%3Fversion%3D638309849400000000%26amp%3Bwidth%3D128%26amp%3Bheight%3D128%26amp%3Bauto%3Dwebp%26amp%3Bformat%3Dpjpg","https://hsfootball.net/proxy.php?url=https%3A%2F%2Fimage.maxpreps.io%2Fschool-mascot%2Fd%2F7%2Fb%2Fd7b6c378-c66e-42b3-8c0e-6367e296fa27.gif%3Fversion%3D638217272400000000%26amp%3Bwidth%3D128%26amp%3Bheight%3D128%26amp%3Bauto%3Dwebp%26amp%3Bformat%3Dpjpg","girl"
98,"Pennington vs Falkville",Girls Volleyball,"Alabama",9/21/2026,6:00pm,"The Pennington varsity volleyball team has an away conference match @  Falkville (AL) on Monday, September 21 @ 6p.","/al/volleyball/match/falkville-vs-pennington-blountsville/9-21-2026/?c=0c2b1aca-fe2e-4727-9bb5-50354b566dc3","https://www.maxpreps.com/al/volleyball/match/falkville-vs-pennington-blountsville/9-21-2026/?c=0c2b1aca-fe2e-4727-9bb5-50354b566dc3","/volleyball/al/e8d?9/21/2026","Pennington","Tigers","https://www.maxpreps.com/al/falkville/girls-volleyball/","https://www.maxpreps.com/al/pennington-blountsville/girls-volleyball/","https://hsfootball.net/proxy.php?url=https%3A%2F%2Fimage.maxpreps.io%2Fschool-mascot%2F3%2F4%2F9%2F349a28cd-3780-4757-8310-a2d60a0f0652.gif%3Fversion%3D638235456600000000%26amp%3Bwidth%3D128%26amp%3Bheight%3D128%26amp%3Bauto%3Dwebp%26amp%3Bformat%3Dpjpg","https://hsfootball.net/proxy.php?url=https%3A%2F%2Fimage.maxpreps.io%2Fschool-mascot%2F5%2F9%2F4%2F59433e83-5214-4046-9444-1ee8f66bcc52.gif%3Fversion%3D638225159400000000%26amp%3Bwidth%3D128%26amp%3Bheight%3D128%26amp%3Bauto%3Dwebp%26amp%3Bformat%3Dpjpg","girl"
99,"Emmanuel Christian vs Cottonwood",Girls Volleyball,"Alabama",9/21/2026,6:00pm,"The Emmanuel Christian varsity volleyball team has an away non-conference match @  Cottonwood (AL) on Monday, September 21 @ 6p.","/al/volleyball/match/cottonwood-vs-emmanuel-christian-dothan/9-21-2026/?c=3d6ce9a7-f555-4c9d-8ab7-d3c4b5098815","https://www.maxpreps.com/al/volleyball/match/cottonwood-vs-emmanuel-christian-dothan/9-21-2026/?c=3d6ce9a7-f555-4c9d-8ab7-d3c4b5098815","/volleyball/al/f84?9/21/2026","Emmanuel Christian","Warriors","https://www.maxpreps.com/al/cottonwood/girls-volleyball/","https://www.maxpreps.com/al/emmanuel-christian-dothan/girls-volleyball/","https://hsfootball.net/proxy.php?url=https%3A%2F%2Fimage.maxpreps.io%2Fschool-mascot%2Fa%2F2%2F7%2Fa270030f-36fc-49eb-bda9-2e45941c5279.gif%3Fversion%3D639077818186374530%26amp%3Bwidth%3D128%26amp%3Bheight%3D128%26amp%3Bauto%3Dwebp%26amp%3Bformat%3Dpjpg","https://hsfootball.net/proxy.php?url=https%3A%2F%2Fimage.maxpreps.io%2Fschool-mascot%2F4%2F8%2Fe%2F48e73914-d293-422a-b6ee-d5b9045a29e4.gif%3Fversion%3D638215681800000000%26amp%3Bwidth%3D128%26amp%3Bheight%3D128%26amp%3Bauto%3Dwebp%26amp%3Bformat%3Dpjpg","girl"
100,"Etowah vs Sardis",Girls Volleyball,"Alabama",9/21/2026,6:00pm,"The Etowah varsity volleyball team has an away non-conference match @  Sardis (Boaz, AL) on Monday, September 21 @ 6p.","/al/volleyball/match/etowah-attalla-vs-sardis-boaz/9-21-2026/?c=fb64f957-51d3-4204-9767-381c81073b20","https://www.maxpreps.com/al/volleyball/match/etowah-attalla-vs-sardis-boaz/9-21-2026/?c=fb64f957-51d3-4204-9767-381c81073b20","/volleyball/al/b3a?9/21/2026","Etowah","Blue Devils","https://www.maxpreps.com/al/etowah-attalla/girls-volleyball/","https://www.maxpreps.com/al/sardis-boaz/girls-volleyball/","https://hsfootball.net/proxy.php?url=https%3A%2F%2Fimage.maxpreps.io%2Fschool-mascot%2Ff%2Fc%2Fd%2Ffcd31af2-4aae-469a-8931-c37afb314d74.gif%3Fversion%3D638225147400000000%26amp%3Bwidth%3D128%26amp%3Bheight%3D128%26amp%3Bauto%3Dwebp%26amp%3Bformat%3Dpjpg","https://hsfootball.net/proxy.php?url=https%3A%2F%2Fimage.maxpreps.io%2Fschool-mascot%2F2%2F6%2F2%2F2620c6ef-580d-4847-8c7b-9f55cf4d3ee9.gif%3Fversion%3D638253672000000000%26amp%3Bwidth%3D128%26amp%3Bheight%3D128%26amp%3Bauto%3Dwebp%26amp%3Bformat%3Dpjpg","girl"
101,"Ragland vs Victory Christian",Girls Volleyball,"Alabama",9/21/2026,6:00pm,"The Ragland varsity volleyball team has an away non-conference match @  Victory Christian (Pell City, AL) on Monday, September 21 @ 6p.","/al/volleyball/match/ragland-vs-victory-christian-pell-city/9-21-2026/?c=ef1ee748-4b99-4115-9a72-1a62c6236329","https://www.maxpreps.com/al/volleyball/match/ragland-vs-victory-christian-pell-city/9-21-2026/?c=ef1ee748-4b99-4115-9a72-1a62c6236329","/volleyball/al/ede?9/21/2026","Ragland","Purple Devils","https://www.maxpreps.com/al/ragland/girls-volleyball/","https://www.maxpreps.com/al/victory-christian-pell-city/girls-volleyball/","https://hsfootball.net/proxy.php?url=https%3A%2F%2Fimage.maxpreps.io%2Fschool-mascot%2F6%2F7%2F0%2F670aef1f-0fe8-4234-93cd-845a0ded73d0.gif%3Fversion%3D638253639000000000%26amp%3Bwidth%3D128%26amp%3Bheight%3D128%26amp%3Bauto%3Dwebp%26amp%3Bformat%3Dpjpg","https://hsfootball.net/proxy.php?url=https%3A%2F%2Fimage.maxpreps.io%2Fschool-mascot%2F6%2F7%2F0%2F670aef1f-0fe8-4234-93cd-845a0ded73d0.gif%3Fversion%3D638253639000000000%26amp%3Bwidth%3D32%26amp%3Bheight%3D32%26amp%3Bauto%3Dwebp%26amp%3Bformat%3Dpjpg","girl"
102,"Bryant vs Davidson",Girls Volleyball,"Alabama",9/21/2026,6:00pm,"The Bryant varsity volleyball team has an away non-conference match @  Davidson (Mobile, AL) on Monday, September 21 @ 6p.","/al/volleyball/match/bryant-irvington-vs-davidson-mobile/9-21-2026/?c=2f39d0ce-4833-408e-8c78-c3d3acde02ea","https://www.maxpreps.com/al/volleyball/match/bryant-irvington-vs-davidson-mobile/9-21-2026/?c=2f39d0ce-4833-408e-8c78-c3d3acde02ea","/volleyball/al/ddd?9/21/2026","Bryant","Hurricanes","https://www.maxpreps.com/al/bryant-irvington/girls-volleyball/","https://www.maxpreps.com/al/davidson-mobile/girls-volleyball/","https://hsfootball.net/proxy.php?url=https%3A%2F%2Fimage.maxpreps.io%2Fschool-mascot%2Ff%2Fa%2F5%2Ffa5e3887-3a7d-443b-b55e-6336cff552e9.gif%3Fversion%3D638213032200000000%26amp%3Bwidth%3D128%26amp%3Bheight%3D128%26amp%3Bauto%3Dwebp%26amp%3Bformat%3Dpjpg","https://hsfootball.net/proxy.php?url=https%3A%2F%2Fimage.maxpreps.io%2Fschool-mascot%2F7%2F3%2F2%2F73219d8d-b9c3-4fc7-895c-97359987a99d.gif%3Fversion%3D638216562600000000%26amp%3Bwidth%3D128%26amp%3Bheight%3D128%26amp%3Bauto%3Dwebp%26amp%3Bformat%3Dpjpg","girl"
103,"Legacy/Essential Church School vs Trinity Christian Homeschool",Girls Volleyball,"Alabama",9/21/2026,6:00pm,"The Legacy/Essential Church School varsity volleyball team has an away non-conference match @  Trinity Christian Homeschool (Pelham, AL) on Monday, September 21 @ 6p.","/al/volleyball/match/legacy-essential-church-school-gardendale-vs-trinity-christian-homeschool-pelham/9-21-2026/?c=7092cdd9-3ed5-4c0b-8ebf-d26a0ad7d158","https://www.maxpreps.com/al/volleyball/match/legacy-essential-church-school-gardendale-vs-trinity-christian-homeschool-pelham/9-21-2026/?c=7092cdd9-3ed5-4c0b-8ebf-d26a0ad7d158","/volleyball/al/1f47?9/21/2026","Legacy/Essential Church School","Lions","https://www.maxpreps.com/al/legacy-essential-church-school-gardendale/girls-volleyball/","https://www.maxpreps.com/al/trinity-christian-homeschool-pelham/girls-volleyball/","https://hsfootball.net/proxy.php?url=https%3A%2F%2Fimage.maxpreps.io%2Fschool-mascot%2F2%2F6%2F5%2F2656b300-4769-426d-b9fa-bc32eb4db077.gif%3Fversion%3D635793093600000000%26amp%3Bwidth%3D128%26amp%3Bheight%3D128%26amp%3Bauto%3Dwebp%26amp%3Bformat%3Dpjpg","https://hsfootball.net/proxy.php?url=https%3A%2F%2Fimage.maxpreps.io%2Fschool-mascot%2F3%2Fd%2F1%2F3d1a1fc5-5996-40c2-a69a-75c74035e2f4.gif%3Fversion%3D637005921000000000%26amp%3Bwidth%3D128%26amp%3Bheight%3D128%26amp%3Bauto%3Dwebp%26amp%3Bformat%3Dpjpg","girl"
104,"Dale County vs Headland",Girls Volleyball,"Alabama",9/21/2026,6:00pm,"The Dale County varsity volleyball team has an away conference match @  Headland (AL) on Monday, September 21 @ 6p.","/al/volleyball/match/dale-county-midland-city-vs-headland/9-21-2026/?c=d942e4ef-8c86-491a-a5e6-6a0df8e64434","https://www.maxpreps.com/al/volleyball/match/dale-county-midland-city-vs-headland/9-21-2026/?c=d942e4ef-8c86-491a-a5e6-6a0df8e64434","/volleyball/al/dc5?9/21/2026","Dale County","Warriors","https://www.maxpreps.com/al/dale-county-midland-city/girls-volleyball/","https://www.maxpreps.com/al/headland/girls-volleyball/","https://hsfootball.net/proxy.php?url=https%3A%2F%2Fimage.maxpreps.io%2Fschool-mascot%2F3%2F6%2F3%2F363ac13f-2ac7-42fc-b8e5-eb3285dd4268.gif%3Fversion%3D638216559600000000%26amp%3Bwidth%3D128%26amp%3Bheight%3D128%26amp%3Bauto%3Dwebp%26amp%3Bformat%3Dpjpg","https://hsfootball.net/proxy.php?url=https%3A%2F%2Fimage.maxpreps.io%2Fschool-mascot%2F7%2Fa%2F2%2F7a25b9e8-2635-440c-90d5-aaf969a904ed.gif%3Fversion%3D638234685600000000%26amp%3Bwidth%3D128%26amp%3Bheight%3D128%26amp%3Bauto%3Dwebp%26amp%3Bformat%3Dpjpg","girl"
105,"Oxford vs Spring Garden",Girls Volleyball,"Alabama",9/21/2026,6:00pm,"The Oxford varsity volleyball team has an away non-conference match @  Spring Garden (AL) on Monday, September 21 @ 6p.","/al/volleyball/match/oxford-vs-spring-garden/9-21-2026/?c=40106107-cba3-400a-bc08-7b6912897932","https://www.maxpreps.com/al/volleyball/match/oxford-vs-spring-garden/9-21-2026/?c=40106107-cba3-400a-bc08-7b6912897932","/volleyball/al/906?9/21/2026","Oxford","Yellow Jackets","https://www.maxpreps.com/al/oxford/girls-volleyball/","https://www.maxpreps.com/al/spring-garden/girls-volleyball/","https://hsfootball.net/proxy.php?url=https%3A%2F%2Fimage.maxpreps.io%2Fschool-mascot%2Fd%2Fa%2Fc%2Fdace9491-67bf-4dee-ba15-3a30f7c01206.gif%3Fversion%3D638253627600000000%26amp%3Bwidth%3D128%26amp%3Bheight%3D128%26amp%3Bauto%3Dwebp%26amp%3Bformat%3Dpjpg","https://hsfootball.net/proxy.php?url=https%3A%2F%2Fimage.maxpreps.io%2Fschool-mascot%2F4%2Fa%2F6%2F4a64b612-46f3-4837-8342-54e27957e42b.gif%3Fversion%3D638249394600000000%26amp%3Bwidth%3D128%26amp%3Bheight%3D128%26amp%3Bauto%3Dwebp%26amp%3Bformat%3Dpjpg","girl"
106,"Pike Road vs Prattville Christian Academy",Girls Volleyball,"Alabama",9/21/2026,6:00pm,"The Pike Road varsity volleyball team has an away non-conference match @  Prattville Christian Academy (Prattville, AL) on Monday, September 21 @ 6p.","/al/volleyball/match/pike-road-vs-prattville-christian-academy/9-21-2026/?c=4daa2cdc-e197-42db-9bef-b9c7695066b2","https://www.maxpreps.com/al/volleyball/match/pike-road-vs-prattville-christian-academy/9-21-2026/?c=4daa2cdc-e197-42db-9bef-b9c7695066b2","/volleyball/al/ff9?9/21/2026","Pike Road","Patriots","https://www.maxpreps.com/al/pike-road/girls-volleyball/","https://www.maxpreps.com/al/prattville-christian-academy/girls-volleyball/","https://hsfootball.net/proxy.php?url=https%3A%2F%2Fimage.maxpreps.io%2Fschool-mascot%2F3%2F4%2F3%2F3437657e-75d6-4310-81a4-ae7407144c4b.gif%3Fversion%3D638253633000000000%26amp%3Bwidth%3D128%26amp%3Bheight%3D128%26amp%3Bauto%3Dwebp%26amp%3Bformat%3Dpjpg","https://hsfootball.net/proxy.php?url=https%3A%2F%2Fimage.maxpreps.io%2Fschool-mascot%2F4%2F2%2Fa%2F42a39509-8395-41fd-a5dd-e7ab06a6a02d.gif%3Fversion%3D638253637200000000%26amp%3Bwidth%3D128%26amp%3Bheight%3D128%26amp%3Bauto%3Dwebp%26amp%3Bformat%3Dpjpg","girl"
107,"Holtville vs Percy Julian",Girls Volleyball,"Alabama",9/21/2026,6:30pm,"The Holtville varsity volleyball team has an away non-conference match @  Percy Julian (Montgomery, AL) on Monday, September 21 @ 6:30p.","/al/volleyball/match/holtville-deatsville-vs-percy-julian-montgomery/9-21-2026/?c=a0b36b9e-5b87-46d9-8486-4a1d32ed9bb6","https://www.maxpreps.com/al/volleyball/match/holtville-deatsville-vs-percy-julian-montgomery/9-21-2026/?c=a0b36b9e-5b87-46d9-8486-4a1d32ed9bb6","/volleyball/al/12c1?9/21/2026","Holtville","Bulldogs","https://www.maxpreps.com/al/holtville-deatsville/girls-volleyball/","https://www.maxpreps.com/al/percy-julian-montgomery/girls-volleyball/","https://hsfootball.net/proxy.php?url=https%3A%2F%2Fimage.maxpreps.io%2Fschool-mascot%2F9%2Fb%2F3%2F9b306a48-3cbf-4537-b535-a4b6184300ff.gif%3Fversion%3D638234688600000000%26amp%3Bwidth%3D128%26amp%3Bheight%3D128%26amp%3Bauto%3Dwebp%26amp%3Bformat%3Dpjpg","https://hsfootball.net/proxy.php?url=https%3A%2F%2Fimage.maxpreps.io%2Fschool-mascot%2F3%2Fc%2F7%2F3c7dd727-b3ec-4595-9d6a-d4485f50c951.gif%3Fversion%3D638309854800000000%26amp%3Bwidth%3D128%26amp%3Bheight%3D128%26amp%3Bauto%3Dwebp%26amp%3Bformat%3Dpjpg","girl"
108,"Brewer vs Scottsboro",Girls Volleyball,"Alabama",9/21/2026,6:30pm,"The Brewer varsity volleyball team has an away non-conference match @  Scottsboro (AL) on Monday, September 21 @ 6:30p.","/al/volleyball/match/brewer-somerville-vs-scottsboro/9-21-2026/?c=a449e424-b7bb-457a-b52e-9a35dc259b3e","https://www.maxpreps.com/al/volleyball/match/brewer-somerville-vs-scottsboro/9-21-2026/?c=a449e424-b7bb-457a-b52e-9a35dc259b3e","/volleyball/al/c8b?9/21/2026","Brewer","Patriots","https://www.maxpreps.com/al/brewer-somerville/girls-volleyball/","https://www.maxpreps.com/al/scottsboro/girls-volleyball/","https://hsfootball.net/proxy.php?url=https%3A%2F%2Fimage.maxpreps.io%2Fschool-mascot%2Fa%2F8%2F9%2Fa898ee28-c28d-40e2-86e0-d66a8493ac60.gif%3Fversion%3D638212224600000000%26amp%3Bwidth%3D128%26amp%3Bheight%3D128%26amp%3Bauto%3Dwebp%26amp%3Bformat%3Dpjpg","https://hsfootball.net/proxy.php?url=https%3A%2F%2Fimage.maxpreps.io%2Fschool-mascot%2F1%2Fe%2F4%2F1e4ba09c-4623-4c6d-ad61-c72093359d97.gif%3Fversion%3D638253673200000000%26amp%3Bwidth%3D128%26amp%3Bheight%3D128%26amp%3Bauto%3Dwebp%26amp%3Bformat%3Dpjpg","girl"
109,"Southeast Lauderdale vs Choctaw County",Girls Volleyball,"Alabama",9/21/2026,6:30pm,"The Southeast Lauderdale varsity volleyball team has an away non-conference match @  Choctaw County (Butler, AL) on Monday, September 21 @ 6:30p.","/inter-state/volleyball/match/choctaw-county-butler-al-vs-southeast-lauderdale-meridian-ms/9-21-2026/?c=edc69515-7577-4d48-a63b-8c6c5b41dde8","https://www.maxpreps.com/inter-state/volleyball/match/choctaw-county-butler-al-vs-southeast-lauderdale-meridian-ms/9-21-2026/?c=edc69515-7577-4d48-a63b-8c6c5b41dde8","/volleyball/al/1753?9/21/2026","Southeast Lauderdale","Tigers","https://www.maxpreps.com/al/choctaw-county-butler-al/girls-volleyball/","https://www.maxpreps.com/al/southeast-lauderdale-meridian-ms/girls-volleyball/","https://hsfootball.net/proxy.php?url=https%3A%2F%2Fimage.maxpreps.io%2Fschool-mascot%2Fa%2Fa%2F7%2Faa731eae-5bbd-4a14-9459-33f24bd8e7a2.gif%3Fversion%3D634049349000000000%26amp%3Bwidth%3D128%26amp%3Bheight%3D128%26amp%3Bauto%3Dwebp%26amp%3Bformat%3Dpjpg","https://hsfootball.net/proxy.php?url=https%3A%2F%2Fimage.maxpreps.io%2Fschool-mascot%2F1%2F3%2F9%2F1399b40e-d809-40c6-bd3a-aacaeed83483.gif%3Fversion%3D638309847000000000%26amp%3Bwidth%3D128%26amp%3Bheight%3D128%26amp%3Bauto%3Dwebp%26amp%3Bformat%3Dpjpg","girl"
110,"South Lamar vs Fayette County",Girls Volleyball,"Alabama",9/21/2026,6:30pm,"The South Lamar varsity volleyball team has an away non-conference match @  Fayette County (Fayette, AL) on Monday, September 21 @ 6:30p.","/al/volleyball/match/fayette-county-vs-south-lamar-millport/9-21-2026/?c=b5b4b9b0-ee5a-4456-973c-248b42e4d941","https://www.maxpreps.com/al/volleyball/match/fayette-county-vs-south-lamar-millport/9-21-2026/?c=b5b4b9b0-ee5a-4456-973c-248b42e4d941","/volleyball/al/f11?9/21/2026","South Lamar","Stallions","https://www.maxpreps.com/al/fayette-county/girls-volleyball/","https://www.maxpreps.com/al/south-lamar-millport/girls-volleyball/","https://hsfootball.net/proxy.php?url=https%3A%2F%2Fimage.maxpreps.io%2Fschool-mascot%2F4%2Ff%2F6%2F4f6a56b7-135f-475a-9b87-1f147fac389e.gif%3Fversion%3D638253691800000000%26amp%3Bwidth%3D128%26amp%3Bheight%3D128%26amp%3Bauto%3Dwebp%26amp%3Bformat%3Dpjpg","https://hsfootball.net/proxy.php?url=https%3A%2F%2Fimage.maxpreps.io%2Fschool-mascot%2Fe%2Fb%2F6%2Feb6a4ea2-217f-45d1-9483-5ea7cffc898f.gif%3Fversion%3D638225159400000000%26amp%3Bwidth%3D128%26amp%3Bheight%3D128%26amp%3Bauto%3Dwebp%26amp%3Bformat%3Dpjpg","girl"
111,"Covenant Christian vs Shoals Christian",Girls Volleyball,"Alabama",9/21/2026,6:30pm,"The Covenant Christian varsity volleyball team has an away non-conference match @  Shoals Christian (Florence, AL) on Monday, September 21 @ 6:30p.","/al/volleyball/match/covenant-christian-tuscumbia-vs-shoals-christian-florence/9-21-2026/?c=b26d74e0-2322-452b-95ea-e0ff168cd58a","https://www.maxpreps.com/al/volleyball/match/covenant-christian-tuscumbia-vs-shoals-christian-florence/9-21-2026/?c=b26d74e0-2322-452b-95ea-e0ff168cd58a","/volleyball/al/1684?9/21/2026","Covenant Christian","Eagles","https://www.maxpreps.com/al/covenant-christian-tuscumbia/girls-volleyball/","https://www.maxpreps.com/al/shoals-christian-florence/girls-volleyball/","https://hsfootball.net/proxy.php?url=https%3A%2F%2Fimage.maxpreps.io%2Fschool-mascot%2F0%2F8%2F3%2F083b15a1-2772-4007-9edd-5c91900ddabf.gif%3Fversion%3D638215681800000000%26amp%3Bwidth%3D128%26amp%3Bheight%3D128%26amp%3Bauto%3Dwebp%26amp%3Bformat%3Dpjpg","https://hsfootball.net/proxy.php?url=https%3A%2F%2Fimage.maxpreps.io%2Fschool-mascot%2Fb%2Fc%2Fb%2Fbcbda97c-4bf0-48c4-8ede-703a630ee777.gif%3Fversion%3D638253675600000000%26amp%3Bwidth%3D128%26amp%3Bheight%3D128%26amp%3Bauto%3Dwebp%26amp%3Bformat%3Dpjpg","girl"
112,"American Christian Academy vs Northridge",Girls Volleyball,"Alabama",9/21/2026,6:30pm,"The American Christian Academy varsity volleyball team has an away non-conference match @  Northridge (Tuscaloosa, AL) on Monday, September 21 @ 6:30p.","/al/volleyball/match/american-christian-academy-tuscaloosa-vs-northridge-tuscaloosa/9-21-2026/?c=ff7f21fc-3f6c-4a77-94eb-364f2045768c","https://www.maxpreps.com/al/volleyball/match/american-christian-academy-tuscaloosa-vs-northridge-tuscaloosa/9-21-2026/?c=ff7f21fc-3f6c-4a77-94eb-364f2045768c","/volleyball/al/1882?9/21/2026","American Christian Academy","Patriots","https://www.maxpreps.com/al/american-christian-academy-tuscaloosa/girls-volleyball/","https://www.maxpreps.com/al/northridge-tuscaloosa/girls-volleyball/","https://hsfootball.net/proxy.php?url=https%3A%2F%2Fimage.maxpreps.io%2Fschool-mascot%2F1%2F0%2Fb%2F10b81c8d-2218-4598-a041-01f90b2eaa85.gif%3Fversion%3D638213004600000000%26amp%3Bwidth%3D128%26amp%3Bheight%3D128%26amp%3Bauto%3Dwebp%26amp%3Bformat%3Dpjpg","https://hsfootball.net/proxy.php?url=https%3A%2F%2Fimage.maxpreps.io%2Fschool-mascot%2F9%2F7%2F0%2F9708f701-a9b1-4a33-8340-06a28976f5f0.gif%3Fversion%3D638253621600000000%26amp%3Bwidth%3D128%26amp%3Bheight%3D128%26amp%3Bauto%3Dwebp%26amp%3Bformat%3Dpjpg","girl"
113,"University Charter vs Breakthrough Charter",Girls Volleyball,"Alabama",9/21/2026,6:30pm,"The University Charter varsity volleyball team has an away conference match @  Breakthrough Charter (Marion, AL) on Monday, September 21 @ 6:30p.","/al/volleyball/match/breakthrough-charter-marion-vs-university-charter-livingston/9-21-2026/?c=d28590c2-b656-4260-aa09-a209e17114a1","https://www.maxpreps.com/al/volleyball/match/breakthrough-charter-marion-vs-university-charter-livingston/9-21-2026/?c=d28590c2-b656-4260-aa09-a209e17114a1","/volleyball/al/1804?9/21/2026","University Charter","Trail Blazers","https://www.maxpreps.com/al/breakthrough-charter-marion/girls-volleyball/","https://www.maxpreps.com/al/university-charter-livingston/girls-volleyball/","https://hsfootball.net/proxy.php?url=https%3A%2F%2Fimage.maxpreps.io%2Fschool-mascot%2F1%2F4%2Fc%2F14ceda59-0338-42ad-a9fb-778fcda28f41.gif%3Fversion%3D638253697800000000%26amp%3Bwidth%3D128%26amp%3Bheight%3D128%26amp%3Bauto%3Dwebp%26amp%3Bformat%3Dpjpg","https://hsfootball.net/proxy.php?url=https%3A%2F%2Fimage.maxpreps.io%2Fschool-mascot%2F3%2Ff%2Fa%2F3fa0b188-18f4-4742-bf09-0e6d51616b7e.gif%3Fversion%3D638870403204547820%26amp%3Bwidth%3D128%26amp%3Bheight%3D128%26amp%3Bauto%3Dwebp%26amp%3Bformat%3Dpjpg","girl"
114,"Florence vs Mars Hill Bible",Girls Volleyball,"Alabama",9/21/2026,7:00pm,"The Florence varsity volleyball team has an away non-conference match @  Mars Hill Bible (Florence, AL) on Monday, September 21 @ 7p.","/al/volleyball/match/florence-vs-mars-hill-bible-florence/9-21-2026/?c=c1e026d9-d4a6-479b-96d4-2844df469eed","https://www.maxpreps.com/al/volleyball/match/florence-vs-mars-hill-bible-florence/9-21-2026/?c=c1e026d9-d4a6-479b-96d4-2844df469eed","/volleyball/al/dc0?9/21/2026","Florence","Falcons","https://www.maxpreps.com/al/florence/girls-volleyball/","https://www.maxpreps.com/al/mars-hill-bible-florence/girls-volleyball/","https://hsfootball.net/proxy.php?url=https%3A%2F%2Fimage.maxpreps.io%2Fschool-mascot%2F4%2Fd%2F3%2F4d313808-ec6c-40fc-803f-cfd983fa0b10.gif%3Fversion%3D638225170200000000%26amp%3Bwidth%3D128%26amp%3Bheight%3D128%26amp%3Bauto%3Dwebp%26amp%3Bformat%3Dpjpg","https://hsfootball.net/proxy.php?url=https%3A%2F%2Fimage.maxpreps.io%2Fschool-mascot%2Fd%2F1%2F1%2Fd1104824-d0fe-4341-9759-4dde17de596c.gif%3Fversion%3D638241472200000000%26amp%3Bwidth%3D128%26amp%3Bheight%3D128%26amp%3Bauto%3Dwebp%26amp%3Bformat%3Dpjpg","girl"
115,"White Plains vs Spring Garden",Girls Volleyball,"Alabama",9/21/2026,7:00pm,"The White Plains varsity volleyball team has an away non-conference match @  Spring Garden (AL) on Monday, September 21 @ 7p.","/al/volleyball/match/spring-garden-vs-white-plains-anniston/9-21-2026/?c=063b4359-49a9-4ce7-9087-9179931c4ed8","https://www.maxpreps.com/al/volleyball/match/spring-garden-vs-white-plains-anniston/9-21-2026/?c=063b4359-49a9-4ce7-9087-9179931c4ed8","/volleyball/al/ee0?9/21/2026","White Plains","Wildcats","https://www.maxpreps.com/al/spring-garden/girls-volleyball/","https://www.maxpreps.com/al/white-plains-anniston/girls-volleyball/","https://hsfootball.net/proxy.php?url=https%3A%2F%2Fimage.maxpreps.io%2Fschool-mascot%2F9%2Fe%2Fc%2F9ec0074a-bc83-475e-868a-8e7911b4461c.gif%3Fversion%3D638253705600000000%26amp%3Bwidth%3D128%26amp%3Bheight%3D128%26amp%3Bauto%3Dwebp%26amp%3Bformat%3Dpjpg","https://hsfootball.net/proxy.php?url=https%3A%2F%2Fimage.maxpreps.io%2Fschool-mascot%2F4%2Fa%2F6%2F4a64b612-46f3-4837-8342-54e27957e42b.gif%3Fversion%3D638249394600000000%26amp%3Bwidth%3D128%26amp%3Bheight%3D128%26amp%3Bauto%3Dwebp%26amp%3Bformat%3Dpjpg","girl"
116,"Escambia County vs Hatch",Girls Volleyball,"Alabama",9/21/2026,7:00pm,"The Escambia County varsity volleyball team has an away non-conference match @  Hatch (Uniontown, AL) on Monday, September 21 @ 7p.","/al/volleyball/match/escambia-county-atmore-vs-hatch-uniontown/9-21-2026/?c=a7bf23f5-d235-4e0e-97b5-c08015e5fcc0","https://www.maxpreps.com/al/volleyball/match/escambia-county-atmore-vs-hatch-uniontown/9-21-2026/?c=a7bf23f5-d235-4e0e-97b5-c08015e5fcc0","/volleyball/al/1022?9/21/2026","Escambia County","Blue Devils","https://www.maxpreps.com/al/escambia-county-atmore/girls-volleyball/","https://www.maxpreps.com/al/hatch-uniontown/girls-volleyball/","https://hsfootball.net/proxy.php?url=https%3A%2F%2Fimage.maxpreps.io%2Fschool-mascot%2F3%2F0%2Fa%2F30aefdeb-1968-42e1-af7d-58a610d14510.gif%3Fversion%3D638225146800000000%26amp%3Bwidth%3D128%26amp%3Bheight%3D128%26amp%3Bauto%3Dwebp%26amp%3Bformat%3Dpjpg","https://hsfootball.net/proxy.php?url=https%3A%2F%2Fimage.maxpreps.io%2Fschool-mascot%2F4%2Fe%2F2%2F4e27ddc5-9a4d-42ae-9e05-1de349c74838.gif%3Fversion%3D638253638400000000%26amp%3Bwidth%3D128%26amp%3Bheight%3D128%26amp%3Bauto%3Dwebp%26amp%3Bformat%3Dpjpg","girl"
117,"Clarke County vs Jackson",Girls Volleyball,"Alabama",9/21/2026,7:00pm,"The Clarke County varsity volleyball team has an away non-conference match @  Jackson (AL) on Monday, September 21 @ 7p.","/al/volleyball/match/clarke-county-grove-hill-vs-jackson/9-21-2026/?c=edad8701-8545-4ad1-8958-1b130bbbc3c4","https://www.maxpreps.com/al/volleyball/match/clarke-county-grove-hill-vs-jackson/9-21-2026/?c=edad8701-8545-4ad1-8958-1b130bbbc3c4","/volleyball/al/d93?9/21/2026","Clarke County","Bulldogs","https://www.maxpreps.com/al/clarke-county-grove-hill/girls-volleyball/","https://www.maxpreps.com/al/jackson/girls-volleyball/","https://hsfootball.net/proxy.php?url=https%3A%2F%2Fimage.maxpreps.io%2Fschool-mascot%2F0%2Ff%2F7%2F0f7f2469-caf4-4550-96af-b6275ed01e4b.gif%3Fversion%3D638215673400000000%26amp%3Bwidth%3D128%26amp%3Bheight%3D128%26amp%3Bauto%3Dwebp%26amp%3Bformat%3Dpjpg","https://hsfootball.net/proxy.php?url=https%3A%2F%2Fimage.maxpreps.io%2Fschool-mascot%2F5%2F9%2F5%2F5956e9c2-9874-4895-a497-9faa4491f221.gif%3Fversion%3D638235459000000000%26amp%3Bwidth%3D128%26amp%3Bheight%3D128%26amp%3Bauto%3Dwebp%26amp%3Bformat%3Dpjpg","girl"
118,"Cleburne County vs Munford",Girls Volleyball,"Alabama",9/21/2026,7:00pm,"The Cleburne County varsity volleyball team has an away non-conference match @  Munford (AL) on Monday, September 21 @ 7p.","/al/volleyball/match/cleburne-county-heflin-vs-munford/9-21-2026/?c=d77ee246-db43-4879-9817-2cd92b869198","https://www.maxpreps.com/al/volleyball/match/cleburne-county-heflin-vs-munford/9-21-2026/?c=d77ee246-db43-4879-9817-2cd92b869198","/volleyball/al/d00?9/21/2026","Cleburne County","Tigers","https://www.maxpreps.com/al/cleburne-county-heflin/girls-volleyball/","https://www.maxpreps.com/al/munford/girls-volleyball/","https://hsfootball.net/proxy.php?url=https%3A%2F%2Fimage.maxpreps.io%2Fschool-mascot%2F7%2F4%2F0%2F7408877a-09da-42a7-a28c-7eff37a42ae7.gif%3Fversion%3D638612339121180980%26amp%3Bwidth%3D128%26amp%3Bheight%3D128%26amp%3Bauto%3Dwebp%26amp%3Bformat%3Dpjpg","https://hsfootball.net/proxy.php?url=https%3A%2F%2Fimage.maxpreps.io%2Fschool-mascot%2Fb%2Fe%2Fd%2Fbed4f154-782c-4ecf-a4d3-529c0166cec3.gif%3Fversion%3D638241476400000000%26amp%3Bwidth%3D128%26amp%3Bheight%3D128%26amp%3Bauto%3Dwebp%26amp%3Bformat%3Dpjpg","girl"
119,"Pleasant View Christian vs Varsity Opponent",Girls Volleyball,"Alabama",9/21/2026,7:00pm,"The Pleasant View Christian varsity volleyball team has an away non-conference match @  Varsity Opponent on Monday, September 21 @ 7p.","/tn/volleyball/match/pleasant-view-christian-tn-vs-varsity-opponent-intl/9-21-2026/?c=9dcf309a-6bbb-4487-8248-6b5b6efa2b9b","https://www.maxpreps.com/tn/volleyball/match/pleasant-view-christian-tn-vs-varsity-opponent-intl/9-21-2026/?c=9dcf309a-6bbb-4487-8248-6b5b6efa2b9b","/volleyball/al/141a?9/21/2026","Pleasant View Christian","Warriors","https://www.maxpreps.com/al/pleasant-view-christian-tn/girls-volleyball/","https://www.maxpreps.com/al/varsity-opponent-intl/girls-volleyball/","https://hsfootball.net/proxy.php?url=https%3A%2F%2Fimage.maxpreps.io%2Fschool-mascot%2F2%2F7%2F7%2F277a6dee-babf-4870-b23a-617364f9b40d.gif%3Fversion%3D638671950405622840%26amp%3Bwidth%3D128%26amp%3Bheight%3D128%26amp%3Bauto%3Dwebp%26amp%3Bformat%3Dpjpg","https://hsfootball.net/proxy.php?url=https%3A%2F%2Fimage.maxpreps.io%2Fschool-mascot%2F2%2F7%2F7%2F277a6dee-babf-4870-b23a-617364f9b40d.gif%3Fversion%3D638671950405622840%26amp%3Bwidth%3D32%26amp%3Bheight%3D32%26amp%3Bauto%3Dwebp%26amp%3Bformat%3Dpjpg","girl"
120,"Warsaw vs Carroll",Girls Volleyball,"Alabama",9/21/2026,7:30pm,"The Warsaw varsity volleyball team has an away non-conference match @  Carroll (Fort Wayne, IN) on Monday, September 21 @ 7:30p.","/in/volleyball/match/carroll-fort-wayne-vs-warsaw/9-21-2026/?c=42b91287-d9b7-4b3e-8ac8-32b24dfbb5eb","https://www.maxpreps.com/in/volleyball/match/carroll-fort-wayne-vs-warsaw/9-21-2026/?c=42b91287-d9b7-4b3e-8ac8-32b24dfbb5eb","/volleyball/al/b00?9/21/2026","Warsaw","Tigers","https://www.maxpreps.com/al/carroll-fort-wayne/girls-volleyball/","https://www.maxpreps.com/al/warsaw/girls-volleyball/","https://hsfootball.net/proxy.php?url=https%3A%2F%2Fimage.maxpreps.io%2Fschool-mascot%2Ff%2Ff%2F6%2Fff6d498c-5946-4a35-842b-1e82969d7fc6.gif%3Fversion%3D638822896319675900%26amp%3Bwidth%3D128%26amp%3Bheight%3D128%26amp%3Bauto%3Dwebp%26amp%3Bformat%3Dpjpg","https://hsfootball.net/proxy.php?url=https%3A%2F%2Fimage.maxpreps.io%2Fschool-mascot%2Ff%2F0%2Fb%2Ff0bd8a6f-8424-47c9-b435-7a89dde70d28.gif%3Fversion%3D637345402200000000%26amp%3Bwidth%3D128%26amp%3Bheight%3D128%26amp%3Bauto%3Dwebp%26amp%3Bformat%3Dpjpg","girl"