1,"Elkhorn North vs Elkhorn South",Girls Volleyball,"Nebraska",9/29/2026,6:30pm,"The Elkhorn North varsity volleyball team has an away non-conference match @  Elkhorn South (Omaha, NE) on Tuesday, September 29 @ 6:30p.","/ne/volleyball/match/elkhorn-north-vs-elkhorn-south-omaha/9-29-2026/?c=f6cd1c7c-f95d-456e-97db-4d979207981e","https://www.maxpreps.com/ne/volleyball/match/elkhorn-north-vs-elkhorn-south-omaha/9-29-2026/?c=f6cd1c7c-f95d-456e-97db-4d979207981e","/volleyball/ne/e14?9/29/2026","Elkhorn North","Wolves","https://www.maxpreps.com/ne/elkhorn-north/volleyball/","https://www.maxpreps.com/ne/elkhorn-south-omaha/volleyball/","https://hsfootball.net/proxy.php?url=https%3A%2F%2Fimage.maxpreps.io%2Fschool-mascot%2F7%2Fe%2F1%2F7e1ea5e8-341e-4130-8cd4-b16c89ef5715.gif%3Fversion%3D637342196400000000%26amp%3Bwidth%3D128%26amp%3Bheight%3D128%26amp%3Bauto%3Dwebp%26amp%3Bformat%3Dpjpg","https://hsfootball.net/proxy.php?url=https%3A%2F%2Fimage.maxpreps.io%2Fschool-mascot%2F4%2F1%2F3%2F413e1096-4e73-461a-9819-55967e0f7f9f.gif%3Fversion%3D635950101600000000%26amp%3Bwidth%3D128%26amp%3Bheight%3D128%26amp%3Bauto%3Dwebp%26amp%3Bformat%3Dpjpg","girl"
2,"Bishop Neumann vs Guardian Angels Central Catholic",Girls Volleyball,"Nebraska",9/29/2026,7:00pm,"The Bishop Neumann varsity volleyball team has an away non-conference match @  Guardian Angels Central Catholic (West Point, NE) on Tuesday, September 29 @ 7p.","/ne/volleyball/match/bishop-neumann-wahoo-vs-guardian-angels-central-catholic-west-point/9-29-2026/?c=b5588a22-9b21-498a-aae6-0db8855499bd","https://www.maxpreps.com/ne/volleyball/match/bishop-neumann-wahoo-vs-guardian-angels-central-catholic-west-point/9-29-2026/?c=b5588a22-9b21-498a-aae6-0db8855499bd","/volleyball/ne/19f5?9/29/2026","Bishop Neumann","Cavaliers","https://www.maxpreps.com/ne/bishop-neumann-wahoo/volleyball/","https://www.maxpreps.com/ne/guardian-angels-central-catholic-west-point/volleyball/","https://hsfootball.net/proxy.php?url=https%3A%2F%2Fimage.maxpreps.io%2Fschool-mascot%2Fc%2Fb%2F1%2Fcb1233ec-fb68-4f82-8c25-d0a2da1b96d5.gif%3Fversion%3D635930147400000000%26amp%3Bwidth%3D128%26amp%3Bheight%3D128%26amp%3Bauto%3Dwebp%26amp%3Bformat%3Dpjpg","https://hsfootball.net/proxy.php?url=https%3A%2F%2Fimage.maxpreps.io%2Fschool-mascot%2F2%2F7%2F3%2F273609d1-2714-488d-8708-28b9a859778a.gif%3Fversion%3D635926773000000000%26amp%3Bwidth%3D128%26amp%3Bheight%3D128%26amp%3Bauto%3Dwebp%26amp%3Bformat%3Dpjpg","girl"
3,"Norris vs Gretna",Girls Volleyball,"Nebraska",9/29/2026,12:00am,"The Norris varsity volleyball team has an away non-conference match @  Gretna (NE) on Tuesday, September 29.","/ne/volleyball/match/gretna-vs-norris-firth/9-29-2026/?c=3c9b90f6-f914-495e-8b94-5c7761fa9db0","https://www.maxpreps.com/ne/volleyball/match/gretna-vs-norris-firth/9-29-2026/?c=3c9b90f6-f914-495e-8b94-5c7761fa9db0","/volleyball/ne/8ab?9/29/2026","Norris","Titans","https://www.maxpreps.com/ne/gretna/volleyball/","https://www.maxpreps.com/ne/norris-firth/volleyball/","https://hsfootball.net/proxy.php?url=https%3A%2F%2Fimage.maxpreps.io%2Fschool-mascot%2F1%2Fb%2Ff%2F1bf6d7de-f712-4719-8426-808c7ab20910.gif%3Fversion%3D635304023400000000%26amp%3Bwidth%3D128%26amp%3Bheight%3D128%26amp%3Bauto%3Dwebp%26amp%3Bformat%3Dpjpg","https://hsfootball.net/proxy.php?url=https%3A%2F%2Fimage.maxpreps.io%2Fschool-mascot%2F1%2Fb%2Ff%2F1bf6d7de-f712-4719-8426-808c7ab20910.gif%3Fversion%3D635304023400000000%26amp%3Bwidth%3D32%26amp%3Bheight%3D32%26amp%3Bauto%3Dwebp%26amp%3Bformat%3Dpjpg","girl"
4,"South Platte vs Bayard",Girls Volleyball,"Nebraska",9/29/2026,4:00pm,"The South Platte varsity volleyball team has an away non-conference match @  Bayard (NE) on Tuesday, September 29 @ 4p.","/ne/volleyball/match/bayard-vs-south-platte-big-springs/9-29-2026/?c=1204ca87-7f90-42bd-9860-661355c90cd8","https://www.maxpreps.com/ne/volleyball/match/bayard-vs-south-platte-big-springs/9-29-2026/?c=1204ca87-7f90-42bd-9860-661355c90cd8","/volleyball/ne/d32?9/29/2026","South Platte","Blue Knights","https://www.maxpreps.com/ne/bayard/volleyball/","https://www.maxpreps.com/ne/south-platte-big-springs/volleyball/","https://hsfootball.net/proxy.php?url=https%3A%2F%2Fimage.maxpreps.io%2Fschool-mascot%2F5%2F6%2Fc%2F56c1ef2c-2bc3-4830-a77f-704d44194420.gif%3Fversion%3D634963454400000000%26amp%3Bwidth%3D128%26amp%3Bheight%3D128%26amp%3Bauto%3Dwebp%26amp%3Bformat%3Dpjpg","https://hsfootball.net/proxy.php?url=https%3A%2F%2Fimage.maxpreps.io%2Fschool-mascot%2F4%2Fa%2F0%2F4a09c6cf-4a4c-4b0d-af0f-a89117fac4b3.gif%3Fversion%3D638956028569335130%26amp%3Bwidth%3D128%26amp%3Bheight%3D128%26amp%3Bauto%3Dwebp%26amp%3Bformat%3Dpjpg","girl"
5,"Minatare vs Creek Valley",Girls Volleyball,"Nebraska",9/29/2026,4:30pm,"The Minatare varsity volleyball team has an away non-conference match @  Creek Valley (Chappell, NE) on Tuesday, September 29 @ 4:30p.","/ne/volleyball/match/creek-valley-chappell-vs-minatare/9-29-2026/?c=4c447988-26cc-466a-b266-e2bc545fd6e4","https://www.maxpreps.com/ne/volleyball/match/creek-valley-chappell-vs-minatare/9-29-2026/?c=4c447988-26cc-466a-b266-e2bc545fd6e4","/volleyball/ne/cce?9/29/2026","Minatare","Indians","https://www.maxpreps.com/ne/creek-valley-chappell/volleyball/","https://www.maxpreps.com/ne/minatare/volleyball/","https://hsfootball.net/proxy.php?url=https%3A%2F%2Fimage.maxpreps.io%2Fschool-mascot%2F7%2Fc%2F1%2F7c18b2fd-91d3-448d-a728-48e6409c05db.gif%3Fversion%3D635521557600000000%26amp%3Bwidth%3D128%26amp%3Bheight%3D128%26amp%3Bauto%3Dwebp%26amp%3Bformat%3Dpjpg","https://hsfootball.net/proxy.php?url=https%3A%2F%2Fimage.maxpreps.io%2Fschool-mascot%2F3%2F9%2Fd%2F39db8ff9-6b72-4b30-9dbb-b3eb54923426.gif%3Fversion%3D636517269000000000%26amp%3Bwidth%3D128%26amp%3Bheight%3D128%26amp%3Bauto%3Dwebp%26amp%3Bformat%3Dpjpg","girl"
6,"South Platte vs Potter-Dix",Girls Volleyball,"Nebraska",9/29/2026,5:00pm,"The South Platte varsity volleyball team has a neutral non-conference match vs.  Potter-Dix (Potter, NE) on Tuesday, September 29 @ 5p.","/ne/volleyball/match/potter-dix-vs-south-platte-big-springs/9-29-2026/?c=e58fe134-cf93-436c-8658-d1d36d9c5106","https://www.maxpreps.com/ne/volleyball/match/potter-dix-vs-south-platte-big-springs/9-29-2026/?c=e58fe134-cf93-436c-8658-d1d36d9c5106","/volleyball/ne/ecf?9/29/2026","South Platte","Blue Knights","https://www.maxpreps.com/ne/potter-dix/volleyball/","https://www.maxpreps.com/ne/south-platte-big-springs/volleyball/","https://hsfootball.net/proxy.php?url=https%3A%2F%2Fimage.maxpreps.io%2Fschool-mascot%2F5%2F6%2Fc%2F56c1ef2c-2bc3-4830-a77f-704d44194420.gif%3Fversion%3D634963454400000000%26amp%3Bwidth%3D128%26amp%3Bheight%3D128%26amp%3Bauto%3Dwebp%26amp%3Bformat%3Dpjpg","https://hsfootball.net/proxy.php?url=https%3A%2F%2Fimage.maxpreps.io%2Fschool-mascot%2Fc%2Fc%2F5%2Fcc543395-e2d1-4e68-abcc-6371cf6d2bd1.gif%3Fversion%3D637079425800000000%26amp%3Bwidth%3D128%26amp%3Bheight%3D128%26amp%3Bauto%3Dwebp%26amp%3Bformat%3Dpjpg","girl"
7,"Wausa vs Hartington-Newcastle",Girls Volleyball,"Nebraska",9/29/2026,5:00pm,"The Wausa varsity volleyball team has an away non-conference match @  Hartington-Newcastle (Hartington, NE) on Tuesday, September 29 @ 5p.","/ne/volleyball/match/hartington-newcastle-vs-wausa/9-29-2026/?c=4015004d-7ea6-447e-83a2-57f482c1dc9e","https://www.maxpreps.com/ne/volleyball/match/hartington-newcastle-vs-wausa/9-29-2026/?c=4015004d-7ea6-447e-83a2-57f482c1dc9e","/volleyball/ne/b95?9/29/2026","Wausa","Vikings","https://www.maxpreps.com/ne/hartington-newcastle/volleyball/","https://www.maxpreps.com/ne/wausa/volleyball/","https://hsfootball.net/proxy.php?url=https%3A%2F%2Fimage.maxpreps.io%2Fschool-mascot%2F3%2F8%2F0%2F380a0edb-f9d0-4fc0-a310-1975b5f4b3f2.gif%3Fversion%3D635227760400000000%26amp%3Bwidth%3D128%26amp%3Bheight%3D128%26amp%3Bauto%3Dwebp%26amp%3Bformat%3Dpjpg","https://hsfootball.net/proxy.php?url=https%3A%2F%2Fimage.maxpreps.io%2Fschool-mascot%2F2%2F3%2Fb%2F23bd44e7-b476-41be-a497-93486153bd0b.gif%3Fversion%3D635852601000000000%26amp%3Bwidth%3D128%26amp%3Bheight%3D128%26amp%3Bauto%3Dwebp%26amp%3Bformat%3Dpjpg","girl"
8,"Southwest vs St. Francis",Girls Volleyball,"Nebraska",9/29/2026,5:00pm,"The Southwest varsity volleyball team has an away non-conference match @  St. Francis (KS) on Tuesday, September 29 @ 5p.","/inter-state/volleyball/match/southwest-bartley-ne-vs-st-francis-ks/9-29-2026/?c=94fb93f1-4497-485f-ac9b-cc8cc5bbc5cf","https://www.maxpreps.com/inter-state/volleyball/match/southwest-bartley-ne-vs-st-francis-ks/9-29-2026/?c=94fb93f1-4497-485f-ac9b-cc8cc5bbc5cf","/volleyball/ne/e5e?9/29/2026","Southwest","Roughriders","https://www.maxpreps.com/ne/southwest-bartley-ne/volleyball/","https://www.maxpreps.com/ne/st-francis-ks/volleyball/","https://hsfootball.net/proxy.php?url=https%3A%2F%2Fimage.maxpreps.io%2Fschool-mascot%2Fe%2Ff%2F6%2Fef67a7f8-a5de-4876-9744-5a3bfd1a900f.gif%3Fversion%3D633922230600000000%26amp%3Bwidth%3D128%26amp%3Bheight%3D128%26amp%3Bauto%3Dwebp%26amp%3Bformat%3Dpjpg","https://hsfootball.net/proxy.php?url=https%3A%2F%2Fimage.maxpreps.io%2Fschool-mascot%2Fa%2F8%2Fd%2Fa8d0a93f-d9d5-429c-b6fc-80978e54879f.gif%3Fversion%3D636857436000000000%26amp%3Bwidth%3D128%26amp%3Bheight%3D128%26amp%3Bauto%3Dwebp%26amp%3Bformat%3Dpjpg","girl"
9,"Brady vs Wallace",Girls Volleyball,"Nebraska",9/29/2026,5:00pm,"The Brady varsity volleyball team has an away non-conference match @  Wallace (NE) on Tuesday, September 29 @ 5p.","/ne/volleyball/match/brady-vs-wallace/9-29-2026/?c=d773ea0b-d1c7-44eb-a884-2c50e5d4d884","https://www.maxpreps.com/ne/volleyball/match/brady-vs-wallace/9-29-2026/?c=d773ea0b-d1c7-44eb-a884-2c50e5d4d884","/volleyball/ne/62e?9/29/2026","Brady","Eagles","https://www.maxpreps.com/ne/brady/volleyball/","https://www.maxpreps.com/ne/wallace/volleyball/","https://hsfootball.net/proxy.php?url=https%3A%2F%2Fimage.maxpreps.io%2Fschool-mascot%2Fc%2Fe%2F2%2Fce2a5b98-fc52-4fc9-a42b-62908c2b6ae3.gif%3Fversion%3D636948925200000000%26amp%3Bwidth%3D128%26amp%3Bheight%3D128%26amp%3Bauto%3Dwebp%26amp%3Bformat%3Dpjpg","https://hsfootball.net/proxy.php?url=https%3A%2F%2Fimage.maxpreps.io%2Fschool-mascot%2F1%2F2%2F4%2F124c7cbf-0931-47e8-87c3-0ecacd64a8b6.gif%3Fversion%3D637279792200000000%26amp%3Bwidth%3D128%26amp%3Bheight%3D128%26amp%3Bauto%3Dwebp%26amp%3Bformat%3Dpjpg","girl"
10,"McCook vs Cozad",Girls Volleyball,"Nebraska",9/29/2026,5:00pm,"The McCook varsity volleyball team has an away non-conference match @  Cozad (NE) on Tuesday, September 29 @ 5p.","/ne/volleyball/match/cozad-vs-mccook/9-29-2026/?c=aedb4e4c-3d97-4ef1-9c2d-a7dbb862361e","https://www.maxpreps.com/ne/volleyball/match/cozad-vs-mccook/9-29-2026/?c=aedb4e4c-3d97-4ef1-9c2d-a7dbb862361e","/volleyball/ne/5d0?9/29/2026","McCook","Bison","https://www.maxpreps.com/ne/cozad/volleyball/","https://www.maxpreps.com/ne/mccook/volleyball/","https://hsfootball.net/proxy.php?url=https%3A%2F%2Fimage.maxpreps.io%2Fschool-mascot%2Fa%2F8%2F5%2Fa8513bf2-263c-4f27-9f1b-dfcea460c611.gif%3Fversion%3D635434415400000000%26amp%3Bwidth%3D128%26amp%3Bheight%3D128%26amp%3Bauto%3Dwebp%26amp%3Bformat%3Dpjpg","https://hsfootball.net/proxy.php?url=https%3A%2F%2Fimage.maxpreps.io%2Fschool-mascot%2F1%2Fc%2Ff%2F1cf51795-6259-479b-8aa1-7a5eb6f543b5.gif%3Fversion%3D635762872800000000%26amp%3Bwidth%3D128%26amp%3Bheight%3D128%26amp%3Bauto%3Dwebp%26amp%3Bformat%3Dpjpg","girl"
11,"Wauneta-Palisade vs Dundy County-Stratton",Girls Volleyball,"Nebraska",9/29/2026,5:00pm,"The Wauneta-Palisade varsity volleyball team has an away non-conference match @  Dundy County-Stratton (Benkelman, NE) on Tuesday, September 29 @ 5p.","/ne/volleyball/match/dundy-county-stratton-benkelman-vs-wauneta-palisade/9-29-2026/?c=30be2908-a9f7-404c-a9d3-ae532f9cf2ab","https://www.maxpreps.com/ne/volleyball/match/dundy-county-stratton-benkelman-vs-wauneta-palisade/9-29-2026/?c=30be2908-a9f7-404c-a9d3-ae532f9cf2ab","/volleyball/ne/1421?9/29/2026","Wauneta-Palisade","Broncos","https://www.maxpreps.com/ne/dundy-county-stratton-benkelman/volleyball/","https://www.maxpreps.com/ne/wauneta-palisade/volleyball/","https://hsfootball.net/proxy.php?url=https%3A%2F%2Fimage.maxpreps.io%2Fschool-mascot%2F7%2F3%2F5%2F7353ece3-4d47-4966-8505-e3c44ec067bb.gif%3Fversion%3D636246425400000000%26amp%3Bwidth%3D128%26amp%3Bheight%3D128%26amp%3Bauto%3Dwebp%26amp%3Bformat%3Dpjpg","https://hsfootball.net/proxy.php?url=https%3A%2F%2Fimage.maxpreps.io%2Fschool-mascot%2F7%2F3%2F5%2F7353ece3-4d47-4966-8505-e3c44ec067bb.gif%3Fversion%3D636246425400000000%26amp%3Bwidth%3D32%26amp%3Bheight%3D32%26amp%3Bauto%3Dwebp%26amp%3Bformat%3Dpjpg","girl"
12,"Niobrara/Verdigre vs Boyd County",Girls Volleyball,"Nebraska",9/29/2026,5:00pm,"The Niobrara/Verdigre varsity volleyball team has an away non-conference match @  Boyd County (Spencer, NE) on Tuesday, September 29 @ 5p.","/ne/volleyball/match/boyd-county-spencer-vs-niobrara-verdigre/9-29-2026/?c=03fb9631-baab-4b5c-aea0-0548f365a278","https://www.maxpreps.com/ne/volleyball/match/boyd-county-spencer-vs-niobrara-verdigre/9-29-2026/?c=03fb9631-baab-4b5c-aea0-0548f365a278","/volleyball/ne/fb0?9/29/2026","Niobrara/Verdigre","Cougars","https://www.maxpreps.com/ne/boyd-county-spencer/volleyball/","https://www.maxpreps.com/ne/niobrara-verdigre/volleyball/","https://hsfootball.net/proxy.php?url=https%3A%2F%2Fimage.maxpreps.io%2Fschool-mascot%2F8%2F8%2Fd%2F88da360c-1e6a-46f1-b388-914fba2f0fff.gif%3Fversion%3D637650493200000000%26amp%3Bwidth%3D128%26amp%3Bheight%3D128%26amp%3Bauto%3Dwebp%26amp%3Bformat%3Dpjpg","https://hsfootball.net/proxy.php?url=https%3A%2F%2Fimage.maxpreps.io%2Fschool-mascot%2F2%2F7%2F1%2F271c1770-0e5a-440e-9560-c4213e4aec82.gif%3Fversion%3D636767644200000000%26amp%3Bwidth%3D128%26amp%3Bheight%3D128%26amp%3Bauto%3Dwebp%26amp%3Bformat%3Dpjpg","girl"
13,"Summerland [Clearwater/Ewing/Orchard] vs Niobrara/Verdigre",Girls Volleyball,"Nebraska",9/29/2026,5:00pm,"The Summerland [Clearwater/Ewing/Orchard] varsity volleyball team has an away non-conference match @  Niobrara/Verdigre (Niobrara, NE) on Tuesday, September 29 @ 5p.","/ne/volleyball/match/niobrara-verdigre-vs-summerland-clearwater-ewing-orchard/9-29-2026/?c=3d3f79a3-e0ce-4ddc-a1f7-f704efa56566","https://www.maxpreps.com/ne/volleyball/match/niobrara-verdigre-vs-summerland-clearwater-ewing-orchard/9-29-2026/?c=3d3f79a3-e0ce-4ddc-a1f7-f704efa56566","/volleyball/ne/15fc?9/29/2026","Summerland [Clearwater/Ewing/Orchard]","Bobcats","https://www.maxpreps.com/ne/niobrara-verdigre/volleyball/","https://www.maxpreps.com/ne/summerland-clearwater-ewing-orchard/volleyball/","https://hsfootball.net/proxy.php?url=https%3A%2F%2Fimage.maxpreps.io%2Fschool-mascot%2Fc%2Fb%2Fc%2Fcbccbba5-15e0-45b3-ba07-2a2339c045ab.gif%3Fversion%3D637200423000000000%26amp%3Bwidth%3D128%26amp%3Bheight%3D128%26amp%3Bauto%3Dwebp%26amp%3Bformat%3Dpjpg","https://hsfootball.net/proxy.php?url=https%3A%2F%2Fimage.maxpreps.io%2Fschool-mascot%2F8%2F8%2Fd%2F88da360c-1e6a-46f1-b388-914fba2f0fff.gif%3Fversion%3D637650493200000000%26amp%3Bwidth%3D128%26amp%3Bheight%3D128%26amp%3Bauto%3Dwebp%26amp%3Bformat%3Dpjpg","girl"
14,"Edgemont vs Crawford",Girls Volleyball,"Nebraska",9/29/2026,5:00pm,"The Edgemont varsity volleyball team has an away non-conference match @  Crawford (NE) on Tuesday, September 29 @ 5p.","/inter-state/volleyball/match/crawford-ne-vs-edgemont-sd/9-29-2026/?c=c932cdd8-b068-4035-b612-c5209ad43605","https://www.maxpreps.com/inter-state/volleyball/match/crawford-ne-vs-edgemont-sd/9-29-2026/?c=c932cdd8-b068-4035-b612-c5209ad43605","/volleyball/ne/9f2?9/29/2026","Edgemont","Moguls","https://www.maxpreps.com/ne/crawford-ne/volleyball/","https://www.maxpreps.com/ne/edgemont-sd/volleyball/","https://hsfootball.net/proxy.php?url=https%3A%2F%2Fimage.maxpreps.io%2Fschool-mascot%2F4%2Fa%2Fd%2F4ad26b3f-9367-4e4c-a642-e66265d087b4.gif%3Fversion%3D635562206400000000%26amp%3Bwidth%3D128%26amp%3Bheight%3D128%26amp%3Bauto%3Dwebp%26amp%3Bformat%3Dpjpg","https://hsfootball.net/proxy.php?url=https%3A%2F%2Fimage.maxpreps.io%2Fschool-mascot%2F2%2Fc%2Fc%2F2cc81e67-9965-4e60-a004-01584c2b88de.gif%3Fversion%3D635930146200000000%26amp%3Bwidth%3D128%26amp%3Bheight%3D128%26amp%3Bauto%3Dwebp%26amp%3Bformat%3Dpjpg","girl"
15,"Johnson County Central/Lewiston vs Weeping Water",Girls Volleyball,"Nebraska",9/29/2026,5:00pm,"The Johnson County Central/Lewiston varsity volleyball team has an away conference match @  Weeping Water (NE) on Tuesday, September 29 @ 5p.","/ne/volleyball/match/johnson-county-central-lewiston-tecumseh-vs-weeping-water/9-29-2026/?c=84fc640e-480b-4ca5-8746-80ce58eeb975","https://www.maxpreps.com/ne/volleyball/match/johnson-county-central-lewiston-tecumseh-vs-weeping-water/9-29-2026/?c=84fc640e-480b-4ca5-8746-80ce58eeb975","/volleyball/ne/1693?9/29/2026","Johnson County Central/Lewiston","Weeping Water","https://www.maxpreps.com/ne/johnson-county-central-lewiston-tecumseh/volleyball/","https://www.maxpreps.com/ne/weeping-water/volleyball/","https://hsfootball.net/proxy.php?url=https%3A%2F%2Fimage.maxpreps.io%2Fschool-mascot%2F4%2F6%2Fb%2F46bb2a97-3b3e-437f-8dc6-f30d19c77931.gif%3Fversion%3D636868830600000000%26amp%3Bwidth%3D128%26amp%3Bheight%3D128%26amp%3Bauto%3Dwebp%26amp%3Bformat%3Dpjpg","https://hsfootball.net/proxy.php?url=https%3A%2F%2Fimage.maxpreps.io%2Fschool-mascot%2F4%2F6%2Fb%2F46bb2a97-3b3e-437f-8dc6-f30d19c77931.gif%3Fversion%3D636868830600000000%26amp%3Bwidth%3D32%26amp%3Bheight%3D32%26amp%3Bauto%3Dwebp%26amp%3Bformat%3Dpjpg","girl"
16,"Stanton vs Tekamah-Herman",Girls Volleyball,"Nebraska",9/29/2026,5:30pm,"The Stanton varsity volleyball team has an away non-conference match @  Tekamah-Herman (Tekamah, NE) on Tuesday, September 29 @ 5:30p.","/ne/volleyball/match/stanton-vs-tekamah-herman/9-29-2026/?c=0a20eb97-1880-4e6e-b9d8-0ae5309e724d","https://www.maxpreps.com/ne/volleyball/match/stanton-vs-tekamah-herman/9-29-2026/?c=0a20eb97-1880-4e6e-b9d8-0ae5309e724d","/volleyball/ne/9cd?9/29/2026","Stanton","Mustangs","https://www.maxpreps.com/ne/stanton/volleyball/","https://www.maxpreps.com/ne/tekamah-herman/volleyball/","https://hsfootball.net/proxy.php?url=https%3A%2F%2Fimage.maxpreps.io%2Fschool-mascot%2F9%2F3%2F5%2F9358c362-d1a9-483e-bc6c-5a65f75eb05c.gif%3Fversion%3D635827451400000000%26amp%3Bwidth%3D128%26amp%3Bheight%3D128%26amp%3Bauto%3Dwebp%26amp%3Bformat%3Dpjpg","https://hsfootball.net/proxy.php?url=https%3A%2F%2Fimage.maxpreps.io%2Fschool-mascot%2Fa%2F8%2Fc%2Fa8cd0e85-192c-4ae8-af57-f5245a73b97c.gif%3Fversion%3D638289924000000000%26amp%3Bwidth%3D128%26amp%3Bheight%3D128%26amp%3Bauto%3Dwebp%26amp%3Bformat%3Dpjpg","girl"
17,"Riverside vs Palmer",Girls Volleyball,"Nebraska",9/29/2026,6:00pm,"The Riverside varsity volleyball team has an away non-conference match @  Palmer (NE) on Tuesday, September 29 @ 6p.","/ne/volleyball/match/palmer-vs-riverside-cedar-rapids/9-29-2026/?c=90c67659-4d5b-4797-a4a2-70a78080cdfd","https://www.maxpreps.com/ne/volleyball/match/palmer-vs-riverside-cedar-rapids/9-29-2026/?c=90c67659-4d5b-4797-a4a2-70a78080cdfd","/volleyball/ne/c6d?9/29/2026","Riverside","Chargers","https://www.maxpreps.com/ne/palmer/volleyball/","https://www.maxpreps.com/ne/riverside-cedar-rapids/volleyball/","https://hsfootball.net/proxy.php?url=https%3A%2F%2Fimage.maxpreps.io%2Fschool-mascot%2F4%2F6%2Fb%2F46b5c807-4f93-4e85-898d-281c391c73f1.gif%3Fversion%3D635454214200000000%26amp%3Bwidth%3D128%26amp%3Bheight%3D128%26amp%3Bauto%3Dwebp%26amp%3Bformat%3Dpjpg","https://hsfootball.net/proxy.php?url=https%3A%2F%2Fimage.maxpreps.io%2Fschool-mascot%2F5%2F2%2F9%2F52993785-f210-42bd-b052-17e0021d5a11.gif%3Fversion%3D635808430800000000%26amp%3Bwidth%3D128%26amp%3Bheight%3D128%26amp%3Bauto%3Dwebp%26amp%3Bformat%3Dpjpg","girl"
18,"Fullerton vs East Butler",Girls Volleyball,"Nebraska",9/29/2026,6:00pm,"The Fullerton varsity volleyball team has an away non-conference match @  East Butler (Brainard, NE) on Tuesday, September 29 @ 6p.","/ne/volleyball/match/east-butler-brainard-vs-fullerton/9-29-2026/?c=5ab59378-1133-4f73-adec-5304f5c84c1d","https://www.maxpreps.com/ne/volleyball/match/east-butler-brainard-vs-fullerton/9-29-2026/?c=5ab59378-1133-4f73-adec-5304f5c84c1d","/volleyball/ne/cf6?9/29/2026","Fullerton","Warriors","https://www.maxpreps.com/ne/east-butler-brainard/volleyball/","https://www.maxpreps.com/ne/fullerton/volleyball/","https://hsfootball.net/proxy.php?url=https%3A%2F%2Fimage.maxpreps.io%2Fschool-mascot%2F5%2Fb%2Fb%2F5bb35dcd-a386-4934-8d07-3cbeafbbdffc.gif%3Fversion%3D638028121800000000%26amp%3Bwidth%3D128%26amp%3Bheight%3D128%26amp%3Bauto%3Dwebp%26amp%3Bformat%3Dpjpg","https://hsfootball.net/proxy.php?url=https%3A%2F%2Fimage.maxpreps.io%2Fschool-mascot%2F7%2F6%2F0%2F7604c2c6-5bae-499b-957b-4a1863180e16.gif%3Fversion%3D636078510600000000%26amp%3Bwidth%3D128%26amp%3Bheight%3D128%26amp%3Bauto%3Dwebp%26amp%3Bformat%3Dpjpg","girl"
19,"Pawnee City vs Lewiston",Girls Volleyball,"Nebraska",9/29/2026,6:00pm,"The Pawnee City varsity volleyball team has an away non-conference match @  Lewiston (NE) on Tuesday, September 29 @ 6p.","/ne/volleyball/match/lewiston-vs-pawnee-city/9-29-2026/?c=1732e846-d118-450f-a7e2-c7ffaa614655","https://www.maxpreps.com/ne/volleyball/match/lewiston-vs-pawnee-city/9-29-2026/?c=1732e846-d118-450f-a7e2-c7ffaa614655","/volleyball/ne/91e?9/29/2026","Pawnee City","Indians","https://www.maxpreps.com/ne/lewiston/volleyball/","https://www.maxpreps.com/ne/pawnee-city/volleyball/","https://hsfootball.net/proxy.php?url=https%3A%2F%2Fimage.maxpreps.io%2Fschool-mascot%2Fd%2Fb%2Fd%2Fdbd48796-3026-4ba7-9bcc-4d1b491f0430.gif%3Fversion%3D636084221400000000%26amp%3Bwidth%3D128%26amp%3Bheight%3D128%26amp%3Bauto%3Dwebp%26amp%3Bformat%3Dpjpg","https://hsfootball.net/proxy.php?url=https%3A%2F%2Fimage.maxpreps.io%2Fschool-mascot%2Fd%2Fb%2Fd%2Fdbd48796-3026-4ba7-9bcc-4d1b491f0430.gif%3Fversion%3D636084221400000000%26amp%3Bwidth%3D32%26amp%3Bheight%3D32%26amp%3Bauto%3Dwebp%26amp%3Bformat%3Dpjpg","girl"
20,"Arcadia/Loup City vs Burwell",Girls Volleyball,"Nebraska",9/29/2026,6:00pm,"The Arcadia/Loup City varsity volleyball team has an away non-conference match @  Burwell (NE) on Tuesday, September 29 @ 6p.","/ne/volleyball/match/arcadia-loup-city-vs-burwell/9-29-2026/?c=f64ada88-14f8-4d43-8db3-f5a0e9f0efe1","https://www.maxpreps.com/ne/volleyball/match/arcadia-loup-city-vs-burwell/9-29-2026/?c=f64ada88-14f8-4d43-8db3-f5a0e9f0efe1","/volleyball/ne/ad8?9/29/2026","Arcadia/Loup City","Rebels","https://www.maxpreps.com/ne/arcadia-loup-city/volleyball/","https://www.maxpreps.com/ne/burwell/volleyball/","https://hsfootball.net/proxy.php?url=https%3A%2F%2Fimage.maxpreps.io%2Fschool-mascot%2F0%2F0%2Fd%2F00dd4d62-4c48-46b2-b237-047c81f8083c.gif%3Fversion%3D635452593600000000%26amp%3Bwidth%3D128%26amp%3Bheight%3D128%26amp%3Bauto%3Dwebp%26amp%3Bformat%3Dpjpg","https://hsfootball.net/proxy.php?url=https%3A%2F%2Fimage.maxpreps.io%2Fschool-mascot%2F2%2Fa%2F5%2F2a5632c4-f5aa-4737-891a-853673b82bbb.gif%3Fversion%3D635430878400000000%26amp%3Bwidth%3D128%26amp%3Bheight%3D128%26amp%3Bauto%3Dwebp%26amp%3Bformat%3Dpjpg","girl"
21,"McCook vs Cambridge",Girls Volleyball,"Nebraska",9/29/2026,6:00pm,"The McCook varsity volleyball team has an away non-conference match @  Cambridge (NE) on Tuesday, September 29 @ 6p.","/ne/volleyball/match/cambridge-vs-mccook/9-29-2026/?c=bc3eb0a1-0871-4c64-9be1-2eaa4a4a6d00","https://www.maxpreps.com/ne/volleyball/match/cambridge-vs-mccook/9-29-2026/?c=bc3eb0a1-0871-4c64-9be1-2eaa4a4a6d00","/volleyball/ne/75d?9/29/2026","McCook","Bison","https://www.maxpreps.com/ne/cambridge/volleyball/","https://www.maxpreps.com/ne/mccook/volleyball/","https://hsfootball.net/proxy.php?url=https%3A%2F%2Fimage.maxpreps.io%2Fschool-mascot%2Fa%2F8%2F5%2Fa8513bf2-263c-4f27-9f1b-dfcea460c611.gif%3Fversion%3D635434415400000000%26amp%3Bwidth%3D128%26amp%3Bheight%3D128%26amp%3Bauto%3Dwebp%26amp%3Bformat%3Dpjpg","https://hsfootball.net/proxy.php?url=https%3A%2F%2Fimage.maxpreps.io%2Fschool-mascot%2F5%2F9%2F6%2F5965cbaf-1f23-49d6-993d-cd4b74248315.gif%3Fversion%3D637715194800000000%26amp%3Bwidth%3D128%26amp%3Bheight%3D128%26amp%3Bauto%3Dwebp%26amp%3Bformat%3Dpjpg","girl"
22,"Gordon-Rushville vs Chadron",Girls Volleyball,"Nebraska",9/29/2026,6:00pm,"The Gordon-Rushville varsity volleyball team has an away non-conference match @  Chadron (NE) on Tuesday, September 29 @ 6p.","/ne/volleyball/match/chadron-vs-gordon-rushville/9-29-2026/?c=53f26613-6fd8-4e80-b6e5-75e0baafd1d5","https://www.maxpreps.com/ne/volleyball/match/chadron-vs-gordon-rushville/9-29-2026/?c=53f26613-6fd8-4e80-b6e5-75e0baafd1d5","/volleyball/ne/ab6?9/29/2026","Gordon-Rushville","Mustangs","https://www.maxpreps.com/ne/chadron/volleyball/","https://www.maxpreps.com/ne/gordon-rushville/volleyball/","https://hsfootball.net/proxy.php?url=https%3A%2F%2Fimage.maxpreps.io%2Fschool-mascot%2F5%2F0%2F0%2F500d223a-03ea-4ba7-a189-543148383a93.gif%3Fversion%3D636194265600000000%26amp%3Bwidth%3D128%26amp%3Bheight%3D128%26amp%3Bauto%3Dwebp%26amp%3Bformat%3Dpjpg","https://hsfootball.net/proxy.php?url=https%3A%2F%2Fimage.maxpreps.io%2Fschool-mascot%2F2%2Fa%2F0%2F2a034c72-1a14-48e3-b5ad-d7963990425f.gif%3Fversion%3D635531944800000000%26amp%3Bwidth%3D128%26amp%3Bheight%3D128%26amp%3Bauto%3Dwebp%26amp%3Bformat%3Dpjpg","girl"
23,"Bertrand vs Axtell",Girls Volleyball,"Nebraska",9/29/2026,6:00pm,"The Bertrand varsity volleyball team has an away non-conference match @  Axtell (NE) on Tuesday, September 29 @ 6p.","/ne/volleyball/match/axtell-vs-bertrand/9-29-2026/?c=c42c8579-1f66-44e2-9aa3-712c36756e77","https://www.maxpreps.com/ne/volleyball/match/axtell-vs-bertrand/9-29-2026/?c=c42c8579-1f66-44e2-9aa3-712c36756e77","/volleyball/ne/71f?9/29/2026","Bertrand","Vikings","https://www.maxpreps.com/ne/axtell/volleyball/","https://www.maxpreps.com/ne/bertrand/volleyball/","https://hsfootball.net/proxy.php?url=https%3A%2F%2Fimage.maxpreps.io%2Fschool-mascot%2F5%2Fd%2F4%2F5d49e970-9415-4fe7-b9f5-abafe607a573.gif%3Fversion%3D635866483200000000%26amp%3Bwidth%3D128%26amp%3Bheight%3D128%26amp%3Bauto%3Dwebp%26amp%3Bformat%3Dpjpg","https://hsfootball.net/proxy.php?url=https%3A%2F%2Fimage.maxpreps.io%2Fschool-mascot%2F5%2Fd%2F4%2F5d49e970-9415-4fe7-b9f5-abafe607a573.gif%3Fversion%3D635866483200000000%26amp%3Bwidth%3D32%26amp%3Bheight%3D32%26amp%3Bauto%3Dwebp%26amp%3Bformat%3Dpjpg","girl"
24,"Chambers/Wheeler Central vs Osmond",Girls Volleyball,"Nebraska",9/29/2026,6:00pm,"The Chambers/Wheeler Central varsity volleyball team has an away non-conference match @  Osmond (NE) on Tuesday, September 29 @ 6p.","/ne/volleyball/match/chambers-wheeler-central-vs-osmond/9-29-2026/?c=253290f6-abf1-4d4d-805f-b120d3231e55","https://www.maxpreps.com/ne/volleyball/match/chambers-wheeler-central-vs-osmond/9-29-2026/?c=253290f6-abf1-4d4d-805f-b120d3231e55","/volleyball/ne/d47?9/29/2026","Chambers/Wheeler Central","Renegades","https://www.maxpreps.com/ne/chambers-wheeler-central/volleyball/","https://www.maxpreps.com/ne/osmond/volleyball/","https://hsfootball.net/proxy.php?url=https%3A%2F%2Fimage.maxpreps.io%2Fschool-mascot%2F3%2F0%2F1%2F301adc0b-6ec1-4f01-9800-186f28d1917d.gif%3Fversion%3D634889044200000000%26amp%3Bwidth%3D128%26amp%3Bheight%3D128%26amp%3Bauto%3Dwebp%26amp%3Bformat%3Dpjpg","https://hsfootball.net/proxy.php?url=https%3A%2F%2Fimage.maxpreps.io%2Fschool-mascot%2F9%2F6%2F8%2F96874d84-432b-431a-96d4-a2ac7547be6c.gif%3Fversion%3D635833394400000000%26amp%3Bwidth%3D128%26amp%3Bheight%3D128%26amp%3Bauto%3Dwebp%26amp%3Bformat%3Dpjpg","girl"
25,"Blue Hill vs Pleasanton",Girls Volleyball,"Nebraska",9/29/2026,6:00pm,"The Blue Hill varsity volleyball team has an away non-conference match @  Pleasanton (NE) on Tuesday, September 29 @ 6p.","/ne/volleyball/match/blue-hill-vs-pleasanton/9-29-2026/?c=d7e8f07a-d634-446f-989e-f4ccaf5c5f53","https://www.maxpreps.com/ne/volleyball/match/blue-hill-vs-pleasanton/9-29-2026/?c=d7e8f07a-d634-446f-989e-f4ccaf5c5f53","/volleyball/ne/8f6?9/29/2026","Blue Hill","Bobcats","https://www.maxpreps.com/ne/blue-hill/volleyball/","https://www.maxpreps.com/ne/pleasanton/volleyball/","https://hsfootball.net/proxy.php?url=https%3A%2F%2Fimage.maxpreps.io%2Fschool-mascot%2F4%2F1%2Ff%2F41ff579c-e04e-4021-960f-e7bd0c65ff8d.gif%3Fversion%3D636064381200000000%26amp%3Bwidth%3D128%26amp%3Bheight%3D128%26amp%3Bauto%3Dwebp%26amp%3Bformat%3Dpjpg","https://hsfootball.net/proxy.php?url=https%3A%2F%2Fimage.maxpreps.io%2Fschool-mascot%2Fa%2F6%2F0%2Fa6008467-26d1-4e16-98cb-eb423b313689.gif%3Fversion%3D636419698200000000%26amp%3Bwidth%3D128%26amp%3Bheight%3D128%26amp%3Bauto%3Dwebp%26amp%3Bformat%3Dpjpg","girl"
26,"Lincoln East vs Standing Bear",Girls Volleyball,"Nebraska",9/29/2026,6:00pm,"The Lincoln East varsity volleyball team has an away non-conference match @  Standing Bear (Lincoln, NE) on Tuesday, September 29 @ 6p.","/ne/volleyball/match/lincoln-east-martin-the-spartan-vs-standing-bear-lincoln/9-29-2026/?c=53415387-a6f6-4641-b7f3-61c110725da5","https://www.maxpreps.com/ne/volleyball/match/lincoln-east-martin-the-spartan-vs-standing-bear-lincoln/9-29-2026/?c=53415387-a6f6-4641-b7f3-61c110725da5","/volleyball/ne/1593?9/29/2026","Lincoln East","Spartans","https://www.maxpreps.com/ne/lincoln-east-martin-the-spartan/volleyball/","https://www.maxpreps.com/ne/standing-bear-lincoln/volleyball/","https://hsfootball.net/proxy.php?url=https%3A%2F%2Fimage.maxpreps.io%2Fschool-mascot%2F2%2F8%2F1%2F28135270-4007-4422-bc1e-71d645736730.gif%3Fversion%3D635783347800000000%26amp%3Bwidth%3D128%26amp%3Bheight%3D128%26amp%3Bauto%3Dwebp%26amp%3Bformat%3Dpjpg","https://hsfootball.net/proxy.php?url=https%3A%2F%2Fimage.maxpreps.io%2Fschool-mascot%2Ff%2F6%2Ff%2Ff6f7de10-227f-445a-b022-a3f95549f6d3.gif%3Fversion%3D638464447200000000%26amp%3Bwidth%3D128%26amp%3Bheight%3D128%26amp%3Bauto%3Dwebp%26amp%3Bformat%3Dpjpg","girl"
27,"Lincoln North Star vs Norfolk",Girls Volleyball,"Nebraska",9/29/2026,6:00pm,"The Lincoln North Star varsity volleyball team has an away conference match @  Norfolk (NE) on Tuesday, September 29 @ 6p.","/ne/volleyball/match/lincoln-north-star-gators-vs-norfolk/9-29-2026/?c=4cda3555-2916-402d-af69-022713a49f9a","https://www.maxpreps.com/ne/volleyball/match/lincoln-north-star-gators-vs-norfolk/9-29-2026/?c=4cda3555-2916-402d-af69-022713a49f9a","/volleyball/ne/e29?9/29/2026","Lincoln North Star","Navigators","https://www.maxpreps.com/ne/lincoln-north-star-gators/volleyball/","https://www.maxpreps.com/ne/norfolk/volleyball/","https://hsfootball.net/proxy.php?url=https%3A%2F%2Fimage.maxpreps.io%2Fschool-mascot%2F8%2Fe%2F2%2F8e2508da-6d85-4b5c-ac76-65ec31b4e617.gif%3Fversion%3D635761956600000000%26amp%3Bwidth%3D128%26amp%3Bheight%3D128%26amp%3Bauto%3Dwebp%26amp%3Bformat%3Dpjpg","https://hsfootball.net/proxy.php?url=https%3A%2F%2Fimage.maxpreps.io%2Fschool-mascot%2F6%2F8%2F1%2F6819c759-02e2-400d-94ed-0e9e83a00dbd.gif%3Fversion%3D635930151000000000%26amp%3Bwidth%3D128%26amp%3Bheight%3D128%26amp%3Bauto%3Dwebp%26amp%3Bformat%3Dpjpg","girl"
28,"Duchesne vs South Sioux City",Girls Volleyball,"Nebraska",9/29/2026,6:00pm,"The Duchesne varsity volleyball team has an away non-conference match @  South Sioux City (NE) on Tuesday, September 29 @ 6p.","/ne/volleyball/match/duchesne-omaha-vs-south-sioux-city/9-29-2026/?c=c9e04b27-98d4-466a-857f-eb9a1e30da5f","https://www.maxpreps.com/ne/volleyball/match/duchesne-omaha-vs-south-sioux-city/9-29-2026/?c=c9e04b27-98d4-466a-857f-eb9a1e30da5f","/volleyball/ne/d43?9/29/2026","Duchesne","Cardinals","https://www.maxpreps.com/ne/duchesne-omaha/volleyball/","https://www.maxpreps.com/ne/south-sioux-city/volleyball/","https://hsfootball.net/proxy.php?url=https%3A%2F%2Fimage.maxpreps.io%2Fschool-mascot%2Fe%2Fd%2F2%2Fed29eb4d-0367-43cf-b18c-49f27b6ee8b1.gif%3Fversion%3D637424925000000000%26amp%3Bwidth%3D128%26amp%3Bheight%3D128%26amp%3Bauto%3Dwebp%26amp%3Bformat%3Dpjpg","https://hsfootball.net/proxy.php?url=https%3A%2F%2Fimage.maxpreps.io%2Fschool-mascot%2F2%2F7%2Ff%2F27fcfff6-e503-4dd9-b82c-2ca9443d648a.gif%3Fversion%3D634938360000000000%26amp%3Bwidth%3D128%26amp%3Bheight%3D128%26amp%3Bauto%3Dwebp%26amp%3Bformat%3Dpjpg","girl"
29,"Lincoln Southeast vs Lincoln Northeast",Girls Volleyball,"Nebraska",9/29/2026,6:00pm,"The Lincoln Southeast varsity volleyball team has an away conference match @  Lincoln Northeast (Lincoln, NE) on Tuesday, September 29 @ 6p.","/ne/volleyball/match/lincoln-northeast-vs-lincoln-southeast/9-29-2026/?c=02c00c34-7360-4647-b8dc-8632ef720e58","https://www.maxpreps.com/ne/volleyball/match/lincoln-northeast-vs-lincoln-southeast/9-29-2026/?c=02c00c34-7360-4647-b8dc-8632ef720e58","/volleyball/ne/f33?9/29/2026","Lincoln Southeast","Knights","https://www.maxpreps.com/ne/lincoln-northeast/volleyball/","https://www.maxpreps.com/ne/lincoln-southeast/volleyball/","https://hsfootball.net/proxy.php?url=https%3A%2F%2Fimage.maxpreps.io%2Fschool-mascot%2Ff%2Fc%2F4%2Ffc424f3f-4f14-4494-9153-050f3a4389e2.gif%3Fversion%3D635102544600000000%26amp%3Bwidth%3D128%26amp%3Bheight%3D128%26amp%3Bauto%3Dwebp%26amp%3Bformat%3Dpjpg","https://hsfootball.net/proxy.php?url=https%3A%2F%2Fimage.maxpreps.io%2Fschool-mascot%2Fa%2F1%2Fb%2Fa1bb9fed-5304-4d3c-a388-5b04e99c1d51.gif%3Fversion%3D635582230200000000%26amp%3Bwidth%3D128%26amp%3Bheight%3D128%26amp%3Bauto%3Dwebp%26amp%3Bformat%3Dpjpg","girl"
30,"Omaha Northwest vs Bellevue West",Girls Volleyball,"Nebraska",9/29/2026,6:00pm,"The Omaha Northwest varsity volleyball team has an away conference match @  Bellevue West (Bellevue, NE) on Tuesday, September 29 @ 6p.","/ne/volleyball/match/bellevue-west-vs-omaha-northwest/9-29-2026/?c=990214e2-54c4-4d12-9aea-dc7794946f20","https://www.maxpreps.com/ne/volleyball/match/bellevue-west-vs-omaha-northwest/9-29-2026/?c=990214e2-54c4-4d12-9aea-dc7794946f20","/volleyball/ne/ca8?9/29/2026","Omaha Northwest","Huskies","https://www.maxpreps.com/ne/bellevue-west/volleyball/","https://www.maxpreps.com/ne/omaha-northwest/volleyball/","https://hsfootball.net/proxy.php?url=https%3A%2F%2Fimage.maxpreps.io%2Fschool-mascot%2Fe%2Ff%2F9%2Fef9309ad-1a6c-4af2-af58-344ac147d39b.gif%3Fversion%3D636238962600000000%26amp%3Bwidth%3D128%26amp%3Bheight%3D128%26amp%3Bauto%3Dwebp%26amp%3Bformat%3Dpjpg","https://hsfootball.net/proxy.php?url=https%3A%2F%2Fimage.maxpreps.io%2Fschool-mascot%2Fc%2F4%2F9%2Fc49c69d4-d7a0-427c-8db8-ccd6620d9ad1.gif%3Fversion%3D635926773600000000%26amp%3Bwidth%3D128%26amp%3Bheight%3D128%26amp%3Bauto%3Dwebp%26amp%3Bformat%3Dpjpg","girl"
31,"Loomis vs Southwest",Girls Volleyball,"Nebraska",9/29/2026,6:00pm,"The Loomis varsity volleyball team has an away non-conference match @  Southwest (Bartley, NE) on Tuesday, September 29 @ 6p.","/ne/volleyball/match/loomis-vs-southwest-bartley/9-29-2026/?c=de5c9d86-94c2-4e1b-958d-af8d797ac1f0","https://www.maxpreps.com/ne/volleyball/match/loomis-vs-southwest-bartley/9-29-2026/?c=de5c9d86-94c2-4e1b-958d-af8d797ac1f0","/volleyball/ne/aec?9/29/2026","Loomis","Wolves","https://www.maxpreps.com/ne/loomis/volleyball/","https://www.maxpreps.com/ne/southwest-bartley/volleyball/","https://hsfootball.net/proxy.php?url=https%3A%2F%2Fimage.maxpreps.io%2Fschool-mascot%2Fc%2Ff%2F4%2Fcf48cc13-6bee-40bf-b4d6-280fd654f8a4.gif%3Fversion%3D637726544400000000%26amp%3Bwidth%3D128%26amp%3Bheight%3D128%26amp%3Bauto%3Dwebp%26amp%3Bformat%3Dpjpg","https://hsfootball.net/proxy.php?url=https%3A%2F%2Fimage.maxpreps.io%2Fschool-mascot%2Fe%2Ff%2F6%2Fef67a7f8-a5de-4876-9744-5a3bfd1a900f.gif%3Fversion%3D633922230600000000%26amp%3Bwidth%3D128%26amp%3Bheight%3D128%26amp%3Bauto%3Dwebp%26amp%3Bformat%3Dpjpg","girl"
32,"Falls City vs West Nodaway",Girls Volleyball,"Nebraska",9/29/2026,6:00pm,"The Falls City varsity volleyball team has an away non-conference match @  West Nodaway (Burlington Junction, MO) on Tuesday, September 29 @ 6p.","/inter-state/volleyball/match/falls-city-ne-vs-west-nodaway-burlington-junction-mo/9-29-2026/?c=2e7e0979-299b-4baa-a44a-b5ee60ed7016","https://www.maxpreps.com/inter-state/volleyball/match/falls-city-ne-vs-west-nodaway-burlington-junction-mo/9-29-2026/?c=2e7e0979-299b-4baa-a44a-b5ee60ed7016","/volleyball/ne/142f?9/29/2026","Falls City","Tigers","https://www.maxpreps.com/ne/falls-city-ne/volleyball/","https://www.maxpreps.com/ne/west-nodaway-burlington-junction-mo/volleyball/","https://hsfootball.net/proxy.php?url=https%3A%2F%2Fimage.maxpreps.io%2Fschool-mascot%2F6%2F3%2F4%2F63443c14-b3d6-49ff-a17a-91832a644cca.gif%3Fversion%3D637636476600000000%26amp%3Bwidth%3D128%26amp%3Bheight%3D128%26amp%3Bauto%3Dwebp%26amp%3Bformat%3Dpjpg","https://hsfootball.net/proxy.php?url=https%3A%2F%2Fimage.maxpreps.io%2Fschool-mascot%2Ff%2F8%2F4%2Ff84a0d9d-2fb1-435e-9d4a-018dc5b01f8b.gif%3Fversion%3D636794377800000000%26amp%3Bwidth%3D128%26amp%3Bheight%3D128%26amp%3Bauto%3Dwebp%26amp%3Bformat%3Dpjpg","girl"
33,"Kearney vs Lincoln Southwest",Girls Volleyball,"Nebraska",9/29/2026,6:00pm,"The Kearney varsity volleyball team has an away conference match @  Lincoln Southwest (Lincoln, NE) on Tuesday, September 29 @ 6p.","/ne/volleyball/match/kearney-vs-lincoln-southwest/9-29-2026/?c=d96fc7d7-636c-44a2-aff7-2ec24845015b","https://www.maxpreps.com/ne/volleyball/match/kearney-vs-lincoln-southwest/9-29-2026/?c=d96fc7d7-636c-44a2-aff7-2ec24845015b","/volleyball/ne/b44?9/29/2026","Kearney","Bearcats","https://www.maxpreps.com/ne/kearney/volleyball/","https://www.maxpreps.com/ne/lincoln-southwest/volleyball/","https://hsfootball.net/proxy.php?url=https%3A%2F%2Fimage.maxpreps.io%2Fschool-mascot%2F8%2Fa%2F8%2F8a8b34e9-be82-45ad-b20c-261cd03c3759.gif%3Fversion%3D635413848600000000%26amp%3Bwidth%3D128%26amp%3Bheight%3D128%26amp%3Bauto%3Dwebp%26amp%3Bformat%3Dpjpg","https://hsfootball.net/proxy.php?url=https%3A%2F%2Fimage.maxpreps.io%2Fschool-mascot%2F7%2F1%2F7%2F717178fb-ff6d-4ffe-af34-db2beedab36c.gif%3Fversion%3D636557461800000000%26amp%3Bwidth%3D128%26amp%3Bheight%3D128%26amp%3Bauto%3Dwebp%26amp%3Bformat%3Dpjpg","girl"
34,"Conestoga vs Plattsmouth",Girls Volleyball,"Nebraska",9/29/2026,6:00pm,"The Conestoga varsity volleyball team has an away non-conference match @  Plattsmouth (NE) on Tuesday, September 29 @ 6p.","/ne/volleyball/match/conestoga-murray-vs-plattsmouth/9-29-2026/?c=df4f4fbb-1530-4c07-94f8-ef16e40b66aa","https://www.maxpreps.com/ne/volleyball/match/conestoga-murray-vs-plattsmouth/9-29-2026/?c=df4f4fbb-1530-4c07-94f8-ef16e40b66aa","/volleyball/ne/c98?9/29/2026","Conestoga","Cougars","https://www.maxpreps.com/ne/conestoga-murray/volleyball/","https://www.maxpreps.com/ne/plattsmouth/volleyball/","https://hsfootball.net/proxy.php?url=https%3A%2F%2Fimage.maxpreps.io%2Fschool-mascot%2F8%2F3%2F5%2F835825ca-9140-4be8-b990-b784e1c38db9.gif%3Fversion%3D637403572200000000%26amp%3Bwidth%3D128%26amp%3Bheight%3D128%26amp%3Bauto%3Dwebp%26amp%3Bformat%3Dpjpg","https://hsfootball.net/proxy.php?url=https%3A%2F%2Fimage.maxpreps.io%2Fschool-mascot%2F7%2F4%2F3%2F7432d968-7238-4484-8297-5bac3097d6d6.gif%3Fversion%3D639237801291292020%26amp%3Bwidth%3D128%26amp%3Bheight%3D128%26amp%3Bauto%3Dwebp%26amp%3Bformat%3Dpjpg","girl"
35,"Gretna East vs Blair",Girls Volleyball,"Nebraska",9/29/2026,6:00pm,"The Gretna East varsity volleyball team has an away conference match @  Blair (NE) on Tuesday, September 29 @ 6p.","/ne/volleyball/match/blair-vs-gretna-east/9-29-2026/?c=510aa7dc-4d21-43bc-b5c8-3fb9c670ab72","https://www.maxpreps.com/ne/volleyball/match/blair-vs-gretna-east/9-29-2026/?c=510aa7dc-4d21-43bc-b5c8-3fb9c670ab72","/volleyball/ne/7a8?9/29/2026","Gretna East","Griffins","https://www.maxpreps.com/ne/blair/volleyball/","https://www.maxpreps.com/ne/gretna-east/volleyball/","https://hsfootball.net/proxy.php?url=https%3A%2F%2Fimage.maxpreps.io%2Fschool-mascot%2Fe%2F1%2Fd%2Fe1d2b01c-f2c8-403b-9ca7-465d7fb615fc.gif%3Fversion%3D638272791600000000%26amp%3Bwidth%3D128%26amp%3Bheight%3D128%26amp%3Bauto%3Dwebp%26amp%3Bformat%3Dpjpg","https://hsfootball.net/proxy.php?url=https%3A%2F%2Fimage.maxpreps.io%2Fschool-mascot%2F8%2Fb%2Fe%2F8be13299-07f8-4d6f-a103-f41f30a414db.gif%3Fversion%3D635192347200000000%26amp%3Bwidth%3D128%26amp%3Bheight%3D128%26amp%3Bauto%3Dwebp%26amp%3Bformat%3Dpjpg","girl"
36,"Ashland-Greenwood vs Beatrice",Girls Volleyball,"Nebraska",9/29/2026,6:00pm,"The Ashland-Greenwood varsity volleyball team has an away non-conference match @  Beatrice (NE) on Tuesday, September 29 @ 6p.","/ne/volleyball/match/ashland-greenwood-vs-beatrice/9-29-2026/?c=31f5ce61-9dd1-4d39-af0a-d882ab9f4e3c","https://www.maxpreps.com/ne/volleyball/match/ashland-greenwood-vs-beatrice/9-29-2026/?c=31f5ce61-9dd1-4d39-af0a-d882ab9f4e3c","/volleyball/ne/b54?9/29/2026","Ashland-Greenwood","Bluejays","https://www.maxpreps.com/ne/ashland-greenwood/volleyball/","https://www.maxpreps.com/ne/beatrice/volleyball/","https://hsfootball.net/proxy.php?url=https%3A%2F%2Fimage.maxpreps.io%2Fschool-mascot%2Fa%2F0%2F9%2Fa09e98d4-bae4-4c80-8b92-47e70d1eec6f.gif%3Fversion%3D634813167000000000%26amp%3Bwidth%3D128%26amp%3Bheight%3D128%26amp%3Bauto%3Dwebp%26amp%3Bformat%3Dpjpg","https://hsfootball.net/proxy.php?url=https%3A%2F%2Fimage.maxpreps.io%2Fschool-mascot%2Ff%2Fd%2F6%2Ffd67b59a-6b3b-4820-ae67-0d80f82eff6b.gif%3Fversion%3D637671046800000000%26amp%3Bwidth%3D128%26amp%3Bheight%3D128%26amp%3Bauto%3Dwebp%26amp%3Bformat%3Dpjpg","girl"
37,"Brady vs Maywood/Hayes Center",Girls Volleyball,"Nebraska",9/29/2026,6:00pm,"The Brady varsity volleyball team has an away non-conference match @  Maywood/Hayes Center (Maywood, NE) on Tuesday, September 29 @ 6p.","/ne/volleyball/match/brady-vs-maywood-hayes-center/9-29-2026/?c=8f70c8a1-5665-40ba-8d86-44b27f473082","https://www.maxpreps.com/ne/volleyball/match/brady-vs-maywood-hayes-center/9-29-2026/?c=8f70c8a1-5665-40ba-8d86-44b27f473082","/volleyball/ne/b4a?9/29/2026","Brady","Eagles","https://www.maxpreps.com/ne/brady/volleyball/","https://www.maxpreps.com/ne/maywood-hayes-center/volleyball/","https://hsfootball.net/proxy.php?url=https%3A%2F%2Fimage.maxpreps.io%2Fschool-mascot%2Fc%2Fe%2F2%2Fce2a5b98-fc52-4fc9-a42b-62908c2b6ae3.gif%3Fversion%3D636948925200000000%26amp%3Bwidth%3D128%26amp%3Bheight%3D128%26amp%3Bauto%3Dwebp%26amp%3Bformat%3Dpjpg","https://hsfootball.net/proxy.php?url=https%3A%2F%2Fimage.maxpreps.io%2Fschool-mascot%2F7%2F3%2F3%2F73327b2a-fe7a-4a40-a0d6-63bd3773a166.gif%3Fversion%3D639008655366302290%26amp%3Bwidth%3D128%26amp%3Bheight%3D128%26amp%3Bauto%3Dwebp%26amp%3Bformat%3Dpjpg","girl"
38,"Grand Island vs Lincoln High",Girls Volleyball,"Nebraska",9/29/2026,6:30pm,"The Grand Island varsity volleyball team has an away conference match @  Lincoln High (Lincoln, NE) on Tuesday, September 29 @ 6:30p.","/ne/volleyball/match/grand-island-vs-lincoln-high/9-29-2026/?c=af42e41e-ced3-4f49-aba7-10ed5def4e39","https://www.maxpreps.com/ne/volleyball/match/grand-island-vs-lincoln-high/9-29-2026/?c=af42e41e-ced3-4f49-aba7-10ed5def4e39","/volleyball/ne/ab3?9/29/2026","Grand Island","Islanders","https://www.maxpreps.com/ne/grand-island/volleyball/","https://www.maxpreps.com/ne/lincoln-high/volleyball/","https://hsfootball.net/proxy.php?url=https%3A%2F%2Fimage.maxpreps.io%2Fschool-mascot%2F0%2Ff%2F9%2F0f9db2ed-0b7d-40f6-8ffa-afb52e24bc10.gif%3Fversion%3D636436117800000000%26amp%3Bwidth%3D128%26amp%3Bheight%3D128%26amp%3Bauto%3Dwebp%26amp%3Bformat%3Dpjpg","https://hsfootball.net/proxy.php?url=https%3A%2F%2Fimage.maxpreps.io%2Fschool-mascot%2Fc%2F9%2F2%2Fc92b799b-67a4-4913-8ec7-3c7923edde86.gif%3Fversion%3D637595113200000000%26amp%3Bwidth%3D128%26amp%3Bheight%3D128%26amp%3Bauto%3Dwebp%26amp%3Bformat%3Dpjpg","girl"
39,"Hastings vs Waverly",Girls Volleyball,"Nebraska",9/29/2026,6:30pm,"The Hastings varsity volleyball team has an away non-conference match @  Waverly (NE) on Tuesday, September 29 @ 6:30p.","/ne/volleyball/match/hastings-vs-waverly/9-29-2026/?c=d324a2ed-d503-49fe-ba38-a1dc35c93f95","https://www.maxpreps.com/ne/volleyball/match/hastings-vs-waverly/9-29-2026/?c=d324a2ed-d503-49fe-ba38-a1dc35c93f95","/volleyball/ne/7ae?9/29/2026","Hastings","Tigers","https://www.maxpreps.com/ne/hastings/volleyball/","https://www.maxpreps.com/ne/waverly/volleyball/","https://hsfootball.net/proxy.php?url=https%3A%2F%2Fimage.maxpreps.io%2Fschool-mascot%2F0%2Fb%2F5%2F0b560b00-ee4f-4fda-b461-590434922fee.gif%3Fversion%3D638170519800000000%26amp%3Bwidth%3D128%26amp%3Bheight%3D128%26amp%3Bauto%3Dwebp%26amp%3Bformat%3Dpjpg","https://hsfootball.net/proxy.php?url=https%3A%2F%2Fimage.maxpreps.io%2Fschool-mascot%2Ff%2Fd%2Fd%2Ffdd2ecbc-223b-4e30-9b80-f0d0976f72a7.gif%3Fversion%3D636537171000000000%26amp%3Bwidth%3D128%26amp%3Bheight%3D128%26amp%3Bauto%3Dwebp%26amp%3Bformat%3Dpjpg","girl"
40,"Papillion-LaVista South vs Fremont",Girls Volleyball,"Nebraska",9/29/2026,6:30pm,"The Papillion-LaVista South varsity volleyball team has an away conference match @  Fremont (NE) on Tuesday, September 29 @ 6:30p.","/ne/volleyball/match/fremont-vs-papillion-lavista-south/9-29-2026/?c=da4b488f-9fb6-429c-9ed8-548d8ba9e0e8","https://www.maxpreps.com/ne/volleyball/match/fremont-vs-papillion-lavista-south/9-29-2026/?c=da4b488f-9fb6-429c-9ed8-548d8ba9e0e8","/volleyball/ne/d87?9/29/2026","Papillion-LaVista South","Titans","https://www.maxpreps.com/ne/fremont/volleyball/","https://www.maxpreps.com/ne/papillion-lavista-south/volleyball/","https://hsfootball.net/proxy.php?url=https%3A%2F%2Fimage.maxpreps.io%2Fschool-mascot%2F6%2F1%2F1%2F61138e2f-e3d8-444e-8edc-080fe0ab37de.gif%3Fversion%3D635793752400000000%26amp%3Bwidth%3D128%26amp%3Bheight%3D128%26amp%3Bauto%3Dwebp%26amp%3Bformat%3Dpjpg","https://hsfootball.net/proxy.php?url=https%3A%2F%2Fimage.maxpreps.io%2Fschool-mascot%2F4%2Fd%2Fd%2F4ddba1f0-39f9-491a-8d29-cb3330416b0e.gif%3Fversion%3D634333526400000000%26amp%3Bwidth%3D128%26amp%3Bheight%3D128%26amp%3Bauto%3Dwebp%26amp%3Bformat%3Dpjpg","girl"
41,"Benson vs Burke",Girls Volleyball,"Nebraska",9/29/2026,6:30pm,"The Benson varsity volleyball team has an away conference match @  Burke (Omaha, NE) on Tuesday, September 29 @ 6:30p.","/ne/volleyball/match/benson-omaha-vs-burke-omaha/9-29-2026/?c=6b1f4338-4a0d-4da1-a99d-6f96ede4687d","https://www.maxpreps.com/ne/volleyball/match/benson-omaha-vs-burke-omaha/9-29-2026/?c=6b1f4338-4a0d-4da1-a99d-6f96ede4687d","/volleyball/ne/a47?9/29/2026","Benson","Mighty Bunnies","https://www.maxpreps.com/ne/benson-omaha/girls-volleyball/","https://www.maxpreps.com/ne/burke-omaha/girls-volleyball/","https://hsfootball.net/proxy.php?url=https%3A%2F%2Fimage.maxpreps.io%2Fschool-mascot%2F7%2Fe%2Fa%2F7ea41005-27cc-413a-9dd7-7867e2fe1d54.gif%3Fversion%3D635127721800000000%26amp%3Bwidth%3D128%26amp%3Bheight%3D128%26amp%3Bauto%3Dwebp%26amp%3Bformat%3Dpjpg","https://hsfootball.net/proxy.php?url=https%3A%2F%2Fimage.maxpreps.io%2Fschool-mascot%2F2%2F6%2F3%2F263e9ba0-103c-4282-9149-266188aa98c2.gif%3Fversion%3D637650573600000000%26amp%3Bwidth%3D128%26amp%3Bheight%3D128%26amp%3Bauto%3Dwebp%26amp%3Bformat%3Dpjpg","girl"
42,"Elkhorn vs Marian",Girls Volleyball,"Nebraska",9/29/2026,6:30pm,"The Elkhorn varsity volleyball team has an away non-conference match @  Marian (Omaha, NE) on Tuesday, September 29 @ 6:30p.","/ne/volleyball/match/elkhorn-elks-vs-marian-omaha/9-29-2026/?c=44ac245c-faf9-4b70-9168-6bf9dd4eafd3","https://www.maxpreps.com/ne/volleyball/match/elkhorn-elks-vs-marian-omaha/9-29-2026/?c=44ac245c-faf9-4b70-9168-6bf9dd4eafd3","/volleyball/ne/abd?9/29/2026","Elkhorn","Antlers","https://www.maxpreps.com/ne/elkhorn-elks/girls-volleyball/","https://www.maxpreps.com/ne/marian-omaha/girls-volleyball/","https://hsfootball.net/proxy.php?url=https%3A%2F%2Fimage.maxpreps.io%2Fschool-mascot%2F0%2Fc%2F1%2F0c1b6ceb-c207-49c1-b9f2-7a345115ce64.gif%3Fversion%3D637659099600000000%26amp%3Bwidth%3D128%26amp%3Bheight%3D128%26amp%3Bauto%3Dwebp%26amp%3Bformat%3Dpjpg","https://hsfootball.net/proxy.php?url=https%3A%2F%2Fimage.maxpreps.io%2Fschool-mascot%2F1%2F0%2Fc%2F10c676a5-0a7d-4e1d-b0f1-c932ba653dd5.gif%3Fversion%3D637727379000000000%26amp%3Bwidth%3D128%26amp%3Bheight%3D128%26amp%3Bauto%3Dwebp%26amp%3Bformat%3Dpjpg","girl"
43,"Louisville vs Johnson County Central",Girls Volleyball,"Nebraska",9/29/2026,7:00pm,"The Louisville varsity volleyball team has an away non-conference match @  Johnson County Central (Tecumseh, NE) on Tuesday, September 29 @ 7p.","/ne/volleyball/match/johnson-county-central-tecumseh-vs-louisville/9-29-2026/?c=fe5178a0-e00f-43c9-bc57-7421ae9c9550","https://www.maxpreps.com/ne/volleyball/match/johnson-county-central-tecumseh-vs-louisville/9-29-2026/?c=fe5178a0-e00f-43c9-bc57-7421ae9c9550","/volleyball/ne/11fa?9/29/2026","Louisville","Lions","https://www.maxpreps.com/ne/johnson-county-central-tecumseh/girls-volleyball/","https://www.maxpreps.com/ne/louisville/girls-volleyball/","https://hsfootball.net/proxy.php?url=https%3A%2F%2Fimage.maxpreps.io%2Fschool-mascot%2Fd%2F4%2Fd%2Fd4d37771-8d39-4517-bbd9-cffb4d900ff1.gif%3Fversion%3D636075597600000000%26amp%3Bwidth%3D128%26amp%3Bheight%3D128%26amp%3Bauto%3Dwebp%26amp%3Bformat%3Dpjpg","https://hsfootball.net/proxy.php?url=https%3A%2F%2Fimage.maxpreps.io%2Fschool-mascot%2F3%2F2%2F1%2F3210787d-f3b7-462d-96ad-b999ac6b9533.gif%3Fversion%3D638102466600000000%26amp%3Bwidth%3D128%26amp%3Bheight%3D128%26amp%3Bauto%3Dwebp%26amp%3Bformat%3Dpjpg","girl"
44,"Randolph vs Creighton",Girls Volleyball,"Nebraska",9/29/2026,7:00pm,"The Randolph varsity volleyball team has an away non-conference match @  Creighton (NE) on Tuesday, September 29 @ 7p.","/ne/volleyball/match/creighton-vs-randolph/9-29-2026/?c=ad51d03d-d9e5-4ee9-8c2c-8c768c69d985","https://www.maxpreps.com/ne/volleyball/match/creighton-vs-randolph/9-29-2026/?c=ad51d03d-d9e5-4ee9-8c2c-8c768c69d985","/volleyball/ne/85e?9/29/2026","Randolph","Cardinals","https://www.maxpreps.com/ne/creighton/girls-volleyball/","https://www.maxpreps.com/ne/randolph/girls-volleyball/","https://hsfootball.net/proxy.php?url=https%3A%2F%2Fimage.maxpreps.io%2Fschool-mascot%2F4%2Fd%2Fb%2F4db56637-e19a-41ad-a9f1-81565f1e4f18.gif%3Fversion%3D636065940000000000%26amp%3Bwidth%3D128%26amp%3Bheight%3D128%26amp%3Bauto%3Dwebp%26amp%3Bformat%3Dpjpg","https://hsfootball.net/proxy.php?url=https%3A%2F%2Fimage.maxpreps.io%2Fschool-mascot%2F2%2F5%2Fe%2F25e5229e-0a53-4687-aee6-a910a3e1317b.gif%3Fversion%3D636724397400000000%26amp%3Bwidth%3D128%26amp%3Bheight%3D128%26amp%3Bauto%3Dwebp%26amp%3Bformat%3Dpjpg","girl"
45,"Pawnee City vs Lourdes Central Catholic",Girls Volleyball,"Nebraska",9/29/2026,7:00pm,"The Pawnee City varsity volleyball team has an away conference match @  Lourdes Central Catholic (Nebraska City, NE) on Tuesday, September 29 @ 7p.","/ne/volleyball/match/lourdes-central-catholic-nebraska-city-vs-pawnee-city/9-29-2026/?c=3c8d7416-2f0e-4e8e-886f-7821efab0705","https://www.maxpreps.com/ne/volleyball/match/lourdes-central-catholic-nebraska-city-vs-pawnee-city/9-29-2026/?c=3c8d7416-2f0e-4e8e-886f-7821efab0705","/volleyball/ne/148b?9/29/2026","Pawnee City","Indians","https://www.maxpreps.com/ne/lourdes-central-catholic-nebraska-city/girls-volleyball/","https://www.maxpreps.com/ne/pawnee-city/girls-volleyball/","https://hsfootball.net/proxy.php?url=https%3A%2F%2Fimage.maxpreps.io%2Fschool-mascot%2Fd%2Fb%2Fd%2Fdbd48796-3026-4ba7-9bcc-4d1b491f0430.gif%3Fversion%3D636084221400000000%26amp%3Bwidth%3D128%26amp%3Bheight%3D128%26amp%3Bauto%3Dwebp%26amp%3Bformat%3Dpjpg","https://hsfootball.net/proxy.php?url=https%3A%2F%2Fimage.maxpreps.io%2Fschool-mascot%2Fa%2F5%2Fc%2Fa5c9c5de-c9d1-4669-b4b5-36280b467d04.gif%3Fversion%3D637024996200000000%26amp%3Bwidth%3D128%26amp%3Bheight%3D128%26amp%3Bauto%3Dwebp%26amp%3Bformat%3Dpjpg","girl"
46,"High Plains vs McCool Junction",Girls Volleyball,"Nebraska",9/29/2026,7:00pm,"The High Plains varsity volleyball team has an away conference match @  McCool Junction (NE) on Tuesday, September 29 @ 7p.","/ne/volleyball/match/high-plains-polk-vs-mccool-junction/9-29-2026/?c=7f041eb0-fd02-4e8e-9100-647c399df3bf","https://www.maxpreps.com/ne/volleyball/match/high-plains-polk-vs-mccool-junction/9-29-2026/?c=7f041eb0-fd02-4e8e-9100-647c399df3bf","/volleyball/ne/d8e?9/29/2026","High Plains","Storm","https://www.maxpreps.com/ne/high-plains-polk/girls-volleyball/","https://www.maxpreps.com/ne/mccool-junction/girls-volleyball/","https://hsfootball.net/proxy.php?url=https%3A%2F%2Fimage.maxpreps.io%2Fschool-mascot%2Fb%2F7%2F1%2Fb717574f-9901-4e5f-bafb-4e05baac96ef.gif%3Fversion%3D635433601800000000%26amp%3Bwidth%3D128%26amp%3Bheight%3D128%26amp%3Bauto%3Dwebp%26amp%3Bformat%3Dpjpg","https://hsfootball.net/proxy.php?url=https%3A%2F%2Fimage.maxpreps.io%2Fschool-mascot%2Fa%2F9%2Fc%2Fa9c9660a-dbb7-499d-a082-b369d8f72d9b.gif%3Fversion%3D635140509000000000%26amp%3Bwidth%3D128%26amp%3Bheight%3D128%26amp%3Bauto%3Dwebp%26amp%3Bformat%3Dpjpg","girl"
47,"Kimball vs Pine Bluffs",Girls Volleyball,"Nebraska",9/29/2026,6:00pm,"The Kimball varsity volleyball team has an away non-conference match @  Pine Bluffs (WY) on Tuesday, September 29 @ 6p.","/inter-state/volleyball/match/kimball-ne-vs-pine-bluffs-wy/9-29-2026/?c=528fd4c0-e47f-4fe1-8fc3-9dd287395c90","https://www.maxpreps.com/inter-state/volleyball/match/kimball-ne-vs-pine-bluffs-wy/9-29-2026/?c=528fd4c0-e47f-4fe1-8fc3-9dd287395c90","/volleyball/ne/a97?9/29/2026","Kimball","Longhorns","https://www.maxpreps.com/ne/kimball-ne/girls-volleyball/","https://www.maxpreps.com/ne/pine-bluffs-wy/girls-volleyball/","https://hsfootball.net/proxy.php?url=https%3A%2F%2Fimage.maxpreps.io%2Fschool-mascot%2F9%2Fd%2F8%2F9d89fd6d-22da-40b2-99ff-5cedeb4e0185.gif%3Fversion%3D635204620800000000%26amp%3Bwidth%3D128%26amp%3Bheight%3D128%26amp%3Bauto%3Dwebp%26amp%3Bformat%3Dpjpg","https://hsfootball.net/proxy.php?url=https%3A%2F%2Fimage.maxpreps.io%2Fschool-mascot%2F7%2F3%2F7%2F73729b0e-a519-4784-90f2-37e2d37ae265.gif%3Fversion%3D635935525800000000%26amp%3Bwidth%3D128%26amp%3Bheight%3D128%26amp%3Bauto%3Dwebp%26amp%3Bformat%3Dpjpg","girl"
48,"Ralston vs Schuyler",Girls Volleyball,"Nebraska",9/29/2026,7:00pm,"The Ralston varsity volleyball team has an away non-conference match @  Schuyler (NE) on Tuesday, September 29 @ 7p.","/ne/volleyball/match/ralston-vs-schuyler/9-29-2026/?c=6c395f89-6d91-4ef6-9ad6-96afdcc97de3","https://www.maxpreps.com/ne/volleyball/match/ralston-vs-schuyler/9-29-2026/?c=6c395f89-6d91-4ef6-9ad6-96afdcc97de3","/volleyball/ne/7b5?9/29/2026","Ralston","Rams","https://www.maxpreps.com/ne/ralston/girls-volleyball/","https://www.maxpreps.com/ne/schuyler/girls-volleyball/","https://hsfootball.net/proxy.php?url=https%3A%2F%2Fimage.maxpreps.io%2Fschool-mascot%2F6%2F0%2F7%2F6075046e-409d-4638-b3f6-485b97f0ffff.gif%3Fversion%3D636843518400000000%26amp%3Bwidth%3D128%26amp%3Bheight%3D128%26amp%3Bauto%3Dwebp%26amp%3Bformat%3Dpjpg","https://hsfootball.net/proxy.php?url=https%3A%2F%2Fimage.maxpreps.io%2Fschool-mascot%2Fa%2Ff%2F5%2Faf5842c3-0932-4211-a411-61434b06f754.gif%3Fversion%3D633673842000000000%26amp%3Bwidth%3D128%26amp%3Bheight%3D128%26amp%3Bauto%3Dwebp%26amp%3Bformat%3Dpjpg","girl"
49,"Battle Creek vs Cedar Catholic",Girls Volleyball,"Nebraska",9/29/2026,7:00pm,"The Battle Creek varsity volleyball team has an away non-conference match @  Cedar Catholic (Hartington, NE) on Tuesday, September 29 @ 7p.","/ne/volleyball/match/battle-creek-vs-cedar-catholic-hartington/9-29-2026/?c=0c2b4d56-3a46-47e9-9df9-0fc8cccc8ad4","https://www.maxpreps.com/ne/volleyball/match/battle-creek-vs-cedar-catholic-hartington/9-29-2026/?c=0c2b4d56-3a46-47e9-9df9-0fc8cccc8ad4","/volleyball/ne/fd4?9/29/2026","Battle Creek","Braves","https://www.maxpreps.com/ne/battle-creek/girls-volleyball/","https://www.maxpreps.com/ne/cedar-catholic-hartington/girls-volleyball/","https://hsfootball.net/proxy.php?url=https%3A%2F%2Fimage.maxpreps.io%2Fschool-mascot%2Fd%2F5%2F1%2Fd5177594-bb51-46ac-a193-90d42a1dd95c.gif%3Fversion%3D635854191600000000%26amp%3Bwidth%3D128%26amp%3Bheight%3D128%26amp%3Bauto%3Dwebp%26amp%3Bformat%3Dpjpg","https://hsfootball.net/proxy.php?url=https%3A%2F%2Fimage.maxpreps.io%2Fschool-mascot%2Fd%2F5%2F1%2Fd5177594-bb51-46ac-a193-90d42a1dd95c.gif%3Fversion%3D635854191600000000%26amp%3Bwidth%3D32%26amp%3Bheight%3D32%26amp%3Bauto%3Dwebp%26amp%3Bformat%3Dpjpg","girl"
50,"Kenesaw vs Gibbon",Girls Volleyball,"Nebraska",9/29/2026,7:00pm,"The Kenesaw varsity volleyball team has an away non-conference match @  Gibbon (NE) on Tuesday, September 29 @ 7p.","/ne/volleyball/match/gibbon-vs-kenesaw/9-29-2026/?c=7ac48172-5d68-4143-a501-8b408c752843","https://www.maxpreps.com/ne/volleyball/match/gibbon-vs-kenesaw/9-29-2026/?c=7ac48172-5d68-4143-a501-8b408c752843","/volleyball/ne/6a2?9/29/2026","Kenesaw","Blue Devils","https://www.maxpreps.com/ne/gibbon/girls-volleyball/","https://www.maxpreps.com/ne/kenesaw/girls-volleyball/","https://hsfootball.net/proxy.php?url=https%3A%2F%2Fimage.maxpreps.io%2Fschool-mascot%2F7%2F9%2Ff%2F79fc0dc9-ebca-4102-b4ab-69e66341d2a7.gif%3Fversion%3D634503074400000000%26amp%3Bwidth%3D128%26amp%3Bheight%3D128%26amp%3Bauto%3Dwebp%26amp%3Bformat%3Dpjpg","https://hsfootball.net/proxy.php?url=https%3A%2F%2Fimage.maxpreps.io%2Fschool-mascot%2F8%2F3%2F4%2F834e357d-8030-49da-945d-c3cb2503c13b.gif%3Fversion%3D637127692800000000%26amp%3Bwidth%3D128%26amp%3Bheight%3D128%26amp%3Bauto%3Dwebp%26amp%3Bformat%3Dpjpg","girl"
51,"Louisville vs Weeping Water",Girls Volleyball,"Nebraska",9/29/2026,7:00pm,"The Louisville varsity volleyball team has an away non-conference match @  Weeping Water (NE) on Tuesday, September 29 @ 7p.","/ne/volleyball/match/louisville-vs-weeping-water/9-29-2026/?c=483a522d-312f-43eb-bd9f-615e047a0176","https://www.maxpreps.com/ne/volleyball/match/louisville-vs-weeping-water/9-29-2026/?c=483a522d-312f-43eb-bd9f-615e047a0176","/volleyball/ne/aca?9/29/2026","Louisville","Lions","https://www.maxpreps.com/ne/louisville/girls-volleyball/","https://www.maxpreps.com/ne/weeping-water/girls-volleyball/","https://hsfootball.net/proxy.php?url=https%3A%2F%2Fimage.maxpreps.io%2Fschool-mascot%2Fd%2F4%2Fd%2Fd4d37771-8d39-4517-bbd9-cffb4d900ff1.gif%3Fversion%3D636075597600000000%26amp%3Bwidth%3D128%26amp%3Bheight%3D128%26amp%3Bauto%3Dwebp%26amp%3Bformat%3Dpjpg","https://hsfootball.net/proxy.php?url=https%3A%2F%2Fimage.maxpreps.io%2Fschool-mascot%2F4%2F6%2Fb%2F46bb2a97-3b3e-437f-8dc6-f30d19c77931.gif%3Fversion%3D636868830600000000%26amp%3Bwidth%3D128%26amp%3Bheight%3D128%26amp%3Bauto%3Dwebp%26amp%3Bformat%3Dpjpg","girl"
52,"Bergan Catholic vs Clarkson",Girls Volleyball,"Nebraska",9/29/2026,7:00pm,"The Bergan Catholic varsity volleyball team has an away non-conference match @  Clarkson (NE) on Tuesday, September 29 @ 7p.","/ne/volleyball/match/bergan-catholic-fremont-vs-clarkson/9-29-2026/?c=208af8d0-ff3c-491b-9ba4-a14834f61334","https://www.maxpreps.com/ne/volleyball/match/bergan-catholic-fremont-vs-clarkson/9-29-2026/?c=208af8d0-ff3c-491b-9ba4-a14834f61334","/volleyball/ne/dab?9/29/2026","Bergan Catholic","Knights","https://www.maxpreps.com/ne/bergan-catholic-fremont/girls-volleyball/","https://www.maxpreps.com/ne/clarkson/girls-volleyball/","https://hsfootball.net/proxy.php?url=https%3A%2F%2Fimage.maxpreps.io%2Fschool-mascot%2F8%2Fa%2F8%2F8a81f51a-9e1d-40e8-b15b-8c3824e971c5.gif%3Fversion%3D639026857328093210%26amp%3Bwidth%3D128%26amp%3Bheight%3D128%26amp%3Bauto%3Dwebp%26amp%3Bformat%3Dpjpg","https://hsfootball.net/proxy.php?url=https%3A%2F%2Fimage.maxpreps.io%2Fschool-mascot%2F6%2F1%2F2%2F612e3464-d624-4e1e-a949-37fcf45d002d.gif%3Fversion%3D639155097183132900%26amp%3Bwidth%3D128%26amp%3Bheight%3D128%26amp%3Bauto%3Dwebp%26amp%3Bformat%3Dpjpg","girl"
53,"York vs Crete",Girls Volleyball,"Nebraska",9/29/2026,7:00pm,"The York varsity volleyball team has an away conference match @  Crete (NE) on Tuesday, September 29 @ 7p.","/ne/volleyball/match/crete-vs-york/9-29-2026/?c=b07cad32-4e93-4da6-86bf-42fc07503772","https://www.maxpreps.com/ne/volleyball/match/crete-vs-york/9-29-2026/?c=b07cad32-4e93-4da6-86bf-42fc07503772","/volleyball/ne/51b?9/29/2026","York","Dukes","https://www.maxpreps.com/ne/crete/girls-volleyball/","https://www.maxpreps.com/ne/york/girls-volleyball/","https://hsfootball.net/proxy.php?url=https%3A%2F%2Fimage.maxpreps.io%2Fschool-mascot%2F8%2F3%2Fe%2F83e5040c-497f-45ca-a6b1-44b4c690cccd.gif%3Fversion%3D637432821600000000%26amp%3Bwidth%3D128%26amp%3Bheight%3D128%26amp%3Bauto%3Dwebp%26amp%3Bformat%3Dpjpg","https://hsfootball.net/proxy.php?url=https%3A%2F%2Fimage.maxpreps.io%2Fschool-mascot%2F7%2F1%2F4%2F714e965a-4706-4365-b67a-29048f68eae9.gif%3Fversion%3D635944964400000000%26amp%3Bwidth%3D128%26amp%3Bheight%3D128%26amp%3Bauto%3Dwebp%26amp%3Bformat%3Dpjpg","girl"
54,"Fort Calhoun vs Douglas County West",Girls Volleyball,"Nebraska",9/29/2026,7:00pm,"The Fort Calhoun varsity volleyball team has an away conference match @  Douglas County West (Valley, NE) on Tuesday, September 29 @ 7p.","/ne/volleyball/match/douglas-county-west-valley-vs-fort-calhoun/9-29-2026/?c=51ab5fbf-c5c9-4a65-8bc3-6d36c9b809ed","https://www.maxpreps.com/ne/volleyball/match/douglas-county-west-valley-vs-fort-calhoun/9-29-2026/?c=51ab5fbf-c5c9-4a65-8bc3-6d36c9b809ed","/volleyball/ne/107d?9/29/2026","Fort Calhoun","Pioneers","https://www.maxpreps.com/ne/douglas-county-west-valley/girls-volleyball/","https://www.maxpreps.com/ne/fort-calhoun/girls-volleyball/","https://hsfootball.net/proxy.php?url=https%3A%2F%2Fimage.maxpreps.io%2Fschool-mascot%2F4%2F9%2Fb%2F49b4d0a4-1c80-455c-ad38-ad8b90b128f5.gif%3Fversion%3D633902745000000000%26amp%3Bwidth%3D128%26amp%3Bheight%3D128%26amp%3Bauto%3Dwebp%26amp%3Bformat%3Dpjpg","https://hsfootball.net/proxy.php?url=https%3A%2F%2Fimage.maxpreps.io%2Fschool-mascot%2Fd%2F2%2F7%2Fd277dc49-01e5-4c9a-90d2-e7b05f2a2216.gif%3Fversion%3D635168658000000000%26amp%3Bwidth%3D128%26amp%3Bheight%3D128%26amp%3Bauto%3Dwebp%26amp%3Bformat%3Dpjpg","girl"
55,"Duchesne vs Gross Catholic",Girls Volleyball,"Nebraska",9/29/2026,7:00pm,"The Duchesne varsity volleyball team has an away non-conference match @  Gross Catholic (Omaha, NE) on Tuesday, September 29 @ 7p.","/ne/volleyball/match/duchesne-omaha-vs-gross-catholic-omaha/9-29-2026/?c=9195fbf2-f809-48e5-bec8-224c4e0329ad","https://www.maxpreps.com/ne/volleyball/match/duchesne-omaha-vs-gross-catholic-omaha/9-29-2026/?c=9195fbf2-f809-48e5-bec8-224c4e0329ad","/volleyball/ne/e9a?9/29/2026","Duchesne","Cardinals","https://www.maxpreps.com/ne/duchesne-omaha/girls-volleyball/","https://www.maxpreps.com/ne/gross-catholic-omaha/girls-volleyball/","https://hsfootball.net/proxy.php?url=https%3A%2F%2Fimage.maxpreps.io%2Fschool-mascot%2Fe%2Fd%2F2%2Fed29eb4d-0367-43cf-b18c-49f27b6ee8b1.gif%3Fversion%3D637424925000000000%26amp%3Bwidth%3D128%26amp%3Bheight%3D128%26amp%3Bauto%3Dwebp%26amp%3Bformat%3Dpjpg","https://hsfootball.net/proxy.php?url=https%3A%2F%2Fimage.maxpreps.io%2Fschool-mascot%2F1%2Ff%2F9%2F1f9e1a71-1bf9-40f4-a057-dc0d6ef3266e.gif%3Fversion%3D636789939000000000%26amp%3Bwidth%3D128%26amp%3Bheight%3D128%26amp%3Bauto%3Dwebp%26amp%3Bformat%3Dpjpg","girl"
56,"Mead vs Yutan",Girls Volleyball,"Nebraska",9/29/2026,7:00pm,"The Mead varsity volleyball team has an away non-conference match @  Yutan (NE) on Tuesday, September 29 @ 7p.","/ne/volleyball/match/mead-vs-yutan/9-29-2026/?c=99071a70-a93b-42d3-99a8-3d801efb84dc","https://www.maxpreps.com/ne/volleyball/match/mead-vs-yutan/9-29-2026/?c=99071a70-a93b-42d3-99a8-3d801efb84dc","/volleyball/ne/50b?9/29/2026","Mead","Raiders","https://www.maxpreps.com/ne/mead/girls-volleyball/","https://www.maxpreps.com/ne/yutan/girls-volleyball/","https://hsfootball.net/proxy.php?url=https%3A%2F%2Fimage.maxpreps.io%2Fschool-mascot%2Fb%2F3%2F5%2Fb356deb2-1e9a-4847-b939-a44ca76fc3f3.gif%3Fversion%3D636362179800000000%26amp%3Bwidth%3D128%26amp%3Bheight%3D128%26amp%3Bauto%3Dwebp%26amp%3Bformat%3Dpjpg","https://hsfootball.net/proxy.php?url=https%3A%2F%2Fimage.maxpreps.io%2Fschool-mascot%2F1%2F0%2Fb%2F10b07df6-4c38-477a-994a-3dba3c4d4088.gif%3Fversion%3D636142042800000000%26amp%3Bwidth%3D128%26amp%3Bheight%3D128%26amp%3Bauto%3Dwebp%26amp%3Bformat%3Dpjpg","girl"
57,"Northwest vs Adams Central",Girls Volleyball,"Nebraska",9/29/2026,7:00pm,"The Northwest varsity volleyball team has an away non-conference match @  Adams Central (Hastings, NE) on Tuesday, September 29 @ 7p.","/ne/volleyball/match/adams-central-hastings-vs-northwest-grand-island/9-29-2026/?c=2646ad7a-ad03-4d35-9315-3766d3958a5d","https://www.maxpreps.com/ne/volleyball/match/adams-central-hastings-vs-northwest-grand-island/9-29-2026/?c=2646ad7a-ad03-4d35-9315-3766d3958a5d","/volleyball/ne/12bc?9/29/2026","Northwest","Vikings","https://www.maxpreps.com/ne/adams-central-hastings/girls-volleyball/","https://www.maxpreps.com/ne/northwest-grand-island/girls-volleyball/","https://hsfootball.net/proxy.php?url=https%3A%2F%2Fimage.maxpreps.io%2Fschool-mascot%2F1%2F6%2F3%2F1630d037-bf24-43c9-a5b7-fd8013ba0b30.gif%3Fversion%3D635793093600000000%26amp%3Bwidth%3D128%26amp%3Bheight%3D128%26amp%3Bauto%3Dwebp%26amp%3Bformat%3Dpjpg","https://hsfootball.net/proxy.php?url=https%3A%2F%2Fimage.maxpreps.io%2Fschool-mascot%2F7%2Ff%2Ff%2F7ff2e911-a950-4450-afd1-6ebebcd404c6.gif%3Fversion%3D635930148600000000%26amp%3Bwidth%3D128%26amp%3Bheight%3D128%26amp%3Bauto%3Dwebp%26amp%3Bformat%3Dpjpg","girl"
58,"Maywood/Hayes Center vs Wallace",Girls Volleyball,"Nebraska",9/29/2026,7:00pm,"The Maywood/Hayes Center varsity volleyball team has an away non-conference match @  Wallace (NE) on Tuesday, September 29 @ 7p.","/ne/volleyball/match/maywood-hayes-center-vs-wallace/9-29-2026/?c=026abf57-0508-4b7e-9ffd-124440e478b0","https://www.maxpreps.com/ne/volleyball/match/maywood-hayes-center-vs-wallace/9-29-2026/?c=026abf57-0508-4b7e-9ffd-124440e478b0","/volleyball/ne/c11?9/29/2026","Maywood/Hayes Center","Wolves","https://www.maxpreps.com/ne/maywood-hayes-center/girls-volleyball/","https://www.maxpreps.com/ne/wallace/girls-volleyball/","https://hsfootball.net/proxy.php?url=https%3A%2F%2Fimage.maxpreps.io%2Fschool-mascot%2F7%2F3%2F3%2F73327b2a-fe7a-4a40-a0d6-63bd3773a166.gif%3Fversion%3D639008655366302290%26amp%3Bwidth%3D128%26amp%3Bheight%3D128%26amp%3Bauto%3Dwebp%26amp%3Bformat%3Dpjpg","https://hsfootball.net/proxy.php?url=https%3A%2F%2Fimage.maxpreps.io%2Fschool-mascot%2F1%2F2%2F4%2F124c7cbf-0931-47e8-87c3-0ecacd64a8b6.gif%3Fversion%3D637279792200000000%26amp%3Bwidth%3D128%26amp%3Bheight%3D128%26amp%3Bauto%3Dwebp%26amp%3Bformat%3Dpjpg","girl"
59,"Sutton vs Fillmore Central",Girls Volleyball,"Nebraska",9/29/2026,7:00pm,"The Sutton varsity volleyball team has an away non-conference match @  Fillmore Central (Geneva, NE) on Tuesday, September 29 @ 7p.","/ne/volleyball/match/fillmore-central-geneva-vs-sutton/9-29-2026/?c=074bd5e7-f4bd-4dd4-975f-8f54c9c9585b","https://www.maxpreps.com/ne/volleyball/match/fillmore-central-geneva-vs-sutton/9-29-2026/?c=074bd5e7-f4bd-4dd4-975f-8f54c9c9585b","/volleyball/ne/d03?9/29/2026","Sutton","Mustangs","https://www.maxpreps.com/ne/fillmore-central-geneva/girls-volleyball/","https://www.maxpreps.com/ne/sutton/girls-volleyball/","https://hsfootball.net/proxy.php?url=https%3A%2F%2Fimage.maxpreps.io%2Fschool-mascot%2F1%2F3%2F9%2F13972ab1-6d6f-483a-a52e-442cd4854205.gif%3Fversion%3D636414070800000000%26amp%3Bwidth%3D128%26amp%3Bheight%3D128%26amp%3Bauto%3Dwebp%26amp%3Bformat%3Dpjpg","https://hsfootball.net/proxy.php?url=https%3A%2F%2Fimage.maxpreps.io%2Fschool-mascot%2Fb%2F7%2Fd%2Fb7d40938-f338-418a-b932-c049bb6f399c.gif%3Fversion%3D634832107800000000%26amp%3Bwidth%3D128%26amp%3Bheight%3D128%26amp%3Bauto%3Dwebp%26amp%3Bformat%3Dpjpg","girl"
60,"Millard South vs Mercy",Girls Volleyball,"Nebraska",9/29/2026,7:00pm,"The Millard South varsity volleyball team has an away non-conference match @  Mercy (Omaha, NE) on Tuesday, September 29 @ 7p.","/ne/volleyball/match/mercy-omaha-vs-millard-south-omaha/9-29-2026/?c=ffaaa31b-e1a2-4d20-bdb2-fb556e99dd4c","https://www.maxpreps.com/ne/volleyball/match/mercy-omaha-vs-millard-south-omaha/9-29-2026/?c=ffaaa31b-e1a2-4d20-bdb2-fb556e99dd4c","/volleyball/ne/d0e?9/29/2026","Millard South","Patriots","https://www.maxpreps.com/ne/mercy-omaha/girls-volleyball/","https://www.maxpreps.com/ne/millard-south-omaha/girls-volleyball/","https://hsfootball.net/proxy.php?url=https%3A%2F%2Fimage.maxpreps.io%2Fschool-mascot%2F6%2F4%2Fd%2F64dab862-0271-4294-a3ef-8e9f724778a4.gif%3Fversion%3D635322014400000000%26amp%3Bwidth%3D128%26amp%3Bheight%3D128%26amp%3Bauto%3Dwebp%26amp%3Bformat%3Dpjpg","https://hsfootball.net/proxy.php?url=https%3A%2F%2Fimage.maxpreps.io%2Fschool-mascot%2F1%2F1%2Fa%2F11abfe1d-8d8d-49fb-98a8-dba3f58eaaf1.gif%3Fversion%3D637950272400000000%26amp%3Bwidth%3D128%26amp%3Bheight%3D128%26amp%3Bauto%3Dwebp%26amp%3Bformat%3Dpjpg","girl"
61,"Cambridge vs Cozad",Girls Volleyball,"Nebraska",9/29/2026,7:00pm,"The Cambridge varsity volleyball team has an away non-conference match @  Cozad (NE) on Tuesday, September 29 @ 7p.","/ne/volleyball/match/cambridge-vs-cozad/9-29-2026/?c=5f9ddacb-166f-43a5-b77e-48e530da2b32","https://www.maxpreps.com/ne/volleyball/match/cambridge-vs-cozad/9-29-2026/?c=5f9ddacb-166f-43a5-b77e-48e530da2b32","/volleyball/ne/6f2?9/29/2026","Cambridge","Trojans","https://www.maxpreps.com/ne/cambridge/girls-volleyball/","https://www.maxpreps.com/ne/cozad/girls-volleyball/","https://hsfootball.net/proxy.php?url=https%3A%2F%2Fimage.maxpreps.io%2Fschool-mascot%2F5%2F9%2F6%2F5965cbaf-1f23-49d6-993d-cd4b74248315.gif%3Fversion%3D637715194800000000%26amp%3Bwidth%3D128%26amp%3Bheight%3D128%26amp%3Bauto%3Dwebp%26amp%3Bformat%3Dpjpg","https://hsfootball.net/proxy.php?url=https%3A%2F%2Fimage.maxpreps.io%2Fschool-mascot%2F1%2Fc%2Ff%2F1cf51795-6259-479b-8aa1-7a5eb6f543b5.gif%3Fversion%3D635762872800000000%26amp%3Bwidth%3D128%26amp%3Bheight%3D128%26amp%3Bauto%3Dwebp%26amp%3Bformat%3Dpjpg","girl"
62,"Oakland-Craig vs Tekamah-Herman",Girls Volleyball,"Nebraska",9/29/2026,7:30pm,"The Oakland-Craig varsity volleyball team has an away conference match @  Tekamah-Herman (Tekamah, NE) on Tuesday, September 29 @ 7:30p.","/ne/volleyball/match/oakland-craig-vs-tekamah-herman/9-29-2026/?c=2c3ed7a4-c9cc-4d5a-aa50-435a7c4fc7c0","https://www.maxpreps.com/ne/volleyball/match/oakland-craig-vs-tekamah-herman/9-29-2026/?c=2c3ed7a4-c9cc-4d5a-aa50-435a7c4fc7c0","/volleyball/ne/bd3?9/29/2026","Oakland-Craig","Knights","https://www.maxpreps.com/ne/oakland-craig/girls-volleyball/","https://www.maxpreps.com/ne/tekamah-herman/girls-volleyball/","https://hsfootball.net/proxy.php?url=https%3A%2F%2Fimage.maxpreps.io%2Fschool-mascot%2F2%2F1%2F9%2F2191f3f3-64d0-4968-a0ba-a214e081290b.gif%3Fversion%3D635493388200000000%26amp%3Bwidth%3D128%26amp%3Bheight%3D128%26amp%3Bauto%3Dwebp%26amp%3Bformat%3Dpjpg","https://hsfootball.net/proxy.php?url=https%3A%2F%2Fimage.maxpreps.io%2Fschool-mascot%2Fa%2F8%2Fc%2Fa8cd0e85-192c-4ae8-af57-f5245a73b97c.gif%3Fversion%3D638289924000000000%26amp%3Bwidth%3D128%26amp%3Bheight%3D128%26amp%3Bauto%3Dwebp%26amp%3Bformat%3Dpjpg","girl"
63,"Thayer Central vs David City",Girls Volleyball,"Nebraska",9/29/2026,12:00am,"The Thayer Central varsity volleyball team has an away non-conference match @  David City (NE) on Tuesday, September 29.","/ne/volleyball/match/david-city-vs-thayer-central-hebron/9-29-2026/?c=6a7e889a-8459-4e15-ac81-e5f46ab12c75","https://www.maxpreps.com/ne/volleyball/match/david-city-vs-thayer-central-hebron/9-29-2026/?c=6a7e889a-8459-4e15-ac81-e5f46ab12c75","/volleyball/ne/d7f?9/29/2026","Thayer Central","Titans","https://www.maxpreps.com/ne/david-city/girls-volleyball/","https://www.maxpreps.com/ne/thayer-central-hebron/girls-volleyball/","https://hsfootball.net/proxy.php?url=https%3A%2F%2Fimage.maxpreps.io%2Fschool-mascot%2F1%2F0%2F1%2F101ecdef-049f-4955-abff-c0f01e592548.gif%3Fversion%3D635844703800000000%26amp%3Bwidth%3D128%26amp%3Bheight%3D128%26amp%3Bauto%3Dwebp%26amp%3Bformat%3Dpjpg","https://hsfootball.net/proxy.php?url=https%3A%2F%2Fimage.maxpreps.io%2Fschool-mascot%2F4%2F1%2F8%2F41806611-5ed3-4426-a4ac-82e5de01cd78.gif%3Fversion%3D635221849200000000%26amp%3Bwidth%3D128%26amp%3Bheight%3D128%26amp%3Bauto%3Dwebp%26amp%3Bformat%3Dpjpg","girl"
64,"Pender vs Humphrey-Lindsay",Girls Volleyball,"Nebraska",9/29/2026,12:00am,"The Pender varsity volleyball team has an away non-conference match @  Humphrey-Lindsay (Humphrey, NE) on Tuesday, September 29.","/ne/volleyball/match/humphrey-lindsay-vs-pender/9-29-2026/?c=7dd8b2a7-1450-4a84-a93b-1c4dc936e5ac","https://www.maxpreps.com/ne/volleyball/match/humphrey-lindsay-vs-pender/9-29-2026/?c=7dd8b2a7-1450-4a84-a93b-1c4dc936e5ac","/volleyball/ne/a54?9/29/2026","Pender","Pendragons","https://www.maxpreps.com/ne/humphrey-lindsay/girls-volleyball/","https://www.maxpreps.com/ne/pender/girls-volleyball/","https://hsfootball.net/proxy.php?url=https%3A%2F%2Fimage.maxpreps.io%2Fschool-mascot%2F1%2F2%2Fe%2F12ea28fb-8024-498d-8df4-78f8a164a1c7.gif%3Fversion%3D636519655200000000%26amp%3Bwidth%3D128%26amp%3Bheight%3D128%26amp%3Bauto%3Dwebp%26amp%3Bformat%3Dpjpg","https://hsfootball.net/proxy.php?url=https%3A%2F%2Fimage.maxpreps.io%2Fschool-mascot%2F2%2F3%2Fc%2F23c5e8e7-29ab-4df5-8dea-152652aacb0f.gif%3Fversion%3D635453218800000000%26amp%3Bwidth%3D128%26amp%3Bheight%3D128%26amp%3Bauto%3Dwebp%26amp%3Bformat%3Dpjpg","girl"
65,"West Holt vs Elkhorn Valley",Girls Volleyball,"Nebraska",9/29/2026,12:00am,"The West Holt varsity volleyball team has an away non-conference match @  Elkhorn Valley (Tilden, NE) on Tuesday, September 29.","/ne/volleyball/match/elkhorn-valley-tilden-vs-west-holt-atkinson/9-29-2026/?c=bc1fa091-b7cd-4a6d-a0df-11f78c32a847","https://www.maxpreps.com/ne/volleyball/match/elkhorn-valley-tilden-vs-west-holt-atkinson/9-29-2026/?c=bc1fa091-b7cd-4a6d-a0df-11f78c32a847","/volleyball/ne/10d8?9/29/2026","West Holt","Huskies","https://www.maxpreps.com/ne/elkhorn-valley-tilden/girls-volleyball/","https://www.maxpreps.com/ne/west-holt-atkinson/girls-volleyball/","https://hsfootball.net/proxy.php?url=https%3A%2F%2Fimage.maxpreps.io%2Fschool-mascot%2F1%2Fc%2F7%2F1c7457a8-9f21-46b6-bb28-c6b34211971c.gif%3Fversion%3D634201418400000000%26amp%3Bwidth%3D128%26amp%3Bheight%3D128%26amp%3Bauto%3Dwebp%26amp%3Bformat%3Dpjpg","https://hsfootball.net/proxy.php?url=https%3A%2F%2Fimage.maxpreps.io%2Fschool-mascot%2F5%2Fa%2F4%2F5a437fca-cea9-43fc-bee4-87c65007711c.gif%3Fversion%3D635452095000000000%26amp%3Bwidth%3D128%26amp%3Bheight%3D128%26amp%3Bauto%3Dwebp%26amp%3Bformat%3Dpjpg","girl"
66,"Wilcox-Hildreth vs Elba",Girls Volleyball,"Nebraska",9/29/2026,12:00am,"The Wilcox-Hildreth varsity volleyball team has an away non-conference match @  Elba (NE) on Tuesday, September 29.","/ne/volleyball/match/elba-vs-wilcox-hildreth/9-29-2026/?c=a798e91c-9729-45d3-a651-77563cafb36d","https://www.maxpreps.com/ne/volleyball/match/elba-vs-wilcox-hildreth/9-29-2026/?c=a798e91c-9729-45d3-a651-77563cafb36d","/volleyball/ne/8ee?9/29/2026","Wilcox-Hildreth","Falcons","https://www.maxpreps.com/ne/elba/girls-volleyball/","https://www.maxpreps.com/ne/wilcox-hildreth/girls-volleyball/","https://hsfootball.net/proxy.php?url=https%3A%2F%2Fimage.maxpreps.io%2Fschool-mascot%2F2%2F1%2Fc%2F21c7842b-3d0f-4d12-b976-f8993216c16d.gif%3Fversion%3D635483550600000000%26amp%3Bwidth%3D128%26amp%3Bheight%3D128%26amp%3Bauto%3Dwebp%26amp%3Bformat%3Dpjpg","https://hsfootball.net/proxy.php?url=https%3A%2F%2Fimage.maxpreps.io%2Fschool-mascot%2F2%2F1%2Fc%2F21c7842b-3d0f-4d12-b976-f8993216c16d.gif%3Fversion%3D635483550600000000%26amp%3Bwidth%3D32%26amp%3Bheight%3D32%26amp%3Bauto%3Dwebp%26amp%3Bformat%3Dpjpg","girl"
67,"Pius X vs Lincoln Lutheran",Girls Volleyball,"Nebraska",9/29/2026,12:00am,"The Pius X varsity volleyball team has an away non-conference match @  Lincoln Lutheran (Lincoln, NE) on Tuesday, September 29.","/ne/volleyball/match/lincoln-lutheran-vs-pius-x-lincoln/9-29-2026/?c=72393d15-b33d-4740-9346-805623967ddb","https://www.maxpreps.com/ne/volleyball/match/lincoln-lutheran-vs-pius-x-lincoln/9-29-2026/?c=72393d15-b33d-4740-9346-805623967ddb","/volleyball/ne/d44?9/29/2026","Pius X","Thunderbolts","https://www.maxpreps.com/ne/lincoln-lutheran/girls-volleyball/","https://www.maxpreps.com/ne/pius-x-lincoln/girls-volleyball/","https://hsfootball.net/proxy.php?url=https%3A%2F%2Fimage.maxpreps.io%2Fschool-mascot%2Fa%2F2%2F1%2Fa2196f3e-6467-4306-b4cf-f7152b84e26a.gif%3Fversion%3D636238963200000000%26amp%3Bwidth%3D128%26amp%3Bheight%3D128%26amp%3Bauto%3Dwebp%26amp%3Bformat%3Dpjpg","https://hsfootball.net/proxy.php?url=https%3A%2F%2Fimage.maxpreps.io%2Fschool-mascot%2F7%2F0%2Fc%2F70cb5459-1ab4-4492-befd-9f8bd853bb8f.gif%3Fversion%3D635315131800000000%26amp%3Bwidth%3D128%26amp%3Bheight%3D128%26amp%3Bauto%3Dwebp%26amp%3Bformat%3Dpjpg","girl"
68,"College View Academy vs Cedar Bluffs",Girls Volleyball,"Nebraska",9/29/2026,12:00am,"The College View Academy varsity volleyball team has an away non-conference match @  Cedar Bluffs (NE) on Tuesday, September 29.","/ne/volleyball/match/cedar-bluffs-vs-college-view-academy-lincoln/9-29-2026/?c=faf627f2-4aa4-4959-abdd-a1e70bbfeb99","https://www.maxpreps.com/ne/volleyball/match/cedar-bluffs-vs-college-view-academy-lincoln/9-29-2026/?c=faf627f2-4aa4-4959-abdd-a1e70bbfeb99","/volleyball/ne/10d1?9/29/2026","College View Academy","Eagles","https://www.maxpreps.com/ne/cedar-bluffs/girls-volleyball/","https://www.maxpreps.com/ne/college-view-academy-lincoln/girls-volleyball/","https://hsfootball.net/proxy.php?url=https%3A%2F%2Fimage.maxpreps.io%2Fschool-mascot%2F5%2F7%2F7%2F577172e1-cc56-4789-967c-1e21039875f8.gif%3Fversion%3D638978649926660800%26amp%3Bwidth%3D128%26amp%3Bheight%3D128%26amp%3Bauto%3Dwebp%26amp%3Bformat%3Dpjpg","https://hsfootball.net/proxy.php?url=https%3A%2F%2Fimage.maxpreps.io%2Fschool-mascot%2F2%2F3%2Fd%2F23d8a59c-64f8-4c30-83e3-66598558a403.gif%3Fversion%3D636941196000000000%26amp%3Bwidth%3D128%26amp%3Bheight%3D128%26amp%3Bauto%3Dwebp%26amp%3Bformat%3Dpjpg","girl"
69,"Meridian vs Nebraska Lutheran",Girls Volleyball,"Nebraska",9/29/2026,12:00am,"The Meridian varsity volleyball team has an away non-conference match @  Nebraska Lutheran (Waco, NE) on Tuesday, September 29.","/ne/volleyball/match/meridian-daykin-vs-nebraska-lutheran-waco/9-29-2026/?c=df432462-ca2e-4ce0-946f-8ef468c99269","https://www.maxpreps.com/ne/volleyball/match/meridian-daykin-vs-nebraska-lutheran-waco/9-29-2026/?c=df432462-ca2e-4ce0-946f-8ef468c99269","/volleyball/ne/fe7?9/29/2026","Meridian","Mustangs","https://www.maxpreps.com/ne/meridian-daykin/girls-volleyball/","https://www.maxpreps.com/ne/nebraska-lutheran-waco/girls-volleyball/","https://hsfootball.net/proxy.php?url=https%3A%2F%2Fimage.maxpreps.io%2Fschool-mascot%2F8%2F3%2Fb%2F83b9fa19-7822-4f33-bca9-c0a969b2031a.gif%3Fversion%3D636238960200000000%26amp%3Bwidth%3D128%26amp%3Bheight%3D128%26amp%3Bauto%3Dwebp%26amp%3Bformat%3Dpjpg","https://hsfootball.net/proxy.php?url=https%3A%2F%2Fimage.maxpreps.io%2Fschool-mascot%2F9%2F0%2Fe%2F90e70f41-ada9-49ae-850b-6f4d627343c2.gif%3Fversion%3D634798576200000000%26amp%3Bwidth%3D128%26amp%3Bheight%3D128%26amp%3Bauto%3Dwebp%26amp%3Bformat%3Dpjpg","girl"
70,"Garden County vs Sutherland",Girls Volleyball,"Nebraska",9/29/2026,12:00am,"The Garden County varsity volleyball team has an away non-conference match @  Sutherland (NE) on Tuesday, September 29.","/ne/volleyball/match/garden-county-oshkosh-vs-sutherland/9-29-2026/?c=997b8f6b-cb54-47a0-8820-4f05f795446c","https://www.maxpreps.com/ne/volleyball/match/garden-county-oshkosh-vs-sutherland/9-29-2026/?c=997b8f6b-cb54-47a0-8820-4f05f795446c","/volleyball/ne/de9?9/29/2026","Garden County","Eagles","https://www.maxpreps.com/ne/garden-county-oshkosh/girls-volleyball/","https://www.maxpreps.com/ne/sutherland/girls-volleyball/","https://hsfootball.net/proxy.php?url=https%3A%2F%2Fimage.maxpreps.io%2Fschool-mascot%2F8%2Fb%2Fa%2F8bacafde-f681-4e2b-8573-c5921373e512.gif%3Fversion%3D636085807200000000%26amp%3Bwidth%3D128%26amp%3Bheight%3D128%26amp%3Bauto%3Dwebp%26amp%3Bformat%3Dpjpg","https://hsfootball.net/proxy.php?url=https%3A%2F%2Fimage.maxpreps.io%2Fschool-mascot%2Fe%2F9%2Fb%2Fe9b30935-aea7-405d-af9f-636476debba9.gif%3Fversion%3D634212107400000000%26amp%3Bwidth%3D128%26amp%3Bheight%3D128%26amp%3Bauto%3Dwebp%26amp%3Bformat%3Dpjpg","girl"
71,"Franklin vs Alma",Girls Volleyball,"Nebraska",9/29/2026,12:00am,"The Franklin varsity volleyball team has an away conference match @  Alma (NE) on Tuesday, September 29.","/ne/volleyball/match/alma-vs-franklin/9-29-2026/?c=9ff113a3-fd5c-404c-b32d-3ea744996e4b","https://www.maxpreps.com/ne/volleyball/match/alma-vs-franklin/9-29-2026/?c=9ff113a3-fd5c-404c-b32d-3ea744996e4b","/volleyball/ne/633?9/29/2026","Franklin","Flyers","https://www.maxpreps.com/ne/alma/girls-volleyball/","https://www.maxpreps.com/ne/franklin/girls-volleyball/","https://hsfootball.net/proxy.php?url=https%3A%2F%2Fimage.maxpreps.io%2Fschool-mascot%2Fd%2F0%2F6%2Fd06864df-2ccd-4ec1-ae53-98665cbc7763.gif%3Fversion%3D636004490400000000%26amp%3Bwidth%3D128%26amp%3Bheight%3D128%26amp%3Bauto%3Dwebp%26amp%3Bformat%3Dpjpg","https://hsfootball.net/proxy.php?url=https%3A%2F%2Fimage.maxpreps.io%2Fschool-mascot%2F0%2F1%2Ff%2F01f617e2-b0ba-4bbc-be3d-dc82cd8b6103.gif%3Fversion%3D633855310200000000%26amp%3Bwidth%3D128%26amp%3Bheight%3D128%26amp%3Bauto%3Dwebp%26amp%3Bformat%3Dpjpg","girl"
72,"Scottsbluff vs Sidney",Girls Volleyball,"Nebraska",9/29/2026,12:00am,"The Scottsbluff varsity volleyball team has an away conference match @  Sidney (NE) on Tuesday, September 29.","/ne/volleyball/match/scottsbluff-vs-sidney/9-29-2026/?c=18aa5e6d-6a52-41d3-bbd1-0710511826fb","https://www.maxpreps.com/ne/volleyball/match/scottsbluff-vs-sidney/9-29-2026/?c=18aa5e6d-6a52-41d3-bbd1-0710511826fb","/volleyball/ne/87e?9/29/2026","Scottsbluff","Bearcats","https://www.maxpreps.com/ne/scottsbluff/girls-volleyball/","https://www.maxpreps.com/ne/sidney/girls-volleyball/","https://hsfootball.net/proxy.php?url=https%3A%2F%2Fimage.maxpreps.io%2Fschool-mascot%2F7%2F2%2Fe%2F72e439c0-a283-4ea6-b9af-2e2b9aa62587.gif%3Fversion%3D636077194200000000%26amp%3Bwidth%3D128%26amp%3Bheight%3D128%26amp%3Bauto%3Dwebp%26amp%3Bformat%3Dpjpg","https://hsfootball.net/proxy.php?url=https%3A%2F%2Fimage.maxpreps.io%2Fschool-mascot%2Fe%2Fe%2F5%2Fee59587f-0ebd-4643-8f82-c06e46025e14.gif%3Fversion%3D633677257200000000%26amp%3Bwidth%3D128%26amp%3Bheight%3D128%26amp%3Bauto%3Dwebp%26amp%3Bformat%3Dpjpg","girl"
73,"Grand Island Lutheran vs Deshler",Girls Volleyball,"Nebraska",9/29/2026,12:00am,"The Grand Island Lutheran varsity volleyball team has an away non-conference match @  Deshler (NE) on Tuesday, September 29.","/ne/volleyball/match/deshler-vs-grand-island-lutheran/9-29-2026/?c=2d381699-e8aa-4248-81a0-86cf5ab4b25f","https://www.maxpreps.com/ne/volleyball/match/deshler-vs-grand-island-lutheran/9-29-2026/?c=2d381699-e8aa-4248-81a0-86cf5ab4b25f","/volleyball/ne/c6e?9/29/2026","Grand Island Lutheran","Lightning","https://www.maxpreps.com/ne/deshler/girls-volleyball/","https://www.maxpreps.com/ne/grand-island-lutheran/girls-volleyball/","https://hsfootball.net/proxy.php?url=https%3A%2F%2Fimage.maxpreps.io%2Fschool-mascot%2Fd%2F6%2Fe%2Fd6eebd34-e03a-4cce-8e10-294dd29b2b95.gif%3Fversion%3D638918983452423980%26amp%3Bwidth%3D128%26amp%3Bheight%3D128%26amp%3Bauto%3Dwebp%26amp%3Bformat%3Dpjpg","https://hsfootball.net/proxy.php?url=https%3A%2F%2Fimage.maxpreps.io%2Fschool-mascot%2F7%2F6%2F8%2F768df3f1-8f98-4667-b6c9-1d2805d125f3.gif%3Fversion%3D637115690400000000%26amp%3Bwidth%3D128%26amp%3Bheight%3D128%26amp%3Bauto%3Dwebp%26amp%3Bformat%3Dpjpg","girl"
74,"Plainview vs Bloomfield",Girls Volleyball,"Nebraska",9/29/2026,12:00am,"The Plainview varsity volleyball team has an away conference match @  Bloomfield (NE) on Tuesday, September 29.","/ne/volleyball/match/bloomfield-vs-plainview/9-29-2026/?c=33f74f80-a3ee-417b-b132-5e3c80a091ef","https://www.maxpreps.com/ne/volleyball/match/bloomfield-vs-plainview/9-29-2026/?c=33f74f80-a3ee-417b-b132-5e3c80a091ef","/volleyball/ne/92f?9/29/2026","Plainview","Pirates","https://www.maxpreps.com/ne/bloomfield/girls-volleyball/","https://www.maxpreps.com/ne/plainview/girls-volleyball/","https://hsfootball.net/proxy.php?url=https%3A%2F%2Fimage.maxpreps.io%2Fschool-mascot%2F9%2F5%2F7%2F957ca6c4-a67a-4f10-a81d-afa45ed296b0.gif%3Fversion%3D637496646600000000%26amp%3Bwidth%3D128%26amp%3Bheight%3D128%26amp%3Bauto%3Dwebp%26amp%3Bformat%3Dpjpg","https://hsfootball.net/proxy.php?url=https%3A%2F%2Fimage.maxpreps.io%2Fschool-mascot%2F8%2F7%2Fc%2F87c929ec-de8a-48dd-bfdf-5d1c8f6d32fd.gif%3Fversion%3D636771153600000000%26amp%3Bwidth%3D128%26amp%3Bheight%3D128%26amp%3Bauto%3Dwebp%26amp%3Bformat%3Dpjpg","girl"
75,"Kearney Catholic vs Minden",Girls Volleyball,"Nebraska",9/29/2026,12:00am,"The Kearney Catholic varsity volleyball team has an away conference match @  Minden (NE) on Tuesday, September 29.","/ne/volleyball/match/kearney-catholic-vs-minden/9-29-2026/?c=fcb89118-d108-4af4-8478-90a65ebf6b5f","https://www.maxpreps.com/ne/volleyball/match/kearney-catholic-vs-minden/9-29-2026/?c=fcb89118-d108-4af4-8478-90a65ebf6b5f","/volleyball/ne/a21?9/29/2026","Kearney Catholic","Stars","https://www.maxpreps.com/ne/kearney-catholic/girls-volleyball/","https://www.maxpreps.com/ne/minden/girls-volleyball/","https://hsfootball.net/proxy.php?url=https%3A%2F%2Fimage.maxpreps.io%2Fschool-mascot%2Fb%2F1%2Fa%2Fb1afcbe8-36b1-4dbc-a8e8-437d00dc2e86.gif%3Fversion%3D636537039000000000%26amp%3Bwidth%3D128%26amp%3Bheight%3D128%26amp%3Bauto%3Dwebp%26amp%3Bformat%3Dpjpg","https://hsfootball.net/proxy.php?url=https%3A%2F%2Fimage.maxpreps.io%2Fschool-mascot%2Fb%2F1%2Fa%2Fb1afcbe8-36b1-4dbc-a8e8-437d00dc2e86.gif%3Fversion%3D636537039000000000%26amp%3Bwidth%3D32%26amp%3Bheight%3D32%26amp%3Bauto%3Dwebp%26amp%3Bformat%3Dpjpg","girl"
76,"Plainview vs Neligh-Oakdale",Girls Volleyball,"Nebraska",9/29/2026,12:00am,"The Plainview varsity volleyball team has an away conference match @  Neligh-Oakdale (Neligh, NE) on Tuesday, September 29.","/ne/volleyball/match/neligh-oakdale-vs-plainview/9-29-2026/?c=5d4bcce7-bd49-412e-bbf9-d989a3837ac2","https://www.maxpreps.com/ne/volleyball/match/neligh-oakdale-vs-plainview/9-29-2026/?c=5d4bcce7-bd49-412e-bbf9-d989a3837ac2","/volleyball/ne/a87?9/29/2026","Plainview","Pirates","https://www.maxpreps.com/ne/neligh-oakdale/girls-volleyball/","https://www.maxpreps.com/ne/plainview/girls-volleyball/","https://hsfootball.net/proxy.php?url=https%3A%2F%2Fimage.maxpreps.io%2Fschool-mascot%2F9%2F5%2F7%2F957ca6c4-a67a-4f10-a81d-afa45ed296b0.gif%3Fversion%3D637496646600000000%26amp%3Bwidth%3D128%26amp%3Bheight%3D128%26amp%3Bauto%3Dwebp%26amp%3Bformat%3Dpjpg","https://hsfootball.net/proxy.php?url=https%3A%2F%2Fimage.maxpreps.io%2Fschool-mascot%2F8%2F0%2Ff%2F80fe6fdc-b131-4c6b-9dcf-a510b1748370.gif%3Fversion%3D637412016600000000%26amp%3Bwidth%3D128%26amp%3Bheight%3D128%26amp%3Bauto%3Dwebp%26amp%3Bformat%3Dpjpg","girl"
77,"Amherst vs Southern Valley",Girls Volleyball,"Nebraska",9/29/2026,12:00am,"The Amherst varsity volleyball team has an away non-conference match @  Southern Valley (Oxford, NE) on Tuesday, September 29.","/ne/volleyball/match/amherst-vs-southern-valley-oxford/9-29-2026/?c=4ed4b2a5-841e-4874-ae5b-f50fb82d0b97","https://www.maxpreps.com/ne/volleyball/match/amherst-vs-southern-valley-oxford/9-29-2026/?c=4ed4b2a5-841e-4874-ae5b-f50fb82d0b97","/volleyball/ne/d28?9/29/2026","Amherst","Broncos","https://www.maxpreps.com/ne/amherst/girls-volleyball/","https://www.maxpreps.com/ne/southern-valley-oxford/girls-volleyball/","https://hsfootball.net/proxy.php?url=https%3A%2F%2Fimage.maxpreps.io%2Fschool-mascot%2Fb%2F6%2Fb%2Fb6b18bd8-db4b-4e9e-8509-3eb6560199f3.gif%3Fversion%3D635836113000000000%26amp%3Bwidth%3D128%26amp%3Bheight%3D128%26amp%3Bauto%3Dwebp%26amp%3Bformat%3Dpjpg","https://hsfootball.net/proxy.php?url=https%3A%2F%2Fimage.maxpreps.io%2Fschool-mascot%2F9%2Fa%2F4%2F9a4c2cf1-d40a-48de-8c27-80c17728ca35.gif%3Fversion%3D635920737000000000%26amp%3Bwidth%3D128%26amp%3Bheight%3D128%26amp%3Bauto%3Dwebp%26amp%3Bformat%3Dpjpg","girl"
78,"Lincoln Christian vs Nebraska Christian",Girls Volleyball,"Nebraska",9/29/2026,12:00am,"The Lincoln Christian varsity volleyball team has an away non-conference match @  Nebraska Christian (Central City, NE) on Tuesday, September 29.","/ne/volleyball/match/lincoln-christian-vs-nebraska-christian-central-city/9-29-2026/?c=269dece3-11dc-4d9b-9885-2f3542965eb9","https://www.maxpreps.com/ne/volleyball/match/lincoln-christian-vs-nebraska-christian-central-city/9-29-2026/?c=269dece3-11dc-4d9b-9885-2f3542965eb9","/volleyball/ne/1459?9/29/2026","Lincoln Christian","Crusaders","https://www.maxpreps.com/ne/lincoln-christian/girls-volleyball/","https://www.maxpreps.com/ne/nebraska-christian-central-city/girls-volleyball/","https://hsfootball.net/proxy.php?url=https%3A%2F%2Fimage.maxpreps.io%2Fschool-mascot%2Fb%2F7%2Ff%2Fb7f2440c-5c96-410d-a874-9613201c93c9.gif%3Fversion%3D638258100600000000%26amp%3Bwidth%3D128%26amp%3Bheight%3D128%26amp%3Bauto%3Dwebp%26amp%3Bformat%3Dpjpg","https://hsfootball.net/proxy.php?url=https%3A%2F%2Fimage.maxpreps.io%2Fschool-mascot%2F8%2Fd%2F9%2F8d90b88f-7d33-42f0-a88f-12d1d5ace0b2.gif%3Fversion%3D637447536600000000%26amp%3Bwidth%3D128%26amp%3Bheight%3D128%26amp%3Bauto%3Dwebp%26amp%3Bformat%3Dpjpg","girl"
79,"Neligh-Oakdale vs Bloomfield",Girls Volleyball,"Nebraska",9/29/2026,12:00am,"The Neligh-Oakdale varsity volleyball team has an away conference match @  Bloomfield (NE) on Tuesday, September 29.","/ne/volleyball/match/bloomfield-vs-neligh-oakdale/9-29-2026/?c=ea00456d-fbce-49c4-8d1b-593787daad14","https://www.maxpreps.com/ne/volleyball/match/bloomfield-vs-neligh-oakdale/9-29-2026/?c=ea00456d-fbce-49c4-8d1b-593787daad14","/volleyball/ne/ad5?9/29/2026","Neligh-Oakdale","Warriors","https://www.maxpreps.com/ne/bloomfield/girls-volleyball/","https://www.maxpreps.com/ne/neligh-oakdale/girls-volleyball/","https://hsfootball.net/proxy.php?url=https%3A%2F%2Fimage.maxpreps.io%2Fschool-mascot%2F8%2F0%2Ff%2F80fe6fdc-b131-4c6b-9dcf-a510b1748370.gif%3Fversion%3D637412016600000000%26amp%3Bwidth%3D128%26amp%3Bheight%3D128%26amp%3Bauto%3Dwebp%26amp%3Bformat%3Dpjpg","https://hsfootball.net/proxy.php?url=https%3A%2F%2Fimage.maxpreps.io%2Fschool-mascot%2F8%2F7%2Fc%2F87c929ec-de8a-48dd-bfdf-5d1c8f6d32fd.gif%3Fversion%3D636771153600000000%26amp%3Bwidth%3D128%26amp%3Bheight%3D128%26amp%3Bauto%3Dwebp%26amp%3Bformat%3Dpjpg","girl"
80,"Freeman vs Sacred Heart",Girls Volleyball,"Nebraska",9/29/2026,12:00am,"The Freeman varsity volleyball team has an away non-conference match @  Sacred Heart (Falls City, NE) on Tuesday, September 29.","/ne/volleyball/match/freeman-adams-vs-sacred-heart-falls-city/9-29-2026/?c=a02bfdb0-e79b-42c7-a58f-6167dee023e1","https://www.maxpreps.com/ne/volleyball/match/freeman-adams-vs-sacred-heart-falls-city/9-29-2026/?c=a02bfdb0-e79b-42c7-a58f-6167dee023e1","/volleyball/ne/f2c?9/29/2026","Freeman","Falcons","https://www.maxpreps.com/ne/freeman-adams/girls-volleyball/","https://www.maxpreps.com/ne/sacred-heart-falls-city/girls-volleyball/","https://hsfootball.net/proxy.php?url=https%3A%2F%2Fimage.maxpreps.io%2Fschool-mascot%2F7%2F3%2Fb%2F73b18618-f1c7-421d-8fdc-3fc666f15b68.gif%3Fversion%3D635144005800000000%26amp%3Bwidth%3D128%26amp%3Bheight%3D128%26amp%3Bauto%3Dwebp%26amp%3Bformat%3Dpjpg","https://hsfootball.net/proxy.php?url=https%3A%2F%2Fimage.maxpreps.io%2Fschool-mascot%2Fe%2F2%2F0%2Fe2008e21-cd4d-4c67-a1d3-80d77eb70aa8.gif%3Fversion%3D635926761600000000%26amp%3Bwidth%3D128%26amp%3Bheight%3D128%26amp%3Bauto%3Dwebp%26amp%3Bformat%3Dpjpg","girl"
81,"Wilcox-Hildreth vs Harvard",Girls Volleyball,"Nebraska",9/29/2026,12:00am,"The Wilcox-Hildreth varsity volleyball team has an away non-conference match @  Harvard (NE) on Tuesday, September 29.","/ne/volleyball/match/harvard-vs-wilcox-hildreth/9-29-2026/?c=9fc25bb2-7201-480f-8f55-e15e4b8292e5","https://www.maxpreps.com/ne/volleyball/match/harvard-vs-wilcox-hildreth/9-29-2026/?c=9fc25bb2-7201-480f-8f55-e15e4b8292e5","/volleyball/ne/a42?9/29/2026","Wilcox-Hildreth","Falcons","https://www.maxpreps.com/ne/harvard/girls-volleyball/","https://www.maxpreps.com/ne/wilcox-hildreth/girls-volleyball/","https://hsfootball.net/proxy.php?url=https%3A%2F%2Fimage.maxpreps.io%2Fschool-mascot%2F2%2F1%2Fc%2F21c7842b-3d0f-4d12-b976-f8993216c16d.gif%3Fversion%3D635483550600000000%26amp%3Bwidth%3D128%26amp%3Bheight%3D128%26amp%3Bauto%3Dwebp%26amp%3Bformat%3Dpjpg","https://hsfootball.net/proxy.php?url=https%3A%2F%2Fimage.maxpreps.io%2Fschool-mascot%2F0%2Fd%2F3%2F0d3140cf-6bcb-4cee-8294-f0440026d733.gif%3Fversion%3D637570888800000000%26amp%3Bwidth%3D128%26amp%3Bheight%3D128%26amp%3Bauto%3Dwebp%26amp%3Bformat%3Dpjpg","girl"
82,"South Sioux City vs Gross Catholic",Girls Volleyball,"Nebraska",9/29/2026,12:00am,"The South Sioux City varsity volleyball team has an away non-conference match @  Gross Catholic (Omaha, NE) on Tuesday, September 29.","/ne/volleyball/match/gross-catholic-omaha-vs-south-sioux-city/9-29-2026/?c=9b67c643-aa1b-4e51-b62f-965c9049cd26","https://www.maxpreps.com/ne/volleyball/match/gross-catholic-omaha-vs-south-sioux-city/9-29-2026/?c=9b67c643-aa1b-4e51-b62f-965c9049cd26","/volleyball/ne/f96?9/29/2026","South Sioux City","Cardinals","https://www.maxpreps.com/ne/gross-catholic-omaha/girls-volleyball/","https://www.maxpreps.com/ne/south-sioux-city/girls-volleyball/","https://hsfootball.net/proxy.php?url=https%3A%2F%2Fimage.maxpreps.io%2Fschool-mascot%2F2%2F7%2Ff%2F27fcfff6-e503-4dd9-b82c-2ca9443d648a.gif%3Fversion%3D634938360000000000%26amp%3Bwidth%3D128%26amp%3Bheight%3D128%26amp%3Bauto%3Dwebp%26amp%3Bformat%3Dpjpg","https://hsfootball.net/proxy.php?url=https%3A%2F%2Fimage.maxpreps.io%2Fschool-mascot%2F1%2Ff%2F9%2F1f9e1a71-1bf9-40f4-a057-dc0d6ef3266e.gif%3Fversion%3D636789939000000000%26amp%3Bwidth%3D128%26amp%3Bheight%3D128%26amp%3Bauto%3Dwebp%26amp%3Bformat%3Dpjpg","girl"
83,"Medicine Valley vs Sandhills Valley",Girls Volleyball,"Nebraska",9/29/2026,12:00am,"The Medicine Valley varsity volleyball team has an away non-conference match @  Sandhills Valley (Stapleton, NE) on Tuesday, September 29.","/ne/volleyball/match/medicine-valley-curtis-vs-sandhills-valley-stapleton/9-29-2026/?c=457fb883-e1a2-4dd6-b195-811b6dfaf16d","https://www.maxpreps.com/ne/volleyball/match/medicine-valley-curtis-vs-sandhills-valley-stapleton/9-29-2026/?c=457fb883-e1a2-4dd6-b195-811b6dfaf16d","/volleyball/ne/1485?9/29/2026","Medicine Valley","Raiders","https://www.maxpreps.com/ne/medicine-valley-curtis/girls-volleyball/","https://www.maxpreps.com/ne/sandhills-valley-stapleton/girls-volleyball/","https://hsfootball.net/proxy.php?url=https%3A%2F%2Fimage.maxpreps.io%2Fschool-mascot%2F1%2F0%2Fb%2F10b4a95d-d2ef-4b60-9b90-e1c6e234ba05.gif%3Fversion%3D638123466600000000%26amp%3Bwidth%3D128%26amp%3Bheight%3D128%26amp%3Bauto%3Dwebp%26amp%3Bformat%3Dpjpg","https://hsfootball.net/proxy.php?url=https%3A%2F%2Fimage.maxpreps.io%2Fschool-mascot%2Fa%2F1%2F7%2Fa17f1f35-26b5-43d7-b177-4e7156ccb905.gif%3Fversion%3D636946274400000000%26amp%3Bwidth%3D128%26amp%3Bheight%3D128%26amp%3Bauto%3Dwebp%26amp%3Bformat%3Dpjpg","girl"
84,"Alma vs Red Cloud",Girls Volleyball,"Nebraska",9/29/2026,12:00am,"The Alma varsity volleyball team has an away non-conference match @  Red Cloud (NE) on Tuesday, September 29.","/ne/volleyball/match/alma-vs-red-cloud/9-29-2026/?c=e0d3e51f-c79e-41b8-a156-ec9083ceab03","https://www.maxpreps.com/ne/volleyball/match/alma-vs-red-cloud/9-29-2026/?c=e0d3e51f-c79e-41b8-a156-ec9083ceab03","/volleyball/ne/65d?9/29/2026","Alma","Cardinals","https://www.maxpreps.com/ne/alma/girls-volleyball/","https://www.maxpreps.com/ne/red-cloud/girls-volleyball/","https://hsfootball.net/proxy.php?url=https%3A%2F%2Fimage.maxpreps.io%2Fschool-mascot%2F0%2F1%2Ff%2F01f617e2-b0ba-4bbc-be3d-dc82cd8b6103.gif%3Fversion%3D633855310200000000%26amp%3Bwidth%3D128%26amp%3Bheight%3D128%26amp%3Bauto%3Dwebp%26amp%3Bformat%3Dpjpg","https://hsfootball.net/proxy.php?url=https%3A%2F%2Fimage.maxpreps.io%2Fschool-mascot%2Fa%2F8%2F4%2Fa8471822-d3e2-4186-97de-08e55146105f.gif%3Fversion%3D635117649000000000%26amp%3Bwidth%3D128%26amp%3Bheight%3D128%26amp%3Bauto%3Dwebp%26amp%3Bformat%3Dpjpg","girl"
85,"Centennial vs Milford",Girls Volleyball,"Nebraska",9/29/2026,12:00am,"The Centennial varsity volleyball team has an away non-conference match @  Milford (NE) on Tuesday, September 29.","/ne/volleyball/match/centennial-utica-vs-milford/9-29-2026/?c=4fd080c7-a22e-424f-8fd5-8462ad27d8ed","https://www.maxpreps.com/ne/volleyball/match/centennial-utica-vs-milford/9-29-2026/?c=4fd080c7-a22e-424f-8fd5-8462ad27d8ed","/volleyball/ne/a94?9/29/2026","Centennial","Broncos","https://www.maxpreps.com/ne/centennial-utica/girls-volleyball/","https://www.maxpreps.com/ne/milford/girls-volleyball/","https://hsfootball.net/proxy.php?url=https%3A%2F%2Fimage.maxpreps.io%2Fschool-mascot%2Ff%2F0%2F1%2Ff019ab38-a15c-4c69-99b8-79942247b1d3.gif%3Fversion%3D635895001200000000%26amp%3Bwidth%3D128%26amp%3Bheight%3D128%26amp%3Bauto%3Dwebp%26amp%3Bformat%3Dpjpg","https://hsfootball.net/proxy.php?url=https%3A%2F%2Fimage.maxpreps.io%2Fschool-mascot%2Fe%2F1%2Ff%2Fe1fe3e68-4a6d-47ec-b160-928d82d60bee.gif%3Fversion%3D638737422085140700%26amp%3Bwidth%3D128%26amp%3Bheight%3D128%26amp%3Bauto%3Dwebp%26amp%3Bformat%3Dpjpg","girl"
86,"Sandhills/Thedford vs Arthur County",Girls Volleyball,"Nebraska",9/29/2026,12:00am,"The Sandhills/Thedford varsity volleyball team has an away conference match @  Arthur County (Arthur, NE) on Tuesday, September 29.","/ne/volleyball/match/arthur-county-vs-sandhills-thedford-dunning/9-29-2026/?c=5fd3809a-5fb4-4852-b93f-b111c2b0a4e3","https://www.maxpreps.com/ne/volleyball/match/arthur-county-vs-sandhills-thedford-dunning/9-29-2026/?c=5fd3809a-5fb4-4852-b93f-b111c2b0a4e3","/volleyball/ne/1107?9/29/2026","Sandhills/Thedford","Knights","https://www.maxpreps.com/ne/arthur-county/girls-volleyball/","https://www.maxpreps.com/ne/sandhills-thedford-dunning/girls-volleyball/","https://hsfootball.net/proxy.php?url=https%3A%2F%2Fimage.maxpreps.io%2Fschool-mascot%2Fb%2F1%2Ff%2Fb1fe8880-aac7-4743-a55f-9e88ad357737.gif%3Fversion%3D635220113400000000%26amp%3Bwidth%3D128%26amp%3Bheight%3D128%26amp%3Bauto%3Dwebp%26amp%3Bformat%3Dpjpg","https://hsfootball.net/proxy.php?url=https%3A%2F%2Fimage.maxpreps.io%2Fschool-mascot%2F0%2F8%2F4%2F08438007-b1c1-4b4b-95b9-670d1d89e353.gif%3Fversion%3D636390820800000000%26amp%3Bwidth%3D128%26amp%3Bheight%3D128%26amp%3Bauto%3Dwebp%26amp%3Bformat%3Dpjpg","girl"
87,"Gering vs Ogallala",Girls Volleyball,"Nebraska",9/29/2026,12:00am,"The Gering varsity volleyball team has an away non-conference match @  Ogallala (NE) on Tuesday, September 29.","/ne/volleyball/match/gering-vs-ogallala/9-29-2026/?c=7f16fad2-af19-4abf-acb7-77cf83f3f69a","https://www.maxpreps.com/ne/volleyball/match/gering-vs-ogallala/9-29-2026/?c=7f16fad2-af19-4abf-acb7-77cf83f3f69a","/volleyball/ne/6fc?9/29/2026","Gering","Bulldogs","https://www.maxpreps.com/ne/gering/girls-volleyball/","https://www.maxpreps.com/ne/ogallala/girls-volleyball/","https://hsfootball.net/proxy.php?url=https%3A%2F%2Fimage.maxpreps.io%2Fschool-mascot%2F2%2F2%2Fb%2F22b093a6-e721-405c-bd7e-23d15fb86deb.gif%3Fversion%3D637120047000000000%26amp%3Bwidth%3D128%26amp%3Bheight%3D128%26amp%3Bauto%3Dwebp%26amp%3Bformat%3Dpjpg","https://hsfootball.net/proxy.php?url=https%3A%2F%2Fimage.maxpreps.io%2Fschool-mascot%2F0%2F9%2F0%2F090cddfb-60c4-4052-90be-083b9621854c.gif%3Fversion%3D636560381400000000%26amp%3Bwidth%3D128%26amp%3Bheight%3D128%26amp%3Bauto%3Dwebp%26amp%3Bformat%3Dpjpg","girl"
88,"Westview vs Omaha Central",Girls Volleyball,"Nebraska",9/29/2026,12:00am,"The Westview varsity volleyball team has an away conference match @  Omaha Central (Omaha, NE) on Tuesday, September 29.","/ne/volleyball/match/omaha-central-vs-westview-omaha/9-29-2026/?c=0cea5d35-d7a7-4654-8e1c-0acefd852156","https://www.maxpreps.com/ne/volleyball/match/omaha-central-vs-westview-omaha/9-29-2026/?c=0cea5d35-d7a7-4654-8e1c-0acefd852156","/volleyball/ne/c10?9/29/2026","Westview","Wolverines","https://www.maxpreps.com/ne/omaha-central/girls-volleyball/","https://www.maxpreps.com/ne/westview-omaha/girls-volleyball/","https://hsfootball.net/proxy.php?url=https%3A%2F%2Fimage.maxpreps.io%2Fschool-mascot%2F1%2F2%2F4%2F124506b2-7b9a-4fa6-9671-3e4107907f12.gif%3Fversion%3D638699425275227890%26amp%3Bwidth%3D128%26amp%3Bheight%3D128%26amp%3Bauto%3Dwebp%26amp%3Bformat%3Dpjpg","https://hsfootball.net/proxy.php?url=https%3A%2F%2Fimage.maxpreps.io%2Fschool-mascot%2Fd%2F5%2F9%2Fd59ff170-4fb3-4c1f-a425-de2cc32736cb.gif%3Fversion%3D635224422000000000%26amp%3Bwidth%3D128%26amp%3Bheight%3D128%26amp%3Bauto%3Dwebp%26amp%3Bformat%3Dpjpg","girl"
89,"North Central vs Valentine",Girls Volleyball,"Nebraska",9/29/2026,12:00am,"The North Central varsity volleyball team has an away non-conference match @  Valentine (NE) on Tuesday, September 29.","/ne/volleyball/match/north-central-bassett-vs-valentine/9-29-2026/?c=f2227b15-7cf5-4682-bae3-585dd9b5b4cd","https://www.maxpreps.com/ne/volleyball/match/north-central-bassett-vs-valentine/9-29-2026/?c=f2227b15-7cf5-4682-bae3-585dd9b5b4cd","/volleyball/ne/d6d?9/29/2026","North Central","Knights","https://www.maxpreps.com/ne/north-central-bassett/girls-volleyball/","https://www.maxpreps.com/ne/valentine/girls-volleyball/","https://hsfootball.net/proxy.php?url=https%3A%2F%2Fimage.maxpreps.io%2Fschool-mascot%2Fd%2F6%2F2%2Fd628b43e-ffa8-4208-ad6b-6497bec63f2a.gif%3Fversion%3D636238960200000000%26amp%3Bwidth%3D128%26amp%3Bheight%3D128%26amp%3Bauto%3Dwebp%26amp%3Bformat%3Dpjpg","https://hsfootball.net/proxy.php?url=https%3A%2F%2Fimage.maxpreps.io%2Fschool-mascot%2Fa%2F6%2Fb%2Fa6bbf4f1-9ff7-4b65-9214-ff02e9ed52f9.gif%3Fversion%3D633638325600000000%26amp%3Bwidth%3D128%26amp%3Bheight%3D128%26amp%3Bauto%3Dwebp%26amp%3Bformat%3Dpjpg","girl"
90,"North Central vs Cody-Kilgore",Girls Volleyball,"Nebraska",9/29/2026,12:00am,"The North Central varsity volleyball team has an away non-conference match @  Cody-Kilgore (Cody, NE) on Tuesday, September 29.","/ne/volleyball/match/cody-kilgore-cowboys-cowgirls-vs-north-central-bassett/9-29-2026/?c=f4b0622f-19f6-414f-843b-1129bb69e663","https://www.maxpreps.com/ne/volleyball/match/cody-kilgore-cowboys-cowgirls-vs-north-central-bassett/9-29-2026/?c=f4b0622f-19f6-414f-843b-1129bb69e663","/volleyball/ne/153a?9/29/2026","North Central","Knights","https://www.maxpreps.com/ne/cody-kilgore-cowboys-cowgirls/girls-volleyball/","https://www.maxpreps.com/ne/north-central-bassett/girls-volleyball/","https://hsfootball.net/proxy.php?url=https%3A%2F%2Fimage.maxpreps.io%2Fschool-mascot%2Fd%2F6%2F2%2Fd628b43e-ffa8-4208-ad6b-6497bec63f2a.gif%3Fversion%3D636238960200000000%26amp%3Bwidth%3D128%26amp%3Bheight%3D128%26amp%3Bauto%3Dwebp%26amp%3Bformat%3Dpjpg","https://hsfootball.net/proxy.php?url=https%3A%2F%2Fimage.maxpreps.io%2Fschool-mascot%2Fb%2Fa%2F8%2Fba855821-3438-456c-819d-ea0107caa672.gif%3Fversion%3D637020600000000000%26amp%3Bwidth%3D128%26amp%3Bheight%3D128%26amp%3Bauto%3Dwebp%26amp%3Bformat%3Dpjpg","girl"
91,"Omaha South vs Omaha North",Girls Volleyball,"Nebraska",9/29/2026,12:00am,"The Omaha South varsity volleyball team has an away conference match @  Omaha North (Omaha, NE) on Tuesday, September 29.","/ne/volleyball/match/omaha-north-vs-omaha-south/9-29-2026/?c=0329e24d-a868-41da-8aa7-4978bcbabe26","https://www.maxpreps.com/ne/volleyball/match/omaha-north-vs-omaha-south/9-29-2026/?c=0329e24d-a868-41da-8aa7-4978bcbabe26","/volleyball/ne/a07?9/29/2026","Omaha South","Packers","https://www.maxpreps.com/ne/omaha-north/girls-volleyball/","https://www.maxpreps.com/ne/omaha-south/girls-volleyball/","https://hsfootball.net/proxy.php?url=https%3A%2F%2Fimage.maxpreps.io%2Fschool-mascot%2Fb%2F0%2F9%2Fb09d3a01-fb11-447d-8ad7-048f752eaf26.gif%3Fversion%3D635138991600000000%26amp%3Bwidth%3D128%26amp%3Bheight%3D128%26amp%3Bauto%3Dwebp%26amp%3Bformat%3Dpjpg","https://hsfootball.net/proxy.php?url=https%3A%2F%2Fimage.maxpreps.io%2Fschool-mascot%2Ff%2Ff%2Ff%2Ffff1caaa-c7d5-4494-91e9-dafee111ad9c.gif%3Fversion%3D636910143000000000%26amp%3Bwidth%3D128%26amp%3Bheight%3D128%26amp%3Bauto%3Dwebp%26amp%3Bformat%3Dpjpg","girl"
92,"Howells-Dodge vs Madison",Girls Volleyball,"Nebraska",9/29/2026,12:00am,"The Howells-Dodge varsity volleyball team has an away non-conference match @  Madison (NE) on Tuesday, September 29.","/ne/volleyball/match/howells-dodge-bobcats-vs-madison/9-29-2026/?c=613bfd9c-19df-4156-9d89-b88e64164b6d","https://www.maxpreps.com/ne/volleyball/match/howells-dodge-bobcats-vs-madison/9-29-2026/?c=613bfd9c-19df-4156-9d89-b88e64164b6d","/volleyball/ne/c67?9/29/2026","Howells-Dodge","Jaguars","https://www.maxpreps.com/ne/howells-dodge-bobcats/girls-volleyball/","https://www.maxpreps.com/ne/madison/girls-volleyball/","https://hsfootball.net/proxy.php?url=https%3A%2F%2Fimage.maxpreps.io%2Fschool-mascot%2Fa%2F7%2Fe%2Fa7e5ce50-fd48-4b55-83b6-4e669481bf26.gif%3Fversion%3D634698991800000000%26amp%3Bwidth%3D128%26amp%3Bheight%3D128%26amp%3Bauto%3Dwebp%26amp%3Bformat%3Dpjpg","https://hsfootball.net/proxy.php?url=https%3A%2F%2Fimage.maxpreps.io%2Fschool-mascot%2Fe%2F1%2Ff%2Fe1f8a2e1-bd89-4e4e-97de-ae894cdace07.gif%3Fversion%3D635517457800000000%26amp%3Bwidth%3D128%26amp%3Bheight%3D128%26amp%3Bauto%3Dwebp%26amp%3Bformat%3Dpjpg","girl"
93,"Columbus vs Lincoln Northwest",Girls Volleyball,"Nebraska",9/29/2026,12:00am,"The Columbus varsity volleyball team has an away non-conference match @  Lincoln Northwest (Lincoln, NE) on Tuesday, September 29.","/ne/volleyball/match/columbus-vs-lincoln-northwest/9-29-2026/?c=def47293-24f5-425e-be28-3410cae8021b","https://www.maxpreps.com/ne/volleyball/match/columbus-vs-lincoln-northwest/9-29-2026/?c=def47293-24f5-425e-be28-3410cae8021b","/volleyball/ne/bb7?9/29/2026","Columbus","Discoverers","https://www.maxpreps.com/ne/columbus/girls-volleyball/","https://www.maxpreps.com/ne/lincoln-northwest/girls-volleyball/","https://hsfootball.net/proxy.php?url=https%3A%2F%2Fimage.maxpreps.io%2Fschool-mascot%2Fa%2Fb%2F7%2Fab7946f6-0d36-4e63-942d-30de8c90ee11.gif%3Fversion%3D637835509200000000%26amp%3Bwidth%3D128%26amp%3Bheight%3D128%26amp%3Bauto%3Dwebp%26amp%3Bformat%3Dpjpg","https://hsfootball.net/proxy.php?url=https%3A%2F%2Fimage.maxpreps.io%2Fschool-mascot%2Fc%2F4%2Fe%2Fc4ed81d7-3797-4a5d-bd26-8233d9065520.gif%3Fversion%3D637861526400000000%26amp%3Bwidth%3D128%26amp%3Bheight%3D128%26amp%3Bauto%3Dwebp%26amp%3Bformat%3Dpjpg","girl"
94,"Alliance vs O&#x27;Neill",Girls Volleyball,"Nebraska",9/29/2026,12:00am,"The Alliance varsity volleyball team has an away non-conference match @  O&#x27;Neill (NE) on Tuesday, September 29.","/ne/volleyball/match/alliance-vs-oneill/9-29-2026/?c=70b09162-2637-4339-aece-48160b3fb1fc","https://www.maxpreps.com/ne/volleyball/match/alliance-vs-oneill/9-29-2026/?c=70b09162-2637-4339-aece-48160b3fb1fc","/volleyball/ne/6ff?9/29/2026","Alliance","Bulldogs","https://www.maxpreps.com/ne/alliance/girls-volleyball/","https://www.maxpreps.com/ne/oneill/girls-volleyball/","https://hsfootball.net/proxy.php?url=https%3A%2F%2Fimage.maxpreps.io%2Fschool-mascot%2Ff%2Ff%2F2%2Fff2def4c-7ad0-45d0-9b33-03e419d8d508.gif%3Fversion%3D635768787600000000%26amp%3Bwidth%3D128%26amp%3Bheight%3D128%26amp%3Bauto%3Dwebp%26amp%3Bformat%3Dpjpg","https://hsfootball.net/proxy.php?url=https%3A%2F%2Fimage.maxpreps.io%2Fschool-mascot%2Fa%2Fe%2F6%2Fae6b80b7-39c6-4218-89c6-d08262704eeb.gif%3Fversion%3D635192701200000000%26amp%3Bwidth%3D128%26amp%3Bheight%3D128%26amp%3Bauto%3Dwebp%26amp%3Bformat%3Dpjpg","girl"
95,"Franklin vs Red Cloud",Girls Volleyball,"Nebraska",9/29/2026,12:00am,"The Franklin varsity volleyball team has an away non-conference match @  Red Cloud (NE) on Tuesday, September 29.","/ne/volleyball/match/franklin-vs-red-cloud/9-29-2026/?c=5fb56da3-9fd8-4fed-b035-779b64f1a33f","https://www.maxpreps.com/ne/volleyball/match/franklin-vs-red-cloud/9-29-2026/?c=5fb56da3-9fd8-4fed-b035-779b64f1a33f","/volleyball/ne/817?9/29/2026","Franklin","Flyers","https://www.maxpreps.com/ne/franklin/girls-volleyball/","https://www.maxpreps.com/ne/red-cloud/girls-volleyball/","https://hsfootball.net/proxy.php?url=https%3A%2F%2Fimage.maxpreps.io%2Fschool-mascot%2Fd%2F0%2F6%2Fd06864df-2ccd-4ec1-ae53-98665cbc7763.gif%3Fversion%3D636004490400000000%26amp%3Bwidth%3D128%26amp%3Bheight%3D128%26amp%3Bauto%3Dwebp%26amp%3Bformat%3Dpjpg","https://hsfootball.net/proxy.php?url=https%3A%2F%2Fimage.maxpreps.io%2Fschool-mascot%2Fa%2F8%2F4%2Fa8471822-d3e2-4186-97de-08e55146105f.gif%3Fversion%3D635117649000000000%26amp%3Bwidth%3D128%26amp%3Bheight%3D128%26amp%3Bauto%3Dwebp%26amp%3Bformat%3Dpjpg","girl"
96,"Ponca vs Norfolk Catholic",Girls Volleyball,"Nebraska",9/29/2026,12:00am,"The Ponca varsity volleyball team has an away non-conference match @  Norfolk Catholic (Norfolk, NE) on Tuesday, September 29.","/ne/volleyball/match/norfolk-catholic-vs-ponca/9-29-2026/?c=2e82e2fa-ef5e-4c51-ae9e-08371ccf18a6","https://www.maxpreps.com/ne/volleyball/match/norfolk-catholic-vs-ponca/9-29-2026/?c=2e82e2fa-ef5e-4c51-ae9e-08371ccf18a6","/volleyball/ne/9c3?9/29/2026","Ponca","Indians","https://www.maxpreps.com/ne/norfolk-catholic/girls-volleyball/","https://www.maxpreps.com/ne/ponca/girls-volleyball/","https://hsfootball.net/proxy.php?url=https%3A%2F%2Fimage.maxpreps.io%2Fschool-mascot%2Fb%2F3%2Fd%2Fb3d21109-67f7-4624-a160-1ef27b858ccd.gif%3Fversion%3D635461008600000000%26amp%3Bwidth%3D128%26amp%3Bheight%3D128%26amp%3Bauto%3Dwebp%26amp%3Bformat%3Dpjpg","https://hsfootball.net/proxy.php?url=https%3A%2F%2Fimage.maxpreps.io%2Fschool-mascot%2Fc%2F4%2F6%2Fc4604956-61a4-413e-99c4-71d906813982.gif%3Fversion%3D635582230200000000%26amp%3Bwidth%3D128%26amp%3Bheight%3D128%26amp%3Bauto%3Dwebp%26amp%3Bformat%3Dpjpg","girl"
97,"South Loup vs Ansley/Litchfield",Girls Volleyball,"Nebraska",9/29/2026,12:00am,"The South Loup varsity volleyball team has an away non-conference match @  Ansley/Litchfield (Ansley, NE) on Tuesday, September 29.","/ne/volleyball/match/ansley-litchfield-vs-south-loup-arnold/9-29-2026/?c=657933c6-e2f3-4383-bb9c-eb8e57728087","https://www.maxpreps.com/ne/volleyball/match/ansley-litchfield-vs-south-loup-arnold/9-29-2026/?c=657933c6-e2f3-4383-bb9c-eb8e57728087","/volleyball/ne/ee1?9/29/2026","South Loup","Ansley/Litchfield","https://www.maxpreps.com/ne/ansley-litchfield/girls-volleyball/","https://www.maxpreps.com/ne/south-loup-arnold/girls-volleyball/","https://hsfootball.net/proxy.php?url=https%3A%2F%2Fimage.maxpreps.io%2Fschool-mascot%2F1%2F0%2F5%2F105caf2b-b358-4acf-b98c-90298d35ae52.gif%3Fversion%3D636464247600000000%26amp%3Bwidth%3D128%26amp%3Bheight%3D128%26amp%3Bauto%3Dwebp%26amp%3Bformat%3Dpjpg","https://hsfootball.net/proxy.php?url=https%3A%2F%2Fimage.maxpreps.io%2Fschool-mascot%2F3%2F6%2Fb%2F36b28a57-332d-4a23-b2c3-2f3c635ad681.gif%3Fversion%3D635768058000000000%26amp%3Bwidth%3D128%26amp%3Bheight%3D128%26amp%3Bauto%3Dwebp%26amp%3Bformat%3Dpjpg","girl"
98,"Millard West vs Omaha Westside",Girls Volleyball,"Nebraska",9/29/2026,12:00am,"The Millard West varsity volleyball team has an away conference match @  Omaha Westside (Omaha, NE) on Tuesday, September 29.","/ne/volleyball/match/millard-west-omaha-vs-omaha-westside/9-29-2026/?c=2fb74565-dce3-42d4-896e-5b5a1137697c","https://www.maxpreps.com/ne/volleyball/match/millard-west-omaha-vs-omaha-westside/9-29-2026/?c=2fb74565-dce3-42d4-896e-5b5a1137697c","/volleyball/ne/de6?9/29/2026","Millard West","Wildcats","https://www.maxpreps.com/ne/millard-west-omaha/girls-volleyball/","https://www.maxpreps.com/ne/omaha-westside/girls-volleyball/","https://hsfootball.net/proxy.php?url=https%3A%2F%2Fimage.maxpreps.io%2Fschool-mascot%2Fa%2F1%2F0%2Fa1083546-63df-4bf2-9085-f0546b187369.gif%3Fversion%3D635926783800000000%26amp%3Bwidth%3D128%26amp%3Bheight%3D128%26amp%3Bauto%3Dwebp%26amp%3Bformat%3Dpjpg","https://hsfootball.net/proxy.php?url=https%3A%2F%2Fimage.maxpreps.io%2Fschool-mascot%2Fd%2F6%2Ff%2Fd6f09ff7-ddc1-4a88-ad7c-539f28e6a418.gif%3Fversion%3D634971308400000000%26amp%3Bwidth%3D128%26amp%3Bheight%3D128%26amp%3Bauto%3Dwebp%26amp%3Bformat%3Dpjpg","girl"
99,"Roncalli Catholic vs Brownell Talbot",Girls Volleyball,"Nebraska",9/29/2026,12:00am,"The Roncalli Catholic varsity volleyball team has an away non-conference match @  Brownell Talbot (Omaha, NE) on Tuesday, September 29.","/ne/volleyball/match/brownell-talbot-omaha-vs-roncalli-catholic-lions-omaha/9-29-2026/?c=f20fdfb9-00cd-4fe0-aeca-6d470db3aa3e","https://www.maxpreps.com/ne/volleyball/match/brownell-talbot-omaha-vs-roncalli-catholic-lions-omaha/9-29-2026/?c=f20fdfb9-00cd-4fe0-aeca-6d470db3aa3e","/volleyball/ne/14db?9/29/2026","Roncalli Catholic","Crimson Pride","https://www.maxpreps.com/ne/brownell-talbot-omaha/girls-volleyball/","https://www.maxpreps.com/ne/roncalli-catholic-lions-omaha/girls-volleyball/","https://hsfootball.net/proxy.php?url=https%3A%2F%2Fimage.maxpreps.io%2Fschool-mascot%2Fc%2Fd%2F9%2Fcd9f97d7-253f-45bd-a2e7-38d43d17b521.gif%3Fversion%3D638246720400000000%26amp%3Bwidth%3D128%26amp%3Bheight%3D128%26amp%3Bauto%3Dwebp%26amp%3Bformat%3Dpjpg","https://hsfootball.net/proxy.php?url=https%3A%2F%2Fimage.maxpreps.io%2Fschool-mascot%2Fd%2F0%2Fb%2Fd0b3d72a-fddc-4473-b508-3e700a568666.gif%3Fversion%3D636097870800000000%26amp%3Bwidth%3D128%26amp%3Bheight%3D128%26amp%3Bauto%3Dwebp%26amp%3Bformat%3Dpjpg","girl"
100,"Cody-Kilgore vs Valentine",Girls Volleyball,"Nebraska",9/29/2026,12:00am,"The Cody-Kilgore varsity volleyball team has an away non-conference match @  Valentine (NE) on Tuesday, September 29.","/ne/volleyball/match/cody-kilgore-cowboys-cowgirls-vs-valentine/9-29-2026/?c=3ab9854f-baa6-4726-b8ca-2817bc86e763","https://www.maxpreps.com/ne/volleyball/match/cody-kilgore-cowboys-cowgirls-vs-valentine/9-29-2026/?c=3ab9854f-baa6-4726-b8ca-2817bc86e763","/volleyball/ne/109c?9/29/2026","Cody-Kilgore","Cowboys","https://www.maxpreps.com/ne/cody-kilgore-cowboys-cowgirls/girls-volleyball/","https://www.maxpreps.com/ne/valentine/girls-volleyball/","https://hsfootball.net/proxy.php?url=https%3A%2F%2Fimage.maxpreps.io%2Fschool-mascot%2Fb%2Fa%2F8%2Fba855821-3438-456c-819d-ea0107caa672.gif%3Fversion%3D637020600000000000%26amp%3Bwidth%3D128%26amp%3Bheight%3D128%26amp%3Bauto%3Dwebp%26amp%3Bformat%3Dpjpg","https://hsfootball.net/proxy.php?url=https%3A%2F%2Fimage.maxpreps.io%2Fschool-mascot%2Fa%2F6%2Fb%2Fa6bbf4f1-9ff7-4b65-9214-ff02e9ed52f9.gif%3Fversion%3D633638325600000000%26amp%3Bwidth%3D128%26amp%3Bheight%3D128%26amp%3Bauto%3Dwebp%26amp%3Bformat%3Dpjpg","girl"
101,"Aurora vs Grand Island Central Catholic",Girls Volleyball,"Nebraska",9/29/2026,12:00am,"The Aurora varsity volleyball team has an away non-conference match @  Grand Island Central Catholic (Grand Island, NE) on Tuesday, September 29.","/ne/volleyball/match/aurora-vs-grand-island-central-catholic/9-29-2026/?c=de0593fb-b896-4d86-8e97-7d2d4f183408","https://www.maxpreps.com/ne/volleyball/match/aurora-vs-grand-island-central-catholic/9-29-2026/?c=de0593fb-b896-4d86-8e97-7d2d4f183408","/volleyball/ne/f0b?9/29/2026","Aurora","Huskies","https://www.maxpreps.com/ne/aurora/girls-volleyball/","https://www.maxpreps.com/ne/grand-island-central-catholic/girls-volleyball/","https://hsfootball.net/proxy.php?url=https%3A%2F%2Fimage.maxpreps.io%2Fschool-mascot%2Fa%2F2%2Fa%2Fa2aac238-732e-46b7-9ff5-27173d05eed1.gif%3Fversion%3D635930145600000000%26amp%3Bwidth%3D128%26amp%3Bheight%3D128%26amp%3Bauto%3Dwebp%26amp%3Bformat%3Dpjpg","https://hsfootball.net/proxy.php?url=https%3A%2F%2Fimage.maxpreps.io%2Fschool-mascot%2Fb%2Ff%2Fb%2Fbfb8a6b5-5370-4e2d-9e5b-981deb33935c.gif%3Fversion%3D637818133200000000%26amp%3Bwidth%3D128%26amp%3Bheight%3D128%26amp%3Bauto%3Dwebp%26amp%3Bformat%3Dpjpg","girl"
102,"Laurel-Concord-Coleridge vs Pierce",Girls Volleyball,"Nebraska",9/29/2026,12:00am,"The Laurel-Concord-Coleridge varsity volleyball team has an away non-conference match @  Pierce (NE) on Tuesday, September 29.","/ne/volleyball/match/laurel-concord-coleridge-vs-pierce/9-29-2026/?c=5d5f2137-4239-488b-9894-0852c05ad8ed","https://www.maxpreps.com/ne/volleyball/match/laurel-concord-coleridge-vs-pierce/9-29-2026/?c=5d5f2137-4239-488b-9894-0852c05ad8ed","/volleyball/ne/d30?9/29/2026","Laurel-Concord-Coleridge","Bears","https://www.maxpreps.com/ne/laurel-concord-coleridge/girls-volleyball/","https://www.maxpreps.com/ne/pierce/girls-volleyball/","https://hsfootball.net/proxy.php?url=https%3A%2F%2Fimage.maxpreps.io%2Fschool-mascot%2Fc%2F4%2Fe%2Fc4e5826b-6882-4928-943d-923a09884e68.gif%3Fversion%3D635126278200000000%26amp%3Bwidth%3D128%26amp%3Bheight%3D128%26amp%3Bauto%3Dwebp%26amp%3Bformat%3Dpjpg","https://hsfootball.net/proxy.php?url=https%3A%2F%2Fimage.maxpreps.io%2Fschool-mascot%2Fa%2Fe%2F1%2Fae1d52af-ecd6-4bef-9713-a1826299fcf4.gif%3Fversion%3D635327384400000000%26amp%3Bwidth%3D128%26amp%3Bheight%3D128%26amp%3Bauto%3Dwebp%26amp%3Bformat%3Dpjpg","girl"
103,"Paxton vs Arthur County",Girls Volleyball,"Nebraska",9/29/2026,12:00am,"The Paxton varsity volleyball team has an away non-conference match @  Arthur County (Arthur, NE) on Tuesday, September 29.","/ne/volleyball/match/arthur-county-vs-paxton/9-29-2026/?c=7edb7a3a-e11b-461e-b981-6e1adc5de534","https://www.maxpreps.com/ne/volleyball/match/arthur-county-vs-paxton/9-29-2026/?c=7edb7a3a-e11b-461e-b981-6e1adc5de534","/volleyball/ne/942?9/29/2026","Paxton","Tigers","https://www.maxpreps.com/ne/arthur-county/girls-volleyball/","https://www.maxpreps.com/ne/paxton/girls-volleyball/","https://hsfootball.net/proxy.php?url=https%3A%2F%2Fimage.maxpreps.io%2Fschool-mascot%2F3%2Fc%2F1%2F3c1dee9a-4981-496d-b402-beadb5edc565.gif%3Fversion%3D636737352000000000%26amp%3Bwidth%3D128%26amp%3Bheight%3D128%26amp%3Bauto%3Dwebp%26amp%3Bformat%3Dpjpg","https://hsfootball.net/proxy.php?url=https%3A%2F%2Fimage.maxpreps.io%2Fschool-mascot%2F0%2F8%2F4%2F08438007-b1c1-4b4b-95b9-670d1d89e353.gif%3Fversion%3D636390820800000000%26amp%3Bwidth%3D128%26amp%3Bheight%3D128%26amp%3Bauto%3Dwebp%26amp%3Bformat%3Dpjpg","girl"
104,"Shelton vs Overton",Girls Volleyball,"Nebraska",9/29/2026,12:00am,"The Shelton varsity volleyball team has an away non-conference match @  Overton (NE) on Tuesday, September 29.","/ne/volleyball/match/overton-vs-shelton/9-29-2026/?c=b7201ca0-55ff-4215-950f-9f19d20f1670","https://www.maxpreps.com/ne/volleyball/match/overton-vs-shelton/9-29-2026/?c=b7201ca0-55ff-4215-950f-9f19d20f1670","/volleyball/ne/74d?9/29/2026","Shelton","Bulldogs","https://www.maxpreps.com/ne/overton/girls-volleyball/","https://www.maxpreps.com/ne/shelton/girls-volleyball/","https://hsfootball.net/proxy.php?url=https%3A%2F%2Fimage.maxpreps.io%2Fschool-mascot%2F0%2Fc%2Fd%2F0cda56ba-bf4a-45ca-9ca4-d9e6fbcd15f8.gif%3Fversion%3D633622915200000000%26amp%3Bwidth%3D128%26amp%3Bheight%3D128%26amp%3Bauto%3Dwebp%26amp%3Bformat%3Dpjpg","https://hsfootball.net/proxy.php?url=https%3A%2F%2Fimage.maxpreps.io%2Fschool-mascot%2F2%2F1%2F8%2F2185caae-655e-4e40-bb18-0d8850a62c1b.gif%3Fversion%3D637081074600000000%26amp%3Bwidth%3D128%26amp%3Bheight%3D128%26amp%3Bauto%3Dwebp%26amp%3Bformat%3Dpjpg","girl"
105,"Tri County Northeast vs Wynot",Girls Volleyball,"Nebraska",9/29/2026,12:00am,"The Tri County Northeast varsity volleyball team has an away non-conference match @  Wynot (NE) on Tuesday, September 29.","/ne/volleyball/match/tri-county-northeast-emerson-vs-wynot/9-29-2026/?c=2958b0a8-40fb-4699-af84-63e362505ea6","https://www.maxpreps.com/ne/volleyball/match/tri-county-northeast-emerson-vs-wynot/9-29-2026/?c=2958b0a8-40fb-4699-af84-63e362505ea6","/volleyball/ne/ecd?9/29/2026","Tri County Northeast","Wolfpack","https://www.maxpreps.com/ne/tri-county-northeast-emerson/girls-volleyball/","https://www.maxpreps.com/ne/wynot/girls-volleyball/","https://hsfootball.net/proxy.php?url=https%3A%2F%2Fimage.maxpreps.io%2Fschool-mascot%2F7%2Fa%2F1%2F7a176a77-8bbc-4b2b-9915-df7f49ccacd4.gif%3Fversion%3D637348345800000000%26amp%3Bwidth%3D128%26amp%3Bheight%3D128%26amp%3Bauto%3Dwebp%26amp%3Bformat%3Dpjpg","https://hsfootball.net/proxy.php?url=https%3A%2F%2Fimage.maxpreps.io%2Fschool-mascot%2Ff%2Ff%2F0%2Fff07b0a7-ce4b-4d00-8297-101e9b770fb5.gif%3Fversion%3D635926759800000000%26amp%3Bwidth%3D128%26amp%3Bheight%3D128%26amp%3Bauto%3Dwebp%26amp%3Bformat%3Dpjpg","girl"
106,"Elmwood-Murdock vs Palmyra",Girls Volleyball,"Nebraska",9/29/2026,12:00am,"The Elmwood-Murdock varsity volleyball team has an away non-conference match @  Palmyra (NE) on Tuesday, September 29.","/ne/volleyball/match/elmwood-murdock-vs-palmyra/9-29-2026/?c=6c1bea6f-1f87-4eec-bbc0-8fd9759d3a3d","https://www.maxpreps.com/ne/volleyball/match/elmwood-murdock-vs-palmyra/9-29-2026/?c=6c1bea6f-1f87-4eec-bbc0-8fd9759d3a3d","/volleyball/ne/a52?9/29/2026","Elmwood-Murdock","Knights","https://www.maxpreps.com/ne/elmwood-murdock/girls-volleyball/","https://www.maxpreps.com/ne/palmyra/girls-volleyball/","https://hsfootball.net/proxy.php?url=https%3A%2F%2Fimage.maxpreps.io%2Fschool-mascot%2Fc%2F7%2F6%2Fc76504fa-d5a6-457f-aef1-1c3606d8c46b.gif%3Fversion%3D635753991600000000%26amp%3Bwidth%3D128%26amp%3Bheight%3D128%26amp%3Bauto%3Dwebp%26amp%3Bformat%3Dpjpg","https://hsfootball.net/proxy.php?url=https%3A%2F%2Fimage.maxpreps.io%2Fschool-mascot%2F8%2F9%2F3%2F8933530d-13b5-4554-8ec3-a82fcf4dca0d.gif%3Fversion%3D634572455400000000%26amp%3Bwidth%3D128%26amp%3Bheight%3D128%26amp%3Bauto%3Dwebp%26amp%3Bformat%3Dpjpg","girl"
107,"Lewiston vs Lourdes Central Catholic",Girls Volleyball,"Nebraska",9/29/2026,12:00am,"The Lewiston varsity volleyball team has an away non-conference match @  Lourdes Central Catholic (Nebraska City, NE) on Tuesday, September 29.","/ne/volleyball/match/lewiston-vs-lourdes-central-catholic-nebraska-city/9-29-2026/?c=34a6a29d-cc3b-45d1-b4cc-e84613489c34","https://www.maxpreps.com/ne/volleyball/match/lewiston-vs-lourdes-central-catholic-nebraska-city/9-29-2026/?c=34a6a29d-cc3b-45d1-b4cc-e84613489c34","/volleyball/ne/139a?9/29/2026","Lewiston","Tigers","https://www.maxpreps.com/ne/lewiston/girls-volleyball/","https://www.maxpreps.com/ne/lourdes-central-catholic-nebraska-city/girls-volleyball/","https://hsfootball.net/proxy.php?url=https%3A%2F%2Fimage.maxpreps.io%2Fschool-mascot%2Fa%2F5%2Fc%2Fa5c9c5de-c9d1-4669-b4b5-36280b467d04.gif%3Fversion%3D637024996200000000%26amp%3Bwidth%3D128%26amp%3Bheight%3D128%26amp%3Bauto%3Dwebp%26amp%3Bformat%3Dpjpg","https://hsfootball.net/proxy.php?url=https%3A%2F%2Fimage.maxpreps.io%2Fschool-mascot%2Fa%2F5%2Fc%2Fa5c9c5de-c9d1-4669-b4b5-36280b467d04.gif%3Fversion%3D637024996200000000%26amp%3Bwidth%3D32%26amp%3Bheight%3D32%26amp%3Bauto%3Dwebp%26amp%3Bformat%3Dpjpg","girl"
108,"Crofton vs Ponca",Girls Volleyball,"Nebraska",9/29/2026,12:00am,"The Crofton varsity volleyball team has an away non-conference match @  Ponca (NE) on Tuesday, September 29.","/ne/volleyball/match/crofton-vs-ponca/9-29-2026/?c=419980be-7ca7-4143-8ea6-abcda2e9e303","https://www.maxpreps.com/ne/volleyball/match/crofton-vs-ponca/9-29-2026/?c=419980be-7ca7-4143-8ea6-abcda2e9e303","/volleyball/ne/64f?9/29/2026","Crofton","Warriors","https://www.maxpreps.com/ne/crofton/girls-volleyball/","https://www.maxpreps.com/ne/ponca/girls-volleyball/","https://hsfootball.net/proxy.php?url=https%3A%2F%2Fimage.maxpreps.io%2Fschool-mascot%2F4%2F9%2F6%2F4962f460-d9e3-47e6-baca-7bca08491f7a.gif%3Fversion%3D635926780800000000%26amp%3Bwidth%3D128%26amp%3Bheight%3D128%26amp%3Bauto%3Dwebp%26amp%3Bformat%3Dpjpg","https://hsfootball.net/proxy.php?url=https%3A%2F%2Fimage.maxpreps.io%2Fschool-mascot%2Fb%2F3%2Fd%2Fb3d21109-67f7-4624-a160-1ef27b858ccd.gif%3Fversion%3D635461008600000000%26amp%3Bwidth%3D128%26amp%3Bheight%3D128%26amp%3Bauto%3Dwebp%26amp%3Bformat%3Dpjpg","girl"
109,"West Point-Beemer vs Wayne",Girls Volleyball,"Nebraska",9/29/2026,12:00am,"The West Point-Beemer varsity volleyball team has an away non-conference match @  Wayne (NE) on Tuesday, September 29.","/ne/volleyball/match/wayne-vs-west-point-beemer/9-29-2026/?c=68be2abf-b938-4a3c-b970-7498cf2d2cc5","https://www.maxpreps.com/ne/volleyball/match/wayne-vs-west-point-beemer/9-29-2026/?c=68be2abf-b938-4a3c-b970-7498cf2d2cc5","/volleyball/ne/a1e?9/29/2026","West Point-Beemer","Cadets","https://www.maxpreps.com/ne/wayne/girls-volleyball/","https://www.maxpreps.com/ne/west-point-beemer/girls-volleyball/","https://hsfootball.net/proxy.php?url=https%3A%2F%2Fimage.maxpreps.io%2Fschool-mascot%2Fb%2F2%2F1%2Fb215f359-1a4d-489b-8338-f25b7a8b0b6c.gif%3Fversion%3D636480574800000000%26amp%3Bwidth%3D128%26amp%3Bheight%3D128%26amp%3Bauto%3Dwebp%26amp%3Bformat%3Dpjpg","https://hsfootball.net/proxy.php?url=https%3A%2F%2Fimage.maxpreps.io%2Fschool-mascot%2F5%2F2%2F2%2F522a9b7b-1a1a-49ea-a144-5e16319ff865.gif%3Fversion%3D633870573600000000%26amp%3Bwidth%3D128%26amp%3Bheight%3D128%26amp%3Bauto%3Dwebp%26amp%3Bformat%3Dpjpg","girl"
110,"Hershey vs Arapahoe",Girls Volleyball,"Nebraska",9/29/2026,12:00am,"The Hershey varsity volleyball team has an away non-conference match @  Arapahoe (NE) on Tuesday, September 29.","/ne/volleyball/match/arapahoe-vs-hershey/9-29-2026/?c=4316c0bf-d7c9-4b26-b9b1-529c851bd403","https://www.maxpreps.com/ne/volleyball/match/arapahoe-vs-hershey/9-29-2026/?c=4316c0bf-d7c9-4b26-b9b1-529c851bd403","/volleyball/ne/77c?9/29/2026","Hershey","Panthers","https://www.maxpreps.com/ne/arapahoe/girls-volleyball/","https://www.maxpreps.com/ne/hershey/girls-volleyball/","https://hsfootball.net/proxy.php?url=https%3A%2F%2Fimage.maxpreps.io%2Fschool-mascot%2F4%2Ff%2Ff%2F4ff691d6-b5de-4d1f-a807-aee70892c5a2.gif%3Fversion%3D636328586400000000%26amp%3Bwidth%3D128%26amp%3Bheight%3D128%26amp%3Bauto%3Dwebp%26amp%3Bformat%3Dpjpg","https://hsfootball.net/proxy.php?url=https%3A%2F%2Fimage.maxpreps.io%2Fschool-mascot%2F6%2Fb%2F9%2F6b927179-598d-4b6e-bf09-0d4c2d7e32f8.gif%3Fversion%3D639247413409351890%26amp%3Bwidth%3D128%26amp%3Bheight%3D128%26amp%3Bauto%3Dwebp%26amp%3Bformat%3Dpjpg","girl"
111,"Ravenna vs Doniphan-Trumbull",Girls Volleyball,"Nebraska",9/29/2026,12:00am,"The Ravenna varsity volleyball team has an away non-conference match @  Doniphan-Trumbull (Doniphan, NE) on Tuesday, September 29.","/ne/volleyball/match/doniphan-trumbull-vs-ravenna/9-29-2026/?c=6ea16bea-0943-4970-a51d-418a61d67dbb","https://www.maxpreps.com/ne/volleyball/match/doniphan-trumbull-vs-ravenna/9-29-2026/?c=6ea16bea-0943-4970-a51d-418a61d67dbb","/volleyball/ne/b23?9/29/2026","Ravenna","Bluejays","https://www.maxpreps.com/ne/doniphan-trumbull/girls-volleyball/","https://www.maxpreps.com/ne/ravenna/girls-volleyball/","https://hsfootball.net/proxy.php?url=https%3A%2F%2Fimage.maxpreps.io%2Fschool-mascot%2F5%2F6%2Fe%2F56e90722-043f-4692-b093-24f12a94c6ee.gif%3Fversion%3D636238963800000000%26amp%3Bwidth%3D128%26amp%3Bheight%3D128%26amp%3Bauto%3Dwebp%26amp%3Bformat%3Dpjpg","https://hsfootball.net/proxy.php?url=https%3A%2F%2Fimage.maxpreps.io%2Fschool-mascot%2Fa%2F3%2F3%2Fa3352739-6314-40f4-aa6b-3d1bf1965c40.gif%3Fversion%3D636173167800000000%26amp%3Bwidth%3D128%26amp%3Bheight%3D128%26amp%3Bauto%3Dwebp%26amp%3Bformat%3Dpjpg","girl"
112,"Elm Creek vs Lawrence-Nelson",Girls Volleyball,"Nebraska",9/29/2026,12:00am,"The Elm Creek varsity volleyball team has an away non-conference match @  Lawrence-Nelson (Nelson, NE) on Tuesday, September 29.","/ne/volleyball/match/elm-creek-vs-lawrence-nelson/9-29-2026/?c=2dc56997-5a23-455a-8202-e2ea7f79e2d4","https://www.maxpreps.com/ne/volleyball/match/elm-creek-vs-lawrence-nelson/9-29-2026/?c=2dc56997-5a23-455a-8202-e2ea7f79e2d4","/volleyball/ne/ac5?9/29/2026","Elm Creek","Buffaloes","https://www.maxpreps.com/ne/elm-creek/girls-volleyball/","https://www.maxpreps.com/ne/lawrence-nelson/girls-volleyball/","https://hsfootball.net/proxy.php?url=https%3A%2F%2Fimage.maxpreps.io%2Fschool-mascot%2F5%2Ff%2Fe%2F5fe590e4-e0f6-42f1-bf92-3c17d520e5b5.gif%3Fversion%3D635259905400000000%26amp%3Bwidth%3D128%26amp%3Bheight%3D128%26amp%3Bauto%3Dwebp%26amp%3Bformat%3Dpjpg","https://hsfootball.net/proxy.php?url=https%3A%2F%2Fimage.maxpreps.io%2Fschool-mascot%2F4%2F6%2F5%2F4658b264-d094-4408-8f36-aa63ea0a7da1.gif%3Fversion%3D635520750600000000%26amp%3Bwidth%3D128%26amp%3Bheight%3D128%26amp%3Bauto%3Dwebp%26amp%3Bformat%3Dpjpg","girl"
113,"Ord vs Boone Central",Girls Volleyball,"Nebraska",9/29/2026,12:00am,"The Ord varsity volleyball team has an away non-conference match @  Boone Central (Albion, NE) on Tuesday, September 29.","/ne/volleyball/match/boone-central-albion-vs-ord/9-29-2026/?c=614879f7-c741-4297-a1c3-751f519cdc33","https://www.maxpreps.com/ne/volleyball/match/boone-central-albion-vs-ord/9-29-2026/?c=614879f7-c741-4297-a1c3-751f519cdc33","/volleyball/ne/a53?9/29/2026","Ord","Chanticleers","https://www.maxpreps.com/ne/boone-central-albion/girls-volleyball/","https://www.maxpreps.com/ne/ord/girls-volleyball/","https://hsfootball.net/proxy.php?url=https%3A%2F%2Fimage.maxpreps.io%2Fschool-mascot%2F3%2F4%2F4%2F3446e326-0e0a-47fc-ba77-15bdc88b28b0.gif%3Fversion%3D635814486000000000%26amp%3Bwidth%3D128%26amp%3Bheight%3D128%26amp%3Bauto%3Dwebp%26amp%3Bformat%3Dpjpg","https://hsfootball.net/proxy.php?url=https%3A%2F%2Fimage.maxpreps.io%2Fschool-mascot%2F7%2F8%2F2%2F782d57fb-1bf5-4767-a1bc-cb1f7dd16348.gif%3Fversion%3D638926103830763010%26amp%3Bwidth%3D128%26amp%3Bheight%3D128%26amp%3Bauto%3Dwebp%26amp%3Bformat%3Dpjpg","girl"
114,"Crofton vs Norfolk Catholic",Girls Volleyball,"Nebraska",9/29/2026,12:00am,"The Crofton varsity volleyball team has an away non-conference match @  Norfolk Catholic (Norfolk, NE) on Tuesday, September 29.","/ne/volleyball/match/crofton-vs-norfolk-catholic/9-29-2026/?c=3a97b6ea-728e-4159-bb26-818768cda226","https://www.maxpreps.com/ne/volleyball/match/crofton-vs-norfolk-catholic/9-29-2026/?c=3a97b6ea-728e-4159-bb26-818768cda226","/volleyball/ne/aad?9/29/2026","Crofton","Warriors","https://www.maxpreps.com/ne/crofton/girls-volleyball/","https://www.maxpreps.com/ne/norfolk-catholic/girls-volleyball/","https://hsfootball.net/proxy.php?url=https%3A%2F%2Fimage.maxpreps.io%2Fschool-mascot%2F4%2F9%2F6%2F4962f460-d9e3-47e6-baca-7bca08491f7a.gif%3Fversion%3D635926780800000000%26amp%3Bwidth%3D128%26amp%3Bheight%3D128%26amp%3Bauto%3Dwebp%26amp%3Bformat%3Dpjpg","https://hsfootball.net/proxy.php?url=https%3A%2F%2Fimage.maxpreps.io%2Fschool-mascot%2Fc%2F4%2F6%2Fc4604956-61a4-413e-99c4-71d906813982.gif%3Fversion%3D635582230200000000%26amp%3Bwidth%3D128%26amp%3Bheight%3D128%26amp%3Bauto%3Dwebp%26amp%3Bformat%3Dpjpg","girl"
115,"Silver Lake vs Elba",Girls Volleyball,"Nebraska",9/29/2026,12:00am,"The Silver Lake varsity volleyball team has an away non-conference match @  Elba (NE) on Tuesday, September 29.","/ne/volleyball/match/elba-vs-silver-lake-roseland/9-29-2026/?c=6ea23724-a8c5-4e37-945e-ee7ab6ff2bbe","https://www.maxpreps.com/ne/volleyball/match/elba-vs-silver-lake-roseland/9-29-2026/?c=6ea23724-a8c5-4e37-945e-ee7ab6ff2bbe","/volleyball/ne/abb?9/29/2026","Silver Lake","Mustangs","https://www.maxpreps.com/ne/elba/girls-volleyball/","https://www.maxpreps.com/ne/silver-lake-roseland/girls-volleyball/","https://hsfootball.net/proxy.php?url=https%3A%2F%2Fimage.maxpreps.io%2Fschool-mascot%2F6%2F7%2F4%2F674f128c-e050-4751-b6c7-71b297606fa2.gif%3Fversion%3D637423218600000000%26amp%3Bwidth%3D128%26amp%3Bheight%3D128%26amp%3Bauto%3Dwebp%26amp%3Bformat%3Dpjpg","https://hsfootball.net/proxy.php?url=https%3A%2F%2Fimage.maxpreps.io%2Fschool-mascot%2F6%2F7%2F4%2F674f128c-e050-4751-b6c7-71b297606fa2.gif%3Fversion%3D637423218600000000%26amp%3Bwidth%3D32%26amp%3Bheight%3D32%26amp%3Bauto%3Dwebp%26amp%3Bformat%3Dpjpg","girl"
116,"Omaha Nation vs Walthill",Girls Volleyball,"Nebraska",9/29/2026,12:00am,"The Omaha Nation varsity volleyball team has an away non-conference match @  Walthill (NE) on Tuesday, September 29.","/ne/volleyball/match/omaha-nation-macy-vs-walthill-blujays/9-29-2026/?c=2cb4f6d7-c530-483c-bd24-3225ee2490c9","https://www.maxpreps.com/ne/volleyball/match/omaha-nation-macy-vs-walthill-blujays/9-29-2026/?c=2cb4f6d7-c530-483c-bd24-3225ee2490c9","/volleyball/ne/e5e?9/29/2026","Omaha Nation","Chiefs","https://www.maxpreps.com/ne/omaha-nation-macy/girls-volleyball/","https://www.maxpreps.com/ne/walthill-blujays/girls-volleyball/","https://hsfootball.net/proxy.php?url=https%3A%2F%2Fimage.maxpreps.io%2Fschool-mascot%2F8%2Fa%2F4%2F8a47575a-482d-4820-b0ef-601467aaa9f5.gif%3Fversion%3D636205234800000000%26amp%3Bwidth%3D128%26amp%3Bheight%3D128%26amp%3Bauto%3Dwebp%26amp%3Bformat%3Dpjpg","https://hsfootball.net/proxy.php?url=https%3A%2F%2Fimage.maxpreps.io%2Fschool-mascot%2F5%2Fd%2Fb%2F5db5b364-f463-404b-aef3-4f04c8180a28.gif%3Fversion%3D635930146800000000%26amp%3Bwidth%3D128%26amp%3Bheight%3D128%26amp%3Bauto%3Dwebp%26amp%3Bformat%3Dpjpg","girl"
117,"Cornerstone Christian School vs Bryan",Girls Volleyball,"Nebraska",9/29/2026,12:00am,"The Cornerstone Christian School varsity volleyball team has an away non-conference match @  Bryan (Omaha, NE) on Tuesday, September 29.","/ne/volleyball/match/bryan-omaha-vs-cornerstone-christian-school-bellevue/9-29-2026/?c=3ff6dd92-872e-4b9f-8cd0-5426c1e43bbc","https://www.maxpreps.com/ne/volleyball/match/bryan-omaha-vs-cornerstone-christian-school-bellevue/9-29-2026/?c=3ff6dd92-872e-4b9f-8cd0-5426c1e43bbc","/volleyball/ne/146c?9/29/2026","Cornerstone Christian School","Cougars","https://www.maxpreps.com/ne/bryan-omaha/girls-volleyball/","https://www.maxpreps.com/ne/cornerstone-christian-school-bellevue/girls-volleyball/","https://hsfootball.net/proxy.php?url=https%3A%2F%2Fimage.maxpreps.io%2Fschool-mascot%2F2%2Fe%2F5%2F2e527f32-8514-4a39-b495-d26fcd89f4c6.gif%3Fversion%3D636389261400000000%26amp%3Bwidth%3D128%26amp%3Bheight%3D128%26amp%3Bauto%3Dwebp%26amp%3Bformat%3Dpjpg","https://hsfootball.net/proxy.php?url=https%3A%2F%2Fimage.maxpreps.io%2Fschool-mascot%2Fe%2F2%2Fe%2Fe2e9281a-bcda-45bf-9ded-7cb20bd99ef0.gif%3Fversion%3D637327453800000000%26amp%3Bwidth%3D128%26amp%3Bheight%3D128%26amp%3Bauto%3Dwebp%26amp%3Bformat%3Dpjpg","girl"
118,"Potter-Dix vs Bayard",Girls Volleyball,"Nebraska",9/29/2026,12:00am,"The Potter-Dix varsity volleyball team has an away non-conference match @  Bayard (NE) on Tuesday, September 29.","/ne/volleyball/match/bayard-vs-potter-dix/9-29-2026/?c=2acc32d2-9d4a-441c-82b4-a63e79dc7240","https://www.maxpreps.com/ne/volleyball/match/bayard-vs-potter-dix/9-29-2026/?c=2acc32d2-9d4a-441c-82b4-a63e79dc7240","/volleyball/ne/7c6?9/29/2026","Potter-Dix","Coyotes","https://www.maxpreps.com/ne/bayard/girls-volleyball/","https://www.maxpreps.com/ne/potter-dix/girls-volleyball/","https://hsfootball.net/proxy.php?url=https%3A%2F%2Fimage.maxpreps.io%2Fschool-mascot%2Fc%2Fc%2F5%2Fcc543395-e2d1-4e68-abcc-6371cf6d2bd1.gif%3Fversion%3D637079425800000000%26amp%3Bwidth%3D128%26amp%3Bheight%3D128%26amp%3Bauto%3Dwebp%26amp%3Bformat%3Dpjpg","https://hsfootball.net/proxy.php?url=https%3A%2F%2Fimage.maxpreps.io%2Fschool-mascot%2F4%2Fa%2F0%2F4a09c6cf-4a4c-4b0d-af0f-a89117fac4b3.gif%3Fversion%3D638956028569335130%26amp%3Bwidth%3D128%26amp%3Bheight%3D128%26amp%3Bauto%3Dwebp%26amp%3Bformat%3Dpjpg","girl"
119,"Wisner-Pilger vs Lyons-Decatur Northeast",Girls Volleyball,"Nebraska",9/29/2026,12:00am,"The Wisner-Pilger varsity volleyball team has an away non-conference match @  Lyons-Decatur Northeast (Lyons, NE) on Tuesday, September 29.","/ne/volleyball/match/lyons-decatur-northeast-vs-wisner-pilger/9-29-2026/?c=926f1290-a7f4-4d48-b5b3-5b21d67623eb","https://www.maxpreps.com/ne/volleyball/match/lyons-decatur-northeast-vs-wisner-pilger/9-29-2026/?c=926f1290-a7f4-4d48-b5b3-5b21d67623eb","/volleyball/ne/fda?9/29/2026","Wisner-Pilger","Gators","https://www.maxpreps.com/ne/lyons-decatur-northeast/girls-volleyball/","https://www.maxpreps.com/ne/wisner-pilger/girls-volleyball/","https://hsfootball.net/proxy.php?url=https%3A%2F%2Fimage.maxpreps.io%2Fschool-mascot%2F4%2F6%2Fe%2F46e76a89-112e-4388-9a39-c046f9d505d9.gif%3Fversion%3D635775690600000000%26amp%3Bwidth%3D128%26amp%3Bheight%3D128%26amp%3Bauto%3Dwebp%26amp%3Bformat%3Dpjpg","https://hsfootball.net/proxy.php?url=https%3A%2F%2Fimage.maxpreps.io%2Fschool-mascot%2F5%2F0%2Fc%2F50ce32c6-dd41-4601-a3bc-ae66fe44058d.gif%3Fversion%3D635322130200000000%26amp%3Bwidth%3D128%26amp%3Bheight%3D128%26amp%3Bauto%3Dwebp%26amp%3Bformat%3Dpjpg","girl"
120,"Johnson County Central vs Weeping Water",Girls Volleyball,"Nebraska",9/29/2026,12:00am,"The Johnson County Central varsity volleyball team has an away non-conference match @  Weeping Water (NE) on Tuesday, September 29.","/ne/volleyball/match/johnson-county-central-tecumseh-vs-weeping-water/9-29-2026/?c=50a7e088-d551-4c99-bd5e-eaa3279f05d4","https://www.maxpreps.com/ne/volleyball/match/johnson-county-central-tecumseh-vs-weeping-water/9-29-2026/?c=50a7e088-d551-4c99-bd5e-eaa3279f05d4","/volleyball/ne/12f1?9/29/2026","Johnson County Central","Thunderbirds","https://www.maxpreps.com/ne/johnson-county-central-tecumseh/girls-volleyball/","https://www.maxpreps.com/ne/weeping-water/girls-volleyball/","https://hsfootball.net/proxy.php?url=https%3A%2F%2Fimage.maxpreps.io%2Fschool-mascot%2F3%2F2%2F1%2F3210787d-f3b7-462d-96ad-b999ac6b9533.gif%3Fversion%3D638102466600000000%26amp%3Bwidth%3D128%26amp%3Bheight%3D128%26amp%3Bauto%3Dwebp%26amp%3Bformat%3Dpjpg","https://hsfootball.net/proxy.php?url=https%3A%2F%2Fimage.maxpreps.io%2Fschool-mascot%2F4%2F6%2Fb%2F46bb2a97-3b3e-437f-8dc6-f30d19c77931.gif%3Fversion%3D636868830600000000%26amp%3Bwidth%3D128%26amp%3Bheight%3D128%26amp%3Bauto%3Dwebp%26amp%3Bformat%3Dpjpg","girl"
161,"Legacy Christian Academy vs Prestonwood Christian",Girls Volleyball,"Nebraska",9/29/2026,6:00pm,"The Legacy Christian Academy varsity volleyball team has an away conference match @  Prestonwood Christian (Plano, TX) on Tuesday, September 29 @ 6p.","/tx/volleyball/match/legacy-christian-academy-frisco-vs-prestonwood-christian-plano/9-29-2026/?c=b124b10a-0e98-4e2b-b275-9928486a46eb","https://www.maxpreps.com/tx/volleyball/match/legacy-christian-academy-frisco-vs-prestonwood-christian-plano/9-29-2026/?c=b124b10a-0e98-4e2b-b275-9928486a46eb","/volleyball/ne/185b?9/29/2026","Legacy Christian Academy","Eagles","https://www.maxpreps.com/ne/legacy-christian-academy-frisco/girls-volleyball/","https://www.maxpreps.com/ne/prestonwood-christian-plano/girls-volleyball/","https://hsfootball.net/proxy.php?url=https%3A%2F%2Fimage.maxpreps.io%2Fschool-mascot%2F6%2Fe%2F4%2F6e4d8c1c-3552-4618-8d0f-433b86172c1d.gif%3Fversion%3D636410709600000000%26amp%3Bwidth%3D128%26amp%3Bheight%3D128%26amp%3Bauto%3Dwebp%26amp%3Bformat%3Dpjpg","https://hsfootball.net/proxy.php?url=https%3A%2F%2Fimage.maxpreps.io%2Fschool-mascot%2Fd%2F9%2F7%2Fd978f4b8-b8f1-4a7f-87f6-6962ba606344.gif%3Fversion%3D635797292400000000%26amp%3Bwidth%3D128%26amp%3Bheight%3D128%26amp%3Bauto%3Dwebp%26amp%3Bformat%3Dpjpg","girl"
162,"Orangewood Christian vs DeLand",Girls Volleyball,"Nebraska",9/29/2026,7:00pm,"The Orangewood Christian varsity volleyball team has an away non-conference match @  DeLand (FL) on Tuesday, September 29 @ 7p.","/fl/volleyball/match/deland-vs-orangewood-christian-maitland/9-29-2026/?c=6d25bfeb-e734-4990-9b8b-5f83e7a8117b","https://www.maxpreps.com/fl/volleyball/match/deland-vs-orangewood-christian-maitland/9-29-2026/?c=6d25bfeb-e734-4990-9b8b-5f83e7a8117b","/volleyball/ne/f49?9/29/2026","Orangewood Christian","Rams","https://www.maxpreps.com/ne/deland/girls-volleyball/","https://www.maxpreps.com/ne/orangewood-christian-maitland/girls-volleyball/","https://hsfootball.net/proxy.php?url=https%3A%2F%2Fimage.maxpreps.io%2Fschool-mascot%2Fa%2F8%2Fc%2Fa8cb8295-9946-4a11-b974-8991070e0c59.gif%3Fversion%3D637424071800000000%26amp%3Bwidth%3D128%26amp%3Bheight%3D128%26amp%3Bauto%3Dwebp%26amp%3Bformat%3Dpjpg","https://hsfootball.net/proxy.php?url=https%3A%2F%2Fimage.maxpreps.io%2Fschool-mascot%2Fa%2F5%2F6%2Fa56cc5ad-8455-4ed9-8ecf-4eaa17076fe4.gif%3Fversion%3D637438686600000000%26amp%3Bwidth%3D128%26amp%3Bheight%3D128%26amp%3Bauto%3Dwebp%26amp%3Bformat%3Dpjpg","girl"
163,"Hebron vs Braswell",Girls Volleyball,"Nebraska",9/29/2026,6:30pm,"The Hebron varsity volleyball team has an away conference match @  Braswell (Little Elm, TX) on Tuesday, September 29 @ 6:30p.","/tx/volleyball/match/braswell-little-elm-vs-hebron-carrollton/9-29-2026/?c=7b803d10-4acb-4992-a862-eb06814ca144","https://www.maxpreps.com/tx/volleyball/match/braswell-little-elm-vs-hebron-carrollton/9-29-2026/?c=7b803d10-4acb-4992-a862-eb06814ca144","/volleyball/ne/fb0?9/29/2026","Hebron","Hawks","https://www.maxpreps.com/ne/braswell-little-elm/girls-volleyball/","https://www.maxpreps.com/ne/hebron-carrollton/girls-volleyball/","https://hsfootball.net/proxy.php?url=https%3A%2F%2Fimage.maxpreps.io%2Fschool-mascot%2Fa%2F9%2Fe%2Fa9ea4d9b-9c0b-4bc5-a09d-e3be5d6db188.gif%3Fversion%3D635466447000000000%26amp%3Bwidth%3D128%26amp%3Bheight%3D128%26amp%3Bauto%3Dwebp%26amp%3Bformat%3Dpjpg","https://hsfootball.net/proxy.php?url=https%3A%2F%2Fimage.maxpreps.io%2Fschool-mascot%2F4%2Fd%2F7%2F4d737300-e39b-437a-b127-fe573c5f2ae1.gif%3Fversion%3D638929932376252510%26amp%3Bwidth%3D128%26amp%3Bheight%3D128%26amp%3Bauto%3Dwebp%26amp%3Bformat%3Dpjpg","girl"
164,"Walnut Grove vs Allen",Girls Volleyball,"Nebraska",9/29/2026,6:30pm,"The Walnut Grove varsity volleyball team has an away conference match @  Allen (TX) on Tuesday, September 29 @ 6:30p.","/tx/volleyball/match/allen-vs-walnut-grove-prosper/9-29-2026/?c=9a551f73-8824-40c9-900e-e7e3de2f6202","https://www.maxpreps.com/tx/volleyball/match/allen-vs-walnut-grove-prosper/9-29-2026/?c=9a551f73-8824-40c9-900e-e7e3de2f6202","/volleyball/ne/b72?9/29/2026","Walnut Grove","Wildcats","https://www.maxpreps.com/ne/allen/girls-volleyball/","https://www.maxpreps.com/ne/walnut-grove-prosper/girls-volleyball/","https://hsfootball.net/proxy.php?url=https%3A%2F%2Fimage.maxpreps.io%2Fschool-mascot%2F0%2Fe%2F9%2F0e9106ab-0712-45d0-81e4-5b3a74c060e2.gif%3Fversion%3D638218103400000000%26amp%3Bwidth%3D128%26amp%3Bheight%3D128%26amp%3Bauto%3Dwebp%26amp%3Bformat%3Dpjpg","https://hsfootball.net/proxy.php?url=https%3A%2F%2Fimage.maxpreps.io%2Fschool-mascot%2F0%2Fb%2Fa%2F0bad373d-33a2-45b6-b1d4-6c55e876344c.gif%3Fversion%3D639215103242455420%26amp%3Bwidth%3D128%26amp%3Bheight%3D128%26amp%3Bauto%3Dwebp%26amp%3Bformat%3Dpjpg","girl"
165,"Harrisburg vs Roosevelt",Girls Volleyball,"Nebraska",9/29/2026,6:30pm,"The Harrisburg varsity volleyball team has an away conference match @  Roosevelt (Sioux Falls, SD) on Tuesday, September 29 @ 6:30p.","/sd/volleyball/match/harrisburg-vs-roosevelt-sioux-falls/9-29-2026/?c=a83e9699-6da6-4498-af93-990225481246","https://www.maxpreps.com/sd/volleyball/match/harrisburg-vs-roosevelt-sioux-falls/9-29-2026/?c=a83e9699-6da6-4498-af93-990225481246","/volleyball/ne/e03?9/29/2026","Harrisburg","Tigers","https://www.maxpreps.com/ne/harrisburg/girls-volleyball/","https://www.maxpreps.com/ne/roosevelt-sioux-falls/girls-volleyball/","https://hsfootball.net/proxy.php?url=https%3A%2F%2Fimage.maxpreps.io%2Fschool-mascot%2F8%2F7%2Ff%2F87ff030e-1272-43b7-bc31-c0eb562fef16.gif%3Fversion%3D636487799400000000%26amp%3Bwidth%3D128%26amp%3Bheight%3D128%26amp%3Bauto%3Dwebp%26amp%3Bformat%3Dpjpg","https://hsfootball.net/proxy.php?url=https%3A%2F%2Fimage.maxpreps.io%2Fschool-mascot%2F2%2Fd%2Fa%2F2daf431f-8581-42f6-a3bb-0730a33d0228.gif%3Fversion%3D636487799400000000%26amp%3Bwidth%3D128%26amp%3Bheight%3D128%26amp%3Bauto%3Dwebp%26amp%3Bformat%3Dpjpg","girl"
166,"Carlsbad vs Torrey Pines",Girls Volleyball,"Nebraska",9/29/2026,5:45pm,"The Carlsbad varsity volleyball team has an away conference match @  Torrey Pines (San Diego, CA) on Tuesday, September 29 @ 5:45p.","/ca/volleyball/match/carlsbad-vs-torrey-pines-san-diego/9-29-2026/?c=d39691a2-a408-4878-97a3-32701299158e","https://www.maxpreps.com/ca/volleyball/match/carlsbad-vs-torrey-pines-san-diego/9-29-2026/?c=d39691a2-a408-4878-97a3-32701299158e","/volleyball/ne/d14?9/29/2026","Carlsbad","Lancers","https://www.maxpreps.com/ne/carlsbad/girls-volleyball/","https://www.maxpreps.com/ne/torrey-pines-san-diego/girls-volleyball/","https://hsfootball.net/proxy.php?url=https%3A%2F%2Fimage.maxpreps.io%2Fschool-mascot%2F4%2Fd%2Fa%2F4da93598-1256-4435-a5ff-9977bc572ea9.gif%3Fversion%3D635949231600000000%26amp%3Bwidth%3D128%26amp%3Bheight%3D128%26amp%3Bauto%3Dwebp%26amp%3Bformat%3Dpjpg","https://hsfootball.net/proxy.php?url=https%3A%2F%2Fimage.maxpreps.io%2Fschool-mascot%2Fa%2Fd%2F4%2Fad43e80f-2296-4b96-a0a9-44e6a8ea76f2.gif%3Fversion%3D633642330000000000%26amp%3Bwidth%3D128%26amp%3Bheight%3D128%26amp%3Bauto%3Dwebp%26amp%3Bformat%3Dpjpg","girl"
167,"JSerra Catholic vs Mater Dei",Girls Volleyball,"Nebraska",9/29/2026,5:45pm,"The JSerra Catholic varsity volleyball team has an away conference match @  Mater Dei (Santa Ana, CA) on Tuesday, September 29 @ 5:45p.","/ca/volleyball/match/jserra-catholic-san-juan-capistrano-vs-mater-dei-santa-ana/9-29-2026/?c=4b519eef-5ef0-4f8a-9df4-cd4cbd1ed221","https://www.maxpreps.com/ca/volleyball/match/jserra-catholic-san-juan-capistrano-vs-mater-dei-santa-ana/9-29-2026/?c=4b519eef-5ef0-4f8a-9df4-cd4cbd1ed221","/volleyball/ne/1602?9/29/2026","JSerra Catholic","Lions","https://www.maxpreps.com/ne/jserra-catholic-san-juan-capistrano/girls-volleyball/","https://www.maxpreps.com/ne/mater-dei-santa-ana/girls-volleyball/","https://hsfootball.net/proxy.php?url=https%3A%2F%2Fimage.maxpreps.io%2Fschool-mascot%2Fa%2F3%2Fa%2Fa3a4b4d3-bce3-47b1-a57b-30226feba5e1.gif%3Fversion%3D638917132544903900%26amp%3Bwidth%3D128%26amp%3Bheight%3D128%26amp%3Bauto%3Dwebp%26amp%3Bformat%3Dpjpg","https://hsfootball.net/proxy.php?url=https%3A%2F%2Fimage.maxpreps.io%2Fschool-mascot%2F2%2Fb%2F6%2F2b6b45d3-4465-4750-ba48-a273b674e37c.gif%3Fversion%3D637964957400000000%26amp%3Bwidth%3D128%26amp%3Bheight%3D128%26amp%3Bauto%3Dwebp%26amp%3Bformat%3Dpjpg","girl"
168,"Archbishop Mitty vs Valley Christian",Girls Volleyball,"Nebraska",9/29/2026,6:00pm,"The Archbishop Mitty varsity volleyball team has an away conference match @  Valley Christian (San Jose, CA) on Tuesday, September 29 @ 6p.","/ca/volleyball/match/archbishop-mitty-san-jose-vs-valley-christian-san-jose/9-29-2026/?c=19a1a1ab-37c0-4b5b-be62-ee89d8fd41ea","https://www.maxpreps.com/ca/volleyball/match/archbishop-mitty-san-jose-vs-valley-christian-san-jose/9-29-2026/?c=19a1a1ab-37c0-4b5b-be62-ee89d8fd41ea","/volleyball/ne/14e3?9/29/2026","Archbishop Mitty","Monarchs","https://www.maxpreps.com/ne/archbishop-mitty-san-jose/girls-volleyball/","https://www.maxpreps.com/ne/valley-christian-san-jose/girls-volleyball/","https://hsfootball.net/proxy.php?url=https%3A%2F%2Fimage.maxpreps.io%2Fschool-mascot%2F0%2Ff%2F6%2F0f63870a-34f3-4d5b-9dbf-653c8410f969.gif%3Fversion%3D637116646800000000%26amp%3Bwidth%3D128%26amp%3Bheight%3D128%26amp%3Bauto%3Dwebp%26amp%3Bformat%3Dpjpg","https://hsfootball.net/proxy.php?url=https%3A%2F%2Fimage.maxpreps.io%2Fschool-mascot%2F8%2Fa%2F8%2F8a8c04d2-5606-44cf-9993-34db55474240.gif%3Fversion%3D634618901400000000%26amp%3Bwidth%3D128%26amp%3Bheight%3D128%26amp%3Bauto%3Dwebp%26amp%3Bformat%3Dpjpg","girl"
169,"Corona del Sol vs Xavier College Prep",Girls Volleyball,"Nebraska",9/29/2026,6:00pm,"The Corona del Sol varsity volleyball team has an away conference match @  Xavier College Prep (Phoenix, AZ) on Tuesday, September 29 @ 6p.","/az/volleyball/match/corona-del-sol-tempe-vs-xavier-college-prep-phoenix/9-29-2026/?c=22f25480-fe08-41e5-87fb-fb7f3c56f1fa","https://www.maxpreps.com/az/volleyball/match/corona-del-sol-tempe-vs-xavier-college-prep-phoenix/9-29-2026/?c=22f25480-fe08-41e5-87fb-fb7f3c56f1fa","/volleyball/ne/138d?9/29/2026","Corona del Sol","Aztecs","https://www.maxpreps.com/ne/corona-del-sol-tempe/girls-volleyball/","https://www.maxpreps.com/ne/xavier-college-prep-phoenix/girls-volleyball/","https://hsfootball.net/proxy.php?url=https%3A%2F%2Fimage.maxpreps.io%2Fschool-mascot%2F1%2F6%2F7%2F1670fdcd-ddab-4423-8e52-c8093aaa8d03.gif%3Fversion%3D638918146821771600%26amp%3Bwidth%3D128%26amp%3Bheight%3D128%26amp%3Bauto%3Dwebp%26amp%3Bformat%3Dpjpg","https://hsfootball.net/proxy.php?url=https%3A%2F%2Fimage.maxpreps.io%2Fschool-mascot%2Fb%2F7%2Fb%2Fb7b42c63-fdf7-4b2f-a35d-58102374f555.gif%3Fversion%3D638860170641531920%26amp%3Bwidth%3D128%26amp%3Bheight%3D128%26amp%3Bauto%3Dwebp%26amp%3Bformat%3Dpjpg","girl"
170,"Sierra Canyon vs Harvard-Westlake",Girls Volleyball,"Nebraska",9/29/2026,6:00pm,"The Sierra Canyon varsity volleyball team has an away conference match @  Harvard-Westlake (Studio City, CA) on Tuesday, September 29 @ 6p.","/ca/volleyball/match/harvard-westlake-studio-city-vs-sierra-canyon-chatsworth/9-29-2026/?c=b00bb043-4ea8-417a-addd-d8f385239485","https://www.maxpreps.com/ca/volleyball/match/harvard-westlake-studio-city-vs-sierra-canyon-chatsworth/9-29-2026/?c=b00bb043-4ea8-417a-addd-d8f385239485","/volleyball/ne/1612?9/29/2026","Sierra Canyon","Trailblazers","https://www.maxpreps.com/ne/harvard-westlake-studio-city/girls-volleyball/","https://www.maxpreps.com/ne/sierra-canyon-chatsworth/girls-volleyball/","https://hsfootball.net/proxy.php?url=https%3A%2F%2Fimage.maxpreps.io%2Fschool-mascot%2F3%2Fe%2F6%2F3e6d32d9-9a21-4391-aba1-d59804bf82e6.gif%3Fversion%3D637776576000000000%26amp%3Bwidth%3D128%26amp%3Bheight%3D128%26amp%3Bauto%3Dwebp%26amp%3Bformat%3Dpjpg","https://hsfootball.net/proxy.php?url=https%3A%2F%2Fimage.maxpreps.io%2Fschool-mascot%2F9%2Fd%2Fc%2F9dc04c54-8c9d-4b30-a1d2-fcc167363342.gif%3Fversion%3D638447129400000000%26amp%3Bwidth%3D128%26amp%3Bheight%3D128%26amp%3Bauto%3Dwebp%26amp%3Bformat%3Dpjpg","girl"
171,"Punahou vs &#x27;Iolani",Girls Volleyball,"Nebraska",9/29/2026,5:00pm,"The Punahou varsity volleyball team has an away conference match @  &#x27;Iolani (Honolulu, HI) on Tuesday, September 29 @ 5p.","/hi/volleyball/match/iolani-honolulu-vs-punahou-honolulu/9-29-2026/?c=3a61f4b6-c501-4c0f-a725-47bdb7668525","https://www.maxpreps.com/hi/volleyball/match/iolani-honolulu-vs-punahou-honolulu/9-29-2026/?c=3a61f4b6-c501-4c0f-a725-47bdb7668525","/volleyball/ne/e05?9/29/2026","Punahou","Buff n Blue","https://www.maxpreps.com/ne/iolani-honolulu/girls-volleyball/","https://www.maxpreps.com/ne/punahou-honolulu/girls-volleyball/","https://hsfootball.net/proxy.php?url=https%3A%2F%2Fimage.maxpreps.io%2Fschool-mascot%2F9%2Fe%2F9%2F9e9a5901-683c-45f0-98de-f86907186f4d.gif%3Fversion%3D634269447000000000%26amp%3Bwidth%3D128%26amp%3Bheight%3D128%26amp%3Bauto%3Dwebp%26amp%3Bformat%3Dpjpg","https://hsfootball.net/proxy.php?url=https%3A%2F%2Fimage.maxpreps.io%2Fschool-mascot%2F0%2F4%2Fe%2F04e273ab-e099-4380-9f14-bc03513cd072.gif%3Fversion%3D635736873000000000%26amp%3Bwidth%3D128%26amp%3Bheight%3D128%26amp%3Bauto%3Dwebp%26amp%3Bformat%3Dpjpg","girl"