1,"Washburn Rural vs Saint Thomas Aquinas",Girls Volleyball,"Kansas",9/17/2026,4:00pm,"The Washburn Rural varsity volleyball team has an away non-conference match @  Saint Thomas Aquinas (Overland Park, KS) on Thursday, September 17 @ 4p.","/ks/volleyball/match/saint-thomas-aquinas-overland-park-vs-washburn-rural-jr-blues-topeka/9-17-2026/?c=35166e81-f857-4db1-bca0-9e685bbf9166","https://www.maxpreps.com/ks/volleyball/match/saint-thomas-aquinas-overland-park-vs-washburn-rural-jr-blues-topeka/9-17-2026/?c=35166e81-f857-4db1-bca0-9e685bbf9166","/volleyball/ks/1a5c?9/17/2026","Washburn Rural","Junior Blues","https://www.maxpreps.com/ks/saint-thomas-aquinas-overland-park/volleyball/","https://www.maxpreps.com/ks/washburn-rural-jr-blues-topeka/volleyball/","https://hsfootball.net/proxy.php?url=https%3A%2F%2Fimage.maxpreps.io%2Fschool-mascot%2F2%2Fc%2F4%2F2c49abc2-790c-4061-8aec-81b0d9cc9243.gif%3Fversion%3D637974523800000000%26amp%3Bwidth%3D128%26amp%3Bheight%3D128%26amp%3Bauto%3Dwebp%26amp%3Bformat%3Dpjpg","https://hsfootball.net/proxy.php?url=https%3A%2F%2Fimage.maxpreps.io%2Fschool-mascot%2F8%2F8%2Ff%2F88fe15bb-46bd-4bec-9700-1aaeda80e066.gif%3Fversion%3D638907601579399460%26amp%3Bwidth%3D128%26amp%3Bheight%3D128%26amp%3Bauto%3Dwebp%26amp%3Bformat%3Dpjpg","girl"
2,"Saint Thomas Aquinas vs Maize South",Girls Volleyball,"Kansas",9/17/2026,5:30pm,"The Saint Thomas Aquinas varsity volleyball team has a neutral non-conference match vs.  Maize South (Wichita, KS) on Thursday, September 17 @ 5:30p.","/ks/volleyball/match/maize-south-wichita-vs-saint-thomas-aquinas-overland-park/9-17-2026/?c=e0839745-8249-4ac4-8f7c-c46cc3196f73","https://www.maxpreps.com/ks/volleyball/match/maize-south-wichita-vs-saint-thomas-aquinas-overland-park/9-17-2026/?c=e0839745-8249-4ac4-8f7c-c46cc3196f73","/volleyball/ks/1629?9/17/2026","Saint Thomas Aquinas","Saints","https://www.maxpreps.com/ks/maize-south-wichita/volleyball/","https://www.maxpreps.com/ks/saint-thomas-aquinas-overland-park/volleyball/","https://hsfootball.net/proxy.php?url=https%3A%2F%2Fimage.maxpreps.io%2Fschool-mascot%2F8%2F8%2Ff%2F88fe15bb-46bd-4bec-9700-1aaeda80e066.gif%3Fversion%3D638907601579399460%26amp%3Bwidth%3D128%26amp%3Bheight%3D128%26amp%3Bauto%3Dwebp%26amp%3Bformat%3Dpjpg","https://hsfootball.net/proxy.php?url=https%3A%2F%2Fimage.maxpreps.io%2Fschool-mascot%2F7%2Fe%2Ff%2F7eff3dee-414b-444d-873f-408a1495f5ec.gif%3Fversion%3D637347291000000000%26amp%3Bwidth%3D128%26amp%3Bheight%3D128%26amp%3Bauto%3Dwebp%26amp%3Bformat%3Dpjpg","girl"
3,"Olathe Northwest vs Mill Valley",Girls Volleyball,"Kansas",9/17/2026,6:30pm,"The Olathe Northwest varsity volleyball team has an away conference match @  Mill Valley (Shawnee, KS) on Thursday, September 17 @ 6:30p.","/ks/volleyball/match/mill-valley-shawnee-vs-olathe-northwest/9-17-2026/?c=3dad50a3-af93-4b74-adf5-7a404f365f1c","https://www.maxpreps.com/ks/volleyball/match/mill-valley-shawnee-vs-olathe-northwest/9-17-2026/?c=3dad50a3-af93-4b74-adf5-7a404f365f1c","/volleyball/ks/f5b?9/17/2026","Olathe Northwest","Ravens","https://www.maxpreps.com/ks/mill-valley-shawnee/volleyball/","https://www.maxpreps.com/ks/olathe-northwest/volleyball/","https://hsfootball.net/proxy.php?url=https%3A%2F%2Fimage.maxpreps.io%2Fschool-mascot%2Fb%2F6%2Fb%2Fb6b5d914-fd97-48a8-819d-bbf1837ad023.gif%3Fversion%3D634188442200000000%26amp%3Bwidth%3D128%26amp%3Bheight%3D128%26amp%3Bauto%3Dwebp%26amp%3Bformat%3Dpjpg","https://hsfootball.net/proxy.php?url=https%3A%2F%2Fimage.maxpreps.io%2Fschool-mascot%2F3%2Fd%2F2%2F3d24880d-74c5-4f86-ae1f-83a704a4d31d.gif%3Fversion%3D636578128800000000%26amp%3Bwidth%3D128%26amp%3Bheight%3D128%26amp%3Bauto%3Dwebp%26amp%3Bformat%3Dpjpg","girl"
4,"Inman vs Moundridge",Girls Volleyball,"Kansas",9/17/2026,4:00pm,"The Inman varsity volleyball team has an away conference match @  Moundridge (KS) on Thursday, September 17 @ 4p.","/ks/volleyball/match/inman-vs-moundridge/9-17-2026/?c=e38b7e7a-5ddf-493b-afc1-540517f13150","https://www.maxpreps.com/ks/volleyball/match/inman-vs-moundridge/9-17-2026/?c=e38b7e7a-5ddf-493b-afc1-540517f13150","/volleyball/ks/784?9/17/2026","Inman","Teutons","https://www.maxpreps.com/ks/inman/volleyball/","https://www.maxpreps.com/ks/moundridge/volleyball/","https://hsfootball.net/proxy.php?url=https%3A%2F%2Fimage.maxpreps.io%2Fschool-mascot%2F0%2F2%2F9%2F02916de7-18cf-41f6-8adc-8f10b79bb0fa.gif%3Fversion%3D635332404000000000%26amp%3Bwidth%3D128%26amp%3Bheight%3D128%26amp%3Bauto%3Dwebp%26amp%3Bformat%3Dpjpg","https://hsfootball.net/proxy.php?url=https%3A%2F%2Fimage.maxpreps.io%2Fschool-mascot%2F7%2F0%2F5%2F705dec22-bb9a-423d-bbc5-9f4a6417b5e6.gif%3Fversion%3D633710143800000000%26amp%3Bwidth%3D128%26amp%3Bheight%3D128%26amp%3Bauto%3Dwebp%26amp%3Bformat%3Dpjpg","girl"
5,"Osawatomie vs Chanute",Girls Volleyball,"Kansas",9/17/2026,4:00pm,"The Osawatomie varsity volleyball team has an away non-conference match @  Chanute (KS) on Thursday, September 17 @ 4p.","/ks/volleyball/match/chanute-vs-osawatomie/9-17-2026/?c=5a706aa1-abb9-474d-8781-f6ef6cba5985","https://www.maxpreps.com/ks/volleyball/match/chanute-vs-osawatomie/9-17-2026/?c=5a706aa1-abb9-474d-8781-f6ef6cba5985","/volleyball/ks/864?9/17/2026","Osawatomie","Trojans","https://www.maxpreps.com/ks/chanute/volleyball/","https://www.maxpreps.com/ks/osawatomie/volleyball/","https://hsfootball.net/proxy.php?url=https%3A%2F%2Fimage.maxpreps.io%2Fschool-mascot%2Fd%2F7%2F6%2Fd76049f6-03af-43af-91dc-dafcf21e5be1.gif%3Fversion%3D638472246600000000%26amp%3Bwidth%3D128%26amp%3Bheight%3D128%26amp%3Bauto%3Dwebp%26amp%3Bformat%3Dpjpg","https://hsfootball.net/proxy.php?url=https%3A%2F%2Fimage.maxpreps.io%2Fschool-mascot%2Fd%2F0%2Fd%2Fd0d56796-f8cc-40df-9c67-4d5b09222ed1.gif%3Fversion%3D636446891400000000%26amp%3Bwidth%3D128%26amp%3Bheight%3D128%26amp%3Bauto%3Dwebp%26amp%3Bformat%3Dpjpg","girl"
6,"Sacred Heart vs Ell-Saline",Girls Volleyball,"Kansas",9/17/2026,4:00pm,"The Sacred Heart varsity volleyball team has an away non-conference match @  Ell-Saline (Brookville, KS) on Thursday, September 17 @ 4p.","/ks/volleyball/match/ell-saline-brookville-vs-sacred-heart-salina/9-17-2026/?c=3f14923c-c6ef-46c2-a830-39fb40acfac8","https://www.maxpreps.com/ks/volleyball/match/ell-saline-brookville-vs-sacred-heart-salina/9-17-2026/?c=3f14923c-c6ef-46c2-a830-39fb40acfac8","/volleyball/ks/10e7?9/17/2026","Sacred Heart","Knights","https://www.maxpreps.com/ks/ell-saline-brookville/volleyball/","https://www.maxpreps.com/ks/sacred-heart-salina/volleyball/","https://hsfootball.net/proxy.php?url=https%3A%2F%2Fimage.maxpreps.io%2Fschool-mascot%2F3%2F3%2F6%2F336c9b56-1545-44ce-a5d4-845cfa799465.gif%3Fversion%3D635217626400000000%26amp%3Bwidth%3D128%26amp%3Bheight%3D128%26amp%3Bauto%3Dwebp%26amp%3Bformat%3Dpjpg","https://hsfootball.net/proxy.php?url=https%3A%2F%2Fimage.maxpreps.io%2Fschool-mascot%2Ff%2F6%2F5%2Ff658c6fd-3121-4332-81a6-918fa7aa324c.gif%3Fversion%3D634648873800000000%26amp%3Bwidth%3D128%26amp%3Bheight%3D128%26amp%3Bauto%3Dwebp%26amp%3Bformat%3Dpjpg","girl"
7,"Maize South vs Washburn Rural",Girls Volleyball,"Kansas",9/17/2026,4:30pm,"The Maize South varsity volleyball team has an away non-conference match @  Washburn Rural (Topeka, KS) on Thursday, September 17 @ 4:30p.","/ks/volleyball/match/maize-south-wichita-vs-washburn-rural-jr-blues-topeka/9-17-2026/?c=68b61089-d5f7-4582-8c2a-e73040ff459a","https://www.maxpreps.com/ks/volleyball/match/maize-south-wichita-vs-washburn-rural-jr-blues-topeka/9-17-2026/?c=68b61089-d5f7-4582-8c2a-e73040ff459a","/volleyball/ks/148e?9/17/2026","Maize South","Mavericks","https://www.maxpreps.com/ks/maize-south-wichita/volleyball/","https://www.maxpreps.com/ks/washburn-rural-jr-blues-topeka/volleyball/","https://hsfootball.net/proxy.php?url=https%3A%2F%2Fimage.maxpreps.io%2Fschool-mascot%2F7%2Fe%2Ff%2F7eff3dee-414b-444d-873f-408a1495f5ec.gif%3Fversion%3D637347291000000000%26amp%3Bwidth%3D128%26amp%3Bheight%3D128%26amp%3Bauto%3Dwebp%26amp%3Bformat%3Dpjpg","https://hsfootball.net/proxy.php?url=https%3A%2F%2Fimage.maxpreps.io%2Fschool-mascot%2F2%2Fc%2F4%2F2c49abc2-790c-4061-8aec-81b0d9cc9243.gif%3Fversion%3D637974523800000000%26amp%3Bwidth%3D128%26amp%3Bheight%3D128%26amp%3Bauto%3Dwebp%26amp%3Bformat%3Dpjpg","girl"
8,"Ellinwood vs Russell",Girls Volleyball,"Kansas",9/17/2026,4:30pm,"The Ellinwood varsity volleyball team has an away non-conference match @  Russell (KS) on Thursday, September 17 @ 4:30p.","/ks/volleyball/match/ellinwood-vs-russell/9-17-2026/?c=182e7ce6-71f2-4f4e-8bce-c740694a8951","https://www.maxpreps.com/ks/volleyball/match/ellinwood-vs-russell/9-17-2026/?c=182e7ce6-71f2-4f4e-8bce-c740694a8951","/volleyball/ks/81a?9/17/2026","Ellinwood","Eagles","https://www.maxpreps.com/ks/ellinwood/volleyball/","https://www.maxpreps.com/ks/russell/volleyball/","https://hsfootball.net/proxy.php?url=https%3A%2F%2Fimage.maxpreps.io%2Fschool-mascot%2Fa%2F5%2F9%2Fa59284da-beef-4e4e-8892-aceb236d3a17.gif%3Fversion%3D634540392600000000%26amp%3Bwidth%3D128%26amp%3Bheight%3D128%26amp%3Bauto%3Dwebp%26amp%3Bformat%3Dpjpg","https://hsfootball.net/proxy.php?url=https%3A%2F%2Fimage.maxpreps.io%2Fschool-mascot%2F3%2F7%2F5%2F37551b84-641b-4171-a7c5-d8870e7281cb.gif%3Fversion%3D637025710800000000%26amp%3Bwidth%3D128%26amp%3Bheight%3D128%26amp%3Bauto%3Dwebp%26amp%3Bformat%3Dpjpg","girl"
9,"Abilene vs Trinity Academy",Girls Volleyball,"Kansas",9/17/2026,5:00pm,"The Abilene varsity volleyball team has an away non-conference match @  Trinity Academy (Wichita, KS) on Thursday, September 17 @ 5p.","/ks/volleyball/match/abilene-vs-trinity-academy-wichita/9-17-2026/?c=a4138f9d-4ca4-45cd-9fea-fd768a1b1376","https://www.maxpreps.com/ks/volleyball/match/abilene-vs-trinity-academy-wichita/9-17-2026/?c=a4138f9d-4ca4-45cd-9fea-fd768a1b1376","/volleyball/ks/d3d?9/17/2026","Abilene","Cowboys/Cowgirls","https://www.maxpreps.com/ks/abilene/volleyball/","https://www.maxpreps.com/ks/trinity-academy-wichita/volleyball/","https://hsfootball.net/proxy.php?url=https%3A%2F%2Fimage.maxpreps.io%2Fschool-mascot%2F1%2F3%2F6%2F136c5329-debe-4c1a-99da-a00dcb883ece.gif%3Fversion%3D635502799800000000%26amp%3Bwidth%3D128%26amp%3Bheight%3D128%26amp%3Bauto%3Dwebp%26amp%3Bformat%3Dpjpg","https://hsfootball.net/proxy.php?url=https%3A%2F%2Fimage.maxpreps.io%2Fschool-mascot%2F4%2F6%2F0%2F46083c98-0bd5-4069-9e87-bf701c41c340.gif%3Fversion%3D639053651356731690%26amp%3Bwidth%3D128%26amp%3Bheight%3D128%26amp%3Bauto%3Dwebp%26amp%3Bformat%3Dpjpg","girl"
10,"West Elk vs Norwich",Girls Volleyball,"Kansas",9/17/2026,5:00pm,"The West Elk varsity volleyball team has an away non-conference match @  Norwich (KS) on Thursday, September 17 @ 5p.","/ks/volleyball/match/norwich-vs-west-elk-howard/9-17-2026/?c=d865ca0f-8fcf-4aa8-962b-82deadf4c451","https://www.maxpreps.com/ks/volleyball/match/norwich-vs-west-elk-howard/9-17-2026/?c=d865ca0f-8fcf-4aa8-962b-82deadf4c451","/volleyball/ks/a1b?9/17/2026","West Elk","Patriots","https://www.maxpreps.com/ks/norwich/volleyball/","https://www.maxpreps.com/ks/west-elk-howard/volleyball/","https://hsfootball.net/proxy.php?url=https%3A%2F%2Fimage.maxpreps.io%2Fschool-mascot%2Fa%2Ff%2F5%2Faf598fee-79d8-4c05-84e1-c6eeb5dc9033.gif%3Fversion%3D635876032200000000%26amp%3Bwidth%3D128%26amp%3Bheight%3D128%26amp%3Bauto%3Dwebp%26amp%3Bformat%3Dpjpg","https://hsfootball.net/proxy.php?url=https%3A%2F%2Fimage.maxpreps.io%2Fschool-mascot%2Fc%2F6%2Fe%2Fc6e8e03d-7c49-4032-b4de-6b13a48e5ab8.gif%3Fversion%3D637382907600000000%26amp%3Bwidth%3D128%26amp%3Bheight%3D128%26amp%3Bauto%3Dwebp%26amp%3Bformat%3Dpjpg","girl"
11,"Manhattan vs Olathe West",Girls Volleyball,"Kansas",9/17/2026,5:00pm,"The Manhattan varsity volleyball team has an away non-conference match @  Olathe West (Olathe, KS) on Thursday, September 17 @ 5p.","/ks/volleyball/match/manhattan-vs-olathe-west/9-17-2026/?c=665886a5-fa39-49f5-b454-18e4106cbf58","https://www.maxpreps.com/ks/volleyball/match/manhattan-vs-olathe-west/9-17-2026/?c=665886a5-fa39-49f5-b454-18e4106cbf58","/volleyball/ks/96c?9/17/2026","Manhattan","Indians","https://www.maxpreps.com/ks/manhattan/volleyball/","https://www.maxpreps.com/ks/olathe-west/volleyball/","https://hsfootball.net/proxy.php?url=https%3A%2F%2Fimage.maxpreps.io%2Fschool-mascot%2F4%2F1%2F0%2F41006ce9-cfb3-492a-a951-d320637bc985.gif%3Fversion%3D637822372200000000%26amp%3Bwidth%3D128%26amp%3Bheight%3D128%26amp%3Bauto%3Dwebp%26amp%3Bformat%3Dpjpg","https://hsfootball.net/proxy.php?url=https%3A%2F%2Fimage.maxpreps.io%2Fschool-mascot%2F3%2F4%2F9%2F3496db39-d03c-415c-a887-bb21dff1e8a0.gif%3Fversion%3D636380539200000000%26amp%3Bwidth%3D128%26amp%3Bheight%3D128%26amp%3Bauto%3Dwebp%26amp%3Bformat%3Dpjpg","girl"
12,"Concordia vs Southeast of Saline",Girls Volleyball,"Kansas",9/17/2026,5:00pm,"The Concordia varsity volleyball team has an away non-conference match @  Southeast of Saline (Gypsum, KS) on Thursday, September 17 @ 5p.","/ks/volleyball/match/concordia-vs-southeast-of-saline-gypsum/9-17-2026/?c=989dfad2-1c88-4bd5-b6cc-cfcc492e93eb","https://www.maxpreps.com/ks/volleyball/match/concordia-vs-southeast-of-saline-gypsum/9-17-2026/?c=989dfad2-1c88-4bd5-b6cc-cfcc492e93eb","/volleyball/ks/f52?9/17/2026","Concordia","Panthers","https://www.maxpreps.com/ks/concordia/volleyball/","https://www.maxpreps.com/ks/southeast-of-saline-gypsum/volleyball/","https://hsfootball.net/proxy.php?url=https%3A%2F%2Fimage.maxpreps.io%2Fschool-mascot%2F7%2F6%2Fe%2F76e4b041-f805-482e-8a7f-11efbf7bfaf3.gif%3Fversion%3D634591320600000000%26amp%3Bwidth%3D128%26amp%3Bheight%3D128%26amp%3Bauto%3Dwebp%26amp%3Bformat%3Dpjpg","https://hsfootball.net/proxy.php?url=https%3A%2F%2Fimage.maxpreps.io%2Fschool-mascot%2F2%2Fd%2F6%2F2d6edb12-b6a9-412f-abe6-f9ab146f24ab.gif%3Fversion%3D637086448800000000%26amp%3Bwidth%3D128%26amp%3Bheight%3D128%26amp%3Bauto%3Dwebp%26amp%3Bformat%3Dpjpg","girl"
13,"Troy vs Jefferson County North",Girls Volleyball,"Kansas",9/17/2026,5:00pm,"The Troy varsity volleyball team has an away conference match @  Jefferson County North (Winchester, KS) on Thursday, September 17 @ 5p.","/ks/volleyball/match/jefferson-county-north-winchester-vs-troy/9-17-2026/?c=c2ffabb7-fce8-451a-ad7c-e37fb83587d2","https://www.maxpreps.com/ks/volleyball/match/jefferson-county-north-winchester-vs-troy/9-17-2026/?c=c2ffabb7-fce8-451a-ad7c-e37fb83587d2","/volleyball/ks/1063?9/17/2026","Troy","Trojans","https://www.maxpreps.com/ks/jefferson-county-north-winchester/volleyball/","https://www.maxpreps.com/ks/troy/volleyball/","https://hsfootball.net/proxy.php?url=https%3A%2F%2Fimage.maxpreps.io%2Fschool-mascot%2Fc%2Fe%2Fb%2Fcebca363-ad9c-4f39-919c-839a01a61833.gif%3Fversion%3D634377603600000000%26amp%3Bwidth%3D128%26amp%3Bheight%3D128%26amp%3Bauto%3Dwebp%26amp%3Bformat%3Dpjpg","https://hsfootball.net/proxy.php?url=https%3A%2F%2Fimage.maxpreps.io%2Fschool-mascot%2F8%2Fc%2F1%2F8c135148-8437-4cb5-be56-ecb2d4321b11.gif%3Fversion%3D634774207800000000%26amp%3Bwidth%3D128%26amp%3Bheight%3D128%26amp%3Bauto%3Dwebp%26amp%3Bformat%3Dpjpg","girl"
14,"West vs Salina South",Girls Volleyball,"Kansas",9/17/2026,5:00pm,"The West varsity volleyball team has an away non-conference match @  Salina South (Salina, KS) on Thursday, September 17 @ 5p.","/ks/volleyball/match/salina-south-vs-west-topeka/9-17-2026/?c=3097c982-0d75-45ed-a584-83d7efdb6b28","https://www.maxpreps.com/ks/volleyball/match/salina-south-vs-west-topeka/9-17-2026/?c=3097c982-0d75-45ed-a584-83d7efdb6b28","/volleyball/ks/a8f?9/17/2026","West","Chargers","https://www.maxpreps.com/ks/salina-south/volleyball/","https://www.maxpreps.com/ks/west-topeka/volleyball/","https://hsfootball.net/proxy.php?url=https%3A%2F%2Fimage.maxpreps.io%2Fschool-mascot%2F9%2F6%2F5%2F96537fc0-8324-4b97-991b-a69b0581796a.gif%3Fversion%3D637086456600000000%26amp%3Bwidth%3D128%26amp%3Bheight%3D128%26amp%3Bauto%3Dwebp%26amp%3Bformat%3Dpjpg","https://hsfootball.net/proxy.php?url=https%3A%2F%2Fimage.maxpreps.io%2Fschool-mascot%2F5%2F6%2F7%2F567eec81-80e5-4a03-8dae-ccc3f0b8b4ab.gif%3Fversion%3D637478461200000000%26amp%3Bwidth%3D128%26amp%3Bheight%3D128%26amp%3Bauto%3Dwebp%26amp%3Bformat%3Dpjpg","girl"
15,"Kansas School for the Deaf vs Iowa School for the Deaf",Girls Volleyball,"Kansas",9/17/2026,5:00pm,"The Kansas School for the Deaf varsity volleyball team has an away conference match @  Iowa School for the Deaf (Council Bluffs, IA) on Thursday, September 17 @ 5p.","/inter-state/volleyball/match/iowa-school-for-the-deaf-council-bluffs-ia-vs-kansas-school-for-the-deaf-olathe-ks/9-17-2026/?c=3225e7e0-effd-4fb7-bf33-97a0a07c09dd","https://www.maxpreps.com/inter-state/volleyball/match/iowa-school-for-the-deaf-council-bluffs-ia-vs-kansas-school-for-the-deaf-olathe-ks/9-17-2026/?c=3225e7e0-effd-4fb7-bf33-97a0a07c09dd","/volleyball/ks/1e91?9/17/2026","Kansas School for the Deaf","Jackrabbits","https://www.maxpreps.com/ks/iowa-school-for-the-deaf-council-bluffs-ia/volleyball/","https://www.maxpreps.com/ks/kansas-school-for-the-deaf-olathe-ks/volleyball/","https://hsfootball.net/proxy.php?url=https%3A%2F%2Fimage.maxpreps.io%2Fschool-mascot%2F9%2F2%2F1%2F921fa487-ec18-481e-b69d-b89199cb6aab.gif%3Fversion%3D633640923600000000%26amp%3Bwidth%3D128%26amp%3Bheight%3D128%26amp%3Bauto%3Dwebp%26amp%3Bformat%3Dpjpg","https://hsfootball.net/proxy.php?url=https%3A%2F%2Fimage.maxpreps.io%2Fschool-mascot%2F5%2F6%2Fe%2F56eed457-7a06-4917-b8be-cde2b0283731.gif%3Fversion%3D637432839600000000%26amp%3Bwidth%3D128%26amp%3Bheight%3D128%26amp%3Bauto%3Dwebp%26amp%3Bformat%3Dpjpg","girl"
16,"Galena vs Neodesha",Girls Volleyball,"Kansas",9/17/2026,5:00pm,"The Galena varsity volleyball team has an away non-conference match @  Neodesha (KS) on Thursday, September 17 @ 5p.","/ks/volleyball/match/galena-vs-neodesha/9-17-2026/?c=cf1f4b92-9700-46b4-b71f-d6a56ba5eab5","https://www.maxpreps.com/ks/volleyball/match/galena-vs-neodesha/9-17-2026/?c=cf1f4b92-9700-46b4-b71f-d6a56ba5eab5","/volleyball/ks/6f2?9/17/2026","Galena","Bulldogs","https://www.maxpreps.com/ks/galena/volleyball/","https://www.maxpreps.com/ks/neodesha/volleyball/","https://hsfootball.net/proxy.php?url=https%3A%2F%2Fimage.maxpreps.io%2Fschool-mascot%2Fe%2F9%2F6%2Fe96bcaf3-7f25-4a7c-bfa2-ca0389deac84.gif%3Fversion%3D637086448800000000%26amp%3Bwidth%3D128%26amp%3Bheight%3D128%26amp%3Bauto%3Dwebp%26amp%3Bformat%3Dpjpg","https://hsfootball.net/proxy.php?url=https%3A%2F%2Fimage.maxpreps.io%2Fschool-mascot%2F7%2F6%2F2%2F76226870-75ed-4e02-b643-31ad8ccd2486.gif%3Fversion%3D633875739600000000%26amp%3Bwidth%3D128%26amp%3Bheight%3D128%26amp%3Bauto%3Dwebp%26amp%3Bformat%3Dpjpg","girl"
17,"Kingman vs Nickerson",Girls Volleyball,"Kansas",9/17/2026,5:00pm,"The Kingman varsity volleyball team has an away non-conference match @  Nickerson (KS) on Thursday, September 17 @ 5p.","/ks/volleyball/match/kingman-vs-nickerson/9-17-2026/?c=eaed4e0a-6853-4b9b-ac36-294fa272116c","https://www.maxpreps.com/ks/volleyball/match/kingman-vs-nickerson/9-17-2026/?c=eaed4e0a-6853-4b9b-ac36-294fa272116c","/volleyball/ks/7f4?9/17/2026","Kingman","Eagles","https://www.maxpreps.com/ks/kingman/volleyball/","https://www.maxpreps.com/ks/nickerson/volleyball/","https://hsfootball.net/proxy.php?url=https%3A%2F%2Fimage.maxpreps.io%2Fschool-mascot%2F4%2F3%2F4%2F434c2d7a-61e5-40d2-aa8f-3f889c29cc23.gif%3Fversion%3D636398470800000000%26amp%3Bwidth%3D128%26amp%3Bheight%3D128%26amp%3Bauto%3Dwebp%26amp%3Bformat%3Dpjpg","https://hsfootball.net/proxy.php?url=https%3A%2F%2Fimage.maxpreps.io%2Fschool-mascot%2F3%2F0%2Fe%2F30ee2223-0b8a-4899-a428-91a0cc71d8a8.gif%3Fversion%3D635476760400000000%26amp%3Bwidth%3D128%26amp%3Bheight%3D128%26amp%3Bauto%3Dwebp%26amp%3Bformat%3Dpjpg","girl"
18,"Spearville vs South Gray",Girls Volleyball,"Kansas",9/17/2026,5:00pm,"The Spearville varsity volleyball team has an away conference match @  South Gray (Montezuma, KS) on Thursday, September 17 @ 5p.","/ks/volleyball/match/south-gray-montezuma-vs-spearville/9-17-2026/?c=96202fd8-a1f8-43bc-bf14-24b3a9ef6792","https://www.maxpreps.com/ks/volleyball/match/south-gray-montezuma-vs-spearville/9-17-2026/?c=96202fd8-a1f8-43bc-bf14-24b3a9ef6792","/volleyball/ks/d9a?9/17/2026","Spearville","Royal Lancers","https://www.maxpreps.com/ks/south-gray-montezuma/volleyball/","https://www.maxpreps.com/ks/spearville/volleyball/","https://hsfootball.net/proxy.php?url=https%3A%2F%2Fimage.maxpreps.io%2Fschool-mascot%2F8%2F8%2Fc%2F88c90659-e309-43f1-8748-9f6d6f6b7ab2.gif%3Fversion%3D635814588600000000%26amp%3Bwidth%3D128%26amp%3Bheight%3D128%26amp%3Bauto%3Dwebp%26amp%3Bformat%3Dpjpg","https://hsfootball.net/proxy.php?url=https%3A%2F%2Fimage.maxpreps.io%2Fschool-mascot%2Fe%2F3%2F4%2Fe34f2857-639e-409d-923f-6ae23bed2783.gif%3Fversion%3D635450165400000000%26amp%3Bwidth%3D128%26amp%3Bheight%3D128%26amp%3Bauto%3Dwebp%26amp%3Bformat%3Dpjpg","girl"
19,"Jackson Heights vs Pleasant Ridge",Girls Volleyball,"Kansas",9/17/2026,5:00pm,"The Jackson Heights varsity volleyball team has an away conference match @  Pleasant Ridge (Easton, KS) on Thursday, September 17 @ 5p.","/ks/volleyball/match/jackson-heights-holton-vs-pleasant-ridge-easton/9-17-2026/?c=4eff27ae-fe36-43f9-803b-7b1d14b09f22","https://www.maxpreps.com/ks/volleyball/match/jackson-heights-holton-vs-pleasant-ridge-easton/9-17-2026/?c=4eff27ae-fe36-43f9-803b-7b1d14b09f22","/volleyball/ks/124d?9/17/2026","Jackson Heights","Cobras","https://www.maxpreps.com/ks/jackson-heights-holton/volleyball/","https://www.maxpreps.com/ks/pleasant-ridge-easton/volleyball/","https://hsfootball.net/proxy.php?url=https%3A%2F%2Fimage.maxpreps.io%2Fschool-mascot%2F6%2F0%2F6%2F60607980-384e-4d9f-8aef-0994e4afaa07.gif%3Fversion%3D637086448800000000%26amp%3Bwidth%3D128%26amp%3Bheight%3D128%26amp%3Bauto%3Dwebp%26amp%3Bformat%3Dpjpg","https://hsfootball.net/proxy.php?url=https%3A%2F%2Fimage.maxpreps.io%2Fschool-mascot%2Fa%2F5%2F2%2Fa52aeaf9-d20d-4070-aa5c-1af8004cce57.gif%3Fversion%3D637477621200000000%26amp%3Bwidth%3D128%26amp%3Bheight%3D128%26amp%3Bauto%3Dwebp%26amp%3Bformat%3Dpjpg","girl"
20,"Salina South vs Emporia",Girls Volleyball,"Kansas",9/17/2026,5:00pm,"The Salina South varsity volleyball team has an away non-conference match @  Emporia (KS) on Thursday, September 17 @ 5p.","/ks/volleyball/match/emporia-vs-salina-south/9-17-2026/?c=912bca48-fb04-487c-8e1a-b67802643af3","https://www.maxpreps.com/ks/volleyball/match/emporia-vs-salina-south/9-17-2026/?c=912bca48-fb04-487c-8e1a-b67802643af3","/volleyball/ks/908?9/17/2026","Salina South","Cougars","https://www.maxpreps.com/ks/emporia/volleyball/","https://www.maxpreps.com/ks/salina-south/volleyball/","https://hsfootball.net/proxy.php?url=https%3A%2F%2Fimage.maxpreps.io%2Fschool-mascot%2F5%2F6%2F7%2F567eec81-80e5-4a03-8dae-ccc3f0b8b4ab.gif%3Fversion%3D637478461200000000%26amp%3Bwidth%3D128%26amp%3Bheight%3D128%26amp%3Bauto%3Dwebp%26amp%3Bformat%3Dpjpg","https://hsfootball.net/proxy.php?url=https%3A%2F%2Fimage.maxpreps.io%2Fschool-mascot%2Fa%2Fc%2Fd%2Facd350d8-af6f-4d46-a29e-71d85724c7ed.gif%3Fversion%3D635889751800000000%26amp%3Bwidth%3D128%26amp%3Bheight%3D128%26amp%3Bauto%3Dwebp%26amp%3Bformat%3Dpjpg","girl"
21,"Hillsboro vs Sedgwick",Girls Volleyball,"Kansas",9/17/2026,5:00pm,"The Hillsboro varsity volleyball team has an away non-conference match @  Sedgwick (KS) on Thursday, September 17 @ 5p.","/ks/volleyball/match/hillsboro-vs-sedgwick/9-17-2026/?c=27d29685-1154-4ebc-83c9-11949f0e19d9","https://www.maxpreps.com/ks/volleyball/match/hillsboro-vs-sedgwick/9-17-2026/?c=27d29685-1154-4ebc-83c9-11949f0e19d9","/volleyball/ks/862?9/17/2026","Hillsboro","Trojans","https://www.maxpreps.com/ks/hillsboro/volleyball/","https://www.maxpreps.com/ks/sedgwick/volleyball/","https://hsfootball.net/proxy.php?url=https%3A%2F%2Fimage.maxpreps.io%2Fschool-mascot%2Ff%2Fa%2F3%2Ffa397804-2d57-4ba5-80e6-d5c6fe896e23.gif%3Fversion%3D636482364600000000%26amp%3Bwidth%3D128%26amp%3Bheight%3D128%26amp%3Bauto%3Dwebp%26amp%3Bformat%3Dpjpg","https://hsfootball.net/proxy.php?url=https%3A%2F%2Fimage.maxpreps.io%2Fschool-mascot%2Fa%2F3%2Fc%2Fa3cb2fd2-867a-4e17-839d-23ccbcd4b0fa.gif%3Fversion%3D634479528600000000%26amp%3Bwidth%3D128%26amp%3Bheight%3D128%26amp%3Bauto%3Dwebp%26amp%3Bformat%3Dpjpg","girl"
22,"Frontier STEM vs Hogan Prep Charter",Girls Volleyball,"Kansas",9/17/2026,5:00pm,"The Frontier STEM varsity volleyball team has an away non-conference match @  Hogan Prep Charter (Kansas City, MO) on Thursday, September 17 @ 5p.","/mo/volleyball/match/frontier-stem-kansas-city-vs-hogan-prep-charter-kansas-city/9-17-2026/?c=01464490-5bb1-4479-bfed-6862fc7946a9","https://www.maxpreps.com/mo/volleyball/match/frontier-stem-kansas-city-vs-hogan-prep-charter-kansas-city/9-17-2026/?c=01464490-5bb1-4479-bfed-6862fc7946a9","/volleyball/ks/16c1?9/17/2026","Frontier STEM","Hogan Prep Charter","https://www.maxpreps.com/ks/frontier-stem-kansas-city/volleyball/","https://www.maxpreps.com/ks/hogan-prep-charter-kansas-city/volleyball/","https://hsfootball.net/proxy.php?url=https%3A%2F%2Fimage.maxpreps.io%2Fschool-mascot%2Fb%2F3%2F6%2Fb36b829b-0f3e-488e-8d7a-20abf2c353ce.gif%3Fversion%3D639084830499470640%26amp%3Bwidth%3D128%26amp%3Bheight%3D128%26amp%3Bauto%3Dwebp%26amp%3Bformat%3Dpjpg","https://hsfootball.net/proxy.php?url=https%3A%2F%2Fimage.maxpreps.io%2Fschool-mascot%2Fb%2F3%2F6%2Fb36b829b-0f3e-488e-8d7a-20abf2c353ce.gif%3Fversion%3D639084830499470640%26amp%3Bwidth%3D32%26amp%3Bheight%3D32%26amp%3Bauto%3Dwebp%26amp%3Bformat%3Dpjpg","girl"
23,"Horton vs Riverside [Wathena/Elwood]",Girls Volleyball,"Kansas",9/17/2026,5:00pm,"The Horton varsity volleyball team has an away conference match @  Riverside [Wathena/Elwood] (Wathena, KS) on Thursday, September 17 @ 5p.","/ks/volleyball/match/horton-vs-riverside-wathena-elwood/9-17-2026/?c=add83d77-25fc-4cbb-9d09-1ad14c5f64e5","https://www.maxpreps.com/ks/volleyball/match/horton-vs-riverside-wathena-elwood/9-17-2026/?c=add83d77-25fc-4cbb-9d09-1ad14c5f64e5","/volleyball/ks/d76?9/17/2026","Horton","Chargers","https://www.maxpreps.com/ks/horton/volleyball/","https://www.maxpreps.com/ks/riverside-wathena-elwood/volleyball/","https://hsfootball.net/proxy.php?url=https%3A%2F%2Fimage.maxpreps.io%2Fschool-mascot%2F6%2F9%2Ff%2F69f670f8-f474-4893-a7e1-053ea924d1f4.gif%3Fversion%3D637055091600000000%26amp%3Bwidth%3D128%26amp%3Bheight%3D128%26amp%3Bauto%3Dwebp%26amp%3Bformat%3Dpjpg","https://hsfootball.net/proxy.php?url=https%3A%2F%2Fimage.maxpreps.io%2Fschool-mascot%2Fa%2Ff%2F2%2Faf289ade-02bf-494b-94c0-4b32c77a8786.gif%3Fversion%3D636790809600000000%26amp%3Bwidth%3D128%26amp%3Bheight%3D128%26amp%3Bauto%3Dwebp%26amp%3Bformat%3Dpjpg","girl"
24,"St. Mary&#x27;s-Colgan vs Anderson County",Girls Volleyball,"Kansas",9/17/2026,5:00pm,"The St. Mary&#x27;s-Colgan varsity volleyball team has an away non-conference match @  Anderson County (Garnett, KS) on Thursday, September 17 @ 5p.","/ks/volleyball/match/anderson-county-garnett-vs-st-marys-colgan-pittsburg/9-17-2026/?c=720b6b70-092f-42d6-8e14-c2204d7d4c55","https://www.maxpreps.com/ks/volleyball/match/anderson-county-garnett-vs-st-marys-colgan-pittsburg/9-17-2026/?c=720b6b70-092f-42d6-8e14-c2204d7d4c55","/volleyball/ks/1480?9/17/2026","St. Mary&#x27;s-Colgan","Panthers","https://www.maxpreps.com/ks/anderson-county-garnett/volleyball/","https://www.maxpreps.com/ks/st-marys-colgan-pittsburg/volleyball/","https://hsfootball.net/proxy.php?url=https%3A%2F%2Fimage.maxpreps.io%2Fschool-mascot%2F7%2F2%2Fd%2F72d1dcec-ae00-4cc6-8dc7-4c8cb34b6057.gif%3Fversion%3D635767355400000000%26amp%3Bwidth%3D128%26amp%3Bheight%3D128%26amp%3Bauto%3Dwebp%26amp%3Bformat%3Dpjpg","https://hsfootball.net/proxy.php?url=https%3A%2F%2Fimage.maxpreps.io%2Fschool-mascot%2F5%2F8%2Fe%2F58e2b3fa-a0ce-4ea8-8dcb-d0622da468a3.gif%3Fversion%3D635932833600000000%26amp%3Bwidth%3D128%26amp%3Bheight%3D128%26amp%3Bauto%3Dwebp%26amp%3Bformat%3Dpjpg","girl"
25,"West vs Independent",Girls Volleyball,"Kansas",9/17/2026,5:00pm,"The West varsity volleyball team has an away non-conference match @  Independent (Wichita, KS) on Thursday, September 17 @ 5p.","/ks/volleyball/match/independent-wichita-vs-west-wichita/9-17-2026/?c=1e11feaf-31f4-4c0e-9f73-19e54143b46b","https://www.maxpreps.com/ks/volleyball/match/independent-wichita-vs-west-wichita/9-17-2026/?c=1e11feaf-31f4-4c0e-9f73-19e54143b46b","/volleyball/ks/dc0?9/17/2026","West","Pioneers","https://www.maxpreps.com/ks/independent-wichita/volleyball/","https://www.maxpreps.com/ks/west-wichita/volleyball/","https://hsfootball.net/proxy.php?url=https%3A%2F%2Fimage.maxpreps.io%2Fschool-mascot%2F5%2Fe%2F9%2F5e93d6cf-24cb-4e58-a845-50f738c56b20.gif%3Fversion%3D634412989800000000%26amp%3Bwidth%3D128%26amp%3Bheight%3D128%26amp%3Bauto%3Dwebp%26amp%3Bformat%3Dpjpg","https://hsfootball.net/proxy.php?url=https%3A%2F%2Fimage.maxpreps.io%2Fschool-mascot%2F9%2Ff%2F9%2F9f948f4d-8eee-4634-8fe4-0db88da4c246.gif%3Fversion%3D637822384200000000%26amp%3Bwidth%3D128%26amp%3Bheight%3D128%26amp%3Bauto%3Dwebp%26amp%3Bformat%3Dpjpg","girl"
26,"Little River vs Ellsworth",Girls Volleyball,"Kansas",9/17/2026,5:00pm,"The Little River varsity volleyball team has an away non-conference match @  Ellsworth (KS) on Thursday, September 17 @ 5p.","/ks/volleyball/match/ellsworth-vs-little-river/9-17-2026/?c=cf97d152-2039-4ebf-832b-c6b7b4ea335c","https://www.maxpreps.com/ks/volleyball/match/ellsworth-vs-little-river/9-17-2026/?c=cf97d152-2039-4ebf-832b-c6b7b4ea335c","/volleyball/ks/a0a?9/17/2026","Little River","Redskins","https://www.maxpreps.com/ks/ellsworth/volleyball/","https://www.maxpreps.com/ks/little-river/volleyball/","https://hsfootball.net/proxy.php?url=https%3A%2F%2Fimage.maxpreps.io%2Fschool-mascot%2F0%2F7%2F9%2F0796a694-c90d-4269-a038-32bbc43d05d9.gif%3Fversion%3D637822396200000000%26amp%3Bwidth%3D128%26amp%3Bheight%3D128%26amp%3Bauto%3Dwebp%26amp%3Bformat%3Dpjpg","https://hsfootball.net/proxy.php?url=https%3A%2F%2Fimage.maxpreps.io%2Fschool-mascot%2F3%2F9%2F5%2F39580e9a-650d-4be4-8242-275755c5b0e3.gif%3Fversion%3D634583418600000000%26amp%3Bwidth%3D128%26amp%3Bheight%3D128%26amp%3Bauto%3Dwebp%26amp%3Bformat%3Dpjpg","girl"
27,"Olathe East vs Topeka",Girls Volleyball,"Kansas",9/17/2026,5:00pm,"The Olathe East varsity volleyball team has an away non-conference match @  Topeka (KS) on Thursday, September 17 @ 5p.","/ks/volleyball/match/olathe-east-vs-topeka/9-17-2026/?c=ea2cf334-4b9b-462b-8ca3-cab1ee7c8b79","https://www.maxpreps.com/ks/volleyball/match/olathe-east-vs-topeka/9-17-2026/?c=ea2cf334-4b9b-462b-8ca3-cab1ee7c8b79","/volleyball/ks/81e?9/17/2026","Olathe East","Hawks","https://www.maxpreps.com/ks/olathe-east/volleyball/","https://www.maxpreps.com/ks/topeka/volleyball/","https://hsfootball.net/proxy.php?url=https%3A%2F%2Fimage.maxpreps.io%2Fschool-mascot%2Fe%2F6%2F2%2Fe626fa10-06ac-4691-a308-a52da8c5e40a.gif%3Fversion%3D636398563200000000%26amp%3Bwidth%3D128%26amp%3Bheight%3D128%26amp%3Bauto%3Dwebp%26amp%3Bformat%3Dpjpg","https://hsfootball.net/proxy.php?url=https%3A%2F%2Fimage.maxpreps.io%2Fschool-mascot%2Fe%2F9%2F9%2Fe9968bc0-9661-4861-9906-d2e1f57df627.gif%3Fversion%3D636825274200000000%26amp%3Bwidth%3D128%26amp%3Bheight%3D128%26amp%3Bauto%3Dwebp%26amp%3Bformat%3Dpjpg","girl"
28,"Pittsburg vs Frontenac",Girls Volleyball,"Kansas",9/17/2026,5:00pm,"The Pittsburg varsity volleyball team has an away non-conference match @  Frontenac (KS) on Thursday, September 17 @ 5p.","/ks/volleyball/match/frontenac-vs-pittsburg/9-17-2026/?c=c6ee01c6-b79b-4f0f-b4cf-77fc0a5d5bd3","https://www.maxpreps.com/ks/volleyball/match/frontenac-vs-pittsburg/9-17-2026/?c=c6ee01c6-b79b-4f0f-b4cf-77fc0a5d5bd3","/volleyball/ks/8e7?9/17/2026","Pittsburg","Purple Dragons","https://www.maxpreps.com/ks/frontenac/volleyball/","https://www.maxpreps.com/ks/pittsburg/volleyball/","https://hsfootball.net/proxy.php?url=https%3A%2F%2Fimage.maxpreps.io%2Fschool-mascot%2F5%2Ff%2Fd%2F5fdad11b-03d1-45e5-b5ab-29b324c3bc4d.gif%3Fversion%3D638001292200000000%26amp%3Bwidth%3D128%26amp%3Bheight%3D128%26amp%3Bauto%3Dwebp%26amp%3Bformat%3Dpjpg","https://hsfootball.net/proxy.php?url=https%3A%2F%2Fimage.maxpreps.io%2Fschool-mascot%2F5%2Fc%2F8%2F5c8bd1ee-027a-41ec-80c6-ba964867739c.gif%3Fversion%3D634884079800000000%26amp%3Bwidth%3D128%26amp%3Bheight%3D128%26amp%3Bauto%3Dwebp%26amp%3Bformat%3Dpjpg","girl"
29,"Jefferson West vs Tonganoxie",Girls Volleyball,"Kansas",9/17/2026,5:00pm,"The Jefferson West varsity volleyball team has an away non-conference match @  Tonganoxie (KS) on Thursday, September 17 @ 5p.","/ks/volleyball/match/jefferson-west-meriden-vs-tonganoxie/9-17-2026/?c=c4c7b1ab-6ab6-4aa9-8d5c-63eb44b8efd0","https://www.maxpreps.com/ks/volleyball/match/jefferson-west-meriden-vs-tonganoxie/9-17-2026/?c=c4c7b1ab-6ab6-4aa9-8d5c-63eb44b8efd0","/volleyball/ks/e42?9/17/2026","Jefferson West","Tigers","https://www.maxpreps.com/ks/jefferson-west-meriden/volleyball/","https://www.maxpreps.com/ks/tonganoxie/volleyball/","https://hsfootball.net/proxy.php?url=https%3A%2F%2Fimage.maxpreps.io%2Fschool-mascot%2Fe%2Fd%2F0%2Fed0e82fd-791b-43a1-bec5-a78e70b7ecc6.gif%3Fversion%3D638930210845181620%26amp%3Bwidth%3D128%26amp%3Bheight%3D128%26amp%3Bauto%3Dwebp%26amp%3Bformat%3Dpjpg","https://hsfootball.net/proxy.php?url=https%3A%2F%2Fimage.maxpreps.io%2Fschool-mascot%2F6%2F0%2Ff%2F60f7a689-9322-486b-bd77-cf22fea628ab.gif%3Fversion%3D638137098600000000%26amp%3Bwidth%3D128%26amp%3Bheight%3D128%26amp%3Bauto%3Dwebp%26amp%3Bformat%3Dpjpg","girl"
30,"Scott vs Ulysses",Girls Volleyball,"Kansas",9/17/2026,5:00pm,"The Scott varsity volleyball team has an away conference match @  Ulysses (KS) on Thursday, September 17 @ 5p.","/ks/volleyball/match/scott-scott-city-vs-ulysses/9-17-2026/?c=ab7e655b-a83e-4240-8805-9b625ac86763","https://www.maxpreps.com/ks/volleyball/match/scott-scott-city-vs-ulysses/9-17-2026/?c=ab7e655b-a83e-4240-8805-9b625ac86763","/volleyball/ks/ac8?9/17/2026","Scott","Beavers","https://www.maxpreps.com/ks/scott-scott-city/volleyball/","https://www.maxpreps.com/ks/ulysses/volleyball/","https://hsfootball.net/proxy.php?url=https%3A%2F%2Fimage.maxpreps.io%2Fschool-mascot%2F4%2F2%2F8%2F42891bc6-173e-4c91-a0ae-660750a913b0.gif%3Fversion%3D634880425200000000%26amp%3Bwidth%3D128%26amp%3Bheight%3D128%26amp%3Bauto%3Dwebp%26amp%3Bformat%3Dpjpg","https://hsfootball.net/proxy.php?url=https%3A%2F%2Fimage.maxpreps.io%2Fschool-mascot%2F1%2F5%2F3%2F15334d76-8827-4b5f-90ff-85f18830da3f.gif%3Fversion%3D635205347400000000%26amp%3Bwidth%3D128%26amp%3Bheight%3D128%26amp%3Bauto%3Dwebp%26amp%3Bformat%3Dpjpg","girl"
31,"Macksville vs Larned",Girls Volleyball,"Kansas",9/17/2026,5:00pm,"The Macksville varsity volleyball team has an away non-conference match @  Larned (KS) on Thursday, September 17 @ 5p.","/ks/volleyball/match/larned-vs-macksville/9-17-2026/?c=ef88bb52-85c3-4355-b847-cbcb4fc1c165","https://www.maxpreps.com/ks/volleyball/match/larned-vs-macksville/9-17-2026/?c=ef88bb52-85c3-4355-b847-cbcb4fc1c165","/volleyball/ks/7e4?9/17/2026","Macksville","Mustangs","https://www.maxpreps.com/ks/larned/volleyball/","https://www.maxpreps.com/ks/macksville/volleyball/","https://hsfootball.net/proxy.php?url=https%3A%2F%2Fimage.maxpreps.io%2Fschool-mascot%2F1%2Fd%2Fc%2F1dc6cab3-1429-41f5-8d1a-f85f5124e365.gif%3Fversion%3D634941016800000000%26amp%3Bwidth%3D128%26amp%3Bheight%3D128%26amp%3Bauto%3Dwebp%26amp%3Bformat%3Dpjpg","https://hsfootball.net/proxy.php?url=https%3A%2F%2Fimage.maxpreps.io%2Fschool-mascot%2F5%2F5%2F1%2F5514b13f-cc67-45f2-9376-65f91cdda357.gif%3Fversion%3D634811427000000000%26amp%3Bwidth%3D128%26amp%3Bheight%3D128%26amp%3Bauto%3Dwebp%26amp%3Bformat%3Dpjpg","girl"
32,"Dodge City vs Cheney",Girls Volleyball,"Kansas",9/17/2026,5:00pm,"The Dodge City varsity volleyball team has an away non-conference match @  Cheney (KS) on Thursday, September 17 @ 5p.","/ks/volleyball/match/cheney-vs-dodge-city/9-17-2026/?c=89e2e3a2-1934-42f7-b175-1c57ad0945c8","https://www.maxpreps.com/ks/volleyball/match/cheney-vs-dodge-city/9-17-2026/?c=89e2e3a2-1934-42f7-b175-1c57ad0945c8","/volleyball/ks/7a8?9/17/2026","Dodge City","Red Demons","https://www.maxpreps.com/ks/cheney/volleyball/","https://www.maxpreps.com/ks/dodge-city/volleyball/","https://hsfootball.net/proxy.php?url=https%3A%2F%2Fimage.maxpreps.io%2Fschool-mascot%2Fd%2F2%2Ff%2Fd2fc9a35-6d55-4a0c-be0a-cdad39311699.gif%3Fversion%3D635429224200000000%26amp%3Bwidth%3D128%26amp%3Bheight%3D128%26amp%3Bauto%3Dwebp%26amp%3Bformat%3Dpjpg","https://hsfootball.net/proxy.php?url=https%3A%2F%2Fimage.maxpreps.io%2Fschool-mascot%2F4%2Fb%2F7%2F4b7d7907-6d11-43f5-8bd3-763b29f88acf.gif%3Fversion%3D636455569800000000%26amp%3Bwidth%3D128%26amp%3Bheight%3D128%26amp%3Bauto%3Dwebp%26amp%3Bformat%3Dpjpg","girl"
33,"McLouth vs Valley Falls",Girls Volleyball,"Kansas",9/17/2026,5:00pm,"The McLouth varsity volleyball team has an away conference match @  Valley Falls (KS) on Thursday, September 17 @ 5p.","/ks/volleyball/match/mclouth-vs-valley-falls/9-17-2026/?c=8dca91fb-aba4-4c2a-8205-e724b637bc94","https://www.maxpreps.com/ks/volleyball/match/mclouth-vs-valley-falls/9-17-2026/?c=8dca91fb-aba4-4c2a-8205-e724b637bc94","/volleyball/ks/90b?9/17/2026","McLouth","Bulldogs","https://www.maxpreps.com/ks/mclouth/volleyball/","https://www.maxpreps.com/ks/valley-falls/volleyball/","https://hsfootball.net/proxy.php?url=https%3A%2F%2Fimage.maxpreps.io%2Fschool-mascot%2F1%2F2%2F5%2F125e36c7-c059-4929-b8aa-4fe0c9d87277.gif%3Fversion%3D636223155000000000%26amp%3Bwidth%3D128%26amp%3Bheight%3D128%26amp%3Bauto%3Dwebp%26amp%3Bformat%3Dpjpg","https://hsfootball.net/proxy.php?url=https%3A%2F%2Fimage.maxpreps.io%2Fschool-mascot%2Fa%2F5%2F4%2Fa5424f9f-74ec-463b-bc3d-daf4249e0c9a.gif%3Fversion%3D637727325600000000%26amp%3Bwidth%3D128%26amp%3Bheight%3D128%26amp%3Bauto%3Dwebp%26amp%3Bformat%3Dpjpg","girl"
34,"Eudora vs West Franklin",Girls Volleyball,"Kansas",9/17/2026,5:00pm,"The Eudora varsity volleyball team has a neutral non-conference match vs.  West Franklin (Pomona, KS) on Thursday, September 17 @ 5p.","/ks/volleyball/match/eudora-vs-west-franklin-pomona/9-17-2026/?c=8322bb24-d869-475c-affb-a0b6aa1e98f1","https://www.maxpreps.com/ks/volleyball/match/eudora-vs-west-franklin-pomona/9-17-2026/?c=8322bb24-d869-475c-affb-a0b6aa1e98f1","/volleyball/ks/bbf?9/17/2026","Eudora","Cardinals","https://www.maxpreps.com/ks/eudora/volleyball/","https://www.maxpreps.com/ks/west-franklin-pomona/volleyball/","https://hsfootball.net/proxy.php?url=https%3A%2F%2Fimage.maxpreps.io%2Fschool-mascot%2Fb%2F5%2Fa%2Fb5a9c1c3-b18e-4a18-9506-4587fedd02a9.gif%3Fversion%3D637086448800000000%26amp%3Bwidth%3D128%26amp%3Bheight%3D128%26amp%3Bauto%3Dwebp%26amp%3Bformat%3Dpjpg","https://hsfootball.net/proxy.php?url=https%3A%2F%2Fimage.maxpreps.io%2Fschool-mascot%2Fd%2F2%2F7%2Fd27ff8b5-8feb-43b1-8c7f-b4e1d9a4f473.gif%3Fversion%3D636946274400000000%26amp%3Bwidth%3D128%26amp%3Bheight%3D128%26amp%3Bauto%3Dwebp%26amp%3Bformat%3Dpjpg","girl"
35,"Ottawa vs Hayden",Girls Volleyball,"Kansas",9/17/2026,5:00pm,"The Ottawa varsity volleyball team has an away non-conference match @  Hayden (Topeka, KS) on Thursday, September 17 @ 5p.","/ks/volleyball/match/hayden-topeka-vs-ottawa/9-17-2026/?c=c2c1f52b-9628-432c-b546-0a719420317b","https://www.maxpreps.com/ks/volleyball/match/hayden-topeka-vs-ottawa/9-17-2026/?c=c2c1f52b-9628-432c-b546-0a719420317b","/volleyball/ks/8fd?9/17/2026","Ottawa","Cyclones","https://www.maxpreps.com/ks/hayden-topeka/volleyball/","https://www.maxpreps.com/ks/ottawa/volleyball/","https://hsfootball.net/proxy.php?url=https%3A%2F%2Fimage.maxpreps.io%2Fschool-mascot%2F1%2F7%2F2%2F17246c19-6aba-4d86-b28e-b9e1de144bf1.gif%3Fversion%3D636753139800000000%26amp%3Bwidth%3D128%26amp%3Bheight%3D128%26amp%3Bauto%3Dwebp%26amp%3Bformat%3Dpjpg","https://hsfootball.net/proxy.php?url=https%3A%2F%2Fimage.maxpreps.io%2Fschool-mascot%2Fd%2F1%2F8%2Fd187d158-5fc5-415e-866b-99b42531bf02.gif%3Fversion%3D636452041200000000%26amp%3Bwidth%3D128%26amp%3Bheight%3D128%26amp%3Bauto%3Dwebp%26amp%3Bformat%3Dpjpg","girl"
36,"Parsons vs Oswego",Girls Volleyball,"Kansas",9/17/2026,5:00pm,"The Parsons varsity volleyball team has an away non-conference match @  Oswego (KS) on Thursday, September 17 @ 5p.","/ks/volleyball/match/oswego-vs-parsons/9-17-2026/?c=bfe2315a-88d0-4626-a5a5-9bebaa6e39e8","https://www.maxpreps.com/ks/volleyball/match/oswego-vs-parsons/9-17-2026/?c=bfe2315a-88d0-4626-a5a5-9bebaa6e39e8","/volleyball/ks/6dd?9/17/2026","Parsons","Vikings","https://www.maxpreps.com/ks/oswego/volleyball/","https://www.maxpreps.com/ks/parsons/volleyball/","https://hsfootball.net/proxy.php?url=https%3A%2F%2Fimage.maxpreps.io%2Fschool-mascot%2F9%2F3%2F2%2F9329a31f-6de3-4501-a2c1-7ffac2b7934f.gif%3Fversion%3D635895001200000000%26amp%3Bwidth%3D128%26amp%3Bheight%3D128%26amp%3Bauto%3Dwebp%26amp%3Bformat%3Dpjpg","https://hsfootball.net/proxy.php?url=https%3A%2F%2Fimage.maxpreps.io%2Fschool-mascot%2F4%2F8%2Fc%2F48cab446-71a9-488f-abed-53cdc7c6b487.gif%3Fversion%3D636252759600000000%26amp%3Bwidth%3D128%26amp%3Bheight%3D128%26amp%3Bauto%3Dwebp%26amp%3Bformat%3Dpjpg","girl"
37,"Collegiate vs Abilene",Girls Volleyball,"Kansas",9/17/2026,5:00pm,"The Collegiate varsity volleyball team has an away non-conference match @  Abilene (KS) on Thursday, September 17 @ 5p.","/ks/volleyball/match/abilene-vs-collegiate-wichita/9-17-2026/?c=87281b30-531e-4123-928e-4d9983f66ccc","https://www.maxpreps.com/ks/volleyball/match/abilene-vs-collegiate-wichita/9-17-2026/?c=87281b30-531e-4123-928e-4d9983f66ccc","/volleyball/ks/b42?9/17/2026","Collegiate","Spartans","https://www.maxpreps.com/ks/abilene/volleyball/","https://www.maxpreps.com/ks/collegiate-wichita/volleyball/","https://hsfootball.net/proxy.php?url=https%3A%2F%2Fimage.maxpreps.io%2Fschool-mascot%2Ff%2F7%2F0%2Ff702cc4d-1b4a-4469-bad9-b7d74eba36ae.gif%3Fversion%3D637994357400000000%26amp%3Bwidth%3D128%26amp%3Bheight%3D128%26amp%3Bauto%3Dwebp%26amp%3Bformat%3Dpjpg","https://hsfootball.net/proxy.php?url=https%3A%2F%2Fimage.maxpreps.io%2Fschool-mascot%2F1%2F3%2F6%2F136c5329-debe-4c1a-99da-a00dcb883ece.gif%3Fversion%3D635502799800000000%26amp%3Bwidth%3D128%26amp%3Bheight%3D128%26amp%3Bauto%3Dwebp%26amp%3Bformat%3Dpjpg","girl"
38,"Overland Christian vs El Dorado Christian",Girls Volleyball,"Kansas",9/17/2026,5:30pm,"The Overland Christian varsity volleyball team has an away conference match @  El Dorado Christian (El Dorado Springs, MO) on Thursday, September 17 @ 5:30p.","/inter-state/volleyball/match/el-dorado-christian-el-dorado-springs-mo-vs-overland-christian-overland-park-ks/9-17-2026/?c=6a3a05ee-8067-42ea-a249-58c32e11f49a","https://www.maxpreps.com/inter-state/volleyball/match/el-dorado-christian-el-dorado-springs-mo-vs-overland-christian-overland-park-ks/9-17-2026/?c=6a3a05ee-8067-42ea-a249-58c32e11f49a","/volleyball/ks/1e47?9/17/2026","Overland Christian","Eagle","https://www.maxpreps.com/ks/el-dorado-christian-el-dorado-springs-mo/volleyball/","https://www.maxpreps.com/ks/overland-christian-overland-park-ks/volleyball/","https://hsfootball.net/proxy.php?url=https%3A%2F%2Fimage.maxpreps.io%2Fschool-mascot%2F7%2F3%2F2%2F732a01c5-af4e-4955-b86a-6b9911ed8fcf.gif%3Fversion%3D636161797800000000%26amp%3Bwidth%3D128%26amp%3Bheight%3D128%26amp%3Bauto%3Dwebp%26amp%3Bformat%3Dpjpg","https://hsfootball.net/proxy.php?url=https%3A%2F%2Fimage.maxpreps.io%2Fschool-mascot%2Fd%2Fc%2Fa%2Fdcacba7b-9223-49f1-ad1f-3448130dd82a.gif%3Fversion%3D637471565400000000%26amp%3Bwidth%3D128%26amp%3Bheight%3D128%26amp%3Bauto%3Dwebp%26amp%3Bformat%3Dpjpg","girl"
39,"Gardner-Edgerton vs Piper",Girls Volleyball,"Kansas",9/17/2026,5:30pm,"The Gardner-Edgerton varsity volleyball team has an away non-conference match @  Piper (Kansas City, KS) on Thursday, September 17 @ 5:30p.","/ks/volleyball/match/gardner-edgerton-vs-piper-kansas-city/9-17-2026/?c=cc8f2bff-6167-49f8-a17d-974298f482c0","https://www.maxpreps.com/ks/volleyball/match/gardner-edgerton-vs-piper-kansas-city/9-17-2026/?c=cc8f2bff-6167-49f8-a17d-974298f482c0","/volleyball/ks/e5f?9/17/2026","Gardner-Edgerton","Trailblazers","https://www.maxpreps.com/ks/gardner-edgerton/volleyball/","https://www.maxpreps.com/ks/piper-kansas-city/volleyball/","https://hsfootball.net/proxy.php?url=https%3A%2F%2Fimage.maxpreps.io%2Fschool-mascot%2Fd%2F3%2F1%2Fd31a48a2-a5ea-4bcb-93dd-4b2e19d82e05.gif%3Fversion%3D634189483200000000%26amp%3Bwidth%3D128%26amp%3Bheight%3D128%26amp%3Bauto%3Dwebp%26amp%3Bformat%3Dpjpg","https://hsfootball.net/proxy.php?url=https%3A%2F%2Fimage.maxpreps.io%2Fschool-mascot%2Fa%2Fd%2F8%2Fad879392-f539-42a4-9704-42bcec3e4473.gif%3Fversion%3D634654953600000000%26amp%3Bwidth%3D128%26amp%3Bheight%3D128%26amp%3Bauto%3Dwebp%26amp%3Bformat%3Dpjpg","girl"
40,"Wyandotte vs Sumner Academy",Girls Volleyball,"Kansas",9/17/2026,6:00pm,"The Wyandotte varsity volleyball team has an away conference match @  Sumner Academy (Kansas City, KS) on Thursday, September 17 @ 6p.","/ks/volleyball/match/sumner-academy-kansas-city-vs-wyandotte-kansas-city/9-17-2026/?c=3d84c3c5-8e54-421c-9a95-3b7bcc0ae3fc","https://www.maxpreps.com/ks/volleyball/match/sumner-academy-kansas-city-vs-wyandotte-kansas-city/9-17-2026/?c=3d84c3c5-8e54-421c-9a95-3b7bcc0ae3fc","/volleyball/ks/13e5?9/17/2026","Wyandotte","Bulldogs","https://www.maxpreps.com/ks/sumner-academy-kansas-city/volleyball/","https://www.maxpreps.com/ks/wyandotte-kansas-city/volleyball/","https://hsfootball.net/proxy.php?url=https%3A%2F%2Fimage.maxpreps.io%2Fschool-mascot%2F5%2F6%2F4%2F564e8f33-fbf4-401b-9cf3-894997c3058c.gif%3Fversion%3D636396037800000000%26amp%3Bwidth%3D128%26amp%3Bheight%3D128%26amp%3Bauto%3Dwebp%26amp%3Bformat%3Dpjpg","https://hsfootball.net/proxy.php?url=https%3A%2F%2Fimage.maxpreps.io%2Fschool-mascot%2Fd%2F9%2F5%2Fd95d837a-b1d2-4c63-89d5-4309631f2392.gif%3Fversion%3D635140029000000000%26amp%3Bwidth%3D128%26amp%3Bheight%3D128%26amp%3Bauto%3Dwebp%26amp%3Bformat%3Dpjpg","girl"
41,"St. Mary&#x27;s-Colgan vs Girard",Girls Volleyball,"Kansas",9/17/2026,6:00pm,"The St. Mary&#x27;s-Colgan varsity volleyball team has an away non-conference match @  Girard (KS) on Thursday, September 17 @ 6p.","/ks/volleyball/match/girard-vs-st-marys-colgan-pittsburg/9-17-2026/?c=4a747718-9296-423b-8860-eefaab88f4ae","https://www.maxpreps.com/ks/volleyball/match/girard-vs-st-marys-colgan-pittsburg/9-17-2026/?c=4a747718-9296-423b-8860-eefaab88f4ae","/volleyball/ks/dae?9/17/2026","St. Mary&#x27;s-Colgan","Panthers","https://www.maxpreps.com/ks/girard/girls-volleyball/","https://www.maxpreps.com/ks/st-marys-colgan-pittsburg/girls-volleyball/","https://hsfootball.net/proxy.php?url=https%3A%2F%2Fimage.maxpreps.io%2Fschool-mascot%2F7%2F2%2Fd%2F72d1dcec-ae00-4cc6-8dc7-4c8cb34b6057.gif%3Fversion%3D635767355400000000%26amp%3Bwidth%3D128%26amp%3Bheight%3D128%26amp%3Bauto%3Dwebp%26amp%3Bformat%3Dpjpg","https://hsfootball.net/proxy.php?url=https%3A%2F%2Fimage.maxpreps.io%2Fschool-mascot%2F9%2F8%2F0%2F98038dda-2f6f-4bb8-9fa3-7acb94fa4c16.gif%3Fversion%3D636592210200000000%26amp%3Bwidth%3D128%26amp%3Bheight%3D128%26amp%3Bauto%3Dwebp%26amp%3Bformat%3Dpjpg","girl"
42,"Paseo Academy of Performing Arts vs Turner",Girls Volleyball,"Kansas",9/17/2026,6:00pm,"The Paseo Academy of Performing Arts varsity volleyball team has an away non-conference match @  Turner (Kansas City, KS) on Thursday, September 17 @ 6p.","/inter-state/volleyball/match/paseo-academy-of-performing-arts-kansas-city-mo-vs-turner-kansas-city-ks/9-17-2026/?c=b574a186-6d73-42f1-9fc3-d3cc736d4e68","https://www.maxpreps.com/inter-state/volleyball/match/paseo-academy-of-performing-arts-kansas-city-mo-vs-turner-kansas-city-ks/9-17-2026/?c=b574a186-6d73-42f1-9fc3-d3cc736d4e68","/volleyball/ks/1b87?9/17/2026","Paseo Academy of Performing Arts","Pirates","https://www.maxpreps.com/ks/paseo-academy-of-performing-arts-kansas-city-mo/girls-volleyball/","https://www.maxpreps.com/ks/turner-kansas-city-ks/girls-volleyball/","https://hsfootball.net/proxy.php?url=https%3A%2F%2Fimage.maxpreps.io%2Fschool-mascot%2F4%2Fb%2F0%2F4b07419e-a174-4a05-b2a5-7aa34fb47129.gif%3Fversion%3D639083918264241500%26amp%3Bwidth%3D128%26amp%3Bheight%3D128%26amp%3Bauto%3Dwebp%26amp%3Bformat%3Dpjpg","https://hsfootball.net/proxy.php?url=https%3A%2F%2Fimage.maxpreps.io%2Fschool-mascot%2F7%2F5%2F8%2F75870164-d55c-4396-a9e9-111bfe9a9880.gif%3Fversion%3D638905216458003440%26amp%3Bwidth%3D128%26amp%3Bheight%3D128%26amp%3Bauto%3Dwebp%26amp%3Bformat%3Dpjpg","girl"
43,"Trinity Academy vs Collegiate",Girls Volleyball,"Kansas",9/17/2026,6:00pm,"The Trinity Academy varsity volleyball team has a neutral non-conference match vs.  Collegiate (Wichita, KS) on Thursday, September 17 @ 6p.","/ks/volleyball/match/collegiate-wichita-vs-trinity-academy-wichita/9-17-2026/?c=351deebc-960b-4634-928e-5b7c689e7921","https://www.maxpreps.com/ks/volleyball/match/collegiate-wichita-vs-trinity-academy-wichita/9-17-2026/?c=351deebc-960b-4634-928e-5b7c689e7921","/volleyball/ks/119c?9/17/2026","Trinity Academy","Knights","https://www.maxpreps.com/ks/collegiate-wichita/girls-volleyball/","https://www.maxpreps.com/ks/trinity-academy-wichita/girls-volleyball/","https://hsfootball.net/proxy.php?url=https%3A%2F%2Fimage.maxpreps.io%2Fschool-mascot%2F4%2F6%2F0%2F46083c98-0bd5-4069-9e87-bf701c41c340.gif%3Fversion%3D639053651356731690%26amp%3Bwidth%3D128%26amp%3Bheight%3D128%26amp%3Bauto%3Dwebp%26amp%3Bformat%3Dpjpg","https://hsfootball.net/proxy.php?url=https%3A%2F%2Fimage.maxpreps.io%2Fschool-mascot%2Ff%2F7%2F0%2Ff702cc4d-1b4a-4469-bad9-b7d74eba36ae.gif%3Fversion%3D637994357400000000%26amp%3Bwidth%3D128%26amp%3Bheight%3D128%26amp%3Bauto%3Dwebp%26amp%3Bformat%3Dpjpg","girl"
44,"Topeka vs Spring Hill",Girls Volleyball,"Kansas",9/17/2026,6:00pm,"The Topeka varsity volleyball team has an away non-conference match @  Spring Hill (KS) on Thursday, September 17 @ 6p.","/ks/volleyball/match/spring-hill-vs-topeka/9-17-2026/?c=d55e7d2e-e616-4bce-b6f9-a2e66662d382","https://www.maxpreps.com/ks/volleyball/match/spring-hill-vs-topeka/9-17-2026/?c=d55e7d2e-e616-4bce-b6f9-a2e66662d382","/volleyball/ks/830?9/17/2026","Topeka","Trojans","https://www.maxpreps.com/ks/spring-hill/girls-volleyball/","https://www.maxpreps.com/ks/topeka/girls-volleyball/","https://hsfootball.net/proxy.php?url=https%3A%2F%2Fimage.maxpreps.io%2Fschool-mascot%2Fe%2F9%2F9%2Fe9968bc0-9661-4861-9906-d2e1f57df627.gif%3Fversion%3D636825274200000000%26amp%3Bwidth%3D128%26amp%3Bheight%3D128%26amp%3Bauto%3Dwebp%26amp%3Bformat%3Dpjpg","https://hsfootball.net/proxy.php?url=https%3A%2F%2Fimage.maxpreps.io%2Fschool-mascot%2Fa%2F1%2F8%2Fa18d4c9e-4975-412d-b1af-8e10ec365374.gif%3Fversion%3D636259530000000000%26amp%3Bwidth%3D128%26amp%3Bheight%3D128%26amp%3Bauto%3Dwebp%26amp%3Bformat%3Dpjpg","girl"
45,"Oskaloosa vs Horton",Girls Volleyball,"Kansas",9/17/2026,6:00pm,"The Oskaloosa varsity volleyball team has a neutral conference match vs.  Horton (KS) on Thursday, September 17 @ 6p.","/ks/volleyball/match/horton-vs-oskaloosa/9-17-2026/?c=ead9aeb1-a031-409d-b171-b066618e0c56","https://www.maxpreps.com/ks/volleyball/match/horton-vs-oskaloosa/9-17-2026/?c=ead9aeb1-a031-409d-b171-b066618e0c56","/volleyball/ks/7a9?9/17/2026","Oskaloosa","Bears","https://www.maxpreps.com/ks/horton/girls-volleyball/","https://www.maxpreps.com/ks/oskaloosa/girls-volleyball/","https://hsfootball.net/proxy.php?url=https%3A%2F%2Fimage.maxpreps.io%2Fschool-mascot%2F3%2F9%2Fc%2F39c0b481-7aa4-4ceb-aa3b-453fd10300e5.gif%3Fversion%3D635833719600000000%26amp%3Bwidth%3D128%26amp%3Bheight%3D128%26amp%3Bauto%3Dwebp%26amp%3Bformat%3Dpjpg","https://hsfootball.net/proxy.php?url=https%3A%2F%2Fimage.maxpreps.io%2Fschool-mascot%2F6%2F9%2Ff%2F69f670f8-f474-4893-a7e1-053ea924d1f4.gif%3Fversion%3D637055091600000000%26amp%3Bwidth%3D128%26amp%3Bheight%3D128%26amp%3Bauto%3Dwebp%26amp%3Bformat%3Dpjpg","girl"
46,"Manhattan vs Blue Valley Southwest",Girls Volleyball,"Kansas",9/17/2026,6:00pm,"The Manhattan varsity volleyball team has a neutral non-conference match vs.  Blue Valley Southwest (Overland Park, KS) on Thursday, September 17 @ 6p.","/ks/volleyball/match/blue-valley-southwest-overland-park-vs-manhattan/9-17-2026/?c=80d6d407-0cb7-4186-87a5-673ad81a7187","https://www.maxpreps.com/ks/volleyball/match/blue-valley-southwest-overland-park-vs-manhattan/9-17-2026/?c=80d6d407-0cb7-4186-87a5-673ad81a7187","/volleyball/ks/12e7?9/17/2026","Manhattan","Indians","https://www.maxpreps.com/ks/blue-valley-southwest-overland-park/girls-volleyball/","https://www.maxpreps.com/ks/manhattan/girls-volleyball/","https://hsfootball.net/proxy.php?url=https%3A%2F%2Fimage.maxpreps.io%2Fschool-mascot%2F4%2F1%2F0%2F41006ce9-cfb3-492a-a951-d320637bc985.gif%3Fversion%3D637822372200000000%26amp%3Bwidth%3D128%26amp%3Bheight%3D128%26amp%3Bauto%3Dwebp%26amp%3Bformat%3Dpjpg","https://hsfootball.net/proxy.php?url=https%3A%2F%2Fimage.maxpreps.io%2Fschool-mascot%2F9%2Fb%2F5%2F9b5ae32e-6421-441f-8a95-bd0fbd7e71ac.gif%3Fversion%3D637822380600000000%26amp%3Bwidth%3D128%26amp%3Bheight%3D128%26amp%3Bauto%3Dwebp%26amp%3Bformat%3Dpjpg","girl"
47,"Highland Park vs Atchison",Girls Volleyball,"Kansas",9/17/2026,6:00pm,"The Highland Park varsity volleyball team has an away conference match @  Atchison (KS) on Thursday, September 17 @ 6p.","/ks/volleyball/match/atchison-vs-highland-park-topeka/9-17-2026/?c=fb512073-d964-468d-bf48-36275e5c1ace","https://www.maxpreps.com/ks/volleyball/match/atchison-vs-highland-park-topeka/9-17-2026/?c=fb512073-d964-468d-bf48-36275e5c1ace","/volleyball/ks/c67?9/17/2026","Highland Park","Scots","https://www.maxpreps.com/ks/atchison/girls-volleyball/","https://www.maxpreps.com/ks/highland-park-topeka/girls-volleyball/","https://hsfootball.net/proxy.php?url=https%3A%2F%2Fimage.maxpreps.io%2Fschool-mascot%2Fb%2Ff%2Fd%2Fbfd2344e-5468-48bc-aac9-4254586857b1.gif%3Fversion%3D637822377000000000%26amp%3Bwidth%3D128%26amp%3Bheight%3D128%26amp%3Bauto%3Dwebp%26amp%3Bformat%3Dpjpg","https://hsfootball.net/proxy.php?url=https%3A%2F%2Fimage.maxpreps.io%2Fschool-mascot%2Fa%2F1%2F1%2Fa11bdf79-39ff-404a-8384-3680f767e310.gif%3Fversion%3D637085609400000000%26amp%3Bwidth%3D128%26amp%3Bheight%3D128%26amp%3Bauto%3Dwebp%26amp%3Bformat%3Dpjpg","girl"
48,"St. James Academy vs Bishop Miege",Girls Volleyball,"Kansas",9/17/2026,6:00pm,"The St. James Academy varsity volleyball team has an away conference match @  Bishop Miege (Shawnee Mission, KS) on Thursday, September 17 @ 6p.","/ks/volleyball/match/bishop-miege-shawnee-mission-vs-st-james-academy-lenexa/9-17-2026/?c=26f90cdb-0a3c-4305-a78f-e2326787105a","https://www.maxpreps.com/ks/volleyball/match/bishop-miege-shawnee-mission-vs-st-james-academy-lenexa/9-17-2026/?c=26f90cdb-0a3c-4305-a78f-e2326787105a","/volleyball/ks/1512?9/17/2026","St. James Academy","Thunder","https://www.maxpreps.com/ks/bishop-miege-shawnee-mission/girls-volleyball/","https://www.maxpreps.com/ks/st-james-academy-lenexa/girls-volleyball/","https://hsfootball.net/proxy.php?url=https%3A%2F%2Fimage.maxpreps.io%2Fschool-mascot%2Ff%2Ff%2Fe%2Fffea9038-f656-4487-879b-180031299c0b.gif%3Fversion%3D636264661200000000%26amp%3Bwidth%3D128%26amp%3Bheight%3D128%26amp%3Bauto%3Dwebp%26amp%3Bformat%3Dpjpg","https://hsfootball.net/proxy.php?url=https%3A%2F%2Fimage.maxpreps.io%2Fschool-mascot%2Fa%2Ff%2F0%2Faf04bc88-7fd3-4526-9e17-97b9ee0bfea0.gif%3Fversion%3D637787988000000000%26amp%3Bwidth%3D128%26amp%3Bheight%3D128%26amp%3Bauto%3Dwebp%26amp%3Bformat%3Dpjpg","girl"
49,"Shawnee Heights vs Ottawa",Girls Volleyball,"Kansas",9/17/2026,6:00pm,"The Shawnee Heights varsity volleyball team has a neutral non-conference match vs.  Ottawa (KS) on Thursday, September 17 @ 6p.","/ks/volleyball/match/ottawa-vs-shawnee-heights-tecumseh/9-17-2026/?c=cdc1073e-264b-43ea-9595-9f61e77f3b57","https://www.maxpreps.com/ks/volleyball/match/ottawa-vs-shawnee-heights-tecumseh/9-17-2026/?c=cdc1073e-264b-43ea-9595-9f61e77f3b57","/volleyball/ks/d62?9/17/2026","Shawnee Heights","Thunderbirds","https://www.maxpreps.com/ks/ottawa/girls-volleyball/","https://www.maxpreps.com/ks/shawnee-heights-tecumseh/girls-volleyball/","https://hsfootball.net/proxy.php?url=https%3A%2F%2Fimage.maxpreps.io%2Fschool-mascot%2Ff%2F9%2Ff%2Ff9f3fa6e-e1db-4e54-a4f9-e21ac7bc19b9.gif%3Fversion%3D635474844000000000%26amp%3Bwidth%3D128%26amp%3Bheight%3D128%26amp%3Bauto%3Dwebp%26amp%3Bformat%3Dpjpg","https://hsfootball.net/proxy.php?url=https%3A%2F%2Fimage.maxpreps.io%2Fschool-mascot%2F1%2F7%2F2%2F17246c19-6aba-4d86-b28e-b9e1de144bf1.gif%3Fversion%3D636753139800000000%26amp%3Bwidth%3D128%26amp%3Bheight%3D128%26amp%3Bauto%3Dwebp%26amp%3Bformat%3Dpjpg","girl"
50,"Santa Fe Trail vs Jefferson West",Girls Volleyball,"Kansas",9/17/2026,6:00pm,"The Santa Fe Trail varsity volleyball team has a neutral non-conference match vs.  Jefferson West (Meriden, KS) on Thursday, September 17 @ 6p.","/ks/volleyball/match/jefferson-west-meriden-vs-santa-fe-trail-carbondale/9-17-2026/?c=9201daeb-3449-4172-8679-721c2431bf76","https://www.maxpreps.com/ks/volleyball/match/jefferson-west-meriden-vs-santa-fe-trail-carbondale/9-17-2026/?c=9201daeb-3449-4172-8679-721c2431bf76","/volleyball/ks/1396?9/17/2026","Santa Fe Trail","Chargers","https://www.maxpreps.com/ks/jefferson-west-meriden/girls-volleyball/","https://www.maxpreps.com/ks/santa-fe-trail-carbondale/girls-volleyball/","https://hsfootball.net/proxy.php?url=https%3A%2F%2Fimage.maxpreps.io%2Fschool-mascot%2Fd%2F1%2Fc%2Fd1cd3922-e265-4303-8ede-10f4c6e1d03d.gif%3Fversion%3D637085583600000000%26amp%3Bwidth%3D128%26amp%3Bheight%3D128%26amp%3Bauto%3Dwebp%26amp%3Bformat%3Dpjpg","https://hsfootball.net/proxy.php?url=https%3A%2F%2Fimage.maxpreps.io%2Fschool-mascot%2Fe%2Fd%2F0%2Fed0e82fd-791b-43a1-bec5-a78e70b7ecc6.gif%3Fversion%3D638930210845181620%26amp%3Bwidth%3D128%26amp%3Bheight%3D128%26amp%3Bauto%3Dwebp%26amp%3Bformat%3Dpjpg","girl"
51,"Lutheran vs Bishop Seabury Academy",Girls Volleyball,"Kansas",9/17/2026,6:00pm,"The Lutheran varsity volleyball team has an away non-conference match @  Bishop Seabury Academy (Lawrence, KS) on Thursday, September 17 @ 6p.","/inter-state/volleyball/match/bishop-seabury-academy-lawrence-ks-vs-lutheran-kansas-city-mo/9-17-2026/?c=ab127c7a-a432-4bcb-ab92-9576ae27ecef","https://www.maxpreps.com/inter-state/volleyball/match/bishop-seabury-academy-lawrence-ks-vs-lutheran-kansas-city-mo/9-17-2026/?c=ab127c7a-a432-4bcb-ab92-9576ae27ecef","/volleyball/ks/177a?9/17/2026","Lutheran","Knights","https://www.maxpreps.com/ks/bishop-seabury-academy-lawrence-ks/girls-volleyball/","https://www.maxpreps.com/ks/lutheran-kansas-city-mo/girls-volleyball/","https://hsfootball.net/proxy.php?url=https%3A%2F%2Fimage.maxpreps.io%2Fschool-mascot%2F6%2F4%2F6%2F64635f90-5f44-4dc3-be78-96d7e2b9af6c.gif%3Fversion%3D638741655546374850%26amp%3Bwidth%3D128%26amp%3Bheight%3D128%26amp%3Bauto%3Dwebp%26amp%3Bformat%3Dpjpg","https://hsfootball.net/proxy.php?url=https%3A%2F%2Fimage.maxpreps.io%2Fschool-mascot%2Fe%2Fd%2Fa%2Fedabcd8d-fad9-4e6a-b543-38ff71eaa641.gif%3Fversion%3D635762732400000000%26amp%3Bwidth%3D128%26amp%3Bheight%3D128%26amp%3Bauto%3Dwebp%26amp%3Bformat%3Dpjpg","girl"
52,"Goessel vs Lyons",Girls Volleyball,"Kansas",9/17/2026,6:00pm,"The Goessel varsity volleyball team has an away non-conference match @  Lyons (KS) on Thursday, September 17 @ 6p.","/ks/volleyball/match/goessel-vs-lyons/9-17-2026/?c=4fa6b530-226a-430b-b36f-a99bb3bb6843","https://www.maxpreps.com/ks/volleyball/match/goessel-vs-lyons/9-17-2026/?c=4fa6b530-226a-430b-b36f-a99bb3bb6843","/volleyball/ks/66a?9/17/2026","Goessel","Bluebirds","https://www.maxpreps.com/ks/goessel/girls-volleyball/","https://www.maxpreps.com/ks/lyons/girls-volleyball/","https://hsfootball.net/proxy.php?url=https%3A%2F%2Fimage.maxpreps.io%2Fschool-mascot%2F1%2F8%2F7%2F18738c7c-abd6-4a72-80ba-aa48b0afd9b5.gif%3Fversion%3D634370746200000000%26amp%3Bwidth%3D128%26amp%3Bheight%3D128%26amp%3Bauto%3Dwebp%26amp%3Bformat%3Dpjpg","https://hsfootball.net/proxy.php?url=https%3A%2F%2Fimage.maxpreps.io%2Fschool-mascot%2F2%2Fe%2Fe%2F2eed7b8d-517b-4239-b695-ed60af78bfd0.gif%3Fversion%3D637086448200000000%26amp%3Bwidth%3D128%26amp%3Bheight%3D128%26amp%3Bauto%3Dwebp%26amp%3Bformat%3Dpjpg","girl"
53,"Shawnee Mission Northwest vs Lansing",Girls Volleyball,"Kansas",9/17/2026,6:00pm,"The Shawnee Mission Northwest varsity volleyball team has an away non-conference match @  Lansing (KS) on Thursday, September 17 @ 6p.","/ks/volleyball/match/lansing-vs-shawnee-mission-northwest/9-17-2026/?c=a15cd425-2265-4c90-aafa-a386c6f4a54c","https://www.maxpreps.com/ks/volleyball/match/lansing-vs-shawnee-mission-northwest/9-17-2026/?c=a15cd425-2265-4c90-aafa-a386c6f4a54c","/volleyball/ks/e64?9/17/2026","Shawnee Mission Northwest","Cougars","https://www.maxpreps.com/ks/lansing/girls-volleyball/","https://www.maxpreps.com/ks/shawnee-mission-northwest/girls-volleyball/","https://hsfootball.net/proxy.php?url=https%3A%2F%2Fimage.maxpreps.io%2Fschool-mascot%2Ff%2F5%2F0%2Ff50cb792-563f-4d32-9069-af02f30b3650.gif%3Fversion%3D635398019400000000%26amp%3Bwidth%3D128%26amp%3Bheight%3D128%26amp%3Bauto%3Dwebp%26amp%3Bformat%3Dpjpg","https://hsfootball.net/proxy.php?url=https%3A%2F%2Fimage.maxpreps.io%2Fschool-mascot%2Ff%2F1%2F7%2Ff17d9c34-137c-4d9d-8018-0879c3a36a09.gif%3Fversion%3D635767047000000000%26amp%3Bwidth%3D128%26amp%3Bheight%3D128%26amp%3Bauto%3Dwebp%26amp%3Bformat%3Dpjpg","girl"
54,"Belle Plaine vs West Elk",Girls Volleyball,"Kansas",9/17/2026,6:00pm,"The Belle Plaine varsity volleyball team has a neutral non-conference match vs.  West Elk (Howard, KS) on Thursday, September 17 @ 6p.","/ks/volleyball/match/belle-plaine-vs-west-elk-howard/9-17-2026/?c=eaafd430-8f11-430b-8612-5f37156933af","https://www.maxpreps.com/ks/volleyball/match/belle-plaine-vs-west-elk-howard/9-17-2026/?c=eaafd430-8f11-430b-8612-5f37156933af","/volleyball/ks/bcb?9/17/2026","Belle Plaine","Dragons","https://www.maxpreps.com/ks/belle-plaine/girls-volleyball/","https://www.maxpreps.com/ks/west-elk-howard/girls-volleyball/","https://hsfootball.net/proxy.php?url=https%3A%2F%2Fimage.maxpreps.io%2Fschool-mascot%2F1%2F5%2F3%2F15343421-6af5-4329-a5c3-a00a67b6c77a.gif%3Fversion%3D635412819000000000%26amp%3Bwidth%3D128%26amp%3Bheight%3D128%26amp%3Bauto%3Dwebp%26amp%3Bformat%3Dpjpg","https://hsfootball.net/proxy.php?url=https%3A%2F%2Fimage.maxpreps.io%2Fschool-mascot%2Fa%2Ff%2F5%2Faf598fee-79d8-4c05-84e1-c6eeb5dc9033.gif%3Fversion%3D635876032200000000%26amp%3Bwidth%3D128%26amp%3Bheight%3D128%26amp%3Bauto%3Dwebp%26amp%3Bformat%3Dpjpg","girl"
55,"Northern Hills Christian Academy vs Fort Scott Christian Heights",Girls Volleyball,"Kansas",9/17/2026,6:00pm,"The Northern Hills Christian Academy varsity volleyball team has an away conference match @  Fort Scott Christian Heights (Fort Scott, KS) on Thursday, September 17 @ 6p.","/inter-state/volleyball/match/fort-scott-christian-heights-ks-vs-northern-hills-christian-academy-holt-mo/9-17-2026/?c=cddda31c-8e18-44da-a9ee-5229188e6a6a","https://www.maxpreps.com/inter-state/volleyball/match/fort-scott-christian-heights-ks-vs-northern-hills-christian-academy-holt-mo/9-17-2026/?c=cddda31c-8e18-44da-a9ee-5229188e6a6a","/volleyball/ks/1d07?9/17/2026","Northern Hills Christian Academy","Fort Scott Christian Heights","https://www.maxpreps.com/ks/fort-scott-christian-heights-ks/girls-volleyball/","https://www.maxpreps.com/ks/northern-hills-christian-academy-holt-mo/girls-volleyball/","https://hsfootball.net/proxy.php?url=https%3A%2F%2Fimage.maxpreps.io%2Fschool-mascot%2F1%2F7%2Fd%2F17d9fc9d-695a-4b08-887a-b452c748d909.gif%3Fversion%3D638107569000000000%26amp%3Bwidth%3D128%26amp%3Bheight%3D128%26amp%3Bauto%3Dwebp%26amp%3Bformat%3Dpjpg","https://hsfootball.net/proxy.php?url=https%3A%2F%2Fimage.maxpreps.io%2Fschool-mascot%2F1%2F7%2Fd%2F17d9fc9d-695a-4b08-887a-b452c748d909.gif%3Fversion%3D638107569000000000%26amp%3Bwidth%3D32%26amp%3Bheight%3D32%26amp%3Bauto%3Dwebp%26amp%3Bformat%3Dpjpg","girl"
56,"Scott vs Pratt",Girls Volleyball,"Kansas",9/17/2026,6:00pm,"The Scott varsity volleyball team has an away non-conference match @  Pratt (KS) on Thursday, September 17 @ 6p.","/ks/volleyball/match/pratt-vs-scott-scott-city/9-17-2026/?c=971f3c83-1d4d-4077-88fe-92f8ebe64a05","https://www.maxpreps.com/ks/volleyball/match/pratt-vs-scott-scott-city/9-17-2026/?c=971f3c83-1d4d-4077-88fe-92f8ebe64a05","/volleyball/ks/9db?9/17/2026","Scott","Beavers","https://www.maxpreps.com/ks/pratt/girls-volleyball/","https://www.maxpreps.com/ks/scott-scott-city/girls-volleyball/","https://hsfootball.net/proxy.php?url=https%3A%2F%2Fimage.maxpreps.io%2Fschool-mascot%2F4%2F2%2F8%2F42891bc6-173e-4c91-a0ae-660750a913b0.gif%3Fversion%3D634880425200000000%26amp%3Bwidth%3D128%26amp%3Bheight%3D128%26amp%3Bauto%3Dwebp%26amp%3Bformat%3Dpjpg","https://hsfootball.net/proxy.php?url=https%3A%2F%2Fimage.maxpreps.io%2Fschool-mascot%2Fb%2F0%2Fa%2Fb0a3e60b-1a97-4a40-82e1-f78e42384a2c.gif%3Fversion%3D637342139400000000%26amp%3Bwidth%3D128%26amp%3Bheight%3D128%26amp%3Bauto%3Dwebp%26amp%3Bformat%3Dpjpg","girl"
57,"Chillicothe vs Bishop LeBlond",Girls Volleyball,"Kansas",9/17/2026,6:15pm,"The Chillicothe varsity volleyball team has an away conference match @  Bishop LeBlond (St. Joseph, MO) on Thursday, September 17 @ 6:15p.","/mo/volleyball/match/bishop-leblond-st-joseph-vs-chillicothe/9-17-2026/?c=ce611a01-2998-4eb9-abbb-44539ee90585","https://www.maxpreps.com/mo/volleyball/match/bishop-leblond-st-joseph-vs-chillicothe/9-17-2026/?c=ce611a01-2998-4eb9-abbb-44539ee90585","/volleyball/ks/f27?9/17/2026","Chillicothe","Hornets","https://www.maxpreps.com/ks/bishop-leblond-st-joseph/girls-volleyball/","https://www.maxpreps.com/ks/chillicothe/girls-volleyball/","https://hsfootball.net/proxy.php?url=https%3A%2F%2Fimage.maxpreps.io%2Fschool-mascot%2Fd%2Fc%2Fa%2Fdcaeb729-4535-48c7-85aa-1de6833b35fc.gif%3Fversion%3D635561401200000000%26amp%3Bwidth%3D128%26amp%3Bheight%3D128%26amp%3Bauto%3Dwebp%26amp%3Bformat%3Dpjpg","https://hsfootball.net/proxy.php?url=https%3A%2F%2Fimage.maxpreps.io%2Fschool-mascot%2F2%2F1%2F3%2F213c4108-3686-4124-b0d9-f4a7f0511eea.gif%3Fversion%3D638624494630447910%26amp%3Bwidth%3D128%26amp%3Bheight%3D128%26amp%3Bauto%3Dwebp%26amp%3Bformat%3Dpjpg","girl"
58,"De Soto vs Lawrence",Girls Volleyball,"Kansas",9/17/2026,6:30pm,"The De Soto varsity volleyball team has an away non-conference match @  Lawrence (KS) on Thursday, September 17 @ 6:30p.","/ks/volleyball/match/de-soto-vs-lawrence/9-17-2026/?c=c2e81a26-8eb4-4cb4-8e3a-e545762dcdfc","https://www.maxpreps.com/ks/volleyball/match/de-soto-vs-lawrence/9-17-2026/?c=c2e81a26-8eb4-4cb4-8e3a-e545762dcdfc","/volleyball/ks/74f?9/17/2026","De Soto","Wildcats","https://www.maxpreps.com/ks/de-soto/girls-volleyball/","https://www.maxpreps.com/ks/lawrence/girls-volleyball/","https://hsfootball.net/proxy.php?url=https%3A%2F%2Fimage.maxpreps.io%2Fschool-mascot%2Ff%2Fd%2Fa%2Ffdac4e6e-af1a-4428-ad86-4dca5d7344f2.gif%3Fversion%3D635531166000000000%26amp%3Bwidth%3D128%26amp%3Bheight%3D128%26amp%3Bauto%3Dwebp%26amp%3Bformat%3Dpjpg","https://hsfootball.net/proxy.php?url=https%3A%2F%2Fimage.maxpreps.io%2Fschool-mascot%2Ff%2Fd%2Fe%2Ffde83020-2e6f-43b9-b27f-c19a4052d15a.gif%3Fversion%3D635509575000000000%26amp%3Bwidth%3D128%26amp%3Bheight%3D128%26amp%3Bauto%3Dwebp%26amp%3Bformat%3Dpjpg","girl"
59,"Baldwin vs Paola",Girls Volleyball,"Kansas",9/17/2026,6:30pm,"The Baldwin varsity volleyball team has an away conference match @  Paola (KS) on Thursday, September 17 @ 6:30p.","/ks/volleyball/match/baldwin-vs-paola/9-17-2026/?c=58352874-007b-4d27-829c-a70f831a7f61","https://www.maxpreps.com/ks/volleyball/match/baldwin-vs-paola/9-17-2026/?c=58352874-007b-4d27-829c-a70f831a7f61","/volleyball/ks/631?9/17/2026","Baldwin","Bulldogs","https://www.maxpreps.com/ks/baldwin/girls-volleyball/","https://www.maxpreps.com/ks/paola/girls-volleyball/","https://hsfootball.net/proxy.php?url=https%3A%2F%2Fimage.maxpreps.io%2Fschool-mascot%2F6%2F8%2F1%2F68189fda-f3d4-4a9e-b180-0ebbbe1f8660.gif%3Fversion%3D636252496800000000%26amp%3Bwidth%3D128%26amp%3Bheight%3D128%26amp%3Bauto%3Dwebp%26amp%3Bformat%3Dpjpg","https://hsfootball.net/proxy.php?url=https%3A%2F%2Fimage.maxpreps.io%2Fschool-mascot%2F7%2Ff%2Fe%2F7fe75c53-3bc1-483c-a4a9-3b293d9af5b9.gif%3Fversion%3D634890287400000000%26amp%3Bwidth%3D128%26amp%3Bheight%3D128%26amp%3Bauto%3Dwebp%26amp%3Bformat%3Dpjpg","girl"
60,"Maize vs Hutchinson",Girls Volleyball,"Kansas",9/17/2026,6:30pm,"The Maize varsity volleyball team has an away conference match @  Hutchinson (KS) on Thursday, September 17 @ 6:30p.","/ks/volleyball/match/hutchinson-vs-maize/9-17-2026/?c=78d4e155-5f4c-48fe-8941-cf106158331f","https://www.maxpreps.com/ks/volleyball/match/hutchinson-vs-maize/9-17-2026/?c=78d4e155-5f4c-48fe-8941-cf106158331f","/volleyball/ks/79c?9/17/2026","Maize","Eagles","https://www.maxpreps.com/ks/hutchinson/girls-volleyball/","https://www.maxpreps.com/ks/maize/girls-volleyball/","https://hsfootball.net/proxy.php?url=https%3A%2F%2Fimage.maxpreps.io%2Fschool-mascot%2Fc%2F6%2F8%2Fc68ec9d8-a703-45ac-9146-f1ec9b29db36.gif%3Fversion%3D637822379400000000%26amp%3Bwidth%3D128%26amp%3Bheight%3D128%26amp%3Bauto%3Dwebp%26amp%3Bformat%3Dpjpg","https://hsfootball.net/proxy.php?url=https%3A%2F%2Fimage.maxpreps.io%2Fschool-mascot%2F0%2F1%2F4%2F01416511-17d9-4ca3-8a26-ca3fc997e210.gif%3Fversion%3D635767963800000000%26amp%3Bwidth%3D128%26amp%3Bheight%3D128%26amp%3Bauto%3Dwebp%26amp%3Bformat%3Dpjpg","girl"
61,"Olathe North vs Shawnee Mission East",Girls Volleyball,"Kansas",9/17/2026,6:30pm,"The Olathe North varsity volleyball team has an away conference match @  Shawnee Mission East (Shawnee Mission, KS) on Thursday, September 17 @ 6:30p.","/ks/volleyball/match/olathe-north-vs-shawnee-mission-east/9-17-2026/?c=8e765ebe-37a1-4628-bf45-e31abbb06ccd","https://www.maxpreps.com/ks/volleyball/match/olathe-north-vs-shawnee-mission-east/9-17-2026/?c=8e765ebe-37a1-4628-bf45-e31abbb06ccd","/volleyball/ks/e0c?9/17/2026","Olathe North","Eagles","https://www.maxpreps.com/ks/olathe-north/girls-volleyball/","https://www.maxpreps.com/ks/shawnee-mission-east/girls-volleyball/","https://hsfootball.net/proxy.php?url=https%3A%2F%2Fimage.maxpreps.io%2Fschool-mascot%2F1%2F5%2F5%2F155ec426-4b83-4cf6-8032-45d009f068f6.gif%3Fversion%3D635508681600000000%26amp%3Bwidth%3D128%26amp%3Bheight%3D128%26amp%3Bauto%3Dwebp%26amp%3Bformat%3Dpjpg","https://hsfootball.net/proxy.php?url=https%3A%2F%2Fimage.maxpreps.io%2Fschool-mascot%2F3%2F6%2F5%2F36588cb6-a73e-4907-97c8-7e31ce6f1a6f.gif%3Fversion%3D636898113000000000%26amp%3Bwidth%3D128%26amp%3Bheight%3D128%26amp%3Bauto%3Dwebp%26amp%3Bformat%3Dpjpg","girl"
62,"Bonner Springs vs Shawnee Mission North",Girls Volleyball,"Kansas",9/17/2026,6:30pm,"The Bonner Springs varsity volleyball team has an away non-conference match @  Shawnee Mission North (Shawnee Mission, KS) on Thursday, September 17 @ 6:30p.","/ks/volleyball/match/bonner-springs-vs-shawnee-mission-north/9-17-2026/?c=b680ea80-bcf5-495d-bf92-271c6943229a","https://www.maxpreps.com/ks/volleyball/match/bonner-springs-vs-shawnee-mission-north/9-17-2026/?c=b680ea80-bcf5-495d-bf92-271c6943229a","/volleyball/ks/f6c?9/17/2026","Bonner Springs","Braves","https://www.maxpreps.com/ks/bonner-springs/girls-volleyball/","https://www.maxpreps.com/ks/shawnee-mission-north/girls-volleyball/","https://hsfootball.net/proxy.php?url=https%3A%2F%2Fimage.maxpreps.io%2Fschool-mascot%2F2%2F2%2F2%2F22289b8e-a068-49b3-ac00-73bf9428ecf7.gif%3Fversion%3D633636186000000000%26amp%3Bwidth%3D128%26amp%3Bheight%3D128%26amp%3Bauto%3Dwebp%26amp%3Bformat%3Dpjpg","https://hsfootball.net/proxy.php?url=https%3A%2F%2Fimage.maxpreps.io%2Fschool-mascot%2Fa%2Fd%2Fb%2Fadb7589c-7ba6-477c-ba3d-9235cb6dfa03.gif%3Fversion%3D637987501800000000%26amp%3Bwidth%3D128%26amp%3Bheight%3D128%26amp%3Bauto%3Dwebp%26amp%3Bformat%3Dpjpg","girl"
63,"Columbus vs Neodesha",Girls Volleyball,"Kansas",9/17/2026,7:00pm,"The Columbus varsity volleyball team has an away non-conference match @  Neodesha (KS) on Thursday, September 17 @ 7p.","/ks/volleyball/match/columbus-vs-neodesha/9-17-2026/?c=5f96ae64-94a9-43d2-b699-9068de6e2bd2","https://www.maxpreps.com/ks/volleyball/match/columbus-vs-neodesha/9-17-2026/?c=5f96ae64-94a9-43d2-b699-9068de6e2bd2","/volleyball/ks/7f4?9/17/2026","Columbus","Titans","https://www.maxpreps.com/ks/columbus/girls-volleyball/","https://www.maxpreps.com/ks/neodesha/girls-volleyball/","https://hsfootball.net/proxy.php?url=https%3A%2F%2Fimage.maxpreps.io%2Fschool-mascot%2F4%2F9%2Fb%2F49bbd163-35b9-428e-89f5-5d58197d3978.gif%3Fversion%3D634514098200000000%26amp%3Bwidth%3D128%26amp%3Bheight%3D128%26amp%3Bauto%3Dwebp%26amp%3Bformat%3Dpjpg","https://hsfootball.net/proxy.php?url=https%3A%2F%2Fimage.maxpreps.io%2Fschool-mascot%2F7%2F6%2F2%2F76226870-75ed-4e02-b643-31ad8ccd2486.gif%3Fversion%3D633875739600000000%26amp%3Bwidth%3D128%26amp%3Bheight%3D128%26amp%3Bauto%3Dwebp%26amp%3Bformat%3Dpjpg","girl"
64,"Goessel vs Douglass",Girls Volleyball,"Kansas",9/17/2026,7:00pm,"The Goessel varsity volleyball team has an away non-conference match @  Douglass (KS) on Thursday, September 17 @ 7p.","/ks/volleyball/match/douglass-vs-goessel/9-17-2026/?c=0bcd5ecc-db78-4fe8-8438-facf18e71632","https://www.maxpreps.com/ks/volleyball/match/douglass-vs-goessel/9-17-2026/?c=0bcd5ecc-db78-4fe8-8438-facf18e71632","/volleyball/ks/797?9/17/2026","Goessel","Bluebirds","https://www.maxpreps.com/ks/douglass/girls-volleyball/","https://www.maxpreps.com/ks/goessel/girls-volleyball/","https://hsfootball.net/proxy.php?url=https%3A%2F%2Fimage.maxpreps.io%2Fschool-mascot%2F1%2F8%2F7%2F18738c7c-abd6-4a72-80ba-aa48b0afd9b5.gif%3Fversion%3D634370746200000000%26amp%3Bwidth%3D128%26amp%3Bheight%3D128%26amp%3Bauto%3Dwebp%26amp%3Bformat%3Dpjpg","https://hsfootball.net/proxy.php?url=https%3A%2F%2Fimage.maxpreps.io%2Fschool-mascot%2F6%2F7%2F8%2F67894eeb-ef34-4ddd-bf4a-c1e3b376abed.gif%3Fversion%3D637086448800000000%26amp%3Bwidth%3D128%26amp%3Bheight%3D128%26amp%3Bauto%3Dwebp%26amp%3Bformat%3Dpjpg","girl"
65,"Baxter Springs vs Field Kindley",Girls Volleyball,"Kansas",9/17/2026,7:00pm,"The Baxter Springs varsity volleyball team has an away non-conference match @  Field Kindley (Coffeyville, KS) on Thursday, September 17 @ 7p.","/ks/volleyball/match/baxter-springs-vs-field-kindley-coffeyville/9-17-2026/?c=5c2e7e2e-99d8-4061-ac25-14d2d655ad12","https://www.maxpreps.com/ks/volleyball/match/baxter-springs-vs-field-kindley-coffeyville/9-17-2026/?c=5c2e7e2e-99d8-4061-ac25-14d2d655ad12","/volleyball/ks/10e2?9/17/2026","Baxter Springs","Lions","https://www.maxpreps.com/ks/baxter-springs/girls-volleyball/","https://www.maxpreps.com/ks/field-kindley-coffeyville/girls-volleyball/","https://hsfootball.net/proxy.php?url=https%3A%2F%2Fimage.maxpreps.io%2Fschool-mascot%2F0%2Fc%2F5%2F0c50349d-6041-4e60-8553-a50ddcddd480.gif%3Fversion%3D635925152400000000%26amp%3Bwidth%3D128%26amp%3Bheight%3D128%26amp%3Bauto%3Dwebp%26amp%3Bformat%3Dpjpg","https://hsfootball.net/proxy.php?url=https%3A%2F%2Fimage.maxpreps.io%2Fschool-mascot%2F7%2F0%2F4%2F7042bb91-b7f4-4845-be0b-5fbc6f61065e.gif%3Fversion%3D637522640400000000%26amp%3Bwidth%3D128%26amp%3Bheight%3D128%26amp%3Bauto%3Dwebp%26amp%3Bformat%3Dpjpg","girl"
66,"Atchison County vs Valley Falls",Girls Volleyball,"Kansas",9/17/2026,7:00pm,"The Atchison County varsity volleyball team has an away conference match @  Valley Falls (KS) on Thursday, September 17 @ 7p.","/ks/volleyball/match/atchison-county-effingham-vs-valley-falls/9-17-2026/?c=46936c9e-bc0a-44a0-a15a-917d45d20f04","https://www.maxpreps.com/ks/volleyball/match/atchison-county-effingham-vs-valley-falls/9-17-2026/?c=46936c9e-bc0a-44a0-a15a-917d45d20f04","/volleyball/ks/1009?9/17/2026","Atchison County","Tigers","https://www.maxpreps.com/ks/atchison-county-effingham/girls-volleyball/","https://www.maxpreps.com/ks/valley-falls/girls-volleyball/","https://hsfootball.net/proxy.php?url=https%3A%2F%2Fimage.maxpreps.io%2Fschool-mascot%2F0%2Fd%2F9%2F0d9ef561-dd7c-4707-a9f3-5d114f6ce988.gif%3Fversion%3D635769645000000000%26amp%3Bwidth%3D128%26amp%3Bheight%3D128%26amp%3Bauto%3Dwebp%26amp%3Bformat%3Dpjpg","https://hsfootball.net/proxy.php?url=https%3A%2F%2Fimage.maxpreps.io%2Fschool-mascot%2Fa%2F5%2F4%2Fa5424f9f-74ec-463b-bc3d-daf4249e0c9a.gif%3Fversion%3D637727325600000000%26amp%3Bwidth%3D128%26amp%3Bheight%3D128%26amp%3Bauto%3Dwebp%26amp%3Bformat%3Dpjpg","girl"
67,"Belle Plaine vs Norwich",Girls Volleyball,"Kansas",9/17/2026,7:00pm,"The Belle Plaine varsity volleyball team has an away non-conference match @  Norwich (KS) on Thursday, September 17 @ 7p.","/ks/volleyball/match/belle-plaine-vs-norwich/9-17-2026/?c=2ffc3c15-a4a7-4ab2-bac3-6fd138d62611","https://www.maxpreps.com/ks/volleyball/match/belle-plaine-vs-norwich/9-17-2026/?c=2ffc3c15-a4a7-4ab2-bac3-6fd138d62611","/volleyball/ks/8e7?9/17/2026","Belle Plaine","Dragons","https://www.maxpreps.com/ks/belle-plaine/girls-volleyball/","https://www.maxpreps.com/ks/norwich/girls-volleyball/","https://hsfootball.net/proxy.php?url=https%3A%2F%2Fimage.maxpreps.io%2Fschool-mascot%2F1%2F5%2F3%2F15343421-6af5-4329-a5c3-a00a67b6c77a.gif%3Fversion%3D635412819000000000%26amp%3Bwidth%3D128%26amp%3Bheight%3D128%26amp%3Bauto%3Dwebp%26amp%3Bformat%3Dpjpg","https://hsfootball.net/proxy.php?url=https%3A%2F%2Fimage.maxpreps.io%2Fschool-mascot%2Fc%2F6%2Fe%2Fc6e8e03d-7c49-4032-b4de-6b13a48e5ab8.gif%3Fversion%3D637382907600000000%26amp%3Bwidth%3D128%26amp%3Bheight%3D128%26amp%3Bauto%3Dwebp%26amp%3Bformat%3Dpjpg","girl"
68,"Dodge City vs Garden Plain",Girls Volleyball,"Kansas",9/17/2026,7:00pm,"The Dodge City varsity volleyball team has an away non-conference match @  Garden Plain (KS) on Thursday, September 17 @ 7p.","/ks/volleyball/match/dodge-city-vs-garden-plain/9-17-2026/?c=d979e7e8-424c-414e-a030-dccc574e51ec","https://www.maxpreps.com/ks/volleyball/match/dodge-city-vs-garden-plain/9-17-2026/?c=d979e7e8-424c-414e-a030-dccc574e51ec","/volleyball/ks/9de?9/17/2026","Dodge City","Red Demons","https://www.maxpreps.com/ks/dodge-city/girls-volleyball/","https://www.maxpreps.com/ks/garden-plain/girls-volleyball/","https://hsfootball.net/proxy.php?url=https%3A%2F%2Fimage.maxpreps.io%2Fschool-mascot%2Fd%2F2%2Ff%2Fd2fc9a35-6d55-4a0c-be0a-cdad39311699.gif%3Fversion%3D635429224200000000%26amp%3Bwidth%3D128%26amp%3Bheight%3D128%26amp%3Bauto%3Dwebp%26amp%3Bformat%3Dpjpg","https://hsfootball.net/proxy.php?url=https%3A%2F%2Fimage.maxpreps.io%2Fschool-mascot%2F2%2Fb%2F9%2F2b9ac2d6-f96a-4fb1-8672-39d179fa1182.gif%3Fversion%3D635249433000000000%26amp%3Bwidth%3D128%26amp%3Bheight%3D128%26amp%3Bauto%3Dwebp%26amp%3Bformat%3Dpjpg","girl"
69,"West vs Emporia",Girls Volleyball,"Kansas",9/17/2026,7:00pm,"The West varsity volleyball team has an away non-conference match @  Emporia (KS) on Thursday, September 17 @ 7p.","/ks/volleyball/match/emporia-vs-west-topeka/9-17-2026/?c=a201b219-b6f0-4f72-a65a-db577542c003","https://www.maxpreps.com/ks/volleyball/match/emporia-vs-west-topeka/9-17-2026/?c=a201b219-b6f0-4f72-a65a-db577542c003","/volleyball/ks/8a4?9/17/2026","West","Chargers","https://www.maxpreps.com/ks/emporia/girls-volleyball/","https://www.maxpreps.com/ks/west-topeka/girls-volleyball/","https://hsfootball.net/proxy.php?url=https%3A%2F%2Fimage.maxpreps.io%2Fschool-mascot%2F9%2F6%2F5%2F96537fc0-8324-4b97-991b-a69b0581796a.gif%3Fversion%3D637086456600000000%26amp%3Bwidth%3D128%26amp%3Bheight%3D128%26amp%3Bauto%3Dwebp%26amp%3Bformat%3Dpjpg","https://hsfootball.net/proxy.php?url=https%3A%2F%2Fimage.maxpreps.io%2Fschool-mascot%2Fa%2Fc%2Fd%2Facd350d8-af6f-4d46-a29e-71d85724c7ed.gif%3Fversion%3D635889751800000000%26amp%3Bwidth%3D128%26amp%3Bheight%3D128%26amp%3Bauto%3Dwebp%26amp%3Bformat%3Dpjpg","girl"
70,"Columbus vs Galena",Girls Volleyball,"Kansas",9/17/2026,7:00pm,"The Columbus varsity volleyball team has a neutral non-conference match vs.  Galena (KS) on Thursday, September 17 @ 7p.","/ks/volleyball/match/columbus-vs-galena/9-17-2026/?c=31e5297c-bd5a-49e5-a875-564356dac7c7","https://www.maxpreps.com/ks/volleyball/match/columbus-vs-galena/9-17-2026/?c=31e5297c-bd5a-49e5-a875-564356dac7c7","/volleyball/ks/715?9/17/2026","Columbus","Titans","https://www.maxpreps.com/ks/columbus/girls-volleyball/","https://www.maxpreps.com/ks/galena/girls-volleyball/","https://hsfootball.net/proxy.php?url=https%3A%2F%2Fimage.maxpreps.io%2Fschool-mascot%2F4%2F9%2Fb%2F49bbd163-35b9-428e-89f5-5d58197d3978.gif%3Fversion%3D634514098200000000%26amp%3Bwidth%3D128%26amp%3Bheight%3D128%26amp%3Bauto%3Dwebp%26amp%3Bformat%3Dpjpg","https://hsfootball.net/proxy.php?url=https%3A%2F%2Fimage.maxpreps.io%2Fschool-mascot%2Fe%2F9%2F6%2Fe96bcaf3-7f25-4a7c-bfa2-ca0389deac84.gif%3Fversion%3D637086448800000000%26amp%3Bwidth%3D128%26amp%3Bheight%3D128%26amp%3Bauto%3Dwebp%26amp%3Bformat%3Dpjpg","girl"
71,"Maur Hill Prep-Mount Academy vs Jackson Heights",Girls Volleyball,"Kansas",9/17/2026,7:00pm,"The Maur Hill Prep-Mount Academy varsity volleyball team has an away conference match @  Jackson Heights (Holton, KS) on Thursday, September 17 @ 7p.","/ks/volleyball/match/jackson-heights-holton-vs-maur-hill-prep-mount-academy-ravens-atchison/9-17-2026/?c=b05cc47d-48d4-4f5b-8c41-36697f0f0194","https://www.maxpreps.com/ks/volleyball/match/jackson-heights-holton-vs-maur-hill-prep-mount-academy-ravens-atchison/9-17-2026/?c=b05cc47d-48d4-4f5b-8c41-36697f0f0194","/volleyball/ks/1b18?9/17/2026","Maur Hill Prep-Mount Academy","Junior Ravens","https://www.maxpreps.com/ks/jackson-heights-holton/girls-volleyball/","https://www.maxpreps.com/ks/maur-hill-prep-mount-academy-ravens-atchison/girls-volleyball/","https://hsfootball.net/proxy.php?url=https%3A%2F%2Fimage.maxpreps.io%2Fschool-mascot%2Fa%2F6%2Fe%2Fa6e57c3e-2d8a-4657-ab22-9ea0adf4569d.gif%3Fversion%3D637085609400000000%26amp%3Bwidth%3D128%26amp%3Bheight%3D128%26amp%3Bauto%3Dwebp%26amp%3Bformat%3Dpjpg","https://hsfootball.net/proxy.php?url=https%3A%2F%2Fimage.maxpreps.io%2Fschool-mascot%2F6%2F0%2F6%2F60607980-384e-4d9f-8aef-0994e4afaa07.gif%3Fversion%3D637086448800000000%26amp%3Bwidth%3D128%26amp%3Bheight%3D128%26amp%3Bauto%3Dwebp%26amp%3Bformat%3Dpjpg","girl"
72,"Olathe East vs Spring Hill",Girls Volleyball,"Kansas",9/17/2026,7:00pm,"The Olathe East varsity volleyball team has an away non-conference match @  Spring Hill (KS) on Thursday, September 17 @ 7p.","/ks/volleyball/match/olathe-east-vs-spring-hill/9-17-2026/?c=63ebdb76-6d5a-4f6a-8741-50b6157db758","https://www.maxpreps.com/ks/volleyball/match/olathe-east-vs-spring-hill/9-17-2026/?c=63ebdb76-6d5a-4f6a-8741-50b6157db758","/volleyball/ks/a03?9/17/2026","Olathe East","Hawks","https://www.maxpreps.com/ks/olathe-east/girls-volleyball/","https://www.maxpreps.com/ks/spring-hill/girls-volleyball/","https://hsfootball.net/proxy.php?url=https%3A%2F%2Fimage.maxpreps.io%2Fschool-mascot%2Fe%2F6%2F2%2Fe626fa10-06ac-4691-a308-a52da8c5e40a.gif%3Fversion%3D636398563200000000%26amp%3Bwidth%3D128%26amp%3Bheight%3D128%26amp%3Bauto%3Dwebp%26amp%3Bformat%3Dpjpg","https://hsfootball.net/proxy.php?url=https%3A%2F%2Fimage.maxpreps.io%2Fschool-mascot%2Fa%2F1%2F8%2Fa18d4c9e-4975-412d-b1af-8e10ec365374.gif%3Fversion%3D636259530000000000%26amp%3Bwidth%3D128%26amp%3Bheight%3D128%26amp%3Bauto%3Dwebp%26amp%3Bformat%3Dpjpg","girl"
73,"Maur Hill Prep-Mount Academy vs Pleasant Ridge",Girls Volleyball,"Kansas",9/17/2026,7:00pm,"The Maur Hill Prep-Mount Academy varsity volleyball team has an away conference match @  Pleasant Ridge (Easton, KS) on Thursday, September 17 @ 7p.","/ks/volleyball/match/maur-hill-prep-mount-academy-ravens-atchison-vs-pleasant-ridge-easton/9-17-2026/?c=d8bb75f8-1fcc-4232-ac8a-0a68484c798c","https://www.maxpreps.com/ks/volleyball/match/maur-hill-prep-mount-academy-ravens-atchison-vs-pleasant-ridge-easton/9-17-2026/?c=d8bb75f8-1fcc-4232-ac8a-0a68484c798c","/volleyball/ks/1a9c?9/17/2026","Maur Hill Prep-Mount Academy","Junior Ravens","https://www.maxpreps.com/ks/maur-hill-prep-mount-academy-ravens-atchison/girls-volleyball/","https://www.maxpreps.com/ks/pleasant-ridge-easton/girls-volleyball/","https://hsfootball.net/proxy.php?url=https%3A%2F%2Fimage.maxpreps.io%2Fschool-mascot%2Fa%2F6%2Fe%2Fa6e57c3e-2d8a-4657-ab22-9ea0adf4569d.gif%3Fversion%3D637085609400000000%26amp%3Bwidth%3D128%26amp%3Bheight%3D128%26amp%3Bauto%3Dwebp%26amp%3Bformat%3Dpjpg","https://hsfootball.net/proxy.php?url=https%3A%2F%2Fimage.maxpreps.io%2Fschool-mascot%2Fa%2F5%2F2%2Fa52aeaf9-d20d-4070-aa5c-1af8004cce57.gif%3Fversion%3D637477621200000000%26amp%3Bwidth%3D128%26amp%3Bheight%3D128%26amp%3Bauto%3Dwebp%26amp%3Bformat%3Dpjpg","girl"
74,"Wichita HomeSchool vs Nickerson",Girls Volleyball,"Kansas",9/17/2026,7:00pm,"The Wichita HomeSchool varsity volleyball team has an away non-conference match @  Nickerson (KS) on Thursday, September 17 @ 7p.","/ks/volleyball/match/nickerson-vs-wichita-homeschool/9-17-2026/?c=de7c96d4-d1ad-46d8-b0b7-4b7bc69b5c6c","https://www.maxpreps.com/ks/volleyball/match/nickerson-vs-wichita-homeschool/9-17-2026/?c=de7c96d4-d1ad-46d8-b0b7-4b7bc69b5c6c","/volleyball/ks/c56?9/17/2026","Wichita HomeSchool","Warriors","https://www.maxpreps.com/ks/nickerson/girls-volleyball/","https://www.maxpreps.com/ks/wichita-homeschool/girls-volleyball/","https://hsfootball.net/proxy.php?url=https%3A%2F%2Fimage.maxpreps.io%2Fschool-mascot%2F5%2Fb%2F7%2F5b783d71-0d86-41f9-917b-702fb0612169.gif%3Fversion%3D633646317600000000%26amp%3Bwidth%3D128%26amp%3Bheight%3D128%26amp%3Bauto%3Dwebp%26amp%3Bformat%3Dpjpg","https://hsfootball.net/proxy.php?url=https%3A%2F%2Fimage.maxpreps.io%2Fschool-mascot%2F3%2F0%2Fe%2F30ee2223-0b8a-4899-a428-91a0cc71d8a8.gif%3Fversion%3D635476760400000000%26amp%3Bwidth%3D128%26amp%3Bheight%3D128%26amp%3Bauto%3Dwebp%26amp%3Bformat%3Dpjpg","girl"
75,"Garden Plain vs Cheney",Girls Volleyball,"Kansas",9/17/2026,7:00pm,"The Garden Plain varsity volleyball team has an away non-conference match @  Cheney (KS) on Thursday, September 17 @ 7p.","/ks/volleyball/match/cheney-vs-garden-plain/9-17-2026/?c=23c538a0-9f37-4aea-b250-800f2a12634c","https://www.maxpreps.com/ks/volleyball/match/cheney-vs-garden-plain/9-17-2026/?c=23c538a0-9f37-4aea-b250-800f2a12634c","/volleyball/ks/871?9/17/2026","Garden Plain","Owls","https://www.maxpreps.com/ks/cheney/girls-volleyball/","https://www.maxpreps.com/ks/garden-plain/girls-volleyball/","https://hsfootball.net/proxy.php?url=https%3A%2F%2Fimage.maxpreps.io%2Fschool-mascot%2F2%2Fb%2F9%2F2b9ac2d6-f96a-4fb1-8672-39d179fa1182.gif%3Fversion%3D635249433000000000%26amp%3Bwidth%3D128%26amp%3Bheight%3D128%26amp%3Bauto%3Dwebp%26amp%3Bformat%3Dpjpg","https://hsfootball.net/proxy.php?url=https%3A%2F%2Fimage.maxpreps.io%2Fschool-mascot%2F4%2Fb%2F7%2F4b7d7907-6d11-43f5-8bd3-763b29f88acf.gif%3Fversion%3D636455569800000000%26amp%3Bwidth%3D128%26amp%3Bheight%3D128%26amp%3Bauto%3Dwebp%26amp%3Bformat%3Dpjpg","girl"
76,"Northland Christian vs Maranatha Christian Academy",Girls Volleyball,"Kansas",9/17/2026,7:00pm,"The Northland Christian varsity volleyball team has an away non-conference match @  Maranatha Christian Academy (Shawnee, KS) on Thursday, September 17 @ 7p.","/inter-state/volleyball/match/maranatha-christian-academy-shawnee-ks-vs-northland-christian-kansas-city-mo/9-17-2026/?c=5ca1da18-862a-4ca2-a8e2-7d54b7f17de6","https://www.maxpreps.com/inter-state/volleyball/match/maranatha-christian-academy-shawnee-ks-vs-northland-christian-kansas-city-mo/9-17-2026/?c=5ca1da18-862a-4ca2-a8e2-7d54b7f17de6","/volleyball/ks/1d5f?9/17/2026","Northland Christian","Maranatha Christian Academy","https://www.maxpreps.com/ks/maranatha-christian-academy-shawnee-ks/girls-volleyball/","https://www.maxpreps.com/ks/northland-christian-kansas-city-mo/girls-volleyball/","https://hsfootball.net/proxy.php?url=https%3A%2F%2Fimage.maxpreps.io%2Fschool-mascot%2Fb%2F9%2Ff%2Fb9f0da31-1f3d-4c32-a010-74fa14a616ff.gif%3Fversion%3D635520707400000000%26amp%3Bwidth%3D128%26amp%3Bheight%3D128%26amp%3Bauto%3Dwebp%26amp%3Bformat%3Dpjpg","https://hsfootball.net/proxy.php?url=https%3A%2F%2Fimage.maxpreps.io%2Fschool-mascot%2Ff%2F3%2F0%2Ff302268d-5798-4105-b70b-6ea841424378.gif%3Fversion%3D638853106928444440%26amp%3Bwidth%3D128%26amp%3Bheight%3D128%26amp%3Bauto%3Dwebp%26amp%3Bformat%3Dpjpg","girl"
77,"Blue Valley Southwest vs Olathe West",Girls Volleyball,"Kansas",9/17/2026,7:00pm,"The Blue Valley Southwest varsity volleyball team has an away non-conference match @  Olathe West (Olathe, KS) on Thursday, September 17 @ 7p.","/ks/volleyball/match/blue-valley-southwest-overland-park-vs-olathe-west/9-17-2026/?c=303d941c-2aef-46d9-a24c-1aec6e0acb92","https://www.maxpreps.com/ks/volleyball/match/blue-valley-southwest-overland-park-vs-olathe-west/9-17-2026/?c=303d941c-2aef-46d9-a24c-1aec6e0acb92","/volleyball/ks/1398?9/17/2026","Blue Valley Southwest","Timberwolves","https://www.maxpreps.com/ks/blue-valley-southwest-overland-park/girls-volleyball/","https://www.maxpreps.com/ks/olathe-west/girls-volleyball/","https://hsfootball.net/proxy.php?url=https%3A%2F%2Fimage.maxpreps.io%2Fschool-mascot%2F9%2Fb%2F5%2F9b5ae32e-6421-441f-8a95-bd0fbd7e71ac.gif%3Fversion%3D637822380600000000%26amp%3Bwidth%3D128%26amp%3Bheight%3D128%26amp%3Bauto%3Dwebp%26amp%3Bformat%3Dpjpg","https://hsfootball.net/proxy.php?url=https%3A%2F%2Fimage.maxpreps.io%2Fschool-mascot%2F3%2F4%2F9%2F3496db39-d03c-415c-a887-bb21dff1e8a0.gif%3Fversion%3D636380539200000000%26amp%3Bwidth%3D128%26amp%3Bheight%3D128%26amp%3Bauto%3Dwebp%26amp%3Bformat%3Dpjpg","girl"
78,"Eudora vs Wellsville",Girls Volleyball,"Kansas",9/17/2026,12:00am,"The Eudora varsity volleyball team has an away non-conference match @  Wellsville (KS) on Thursday, September 17.","/ks/volleyball/match/eudora-vs-wellsville/9-17-2026/?c=cae88ede-af64-4c28-9787-7823f52275f7","https://www.maxpreps.com/ks/volleyball/match/eudora-vs-wellsville/9-17-2026/?c=cae88ede-af64-4c28-9787-7823f52275f7","/volleyball/ks/806?9/17/2026","Eudora","Cardinals","https://www.maxpreps.com/ks/eudora/girls-volleyball/","https://www.maxpreps.com/ks/wellsville/girls-volleyball/","https://hsfootball.net/proxy.php?url=https%3A%2F%2Fimage.maxpreps.io%2Fschool-mascot%2Fb%2F5%2Fa%2Fb5a9c1c3-b18e-4a18-9506-4587fedd02a9.gif%3Fversion%3D637086448800000000%26amp%3Bwidth%3D128%26amp%3Bheight%3D128%26amp%3Bauto%3Dwebp%26amp%3Bformat%3Dpjpg","https://hsfootball.net/proxy.php?url=https%3A%2F%2Fimage.maxpreps.io%2Fschool-mascot%2Fd%2F9%2F7%2Fd97af696-5939-4503-9e25-191fe2e7cba5.gif%3Fversion%3D634283377800000000%26amp%3Bwidth%3D128%26amp%3Bheight%3D128%26amp%3Bauto%3Dwebp%26amp%3Bformat%3Dpjpg","girl"
79,"Douglass vs Lyons",Girls Volleyball,"Kansas",9/17/2026,12:00am,"The Douglass varsity volleyball team has an away non-conference match @  Lyons (KS) on Thursday, September 17.","/ks/volleyball/match/douglass-vs-lyons/9-17-2026/?c=93938eb5-0cf1-4c19-b269-484bf841f979","https://www.maxpreps.com/ks/volleyball/match/douglass-vs-lyons/9-17-2026/?c=93938eb5-0cf1-4c19-b269-484bf841f979","/volleyball/ks/6da?9/17/2026","Douglass","Bulldogs","https://www.maxpreps.com/ks/douglass/girls-volleyball/","https://www.maxpreps.com/ks/lyons/girls-volleyball/","https://hsfootball.net/proxy.php?url=https%3A%2F%2Fimage.maxpreps.io%2Fschool-mascot%2F6%2F7%2F8%2F67894eeb-ef34-4ddd-bf4a-c1e3b376abed.gif%3Fversion%3D637086448800000000%26amp%3Bwidth%3D128%26amp%3Bheight%3D128%26amp%3Bauto%3Dwebp%26amp%3Bformat%3Dpjpg","https://hsfootball.net/proxy.php?url=https%3A%2F%2Fimage.maxpreps.io%2Fschool-mascot%2F2%2Fe%2Fe%2F2eed7b8d-517b-4239-b695-ed60af78bfd0.gif%3Fversion%3D637086448200000000%26amp%3Bwidth%3D128%26amp%3Bheight%3D128%26amp%3Bauto%3Dwebp%26amp%3Bformat%3Dpjpg","girl"
80,"Colby vs Hoxie",Girls Volleyball,"Kansas",9/17/2026,12:00am,"The Colby varsity volleyball team has an away non-conference match @  Hoxie (KS) on Thursday, September 17.","/ks/volleyball/match/colby-vs-hoxie/9-17-2026/?c=b5f3d0f7-3004-466f-ba06-6edc5e210746","https://www.maxpreps.com/ks/volleyball/match/colby-vs-hoxie/9-17-2026/?c=b5f3d0f7-3004-466f-ba06-6edc5e210746","/volleyball/ks/579?9/17/2026","Colby","Eagles","https://www.maxpreps.com/ks/colby/girls-volleyball/","https://www.maxpreps.com/ks/hoxie/girls-volleyball/","https://hsfootball.net/proxy.php?url=https%3A%2F%2Fimage.maxpreps.io%2Fschool-mascot%2Fd%2Fd%2F4%2Fdd4d9238-7f7f-46ac-906d-a06b39f0c43e.gif%3Fversion%3D635356519800000000%26amp%3Bwidth%3D128%26amp%3Bheight%3D128%26amp%3Bauto%3Dwebp%26amp%3Bformat%3Dpjpg","https://hsfootball.net/proxy.php?url=https%3A%2F%2Fimage.maxpreps.io%2Fschool-mascot%2Fe%2Fd%2Fc%2Fedc92a97-acb1-47f3-981b-dbb5aad8ca25.gif%3Fversion%3D635141609400000000%26amp%3Bwidth%3D128%26amp%3Bheight%3D128%26amp%3Bauto%3Dwebp%26amp%3Bformat%3Dpjpg","girl"
81,"Colby vs McCook",Girls Volleyball,"Kansas",9/17/2026,12:00am,"The Colby varsity volleyball team has an away non-conference match @  McCook (NE) on Thursday, September 17.","/inter-state/volleyball/match/colby-ks-vs-mccook-ne/9-17-2026/?c=00d919c1-2b5b-4530-9068-d18eb9afb804","https://www.maxpreps.com/inter-state/volleyball/match/colby-ks-vs-mccook-ne/9-17-2026/?c=00d919c1-2b5b-4530-9068-d18eb9afb804","/volleyball/ks/7e3?9/17/2026","Colby","Eagles","https://www.maxpreps.com/ks/colby-ks/girls-volleyball/","https://www.maxpreps.com/ks/mccook-ne/girls-volleyball/","https://hsfootball.net/proxy.php?url=https%3A%2F%2Fimage.maxpreps.io%2Fschool-mascot%2Fd%2Fd%2F4%2Fdd4d9238-7f7f-46ac-906d-a06b39f0c43e.gif%3Fversion%3D635356519800000000%26amp%3Bwidth%3D128%26amp%3Bheight%3D128%26amp%3Bauto%3Dwebp%26amp%3Bformat%3Dpjpg","https://hsfootball.net/proxy.php?url=https%3A%2F%2Fimage.maxpreps.io%2Fschool-mascot%2Fa%2F8%2F5%2Fa8513bf2-263c-4f27-9f1b-dfcea460c611.gif%3Fversion%3D635434415400000000%26amp%3Bwidth%3D128%26amp%3Bheight%3D128%26amp%3Bauto%3Dwebp%26amp%3Bformat%3Dpjpg","girl"
82,"West Franklin vs Wellsville",Girls Volleyball,"Kansas",9/17/2026,12:00am,"The West Franklin varsity volleyball team has an away non-conference match @  Wellsville (KS) on Thursday, September 17.","/ks/volleyball/match/wellsville-vs-west-franklin-pomona/9-17-2026/?c=31b5d972-d206-4e46-b5ee-cd015fc0fea3","https://www.maxpreps.com/ks/volleyball/match/wellsville-vs-west-franklin-pomona/9-17-2026/?c=31b5d972-d206-4e46-b5ee-cd015fc0fea3","/volleyball/ks/d82?9/17/2026","West Franklin","Falcons","https://www.maxpreps.com/ks/wellsville/girls-volleyball/","https://www.maxpreps.com/ks/west-franklin-pomona/girls-volleyball/","https://hsfootball.net/proxy.php?url=https%3A%2F%2Fimage.maxpreps.io%2Fschool-mascot%2Fd%2F2%2F7%2Fd27ff8b5-8feb-43b1-8c7f-b4e1d9a4f473.gif%3Fversion%3D636946274400000000%26amp%3Bwidth%3D128%26amp%3Bheight%3D128%26amp%3Bauto%3Dwebp%26amp%3Bformat%3Dpjpg","https://hsfootball.net/proxy.php?url=https%3A%2F%2Fimage.maxpreps.io%2Fschool-mascot%2Fd%2F9%2F7%2Fd97af696-5939-4503-9e25-191fe2e7cba5.gif%3Fversion%3D634283377800000000%26amp%3Bwidth%3D128%26amp%3Bheight%3D128%26amp%3Bauto%3Dwebp%26amp%3Bformat%3Dpjpg","girl"
83,"McCook vs Hoxie",Girls Volleyball,"Kansas",9/17/2026,12:00am,"The McCook varsity volleyball team has an away non-conference match @  Hoxie (KS) on Thursday, September 17.","/inter-state/volleyball/match/hoxie-ks-vs-mccook-ne/9-17-2026/?c=f9890e49-f85f-4335-81fe-78b51668ba58","https://www.maxpreps.com/inter-state/volleyball/match/hoxie-ks-vs-mccook-ne/9-17-2026/?c=f9890e49-f85f-4335-81fe-78b51668ba58","/volleyball/ks/7e7?9/17/2026","McCook","Bison","https://www.maxpreps.com/ks/hoxie-ks/girls-volleyball/","https://www.maxpreps.com/ks/mccook-ne/girls-volleyball/","https://hsfootball.net/proxy.php?url=https%3A%2F%2Fimage.maxpreps.io%2Fschool-mascot%2Fa%2F8%2F5%2Fa8513bf2-263c-4f27-9f1b-dfcea460c611.gif%3Fversion%3D635434415400000000%26amp%3Bwidth%3D128%26amp%3Bheight%3D128%26amp%3Bauto%3Dwebp%26amp%3Bformat%3Dpjpg","https://hsfootball.net/proxy.php?url=https%3A%2F%2Fimage.maxpreps.io%2Fschool-mascot%2Fe%2Fd%2Fc%2Fedc92a97-acb1-47f3-981b-dbb5aad8ca25.gif%3Fversion%3D635141609400000000%26amp%3Bwidth%3D128%26amp%3Bheight%3D128%26amp%3Bauto%3Dwebp%26amp%3Bformat%3Dpjpg","girl"
84,"Phillipsburg vs Alma",Girls Volleyball,"Kansas",9/17/2026,12:00am,"The Phillipsburg varsity volleyball team has an away non-conference match @  Alma (NE) on Thursday, September 17.","/inter-state/volleyball/match/alma-ne-vs-phillipsburg-ks/9-17-2026/?c=4d95b617-2668-437b-b906-cc28e32d4db5","https://www.maxpreps.com/inter-state/volleyball/match/alma-ne-vs-phillipsburg-ks/9-17-2026/?c=4d95b617-2668-437b-b906-cc28e32d4db5","/volleyball/ks/9fe?9/17/2026","Phillipsburg","Panthers","https://www.maxpreps.com/ks/alma-ne/girls-volleyball/","https://www.maxpreps.com/ks/phillipsburg-ks/girls-volleyball/","https://hsfootball.net/proxy.php?url=https%3A%2F%2Fimage.maxpreps.io%2Fschool-mascot%2F3%2F1%2F4%2F31411a7b-37c3-486c-b2ef-c669f832795e.gif%3Fversion%3D634266288000000000%26amp%3Bwidth%3D128%26amp%3Bheight%3D128%26amp%3Bauto%3Dwebp%26amp%3Bformat%3Dpjpg","https://hsfootball.net/proxy.php?url=https%3A%2F%2Fimage.maxpreps.io%2Fschool-mascot%2F0%2F1%2Ff%2F01f617e2-b0ba-4bbc-be3d-dc82cd8b6103.gif%3Fversion%3D633855310200000000%26amp%3Bwidth%3D128%26amp%3Bheight%3D128%26amp%3Bauto%3Dwebp%26amp%3Bformat%3Dpjpg","girl"
85,"Cardinal Mooney vs Calvary Christian",Girls Volleyball,"Kansas",9/17/2026,6:30pm,"The Cardinal Mooney varsity volleyball team has an away non-conference match @  Calvary Christian (Clearwater, FL) on Thursday, September 17 @ 6:30p.","/fl/volleyball/match/calvary-christian-clearwater-vs-cardinal-mooney-sarasota/9-17-2026/?c=eaf28ee7-3be0-4d72-ac54-dfc7d8fe52c1","https://www.maxpreps.com/fl/volleyball/match/calvary-christian-clearwater-vs-cardinal-mooney-sarasota/9-17-2026/?c=eaf28ee7-3be0-4d72-ac54-dfc7d8fe52c1","/volleyball/ks/160b?9/17/2026","Cardinal Mooney","Cougars","https://www.maxpreps.com/ks/calvary-christian-clearwater/girls-volleyball/","https://www.maxpreps.com/ks/cardinal-mooney-sarasota/girls-volleyball/","https://hsfootball.net/proxy.php?url=https%3A%2F%2Fimage.maxpreps.io%2Fschool-mascot%2F3%2F1%2F2%2F312d4acc-805f-40c0-bcb3-9b3362c3fe5f.gif%3Fversion%3D636117594000000000%26amp%3Bwidth%3D128%26amp%3Bheight%3D128%26amp%3Bauto%3Dwebp%26amp%3Bformat%3Dpjpg","https://hsfootball.net/proxy.php?url=https%3A%2F%2Fimage.maxpreps.io%2Fschool-mascot%2F6%2Fa%2Fe%2F6ae65209-f562-4951-8a4c-d234b87cbb04.gif%3Fversion%3D637697956800000000%26amp%3Bwidth%3D128%26amp%3Bheight%3D128%26amp%3Bauto%3Dwebp%26amp%3Bformat%3Dpjpg","girl"
86,"Mother McAuley vs Sandburg",Girls Volleyball,"Kansas",9/17/2026,6:00pm,"The Mother McAuley varsity volleyball team has an away non-conference match @  Sandburg (Orland Park, IL) on Thursday, September 17 @ 6p.","/il/volleyball/match/mother-mcauley-chicago-vs-sandburg-orland-park/9-17-2026/?c=a4cf02b3-e003-4879-b77e-543c47d3d316","https://www.maxpreps.com/il/volleyball/match/mother-mcauley-chicago-vs-sandburg-orland-park/9-17-2026/?c=a4cf02b3-e003-4879-b77e-543c47d3d316","/volleyball/ks/11c8?9/17/2026","Mother McAuley","Mighty Macs","https://www.maxpreps.com/ks/mother-mcauley-chicago/girls-volleyball/","https://www.maxpreps.com/ks/sandburg-orland-park/girls-volleyball/","https://hsfootball.net/proxy.php?url=https%3A%2F%2Fimage.maxpreps.io%2Fschool-mascot%2F9%2Fd%2F5%2F9d5c1cfd-fd9d-4039-83dc-44c9087d6257.gif%3Fversion%3D637700736000000000%26amp%3Bwidth%3D128%26amp%3Bheight%3D128%26amp%3Bauto%3Dwebp%26amp%3Bformat%3Dpjpg","https://hsfootball.net/proxy.php?url=https%3A%2F%2Fimage.maxpreps.io%2Fschool-mascot%2F3%2F3%2F9%2F339dc507-7687-4236-933d-646e48189d0f.gif%3Fversion%3D636570382800000000%26amp%3Bwidth%3D128%26amp%3Bheight%3D128%26amp%3Bauto%3Dwebp%26amp%3Bformat%3Dpjpg","girl"
87,"Xavier College Prep vs Archbishop Mitty",Girls Volleyball,"Kansas",9/17/2026,6:00pm,"The Xavier College Prep varsity volleyball team has an away non-conference match @  Archbishop Mitty (San Jose, CA) on Thursday, September 17 @ 6p.","/inter-state/volleyball/match/archbishop-mitty-san-jose-ca-vs-xavier-college-prep-phoenix-az/9-17-2026/?c=022bdf85-2df3-4995-984e-7289a6b4f24d","https://www.maxpreps.com/inter-state/volleyball/match/archbishop-mitty-san-jose-ca-vs-xavier-college-prep-phoenix-az/9-17-2026/?c=022bdf85-2df3-4995-984e-7289a6b4f24d","/volleyball/ks/17b3?9/17/2026","Xavier College Prep","Gators","https://www.maxpreps.com/ks/archbishop-mitty-san-jose-ca/girls-volleyball/","https://www.maxpreps.com/ks/xavier-college-prep-phoenix-az/girls-volleyball/","https://hsfootball.net/proxy.php?url=https%3A%2F%2Fimage.maxpreps.io%2Fschool-mascot%2Fb%2F7%2Fb%2Fb7b42c63-fdf7-4b2f-a35d-58102374f555.gif%3Fversion%3D638860170641531920%26amp%3Bwidth%3D128%26amp%3Bheight%3D128%26amp%3Bauto%3Dwebp%26amp%3Bformat%3Dpjpg","https://hsfootball.net/proxy.php?url=https%3A%2F%2Fimage.maxpreps.io%2Fschool-mascot%2F0%2Ff%2F6%2F0f63870a-34f3-4d5b-9dbf-653c8410f969.gif%3Fversion%3D637116646800000000%26amp%3Bwidth%3D128%26amp%3Bheight%3D128%26amp%3Bauto%3Dwebp%26amp%3Bformat%3Dpjpg","girl"
88,"Mater Dei vs Bishop Gorman",Girls Volleyball,"Kansas",9/17/2026,7:30pm,"The Mater Dei varsity volleyball team has an away non-conference match @  Bishop Gorman (Las Vegas, NV) on Thursday, September 17 @ 7:30p.","/inter-state/volleyball/match/bishop-gorman-las-vegas-nv-vs-mater-dei-santa-ana-ca/9-17-2026/?c=929fa0fe-9bac-4dd4-a944-518c3806d48f","https://www.maxpreps.com/inter-state/volleyball/match/bishop-gorman-las-vegas-nv-vs-mater-dei-santa-ana-ca/9-17-2026/?c=929fa0fe-9bac-4dd4-a944-518c3806d48f","/volleyball/ks/1344?9/17/2026","Mater Dei","Monarchs","https://www.maxpreps.com/ks/bishop-gorman-las-vegas-nv/girls-volleyball/","https://www.maxpreps.com/ks/mater-dei-santa-ana-ca/girls-volleyball/","https://hsfootball.net/proxy.php?url=https%3A%2F%2Fimage.maxpreps.io%2Fschool-mascot%2F2%2Fb%2F6%2F2b6b45d3-4465-4750-ba48-a273b674e37c.gif%3Fversion%3D637964957400000000%26amp%3Bwidth%3D128%26amp%3Bheight%3D128%26amp%3Bauto%3Dwebp%26amp%3Bformat%3Dpjpg","https://hsfootball.net/proxy.php?url=https%3A%2F%2Fimage.maxpreps.io%2Fschool-mascot%2F0%2F3%2Fc%2F03c125d3-5255-4e5d-8991-5e543fe741d2.gif%3Fversion%3D638070447000000000%26amp%3Bwidth%3D128%26amp%3Bheight%3D128%26amp%3Bauto%3Dwebp%26amp%3Bformat%3Dpjpg","girl"