1,"Hamilton Southeastern vs Roncalli",Girls Volleyball,"Indiana",9/22/2026,6:30pm,"The Hamilton Southeastern varsity volleyball team has an away non-conference match @  Roncalli (Indianapolis, IN) on Tuesday, September 22 @ 6:30p.","/in/volleyball/match/hamilton-southeastern-fishers-vs-roncalli-indianapolis/9-22-2026/?c=eee8e727-08d6-45a1-b384-89b863459e20","https://www.maxpreps.com/in/volleyball/match/hamilton-southeastern-fishers-vs-roncalli-indianapolis/9-22-2026/?c=eee8e727-08d6-45a1-b384-89b863459e20","/volleyball/in/158e?9/22/2026","Hamilton Southeastern","Royals","https://www.maxpreps.com/in/hamilton-southeastern-fishers/volleyball/","https://www.maxpreps.com/in/roncalli-indianapolis/volleyball/","https://hsfootball.net/proxy.php?url=https%3A%2F%2Fimage.maxpreps.io%2Fschool-mascot%2F7%2Fa%2F7%2F7a7b0372-fd99-4663-9a1a-5051eddf26b8.gif%3Fversion%3D635338341000000000%26amp%3Bwidth%3D128%26amp%3Bheight%3D128%26amp%3Bauto%3Dwebp%26amp%3Bformat%3Dpjpg","https://hsfootball.net/proxy.php?url=https%3A%2F%2Fimage.maxpreps.io%2Fschool-mascot%2F5%2F5%2Fa%2F55af796c-2c25-4f5a-9a28-3fa4ac30694b.gif%3Fversion%3D637715433600000000%26amp%3Bwidth%3D128%26amp%3Bheight%3D128%26amp%3Bauto%3Dwebp%26amp%3Bformat%3Dpjpg","girl"
2,"North Central vs Carmel",Girls Volleyball,"Indiana",9/22/2026,7:00pm,"The North Central varsity volleyball team has an away conference match @  Carmel (IN) on Tuesday, September 22 @ 7p.","/in/volleyball/match/carmel-vs-north-central-indianapolis/9-22-2026/?c=e2e8c85c-b328-42cd-b0c1-49f849fbb65d","https://www.maxpreps.com/in/volleyball/match/carmel-vs-north-central-indianapolis/9-22-2026/?c=e2e8c85c-b328-42cd-b0c1-49f849fbb65d","/volleyball/in/e20?9/22/2026","North Central","Panthers","https://www.maxpreps.com/in/carmel/volleyball/","https://www.maxpreps.com/in/north-central-indianapolis/volleyball/","https://hsfootball.net/proxy.php?url=https%3A%2F%2Fimage.maxpreps.io%2Fschool-mascot%2Fc%2Fa%2Fb%2Fcab7fd65-eced-4681-a8fe-7f1357a820e2.gif%3Fversion%3D637335976200000000%26amp%3Bwidth%3D128%26amp%3Bheight%3D128%26amp%3Bauto%3Dwebp%26amp%3Bformat%3Dpjpg","https://hsfootball.net/proxy.php?url=https%3A%2F%2Fimage.maxpreps.io%2Fschool-mascot%2Fa%2Fb%2F8%2Fab82e785-9fc9-4b9d-ae46-c4256bb56f34.gif%3Fversion%3D638822896503130020%26amp%3Bwidth%3D128%26amp%3Bheight%3D128%26amp%3Bauto%3Dwebp%26amp%3Bformat%3Dpjpg","girl"
3,"Plainfield vs Decatur Central",Girls Volleyball,"Indiana",9/22/2026,6:30pm,"The Plainfield varsity volleyball team has an away conference match @  Decatur Central (Indianapolis, IN) on Tuesday, September 22 @ 6:30p.","/in/volleyball/match/decatur-central-indianapolis-vs-plainfield/9-22-2026/?c=da0800ec-68b8-429b-b9a2-dc5c90d2de31","https://www.maxpreps.com/in/volleyball/match/decatur-central-indianapolis-vs-plainfield/9-22-2026/?c=da0800ec-68b8-429b-b9a2-dc5c90d2de31","/volleyball/in/1081?9/22/2026","Plainfield","Quakers","https://www.maxpreps.com/in/decatur-central-indianapolis/volleyball/","https://www.maxpreps.com/in/plainfield/volleyball/","https://hsfootball.net/proxy.php?url=https%3A%2F%2Fimage.maxpreps.io%2Fschool-mascot%2Fa%2Fd%2F8%2Fad8cdced-0060-40be-8bd9-4c066d067454.gif%3Fversion%3D637365564000000000%26amp%3Bwidth%3D128%26amp%3Bheight%3D128%26amp%3Bauto%3Dwebp%26amp%3Bformat%3Dpjpg","https://hsfootball.net/proxy.php?url=https%3A%2F%2Fimage.maxpreps.io%2Fschool-mascot%2Fe%2Fd%2Fd%2Feddfda59-10b1-43e6-aa5e-8fdf16201f16.gif%3Fversion%3D639152135223971720%26amp%3Bwidth%3D128%26amp%3Bheight%3D128%26amp%3Bauto%3Dwebp%26amp%3Bformat%3Dpjpg","girl"
4,"Rushville vs Franklin County",Girls Volleyball,"Indiana",9/22/2026,5:00pm,"The Rushville varsity volleyball team has an away conference match @  Franklin County (Brookville, IN) on Tuesday, September 22 @ 5p.","/in/volleyball/match/franklin-county-brookville-vs-rushville/9-22-2026/?c=98959cd6-dea8-4a67-a36a-f8ce1f1593c1","https://www.maxpreps.com/in/volleyball/match/franklin-county-brookville-vs-rushville/9-22-2026/?c=98959cd6-dea8-4a67-a36a-f8ce1f1593c1","/volleyball/in/fab?9/22/2026","Rushville","Lions","https://www.maxpreps.com/in/franklin-county-brookville/volleyball/","https://www.maxpreps.com/in/rushville/volleyball/","https://hsfootball.net/proxy.php?url=https%3A%2F%2Fimage.maxpreps.io%2Fschool-mascot%2Fd%2Ff%2F6%2Fdf6ed289-13f8-4b59-ad8f-fb10e54219e0.gif%3Fversion%3D637304844000000000%26amp%3Bwidth%3D128%26amp%3Bheight%3D128%26amp%3Bauto%3Dwebp%26amp%3Bformat%3Dpjpg","https://hsfootball.net/proxy.php?url=https%3A%2F%2Fimage.maxpreps.io%2Fschool-mascot%2Fc%2F1%2Ff%2Fc1f8da0f-be5f-4413-83f6-b744a324ddc3.gif%3Fversion%3D637335950400000000%26amp%3Bwidth%3D128%26amp%3Bheight%3D128%26amp%3Bauto%3Dwebp%26amp%3Bformat%3Dpjpg","girl"
5,"Rensselaer Central vs North Judson-San Pierre",Girls Volleyball,"Indiana",9/22/2026,5:00pm,"The Rensselaer Central varsity volleyball team has an away non-conference match @  North Judson-San Pierre (North Judson, IN) on Tuesday, September 22 @ 5p.","/in/volleyball/match/north-judson-san-pierre-vs-rensselaer-central/9-22-2026/?c=7f174cb1-ff49-4558-bef6-92f94bd9068d","https://www.maxpreps.com/in/volleyball/match/north-judson-san-pierre-vs-rensselaer-central/9-22-2026/?c=7f174cb1-ff49-4558-bef6-92f94bd9068d","/volleyball/in/119b?9/22/2026","Rensselaer Central","Bombers","https://www.maxpreps.com/in/north-judson-san-pierre/volleyball/","https://www.maxpreps.com/in/rensselaer-central/volleyball/","https://hsfootball.net/proxy.php?url=https%3A%2F%2Fimage.maxpreps.io%2Fschool-mascot%2F6%2Fd%2F1%2F6d161a93-4e2e-42d5-9260-173ca6cdf751.gif%3Fversion%3D636390708600000000%26amp%3Bwidth%3D128%26amp%3Bheight%3D128%26amp%3Bauto%3Dwebp%26amp%3Bformat%3Dpjpg","https://hsfootball.net/proxy.php?url=https%3A%2F%2Fimage.maxpreps.io%2Fschool-mascot%2F6%2Fd%2F1%2F6d1440a9-982b-4613-b3c0-101dddccb0ea.gif%3Fversion%3D637080133800000000%26amp%3Bwidth%3D128%26amp%3Bheight%3D128%26amp%3Bauto%3Dwebp%26amp%3Bformat%3Dpjpg","girl"
6,"Chesterton vs Lake Central",Girls Volleyball,"Indiana",9/22/2026,5:00pm,"The Chesterton varsity volleyball team has an away conference match @  Lake Central (St. John, IN) on Tuesday, September 22 @ 5p.","/in/volleyball/match/chesterton-vs-lake-central-st-john/9-22-2026/?c=c070a023-fd3f-4434-91e4-8beeb272f55d","https://www.maxpreps.com/in/volleyball/match/chesterton-vs-lake-central-st-john/9-22-2026/?c=c070a023-fd3f-4434-91e4-8beeb272f55d","/volleyball/in/d25?9/22/2026","Chesterton","Trojans","https://www.maxpreps.com/in/chesterton/volleyball/","https://www.maxpreps.com/in/lake-central-st-john/volleyball/","https://hsfootball.net/proxy.php?url=https%3A%2F%2Fimage.maxpreps.io%2Fschool-mascot%2F5%2F3%2Fd%2F53df9971-c73a-4330-b4fc-a6e688cc6a0a.gif%3Fversion%3D638004985200000000%26amp%3Bwidth%3D128%26amp%3Bheight%3D128%26amp%3Bauto%3Dwebp%26amp%3Bformat%3Dpjpg","https://hsfootball.net/proxy.php?url=https%3A%2F%2Fimage.maxpreps.io%2Fschool-mascot%2F8%2F5%2F6%2F856cd935-231a-4f5c-86a1-56025474b482.gif%3Fversion%3D637407250200000000%26amp%3Bwidth%3D128%26amp%3Bheight%3D128%26amp%3Bauto%3Dwebp%26amp%3Bformat%3Dpjpg","girl"
7,"Portage vs Merrillville",Girls Volleyball,"Indiana",9/22/2026,5:00pm,"The Portage varsity volleyball team has an away conference match @  Merrillville (IN) on Tuesday, September 22 @ 5p.","/in/volleyball/match/merrillville-vs-portage/9-22-2026/?c=3612da39-f6fc-45c4-aa0c-33b8b70d2658","https://www.maxpreps.com/in/volleyball/match/merrillville-vs-portage/9-22-2026/?c=3612da39-f6fc-45c4-aa0c-33b8b70d2658","/volleyball/in/948?9/22/2026","Portage","Indians","https://www.maxpreps.com/in/merrillville/volleyball/","https://www.maxpreps.com/in/portage/volleyball/","https://hsfootball.net/proxy.php?url=https%3A%2F%2Fimage.maxpreps.io%2Fschool-mascot%2F8%2Fb%2Fa%2F8ba2dcfb-2db1-4ad9-a813-ad864db557e5.gif%3Fversion%3D639152135184778160%26amp%3Bwidth%3D128%26amp%3Bheight%3D128%26amp%3Bauto%3Dwebp%26amp%3Bformat%3Dpjpg","https://hsfootball.net/proxy.php?url=https%3A%2F%2Fimage.maxpreps.io%2Fschool-mascot%2F2%2F9%2F4%2F2948eb82-87c6-4c37-a4c0-53931001b10d.gif%3Fversion%3D636250845000000000%26amp%3Bwidth%3D128%26amp%3Bheight%3D128%26amp%3Bauto%3Dwebp%26amp%3Bformat%3Dpjpg","girl"
8,"Crown Point vs La Porte",Girls Volleyball,"Indiana",9/22/2026,5:00pm,"The Crown Point varsity volleyball team has an away conference match @  La Porte (IN) on Tuesday, September 22 @ 5p.","/in/volleyball/match/crown-point-vs-la-porte/9-22-2026/?c=2297716f-6817-4feb-b198-3073a77cce7a","https://www.maxpreps.com/in/volleyball/match/crown-point-vs-la-porte/9-22-2026/?c=2297716f-6817-4feb-b198-3073a77cce7a","/volleyball/in/8e7?9/22/2026","Crown Point","Bulldogs","https://www.maxpreps.com/in/crown-point/volleyball/","https://www.maxpreps.com/in/la-porte/volleyball/","https://hsfootball.net/proxy.php?url=https%3A%2F%2Fimage.maxpreps.io%2Fschool-mascot%2F2%2Fa%2Fd%2F2ad5f752-3086-46be-a256-b1e71b8320cd.gif%3Fversion%3D636395059800000000%26amp%3Bwidth%3D128%26amp%3Bheight%3D128%26amp%3Bauto%3Dwebp%26amp%3Bformat%3Dpjpg","https://hsfootball.net/proxy.php?url=https%3A%2F%2Fimage.maxpreps.io%2Fschool-mascot%2F6%2F0%2F3%2F603a1ce1-7d6c-4ac8-aae1-0e750b427b0e.gif%3Fversion%3D637311910800000000%26amp%3Bwidth%3D128%26amp%3Bheight%3D128%26amp%3Bauto%3Dwebp%26amp%3Bformat%3Dpjpg","girl"
9,"Michigan City vs Valparaiso",Girls Volleyball,"Indiana",9/22/2026,5:00pm,"The Michigan City varsity volleyball team has an away conference match @  Valparaiso (IN) on Tuesday, September 22 @ 5p.","/in/volleyball/match/michigan-city-vs-valparaiso/9-22-2026/?c=9e5bbf48-e3a0-4a1c-a9a8-3e7af9217ac8","https://www.maxpreps.com/in/volleyball/match/michigan-city-vs-valparaiso/9-22-2026/?c=9e5bbf48-e3a0-4a1c-a9a8-3e7af9217ac8","/volleyball/in/a9b?9/22/2026","Michigan City","Wolves","https://www.maxpreps.com/in/michigan-city/volleyball/","https://www.maxpreps.com/in/valparaiso/volleyball/","https://hsfootball.net/proxy.php?url=https%3A%2F%2Fimage.maxpreps.io%2Fschool-mascot%2Ff%2F9%2Ff%2Ff9f9ed1f-4e0f-4ecc-b511-aa7a3a9458bf.gif%3Fversion%3D635561305800000000%26amp%3Bwidth%3D128%26amp%3Bheight%3D128%26amp%3Bauto%3Dwebp%26amp%3Bformat%3Dpjpg","https://hsfootball.net/proxy.php?url=https%3A%2F%2Fimage.maxpreps.io%2Fschool-mascot%2F0%2Fa%2F9%2F0a9fd2dd-c4f3-49ca-859f-e021b2283c7c.gif%3Fversion%3D638346172200000000%26amp%3Bwidth%3D128%26amp%3Bheight%3D128%26amp%3Bauto%3Dwebp%26amp%3Bformat%3Dpjpg","girl"
10,"Elkhart Christian Academy vs Concord",Girls Volleyball,"Indiana",9/22/2026,5:30pm,"The Elkhart Christian Academy varsity volleyball team has an away non-conference match @  Concord (Elkhart, IN) on Tuesday, September 22 @ 5:30p.","/in/volleyball/match/concord-elkhart-vs-elkhart-christian-academy/9-22-2026/?c=4844a96e-3d87-4078-b6da-f5926f519d0c","https://www.maxpreps.com/in/volleyball/match/concord-elkhart-vs-elkhart-christian-academy/9-22-2026/?c=4844a96e-3d87-4078-b6da-f5926f519d0c","/volleyball/in/1121?9/22/2026","Elkhart Christian Academy","Eagles","https://www.maxpreps.com/in/concord-elkhart/volleyball/","https://www.maxpreps.com/in/elkhart-christian-academy/volleyball/","https://hsfootball.net/proxy.php?url=https%3A%2F%2Fimage.maxpreps.io%2Fschool-mascot%2Fd%2Ff%2F3%2Fdf329be2-135e-446d-b4c8-5e0364ac8626.gif%3Fversion%3D638756395257809820%26amp%3Bwidth%3D128%26amp%3Bheight%3D128%26amp%3Bauto%3Dwebp%26amp%3Bformat%3Dpjpg","https://hsfootball.net/proxy.php?url=https%3A%2F%2Fimage.maxpreps.io%2Fschool-mascot%2F7%2F8%2F9%2F789571db-9862-4d44-a4a6-92e883128af7.gif%3Fversion%3D639152135116203810%26amp%3Bwidth%3D128%26amp%3Bheight%3D128%26amp%3Bauto%3Dwebp%26amp%3Bformat%3Dpjpg","girl"
11,"Victory Christian Academy vs Heritage Christian",Girls Volleyball,"Indiana",9/22/2026,5:30pm,"The Victory Christian Academy varsity volleyball team has an away conference match @  Heritage Christian (Dyer, IN) on Tuesday, September 22 @ 5:30p.","/in/volleyball/match/heritage-christian-dyer-vs-victory-christian-academy-valparaiso/9-22-2026/?c=06ebe3a0-0f98-4974-a950-e5aa071f1149","https://www.maxpreps.com/in/volleyball/match/heritage-christian-dyer-vs-victory-christian-academy-valparaiso/9-22-2026/?c=06ebe3a0-0f98-4974-a950-e5aa071f1149","/volleyball/in/18c1?9/22/2026","Victory Christian Academy","Lions","https://www.maxpreps.com/in/heritage-christian-dyer/volleyball/","https://www.maxpreps.com/in/victory-christian-academy-valparaiso/volleyball/","https://hsfootball.net/proxy.php?url=https%3A%2F%2Fimage.maxpreps.io%2Fschool-mascot%2Fa%2F7%2Fa%2Fa7a40eb6-79d0-498f-b1ec-dfd933907489.gif%3Fversion%3D635810055000000000%26amp%3Bwidth%3D128%26amp%3Bheight%3D128%26amp%3Bauto%3Dwebp%26amp%3Bformat%3Dpjpg","https://hsfootball.net/proxy.php?url=https%3A%2F%2Fimage.maxpreps.io%2Fschool-mascot%2Fe%2F4%2F8%2Fe4887171-cfb5-4981-bc2c-57b426f72817.gif%3Fversion%3D639044497398079020%26amp%3Bwidth%3D128%26amp%3Bheight%3D128%26amp%3Bauto%3Dwebp%26amp%3Bformat%3Dpjpg","girl"
12,"Oregon-Davis vs South Central",Girls Volleyball,"Indiana",9/22/2026,5:30pm,"The Oregon-Davis varsity volleyball team has an away non-conference match @  South Central (Union Mills, IN) on Tuesday, September 22 @ 5:30p.","/in/volleyball/match/oregon-davis-hamlet-vs-south-central-union-mills/9-22-2026/?c=144faa2e-fb2c-434f-bb03-a462ed7c2918","https://www.maxpreps.com/in/volleyball/match/oregon-davis-hamlet-vs-south-central-union-mills/9-22-2026/?c=144faa2e-fb2c-434f-bb03-a462ed7c2918","/volleyball/in/12a6?9/22/2026","Oregon-Davis","Bobcats","https://www.maxpreps.com/in/oregon-davis-hamlet/volleyball/","https://www.maxpreps.com/in/south-central-union-mills/volleyball/","https://hsfootball.net/proxy.php?url=https%3A%2F%2Fimage.maxpreps.io%2Fschool-mascot%2F7%2F4%2F8%2F748c95f8-6cf2-4ecd-8303-3a75c040bfc3.gif%3Fversion%3D636207552000000000%26amp%3Bwidth%3D128%26amp%3Bheight%3D128%26amp%3Bauto%3Dwebp%26amp%3Bformat%3Dpjpg","https://hsfootball.net/proxy.php?url=https%3A%2F%2Fimage.maxpreps.io%2Fschool-mascot%2F2%2F1%2Fe%2F21ec9aa5-7c26-45d1-afa2-4a2ef8e7b613.gif%3Fversion%3D636373860600000000%26amp%3Bwidth%3D128%26amp%3Bheight%3D128%26amp%3Bauto%3Dwebp%26amp%3Bformat%3Dpjpg","girl"
13,"First Baptist Christian vs Crosspointe Christian Academy",Girls Volleyball,"Indiana",9/22/2026,5:30pm,"The First Baptist Christian varsity volleyball team has an away non-conference match @  Crosspointe Christian Academy (Indianapolis, IN) on Tuesday, September 22 @ 5:30p.","/inter-state/volleyball/match/crosspointe-christian-academy-indianapolis-in-vs-first-baptist-christian-danville-il/9-22-2026/?c=cfab0095-343f-42a0-873e-4d9cea45ba4d","https://www.maxpreps.com/inter-state/volleyball/match/crosspointe-christian-academy-indianapolis-in-vs-first-baptist-christian-danville-il/9-22-2026/?c=cfab0095-343f-42a0-873e-4d9cea45ba4d","/volleyball/in/20d7?9/22/2026","First Baptist Christian","Knights","https://www.maxpreps.com/in/crosspointe-christian-academy-indianapolis-in/volleyball/","https://www.maxpreps.com/in/first-baptist-christian-danville-il/volleyball/","https://hsfootball.net/proxy.php?url=https%3A%2F%2Fimage.maxpreps.io%2Fschool-mascot%2F5%2F0%2F8%2F508729dc-acbd-4f08-bf00-b40328b6e3d3.gif%3Fversion%3D638744428446127020%26amp%3Bwidth%3D128%26amp%3Bheight%3D128%26amp%3Bauto%3Dwebp%26amp%3Bformat%3Dpjpg","https://hsfootball.net/proxy.php?url=https%3A%2F%2Fimage.maxpreps.io%2Fschool-mascot%2F2%2Ff%2F3%2F2f3741db-b66f-4f19-9335-59f124ba337f.gif%3Fversion%3D638278578000000000%26amp%3Bwidth%3D128%26amp%3Bheight%3D128%26amp%3Bauto%3Dwebp%26amp%3Bformat%3Dpjpg","girl"
14,"South Spencer vs Wood Memorial",Girls Volleyball,"Indiana",9/22/2026,5:30pm,"The South Spencer varsity volleyball team has an away non-conference match @  Wood Memorial (Oakland City, IN) on Tuesday, September 22 @ 5:30p.","/in/volleyball/match/south-spencer-rockport-vs-wood-memorial-oakland-city/9-22-2026/?c=393bb6cb-92ea-47f9-ae0c-89091c39a1a8","https://www.maxpreps.com/in/volleyball/match/south-spencer-rockport-vs-wood-memorial-oakland-city/9-22-2026/?c=393bb6cb-92ea-47f9-ae0c-89091c39a1a8","/volleyball/in/145d?9/22/2026","South Spencer","Rebels","https://www.maxpreps.com/in/south-spencer-rockport/volleyball/","https://www.maxpreps.com/in/wood-memorial-oakland-city/volleyball/","https://hsfootball.net/proxy.php?url=https%3A%2F%2Fimage.maxpreps.io%2Fschool-mascot%2Ff%2F6%2F1%2Ff617c0a4-3467-472d-bdfd-232018457b33.gif%3Fversion%3D639155570519887640%26amp%3Bwidth%3D128%26amp%3Bheight%3D128%26amp%3Bauto%3Dwebp%26amp%3Bformat%3Dpjpg","https://hsfootball.net/proxy.php?url=https%3A%2F%2Fimage.maxpreps.io%2Fschool-mascot%2Fb%2Fe%2F6%2Fbe6c0f84-6a0e-48c3-8d5a-cc9ab70adfd6.gif%3Fversion%3D636018622200000000%26amp%3Bwidth%3D128%26amp%3Bheight%3D128%26amp%3Bauto%3Dwebp%26amp%3Bformat%3Dpjpg","girl"
15,"Tecumseh vs Gibson Southern",Girls Volleyball,"Indiana",9/22/2026,5:30pm,"The Tecumseh varsity volleyball team has an away conference match @  Gibson Southern (Fort Branch, IN) on Tuesday, September 22 @ 5:30p.","/in/volleyball/match/gibson-southern-fort-branch-vs-tecumseh-lynnville/9-22-2026/?c=7e828576-f77c-4fb0-9310-f0aa58e91409","https://www.maxpreps.com/in/volleyball/match/gibson-southern-fort-branch-vs-tecumseh-lynnville/9-22-2026/?c=7e828576-f77c-4fb0-9310-f0aa58e91409","/volleyball/in/1355?9/22/2026","Tecumseh","Braves","https://www.maxpreps.com/in/gibson-southern-fort-branch/volleyball/","https://www.maxpreps.com/in/tecumseh-lynnville/volleyball/","https://hsfootball.net/proxy.php?url=https%3A%2F%2Fimage.maxpreps.io%2Fschool-mascot%2F6%2F8%2F2%2F682925f2-cbd0-4439-905a-b36badc4f4d6.gif%3Fversion%3D637909849200000000%26amp%3Bwidth%3D128%26amp%3Bheight%3D128%26amp%3Bauto%3Dwebp%26amp%3Bformat%3Dpjpg","https://hsfootball.net/proxy.php?url=https%3A%2F%2Fimage.maxpreps.io%2Fschool-mascot%2F1%2Fa%2F5%2F1a54606d-0c25-4a8c-a539-343e4781ca83.gif%3Fversion%3D635767434000000000%26amp%3Bwidth%3D128%26amp%3Bheight%3D128%26amp%3Bauto%3Dwebp%26amp%3Bformat%3Dpjpg","girl"
16,"Heritage Hall Christian vs Colonial Christian",Girls Volleyball,"Indiana",9/22/2026,5:30pm,"The Heritage Hall Christian varsity volleyball team has an away conference match @  Colonial Christian (Indianapolis, IN) on Tuesday, September 22 @ 5:30p.","/in/volleyball/match/colonial-christian-indianapolis-vs-heritage-hall-christian-muncie/9-22-2026/?c=76617aa7-0652-4360-9c1e-f05648901ea7","https://www.maxpreps.com/in/volleyball/match/colonial-christian-indianapolis-vs-heritage-hall-christian-muncie/9-22-2026/?c=76617aa7-0652-4360-9c1e-f05648901ea7","/volleyball/in/1965?9/22/2026","Heritage Hall Christian","Patriots","https://www.maxpreps.com/in/colonial-christian-indianapolis/volleyball/","https://www.maxpreps.com/in/heritage-hall-christian-muncie/volleyball/","https://hsfootball.net/proxy.php?url=https%3A%2F%2Fimage.maxpreps.io%2Fschool-mascot%2F5%2F9%2Ff%2F59fb118d-eeec-45d8-aa52-a094a033b352.gif%3Fversion%3D636475300200000000%26amp%3Bwidth%3D128%26amp%3Bheight%3D128%26amp%3Bauto%3Dwebp%26amp%3Bformat%3Dpjpg","https://hsfootball.net/proxy.php?url=https%3A%2F%2Fimage.maxpreps.io%2Fschool-mascot%2Fd%2F0%2F2%2Fd02b5bf1-885d-4bae-b53f-688da18eefc4.gif%3Fversion%3D638380537800000000%26amp%3Bwidth%3D128%26amp%3Bheight%3D128%26amp%3Bauto%3Dwebp%26amp%3Bformat%3Dpjpg","girl"
17,"Boonville vs Heritage Hills",Girls Volleyball,"Indiana",9/22/2026,5:30pm,"The Boonville varsity volleyball team has an away conference match @  Heritage Hills (Lincoln City, IN) on Tuesday, September 22 @ 5:30p.","/in/volleyball/match/boonville-vs-heritage-hills-lincoln-city/9-22-2026/?c=a6a459ec-75a8-4ff5-a19b-aa30aa53b349","https://www.maxpreps.com/in/volleyball/match/boonville-vs-heritage-hills-lincoln-city/9-22-2026/?c=a6a459ec-75a8-4ff5-a19b-aa30aa53b349","/volleyball/in/fa1?9/22/2026","Boonville","Pioneers","https://www.maxpreps.com/in/boonville/volleyball/","https://www.maxpreps.com/in/heritage-hills-lincoln-city/volleyball/","https://hsfootball.net/proxy.php?url=https%3A%2F%2Fimage.maxpreps.io%2Fschool-mascot%2Fe%2F8%2Fb%2Fe8b9d8c8-e9be-4c96-9377-3bda3a9beec5.gif%3Fversion%3D637311912600000000%26amp%3Bwidth%3D128%26amp%3Bheight%3D128%26amp%3Bauto%3Dwebp%26amp%3Bformat%3Dpjpg","https://hsfootball.net/proxy.php?url=https%3A%2F%2Fimage.maxpreps.io%2Fschool-mascot%2Fb%2Fd%2F8%2Fbd8b1080-f756-4d20-a800-6f8cf2630a46.gif%3Fversion%3D639151212518406260%26amp%3Bwidth%3D128%26amp%3Bheight%3D128%26amp%3Bauto%3Dwebp%26amp%3Bformat%3Dpjpg","girl"
18,"Phalen Leadership Academy vs Victory College Prep",Girls Volleyball,"Indiana",9/22/2026,5:30pm,"The Phalen Leadership Academy varsity volleyball team has an away non-conference match @  Victory College Prep (Indianapolis, IN) on Tuesday, September 22 @ 5:30p.","/in/volleyball/match/phalen-leadership-academy-indianapolis-vs-victory-college-prep-indianapolis/9-22-2026/?c=e0704e41-7666-4e4e-9314-d72be9815411","https://www.maxpreps.com/in/volleyball/match/phalen-leadership-academy-indianapolis-vs-victory-college-prep-indianapolis/9-22-2026/?c=e0704e41-7666-4e4e-9314-d72be9815411","/volleyball/in/1d56?9/22/2026","Phalen Leadership Academy","Falcon","https://www.maxpreps.com/in/phalen-leadership-academy-indianapolis/volleyball/","https://www.maxpreps.com/in/victory-college-prep-indianapolis/volleyball/","https://hsfootball.net/proxy.php?url=https%3A%2F%2Fimage.maxpreps.io%2Fschool-mascot%2F0%2F8%2F2%2F0828a563-8910-45b5-b75c-89c462c8372c.gif%3Fversion%3D637311907800000000%26amp%3Bwidth%3D128%26amp%3Bheight%3D128%26amp%3Bauto%3Dwebp%26amp%3Bformat%3Dpjpg","https://hsfootball.net/proxy.php?url=https%3A%2F%2Fimage.maxpreps.io%2Fschool-mascot%2F7%2F0%2Fa%2F70ac62a2-3366-43c6-bae1-da3c0328b0cd.gif%3Fversion%3D637691192400000000%26amp%3Bwidth%3D128%26amp%3Bheight%3D128%26amp%3Bauto%3Dwebp%26amp%3Bformat%3Dpjpg","girl"
19,"Indiana Christian Academy vs Tabernacle Christian",Girls Volleyball,"Indiana",9/22/2026,5:30pm,"The Indiana Christian Academy varsity volleyball team has an away conference match @  Tabernacle Christian (Martinsville, IN) on Tuesday, September 22 @ 5:30p.","/in/volleyball/match/indiana-christian-academy-anderson-vs-tabernacle-christian-martinsville/9-22-2026/?c=0a9a7c33-0614-49a0-9664-e50e153772f1","https://www.maxpreps.com/in/volleyball/match/indiana-christian-academy-anderson-vs-tabernacle-christian-martinsville/9-22-2026/?c=0a9a7c33-0614-49a0-9664-e50e153772f1","/volleyball/in/1bdb?9/22/2026","Indiana Christian Academy","Whirlwinds","https://www.maxpreps.com/in/indiana-christian-academy-anderson/volleyball/","https://www.maxpreps.com/in/tabernacle-christian-martinsville/volleyball/","https://hsfootball.net/proxy.php?url=https%3A%2F%2Fimage.maxpreps.io%2Fschool-mascot%2Fb%2F2%2F8%2Fb28df7ee-ba25-4b67-afdb-d1f79e2753b2.gif%3Fversion%3D638427310200000000%26amp%3Bwidth%3D128%26amp%3Bheight%3D128%26amp%3Bauto%3Dwebp%26amp%3Bformat%3Dpjpg","https://hsfootball.net/proxy.php?url=https%3A%2F%2Fimage.maxpreps.io%2Fschool-mascot%2Fd%2F7%2Fb%2Fd7b67df3-d9b5-47dc-b92d-198ce7fa42d4.gif%3Fversion%3D638748530291923960%26amp%3Bwidth%3D128%26amp%3Bheight%3D128%26amp%3Bauto%3Dwebp%26amp%3Bformat%3Dpjpg","girl"
20,"Mitchell vs West Washington",Girls Volleyball,"Indiana",9/22/2026,6:00pm,"The Mitchell varsity volleyball team has an away conference match @  West Washington (Campbellsburg, IN) on Tuesday, September 22 @ 6p.","/in/volleyball/match/mitchell-vs-west-washington-campbellsburg/9-22-2026/?c=ac7ca8c3-be75-4448-a022-d1e0caac30cc","https://www.maxpreps.com/in/volleyball/match/mitchell-vs-west-washington-campbellsburg/9-22-2026/?c=ac7ca8c3-be75-4448-a022-d1e0caac30cc","/volleyball/in/1057?9/22/2026","Mitchell","Bluejackets","https://www.maxpreps.com/in/mitchell/volleyball/","https://www.maxpreps.com/in/west-washington-campbellsburg/volleyball/","https://hsfootball.net/proxy.php?url=https%3A%2F%2Fimage.maxpreps.io%2Fschool-mascot%2F2%2F1%2F7%2F217d547d-e58f-4964-909e-3fd53a491e87.gif%3Fversion%3D635350568400000000%26amp%3Bwidth%3D128%26amp%3Bheight%3D128%26amp%3Bauto%3Dwebp%26amp%3Bformat%3Dpjpg","https://hsfootball.net/proxy.php?url=https%3A%2F%2Fimage.maxpreps.io%2Fschool-mascot%2Fe%2Fb%2Fa%2Febaf3aff-98e3-44f2-965d-ac214598aef2.gif%3Fversion%3D635936496600000000%26amp%3Bwidth%3D128%26amp%3Bheight%3D128%26amp%3Bauto%3Dwebp%26amp%3Bformat%3Dpjpg","girl"
21,"North Putnam vs North Montgomery",Girls Volleyball,"Indiana",9/22/2026,6:00pm,"The North Putnam varsity volleyball team has an away conference match @  North Montgomery (Crawfordsville, IN) on Tuesday, September 22 @ 6p.","/in/volleyball/match/north-montgomery-crawfordsville-vs-north-putnam-roachdale/9-22-2026/?c=3f4b877a-324f-4985-92ce-794d4608ca02","https://www.maxpreps.com/in/volleyball/match/north-montgomery-crawfordsville-vs-north-putnam-roachdale/9-22-2026/?c=3f4b877a-324f-4985-92ce-794d4608ca02","/volleyball/in/16bd?9/22/2026","North Putnam","Cougars","https://www.maxpreps.com/in/north-montgomery-crawfordsville/volleyball/","https://www.maxpreps.com/in/north-putnam-roachdale/volleyball/","https://hsfootball.net/proxy.php?url=https%3A%2F%2Fimage.maxpreps.io%2Fschool-mascot%2F2%2F0%2F5%2F20553adf-17e8-4b36-88df-a5501027a590.gif%3Fversion%3D637093056000000000%26amp%3Bwidth%3D128%26amp%3Bheight%3D128%26amp%3Bauto%3Dwebp%26amp%3Bformat%3Dpjpg","https://hsfootball.net/proxy.php?url=https%3A%2F%2Fimage.maxpreps.io%2Fschool-mascot%2F5%2F9%2F6%2F596a71ba-9e51-4108-8154-a4576f27c89c.gif%3Fversion%3D635263490400000000%26amp%3Bwidth%3D128%26amp%3Bheight%3D128%26amp%3Bauto%3Dwebp%26amp%3Bformat%3Dpjpg","girl"
22,"Daleville vs Wapahani",Girls Volleyball,"Indiana",9/22/2026,6:00pm,"The Daleville varsity volleyball team has an away conference match @  Wapahani (Selma, IN) on Tuesday, September 22 @ 6p.","/in/volleyball/match/daleville-vs-wapahani-selma/9-22-2026/?c=5f77fff9-3058-4cc1-b092-1124ed30c966","https://www.maxpreps.com/in/volleyball/match/daleville-vs-wapahani-selma/9-22-2026/?c=5f77fff9-3058-4cc1-b092-1124ed30c966","/volleyball/in/a7d?9/22/2026","Daleville","Broncos","https://www.maxpreps.com/in/daleville/volleyball/","https://www.maxpreps.com/in/wapahani-selma/volleyball/","https://hsfootball.net/proxy.php?url=https%3A%2F%2Fimage.maxpreps.io%2Fschool-mascot%2F3%2F1%2F8%2F318bcecd-168c-4bc9-8cf9-cad52d9b557d.gif%3Fversion%3D636782040000000000%26amp%3Bwidth%3D128%26amp%3Bheight%3D128%26amp%3Bauto%3Dwebp%26amp%3Bformat%3Dpjpg","https://hsfootball.net/proxy.php?url=https%3A%2F%2Fimage.maxpreps.io%2Fschool-mascot%2Fb%2Fb%2F0%2Fbb023c07-0313-470c-8df8-8502504ff6c7.gif%3Fversion%3D639152135137477080%26amp%3Bwidth%3D128%26amp%3Bheight%3D128%26amp%3Bauto%3Dwebp%26amp%3Bformat%3Dpjpg","girl"
23,"Indian Creek vs New Palestine",Girls Volleyball,"Indiana",9/22/2026,6:00pm,"The Indian Creek varsity volleyball team has an away non-conference match @  New Palestine (IN) on Tuesday, September 22 @ 6p.","/in/volleyball/match/indian-creek-trafalgar-vs-new-palestine/9-22-2026/?c=84c1cebb-3831-4100-945d-b7ab2f2c4a77","https://www.maxpreps.com/in/volleyball/match/indian-creek-trafalgar-vs-new-palestine/9-22-2026/?c=84c1cebb-3831-4100-945d-b7ab2f2c4a77","/volleyball/in/f0a?9/22/2026","Indian Creek","Braves","https://www.maxpreps.com/in/indian-creek-trafalgar/volleyball/","https://www.maxpreps.com/in/new-palestine/volleyball/","https://hsfootball.net/proxy.php?url=https%3A%2F%2Fimage.maxpreps.io%2Fschool-mascot%2Fa%2F8%2Fd%2Fa8d84c92-5b91-478a-9283-8e0822ad547d.gif%3Fversion%3D639152135086256510%26amp%3Bwidth%3D128%26amp%3Bheight%3D128%26amp%3Bauto%3Dwebp%26amp%3Bformat%3Dpjpg","https://hsfootball.net/proxy.php?url=https%3A%2F%2Fimage.maxpreps.io%2Fschool-mascot%2F2%2F5%2F3%2F25348cb3-095e-4007-82ae-938da047b7a2.gif%3Fversion%3D637335952800000000%26amp%3Bwidth%3D128%26amp%3Bheight%3D128%26amp%3Bauto%3Dwebp%26amp%3Bformat%3Dpjpg","girl"
24,"Centerville vs Winchester Community",Girls Volleyball,"Indiana",9/22/2026,6:00pm,"The Centerville varsity volleyball team has an away non-conference match @  Winchester Community (Winchester, IN) on Tuesday, September 22 @ 6p.","/in/volleyball/match/centerville-vs-winchester-community/9-22-2026/?c=416e4e26-92e1-4b3e-abc1-1ac7fe16a61c","https://www.maxpreps.com/in/volleyball/match/centerville-vs-winchester-community/9-22-2026/?c=416e4e26-92e1-4b3e-abc1-1ac7fe16a61c","/volleyball/in/e2e?9/22/2026","Centerville","Bulldogs","https://www.maxpreps.com/in/centerville/volleyball/","https://www.maxpreps.com/in/winchester-community/volleyball/","https://hsfootball.net/proxy.php?url=https%3A%2F%2Fimage.maxpreps.io%2Fschool-mascot%2Ff%2F5%2Fb%2Ff5bf0e02-4264-4817-a436-305838185745.gif%3Fversion%3D634194354000000000%26amp%3Bwidth%3D128%26amp%3Bheight%3D128%26amp%3Bauto%3Dwebp%26amp%3Bformat%3Dpjpg","https://hsfootball.net/proxy.php?url=https%3A%2F%2Fimage.maxpreps.io%2Fschool-mascot%2F0%2F2%2F6%2F02658930-238d-4c94-bdf4-a226a4495cda.gif%3Fversion%3D637309321200000000%26amp%3Bwidth%3D128%26amp%3Bheight%3D128%26amp%3Bauto%3Dwebp%26amp%3Bformat%3Dpjpg","girl"
25,"Liberty Christian vs Anderson",Girls Volleyball,"Indiana",9/22/2026,6:00pm,"The Liberty Christian varsity volleyball team has an away non-conference match @  Anderson (IN) on Tuesday, September 22 @ 6p.","/in/volleyball/match/anderson-vs-liberty-christian-anderson/9-22-2026/?c=c62cdbd8-ff09-4e1a-b201-6c09edcbfe70","https://www.maxpreps.com/in/volleyball/match/anderson-vs-liberty-christian-anderson/9-22-2026/?c=c62cdbd8-ff09-4e1a-b201-6c09edcbfe70","/volleyball/in/f11?9/22/2026","Liberty Christian","Lions","https://www.maxpreps.com/in/anderson/volleyball/","https://www.maxpreps.com/in/liberty-christian-anderson/volleyball/","https://hsfootball.net/proxy.php?url=https%3A%2F%2Fimage.maxpreps.io%2Fschool-mascot%2F1%2F6%2F2%2F1623c120-1ab5-4c05-9553-fef67f74e17b.gif%3Fversion%3D638949026296694780%26amp%3Bwidth%3D128%26amp%3Bheight%3D128%26amp%3Bauto%3Dwebp%26amp%3Bformat%3Dpjpg","https://hsfootball.net/proxy.php?url=https%3A%2F%2Fimage.maxpreps.io%2Fschool-mascot%2F6%2F5%2F2%2F6528f1d5-a10b-4798-b070-00877f8022dc.gif%3Fversion%3D638640583420450820%26amp%3Bwidth%3D128%26amp%3Bheight%3D128%26amp%3Bauto%3Dwebp%26amp%3Bformat%3Dpjpg","girl"
26,"Lakeland vs Eastside",Girls Volleyball,"Indiana",9/22/2026,6:00pm,"The Lakeland varsity volleyball team has an away conference match @  Eastside (Butler, IN) on Tuesday, September 22 @ 6p.","/in/volleyball/match/eastside-butler-vs-lakeland-lagrange/9-22-2026/?c=34f70d72-27fb-496a-bd05-26fe868d3832","https://www.maxpreps.com/in/volleyball/match/eastside-butler-vs-lakeland-lagrange/9-22-2026/?c=34f70d72-27fb-496a-bd05-26fe868d3832","/volleyball/in/dfa?9/22/2026","Lakeland","Lakers","https://www.maxpreps.com/in/eastside-butler/volleyball/","https://www.maxpreps.com/in/lakeland-lagrange/volleyball/","https://hsfootball.net/proxy.php?url=https%3A%2F%2Fimage.maxpreps.io%2Fschool-mascot%2F0%2Fa%2F0%2F0a0559a6-44ba-4e4e-9b11-f75c62914f80.gif%3Fversion%3D638646531502958180%26amp%3Bwidth%3D128%26amp%3Bheight%3D128%26amp%3Bauto%3Dwebp%26amp%3Bformat%3Dpjpg","https://hsfootball.net/proxy.php?url=https%3A%2F%2Fimage.maxpreps.io%2Fschool-mascot%2F9%2F3%2Fa%2F93ab923a-b634-4292-b3d4-ff6eeaae4c21.gif%3Fversion%3D637335975000000000%26amp%3Bwidth%3D128%26amp%3Bheight%3D128%26amp%3Bauto%3Dwebp%26amp%3Bformat%3Dpjpg","girl"
27,"Bellmont vs East Noble",Girls Volleyball,"Indiana",9/22/2026,6:00pm,"The Bellmont varsity volleyball team has an away conference match @  East Noble (Kendallville, IN) on Tuesday, September 22 @ 6p.","/in/volleyball/match/bellmont-decatur-vs-east-noble-kendallville/9-22-2026/?c=2af45fff-557b-49d5-b0aa-4ca71a2438b4","https://www.maxpreps.com/in/volleyball/match/bellmont-decatur-vs-east-noble-kendallville/9-22-2026/?c=2af45fff-557b-49d5-b0aa-4ca71a2438b4","/volleyball/in/10c3?9/22/2026","Bellmont","Braves","https://www.maxpreps.com/in/bellmont-decatur/volleyball/","https://www.maxpreps.com/in/east-noble-kendallville/volleyball/","https://hsfootball.net/proxy.php?url=https%3A%2F%2Fimage.maxpreps.io%2Fschool-mascot%2F8%2F2%2F9%2F829c5083-3491-4b33-88fb-9f727f94fa92.gif%3Fversion%3D637962506400000000%26amp%3Bwidth%3D128%26amp%3Bheight%3D128%26amp%3Bauto%3Dwebp%26amp%3Bformat%3Dpjpg","https://hsfootball.net/proxy.php?url=https%3A%2F%2Fimage.maxpreps.io%2Fschool-mascot%2F1%2F1%2Fc%2F11c09603-0efd-4684-a893-7fe89513d165.gif%3Fversion%3D638822898348623600%26amp%3Bwidth%3D128%26amp%3Bheight%3D128%26amp%3Bauto%3Dwebp%26amp%3Bformat%3Dpjpg","girl"
28,"Christian Academy vs Lanesville",Girls Volleyball,"Indiana",9/22/2026,6:00pm,"The Christian Academy varsity volleyball team has an away non-conference match @  Lanesville (IN) on Tuesday, September 22 @ 6p.","/in/volleyball/match/christian-academy-new-albany-vs-lanesville/9-22-2026/?c=24cfcc17-13a0-4daa-986f-c67d5f0fe1a4","https://www.maxpreps.com/in/volleyball/match/christian-academy-new-albany-vs-lanesville/9-22-2026/?c=24cfcc17-13a0-4daa-986f-c67d5f0fe1a4","/volleyball/in/1053?9/22/2026","Christian Academy","Warriors","https://www.maxpreps.com/in/christian-academy-new-albany/volleyball/","https://www.maxpreps.com/in/lanesville/volleyball/","https://hsfootball.net/proxy.php?url=https%3A%2F%2Fimage.maxpreps.io%2Fschool-mascot%2F1%2Fc%2Fd%2F1cdfa219-f0df-4cea-a5a7-8fde8a531cde.gif%3Fversion%3D637990452600000000%26amp%3Bwidth%3D128%26amp%3Bheight%3D128%26amp%3Bauto%3Dwebp%26amp%3Bformat%3Dpjpg","https://hsfootball.net/proxy.php?url=https%3A%2F%2Fimage.maxpreps.io%2Fschool-mascot%2Fa%2F5%2Fe%2Fa5e3031e-babe-4759-bcf9-480f8175679e.gif%3Fversion%3D637649708400000000%26amp%3Bwidth%3D128%26amp%3Bheight%3D128%26amp%3Bauto%3Dwebp%26amp%3Bformat%3Dpjpg","girl"
29,"Manchester vs Tippecanoe Valley",Girls Volleyball,"Indiana",9/22/2026,6:00pm,"The Manchester varsity volleyball team has an away non-conference match @  Tippecanoe Valley (Akron, IN) on Tuesday, September 22 @ 6p.","/in/volleyball/match/manchester-north-manchester-vs-tippecanoe-valley-akron/9-22-2026/?c=dbab93d8-67f7-47cb-9941-aa47aaff5768","https://www.maxpreps.com/in/volleyball/match/manchester-north-manchester-vs-tippecanoe-valley-akron/9-22-2026/?c=dbab93d8-67f7-47cb-9941-aa47aaff5768","/volleyball/in/1546?9/22/2026","Manchester","Squires","https://www.maxpreps.com/in/manchester-north-manchester/volleyball/","https://www.maxpreps.com/in/tippecanoe-valley-akron/volleyball/","https://hsfootball.net/proxy.php?url=https%3A%2F%2Fimage.maxpreps.io%2Fschool-mascot%2F2%2Fe%2Fa%2F2ea7e17c-0366-4e86-abfc-225a4826ce03.gif%3Fversion%3D638822896489081930%26amp%3Bwidth%3D128%26amp%3Bheight%3D128%26amp%3Bauto%3Dwebp%26amp%3Bformat%3Dpjpg","https://hsfootball.net/proxy.php?url=https%3A%2F%2Fimage.maxpreps.io%2Fschool-mascot%2Fd%2F2%2F1%2Fd2103cea-dd2a-44a1-9f7b-8c050cd2baf7.gif%3Fversion%3D637335958800000000%26amp%3Bwidth%3D128%26amp%3Bheight%3D128%26amp%3Bauto%3Dwebp%26amp%3Bformat%3Dpjpg","girl"
30,"Western vs Lewis Cass",Girls Volleyball,"Indiana",9/22/2026,6:00pm,"The Western varsity volleyball team has an away non-conference match @  Lewis Cass (Walton, IN) on Tuesday, September 22 @ 6p.","/in/volleyball/match/lewis-cass-walton-vs-western-russiaville/9-22-2026/?c=9d53cabf-7d77-4c81-9110-246415ad6495","https://www.maxpreps.com/in/volleyball/match/lewis-cass-walton-vs-western-russiaville/9-22-2026/?c=9d53cabf-7d77-4c81-9110-246415ad6495","/volleyball/in/fe8?9/22/2026","Western","Panthers","https://www.maxpreps.com/in/lewis-cass-walton/volleyball/","https://www.maxpreps.com/in/western-russiaville/volleyball/","https://hsfootball.net/proxy.php?url=https%3A%2F%2Fimage.maxpreps.io%2Fschool-mascot%2F7%2F5%2Ff%2F75fbf856-4218-4f27-ba68-e1cb094ae8b4.gif%3Fversion%3D639161571547591550%26amp%3Bwidth%3D128%26amp%3Bheight%3D128%26amp%3Bauto%3Dwebp%26amp%3Bformat%3Dpjpg","https://hsfootball.net/proxy.php?url=https%3A%2F%2Fimage.maxpreps.io%2Fschool-mascot%2F2%2F1%2F3%2F2135babe-675e-4198-9013-a55ede8a06a2.gif%3Fversion%3D636007953600000000%26amp%3Bwidth%3D128%26amp%3Bheight%3D128%26amp%3Bauto%3Dwebp%26amp%3Bformat%3Dpjpg","girl"
31,"Muncie Central vs Delta",Girls Volleyball,"Indiana",9/22/2026,6:00pm,"The Muncie Central varsity volleyball team has an away non-conference match @  Delta (Muncie, IN) on Tuesday, September 22 @ 6p.","/in/volleyball/match/delta-muncie-vs-muncie-central/9-22-2026/?c=4d4ad384-7bf3-4382-8a9a-55a6b01ecb16","https://www.maxpreps.com/in/volleyball/match/delta-muncie-vs-muncie-central/9-22-2026/?c=4d4ad384-7bf3-4382-8a9a-55a6b01ecb16","/volleyball/in/b92?9/22/2026","Muncie Central","Bearcats","https://www.maxpreps.com/in/delta-muncie/volleyball/","https://www.maxpreps.com/in/muncie-central/volleyball/","https://hsfootball.net/proxy.php?url=https%3A%2F%2Fimage.maxpreps.io%2Fschool-mascot%2Fd%2F6%2Fa%2Fd6a93264-4f72-466a-9e20-f2fcc848cb92.gif%3Fversion%3D636517749600000000%26amp%3Bwidth%3D128%26amp%3Bheight%3D128%26amp%3Bauto%3Dwebp%26amp%3Bformat%3Dpjpg","https://hsfootball.net/proxy.php?url=https%3A%2F%2Fimage.maxpreps.io%2Fschool-mascot%2F2%2F0%2F3%2F20339515-8102-43e3-94cd-254c5d5453cd.gif%3Fversion%3D637335948600000000%26amp%3Bwidth%3D128%26amp%3Bheight%3D128%26amp%3Bauto%3Dwebp%26amp%3Bformat%3Dpjpg","girl"
32,"Brown County vs Cloverdale",Girls Volleyball,"Indiana",9/22/2026,6:00pm,"The Brown County varsity volleyball team has an away non-conference match @  Cloverdale (IN) on Tuesday, September 22 @ 6p.","/in/volleyball/match/brown-county-nashville-vs-cloverdale/9-22-2026/?c=f74ca52e-a5e0-4ca3-91ed-df8137e223e4","https://www.maxpreps.com/in/volleyball/match/brown-county-nashville-vs-cloverdale/9-22-2026/?c=f74ca52e-a5e0-4ca3-91ed-df8137e223e4","/volleyball/in/e4e?9/22/2026","Brown County","Eagles","https://www.maxpreps.com/in/brown-county-nashville/volleyball/","https://www.maxpreps.com/in/cloverdale/volleyball/","https://hsfootball.net/proxy.php?url=https%3A%2F%2Fimage.maxpreps.io%2Fschool-mascot%2F7%2Fa%2F3%2F7a304727-7bb2-4b5e-9cd7-079da2528fb5.gif%3Fversion%3D639155570694812080%26amp%3Bwidth%3D128%26amp%3Bheight%3D128%26amp%3Bauto%3Dwebp%26amp%3Bformat%3Dpjpg","https://hsfootball.net/proxy.php?url=https%3A%2F%2Fimage.maxpreps.io%2Fschool-mascot%2F4%2Fd%2Fe%2F4de0a970-69fa-4352-b0b4-fa9d261d5224.gif%3Fversion%3D637335948000000000%26amp%3Bwidth%3D128%26amp%3Bheight%3D128%26amp%3Bauto%3Dwebp%26amp%3Bformat%3Dpjpg","girl"
33,"Brebeuf Jesuit Preparatory vs Cathedral",Girls Volleyball,"Indiana",9/22/2026,6:00pm,"The Brebeuf Jesuit Preparatory varsity volleyball team has an away non-conference match @  Cathedral (Indianapolis, IN) on Tuesday, September 22 @ 6p.","/in/volleyball/match/brebeuf-jesuit-preparatory-indianapolis-vs-cathedral-indianapolis/9-22-2026/?c=4375f1be-8ae8-45b8-bd4a-076788101f73","https://www.maxpreps.com/in/volleyball/match/brebeuf-jesuit-preparatory-indianapolis-vs-cathedral-indianapolis/9-22-2026/?c=4375f1be-8ae8-45b8-bd4a-076788101f73","/volleyball/in/19bd?9/22/2026","Brebeuf Jesuit Preparatory","Braves","https://www.maxpreps.com/in/brebeuf-jesuit-preparatory-indianapolis/volleyball/","https://www.maxpreps.com/in/cathedral-indianapolis/volleyball/","https://hsfootball.net/proxy.php?url=https%3A%2F%2Fimage.maxpreps.io%2Fschool-mascot%2Fb%2F4%2Fe%2Fb4e79919-2b2a-4144-87d2-a97f1bffb48b.gif%3Fversion%3D637335947400000000%26amp%3Bwidth%3D128%26amp%3Bheight%3D128%26amp%3Bauto%3Dwebp%26amp%3Bformat%3Dpjpg","https://hsfootball.net/proxy.php?url=https%3A%2F%2Fimage.maxpreps.io%2Fschool-mascot%2F1%2F2%2F2%2F1220daa6-610c-4600-a8e8-974d00f12ff3.gif%3Fversion%3D636142950600000000%26amp%3Bwidth%3D128%26amp%3Bheight%3D128%26amp%3Bauto%3Dwebp%26amp%3Bformat%3Dpjpg","girl"
34,"Crawford County vs Borden",Girls Volleyball,"Indiana",9/22/2026,6:00pm,"The Crawford County varsity volleyball team has an away non-conference match @  Borden (IN) on Tuesday, September 22 @ 6p.","/in/volleyball/match/borden-vs-crawford-county-marengo/9-22-2026/?c=f5cfcc3c-e454-4fbd-ba93-88977750a608","https://www.maxpreps.com/in/volleyball/match/borden-vs-crawford-county-marengo/9-22-2026/?c=f5cfcc3c-e454-4fbd-ba93-88977750a608","/volleyball/in/cfa?9/22/2026","Crawford County","Wolfpack","https://www.maxpreps.com/in/borden/volleyball/","https://www.maxpreps.com/in/crawford-county-marengo/volleyball/","https://hsfootball.net/proxy.php?url=https%3A%2F%2Fimage.maxpreps.io%2Fschool-mascot%2F8%2Ff%2F5%2F8f57d6fd-f373-4da3-900d-dea0458a34ec.gif%3Fversion%3D636008058000000000%26amp%3Bwidth%3D128%26amp%3Bheight%3D128%26amp%3Bauto%3Dwebp%26amp%3Bformat%3Dpjpg","https://hsfootball.net/proxy.php?url=https%3A%2F%2Fimage.maxpreps.io%2Fschool-mascot%2F2%2F3%2F3%2F2330870d-2f50-4165-bc85-067d7ddc73f7.gif%3Fversion%3D635896560600000000%26amp%3Bwidth%3D128%26amp%3Bheight%3D128%26amp%3Bauto%3Dwebp%26amp%3Bformat%3Dpjpg","girl"
35,"Frankfort vs Tipton",Girls Volleyball,"Indiana",9/22/2026,6:00pm,"The Frankfort varsity volleyball team has an away non-conference match @  Tipton (IN) on Tuesday, September 22 @ 6p.","/in/volleyball/match/frankfort-vs-tipton/9-22-2026/?c=085c5cc8-829c-4e36-8504-0ea207be49b5","https://www.maxpreps.com/in/volleyball/match/frankfort-vs-tipton/9-22-2026/?c=085c5cc8-829c-4e36-8504-0ea207be49b5","/volleyball/in/7ae?9/22/2026","Frankfort","Hot Dogs","https://www.maxpreps.com/in/frankfort/volleyball/","https://www.maxpreps.com/in/tipton/volleyball/","https://hsfootball.net/proxy.php?url=https%3A%2F%2Fimage.maxpreps.io%2Fschool-mascot%2F4%2F0%2Fb%2F40ba0d8e-82e2-4229-8afc-0a305eca963b.gif%3Fversion%3D637335950400000000%26amp%3Bwidth%3D128%26amp%3Bheight%3D128%26amp%3Bauto%3Dwebp%26amp%3Bformat%3Dpjpg","https://hsfootball.net/proxy.php?url=https%3A%2F%2Fimage.maxpreps.io%2Fschool-mascot%2Fd%2F3%2F1%2Fd31c701d-7a30-41bb-bde3-f9cf2ef0fb4c.gif%3Fversion%3D638109221400000000%26amp%3Bwidth%3D128%26amp%3Bheight%3D128%26amp%3Bauto%3Dwebp%26amp%3Bformat%3Dpjpg","girl"
36,"South Central vs Henryville",Girls Volleyball,"Indiana",9/22/2026,6:00pm,"The South Central varsity volleyball team has an away conference match @  Henryville (IN) on Tuesday, September 22 @ 6p.","/in/volleyball/match/henryville-vs-south-central-elizabeth/9-22-2026/?c=aca5bcf0-fa46-4107-8c31-04def37b2626","https://www.maxpreps.com/in/volleyball/match/henryville-vs-south-central-elizabeth/9-22-2026/?c=aca5bcf0-fa46-4107-8c31-04def37b2626","/volleyball/in/eb3?9/22/2026","South Central","Rebels","https://www.maxpreps.com/in/henryville/volleyball/","https://www.maxpreps.com/in/south-central-elizabeth/volleyball/","https://hsfootball.net/proxy.php?url=https%3A%2F%2Fimage.maxpreps.io%2Fschool-mascot%2Fc%2Fc%2F3%2Fcc359c1b-2af7-4ff2-b6ca-19fc6a4b9c87.gif%3Fversion%3D636017645400000000%26amp%3Bwidth%3D128%26amp%3Bheight%3D128%26amp%3Bauto%3Dwebp%26amp%3Bformat%3Dpjpg","https://hsfootball.net/proxy.php?url=https%3A%2F%2Fimage.maxpreps.io%2Fschool-mascot%2F3%2Fc%2F6%2F3c62c760-7bec-4efa-bd3e-7b6537cc4d3e.gif%3Fversion%3D638980414150317080%26amp%3Bwidth%3D128%26amp%3Bheight%3D128%26amp%3Bauto%3Dwebp%26amp%3Bformat%3Dpjpg","girl"
37,"Benton Central vs Twin Lakes",Girls Volleyball,"Indiana",9/22/2026,6:00pm,"The Benton Central varsity volleyball team has an away conference match @  Twin Lakes (Monticello, IN) on Tuesday, September 22 @ 6p.","/in/volleyball/match/benton-central-oxford-vs-twin-lakes-monticello/9-22-2026/?c=73e57e68-6d9f-46b4-84c4-781b4005f0fd","https://www.maxpreps.com/in/volleyball/match/benton-central-oxford-vs-twin-lakes-monticello/9-22-2026/?c=73e57e68-6d9f-46b4-84c4-781b4005f0fd","/volleyball/in/1200?9/22/2026","Benton Central","Bison","https://www.maxpreps.com/in/benton-central-oxford/volleyball/","https://www.maxpreps.com/in/twin-lakes-monticello/volleyball/","https://hsfootball.net/proxy.php?url=https%3A%2F%2Fimage.maxpreps.io%2Fschool-mascot%2F8%2F8%2Fc%2F88c4a9fb-4f75-49d7-91ef-781fd514cef9.gif%3Fversion%3D638016982800000000%26amp%3Bwidth%3D128%26amp%3Bheight%3D128%26amp%3Bauto%3Dwebp%26amp%3Bformat%3Dpjpg","https://hsfootball.net/proxy.php?url=https%3A%2F%2Fimage.maxpreps.io%2Fschool-mascot%2F4%2F4%2Fb%2F44b7d35f-c880-4fe2-b019-da3c50ae8fba.gif%3Fversion%3D637335976200000000%26amp%3Bwidth%3D128%26amp%3Bheight%3D128%26amp%3Bauto%3Dwebp%26amp%3Bformat%3Dpjpg","girl"
38,"Hagerstown vs Union City",Girls Volleyball,"Indiana",9/22/2026,6:00pm,"The Hagerstown varsity volleyball team has an away conference match @  Union City (IN) on Tuesday, September 22 @ 6p.","/in/volleyball/match/hagerstown-vs-union-city/9-22-2026/?c=d640cc08-3400-4da6-8639-330c1cd7accc","https://www.maxpreps.com/in/volleyball/match/hagerstown-vs-union-city/9-22-2026/?c=d640cc08-3400-4da6-8639-330c1cd7accc","/volleyball/in/994?9/22/2026","Hagerstown","Tigers","https://www.maxpreps.com/in/hagerstown/volleyball/","https://www.maxpreps.com/in/union-city/volleyball/","https://hsfootball.net/proxy.php?url=https%3A%2F%2Fimage.maxpreps.io%2Fschool-mascot%2F4%2Fc%2Fd%2F4cd8f48b-cdae-4b61-8c12-25dee0004bb2.gif%3Fversion%3D637304820600000000%26amp%3Bwidth%3D128%26amp%3Bheight%3D128%26amp%3Bauto%3Dwebp%26amp%3Bformat%3Dpjpg","https://hsfootball.net/proxy.php?url=https%3A%2F%2Fimage.maxpreps.io%2Fschool-mascot%2Fe%2Fe%2F6%2Fee6d2c1e-ca69-4666-8a36-0d9760c64550.gif%3Fversion%3D637335976800000000%26amp%3Bwidth%3D128%26amp%3Bheight%3D128%26amp%3Bauto%3Dwebp%26amp%3Bformat%3Dpjpg","girl"
39,"Madison-Grant vs Blue River Valley",Girls Volleyball,"Indiana",9/22/2026,6:00pm,"The Madison-Grant varsity volleyball team has an away non-conference match @  Blue River Valley (Mt. Summit, IN) on Tuesday, September 22 @ 6p.","/in/volleyball/match/blue-river-valley-mt-summit-vs-madison-grant-fairmount/9-22-2026/?c=1ee8765f-ac77-4f03-8fbc-813bf22a51b1","https://www.maxpreps.com/in/volleyball/match/blue-river-valley-mt-summit-vs-madison-grant-fairmount/9-22-2026/?c=1ee8765f-ac77-4f03-8fbc-813bf22a51b1","/volleyball/in/150a?9/22/2026","Madison-Grant","Argylls","https://www.maxpreps.com/in/blue-river-valley-mt-summit/volleyball/","https://www.maxpreps.com/in/madison-grant-fairmount/volleyball/","https://hsfootball.net/proxy.php?url=https%3A%2F%2Fimage.maxpreps.io%2Fschool-mascot%2F4%2F9%2Fb%2F49bb8b28-ebb0-46eb-80a7-88d2d575ea5a.gif%3Fversion%3D637714307400000000%26amp%3Bwidth%3D128%26amp%3Bheight%3D128%26amp%3Bauto%3Dwebp%26amp%3Bformat%3Dpjpg","https://hsfootball.net/proxy.php?url=https%3A%2F%2Fimage.maxpreps.io%2Fschool-mascot%2F7%2F3%2Fb%2F73b89eaf-af90-4cbc-9dd7-08f357ccc868.gif%3Fversion%3D637691187600000000%26amp%3Bwidth%3D128%26amp%3Bheight%3D128%26amp%3Bauto%3Dwebp%26amp%3Bformat%3Dpjpg","girl"
40,"North White vs Delphi Community",Girls Volleyball,"Indiana",9/22/2026,6:00pm,"The North White varsity volleyball team has an away non-conference match @  Delphi Community (Delphi, IN) on Tuesday, September 22 @ 6p.","/in/volleyball/match/delphi-community-vs-north-white-monon/9-22-2026/?c=74c4530b-2d4b-4cc6-955d-06fde68632c0","https://www.maxpreps.com/in/volleyball/match/delphi-community-vs-north-white-monon/9-22-2026/?c=74c4530b-2d4b-4cc6-955d-06fde68632c0","/volleyball/in/e98?9/22/2026","North White","Vikings","https://www.maxpreps.com/in/delphi-community/volleyball/","https://www.maxpreps.com/in/north-white-monon/volleyball/","https://hsfootball.net/proxy.php?url=https%3A%2F%2Fimage.maxpreps.io%2Fschool-mascot%2F6%2F8%2F3%2F68305f3e-56b8-4883-b06c-b5b427eff60f.gif%3Fversion%3D636118115400000000%26amp%3Bwidth%3D128%26amp%3Bheight%3D128%26amp%3Bauto%3Dwebp%26amp%3Bformat%3Dpjpg","https://hsfootball.net/proxy.php?url=https%3A%2F%2Fimage.maxpreps.io%2Fschool-mascot%2F6%2F3%2Fc%2F63c20e8b-d73a-4f14-9ac6-cb88f7bc5c0a.gif%3Fversion%3D639229006064298510%26amp%3Bwidth%3D128%26amp%3Bheight%3D128%26amp%3Bauto%3Dwebp%26amp%3Bformat%3Dpjpg","girl"
41,"Indianapolis Washington vs Indiana Math &amp; Science Academy North",Girls Volleyball,"Indiana",9/22/2026,6:00pm,"The Indianapolis Washington varsity volleyball team has an away non-conference match @  Indiana Math &amp; Science Academy North (Indianapolis, IN) on Tuesday, September 22 @ 6p.","/in/volleyball/match/indiana-math-and-science-academy-north-indianapolis-vs-indianapolis-washington/9-22-2026/?c=ee7aa814-8897-41ca-92db-fde24049cb39","https://www.maxpreps.com/in/volleyball/match/indiana-math-and-science-academy-north-indianapolis-vs-indianapolis-washington/9-22-2026/?c=ee7aa814-8897-41ca-92db-fde24049cb39","/volleyball/in/1e40?9/22/2026","Indianapolis Washington","Continentals","https://www.maxpreps.com/in/indiana-math-and-science-academy-north-indianapolis/girls-volleyball/","https://www.maxpreps.com/in/indianapolis-washington/girls-volleyball/","https://hsfootball.net/proxy.php?url=https%3A%2F%2Fimage.maxpreps.io%2Fschool-mascot%2F4%2Fe%2F8%2F4e8752f9-fa74-40a6-92d0-9ac80404f6b6.gif%3Fversion%3D637335951000000000%26amp%3Bwidth%3D128%26amp%3Bheight%3D128%26amp%3Bauto%3Dwebp%26amp%3Bformat%3Dpjpg","https://hsfootball.net/proxy.php?url=https%3A%2F%2Fimage.maxpreps.io%2Fschool-mascot%2F8%2F3%2Fe%2F83e6fe80-ddf9-4ae8-853a-05932db73f18.gif%3Fversion%3D637088137800000000%26amp%3Bwidth%3D128%26amp%3Bheight%3D128%26amp%3Bauto%3Dwebp%26amp%3Bformat%3Dpjpg","girl"
42,"Faith Christian vs Tri-County",Girls Volleyball,"Indiana",9/22/2026,6:00pm,"The Faith Christian varsity volleyball team has an away conference match @  Tri-County (Wolcott, IN) on Tuesday, September 22 @ 6p.","/in/volleyball/match/faith-christian-lafayette-vs-tri-county-wolcott/9-22-2026/?c=1b3495c1-61c2-4823-81e8-c2f1f391bd00","https://www.maxpreps.com/in/volleyball/match/faith-christian-lafayette-vs-tri-county-wolcott/9-22-2026/?c=1b3495c1-61c2-4823-81e8-c2f1f391bd00","/volleyball/in/1284?9/22/2026","Faith Christian","Eagles","https://www.maxpreps.com/in/faith-christian-lafayette/girls-volleyball/","https://www.maxpreps.com/in/tri-county-wolcott/girls-volleyball/","https://hsfootball.net/proxy.php?url=https%3A%2F%2Fimage.maxpreps.io%2Fschool-mascot%2F7%2F2%2F1%2F7217f8c0-301e-4ff7-93f7-fb6b9ec5e821.gif%3Fversion%3D636887874600000000%26amp%3Bwidth%3D128%26amp%3Bheight%3D128%26amp%3Bauto%3Dwebp%26amp%3Bformat%3Dpjpg","https://hsfootball.net/proxy.php?url=https%3A%2F%2Fimage.maxpreps.io%2Fschool-mascot%2Ff%2Ff%2F7%2Fff776e5a-cf39-4acc-bf27-0b5d8ea7b4bd.gif%3Fversion%3D637309320000000000%26amp%3Bwidth%3D128%26amp%3Bheight%3D128%26amp%3Bauto%3Dwebp%26amp%3Bformat%3Dpjpg","girl"
43,"Marion vs Alexandria-Monroe",Girls Volleyball,"Indiana",9/22/2026,6:00pm,"The Marion varsity volleyball team has an away non-conference match @  Alexandria-Monroe (Alexandria, IN) on Tuesday, September 22 @ 6p.","/in/volleyball/match/alexandria-monroe-vs-marion/9-22-2026/?c=e5e0cf85-f98b-4071-b263-4d50434e02dd","https://www.maxpreps.com/in/volleyball/match/alexandria-monroe-vs-marion/9-22-2026/?c=e5e0cf85-f98b-4071-b263-4d50434e02dd","/volleyball/in/a9f?9/22/2026","Marion","Giants","https://www.maxpreps.com/in/alexandria-monroe/girls-volleyball/","https://www.maxpreps.com/in/marion/girls-volleyball/","https://hsfootball.net/proxy.php?url=https%3A%2F%2Fimage.maxpreps.io%2Fschool-mascot%2F7%2F0%2F8%2F7082b7ef-e0d7-4749-9b0c-eaab08ff2864.gif%3Fversion%3D635398973400000000%26amp%3Bwidth%3D128%26amp%3Bheight%3D128%26amp%3Bauto%3Dwebp%26amp%3Bformat%3Dpjpg","https://hsfootball.net/proxy.php?url=https%3A%2F%2Fimage.maxpreps.io%2Fschool-mascot%2Fd%2Fd%2Fb%2Fddba3e2a-e2fc-444f-aad4-b92fb590b35f.gif%3Fversion%3D639152135104287860%26amp%3Bwidth%3D128%26amp%3Bheight%3D128%26amp%3Bauto%3Dwebp%26amp%3Bformat%3Dpjpg","girl"
44,"North Miami vs Caston",Girls Volleyball,"Indiana",9/22/2026,6:00pm,"The North Miami varsity volleyball team has an away conference match @  Caston (Fulton, IN) on Tuesday, September 22 @ 6p.","/in/volleyball/match/caston-fulton-vs-north-miami-denver/9-22-2026/?c=4aa5e3a7-9d7c-4c27-b6c6-552750dad5c9","https://www.maxpreps.com/in/volleyball/match/caston-fulton-vs-north-miami-denver/9-22-2026/?c=4aa5e3a7-9d7c-4c27-b6c6-552750dad5c9","/volleyball/in/da6?9/22/2026","North Miami","Warriors","https://www.maxpreps.com/in/caston-fulton/girls-volleyball/","https://www.maxpreps.com/in/north-miami-denver/girls-volleyball/","https://hsfootball.net/proxy.php?url=https%3A%2F%2Fimage.maxpreps.io%2Fschool-mascot%2F8%2F2%2F9%2F82930fdc-60a1-445f-ad8b-36c89b1cdb6d.gif%3Fversion%3D639152135260202360%26amp%3Bwidth%3D128%26amp%3Bheight%3D128%26amp%3Bauto%3Dwebp%26amp%3Bformat%3Dpjpg","https://hsfootball.net/proxy.php?url=https%3A%2F%2Fimage.maxpreps.io%2Fschool-mascot%2F5%2Fb%2F6%2F5b6f8822-2ba9-4886-a751-553e52a49e17.gif%3Fversion%3D636017635800000000%26amp%3Bwidth%3D128%26amp%3Bheight%3D128%26amp%3Bauto%3Dwebp%26amp%3Bformat%3Dpjpg","girl"
45,"Clinton Central vs Traders Point Christian",Girls Volleyball,"Indiana",9/22/2026,6:00pm,"The Clinton Central varsity volleyball team has an away non-conference match @  Traders Point Christian (Whitestown, IN) on Tuesday, September 22 @ 6p.","/in/volleyball/match/clinton-central-michigantown-vs-traders-point-christian-whitestown/9-22-2026/?c=89651703-97a2-4c57-b859-5f6e6462bf8f","https://www.maxpreps.com/in/volleyball/match/clinton-central-michigantown-vs-traders-point-christian-whitestown/9-22-2026/?c=89651703-97a2-4c57-b859-5f6e6462bf8f","/volleyball/in/1a4c?9/22/2026","Clinton Central","Bulldogs","https://www.maxpreps.com/in/clinton-central-michigantown/girls-volleyball/","https://www.maxpreps.com/in/traders-point-christian-whitestown/girls-volleyball/","https://hsfootball.net/proxy.php?url=https%3A%2F%2Fimage.maxpreps.io%2Fschool-mascot%2Fc%2F1%2Ff%2Fc1fb76b0-2dde-4bc3-9d4b-feac97550f71.gif%3Fversion%3D638603731561973220%26amp%3Bwidth%3D128%26amp%3Bheight%3D128%26amp%3Bauto%3Dwebp%26amp%3Bformat%3Dpjpg","https://hsfootball.net/proxy.php?url=https%3A%2F%2Fimage.maxpreps.io%2Fschool-mascot%2F3%2Fe%2Fa%2F3ea313ad-7750-41e9-97d5-1f6126380cd4.gif%3Fversion%3D637335959400000000%26amp%3Bwidth%3D128%26amp%3Bheight%3D128%26amp%3Bauto%3Dwebp%26amp%3Bformat%3Dpjpg","girl"
46,"Northfield vs Southwood",Girls Volleyball,"Indiana",9/22/2026,6:00pm,"The Northfield varsity volleyball team has an away conference match @  Southwood (Wabash, IN) on Tuesday, September 22 @ 6p.","/in/volleyball/match/northfield-wabash-vs-southwood-wabash/9-22-2026/?c=085416f5-5c85-4dbb-ba43-4a16f240198d","https://www.maxpreps.com/in/volleyball/match/northfield-wabash-vs-southwood-wabash/9-22-2026/?c=085416f5-5c85-4dbb-ba43-4a16f240198d","/volleyball/in/ea4?9/22/2026","Northfield","Norsemen","https://www.maxpreps.com/in/northfield-wabash/girls-volleyball/","https://www.maxpreps.com/in/southwood-wabash/girls-volleyball/","https://hsfootball.net/proxy.php?url=https%3A%2F%2Fimage.maxpreps.io%2Fschool-mascot%2Fb%2F6%2F2%2Fb62f716d-2c05-431f-b656-5f7de2311142.gif%3Fversion%3D637335952800000000%26amp%3Bwidth%3D128%26amp%3Bheight%3D128%26amp%3Bauto%3Dwebp%26amp%3Bformat%3Dpjpg","https://hsfootball.net/proxy.php?url=https%3A%2F%2Fimage.maxpreps.io%2Fschool-mascot%2Fc%2Fa%2F2%2Fca24efa0-6d19-4d84-b939-22317d19a571.gif%3Fversion%3D638823862031502710%26amp%3Bwidth%3D128%26amp%3Bheight%3D128%26amp%3Bauto%3Dwebp%26amp%3Bformat%3Dpjpg","girl"
47,"Norwell vs Columbia City",Girls Volleyball,"Indiana",9/22/2026,6:00pm,"The Norwell varsity volleyball team has an away conference match @  Columbia City (IN) on Tuesday, September 22 @ 6p.","/in/volleyball/match/columbia-city-vs-norwell-ossian/9-22-2026/?c=6b564338-3b64-46d0-a331-8ce93465c0a8","https://www.maxpreps.com/in/volleyball/match/columbia-city-vs-norwell-ossian/9-22-2026/?c=6b564338-3b64-46d0-a331-8ce93465c0a8","/volleyball/in/c32?9/22/2026","Norwell","Knights","https://www.maxpreps.com/in/columbia-city/girls-volleyball/","https://www.maxpreps.com/in/norwell-ossian/girls-volleyball/","https://hsfootball.net/proxy.php?url=https%3A%2F%2Fimage.maxpreps.io%2Fschool-mascot%2F2%2Ff%2Ff%2F2ffa64d4-1554-4cd1-bc08-f1a79e84cd61.gif%3Fversion%3D638260596600000000%26amp%3Bwidth%3D128%26amp%3Bheight%3D128%26amp%3Bauto%3Dwebp%26amp%3Bformat%3Dpjpg","https://hsfootball.net/proxy.php?url=https%3A%2F%2Fimage.maxpreps.io%2Fschool-mascot%2Fe%2F5%2F1%2Fe51f7c72-2fcd-4cfb-8cf4-9ad650b42363.gif%3Fversion%3D639151212542286970%26amp%3Bwidth%3D128%26amp%3Bheight%3D128%26amp%3Bauto%3Dwebp%26amp%3Bformat%3Dpjpg","girl"
48,"Corydon Central vs Paoli",Girls Volleyball,"Indiana",9/22/2026,6:00pm,"The Corydon Central varsity volleyball team has an away non-conference match @  Paoli (IN) on Tuesday, September 22 @ 6p.","/in/volleyball/match/corydon-central-vs-paoli/9-22-2026/?c=7ba6a81c-bc7e-41da-ba8e-cf9d8b504901","https://www.maxpreps.com/in/volleyball/match/corydon-central-vs-paoli/9-22-2026/?c=7ba6a81c-bc7e-41da-ba8e-cf9d8b504901","/volleyball/in/96c?9/22/2026","Corydon Central","Panthers","https://www.maxpreps.com/in/corydon-central/girls-volleyball/","https://www.maxpreps.com/in/paoli/girls-volleyball/","https://hsfootball.net/proxy.php?url=https%3A%2F%2Fimage.maxpreps.io%2Fschool-mascot%2Fd%2Fa%2F0%2Fda04d352-af7d-41cf-b70c-89db03a7741b.gif%3Fversion%3D639155570511731710%26amp%3Bwidth%3D128%26amp%3Bheight%3D128%26amp%3Bauto%3Dwebp%26amp%3Bformat%3Dpjpg","https://hsfootball.net/proxy.php?url=https%3A%2F%2Fimage.maxpreps.io%2Fschool-mascot%2Fc%2Fa%2Fd%2Fcad207d3-0661-489d-ab60-07cc7dd0d7e9.gif%3Fversion%3D636106600800000000%26amp%3Bwidth%3D128%26amp%3Bheight%3D128%26amp%3Bauto%3Dwebp%26amp%3Bformat%3Dpjpg","girl"
49,"Linton-Stockton vs North Knox",Girls Volleyball,"Indiana",9/22/2026,6:00pm,"The Linton-Stockton varsity volleyball team has an away non-conference match @  North Knox (Bicknell, IN) on Tuesday, September 22 @ 6p.","/in/volleyball/match/linton-stockton-vs-north-knox-bicknell/9-22-2026/?c=430d1369-d08e-460e-bb9c-19eb7a4f8b49","https://www.maxpreps.com/in/volleyball/match/linton-stockton-vs-north-knox-bicknell/9-22-2026/?c=430d1369-d08e-460e-bb9c-19eb7a4f8b49","/volleyball/in/f02?9/22/2026","Linton-Stockton","Miners","https://www.maxpreps.com/in/linton-stockton/girls-volleyball/","https://www.maxpreps.com/in/north-knox-bicknell/girls-volleyball/","https://hsfootball.net/proxy.php?url=https%3A%2F%2Fimage.maxpreps.io%2Fschool-mascot%2F0%2Fa%2F1%2F0a1ac421-1a47-46ff-8761-cd375a1a829e.gif%3Fversion%3D636161864400000000%26amp%3Bwidth%3D128%26amp%3Bheight%3D128%26amp%3Bauto%3Dwebp%26amp%3Bformat%3Dpjpg","https://hsfootball.net/proxy.php?url=https%3A%2F%2Fimage.maxpreps.io%2Fschool-mascot%2Fa%2Fc%2Fb%2Facb89daf-f2e5-4e63-adba-1a1c25e09a3c.gif%3Fversion%3D637311914400000000%26amp%3Bwidth%3D128%26amp%3Bheight%3D128%26amp%3Bauto%3Dwebp%26amp%3Bformat%3Dpjpg","girl"
50,"South Adams vs Jay County",Girls Volleyball,"Indiana",9/22/2026,6:00pm,"The South Adams varsity volleyball team has an away conference match @  Jay County (Portland, IN) on Tuesday, September 22 @ 6p.","/in/volleyball/match/jay-county-portland-vs-south-adams-berne/9-22-2026/?c=aa69cb0d-0bc7-470a-aca9-34866d6c959f","https://www.maxpreps.com/in/volleyball/match/jay-county-portland-vs-south-adams-berne/9-22-2026/?c=aa69cb0d-0bc7-470a-aca9-34866d6c959f","/volleyball/in/f86?9/22/2026","South Adams","Starfires","https://www.maxpreps.com/in/jay-county-portland/girls-volleyball/","https://www.maxpreps.com/in/south-adams-berne/girls-volleyball/","https://hsfootball.net/proxy.php?url=https%3A%2F%2Fimage.maxpreps.io%2Fschool-mascot%2F0%2F1%2F7%2F0170780c-bbfe-4af0-a554-7b88917efa21.gif%3Fversion%3D638829805688807500%26amp%3Bwidth%3D128%26amp%3Bheight%3D128%26amp%3Bauto%3Dwebp%26amp%3Bformat%3Dpjpg","https://hsfootball.net/proxy.php?url=https%3A%2F%2Fimage.maxpreps.io%2Fschool-mascot%2Ff%2F4%2F8%2Ff48402f2-f7ba-4a20-b237-2bf6c5479262.gif%3Fversion%3D639151212600208480%26amp%3Bwidth%3D128%26amp%3Bheight%3D128%26amp%3Bauto%3Dwebp%26amp%3Bformat%3Dpjpg","girl"
51,"South Knox vs Northeast Dubois",Girls Volleyball,"Indiana",9/22/2026,6:00pm,"The South Knox varsity volleyball team has an away conference match @  Northeast Dubois (Dubois, IN) on Tuesday, September 22 @ 6p.","/in/volleyball/match/northeast-dubois-vs-south-knox-vincennes/9-22-2026/?c=c4e9f0d4-5791-433b-b611-44007b8b7823","https://www.maxpreps.com/in/volleyball/match/northeast-dubois-vs-south-knox-vincennes/9-22-2026/?c=c4e9f0d4-5791-433b-b611-44007b8b7823","/volleyball/in/fe4?9/22/2026","South Knox","Spartans","https://www.maxpreps.com/in/northeast-dubois/girls-volleyball/","https://www.maxpreps.com/in/south-knox-vincennes/girls-volleyball/","https://hsfootball.net/proxy.php?url=https%3A%2F%2Fimage.maxpreps.io%2Fschool-mascot%2Fd%2Fb%2F2%2Fdb2e39d8-f3f0-4bb8-ad07-cc9a6ef91975.gif%3Fversion%3D636940227600000000%26amp%3Bwidth%3D128%26amp%3Bheight%3D128%26amp%3Bauto%3Dwebp%26amp%3Bformat%3Dpjpg","https://hsfootball.net/proxy.php?url=https%3A%2F%2Fimage.maxpreps.io%2Fschool-mascot%2F0%2F3%2Ff%2F03f11e3b-e4ed-4275-8a38-58c5896aaad1.gif%3Fversion%3D639152135110321270%26amp%3Bwidth%3D128%26amp%3Bheight%3D128%26amp%3Bauto%3Dwebp%26amp%3Bformat%3Dpjpg","girl"
52,"Wabash vs Whitko",Girls Volleyball,"Indiana",9/22/2026,6:00pm,"The Wabash varsity volleyball team has an away conference match @  Whitko (South Whitley, IN) on Tuesday, September 22 @ 6p.","/in/volleyball/match/wabash-vs-whitko-south-whitley/9-22-2026/?c=b6649d2f-01bb-4076-82dc-ca80125487a3","https://www.maxpreps.com/in/volleyball/match/wabash-vs-whitko-south-whitley/9-22-2026/?c=b6649d2f-01bb-4076-82dc-ca80125487a3","/volleyball/in/be2?9/22/2026","Wabash","Apaches","https://www.maxpreps.com/in/wabash/girls-volleyball/","https://www.maxpreps.com/in/whitko-south-whitley/girls-volleyball/","https://hsfootball.net/proxy.php?url=https%3A%2F%2Fimage.maxpreps.io%2Fschool-mascot%2F0%2Fa%2F0%2F0a03403f-e40e-48a9-8dbc-53c114f2ba6d.gif%3Fversion%3D637335960600000000%26amp%3Bwidth%3D128%26amp%3Bheight%3D128%26amp%3Bauto%3Dwebp%26amp%3Bformat%3Dpjpg","https://hsfootball.net/proxy.php?url=https%3A%2F%2Fimage.maxpreps.io%2Fschool-mascot%2F4%2Fb%2Fd%2F4bd3c754-27ca-45df-a251-93bbda50449e.gif%3Fversion%3D639152135207713110%26amp%3Bwidth%3D128%26amp%3Bheight%3D128%26amp%3Bauto%3Dwebp%26amp%3Bformat%3Dpjpg","girl"
53,"Heritage vs Woodlan",Girls Volleyball,"Indiana",9/22/2026,6:00pm,"The Heritage varsity volleyball team has an away conference match @  Woodlan (Woodburn, IN) on Tuesday, September 22 @ 6p.","/in/volleyball/match/heritage-monroeville-vs-woodlan-woodburn/9-22-2026/?c=f95ad8d6-c208-4f0c-b19b-6b3507c32d9b","https://www.maxpreps.com/in/volleyball/match/heritage-monroeville-vs-woodlan-woodburn/9-22-2026/?c=f95ad8d6-c208-4f0c-b19b-6b3507c32d9b","/volleyball/in/ff6?9/22/2026","Heritage","Patriots","https://www.maxpreps.com/in/heritage-monroeville/girls-volleyball/","https://www.maxpreps.com/in/woodlan-woodburn/girls-volleyball/","https://hsfootball.net/proxy.php?url=https%3A%2F%2Fimage.maxpreps.io%2Fschool-mascot%2F9%2Ff%2Fb%2F9fb37bb2-5739-4899-b8b7-c17edcb98b1e.gif%3Fversion%3D635768856600000000%26amp%3Bwidth%3D128%26amp%3Bheight%3D128%26amp%3Bauto%3Dwebp%26amp%3Bformat%3Dpjpg","https://hsfootball.net/proxy.php?url=https%3A%2F%2Fimage.maxpreps.io%2Fschool-mascot%2Fb%2Ff%2Fb%2Fbfb7c393-08e3-416b-9dfa-b1b078d934f3.gif%3Fversion%3D638821408415547350%26amp%3Bwidth%3D128%26amp%3Bheight%3D128%26amp%3Bauto%3Dwebp%26amp%3Bformat%3Dpjpg","girl"
54,"Triton vs Winamac",Girls Volleyball,"Indiana",9/22/2026,6:00pm,"The Triton varsity volleyball team has an away conference match @  Winamac (IN) on Tuesday, September 22 @ 6p.","/in/volleyball/match/triton-bourbon-vs-winamac/9-22-2026/?c=1af2f5fa-ee3f-414a-835d-95cae6e7c679","https://www.maxpreps.com/in/volleyball/match/triton-bourbon-vs-winamac/9-22-2026/?c=1af2f5fa-ee3f-414a-835d-95cae6e7c679","/volleyball/in/9e7?9/22/2026","Triton","Trojans","https://www.maxpreps.com/in/triton-bourbon/girls-volleyball/","https://www.maxpreps.com/in/winamac/girls-volleyball/","https://hsfootball.net/proxy.php?url=https%3A%2F%2Fimage.maxpreps.io%2Fschool-mascot%2Fc%2Ff%2F7%2Fcf7f2fbf-a153-46a7-98d3-efa14342a94a.gif%3Fversion%3D636940237200000000%26amp%3Bwidth%3D128%26amp%3Bheight%3D128%26amp%3Bauto%3Dwebp%26amp%3Bformat%3Dpjpg","https://hsfootball.net/proxy.php?url=https%3A%2F%2Fimage.maxpreps.io%2Fschool-mascot%2Fe%2F1%2Fb%2Fe1b57553-6973-405d-b1f8-59d709e28586.gif%3Fversion%3D635521557600000000%26amp%3Bwidth%3D128%26amp%3Bheight%3D128%26amp%3Bauto%3Dwebp%26amp%3Bformat%3Dpjpg","girl"
55,"Logansport vs Eastern",Girls Volleyball,"Indiana",9/22/2026,6:00pm,"The Logansport varsity volleyball team has an away non-conference match @  Eastern (Greentown, IN) on Tuesday, September 22 @ 6p.","/in/volleyball/match/eastern-greentown-vs-logansport/9-22-2026/?c=3d52a871-a0de-4913-b6e9-700e9d7404f3","https://www.maxpreps.com/in/volleyball/match/eastern-greentown-vs-logansport/9-22-2026/?c=3d52a871-a0de-4913-b6e9-700e9d7404f3","/volleyball/in/c84?9/22/2026","Logansport","Berries","https://www.maxpreps.com/in/eastern-greentown/girls-volleyball/","https://www.maxpreps.com/in/logansport/girls-volleyball/","https://hsfootball.net/proxy.php?url=https%3A%2F%2Fimage.maxpreps.io%2Fschool-mascot%2Fe%2F0%2Fe%2Fe0eacec3-fed0-42f9-add2-f38b5797d223.gif%3Fversion%3D639161571555839230%26amp%3Bwidth%3D128%26amp%3Bheight%3D128%26amp%3Bauto%3Dwebp%26amp%3Bformat%3Dpjpg","https://hsfootball.net/proxy.php?url=https%3A%2F%2Fimage.maxpreps.io%2Fschool-mascot%2F2%2F0%2F9%2F20970bd5-be5d-4e41-a6cb-3024520d3eca.gif%3Fversion%3D637969375200000000%26amp%3Bwidth%3D128%26amp%3Bheight%3D128%26amp%3Bauto%3Dwebp%26amp%3Bformat%3Dpjpg","girl"
56,"Northeastern vs Lapel",Girls Volleyball,"Indiana",9/22/2026,6:00pm,"The Northeastern varsity volleyball team has an away non-conference match @  Lapel (IN) on Tuesday, September 22 @ 6p.","/in/volleyball/match/lapel-vs-northeastern-fountain-city/9-22-2026/?c=ef249f50-b314-4ab0-a149-ad9ed3a6cc75","https://www.maxpreps.com/in/volleyball/match/lapel-vs-northeastern-fountain-city/9-22-2026/?c=ef249f50-b314-4ab0-a149-ad9ed3a6cc75","/volleyball/in/de5?9/22/2026","Northeastern","Knights","https://www.maxpreps.com/in/lapel/girls-volleyball/","https://www.maxpreps.com/in/northeastern-fountain-city/girls-volleyball/","https://hsfootball.net/proxy.php?url=https%3A%2F%2Fimage.maxpreps.io%2Fschool-mascot%2F5%2Fd%2Fd%2F5dde5c41-5228-48cc-9ff5-3a68d956c27f.gif%3Fversion%3D637310099400000000%26amp%3Bwidth%3D128%26amp%3Bheight%3D128%26amp%3Bauto%3Dwebp%26amp%3Bformat%3Dpjpg","https://hsfootball.net/proxy.php?url=https%3A%2F%2Fimage.maxpreps.io%2Fschool-mascot%2F2%2F7%2F3%2F273b05dc-b04e-4df3-b6ca-10108fd713ae.gif%3Fversion%3D639220422738913280%26amp%3Bwidth%3D128%26amp%3Bheight%3D128%26amp%3Bauto%3Dwebp%26amp%3Bformat%3Dpjpg","girl"
57,"Southwestern vs Madison",Girls Volleyball,"Indiana",9/22/2026,6:00pm,"The Southwestern varsity volleyball team has an away non-conference match @  Madison (IN) on Tuesday, September 22 @ 6p.","/in/volleyball/match/madison-vs-southwestern-hanover/9-22-2026/?c=58c4c2aa-a5d9-4ee5-82d3-aea949f167c5","https://www.maxpreps.com/in/volleyball/match/madison-vs-southwestern-hanover/9-22-2026/?c=58c4c2aa-a5d9-4ee5-82d3-aea949f167c5","/volleyball/in/c89?9/22/2026","Southwestern","Rebels","https://www.maxpreps.com/in/madison/girls-volleyball/","https://www.maxpreps.com/in/southwestern-hanover/girls-volleyball/","https://hsfootball.net/proxy.php?url=https%3A%2F%2Fimage.maxpreps.io%2Fschool-mascot%2F5%2F5%2F4%2F55454f03-3ead-4860-aba9-6a71f3c48d43.gif%3Fversion%3D636560918400000000%26amp%3Bwidth%3D128%26amp%3Bheight%3D128%26amp%3Bauto%3Dwebp%26amp%3Bformat%3Dpjpg","https://hsfootball.net/proxy.php?url=https%3A%2F%2Fimage.maxpreps.io%2Fschool-mascot%2F3%2F6%2Fd%2F36d5236a-86ea-418e-a686-de1d847efe12.gif%3Fversion%3D637690192800000000%26amp%3Bwidth%3D128%26amp%3Bheight%3D128%26amp%3Bauto%3Dwebp%26amp%3Bformat%3Dpjpg","girl"
58,"Salem vs Orleans",Girls Volleyball,"Indiana",9/22/2026,6:00pm,"The Salem varsity volleyball team has an away non-conference match @  Orleans (IN) on Tuesday, September 22 @ 6p.","/in/volleyball/match/orleans-vs-salem/9-22-2026/?c=0ab5b180-ec70-4ebb-8222-7b146167b566","https://www.maxpreps.com/in/volleyball/match/orleans-vs-salem/9-22-2026/?c=0ab5b180-ec70-4ebb-8222-7b146167b566","/volleyball/in/649?9/22/2026","Salem","Lions","https://www.maxpreps.com/in/orleans/girls-volleyball/","https://www.maxpreps.com/in/salem/girls-volleyball/","https://hsfootball.net/proxy.php?url=https%3A%2F%2Fimage.maxpreps.io%2Fschool-mascot%2Fa%2F6%2F1%2Fa610a92b-8630-4f0a-b3c1-41e5d834f37c.gif%3Fversion%3D639165087325108920%26amp%3Bwidth%3D128%26amp%3Bheight%3D128%26amp%3Bauto%3Dwebp%26amp%3Bformat%3Dpjpg","https://hsfootball.net/proxy.php?url=https%3A%2F%2Fimage.maxpreps.io%2Fschool-mascot%2F8%2F2%2Fa%2F82a84a33-74c7-42f9-85c1-c81447be4b63.gif%3Fversion%3D635215059600000000%26amp%3Bwidth%3D128%26amp%3Bheight%3D128%26amp%3Bauto%3Dwebp%26amp%3Bformat%3Dpjpg","girl"
59,"Waldron vs South Decatur",Girls Volleyball,"Indiana",9/22/2026,6:00pm,"The Waldron varsity volleyball team has an away conference match @  South Decatur (Greensburg, IN) on Tuesday, September 22 @ 6p.","/in/volleyball/match/south-decatur-greensburg-vs-waldron/9-22-2026/?c=ae682e0f-7007-4581-98b2-d86b8ccafaec","https://www.maxpreps.com/in/volleyball/match/south-decatur-greensburg-vs-waldron/9-22-2026/?c=ae682e0f-7007-4581-98b2-d86b8ccafaec","/volleyball/in/de3?9/22/2026","Waldron","Mohawks","https://www.maxpreps.com/in/south-decatur-greensburg/girls-volleyball/","https://www.maxpreps.com/in/waldron/girls-volleyball/","https://hsfootball.net/proxy.php?url=https%3A%2F%2Fimage.maxpreps.io%2Fschool-mascot%2Fa%2F0%2F1%2Fa0118883-9d51-49a2-9437-09054e0bb57d.gif%3Fversion%3D637786974600000000%26amp%3Bwidth%3D128%26amp%3Bheight%3D128%26amp%3Bauto%3Dwebp%26amp%3Bformat%3Dpjpg","https://hsfootball.net/proxy.php?url=https%3A%2F%2Fimage.maxpreps.io%2Fschool-mascot%2Fc%2F1%2F8%2Fc18deb5a-7aa1-440c-a8fa-1bba79c2bd4f.gif%3Fversion%3D638028868200000000%26amp%3Bwidth%3D128%26amp%3Bheight%3D128%26amp%3Bauto%3Dwebp%26amp%3Bformat%3Dpjpg","girl"
60,"Northview vs Monrovia",Girls Volleyball,"Indiana",9/22/2026,6:00pm,"The Northview varsity volleyball team has an away non-conference match @  Monrovia (IN) on Tuesday, September 22 @ 6p.","/in/volleyball/match/monrovia-vs-northview-brazil/9-22-2026/?c=81537bb7-1102-4907-bad6-362353d358ad","https://www.maxpreps.com/in/volleyball/match/monrovia-vs-northview-brazil/9-22-2026/?c=81537bb7-1102-4907-bad6-362353d358ad","/volleyball/in/b45?9/22/2026","Northview","Knights","https://www.maxpreps.com/in/monrovia/girls-volleyball/","https://www.maxpreps.com/in/northview-brazil/girls-volleyball/","https://hsfootball.net/proxy.php?url=https%3A%2F%2Fimage.maxpreps.io%2Fschool-mascot%2Fb%2Ff%2F4%2Fbf4549c7-88bc-4d65-bde5-369a2a000e4f.gif%3Fversion%3D635191531200000000%26amp%3Bwidth%3D128%26amp%3Bheight%3D128%26amp%3Bauto%3Dwebp%26amp%3Bformat%3Dpjpg","https://hsfootball.net/proxy.php?url=https%3A%2F%2Fimage.maxpreps.io%2Fschool-mascot%2F1%2F7%2F1%2F1712101d-e055-4c4e-b0fb-8a9e8d0c3a35.gif%3Fversion%3D635121019200000000%26amp%3Bwidth%3D128%26amp%3Bheight%3D128%26amp%3Bauto%3Dwebp%26amp%3Bformat%3Dpjpg","girl"
61,"Hauser vs Southwestern",Girls Volleyball,"Indiana",9/22/2026,6:00pm,"The Hauser varsity volleyball team has an away conference match @  Southwestern (Shelbyville, IN) on Tuesday, September 22 @ 6p.","/in/volleyball/match/hauser-hope-vs-southwestern-shelbyville/9-22-2026/?c=f52ba71f-e98c-4c3d-a569-a74eba4ae844","https://www.maxpreps.com/in/volleyball/match/hauser-hope-vs-southwestern-shelbyville/9-22-2026/?c=f52ba71f-e98c-4c3d-a569-a74eba4ae844","/volleyball/in/faf?9/22/2026","Hauser","Jets","https://www.maxpreps.com/in/hauser-hope/girls-volleyball/","https://www.maxpreps.com/in/southwestern-shelbyville/girls-volleyball/","https://hsfootball.net/proxy.php?url=https%3A%2F%2Fimage.maxpreps.io%2Fschool-mascot%2F7%2Fa%2F8%2F7a87d2ae-ac08-4665-947b-903453ac0585.gif%3Fversion%3D638500677600000000%26amp%3Bwidth%3D128%26amp%3Bheight%3D128%26amp%3Bauto%3Dwebp%26amp%3Bformat%3Dpjpg","https://hsfootball.net/proxy.php?url=https%3A%2F%2Fimage.maxpreps.io%2Fschool-mascot%2F8%2F6%2F4%2F864e7aa2-5ae9-441f-9f6f-749582f640f9.gif%3Fversion%3D635207173200000000%26amp%3Bwidth%3D128%26amp%3Bheight%3D128%26amp%3Bauto%3Dwebp%26amp%3Bformat%3Dpjpg","girl"
62,"Rochester vs Maconaquah",Girls Volleyball,"Indiana",9/22/2026,6:00pm,"The Rochester varsity volleyball team has an away conference match @  Maconaquah (Bunker Hill, IN) on Tuesday, September 22 @ 6p.","/in/volleyball/match/maconaquah-bunker-hill-vs-rochester/9-22-2026/?c=b8f0d062-add6-4201-87ce-ecde55261b41","https://www.maxpreps.com/in/volleyball/match/maconaquah-bunker-hill-vs-rochester/9-22-2026/?c=b8f0d062-add6-4201-87ce-ecde55261b41","/volleyball/in/dba?9/22/2026","Rochester","Zebras","https://www.maxpreps.com/in/maconaquah-bunker-hill/girls-volleyball/","https://www.maxpreps.com/in/rochester/girls-volleyball/","https://hsfootball.net/proxy.php?url=https%3A%2F%2Fimage.maxpreps.io%2Fschool-mascot%2Fa%2Fe%2F4%2Fae41bccd-e6bd-4263-8712-0075d86df445.gif%3Fversion%3D637310098200000000%26amp%3Bwidth%3D128%26amp%3Bheight%3D128%26amp%3Bauto%3Dwebp%26amp%3Bformat%3Dpjpg","https://hsfootball.net/proxy.php?url=https%3A%2F%2Fimage.maxpreps.io%2Fschool-mascot%2Ff%2Fb%2Fa%2Ffba2b738-6f66-4bd0-b02c-3d571a5a4423.gif%3Fversion%3D636084138600000000%26amp%3Bwidth%3D128%26amp%3Bheight%3D128%26amp%3Bauto%3Dwebp%26amp%3Bformat%3Dpjpg","girl"
63,"Zionsville vs Lebanon",Girls Volleyball,"Indiana",9/22/2026,6:00pm,"The Zionsville varsity volleyball team has an away non-conference match @  Lebanon (IN) on Tuesday, September 22 @ 6p.","/in/volleyball/match/lebanon-vs-zionsville/9-22-2026/?c=994906b4-d4a6-4f86-916f-af4385b51466","https://www.maxpreps.com/in/volleyball/match/lebanon-vs-zionsville/9-22-2026/?c=994906b4-d4a6-4f86-916f-af4385b51466","/volleyball/in/871?9/22/2026","Zionsville","Eagles","https://www.maxpreps.com/in/lebanon/girls-volleyball/","https://www.maxpreps.com/in/zionsville/girls-volleyball/","https://hsfootball.net/proxy.php?url=https%3A%2F%2Fimage.maxpreps.io%2Fschool-mascot%2F0%2F4%2F2%2F042873f8-52e7-4d44-9a92-9a2cfaee9ffd.gif%3Fversion%3D637309323600000000%26amp%3Bwidth%3D128%26amp%3Bheight%3D128%26amp%3Bauto%3Dwebp%26amp%3Bformat%3Dpjpg","https://hsfootball.net/proxy.php?url=https%3A%2F%2Fimage.maxpreps.io%2Fschool-mascot%2F6%2F7%2F6%2F676db09c-2931-4eb7-828f-08b061cef133.gif%3Fversion%3D636009061200000000%26amp%3Bwidth%3D128%26amp%3Bheight%3D128%26amp%3Bauto%3Dwebp%26amp%3Bformat%3Dpjpg","girl"
64,"Muncie Burris vs Eastbrook",Girls Volleyball,"Indiana",9/22/2026,6:00pm,"The Muncie Burris varsity volleyball team has an away non-conference match @  Eastbrook (Marion, IN) on Tuesday, September 22 @ 6p.","/in/volleyball/match/eastbrook-marion-vs-muncie-burris/9-22-2026/?c=7ff395e3-d069-43ea-bf7b-b3206ad06fa5","https://www.maxpreps.com/in/volleyball/match/eastbrook-marion-vs-muncie-burris/9-22-2026/?c=7ff395e3-d069-43ea-bf7b-b3206ad06fa5","/volleyball/in/d05?9/22/2026","Muncie Burris","Owls","https://www.maxpreps.com/in/eastbrook-marion/girls-volleyball/","https://www.maxpreps.com/in/muncie-burris/girls-volleyball/","https://hsfootball.net/proxy.php?url=https%3A%2F%2Fimage.maxpreps.io%2Fschool-mascot%2F3%2F6%2Ff%2F36f30bf1-ae22-4d7f-98a2-306012030656.gif%3Fversion%3D636098847600000000%26amp%3Bwidth%3D128%26amp%3Bheight%3D128%26amp%3Bauto%3Dwebp%26amp%3Bformat%3Dpjpg","https://hsfootball.net/proxy.php?url=https%3A%2F%2Fimage.maxpreps.io%2Fschool-mascot%2F7%2F6%2Fc%2F76c3ab59-5e41-4136-85fb-d48cff0118c6.gif%3Fversion%3D637311913200000000%26amp%3Bwidth%3D128%26amp%3Bheight%3D128%26amp%3Bauto%3Dwebp%26amp%3Bformat%3Dpjpg","girl"
65,"Hanover Central vs Andrean",Girls Volleyball,"Indiana",9/22/2026,6:30pm,"The Hanover Central varsity volleyball team has an away conference match @  Andrean (Merrillville, IN) on Tuesday, September 22 @ 6:30p.","/in/volleyball/match/andrean-merrillville-vs-hanover-central-cedar-lake/9-22-2026/?c=7ecb22a0-72a3-4586-88a1-a56f4530da6f","https://www.maxpreps.com/in/volleyball/match/andrean-merrillville-vs-hanover-central-cedar-lake/9-22-2026/?c=7ecb22a0-72a3-4586-88a1-a56f4530da6f","/volleyball/in/135b?9/22/2026","Hanover Central","Wildcats","https://www.maxpreps.com/in/andrean-merrillville/girls-volleyball/","https://www.maxpreps.com/in/hanover-central-cedar-lake/girls-volleyball/","https://hsfootball.net/proxy.php?url=https%3A%2F%2Fimage.maxpreps.io%2Fschool-mascot%2Ff%2F9%2Fb%2Ff9be9d90-c552-4ce8-bbb6-ffa279c30d02.gif%3Fversion%3D639151212559049850%26amp%3Bwidth%3D128%26amp%3Bheight%3D128%26amp%3Bauto%3Dwebp%26amp%3Bformat%3Dpjpg","https://hsfootball.net/proxy.php?url=https%3A%2F%2Fimage.maxpreps.io%2Fschool-mascot%2F7%2F0%2Ff%2F70f01b0f-7be1-430f-8581-b8bdf3e6b4d2.gif%3Fversion%3D639152135148028140%26amp%3Bwidth%3D128%26amp%3Bheight%3D128%26amp%3Bauto%3Dwebp%26amp%3Bformat%3Dpjpg","girl"
66,"North Posey vs Southridge",Girls Volleyball,"Indiana",9/22/2026,6:30pm,"The North Posey varsity volleyball team has an away conference match @  Southridge (Huntingburg, IN) on Tuesday, September 22 @ 6:30p.","/in/volleyball/match/north-posey-poseyville-vs-southridge-huntingburg/9-22-2026/?c=f04614dd-8dcd-427f-9b9d-aae101bf2b2c","https://www.maxpreps.com/in/volleyball/match/north-posey-poseyville-vs-southridge-huntingburg/9-22-2026/?c=f04614dd-8dcd-427f-9b9d-aae101bf2b2c","/volleyball/in/135c?9/22/2026","North Posey","Vikings","https://www.maxpreps.com/in/north-posey-poseyville/girls-volleyball/","https://www.maxpreps.com/in/southridge-huntingburg/girls-volleyball/","https://hsfootball.net/proxy.php?url=https%3A%2F%2Fimage.maxpreps.io%2Fschool-mascot%2F8%2Fa%2F1%2F8a12e9b4-33d6-4674-ba1c-f2fc54d77ae0.gif%3Fversion%3D639152135255647600%26amp%3Bwidth%3D128%26amp%3Bheight%3D128%26amp%3Bauto%3Dwebp%26amp%3Bformat%3Dpjpg","https://hsfootball.net/proxy.php?url=https%3A%2F%2Fimage.maxpreps.io%2Fschool-mascot%2F7%2F1%2Fb%2F71b5ed09-d3c3-4e40-8dad-0e1b48dd237f.gif%3Fversion%3D639152135236976140%26amp%3Bwidth%3D128%26amp%3Bheight%3D128%26amp%3Bauto%3Dwebp%26amp%3Bformat%3Dpjpg","girl"
67,"Warren Central vs Guerin Catholic",Girls Volleyball,"Indiana",9/22/2026,6:30pm,"The Warren Central varsity volleyball team has an away non-conference match @  Guerin Catholic (Noblesville, IN) on Tuesday, September 22 @ 6:30p.","/in/volleyball/match/guerin-catholic-noblesville-vs-warren-central-indianapolis/9-22-2026/?c=bc751309-9dbf-4353-82e4-bab58db57f29","https://www.maxpreps.com/in/volleyball/match/guerin-catholic-noblesville-vs-warren-central-indianapolis/9-22-2026/?c=bc751309-9dbf-4353-82e4-bab58db57f29","/volleyball/in/16da?9/22/2026","Warren Central","Warriors","https://www.maxpreps.com/in/guerin-catholic-noblesville/girls-volleyball/","https://www.maxpreps.com/in/warren-central-indianapolis/girls-volleyball/","https://hsfootball.net/proxy.php?url=https%3A%2F%2Fimage.maxpreps.io%2Fschool-mascot%2F8%2F8%2F4%2F884f17d0-4b31-4ff4-8bba-0cd74eae3b0f.gif%3Fversion%3D636769930200000000%26amp%3Bwidth%3D128%26amp%3Bheight%3D128%26amp%3Bauto%3Dwebp%26amp%3Bformat%3Dpjpg","https://hsfootball.net/proxy.php?url=https%3A%2F%2Fimage.maxpreps.io%2Fschool-mascot%2F9%2F8%2F0%2F98036204-7472-4653-8cd2-f333aff530bd.gif%3Fversion%3D639151212647852540%26amp%3Bwidth%3D128%26amp%3Bheight%3D128%26amp%3Bauto%3Dwebp%26amp%3Bformat%3Dpjpg","girl"
68,"Kouts vs Boone Grove",Girls Volleyball,"Indiana",9/22/2026,6:30pm,"The Kouts varsity volleyball team has an away conference match @  Boone Grove (Valparaiso, IN) on Tuesday, September 22 @ 6:30p.","/in/volleyball/match/boone-grove-valparaiso-vs-kouts/9-22-2026/?c=acf5bfdd-efee-4c1a-a460-7656975589e0","https://www.maxpreps.com/in/volleyball/match/boone-grove-valparaiso-vs-kouts/9-22-2026/?c=acf5bfdd-efee-4c1a-a460-7656975589e0","/volleyball/in/c3b?9/22/2026","Kouts","Mustangs &amp; Fillies","https://www.maxpreps.com/in/boone-grove-valparaiso/girls-volleyball/","https://www.maxpreps.com/in/kouts/girls-volleyball/","https://hsfootball.net/proxy.php?url=https%3A%2F%2Fimage.maxpreps.io%2Fschool-mascot%2Fa%2Fa%2Fe%2Faaeb6493-6aa5-4422-8719-edbcd3c18744.gif%3Fversion%3D639166935695905590%26amp%3Bwidth%3D128%26amp%3Bheight%3D128%26amp%3Bauto%3Dwebp%26amp%3Bformat%3Dpjpg","https://hsfootball.net/proxy.php?url=https%3A%2F%2Fimage.maxpreps.io%2Fschool-mascot%2Ff%2Fc%2F6%2Ffc68cc5f-27bb-4577-af00-431d5a54fd00.gif%3Fversion%3D635660654400000000%26amp%3Bwidth%3D128%26amp%3Bheight%3D128%26amp%3Bauto%3Dwebp%26amp%3Bformat%3Dpjpg","girl"
69,"South Newton vs Covington",Girls Volleyball,"Indiana",9/22/2026,6:30pm,"The South Newton varsity volleyball team has an away non-conference match @  Covington (IN) on Tuesday, September 22 @ 6:30p.","/in/volleyball/match/covington-vs-south-newton-kentland/9-22-2026/?c=4caf470b-0853-45f3-8c31-de2bd35ed021","https://www.maxpreps.com/in/volleyball/match/covington-vs-south-newton-kentland/9-22-2026/?c=4caf470b-0853-45f3-8c31-de2bd35ed021","/volleyball/in/d93?9/22/2026","South Newton","Rebels","https://www.maxpreps.com/in/covington/girls-volleyball/","https://www.maxpreps.com/in/south-newton-kentland/girls-volleyball/","https://hsfootball.net/proxy.php?url=https%3A%2F%2Fimage.maxpreps.io%2Fschool-mascot%2F4%2F1%2Fa%2F41a6db47-0169-4ddb-ba79-4e03ca859fb3.gif%3Fversion%3D637311908400000000%26amp%3Bwidth%3D128%26amp%3Bheight%3D128%26amp%3Bauto%3Dwebp%26amp%3Bformat%3Dpjpg","https://hsfootball.net/proxy.php?url=https%3A%2F%2Fimage.maxpreps.io%2Fschool-mascot%2F9%2Fe%2Fa%2F9ea74bd8-d057-4baf-89bd-e7cfbd58e83b.gif%3Fversion%3D636560916600000000%26amp%3Bwidth%3D128%26amp%3Bheight%3D128%26amp%3Bauto%3Dwebp%26amp%3Bformat%3Dpjpg","girl"
70,"South Bend Adams vs Edwardsburg",Girls Volleyball,"Indiana",9/22/2026,6:30pm,"The South Bend Adams varsity volleyball team has an away non-conference match @  Edwardsburg (MI) on Tuesday, September 22 @ 6:30p.","/inter-state/volleyball/match/edwardsburg-mi-vs-south-bend-adams-in/9-22-2026/?c=ec673f3b-6c95-42da-9c70-c395957cece0","https://www.maxpreps.com/inter-state/volleyball/match/edwardsburg-mi-vs-south-bend-adams-in/9-22-2026/?c=ec673f3b-6c95-42da-9c70-c395957cece0","/volleyball/in/e10?9/22/2026","South Bend Adams","Eagles","https://www.maxpreps.com/in/edwardsburg-mi/girls-volleyball/","https://www.maxpreps.com/in/south-bend-adams-in/girls-volleyball/","https://hsfootball.net/proxy.php?url=https%3A%2F%2Fimage.maxpreps.io%2Fschool-mascot%2F0%2F8%2F2%2F0821a540-3c26-4ed7-a4a4-5eaba4e8f98e.gif%3Fversion%3D635983842000000000%26amp%3Bwidth%3D128%26amp%3Bheight%3D128%26amp%3Bauto%3Dwebp%26amp%3Bformat%3Dpjpg","https://hsfootball.net/proxy.php?url=https%3A%2F%2Fimage.maxpreps.io%2Fschool-mascot%2F1%2F6%2Ff%2F16f274cc-ee94-4856-8123-bf38767a688a.gif%3Fversion%3D637037885400000000%26amp%3Bwidth%3D128%26amp%3Bheight%3D128%26amp%3Bauto%3Dwebp%26amp%3Bformat%3Dpjpg","girl"
71,"Goshen HomeSchool vs Lakeland Christian Academy",Girls Volleyball,"Indiana",9/22/2026,6:30pm,"The Goshen HomeSchool varsity volleyball team has an away non-conference match @  Lakeland Christian Academy (Winona Lake, IN) on Tuesday, September 22 @ 6:30p.","/in/volleyball/match/goshen-homeschool-vs-lakeland-christian-academy-winona-lake/9-22-2026/?c=f23faf36-0fdb-421b-a8ed-b46c90baba83","https://www.maxpreps.com/in/volleyball/match/goshen-homeschool-vs-lakeland-christian-academy-winona-lake/9-22-2026/?c=f23faf36-0fdb-421b-a8ed-b46c90baba83","/volleyball/in/16d7?9/22/2026","Goshen HomeSchool","Blue Blazers","https://www.maxpreps.com/in/goshen-homeschool/girls-volleyball/","https://www.maxpreps.com/in/lakeland-christian-academy-winona-lake/girls-volleyball/","https://hsfootball.net/proxy.php?url=https%3A%2F%2Fimage.maxpreps.io%2Fschool-mascot%2F4%2Fb%2Fb%2F4bbce3ff-78d2-4663-b2b1-45d3468ab052.gif%3Fversion%3D636079836000000000%26amp%3Bwidth%3D128%26amp%3Bheight%3D128%26amp%3Bauto%3Dwebp%26amp%3Bformat%3Dpjpg","https://hsfootball.net/proxy.php?url=https%3A%2F%2Fimage.maxpreps.io%2Fschool-mascot%2F4%2Fb%2Fb%2F4bbce3ff-78d2-4663-b2b1-45d3468ab052.gif%3Fversion%3D636079836000000000%26amp%3Bwidth%3D32%26amp%3Bheight%3D32%26amp%3Bauto%3Dwebp%26amp%3Bformat%3Dpjpg","girl"
72,"Heartland Christian vs Indy Genesis HomeSchool",Girls Volleyball,"Indiana",9/22/2026,6:30pm,"The Heartland Christian varsity volleyball team has an away non-conference match @  Indy Genesis HomeSchool (Greenwood, IN) on Tuesday, September 22 @ 6:30p.","/in/volleyball/match/heartland-christian-new-castle-vs-indy-genesis-homeschool-greenwood/9-22-2026/?c=a88e9e7e-f1f2-43f8-a382-1e28de22f4f7","https://www.maxpreps.com/in/volleyball/match/heartland-christian-new-castle-vs-indy-genesis-homeschool-greenwood/9-22-2026/?c=a88e9e7e-f1f2-43f8-a382-1e28de22f4f7","/volleyball/in/1a2c?9/22/2026","Heartland Christian","Saints","https://www.maxpreps.com/in/heartland-christian-new-castle/girls-volleyball/","https://www.maxpreps.com/in/indy-genesis-homeschool-greenwood/girls-volleyball/","https://hsfootball.net/proxy.php?url=https%3A%2F%2Fimage.maxpreps.io%2Fschool-mascot%2F5%2F0%2F5%2F50540f32-3ce1-4ad6-83ec-879f4218e9f8.gif%3Fversion%3D637631416800000000%26amp%3Bwidth%3D128%26amp%3Bheight%3D128%26amp%3Bauto%3Dwebp%26amp%3Bformat%3Dpjpg","https://hsfootball.net/proxy.php?url=https%3A%2F%2Fimage.maxpreps.io%2Fschool-mascot%2F5%2F7%2F8%2F578f714b-a424-4797-9c51-3e6f4d742f6c.gif%3Fversion%3D637850051400000000%26amp%3Bwidth%3D128%26amp%3Bheight%3D128%26amp%3Bauto%3Dwebp%26amp%3Bformat%3Dpjpg","girl"
73,"Connersville vs Cambridge City Lincoln",Girls Volleyball,"Indiana",9/22/2026,6:30pm,"The Connersville varsity volleyball team has an away non-conference match @  Cambridge City Lincoln (Cambridge City, IN) on Tuesday, September 22 @ 6:30p.","/in/volleyball/match/cambridge-city-lincoln-vs-connersville/9-22-2026/?c=3a53c6ff-3279-41e3-a4de-be57c84123f8","https://www.maxpreps.com/in/volleyball/match/cambridge-city-lincoln-vs-connersville/9-22-2026/?c=3a53c6ff-3279-41e3-a4de-be57c84123f8","/volleyball/in/ef7?9/22/2026","Connersville","Spartans","https://www.maxpreps.com/in/cambridge-city-lincoln/girls-volleyball/","https://www.maxpreps.com/in/connersville/girls-volleyball/","https://hsfootball.net/proxy.php?url=https%3A%2F%2Fimage.maxpreps.io%2Fschool-mascot%2F6%2Ff%2Fa%2F6fa6769d-b7cd-41d0-9450-cc6093ea845d.gif%3Fversion%3D639151212529566420%26amp%3Bwidth%3D128%26amp%3Bheight%3D128%26amp%3Bauto%3Dwebp%26amp%3Bformat%3Dpjpg","https://hsfootball.net/proxy.php?url=https%3A%2F%2Fimage.maxpreps.io%2Fschool-mascot%2Fe%2F9%2F1%2Fe9140643-95f7-48dd-b3d7-ae2f1ee49ffc.gif%3Fversion%3D637310098800000000%26amp%3Bwidth%3D128%26amp%3Bheight%3D128%26amp%3Bauto%3Dwebp%26amp%3Bformat%3Dpjpg","girl"
74,"Munster vs Hobart",Girls Volleyball,"Indiana",9/22/2026,6:30pm,"The Munster varsity volleyball team has an away conference match @  Hobart (IN) on Tuesday, September 22 @ 6:30p.","/in/volleyball/match/hobart-vs-munster/9-22-2026/?c=aa3697bb-3e77-44b2-8247-3f994196f977","https://www.maxpreps.com/in/volleyball/match/hobart-vs-munster/9-22-2026/?c=aa3697bb-3e77-44b2-8247-3f994196f977","/volleyball/in/6d1?9/22/2026","Munster","Mustangs","https://www.maxpreps.com/in/hobart/girls-volleyball/","https://www.maxpreps.com/in/munster/girls-volleyball/","https://hsfootball.net/proxy.php?url=https%3A%2F%2Fimage.maxpreps.io%2Fschool-mascot%2F9%2F1%2F5%2F9158f9c1-7f1c-4dec-84df-b6cee70f9ead.gif%3Fversion%3D639151212563891370%26amp%3Bwidth%3D128%26amp%3Bheight%3D128%26amp%3Bauto%3Dwebp%26amp%3Bformat%3Dpjpg","https://hsfootball.net/proxy.php?url=https%3A%2F%2Fimage.maxpreps.io%2Fschool-mascot%2F7%2F9%2F0%2F79064eed-b0fc-4d56-ab5f-787d9e78ed04.gif%3Fversion%3D635746390200000000%26amp%3Bwidth%3D128%26amp%3Bheight%3D128%26amp%3Bauto%3Dwebp%26amp%3Bformat%3Dpjpg","girl"
75,"Illiana Christian vs Kankakee Valley",Girls Volleyball,"Indiana",9/22/2026,6:30pm,"The Illiana Christian varsity volleyball team has an away conference match @  Kankakee Valley (Wheatfield, IN) on Tuesday, September 22 @ 6:30p.","/in/volleyball/match/illiana-christian-dyer-vs-kankakee-valley-wheatfield/9-22-2026/?c=6d570c6d-ad30-4a2b-aedd-34bfc6590b7b","https://www.maxpreps.com/in/volleyball/match/illiana-christian-dyer-vs-kankakee-valley-wheatfield/9-22-2026/?c=6d570c6d-ad30-4a2b-aedd-34bfc6590b7b","/volleyball/in/142f?9/22/2026","Illiana Christian","Vikings","https://www.maxpreps.com/in/illiana-christian-dyer/girls-volleyball/","https://www.maxpreps.com/in/kankakee-valley-wheatfield/girls-volleyball/","https://hsfootball.net/proxy.php?url=https%3A%2F%2Fimage.maxpreps.io%2Fschool-mascot%2F5%2F4%2Fd%2F54d945d6-55f5-45fb-b024-f67410328b47.gif%3Fversion%3D638823861883908050%26amp%3Bwidth%3D128%26amp%3Bheight%3D128%26amp%3Bauto%3Dwebp%26amp%3Bformat%3Dpjpg","https://hsfootball.net/proxy.php?url=https%3A%2F%2Fimage.maxpreps.io%2Fschool-mascot%2F4%2Fa%2F8%2F4a84220a-eb6a-4013-b738-47be5e54c6fe.gif%3Fversion%3D639168678917773770%26amp%3Bwidth%3D128%26amp%3Bheight%3D128%26amp%3Bauto%3Dwebp%26amp%3Bformat%3Dpjpg","girl"
76,"Bowman Academy vs South Bend Career Academy",Girls Volleyball,"Indiana",9/22/2026,6:30pm,"The Bowman Academy varsity volleyball team has an away non-conference match @  South Bend Career Academy (South Bend, IN) on Tuesday, September 22 @ 6:30p.","/in/volleyball/match/bowman-academy-gary-vs-south-bend-career-academy/9-22-2026/?c=192e495e-1d4a-4fd7-bfec-5750c42ac2fa","https://www.maxpreps.com/in/volleyball/match/bowman-academy-gary-vs-south-bend-career-academy/9-22-2026/?c=192e495e-1d4a-4fd7-bfec-5750c42ac2fa","/volleyball/in/1241?9/22/2026","Bowman Academy","Eagles","https://www.maxpreps.com/in/bowman-academy-gary/girls-volleyball/","https://www.maxpreps.com/in/south-bend-career-academy/girls-volleyball/","https://hsfootball.net/proxy.php?url=https%3A%2F%2Fimage.maxpreps.io%2Fschool-mascot%2F3%2Fd%2Fc%2F3dc61a47-2aa2-4d0d-abad-6898d9f3ddc4.gif%3Fversion%3D636163516200000000%26amp%3Bwidth%3D128%26amp%3Bheight%3D128%26amp%3Bauto%3Dwebp%26amp%3Bformat%3Dpjpg","https://hsfootball.net/proxy.php?url=https%3A%2F%2Fimage.maxpreps.io%2Fschool-mascot%2Fb%2Fe%2Ff%2Fbef768ed-f4d0-43d6-b879-69ac9388cd9e.gif%3Fversion%3D637691176200000000%26amp%3Bwidth%3D128%26amp%3Bheight%3D128%26amp%3Bauto%3Dwebp%26amp%3Bformat%3Dpjpg","girl"
77,"Oblong vs Dugger Union",Girls Volleyball,"Indiana",9/22/2026,6:30pm,"The Oblong varsity volleyball team has an away conference match @  Dugger Union (Dugger, IN) on Tuesday, September 22 @ 6:30p.","/inter-state/volleyball/match/dugger-union-in-vs-oblong-il/9-22-2026/?c=ef9435c7-238f-441a-827b-9a690bdb7c2b","https://www.maxpreps.com/inter-state/volleyball/match/dugger-union-in-vs-oblong-il/9-22-2026/?c=ef9435c7-238f-441a-827b-9a690bdb7c2b","/volleyball/in/a9e?9/22/2026","Oblong","Panthers","https://www.maxpreps.com/in/dugger-union-in/girls-volleyball/","https://www.maxpreps.com/in/oblong-il/girls-volleyball/","https://hsfootball.net/proxy.php?url=https%3A%2F%2Fimage.maxpreps.io%2Fschool-mascot%2Fc%2Ff%2Fc%2Fcfcde683-1bcc-4176-b9e4-08686c10acfa.gif%3Fversion%3D636094488000000000%26amp%3Bwidth%3D128%26amp%3Bheight%3D128%26amp%3Bauto%3Dwebp%26amp%3Bformat%3Dpjpg","https://hsfootball.net/proxy.php?url=https%3A%2F%2Fimage.maxpreps.io%2Fschool-mascot%2Fb%2F3%2Fa%2Fb3a055da-1f86-4f9e-a84e-352fefb955e7.gif%3Fversion%3D636723492000000000%26amp%3Bwidth%3D128%26amp%3Bheight%3D128%26amp%3Bauto%3Dwebp%26amp%3Bformat%3Dpjpg","girl"
78,"North Decatur vs Greensburg",Girls Volleyball,"Indiana",9/22/2026,6:30pm,"The North Decatur varsity volleyball team has an away non-conference match @  Greensburg (IN) on Tuesday, September 22 @ 6:30p.","/in/volleyball/match/greensburg-vs-north-decatur-greensburg/9-22-2026/?c=0170b387-ea99-4ac8-8dd3-c83dc59e8d68","https://www.maxpreps.com/in/volleyball/match/greensburg-vs-north-decatur-greensburg/9-22-2026/?c=0170b387-ea99-4ac8-8dd3-c83dc59e8d68","/volleyball/in/f18?9/22/2026","North Decatur","Chargers","https://www.maxpreps.com/in/greensburg/girls-volleyball/","https://www.maxpreps.com/in/north-decatur-greensburg/girls-volleyball/","https://hsfootball.net/proxy.php?url=https%3A%2F%2Fimage.maxpreps.io%2Fschool-mascot%2F4%2Fb%2Fd%2F4bd2fe0c-d15c-4752-9ffc-6ae54f34db42.gif%3Fversion%3D637311914400000000%26amp%3Bwidth%3D128%26amp%3Bheight%3D128%26amp%3Bauto%3Dwebp%26amp%3Bformat%3Dpjpg","https://hsfootball.net/proxy.php?url=https%3A%2F%2Fimage.maxpreps.io%2Fschool-mascot%2Fb%2F9%2F4%2Fb94d548a-1151-47cc-8564-2c0d875c31e6.gif%3Fversion%3D638231059200000000%26amp%3Bwidth%3D128%26amp%3Bheight%3D128%26amp%3Bauto%3Dwebp%26amp%3Bformat%3Dpjpg","girl"
79,"Austin vs Brownstown Central",Girls Volleyball,"Indiana",9/22/2026,6:30pm,"The Austin varsity volleyball team has an away conference match @  Brownstown Central (Brownstown, IN) on Tuesday, September 22 @ 6:30p.","/in/volleyball/match/austin-vs-brownstown-central/9-22-2026/?c=7d9739f3-75a0-4a7b-a071-373dbdd2e8c0","https://www.maxpreps.com/in/volleyball/match/austin-vs-brownstown-central/9-22-2026/?c=7d9739f3-75a0-4a7b-a071-373dbdd2e8c0","/volleyball/in/b50?9/22/2026","Austin","Eagles","https://www.maxpreps.com/in/austin/girls-volleyball/","https://www.maxpreps.com/in/brownstown-central/girls-volleyball/","https://hsfootball.net/proxy.php?url=https%3A%2F%2Fimage.maxpreps.io%2Fschool-mascot%2F6%2F1%2Fd%2F61d73f53-0003-4b27-873b-7af889028ca2.gif%3Fversion%3D639152135170309990%26amp%3Bwidth%3D128%26amp%3Bheight%3D128%26amp%3Bauto%3Dwebp%26amp%3Bformat%3Dpjpg","https://hsfootball.net/proxy.php?url=https%3A%2F%2Fimage.maxpreps.io%2Fschool-mascot%2Fa%2F4%2F5%2Fa4594ad5-c7c4-4a3a-974b-fd2307ac93b6.gif%3Fversion%3D639152135165921440%26amp%3Bwidth%3D128%26amp%3Bheight%3D128%26amp%3Bauto%3Dwebp%26amp%3Bformat%3Dpjpg","girl"
80,"Hammond Bishop Noll vs Calumet Christian",Girls Volleyball,"Indiana",9/22/2026,6:30pm,"The Hammond Bishop Noll varsity volleyball team has an away non-conference match @  Calumet Christian (Griffith, IN) on Tuesday, September 22 @ 6:30p.","/in/volleyball/match/calumet-christian-griffith-vs-hammond-bishop-noll/9-22-2026/?c=130a0906-224d-4b26-a9a3-d6136e608702","https://www.maxpreps.com/in/volleyball/match/calumet-christian-griffith-vs-hammond-bishop-noll/9-22-2026/?c=130a0906-224d-4b26-a9a3-d6136e608702","/volleyball/in/1318?9/22/2026","Hammond Bishop Noll","Warriors","https://www.maxpreps.com/in/calumet-christian-griffith/girls-volleyball/","https://www.maxpreps.com/in/hammond-bishop-noll/girls-volleyball/","https://hsfootball.net/proxy.php?url=https%3A%2F%2Fimage.maxpreps.io%2Fschool-mascot%2Fc%2Fc%2Fb%2Fccbdfd4e-fb4a-45cf-825e-2f111e4d8c7e.gif%3Fversion%3D635621814000000000%26amp%3Bwidth%3D128%26amp%3Bheight%3D128%26amp%3Bauto%3Dwebp%26amp%3Bformat%3Dpjpg","https://hsfootball.net/proxy.php?url=https%3A%2F%2Fimage.maxpreps.io%2Fschool-mascot%2F9%2F2%2F0%2F9201f732-6a8f-4f03-adf7-1b00fb456d51.gif%3Fversion%3D634478712600000000%26amp%3Bwidth%3D128%26amp%3Bheight%3D128%26amp%3Bauto%3Dwebp%26amp%3Bformat%3Dpjpg","girl"
81,"Indianapolis Scecina Memorial vs Indianapolis Bishop Chatard",Girls Volleyball,"Indiana",9/22/2026,6:30pm,"The Indianapolis Scecina Memorial varsity volleyball team has an away non-conference match @  Indianapolis Bishop Chatard (Indianapolis, IN) on Tuesday, September 22 @ 6:30p.","/in/volleyball/match/indianapolis-bishop-chatard-vs-indianapolis-scecina-memorial/9-22-2026/?c=58e3b004-107b-4bd0-90d0-957beefcf2ea","https://www.maxpreps.com/in/volleyball/match/indianapolis-bishop-chatard-vs-indianapolis-scecina-memorial/9-22-2026/?c=58e3b004-107b-4bd0-90d0-957beefcf2ea","/volleyball/in/1775?9/22/2026","Indianapolis Scecina Memorial","Crusaders","https://www.maxpreps.com/in/indianapolis-bishop-chatard/girls-volleyball/","https://www.maxpreps.com/in/indianapolis-scecina-memorial/girls-volleyball/","https://hsfootball.net/proxy.php?url=https%3A%2F%2Fimage.maxpreps.io%2Fschool-mascot%2F7%2Fb%2F1%2F7b1e0347-b936-4b37-87fc-fe26ead22aa8.gif%3Fversion%3D636007963200000000%26amp%3Bwidth%3D128%26amp%3Bheight%3D128%26amp%3Bauto%3Dwebp%26amp%3Bformat%3Dpjpg","https://hsfootball.net/proxy.php?url=https%3A%2F%2Fimage.maxpreps.io%2Fschool-mascot%2Fa%2F6%2F0%2Fa60388f1-65d2-4fe0-a5e5-aa9f7d3a68db.gif%3Fversion%3D634816595400000000%26amp%3Bwidth%3D128%26amp%3Bheight%3D128%26amp%3Bauto%3Dwebp%26amp%3Bformat%3Dpjpg","girl"
82,"Calumet New Tech vs Hammond Central",Girls Volleyball,"Indiana",9/22/2026,6:30pm,"The Calumet New Tech varsity volleyball team has an away non-conference match @  Hammond Central (Hammond, IN) on Tuesday, September 22 @ 6:30p.","/in/volleyball/match/calumet-new-tech-gary-vs-hammond-central/9-22-2026/?c=b8d8c7dc-9b80-4693-817c-730ac2a77b87","https://www.maxpreps.com/in/volleyball/match/calumet-new-tech-gary-vs-hammond-central/9-22-2026/?c=b8d8c7dc-9b80-4693-817c-730ac2a77b87","/volleyball/in/f50?9/22/2026","Calumet New Tech","Warriors","https://www.maxpreps.com/in/calumet-new-tech-gary/girls-volleyball/","https://www.maxpreps.com/in/hammond-central/girls-volleyball/","https://hsfootball.net/proxy.php?url=https%3A%2F%2Fimage.maxpreps.io%2Fschool-mascot%2F5%2F2%2Fe%2F52e7720b-81cb-44af-af36-7bc706cc6bcb.gif%3Fversion%3D638829805722444840%26amp%3Bwidth%3D128%26amp%3Bheight%3D128%26amp%3Bauto%3Dwebp%26amp%3Bformat%3Dpjpg","https://hsfootball.net/proxy.php?url=https%3A%2F%2Fimage.maxpreps.io%2Fschool-mascot%2F2%2F6%2Ff%2F26f12b38-088b-498b-bc5e-5bf8fee618c9.gif%3Fversion%3D637684111800000000%26amp%3Bwidth%3D128%26amp%3Bheight%3D128%26amp%3Bauto%3Dwebp%26amp%3Bformat%3Dpjpg","girl"
83,"Fort Wayne Bishop Dwenger vs Fort Wayne Northrop",Girls Volleyball,"Indiana",9/22/2026,6:45pm,"The Fort Wayne Bishop Dwenger varsity volleyball team has an away conference match @  Fort Wayne Northrop (Fort Wayne, IN) on Tuesday, September 22 @ 6:45p.","/in/volleyball/match/fort-wayne-bishop-dwenger-saints-tuffy-vs-fort-wayne-northrop/9-22-2026/?c=2490e3ff-b10f-4b3e-9b2f-e122ce025338","https://www.maxpreps.com/in/volleyball/match/fort-wayne-bishop-dwenger-saints-tuffy-vs-fort-wayne-northrop/9-22-2026/?c=2490e3ff-b10f-4b3e-9b2f-e122ce025338","/volleyball/in/17e9?9/22/2026","Fort Wayne Bishop Dwenger","Saints","https://www.maxpreps.com/in/fort-wayne-bishop-dwenger-saints-tuffy/girls-volleyball/","https://www.maxpreps.com/in/fort-wayne-northrop/girls-volleyball/","https://hsfootball.net/proxy.php?url=https%3A%2F%2Fimage.maxpreps.io%2Fschool-mascot%2F0%2F4%2Fd%2F04ddb173-8db6-424e-8fa1-dc55702ff93b.gif%3Fversion%3D635687012400000000%26amp%3Bwidth%3D128%26amp%3Bheight%3D128%26amp%3Bauto%3Dwebp%26amp%3Bformat%3Dpjpg","https://hsfootball.net/proxy.php?url=https%3A%2F%2Fimage.maxpreps.io%2Fschool-mascot%2F8%2F6%2F7%2F867fad84-bfe4-4cec-8437-2a8ac9c0132b.gif%3Fversion%3D637666805400000000%26amp%3Bwidth%3D128%26amp%3Bheight%3D128%26amp%3Bauto%3Dwebp%26amp%3Bformat%3Dpjpg","girl"
84,"McCutcheon vs Brownsburg",Girls Volleyball,"Indiana",9/22/2026,7:00pm,"The McCutcheon varsity volleyball team has an away non-conference match @  Brownsburg (IN) on Tuesday, September 22 @ 7p.","/in/volleyball/match/brownsburg-vs-mccutcheon-lafayette/9-22-2026/?c=1b7b4042-d46c-4b21-9a6e-c57c4ebeac02","https://www.maxpreps.com/in/volleyball/match/brownsburg-vs-mccutcheon-lafayette/9-22-2026/?c=1b7b4042-d46c-4b21-9a6e-c57c4ebeac02","/volleyball/in/da3?9/22/2026","McCutcheon","Mavericks","https://www.maxpreps.com/in/brownsburg/girls-volleyball/","https://www.maxpreps.com/in/mccutcheon-lafayette/girls-volleyball/","https://hsfootball.net/proxy.php?url=https%3A%2F%2Fimage.maxpreps.io%2Fschool-mascot%2F8%2Fd%2F1%2F8d1b6179-b428-42c5-8818-c4dd530a670d.gif%3Fversion%3D635321848800000000%26amp%3Bwidth%3D128%26amp%3Bheight%3D128%26amp%3Bauto%3Dwebp%26amp%3Bformat%3Dpjpg","https://hsfootball.net/proxy.php?url=https%3A%2F%2Fimage.maxpreps.io%2Fschool-mascot%2Ff%2Ff%2Ff%2Ffffd75cb-8399-40ed-91b3-96f77700c51d.gif%3Fversion%3D635139768000000000%26amp%3Bwidth%3D128%26amp%3Bheight%3D128%26amp%3Bauto%3Dwebp%26amp%3Bformat%3Dpjpg","girl"
85,"Clay City vs Parke Heritage",Girls Volleyball,"Indiana",9/22/2026,7:00pm,"The Clay City varsity volleyball team has an away non-conference match @  Parke Heritage (Rockville, IN) on Tuesday, September 22 @ 7p.","/in/volleyball/match/clay-city-vs-parke-heritage-rockville/9-22-2026/?c=61b828c2-c3e4-4c9e-878b-c7cc73021305","https://www.maxpreps.com/in/volleyball/match/clay-city-vs-parke-heritage-rockville/9-22-2026/?c=61b828c2-c3e4-4c9e-878b-c7cc73021305","/volleyball/in/e53?9/22/2026","Clay City","Eels","https://www.maxpreps.com/in/clay-city/girls-volleyball/","https://www.maxpreps.com/in/parke-heritage-rockville/girls-volleyball/","https://hsfootball.net/proxy.php?url=https%3A%2F%2Fimage.maxpreps.io%2Fschool-mascot%2F6%2F1%2F8%2F618bdce4-a490-484d-bd2f-5d08b93e9957.gif%3Fversion%3D635513843400000000%26amp%3Bwidth%3D128%26amp%3Bheight%3D128%26amp%3Bauto%3Dwebp%26amp%3Bformat%3Dpjpg","https://hsfootball.net/proxy.php?url=https%3A%2F%2Fimage.maxpreps.io%2Fschool-mascot%2Ff%2F7%2Fb%2Ff7b69bfd-1a9a-480c-979a-cfb111da2007.gif%3Fversion%3D636673438800000000%26amp%3Bwidth%3D128%26amp%3Bheight%3D128%26amp%3Bauto%3Dwebp%26amp%3Bformat%3Dpjpg","girl"
86,"Washington vs Barr-Reeve",Girls Volleyball,"Indiana",9/22/2026,7:00pm,"The Washington varsity volleyball team has an away non-conference match @  Barr-Reeve (Montgomery, IN) on Tuesday, September 22 @ 7p.","/in/volleyball/match/barr-reeve-montgomery-vs-washington-hatch/9-22-2026/?c=706a4abd-2bbc-4acb-ab9d-8d5840a9344b","https://www.maxpreps.com/in/volleyball/match/barr-reeve-montgomery-vs-washington-hatch/9-22-2026/?c=706a4abd-2bbc-4acb-ab9d-8d5840a9344b","/volleyball/in/1023?9/22/2026","Washington","Hatchets","https://www.maxpreps.com/in/barr-reeve-montgomery/girls-volleyball/","https://www.maxpreps.com/in/washington-hatch/girls-volleyball/","https://hsfootball.net/proxy.php?url=https%3A%2F%2Fimage.maxpreps.io%2Fschool-mascot%2F7%2F7%2Fe%2F77e95e6f-d6d3-4104-8202-a11c33c64543.gif%3Fversion%3D637311912000000000%26amp%3Bwidth%3D128%26amp%3Bheight%3D128%26amp%3Bauto%3Dwebp%26amp%3Bformat%3Dpjpg","https://hsfootball.net/proxy.php?url=https%3A%2F%2Fimage.maxpreps.io%2Fschool-mascot%2Fa%2F2%2F8%2Fa28a4fdb-141b-4af7-95a5-5bfa97b500e4.gif%3Fversion%3D639176396971089910%26amp%3Bwidth%3D128%26amp%3Bheight%3D128%26amp%3Bauto%3Dwebp%26amp%3Bformat%3Dpjpg","girl"
87,"Tell City vs Cannelton",Girls Volleyball,"Indiana",9/22/2026,7:00pm,"The Tell City varsity volleyball team has an away non-conference match @  Cannelton (IN) on Tuesday, September 22 @ 7p.","/in/volleyball/match/cannelton-vs-tell-city/9-22-2026/?c=106496c3-2040-42e7-82e5-2593277127d9","https://www.maxpreps.com/in/volleyball/match/cannelton-vs-tell-city/9-22-2026/?c=106496c3-2040-42e7-82e5-2593277127d9","/volleyball/in/89c?9/22/2026","Tell City","Marksmen","https://www.maxpreps.com/in/cannelton/girls-volleyball/","https://www.maxpreps.com/in/tell-city/girls-volleyball/","https://hsfootball.net/proxy.php?url=https%3A%2F%2Fimage.maxpreps.io%2Fschool-mascot%2Fb%2F5%2F5%2Fb5596ae4-4bb1-41c8-8536-4c738d20764b.gif%3Fversion%3D637311910800000000%26amp%3Bwidth%3D128%26amp%3Bheight%3D128%26amp%3Bauto%3Dwebp%26amp%3Bformat%3Dpjpg","https://hsfootball.net/proxy.php?url=https%3A%2F%2Fimage.maxpreps.io%2Fschool-mascot%2F7%2Fd%2Ff%2F7df8e11a-b712-43fa-906c-a49c38fdfd62.gif%3Fversion%3D637743005400000000%26amp%3Bwidth%3D128%26amp%3Bheight%3D128%26amp%3Bauto%3Dwebp%26amp%3Bformat%3Dpjpg","girl"
88,"Hebron vs Morgan Township",Girls Volleyball,"Indiana",9/22/2026,7:00pm,"The Hebron varsity volleyball team has an away conference match @  Morgan Township (Valparaiso, IN) on Tuesday, September 22 @ 7p.","/in/volleyball/match/hebron-vs-morgan-township-valparaiso/9-22-2026/?c=072fccc1-2db3-493f-aa6a-3ed0fceb2a8c","https://www.maxpreps.com/in/volleyball/match/hebron-vs-morgan-township-valparaiso/9-22-2026/?c=072fccc1-2db3-493f-aa6a-3ed0fceb2a8c","/volleyball/in/e4d?9/22/2026","Hebron","Hawks","https://www.maxpreps.com/in/hebron/girls-volleyball/","https://www.maxpreps.com/in/morgan-township-valparaiso/girls-volleyball/","https://hsfootball.net/proxy.php?url=https%3A%2F%2Fimage.maxpreps.io%2Fschool-mascot%2Fc%2F0%2Fe%2Fc0e1209a-eb2e-4ab9-911b-224a107bd0ca.gif%3Fversion%3D638046976800000000%26amp%3Bwidth%3D128%26amp%3Bheight%3D128%26amp%3Bauto%3Dwebp%26amp%3Bformat%3Dpjpg","https://hsfootball.net/proxy.php?url=https%3A%2F%2Fimage.maxpreps.io%2Fschool-mascot%2F9%2F1%2F7%2F917f466c-752f-45c6-9496-bef7680e916d.gif%3Fversion%3D637456051800000000%26amp%3Bwidth%3D128%26amp%3Bheight%3D128%26amp%3Bauto%3Dwebp%26amp%3Bformat%3Dpjpg","girl"
89,"Western Boone vs Harrison",Girls Volleyball,"Indiana",9/22/2026,7:00pm,"The Western Boone varsity volleyball team has an away non-conference match @  Harrison (West Lafayette, IN) on Tuesday, September 22 @ 7p.","/in/volleyball/match/harrison-west-lafayette-vs-western-boone-thorntown/9-22-2026/?c=6cef269d-9782-4068-8bf4-0fd3e490ab9f","https://www.maxpreps.com/in/volleyball/match/harrison-west-lafayette-vs-western-boone-thorntown/9-22-2026/?c=6cef269d-9782-4068-8bf4-0fd3e490ab9f","/volleyball/in/13ed?9/22/2026","Western Boone","Stars","https://www.maxpreps.com/in/harrison-west-lafayette/girls-volleyball/","https://www.maxpreps.com/in/western-boone-thorntown/girls-volleyball/","https://hsfootball.net/proxy.php?url=https%3A%2F%2Fimage.maxpreps.io%2Fschool-mascot%2F8%2Ff%2F6%2F8f6404e7-74f7-4846-b672-19c5fe2fc060.gif%3Fversion%3D637335961200000000%26amp%3Bwidth%3D128%26amp%3Bheight%3D128%26amp%3Bauto%3Dwebp%26amp%3Bformat%3Dpjpg","https://hsfootball.net/proxy.php?url=https%3A%2F%2Fimage.maxpreps.io%2Fschool-mascot%2Fe%2F0%2Fb%2Fe0b77797-d6df-4d66-92be-05a944fe4154.gif%3Fversion%3D637680668400000000%26amp%3Bwidth%3D128%26amp%3Bheight%3D128%26amp%3Bauto%3Dwebp%26amp%3Bformat%3Dpjpg","girl"
90,"Rising Sun vs South Dearborn",Girls Volleyball,"Indiana",9/22/2026,7:00pm,"The Rising Sun varsity volleyball team has an away non-conference match @  South Dearborn (Aurora, IN) on Tuesday, September 22 @ 7p.","/in/volleyball/match/rising-sun-vs-south-dearborn-aurora/9-22-2026/?c=81f55c03-a938-47c5-a581-45e54cec4ce7","https://www.maxpreps.com/in/volleyball/match/rising-sun-vs-south-dearborn-aurora/9-22-2026/?c=81f55c03-a938-47c5-a581-45e54cec4ce7","/volleyball/in/db6?9/22/2026","Rising Sun","Shiners","https://www.maxpreps.com/in/rising-sun/girls-volleyball/","https://www.maxpreps.com/in/south-dearborn-aurora/girls-volleyball/","https://hsfootball.net/proxy.php?url=https%3A%2F%2Fimage.maxpreps.io%2Fschool-mascot%2Fe%2F1%2F3%2Fe1364f55-cff0-43cd-b2a6-751cf5101366.gif%3Fversion%3D638354623800000000%26amp%3Bwidth%3D128%26amp%3Bheight%3D128%26amp%3Bauto%3Dwebp%26amp%3Bformat%3Dpjpg","https://hsfootball.net/proxy.php?url=https%3A%2F%2Fimage.maxpreps.io%2Fschool-mascot%2F9%2Fe%2Ff%2F9ef7ac6d-c895-41a7-be2f-5a016cd89f09.gif%3Fversion%3D637739554200000000%26amp%3Bwidth%3D128%26amp%3Bheight%3D128%26amp%3Bauto%3Dwebp%26amp%3Bformat%3Dpjpg","girl"
91,"Washington Township vs Tri-Township",Girls Volleyball,"Indiana",9/22/2026,7:00pm,"The Washington Township varsity volleyball team has an away conference match @  Tri-Township (LaCrosse, IN) on Tuesday, September 22 @ 7p.","/in/volleyball/match/tri-township-lacrosse-vs-washington-township-valparaiso/9-22-2026/?c=95bd470d-d245-4539-95ca-1a388b93bd2f","https://www.maxpreps.com/in/volleyball/match/tri-township-lacrosse-vs-washington-township-valparaiso/9-22-2026/?c=95bd470d-d245-4539-95ca-1a388b93bd2f","/volleyball/in/160e?9/22/2026","Washington Township","Senators","https://www.maxpreps.com/in/tri-township-lacrosse/girls-volleyball/","https://www.maxpreps.com/in/washington-township-valparaiso/girls-volleyball/","https://hsfootball.net/proxy.php?url=https%3A%2F%2Fimage.maxpreps.io%2Fschool-mascot%2F5%2Fb%2F4%2F5b4d7e81-156a-4bb9-bd5f-7cdb1e620756.gif%3Fversion%3D637414650600000000%26amp%3Bwidth%3D128%26amp%3Bheight%3D128%26amp%3Bauto%3Dwebp%26amp%3Bformat%3Dpjpg","https://hsfootball.net/proxy.php?url=https%3A%2F%2Fimage.maxpreps.io%2Fschool-mascot%2Fd%2Fb%2F9%2Fdb995939-61f6-49f2-9e69-91cebc7e6390.gif%3Fversion%3D635826575400000000%26amp%3Bwidth%3D128%26amp%3Bheight%3D128%26amp%3Bauto%3Dwebp%26amp%3Bformat%3Dpjpg","girl"
92,"Avon vs Ben Davis",Girls Volleyball,"Indiana",9/22/2026,7:00pm,"The Avon varsity volleyball team has an away non-conference match @  Ben Davis (Indianapolis, IN) on Tuesday, September 22 @ 7p.","/in/volleyball/match/avon-vs-ben-davis-indianapolis/9-22-2026/?c=8028acc9-9939-4105-ab66-734bb393e298","https://www.maxpreps.com/in/volleyball/match/avon-vs-ben-davis-indianapolis/9-22-2026/?c=8028acc9-9939-4105-ab66-734bb393e298","/volleyball/in/b98?9/22/2026","Avon","Orioles","https://www.maxpreps.com/in/avon/girls-volleyball/","https://www.maxpreps.com/in/ben-davis-indianapolis/girls-volleyball/","https://hsfootball.net/proxy.php?url=https%3A%2F%2Fimage.maxpreps.io%2Fschool-mascot%2Fc%2F7%2F0%2Fc70bc553-6c78-4714-aaec-0c28e8e44651.gif%3Fversion%3D639151212620750550%26amp%3Bwidth%3D128%26amp%3Bheight%3D128%26amp%3Bauto%3Dwebp%26amp%3Bformat%3Dpjpg","https://hsfootball.net/proxy.php?url=https%3A%2F%2Fimage.maxpreps.io%2Fschool-mascot%2F9%2Fa%2F4%2F9a4201ef-e671-48fb-86cb-6694885e1aba.gif%3Fversion%3D636286326600000000%26amp%3Bwidth%3D128%26amp%3Bheight%3D128%26amp%3Bauto%3Dwebp%26amp%3Bformat%3Dpjpg","girl"
93,"Fort Wayne Bishop Luers vs Fort Wayne Blackhawk Christian",Girls Volleyball,"Indiana",9/22/2026,7:00pm,"The Fort Wayne Bishop Luers varsity volleyball team has an away non-conference match @  Fort Wayne Blackhawk Christian (Fort Wayne, IN) on Tuesday, September 22 @ 7p.","/in/volleyball/match/fort-wayne-bishop-luers-vs-fort-wayne-blackhawk-christian/9-22-2026/?c=d127a67a-9866-4936-91a0-d16b74cc80c3","https://www.maxpreps.com/in/volleyball/match/fort-wayne-bishop-luers-vs-fort-wayne-blackhawk-christian/9-22-2026/?c=d127a67a-9866-4936-91a0-d16b74cc80c3","/volleyball/in/162c?9/22/2026","Fort Wayne Bishop Luers","Knights","https://www.maxpreps.com/in/fort-wayne-bishop-luers/girls-volleyball/","https://www.maxpreps.com/in/fort-wayne-blackhawk-christian/girls-volleyball/","https://hsfootball.net/proxy.php?url=https%3A%2F%2Fimage.maxpreps.io%2Fschool-mascot%2Fb%2F1%2F3%2Fb13ac815-2d47-4ad6-9943-799f998dab6a.gif%3Fversion%3D638772940115304210%26amp%3Bwidth%3D128%26amp%3Bheight%3D128%26amp%3Bauto%3Dwebp%26amp%3Bformat%3Dpjpg","https://hsfootball.net/proxy.php?url=https%3A%2F%2Fimage.maxpreps.io%2Fschool-mascot%2Fe%2F4%2F4%2Fe44fe2e6-cf80-4c2c-b271-619f227c19f3.gif%3Fversion%3D636067753800000000%26amp%3Bwidth%3D128%26amp%3Bheight%3D128%26amp%3Bauto%3Dwebp%26amp%3Bformat%3Dpjpg","girl"
94,"Angola vs Fremont",Girls Volleyball,"Indiana",9/22/2026,7:00pm,"The Angola varsity volleyball team has an away conference match @  Fremont (IN) on Tuesday, September 22 @ 7p.","/in/volleyball/match/angola-vs-fremont/9-22-2026/?c=36a02272-4212-4310-946a-a997d6021415","https://www.maxpreps.com/in/volleyball/match/angola-vs-fremont/9-22-2026/?c=36a02272-4212-4310-946a-a997d6021415","/volleyball/in/6b0?9/22/2026","Angola","Hornets","https://www.maxpreps.com/in/angola/girls-volleyball/","https://www.maxpreps.com/in/fremont/girls-volleyball/","https://hsfootball.net/proxy.php?url=https%3A%2F%2Fimage.maxpreps.io%2Fschool-mascot%2F9%2Fa%2Ff%2F9afaf352-4ea6-4608-bdee-47479c078109.gif%3Fversion%3D638821408482689170%26amp%3Bwidth%3D128%26amp%3Bheight%3D128%26amp%3Bauto%3Dwebp%26amp%3Bformat%3Dpjpg","https://hsfootball.net/proxy.php?url=https%3A%2F%2Fimage.maxpreps.io%2Fschool-mascot%2Fb%2F4%2Fd%2Fb4d49820-07cc-4c55-8c07-25f7e6322e03.gif%3Fversion%3D637335975600000000%26amp%3Bwidth%3D128%26amp%3Bheight%3D128%26amp%3Bauto%3Dwebp%26amp%3Bformat%3Dpjpg","girl"
95,"Peru vs Northwestern",Girls Volleyball,"Indiana",9/22/2026,7:00pm,"The Peru varsity volleyball team has an away conference match @  Northwestern (Kokomo, IN) on Tuesday, September 22 @ 7p.","/in/volleyball/match/northwestern-kokomo-vs-peru-bengal-tigers/9-22-2026/?c=f0107b2f-ec5f-4ecb-9054-7298b0f888ca","https://www.maxpreps.com/in/volleyball/match/northwestern-kokomo-vs-peru-bengal-tigers/9-22-2026/?c=f0107b2f-ec5f-4ecb-9054-7298b0f888ca","/volleyball/in/1040?9/22/2026","Peru","Tigers","https://www.maxpreps.com/in/northwestern-kokomo/girls-volleyball/","https://www.maxpreps.com/in/peru-bengal-tigers/girls-volleyball/","https://hsfootball.net/proxy.php?url=https%3A%2F%2Fimage.maxpreps.io%2Fschool-mascot%2F8%2Fc%2F8%2F8c89adb4-fdf9-456d-aae9-875767814098.gif%3Fversion%3D639151212587807740%26amp%3Bwidth%3D128%26amp%3Bheight%3D128%26amp%3Bauto%3Dwebp%26amp%3Bformat%3Dpjpg","https://hsfootball.net/proxy.php?url=https%3A%2F%2Fimage.maxpreps.io%2Fschool-mascot%2F9%2Ff%2Fb%2F9fb9edc7-c1f8-49bb-8ae3-0ebb6af71ddc.gif%3Fversion%3D638594091561060860%26amp%3Bwidth%3D128%26amp%3Bheight%3D128%26amp%3Bauto%3Dwebp%26amp%3Bformat%3Dpjpg","girl"
96,"Tri-Central vs Carroll",Girls Volleyball,"Indiana",9/22/2026,7:00pm,"The Tri-Central varsity volleyball team has an away conference match @  Carroll (Flora, IN) on Tuesday, September 22 @ 7p.","/in/volleyball/match/carroll-flora-vs-tri-central-sharpsville/9-22-2026/?c=e5fe3c4a-1ad6-458f-9d36-208fa20c2284","https://www.maxpreps.com/in/volleyball/match/carroll-flora-vs-tri-central-sharpsville/9-22-2026/?c=e5fe3c4a-1ad6-458f-9d36-208fa20c2284","/volleyball/in/fb2?9/22/2026","Tri-Central","Trojans","https://www.maxpreps.com/in/carroll-flora/girls-volleyball/","https://www.maxpreps.com/in/tri-central-sharpsville/girls-volleyball/","https://hsfootball.net/proxy.php?url=https%3A%2F%2Fimage.maxpreps.io%2Fschool-mascot%2Fc%2F6%2F4%2Fc6444fb9-ac21-4bc0-922c-71318cf706c2.gif%3Fversion%3D637304844600000000%26amp%3Bwidth%3D128%26amp%3Bheight%3D128%26amp%3Bauto%3Dwebp%26amp%3Bformat%3Dpjpg","https://hsfootball.net/proxy.php?url=https%3A%2F%2Fimage.maxpreps.io%2Fschool-mascot%2F8%2Ff%2F1%2F8f11fd51-5ebb-41cf-97af-80aaf4e5933c.gif%3Fversion%3D637541677200000000%26amp%3Bwidth%3D128%26amp%3Bheight%3D128%26amp%3Bauto%3Dwebp%26amp%3Bformat%3Dpjpg","girl"
97,"Fort Wayne Concordia Lutheran vs Fort Wayne South Side",Girls Volleyball,"Indiana",9/22/2026,7:00pm,"The Fort Wayne Concordia Lutheran varsity volleyball team has an away conference match @  Fort Wayne South Side (Fort Wayne, IN) on Tuesday, September 22 @ 7p.","/in/volleyball/match/fort-wayne-concordia-lutheran-vs-fort-wayne-south-side/9-22-2026/?c=d702849d-d44e-433a-b45e-996f945e3a32","https://www.maxpreps.com/in/volleyball/match/fort-wayne-concordia-lutheran-vs-fort-wayne-south-side/9-22-2026/?c=d702849d-d44e-433a-b45e-996f945e3a32","/volleyball/in/14fc?9/22/2026","Fort Wayne Concordia Lutheran","Cadets","https://www.maxpreps.com/in/fort-wayne-concordia-lutheran/girls-volleyball/","https://www.maxpreps.com/in/fort-wayne-south-side/girls-volleyball/","https://hsfootball.net/proxy.php?url=https%3A%2F%2Fimage.maxpreps.io%2Fschool-mascot%2Fa%2F6%2F7%2Fa67a91b2-ebef-4636-8f40-4be2780aa8f4.gif%3Fversion%3D637963113600000000%26amp%3Bwidth%3D128%26amp%3Bheight%3D128%26amp%3Bauto%3Dwebp%26amp%3Bformat%3Dpjpg","https://hsfootball.net/proxy.php?url=https%3A%2F%2Fimage.maxpreps.io%2Fschool-mascot%2Fc%2F4%2Fd%2Fc4d79488-f801-4446-848e-a0c1de8ab852.gif%3Fversion%3D637993369200000000%26amp%3Bwidth%3D128%26amp%3Bheight%3D128%26amp%3Bauto%3Dwebp%26amp%3Bformat%3Dpjpg","girl"
98,"Kankakee Valley vs Griffith",Girls Volleyball,"Indiana",9/22/2026,7:00pm,"The Kankakee Valley varsity volleyball team has an away non-conference match @  Griffith (IN) on Tuesday, September 22 @ 7p.","/in/volleyball/match/griffith-vs-kankakee-valley-wheatfield/9-22-2026/?c=91af2966-3f71-4b55-96a9-c03c3b3bb13c","https://www.maxpreps.com/in/volleyball/match/griffith-vs-kankakee-valley-wheatfield/9-22-2026/?c=91af2966-3f71-4b55-96a9-c03c3b3bb13c","/volleyball/in/ed5?9/22/2026","Kankakee Valley","Kougars","https://www.maxpreps.com/in/griffith/girls-volleyball/","https://www.maxpreps.com/in/kankakee-valley-wheatfield/girls-volleyball/","https://hsfootball.net/proxy.php?url=https%3A%2F%2Fimage.maxpreps.io%2Fschool-mascot%2F4%2Fa%2F8%2F4a84220a-eb6a-4013-b738-47be5e54c6fe.gif%3Fversion%3D639168678917773770%26amp%3Bwidth%3D128%26amp%3Bheight%3D128%26amp%3Bauto%3Dwebp%26amp%3Bformat%3Dpjpg","https://hsfootball.net/proxy.php?url=https%3A%2F%2Fimage.maxpreps.io%2Fschool-mascot%2Fd%2Fb%2F6%2Fdb6c824b-0e1f-4e2c-a1cb-81e5e53a55f8.gif%3Fversion%3D636743358000000000%26amp%3Bwidth%3D128%26amp%3Bheight%3D128%26amp%3Bauto%3Dwebp%26amp%3Bformat%3Dpjpg","girl"
99,"Northridge vs Fairfield",Girls Volleyball,"Indiana",9/22/2026,7:00pm,"The Northridge varsity volleyball team has an away non-conference match @  Fairfield (Goshen, IN) on Tuesday, September 22 @ 7p.","/in/volleyball/match/fairfield-goshen-vs-northridge-middlebury/9-22-2026/?c=04d62402-edd0-40f9-96a3-aef507bc8066","https://www.maxpreps.com/in/volleyball/match/fairfield-goshen-vs-northridge-middlebury/9-22-2026/?c=04d62402-edd0-40f9-96a3-aef507bc8066","/volleyball/in/102e?9/22/2026","Northridge","Raiders","https://www.maxpreps.com/in/fairfield-goshen/girls-volleyball/","https://www.maxpreps.com/in/northridge-middlebury/girls-volleyball/","https://hsfootball.net/proxy.php?url=https%3A%2F%2Fimage.maxpreps.io%2Fschool-mascot%2F5%2Fd%2F7%2F5d7a769a-8f4d-46e8-a5de-a67dce8e56f8.gif%3Fversion%3D638822896390721650%26amp%3Bwidth%3D128%26amp%3Bheight%3D128%26amp%3Bauto%3Dwebp%26amp%3Bformat%3Dpjpg","https://hsfootball.net/proxy.php?url=https%3A%2F%2Fimage.maxpreps.io%2Fschool-mascot%2Fe%2Fc%2F9%2Fec92521d-ce0a-48ba-8fb4-755465109caf.gif%3Fversion%3D637254775800000000%26amp%3Bwidth%3D128%26amp%3Bheight%3D128%26amp%3Bauto%3Dwebp%26amp%3Bformat%3Dpjpg","girl"
100,"Lake Station Edison vs Marquette Catholic",Girls Volleyball,"Indiana",9/22/2026,7:00pm,"The Lake Station Edison varsity volleyball team has an away non-conference match @  Marquette Catholic (Michigan City, IN) on Tuesday, September 22 @ 7p.","/in/volleyball/match/lake-station-edison-vs-marquette-catholic-michigan-city/9-22-2026/?c=8eb868a9-b796-441f-8573-b9e4a50525aa","https://www.maxpreps.com/in/volleyball/match/lake-station-edison-vs-marquette-catholic-michigan-city/9-22-2026/?c=8eb868a9-b796-441f-8573-b9e4a50525aa","/volleyball/in/155d?9/22/2026","Lake Station Edison","Fighting Eagles","https://www.maxpreps.com/in/lake-station-edison/girls-volleyball/","https://www.maxpreps.com/in/marquette-catholic-michigan-city/girls-volleyball/","https://hsfootball.net/proxy.php?url=https%3A%2F%2Fimage.maxpreps.io%2Fschool-mascot%2Fd%2F8%2F7%2Fd872fb50-818c-4cb0-b1a8-ba8818780334.gif%3Fversion%3D638948181228323070%26amp%3Bwidth%3D128%26amp%3Bheight%3D128%26amp%3Bauto%3Dwebp%26amp%3Bformat%3Dpjpg","https://hsfootball.net/proxy.php?url=https%3A%2F%2Fimage.maxpreps.io%2Fschool-mascot%2Fe%2F1%2F6%2Fe16ba3be-61ba-4324-a005-78e9ecf068ea.gif%3Fversion%3D636250847400000000%26amp%3Bwidth%3D128%26amp%3Bheight%3D128%26amp%3Bauto%3Dwebp%26amp%3Bformat%3Dpjpg","girl"
101,"Greenwood Christian Academy vs Trinity Lutheran",Girls Volleyball,"Indiana",9/22/2026,7:00pm,"The Greenwood Christian Academy varsity volleyball team has an away non-conference match @  Trinity Lutheran (Seymour, IN) on Tuesday, September 22 @ 7p.","/in/volleyball/match/greenwood-christian-academy-vs-trinity-lutheran-seymour/9-22-2026/?c=a37d2d30-7ce8-46f5-a784-a6d58b8abc12","https://www.maxpreps.com/in/volleyball/match/greenwood-christian-academy-vs-trinity-lutheran-seymour/9-22-2026/?c=a37d2d30-7ce8-46f5-a784-a6d58b8abc12","/volleyball/in/15e4?9/22/2026","Greenwood Christian Academy","Cougars","https://www.maxpreps.com/in/greenwood-christian-academy/girls-volleyball/","https://www.maxpreps.com/in/trinity-lutheran-seymour/girls-volleyball/","https://hsfootball.net/proxy.php?url=https%3A%2F%2Fimage.maxpreps.io%2Fschool-mascot%2F0%2F1%2F3%2F01379ad9-602c-4d09-9162-72269f7eabb4.gif%3Fversion%3D635622553200000000%26amp%3Bwidth%3D128%26amp%3Bheight%3D128%26amp%3Bauto%3Dwebp%26amp%3Bformat%3Dpjpg","https://hsfootball.net/proxy.php?url=https%3A%2F%2Fimage.maxpreps.io%2Fschool-mascot%2F0%2F0%2Fb%2F00ba591f-2fad-4ba4-a7ac-ca072071b835.gif%3Fversion%3D638696823640467860%26amp%3Bwidth%3D128%26amp%3Bheight%3D128%26amp%3Bauto%3Dwebp%26amp%3Bformat%3Dpjpg","girl"
102,"Shakamak vs Lighthouse Christian Academy",Girls Volleyball,"Indiana",9/22/2026,7:00pm,"The Shakamak varsity volleyball team has an away non-conference match @  Lighthouse Christian Academy (Bloomington, IN) on Tuesday, September 22 @ 7p.","/in/volleyball/match/lighthouse-christian-academy-bloomington-vs-shakamak-jasonville/9-22-2026/?c=8973313e-6fff-4d42-a4d9-f49e44ada606","https://www.maxpreps.com/in/volleyball/match/lighthouse-christian-academy-bloomington-vs-shakamak-jasonville/9-22-2026/?c=8973313e-6fff-4d42-a4d9-f49e44ada606","/volleyball/in/18ec?9/22/2026","Shakamak","Lakers","https://www.maxpreps.com/in/lighthouse-christian-academy-bloomington/girls-volleyball/","https://www.maxpreps.com/in/shakamak-jasonville/girls-volleyball/","https://hsfootball.net/proxy.php?url=https%3A%2F%2Fimage.maxpreps.io%2Fschool-mascot%2F8%2Fe%2F3%2F8e3ce147-8d9e-43f7-a1bf-d9fe1f316310.gif%3Fversion%3D639152135174736080%26amp%3Bwidth%3D128%26amp%3Bheight%3D128%26amp%3Bauto%3Dwebp%26amp%3Bformat%3Dpjpg","https://hsfootball.net/proxy.php?url=https%3A%2F%2Fimage.maxpreps.io%2Fschool-mascot%2F1%2F1%2Ff%2F11f23dfa-bfc3-4670-bfc2-6ab328b82d70.gif%3Fversion%3D636485880000000000%26amp%3Bwidth%3D128%26amp%3Bheight%3D128%26amp%3Bauto%3Dwebp%26amp%3Bformat%3Dpjpg","girl"
103,"Frontier vs Rossville",Girls Volleyball,"Indiana",9/22/2026,7:00pm,"The Frontier varsity volleyball team has an away non-conference match @  Rossville (IN) on Tuesday, September 22 @ 7p.","/in/volleyball/match/frontier-chalmers-vs-rossville/9-22-2026/?c=1b205727-8005-43f0-a135-27ecefa4e42c","https://www.maxpreps.com/in/volleyball/match/frontier-chalmers-vs-rossville/9-22-2026/?c=1b205727-8005-43f0-a135-27ecefa4e42c","/volleyball/in/c0b?9/22/2026","Frontier","Falcons","https://www.maxpreps.com/in/frontier-chalmers/girls-volleyball/","https://www.maxpreps.com/in/rossville/girls-volleyball/","https://hsfootball.net/proxy.php?url=https%3A%2F%2Fimage.maxpreps.io%2Fschool-mascot%2F0%2Ff%2F5%2F0f5d906c-9f2b-4455-9a1a-5c6bf88f48c1.gif%3Fversion%3D635905360200000000%26amp%3Bwidth%3D128%26amp%3Bheight%3D128%26amp%3Bauto%3Dwebp%26amp%3Bformat%3Dpjpg","https://hsfootball.net/proxy.php?url=https%3A%2F%2Fimage.maxpreps.io%2Fschool-mascot%2Fb%2F4%2Fe%2Fb4e5adde-667f-4a45-ad9f-2a02a5c503fd.gif%3Fversion%3D635926772400000000%26amp%3Bwidth%3D128%26amp%3Bheight%3D128%26amp%3Bauto%3Dwebp%26amp%3Bformat%3Dpjpg","girl"
104,"Lakewood Park Christian vs Fort Wayne North Side",Girls Volleyball,"Indiana",9/22/2026,7:00pm,"The Lakewood Park Christian varsity volleyball team has an away non-conference match @  Fort Wayne North Side (Fort Wayne, IN) on Tuesday, September 22 @ 7p.","/in/volleyball/match/fort-wayne-north-side-vs-lakewood-park-christian-auburn/9-22-2026/?c=34963174-d995-4813-b11e-3cb8a5ef28d8","https://www.maxpreps.com/in/volleyball/match/fort-wayne-north-side-vs-lakewood-park-christian-auburn/9-22-2026/?c=34963174-d995-4813-b11e-3cb8a5ef28d8","/volleyball/in/1556?9/22/2026","Lakewood Park Christian","Panthers","https://www.maxpreps.com/in/fort-wayne-north-side/girls-volleyball/","https://www.maxpreps.com/in/lakewood-park-christian-auburn/girls-volleyball/","https://hsfootball.net/proxy.php?url=https%3A%2F%2Fimage.maxpreps.io%2Fschool-mascot%2F0%2Ff%2Fa%2F0fa767c3-a82a-413a-bb60-9d888d7dbeae.gif%3Fversion%3D639152135120421140%26amp%3Bwidth%3D128%26amp%3Bheight%3D128%26amp%3Bauto%3Dwebp%26amp%3Bformat%3Dpjpg","https://hsfootball.net/proxy.php?url=https%3A%2F%2Fimage.maxpreps.io%2Fschool-mascot%2F6%2F3%2F3%2F63383b37-313c-4b4c-a6a7-0a3d549699d6.gif%3Fversion%3D637335951000000000%26amp%3Bwidth%3D128%26amp%3Bheight%3D128%26amp%3Bauto%3Dwebp%26amp%3Bformat%3Dpjpg","girl"
105,"Eastern Hancock vs New Castle",Girls Volleyball,"Indiana",9/22/2026,7:00pm,"The Eastern Hancock varsity volleyball team has an away conference match @  New Castle (IN) on Tuesday, September 22 @ 7p.","/in/volleyball/match/eastern-hancock-charlottesville-vs-new-castle/9-22-2026/?c=ad0e685b-b0bc-4725-8fc0-80be75ce46e9","https://www.maxpreps.com/in/volleyball/match/eastern-hancock-charlottesville-vs-new-castle/9-22-2026/?c=ad0e685b-b0bc-4725-8fc0-80be75ce46e9","/volleyball/in/11ae?9/22/2026","Eastern Hancock","Royals","https://www.maxpreps.com/in/eastern-hancock-charlottesville/girls-volleyball/","https://www.maxpreps.com/in/new-castle/girls-volleyball/","https://hsfootball.net/proxy.php?url=https%3A%2F%2Fimage.maxpreps.io%2Fschool-mascot%2F0%2Fa%2F0%2F0a07f9a9-27f4-4068-b9b6-3b0c59f9a112.gif%3Fversion%3D637894149000000000%26amp%3Bwidth%3D128%26amp%3Bheight%3D128%26amp%3Bauto%3Dwebp%26amp%3Bformat%3Dpjpg","https://hsfootball.net/proxy.php?url=https%3A%2F%2Fimage.maxpreps.io%2Fschool-mascot%2Fc%2F5%2F8%2Fc5895211-24f0-4371-ae6a-3fcc085533c1.gif%3Fversion%3D637304822400000000%26amp%3Bwidth%3D128%26amp%3Bheight%3D128%26amp%3Bauto%3Dwebp%26amp%3Bformat%3Dpjpg","girl"
106,"Indianapolis Arsenal Technical vs Indianapolis Shortridge",Girls Volleyball,"Indiana",9/22/2026,7:00pm,"The Indianapolis Arsenal Technical varsity volleyball team has an away non-conference match @  Indianapolis Shortridge (Indianapolis, IN) on Tuesday, September 22 @ 7p.","/in/volleyball/match/indianapolis-arsenal-technical-vs-indianapolis-shortridge/9-22-2026/?c=dddbebc7-2075-47e1-9c95-44d8349cbf3f","https://www.maxpreps.com/in/volleyball/match/indianapolis-arsenal-technical-vs-indianapolis-shortridge/9-22-2026/?c=dddbebc7-2075-47e1-9c95-44d8349cbf3f","/volleyball/in/168c?9/22/2026","Indianapolis Arsenal Technical","Titans","https://www.maxpreps.com/in/indianapolis-arsenal-technical/girls-volleyball/","https://www.maxpreps.com/in/indianapolis-shortridge/girls-volleyball/","https://hsfootball.net/proxy.php?url=https%3A%2F%2Fimage.maxpreps.io%2Fschool-mascot%2F4%2F7%2Fa%2F47a3dc55-329a-424c-9a4f-cdca1bcb8562.gif%3Fversion%3D639244563888778750%26amp%3Bwidth%3D128%26amp%3Bheight%3D128%26amp%3Bauto%3Dwebp%26amp%3Bformat%3Dpjpg","https://hsfootball.net/proxy.php?url=https%3A%2F%2Fimage.maxpreps.io%2Fschool-mascot%2F7%2F3%2Fd%2F73d43852-55a6-40f9-982d-ec7395cc1d0a.gif%3Fversion%3D637204705200000000%26amp%3Bwidth%3D128%26amp%3Bheight%3D128%26amp%3Bauto%3Dwebp%26amp%3Bformat%3Dpjpg","girl"
107,"Community Baptist Christian vs La Lumiere",Girls Volleyball,"Indiana",9/22/2026,7:00pm,"The Community Baptist Christian varsity volleyball team has an away non-conference match @  La Lumiere (La Porte, IN) on Tuesday, September 22 @ 7p.","/in/volleyball/match/community-baptist-christian-south-bend-vs-la-lumiere-la-porte/9-22-2026/?c=55550dd4-5473-4e0f-9b5e-c6bcc1e28ccd","https://www.maxpreps.com/in/volleyball/match/community-baptist-christian-south-bend-vs-la-lumiere-la-porte/9-22-2026/?c=55550dd4-5473-4e0f-9b5e-c6bcc1e28ccd","/volleyball/in/17a2?9/22/2026","Community Baptist Christian","Cougars","https://www.maxpreps.com/in/community-baptist-christian-south-bend/girls-volleyball/","https://www.maxpreps.com/in/la-lumiere-la-porte/girls-volleyball/","https://hsfootball.net/proxy.php?url=https%3A%2F%2Fimage.maxpreps.io%2Fschool-mascot%2F8%2F8%2Fc%2F88c0d824-cc26-42ba-92c9-2ecd76d31a3f.gif%3Fversion%3D637340350200000000%26amp%3Bwidth%3D128%26amp%3Bheight%3D128%26amp%3Bauto%3Dwebp%26amp%3Bformat%3Dpjpg","https://hsfootball.net/proxy.php?url=https%3A%2F%2Fimage.maxpreps.io%2Fschool-mascot%2F3%2F3%2Fc%2F33c16830-39f0-4c99-9709-f78c26bfc3aa.gif%3Fversion%3D638984712692962450%26amp%3Bwidth%3D128%26amp%3Bheight%3D128%26amp%3Bauto%3Dwebp%26amp%3Bformat%3Dpjpg","girl"
108,"Goshen vs NorthWood",Girls Volleyball,"Indiana",9/22/2026,7:00pm,"The Goshen varsity volleyball team has an away conference match @  NorthWood (Nappanee, IN) on Tuesday, September 22 @ 7p.","/in/volleyball/match/goshen-vs-northwood-nappanee/9-22-2026/?c=79d7e04a-8216-447b-bacd-b269af750736","https://www.maxpreps.com/in/volleyball/match/goshen-vs-northwood-nappanee/9-22-2026/?c=79d7e04a-8216-447b-bacd-b269af750736","/volleyball/in/b20?9/22/2026","Goshen","RedHawks","https://www.maxpreps.com/in/goshen/girls-volleyball/","https://www.maxpreps.com/in/northwood-nappanee/girls-volleyball/","https://hsfootball.net/proxy.php?url=https%3A%2F%2Fimage.maxpreps.io%2Fschool-mascot%2Fb%2F9%2F3%2Fb930b54e-ddcb-4c4a-a1b4-c90430d4fb17.gif%3Fversion%3D638822896306041970%26amp%3Bwidth%3D128%26amp%3Bheight%3D128%26amp%3Bauto%3Dwebp%26amp%3Bformat%3Dpjpg","https://hsfootball.net/proxy.php?url=https%3A%2F%2Fimage.maxpreps.io%2Fschool-mascot%2F1%2F5%2F8%2F15873b86-e7cf-453b-8972-53314ab0ba56.gif%3Fversion%3D638822896335937860%26amp%3Bwidth%3D128%26amp%3Bheight%3D128%26amp%3Bauto%3Dwebp%26amp%3Bformat%3Dpjpg","girl"
109,"Seven Oaks Classical vs Indiana School for the Deaf",Girls Volleyball,"Indiana",9/22/2026,7:00pm,"The Seven Oaks Classical varsity volleyball team has an away non-conference match @  Indiana School for the Deaf (Indianapolis, IN) on Tuesday, September 22 @ 7p.","/in/volleyball/match/indiana-school-for-the-deaf-indianapolis-vs-seven-oaks-classical-ellettsville/9-22-2026/?c=c3e84535-4726-46db-82c1-85400e8f3714","https://www.maxpreps.com/in/volleyball/match/indiana-school-for-the-deaf-indianapolis-vs-seven-oaks-classical-ellettsville/9-22-2026/?c=c3e84535-4726-46db-82c1-85400e8f3714","/volleyball/in/1db1?9/22/2026","Seven Oaks Classical","Firehawks","https://www.maxpreps.com/in/indiana-school-for-the-deaf-indianapolis/girls-volleyball/","https://www.maxpreps.com/in/seven-oaks-classical-ellettsville/girls-volleyball/","https://hsfootball.net/proxy.php?url=https%3A%2F%2Fimage.maxpreps.io%2Fschool-mascot%2Ff%2F8%2F6%2Ff868a23d-b07f-4e01-b893-dc8bfb7037f3.gif%3Fversion%3D637974540600000000%26amp%3Bwidth%3D128%26amp%3Bheight%3D128%26amp%3Bauto%3Dwebp%26amp%3Bformat%3Dpjpg","https://hsfootball.net/proxy.php?url=https%3A%2F%2Fimage.maxpreps.io%2Fschool-mascot%2F1%2F6%2Fa%2F16a7f2e4-3ac7-4eac-9eed-5991d629c2b1.gif%3Fversion%3D634898503800000000%26amp%3Bwidth%3D128%26amp%3Bheight%3D128%26amp%3Bauto%3Dwebp%26amp%3Bformat%3Dpjpg","girl"
110,"New Haven vs Leo",Girls Volleyball,"Indiana",9/22/2026,7:00pm,"The New Haven varsity volleyball team has an away conference match @  Leo (IN) on Tuesday, September 22 @ 7p.","/in/volleyball/match/leo-vs-new-haven/9-22-2026/?c=b0620dbd-078b-4596-998c-bb3d32f9c960","https://www.maxpreps.com/in/volleyball/match/leo-vs-new-haven/9-22-2026/?c=b0620dbd-078b-4596-998c-bb3d32f9c960","/volleyball/in/60c?9/22/2026","New Haven","Bulldogs","https://www.maxpreps.com/in/leo/girls-volleyball/","https://www.maxpreps.com/in/new-haven/girls-volleyball/","https://hsfootball.net/proxy.php?url=https%3A%2F%2Fimage.maxpreps.io%2Fschool-mascot%2Fa%2Fd%2F0%2Fad09fbf7-0917-41f9-b15a-ffbc5190f622.gif%3Fversion%3D636996784200000000%26amp%3Bwidth%3D128%26amp%3Bheight%3D128%26amp%3Bauto%3Dwebp%26amp%3Bformat%3Dpjpg","https://hsfootball.net/proxy.php?url=https%3A%2F%2Fimage.maxpreps.io%2Fschool-mascot%2F5%2F5%2F9%2F5594438a-6495-4d5f-a956-33463c72c6e8.gif%3Fversion%3D638822896575391040%26amp%3Bwidth%3D128%26amp%3Bheight%3D128%26amp%3Bauto%3Dwebp%26amp%3Bformat%3Dpjpg","girl"
111,"Bloomington South vs Bedford North Lawrence",Girls Volleyball,"Indiana",9/22/2026,7:00pm,"The Bloomington South varsity volleyball team has an away non-conference match @  Bedford North Lawrence (Bedford, IN) on Tuesday, September 22 @ 7p.","/in/volleyball/match/bedford-north-lawrence-vs-bloomington-south/9-22-2026/?c=f40b82b4-6fee-4f08-b9aa-e985cb3902d4","https://www.maxpreps.com/in/volleyball/match/bedford-north-lawrence-vs-bloomington-south/9-22-2026/?c=f40b82b4-6fee-4f08-b9aa-e985cb3902d4","/volleyball/in/10f7?9/22/2026","Bloomington South","Panthers","https://www.maxpreps.com/in/bedford-north-lawrence/girls-volleyball/","https://www.maxpreps.com/in/bloomington-south/girls-volleyball/","https://hsfootball.net/proxy.php?url=https%3A%2F%2Fimage.maxpreps.io%2Fschool-mascot%2Fb%2F8%2F2%2Fb82c949f-a2dc-4bed-b475-fd436cc56646.gif%3Fversion%3D639152135287469830%26amp%3Bwidth%3D128%26amp%3Bheight%3D128%26amp%3Bauto%3Dwebp%26amp%3Bformat%3Dpjpg","https://hsfootball.net/proxy.php?url=https%3A%2F%2Fimage.maxpreps.io%2Fschool-mascot%2F1%2F0%2Fd%2F10d4159c-d3aa-486f-9519-ecbd1e19b5a7.gif%3Fversion%3D635301991800000000%26amp%3Bwidth%3D128%26amp%3Bheight%3D128%26amp%3Bauto%3Dwebp%26amp%3Bformat%3Dpjpg","girl"
112,"Heritage Christian vs Triton Central",Girls Volleyball,"Indiana",9/22/2026,7:00pm,"The Heritage Christian varsity volleyball team has an away non-conference match @  Triton Central (Fairland, IN) on Tuesday, September 22 @ 7p.","/in/volleyball/match/heritage-christian-indianapolis-vs-triton-central-fairland/9-22-2026/?c=41bb58aa-b11a-4ed6-8196-ef855c877ff8","https://www.maxpreps.com/in/volleyball/match/heritage-christian-indianapolis-vs-triton-central-fairland/9-22-2026/?c=41bb58aa-b11a-4ed6-8196-ef855c877ff8","/volleyball/in/16ca?9/22/2026","Heritage Christian","Eagles","https://www.maxpreps.com/in/heritage-christian-indianapolis/girls-volleyball/","https://www.maxpreps.com/in/triton-central-fairland/girls-volleyball/","https://hsfootball.net/proxy.php?url=https%3A%2F%2Fimage.maxpreps.io%2Fschool-mascot%2F0%2F1%2F2%2F012085da-547e-4aed-b9d6-e2c0d608ca19.gif%3Fversion%3D637335951600000000%26amp%3Bwidth%3D128%26amp%3Bheight%3D128%26amp%3Bauto%3Dwebp%26amp%3Bformat%3Dpjpg","https://hsfootball.net/proxy.php?url=https%3A%2F%2Fimage.maxpreps.io%2Fschool-mascot%2F0%2F7%2Fb%2F07b7befd-315a-47e7-a718-65fd64c2c286.gif%3Fversion%3D637309320000000000%26amp%3Bwidth%3D128%26amp%3Bheight%3D128%26amp%3Bauto%3Dwebp%26amp%3Bformat%3Dpjpg","girl"
113,"Southern Wells vs Fort Wayne Canterbury",Girls Volleyball,"Indiana",9/22/2026,7:00pm,"The Southern Wells varsity volleyball team has an away non-conference match @  Fort Wayne Canterbury (Fort Wayne, IN) on Tuesday, September 22 @ 7p.","/in/volleyball/match/fort-wayne-canterbury-vs-southern-wells-poneto/9-22-2026/?c=2f2c5817-5c20-4b4f-bb88-af40d12b3994","https://www.maxpreps.com/in/volleyball/match/fort-wayne-canterbury-vs-southern-wells-poneto/9-22-2026/?c=2f2c5817-5c20-4b4f-bb88-af40d12b3994","/volleyball/in/1249?9/22/2026","Southern Wells","Raiders","https://www.maxpreps.com/in/fort-wayne-canterbury/girls-volleyball/","https://www.maxpreps.com/in/southern-wells-poneto/girls-volleyball/","https://hsfootball.net/proxy.php?url=https%3A%2F%2Fimage.maxpreps.io%2Fschool-mascot%2F0%2F3%2F8%2F038bde11-57f0-444b-9a4b-4d8b4d5143ac.gif%3Fversion%3D639152135242382370%26amp%3Bwidth%3D128%26amp%3Bheight%3D128%26amp%3Bauto%3Dwebp%26amp%3Bformat%3Dpjpg","https://hsfootball.net/proxy.php?url=https%3A%2F%2Fimage.maxpreps.io%2Fschool-mascot%2F8%2Fb%2Fd%2F8bdc5599-b0fe-4637-95cc-75bf4e763d16.gif%3Fversion%3D638464323000000000%26amp%3Bwidth%3D128%26amp%3Bheight%3D128%26amp%3Bauto%3Dwebp%26amp%3Bformat%3Dpjpg","girl"
114,"New Albany vs Columbus North",Girls Volleyball,"Indiana",9/22/2026,7:00pm,"The New Albany varsity volleyball team has an away non-conference match @  Columbus North (Columbus, IN) on Tuesday, September 22 @ 7p.","/in/volleyball/match/columbus-north-vs-new-albany/9-22-2026/?c=ad4b67f8-9f6c-4d67-b670-a7a978725223","https://www.maxpreps.com/in/volleyball/match/columbus-north-vs-new-albany/9-22-2026/?c=ad4b67f8-9f6c-4d67-b670-a7a978725223","/volleyball/in/af3?9/22/2026","New Albany","Bulldogs","https://www.maxpreps.com/in/columbus-north/girls-volleyball/","https://www.maxpreps.com/in/new-albany/girls-volleyball/","https://hsfootball.net/proxy.php?url=https%3A%2F%2Fimage.maxpreps.io%2Fschool-mascot%2F1%2Fa%2Fa%2F1aa1eba7-c043-4dec-b9bf-714d1bde5a52.gif%3Fversion%3D637386926400000000%26amp%3Bwidth%3D128%26amp%3Bheight%3D128%26amp%3Bauto%3Dwebp%26amp%3Bformat%3Dpjpg","https://hsfootball.net/proxy.php?url=https%3A%2F%2Fimage.maxpreps.io%2Fschool-mascot%2F8%2F1%2Fe%2F81e42b74-030e-438e-9bc4-107db7d1731a.gif%3Fversion%3D639152135196176300%26amp%3Bwidth%3D128%26amp%3Bheight%3D128%26amp%3Bauto%3Dwebp%26amp%3Bformat%3Dpjpg","girl"
115,"Mishawaka vs Plymouth",Girls Volleyball,"Indiana",9/22/2026,7:00pm,"The Mishawaka varsity volleyball team has an away conference match @  Plymouth (IN) on Tuesday, September 22 @ 7p.","/in/volleyball/match/mishawaka-vs-plymouth-pilgrims-rockies/9-22-2026/?c=9632a92a-e5b9-4485-a347-56d81a041945","https://www.maxpreps.com/in/volleyball/match/mishawaka-vs-plymouth-pilgrims-rockies/9-22-2026/?c=9632a92a-e5b9-4485-a347-56d81a041945","/volleyball/in/f2c?9/22/2026","Mishawaka","Cavemen","https://www.maxpreps.com/in/mishawaka/girls-volleyball/","https://www.maxpreps.com/in/plymouth-pilgrims-rockies/girls-volleyball/","https://hsfootball.net/proxy.php?url=https%3A%2F%2Fimage.maxpreps.io%2Fschool-mascot%2F6%2F1%2Fb%2F61b17d21-dba6-4291-bb89-1ede4fa3eb14.gif%3Fversion%3D638822896443154440%26amp%3Bwidth%3D128%26amp%3Bheight%3D128%26amp%3Bauto%3Dwebp%26amp%3Bformat%3Dpjpg","https://hsfootball.net/proxy.php?url=https%3A%2F%2Fimage.maxpreps.io%2Fschool-mascot%2F3%2F4%2F1%2F3418c2b1-5321-45ee-b3bb-a277f45d2a00.gif%3Fversion%3D636008046000000000%26amp%3Bwidth%3D128%26amp%3Bheight%3D128%26amp%3Bauto%3Dwebp%26amp%3Bformat%3Dpjpg","girl"
116,"Highland vs Lowell",Girls Volleyball,"Indiana",9/22/2026,7:00pm,"The Highland varsity volleyball team has an away conference match @  Lowell (IN) on Tuesday, September 22 @ 7p.","/in/volleyball/match/highland-vs-lowell/9-22-2026/?c=8b9a7156-b6c8-45ce-80cb-aec5adfbddec","https://www.maxpreps.com/in/volleyball/match/highland-vs-lowell/9-22-2026/?c=8b9a7156-b6c8-45ce-80cb-aec5adfbddec","/volleyball/in/711?9/22/2026","Highland","Trojans","https://www.maxpreps.com/in/highland/girls-volleyball/","https://www.maxpreps.com/in/lowell/girls-volleyball/","https://hsfootball.net/proxy.php?url=https%3A%2F%2Fimage.maxpreps.io%2Fschool-mascot%2F1%2F4%2Fd%2F14d9c6f2-e14b-4593-b25d-32bc7d159755.gif%3Fversion%3D637311909000000000%26amp%3Bwidth%3D128%26amp%3Bheight%3D128%26amp%3Bauto%3Dwebp%26amp%3Bformat%3Dpjpg","https://hsfootball.net/proxy.php?url=https%3A%2F%2Fimage.maxpreps.io%2Fschool-mascot%2F9%2F8%2F3%2F9832cef1-6df9-45c0-af02-e564072b54fc.gif%3Fversion%3D638823862350433670%26amp%3Bwidth%3D128%26amp%3Bheight%3D128%26amp%3Bauto%3Dwebp%26amp%3Bformat%3Dpjpg","girl"
117,"Lafayette Central Catholic vs Clinton Prairie",Girls Volleyball,"Indiana",9/22/2026,7:00pm,"The Lafayette Central Catholic varsity volleyball team has an away non-conference match @  Clinton Prairie (Frankfort, IN) on Tuesday, September 22 @ 7p.","/in/volleyball/match/clinton-prairie-frankfort-vs-lafayette-central-catholic/9-22-2026/?c=15823715-03d8-4f8b-a834-b5a028a62082","https://www.maxpreps.com/in/volleyball/match/clinton-prairie-frankfort-vs-lafayette-central-catholic/9-22-2026/?c=15823715-03d8-4f8b-a834-b5a028a62082","/volleyball/in/1596?9/22/2026","Lafayette Central Catholic","Knights","https://www.maxpreps.com/in/clinton-prairie-frankfort/girls-volleyball/","https://www.maxpreps.com/in/lafayette-central-catholic/girls-volleyball/","https://hsfootball.net/proxy.php?url=https%3A%2F%2Fimage.maxpreps.io%2Fschool-mascot%2F5%2Fa%2F9%2F5a9d8755-b2a7-491b-bddb-84fa89c6925a.gif%3Fversion%3D639152135153195490%26amp%3Bwidth%3D128%26amp%3Bheight%3D128%26amp%3Bauto%3Dwebp%26amp%3Bformat%3Dpjpg","https://hsfootball.net/proxy.php?url=https%3A%2F%2Fimage.maxpreps.io%2Fschool-mascot%2F8%2F3%2F6%2F836ba193-8d0c-43a5-ab36-2ad49f3f3067.gif%3Fversion%3D639152135191178190%26amp%3Bwidth%3D128%26amp%3Bheight%3D128%26amp%3Bauto%3Dwebp%26amp%3Bformat%3Dpjpg","girl"
118,"Wheeler vs Hammond Morton",Girls Volleyball,"Indiana",9/22/2026,7:00pm,"The Wheeler varsity volleyball team has an away non-conference match @  Hammond Morton (Hammond, IN) on Tuesday, September 22 @ 7p.","/in/volleyball/match/hammond-morton-vs-wheeler-valparaiso/9-22-2026/?c=924b89b0-2b3e-407b-89df-d3cd3fe62d22","https://www.maxpreps.com/in/volleyball/match/hammond-morton-vs-wheeler-valparaiso/9-22-2026/?c=924b89b0-2b3e-407b-89df-d3cd3fe62d22","/volleyball/in/e3e?9/22/2026","Wheeler","Bearcats","https://www.maxpreps.com/in/hammond-morton/girls-volleyball/","https://www.maxpreps.com/in/wheeler-valparaiso/girls-volleyball/","https://hsfootball.net/proxy.php?url=https%3A%2F%2Fimage.maxpreps.io%2Fschool-mascot%2F8%2Fa%2Fa%2F8aae70b7-0b2e-4460-93c0-6cb1c288b395.gif%3Fversion%3D635963230800000000%26amp%3Bwidth%3D128%26amp%3Bheight%3D128%26amp%3Bauto%3Dwebp%26amp%3Bformat%3Dpjpg","https://hsfootball.net/proxy.php?url=https%3A%2F%2Fimage.maxpreps.io%2Fschool-mascot%2F2%2F3%2Fb%2F23b7978d-f85e-45a2-96a4-ce2206da7b5b.gif%3Fversion%3D637311908400000000%26amp%3Bwidth%3D128%26amp%3Bheight%3D128%26amp%3Bauto%3Dwebp%26amp%3Bformat%3Dpjpg","girl"
119,"Sullivan vs West Vigo",Girls Volleyball,"Indiana",9/22/2026,7:00pm,"The Sullivan varsity volleyball team has an away conference match @  West Vigo (West Terre Haute, IN) on Tuesday, September 22 @ 7p.","/in/volleyball/match/sullivan-vs-west-vigo-west-terre-haute/9-22-2026/?c=c672b22c-37a9-44ed-adfc-fb2dfd519729","https://www.maxpreps.com/in/volleyball/match/sullivan-vs-west-vigo-west-terre-haute/9-22-2026/?c=c672b22c-37a9-44ed-adfc-fb2dfd519729","/volleyball/in/ed9?9/22/2026","Sullivan","Golden Arrows","https://www.maxpreps.com/in/sullivan/girls-volleyball/","https://www.maxpreps.com/in/west-vigo-west-terre-haute/girls-volleyball/","https://hsfootball.net/proxy.php?url=https%3A%2F%2Fimage.maxpreps.io%2Fschool-mascot%2F2%2F8%2F7%2F287d0656-c6ca-4e61-9dd4-525e4bd9038b.gif%3Fversion%3D639152135158207930%26amp%3Bwidth%3D128%26amp%3Bheight%3D128%26amp%3Bauto%3Dwebp%26amp%3Bformat%3Dpjpg","https://hsfootball.net/proxy.php?url=https%3A%2F%2Fimage.maxpreps.io%2Fschool-mascot%2F5%2F5%2Ff%2F55f11e05-09e1-4c85-9bab-469d6489a300.gif%3Fversion%3D639152135264569130%26amp%3Bwidth%3D128%26amp%3Bheight%3D128%26amp%3Bauto%3Dwebp%26amp%3Bformat%3Dpjpg","girl"
120,"Shelbyville vs Lawrence Central",Girls Volleyball,"Indiana",9/22/2026,7:00pm,"The Shelbyville varsity volleyball team has an away non-conference match @  Lawrence Central (Indianapolis, IN) on Tuesday, September 22 @ 7p.","/in/volleyball/match/lawrence-central-indianapolis-vs-shelbyville/9-22-2026/?c=6a9e5546-704a-4582-9647-64264512f13f","https://www.maxpreps.com/in/volleyball/match/lawrence-central-indianapolis-vs-shelbyville/9-22-2026/?c=6a9e5546-704a-4582-9647-64264512f13f","/volleyball/in/1175?9/22/2026","Shelbyville","Golden Bears","https://www.maxpreps.com/in/lawrence-central-indianapolis/girls-volleyball/","https://www.maxpreps.com/in/shelbyville/girls-volleyball/","https://hsfootball.net/proxy.php?url=https%3A%2F%2Fimage.maxpreps.io%2Fschool-mascot%2F6%2F6%2F9%2F66921636-bf7e-4c3f-968c-0dbec657983d.gif%3Fversion%3D637396443000000000%26amp%3Bwidth%3D128%26amp%3Bheight%3D128%26amp%3Bauto%3Dwebp%26amp%3Bformat%3Dpjpg","https://hsfootball.net/proxy.php?url=https%3A%2F%2Fimage.maxpreps.io%2Fschool-mascot%2Fd%2F8%2F1%2Fd81d958a-b2bf-410b-94a8-7cd00e8d564b.gif%3Fversion%3D637231473600000000%26amp%3Bwidth%3D128%26amp%3Bheight%3D128%26amp%3Bauto%3Dwebp%26amp%3Bformat%3Dpjpg","girl"
161,"Bishop Lynch vs Prestonwood Christian",Girls Volleyball,"Indiana",9/22/2026,6:00pm,"The Bishop Lynch varsity volleyball team has an away conference match @  Prestonwood Christian (Plano, TX) on Tuesday, September 22 @ 6p.","/tx/volleyball/match/bishop-lynch-dallas-vs-prestonwood-christian-plano/9-22-2026/?c=0db742f7-90aa-4613-9819-deb9edc461e8","https://www.maxpreps.com/tx/volleyball/match/bishop-lynch-dallas-vs-prestonwood-christian-plano/9-22-2026/?c=0db742f7-90aa-4613-9819-deb9edc461e8","/volleyball/in/13ae?9/22/2026","Bishop Lynch","Friars","https://www.maxpreps.com/in/bishop-lynch-dallas/girls-volleyball/","https://www.maxpreps.com/in/prestonwood-christian-plano/girls-volleyball/","https://hsfootball.net/proxy.php?url=https%3A%2F%2Fimage.maxpreps.io%2Fschool-mascot%2Ff%2F2%2F4%2Ff24e9c8c-0100-46b5-baaa-a01d6a731f5e.gif%3Fversion%3D636483367800000000%26amp%3Bwidth%3D128%26amp%3Bheight%3D128%26amp%3Bauto%3Dwebp%26amp%3Bformat%3Dpjpg","https://hsfootball.net/proxy.php?url=https%3A%2F%2Fimage.maxpreps.io%2Fschool-mascot%2Fd%2F9%2F7%2Fd978f4b8-b8f1-4a7f-87f6-6962ba606344.gif%3Fversion%3D635797292400000000%26amp%3Bwidth%3D128%26amp%3Bheight%3D128%26amp%3Bauto%3Dwebp%26amp%3Bformat%3Dpjpg","girl"
162,"Mercy vs Detroit Country Day",Girls Volleyball,"Indiana",9/22/2026,7:00pm,"The Mercy varsity volleyball team has an away non-conference match @  Detroit Country Day (Beverly Hills, MI) on Tuesday, September 22 @ 7p.","/mi/volleyball/match/detroit-country-day-jackets-beverly-hills-vs-mercy-farmington-hills/9-22-2026/?c=286a36e2-0b41-4da3-bd45-a274db5a6509","https://www.maxpreps.com/mi/volleyball/match/detroit-country-day-jackets-beverly-hills-vs-mercy-farmington-hills/9-22-2026/?c=286a36e2-0b41-4da3-bd45-a274db5a6509","/volleyball/in/1a36?9/22/2026","Mercy","Marlins","https://www.maxpreps.com/in/detroit-country-day-jackets-beverly-hills/girls-volleyball/","https://www.maxpreps.com/in/mercy-farmington-hills/girls-volleyball/","https://hsfootball.net/proxy.php?url=https%3A%2F%2Fimage.maxpreps.io%2Fschool-mascot%2Fd%2F9%2Fb%2Fd9bb6aad-e859-4598-99b3-3a9744bc6f24.gif%3Fversion%3D639126156614330890%26amp%3Bwidth%3D128%26amp%3Bheight%3D128%26amp%3Bauto%3Dwebp%26amp%3Bformat%3Dpjpg","https://hsfootball.net/proxy.php?url=https%3A%2F%2Fimage.maxpreps.io%2Fschool-mascot%2F4%2F8%2F8%2F4887d5c5-3c5c-4249-877d-8723f07d6650.gif%3Fversion%3D638040942600000000%26amp%3Bwidth%3D128%26amp%3Bheight%3D128%26amp%3Bauto%3Dwebp%26amp%3Bformat%3Dpjpg","girl"
163,"Mother McAuley vs Benet Academy",Girls Volleyball,"Indiana",9/22/2026,6:00pm,"The Mother McAuley varsity volleyball team has an away non-conference match @  Benet Academy (Lisle, IL) on Tuesday, September 22 @ 6p.","/il/volleyball/match/benet-academy-lisle-vs-mother-mcauley-chicago/9-22-2026/?c=76efcc84-a4e2-490c-8ef8-209aefefe279","https://www.maxpreps.com/il/volleyball/match/benet-academy-lisle-vs-mother-mcauley-chicago/9-22-2026/?c=76efcc84-a4e2-490c-8ef8-209aefefe279","/volleyball/in/113f?9/22/2026","Mother McAuley","Mighty Macs","https://www.maxpreps.com/in/benet-academy-lisle/girls-volleyball/","https://www.maxpreps.com/in/mother-mcauley-chicago/girls-volleyball/","https://hsfootball.net/proxy.php?url=https%3A%2F%2Fimage.maxpreps.io%2Fschool-mascot%2F9%2Fd%2F5%2F9d5c1cfd-fd9d-4039-83dc-44c9087d6257.gif%3Fversion%3D637700736000000000%26amp%3Bwidth%3D128%26amp%3Bheight%3D128%26amp%3Bauto%3Dwebp%26amp%3Bformat%3Dpjpg","https://hsfootball.net/proxy.php?url=https%3A%2F%2Fimage.maxpreps.io%2Fschool-mascot%2Fc%2F3%2Fa%2Fc3a1fb79-6a09-43b5-bb3e-3816765071ba.gif%3Fversion%3D635766945600000000%26amp%3Bwidth%3D128%26amp%3Bheight%3D128%26amp%3Bauto%3Dwebp%26amp%3Bformat%3Dpjpg","girl"
164,"Christian vs Hudsonville",Girls Volleyball,"Indiana",9/22/2026,7:00pm,"The Christian varsity volleyball team has an away non-conference match @  Hudsonville (MI) on Tuesday, September 22 @ 7p.","/mi/volleyball/match/christian-grand-rapids-vs-hudsonville/9-22-2026/?c=2f672466-2d08-4a6e-a84b-d5fc663696d7","https://www.maxpreps.com/mi/volleyball/match/christian-grand-rapids-vs-hudsonville/9-22-2026/?c=2f672466-2d08-4a6e-a84b-d5fc663696d7","/volleyball/in/e9e?9/22/2026","Christian","Eagles","https://www.maxpreps.com/in/christian-grand-rapids/girls-volleyball/","https://www.maxpreps.com/in/hudsonville/girls-volleyball/","https://hsfootball.net/proxy.php?url=https%3A%2F%2Fimage.maxpreps.io%2Fschool-mascot%2F6%2F3%2F5%2F6358fe80-e913-48d3-b481-abfbd6e0a9f5.gif%3Fversion%3D636434980200000000%26amp%3Bwidth%3D128%26amp%3Bheight%3D128%26amp%3Bauto%3Dwebp%26amp%3Bformat%3Dpjpg","https://hsfootball.net/proxy.php?url=https%3A%2F%2Fimage.maxpreps.io%2Fschool-mascot%2F3%2Fe%2Fe%2F3ee46cf8-6ab2-494c-9dfb-bacce57592ee.gif%3Fversion%3D635508607800000000%26amp%3Bwidth%3D128%26amp%3Bheight%3D128%26amp%3Bauto%3Dwebp%26amp%3Bformat%3Dpjpg","girl"
165,"Guyer vs Hebron",Girls Volleyball,"Indiana",9/22/2026,6:30pm,"The Guyer varsity volleyball team has an away conference match @  Hebron (Carrollton, TX) on Tuesday, September 22 @ 6:30p.","/tx/volleyball/match/guyer-denton-vs-hebron-carrollton/9-22-2026/?c=a84eb9ae-254b-4dfa-a2f0-b2d1aea78127","https://www.maxpreps.com/tx/volleyball/match/guyer-denton-vs-hebron-carrollton/9-22-2026/?c=a84eb9ae-254b-4dfa-a2f0-b2d1aea78127","/volleyball/in/d0f?9/22/2026","Guyer","Wildcats","https://www.maxpreps.com/in/guyer-denton/girls-volleyball/","https://www.maxpreps.com/in/hebron-carrollton/girls-volleyball/","https://hsfootball.net/proxy.php?url=https%3A%2F%2Fimage.maxpreps.io%2Fschool-mascot%2Fa%2Ff%2F3%2Faf3babf8-6b92-43ec-9d72-6a442b512c92.gif%3Fversion%3D635319439200000000%26amp%3Bwidth%3D128%26amp%3Bheight%3D128%26amp%3Bauto%3Dwebp%26amp%3Bformat%3Dpjpg","https://hsfootball.net/proxy.php?url=https%3A%2F%2Fimage.maxpreps.io%2Fschool-mascot%2Fa%2F9%2Fe%2Fa9ea4d9b-9c0b-4bc5-a09d-e3be5d6db188.gif%3Fversion%3D635466447000000000%26amp%3Bwidth%3D128%26amp%3Bheight%3D128%26amp%3Bauto%3Dwebp%26amp%3Bformat%3Dpjpg","girl"
166,"TMI-Episcopal vs Cornerstone Christian",Girls Volleyball,"Indiana",9/22/2026,6:30pm,"The TMI-Episcopal varsity volleyball team has an away non-conference match @  Cornerstone Christian (San Antonio, TX) on Tuesday, September 22 @ 6:30p.","/tx/volleyball/match/cornerstone-christian-san-antonio-vs-tmi-episcopal-san-antonio/9-22-2026/?c=b7eb6e14-3cd8-4722-95bd-0cd74cb3ab16","https://www.maxpreps.com/tx/volleyball/match/cornerstone-christian-san-antonio-vs-tmi-episcopal-san-antonio/9-22-2026/?c=b7eb6e14-3cd8-4722-95bd-0cd74cb3ab16","/volleyball/in/1846?9/22/2026","TMI-Episcopal","Panthers","https://www.maxpreps.com/in/cornerstone-christian-san-antonio/girls-volleyball/","https://www.maxpreps.com/in/tmi-episcopal-san-antonio/girls-volleyball/","https://hsfootball.net/proxy.php?url=https%3A%2F%2Fimage.maxpreps.io%2Fschool-mascot%2Fa%2Ff%2F1%2Faf192c07-866c-4d38-ad96-e076f4c9823f.gif%3Fversion%3D638549255597946670%26amp%3Bwidth%3D128%26amp%3Bheight%3D128%26amp%3Bauto%3Dwebp%26amp%3Bformat%3Dpjpg","https://hsfootball.net/proxy.php?url=https%3A%2F%2Fimage.maxpreps.io%2Fschool-mascot%2F0%2Fd%2F4%2F0d4488fa-a03d-47c9-b874-f78523a2e76a.gif%3Fversion%3D637689444000000000%26amp%3Bwidth%3D128%26amp%3Bheight%3D128%26amp%3Bauto%3Dwebp%26amp%3Bformat%3Dpjpg","girl"
167,"O&#x27;Gorman vs Harrisburg",Girls Volleyball,"Indiana",9/22/2026,6:30pm,"The O&#x27;Gorman varsity volleyball team has an away conference match @  Harrisburg (SD) on Tuesday, September 22 @ 6:30p.","/sd/volleyball/match/harrisburg-vs-ogorman-sioux-falls/9-22-2026/?c=1e59b4ff-245b-4c38-8ecb-5b2c185860a0","https://www.maxpreps.com/sd/volleyball/match/harrisburg-vs-ogorman-sioux-falls/9-22-2026/?c=1e59b4ff-245b-4c38-8ecb-5b2c185860a0","/volleyball/in/d13?9/22/2026","O&#x27;Gorman","Knights","https://www.maxpreps.com/in/harrisburg/girls-volleyball/","https://www.maxpreps.com/in/ogorman-sioux-falls/girls-volleyball/","https://hsfootball.net/proxy.php?url=https%3A%2F%2Fimage.maxpreps.io%2Fschool-mascot%2F3%2F8%2F5%2F38549cd3-8fa7-4fd0-9d71-790a0d2841ed.gif%3Fversion%3D635070553200000000%26amp%3Bwidth%3D128%26amp%3Bheight%3D128%26amp%3Bauto%3Dwebp%26amp%3Bformat%3Dpjpg","https://hsfootball.net/proxy.php?url=https%3A%2F%2Fimage.maxpreps.io%2Fschool-mascot%2F8%2F7%2Ff%2F87ff030e-1272-43b7-bc31-c0eb562fef16.gif%3Fversion%3D636487799400000000%26amp%3Bwidth%3D128%26amp%3Bheight%3D128%26amp%3Bauto%3Dwebp%26amp%3Bformat%3Dpjpg","girl"
168,"Southlake Carroll vs Byron Nelson",Girls Volleyball,"Indiana",9/22/2026,7:00pm,"The Southlake Carroll varsity volleyball team has an away conference match @  Byron Nelson (Trophy Club, TX) on Tuesday, September 22 @ 7p.","/tx/volleyball/match/byron-nelson-trophy-club-vs-southlake-carroll/9-22-2026/?c=3f1325cd-0afc-483e-948e-501c50fdb2c3","https://www.maxpreps.com/tx/volleyball/match/byron-nelson-trophy-club-vs-southlake-carroll/9-22-2026/?c=3f1325cd-0afc-483e-948e-501c50fdb2c3","/volleyball/in/11bb?9/22/2026","Southlake Carroll","Dragons","https://www.maxpreps.com/in/byron-nelson-trophy-club/girls-volleyball/","https://www.maxpreps.com/in/southlake-carroll/girls-volleyball/","https://hsfootball.net/proxy.php?url=https%3A%2F%2Fimage.maxpreps.io%2Fschool-mascot%2Ff%2Fb%2Fc%2Ffbce2bd4-14b1-4d70-affe-b7d2d746a418.gif%3Fversion%3D635756790000000000%26amp%3Bwidth%3D128%26amp%3Bheight%3D128%26amp%3Bauto%3Dwebp%26amp%3Bformat%3Dpjpg","https://hsfootball.net/proxy.php?url=https%3A%2F%2Fimage.maxpreps.io%2Fschool-mascot%2F2%2Ff%2F1%2F2f197e09-4469-4f78-a186-f93c27c33687.gif%3Fversion%3D636135798600000000%26amp%3Bwidth%3D128%26amp%3Bheight%3D128%26amp%3Bauto%3Dwebp%26amp%3Bformat%3Dpjpg","girl"
169,"Sierra Canyon vs Chaminade",Girls Volleyball,"Indiana",9/22/2026,6:00pm,"The Sierra Canyon varsity volleyball team has an away conference match @  Chaminade (West Hills, CA) on Tuesday, September 22 @ 6p.","/ca/volleyball/match/chaminade-west-hills-vs-sierra-canyon-chatsworth/9-22-2026/?c=20a8088b-bab0-4427-ba1d-90ef0da879f6","https://www.maxpreps.com/ca/volleyball/match/chaminade-west-hills-vs-sierra-canyon-chatsworth/9-22-2026/?c=20a8088b-bab0-4427-ba1d-90ef0da879f6","/volleyball/in/12c5?9/22/2026","Sierra Canyon","Trailblazers","https://www.maxpreps.com/in/chaminade-west-hills/girls-volleyball/","https://www.maxpreps.com/in/sierra-canyon-chatsworth/girls-volleyball/","https://hsfootball.net/proxy.php?url=https%3A%2F%2Fimage.maxpreps.io%2Fschool-mascot%2F3%2Fe%2F6%2F3e6d32d9-9a21-4391-aba1-d59804bf82e6.gif%3Fversion%3D637776576000000000%26amp%3Bwidth%3D128%26amp%3Bheight%3D128%26amp%3Bauto%3Dwebp%26amp%3Bformat%3Dpjpg","https://hsfootball.net/proxy.php?url=https%3A%2F%2Fimage.maxpreps.io%2Fschool-mascot%2F7%2F4%2F2%2F742a32d0-2dc9-4aa8-ad92-8c4576f73a12.gif%3Fversion%3D637969266000000000%26amp%3Bwidth%3D128%26amp%3Bheight%3D128%26amp%3Bauto%3Dwebp%26amp%3Bformat%3Dpjpg","girl"
170,"Archbishop Mitty vs St. Ignatius College Preparatory",Girls Volleyball,"Indiana",9/22/2026,6:00pm,"The Archbishop Mitty varsity volleyball team has an away conference match @  St. Ignatius College Preparatory (San Francisco, CA) on Tuesday, September 22 @ 6p.","/ca/volleyball/match/archbishop-mitty-san-jose-vs-st-ignatius-college-preparatory-san-francisco/9-22-2026/?c=3ca8341a-a914-4ae7-b6e3-cf1b524d65c7","https://www.maxpreps.com/ca/volleyball/match/archbishop-mitty-san-jose-vs-st-ignatius-college-preparatory-san-francisco/9-22-2026/?c=3ca8341a-a914-4ae7-b6e3-cf1b524d65c7","/volleyball/in/1cd1?9/22/2026","Archbishop Mitty","Monarchs","https://www.maxpreps.com/in/archbishop-mitty-san-jose/girls-volleyball/","https://www.maxpreps.com/in/st-ignatius-college-preparatory-san-francisco/girls-volleyball/","https://hsfootball.net/proxy.php?url=https%3A%2F%2Fimage.maxpreps.io%2Fschool-mascot%2F0%2Ff%2F6%2F0f63870a-34f3-4d5b-9dbf-653c8410f969.gif%3Fversion%3D637116646800000000%26amp%3Bwidth%3D128%26amp%3Bheight%3D128%26amp%3Bauto%3Dwebp%26amp%3Bformat%3Dpjpg","https://hsfootball.net/proxy.php?url=https%3A%2F%2Fimage.maxpreps.io%2Fschool-mascot%2F1%2Fd%2Fc%2F1dc4836b-4daf-4573-b525-27b474bd5366.gif%3Fversion%3D635303419200000000%26amp%3Bwidth%3D128%26amp%3Bheight%3D128%26amp%3Bauto%3Dwebp%26amp%3Bformat%3Dpjpg","girl"
171,"Torrey Pines vs La Costa Canyon",Girls Volleyball,"Indiana",9/22/2026,6:00pm,"The Torrey Pines varsity volleyball team has an away non-conference match @  La Costa Canyon (Carlsbad, CA) on Tuesday, September 22 @ 6p.","/ca/volleyball/match/la-costa-canyon-carlsbad-vs-torrey-pines-san-diego/9-22-2026/?c=0d23d226-825d-42a1-a6d2-05bb62409e1f","https://www.maxpreps.com/ca/volleyball/match/la-costa-canyon-carlsbad-vs-torrey-pines-san-diego/9-22-2026/?c=0d23d226-825d-42a1-a6d2-05bb62409e1f","/volleyball/in/130a?9/22/2026","Torrey Pines","Falcons","https://www.maxpreps.com/in/la-costa-canyon-carlsbad/girls-volleyball/","https://www.maxpreps.com/in/torrey-pines-san-diego/girls-volleyball/","https://hsfootball.net/proxy.php?url=https%3A%2F%2Fimage.maxpreps.io%2Fschool-mascot%2Fa%2Fd%2F4%2Fad43e80f-2296-4b96-a0a9-44e6a8ea76f2.gif%3Fversion%3D633642330000000000%26amp%3Bwidth%3D128%26amp%3Bheight%3D128%26amp%3Bauto%3Dwebp%26amp%3Bformat%3Dpjpg","https://hsfootball.net/proxy.php?url=https%3A%2F%2Fimage.maxpreps.io%2Fschool-mascot%2F7%2F8%2Fa%2F78ad824a-61a0-462b-aa6f-1d5f6fb1bd5f.gif%3Fversion%3D634179781800000000%26amp%3Bwidth%3D128%26amp%3Bheight%3D128%26amp%3Bauto%3Dwebp%26amp%3Bformat%3Dpjpg","girl"
172,"Cathedral Catholic vs Scripps Ranch",Girls Volleyball,"Indiana",9/22/2026,6:15pm,"The Cathedral Catholic varsity volleyball team has an away non-conference match @  Scripps Ranch (San Diego, CA) on Tuesday, September 22 @ 6:15p.","/ca/volleyball/match/cathedral-catholic-san-diego-vs-scripps-ranch-san-diego/9-22-2026/?c=43d9f6fb-bc9b-48cf-b251-d06c2f292bd6","https://www.maxpreps.com/ca/volleyball/match/cathedral-catholic-san-diego-vs-scripps-ranch-san-diego/9-22-2026/?c=43d9f6fb-bc9b-48cf-b251-d06c2f292bd6","/volleyball/in/14e4?9/22/2026","Cathedral Catholic","Dons","https://www.maxpreps.com/in/cathedral-catholic-san-diego/girls-volleyball/","https://www.maxpreps.com/in/scripps-ranch-san-diego/girls-volleyball/","https://hsfootball.net/proxy.php?url=https%3A%2F%2Fimage.maxpreps.io%2Fschool-mascot%2F1%2F5%2Fc%2F15c34e49-1a29-4298-8a84-00a2ec6ae36b.gif%3Fversion%3D638091152400000000%26amp%3Bwidth%3D128%26amp%3Bheight%3D128%26amp%3Bauto%3Dwebp%26amp%3Bformat%3Dpjpg","https://hsfootball.net/proxy.php?url=https%3A%2F%2Fimage.maxpreps.io%2Fschool-mascot%2F7%2Fa%2F8%2F7a80ea9f-8ed1-4b25-99cf-ad1b0fcd41a5.gif%3Fversion%3D635821495800000000%26amp%3Bwidth%3D128%26amp%3Bheight%3D128%26amp%3Bauto%3Dwebp%26amp%3Bformat%3Dpjpg","girl"
173,"Kamehameha Kapalama vs &#x27;Iolani",Girls Volleyball,"Indiana",9/22/2026,6:00pm,"The Kamehameha Kapalama varsity volleyball team has an away conference match @  &#x27;Iolani (Honolulu, HI) on Tuesday, September 22 @ 6p.","/hi/volleyball/match/iolani-honolulu-vs-kamehameha-kapalama-honolulu/9-22-2026/?c=96a5ec49-a5af-4a26-b059-fd9d3c01bf1f","https://www.maxpreps.com/hi/volleyball/match/iolani-honolulu-vs-kamehameha-kapalama-honolulu/9-22-2026/?c=96a5ec49-a5af-4a26-b059-fd9d3c01bf1f","/volleyball/in/126c?9/22/2026","Kamehameha Kapalama","Warriors","https://www.maxpreps.com/in/iolani-honolulu/girls-volleyball/","https://www.maxpreps.com/in/kamehameha-kapalama-honolulu/girls-volleyball/","https://hsfootball.net/proxy.php?url=https%3A%2F%2Fimage.maxpreps.io%2Fschool-mascot%2Ff%2F9%2Fa%2Ff9a78201-53fd-4ec5-a620-b919d0674414.gif%3Fversion%3D636783109200000000%26amp%3Bwidth%3D128%26amp%3Bheight%3D128%26amp%3Bauto%3Dwebp%26amp%3Bformat%3Dpjpg","https://hsfootball.net/proxy.php?url=https%3A%2F%2Fimage.maxpreps.io%2Fschool-mascot%2F0%2F4%2Fe%2F04e273ab-e099-4380-9f14-bc03513cd072.gif%3Fversion%3D635736873000000000%26amp%3Bwidth%3D128%26amp%3Bheight%3D128%26amp%3Bauto%3Dwebp%26amp%3Bformat%3Dpjpg","girl"
174,"Papillion-LaVista South vs Omaha Westside",Girls Volleyball,"Indiana",9/22/2026,12:00am,"The Papillion-LaVista South varsity volleyball team has an away conference match @  Omaha Westside (Omaha, NE) on Tuesday, September 22.","/ne/volleyball/match/omaha-westside-vs-papillion-lavista-south/9-22-2026/?c=3dbf570a-99da-40cf-bae2-56d95e3a814b","https://www.maxpreps.com/ne/volleyball/match/omaha-westside-vs-papillion-lavista-south/9-22-2026/?c=3dbf570a-99da-40cf-bae2-56d95e3a814b","/volleyball/in/1027?9/22/2026","Papillion-LaVista South","Titans","https://www.maxpreps.com/in/omaha-westside/girls-volleyball/","https://www.maxpreps.com/in/papillion-lavista-south/girls-volleyball/","https://hsfootball.net/proxy.php?url=https%3A%2F%2Fimage.maxpreps.io%2Fschool-mascot%2F6%2F1%2F1%2F61138e2f-e3d8-444e-8edc-080fe0ab37de.gif%3Fversion%3D635793752400000000%26amp%3Bwidth%3D128%26amp%3Bheight%3D128%26amp%3Bauto%3Dwebp%26amp%3Bformat%3Dpjpg","https://hsfootball.net/proxy.php?url=https%3A%2F%2Fimage.maxpreps.io%2Fschool-mascot%2Fd%2F6%2Ff%2Fd6f09ff7-ddc1-4a88-ad7c-539f28e6a418.gif%3Fversion%3D634971308400000000%26amp%3Bwidth%3D128%26amp%3Bheight%3D128%26amp%3Bauto%3Dwebp%26amp%3Bformat%3Dpjpg","girl"