1,"Barron Collier vs First Baptist Academy",Girls Volleyball,"Florida",9/21/2026,6:30pm,"The Barron Collier varsity volleyball team has an away non-conference match @  First Baptist Academy (Naples, FL) on Monday, September 21 @ 6:30p.","/fl/volleyball/match/barron-collier-naples-vs-first-baptist-academy-naples/9-21-2026/?c=c540f290-329b-4539-a729-80dd5f83dad3","https://www.maxpreps.com/fl/volleyball/match/barron-collier-naples-vs-first-baptist-academy-naples/9-21-2026/?c=c540f290-329b-4539-a729-80dd5f83dad3","/volleyball/fl/148b?9/21/2026","Barron Collier","Cougars","https://www.maxpreps.com/fl/barron-collier-naples/volleyball/","https://www.maxpreps.com/fl/first-baptist-academy-naples/volleyball/","https://hsfootball.net/proxy.php?url=https%3A%2F%2Fimage.maxpreps.io%2Fschool-mascot%2Fc%2Ff%2F7%2Fcf7ba26f-c478-4d96-8a41-4c749ec0b3b4.gif%3Fversion%3D637383853800000000%26amp%3Bwidth%3D128%26amp%3Bheight%3D128%26amp%3Bauto%3Dwebp%26amp%3Bformat%3Dpjpg","https://hsfootball.net/proxy.php?url=https%3A%2F%2Fimage.maxpreps.io%2Fschool-mascot%2F0%2Ff%2F6%2F0f60126b-4521-4092-8d98-6a8a247d41bf.gif%3Fversion%3D638990632390786730%26amp%3Bwidth%3D128%26amp%3Bheight%3D128%26amp%3Bauto%3Dwebp%26amp%3Bformat%3Dpjpg","girl"
2,"Pensacola Catholic vs Destin",Girls Volleyball,"Florida",9/21/2026,6:00pm,"The Pensacola Catholic varsity volleyball team has an away non-conference match @  Destin (FL) on Monday, September 21 @ 6p.","/fl/volleyball/match/destin-vs-pensacola-catholic/9-21-2026/?c=23e03e64-db7f-47de-8a89-831f84f05818","https://www.maxpreps.com/fl/volleyball/match/destin-vs-pensacola-catholic/9-21-2026/?c=23e03e64-db7f-47de-8a89-831f84f05818","/volleyball/fl/af4?9/21/2026","Pensacola Catholic","Crusaders","https://www.maxpreps.com/fl/destin/volleyball/","https://www.maxpreps.com/fl/pensacola-catholic/volleyball/","https://hsfootball.net/proxy.php?url=https%3A%2F%2Fimage.maxpreps.io%2Fschool-mascot%2Fa%2Fc%2Ff%2Facfc9424-377e-4895-9eb6-a3effc3aa8a4.gif%3Fversion%3D639180967238469850%26amp%3Bwidth%3D128%26amp%3Bheight%3D128%26amp%3Bauto%3Dwebp%26amp%3Bformat%3Dpjpg","https://hsfootball.net/proxy.php?url=https%3A%2F%2Fimage.maxpreps.io%2Fschool-mascot%2F9%2Ff%2Ff%2F9ff74951-1304-470d-993a-17bc22eabcc2.gif%3Fversion%3D638651200208685990%26amp%3Bwidth%3D128%26amp%3Bheight%3D128%26amp%3Bauto%3Dwebp%26amp%3Bformat%3Dpjpg","girl"
3,"Varsity Opponent vs Greater Miami Academy",Girls Volleyball,"Florida",9/21/2026,3:30pm,"The Varsity Opponent varsity volleyball team has an away non-conference match @  Greater Miami Academy (Miami, FL) on Monday, September 21 @ 3:30p.","/fl/volleyball/match/greater-miami-academy-fl-vs-varsity-opponent-intl/9-21-2026/?c=4bb89d6c-9cd0-432c-b215-48db84cb3bc3","https://www.maxpreps.com/fl/volleyball/match/greater-miami-academy-fl-vs-varsity-opponent-intl/9-21-2026/?c=4bb89d6c-9cd0-432c-b215-48db84cb3bc3","/volleyball/fl/12fd?9/21/2026","Varsity Opponent","Greater Miami Academy","https://www.maxpreps.com/fl/greater-miami-academy-fl/volleyball/","https://www.maxpreps.com/fl/varsity-opponent-intl/volleyball/","https://hsfootball.net/proxy.php?url=https%3A%2F%2Fimage.maxpreps.io%2Fschool-mascot%2F2%2Fd%2Fc%2F2dcd819f-2714-4e52-b4db-fcd859cc58b7.gif%3Fversion%3D634902251400000000%26amp%3Bwidth%3D128%26amp%3Bheight%3D128%26amp%3Bauto%3Dwebp%26amp%3Bformat%3Dpjpg","https://hsfootball.net/proxy.php?url=https%3A%2F%2Fimage.maxpreps.io%2Fschool-mascot%2F2%2Fd%2Fc%2F2dcd819f-2714-4e52-b4db-fcd859cc58b7.gif%3Fversion%3D634902251400000000%26amp%3Bwidth%3D32%26amp%3Bheight%3D32%26amp%3Bauto%3Dwebp%26amp%3Bformat%3Dpjpg","girl"
4,"Abundant Life Christian Academy vs Sheridan Hills Christian",Girls Volleyball,"Florida",9/21/2026,3:30pm,"The Abundant Life Christian Academy varsity volleyball team has an away non-conference match @  Sheridan Hills Christian (Hollywood, FL) on Monday, September 21 @ 3:30p.","/fl/volleyball/match/abundant-life-christian-academy-margate-vs-sheridan-hills-christian-hollywood/9-21-2026/?c=835111e5-3c4c-41bc-89a6-516025dd7f08","https://www.maxpreps.com/fl/volleyball/match/abundant-life-christian-academy-margate-vs-sheridan-hills-christian-hollywood/9-21-2026/?c=835111e5-3c4c-41bc-89a6-516025dd7f08","/volleyball/fl/1df5?9/21/2026","Abundant Life Christian Academy","Al","https://www.maxpreps.com/fl/abundant-life-christian-academy-margate/volleyball/","https://www.maxpreps.com/fl/sheridan-hills-christian-hollywood/volleyball/","https://hsfootball.net/proxy.php?url=https%3A%2F%2Fimage.maxpreps.io%2Fschool-mascot%2Fa%2F6%2F2%2Fa6261298-1eed-42ad-ab58-22d5edd6d982.gif%3Fversion%3D637395604800000000%26amp%3Bwidth%3D128%26amp%3Bheight%3D128%26amp%3Bauto%3Dwebp%26amp%3Bformat%3Dpjpg","https://hsfootball.net/proxy.php?url=https%3A%2F%2Fimage.maxpreps.io%2Fschool-mascot%2Fa%2F6%2F2%2Fa6261298-1eed-42ad-ab58-22d5edd6d982.gif%3Fversion%3D637395604800000000%26amp%3Bwidth%3D32%26amp%3Bheight%3D32%26amp%3Bauto%3Dwebp%26amp%3Bformat%3Dpjpg","girl"
5,"Redland Christian Academy vs Edison Private",Girls Volleyball,"Florida",9/21/2026,4:00pm,"The Redland Christian Academy varsity volleyball team has an away non-conference match @  Edison Private (Hialeah, FL) on Monday, September 21 @ 4p.","/fl/volleyball/match/edison-private-hialeah-vs-redland-christian-academy-homestead/9-21-2026/?c=ff62d890-7c33-47d0-86d2-23438f5dc44c","https://www.maxpreps.com/fl/volleyball/match/edison-private-hialeah-vs-redland-christian-academy-homestead/9-21-2026/?c=ff62d890-7c33-47d0-86d2-23438f5dc44c","/volleyball/fl/179a?9/21/2026","Redland Christian Academy","FALCONS","https://www.maxpreps.com/fl/edison-private-hialeah/volleyball/","https://www.maxpreps.com/fl/redland-christian-academy-homestead/volleyball/","https://hsfootball.net/proxy.php?url=https%3A%2F%2Fimage.maxpreps.io%2Fschool-mascot%2F0%2F1%2F2%2F0120cf28-ecb5-4cc2-b77b-3e7052d6d812.gif%3Fversion%3D639235866365865230%26amp%3Bwidth%3D128%26amp%3Bheight%3D128%26amp%3Bauto%3Dwebp%26amp%3Bformat%3Dpjpg","https://hsfootball.net/proxy.php?url=https%3A%2F%2Fimage.maxpreps.io%2Fschool-mascot%2Fb%2Fd%2Fd%2Fbdd3686d-e972-42e0-8d3e-194b3c41a15d.gif%3Fversion%3D637031163000000000%26amp%3Bwidth%3D128%26amp%3Bheight%3D128%26amp%3Bauto%3Dwebp%26amp%3Bformat%3Dpjpg","girl"
6,"International Studies vs Sheridan Hills Christian",Girls Volleyball,"Florida",9/21/2026,5:00pm,"The International Studies varsity volleyball team has an away non-conference match @  Sheridan Hills Christian (Hollywood, FL) on Monday, September 21 @ 5p.","/fl/volleyball/match/international-studies-hollywood-vs-sheridan-hills-christian-hollywood/9-21-2026/?c=ffa9374d-b31b-446e-a56a-4c093b5d3f64","https://www.maxpreps.com/fl/volleyball/match/international-studies-hollywood-vs-sheridan-hills-christian-hollywood/9-21-2026/?c=ffa9374d-b31b-446e-a56a-4c093b5d3f64","/volleyball/fl/1b8e?9/21/2026","International Studies","Eagles","https://www.maxpreps.com/fl/international-studies-hollywood/volleyball/","https://www.maxpreps.com/fl/sheridan-hills-christian-hollywood/volleyball/","https://hsfootball.net/proxy.php?url=https%3A%2F%2Fimage.maxpreps.io%2Fschool-mascot%2Fc%2F8%2F8%2Fc8895e89-0bc4-420e-a53b-0bffb85aea10.gif%3Fversion%3D637951217400000000%26amp%3Bwidth%3D128%26amp%3Bheight%3D128%26amp%3Bauto%3Dwebp%26amp%3Bformat%3Dpjpg","https://hsfootball.net/proxy.php?url=https%3A%2F%2Fimage.maxpreps.io%2Fschool-mascot%2Fa%2F6%2F2%2Fa6261298-1eed-42ad-ab58-22d5edd6d982.gif%3Fversion%3D637395604800000000%26amp%3Bwidth%3D128%26amp%3Bheight%3D128%26amp%3Bauto%3Dwebp%26amp%3Bformat%3Dpjpg","girl"
7,"Pensacola vs Northview",Girls Volleyball,"Florida",9/21/2026,5:00pm,"The Pensacola varsity volleyball team has an away non-conference match @  Northview (Bratt, FL) on Monday, September 21 @ 5p.","/fl/volleyball/match/northview-bratt-vs-pensacola/9-21-2026/?c=7a135eff-bb90-4a73-9686-6520a0362564","https://www.maxpreps.com/fl/volleyball/match/northview-bratt-vs-pensacola/9-21-2026/?c=7a135eff-bb90-4a73-9686-6520a0362564","/volleyball/fl/b29?9/21/2026","Pensacola","Tigers","https://www.maxpreps.com/fl/northview-bratt/volleyball/","https://www.maxpreps.com/fl/pensacola/volleyball/","https://hsfootball.net/proxy.php?url=https%3A%2F%2Fimage.maxpreps.io%2Fschool-mascot%2F6%2F0%2Fe%2F60e92873-90b6-4627-9746-8dd57b1f0473.gif%3Fversion%3D635938768800000000%26amp%3Bwidth%3D128%26amp%3Bheight%3D128%26amp%3Bauto%3Dwebp%26amp%3Bformat%3Dpjpg","https://hsfootball.net/proxy.php?url=https%3A%2F%2Fimage.maxpreps.io%2Fschool-mascot%2F7%2F1%2F9%2F7193bf92-e167-45ed-9ba8-578a62d64510.gif%3Fversion%3D639180703178460780%26amp%3Bwidth%3D128%26amp%3Bheight%3D128%26amp%3Bauto%3Dwebp%26amp%3Bformat%3Dpjpg","girl"
8,"Faith Christian Academy vs Brunswick Christian Academy",Girls Volleyball,"Florida",9/21/2026,5:30pm,"The Faith Christian Academy varsity volleyball team has an away conference match @  Brunswick Christian Academy (Brunswick, GA) on Monday, September 21 @ 5:30p.","/inter-state/volleyball/match/brunswick-christian-academy-ga-vs-faith-christian-academy-yulee-fl/9-21-2026/?c=3b50b21b-cf39-4c2f-ae44-9862dacdde9a","https://www.maxpreps.com/inter-state/volleyball/match/brunswick-christian-academy-ga-vs-faith-christian-academy-yulee-fl/9-21-2026/?c=3b50b21b-cf39-4c2f-ae44-9862dacdde9a","/volleyball/fl/1952?9/21/2026","Faith Christian Academy","Angels","https://www.maxpreps.com/fl/brunswick-christian-academy-ga/volleyball/","https://www.maxpreps.com/fl/faith-christian-academy-yulee-fl/volleyball/","https://hsfootball.net/proxy.php?url=https%3A%2F%2Fimage.maxpreps.io%2Fschool-mascot%2Ff%2F8%2Fc%2Ff8ccf67a-7a08-458f-80f9-06e60bbd6aa1.gif%3Fversion%3D637414790400000000%26amp%3Bwidth%3D128%26amp%3Bheight%3D128%26amp%3Bauto%3Dwebp%26amp%3Bformat%3Dpjpg","https://hsfootball.net/proxy.php?url=https%3A%2F%2Fimage.maxpreps.io%2Fschool-mascot%2F2%2F6%2Fd%2F26d842dd-c759-43b4-8071-d1bebba7a4ca.gif%3Fversion%3D635713593600000000%26amp%3Bwidth%3D128%26amp%3Bheight%3D128%26amp%3Bauto%3Dwebp%26amp%3Bformat%3Dpjpg","girl"
9,"Jacksonville Classical Academy vs Temple Christian Academy",Girls Volleyball,"Florida",9/21/2026,5:30pm,"The Jacksonville Classical Academy varsity volleyball team has an away non-conference match @  Temple Christian Academy (Jacksonville, FL) on Monday, September 21 @ 5:30p.","/fl/volleyball/match/jacksonville-classical-academy-vs-temple-christian-academy-jacksonville/9-21-2026/?c=eb8a86ae-2176-4245-b777-1648034a28aa","https://www.maxpreps.com/fl/volleyball/match/jacksonville-classical-academy-vs-temple-christian-academy-jacksonville/9-21-2026/?c=eb8a86ae-2176-4245-b777-1648034a28aa","/volleyball/fl/1bd1?9/21/2026","Jacksonville Classical Academy","Jets","https://www.maxpreps.com/fl/jacksonville-classical-academy/volleyball/","https://www.maxpreps.com/fl/temple-christian-academy-jacksonville/volleyball/","https://hsfootball.net/proxy.php?url=https%3A%2F%2Fimage.maxpreps.io%2Fschool-mascot%2F6%2Fc%2Fb%2F6cbbc076-a630-485e-ac8e-e06b0e514261.gif%3Fversion%3D638991348935268520%26amp%3Bwidth%3D128%26amp%3Bheight%3D128%26amp%3Bauto%3Dwebp%26amp%3Bformat%3Dpjpg","https://hsfootball.net/proxy.php?url=https%3A%2F%2Fimage.maxpreps.io%2Fschool-mascot%2F6%2Fc%2Fb%2F6cbbc076-a630-485e-ac8e-e06b0e514261.gif%3Fversion%3D638991348935268520%26amp%3Bwidth%3D32%26amp%3Bheight%3D32%26amp%3Bauto%3Dwebp%26amp%3Bformat%3Dpjpg","girl"
10,"Old Plank Christian Academy vs Appling Christian Academy",Girls Volleyball,"Florida",9/21/2026,5:30pm,"The Old Plank Christian Academy varsity volleyball team has an away conference match @  Appling Christian Academy (Baxley, GA) on Monday, September 21 @ 5:30p.","/inter-state/volleyball/match/appling-christian-academy-baxley-ga-vs-old-plank-christian-academy-jacksonville-fl/9-21-2026/?c=86c21754-bb7d-46ee-942f-16b1eae139cb","https://www.maxpreps.com/inter-state/volleyball/match/appling-christian-academy-baxley-ga-vs-old-plank-christian-academy-jacksonville-fl/9-21-2026/?c=86c21754-bb7d-46ee-942f-16b1eae139cb","/volleyball/fl/1f6e?9/21/2026","Old Plank Christian Academy","Defenders","https://www.maxpreps.com/fl/appling-christian-academy-baxley-ga/volleyball/","https://www.maxpreps.com/fl/old-plank-christian-academy-jacksonville-fl/volleyball/","https://hsfootball.net/proxy.php?url=https%3A%2F%2Fimage.maxpreps.io%2Fschool-mascot%2F7%2Fa%2F9%2F7a9a94ef-6777-4c9a-a4d6-c4302974d9a3.gif%3Fversion%3D637501282200000000%26amp%3Bwidth%3D128%26amp%3Bheight%3D128%26amp%3Bauto%3Dwebp%26amp%3Bformat%3Dpjpg","https://hsfootball.net/proxy.php?url=https%3A%2F%2Fimage.maxpreps.io%2Fschool-mascot%2F4%2Fa%2Fd%2F4ad94dd2-01f5-45b0-8aa1-93cd3a3c8d17.gif%3Fversion%3D638726329305954760%26amp%3Bwidth%3D128%26amp%3Bheight%3D128%26amp%3Bauto%3Dwebp%26amp%3Bformat%3Dpjpg","girl"
11,"Central vs Escambia",Girls Volleyball,"Florida",9/21/2026,5:30pm,"The Central varsity volleyball team has an away non-conference match @  Escambia (Pensacola, FL) on Monday, September 21 @ 5:30p.","/fl/volleyball/match/central-milton-vs-escambia-pensacola/9-21-2026/?c=08447689-7fbd-4380-90d4-451515555078","https://www.maxpreps.com/fl/volleyball/match/central-milton-vs-escambia-pensacola/9-21-2026/?c=08447689-7fbd-4380-90d4-451515555078","/volleyball/fl/e04?9/21/2026","Central","Jaguars","https://www.maxpreps.com/fl/central-milton/volleyball/","https://www.maxpreps.com/fl/escambia-pensacola/volleyball/","https://hsfootball.net/proxy.php?url=https%3A%2F%2Fimage.maxpreps.io%2Fschool-mascot%2Fc%2F6%2F2%2Fc62cd012-8964-4a47-b619-fee6886e8ccf.gif%3Fversion%3D635838844800000000%26amp%3Bwidth%3D128%26amp%3Bheight%3D128%26amp%3Bauto%3Dwebp%26amp%3Bformat%3Dpjpg","https://hsfootball.net/proxy.php?url=https%3A%2F%2Fimage.maxpreps.io%2Fschool-mascot%2Fd%2F9%2F2%2Fd927fe6e-20af-4cab-baf6-6a15ae72968c.gif%3Fversion%3D636534994200000000%26amp%3Bwidth%3D128%26amp%3Bheight%3D128%26amp%3Bauto%3Dwebp%26amp%3Bformat%3Dpjpg","girl"
12,"Highlands Christian vs Parkridge Christian",Girls Volleyball,"Florida",9/21/2026,5:30pm,"The Highlands Christian varsity volleyball team has an away non-conference match @  Parkridge Christian (Coral Springs, FL) on Monday, September 21 @ 5:30p.","/fl/volleyball/match/highlands-christian-pompano-beach-vs-parkridge-christian-coral-springs/9-21-2026/?c=6f442b48-22c1-45fb-bd43-8c257a106fb2","https://www.maxpreps.com/fl/volleyball/match/highlands-christian-pompano-beach-vs-parkridge-christian-coral-springs/9-21-2026/?c=6f442b48-22c1-45fb-bd43-8c257a106fb2","/volleyball/fl/1b4a?9/21/2026","Highlands Christian","Knights","https://www.maxpreps.com/fl/highlands-christian-pompano-beach/volleyball/","https://www.maxpreps.com/fl/parkridge-christian-coral-springs/volleyball/","https://hsfootball.net/proxy.php?url=https%3A%2F%2Fimage.maxpreps.io%2Fschool-mascot%2F5%2Ff%2F2%2F5f209766-b74e-479d-8be4-1500ae41c3f9.gif%3Fversion%3D636167122800000000%26amp%3Bwidth%3D128%26amp%3Bheight%3D128%26amp%3Bauto%3Dwebp%26amp%3Bformat%3Dpjpg","https://hsfootball.net/proxy.php?url=https%3A%2F%2Fimage.maxpreps.io%2Fschool-mascot%2Ff%2F8%2Fe%2Ff8e7b8d0-d19e-45ae-9c5b-cb8d6a6dfef3.gif%3Fversion%3D638597599410257120%26amp%3Bwidth%3D128%26amp%3Bheight%3D128%26amp%3Bauto%3Dwebp%26amp%3Bformat%3Dpjpg","girl"
13,"Altamonte Christian vs St. John Lutheran",Girls Volleyball,"Florida",9/21/2026,6:00pm,"The Altamonte Christian varsity volleyball team has an away non-conference match @  St. John Lutheran (Ocala, FL) on Monday, September 21 @ 6p.","/fl/volleyball/match/altamonte-christian-altamonte-springs-vs-st-john-lutheran-ocala/9-21-2026/?c=25b2fcb3-c694-4074-ba30-fdbe4cb5d778","https://www.maxpreps.com/fl/volleyball/match/altamonte-christian-altamonte-springs-vs-st-john-lutheran-ocala/9-21-2026/?c=25b2fcb3-c694-4074-ba30-fdbe4cb5d778","/volleyball/fl/189f?9/21/2026","Altamonte Christian","Eagles","https://www.maxpreps.com/fl/altamonte-christian-altamonte-springs/volleyball/","https://www.maxpreps.com/fl/st-john-lutheran-ocala/volleyball/","https://hsfootball.net/proxy.php?url=https%3A%2F%2Fimage.maxpreps.io%2Fschool-mascot%2F8%2Fb%2F7%2F8b7bc597-07ac-4fe9-9872-4c3367bf707f.gif%3Fversion%3D637547661000000000%26amp%3Bwidth%3D128%26amp%3Bheight%3D128%26amp%3Bauto%3Dwebp%26amp%3Bformat%3Dpjpg","https://hsfootball.net/proxy.php?url=https%3A%2F%2Fimage.maxpreps.io%2Fschool-mascot%2F2%2Ff%2F4%2F2f46d137-d72a-4d2b-841f-d5aeb5fc8661.gif%3Fversion%3D639070093497579250%26amp%3Bwidth%3D128%26amp%3Bheight%3D128%26amp%3Bauto%3Dwebp%26amp%3Bformat%3Dpjpg","girl"
14,"Lely vs The Village School of Naples",Girls Volleyball,"Florida",9/21/2026,6:00pm,"The Lely varsity volleyball team has an away non-conference match @  The Village School of Naples (Naples, FL) on Monday, September 21 @ 6p.","/fl/volleyball/match/lely-naples-vs-the-village-school-of-naples/9-21-2026/?c=38427c6b-3b72-494b-970e-fe2387957ecb","https://www.maxpreps.com/fl/volleyball/match/lely-naples-vs-the-village-school-of-naples/9-21-2026/?c=38427c6b-3b72-494b-970e-fe2387957ecb","/volleyball/fl/1062?9/21/2026","Lely","Trojans","https://www.maxpreps.com/fl/lely-naples/volleyball/","https://www.maxpreps.com/fl/the-village-school-of-naples/volleyball/","https://hsfootball.net/proxy.php?url=https%3A%2F%2Fimage.maxpreps.io%2Fschool-mascot%2F6%2Fd%2Fd%2F6dd9b9b4-9ba0-4497-987a-4156684d519f.gif%3Fversion%3D634980030000000000%26amp%3Bwidth%3D128%26amp%3Bheight%3D128%26amp%3Bauto%3Dwebp%26amp%3Bformat%3Dpjpg","https://hsfootball.net/proxy.php?url=https%3A%2F%2Fimage.maxpreps.io%2Fschool-mascot%2Fb%2Fa%2Fb%2Fbab72f76-5ed4-4282-9c4c-77428b712c70.gif%3Fversion%3D637116529800000000%26amp%3Bwidth%3D128%26amp%3Bheight%3D128%26amp%3Bauto%3Dwebp%26amp%3Bformat%3Dpjpg","girl"
15,"Warner Christian Academy vs First Baptist Christian Academy",Girls Volleyball,"Florida",9/21/2026,6:00pm,"The Warner Christian Academy varsity volleyball team has an away non-conference match @  First Baptist Christian Academy (Palm Coast, FL) on Monday, September 21 @ 6p.","/fl/volleyball/match/first-baptist-christian-academy-bunnell-vs-warner-christian-academy-south-daytona/9-21-2026/?c=32818fb9-fe2f-4e5d-98d6-c1582182fc68","https://www.maxpreps.com/fl/volleyball/match/first-baptist-christian-academy-bunnell-vs-warner-christian-academy-south-daytona/9-21-2026/?c=32818fb9-fe2f-4e5d-98d6-c1582182fc68","/volleyball/fl/1f9e?9/21/2026","Warner Christian Academy","Eagles","https://www.maxpreps.com/fl/first-baptist-christian-academy-bunnell/volleyball/","https://www.maxpreps.com/fl/warner-christian-academy-south-daytona/volleyball/","https://hsfootball.net/proxy.php?url=https%3A%2F%2Fimage.maxpreps.io%2Fschool-mascot%2Ff%2F0%2F1%2Ff01b06de-5ba3-437f-ad2b-2e2dd9bb6020.gif%3Fversion%3D637726427400000000%26amp%3Bwidth%3D128%26amp%3Bheight%3D128%26amp%3Bauto%3Dwebp%26amp%3Bformat%3Dpjpg","https://hsfootball.net/proxy.php?url=https%3A%2F%2Fimage.maxpreps.io%2Fschool-mascot%2F7%2F1%2F4%2F7145d7e6-9154-498a-b3a0-163f412bbea2.gif%3Fversion%3D636668869200000000%26amp%3Bwidth%3D128%26amp%3Bheight%3D128%26amp%3Bauto%3Dwebp%26amp%3Bformat%3Dpjpg","girl"
16,"Southwest Florida Christian vs Everglades City",Girls Volleyball,"Florida",9/21/2026,6:00pm,"The Southwest Florida Christian varsity volleyball team has an away non-conference match @  Everglades City (FL) on Monday, September 21 @ 6p.","/fl/volleyball/match/everglades-city-vs-southwest-florida-christian-fort-myers/9-21-2026/?c=fc4709a0-538f-4c47-83df-b9bc188da101","https://www.maxpreps.com/fl/volleyball/match/everglades-city-vs-southwest-florida-christian-fort-myers/9-21-2026/?c=fc4709a0-538f-4c47-83df-b9bc188da101","/volleyball/fl/1686?9/21/2026","Southwest Florida Christian","Kings","https://www.maxpreps.com/fl/everglades-city/volleyball/","https://www.maxpreps.com/fl/southwest-florida-christian-fort-myers/volleyball/","https://hsfootball.net/proxy.php?url=https%3A%2F%2Fimage.maxpreps.io%2Fschool-mascot%2F8%2F3%2Fd%2F83dc835c-2f69-40c6-a480-d02dcd427c97.gif%3Fversion%3D636193050000000000%26amp%3Bwidth%3D128%26amp%3Bheight%3D128%26amp%3Bauto%3Dwebp%26amp%3Bformat%3Dpjpg","https://hsfootball.net/proxy.php?url=https%3A%2F%2Fimage.maxpreps.io%2Fschool-mascot%2F3%2F8%2Fd%2F38df3267-e47e-4a92-a05b-f4de1301b6cb.gif%3Fversion%3D638602518712544630%26amp%3Bwidth%3D128%26amp%3Bheight%3D128%26amp%3Bauto%3Dwebp%26amp%3Bformat%3Dpjpg","girl"
17,"Central Florida Christian Academy vs Legacy Charter",Girls Volleyball,"Florida",9/21/2026,6:00pm,"The Central Florida Christian Academy varsity volleyball team has an away conference match @  Legacy Charter (Ocoee, FL) on Monday, September 21 @ 6p.","/fl/volleyball/match/central-florida-christian-academy-ocoee-vs-legacy-charter-ocoee/9-21-2026/?c=452042a8-df7c-4660-9ab1-056513560d91","https://www.maxpreps.com/fl/volleyball/match/central-florida-christian-academy-ocoee-vs-legacy-charter-ocoee/9-21-2026/?c=452042a8-df7c-4660-9ab1-056513560d91","/volleyball/fl/1828?9/21/2026","Central Florida Christian Academy","Eagles","https://www.maxpreps.com/fl/central-florida-christian-academy-ocoee/volleyball/","https://www.maxpreps.com/fl/legacy-charter-ocoee/volleyball/","https://hsfootball.net/proxy.php?url=https%3A%2F%2Fimage.maxpreps.io%2Fschool-mascot%2Fc%2F7%2Fa%2Fc7a6ad27-e75b-498a-a1da-acf9bc5276c3.gif%3Fversion%3D635519088000000000%26amp%3Bwidth%3D128%26amp%3Bheight%3D128%26amp%3Bauto%3Dwebp%26amp%3Bformat%3Dpjpg","https://hsfootball.net/proxy.php?url=https%3A%2F%2Fimage.maxpreps.io%2Fschool-mascot%2F3%2F4%2F6%2F34627db4-20ce-48f1-bdd9-50635719036b.gif%3Fversion%3D636373612200000000%26amp%3Bwidth%3D128%26amp%3Bheight%3D128%26amp%3Bauto%3Dwebp%26amp%3Bformat%3Dpjpg","girl"
18,"Marianna vs Cottondale",Girls Volleyball,"Florida",9/21/2026,6:00pm,"The Marianna varsity volleyball team has an away conference match @  Cottondale (FL) on Monday, September 21 @ 6p.","/fl/volleyball/match/cottondale-vs-marianna/9-21-2026/?c=ffe84157-f1f1-40b1-b59d-c8cd3935aa6e","https://www.maxpreps.com/fl/volleyball/match/cottondale-vs-marianna/9-21-2026/?c=ffe84157-f1f1-40b1-b59d-c8cd3935aa6e","/volleyball/fl/8b7?9/21/2026","Marianna","Bulldogs","https://www.maxpreps.com/fl/cottondale/volleyball/","https://www.maxpreps.com/fl/marianna/volleyball/","https://hsfootball.net/proxy.php?url=https%3A%2F%2Fimage.maxpreps.io%2Fschool-mascot%2F3%2Fe%2F9%2F3e923a1d-06cb-456e-a8bc-ead9dd33c285.gif%3Fversion%3D636784657800000000%26amp%3Bwidth%3D128%26amp%3Bheight%3D128%26amp%3Bauto%3Dwebp%26amp%3Bformat%3Dpjpg","https://hsfootball.net/proxy.php?url=https%3A%2F%2Fimage.maxpreps.io%2Fschool-mascot%2Ff%2Fe%2F5%2Ffe5355f2-1591-453d-b97a-0f7bdc1061ad.gif%3Fversion%3D639178764224797260%26amp%3Bwidth%3D128%26amp%3Bheight%3D128%26amp%3Bauto%3Dwebp%26amp%3Bformat%3Dpjpg","girl"
19,"Baker vs Walton",Girls Volleyball,"Florida",9/21/2026,6:00pm,"The Baker varsity volleyball team has an away non-conference match @  Walton (DeFuniak Springs, FL) on Monday, September 21 @ 6p.","/fl/volleyball/match/baker-vs-walton-defuniak-springs/9-21-2026/?c=f8a18990-3af0-4c7d-b315-7fea9883df49","https://www.maxpreps.com/fl/volleyball/match/baker-vs-walton-defuniak-springs/9-21-2026/?c=f8a18990-3af0-4c7d-b315-7fea9883df49","/volleyball/fl/c84?9/21/2026","Baker","Gators","https://www.maxpreps.com/fl/baker/volleyball/","https://www.maxpreps.com/fl/walton-defuniak-springs/volleyball/","https://hsfootball.net/proxy.php?url=https%3A%2F%2Fimage.maxpreps.io%2Fschool-mascot%2F6%2Fb%2F3%2F6b3bbb37-d140-4d3b-abfd-4f44f8ea3dfb.gif%3Fversion%3D639180967385114760%26amp%3Bwidth%3D128%26amp%3Bheight%3D128%26amp%3Bauto%3Dwebp%26amp%3Bformat%3Dpjpg","https://hsfootball.net/proxy.php?url=https%3A%2F%2Fimage.maxpreps.io%2Fschool-mascot%2Fa%2F0%2F7%2Fa076f4a7-7f8b-4439-89ed-82a7592a0597.gif%3Fversion%3D639221992913951260%26amp%3Bwidth%3D128%26amp%3Bheight%3D128%26amp%3Bauto%3Dwebp%26amp%3Bformat%3Dpjpg","girl"
20,"Florida Prep vs Cocoa",Girls Volleyball,"Florida",9/21/2026,6:00pm,"The Florida Prep varsity volleyball team has an away non-conference match @  Cocoa (FL) on Monday, September 21 @ 6p.","/fl/volleyball/match/cocoa-vs-florida-prep-melbourne/9-21-2026/?c=c0dadedb-f4ca-4ecc-8201-f1107e80b5b0","https://www.maxpreps.com/fl/volleyball/match/cocoa-vs-florida-prep-melbourne/9-21-2026/?c=c0dadedb-f4ca-4ecc-8201-f1107e80b5b0","/volleyball/fl/c03?9/21/2026","Florida Prep","Falcons","https://www.maxpreps.com/fl/cocoa/volleyball/","https://www.maxpreps.com/fl/florida-prep-melbourne/volleyball/","https://hsfootball.net/proxy.php?url=https%3A%2F%2Fimage.maxpreps.io%2Fschool-mascot%2Fb%2F4%2Ff%2Fb4f84887-f0eb-4cfb-8a1d-64a837de6684.gif%3Fversion%3D637714438800000000%26amp%3Bwidth%3D128%26amp%3Bheight%3D128%26amp%3Bauto%3Dwebp%26amp%3Bformat%3Dpjpg","https://hsfootball.net/proxy.php?url=https%3A%2F%2Fimage.maxpreps.io%2Fschool-mascot%2F3%2F3%2Ff%2F33f89275-c0ac-43ec-a96f-4d3de2f72bbb.gif%3Fversion%3D637417958400000000%26amp%3Bwidth%3D128%26amp%3Bheight%3D128%26amp%3Bauto%3Dwebp%26amp%3Bformat%3Dpjpg","girl"
21,"Rocky Bayou Christian vs Freeport",Girls Volleyball,"Florida",9/21/2026,6:00pm,"The Rocky Bayou Christian varsity volleyball team has an away non-conference match @  Freeport (FL) on Monday, September 21 @ 6p.","/fl/volleyball/match/freeport-vs-rocky-bayou-christian-niceville/9-21-2026/?c=dfbcd008-6a44-41e9-bcc5-9c3fad5e4b3c","https://www.maxpreps.com/fl/volleyball/match/freeport-vs-rocky-bayou-christian-niceville/9-21-2026/?c=dfbcd008-6a44-41e9-bcc5-9c3fad5e4b3c","/volleyball/fl/10f9?9/21/2026","Rocky Bayou Christian","Knights","https://www.maxpreps.com/fl/freeport/volleyball/","https://www.maxpreps.com/fl/rocky-bayou-christian-niceville/volleyball/","https://hsfootball.net/proxy.php?url=https%3A%2F%2Fimage.maxpreps.io%2Fschool-mascot%2F7%2F8%2F4%2F784acea3-eefc-4814-aa26-ef244b8108c1.gif%3Fversion%3D638991408595572430%26amp%3Bwidth%3D128%26amp%3Bheight%3D128%26amp%3Bauto%3Dwebp%26amp%3Bformat%3Dpjpg","https://hsfootball.net/proxy.php?url=https%3A%2F%2Fimage.maxpreps.io%2Fschool-mascot%2F4%2F2%2Fc%2F42c1e7dd-94e5-4b26-b613-4a71e20f18f6.gif%3Fversion%3D638597587196169500%26amp%3Bwidth%3D128%26amp%3Bheight%3D128%26amp%3Bauto%3Dwebp%26amp%3Bformat%3Dpjpg","girl"
22,"Wewahitchka vs Chipley",Girls Volleyball,"Florida",9/21/2026,6:00pm,"The Wewahitchka varsity volleyball team has an away non-conference match @  Chipley (FL) on Monday, September 21 @ 6p.","/fl/volleyball/match/chipley-vs-wewahitchka/9-21-2026/?c=3d76c0b1-ec62-4ea4-94b2-e2a9fa942cc6","https://www.maxpreps.com/fl/volleyball/match/chipley-vs-wewahitchka/9-21-2026/?c=3d76c0b1-ec62-4ea4-94b2-e2a9fa942cc6","/volleyball/fl/8c1?9/21/2026","Wewahitchka","Gators","https://www.maxpreps.com/fl/chipley/volleyball/","https://www.maxpreps.com/fl/wewahitchka/volleyball/","https://hsfootball.net/proxy.php?url=https%3A%2F%2Fimage.maxpreps.io%2Fschool-mascot%2Ff%2F9%2Fa%2Ff9a0fca6-133a-419d-83db-b676b17a68b5.gif%3Fversion%3D639180967358991140%26amp%3Bwidth%3D128%26amp%3Bheight%3D128%26amp%3Bauto%3Dwebp%26amp%3Bformat%3Dpjpg","https://hsfootball.net/proxy.php?url=https%3A%2F%2Fimage.maxpreps.io%2Fschool-mascot%2Fe%2F3%2Fe%2Fe3e739fa-477d-42b7-8220-ee1c1d015210.gif%3Fversion%3D639180703194777200%26amp%3Bwidth%3D128%26amp%3Bheight%3D128%26amp%3Bauto%3Dwebp%26amp%3Bformat%3Dpjpg","girl"
23,"Meadowbrook Academy vs Seven Rivers Christian",Girls Volleyball,"Florida",9/21/2026,6:00pm,"The Meadowbrook Academy varsity volleyball team has an away conference match @  Seven Rivers Christian (Lecanto, FL) on Monday, September 21 @ 6p.","/fl/volleyball/match/meadowbrook-academy-ocala-vs-seven-rivers-christian-warhawks-lecanto/9-21-2026/?c=cc110124-1c73-4190-8362-5e748bb80bef","https://www.maxpreps.com/fl/volleyball/match/meadowbrook-academy-ocala-vs-seven-rivers-christian-warhawks-lecanto/9-21-2026/?c=cc110124-1c73-4190-8362-5e748bb80bef","/volleyball/fl/1a8e?9/21/2026","Meadowbrook Academy","Mustangs","https://www.maxpreps.com/fl/meadowbrook-academy-ocala/volleyball/","https://www.maxpreps.com/fl/seven-rivers-christian-warhawks-lecanto/volleyball/","https://hsfootball.net/proxy.php?url=https%3A%2F%2Fimage.maxpreps.io%2Fschool-mascot%2F4%2Ff%2Fd%2F4fd7118a-18f0-4ab2-bdd8-9cddeb7b4487.gif%3Fversion%3D635514887400000000%26amp%3Bwidth%3D128%26amp%3Bheight%3D128%26amp%3Bauto%3Dwebp%26amp%3Bformat%3Dpjpg","https://hsfootball.net/proxy.php?url=https%3A%2F%2Fimage.maxpreps.io%2Fschool-mascot%2Fa%2F0%2F5%2Fa058c88a-3b9e-46d3-a12f-b7b76b44111c.gif%3Fversion%3D635519110200000000%26amp%3Bwidth%3D128%26amp%3Bheight%3D128%26amp%3Bauto%3Dwebp%26amp%3Bformat%3Dpjpg","girl"
24,"Godby vs Franklin County",Girls Volleyball,"Florida",9/21/2026,6:00pm,"The Godby varsity volleyball team has an away non-conference match @  Franklin County (Eastpoint, FL) on Monday, September 21 @ 6p.","/fl/volleyball/match/franklin-county-eastpoint-vs-godby-tallahassee/9-21-2026/?c=7ecaad1f-26fe-44a7-aa6f-5257620e2e59","https://www.maxpreps.com/fl/volleyball/match/franklin-county-eastpoint-vs-godby-tallahassee/9-21-2026/?c=7ecaad1f-26fe-44a7-aa6f-5257620e2e59","/volleyball/fl/1234?9/21/2026","Godby","Cougars","https://www.maxpreps.com/fl/franklin-county-eastpoint/volleyball/","https://www.maxpreps.com/fl/godby-tallahassee/volleyball/","https://hsfootball.net/proxy.php?url=https%3A%2F%2Fimage.maxpreps.io%2Fschool-mascot%2F5%2F8%2F9%2F589722ff-b98d-44ae-ba46-d8c9b4229bdb.gif%3Fversion%3D638685066078230350%26amp%3Bwidth%3D128%26amp%3Bheight%3D128%26amp%3Bauto%3Dwebp%26amp%3Bformat%3Dpjpg","https://hsfootball.net/proxy.php?url=https%3A%2F%2Fimage.maxpreps.io%2Fschool-mascot%2F6%2F6%2F0%2F6602d6c3-f67c-47ea-9c8d-e9fe7f34eb39.gif%3Fversion%3D639178764235424160%26amp%3Bwidth%3D128%26amp%3Bheight%3D128%26amp%3Bauto%3Dwebp%26amp%3Bformat%3Dpjpg","girl"
25,"Saint Francis Catholic Academy vs Hawthorne",Girls Volleyball,"Florida",9/21/2026,6:00pm,"The Saint Francis Catholic Academy varsity volleyball team has an away non-conference match @  Hawthorne (FL) on Monday, September 21 @ 6p.","/fl/volleyball/match/hawthorne-vs-saint-francis-catholic-academy-gainesville/9-21-2026/?c=f2558b6b-dcb7-423b-9b7b-4e0fb351eb7b","https://www.maxpreps.com/fl/volleyball/match/hawthorne-vs-saint-francis-catholic-academy-gainesville/9-21-2026/?c=f2558b6b-dcb7-423b-9b7b-4e0fb351eb7b","/volleyball/fl/157a?9/21/2026","Saint Francis Catholic Academy","Wolves","https://www.maxpreps.com/fl/hawthorne/volleyball/","https://www.maxpreps.com/fl/saint-francis-catholic-academy-gainesville/volleyball/","https://hsfootball.net/proxy.php?url=https%3A%2F%2Fimage.maxpreps.io%2Fschool-mascot%2F5%2Fb%2F2%2F5b25448a-8662-4283-bbcc-e8e177d2fb96.gif%3Fversion%3D636712253400000000%26amp%3Bwidth%3D128%26amp%3Bheight%3D128%26amp%3Bauto%3Dwebp%26amp%3Bformat%3Dpjpg","https://hsfootball.net/proxy.php?url=https%3A%2F%2Fimage.maxpreps.io%2Fschool-mascot%2Fa%2Fa%2Fe%2Faaea8785-9b70-42fd-bddb-367f22e5c781.gif%3Fversion%3D637177942200000000%26amp%3Bwidth%3D128%26amp%3Bheight%3D128%26amp%3Bauto%3Dwebp%26amp%3Bformat%3Dpjpg","girl"
26,"North Kissimmee Christian vs Parkway Christian Academy",Girls Volleyball,"Florida",9/21/2026,6:00pm,"The North Kissimmee Christian varsity volleyball team has an away conference match @  Parkway Christian Academy (Lakeland, FL) on Monday, September 21 @ 6p.","/fl/volleyball/match/north-kissimmee-christian-vs-parkway-christian-academy-lakeland/9-21-2026/?c=a0a650e2-f88d-409b-ba91-f1b0faf28ed6","https://www.maxpreps.com/fl/volleyball/match/north-kissimmee-christian-vs-parkway-christian-academy-lakeland/9-21-2026/?c=a0a650e2-f88d-409b-ba91-f1b0faf28ed6","/volleyball/fl/18af?9/21/2026","North Kissimmee Christian","Lions","https://www.maxpreps.com/fl/north-kissimmee-christian/volleyball/","https://www.maxpreps.com/fl/parkway-christian-academy-lakeland/volleyball/","https://hsfootball.net/proxy.php?url=https%3A%2F%2Fimage.maxpreps.io%2Fschool-mascot%2F6%2F0%2F8%2F6089cdf8-5a43-4514-a670-f39b82bf9a57.gif%3Fversion%3D634871851200000000%26amp%3Bwidth%3D128%26amp%3Bheight%3D128%26amp%3Bauto%3Dwebp%26amp%3Bformat%3Dpjpg","https://hsfootball.net/proxy.php?url=https%3A%2F%2Fimage.maxpreps.io%2Fschool-mascot%2F6%2F0%2F8%2F6089cdf8-5a43-4514-a670-f39b82bf9a57.gif%3Fversion%3D634871851200000000%26amp%3Bwidth%3D32%26amp%3Bheight%3D32%26amp%3Bauto%3Dwebp%26amp%3Bformat%3Dpjpg","girl"
27,"Liberty County vs Altha",Girls Volleyball,"Florida",9/21/2026,6:00pm,"The Liberty County varsity volleyball team has an away non-conference match @  Altha (FL) on Monday, September 21 @ 6p.","/fl/volleyball/match/altha-vs-liberty-county-bristol/9-21-2026/?c=97d07fee-0904-43ff-968d-b06fce811247","https://www.maxpreps.com/fl/volleyball/match/altha-vs-liberty-county-bristol/9-21-2026/?c=97d07fee-0904-43ff-968d-b06fce811247","/volleyball/fl/c43?9/21/2026","Liberty County","Bulldogs","https://www.maxpreps.com/fl/altha/volleyball/","https://www.maxpreps.com/fl/liberty-county-bristol/volleyball/","https://hsfootball.net/proxy.php?url=https%3A%2F%2Fimage.maxpreps.io%2Fschool-mascot%2F7%2Fb%2Fb%2F7bbcaabf-3873-4d21-bf8c-c1d7e8626941.gif%3Fversion%3D639180967283726240%26amp%3Bwidth%3D128%26amp%3Bheight%3D128%26amp%3Bauto%3Dwebp%26amp%3Bformat%3Dpjpg","https://hsfootball.net/proxy.php?url=https%3A%2F%2Fimage.maxpreps.io%2Fschool-mascot%2F7%2Fb%2Fb%2F7bbcaabf-3873-4d21-bf8c-c1d7e8626941.gif%3Fversion%3D639180967283726240%26amp%3Bwidth%3D32%26amp%3Bheight%3D32%26amp%3Bauto%3Dwebp%26amp%3Bformat%3Dpjpg","girl"
28,"Lafayette vs Hamilton County",Girls Volleyball,"Florida",9/21/2026,6:00pm,"The Lafayette varsity volleyball team has an away non-conference match @  Hamilton County (Jasper, FL) on Monday, September 21 @ 6p.","/fl/volleyball/match/hamilton-county-jasper-vs-lafayette-mayo/9-21-2026/?c=8e92eb5c-ecf7-464e-9475-e04311ee50ea","https://www.maxpreps.com/fl/volleyball/match/hamilton-county-jasper-vs-lafayette-mayo/9-21-2026/?c=8e92eb5c-ecf7-464e-9475-e04311ee50ea","/volleyball/fl/fc2?9/21/2026","Lafayette","Hornets","https://www.maxpreps.com/fl/hamilton-county-jasper/volleyball/","https://www.maxpreps.com/fl/lafayette-mayo/volleyball/","https://hsfootball.net/proxy.php?url=https%3A%2F%2Fimage.maxpreps.io%2Fschool-mascot%2Fe%2F3%2F4%2Fe34fa674-fe16-43af-bcf7-78ff836b1278.gif%3Fversion%3D639178764138447080%26amp%3Bwidth%3D128%26amp%3Bheight%3D128%26amp%3Bauto%3Dwebp%26amp%3Bformat%3Dpjpg","https://hsfootball.net/proxy.php?url=https%3A%2F%2Fimage.maxpreps.io%2Fschool-mascot%2F2%2Fe%2F3%2F2e321fb3-9e43-4fc4-8c25-7bb7de00eb0c.gif%3Fversion%3D639178764291184930%26amp%3Bwidth%3D128%26amp%3Bheight%3D128%26amp%3Bauto%3Dwebp%26amp%3Bformat%3Dpjpg","girl"
29,"Blountstown vs Arnold",Girls Volleyball,"Florida",9/21/2026,6:00pm,"The Blountstown varsity volleyball team has an away non-conference match @  Arnold (Panama City Beach, FL) on Monday, September 21 @ 6p.","/fl/volleyball/match/arnold-panama-city-beach-vs-blountstown/9-21-2026/?c=82e16246-d5a0-4e27-b0b0-d21483b21d67","https://www.maxpreps.com/fl/volleyball/match/arnold-panama-city-beach-vs-blountstown/9-21-2026/?c=82e16246-d5a0-4e27-b0b0-d21483b21d67","/volleyball/fl/f33?9/21/2026","Blountstown","Tigers","https://www.maxpreps.com/fl/arnold-panama-city-beach/volleyball/","https://www.maxpreps.com/fl/blountstown/volleyball/","https://hsfootball.net/proxy.php?url=https%3A%2F%2Fimage.maxpreps.io%2Fschool-mascot%2Fc%2F9%2F2%2Fc92b6cec-d1c4-4c41-9a9f-4a7b51b1d15d.gif%3Fversion%3D639202152819205120%26amp%3Bwidth%3D128%26amp%3Bheight%3D128%26amp%3Bauto%3Dwebp%26amp%3Bformat%3Dpjpg","https://hsfootball.net/proxy.php?url=https%3A%2F%2Fimage.maxpreps.io%2Fschool-mascot%2Fe%2F7%2Fd%2Fe7d422f1-283e-4d5c-87c1-0ed003834adb.gif%3Fversion%3D636941908800000000%26amp%3Bwidth%3D128%26amp%3Bheight%3D128%26amp%3Bauto%3Dwebp%26amp%3Bformat%3Dpjpg","girl"
30,"West Florida vs Jay",Girls Volleyball,"Florida",9/21/2026,6:00pm,"The West Florida varsity volleyball team has an away non-conference match @  Jay (FL) on Monday, September 21 @ 6p.","/fl/volleyball/match/jay-vs-west-florida-pensacola/9-21-2026/?c=c4183d83-74bc-4f61-b029-2df6024cdded","https://www.maxpreps.com/fl/volleyball/match/jay-vs-west-florida-pensacola/9-21-2026/?c=c4183d83-74bc-4f61-b029-2df6024cdded","/volleyball/fl/b3b?9/21/2026","West Florida","Jaguars","https://www.maxpreps.com/fl/jay/volleyball/","https://www.maxpreps.com/fl/west-florida-pensacola/volleyball/","https://hsfootball.net/proxy.php?url=https%3A%2F%2Fimage.maxpreps.io%2Fschool-mascot%2F0%2F6%2F4%2F064a7dc6-f1a3-4f87-b5b1-eec0b5d1e302.gif%3Fversion%3D635315200800000000%26amp%3Bwidth%3D128%26amp%3Bheight%3D128%26amp%3Bauto%3Dwebp%26amp%3Bformat%3Dpjpg","https://hsfootball.net/proxy.php?url=https%3A%2F%2Fimage.maxpreps.io%2Fschool-mascot%2Fa%2Fd%2F8%2Fad833d79-1c4c-4895-b725-5aa9f7225fe0.gif%3Fversion%3D637519922400000000%26amp%3Bwidth%3D128%26amp%3Bheight%3D128%26amp%3Bauto%3Dwebp%26amp%3Bformat%3Dpjpg","girl"
31,"Pensacola Christian Academy vs Laurel Hill",Girls Volleyball,"Florida",9/21/2026,6:00pm,"The Pensacola Christian Academy varsity volleyball team has an away non-conference match @  Laurel Hill (FL) on Monday, September 21 @ 6p.","/fl/volleyball/match/laurel-hill-vs-pensacola-christian-academy/9-21-2026/?c=1907eb7c-d6eb-40cf-ad07-dbe500380fc9","https://www.maxpreps.com/fl/volleyball/match/laurel-hill-vs-pensacola-christian-academy/9-21-2026/?c=1907eb7c-d6eb-40cf-ad07-dbe500380fc9","/volleyball/fl/1047?9/21/2026","Pensacola Christian Academy","Warriors","https://www.maxpreps.com/fl/laurel-hill/volleyball/","https://www.maxpreps.com/fl/pensacola-christian-academy/volleyball/","https://hsfootball.net/proxy.php?url=https%3A%2F%2Fimage.maxpreps.io%2Fschool-mascot%2F0%2F0%2F8%2F00868688-0c1f-48ba-8c92-94966541f343.gif%3Fversion%3D636154024200000000%26amp%3Bwidth%3D128%26amp%3Bheight%3D128%26amp%3Bauto%3Dwebp%26amp%3Bformat%3Dpjpg","https://hsfootball.net/proxy.php?url=https%3A%2F%2Fimage.maxpreps.io%2Fschool-mascot%2F3%2F4%2F8%2F348a5842-7fd2-42d0-a8c2-600399e5f962.gif%3Fversion%3D637064576400000000%26amp%3Bwidth%3D128%26amp%3Bheight%3D128%26amp%3Bauto%3Dwebp%26amp%3Bformat%3Dpjpg","girl"
32,"Holmes County vs Vernon",Girls Volleyball,"Florida",9/21/2026,6:00pm,"The Holmes County varsity volleyball team has an away conference match @  Vernon (FL) on Monday, September 21 @ 6p.","/fl/volleyball/match/holmes-county-bonifay-vs-vernon/9-21-2026/?c=c0ba5ccd-166a-4a5f-856b-c5ea5230d274","https://www.maxpreps.com/fl/volleyball/match/holmes-county-bonifay-vs-vernon/9-21-2026/?c=c0ba5ccd-166a-4a5f-856b-c5ea5230d274","/volleyball/fl/c47?9/21/2026","Holmes County","Blue Devils","https://www.maxpreps.com/fl/holmes-county-bonifay/volleyball/","https://www.maxpreps.com/fl/vernon/volleyball/","https://hsfootball.net/proxy.php?url=https%3A%2F%2Fimage.maxpreps.io%2Fschool-mascot%2Fb%2F7%2F7%2Fb775a035-913d-4e32-8031-b3f895c9178d.gif%3Fversion%3D639180967374921270%26amp%3Bwidth%3D128%26amp%3Bheight%3D128%26amp%3Bauto%3Dwebp%26amp%3Bformat%3Dpjpg","https://hsfootball.net/proxy.php?url=https%3A%2F%2Fimage.maxpreps.io%2Fschool-mascot%2Fa%2F0%2F0%2Fa0074e56-2897-498a-accd-036228323799.gif%3Fversion%3D639180967343998940%26amp%3Bwidth%3D128%26amp%3Bheight%3D128%26amp%3Bauto%3Dwebp%26amp%3Bformat%3Dpjpg","girl"
33,"City of Life Christian Academy vs Real Life Christian Academy",Girls Volleyball,"Florida",9/21/2026,6:00pm,"The City of Life Christian Academy varsity volleyball team has an away non-conference match @  Real Life Christian Academy (Clermont, FL) on Monday, September 21 @ 6p.","/fl/volleyball/match/city-of-life-christian-academy-kissimmee-vs-real-life-christian-academy-clermont/9-21-2026/?c=dc844cfe-b391-4a1f-ad8a-f84c6be12c34","https://www.maxpreps.com/fl/volleyball/match/city-of-life-christian-academy-kissimmee-vs-real-life-christian-academy-clermont/9-21-2026/?c=dc844cfe-b391-4a1f-ad8a-f84c6be12c34","/volleyball/fl/1ea7?9/21/2026","City of Life Christian Academy","Warriors","https://www.maxpreps.com/fl/city-of-life-christian-academy-kissimmee/volleyball/","https://www.maxpreps.com/fl/real-life-christian-academy-clermont/volleyball/","https://hsfootball.net/proxy.php?url=https%3A%2F%2Fimage.maxpreps.io%2Fschool-mascot%2F2%2F6%2F2%2F262b518d-56b5-41f2-bea4-fcec661fff1a.gif%3Fversion%3D637408618200000000%26amp%3Bwidth%3D128%26amp%3Bheight%3D128%26amp%3Bauto%3Dwebp%26amp%3Bformat%3Dpjpg","https://hsfootball.net/proxy.php?url=https%3A%2F%2Fimage.maxpreps.io%2Fschool-mascot%2F0%2F9%2F1%2F091c8c0a-07ba-4221-98ea-46d7ffb3d5ce.gif%3Fversion%3D637093348200000000%26amp%3Bwidth%3D128%26amp%3Bheight%3D128%26amp%3Bauto%3Dwebp%26amp%3Bformat%3Dpjpg","girl"
34,"Halifax Academy vs Burns Sci-Tech",Girls Volleyball,"Florida",9/21/2026,6:00pm,"The Halifax Academy varsity volleyball team has an away conference match @  Burns Sci-Tech (Oak Hill, FL) on Monday, September 21 @ 6p.","/fl/volleyball/match/burns-sci-tech-oak-hill-vs-halifax-academy-daytona-beach/9-21-2026/?c=4113f538-6650-4f78-9082-320d3db04d6e","https://www.maxpreps.com/fl/volleyball/match/burns-sci-tech-oak-hill-vs-halifax-academy-daytona-beach/9-21-2026/?c=4113f538-6650-4f78-9082-320d3db04d6e","/volleyball/fl/1503?9/21/2026","Halifax Academy","Knights","https://www.maxpreps.com/fl/burns-sci-tech-oak-hill/volleyball/","https://www.maxpreps.com/fl/halifax-academy-daytona-beach/volleyball/","https://hsfootball.net/proxy.php?url=https%3A%2F%2Fimage.maxpreps.io%2Fschool-mascot%2F7%2Fe%2F9%2F7e92205c-352d-4a99-936e-e4efb540d422.gif%3Fversion%3D637970188800000000%26amp%3Bwidth%3D128%26amp%3Bheight%3D128%26amp%3Bauto%3Dwebp%26amp%3Bformat%3Dpjpg","https://hsfootball.net/proxy.php?url=https%3A%2F%2Fimage.maxpreps.io%2Fschool-mascot%2Fa%2Fe%2Fe%2Faee386db-aabb-44fb-aa51-086753b0c1f7.gif%3Fversion%3D638743388585176620%26amp%3Bwidth%3D128%26amp%3Bheight%3D128%26amp%3Bauto%3Dwebp%26amp%3Bformat%3Dpjpg","girl"
35,"Victory Christian Academy vs Seffner Christian",Girls Volleyball,"Florida",9/21/2026,6:00pm,"The Victory Christian Academy varsity volleyball team has an away non-conference match @  Seffner Christian (Seffner, FL) on Monday, September 21 @ 6p.","/fl/volleyball/match/seffner-christian-vs-victory-christian-academy-lakeland/9-21-2026/?c=6ac87135-21f7-4d66-8970-dc5292da092a","https://www.maxpreps.com/fl/volleyball/match/seffner-christian-vs-victory-christian-academy-lakeland/9-21-2026/?c=6ac87135-21f7-4d66-8970-dc5292da092a","/volleyball/fl/158a?9/21/2026","Victory Christian Academy","Storm","https://www.maxpreps.com/fl/seffner-christian/volleyball/","https://www.maxpreps.com/fl/victory-christian-academy-lakeland/volleyball/","https://hsfootball.net/proxy.php?url=https%3A%2F%2Fimage.maxpreps.io%2Fschool-mascot%2F0%2F3%2Fc%2F03c4dc2e-7191-474b-ae6d-600a1d8e447d.gif%3Fversion%3D639019238957389100%26amp%3Bwidth%3D128%26amp%3Bheight%3D128%26amp%3Bauto%3Dwebp%26amp%3Bformat%3Dpjpg","https://hsfootball.net/proxy.php?url=https%3A%2F%2Fimage.maxpreps.io%2Fschool-mascot%2Fa%2F4%2F7%2Fa4707bdd-729a-4357-b65d-1e9764fe6103.gif%3Fversion%3D635075298600000000%26amp%3Bwidth%3D128%26amp%3Bheight%3D128%26amp%3Bauto%3Dwebp%26amp%3Bformat%3Dpjpg","girl"
36,"Oak Hall vs The Rock",Girls Volleyball,"Florida",9/21/2026,6:00pm,"The Oak Hall varsity volleyball team has an away non-conference match @  The Rock (Gainesville, FL) on Monday, September 21 @ 6p.","/fl/volleyball/match/oak-hall-gainesville-vs-the-rock-gainesville/9-21-2026/?c=6124c699-fd08-4cc4-acc1-fbd3411aa1c9","https://www.maxpreps.com/fl/volleyball/match/oak-hall-gainesville-vs-the-rock-gainesville/9-21-2026/?c=6124c699-fd08-4cc4-acc1-fbd3411aa1c9","/volleyball/fl/10e9?9/21/2026","Oak Hall","Eagles","https://www.maxpreps.com/fl/oak-hall-gainesville/volleyball/","https://www.maxpreps.com/fl/the-rock-gainesville/volleyball/","https://hsfootball.net/proxy.php?url=https%3A%2F%2Fimage.maxpreps.io%2Fschool-mascot%2F8%2F9%2Fd%2F89d40a19-891c-4e58-8d96-7d07d3a960df.gif%3Fversion%3D636709675200000000%26amp%3Bwidth%3D128%26amp%3Bheight%3D128%26amp%3Bauto%3Dwebp%26amp%3Bformat%3Dpjpg","https://hsfootball.net/proxy.php?url=https%3A%2F%2Fimage.maxpreps.io%2Fschool-mascot%2Fd%2Ff%2Fe%2Fdfe58d58-3069-4189-b566-5b9f1b17dc05.gif%3Fversion%3D638404854600000000%26amp%3Bwidth%3D128%26amp%3Bheight%3D128%26amp%3Bauto%3Dwebp%26amp%3Bformat%3Dpjpg","girl"
37,"Cedar Creek Christian vs First Coast Christian",Girls Volleyball,"Florida",9/21/2026,6:00pm,"The Cedar Creek Christian varsity volleyball team has an away non-conference match @  First Coast Christian (Jacksonville, FL) on Monday, September 21 @ 6p.","/fl/volleyball/match/cedar-creek-christian-jacksonville-vs-first-coast-christian-jacksonville/9-21-2026/?c=8d845ed4-0fe3-4643-8b98-b338dca3f9b5","https://www.maxpreps.com/fl/volleyball/match/cedar-creek-christian-jacksonville-vs-first-coast-christian-jacksonville/9-21-2026/?c=8d845ed4-0fe3-4643-8b98-b338dca3f9b5","/volleyball/fl/1c30?9/21/2026","Cedar Creek Christian","Saints","https://www.maxpreps.com/fl/cedar-creek-christian-jacksonville/volleyball/","https://www.maxpreps.com/fl/first-coast-christian-jacksonville/volleyball/","https://hsfootball.net/proxy.php?url=https%3A%2F%2Fimage.maxpreps.io%2Fschool-mascot%2F1%2Fa%2Ff%2F1af05e87-fda2-4eb2-8fae-aed0008459ef.gif%3Fversion%3D635164917600000000%26amp%3Bwidth%3D128%26amp%3Bheight%3D128%26amp%3Bauto%3Dwebp%26amp%3Bformat%3Dpjpg","https://hsfootball.net/proxy.php?url=https%3A%2F%2Fimage.maxpreps.io%2Fschool-mascot%2Ff%2F3%2Ff%2Ff3f5ea58-e93b-48aa-860c-9701b2353f0a.gif%3Fversion%3D634248108000000000%26amp%3Bwidth%3D128%26amp%3Bheight%3D128%26amp%3Bauto%3Dwebp%26amp%3Bformat%3Dpjpg","girl"
38,"South Walton vs Choctawhatchee",Girls Volleyball,"Florida",9/21/2026,6:00pm,"The South Walton varsity volleyball team has an away non-conference match @  Choctawhatchee (Fort Walton Beach, FL) on Monday, September 21 @ 6p.","/fl/volleyball/match/choctawhatchee-fort-walton-beach-vs-south-walton-santa-rosa-beach/9-21-2026/?c=1c7f12c4-2c91-4e3f-a81f-01d9cdbdc547","https://www.maxpreps.com/fl/volleyball/match/choctawhatchee-fort-walton-beach-vs-south-walton-santa-rosa-beach/9-21-2026/?c=1c7f12c4-2c91-4e3f-a81f-01d9cdbdc547","/volleyball/fl/1903?9/21/2026","South Walton","Seahawks","https://www.maxpreps.com/fl/choctawhatchee-fort-walton-beach/volleyball/","https://www.maxpreps.com/fl/south-walton-santa-rosa-beach/volleyball/","https://hsfootball.net/proxy.php?url=https%3A%2F%2Fimage.maxpreps.io%2Fschool-mascot%2Ff%2F9%2F3%2Ff939336f-4002-40ba-87b9-cba62ce794f2.gif%3Fversion%3D639063065418700170%26amp%3Bwidth%3D128%26amp%3Bheight%3D128%26amp%3Bauto%3Dwebp%26amp%3Bformat%3Dpjpg","https://hsfootball.net/proxy.php?url=https%3A%2F%2Fimage.maxpreps.io%2Fschool-mascot%2F7%2Fd%2F4%2F7d4efa75-0854-4ff5-95c3-40968a70a04d.gif%3Fversion%3D636165492600000000%26amp%3Bwidth%3D128%26amp%3Bheight%3D128%26amp%3Bauto%3Dwebp%26amp%3Bformat%3Dpjpg","girl"
39,"Tallavana Christian vs Munroe",Girls Volleyball,"Florida",9/21/2026,6:00pm,"The Tallavana Christian varsity volleyball team has an away non-conference match @  Munroe (Quincy, FL) on Monday, September 21 @ 6p.","/fl/volleyball/match/munroe-quincy-vs-tallavana-christian-havana/9-21-2026/?c=3c6d5165-3789-4f46-bb17-b2005c7e51ea","https://www.maxpreps.com/fl/volleyball/match/munroe-quincy-vs-tallavana-christian-havana/9-21-2026/?c=3c6d5165-3789-4f46-bb17-b2005c7e51ea","/volleyball/fl/10e1?9/21/2026","Tallavana Christian","Lion","https://www.maxpreps.com/fl/munroe-quincy/volleyball/","https://www.maxpreps.com/fl/tallavana-christian-havana/volleyball/","https://hsfootball.net/proxy.php?url=https%3A%2F%2Fimage.maxpreps.io%2Fschool-mascot%2F7%2F9%2Ff%2F79f2903a-644e-4e84-90e6-d4a2985192f5.gif%3Fversion%3D638676048105828150%26amp%3Bwidth%3D128%26amp%3Bheight%3D128%26amp%3Bauto%3Dwebp%26amp%3Bformat%3Dpjpg","https://hsfootball.net/proxy.php?url=https%3A%2F%2Fimage.maxpreps.io%2Fschool-mascot%2F2%2F4%2F1%2F24184150-81dc-45a5-8cda-656961c3442c.gif%3Fversion%3D634796979000000000%26amp%3Bwidth%3D128%26amp%3Bheight%3D128%26amp%3Bauto%3Dwebp%26amp%3Bformat%3Dpjpg","girl"
40,"Bay vs Bozeman",Girls Volleyball,"Florida",9/21/2026,6:00pm,"The Bay varsity volleyball team has an away non-conference match @  Bozeman (Panama City, FL) on Monday, September 21 @ 6p.","/fl/volleyball/match/bay-panama-city-vs-bozeman-panama-city/9-21-2026/?c=44f62cfe-0819-4293-92b6-e59e706caf3c","https://www.maxpreps.com/fl/volleyball/match/bay-panama-city-vs-bozeman-panama-city/9-21-2026/?c=44f62cfe-0819-4293-92b6-e59e706caf3c","/volleyball/fl/e6d?9/21/2026","Bay","Tornadoes","https://www.maxpreps.com/fl/bay-panama-city/volleyball/","https://www.maxpreps.com/fl/bozeman-panama-city/volleyball/","https://hsfootball.net/proxy.php?url=https%3A%2F%2Fimage.maxpreps.io%2Fschool-mascot%2F3%2F8%2F3%2F383b7573-6069-4e7c-8300-615b782be553.gif%3Fversion%3D635554384200000000%26amp%3Bwidth%3D128%26amp%3Bheight%3D128%26amp%3Bauto%3Dwebp%26amp%3Bformat%3Dpjpg","https://hsfootball.net/proxy.php?url=https%3A%2F%2Fimage.maxpreps.io%2Fschool-mascot%2F3%2F2%2F2%2F322657e6-7dd6-4f7a-b0f9-3551d393e8db.gif%3Fversion%3D638579372783809750%26amp%3Bwidth%3D128%26amp%3Bheight%3D128%26amp%3Bauto%3Dwebp%26amp%3Bformat%3Dpjpg","girl"
41,"Southland Christian vs Poinciana Christian Preparatory",Girls Volleyball,"Florida",9/21/2026,6:00pm,"The Southland Christian varsity volleyball team has an away non-conference match @  Poinciana Christian Preparatory (Kissimmee, FL) on Monday, September 21 @ 6p.","/fl/volleyball/match/poinciana-christian-preparatory-kissimmee-vs-southland-christian-kissimmee/9-21-2026/?c=ae0921e1-cbfa-4aa8-ac24-cf9238f4ec75","https://www.maxpreps.com/fl/volleyball/match/poinciana-christian-preparatory-kissimmee-vs-southland-christian-kissimmee/9-21-2026/?c=ae0921e1-cbfa-4aa8-ac24-cf9238f4ec75","/volleyball/fl/1d79?9/21/2026","Southland Christian","FLAMES","https://www.maxpreps.com/fl/poinciana-christian-preparatory-kissimmee/girls-volleyball/","https://www.maxpreps.com/fl/southland-christian-kissimmee/girls-volleyball/","https://hsfootball.net/proxy.php?url=https%3A%2F%2Fasset.maxpreps.io%2Fincludes%2Fimages%2Flogos%2Fmaxpreps-logo-white-2025.png","https://hsfootball.net/proxy.php?url=https%3A%2F%2Fasset.maxpreps.io%2Fincludes%2Freact%2Fplay-on-logo.png","girl"
42,"Varsity Opponent vs Bethlehem",Girls Volleyball,"Florida",9/21/2026,6:00pm,"The Varsity Opponent varsity volleyball team has an away non-conference match @  Bethlehem (Bonifay, FL) on Monday, September 21 @ 6p.","/fl/volleyball/match/bethlehem-bonifay-fl-vs-varsity-opponent-intl/9-21-2026/?c=04fb9008-bb66-4b0e-a1ea-e0438480b993","https://www.maxpreps.com/fl/volleyball/match/bethlehem-bonifay-fl-vs-varsity-opponent-intl/9-21-2026/?c=04fb9008-bb66-4b0e-a1ea-e0438480b993","/volleyball/fl/119b?9/21/2026","Varsity Opponent","Bethlehem","https://www.maxpreps.com/fl/bethlehem-bonifay-fl/girls-volleyball/","https://www.maxpreps.com/fl/varsity-opponent-intl/girls-volleyball/","https://hsfootball.net/proxy.php?url=https%3A%2F%2Fimage.maxpreps.io%2Fschool-mascot%2Fd%2F7%2F7%2Fd778af57-6281-4dcc-b474-4974e1e3ca7e.gif%3Fversion%3D636453026400000000%26amp%3Bwidth%3D128%26amp%3Bheight%3D128%26amp%3Bauto%3Dwebp%26amp%3Bformat%3Dpjpg","https://hsfootball.net/proxy.php?url=https%3A%2F%2Fimage.maxpreps.io%2Fschool-mascot%2Fd%2F7%2F7%2Fd778af57-6281-4dcc-b474-4974e1e3ca7e.gif%3Fversion%3D636453026400000000%26amp%3Bwidth%3D32%26amp%3Bheight%3D32%26amp%3Bauto%3Dwebp%26amp%3Bformat%3Dpjpg","girl"
43,"Winthrop College Prep Academy vs Universal Academy",Girls Volleyball,"Florida",9/21/2026,6:30pm,"The Winthrop College Prep Academy varsity volleyball team has an away non-conference match @  Universal Academy (Tampa, FL) on Monday, September 21 @ 6:30p.","/fl/volleyball/match/universal-academy-tampa-vs-winthrop-college-prep-academy-riverview/9-21-2026/?c=42eabd0f-ef79-48f1-964c-b615befcfd69","https://www.maxpreps.com/fl/volleyball/match/universal-academy-tampa-vs-winthrop-college-prep-academy-riverview/9-21-2026/?c=42eabd0f-ef79-48f1-964c-b615befcfd69","/volleyball/fl/19d5?9/21/2026","Winthrop College Prep Academy","Spartans","https://www.maxpreps.com/fl/universal-academy-tampa/girls-volleyball/","https://www.maxpreps.com/fl/winthrop-college-prep-academy-riverview/girls-volleyball/","https://hsfootball.net/proxy.php?url=https%3A%2F%2Fimage.maxpreps.io%2Fschool-mascot%2F9%2Fa%2Fc%2F9ac373be-97ce-49b3-9cc7-7dfb8173bff9.gif%3Fversion%3D637286786400000000%26amp%3Bwidth%3D128%26amp%3Bheight%3D128%26amp%3Bauto%3Dwebp%26amp%3Bformat%3Dpjpg","https://hsfootball.net/proxy.php?url=https%3A%2F%2Fimage.maxpreps.io%2Fschool-mascot%2F6%2Ff%2F4%2F6f455685-dd24-40cc-8f9d-4718c8819d32.gif%3Fversion%3D639011183986597750%26amp%3Bwidth%3D128%26amp%3Bheight%3D128%26amp%3Bauto%3Dwebp%26amp%3Bformat%3Dpjpg","girl"
44,"Suwannee vs Fort White",Girls Volleyball,"Florida",9/21/2026,6:30pm,"The Suwannee varsity volleyball team has an away non-conference match @  Fort White (FL) on Monday, September 21 @ 6:30p.","/fl/volleyball/match/fort-white-vs-suwannee-live-oak/9-21-2026/?c=8baf9dd9-ce98-4b30-9cc6-a47fde8a69dd","https://www.maxpreps.com/fl/volleyball/match/fort-white-vs-suwannee-live-oak/9-21-2026/?c=8baf9dd9-ce98-4b30-9cc6-a47fde8a69dd","/volleyball/fl/bf7?9/21/2026","Suwannee","Bulldogs","https://www.maxpreps.com/fl/fort-white/girls-volleyball/","https://www.maxpreps.com/fl/suwannee-live-oak/girls-volleyball/","https://hsfootball.net/proxy.php?url=https%3A%2F%2Fimage.maxpreps.io%2Fschool-mascot%2Fe%2F1%2F8%2Fe1859de2-a0f6-4bfb-8766-6ad76917f384.gif%3Fversion%3D638685066663005850%26amp%3Bwidth%3D128%26amp%3Bheight%3D128%26amp%3Bauto%3Dwebp%26amp%3Bformat%3Dpjpg","https://hsfootball.net/proxy.php?url=https%3A%2F%2Fimage.maxpreps.io%2Fschool-mascot%2F6%2F7%2F8%2F6788e20e-421b-41fc-8231-3b81c76c5f79.gif%3Fversion%3D639178764230522080%26amp%3Bwidth%3D128%26amp%3Bheight%3D128%26amp%3Bauto%3Dwebp%26amp%3Bformat%3Dpjpg","girl"
45,"Trinity Christian Academy vs Lake Mary Prep",Girls Volleyball,"Florida",9/21/2026,6:30pm,"The Trinity Christian Academy varsity volleyball team has an away conference match @  Lake Mary Prep (Lake Mary, FL) on Monday, September 21 @ 6:30p.","/fl/volleyball/match/lake-mary-prep-vs-trinity-christian-academy-deltona/9-21-2026/?c=8fe55eca-099b-4acd-9647-911712935cf5","https://www.maxpreps.com/fl/volleyball/match/lake-mary-prep-vs-trinity-christian-academy-deltona/9-21-2026/?c=8fe55eca-099b-4acd-9647-911712935cf5","/volleyball/fl/13c4?9/21/2026","Trinity Christian Academy","Eagles","https://www.maxpreps.com/fl/lake-mary-prep/girls-volleyball/","https://www.maxpreps.com/fl/trinity-christian-academy-deltona/girls-volleyball/","https://hsfootball.net/proxy.php?url=https%3A%2F%2Fimage.maxpreps.io%2Fschool-mascot%2Fe%2Fd%2F4%2Fed4ef351-9e26-4a85-af61-8918384cc4c7.gif%3Fversion%3D639083752474628580%26amp%3Bwidth%3D128%26amp%3Bheight%3D128%26amp%3Bauto%3Dwebp%26amp%3Bformat%3Dpjpg","https://hsfootball.net/proxy.php?url=https%3A%2F%2Fimage.maxpreps.io%2Fschool-mascot%2Fa%2F6%2F6%2Fa661a038-d616-4ddd-b978-3bf5b3b8c816.gif%3Fversion%3D635809286400000000%26amp%3Bwidth%3D128%26amp%3Bheight%3D128%26amp%3Bauto%3Dwebp%26amp%3Bformat%3Dpjpg","girl"
46,"South Sumter vs Umatilla",Girls Volleyball,"Florida",9/21/2026,6:30pm,"The South Sumter varsity volleyball team has an away conference match @  Umatilla (FL) on Monday, September 21 @ 6:30p.","/fl/volleyball/match/south-sumter-bushnell-vs-umatilla/9-21-2026/?c=8f8b24f0-af5d-4d6f-9099-43d16ad7d6dc","https://www.maxpreps.com/fl/volleyball/match/south-sumter-bushnell-vs-umatilla/9-21-2026/?c=8f8b24f0-af5d-4d6f-9099-43d16ad7d6dc","/volleyball/fl/d26?9/21/2026","South Sumter","Raiders","https://www.maxpreps.com/fl/south-sumter-bushnell/girls-volleyball/","https://www.maxpreps.com/fl/umatilla/girls-volleyball/","https://hsfootball.net/proxy.php?url=https%3A%2F%2Fimage.maxpreps.io%2Fschool-mascot%2Fb%2Ff%2F0%2Fbf0c8a29-c2a1-480d-8dd2-b54ce93226d8.gif%3Fversion%3D636861121800000000%26amp%3Bwidth%3D128%26amp%3Bheight%3D128%26amp%3Bauto%3Dwebp%26amp%3Bformat%3Dpjpg","https://hsfootball.net/proxy.php?url=https%3A%2F%2Fimage.maxpreps.io%2Fschool-mascot%2Fd%2F4%2F0%2Fd4082bb9-8118-451a-a5c3-5b33ed03f73f.gif%3Fversion%3D638777961375219420%26amp%3Bwidth%3D128%26amp%3Bheight%3D128%26amp%3Bauto%3Dwebp%26amp%3Bformat%3Dpjpg","girl"
47,"Bolles vs Wolfson",Girls Volleyball,"Florida",9/21/2026,6:30pm,"The Bolles varsity volleyball team has an away conference match @  Wolfson (Jacksonville, FL) on Monday, September 21 @ 6:30p.","/fl/volleyball/match/bolles-jacksonville-vs-wolfson-jacksonville/9-21-2026/?c=c217a451-7144-4cd0-b231-f6477626f631","https://www.maxpreps.com/fl/volleyball/match/bolles-jacksonville-vs-wolfson-jacksonville/9-21-2026/?c=c217a451-7144-4cd0-b231-f6477626f631","/volleyball/fl/1130?9/21/2026","Bolles","Bulldogs","https://www.maxpreps.com/fl/bolles-jacksonville/girls-volleyball/","https://www.maxpreps.com/fl/wolfson-jacksonville/girls-volleyball/","https://hsfootball.net/proxy.php?url=https%3A%2F%2Fimage.maxpreps.io%2Fschool-mascot%2Fb%2F4%2F9%2Fb4954c60-8a8d-4edd-9bfa-2f3079521b37.gif%3Fversion%3D639178764168732270%26amp%3Bwidth%3D128%26amp%3Bheight%3D128%26amp%3Bauto%3Dwebp%26amp%3Bformat%3Dpjpg","https://hsfootball.net/proxy.php?url=https%3A%2F%2Fimage.maxpreps.io%2Fschool-mascot%2Fe%2Fa%2F4%2Fea4c6a16-bbd5-4f75-9415-f80b5b1e534e.gif%3Fversion%3D637482334800000000%26amp%3Bwidth%3D128%26amp%3Bheight%3D128%26amp%3Bauto%3Dwebp%26amp%3Bformat%3Dpjpg","girl"
48,"Bronson vs Cedar Key",Girls Volleyball,"Florida",9/21/2026,6:30pm,"The Bronson varsity volleyball team has an away conference match @  Cedar Key (FL) on Monday, September 21 @ 6:30p.","/fl/volleyball/match/bronson-vs-cedar-key/9-21-2026/?c=47517505-4bda-418e-acdf-7d2af814cdfd","https://www.maxpreps.com/fl/volleyball/match/bronson-vs-cedar-key/9-21-2026/?c=47517505-4bda-418e-acdf-7d2af814cdfd","/volleyball/fl/7b9?9/21/2026","Bronson","Eagles","https://www.maxpreps.com/fl/bronson/girls-volleyball/","https://www.maxpreps.com/fl/cedar-key/girls-volleyball/","https://hsfootball.net/proxy.php?url=https%3A%2F%2Fimage.maxpreps.io%2Fschool-mascot%2Fc%2F4%2Fc%2Fc4cbe3f7-4876-4a45-a2ee-fce941675ccf.gif%3Fversion%3D637273772400000000%26amp%3Bwidth%3D128%26amp%3Bheight%3D128%26amp%3Bauto%3Dwebp%26amp%3Bformat%3Dpjpg","https://hsfootball.net/proxy.php?url=https%3A%2F%2Fimage.maxpreps.io%2Fschool-mascot%2Fb%2F1%2F2%2Fb120d51c-23c7-40a3-a197-0566766f6509.gif%3Fversion%3D636211116000000000%26amp%3Bwidth%3D128%26amp%3Bheight%3D128%26amp%3Bauto%3Dwebp%26amp%3Bformat%3Dpjpg","girl"
49,"Williston vs Bell",Girls Volleyball,"Florida",9/21/2026,6:30pm,"The Williston varsity volleyball team has an away non-conference match @  Bell (FL) on Monday, September 21 @ 6:30p.","/fl/volleyball/match/bell-vs-williston/9-21-2026/?c=ff8310a9-5e30-430d-8302-997d157adc7f","https://www.maxpreps.com/fl/volleyball/match/bell-vs-williston/9-21-2026/?c=ff8310a9-5e30-430d-8302-997d157adc7f","/volleyball/fl/6c7?9/21/2026","Williston","Mighty Red Devils","https://www.maxpreps.com/fl/bell/girls-volleyball/","https://www.maxpreps.com/fl/williston/girls-volleyball/","https://hsfootball.net/proxy.php?url=https%3A%2F%2Fimage.maxpreps.io%2Fschool-mascot%2Ff%2Fe%2F9%2Ffe96b36a-4538-4e64-91e1-f484311b7b59.gif%3Fversion%3D638145789000000000%26amp%3Bwidth%3D128%26amp%3Bheight%3D128%26amp%3Bauto%3Dwebp%26amp%3Bformat%3Dpjpg","https://hsfootball.net/proxy.php?url=https%3A%2F%2Fimage.maxpreps.io%2Fschool-mascot%2F6%2Ff%2F0%2F6f0b0a66-9d4b-4399-9f20-79185c04628b.gif%3Fversion%3D636700131600000000%26amp%3Bwidth%3D128%26amp%3Bheight%3D128%26amp%3Bauto%3Dwebp%26amp%3Bformat%3Dpjpg","girl"
50,"Pierce County vs Faith Baptist Christian Academy",Girls Volleyball,"Florida",9/21/2026,6:30pm,"The Pierce County varsity volleyball team has a neutral non-conference match vs.  Faith Baptist Christian Academy (Ludowici, GA) on Monday, September 21 @ 6:30p.","/ga/volleyball/match/faith-baptist-christian-academy-ludowici-vs-pierce-county-blackshear/9-21-2026/?c=86e5c496-16da-49f1-a197-da596ddc21ae","https://www.maxpreps.com/ga/volleyball/match/faith-baptist-christian-academy-ludowici-vs-pierce-county-blackshear/9-21-2026/?c=86e5c496-16da-49f1-a197-da596ddc21ae","/volleyball/fl/1a77?9/21/2026","Pierce County","Bears","https://www.maxpreps.com/fl/faith-baptist-christian-academy-ludowici/girls-volleyball/","https://www.maxpreps.com/fl/pierce-county-blackshear/girls-volleyball/","https://hsfootball.net/proxy.php?url=https%3A%2F%2Fimage.maxpreps.io%2Fschool-mascot%2F8%2Fb%2F9%2F8b910319-983c-45c3-84ca-23fa79f8adb6.gif%3Fversion%3D638757222079877820%26amp%3Bwidth%3D128%26amp%3Bheight%3D128%26amp%3Bauto%3Dwebp%26amp%3Bformat%3Dpjpg","https://hsfootball.net/proxy.php?url=https%3A%2F%2Fimage.maxpreps.io%2Fschool-mascot%2F0%2F1%2F6%2F016eb6df-bd41-41ed-8e13-72a248642c6e.gif%3Fversion%3D638681291387828310%26amp%3Bwidth%3D128%26amp%3Bheight%3D128%26amp%3Bauto%3Dwebp%26amp%3Bformat%3Dpjpg","girl"
51,"Sports Leadership &amp; Management vs Brooks DeBartolo Collegiate",Girls Volleyball,"Florida",9/21/2026,6:30pm,"The Sports Leadership &amp; Management varsity volleyball team has an away conference match @  Brooks DeBartolo Collegiate (Tampa, FL) on Monday, September 21 @ 6:30p.","/fl/volleyball/match/brooks-debartolo-collegiate-tampa-vs-sports-leadership-and-management-splash-tampa/9-21-2026/?c=321dcd65-203a-4573-9a8c-3c809a952ca5","https://www.maxpreps.com/fl/volleyball/match/brooks-debartolo-collegiate-tampa-vs-sports-leadership-and-management-splash-tampa/9-21-2026/?c=321dcd65-203a-4573-9a8c-3c809a952ca5","/volleyball/fl/1fdd?9/21/2026","Sports Leadership &amp; Management","Spartans","https://www.maxpreps.com/fl/brooks-debartolo-collegiate-tampa/girls-volleyball/","https://www.maxpreps.com/fl/sports-leadership-and-management-splash-tampa/girls-volleyball/","https://hsfootball.net/proxy.php?url=https%3A%2F%2Fimage.maxpreps.io%2Fschool-mascot%2F9%2F1%2Fa%2F91a2bccf-0dca-4dab-a21e-c483d8dac181.gif%3Fversion%3D637359486000000000%26amp%3Bwidth%3D128%26amp%3Bheight%3D128%26amp%3Bauto%3Dwebp%26amp%3Bformat%3Dpjpg","https://hsfootball.net/proxy.php?url=https%3A%2F%2Fimage.maxpreps.io%2Fschool-mascot%2F4%2F7%2F5%2F475c3fa6-5e3f-4268-a814-7b0cb7e1b539.gif%3Fversion%3D636367491600000000%26amp%3Bwidth%3D128%26amp%3Bheight%3D128%26amp%3Bauto%3Dwebp%26amp%3Bformat%3Dpjpg","girl"
52,"Avon Park vs Roosevelt Academy",Girls Volleyball,"Florida",9/21/2026,6:30pm,"The Avon Park varsity volleyball team has an away non-conference match @  Roosevelt Academy (Lake Wales, FL) on Monday, September 21 @ 6:30p.","/fl/volleyball/match/avon-park-vs-roosevelt-academy-lake-wales/9-21-2026/?c=c46a4a54-33cf-4838-9396-4342a126f9be","https://www.maxpreps.com/fl/volleyball/match/avon-park-vs-roosevelt-academy-lake-wales/9-21-2026/?c=c46a4a54-33cf-4838-9396-4342a126f9be","/volleyball/fl/fc9?9/21/2026","Avon Park","Red Devils","https://www.maxpreps.com/fl/avon-park/girls-volleyball/","https://www.maxpreps.com/fl/roosevelt-academy-lake-wales/girls-volleyball/","https://hsfootball.net/proxy.php?url=https%3A%2F%2Fimage.maxpreps.io%2Fschool-mascot%2F5%2F4%2F5%2F5451fc23-b899-4029-a5b2-ed855fe192ae.gif%3Fversion%3D636713054400000000%26amp%3Bwidth%3D128%26amp%3Bheight%3D128%26amp%3Bauto%3Dwebp%26amp%3Bformat%3Dpjpg","https://hsfootball.net/proxy.php?url=https%3A%2F%2Fimage.maxpreps.io%2Fschool-mascot%2F8%2Fe%2Fd%2F8edbe28d-16cc-40ee-ad61-2ed7ba6d5d0e.gif%3Fversion%3D637951242600000000%26amp%3Bwidth%3D128%26amp%3Bheight%3D128%26amp%3Bauto%3Dwebp%26amp%3Bformat%3Dpjpg","girl"
53,"Redeemer Christian vs Countryside Christian",Girls Volleyball,"Florida",9/21/2026,6:30pm,"The Redeemer Christian varsity volleyball team has an away non-conference match @  Countryside Christian (Gainesville, FL) on Monday, September 21 @ 6:30p.","/fl/volleyball/match/countryside-christian-gainesville-vs-redeemer-christian-ocala/9-21-2026/?c=81826664-0893-40c6-8d22-97b99a593c65","https://www.maxpreps.com/fl/volleyball/match/countryside-christian-gainesville-vs-redeemer-christian-ocala/9-21-2026/?c=81826664-0893-40c6-8d22-97b99a593c65","/volleyball/fl/1816?9/21/2026","Redeemer Christian","Lions","https://www.maxpreps.com/fl/countryside-christian-gainesville/girls-volleyball/","https://www.maxpreps.com/fl/redeemer-christian-ocala/girls-volleyball/","https://hsfootball.net/proxy.php?url=https%3A%2F%2Fimage.maxpreps.io%2Fschool-mascot%2F4%2F6%2F7%2F4672355d-4188-4764-b518-b4e1f7304fef.gif%3Fversion%3D636650815800000000%26amp%3Bwidth%3D128%26amp%3Bheight%3D128%26amp%3Bauto%3Dwebp%26amp%3Bformat%3Dpjpg","https://hsfootball.net/proxy.php?url=https%3A%2F%2Fimage.maxpreps.io%2Fschool-mascot%2Fe%2Fb%2Fe%2Febe82abe-f6d8-48e2-bac7-0b31975bcffe.gif%3Fversion%3D638524873552949700%26amp%3Bwidth%3D128%26amp%3Bheight%3D128%26amp%3Bauto%3Dwebp%26amp%3Bformat%3Dpjpg","girl"
54,"University Christian vs Global Outreach Charter Academy",Girls Volleyball,"Florida",9/21/2026,6:30pm,"The University Christian varsity volleyball team has an away non-conference match @  Global Outreach Charter Academy (Jacksonville, FL) on Monday, September 21 @ 6:30p.","/fl/volleyball/match/global-outreach-charter-academy-jacksonville-vs-university-christian-jacksonville/9-21-2026/?c=f06fc675-0c86-46c5-b403-9157bee11eae","https://www.maxpreps.com/fl/volleyball/match/global-outreach-charter-academy-jacksonville-vs-university-christian-jacksonville/9-21-2026/?c=f06fc675-0c86-46c5-b403-9157bee11eae","/volleyball/fl/200b?9/21/2026","University Christian","Fighting Christians","https://www.maxpreps.com/fl/global-outreach-charter-academy-jacksonville/girls-volleyball/","https://www.maxpreps.com/fl/university-christian-jacksonville/girls-volleyball/","https://hsfootball.net/proxy.php?url=https%3A%2F%2Fimage.maxpreps.io%2Fschool-mascot%2F0%2F4%2Fa%2F04abd841-9f0e-42dd-8c2f-dad18d4bfe0b.gif%3Fversion%3D635763143400000000%26amp%3Bwidth%3D128%26amp%3Bheight%3D128%26amp%3Bauto%3Dwebp%26amp%3Bformat%3Dpjpg","https://hsfootball.net/proxy.php?url=https%3A%2F%2Fimage.maxpreps.io%2Fschool-mascot%2Fd%2F8%2F1%2Fd81da03b-3bdb-413f-a2f4-47c908d845ac.gif%3Fversion%3D638815253442558480%26amp%3Bwidth%3D128%26amp%3Bheight%3D128%26amp%3Bauto%3Dwebp%26amp%3Bformat%3Dpjpg","girl"
55,"Taylor County vs Jefferson County",Girls Volleyball,"Florida",9/21/2026,6:30pm,"The Taylor County varsity volleyball team has an away conference match @  Jefferson County (Monticello, FL) on Monday, September 21 @ 6:30p.","/fl/volleyball/match/jefferson-county-monticello-vs-taylor-county-perry/9-21-2026/?c=b4fdfc9f-d223-46e0-9095-5c2a25530009","https://www.maxpreps.com/fl/volleyball/match/jefferson-county-monticello-vs-taylor-county-perry/9-21-2026/?c=b4fdfc9f-d223-46e0-9095-5c2a25530009","/volleyball/fl/1400?9/21/2026","Taylor County","Bulldogs","https://www.maxpreps.com/fl/jefferson-county-monticello/girls-volleyball/","https://www.maxpreps.com/fl/taylor-county-perry/girls-volleyball/","https://hsfootball.net/proxy.php?url=https%3A%2F%2Fimage.maxpreps.io%2Fschool-mascot%2Fa%2F3%2Fb%2Fa3bcab56-60b6-4911-ab43-364ffffc63f4.gif%3Fversion%3D639178764132594640%26amp%3Bwidth%3D128%26amp%3Bheight%3D128%26amp%3Bauto%3Dwebp%26amp%3Bformat%3Dpjpg","https://hsfootball.net/proxy.php?url=https%3A%2F%2Fimage.maxpreps.io%2Fschool-mascot%2F0%2F9%2F8%2F098e746c-5f61-452a-8530-db0353d31570.gif%3Fversion%3D639178764245397200%26amp%3Bwidth%3D128%26amp%3Bheight%3D128%26amp%3Bauto%3Dwebp%26amp%3Bformat%3Dpjpg","girl"
56,"Winter Haven Christian vs Candlelight Christian Academy",Girls Volleyball,"Florida",9/21/2026,6:30pm,"The Winter Haven Christian varsity volleyball team has an away conference match @  Candlelight Christian Academy (Lake Wales, FL) on Monday, September 21 @ 6:30p.","/fl/volleyball/match/candlelight-christian-academy-lake-wales-vs-winter-haven-christian/9-21-2026/?c=be9abfea-c051-4a76-8889-d9a4f8a4a4f7","https://www.maxpreps.com/fl/volleyball/match/candlelight-christian-academy-lake-wales-vs-winter-haven-christian/9-21-2026/?c=be9abfea-c051-4a76-8889-d9a4f8a4a4f7","/volleyball/fl/1992?9/21/2026","Winter Haven Christian","Warriors","https://www.maxpreps.com/fl/candlelight-christian-academy-lake-wales/girls-volleyball/","https://www.maxpreps.com/fl/winter-haven-christian/girls-volleyball/","https://hsfootball.net/proxy.php?url=https%3A%2F%2Fimage.maxpreps.io%2Fschool-mascot%2Fb%2F1%2Fd%2Fb1ddf518-cd6c-4332-a11f-4c854321d9d1.gif%3Fversion%3D636368330400000000%26amp%3Bwidth%3D128%26amp%3Bheight%3D128%26amp%3Bauto%3Dwebp%26amp%3Bformat%3Dpjpg","https://hsfootball.net/proxy.php?url=https%3A%2F%2Fimage.maxpreps.io%2Fschool-mascot%2F2%2F0%2F9%2F20979246-292a-4c62-8673-ed4386abbf13.gif%3Fversion%3D638598316130519190%26amp%3Bwidth%3D128%26amp%3Bheight%3D128%26amp%3Bauto%3Dwebp%26amp%3Bformat%3Dpjpg","girl"
57,"Faith Christian vs Central Pointe Christian Academy",Girls Volleyball,"Florida",9/21/2026,6:30pm,"The Faith Christian varsity volleyball team has an away non-conference match @  Central Pointe Christian Academy (Kissimmee, FL) on Monday, September 21 @ 6:30p.","/fl/volleyball/match/central-pointe-christian-academy-kissimmee-vs-faith-christian-orlando/9-21-2026/?c=dbad12c4-2442-4db3-8fe3-93891b7fa910","https://www.maxpreps.com/fl/volleyball/match/central-pointe-christian-academy-kissimmee-vs-faith-christian-orlando/9-21-2026/?c=dbad12c4-2442-4db3-8fe3-93891b7fa910","/volleyball/fl/1ae9?9/21/2026","Faith Christian","Lions","https://www.maxpreps.com/fl/central-pointe-christian-academy-kissimmee/girls-volleyball/","https://www.maxpreps.com/fl/faith-christian-orlando/girls-volleyball/","https://hsfootball.net/proxy.php?url=https%3A%2F%2Fimage.maxpreps.io%2Fschool-mascot%2Fb%2Ff%2Fe%2Fbfe610c8-9a47-4981-943c-51bdd61b1a24.gif%3Fversion%3D638551075445253930%26amp%3Bwidth%3D128%26amp%3Bheight%3D128%26amp%3Bauto%3Dwebp%26amp%3Bformat%3Dpjpg","https://hsfootball.net/proxy.php?url=https%3A%2F%2Fimage.maxpreps.io%2Fschool-mascot%2F1%2F6%2F6%2F166ac21b-328a-400f-be1a-060504f3e4ec.gif%3Fversion%3D638156775000000000%26amp%3Bwidth%3D128%26amp%3Bheight%3D128%26amp%3Bauto%3Dwebp%26amp%3Bformat%3Dpjpg","girl"
58,"Newberry vs Interlachen",Girls Volleyball,"Florida",9/21/2026,6:30pm,"The Newberry varsity volleyball team has an away non-conference match @  Interlachen (FL) on Monday, September 21 @ 6:30p.","/fl/volleyball/match/interlachen-vs-newberry/9-21-2026/?c=2bd71ca5-4c0b-4516-8da0-f10266b91fe1","https://www.maxpreps.com/fl/volleyball/match/interlachen-vs-newberry/9-21-2026/?c=2bd71ca5-4c0b-4516-8da0-f10266b91fe1","/volleyball/fl/93e?9/21/2026","Newberry","Panthers","https://www.maxpreps.com/fl/interlachen/girls-volleyball/","https://www.maxpreps.com/fl/newberry/girls-volleyball/","https://hsfootball.net/proxy.php?url=https%3A%2F%2Fimage.maxpreps.io%2Fschool-mascot%2F1%2Fe%2F4%2F1e437754-b245-4ccb-96e2-031956f2d3f7.gif%3Fversion%3D638641443888929160%26amp%3Bwidth%3D128%26amp%3Bheight%3D128%26amp%3Bauto%3Dwebp%26amp%3Bformat%3Dpjpg","https://hsfootball.net/proxy.php?url=https%3A%2F%2Fimage.maxpreps.io%2Fschool-mascot%2Fe%2F2%2Ff%2Fe2faee98-6612-4b9d-9e06-74206c07f51f.gif%3Fversion%3D638042684400000000%26amp%3Bwidth%3D128%26amp%3Bheight%3D128%26amp%3Bauto%3Dwebp%26amp%3Bformat%3Dpjpg","girl"
59,"Branford vs Union County",Girls Volleyball,"Florida",9/21/2026,6:30pm,"The Branford varsity volleyball team has an away conference match @  Union County (Lake Butler, FL) on Monday, September 21 @ 6:30p.","/fl/volleyball/match/branford-vs-union-county-lake-butler/9-21-2026/?c=b3d3da5d-1928-442b-b7cd-981355325972","https://www.maxpreps.com/fl/volleyball/match/branford-vs-union-county-lake-butler/9-21-2026/?c=b3d3da5d-1928-442b-b7cd-981355325972","/volleyball/fl/e0e?9/21/2026","Branford","Buccaneers","https://www.maxpreps.com/fl/branford/girls-volleyball/","https://www.maxpreps.com/fl/union-county-lake-butler/girls-volleyball/","https://hsfootball.net/proxy.php?url=https%3A%2F%2Fimage.maxpreps.io%2Fschool-mascot%2F1%2Fb%2F6%2F1b6e72b2-3b21-4a74-bead-e7db567d1d6e.gif%3Fversion%3D635604583800000000%26amp%3Bwidth%3D128%26amp%3Bheight%3D128%26amp%3Bauto%3Dwebp%26amp%3Bformat%3Dpjpg","https://hsfootball.net/proxy.php?url=https%3A%2F%2Fimage.maxpreps.io%2Fschool-mascot%2Fa%2Fa%2F8%2Faa83b27e-9ec3-4681-9cf2-98b6a518795c.gif%3Fversion%3D635276934600000000%26amp%3Bwidth%3D128%26amp%3Bheight%3D128%26amp%3Bauto%3Dwebp%26amp%3Bformat%3Dpjpg","girl"
60,"Melbourne Central Catholic vs Holy Trinity Episcopal Academy",Girls Volleyball,"Florida",9/21/2026,6:30pm,"The Melbourne Central Catholic varsity volleyball team has an away conference match @  Holy Trinity Episcopal Academy (Melbourne, FL) on Monday, September 21 @ 6:30p.","/fl/volleyball/match/holy-trinity-episcopal-academy-melbourne-vs-melbourne-central-catholic/9-21-2026/?c=339fd9a0-5264-432a-9364-e40fc8c4a49b","https://www.maxpreps.com/fl/volleyball/match/holy-trinity-episcopal-academy-melbourne-vs-melbourne-central-catholic/9-21-2026/?c=339fd9a0-5264-432a-9364-e40fc8c4a49b","/volleyball/fl/1b76?9/21/2026","Melbourne Central Catholic","Hustlers","https://www.maxpreps.com/fl/holy-trinity-episcopal-academy-melbourne/girls-volleyball/","https://www.maxpreps.com/fl/melbourne-central-catholic/girls-volleyball/","https://hsfootball.net/proxy.php?url=https%3A%2F%2Fimage.maxpreps.io%2Fschool-mascot%2F2%2F3%2Fc%2F23ca64ff-57b9-4835-8671-96b63b17d958.gif%3Fversion%3D636523837800000000%26amp%3Bwidth%3D128%26amp%3Bheight%3D128%26amp%3Bauto%3Dwebp%26amp%3Bformat%3Dpjpg","https://hsfootball.net/proxy.php?url=https%3A%2F%2Fimage.maxpreps.io%2Fschool-mascot%2F1%2F4%2F9%2F1495a68b-a52a-4e00-96e0-96cda4493a76.gif%3Fversion%3D635260676400000000%26amp%3Bwidth%3D128%26amp%3Bheight%3D128%26amp%3Bauto%3Dwebp%26amp%3Bformat%3Dpjpg","girl"
61,"Corinth Christian Academy vs Gainesville Christian Community",Girls Volleyball,"Florida",9/21/2026,6:30pm,"The Corinth Christian Academy varsity volleyball team has an away conference match @  Gainesville Christian Community (Gainesville, FL) on Monday, September 21 @ 6:30p.","/fl/volleyball/match/corinth-christian-academy-jasper-vs-gainesville-christian-community/9-21-2026/?c=dbf6cf25-fcec-44b0-924c-ad0fd6d3e3cc","https://www.maxpreps.com/fl/volleyball/match/corinth-christian-academy-jasper-vs-gainesville-christian-community/9-21-2026/?c=dbf6cf25-fcec-44b0-924c-ad0fd6d3e3cc","/volleyball/fl/1a76?9/21/2026","Corinth Christian Academy","Warriors","https://www.maxpreps.com/fl/corinth-christian-academy-jasper/girls-volleyball/","https://www.maxpreps.com/fl/gainesville-christian-community/girls-volleyball/","https://hsfootball.net/proxy.php?url=https%3A%2F%2Fimage.maxpreps.io%2Fschool-mascot%2F3%2F2%2Fa%2F32a16995-1a80-487c-aa86-bbcff817a4e3.gif%3Fversion%3D638779778847363790%26amp%3Bwidth%3D128%26amp%3Bheight%3D128%26amp%3Bauto%3Dwebp%26amp%3Bformat%3Dpjpg","https://hsfootball.net/proxy.php?url=https%3A%2F%2Fimage.maxpreps.io%2Fschool-mascot%2F2%2F3%2Fb%2F23b22289-4a77-4f57-8eb4-1ef35611987f.gif%3Fversion%3D638974379432883750%26amp%3Bwidth%3D128%26amp%3Bheight%3D128%26amp%3Bauto%3Dwebp%26amp%3Bformat%3Dpjpg","girl"
62,"Riverside vs Ribault",Girls Volleyball,"Florida",9/21/2026,6:30pm,"The Riverside varsity volleyball team has an away conference match @  Ribault (Jacksonville, FL) on Monday, September 21 @ 6:30p.","/fl/volleyball/match/ribault-jacksonville-vs-riverside-jacksonville/9-21-2026/?c=559bb160-2a1b-46a0-b1e6-3faf922197e0","https://www.maxpreps.com/fl/volleyball/match/ribault-jacksonville-vs-riverside-jacksonville/9-21-2026/?c=559bb160-2a1b-46a0-b1e6-3faf922197e0","/volleyball/fl/1267?9/21/2026","Riverside","Generals","https://www.maxpreps.com/fl/ribault-jacksonville/girls-volleyball/","https://www.maxpreps.com/fl/riverside-jacksonville/girls-volleyball/","https://hsfootball.net/proxy.php?url=https%3A%2F%2Fimage.maxpreps.io%2Fschool-mascot%2Fb%2Fd%2F0%2Fbd003be2-26d1-4f48-a126-8a581e329184.gif%3Fversion%3D637644297000000000%26amp%3Bwidth%3D128%26amp%3Bheight%3D128%26amp%3Bauto%3Dwebp%26amp%3Bformat%3Dpjpg","https://hsfootball.net/proxy.php?url=https%3A%2F%2Fimage.maxpreps.io%2Fschool-mascot%2Fb%2F4%2Fd%2Fb4d7ef3c-c462-4b93-90ba-afe0cce8e9b2.gif%3Fversion%3D637259977800000000%26amp%3Bwidth%3D128%26amp%3Bheight%3D128%26amp%3Bauto%3Dwebp%26amp%3Bformat%3Dpjpg","girl"
63,"Riverbend Academy vs Mainland",Girls Volleyball,"Florida",9/21/2026,6:31pm,"The Riverbend Academy varsity volleyball team has an away non-conference match @  Mainland (Daytona Beach, FL) on Monday, September 21 @ 6:31p.","/fl/volleyball/match/mainland-daytona-beach-vs-riverbend-academy-ormond-beach/9-21-2026/?c=21ef14d6-701f-4a5a-86ad-584e75d9708c","https://www.maxpreps.com/fl/volleyball/match/mainland-daytona-beach-vs-riverbend-academy-ormond-beach/9-21-2026/?c=21ef14d6-701f-4a5a-86ad-584e75d9708c","/volleyball/fl/1562?9/21/2026","Riverbend Academy","Warriors","https://www.maxpreps.com/fl/mainland-daytona-beach/girls-volleyball/","https://www.maxpreps.com/fl/riverbend-academy-ormond-beach/girls-volleyball/","https://hsfootball.net/proxy.php?url=https%3A%2F%2Fimage.maxpreps.io%2Fschool-mascot%2F3%2F2%2Fc%2F32ca7465-3c0d-40c5-92e6-67fe6f2fcd03.gif%3Fversion%3D636772509000000000%26amp%3Bwidth%3D128%26amp%3Bheight%3D128%26amp%3Bauto%3Dwebp%26amp%3Bformat%3Dpjpg","https://hsfootball.net/proxy.php?url=https%3A%2F%2Fimage.maxpreps.io%2Fschool-mascot%2F3%2F2%2Fc%2F32ca7465-3c0d-40c5-92e6-67fe6f2fcd03.gif%3Fversion%3D636772509000000000%26amp%3Bwidth%3D32%26amp%3Bheight%3D32%26amp%3Bauto%3Dwebp%26amp%3Bformat%3Dpjpg","girl"
64,"Nease vs Orange Park",Girls Volleyball,"Florida",9/21/2026,7:00pm,"The Nease varsity volleyball team has an away non-conference match @  Orange Park (FL) on Monday, September 21 @ 7p.","/fl/volleyball/match/nease-golden-panthers-ponte-vedra-vs-orange-park/9-21-2026/?c=7d98b121-e286-4496-b570-1d1385cf9086","https://www.maxpreps.com/fl/volleyball/match/nease-golden-panthers-ponte-vedra-vs-orange-park/9-21-2026/?c=7d98b121-e286-4496-b570-1d1385cf9086","/volleyball/fl/1270?9/21/2026","Nease","Panthers","https://www.maxpreps.com/fl/nease-golden-panthers-ponte-vedra/girls-volleyball/","https://www.maxpreps.com/fl/orange-park/girls-volleyball/","https://hsfootball.net/proxy.php?url=https%3A%2F%2Fimage.maxpreps.io%2Fschool-mascot%2F8%2Fd%2F0%2F8d072dc8-fa1e-4aba-92bc-2e83f83a0c89.gif%3Fversion%3D637017972000000000%26amp%3Bwidth%3D128%26amp%3Bheight%3D128%26amp%3Bauto%3Dwebp%26amp%3Bformat%3Dpjpg","https://hsfootball.net/proxy.php?url=https%3A%2F%2Fimage.maxpreps.io%2Fschool-mascot%2F8%2Fe%2F4%2F8e448334-3ea1-4fd3-b1f1-67e6083faa9d.gif%3Fversion%3D636802753200000000%26amp%3Bwidth%3D128%26amp%3Bheight%3D128%26amp%3Bauto%3Dwebp%26amp%3Bformat%3Dpjpg","girl"
65,"Eustis vs Mount Dora Christian Academy",Girls Volleyball,"Florida",9/21/2026,7:00pm,"The Eustis varsity volleyball team has an away non-conference match @  Mount Dora Christian Academy (Mount Dora, FL) on Monday, September 21 @ 7p.","/fl/volleyball/match/eustis-vs-mount-dora-christian-academy/9-21-2026/?c=63840903-1295-4aaa-aaa4-582593e2fa07","https://www.maxpreps.com/fl/volleyball/match/eustis-vs-mount-dora-christian-academy/9-21-2026/?c=63840903-1295-4aaa-aaa4-582593e2fa07","/volleyball/fl/ed9?9/21/2026","Eustis","Panthers","https://www.maxpreps.com/fl/eustis/girls-volleyball/","https://www.maxpreps.com/fl/mount-dora-christian-academy/girls-volleyball/","https://hsfootball.net/proxy.php?url=https%3A%2F%2Fimage.maxpreps.io%2Fschool-mascot%2Fc%2Fb%2F0%2Fcb07b98d-d8be-4b67-9410-258294767fb8.gif%3Fversion%3D638358448800000000%26amp%3Bwidth%3D128%26amp%3Bheight%3D128%26amp%3Bauto%3Dwebp%26amp%3Bformat%3Dpjpg","https://hsfootball.net/proxy.php?url=https%3A%2F%2Fimage.maxpreps.io%2Fschool-mascot%2Fa%2F3%2F7%2Fa37c73b2-4e94-4182-a84e-e26334b02bd3.gif%3Fversion%3D636094428000000000%26amp%3Bwidth%3D128%26amp%3Bheight%3D128%26amp%3Bauto%3Dwebp%26amp%3Bformat%3Dpjpg","girl"
66,"All Saints&#x27; Academy vs Lakeland Christian",Girls Volleyball,"Florida",9/21/2026,7:00pm,"The All Saints&#x27; Academy varsity volleyball team has an away non-conference match @  Lakeland Christian (Lakeland, FL) on Monday, September 21 @ 7p.","/fl/volleyball/match/all-saints-academy-winter-haven-vs-lakeland-christian/9-21-2026/?c=541c71bd-635b-4982-9cc8-f90569e6e95e","https://www.maxpreps.com/fl/volleyball/match/all-saints-academy-winter-haven-vs-lakeland-christian/9-21-2026/?c=541c71bd-635b-4982-9cc8-f90569e6e95e","/volleyball/fl/146f?9/21/2026","All Saints&#x27; Academy","Saints","https://www.maxpreps.com/fl/all-saints-academy-winter-haven/girls-volleyball/","https://www.maxpreps.com/fl/lakeland-christian/girls-volleyball/","https://hsfootball.net/proxy.php?url=https%3A%2F%2Fimage.maxpreps.io%2Fschool-mascot%2Fa%2Fd%2F8%2Fad830181-357c-4d16-bf3d-00179ea6e17d.gif%3Fversion%3D637745421600000000%26amp%3Bwidth%3D128%26amp%3Bheight%3D128%26amp%3Bauto%3Dwebp%26amp%3Bformat%3Dpjpg","https://hsfootball.net/proxy.php?url=https%3A%2F%2Fimage.maxpreps.io%2Fschool-mascot%2F0%2Fe%2F9%2F0e92b6e2-2fd4-485a-9207-237de4546bfd.gif%3Fversion%3D637117182000000000%26amp%3Bwidth%3D128%26amp%3Bheight%3D128%26amp%3Bauto%3Dwebp%26amp%3Bformat%3Dpjpg","girl"
67,"IMG Academy Black vs Evangelical Christian",Girls Volleyball,"Florida",9/21/2026,7:00pm,"The IMG Academy Black varsity volleyball team has an away non-conference match @  Evangelical Christian (Fort Myers, FL) on Monday, September 21 @ 7p.","/fl/volleyball/match/evangelical-christian-fort-myers-vs-img-academy-black-bradenton/9-21-2026/?c=e96d8341-cc11-4280-823b-4ac9cc0b86cf","https://www.maxpreps.com/fl/volleyball/match/evangelical-christian-fort-myers-vs-img-academy-black-bradenton/9-21-2026/?c=e96d8341-cc11-4280-823b-4ac9cc0b86cf","/volleyball/fl/1847?9/21/2026","IMG Academy Black","Ascenders","https://www.maxpreps.com/fl/evangelical-christian-fort-myers/girls-volleyball/","https://www.maxpreps.com/fl/img-academy-black-bradenton/girls-volleyball/","https://hsfootball.net/proxy.php?url=https%3A%2F%2Fimage.maxpreps.io%2Fschool-mascot%2F0%2F5%2Fc%2F05ccfd9c-43fc-4281-a5d3-cd210934037a.gif%3Fversion%3D639050157693238920%26amp%3Bwidth%3D128%26amp%3Bheight%3D128%26amp%3Bauto%3Dwebp%26amp%3Bformat%3Dpjpg","https://hsfootball.net/proxy.php?url=https%3A%2F%2Fimage.maxpreps.io%2Fschool-mascot%2F3%2Fa%2F0%2F3a064769-e112-49db-8f93-e9a581739734.gif%3Fversion%3D637024104600000000%26amp%3Bwidth%3D128%26amp%3Bheight%3D128%26amp%3Bauto%3Dwebp%26amp%3Bformat%3Dpjpg","girl"
68,"Eagle&#x27;s View vs Parsons Christian Academy",Girls Volleyball,"Florida",9/21/2026,7:00pm,"The Eagle&#x27;s View varsity volleyball team has an away non-conference match @  Parsons Christian Academy (Jacksonville, FL) on Monday, September 21 @ 7p.","/fl/volleyball/match/eagles-view-jacksonville-vs-parsons-christian-academy-jacksonville/9-21-2026/?c=35842618-c5e6-4c92-9709-74ef702b0d53","https://www.maxpreps.com/fl/volleyball/match/eagles-view-jacksonville-vs-parsons-christian-academy-jacksonville/9-21-2026/?c=35842618-c5e6-4c92-9709-74ef702b0d53","/volleyball/fl/19f9?9/21/2026","Eagle&#x27;s View","Warriors","https://www.maxpreps.com/fl/eagles-view-jacksonville/girls-volleyball/","https://www.maxpreps.com/fl/parsons-christian-academy-jacksonville/girls-volleyball/","https://hsfootball.net/proxy.php?url=https%3A%2F%2Fimage.maxpreps.io%2Fschool-mascot%2F1%2Fd%2F5%2F1d5aa3f3-d0d5-49a4-bcc8-d1a9d4d777a3.gif%3Fversion%3D634835748600000000%26amp%3Bwidth%3D128%26amp%3Bheight%3D128%26amp%3Bauto%3Dwebp%26amp%3Bformat%3Dpjpg","https://hsfootball.net/proxy.php?url=https%3A%2F%2Fimage.maxpreps.io%2Fschool-mascot%2Fc%2Fd%2F7%2Fcd719fa9-74a7-4660-b67d-025858fb8200.gif%3Fversion%3D636211116000000000%26amp%3Bwidth%3D128%26amp%3Bheight%3D128%26amp%3Bauto%3Dwebp%26amp%3Bformat%3Dpjpg","girl"
69,"St. Johns Classical Academy vs River City Science Academy",Girls Volleyball,"Florida",9/21/2026,7:00pm,"The St. Johns Classical Academy varsity volleyball team has an away conference match @  River City Science Academy (Jacksonville, FL) on Monday, September 21 @ 7p.","/fl/volleyball/match/river-city-science-academy-jacksonville-vs-st-johns-classical-academy-fleming-island/9-21-2026/?c=25ada8ad-d930-4a14-ba42-9f0c9df9ff8d","https://www.maxpreps.com/fl/volleyball/match/river-city-science-academy-jacksonville-vs-st-johns-classical-academy-fleming-island/9-21-2026/?c=25ada8ad-d930-4a14-ba42-9f0c9df9ff8d","/volleyball/fl/2055?9/21/2026","St. Johns Classical Academy","Lions","https://www.maxpreps.com/fl/river-city-science-academy-jacksonville/girls-volleyball/","https://www.maxpreps.com/fl/st-johns-classical-academy-fleming-island/girls-volleyball/","https://hsfootball.net/proxy.php?url=https%3A%2F%2Fimage.maxpreps.io%2Fschool-mascot%2F9%2F8%2F3%2F9837b09f-d02a-46ac-b5e4-ee2f0d10f584.gif%3Fversion%3D637951246200000000%26amp%3Bwidth%3D128%26amp%3Bheight%3D128%26amp%3Bauto%3Dwebp%26amp%3Bformat%3Dpjpg","https://hsfootball.net/proxy.php?url=https%3A%2F%2Fimage.maxpreps.io%2Fschool-mascot%2Fe%2F0%2F8%2Fe080777f-ae29-4f50-82e1-b34ab78609d4.gif%3Fversion%3D636693970200000000%26amp%3Bwidth%3D128%26amp%3Bheight%3D128%26amp%3Bauto%3Dwebp%26amp%3Bformat%3Dpjpg","girl"
70,"Archimedean vs Westwood Christian",Girls Volleyball,"Florida",9/21/2026,7:00pm,"The Archimedean varsity volleyball team has an away non-conference match @  Westwood Christian (Miami, FL) on Monday, September 21 @ 7p.","/fl/volleyball/match/archimedean-miami-vs-westwood-christian-miami/9-21-2026/?c=3cc1d8c5-263d-4693-993f-8b36fa0d63b3","https://www.maxpreps.com/fl/volleyball/match/archimedean-miami-vs-westwood-christian-miami/9-21-2026/?c=3cc1d8c5-263d-4693-993f-8b36fa0d63b3","/volleyball/fl/1196?9/21/2026","Archimedean","Westwood Christian","https://www.maxpreps.com/fl/archimedean-miami/girls-volleyball/","https://www.maxpreps.com/fl/westwood-christian-miami/girls-volleyball/","https://hsfootball.net/proxy.php?url=https%3A%2F%2Fimage.maxpreps.io%2Fschool-mascot%2Fa%2F3%2F0%2Fa30e5c57-4683-4483-8f7a-b8c1452a5e5e.gif%3Fversion%3D635832769800000000%26amp%3Bwidth%3D128%26amp%3Bheight%3D128%26amp%3Bauto%3Dwebp%26amp%3Bformat%3Dpjpg","https://hsfootball.net/proxy.php?url=https%3A%2F%2Fimage.maxpreps.io%2Fschool-mascot%2F7%2F4%2F8%2F748bbc38-0964-413b-9f03-89349c16d8b8.gif%3Fversion%3D638954220268466280%26amp%3Bwidth%3D128%26amp%3Bheight%3D128%26amp%3Bauto%3Dwebp%26amp%3Bformat%3Dpjpg","girl"
71,"Tocoi Creek vs Bishop Snyder",Girls Volleyball,"Florida",9/21/2026,7:00pm,"The Tocoi Creek varsity volleyball team has an away non-conference match @  Bishop Snyder (Jacksonville, FL) on Monday, September 21 @ 7p.","/fl/volleyball/match/bishop-snyder-jacksonville-vs-tocoi-creek-st-augustine/9-21-2026/?c=f81917a0-bbdf-49fa-b7f7-b5ed47438465","https://www.maxpreps.com/fl/volleyball/match/bishop-snyder-jacksonville-vs-tocoi-creek-st-augustine/9-21-2026/?c=f81917a0-bbdf-49fa-b7f7-b5ed47438465","/volleyball/fl/1527?9/21/2026","Tocoi Creek","Toros","https://www.maxpreps.com/fl/bishop-snyder-jacksonville/girls-volleyball/","https://www.maxpreps.com/fl/tocoi-creek-st-augustine/girls-volleyball/","https://hsfootball.net/proxy.php?url=https%3A%2F%2Fimage.maxpreps.io%2Fschool-mascot%2F3%2F9%2F1%2F39187412-7115-4b7b-bae6-8070a86c3d92.gif%3Fversion%3D637650486000000000%26amp%3Bwidth%3D128%26amp%3Bheight%3D128%26amp%3Bauto%3Dwebp%26amp%3Bformat%3Dpjpg","https://hsfootball.net/proxy.php?url=https%3A%2F%2Fimage.maxpreps.io%2Fschool-mascot%2F6%2F3%2Fb%2F63bfd3eb-1d4a-421d-800e-729fdffe6487.gif%3Fversion%3D639180967271138540%26amp%3Bwidth%3D128%26amp%3Bheight%3D128%26amp%3Bauto%3Dwebp%26amp%3Bformat%3Dpjpg","girl"
72,"Trinity Christian Academy vs Christ&#x27;s Church Academy",Girls Volleyball,"Florida",9/21/2026,7:00pm,"The Trinity Christian Academy varsity volleyball team has an away non-conference match @  Christ&#x27;s Church Academy (Jacksonville, FL) on Monday, September 21 @ 7p.","/fl/volleyball/match/christs-church-academy-jacksonville-vs-trinity-christian-academy-jacksonville/9-21-2026/?c=8212dc9f-74d5-4bf5-9e4d-5dcf2f87a96f","https://www.maxpreps.com/fl/volleyball/match/christs-church-academy-jacksonville-vs-trinity-christian-academy-jacksonville/9-21-2026/?c=8212dc9f-74d5-4bf5-9e4d-5dcf2f87a96f","/volleyball/fl/1e58?9/21/2026","Trinity Christian Academy","Conquerors","https://www.maxpreps.com/fl/christs-church-academy-jacksonville/girls-volleyball/","https://www.maxpreps.com/fl/trinity-christian-academy-jacksonville/girls-volleyball/","https://hsfootball.net/proxy.php?url=https%3A%2F%2Fimage.maxpreps.io%2Fschool-mascot%2F8%2Fc%2Fd%2F8cd736bc-e2f1-467d-9779-428b31e8445b.gif%3Fversion%3D637162185600000000%26amp%3Bwidth%3D128%26amp%3Bheight%3D128%26amp%3Bauto%3Dwebp%26amp%3Bformat%3Dpjpg","https://hsfootball.net/proxy.php?url=https%3A%2F%2Fimage.maxpreps.io%2Fschool-mascot%2F4%2F0%2F8%2F408d2ec8-08d4-4fc0-bb84-57fec7e9bab6.gif%3Fversion%3D636213667800000000%26amp%3Bwidth%3D128%26amp%3Bheight%3D128%26amp%3Bauto%3Dwebp%26amp%3Bformat%3Dpjpg","girl"
73,"Baldwin vs Keystone Heights",Girls Volleyball,"Florida",9/21/2026,7:00pm,"The Baldwin varsity volleyball team has an away non-conference match @  Keystone Heights (FL) on Monday, September 21 @ 7p.","/fl/volleyball/match/baldwin-vs-keystone-heights/9-21-2026/?c=db1daeb7-1bc4-48f7-8798-a51ceab4b238","https://www.maxpreps.com/fl/volleyball/match/baldwin-vs-keystone-heights/9-21-2026/?c=db1daeb7-1bc4-48f7-8798-a51ceab4b238","/volleyball/fl/aaf?9/21/2026","Baldwin","Indians","https://www.maxpreps.com/fl/baldwin/girls-volleyball/","https://www.maxpreps.com/fl/keystone-heights/girls-volleyball/","https://hsfootball.net/proxy.php?url=https%3A%2F%2Fimage.maxpreps.io%2Fschool-mascot%2F8%2Fd%2Fb%2F8dbf894f-a6d9-4244-8aea-32616d48905b.gif%3Fversion%3D636221652000000000%26amp%3Bwidth%3D128%26amp%3Bheight%3D128%26amp%3Bauto%3Dwebp%26amp%3Bformat%3Dpjpg","https://hsfootball.net/proxy.php?url=https%3A%2F%2Fimage.maxpreps.io%2Fschool-mascot%2F4%2F0%2Fb%2F40bb734b-5136-4665-8666-28df49d14985.gif%3Fversion%3D634189357200000000%26amp%3Bwidth%3D128%26amp%3Bheight%3D128%26amp%3Bauto%3Dwebp%26amp%3Bformat%3Dpjpg","girl"
74,"Hilliard vs Baker County",Girls Volleyball,"Florida",9/21/2026,7:00pm,"The Hilliard varsity volleyball team has an away non-conference match @  Baker County (Glen St. Mary, FL) on Monday, September 21 @ 7p.","/fl/volleyball/match/baker-county-glen-st-mary-vs-hilliard/9-21-2026/?c=bc12e9fe-489f-48df-a291-014b228d8f60","https://www.maxpreps.com/fl/volleyball/match/baker-county-glen-st-mary-vs-hilliard/9-21-2026/?c=bc12e9fe-489f-48df-a291-014b228d8f60","/volleyball/fl/e2d?9/21/2026","Hilliard","Flashes","https://www.maxpreps.com/fl/baker-county-glen-st-mary/girls-volleyball/","https://www.maxpreps.com/fl/hilliard/girls-volleyball/","https://hsfootball.net/proxy.php?url=https%3A%2F%2Fimage.maxpreps.io%2Fschool-mascot%2F6%2F9%2Fd%2F69d56a10-d734-45e8-a61a-8ea21a5a195f.gif%3Fversion%3D639178400967654690%26amp%3Bwidth%3D128%26amp%3Bheight%3D128%26amp%3Bauto%3Dwebp%26amp%3Bformat%3Dpjpg","https://hsfootball.net/proxy.php?url=https%3A%2F%2Fimage.maxpreps.io%2Fschool-mascot%2Fc%2Fd%2F5%2Fcd56ade4-22e0-4273-aaf8-65f2ae640f32.gif%3Fversion%3D639109000858406010%26amp%3Bwidth%3D128%26amp%3Bheight%3D128%26amp%3Bauto%3Dwebp%26amp%3Bformat%3Dpjpg","girl"
75,"Brevard Christian vs Odyssey Charter School",Girls Volleyball,"Florida",9/21/2026,7:00pm,"The Brevard Christian varsity volleyball team has an away non-conference match @  Odyssey Charter School (Palm Bay, FL) on Monday, September 21 @ 7p.","/fl/volleyball/match/brevard-christian-west-melbourne-vs-odyssey-charter-school-palm-bay/9-21-2026/?c=c9bfb530-041b-49a1-8612-45ea27822a19","https://www.maxpreps.com/fl/volleyball/match/brevard-christian-west-melbourne-vs-odyssey-charter-school-palm-bay/9-21-2026/?c=c9bfb530-041b-49a1-8612-45ea27822a19","/volleyball/fl/1a1c?9/21/2026","Brevard Christian","War Eagles","https://www.maxpreps.com/fl/brevard-christian-west-melbourne/girls-volleyball/","https://www.maxpreps.com/fl/odyssey-charter-school-palm-bay/girls-volleyball/","https://hsfootball.net/proxy.php?url=https%3A%2F%2Fimage.maxpreps.io%2Fschool-mascot%2F6%2F7%2Ff%2F67f22862-9bd7-4cbb-9a42-ff84c106c7e7.gif%3Fversion%3D638850544786349030%26amp%3Bwidth%3D128%26amp%3Bheight%3D128%26amp%3Bauto%3Dwebp%26amp%3Bformat%3Dpjpg","https://hsfootball.net/proxy.php?url=https%3A%2F%2Fimage.maxpreps.io%2Fschool-mascot%2F7%2Fc%2Fa%2F7ca04a96-ac88-4b4e-970f-582eba1ea10c.gif%3Fversion%3D637777368600000000%26amp%3Bwidth%3D128%26amp%3Bheight%3D128%26amp%3Bauto%3Dwebp%26amp%3Bformat%3Dpjpg","girl"
76,"Pineapple Cove Classical Academy West Melbourne vs Calvary Chapel Academy",Girls Volleyball,"Florida",9/21/2026,7:00pm,"The Pineapple Cove Classical Academy West Melbourne varsity volleyball team has an away conference match @  Calvary Chapel Academy (West Melbourne, FL) on Monday, September 21 @ 7p.","/fl/volleyball/match/calvary-chapel-academy-west-melbourne-vs-pineapple-cove-classical-academy-west-melbourne-lions/9-21-2026/?c=426c1cef-7069-48d1-9971-d23758ec6d49","https://www.maxpreps.com/fl/volleyball/match/calvary-chapel-academy-west-melbourne-vs-pineapple-cove-classical-academy-west-melbourne-lions/9-21-2026/?c=426c1cef-7069-48d1-9971-d23758ec6d49","/volleyball/fl/2463?9/21/2026","Pineapple Cove Classical Academy West Melbourne","Pioneers","https://www.maxpreps.com/fl/calvary-chapel-academy-west-melbourne/girls-volleyball/","https://www.maxpreps.com/fl/pineapple-cove-classical-academy-west-melbourne-lions/girls-volleyball/","https://hsfootball.net/proxy.php?url=https%3A%2F%2Fimage.maxpreps.io%2Fschool-mascot%2F3%2Fa%2F4%2F3a4af6a5-b99e-4687-beed-e3fc327ca7ea.gif%3Fversion%3D639225568633088390%26amp%3Bwidth%3D128%26amp%3Bheight%3D128%26amp%3Bauto%3Dwebp%26amp%3Bformat%3Dpjpg","https://hsfootball.net/proxy.php?url=https%3A%2F%2Fimage.maxpreps.io%2Fschool-mascot%2F1%2Fe%2F0%2F1e0d6853-c8bd-4ec1-b4e8-dd6365b718bb.gif%3Fversion%3D637651613400000000%26amp%3Bwidth%3D128%26amp%3Bheight%3D128%26amp%3Bauto%3Dwebp%26amp%3Bformat%3Dpjpg","girl"
77,"South Lake vs Mount Dora",Girls Volleyball,"Florida",9/21/2026,7:00pm,"The South Lake varsity volleyball team has an away non-conference match @  Mount Dora (FL) on Monday, September 21 @ 7p.","/fl/volleyball/match/mount-dora-vs-south-lake-groveland/9-21-2026/?c=fa74e742-7046-4984-a4ad-a3d205d5cf79","https://www.maxpreps.com/fl/volleyball/match/mount-dora-vs-south-lake-groveland/9-21-2026/?c=fa74e742-7046-4984-a4ad-a3d205d5cf79","/volleyball/fl/d35?9/21/2026","South Lake","Eagles","https://www.maxpreps.com/fl/mount-dora/girls-volleyball/","https://www.maxpreps.com/fl/south-lake-groveland/girls-volleyball/","https://hsfootball.net/proxy.php?url=https%3A%2F%2Fimage.maxpreps.io%2Fschool-mascot%2F4%2F7%2Fc%2F47c0837b-34e7-418a-b027-a2bec9d33a30.gif%3Fversion%3D638514501000000000%26amp%3Bwidth%3D128%26amp%3Bheight%3D128%26amp%3Bauto%3Dwebp%26amp%3Bformat%3Dpjpg","https://hsfootball.net/proxy.php?url=https%3A%2F%2Fimage.maxpreps.io%2Fschool-mascot%2Fc%2F3%2F2%2Fc32d3532-51c7-466b-b840-6e3c1a8b3708.gif%3Fversion%3D637411166400000000%26amp%3Bwidth%3D128%26amp%3Bheight%3D128%26amp%3Bauto%3Dwebp%26amp%3Bformat%3Dpjpg","girl"
78,"Faith Baptist Christian Academy vs Southeast Bulloch",Girls Volleyball,"Florida",9/21/2026,7:30pm,"The Faith Baptist Christian Academy varsity volleyball team has an away non-conference match @  Southeast Bulloch (Brooklet, GA) on Monday, September 21 @ 7:30p.","/ga/volleyball/match/faith-baptist-christian-academy-ludowici-vs-southeast-bulloch-brooklet/9-21-2026/?c=5019bb42-dad2-4858-8ed4-007beeb8a9b3","https://www.maxpreps.com/ga/volleyball/match/faith-baptist-christian-academy-ludowici-vs-southeast-bulloch-brooklet/9-21-2026/?c=5019bb42-dad2-4858-8ed4-007beeb8a9b3","/volleyball/fl/1b78?9/21/2026","Faith Baptist Christian Academy","Crusaders","https://www.maxpreps.com/fl/faith-baptist-christian-academy-ludowici/girls-volleyball/","https://www.maxpreps.com/fl/southeast-bulloch-brooklet/girls-volleyball/","https://hsfootball.net/proxy.php?url=https%3A%2F%2Fimage.maxpreps.io%2Fschool-mascot%2F0%2F1%2F6%2F016eb6df-bd41-41ed-8e13-72a248642c6e.gif%3Fversion%3D638681291387828310%26amp%3Bwidth%3D128%26amp%3Bheight%3D128%26amp%3Bauto%3Dwebp%26amp%3Bformat%3Dpjpg","https://hsfootball.net/proxy.php?url=https%3A%2F%2Fimage.maxpreps.io%2Fschool-mascot%2Fd%2F9%2Fb%2Fd9bf2525-d16b-48ff-bd3f-85546aa9f4d6.gif%3Fversion%3D638646804429332780%26amp%3Bwidth%3D128%26amp%3Bheight%3D128%26amp%3Bauto%3Dwebp%26amp%3Bformat%3Dpjpg","girl"
79,"Bartow vs Lake Wales",Girls Volleyball,"Florida",9/21/2026,7:30pm,"The Bartow varsity volleyball team has an away non-conference match @  Lake Wales (FL) on Monday, September 21 @ 7:30p.","/fl/volleyball/match/bartow-vs-lake-wales/9-21-2026/?c=903ed4f1-1336-4169-8900-0a8da8dc6033","https://www.maxpreps.com/fl/volleyball/match/bartow-vs-lake-wales/9-21-2026/?c=903ed4f1-1336-4169-8900-0a8da8dc6033","/volleyball/fl/7b8?9/21/2026","Bartow","Yellow Jackets","https://www.maxpreps.com/fl/bartow/girls-volleyball/","https://www.maxpreps.com/fl/lake-wales/girls-volleyball/","https://hsfootball.net/proxy.php?url=https%3A%2F%2Fimage.maxpreps.io%2Fschool-mascot%2Fe%2Fa%2Fd%2Fead184de-eac6-40f3-b7f0-b7da97da328d.gif%3Fversion%3D635156022600000000%26amp%3Bwidth%3D128%26amp%3Bheight%3D128%26amp%3Bauto%3Dwebp%26amp%3Bformat%3Dpjpg","https://hsfootball.net/proxy.php?url=https%3A%2F%2Fimage.maxpreps.io%2Fschool-mascot%2Ff%2F2%2F0%2Ff20d2e2a-07b7-4093-b023-a479909db8aa.gif%3Fversion%3D639226290232024190%26amp%3Bwidth%3D128%26amp%3Bheight%3D128%26amp%3Bauto%3Dwebp%26amp%3Bformat%3Dpjpg","girl"
80,"Admiral Farragut vs Gulf",Girls Volleyball,"Florida",9/21/2026,7:30pm,"The Admiral Farragut varsity volleyball team has an away non-conference match @  Gulf (New Port Richey, FL) on Monday, September 21 @ 7:30p.","/fl/volleyball/match/admiral-farragut-blue-jackets-st-petersburg-vs-gulf-new-port-richey/9-21-2026/?c=872f252e-5576-491e-8ac2-93ffdf6e7fdc","https://www.maxpreps.com/fl/volleyball/match/admiral-farragut-blue-jackets-st-petersburg-vs-gulf-new-port-richey/9-21-2026/?c=872f252e-5576-491e-8ac2-93ffdf6e7fdc","/volleyball/fl/19d9?9/21/2026","Admiral Farragut","BlueJackets","https://www.maxpreps.com/fl/admiral-farragut-blue-jackets-st-petersburg/girls-volleyball/","https://www.maxpreps.com/fl/gulf-new-port-richey/girls-volleyball/","https://hsfootball.net/proxy.php?url=https%3A%2F%2Fimage.maxpreps.io%2Fschool-mascot%2Ff%2F6%2Ff%2Ff6fdb522-8b2f-497b-9270-913cec946ceb.gif%3Fversion%3D636473708400000000%26amp%3Bwidth%3D128%26amp%3Bheight%3D128%26amp%3Bauto%3Dwebp%26amp%3Bformat%3Dpjpg","https://hsfootball.net/proxy.php?url=https%3A%2F%2Fimage.maxpreps.io%2Fschool-mascot%2F0%2Fb%2F0%2F0b04d783-917d-4cb8-9077-43cad05319aa.gif%3Fversion%3D638036784600000000%26amp%3Bwidth%3D128%26amp%3Bheight%3D128%26amp%3Bauto%3Dwebp%26amp%3Bformat%3Dpjpg","girl"
81,"Okeechobee vs Lake Placid",Girls Volleyball,"Florida",9/21/2026,7:30pm,"The Okeechobee varsity volleyball team has an away non-conference match @  Lake Placid (FL) on Monday, September 21 @ 7:30p.","/fl/volleyball/match/lake-placid-vs-okeechobee/9-21-2026/?c=c5e748ca-d818-4b5f-bb3d-86bc60a6f395","https://www.maxpreps.com/fl/volleyball/match/lake-placid-vs-okeechobee/9-21-2026/?c=c5e748ca-d818-4b5f-bb3d-86bc60a6f395","/volleyball/fl/984?9/21/2026","Okeechobee","Brahmans","https://www.maxpreps.com/fl/lake-placid/girls-volleyball/","https://www.maxpreps.com/fl/okeechobee/girls-volleyball/","https://hsfootball.net/proxy.php?url=https%3A%2F%2Fimage.maxpreps.io%2Fschool-mascot%2Fd%2Fe%2F5%2Fde573d9e-d3b0-4a33-9dd1-4d6b73e74583.gif%3Fversion%3D638599948031813510%26amp%3Bwidth%3D128%26amp%3Bheight%3D128%26amp%3Bauto%3Dwebp%26amp%3Bformat%3Dpjpg","https://hsfootball.net/proxy.php?url=https%3A%2F%2Fimage.maxpreps.io%2Fschool-mascot%2F4%2Fa%2Fc%2F4ac9d835-54c8-4ff0-8495-f326851b2b82.gif%3Fversion%3D637013670000000000%26amp%3Bwidth%3D128%26amp%3Bheight%3D128%26amp%3Bauto%3Dwebp%26amp%3Bformat%3Dpjpg","girl"
82,"Hardee vs Mulberry",Girls Volleyball,"Florida",9/21/2026,7:30pm,"The Hardee varsity volleyball team has an away conference match @  Mulberry (FL) on Monday, September 21 @ 7:30p.","/fl/volleyball/match/hardee-wauchula-vs-mulberry/9-21-2026/?c=04b92064-6e37-4cf6-859f-6241963bf570","https://www.maxpreps.com/fl/volleyball/match/hardee-wauchula-vs-mulberry/9-21-2026/?c=04b92064-6e37-4cf6-859f-6241963bf570","/volleyball/fl/aa5?9/21/2026","Hardee","Wildcats","https://www.maxpreps.com/fl/hardee-wauchula/girls-volleyball/","https://www.maxpreps.com/fl/mulberry/girls-volleyball/","https://hsfootball.net/proxy.php?url=https%3A%2F%2Fimage.maxpreps.io%2Fschool-mascot%2F4%2F0%2F3%2F4034c2fc-4914-4f6a-8b4f-1ea9dbc00ccd.gif%3Fversion%3D637032038400000000%26amp%3Bwidth%3D128%26amp%3Bheight%3D128%26amp%3Bauto%3Dwebp%26amp%3Bformat%3Dpjpg","https://hsfootball.net/proxy.php?url=https%3A%2F%2Fimage.maxpreps.io%2Fschool-mascot%2F7%2F5%2F1%2F7518fc36-5c9b-48de-9191-33b914fbac3a.gif%3Fversion%3D639229905161355090%26amp%3Bwidth%3D128%26amp%3Bheight%3D128%26amp%3Bauto%3Dwebp%26amp%3Bformat%3Dpjpg","girl"
83,"Lake Region vs Discovery",Girls Volleyball,"Florida",9/21/2026,7:30pm,"The Lake Region varsity volleyball team has an away non-conference match @  Discovery (Lake Alfred, FL) on Monday, September 21 @ 7:30p.","/fl/volleyball/match/discovery-lake-alfred-vs-lake-region-eagle-lake/9-21-2026/?c=798c6e82-950d-4fbe-b531-321ec55710e1","https://www.maxpreps.com/fl/volleyball/match/discovery-lake-alfred-vs-lake-region-eagle-lake/9-21-2026/?c=798c6e82-950d-4fbe-b531-321ec55710e1","/volleyball/fl/11c3?9/21/2026","Lake Region","Thunder","https://www.maxpreps.com/fl/discovery-lake-alfred/girls-volleyball/","https://www.maxpreps.com/fl/lake-region-eagle-lake/girls-volleyball/","https://hsfootball.net/proxy.php?url=https%3A%2F%2Fimage.maxpreps.io%2Fschool-mascot%2F9%2F3%2F7%2F937d5ae1-e772-499d-acca-0017ead76148.gif%3Fversion%3D634302514800000000%26amp%3Bwidth%3D128%26amp%3Bheight%3D128%26amp%3Bauto%3Dwebp%26amp%3Bformat%3Dpjpg","https://hsfootball.net/proxy.php?url=https%3A%2F%2Fimage.maxpreps.io%2Fschool-mascot%2Ff%2F2%2F0%2Ff2097145-1921-450e-8bd0-7d19b28410e0.gif%3Fversion%3D636312342600000000%26amp%3Bwidth%3D128%26amp%3Bheight%3D128%26amp%3Bauto%3Dwebp%26amp%3Bformat%3Dpjpg","girl"
84,"Osceola vs Pinellas Park",Girls Volleyball,"Florida",9/21/2026,7:45pm,"The Osceola varsity volleyball team has an away conference match @  Pinellas Park (Largo, FL) on Monday, September 21 @ 7:45p.","/fl/volleyball/match/osceola-seminole-vs-pinellas-park-largo/9-21-2026/?c=fc09c623-a579-461b-bd70-8ee7de6dad19","https://www.maxpreps.com/fl/volleyball/match/osceola-seminole-vs-pinellas-park-largo/9-21-2026/?c=fc09c623-a579-461b-bd70-8ee7de6dad19","/volleyball/fl/f27?9/21/2026","Osceola","Warriors","https://www.maxpreps.com/fl/osceola-seminole/girls-volleyball/","https://www.maxpreps.com/fl/pinellas-park-largo/girls-volleyball/","https://hsfootball.net/proxy.php?url=https%3A%2F%2Fimage.maxpreps.io%2Fschool-mascot%2F7%2F2%2F0%2F7204e596-3034-4af3-9377-17c56ecc2383.gif%3Fversion%3D638741624311679610%26amp%3Bwidth%3D128%26amp%3Bheight%3D128%26amp%3Bauto%3Dwebp%26amp%3Bformat%3Dpjpg","https://hsfootball.net/proxy.php?url=https%3A%2F%2Fimage.maxpreps.io%2Fschool-mascot%2Fe%2F1%2Fa%2Fe1a1774c-1132-4241-8218-dc606ce164e1.gif%3Fversion%3D636217103400000000%26amp%3Bwidth%3D128%26amp%3Bheight%3D128%26amp%3Bauto%3Dwebp%26amp%3Bformat%3Dpjpg","girl"
85,"Warsaw vs Carroll",Girls Volleyball,"Florida",9/21/2026,7:30pm,"The Warsaw varsity volleyball team has an away non-conference match @  Carroll (Fort Wayne, IN) on Monday, September 21 @ 7:30p.","/in/volleyball/match/carroll-fort-wayne-vs-warsaw/9-21-2026/?c=42b91287-d9b7-4b3e-8ac8-32b24dfbb5eb","https://www.maxpreps.com/in/volleyball/match/carroll-fort-wayne-vs-warsaw/9-21-2026/?c=42b91287-d9b7-4b3e-8ac8-32b24dfbb5eb","/volleyball/fl/b00?9/21/2026","Warsaw","Tigers","https://www.maxpreps.com/fl/carroll-fort-wayne/girls-volleyball/","https://www.maxpreps.com/fl/warsaw/girls-volleyball/","https://hsfootball.net/proxy.php?url=https%3A%2F%2Fimage.maxpreps.io%2Fschool-mascot%2Ff%2Ff%2F6%2Fff6d498c-5946-4a35-842b-1e82969d7fc6.gif%3Fversion%3D638822896319675900%26amp%3Bwidth%3D128%26amp%3Bheight%3D128%26amp%3Bauto%3Dwebp%26amp%3Bformat%3Dpjpg","https://hsfootball.net/proxy.php?url=https%3A%2F%2Fimage.maxpreps.io%2Fschool-mascot%2Ff%2F0%2Fb%2Ff0bd8a6f-8424-47c9-b435-7a89dde70d28.gif%3Fversion%3D637345402200000000%26amp%3Bwidth%3D128%26amp%3Bheight%3D128%26amp%3Bauto%3Dwebp%26amp%3Bformat%3Dpjpg","girl"