1,"Kelso vs Battle Ground",Girls Volleyball,"Washington",9/24/2026,7:00pm,"The Kelso varsity volleyball team has an away non-conference match @  Battle Ground (WA) on Thursday, September 24 @ 7p.","/wa/volleyball/match/battle-ground-vs-kelso/9-24-2026/?c=07783f38-0eab-42b0-93c5-a8e7451b777d","https://www.maxpreps.com/wa/volleyball/match/battle-ground-vs-kelso/9-24-2026/?c=07783f38-0eab-42b0-93c5-a8e7451b777d","/volleyball/wa/899?9/24/2026","Kelso","Hilanders","https://www.maxpreps.com/wa/battle-ground/volleyball/","https://www.maxpreps.com/wa/kelso/volleyball/","https://hsfootball.net/proxy.php?url=https%3A%2F%2Fimage.maxpreps.io%2Fschool-mascot%2F2%2Fa%2F9%2F2a9b8306-fcf6-4b44-98f4-b3f5c310afa9.gif%3Fversion%3D635636646000000000%26amp%3Bwidth%3D128%26amp%3Bheight%3D128%26amp%3Bauto%3Dwebp%26amp%3Bformat%3Dpjpg","https://hsfootball.net/proxy.php?url=https%3A%2F%2Fimage.maxpreps.io%2Fschool-mascot%2F9%2F7%2F4%2F974519ae-2ec5-429d-8e4c-ac3b3fa1559f.gif%3Fversion%3D635735938800000000%26amp%3Bwidth%3D128%26amp%3Bheight%3D128%26amp%3Bauto%3Dwebp%26amp%3Bformat%3Dpjpg","girl"
2,"Issaquah vs Emerald Ridge",Girls Volleyball,"Washington",9/24/2026,7:00pm,"The Issaquah varsity volleyball team has an away non-conference match @  Emerald Ridge (South Hill, WA) on Thursday, September 24 @ 7p.","/wa/volleyball/match/emerald-ridge-south-hill-vs-issaquah/9-24-2026/?c=d685e177-7657-4a0f-833c-c2f8f3507755","https://www.maxpreps.com/wa/volleyball/match/emerald-ridge-south-hill-vs-issaquah/9-24-2026/?c=d685e177-7657-4a0f-833c-c2f8f3507755","/volleyball/wa/dea?9/24/2026","Issaquah","Eagles","https://www.maxpreps.com/wa/emerald-ridge-south-hill/volleyball/","https://www.maxpreps.com/wa/issaquah/volleyball/","https://hsfootball.net/proxy.php?url=https%3A%2F%2Fimage.maxpreps.io%2Fschool-mascot%2F5%2Fb%2F6%2F5b66c7d5-1df4-442f-851b-425dbfbb6328.gif%3Fversion%3D637051888800000000%26amp%3Bwidth%3D128%26amp%3Bheight%3D128%26amp%3Bauto%3Dwebp%26amp%3Bformat%3Dpjpg","https://hsfootball.net/proxy.php?url=https%3A%2F%2Fimage.maxpreps.io%2Fschool-mascot%2Fc%2Fe%2Fb%2Fceb03c9a-2ba9-4abc-a8c4-13d463fe1a69.gif%3Fversion%3D636765953400000000%26amp%3Bwidth%3D128%26amp%3Bheight%3D128%26amp%3Bauto%3Dwebp%26amp%3Bformat%3Dpjpg","girl"
3,"Odessa vs Mary Walker",Girls Volleyball,"Washington",9/24/2026,5:30pm,"The Odessa varsity volleyball team has an away conference match @  Mary Walker (Springdale, WA) on Thursday, September 24 @ 5:30p.","/wa/volleyball/match/mary-walker-springdale-vs-odessa/9-24-2026/?c=7a79a8d9-f4bc-4bb3-94e3-b239983b9b17","https://www.maxpreps.com/wa/volleyball/match/mary-walker-springdale-vs-odessa/9-24-2026/?c=7a79a8d9-f4bc-4bb3-94e3-b239983b9b17","/volleyball/wa/c84?9/24/2026","Odessa","Tigers","https://www.maxpreps.com/wa/mary-walker-springdale/volleyball/","https://www.maxpreps.com/wa/odessa/volleyball/","https://hsfootball.net/proxy.php?url=https%3A%2F%2Fimage.maxpreps.io%2Fschool-mascot%2F7%2Fa%2Fb%2F7ab3308e-8e36-4a18-9de7-35b9b23220b8.gif%3Fversion%3D636396888600000000%26amp%3Bwidth%3D128%26amp%3Bheight%3D128%26amp%3Bauto%3Dwebp%26amp%3Bformat%3Dpjpg","https://hsfootball.net/proxy.php?url=https%3A%2F%2Fimage.maxpreps.io%2Fschool-mascot%2F3%2F2%2F7%2F3275e0c2-67c7-4084-ab77-cf3d52a2a622.gif%3Fversion%3D634284450000000000%26amp%3Bwidth%3D128%26amp%3Bheight%3D128%26amp%3Bauto%3Dwebp%26amp%3Bformat%3Dpjpg","girl"
4,"Darrington vs Lopez",Girls Volleyball,"Washington",9/24/2026,4:00pm,"The Darrington varsity volleyball team has an away non-conference match @  Lopez (WA) on Thursday, September 24 @ 4p.","/wa/volleyball/match/darrington-vs-lopez/9-24-2026/?c=fc7878cc-6051-439e-8631-22e4c07a105d","https://www.maxpreps.com/wa/volleyball/match/darrington-vs-lopez/9-24-2026/?c=fc7878cc-6051-439e-8631-22e4c07a105d","/volleyball/wa/7a5?9/24/2026","Darrington","Loggers","https://www.maxpreps.com/wa/darrington/volleyball/","https://www.maxpreps.com/wa/lopez/volleyball/","https://hsfootball.net/proxy.php?url=https%3A%2F%2Fimage.maxpreps.io%2Fschool-mascot%2Fd%2Fb%2Fb%2Fdbb43f1f-f497-4441-8e9a-1966e8f5c1bc.gif%3Fversion%3D636621459000000000%26amp%3Bwidth%3D128%26amp%3Bheight%3D128%26amp%3Bauto%3Dwebp%26amp%3Bformat%3Dpjpg","https://hsfootball.net/proxy.php?url=https%3A%2F%2Fimage.maxpreps.io%2Fschool-mascot%2F3%2F7%2F5%2F37544f80-413c-45cc-8b32-236531217ada.gif%3Fversion%3D635519094000000000%26amp%3Bwidth%3D128%26amp%3Bheight%3D128%26amp%3Bauto%3Dwebp%26amp%3Bformat%3Dpjpg","girl"
5,"Soap Lake vs Easton",Girls Volleyball,"Washington",9/24/2026,5:00pm,"The Soap Lake varsity volleyball team has an away conference match @  Easton (WA) on Thursday, September 24 @ 5p.","/wa/volleyball/match/easton-vs-soap-lake/9-24-2026/?c=178b4fec-025e-458a-b505-a35c95041f09","https://www.maxpreps.com/wa/volleyball/match/easton-vs-soap-lake/9-24-2026/?c=178b4fec-025e-458a-b505-a35c95041f09","/volleyball/wa/74a?9/24/2026","Soap Lake","Eagles","https://www.maxpreps.com/wa/easton/volleyball/","https://www.maxpreps.com/wa/soap-lake/volleyball/","https://hsfootball.net/proxy.php?url=https%3A%2F%2Fasset.maxpreps.io%2Fincludes%2Fimages%2Flogos%2Fmaxpreps-logo-white-2025.png","https://hsfootball.net/proxy.php?url=https%3A%2F%2Fasset.maxpreps.io%2Fincludes%2Freact%2Fplay-on-logo.png","girl"
6,"Stadium vs Auburn",Girls Volleyball,"Washington",9/24/2026,5:15pm,"The Stadium varsity volleyball team has an away conference match @  Auburn (WA) on Thursday, September 24 @ 5:15p.","/wa/volleyball/match/auburn-vs-stadium-tacoma/9-24-2026/?c=ef6dd1e8-f5e0-412b-a9fb-00595d427ee4","https://www.maxpreps.com/wa/volleyball/match/auburn-vs-stadium-tacoma/9-24-2026/?c=ef6dd1e8-f5e0-412b-a9fb-00595d427ee4","/volleyball/wa/969?9/24/2026","Stadium","Tigers","https://www.maxpreps.com/wa/auburn/volleyball/","https://www.maxpreps.com/wa/stadium-tacoma/volleyball/","https://hsfootball.net/proxy.php?url=https%3A%2F%2Fimage.maxpreps.io%2Fschool-mascot%2F4%2Fd%2Fd%2F4dd48c9a-5f4f-4dfd-8567-78c80fa1333e.gif%3Fversion%3D636764255400000000%26amp%3Bwidth%3D128%26amp%3Bheight%3D128%26amp%3Bauto%3Dwebp%26amp%3Bformat%3Dpjpg","https://hsfootball.net/proxy.php?url=https%3A%2F%2Fimage.maxpreps.io%2Fschool-mascot%2Fa%2Fb%2Fc%2Fabc1f2e8-55e0-43a2-a695-5b257efc1761.gif%3Fversion%3D636923253600000000%26amp%3Bwidth%3D128%26amp%3Bheight%3D128%26amp%3Bauto%3Dwebp%26amp%3Bformat%3Dpjpg","girl"
7,"Chief Kitsap Academy vs Lummi",Girls Volleyball,"Washington",9/24/2026,5:30pm,"The Chief Kitsap Academy varsity volleyball team has an away non-conference match @  Lummi (Bellingham, WA) on Thursday, September 24 @ 5:30p.","/wa/volleyball/match/chief-kitsap-academy-poulsbo-vs-lummi-bellingham/9-24-2026/?c=980d38ad-6580-4782-ae1a-e21151fbad8b","https://www.maxpreps.com/wa/volleyball/match/chief-kitsap-academy-poulsbo-vs-lummi-bellingham/9-24-2026/?c=980d38ad-6580-4782-ae1a-e21151fbad8b","/volleyball/wa/1291?9/24/2026","Chief Kitsap Academy","Bears","https://www.maxpreps.com/wa/chief-kitsap-academy-poulsbo/volleyball/","https://www.maxpreps.com/wa/lummi-bellingham/volleyball/","https://hsfootball.net/proxy.php?url=https%3A%2F%2Fimage.maxpreps.io%2Fschool-mascot%2Fb%2F9%2F5%2Fb9509c41-dd99-46d1-8dd4-2e938f72a000.gif%3Fversion%3D639107190647136960%26amp%3Bwidth%3D128%26amp%3Bheight%3D128%26amp%3Bauto%3Dwebp%26amp%3Bformat%3Dpjpg","https://hsfootball.net/proxy.php?url=https%3A%2F%2Fimage.maxpreps.io%2Fschool-mascot%2Fe%2Fe%2F3%2Fee357f10-c0b5-4137-9288-8a5615d2f7c2.gif%3Fversion%3D637164168600000000%26amp%3Bwidth%3D128%26amp%3Bheight%3D128%26amp%3Bauto%3Dwebp%26amp%3Bformat%3Dpjpg","girl"
8,"Evergreen Lutheran vs Northwest Yeshiva",Girls Volleyball,"Washington",9/24/2026,5:30pm,"The Evergreen Lutheran varsity volleyball team has an away conference match @  Northwest Yeshiva (Mercer Island, WA) on Thursday, September 24 @ 5:30p.","/wa/volleyball/match/evergreen-lutheran-tacoma-vs-northwest-yeshiva-mercer-island/9-24-2026/?c=4ea38b17-6d05-4938-8dcd-93e9a939db20","https://www.maxpreps.com/wa/volleyball/match/evergreen-lutheran-tacoma-vs-northwest-yeshiva-mercer-island/9-24-2026/?c=4ea38b17-6d05-4938-8dcd-93e9a939db20","/volleyball/wa/179f?9/24/2026","Evergreen Lutheran","Eagles","https://www.maxpreps.com/wa/evergreen-lutheran-tacoma/volleyball/","https://www.maxpreps.com/wa/northwest-yeshiva-mercer-island/volleyball/","https://hsfootball.net/proxy.php?url=https%3A%2F%2Fimage.maxpreps.io%2Fschool-mascot%2F8%2F2%2F8%2F82876b0a-03b0-4c6f-b015-e005fa31694c.gif%3Fversion%3D635440578000000000%26amp%3Bwidth%3D128%26amp%3Bheight%3D128%26amp%3Bauto%3Dwebp%26amp%3Bformat%3Dpjpg","https://hsfootball.net/proxy.php?url=https%3A%2F%2Fimage.maxpreps.io%2Fschool-mascot%2F5%2F1%2F6%2F516b1eeb-eb4d-4cd0-8fa9-71ec710eea2d.gif%3Fversion%3D639006280035772510%26amp%3Bwidth%3D128%26amp%3Bheight%3D128%26amp%3Bauto%3Dwebp%26amp%3Bformat%3Dpjpg","girl"
9,"Friday Harbor vs Mount Vernon Christian",Girls Volleyball,"Washington",9/24/2026,5:30pm,"The Friday Harbor varsity volleyball team has an away conference match @  Mount Vernon Christian (Mount Vernon, WA) on Thursday, September 24 @ 5:30p.","/wa/volleyball/match/friday-harbor-vs-mount-vernon-christian/9-24-2026/?c=d938a1cd-ea4e-4e92-b7fb-b476d35e2099","https://www.maxpreps.com/wa/volleyball/match/friday-harbor-vs-mount-vernon-christian/9-24-2026/?c=d938a1cd-ea4e-4e92-b7fb-b476d35e2099","/volleyball/wa/f57?9/24/2026","Friday Harbor","Wolverines","https://www.maxpreps.com/wa/friday-harbor/volleyball/","https://www.maxpreps.com/wa/mount-vernon-christian/volleyball/","https://hsfootball.net/proxy.php?url=https%3A%2F%2Fimage.maxpreps.io%2Fschool-mascot%2F6%2F1%2F8%2F618a006c-b80f-4425-b4ca-be65391153fd.gif%3Fversion%3D636731181600000000%26amp%3Bwidth%3D128%26amp%3Bheight%3D128%26amp%3Bauto%3Dwebp%26amp%3Bformat%3Dpjpg","https://hsfootball.net/proxy.php?url=https%3A%2F%2Fimage.maxpreps.io%2Fschool-mascot%2F1%2F5%2F3%2F15361ccb-bc54-42f0-99ff-a936548e6896.gif%3Fversion%3D636790941600000000%26amp%3Bwidth%3D128%26amp%3Bheight%3D128%26amp%3Bauto%3Dwebp%26amp%3Bformat%3Dpjpg","girl"
10,"Wellpinit vs Wilbur-Creston-Keller",Girls Volleyball,"Washington",9/24/2026,6:00pm,"The Wellpinit varsity volleyball team has an away conference match @  Wilbur-Creston-Keller (Creston, WA) on Thursday, September 24 @ 6p.","/wa/volleyball/match/wellpinit-vs-wilbur-creston-keller/9-24-2026/?c=99e05114-8a48-468f-ac9b-3ebad18643b3","https://www.maxpreps.com/wa/volleyball/match/wellpinit-vs-wilbur-creston-keller/9-24-2026/?c=99e05114-8a48-468f-ac9b-3ebad18643b3","/volleyball/wa/d87?9/24/2026","Wellpinit","Redskins","https://www.maxpreps.com/wa/wellpinit/volleyball/","https://www.maxpreps.com/wa/wilbur-creston-keller/volleyball/","https://hsfootball.net/proxy.php?url=https%3A%2F%2Fimage.maxpreps.io%2Fschool-mascot%2F3%2Fc%2Fc%2F3cc17fe4-97ef-4a44-9135-cd910143880c.gif%3Fversion%3D635906083200000000%26amp%3Bwidth%3D128%26amp%3Bheight%3D128%26amp%3Bauto%3Dwebp%26amp%3Bformat%3Dpjpg","https://hsfootball.net/proxy.php?url=https%3A%2F%2Fimage.maxpreps.io%2Fschool-mascot%2Fc%2Fe%2Fa%2Fcea74eae-aa78-4232-bef0-5c3490bfcd4d.gif%3Fversion%3D635501998200000000%26amp%3Bwidth%3D128%26amp%3Bheight%3D128%26amp%3Bauto%3Dwebp%26amp%3Bformat%3Dpjpg","girl"
11,"Puget Sound Adventist vs Concordia Christian Academy",Girls Volleyball,"Washington",9/24/2026,6:00pm,"The Puget Sound Adventist varsity volleyball team has an away conference match @  Concordia Christian Academy (Tacoma, WA) on Thursday, September 24 @ 6p.","/wa/volleyball/match/concordia-christian-academy-tacoma-vs-puget-sound-adventist-kirkland/9-24-2026/?c=6c491314-3e6a-4c6d-800c-27525dd3111d","https://www.maxpreps.com/wa/volleyball/match/concordia-christian-academy-tacoma-vs-puget-sound-adventist-kirkland/9-24-2026/?c=6c491314-3e6a-4c6d-800c-27525dd3111d","/volleyball/wa/1a81?9/24/2026","Puget Sound Adventist","Sharks","https://www.maxpreps.com/wa/concordia-christian-academy-tacoma/volleyball/","https://www.maxpreps.com/wa/puget-sound-adventist-kirkland/volleyball/","https://hsfootball.net/proxy.php?url=https%3A%2F%2Fimage.maxpreps.io%2Fschool-mascot%2Fb%2F6%2F5%2Fb656795b-f701-4778-847e-50175a7452b3.gif%3Fversion%3D638709418326208930%26amp%3Bwidth%3D128%26amp%3Bheight%3D128%26amp%3Bauto%3Dwebp%26amp%3Bformat%3Dpjpg","https://hsfootball.net/proxy.php?url=https%3A%2F%2Fimage.maxpreps.io%2Fschool-mascot%2Fb%2Fd%2Fe%2Fbde7985e-d68f-4760-902d-14427918acf1.gif%3Fversion%3D638997593372989100%26amp%3Bwidth%3D128%26amp%3Bheight%3D128%26amp%3Bauto%3Dwebp%26amp%3Bformat%3Dpjpg","girl"
12,"Crescent vs Crosspoint Christian",Girls Volleyball,"Washington",9/24/2026,6:00pm,"The Crescent varsity volleyball team has an away non-conference match @  Crosspoint Christian (Bremerton, WA) on Thursday, September 24 @ 6p.","/wa/volleyball/match/crescent-joyce-vs-crosspoint-christian-bremerton/9-24-2026/?c=4413e9ba-6610-4f8b-ae2d-0b32f0c132ff","https://www.maxpreps.com/wa/volleyball/match/crescent-joyce-vs-crosspoint-christian-bremerton/9-24-2026/?c=4413e9ba-6610-4f8b-ae2d-0b32f0c132ff","/volleyball/wa/1322?9/24/2026","Crescent","Loggers","https://www.maxpreps.com/wa/crescent-joyce/volleyball/","https://www.maxpreps.com/wa/crosspoint-christian-bremerton/volleyball/","https://hsfootball.net/proxy.php?url=https%3A%2F%2Fimage.maxpreps.io%2Fschool-mascot%2F3%2F6%2F1%2F3614d274-f2b4-4849-9940-827958b4ceac.gif%3Fversion%3D636400613400000000%26amp%3Bwidth%3D128%26amp%3Bheight%3D128%26amp%3Bauto%3Dwebp%26amp%3Bformat%3Dpjpg","https://hsfootball.net/proxy.php?url=https%3A%2F%2Fimage.maxpreps.io%2Fschool-mascot%2F3%2F3%2F9%2F3396f21e-0d9c-4c17-a7ae-bac8ac3af0ba.gif%3Fversion%3D638709407153850670%26amp%3Bwidth%3D128%26amp%3Bheight%3D128%26amp%3Bauto%3Dwebp%26amp%3Bformat%3Dpjpg","girl"
13,"Dayton vs Tekoa-Rosalia",Girls Volleyball,"Washington",9/24/2026,6:00pm,"The Dayton varsity volleyball team has an away conference match @  Tekoa-Rosalia (Tekoa, WA) on Thursday, September 24 @ 6p.","/wa/volleyball/match/dayton-vs-tekoa-rosalia/9-24-2026/?c=7e395636-f5b0-4f07-b1ea-ec1e70bfcbdb","https://www.maxpreps.com/wa/volleyball/match/dayton-vs-tekoa-rosalia/9-24-2026/?c=7e395636-f5b0-4f07-b1ea-ec1e70bfcbdb","/volleyball/wa/8fe?9/24/2026","Dayton","Bulldogs","https://www.maxpreps.com/wa/dayton/volleyball/","https://www.maxpreps.com/wa/tekoa-rosalia/volleyball/","https://hsfootball.net/proxy.php?url=https%3A%2F%2Fimage.maxpreps.io%2Fschool-mascot%2Fd%2F6%2Fc%2Fd6ce24c4-d94a-4931-bf32-64460a3a0ef4.gif%3Fversion%3D638280743400000000%26amp%3Bwidth%3D128%26amp%3Bheight%3D128%26amp%3Bauto%3Dwebp%26amp%3Bformat%3Dpjpg","https://hsfootball.net/proxy.php?url=https%3A%2F%2Fimage.maxpreps.io%2Fschool-mascot%2F0%2Fc%2F7%2F0c7cf8b2-f400-4f3c-aef1-c6798e149bad.gif%3Fversion%3D637492520400000000%26amp%3Bwidth%3D128%26amp%3Bheight%3D128%26amp%3Bauto%3Dwebp%26amp%3Bformat%3Dpjpg","girl"
14,"Colville vs Northport",Girls Volleyball,"Washington",9/24/2026,6:00pm,"The Colville varsity volleyball team has an away non-conference match @  Northport (WA) on Thursday, September 24 @ 6p.","/wa/volleyball/match/colville-crimson-hawks-vs-northport/9-24-2026/?c=f4a25977-fc2e-4d1c-b3b2-08566e8c3085","https://www.maxpreps.com/wa/volleyball/match/colville-crimson-hawks-vs-northport/9-24-2026/?c=f4a25977-fc2e-4d1c-b3b2-08566e8c3085","/volleyball/wa/e00?9/24/2026","Colville","Indians","https://www.maxpreps.com/wa/colville-crimson-hawks/volleyball/","https://www.maxpreps.com/wa/northport/volleyball/","https://hsfootball.net/proxy.php?url=https%3A%2F%2Fimage.maxpreps.io%2Fschool-mascot%2Fe%2F5%2F9%2Fe592c4ec-5463-4621-8372-764b6bcaf7d7.gif%3Fversion%3D637739625000000000%26amp%3Bwidth%3D128%26amp%3Bheight%3D128%26amp%3Bauto%3Dwebp%26amp%3Bformat%3Dpjpg","https://hsfootball.net/proxy.php?url=https%3A%2F%2Fimage.maxpreps.io%2Fschool-mascot%2Fe%2F5%2F9%2Fe592c4ec-5463-4621-8372-764b6bcaf7d7.gif%3Fversion%3D637739625000000000%26amp%3Bwidth%3D32%26amp%3Bheight%3D32%26amp%3Bauto%3Dwebp%26amp%3Bformat%3Dpjpg","girl"
15,"Lewis &amp; Clark vs Coeur d&#x27;Alene",Girls Volleyball,"Washington",9/24/2026,7:00pm,"The Lewis &amp; Clark varsity volleyball team has an away non-conference match @  Coeur d&#x27;Alene (ID) on Thursday, September 24 @ 7p.","/inter-state/volleyball/match/coeur-dalene-id-vs-lewis-and-clark-spokane-wa/9-24-2026/?c=1376289d-a684-4051-838b-0ee2b052e88c","https://www.maxpreps.com/inter-state/volleyball/match/coeur-dalene-id-vs-lewis-and-clark-spokane-wa/9-24-2026/?c=1376289d-a684-4051-838b-0ee2b052e88c","/volleyball/wa/10d2?9/24/2026","Lewis &amp; Clark","Tigers","https://www.maxpreps.com/wa/coeur-dalene-id/volleyball/","https://www.maxpreps.com/wa/lewis-and-clark-spokane-wa/volleyball/","https://hsfootball.net/proxy.php?url=https%3A%2F%2Fimage.maxpreps.io%2Fschool-mascot%2Fe%2F4%2F3%2Fe437dbf0-4c6e-4c5e-93b4-6b2822a1ebd8.gif%3Fversion%3D635987301000000000%26amp%3Bwidth%3D128%26amp%3Bheight%3D128%26amp%3Bauto%3Dwebp%26amp%3Bformat%3Dpjpg","https://hsfootball.net/proxy.php?url=https%3A%2F%2Fimage.maxpreps.io%2Fschool-mascot%2F5%2Ff%2Fa%2F5fad9f22-6404-4373-9786-834eecfd1a16.gif%3Fversion%3D639078048389022520%26amp%3Bwidth%3D128%26amp%3Bheight%3D128%26amp%3Bauto%3Dwebp%26amp%3Bformat%3Dpjpg","girl"
16,"Northwest Christian vs Quilcene",Girls Volleyball,"Washington",9/24/2026,6:00pm,"The Northwest Christian varsity volleyball team has an away conference match @  Quilcene (WA) on Thursday, September 24 @ 6p.","/wa/volleyball/match/northwest-christian-lacey-vs-quilcene/9-24-2026/?c=2b1fb36e-7fff-4f91-99c9-d8359409126e","https://www.maxpreps.com/wa/volleyball/match/northwest-christian-lacey-vs-quilcene/9-24-2026/?c=2b1fb36e-7fff-4f91-99c9-d8359409126e","/volleyball/wa/eb4?9/24/2026","Northwest Christian","Wolverines","https://www.maxpreps.com/wa/northwest-christian-lacey/volleyball/","https://www.maxpreps.com/wa/quilcene/volleyball/","https://hsfootball.net/proxy.php?url=https%3A%2F%2Fimage.maxpreps.io%2Fschool-mascot%2Fd%2F9%2Fc%2Fd9c90235-11e8-4c9b-b809-dd7841d28321.gif%3Fversion%3D639001967360670310%26amp%3Bwidth%3D128%26amp%3Bheight%3D128%26amp%3Bauto%3Dwebp%26amp%3Bformat%3Dpjpg","https://hsfootball.net/proxy.php?url=https%3A%2F%2Fimage.maxpreps.io%2Fschool-mascot%2F9%2F4%2F1%2F94199179-9116-4ae2-a32a-224d948a4a89.gif%3Fversion%3D635855205600000000%26amp%3Bwidth%3D128%26amp%3Bheight%3D128%26amp%3Bauto%3Dwebp%26amp%3Bformat%3Dpjpg","girl"
17,"Oakesdale vs Pomeroy",Girls Volleyball,"Washington",9/24/2026,6:00pm,"The Oakesdale varsity volleyball team has an away conference match @  Pomeroy (WA) on Thursday, September 24 @ 6p.","/wa/volleyball/match/oakesdale-vs-pomeroy/9-24-2026/?c=25cd2c53-5ad7-4c2b-ade5-3c830818094b","https://www.maxpreps.com/wa/volleyball/match/oakesdale-vs-pomeroy/9-24-2026/?c=25cd2c53-5ad7-4c2b-ade5-3c830818094b","/volleyball/wa/7f7?9/24/2026","Oakesdale","Nighthawks","https://www.maxpreps.com/wa/oakesdale/volleyball/","https://www.maxpreps.com/wa/pomeroy/volleyball/","https://hsfootball.net/proxy.php?url=https%3A%2F%2Fimage.maxpreps.io%2Fschool-mascot%2Fb%2F0%2F7%2Fb07b48eb-25d7-46e7-9742-37dd5d0e34fe.gif%3Fversion%3D635475868200000000%26amp%3Bwidth%3D128%26amp%3Bheight%3D128%26amp%3Bauto%3Dwebp%26amp%3Bformat%3Dpjpg","https://hsfootball.net/proxy.php?url=https%3A%2F%2Fimage.maxpreps.io%2Fschool-mascot%2F3%2F7%2Ff%2F37fe142f-0271-40e6-9e47-f0efa02d322f.gif%3Fversion%3D636736489800000000%26amp%3Bwidth%3D128%26amp%3Bheight%3D128%26amp%3Bauto%3Dwebp%26amp%3Bformat%3Dpjpg","girl"
18,"East Valley vs Toppenish",Girls Volleyball,"Washington",9/24/2026,6:00pm,"The East Valley varsity volleyball team has an away non-conference match @  Toppenish (WA) on Thursday, September 24 @ 6p.","/wa/volleyball/match/east-valley-yakima-vs-toppenish/9-24-2026/?c=b0aecd59-2a9f-4f31-af75-cd12ad7bfece","https://www.maxpreps.com/wa/volleyball/match/east-valley-yakima-vs-toppenish/9-24-2026/?c=b0aecd59-2a9f-4f31-af75-cd12ad7bfece","/volleyball/wa/c2d?9/24/2026","East Valley","Red Devils","https://www.maxpreps.com/wa/east-valley-yakima/volleyball/","https://www.maxpreps.com/wa/toppenish/volleyball/","https://hsfootball.net/proxy.php?url=https%3A%2F%2Fimage.maxpreps.io%2Fschool-mascot%2F0%2Fb%2F0%2F0b0ef365-3528-464e-b781-62fccb2f5fcb.gif%3Fversion%3D635821502400000000%26amp%3Bwidth%3D128%26amp%3Bheight%3D128%26amp%3Bauto%3Dwebp%26amp%3Bformat%3Dpjpg","https://hsfootball.net/proxy.php?url=https%3A%2F%2Fimage.maxpreps.io%2Fschool-mascot%2F8%2F3%2F3%2F833196fe-20ea-4081-9ebc-def498a34047.gif%3Fversion%3D637507902000000000%26amp%3Bwidth%3D128%26amp%3Bheight%3D128%26amp%3Bauto%3Dwebp%26amp%3Bformat%3Dpjpg","girl"
19,"Oroville vs Wilson Creek",Girls Volleyball,"Washington",9/24/2026,6:00pm,"The Oroville varsity volleyball team has an away non-conference match @  Wilson Creek (WA) on Thursday, September 24 @ 6p.","/wa/volleyball/match/oroville-vs-wilson-creek/9-24-2026/?c=005eaef4-1281-46b3-816d-71ae9a1cd6a4","https://www.maxpreps.com/wa/volleyball/match/oroville-vs-wilson-creek/9-24-2026/?c=005eaef4-1281-46b3-816d-71ae9a1cd6a4","/volleyball/wa/982?9/24/2026","Oroville","Hornets","https://www.maxpreps.com/wa/oroville/volleyball/","https://www.maxpreps.com/wa/wilson-creek/volleyball/","https://hsfootball.net/proxy.php?url=https%3A%2F%2Fimage.maxpreps.io%2Fschool-mascot%2F3%2F0%2F5%2F3058b94f-d837-46d5-8549-2cc4e79a0807.gif%3Fversion%3D635477520600000000%26amp%3Bwidth%3D128%26amp%3Bheight%3D128%26amp%3Bauto%3Dwebp%26amp%3Bformat%3Dpjpg","https://hsfootball.net/proxy.php?url=https%3A%2F%2Fimage.maxpreps.io%2Fschool-mascot%2F8%2Fe%2F0%2F8e01ae9b-dcc0-4d19-8452-5b05081cd6c7.gif%3Fversion%3D636845333400000000%26amp%3Bwidth%3D128%26amp%3Bheight%3D128%26amp%3Bauto%3Dwebp%26amp%3Bformat%3Dpjpg","girl"
20,"Yakama Nation Tribal vs Prescott",Girls Volleyball,"Washington",9/24/2026,6:00pm,"The Yakama Nation Tribal varsity volleyball team has an away conference match @  Prescott (WA) on Thursday, September 24 @ 6p.","/wa/volleyball/match/prescott-vs-yakama-nation-tribal-toppenish/9-24-2026/?c=9314c8a7-d9f0-430c-b69c-b291708e0270","https://www.maxpreps.com/wa/volleyball/match/prescott-vs-yakama-nation-tribal-toppenish/9-24-2026/?c=9314c8a7-d9f0-430c-b69c-b291708e0270","/volleyball/wa/1093?9/24/2026","Yakama Nation Tribal","Eagles","https://www.maxpreps.com/wa/prescott/volleyball/","https://www.maxpreps.com/wa/yakama-nation-tribal-toppenish/volleyball/","https://hsfootball.net/proxy.php?url=https%3A%2F%2Fimage.maxpreps.io%2Fschool-mascot%2F8%2F1%2F7%2F817e0019-caf5-4815-9e8b-12f27ab4fbfb.gif%3Fversion%3D635906161800000000%26amp%3Bwidth%3D128%26amp%3Bheight%3D128%26amp%3Bauto%3Dwebp%26amp%3Bformat%3Dpjpg","https://hsfootball.net/proxy.php?url=https%3A%2F%2Fimage.maxpreps.io%2Fschool-mascot%2F6%2F7%2F6%2F6768a86b-6201-40f1-a28c-f312a3e5ae63.gif%3Fversion%3D636766725600000000%26amp%3Bwidth%3D128%26amp%3Bheight%3D128%26amp%3Bauto%3Dwebp%26amp%3Bformat%3Dpjpg","girl"
21,"Othello vs Quincy",Girls Volleyball,"Washington",9/24/2026,6:00pm,"The Othello varsity volleyball team has an away non-conference match @  Quincy (WA) on Thursday, September 24 @ 6p.","/wa/volleyball/match/othello-vs-quincy/9-24-2026/?c=c611015f-3bed-4995-bc8b-08b12e2b7a31","https://www.maxpreps.com/wa/volleyball/match/othello-vs-quincy/9-24-2026/?c=c611015f-3bed-4995-bc8b-08b12e2b7a31","/volleyball/wa/6d3?9/24/2026","Othello","Huskies","https://www.maxpreps.com/wa/othello/volleyball/","https://www.maxpreps.com/wa/quincy/volleyball/","https://hsfootball.net/proxy.php?url=https%3A%2F%2Fimage.maxpreps.io%2Fschool-mascot%2F2%2F1%2Fe%2F21ef92f4-a46b-4ebb-985c-a5d7d85c359a.gif%3Fversion%3D636306945000000000%26amp%3Bwidth%3D128%26amp%3Bheight%3D128%26amp%3Bauto%3Dwebp%26amp%3Bformat%3Dpjpg","https://hsfootball.net/proxy.php?url=https%3A%2F%2Fimage.maxpreps.io%2Fschool-mascot%2F1%2F2%2Fd%2F12d92ede-6af6-495f-923a-8e74f4a135fb.gif%3Fversion%3D637099489800000000%26amp%3Bwidth%3D128%26amp%3Bheight%3D128%26amp%3Bauto%3Dwebp%26amp%3Bformat%3Dpjpg","girl"
22,"Columbia vs Cusick",Girls Volleyball,"Washington",9/24/2026,6:00pm,"The Columbia varsity volleyball team has an away conference match @  Cusick (WA) on Thursday, September 24 @ 6p.","/wa/volleyball/match/columbia-hunters-vs-cusick/9-24-2026/?c=f3fe1ba2-0ed6-4abb-bea0-6c10bc5c1ac1","https://www.maxpreps.com/wa/volleyball/match/columbia-hunters-vs-cusick/9-24-2026/?c=f3fe1ba2-0ed6-4abb-bea0-6c10bc5c1ac1","/volleyball/wa/a47?9/24/2026","Columbia","Lions","https://www.maxpreps.com/wa/columbia-hunters/volleyball/","https://www.maxpreps.com/wa/cusick/volleyball/","https://hsfootball.net/proxy.php?url=https%3A%2F%2Fimage.maxpreps.io%2Fschool-mascot%2F3%2Ff%2F4%2F3f4f7c9a-21c0-47d7-8244-bdd6f3882c71.gif%3Fversion%3D636844385400000000%26amp%3Bwidth%3D128%26amp%3Bheight%3D128%26amp%3Bauto%3Dwebp%26amp%3Bformat%3Dpjpg","https://hsfootball.net/proxy.php?url=https%3A%2F%2Fimage.maxpreps.io%2Fschool-mascot%2F0%2F1%2F1%2F0113c397-9343-43fa-af75-93db42a1f4af.gif%3Fversion%3D635521557000000000%26amp%3Bwidth%3D128%26amp%3Bheight%3D128%26amp%3Bauto%3Dwebp%26amp%3Bformat%3Dpjpg","girl"
23,"Waterville vs Moses Lake Christian Academy",Girls Volleyball,"Washington",9/24/2026,6:15pm,"The Waterville varsity volleyball team has an away non-conference match @  Moses Lake Christian Academy (Moses Lake, WA) on Thursday, September 24 @ 6:15p.","/wa/volleyball/match/moses-lake-christian-academy-vs-waterville/9-24-2026/?c=ce616d49-f699-4102-8fea-24f240d12300","https://www.maxpreps.com/wa/volleyball/match/moses-lake-christian-academy-vs-waterville/9-24-2026/?c=ce616d49-f699-4102-8fea-24f240d12300","/volleyball/wa/1066?9/24/2026","Waterville","Shockers","https://www.maxpreps.com/wa/moses-lake-christian-academy/volleyball/","https://www.maxpreps.com/wa/waterville/volleyball/","https://hsfootball.net/proxy.php?url=https%3A%2F%2Fimage.maxpreps.io%2Fschool-mascot%2F5%2F4%2F6%2F5462df67-7330-41f8-9309-69bce976d926.gif%3Fversion%3D635862894000000000%26amp%3Bwidth%3D128%26amp%3Bheight%3D128%26amp%3Bauto%3Dwebp%26amp%3Bformat%3Dpjpg","https://hsfootball.net/proxy.php?url=https%3A%2F%2Fimage.maxpreps.io%2Fschool-mascot%2F5%2F4%2F6%2F5462df67-7330-41f8-9309-69bce976d926.gif%3Fversion%3D635862894000000000%26amp%3Bwidth%3D32%26amp%3Bheight%3D32%26amp%3Bauto%3Dwebp%26amp%3Bformat%3Dpjpg","girl"
24,"Touchet vs Sunnyside Christian",Girls Volleyball,"Washington",9/24/2026,6:15pm,"The Touchet varsity volleyball team has an away conference match @  Sunnyside Christian (Sunnyside, WA) on Thursday, September 24 @ 6:15p.","/wa/volleyball/match/sunnyside-christian-vs-touchet-redhawks/9-24-2026/?c=4d8b3c31-b599-4a6d-b775-c05db16033b5","https://www.maxpreps.com/wa/volleyball/match/sunnyside-christian-vs-touchet-redhawks/9-24-2026/?c=4d8b3c31-b599-4a6d-b775-c05db16033b5","/volleyball/wa/f99?9/24/2026","Touchet","Indians","https://www.maxpreps.com/wa/sunnyside-christian/volleyball/","https://www.maxpreps.com/wa/touchet-redhawks/volleyball/","https://hsfootball.net/proxy.php?url=https%3A%2F%2Fimage.maxpreps.io%2Fschool-mascot%2Fa%2F2%2Fd%2Fa2dff789-c1e2-4c15-82a9-f046c87fdeb8.gif%3Fversion%3D638295097800000000%26amp%3Bwidth%3D128%26amp%3Bheight%3D128%26amp%3Bauto%3Dwebp%26amp%3Bformat%3Dpjpg","https://hsfootball.net/proxy.php?url=https%3A%2F%2Fimage.maxpreps.io%2Fschool-mascot%2Ff%2F3%2Ff%2Ff3faef3a-deff-4f35-bd29-8e900450db9e.gif%3Fversion%3D636398470800000000%26amp%3Bwidth%3D128%26amp%3Bheight%3D128%26amp%3Bauto%3Dwebp%26amp%3Bformat%3Dpjpg","girl"
25,"North Mason vs Sequim",Girls Volleyball,"Washington",9/24/2026,6:30pm,"The North Mason varsity volleyball team has an away conference match @  Sequim (WA) on Thursday, September 24 @ 6:30p.","/wa/volleyball/match/north-mason-belfair-vs-sequim/9-24-2026/?c=e9350a47-2eac-41e1-bb51-5e2d36b9e1f7","https://www.maxpreps.com/wa/volleyball/match/north-mason-belfair-vs-sequim/9-24-2026/?c=e9350a47-2eac-41e1-bb51-5e2d36b9e1f7","/volleyball/wa/b4f?9/24/2026","North Mason","Bulldogs","https://www.maxpreps.com/wa/north-mason-belfair/volleyball/","https://www.maxpreps.com/wa/sequim/volleyball/","https://hsfootball.net/proxy.php?url=https%3A%2F%2Fimage.maxpreps.io%2Fschool-mascot%2F5%2F7%2F0%2F5706a8cd-7760-4435-818f-4de77d7d869d.gif%3Fversion%3D635525975400000000%26amp%3Bwidth%3D128%26amp%3Bheight%3D128%26amp%3Bauto%3Dwebp%26amp%3Bformat%3Dpjpg","https://hsfootball.net/proxy.php?url=https%3A%2F%2Fimage.maxpreps.io%2Fschool-mascot%2F5%2F7%2F0%2F5706a8cd-7760-4435-818f-4de77d7d869d.gif%3Fversion%3D635525975400000000%26amp%3Bwidth%3D32%26amp%3Bheight%3D32%26amp%3Bauto%3Dwebp%26amp%3Bformat%3Dpjpg","girl"
26,"Wapato vs College Place",Girls Volleyball,"Washington",9/24/2026,6:30pm,"The Wapato varsity volleyball team has an away conference match @  College Place (WA) on Thursday, September 24 @ 6:30p.","/wa/volleyball/match/college-place-vs-wapato/9-24-2026/?c=e6d6b0d5-d94b-450b-a54b-83ca58393429","https://www.maxpreps.com/wa/volleyball/match/college-place-vs-wapato/9-24-2026/?c=e6d6b0d5-d94b-450b-a54b-83ca58393429","/volleyball/wa/8dc?9/24/2026","Wapato","Wolves","https://www.maxpreps.com/wa/college-place/volleyball/","https://www.maxpreps.com/wa/wapato/volleyball/","https://hsfootball.net/proxy.php?url=https%3A%2F%2Fimage.maxpreps.io%2Fschool-mascot%2F5%2F6%2F1%2F561f12ec-6b22-4ea2-8d9e-bb5b6aae80a0.gif%3Fversion%3D635917296600000000%26amp%3Bwidth%3D128%26amp%3Bheight%3D128%26amp%3Bauto%3Dwebp%26amp%3Bformat%3Dpjpg","https://hsfootball.net/proxy.php?url=https%3A%2F%2Fimage.maxpreps.io%2Fschool-mascot%2Fc%2F2%2F6%2Fc2668859-cd59-4b03-ac84-f7b66a7d8518.gif%3Fversion%3D636249818400000000%26amp%3Bwidth%3D128%26amp%3Bheight%3D128%26amp%3Bauto%3Dwebp%26amp%3Bformat%3Dpjpg","girl"
27,"Warden vs Mabton",Girls Volleyball,"Washington",9/24/2026,6:30pm,"The Warden varsity volleyball team has an away non-conference match @  Mabton (WA) on Thursday, September 24 @ 6:30p.","/wa/volleyball/match/mabton-vs-warden/9-24-2026/?c=614965a0-607b-4bcf-8494-c65877c89bfe","https://www.maxpreps.com/wa/volleyball/match/mabton-vs-warden/9-24-2026/?c=614965a0-607b-4bcf-8494-c65877c89bfe","/volleyball/wa/645?9/24/2026","Warden","Cougars","https://www.maxpreps.com/wa/mabton/volleyball/","https://www.maxpreps.com/wa/warden/volleyball/","https://hsfootball.net/proxy.php?url=https%3A%2F%2Fimage.maxpreps.io%2Fschool-mascot%2F2%2Fb%2Fa%2F2ba8d14d-ed9d-4f20-8f7e-8bbc5d5384b2.gif%3Fversion%3D634696108200000000%26amp%3Bwidth%3D128%26amp%3Bheight%3D128%26amp%3Bauto%3Dwebp%26amp%3Bformat%3Dpjpg","https://hsfootball.net/proxy.php?url=https%3A%2F%2Fimage.maxpreps.io%2Fschool-mascot%2F2%2Fc%2Fc%2F2cc4388e-e8d2-4397-bbbb-305d34248fc8.gif%3Fversion%3D637586559600000000%26amp%3Bwidth%3D128%26amp%3Bheight%3D128%26amp%3Bauto%3Dwebp%26amp%3Bformat%3Dpjpg","girl"
28,"Elma vs Hoquiam",Girls Volleyball,"Washington",9/24/2026,6:30pm,"The Elma varsity volleyball team has an away conference match @  Hoquiam (WA) on Thursday, September 24 @ 6:30p.","/wa/volleyball/match/elma-vs-hoquiam/9-24-2026/?c=d95449dd-5bf3-4d65-aa97-701aa1b70fac","https://www.maxpreps.com/wa/volleyball/match/elma-vs-hoquiam/9-24-2026/?c=d95449dd-5bf3-4d65-aa97-701aa1b70fac","/volleyball/wa/5d6?9/24/2026","Elma","Eagles","https://www.maxpreps.com/wa/elma/volleyball/","https://www.maxpreps.com/wa/hoquiam/volleyball/","https://hsfootball.net/proxy.php?url=https%3A%2F%2Fimage.maxpreps.io%2Fschool-mascot%2F6%2F7%2Ff%2F67f59301-39bd-4150-b3ec-6d0dd0383007.gif%3Fversion%3D635983961400000000%26amp%3Bwidth%3D128%26amp%3Bheight%3D128%26amp%3Bauto%3Dwebp%26amp%3Bformat%3Dpjpg","https://hsfootball.net/proxy.php?url=https%3A%2F%2Fimage.maxpreps.io%2Fschool-mascot%2F7%2F6%2F2%2F762ca55b-9b55-4a5f-9d6f-a1d8620f3f45.gif%3Fversion%3D637018494600000000%26amp%3Bwidth%3D128%26amp%3Bheight%3D128%26amp%3Bauto%3Dwebp%26amp%3Bformat%3Dpjpg","girl"
29,"DeSales vs Riverside Christian",Girls Volleyball,"Washington",9/24/2026,6:30pm,"The DeSales varsity volleyball team has an away conference match @  Riverside Christian (Yakima, WA) on Thursday, September 24 @ 6:30p.","/wa/volleyball/match/desales-walla-walla-vs-riverside-christian-yakima/9-24-2026/?c=e511a26e-cbe9-4813-9bbb-00b808047750","https://www.maxpreps.com/wa/volleyball/match/desales-walla-walla-vs-riverside-christian-yakima/9-24-2026/?c=e511a26e-cbe9-4813-9bbb-00b808047750","/volleyball/wa/1308?9/24/2026","DeSales","Fighting Irish","https://www.maxpreps.com/wa/desales-walla-walla/volleyball/","https://www.maxpreps.com/wa/riverside-christian-yakima/volleyball/","https://hsfootball.net/proxy.php?url=https%3A%2F%2Fimage.maxpreps.io%2Fschool-mascot%2Fc%2F3%2F4%2Fc3418936-f41b-45b4-9f39-7ad4c17767ec.gif%3Fversion%3D636142782000000000%26amp%3Bwidth%3D128%26amp%3Bheight%3D128%26amp%3Bauto%3Dwebp%26amp%3Bformat%3Dpjpg","https://hsfootball.net/proxy.php?url=https%3A%2F%2Fimage.maxpreps.io%2Fschool-mascot%2F9%2F6%2Ff%2F96f85ce3-789b-44f9-bf83-3ef6740a474b.gif%3Fversion%3D635034889200000000%26amp%3Bwidth%3D128%26amp%3Bheight%3D128%26amp%3Bauto%3Dwebp%26amp%3Bformat%3Dpjpg","girl"
30,"Tri-Cities Prep vs River View",Girls Volleyball,"Washington",9/24/2026,6:30pm,"The Tri-Cities Prep varsity volleyball team has an away conference match @  River View (Kennewick, WA) on Thursday, September 24 @ 6:30p.","/wa/volleyball/match/river-view-kennewick-vs-tri-cities-prep-pasco/9-24-2026/?c=c7024750-1f2d-4a9e-afc5-1a8acb3201a9","https://www.maxpreps.com/wa/volleyball/match/river-view-kennewick-vs-tri-cities-prep-pasco/9-24-2026/?c=c7024750-1f2d-4a9e-afc5-1a8acb3201a9","/volleyball/wa/1163?9/24/2026","Tri-Cities Prep","Jaguars","https://www.maxpreps.com/wa/river-view-kennewick/volleyball/","https://www.maxpreps.com/wa/tri-cities-prep-pasco/volleyball/","https://hsfootball.net/proxy.php?url=https%3A%2F%2Fimage.maxpreps.io%2Fschool-mascot%2Fb%2F9%2F1%2Fb91686e1-924d-477f-a000-905bb62c686d.gif%3Fversion%3D636098841000000000%26amp%3Bwidth%3D128%26amp%3Bheight%3D128%26amp%3Bauto%3Dwebp%26amp%3Bformat%3Dpjpg","https://hsfootball.net/proxy.php?url=https%3A%2F%2Fimage.maxpreps.io%2Fschool-mascot%2F5%2Fd%2Fa%2F5dabf003-35bc-4c05-895a-bd6819a41fdf.gif%3Fversion%3D636832338600000000%26amp%3Bwidth%3D128%26amp%3Bheight%3D128%26amp%3Bauto%3Dwebp%26amp%3Bformat%3Dpjpg","girl"
31,"Okanogan vs Bridgeport",Girls Volleyball,"Washington",9/24/2026,6:30pm,"The Okanogan varsity volleyball team has an away conference match @  Bridgeport (WA) on Thursday, September 24 @ 6:30p.","/wa/volleyball/match/bridgeport-mustangs-and-fillies-vs-okanogan/9-24-2026/?c=a40acb99-26bd-4291-ac76-2c571bd13941","https://www.maxpreps.com/wa/volleyball/match/bridgeport-mustangs-and-fillies-vs-okanogan/9-24-2026/?c=a40acb99-26bd-4291-ac76-2c571bd13941","/volleyball/wa/10d7?9/24/2026","Okanogan","Bulldogs","https://www.maxpreps.com/wa/bridgeport-mustangs-and-fillies/volleyball/","https://www.maxpreps.com/wa/okanogan/volleyball/","https://hsfootball.net/proxy.php?url=https%3A%2F%2Fimage.maxpreps.io%2Fschool-mascot%2F5%2F3%2Fb%2F53b062fa-d42e-40f6-9e6a-ceea670f82c7.gif%3Fversion%3D635152783800000000%26amp%3Bwidth%3D128%26amp%3Bheight%3D128%26amp%3Bauto%3Dwebp%26amp%3Bformat%3Dpjpg","https://hsfootball.net/proxy.php?url=https%3A%2F%2Fimage.maxpreps.io%2Fschool-mascot%2F3%2F0%2Fe%2F30e49f08-9b3f-43c7-8dc5-707d86ca2178.gif%3Fversion%3D636837717600000000%26amp%3Bwidth%3D128%26amp%3Bheight%3D128%26amp%3Bauto%3Dwebp%26amp%3Bformat%3Dpjpg","girl"
32,"Grandview vs Selah",Girls Volleyball,"Washington",9/24/2026,6:30pm,"The Grandview varsity volleyball team has an away conference match @  Selah (WA) on Thursday, September 24 @ 6:30p.","/wa/volleyball/match/grandview-vs-selah/9-24-2026/?c=5cd219a3-41b0-4dec-a72c-fad6dfd190eb","https://www.maxpreps.com/wa/volleyball/match/grandview-vs-selah/9-24-2026/?c=5cd219a3-41b0-4dec-a72c-fad6dfd190eb","/volleyball/wa/717?9/24/2026","Grandview","Greyhounds","https://www.maxpreps.com/wa/grandview/volleyball/","https://www.maxpreps.com/wa/selah/volleyball/","https://hsfootball.net/proxy.php?url=https%3A%2F%2Fimage.maxpreps.io%2Fschool-mascot%2F8%2F8%2F9%2F88980ffa-4112-4584-8078-5727b2a84f0c.gif%3Fversion%3D636522049200000000%26amp%3Bwidth%3D128%26amp%3Bheight%3D128%26amp%3Bauto%3Dwebp%26amp%3Bformat%3Dpjpg","https://hsfootball.net/proxy.php?url=https%3A%2F%2Fimage.maxpreps.io%2Fschool-mascot%2Fe%2Ff%2F2%2Fef24eed8-a58f-454d-80e1-4afb119fbfc9.gif%3Fversion%3D636452083800000000%26amp%3Bwidth%3D128%26amp%3Bheight%3D128%26amp%3Bauto%3Dwebp%26amp%3Bformat%3Dpjpg","girl"
33,"La Salle vs Kittitas",Girls Volleyball,"Washington",9/24/2026,6:30pm,"The La Salle varsity volleyball team has an away conference match @  Kittitas (WA) on Thursday, September 24 @ 6:30p.","/wa/volleyball/match/kittitas-vs-la-salle-union-gap/9-24-2026/?c=37cf31d1-83b3-4d46-ad12-7ea979afc469","https://www.maxpreps.com/wa/volleyball/match/kittitas-vs-la-salle-union-gap/9-24-2026/?c=37cf31d1-83b3-4d46-ad12-7ea979afc469","/volleyball/wa/b76?9/24/2026","La Salle","Lightning","https://www.maxpreps.com/wa/kittitas/volleyball/","https://www.maxpreps.com/wa/la-salle-union-gap/volleyball/","https://hsfootball.net/proxy.php?url=https%3A%2F%2Fimage.maxpreps.io%2Fschool-mascot%2F8%2F2%2F5%2F825c76a1-5702-4dc9-97be-f64156402472.gif%3Fversion%3D636467956200000000%26amp%3Bwidth%3D128%26amp%3Bheight%3D128%26amp%3Bauto%3Dwebp%26amp%3Bformat%3Dpjpg","https://hsfootball.net/proxy.php?url=https%3A%2F%2Fimage.maxpreps.io%2Fschool-mascot%2Fe%2F6%2F0%2Fe6025587-68ab-4ffc-9c73-6357817e4a3e.gif%3Fversion%3D635844693600000000%26amp%3Bwidth%3D128%26amp%3Bheight%3D128%26amp%3Bauto%3Dwebp%26amp%3Bformat%3Dpjpg","girl"
34,"Port Angeles vs Kingston",Girls Volleyball,"Washington",9/24/2026,6:30pm,"The Port Angeles varsity volleyball team has an away conference match @  Kingston (WA) on Thursday, September 24 @ 6:30p.","/wa/volleyball/match/kingston-vs-port-angeles/9-24-2026/?c=cbb4dbd5-3e95-43ed-82bc-b1af4faa4f1b","https://www.maxpreps.com/wa/volleyball/match/kingston-vs-port-angeles/9-24-2026/?c=cbb4dbd5-3e95-43ed-82bc-b1af4faa4f1b","/volleyball/wa/981?9/24/2026","Port Angeles","Roughriders","https://www.maxpreps.com/wa/kingston/volleyball/","https://www.maxpreps.com/wa/port-angeles/volleyball/","https://hsfootball.net/proxy.php?url=https%3A%2F%2Fimage.maxpreps.io%2Fschool-mascot%2F4%2Fe%2Ff%2F4ef1be36-b36b-49ad-bd38-cd7a2e553e28.gif%3Fversion%3D635646982200000000%26amp%3Bwidth%3D128%26amp%3Bheight%3D128%26amp%3Bauto%3Dwebp%26amp%3Bformat%3Dpjpg","https://hsfootball.net/proxy.php?url=https%3A%2F%2Fimage.maxpreps.io%2Fschool-mascot%2F7%2Fb%2Fd%2F7bda9815-e9c7-4301-890f-78cde25e63de.gif%3Fversion%3D636519558000000000%26amp%3Bwidth%3D128%26amp%3Bheight%3D128%26amp%3Bauto%3Dwebp%26amp%3Bformat%3Dpjpg","girl"
35,"Reardan vs Davenport",Girls Volleyball,"Washington",9/24/2026,6:30pm,"The Reardan varsity volleyball team has an away conference match @  Davenport (WA) on Thursday, September 24 @ 6:30p.","/wa/volleyball/match/davenport-vs-reardan/9-24-2026/?c=a36db406-a70b-49e2-a96d-fa25a27b5d45","https://www.maxpreps.com/wa/volleyball/match/davenport-vs-reardan/9-24-2026/?c=a36db406-a70b-49e2-a96d-fa25a27b5d45","/volleyball/wa/7f3?9/24/2026","Reardan","Screaming Eagles","https://www.maxpreps.com/wa/davenport/volleyball/","https://www.maxpreps.com/wa/reardan/volleyball/","https://hsfootball.net/proxy.php?url=https%3A%2F%2Fimage.maxpreps.io%2Fschool-mascot%2F6%2Fd%2Fe%2F6de6cb82-ce85-4889-a221-f4d1fb837cbd.gif%3Fversion%3D638055717600000000%26amp%3Bwidth%3D128%26amp%3Bheight%3D128%26amp%3Bauto%3Dwebp%26amp%3Bformat%3Dpjpg","https://hsfootball.net/proxy.php?url=https%3A%2F%2Fimage.maxpreps.io%2Fschool-mascot%2Fe%2F8%2F9%2Fe89d1516-8fc0-4372-abfd-942f5adc0a48.gif%3Fversion%3D635671903800000000%26amp%3Bwidth%3D128%26amp%3Bheight%3D128%26amp%3Bauto%3Dwebp%26amp%3Bformat%3Dpjpg","girl"
36,"Goldendale vs Cle Elum-Roslyn",Girls Volleyball,"Washington",9/24/2026,6:30pm,"The Goldendale varsity volleyball team has an away conference match @  Cle Elum-Roslyn (Cle Elum, WA) on Thursday, September 24 @ 6:30p.","/wa/volleyball/match/cle-elum-roslyn-vs-goldendale/9-24-2026/?c=58b1bf07-c075-4b05-9a38-9a2a3047cb30","https://www.maxpreps.com/wa/volleyball/match/cle-elum-roslyn-vs-goldendale/9-24-2026/?c=58b1bf07-c075-4b05-9a38-9a2a3047cb30","/volleyball/wa/b3a?9/24/2026","Goldendale","Timberwolves","https://www.maxpreps.com/wa/cle-elum-roslyn/volleyball/","https://www.maxpreps.com/wa/goldendale/volleyball/","https://hsfootball.net/proxy.php?url=https%3A%2F%2Fimage.maxpreps.io%2Fschool-mascot%2F2%2Fb%2Fd%2F2bd9615a-d1fe-495f-b8c4-23931cf26394.gif%3Fversion%3D638306215800000000%26amp%3Bwidth%3D128%26amp%3Bheight%3D128%26amp%3Bauto%3Dwebp%26amp%3Bformat%3Dpjpg","https://hsfootball.net/proxy.php?url=https%3A%2F%2Fimage.maxpreps.io%2Fschool-mascot%2F7%2F7%2Fb%2F77b53011-9b5d-4ecc-80c9-8ec6f4f15e25.gif%3Fversion%3D638301291000000000%26amp%3Bwidth%3D128%26amp%3Bheight%3D128%26amp%3Bauto%3Dwebp%26amp%3Bformat%3Dpjpg","girl"
37,"Zillah vs Wahluke",Girls Volleyball,"Washington",9/24/2026,6:30pm,"The Zillah varsity volleyball team has an away conference match @  Wahluke (Mattawa, WA) on Thursday, September 24 @ 6:30p.","/wa/volleyball/match/wahluke-mattawa-vs-zillah/9-24-2026/?c=74a5ff55-fed9-4cb2-b5d2-92136c98a554","https://www.maxpreps.com/wa/volleyball/match/wahluke-mattawa-vs-zillah/9-24-2026/?c=74a5ff55-fed9-4cb2-b5d2-92136c98a554","/volleyball/wa/9d4?9/24/2026","Zillah","Leopards","https://www.maxpreps.com/wa/wahluke-mattawa/volleyball/","https://www.maxpreps.com/wa/zillah/volleyball/","https://hsfootball.net/proxy.php?url=https%3A%2F%2Fimage.maxpreps.io%2Fschool-mascot%2Fb%2F8%2F2%2Fb82f05a5-4df7-47d6-a299-2bd71e33aefc.gif%3Fversion%3D637594561800000000%26amp%3Bwidth%3D128%26amp%3Bheight%3D128%26amp%3Bauto%3Dwebp%26amp%3Bformat%3Dpjpg","https://hsfootball.net/proxy.php?url=https%3A%2F%2Fimage.maxpreps.io%2Fschool-mascot%2Fc%2Ff%2Fd%2Fcfd48a65-36ca-4f42-a59e-ac2620ada37f.gif%3Fversion%3D636392532000000000%26amp%3Bwidth%3D128%26amp%3Bheight%3D128%26amp%3Bauto%3Dwebp%26amp%3Bformat%3Dpjpg","girl"
38,"North Kitsap vs Olympic",Girls Volleyball,"Washington",9/24/2026,6:30pm,"The North Kitsap varsity volleyball team has an away conference match @  Olympic (Bremerton, WA) on Thursday, September 24 @ 6:30p.","/wa/volleyball/match/north-kitsap-poulsbo-vs-olympic-bremerton/9-24-2026/?c=9ba7cb68-51a4-45db-8968-7c92e3678dba","https://www.maxpreps.com/wa/volleyball/match/north-kitsap-poulsbo-vs-olympic-bremerton/9-24-2026/?c=9ba7cb68-51a4-45db-8968-7c92e3678dba","/volleyball/wa/1050?9/24/2026","North Kitsap","Vikings","https://www.maxpreps.com/wa/north-kitsap-poulsbo/volleyball/","https://www.maxpreps.com/wa/olympic-bremerton/volleyball/","https://hsfootball.net/proxy.php?url=https%3A%2F%2Fimage.maxpreps.io%2Fschool-mascot%2Fc%2Fa%2Fa%2Fcaab4d06-97bc-4786-83fa-bbdbd6f1a0d8.gif%3Fversion%3D636505805400000000%26amp%3Bwidth%3D128%26amp%3Bheight%3D128%26amp%3Bauto%3Dwebp%26amp%3Bformat%3Dpjpg","https://hsfootball.net/proxy.php?url=https%3A%2F%2Fimage.maxpreps.io%2Fschool-mascot%2Fe%2Fe%2F8%2Fee81842c-619c-4a11-951b-1ea1ca608bf4.gif%3Fversion%3D636422082600000000%26amp%3Bwidth%3D128%26amp%3Bheight%3D128%26amp%3Bauto%3Dwebp%26amp%3Bformat%3Dpjpg","girl"
39,"Rochester vs Tenino",Girls Volleyball,"Washington",9/24/2026,6:30pm,"The Rochester varsity volleyball team has an away conference match @  Tenino (WA) on Thursday, September 24 @ 6:30p.","/wa/volleyball/match/rochester-vs-tenino/9-24-2026/?c=e40d427a-30ba-4282-b29e-8aab84f63d34","https://www.maxpreps.com/wa/volleyball/match/rochester-vs-tenino/9-24-2026/?c=e40d427a-30ba-4282-b29e-8aab84f63d34","/volleyball/wa/79f?9/24/2026","Rochester","Warriors","https://www.maxpreps.com/wa/rochester/volleyball/","https://www.maxpreps.com/wa/tenino/volleyball/","https://hsfootball.net/proxy.php?url=https%3A%2F%2Fimage.maxpreps.io%2Fschool-mascot%2Fd%2Fb%2F5%2Fdb542e8d-b108-41a3-b233-7dc09c3e0313.gif%3Fversion%3D636589627800000000%26amp%3Bwidth%3D128%26amp%3Bheight%3D128%26amp%3Bauto%3Dwebp%26amp%3Bformat%3Dpjpg","https://hsfootball.net/proxy.php?url=https%3A%2F%2Fimage.maxpreps.io%2Fschool-mascot%2Fa%2F4%2Ff%2Fa4fb82f3-0123-4d79-8363-cd4d1c58c44b.gif%3Fversion%3D637163411400000000%26amp%3Bwidth%3D128%26amp%3Bheight%3D128%26amp%3Bauto%3Dwebp%26amp%3Bformat%3Dpjpg","girl"
40,"Sunnyside vs Eastmont",Girls Volleyball,"Washington",9/24/2026,6:30pm,"The Sunnyside varsity volleyball team has an away conference match @  Eastmont (East Wenatchee, WA) on Thursday, September 24 @ 6:30p.","/wa/volleyball/match/eastmont-east-wenatchee-vs-sunnyside/9-24-2026/?c=1f595bf0-ee86-4818-804d-ab987af1655e","https://www.maxpreps.com/wa/volleyball/match/eastmont-east-wenatchee-vs-sunnyside/9-24-2026/?c=1f595bf0-ee86-4818-804d-ab987af1655e","/volleyball/wa/e4b?9/24/2026","Sunnyside","Grizzlies","https://www.maxpreps.com/wa/eastmont-east-wenatchee/volleyball/","https://www.maxpreps.com/wa/sunnyside/volleyball/","https://hsfootball.net/proxy.php?url=https%3A%2F%2Fimage.maxpreps.io%2Fschool-mascot%2F5%2F8%2Ff%2F58f9e070-3ce0-42f1-9bfc-c742d6b22c15.gif%3Fversion%3D636721831800000000%26amp%3Bwidth%3D128%26amp%3Bheight%3D128%26amp%3Bauto%3Dwebp%26amp%3Bformat%3Dpjpg","https://hsfootball.net/proxy.php?url=https%3A%2F%2Fimage.maxpreps.io%2Fschool-mascot%2F0%2F6%2Fa%2F06a7e0ef-aa9a-4672-88c8-d4bc1f726b66.gif%3Fversion%3D635580385200000000%26amp%3Bwidth%3D128%26amp%3Bheight%3D128%26amp%3Bauto%3Dwebp%26amp%3Bformat%3Dpjpg","girl"
41,"Pateros vs Entiat",Girls Volleyball,"Washington",9/24/2026,6:30pm,"The Pateros varsity volleyball team has an away conference match @  Entiat (WA) on Thursday, September 24 @ 6:30p.","/wa/volleyball/match/entiat-vs-pateros/9-24-2026/?c=74dc15d1-775b-4877-8415-cb21b9d3bf88","https://www.maxpreps.com/wa/volleyball/match/entiat-vs-pateros/9-24-2026/?c=74dc15d1-775b-4877-8415-cb21b9d3bf88","/volleyball/wa/6c6?9/24/2026","Pateros","Billy Goats","https://www.maxpreps.com/wa/entiat/girls-volleyball/","https://www.maxpreps.com/wa/pateros/girls-volleyball/","https://hsfootball.net/proxy.php?url=https%3A%2F%2Fimage.maxpreps.io%2Fschool-mascot%2Fe%2Fe%2F0%2Fee099942-5306-4952-8116-4f79d67b681a.gif%3Fversion%3D635817136200000000%26amp%3Bwidth%3D128%26amp%3Bheight%3D128%26amp%3Bauto%3Dwebp%26amp%3Bformat%3Dpjpg","https://hsfootball.net/proxy.php?url=https%3A%2F%2Fimage.maxpreps.io%2Fschool-mascot%2Fe%2Fe%2F0%2Fee099942-5306-4952-8116-4f79d67b681a.gif%3Fversion%3D635817136200000000%26amp%3Bwidth%3D32%26amp%3Bheight%3D32%26amp%3Bauto%3Dwebp%26amp%3Bformat%3Dpjpg","girl"
42,"Granger vs Columbia",Girls Volleyball,"Washington",9/24/2026,6:30pm,"The Granger varsity volleyball team has an away conference match @  Columbia (Burbank, WA) on Thursday, September 24 @ 6:30p.","/wa/volleyball/match/columbia-burbank-vs-granger/9-24-2026/?c=fc56b1df-446e-4f7a-b420-6480947f2344","https://www.maxpreps.com/wa/volleyball/match/columbia-burbank-vs-granger/9-24-2026/?c=fc56b1df-446e-4f7a-b420-6480947f2344","/volleyball/wa/a87?9/24/2026","Granger","Spartans","https://www.maxpreps.com/wa/columbia-burbank/girls-volleyball/","https://www.maxpreps.com/wa/granger/girls-volleyball/","https://hsfootball.net/proxy.php?url=https%3A%2F%2Fimage.maxpreps.io%2Fschool-mascot%2F1%2F7%2F3%2F1730a6e8-1b35-4764-a0d4-ac08b4e698e2.gif%3Fversion%3D636135927600000000%26amp%3Bwidth%3D128%26amp%3Bheight%3D128%26amp%3Bauto%3Dwebp%26amp%3Bformat%3Dpjpg","https://hsfootball.net/proxy.php?url=https%3A%2F%2Fimage.maxpreps.io%2Fschool-mascot%2Ff%2F8%2F1%2Ff81e1a6b-e90c-4ba0-a226-92fcec326bf7.gif%3Fversion%3D635508795600000000%26amp%3Bwidth%3D128%26amp%3Bheight%3D128%26amp%3Bauto%3Dwebp%26amp%3Bformat%3Dpjpg","girl"
43,"Royal vs Cashmere",Girls Volleyball,"Washington",9/24/2026,6:30pm,"The Royal varsity volleyball team has an away conference match @  Cashmere (WA) on Thursday, September 24 @ 6:30p.","/wa/volleyball/match/cashmere-vs-royal-royal-city/9-24-2026/?c=43ebcf84-073f-4638-b1df-94ae9d9e921e","https://www.maxpreps.com/wa/volleyball/match/cashmere-vs-royal-royal-city/9-24-2026/?c=43ebcf84-073f-4638-b1df-94ae9d9e921e","/volleyball/wa/aec?9/24/2026","Royal","Knights","https://www.maxpreps.com/wa/cashmere/girls-volleyball/","https://www.maxpreps.com/wa/royal-royal-city/girls-volleyball/","https://hsfootball.net/proxy.php?url=https%3A%2F%2Fimage.maxpreps.io%2Fschool-mascot%2Fd%2F4%2Fd%2Fd4d5acdf-0c15-4c79-857b-3b11568a996a.gif%3Fversion%3D636721746000000000%26amp%3Bwidth%3D128%26amp%3Bheight%3D128%26amp%3Bauto%3Dwebp%26amp%3Bformat%3Dpjpg","https://hsfootball.net/proxy.php?url=https%3A%2F%2Fimage.maxpreps.io%2Fschool-mascot%2Fd%2Fa%2F7%2Fda7da111-2fe5-474a-8d4c-cfbee4bd5bc0.gif%3Fversion%3D639106534170208920%26amp%3Bwidth%3D128%26amp%3Bheight%3D128%26amp%3Bauto%3Dwebp%26amp%3Bformat%3Dpjpg","girl"
44,"Colfax vs Asotin",Girls Volleyball,"Washington",9/24/2026,6:30pm,"The Colfax varsity volleyball team has an away conference match @  Asotin (WA) on Thursday, September 24 @ 6:30p.","/wa/volleyball/match/asotin-vs-colfax/9-24-2026/?c=f1046183-6fe9-4406-be8d-34c7a167242f","https://www.maxpreps.com/wa/volleyball/match/asotin-vs-colfax/9-24-2026/?c=f1046183-6fe9-4406-be8d-34c7a167242f","/volleyball/wa/64e?9/24/2026","Colfax","Bulldogs","https://www.maxpreps.com/wa/asotin/girls-volleyball/","https://www.maxpreps.com/wa/colfax/girls-volleyball/","https://hsfootball.net/proxy.php?url=https%3A%2F%2Fimage.maxpreps.io%2Fschool-mascot%2Fc%2F8%2F2%2Fc82f9793-f302-4387-8318-1e965bbd1472.gif%3Fversion%3D636889690200000000%26amp%3Bwidth%3D128%26amp%3Bheight%3D128%26amp%3Bauto%3Dwebp%26amp%3Bformat%3Dpjpg","https://hsfootball.net/proxy.php?url=https%3A%2F%2Fimage.maxpreps.io%2Fschool-mascot%2Fd%2Fd%2F6%2Fdd699234-9d12-4226-8fa2-8eb8a911049a.gif%3Fversion%3D637163410800000000%26amp%3Bwidth%3D128%26amp%3Bheight%3D128%26amp%3Bauto%3Dwebp%26amp%3Bformat%3Dpjpg","girl"
45,"Prosser vs Ellensburg",Girls Volleyball,"Washington",9/24/2026,6:30pm,"The Prosser varsity volleyball team has an away conference match @  Ellensburg (WA) on Thursday, September 24 @ 6:30p.","/wa/volleyball/match/ellensburg-vs-prosser/9-24-2026/?c=de8aabb6-6d21-46a3-af0d-fb5da5699d7c","https://www.maxpreps.com/wa/volleyball/match/ellensburg-vs-prosser/9-24-2026/?c=de8aabb6-6d21-46a3-af0d-fb5da5699d7c","/volleyball/wa/884?9/24/2026","Prosser","Mustangs","https://www.maxpreps.com/wa/ellensburg/girls-volleyball/","https://www.maxpreps.com/wa/prosser/girls-volleyball/","https://hsfootball.net/proxy.php?url=https%3A%2F%2Fimage.maxpreps.io%2Fschool-mascot%2F0%2F1%2F9%2F0196c0cf-bcd1-455c-b0c2-67de8d20d266.gif%3Fversion%3D635598612600000000%26amp%3Bwidth%3D128%26amp%3Bheight%3D128%26amp%3Bauto%3Dwebp%26amp%3Bformat%3Dpjpg","https://hsfootball.net/proxy.php?url=https%3A%2F%2Fimage.maxpreps.io%2Fschool-mascot%2Fe%2F9%2F1%2Fe919190e-963c-4421-8bc9-83e3b87ab089.gif%3Fversion%3D635496715200000000%26amp%3Bwidth%3D128%26amp%3Bheight%3D128%26amp%3Bauto%3Dwebp%26amp%3Bformat%3Dpjpg","girl"
46,"Manson vs Brewster",Girls Volleyball,"Washington",9/24/2026,6:30pm,"The Manson varsity volleyball team has an away conference match @  Brewster (WA) on Thursday, September 24 @ 6:30p.","/wa/volleyball/match/brewster-vs-manson/9-24-2026/?c=1981d832-379b-4173-bbf9-c0a86a73be8e","https://www.maxpreps.com/wa/volleyball/match/brewster-vs-manson/9-24-2026/?c=1981d832-379b-4173-bbf9-c0a86a73be8e","/volleyball/wa/73d?9/24/2026","Manson","Trojans","https://www.maxpreps.com/wa/brewster/girls-volleyball/","https://www.maxpreps.com/wa/manson/girls-volleyball/","https://hsfootball.net/proxy.php?url=https%3A%2F%2Fimage.maxpreps.io%2Fschool-mascot%2Fe%2F9%2Fa%2Fe9a9cbed-61a6-4f69-8b5a-4855968e245a.gif%3Fversion%3D636138507600000000%26amp%3Bwidth%3D128%26amp%3Bheight%3D128%26amp%3Bauto%3Dwebp%26amp%3Bformat%3Dpjpg","https://hsfootball.net/proxy.php?url=https%3A%2F%2Fimage.maxpreps.io%2Fschool-mascot%2Ff%2F5%2F5%2Ff552cffc-257f-4a97-902e-9a04cfa70e63.gif%3Fversion%3D636222412200000000%26amp%3Bwidth%3D128%26amp%3Bheight%3D128%26amp%3Bauto%3Dwebp%26amp%3Bformat%3Dpjpg","girl"
47,"Bainbridge vs Bremerton",Girls Volleyball,"Washington",9/24/2026,6:30pm,"The Bainbridge varsity volleyball team has an away conference match @  Bremerton (WA) on Thursday, September 24 @ 6:30p.","/wa/volleyball/match/bainbridge-bainbridge-island-vs-bremerton/9-24-2026/?c=a5577e5d-2afb-416b-9714-29db17da4584","https://www.maxpreps.com/wa/volleyball/match/bainbridge-bainbridge-island-vs-bremerton/9-24-2026/?c=a5577e5d-2afb-416b-9714-29db17da4584","/volleyball/wa/ff4?9/24/2026","Bainbridge","Spartans","https://www.maxpreps.com/wa/bainbridge-bainbridge-island/girls-volleyball/","https://www.maxpreps.com/wa/bremerton/girls-volleyball/","https://hsfootball.net/proxy.php?url=https%3A%2F%2Fimage.maxpreps.io%2Fschool-mascot%2F9%2F3%2F7%2F937396f4-c9d0-4a28-872f-398edded91e3.gif%3Fversion%3D635642544000000000%26amp%3Bwidth%3D128%26amp%3Bheight%3D128%26amp%3Bauto%3Dwebp%26amp%3Bformat%3Dpjpg","https://hsfootball.net/proxy.php?url=https%3A%2F%2Fimage.maxpreps.io%2Fschool-mascot%2F0%2Fa%2F6%2F0a64c340-2b0e-470a-93ab-d2d5d26934f6.gif%3Fversion%3D635507519400000000%26amp%3Bwidth%3D128%26amp%3Bheight%3D128%26amp%3Bauto%3Dwebp%26amp%3Bformat%3Dpjpg","girl"
48,"Non Varsity Opponent vs White Swan",Girls Volleyball,"Washington",9/24/2026,6:30pm,"The Non Varsity Opponent varsity volleyball team has an away non-conference match @  White Swan (WA) on Thursday, September 24 @ 6:30p.","/wa/volleyball/match/non-varsity-opponent-intl-vs-white-swan-wa/9-24-2026/?c=e535cfac-c16a-4ecb-93c9-16552ed99775","https://www.maxpreps.com/wa/volleyball/match/non-varsity-opponent-intl-vs-white-swan-wa/9-24-2026/?c=e535cfac-c16a-4ecb-93c9-16552ed99775","/volleyball/wa/105d?9/24/2026","Non Varsity Opponent","White Swan","https://www.maxpreps.com/wa/non-varsity-opponent-intl/girls-volleyball/","https://www.maxpreps.com/wa/white-swan-wa/girls-volleyball/","https://hsfootball.net/proxy.php?url=https%3A%2F%2Fimage.maxpreps.io%2Fschool-mascot%2Fa%2Fa%2Fe%2Faae88cef-b322-40f8-8861-35fe292d9e08.gif%3Fversion%3D636439129800000000%26amp%3Bwidth%3D128%26amp%3Bheight%3D128%26amp%3Bauto%3Dwebp%26amp%3Bformat%3Dpjpg","https://hsfootball.net/proxy.php?url=https%3A%2F%2Fimage.maxpreps.io%2Fschool-mascot%2Fa%2Fa%2Fe%2Faae88cef-b322-40f8-8861-35fe292d9e08.gif%3Fversion%3D636439129800000000%26amp%3Bwidth%3D32%26amp%3Bheight%3D32%26amp%3Bauto%3Dwebp%26amp%3Bformat%3Dpjpg","girl"
49,"Eisenhower vs Moses Lake",Girls Volleyball,"Washington",9/24/2026,6:30pm,"The Eisenhower varsity volleyball team has an away conference match @  Moses Lake (WA) on Thursday, September 24 @ 6:30p.","/wa/volleyball/match/eisenhower-yakima-vs-moses-lake/9-24-2026/?c=1d747136-f4c3-4631-ae71-fa4b3da97191","https://www.maxpreps.com/wa/volleyball/match/eisenhower-yakima-vs-moses-lake/9-24-2026/?c=1d747136-f4c3-4631-ae71-fa4b3da97191","/volleyball/wa/c16?9/24/2026","Eisenhower","Cadets","https://www.maxpreps.com/wa/eisenhower-yakima/girls-volleyball/","https://www.maxpreps.com/wa/moses-lake/girls-volleyball/","https://hsfootball.net/proxy.php?url=https%3A%2F%2Fimage.maxpreps.io%2Fschool-mascot%2Fa%2Ff%2F3%2Faf34712f-d1e6-4e7e-8315-c21200847538.gif%3Fversion%3D636249976200000000%26amp%3Bwidth%3D128%26amp%3Bheight%3D128%26amp%3Bauto%3Dwebp%26amp%3Bformat%3Dpjpg","https://hsfootball.net/proxy.php?url=https%3A%2F%2Fimage.maxpreps.io%2Fschool-mascot%2F2%2F1%2F0%2F210a3e28-56ad-4ea0-afe8-4398d27af969.gif%3Fversion%3D637995291600000000%26amp%3Bwidth%3D128%26amp%3Bheight%3D128%26amp%3Bauto%3Dwebp%26amp%3Bformat%3Dpjpg","girl"
50,"Cascade vs Tonasket",Girls Volleyball,"Washington",9/24/2026,6:30pm,"The Cascade varsity volleyball team has an away non-conference match @  Tonasket (WA) on Thursday, September 24 @ 6:30p.","/wa/volleyball/match/cascade-leavenworth-vs-tonasket/9-24-2026/?c=f966bb68-1d94-4f69-8810-bbe23f64ddea","https://www.maxpreps.com/wa/volleyball/match/cascade-leavenworth-vs-tonasket/9-24-2026/?c=f966bb68-1d94-4f69-8810-bbe23f64ddea","/volleyball/wa/c4c?9/24/2026","Cascade","Kodiaks","https://www.maxpreps.com/wa/cascade-leavenworth/girls-volleyball/","https://www.maxpreps.com/wa/tonasket/girls-volleyball/","https://hsfootball.net/proxy.php?url=https%3A%2F%2Fimage.maxpreps.io%2Fschool-mascot%2F2%2F6%2Fb%2F26b90e9b-87c3-4104-ab72-1fa5779b7858.gif%3Fversion%3D634252616400000000%26amp%3Bwidth%3D128%26amp%3Bheight%3D128%26amp%3Bauto%3Dwebp%26amp%3Bformat%3Dpjpg","https://hsfootball.net/proxy.php?url=https%3A%2F%2Fimage.maxpreps.io%2Fschool-mascot%2Fe%2F4%2F9%2Fe49bd4a0-88cf-4d6a-b17b-67eb0ee03054.gif%3Fversion%3D637679952000000000%26amp%3Bwidth%3D128%26amp%3Bheight%3D128%26amp%3Bauto%3Dwebp%26amp%3Bformat%3Dpjpg","girl"
51,"Connell vs Naches Valley",Girls Volleyball,"Washington",9/24/2026,6:30pm,"The Connell varsity volleyball team has an away conference match @  Naches Valley (Naches, WA) on Thursday, September 24 @ 6:30p.","/wa/volleyball/match/connell-vs-naches-valley/9-24-2026/?c=6e342743-5891-4496-b745-552ecefd9375","https://www.maxpreps.com/wa/volleyball/match/connell-vs-naches-valley/9-24-2026/?c=6e342743-5891-4496-b745-552ecefd9375","/volleyball/wa/95a?9/24/2026","Connell","Eagles","https://www.maxpreps.com/wa/connell/girls-volleyball/","https://www.maxpreps.com/wa/naches-valley/girls-volleyball/","https://hsfootball.net/proxy.php?url=https%3A%2F%2Fimage.maxpreps.io%2Fschool-mascot%2Fe%2F8%2F0%2Fe806a0a6-9742-4917-8fa8-f7a387c3ef8d.gif%3Fversion%3D636148870800000000%26amp%3Bwidth%3D128%26amp%3Bheight%3D128%26amp%3Bauto%3Dwebp%26amp%3Bformat%3Dpjpg","https://hsfootball.net/proxy.php?url=https%3A%2F%2Fimage.maxpreps.io%2Fschool-mascot%2Ff%2Ff%2F8%2Fff8bdc99-2d3a-43f2-8016-a0d0bd483623.gif%3Fversion%3D638041173000000000%26amp%3Bwidth%3D128%26amp%3Bheight%3D128%26amp%3Bauto%3Dwebp%26amp%3Bformat%3Dpjpg","girl"
52,"Lake Roosevelt vs Omak",Girls Volleyball,"Washington",9/24/2026,6:30pm,"The Lake Roosevelt varsity volleyball team has an away non-conference match @  Omak (WA) on Thursday, September 24 @ 6:30p.","/wa/volleyball/match/lake-roosevelt-coulee-dam-vs-omak/9-24-2026/?c=d5d3bd24-4099-4aec-ad1c-a082c43d2291","https://www.maxpreps.com/wa/volleyball/match/lake-roosevelt-coulee-dam-vs-omak/9-24-2026/?c=d5d3bd24-4099-4aec-ad1c-a082c43d2291","/volleyball/wa/ca1?9/24/2026","Lake Roosevelt","Raiders","https://www.maxpreps.com/wa/lake-roosevelt-coulee-dam/girls-volleyball/","https://www.maxpreps.com/wa/omak/girls-volleyball/","https://hsfootball.net/proxy.php?url=https%3A%2F%2Fimage.maxpreps.io%2Fschool-mascot%2Fd%2Fd%2F1%2Fdd1a70d0-1432-4fb7-b68e-40aadc8242df.gif%3Fversion%3D635695605000000000%26amp%3Bwidth%3D128%26amp%3Bheight%3D128%26amp%3Bauto%3Dwebp%26amp%3Bformat%3Dpjpg","https://hsfootball.net/proxy.php?url=https%3A%2F%2Fimage.maxpreps.io%2Fschool-mascot%2Fb%2F7%2F3%2Fb7317126-1b21-4b8d-8651-35668f90da46.gif%3Fversion%3D635993532000000000%26amp%3Bwidth%3D128%26amp%3Bheight%3D128%26amp%3Bauto%3Dwebp%26amp%3Bformat%3Dpjpg","girl"
53,"St. George&#x27;s vs Kettle Falls",Girls Volleyball,"Washington",9/24/2026,6:45pm,"The St. George&#x27;s varsity volleyball team has an away conference match @  Kettle Falls (WA) on Thursday, September 24 @ 6:45p.","/wa/volleyball/match/kettle-falls-vs-st-georges-spokane/9-24-2026/?c=b5a33447-9ea6-4946-bafd-888db3efe9af","https://www.maxpreps.com/wa/volleyball/match/kettle-falls-vs-st-georges-spokane/9-24-2026/?c=b5a33447-9ea6-4946-bafd-888db3efe9af","/volleyball/wa/d29?9/24/2026","St. George&#x27;s","Dragons","https://www.maxpreps.com/wa/kettle-falls/girls-volleyball/","https://www.maxpreps.com/wa/st-georges-spokane/girls-volleyball/","https://hsfootball.net/proxy.php?url=https%3A%2F%2Fimage.maxpreps.io%2Fschool-mascot%2F4%2Fc%2Fc%2F4cc73a11-23b4-4161-85ba-05dc8620bc5a.gif%3Fversion%3D635436933000000000%26amp%3Bwidth%3D128%26amp%3Bheight%3D128%26amp%3Bauto%3Dwebp%26amp%3Bformat%3Dpjpg","https://hsfootball.net/proxy.php?url=https%3A%2F%2Fimage.maxpreps.io%2Fschool-mascot%2F5%2F7%2F2%2F572e84d2-f26c-46c8-9e77-e7800f886e02.gif%3Fversion%3D636511715400000000%26amp%3Bwidth%3D128%26amp%3Bheight%3D128%26amp%3Bauto%3Dwebp%26amp%3Bformat%3Dpjpg","girl"
54,"Upper Columbia Academy vs Freeman",Girls Volleyball,"Washington",9/24/2026,6:45pm,"The Upper Columbia Academy varsity volleyball team has an away conference match @  Freeman (Rockford, WA) on Thursday, September 24 @ 6:45p.","/wa/volleyball/match/freeman-rockford-vs-upper-columbia-academy-spangle/9-24-2026/?c=f8b73b75-7323-476d-aff2-3b09e3cb7193","https://www.maxpreps.com/wa/volleyball/match/freeman-rockford-vs-upper-columbia-academy-spangle/9-24-2026/?c=f8b73b75-7323-476d-aff2-3b09e3cb7193","/volleyball/wa/1365?9/24/2026","Upper Columbia Academy","Lions","https://www.maxpreps.com/wa/freeman-rockford/girls-volleyball/","https://www.maxpreps.com/wa/upper-columbia-academy-spangle/girls-volleyball/","https://hsfootball.net/proxy.php?url=https%3A%2F%2Fimage.maxpreps.io%2Fschool-mascot%2Fc%2Ff%2F4%2Fcf43e533-1597-49ee-a404-925a5c35d1a2.gif%3Fversion%3D638054388600000000%26amp%3Bwidth%3D128%26amp%3Bheight%3D128%26amp%3Bauto%3Dwebp%26amp%3Bformat%3Dpjpg","https://hsfootball.net/proxy.php?url=https%3A%2F%2Fimage.maxpreps.io%2Fschool-mascot%2Fd%2Fe%2Fb%2Fdeb53398-73d7-4b69-bbf9-210ba1d93680.gif%3Fversion%3D636092770800000000%26amp%3Bwidth%3D128%26amp%3Bheight%3D128%26amp%3Bauto%3Dwebp%26amp%3Bformat%3Dpjpg","girl"
55,"Chewelah vs Newport",Girls Volleyball,"Washington",9/24/2026,6:45pm,"The Chewelah varsity volleyball team has an away conference match @  Newport (WA) on Thursday, September 24 @ 6:45p.","/wa/volleyball/match/chewelah-vs-newport/9-24-2026/?c=bd8a05c5-558e-41e5-bc2d-7d0ab0e87f61","https://www.maxpreps.com/wa/volleyball/match/chewelah-vs-newport/9-24-2026/?c=bd8a05c5-558e-41e5-bc2d-7d0ab0e87f61","/volleyball/wa/793?9/24/2026","Chewelah","Cougars","https://www.maxpreps.com/wa/chewelah/girls-volleyball/","https://www.maxpreps.com/wa/newport/girls-volleyball/","https://hsfootball.net/proxy.php?url=https%3A%2F%2Fimage.maxpreps.io%2Fschool-mascot%2F5%2F3%2Fe%2F53e272a1-7e4f-4205-a627-c0b5ca7cee12.gif%3Fversion%3D636142041000000000%26amp%3Bwidth%3D128%26amp%3Bheight%3D128%26amp%3Bauto%3Dwebp%26amp%3Bformat%3Dpjpg","https://hsfootball.net/proxy.php?url=https%3A%2F%2Fimage.maxpreps.io%2Fschool-mascot%2F3%2F2%2Fb%2F32b7a2dc-0f54-4558-9257-1e9da425bd04.gif%3Fversion%3D636237917400000000%26amp%3Bwidth%3D128%26amp%3Bheight%3D128%26amp%3Bauto%3Dwebp%26amp%3Bformat%3Dpjpg","girl"
56,"Mossyrock vs Napavine",Girls Volleyball,"Washington",9/24/2026,7:00pm,"The Mossyrock varsity volleyball team has an away non-conference match @  Napavine (WA) on Thursday, September 24 @ 7p.","/wa/volleyball/match/mossyrock-vs-napavine/9-24-2026/?c=f56bdc57-397e-4dd3-8b4f-21bc50fce396","https://www.maxpreps.com/wa/volleyball/match/mossyrock-vs-napavine/9-24-2026/?c=f56bdc57-397e-4dd3-8b4f-21bc50fce396","/volleyball/wa/87f?9/24/2026","Mossyrock","Vikings","https://www.maxpreps.com/wa/mossyrock/girls-volleyball/","https://www.maxpreps.com/wa/napavine/girls-volleyball/","https://hsfootball.net/proxy.php?url=https%3A%2F%2Fimage.maxpreps.io%2Fschool-mascot%2F9%2Fa%2F9%2F9a91e053-59de-4f32-a414-83ba1e075ffd.gif%3Fversion%3D636433192800000000%26amp%3Bwidth%3D128%26amp%3Bheight%3D128%26amp%3Bauto%3Dwebp%26amp%3Bformat%3Dpjpg","https://hsfootball.net/proxy.php?url=https%3A%2F%2Fimage.maxpreps.io%2Fschool-mascot%2Fb%2Ff%2Fd%2Fbfd5900a-64c8-48fd-9ed3-daf89d70b41a.gif%3Fversion%3D635753991600000000%26amp%3Bwidth%3D128%26amp%3Bheight%3D128%26amp%3Bauto%3Dwebp%26amp%3Bformat%3Dpjpg","girl"
57,"Firm Foundation Christian vs Wahkiakum",Girls Volleyball,"Washington",9/24/2026,7:00pm,"The Firm Foundation Christian varsity volleyball team has an away conference match @  Wahkiakum (Cathlamet, WA) on Thursday, September 24 @ 7p.","/wa/volleyball/match/firm-foundation-christian-battle-ground-vs-wahkiakum-cathlamet/9-24-2026/?c=3787615a-2987-4242-aaab-84665358e38a","https://www.maxpreps.com/wa/volleyball/match/firm-foundation-christian-battle-ground-vs-wahkiakum-cathlamet/9-24-2026/?c=3787615a-2987-4242-aaab-84665358e38a","/volleyball/wa/184e?9/24/2026","Firm Foundation Christian","Eagles","https://www.maxpreps.com/wa/firm-foundation-christian-battle-ground/girls-volleyball/","https://www.maxpreps.com/wa/wahkiakum-cathlamet/girls-volleyball/","https://hsfootball.net/proxy.php?url=https%3A%2F%2Fimage.maxpreps.io%2Fschool-mascot%2F2%2F3%2Fe%2F23e7afad-fb9b-4f1f-b190-d034103f3c20.gif%3Fversion%3D636408000000000000%26amp%3Bwidth%3D128%26amp%3Bheight%3D128%26amp%3Bauto%3Dwebp%26amp%3Bformat%3Dpjpg","https://hsfootball.net/proxy.php?url=https%3A%2F%2Fimage.maxpreps.io%2Fschool-mascot%2F2%2F3%2F4%2F234fd1fb-c39d-49d4-8f59-559012c46859.gif%3Fversion%3D635856981600000000%26amp%3Bwidth%3D128%26amp%3Bheight%3D128%26amp%3Bauto%3Dwebp%26amp%3Bformat%3Dpjpg","girl"
58,"Mark Morris vs Washougal",Girls Volleyball,"Washington",9/24/2026,7:00pm,"The Mark Morris varsity volleyball team has an away conference match @  Washougal (WA) on Thursday, September 24 @ 7p.","/wa/volleyball/match/mark-morris-longview-vs-washougal/9-24-2026/?c=f71a2719-2ea3-4090-abfd-f3a72ec72faa","https://www.maxpreps.com/wa/volleyball/match/mark-morris-longview-vs-washougal/9-24-2026/?c=f71a2719-2ea3-4090-abfd-f3a72ec72faa","/volleyball/wa/d1a?9/24/2026","Mark Morris","Monarchs","https://www.maxpreps.com/wa/mark-morris-longview/girls-volleyball/","https://www.maxpreps.com/wa/washougal/girls-volleyball/","https://hsfootball.net/proxy.php?url=https%3A%2F%2Fimage.maxpreps.io%2Fschool-mascot%2F3%2F7%2Fd%2F37dbb643-5251-485c-bbb4-fc10935ff5b2.gif%3Fversion%3D636861655200000000%26amp%3Bwidth%3D128%26amp%3Bheight%3D128%26amp%3Bauto%3Dwebp%26amp%3Bformat%3Dpjpg","https://hsfootball.net/proxy.php?url=https%3A%2F%2Fimage.maxpreps.io%2Fschool-mascot%2F2%2F4%2F2%2F24205256-901a-45e0-9363-9ea6157613bb.gif%3Fversion%3D639007237752791440%26amp%3Bwidth%3D128%26amp%3Bheight%3D128%26amp%3Bauto%3Dwebp%26amp%3Bformat%3Dpjpg","girl"
59,"North Beach vs Ilwaco",Girls Volleyball,"Washington",9/24/2026,7:00pm,"The North Beach varsity volleyball team has an away conference match @  Ilwaco (WA) on Thursday, September 24 @ 7p.","/wa/volleyball/match/ilwaco-vs-north-beach-ocean-shores/9-24-2026/?c=e963f1c0-38fc-403f-a86a-ed5aa0306b6e","https://www.maxpreps.com/wa/volleyball/match/ilwaco-vs-north-beach-ocean-shores/9-24-2026/?c=e963f1c0-38fc-403f-a86a-ed5aa0306b6e","/volleyball/wa/d01?9/24/2026","North Beach","Hyaks","https://www.maxpreps.com/wa/ilwaco/girls-volleyball/","https://www.maxpreps.com/wa/north-beach-ocean-shores/girls-volleyball/","https://hsfootball.net/proxy.php?url=https%3A%2F%2Fimage.maxpreps.io%2Fschool-mascot%2Fc%2F9%2F8%2Fc98ecb41-83ca-43e1-8c09-33c41f979a2e.gif%3Fversion%3D637722403200000000%26amp%3Bwidth%3D128%26amp%3Bheight%3D128%26amp%3Bauto%3Dwebp%26amp%3Bformat%3Dpjpg","https://hsfootball.net/proxy.php?url=https%3A%2F%2Fimage.maxpreps.io%2Fschool-mascot%2F6%2F0%2Ff%2F60f34ccf-a300-4d45-8360-f6964ecebce1.gif%3Fversion%3D636506667000000000%26amp%3Bwidth%3D128%26amp%3Bheight%3D128%26amp%3Bauto%3Dwebp%26amp%3Bformat%3Dpjpg","girl"
60,"Nooksack Valley vs Mount Vernon",Girls Volleyball,"Washington",9/24/2026,7:00pm,"The Nooksack Valley varsity volleyball team has an away conference match @  Mount Vernon (WA) on Thursday, September 24 @ 7p.","/wa/volleyball/match/mount-vernon-vs-nooksack-valley-everson/9-24-2026/?c=751f19f9-bba5-48a5-ab53-3b45292f8ca2","https://www.maxpreps.com/wa/volleyball/match/mount-vernon-vs-nooksack-valley-everson/9-24-2026/?c=751f19f9-bba5-48a5-ab53-3b45292f8ca2","/volleyball/wa/f7d?9/24/2026","Nooksack Valley","Pioneers","https://www.maxpreps.com/wa/mount-vernon/girls-volleyball/","https://www.maxpreps.com/wa/nooksack-valley-everson/girls-volleyball/","https://hsfootball.net/proxy.php?url=https%3A%2F%2Fimage.maxpreps.io%2Fschool-mascot%2Fd%2F1%2Fd%2Fd1d0954b-62f0-467a-9ed8-a4cce86d3512.gif%3Fversion%3D636518880600000000%26amp%3Bwidth%3D128%26amp%3Bheight%3D128%26amp%3Bauto%3Dwebp%26amp%3Bformat%3Dpjpg","https://hsfootball.net/proxy.php?url=https%3A%2F%2Fimage.maxpreps.io%2Fschool-mascot%2Fa%2F7%2F3%2Fa730c762-7d02-4e34-8add-50957b5622bd.gif%3Fversion%3D637544577000000000%26amp%3Bwidth%3D128%26amp%3Bheight%3D128%26amp%3Bauto%3Dwebp%26amp%3Bformat%3Dpjpg","girl"
61,"Snohomish vs Stanwood",Girls Volleyball,"Washington",9/24/2026,7:00pm,"The Snohomish varsity volleyball team has an away conference match @  Stanwood (WA) on Thursday, September 24 @ 7p.","/wa/volleyball/match/snohomish-vs-stanwood/9-24-2026/?c=570e2d08-9fbb-410c-875e-9e40543168cb","https://www.maxpreps.com/wa/volleyball/match/snohomish-vs-stanwood/9-24-2026/?c=570e2d08-9fbb-410c-875e-9e40543168cb","/volleyball/wa/88a?9/24/2026","Snohomish","Panthers","https://www.maxpreps.com/wa/snohomish/girls-volleyball/","https://www.maxpreps.com/wa/stanwood/girls-volleyball/","https://hsfootball.net/proxy.php?url=https%3A%2F%2Fimage.maxpreps.io%2Fschool-mascot%2Fe%2Ff%2F7%2Fef73c9cf-8926-4cad-a6e7-198ea25a1dda.gif%3Fversion%3D635512099200000000%26amp%3Bwidth%3D128%26amp%3Bheight%3D128%26amp%3Bauto%3Dwebp%26amp%3Bformat%3Dpjpg","https://hsfootball.net/proxy.php?url=https%3A%2F%2Fimage.maxpreps.io%2Fschool-mascot%2Ff%2Fd%2F2%2Ffd2423ca-7c0e-415c-a99f-f8cd32b2f903.gif%3Fversion%3D636766815000000000%26amp%3Bwidth%3D128%26amp%3Bheight%3D128%26amp%3Bauto%3Dwebp%26amp%3Bformat%3Dpjpg","girl"
62,"Eastside Catholic vs Seattle Prep",Girls Volleyball,"Washington",9/24/2026,7:00pm,"The Eastside Catholic varsity volleyball team has an away conference match @  Seattle Prep (Seattle, WA) on Thursday, September 24 @ 7p.","/wa/volleyball/match/eastside-catholic-sammamish-vs-seattle-prep/9-24-2026/?c=e5543115-dae0-459c-9464-1a78c88cbdde","https://www.maxpreps.com/wa/volleyball/match/eastside-catholic-sammamish-vs-seattle-prep/9-24-2026/?c=e5543115-dae0-459c-9464-1a78c88cbdde","/volleyball/wa/10cc?9/24/2026","Eastside Catholic","Crusaders","https://www.maxpreps.com/wa/eastside-catholic-sammamish/girls-volleyball/","https://www.maxpreps.com/wa/seattle-prep/girls-volleyball/","https://hsfootball.net/proxy.php?url=https%3A%2F%2Fimage.maxpreps.io%2Fschool-mascot%2F8%2F3%2F1%2F831cad1c-da6a-498a-bc60-4c58a769f4c8.gif%3Fversion%3D635145121200000000%26amp%3Bwidth%3D128%26amp%3Bheight%3D128%26amp%3Bauto%3Dwebp%26amp%3Bformat%3Dpjpg","https://hsfootball.net/proxy.php?url=https%3A%2F%2Fimage.maxpreps.io%2Fschool-mascot%2Fc%2Fb%2F7%2Fcb79c8c3-646d-486a-971e-1ea60390aa05.gif%3Fversion%3D636324334200000000%26amp%3Bwidth%3D128%26amp%3Bheight%3D128%26amp%3Bauto%3Dwebp%26amp%3Bformat%3Dpjpg","girl"
63,"Toutle Lake vs Adna",Girls Volleyball,"Washington",9/24/2026,7:00pm,"The Toutle Lake varsity volleyball team has an away non-conference match @  Adna (WA) on Thursday, September 24 @ 7p.","/wa/volleyball/match/adna-vs-toutle-lake/9-24-2026/?c=55e4727d-f215-408e-a8b0-101e8a01d1fe","https://www.maxpreps.com/wa/volleyball/match/adna-vs-toutle-lake/9-24-2026/?c=55e4727d-f215-408e-a8b0-101e8a01d1fe","/volleyball/wa/73e?9/24/2026","Toutle Lake","Fighting Ducks","https://www.maxpreps.com/wa/adna/girls-volleyball/","https://www.maxpreps.com/wa/toutle-lake/girls-volleyball/","https://hsfootball.net/proxy.php?url=https%3A%2F%2Fimage.maxpreps.io%2Fschool-mascot%2F4%2F7%2Ff%2F47fffbfd-f078-457c-af55-8ef54f10bd9c.gif%3Fversion%3D635501814600000000%26amp%3Bwidth%3D128%26amp%3Bheight%3D128%26amp%3Bauto%3Dwebp%26amp%3Bformat%3Dpjpg","https://hsfootball.net/proxy.php?url=https%3A%2F%2Fimage.maxpreps.io%2Fschool-mascot%2Fc%2Fd%2Fd%2Fcdddcb90-7834-4e66-9c95-e3bbbc2de1d3.gif%3Fversion%3D638500612800000000%26amp%3Bwidth%3D128%26amp%3Bheight%3D128%26amp%3Bauto%3Dwebp%26amp%3Bformat%3Dpjpg","girl"
64,"Hudson&#x27;s Bay vs Woodland",Girls Volleyball,"Washington",9/24/2026,7:00pm,"The Hudson&#x27;s Bay varsity volleyball team has an away conference match @  Woodland (WA) on Thursday, September 24 @ 7p.","/wa/volleyball/match/hudsons-bay-vancouver-vs-woodland/9-24-2026/?c=578f598e-ebdc-49b3-a8f0-f4902e4755d7","https://www.maxpreps.com/wa/volleyball/match/hudsons-bay-vancouver-vs-woodland/9-24-2026/?c=578f598e-ebdc-49b3-a8f0-f4902e4755d7","/volleyball/wa/d0e?9/24/2026","Hudson&#x27;s Bay","Eagles","https://www.maxpreps.com/wa/hudsons-bay-vancouver/girls-volleyball/","https://www.maxpreps.com/wa/woodland/girls-volleyball/","https://hsfootball.net/proxy.php?url=https%3A%2F%2Fimage.maxpreps.io%2Fschool-mascot%2Fa%2Fb%2F7%2Fab716d69-3f0f-4ab4-9a9d-5cb650c50652.gif%3Fversion%3D635917329000000000%26amp%3Bwidth%3D128%26amp%3Bheight%3D128%26amp%3Bauto%3Dwebp%26amp%3Bformat%3Dpjpg","https://hsfootball.net/proxy.php?url=https%3A%2F%2Fimage.maxpreps.io%2Fschool-mascot%2F8%2F4%2F9%2F849ef747-0990-4db5-8fa3-c504bec2aebd.gif%3Fversion%3D635815473000000000%26amp%3Bwidth%3D128%26amp%3Bheight%3D128%26amp%3Bauto%3Dwebp%26amp%3Bformat%3Dpjpg","girl"
65,"Hermiston vs Southridge",Girls Volleyball,"Washington",9/24/2026,7:00pm,"The Hermiston varsity volleyball team has an away conference match @  Southridge (Kennewick, WA) on Thursday, September 24 @ 7p.","/wa/volleyball/match/hermiston-bulldogs-vs-southridge-kennewick/9-24-2026/?c=9cb2ff10-f6ac-4b78-9329-e7b160533297","https://www.maxpreps.com/wa/volleyball/match/hermiston-bulldogs-vs-southridge-kennewick/9-24-2026/?c=9cb2ff10-f6ac-4b78-9329-e7b160533297","/volleyball/wa/10cf?9/24/2026","Hermiston","Bulldogs","https://www.maxpreps.com/wa/hermiston-bulldogs/girls-volleyball/","https://www.maxpreps.com/wa/southridge-kennewick/girls-volleyball/","https://hsfootball.net/proxy.php?url=https%3A%2F%2Fimage.maxpreps.io%2Fschool-mascot%2Fe%2F5%2F0%2Fe508838c-c90a-401e-8829-94a32b029859.gif%3Fversion%3D636282742200000000%26amp%3Bwidth%3D128%26amp%3Bheight%3D128%26amp%3Bauto%3Dwebp%26amp%3Bformat%3Dpjpg","https://hsfootball.net/proxy.php?url=https%3A%2F%2Fimage.maxpreps.io%2Fschool-mascot%2F5%2Fe%2F3%2F5e3d45a4-fdb0-444d-a110-6f98ef4b4299.gif%3Fversion%3D637950271800000000%26amp%3Bwidth%3D128%26amp%3Bheight%3D128%26amp%3Bauto%3Dwebp%26amp%3Bformat%3Dpjpg","girl"
66,"Tyee vs Cedarcrest",Girls Volleyball,"Washington",9/24/2026,7:00pm,"The Tyee varsity volleyball team has an away conference match @  Cedarcrest (Duvall, WA) on Thursday, September 24 @ 7p.","/wa/volleyball/match/cedarcrest-duvall-vs-tyee-seatac/9-24-2026/?c=d995e727-93c2-4ade-a555-48b2f79e7908","https://www.maxpreps.com/wa/volleyball/match/cedarcrest-duvall-vs-tyee-seatac/9-24-2026/?c=d995e727-93c2-4ade-a555-48b2f79e7908","/volleyball/wa/c6d?9/24/2026","Tyee","Titans","https://www.maxpreps.com/wa/cedarcrest-duvall/girls-volleyball/","https://www.maxpreps.com/wa/tyee-seatac/girls-volleyball/","https://hsfootball.net/proxy.php?url=https%3A%2F%2Fimage.maxpreps.io%2Fschool-mascot%2Ff%2F5%2Fb%2Ff5bf7017-df7e-4dce-b40c-32cd2ca08ee0.gif%3Fversion%3D638041367400000000%26amp%3Bwidth%3D128%26amp%3Bheight%3D128%26amp%3Bauto%3Dwebp%26amp%3Bformat%3Dpjpg","https://hsfootball.net/proxy.php?url=https%3A%2F%2Fimage.maxpreps.io%2Fschool-mascot%2F7%2F9%2Fa%2F79a7d74f-7f4d-4028-8751-6736f89a9a73.gif%3Fversion%3D636734711400000000%26amp%3Bwidth%3D128%26amp%3Bheight%3D128%26amp%3Bauto%3Dwebp%26amp%3Bformat%3Dpjpg","girl"
67,"Renton vs Evergreen",Girls Volleyball,"Washington",9/24/2026,7:00pm,"The Renton varsity volleyball team has an away conference match @  Evergreen (Seattle, WA) on Thursday, September 24 @ 7p.","/wa/volleyball/match/evergreen-seattle-vs-renton-red-hawks/9-24-2026/?c=15d0afaf-dd0a-4e9b-bb1e-7551c4af58df","https://www.maxpreps.com/wa/volleyball/match/evergreen-seattle-vs-renton-red-hawks/9-24-2026/?c=15d0afaf-dd0a-4e9b-bb1e-7551c4af58df","/volleyball/wa/e6e?9/24/2026","Renton","Redhawks","https://www.maxpreps.com/wa/evergreen-seattle/girls-volleyball/","https://www.maxpreps.com/wa/renton-red-hawks/girls-volleyball/","https://hsfootball.net/proxy.php?url=https%3A%2F%2Fimage.maxpreps.io%2Fschool-mascot%2F9%2F7%2F6%2F9767016f-96db-49c0-a530-e33604be113d.gif%3Fversion%3D638018530800000000%26amp%3Bwidth%3D128%26amp%3Bheight%3D128%26amp%3Bauto%3Dwebp%26amp%3Bformat%3Dpjpg","https://hsfootball.net/proxy.php?url=https%3A%2F%2Fimage.maxpreps.io%2Fschool-mascot%2F7%2F9%2Fc%2F79c394ff-38ec-419d-b3a2-6d6daf2e94a8.gif%3Fversion%3D638780648692797500%26amp%3Bwidth%3D128%26amp%3Bheight%3D128%26amp%3Bauto%3Dwebp%26amp%3Bformat%3Dpjpg","girl"
68,"Burlington-Edison vs Lakewood",Girls Volleyball,"Washington",9/24/2026,7:00pm,"The Burlington-Edison varsity volleyball team has an away conference match @  Lakewood (Arlington, WA) on Thursday, September 24 @ 7p.","/wa/volleyball/match/burlington-edison-vs-lakewood-arlington/9-24-2026/?c=54947b5e-b2ac-4081-95d8-e012523ee826","https://www.maxpreps.com/wa/volleyball/match/burlington-edison-vs-lakewood-arlington/9-24-2026/?c=54947b5e-b2ac-4081-95d8-e012523ee826","/volleyball/wa/f87?9/24/2026","Burlington-Edison","Tigers","https://www.maxpreps.com/wa/burlington-edison/girls-volleyball/","https://www.maxpreps.com/wa/lakewood-arlington/girls-volleyball/","https://hsfootball.net/proxy.php?url=https%3A%2F%2Fimage.maxpreps.io%2Fschool-mascot%2Ff%2Ff%2F5%2Fff5d9731-4868-4612-b454-cedd47b5d0c6.gif%3Fversion%3D636170131800000000%26amp%3Bwidth%3D128%26amp%3Bheight%3D128%26amp%3Bauto%3Dwebp%26amp%3Bformat%3Dpjpg","https://hsfootball.net/proxy.php?url=https%3A%2F%2Fimage.maxpreps.io%2Fschool-mascot%2Fd%2F1%2F6%2Fd16924a1-2e05-4157-9696-0885613b8982.gif%3Fversion%3D636402939000000000%26amp%3Bwidth%3D128%26amp%3Bheight%3D128%26amp%3Bauto%3Dwebp%26amp%3Bformat%3Dpjpg","girl"
69,"Mary M. Knight vs Taholah",Girls Volleyball,"Washington",9/24/2026,7:00pm,"The Mary M. Knight varsity volleyball team has an away conference match @  Taholah (WA) on Thursday, September 24 @ 7p.","/wa/volleyball/match/mary-m-knight-elma-vs-taholah/9-24-2026/?c=4a31d62a-9a2f-4d2a-b22e-0dc11a2f9d1f","https://www.maxpreps.com/wa/volleyball/match/mary-m-knight-elma-vs-taholah/9-24-2026/?c=4a31d62a-9a2f-4d2a-b22e-0dc11a2f9d1f","/volleyball/wa/af5?9/24/2026","Mary M. Knight","Owls","https://www.maxpreps.com/wa/mary-m-knight-elma/girls-volleyball/","https://www.maxpreps.com/wa/taholah/girls-volleyball/","https://hsfootball.net/proxy.php?url=https%3A%2F%2Fimage.maxpreps.io%2Fschool-mascot%2Fb%2F3%2Fc%2Fb3cec37f-594d-40fb-a316-00e9f22f7120.gif%3Fversion%3D636410587200000000%26amp%3Bwidth%3D128%26amp%3Bheight%3D128%26amp%3Bauto%3Dwebp%26amp%3Bformat%3Dpjpg","https://hsfootball.net/proxy.php?url=https%3A%2F%2Fimage.maxpreps.io%2Fschool-mascot%2Fc%2F5%2Fd%2Fc5d35f71-7566-4bc9-8879-590b3d25f425.gif%3Fversion%3D635784465600000000%26amp%3Bwidth%3D128%26amp%3Bheight%3D128%26amp%3Bauto%3Dwebp%26amp%3Bformat%3Dpjpg","girl"
70,"Mariner vs Marysville Getchell",Girls Volleyball,"Washington",9/24/2026,7:00pm,"The Mariner varsity volleyball team has an away conference match @  Marysville Getchell (Marysville, WA) on Thursday, September 24 @ 7p.","/wa/volleyball/match/mariner-everett-vs-marysville-getchell/9-24-2026/?c=33f3b28f-db6e-4755-98cc-7b9fe58388a3","https://www.maxpreps.com/wa/volleyball/match/mariner-everett-vs-marysville-getchell/9-24-2026/?c=33f3b28f-db6e-4755-98cc-7b9fe58388a3","/volleyball/wa/f1a?9/24/2026","Mariner","Marauders","https://www.maxpreps.com/wa/mariner-everett/girls-volleyball/","https://www.maxpreps.com/wa/marysville-getchell/girls-volleyball/","https://hsfootball.net/proxy.php?url=https%3A%2F%2Fimage.maxpreps.io%2Fschool-mascot%2Fd%2F0%2F7%2Fd072711a-5a07-497f-b287-6889a4f86dbb.gif%3Fversion%3D636195913800000000%26amp%3Bwidth%3D128%26amp%3Bheight%3D128%26amp%3Bauto%3Dwebp%26amp%3Bformat%3Dpjpg","https://hsfootball.net/proxy.php?url=https%3A%2F%2Fimage.maxpreps.io%2Fschool-mascot%2F8%2Fe%2F9%2F8e994c78-b4ee-4919-884e-cec2143be22e.gif%3Fversion%3D635793093600000000%26amp%3Bwidth%3D128%26amp%3Bheight%3D128%26amp%3Bauto%3Dwebp%26amp%3Bformat%3Dpjpg","girl"
71,"Castle Rock vs Seton Catholic",Girls Volleyball,"Washington",9/24/2026,7:00pm,"The Castle Rock varsity volleyball team has an away conference match @  Seton Catholic (Vancouver, WA) on Thursday, September 24 @ 7p.","/wa/volleyball/match/castle-rock-vs-seton-catholic-vancouver/9-24-2026/?c=ef540ce2-6ad4-4785-bfbf-b01d13b3c11f","https://www.maxpreps.com/wa/volleyball/match/castle-rock-vs-seton-catholic-vancouver/9-24-2026/?c=ef540ce2-6ad4-4785-bfbf-b01d13b3c11f","/volleyball/wa/f3e?9/24/2026","Castle Rock","Rockets","https://www.maxpreps.com/wa/castle-rock/girls-volleyball/","https://www.maxpreps.com/wa/seton-catholic-vancouver/girls-volleyball/","https://hsfootball.net/proxy.php?url=https%3A%2F%2Fimage.maxpreps.io%2Fschool-mascot%2Fe%2F1%2Fb%2Fe1bcd02e-63aa-496e-9c3e-31a83ebb0fc4.gif%3Fversion%3D635479006200000000%26amp%3Bwidth%3D128%26amp%3Bheight%3D128%26amp%3Bauto%3Dwebp%26amp%3Bformat%3Dpjpg","https://hsfootball.net/proxy.php?url=https%3A%2F%2Fimage.maxpreps.io%2Fschool-mascot%2Ff%2F8%2F5%2Ff85726f6-f33d-43ac-bd2b-2802634cf66b.gif%3Fversion%3D638065450800000000%26amp%3Bwidth%3D128%26amp%3Bheight%3D128%26amp%3Bauto%3Dwebp%26amp%3Bformat%3Dpjpg","girl"
72,"Meadowdale vs Sedro-Woolley",Girls Volleyball,"Washington",9/24/2026,7:00pm,"The Meadowdale varsity volleyball team has an away non-conference match @  Sedro-Woolley (WA) on Thursday, September 24 @ 7p.","/wa/volleyball/match/meadowdale-lynnwood-vs-sedro-woolley/9-24-2026/?c=d89826f5-5ba3-4734-bea1-481467009e25","https://www.maxpreps.com/wa/volleyball/match/meadowdale-lynnwood-vs-sedro-woolley/9-24-2026/?c=d89826f5-5ba3-4734-bea1-481467009e25","/volleyball/wa/e52?9/24/2026","Meadowdale","Mavericks","https://www.maxpreps.com/wa/meadowdale-lynnwood/girls-volleyball/","https://www.maxpreps.com/wa/sedro-woolley/girls-volleyball/","https://hsfootball.net/proxy.php?url=https%3A%2F%2Fimage.maxpreps.io%2Fschool-mascot%2Fa%2F6%2Fb%2Fa6b9f7c1-046c-4d57-9824-85ed6dd289a9.gif%3Fversion%3D637082110200000000%26amp%3Bwidth%3D128%26amp%3Bheight%3D128%26amp%3Bauto%3Dwebp%26amp%3Bformat%3Dpjpg","https://hsfootball.net/proxy.php?url=https%3A%2F%2Fimage.maxpreps.io%2Fschool-mascot%2F7%2Fe%2F5%2F7e5d1fba-7068-4842-9341-8b7c43f8401b.gif%3Fversion%3D636292330200000000%26amp%3Bwidth%3D128%26amp%3Bheight%3D128%26amp%3Bauto%3Dwebp%26amp%3Bformat%3Dpjpg","girl"
73,"R.A. Long vs Columbia River",Girls Volleyball,"Washington",9/24/2026,7:00pm,"The R.A. Long varsity volleyball team has an away conference match @  Columbia River (Vancouver, WA) on Thursday, September 24 @ 7p.","/wa/volleyball/match/columbia-river-vancouver-vs-ra-long-longview/9-24-2026/?c=08b6ba67-cda7-4ff8-a66a-cdccb094cdc7","https://www.maxpreps.com/wa/volleyball/match/columbia-river-vancouver-vs-ra-long-longview/9-24-2026/?c=08b6ba67-cda7-4ff8-a66a-cdccb094cdc7","/volleyball/wa/1132?9/24/2026","R.A. Long","Lumberjacks","https://www.maxpreps.com/wa/columbia-river-vancouver/girls-volleyball/","https://www.maxpreps.com/wa/ra-long-longview/girls-volleyball/","https://hsfootball.net/proxy.php?url=https%3A%2F%2Fimage.maxpreps.io%2Fschool-mascot%2F3%2F6%2F8%2F368ce9af-4559-450a-8d14-24f8d7a7ff02.gif%3Fversion%3D636802067400000000%26amp%3Bwidth%3D128%26amp%3Bheight%3D128%26amp%3Bauto%3Dwebp%26amp%3Bformat%3Dpjpg","https://hsfootball.net/proxy.php?url=https%3A%2F%2Fimage.maxpreps.io%2Fschool-mascot%2F3%2F6%2F8%2F368ce9af-4559-450a-8d14-24f8d7a7ff02.gif%3Fversion%3D636802067400000000%26amp%3Bwidth%3D32%26amp%3Bheight%3D32%26amp%3Bauto%3Dwebp%26amp%3Bformat%3Dpjpg","girl"
74,"Sehome vs Sultan",Girls Volleyball,"Washington",9/24/2026,7:00pm,"The Sehome varsity volleyball team has an away non-conference match @  Sultan (WA) on Thursday, September 24 @ 7p.","/wa/volleyball/match/sehome-bellingham-vs-sultan/9-24-2026/?c=4e86d143-e390-4f9b-9be7-11c68651732a","https://www.maxpreps.com/wa/volleyball/match/sehome-bellingham-vs-sultan/9-24-2026/?c=4e86d143-e390-4f9b-9be7-11c68651732a","/volleyball/wa/a9b?9/24/2026","Sehome","Mariners","https://www.maxpreps.com/wa/sehome-bellingham/girls-volleyball/","https://www.maxpreps.com/wa/sultan/girls-volleyball/","https://hsfootball.net/proxy.php?url=https%3A%2F%2Fimage.maxpreps.io%2Fschool-mascot%2F8%2Fc%2F7%2F8c75d940-769d-4232-809f-984cec11a2da.gif%3Fversion%3D637060345200000000%26amp%3Bwidth%3D128%26amp%3Bheight%3D128%26amp%3Bauto%3Dwebp%26amp%3Bformat%3Dpjpg","https://hsfootball.net/proxy.php?url=https%3A%2F%2Fimage.maxpreps.io%2Fschool-mascot%2F4%2Fc%2F9%2F4c9cc6ff-59ec-4224-acad-015a86a464e1.gif%3Fversion%3D634600658400000000%26amp%3Bwidth%3D128%26amp%3Bheight%3D128%26amp%3Bauto%3Dwebp%26amp%3Bformat%3Dpjpg","girl"
75,"Kennewick vs Walla Walla",Girls Volleyball,"Washington",9/24/2026,7:00pm,"The Kennewick varsity volleyball team has an away conference match @  Walla Walla (WA) on Thursday, September 24 @ 7p.","/wa/volleyball/match/kennewick-vs-walla-walla/9-24-2026/?c=db6b25c9-0367-426f-b38c-29c02896ef75","https://www.maxpreps.com/wa/volleyball/match/kennewick-vs-walla-walla/9-24-2026/?c=db6b25c9-0367-426f-b38c-29c02896ef75","/volleyball/wa/951?9/24/2026","Kennewick","Lions","https://www.maxpreps.com/wa/kennewick/girls-volleyball/","https://www.maxpreps.com/wa/walla-walla/girls-volleyball/","https://hsfootball.net/proxy.php?url=https%3A%2F%2Fimage.maxpreps.io%2Fschool-mascot%2F8%2F6%2F6%2F8661ee30-5fc5-4a62-8c9a-0b00e9476a5a.gif%3Fversion%3D636524746800000000%26amp%3Bwidth%3D128%26amp%3Bheight%3D128%26amp%3Bauto%3Dwebp%26amp%3Bformat%3Dpjpg","https://hsfootball.net/proxy.php?url=https%3A%2F%2Fimage.maxpreps.io%2Fschool-mascot%2F4%2F3%2F1%2F43198a89-80ce-472f-8b58-b589b34feaeb.gif%3Fversion%3D636192950400000000%26amp%3Bwidth%3D128%26amp%3Bheight%3D128%26amp%3Bauto%3Dwebp%26amp%3Bformat%3Dpjpg","girl"
76,"Pullman vs North Central",Girls Volleyball,"Washington",9/24/2026,7:00pm,"The Pullman varsity volleyball team has an away conference match @  North Central (Spokane, WA) on Thursday, September 24 @ 7p.","/wa/volleyball/match/north-central-spokane-vs-pullman/9-24-2026/?c=5cb13d97-2ff9-4410-af36-95c6582cb6ab","https://www.maxpreps.com/wa/volleyball/match/north-central-spokane-vs-pullman/9-24-2026/?c=5cb13d97-2ff9-4410-af36-95c6582cb6ab","/volleyball/wa/c9b?9/24/2026","Pullman","Greyhounds","https://www.maxpreps.com/wa/north-central-spokane/girls-volleyball/","https://www.maxpreps.com/wa/pullman/girls-volleyball/","https://hsfootball.net/proxy.php?url=https%3A%2F%2Fimage.maxpreps.io%2Fschool-mascot%2Fe%2F5%2F6%2Fe5619596-3a93-46af-a5c9-47cc426de00c.gif%3Fversion%3D637738795800000000%26amp%3Bwidth%3D128%26amp%3Bheight%3D128%26amp%3Bauto%3Dwebp%26amp%3Bformat%3Dpjpg","https://hsfootball.net/proxy.php?url=https%3A%2F%2Fimage.maxpreps.io%2Fschool-mascot%2F3%2F7%2F0%2F370d0108-7227-4be6-84c1-7781297ba510.gif%3Fversion%3D637801774200000000%26amp%3Bwidth%3D128%26amp%3Bheight%3D128%26amp%3Bauto%3Dwebp%26amp%3Bformat%3Dpjpg","girl"
77,"Richland vs Pasco",Girls Volleyball,"Washington",9/24/2026,7:00pm,"The Richland varsity volleyball team has an away non-conference match @  Pasco (WA) on Thursday, September 24 @ 7p.","/wa/volleyball/match/pasco-vs-richland/9-24-2026/?c=d020bafb-78f7-4d66-9e4f-c8a74a16d9c4","https://www.maxpreps.com/wa/volleyball/match/pasco-vs-richland/9-24-2026/?c=d020bafb-78f7-4d66-9e4f-c8a74a16d9c4","/volleyball/wa/69e?9/24/2026","Richland","Bombers","https://www.maxpreps.com/wa/pasco/girls-volleyball/","https://www.maxpreps.com/wa/richland/girls-volleyball/","https://hsfootball.net/proxy.php?url=https%3A%2F%2Fimage.maxpreps.io%2Fschool-mascot%2Fe%2Fc%2F7%2Fec71debf-9d64-40ea-b0c3-20ef3e41b365.gif%3Fversion%3D638654601112300830%26amp%3Bwidth%3D128%26amp%3Bheight%3D128%26amp%3Bauto%3Dwebp%26amp%3Bformat%3Dpjpg","https://hsfootball.net/proxy.php?url=https%3A%2F%2Fimage.maxpreps.io%2Fschool-mascot%2F4%2F3%2Fa%2F43a772ad-4e1f-44ba-ac64-0496a442c7f9.gif%3Fversion%3D636305233200000000%26amp%3Bwidth%3D128%26amp%3Bheight%3D128%26amp%3Bauto%3Dwebp%26amp%3Bformat%3Dpjpg","girl"
78,"Nathan Hale vs Garfield",Girls Volleyball,"Washington",9/24/2026,7:00pm,"The Nathan Hale varsity volleyball team has an away conference match @  Garfield (Seattle, WA) on Thursday, September 24 @ 7p.","/wa/volleyball/match/garfield-seattle-vs-nathan-hale-seattle/9-24-2026/?c=c9ee9074-5217-4d13-8180-d0eb7668dece","https://www.maxpreps.com/wa/volleyball/match/garfield-seattle-vs-nathan-hale-seattle/9-24-2026/?c=c9ee9074-5217-4d13-8180-d0eb7668dece","/volleyball/wa/f00?9/24/2026","Nathan Hale","Raiders","https://www.maxpreps.com/wa/garfield-seattle/girls-volleyball/","https://www.maxpreps.com/wa/nathan-hale-seattle/girls-volleyball/","https://hsfootball.net/proxy.php?url=https%3A%2F%2Fimage.maxpreps.io%2Fschool-mascot%2F4%2F1%2Ff%2F41f865c0-43cd-4afd-95dc-8fcadfa137e6.gif%3Fversion%3D636716680800000000%26amp%3Bwidth%3D128%26amp%3Bheight%3D128%26amp%3Bauto%3Dwebp%26amp%3Bformat%3Dpjpg","https://hsfootball.net/proxy.php?url=https%3A%2F%2Fimage.maxpreps.io%2Fschool-mascot%2F2%2F5%2Fd%2F25d76539-4cdb-4da2-99ae-595d916a0181.gif%3Fversion%3D637083675000000000%26amp%3Bwidth%3D128%26amp%3Bheight%3D128%26amp%3Bauto%3Dwebp%26amp%3Bformat%3Dpjpg","girl"
79,"Montesano vs Rainier",Girls Volleyball,"Washington",9/24/2026,7:00pm,"The Montesano varsity volleyball team has an away non-conference match @  Rainier (WA) on Thursday, September 24 @ 7p.","/wa/volleyball/match/montesano-vs-rainier/9-24-2026/?c=bd0dedfe-7525-4e20-9306-b023087021bf","https://www.maxpreps.com/wa/volleyball/match/montesano-vs-rainier/9-24-2026/?c=bd0dedfe-7525-4e20-9306-b023087021bf","/volleyball/wa/801?9/24/2026","Montesano","Bulldogs","https://www.maxpreps.com/wa/montesano/girls-volleyball/","https://www.maxpreps.com/wa/rainier/girls-volleyball/","https://hsfootball.net/proxy.php?url=https%3A%2F%2Fimage.maxpreps.io%2Fschool-mascot%2F2%2Fd%2F2%2F2d2ca533-c723-4102-99f6-de8a50e9b546.gif%3Fversion%3D635816353800000000%26amp%3Bwidth%3D128%26amp%3Bheight%3D128%26amp%3Bauto%3Dwebp%26amp%3Bformat%3Dpjpg","https://hsfootball.net/proxy.php?url=https%3A%2F%2Fimage.maxpreps.io%2Fschool-mascot%2F3%2Ff%2Fb%2F3fbb0dfb-d0df-4c67-8696-800ae9827b52.gif%3Fversion%3D635545038000000000%26amp%3Bwidth%3D128%26amp%3Bheight%3D128%26amp%3Bauto%3Dwebp%26amp%3Bformat%3Dpjpg","girl"
80,"Rogers vs West Valley",Girls Volleyball,"Washington",9/24/2026,7:00pm,"The Rogers varsity volleyball team has an away conference match @  West Valley (Spokane, WA) on Thursday, September 24 @ 7p.","/wa/volleyball/match/rogers-spokane-vs-west-valley-spokane/9-24-2026/?c=b03df8ca-6125-4b0c-acea-b0e648f1c296","https://www.maxpreps.com/wa/volleyball/match/rogers-spokane-vs-west-valley-spokane/9-24-2026/?c=b03df8ca-6125-4b0c-acea-b0e648f1c296","/volleyball/wa/e8e?9/24/2026","Rogers","Pirates","https://www.maxpreps.com/wa/rogers-spokane/girls-volleyball/","https://www.maxpreps.com/wa/west-valley-spokane/girls-volleyball/","https://hsfootball.net/proxy.php?url=https%3A%2F%2Fimage.maxpreps.io%2Fschool-mascot%2F2%2F7%2Fa%2F27a4b068-f65c-4fdc-8ebd-fb077a195caa.gif%3Fversion%3D636444493200000000%26amp%3Bwidth%3D128%26amp%3Bheight%3D128%26amp%3Bauto%3Dwebp%26amp%3Bformat%3Dpjpg","https://hsfootball.net/proxy.php?url=https%3A%2F%2Fimage.maxpreps.io%2Fschool-mascot%2Fc%2F3%2Fd%2Fc3dc1987-24e3-4197-a0c9-44b948f506c9.gif%3Fversion%3D636443617800000000%26amp%3Bwidth%3D128%26amp%3Bheight%3D128%26amp%3Bauto%3Dwebp%26amp%3Bformat%3Dpjpg","girl"
81,"Kalama vs Columbia",Girls Volleyball,"Washington",9/24/2026,7:00pm,"The Kalama varsity volleyball team has an away conference match @  Columbia (White Salmon, WA) on Thursday, September 24 @ 7p.","/wa/volleyball/match/columbia-white-salmon-vs-kalama/9-24-2026/?c=f3708045-7dde-40cb-8f6b-d9af450433df","https://www.maxpreps.com/wa/volleyball/match/columbia-white-salmon-vs-kalama/9-24-2026/?c=f3708045-7dde-40cb-8f6b-d9af450433df","/volleyball/wa/bfb?9/24/2026","Kalama","Chinooks","https://www.maxpreps.com/wa/columbia-white-salmon/girls-volleyball/","https://www.maxpreps.com/wa/kalama/girls-volleyball/","https://hsfootball.net/proxy.php?url=https%3A%2F%2Fimage.maxpreps.io%2Fschool-mascot%2F1%2Fd%2F8%2F1d82a352-ad1a-4ef7-a7db-5793e19a9645.gif%3Fversion%3D635508739800000000%26amp%3Bwidth%3D128%26amp%3Bheight%3D128%26amp%3Bauto%3Dwebp%26amp%3Bformat%3Dpjpg","https://hsfootball.net/proxy.php?url=https%3A%2F%2Fimage.maxpreps.io%2Fschool-mascot%2F4%2F1%2F8%2F41859698-974d-435e-993f-007b4c99f0ad.gif%3Fversion%3D635428612800000000%26amp%3Bwidth%3D128%26amp%3Bheight%3D128%26amp%3Bauto%3Dwebp%26amp%3Bformat%3Dpjpg","girl"
82,"Marysville-Pilchuck vs Everett",Girls Volleyball,"Washington",9/24/2026,7:00pm,"The Marysville-Pilchuck varsity volleyball team has an away conference match @  Everett (WA) on Thursday, September 24 @ 7p.","/wa/volleyball/match/everett-vs-marysville-pilchuck/9-24-2026/?c=50e69784-217b-4f19-913c-dde17383a059","https://www.maxpreps.com/wa/volleyball/match/everett-vs-marysville-pilchuck/9-24-2026/?c=50e69784-217b-4f19-913c-dde17383a059","/volleyball/wa/c0a?9/24/2026","Marysville-Pilchuck","Tomahawks","https://www.maxpreps.com/wa/everett/girls-volleyball/","https://www.maxpreps.com/wa/marysville-pilchuck/girls-volleyball/","https://hsfootball.net/proxy.php?url=https%3A%2F%2Fimage.maxpreps.io%2Fschool-mascot%2F7%2Fb%2Ff%2F7bf0bee3-c5f8-443f-9605-042802423b30.gif%3Fversion%3D637123912200000000%26amp%3Bwidth%3D128%26amp%3Bheight%3D128%26amp%3Bauto%3Dwebp%26amp%3Bformat%3Dpjpg","https://hsfootball.net/proxy.php?url=https%3A%2F%2Fimage.maxpreps.io%2Fschool-mascot%2F7%2Fb%2Ff%2F7bf0bee3-c5f8-443f-9605-042802423b30.gif%3Fversion%3D637123912200000000%26amp%3Bwidth%3D32%26amp%3Bheight%3D32%26amp%3Bauto%3Dwebp%26amp%3Bformat%3Dpjpg","girl"
83,"Meridian vs Mt. Baker",Girls Volleyball,"Washington",9/24/2026,7:00pm,"The Meridian varsity volleyball team has an away conference match @  Mt. Baker (Deming, WA) on Thursday, September 24 @ 7p.","/wa/volleyball/match/meridian-bellingham-vs-mt-baker-deming/9-24-2026/?c=abca2f44-4a17-4bbe-a30a-b485c30f6126","https://www.maxpreps.com/wa/volleyball/match/meridian-bellingham-vs-mt-baker-deming/9-24-2026/?c=abca2f44-4a17-4bbe-a30a-b485c30f6126","/volleyball/wa/e80?9/24/2026","Meridian","Trojans","https://www.maxpreps.com/wa/meridian-bellingham/girls-volleyball/","https://www.maxpreps.com/wa/mt-baker-deming/girls-volleyball/","https://hsfootball.net/proxy.php?url=https%3A%2F%2Fimage.maxpreps.io%2Fschool-mascot%2F1%2Fb%2F5%2F1b5379b8-a77c-4739-b3b4-d0569b8149c9.gif%3Fversion%3D637141607400000000%26amp%3Bwidth%3D128%26amp%3Bheight%3D128%26amp%3Bauto%3Dwebp%26amp%3Bformat%3Dpjpg","https://hsfootball.net/proxy.php?url=https%3A%2F%2Fimage.maxpreps.io%2Fschool-mascot%2F0%2F9%2Fb%2F09be11e1-dee8-4451-bf86-ce76c5f9cbea.gif%3Fversion%3D636432179400000000%26amp%3Bwidth%3D128%26amp%3Bheight%3D128%26amp%3Bauto%3Dwebp%26amp%3Bformat%3Dpjpg","girl"
84,"Willapa Valley vs Wishkah Valley",Girls Volleyball,"Washington",9/24/2026,7:00pm,"The Willapa Valley varsity volleyball team has an away conference match @  Wishkah Valley (Aberdeen, WA) on Thursday, September 24 @ 7p.","/wa/volleyball/match/willapa-valley-menlo-vs-wishkah-valley-aberdeen/9-24-2026/?c=08426572-e956-4526-8648-d1fcf71fabbd","https://www.maxpreps.com/wa/volleyball/match/willapa-valley-menlo-vs-wishkah-valley-aberdeen/9-24-2026/?c=08426572-e956-4526-8648-d1fcf71fabbd","/volleyball/wa/123b?9/24/2026","Willapa Valley","Vikings","https://www.maxpreps.com/wa/willapa-valley-menlo/girls-volleyball/","https://www.maxpreps.com/wa/wishkah-valley-aberdeen/girls-volleyball/","https://hsfootball.net/proxy.php?url=https%3A%2F%2Fimage.maxpreps.io%2Fschool-mascot%2F1%2F5%2F6%2F156cab04-42d1-4057-9fd8-d6ba1f00ab09.gif%3Fversion%3D636124814400000000%26amp%3Bwidth%3D128%26amp%3Bheight%3D128%26amp%3Bauto%3Dwebp%26amp%3Bformat%3Dpjpg","https://hsfootball.net/proxy.php?url=https%3A%2F%2Fimage.maxpreps.io%2Fschool-mascot%2F3%2F9%2F7%2F39763270-9aa9-45ce-9d39-2d89daa20ac4.gif%3Fversion%3D636737571600000000%26amp%3Bwidth%3D128%26amp%3Bheight%3D128%26amp%3Bauto%3Dwebp%26amp%3Bformat%3Dpjpg","girl"
85,"Naselle vs Ocosta",Girls Volleyball,"Washington",9/24/2026,7:00pm,"The Naselle varsity volleyball team has an away conference match @  Ocosta (Westport, WA) on Thursday, September 24 @ 7p.","/wa/volleyball/match/naselle-vs-ocosta-westport/9-24-2026/?c=69cb3b4d-686b-48b2-a565-ac8667c65843","https://www.maxpreps.com/wa/volleyball/match/naselle-vs-ocosta-westport/9-24-2026/?c=69cb3b4d-686b-48b2-a565-ac8667c65843","/volleyball/wa/a65?9/24/2026","Naselle","Comets","https://www.maxpreps.com/wa/naselle/girls-volleyball/","https://www.maxpreps.com/wa/ocosta-westport/girls-volleyball/","https://hsfootball.net/proxy.php?url=https%3A%2F%2Fimage.maxpreps.io%2Fschool-mascot%2F1%2Fc%2F3%2F1c3f43ab-c618-476a-9a73-a1391f64f1d9.gif%3Fversion%3D636192138600000000%26amp%3Bwidth%3D128%26amp%3Bheight%3D128%26amp%3Bauto%3Dwebp%26amp%3Bformat%3Dpjpg","https://hsfootball.net/proxy.php?url=https%3A%2F%2Fimage.maxpreps.io%2Fschool-mascot%2F2%2F8%2F4%2F28412012-a71c-4da8-a9e8-2f0527e27c9d.gif%3Fversion%3D635168321400000000%26amp%3Bwidth%3D128%26amp%3Bheight%3D128%26amp%3Bauto%3Dwebp%26amp%3Bformat%3Dpjpg","girl"
86,"La Center vs Fort Vancouver",Girls Volleyball,"Washington",9/24/2026,7:00pm,"The La Center varsity volleyball team has an away non-conference match @  Fort Vancouver (Vancouver, WA) on Thursday, September 24 @ 7p.","/wa/volleyball/match/fort-vancouver-vs-la-center/9-24-2026/?c=e0f819f1-a54e-4896-9aca-2bab3c2ea081","https://www.maxpreps.com/wa/volleyball/match/fort-vancouver-vs-la-center/9-24-2026/?c=e0f819f1-a54e-4896-9aca-2bab3c2ea081","/volleyball/wa/a7f?9/24/2026","La Center","Wildcats","https://www.maxpreps.com/wa/fort-vancouver/girls-volleyball/","https://www.maxpreps.com/wa/la-center/girls-volleyball/","https://hsfootball.net/proxy.php?url=https%3A%2F%2Fimage.maxpreps.io%2Fschool-mascot%2F2%2F4%2F1%2F241ffdc6-9a35-4256-92d1-233224441393.gif%3Fversion%3D635448558600000000%26amp%3Bwidth%3D128%26amp%3Bheight%3D128%26amp%3Bauto%3Dwebp%26amp%3Bformat%3Dpjpg","https://hsfootball.net/proxy.php?url=https%3A%2F%2Fimage.maxpreps.io%2Fschool-mascot%2F9%2Ff%2F3%2F9f3eef5f-3d79-4fd3-a320-2f76d7feb4fd.gif%3Fversion%3D635090464200000000%26amp%3Bwidth%3D128%26amp%3Bheight%3D128%26amp%3Bauto%3Dwebp%26amp%3Bformat%3Dpjpg","girl"
87,"Clarkston vs Deer Park",Girls Volleyball,"Washington",9/24/2026,7:00pm,"The Clarkston varsity volleyball team has an away conference match @  Deer Park (WA) on Thursday, September 24 @ 7p.","/wa/volleyball/match/clarkston-vs-deer-park/9-24-2026/?c=69dcd397-1db9-4941-8cdd-fc29b826d6b3","https://www.maxpreps.com/wa/volleyball/match/clarkston-vs-deer-park/9-24-2026/?c=69dcd397-1db9-4941-8cdd-fc29b826d6b3","/volleyball/wa/88f?9/24/2026","Clarkston","Bantams","https://www.maxpreps.com/wa/clarkston/girls-volleyball/","https://www.maxpreps.com/wa/deer-park/girls-volleyball/","https://hsfootball.net/proxy.php?url=https%3A%2F%2Fimage.maxpreps.io%2Fschool-mascot%2F2%2F2%2Fa%2F22a5ed34-9661-4d74-88bf-d206dcb6eee9.gif%3Fversion%3D635821561800000000%26amp%3Bwidth%3D128%26amp%3Bheight%3D128%26amp%3Bauto%3Dwebp%26amp%3Bformat%3Dpjpg","https://hsfootball.net/proxy.php?url=https%3A%2F%2Fimage.maxpreps.io%2Fschool-mascot%2F3%2F9%2F4%2F39489fe5-addd-4021-be08-24a91cc3dfea.gif%3Fversion%3D636136872600000000%26amp%3Bwidth%3D128%26amp%3Bheight%3D128%26amp%3Bauto%3Dwebp%26amp%3Bformat%3Dpjpg","girl"
88,"Foster vs Lindbergh",Girls Volleyball,"Washington",9/24/2026,7:00pm,"The Foster varsity volleyball team has an away conference match @  Lindbergh (Renton, WA) on Thursday, September 24 @ 7p.","/wa/volleyball/match/foster-tukwila-vs-lindbergh-renton/9-24-2026/?c=cb569713-7970-4a72-81ac-171d9e2fd601","https://www.maxpreps.com/wa/volleyball/match/foster-tukwila-vs-lindbergh-renton/9-24-2026/?c=cb569713-7970-4a72-81ac-171d9e2fd601","/volleyball/wa/d76?9/24/2026","Foster","Bulldogs","https://www.maxpreps.com/wa/foster-tukwila/girls-volleyball/","https://www.maxpreps.com/wa/lindbergh-renton/girls-volleyball/","https://hsfootball.net/proxy.php?url=https%3A%2F%2Fimage.maxpreps.io%2Fschool-mascot%2F7%2Fc%2F3%2F7c3d13ca-192f-4900-97f0-fb1442f6e32a.gif%3Fversion%3D636475653000000000%26amp%3Bwidth%3D128%26amp%3Bheight%3D128%26amp%3Bauto%3Dwebp%26amp%3Bformat%3Dpjpg","https://hsfootball.net/proxy.php?url=https%3A%2F%2Fimage.maxpreps.io%2Fschool-mascot%2F1%2F5%2F9%2F1598cd25-83bc-4750-9aaa-94658ede2ff4.gif%3Fversion%3D637508215200000000%26amp%3Bwidth%3D128%26amp%3Bheight%3D128%26amp%3Bauto%3Dwebp%26amp%3Bformat%3Dpjpg","girl"
89,"Franklin vs Cleveland",Girls Volleyball,"Washington",9/24/2026,7:00pm,"The Franklin varsity volleyball team has an away conference match @  Cleveland (Seattle, WA) on Thursday, September 24 @ 7p.","/wa/volleyball/match/cleveland-seattle-vs-franklin-seattle/9-24-2026/?c=423ba095-4e58-4c05-b046-3a54de9214f7","https://www.maxpreps.com/wa/volleyball/match/cleveland-seattle-vs-franklin-seattle/9-24-2026/?c=423ba095-4e58-4c05-b046-3a54de9214f7","/volleyball/wa/e84?9/24/2026","Franklin","Quakers","https://www.maxpreps.com/wa/cleveland-seattle/girls-volleyball/","https://www.maxpreps.com/wa/franklin-seattle/girls-volleyball/","https://hsfootball.net/proxy.php?url=https%3A%2F%2Fimage.maxpreps.io%2Fschool-mascot%2F0%2F6%2Fa%2F06a8878c-8508-43ac-be2a-32d580f5efc1.gif%3Fversion%3D637563322200000000%26amp%3Bwidth%3D128%26amp%3Bheight%3D128%26amp%3Bauto%3Dwebp%26amp%3Bformat%3Dpjpg","https://hsfootball.net/proxy.php?url=https%3A%2F%2Fimage.maxpreps.io%2Fschool-mascot%2F2%2Fb%2F2%2F2b261cff-bb6e-46f7-bef8-3f3a0ff8fca8.gif%3Fversion%3D635856982200000000%26amp%3Bwidth%3D128%26amp%3Bheight%3D128%26amp%3Bauto%3Dwebp%26amp%3Bformat%3Dpjpg","girl"
90,"Hanford vs Sageview",Girls Volleyball,"Washington",9/24/2026,7:00pm,"The Hanford varsity volleyball team has an away non-conference match @  Sageview (Pasco, WA) on Thursday, September 24 @ 7p.","/wa/volleyball/match/hanford-richland-vs-sageview-pasco/9-24-2026/?c=bcd95730-c4a2-4963-87e1-4c4bfb60861f","https://www.maxpreps.com/wa/volleyball/match/hanford-richland-vs-sageview-pasco/9-24-2026/?c=bcd95730-c4a2-4963-87e1-4c4bfb60861f","/volleyball/wa/d35?9/24/2026","Hanford","Falcons","https://www.maxpreps.com/wa/hanford-richland/girls-volleyball/","https://www.maxpreps.com/wa/sageview-pasco/girls-volleyball/","https://hsfootball.net/proxy.php?url=https%3A%2F%2Fimage.maxpreps.io%2Fschool-mascot%2F1%2F1%2F3%2F1132c53d-7dff-426b-af86-3bcace639276.gif%3Fversion%3D635594283600000000%26amp%3Bwidth%3D128%26amp%3Bheight%3D128%26amp%3Bauto%3Dwebp%26amp%3Bformat%3Dpjpg","https://hsfootball.net/proxy.php?url=https%3A%2F%2Fimage.maxpreps.io%2Fschool-mascot%2Ff%2F8%2F0%2Ff800c487-99a3-45e4-8899-7b19c7fc3e09.gif%3Fversion%3D638893062218815330%26amp%3Bwidth%3D128%26amp%3Bheight%3D128%26amp%3Bauto%3Dwebp%26amp%3Bformat%3Dpjpg","girl"
91,"Bishop Blanchet vs Holy Names Academy",Girls Volleyball,"Washington",9/24/2026,7:00pm,"The Bishop Blanchet varsity volleyball team has an away conference match @  Holy Names Academy (Seattle, WA) on Thursday, September 24 @ 7p.","/wa/volleyball/match/bishop-blanchet-seattle-vs-holy-names-academy-seattle/9-24-2026/?c=9ff346d7-d61c-4a0c-a45e-e55d68423a58","https://www.maxpreps.com/wa/volleyball/match/bishop-blanchet-seattle-vs-holy-names-academy-seattle/9-24-2026/?c=9ff346d7-d61c-4a0c-a45e-e55d68423a58","/volleyball/wa/1472?9/24/2026","Bishop Blanchet","Bears","https://www.maxpreps.com/wa/bishop-blanchet-seattle/girls-volleyball/","https://www.maxpreps.com/wa/holy-names-academy-seattle/girls-volleyball/","https://hsfootball.net/proxy.php?url=https%3A%2F%2Fimage.maxpreps.io%2Fschool-mascot%2F1%2F0%2F0%2F100b9836-944b-4396-b9b1-4c9e39e6620d.gif%3Fversion%3D636375524400000000%26amp%3Bwidth%3D128%26amp%3Bheight%3D128%26amp%3Bauto%3Dwebp%26amp%3Bformat%3Dpjpg","https://hsfootball.net/proxy.php?url=https%3A%2F%2Fimage.maxpreps.io%2Fschool-mascot%2F3%2F2%2F3%2F32399a68-3aa7-479c-857a-ceae64af9bc8.gif%3Fversion%3D635508681000000000%26amp%3Bwidth%3D128%26amp%3Bheight%3D128%26amp%3Bauto%3Dwebp%26amp%3Bformat%3Dpjpg","girl"
92,"Prairie vs Skyview",Girls Volleyball,"Washington",9/24/2026,7:00pm,"The Prairie varsity volleyball team has an away non-conference match @  Skyview (Vancouver, WA) on Thursday, September 24 @ 7p.","/wa/volleyball/match/prairie-vancouver-vs-skyview-vancouver/9-24-2026/?c=fe6c1e2d-52bd-4744-87dc-5a3da499704c","https://www.maxpreps.com/wa/volleyball/match/prairie-vancouver-vs-skyview-vancouver/9-24-2026/?c=fe6c1e2d-52bd-4744-87dc-5a3da499704c","/volleyball/wa/f4d?9/24/2026","Prairie","Falcons","https://www.maxpreps.com/wa/prairie-vancouver/girls-volleyball/","https://www.maxpreps.com/wa/skyview-vancouver/girls-volleyball/","https://hsfootball.net/proxy.php?url=https%3A%2F%2Fimage.maxpreps.io%2Fschool-mascot%2Fd%2F4%2F1%2Fd41a8db5-c877-418d-aada-66267e3e5345.gif%3Fversion%3D635995951200000000%26amp%3Bwidth%3D128%26amp%3Bheight%3D128%26amp%3Bauto%3Dwebp%26amp%3Bformat%3Dpjpg","https://hsfootball.net/proxy.php?url=https%3A%2F%2Fimage.maxpreps.io%2Fschool-mascot%2F3%2F4%2Fe%2F34eb7be6-b9ae-4aa1-9cac-aa01dda5ba09.gif%3Fversion%3D633697958400000000%26amp%3Bwidth%3D128%26amp%3Bheight%3D128%26amp%3Bauto%3Dwebp%26amp%3Bformat%3Dpjpg","girl"
93,"Cascade vs Monroe",Girls Volleyball,"Washington",9/24/2026,7:00pm,"The Cascade varsity volleyball team has an away conference match @  Monroe (WA) on Thursday, September 24 @ 7p.","/wa/volleyball/match/cascade-everett-vs-monroe/9-24-2026/?c=033c9f9e-1546-4d42-9989-c9272d622bf3","https://www.maxpreps.com/wa/volleyball/match/cascade-everett-vs-monroe/9-24-2026/?c=033c9f9e-1546-4d42-9989-c9272d622bf3","/volleyball/wa/9c3?9/24/2026","Cascade","Bruins","https://www.maxpreps.com/wa/cascade-everett/girls-volleyball/","https://www.maxpreps.com/wa/monroe/girls-volleyball/","https://hsfootball.net/proxy.php?url=https%3A%2F%2Fimage.maxpreps.io%2Fschool-mascot%2F4%2F3%2Fc%2F43cef13f-adc4-484a-b36b-96116ab8df6b.gif%3Fversion%3D636438205800000000%26amp%3Bwidth%3D128%26amp%3Bheight%3D128%26amp%3Bauto%3Dwebp%26amp%3Bformat%3Dpjpg","https://hsfootball.net/proxy.php?url=https%3A%2F%2Fimage.maxpreps.io%2Fschool-mascot%2F4%2Fc%2Fd%2F4cd688f6-b97d-4efd-a1cd-93347a9b296a.gif%3Fversion%3D637535650200000000%26amp%3Bwidth%3D128%26amp%3Bheight%3D128%26amp%3Bauto%3Dwebp%26amp%3Bformat%3Dpjpg","girl"
94,"King&#x27;s Way Christian vs Stevenson",Girls Volleyball,"Washington",9/24/2026,7:00pm,"The King&#x27;s Way Christian varsity volleyball team has an away conference match @  Stevenson (WA) on Thursday, September 24 @ 7p.","/wa/volleyball/match/kings-way-christian-vancouver-vs-stevenson/9-24-2026/?c=a8f98bde-ff60-49b4-9c84-da3a5644ec3d","https://www.maxpreps.com/wa/volleyball/match/kings-way-christian-vancouver-vs-stevenson/9-24-2026/?c=a8f98bde-ff60-49b4-9c84-da3a5644ec3d","/volleyball/wa/10ba?9/24/2026","King&#x27;s Way Christian","Knights","https://www.maxpreps.com/wa/kings-way-christian-vancouver/girls-volleyball/","https://www.maxpreps.com/wa/stevenson/girls-volleyball/","https://hsfootball.net/proxy.php?url=https%3A%2F%2Fimage.maxpreps.io%2Fschool-mascot%2F3%2Fa%2F8%2F3a8f5d20-e83c-4c8d-93df-776714a4a370.gif%3Fversion%3D638840237932928900%26amp%3Bwidth%3D128%26amp%3Bheight%3D128%26amp%3Bauto%3Dwebp%26amp%3Bformat%3Dpjpg","https://hsfootball.net/proxy.php?url=https%3A%2F%2Fimage.maxpreps.io%2Fschool-mascot%2F9%2F6%2Fb%2F96b885b3-4d41-471d-a522-bc97e717d8b1.gif%3Fversion%3D636923076000000000%26amp%3Bwidth%3D128%26amp%3Bheight%3D128%26amp%3Bauto%3Dwebp%26amp%3Bformat%3Dpjpg","girl"
95,"Rainier Beach vs Ingraham",Girls Volleyball,"Washington",9/24/2026,7:00pm,"The Rainier Beach varsity volleyball team has an away conference match @  Ingraham (Seattle, WA) on Thursday, September 24 @ 7p.","/wa/volleyball/match/ingraham-seattle-vs-rainier-beach-seattle/9-24-2026/?c=f6950733-d32e-4e28-8bff-4a3e6e031c49","https://www.maxpreps.com/wa/volleyball/match/ingraham-seattle-vs-rainier-beach-seattle/9-24-2026/?c=f6950733-d32e-4e28-8bff-4a3e6e031c49","/volleyball/wa/fd2?9/24/2026","Rainier Beach","Vikings","https://www.maxpreps.com/wa/ingraham-seattle/girls-volleyball/","https://www.maxpreps.com/wa/rainier-beach-seattle/girls-volleyball/","https://hsfootball.net/proxy.php?url=https%3A%2F%2Fimage.maxpreps.io%2Fschool-mascot%2Fd%2F1%2Fd%2Fd1ded3d1-2ebc-4b4b-94f2-e397086569eb.gif%3Fversion%3D639064524324677690%26amp%3Bwidth%3D128%26amp%3Bheight%3D128%26amp%3Bauto%3Dwebp%26amp%3Bformat%3Dpjpg","https://hsfootball.net/proxy.php?url=https%3A%2F%2Fimage.maxpreps.io%2Fschool-mascot%2F5%2F4%2F7%2F5471a961-1481-42d9-a9d7-eccbef68f5b4.gif%3Fversion%3D635945940000000000%26amp%3Bwidth%3D128%26amp%3Bheight%3D128%26amp%3Bauto%3Dwebp%26amp%3Bformat%3Dpjpg","girl"
96,"Blaine vs Lynden Christian",Girls Volleyball,"Washington",9/24/2026,7:00pm,"The Blaine varsity volleyball team has an away conference match @  Lynden Christian (Lynden, WA) on Thursday, September 24 @ 7p.","/wa/volleyball/match/blaine-vs-lynden-christian/9-24-2026/?c=8fafab37-cb16-4d0c-a67f-58dff650f052","https://www.maxpreps.com/wa/volleyball/match/blaine-vs-lynden-christian/9-24-2026/?c=8fafab37-cb16-4d0c-a67f-58dff650f052","/volleyball/wa/a2a?9/24/2026","Blaine","Borderites","https://www.maxpreps.com/wa/blaine/girls-volleyball/","https://www.maxpreps.com/wa/lynden-christian/girls-volleyball/","https://hsfootball.net/proxy.php?url=https%3A%2F%2Fimage.maxpreps.io%2Fschool-mascot%2F5%2F0%2F8%2F508828fd-3a68-457a-8afe-44c542f1bcfe.gif%3Fversion%3D635567520600000000%26amp%3Bwidth%3D128%26amp%3Bheight%3D128%26amp%3Bauto%3Dwebp%26amp%3Bformat%3Dpjpg","https://hsfootball.net/proxy.php?url=https%3A%2F%2Fimage.maxpreps.io%2Fschool-mascot%2Fe%2F9%2F8%2Fe9851eab-e306-422e-87b0-a2d55fdfeef3.gif%3Fversion%3D636426292800000000%26amp%3Bwidth%3D128%26amp%3Bheight%3D128%26amp%3Bauto%3Dwebp%26amp%3Bformat%3Dpjpg","girl"
97,"Chief Sealth vs Ballard",Girls Volleyball,"Washington",9/24/2026,7:00pm,"The Chief Sealth varsity volleyball team has an away conference match @  Ballard (Seattle, WA) on Thursday, September 24 @ 7p.","/wa/volleyball/match/ballard-seattle-vs-chief-sealth-seattle/9-24-2026/?c=e3cac0b2-f34b-4394-b461-e7cac5ba2cc9","https://www.maxpreps.com/wa/volleyball/match/ballard-seattle-vs-chief-sealth-seattle/9-24-2026/?c=e3cac0b2-f34b-4394-b461-e7cac5ba2cc9","/volleyball/wa/f00?9/24/2026","Chief Sealth","Seahawks","https://www.maxpreps.com/wa/ballard-seattle/girls-volleyball/","https://www.maxpreps.com/wa/chief-sealth-seattle/girls-volleyball/","https://hsfootball.net/proxy.php?url=https%3A%2F%2Fimage.maxpreps.io%2Fschool-mascot%2F8%2Fc%2F9%2F8c9df539-1418-4600-bbd7-1ef1d6e2706f.gif%3Fversion%3D635723733000000000%26amp%3Bwidth%3D128%26amp%3Bheight%3D128%26amp%3Bauto%3Dwebp%26amp%3Bformat%3Dpjpg","https://hsfootball.net/proxy.php?url=https%3A%2F%2Fimage.maxpreps.io%2Fschool-mascot%2F1%2F2%2F3%2F1232f502-8397-4451-ae89-ee762d8b0cc0.gif%3Fversion%3D636573843000000000%26amp%3Bwidth%3D128%26amp%3Bheight%3D128%26amp%3Bauto%3Dwebp%26amp%3Bformat%3Dpjpg","girl"
98,"Ridgefield vs Hockinson",Girls Volleyball,"Washington",9/24/2026,7:00pm,"The Ridgefield varsity volleyball team has an away conference match @  Hockinson (Brush Prairie, WA) on Thursday, September 24 @ 7p.","/wa/volleyball/match/hockinson-brush-prairie-vs-ridgefield/9-24-2026/?c=ec287dd2-1ba4-49b0-bbfa-5370d2e2071c","https://www.maxpreps.com/wa/volleyball/match/hockinson-brush-prairie-vs-ridgefield/9-24-2026/?c=ec287dd2-1ba4-49b0-bbfa-5370d2e2071c","/volleyball/wa/e88?9/24/2026","Ridgefield","Spudders","https://www.maxpreps.com/wa/hockinson-brush-prairie/girls-volleyball/","https://www.maxpreps.com/wa/ridgefield/girls-volleyball/","https://hsfootball.net/proxy.php?url=https%3A%2F%2Fimage.maxpreps.io%2Fschool-mascot%2F4%2F8%2Fd%2F48d17b24-bb0f-48a8-aef0-f8ea3a018d32.gif%3Fversion%3D636304335000000000%26amp%3Bwidth%3D128%26amp%3Bheight%3D128%26amp%3Bauto%3Dwebp%26amp%3Bformat%3Dpjpg","https://hsfootball.net/proxy.php?url=https%3A%2F%2Fimage.maxpreps.io%2Fschool-mascot%2F6%2Fe%2Fd%2F6ed4c308-a786-4fb6-8bdb-8fb6c03dc155.gif%3Fversion%3D638354897400000000%26amp%3Bwidth%3D128%26amp%3Bheight%3D128%26amp%3Bauto%3Dwebp%26amp%3Bformat%3Dpjpg","girl"
99,"Medical Lake vs East Valley",Girls Volleyball,"Washington",9/24/2026,7:00pm,"The Medical Lake varsity volleyball team has an away non-conference match @  East Valley (Spokane, WA) on Thursday, September 24 @ 7p.","/wa/volleyball/match/east-valley-spokane-vs-medical-lake/9-24-2026/?c=fd4a01d0-d7c0-4d31-be9a-72e6e3405a1b","https://www.maxpreps.com/wa/volleyball/match/east-valley-spokane-vs-medical-lake/9-24-2026/?c=fd4a01d0-d7c0-4d31-be9a-72e6e3405a1b","/volleyball/wa/d61?9/24/2026","Medical Lake","Cardinals","https://www.maxpreps.com/wa/east-valley-spokane/girls-volleyball/","https://www.maxpreps.com/wa/medical-lake/girls-volleyball/","https://hsfootball.net/proxy.php?url=https%3A%2F%2Fimage.maxpreps.io%2Fschool-mascot%2F3%2F1%2F8%2F318db0d8-0083-4fb2-8f8e-fcd2ccd0819d.gif%3Fversion%3D635533644600000000%26amp%3Bwidth%3D128%26amp%3Bheight%3D128%26amp%3Bauto%3Dwebp%26amp%3Bformat%3Dpjpg","https://hsfootball.net/proxy.php?url=https%3A%2F%2Fimage.maxpreps.io%2Fschool-mascot%2F9%2F5%2Fb%2F95bd5c00-b840-447e-8158-c6541d168953.gif%3Fversion%3D637038879000000000%26amp%3Bwidth%3D128%26amp%3Bheight%3D128%26amp%3Bauto%3Dwebp%26amp%3Bformat%3Dpjpg","girl"
100,"Forks vs Chief Leschi",Girls Volleyball,"Washington",9/24/2026,7:00pm,"The Forks varsity volleyball team has an away conference match @  Chief Leschi (Puyallup, WA) on Thursday, September 24 @ 7p.","/wa/volleyball/match/chief-leschi-puyallup-vs-forks/9-24-2026/?c=fb944ddc-74ce-4336-9866-581416288093","https://www.maxpreps.com/wa/volleyball/match/chief-leschi-puyallup-vs-forks/9-24-2026/?c=fb944ddc-74ce-4336-9866-581416288093","/volleyball/wa/bb5?9/24/2026","Forks","Spartans","https://www.maxpreps.com/wa/chief-leschi-puyallup/girls-volleyball/","https://www.maxpreps.com/wa/forks/girls-volleyball/","https://hsfootball.net/proxy.php?url=https%3A%2F%2Fimage.maxpreps.io%2Fschool-mascot%2F3%2Fe%2Ff%2F3ef36ce7-3f2b-46d3-85d0-c857291967e7.gif%3Fversion%3D636106582800000000%26amp%3Bwidth%3D128%26amp%3Bheight%3D128%26amp%3Bauto%3Dwebp%26amp%3Bformat%3Dpjpg","https://hsfootball.net/proxy.php?url=https%3A%2F%2Fimage.maxpreps.io%2Fschool-mascot%2F3%2Fe%2Ff%2F3ef36ce7-3f2b-46d3-85d0-c857291967e7.gif%3Fversion%3D636106582800000000%26amp%3Bwidth%3D32%26amp%3Bheight%3D32%26amp%3Bauto%3Dwebp%26amp%3Bformat%3Dpjpg","girl"
101,"Kamiak vs Edmonds-Woodway",Girls Volleyball,"Washington",9/24/2026,7:00pm,"The Kamiak varsity volleyball team has an away conference match @  Edmonds-Woodway (Edmonds, WA) on Thursday, September 24 @ 7p.","/wa/volleyball/match/edmonds-woodway-vs-kamiak-kamiak-knights-mukilteo/9-24-2026/?c=63536699-fd27-4f81-b6f9-b5f6daf66fb1","https://www.maxpreps.com/wa/volleyball/match/edmonds-woodway-vs-kamiak-kamiak-knights-mukilteo/9-24-2026/?c=63536699-fd27-4f81-b6f9-b5f6daf66fb1","/volleyball/wa/1329?9/24/2026","Kamiak","Knights","https://www.maxpreps.com/wa/edmonds-woodway/girls-volleyball/","https://www.maxpreps.com/wa/kamiak-kamiak-knights-mukilteo/girls-volleyball/","https://hsfootball.net/proxy.php?url=https%3A%2F%2Fimage.maxpreps.io%2Fschool-mascot%2F3%2F5%2F2%2F352a833a-21bc-427a-afe1-1ed41d7f687a.gif%3Fversion%3D637148745600000000%26amp%3Bwidth%3D128%26amp%3Bheight%3D128%26amp%3Bauto%3Dwebp%26amp%3Bformat%3Dpjpg","https://hsfootball.net/proxy.php?url=https%3A%2F%2Fimage.maxpreps.io%2Fschool-mascot%2Fd%2F7%2F0%2Fd709a879-4a5a-4be0-a557-83b47d43ed47.gif%3Fversion%3D635309065800000000%26amp%3Bwidth%3D128%26amp%3Bheight%3D128%26amp%3Bauto%3Dwebp%26amp%3Bformat%3Dpjpg","girl"
102,"Mount Si vs Glacier Peak",Girls Volleyball,"Washington",9/24/2026,7:00pm,"The Mount Si varsity volleyball team has an away non-conference match @  Glacier Peak (Snohomish, WA) on Thursday, September 24 @ 7p.","/wa/volleyball/match/glacier-peak-snohomish-vs-mount-si-snoqualmie/9-24-2026/?c=da793ce4-82e6-48e9-854b-3553c091c140","https://www.maxpreps.com/wa/volleyball/match/glacier-peak-snohomish-vs-mount-si-snoqualmie/9-24-2026/?c=da793ce4-82e6-48e9-854b-3553c091c140","/volleyball/wa/1194?9/24/2026","Mount Si","Wildcats","https://www.maxpreps.com/wa/glacier-peak-snohomish/girls-volleyball/","https://www.maxpreps.com/wa/mount-si-snoqualmie/girls-volleyball/","https://hsfootball.net/proxy.php?url=https%3A%2F%2Fimage.maxpreps.io%2Fschool-mascot%2F9%2F4%2F0%2F9400800e-da03-48c9-8e6a-644deeea6f55.gif%3Fversion%3D636554405400000000%26amp%3Bwidth%3D128%26amp%3Bheight%3D128%26amp%3Bauto%3Dwebp%26amp%3Bformat%3Dpjpg","https://hsfootball.net/proxy.php?url=https%3A%2F%2Fimage.maxpreps.io%2Fschool-mascot%2F3%2Fa%2F7%2F3a7fd90d-bb52-44fa-8c67-49e82bac6b4d.gif%3Fversion%3D636391926600000000%26amp%3Bwidth%3D128%26amp%3Bheight%3D128%26amp%3Bauto%3Dwebp%26amp%3Bformat%3Dpjpg","girl"
103,"Lynnwood vs Arlington",Girls Volleyball,"Washington",9/24/2026,7:00pm,"The Lynnwood varsity volleyball team has an away conference match @  Arlington (WA) on Thursday, September 24 @ 7p.","/wa/volleyball/match/arlington-vs-lynnwood-bothell/9-24-2026/?c=0fd1e009-c3d4-4f6b-a284-35140e347b87","https://www.maxpreps.com/wa/volleyball/match/arlington-vs-lynnwood-bothell/9-24-2026/?c=0fd1e009-c3d4-4f6b-a284-35140e347b87","/volleyball/wa/ba2?9/24/2026","Lynnwood","Royals","https://www.maxpreps.com/wa/arlington/girls-volleyball/","https://www.maxpreps.com/wa/lynnwood-bothell/girls-volleyball/","https://hsfootball.net/proxy.php?url=https%3A%2F%2Fimage.maxpreps.io%2Fschool-mascot%2F3%2F4%2F9%2F3494c584-5749-44d5-b4ec-f8d9cd7b4c8e.gif%3Fversion%3D635906926800000000%26amp%3Bwidth%3D128%26amp%3Bheight%3D128%26amp%3Bauto%3Dwebp%26amp%3Bformat%3Dpjpg","https://hsfootball.net/proxy.php?url=https%3A%2F%2Fimage.maxpreps.io%2Fschool-mascot%2Fe%2Fc%2F0%2Fec0dbc35-316c-4344-a2f3-83e518ed7fb3.gif%3Fversion%3D635798987400000000%26amp%3Bwidth%3D128%26amp%3Bheight%3D128%26amp%3Bauto%3Dwebp%26amp%3Bformat%3Dpjpg","girl"
104,"Wenatchee vs West Valley",Girls Volleyball,"Washington",9/24/2026,7:00pm,"The Wenatchee varsity volleyball team has an away conference match @  West Valley (Yakima, WA) on Thursday, September 24 @ 7p.","/wa/volleyball/match/wenatchee-vs-west-valley-yakima/9-24-2026/?c=159ef82a-0dc2-4dcc-839c-df5632595ee5","https://www.maxpreps.com/wa/volleyball/match/wenatchee-vs-west-valley-yakima/9-24-2026/?c=159ef82a-0dc2-4dcc-839c-df5632595ee5","/volleyball/wa/c1d?9/24/2026","Wenatchee","Panthers","https://www.maxpreps.com/wa/wenatchee/girls-volleyball/","https://www.maxpreps.com/wa/west-valley-yakima/girls-volleyball/","https://hsfootball.net/proxy.php?url=https%3A%2F%2Fimage.maxpreps.io%2Fschool-mascot%2F7%2Ff%2Fd%2F7fde0eb1-263e-4b5c-a29e-b70a7632f569.gif%3Fversion%3D635378979600000000%26amp%3Bwidth%3D128%26amp%3Bheight%3D128%26amp%3Bauto%3Dwebp%26amp%3Bformat%3Dpjpg","https://hsfootball.net/proxy.php?url=https%3A%2F%2Fimage.maxpreps.io%2Fschool-mascot%2F3%2F0%2F5%2F305f3086-0e9c-416b-9d44-a8edf4577733.gif%3Fversion%3D637806831000000000%26amp%3Bwidth%3D128%26amp%3Bheight%3D128%26amp%3Bauto%3Dwebp%26amp%3Bformat%3Dpjpg","girl"
105,"Mountain View vs Heritage",Girls Volleyball,"Washington",9/24/2026,7:00pm,"The Mountain View varsity volleyball team has an away conference match @  Heritage (Vancouver, WA) on Thursday, September 24 @ 7p.","/wa/volleyball/match/heritage-vancouver-vs-mountain-view-vancouver/9-24-2026/?c=075a2911-e485-4846-a69c-66256371b234","https://www.maxpreps.com/wa/volleyball/match/heritage-vancouver-vs-mountain-view-vancouver/9-24-2026/?c=075a2911-e485-4846-a69c-66256371b234","/volleyball/wa/11eb?9/24/2026","Mountain View","Thunder","https://www.maxpreps.com/wa/heritage-vancouver/girls-volleyball/","https://www.maxpreps.com/wa/mountain-view-vancouver/girls-volleyball/","https://hsfootball.net/proxy.php?url=https%3A%2F%2Fimage.maxpreps.io%2Fschool-mascot%2F2%2Fe%2F7%2F2e73f2ac-37c3-4142-a881-574bcdea7f4b.gif%3Fversion%3D636787806600000000%26amp%3Bwidth%3D128%26amp%3Bheight%3D128%26amp%3Bauto%3Dwebp%26amp%3Bformat%3Dpjpg","https://hsfootball.net/proxy.php?url=https%3A%2F%2Fimage.maxpreps.io%2Fschool-mascot%2F9%2F1%2Fe%2F91e40467-cf60-4668-8705-23ae318a9496.gif%3Fversion%3D637689509400000000%26amp%3Bwidth%3D128%26amp%3Bheight%3D128%26amp%3Bauto%3Dwebp%26amp%3Bformat%3Dpjpg","girl"
106,"Bothell/Inglemoor vs Lake Stevens",Girls Volleyball,"Washington",9/24/2026,7:00pm,"The Bothell/Inglemoor varsity volleyball team has an away non-conference match @  Lake Stevens (WA) on Thursday, September 24 @ 7p.","/wa/volleyball/match/bothell-inglemoor-vs-lake-stevens/9-24-2026/?c=da854c2c-b0b3-44e5-9a85-20c5e19d31a5","https://www.maxpreps.com/wa/volleyball/match/bothell-inglemoor-vs-lake-stevens/9-24-2026/?c=da854c2c-b0b3-44e5-9a85-20c5e19d31a5","/volleyball/wa/cf8?9/24/2026","Bothell/Inglemoor","Cougars","https://www.maxpreps.com/wa/bothell-inglemoor/girls-volleyball/","https://www.maxpreps.com/wa/lake-stevens/girls-volleyball/","https://hsfootball.net/proxy.php?url=https%3A%2F%2Fimage.maxpreps.io%2Fschool-mascot%2Ff%2F4%2F6%2Ff46544e3-90de-4080-a2eb-4174175e197e.gif%3Fversion%3D637170352800000000%26amp%3Bwidth%3D128%26amp%3Bheight%3D128%26amp%3Bauto%3Dwebp%26amp%3Bformat%3Dpjpg","https://hsfootball.net/proxy.php?url=https%3A%2F%2Fimage.maxpreps.io%2Fschool-mascot%2Ff%2F4%2F6%2Ff46544e3-90de-4080-a2eb-4174175e197e.gif%3Fversion%3D637170352800000000%26amp%3Bwidth%3D32%26amp%3Bheight%3D32%26amp%3Bauto%3Dwebp%26amp%3Bformat%3Dpjpg","girl"
107,"Annie Wright vs Toledo",Girls Volleyball,"Washington",9/24/2026,7:00pm,"The Annie Wright varsity volleyball team has an away non-conference match @  Toledo (WA) on Thursday, September 24 @ 7p.","/wa/volleyball/match/annie-wright-tacoma-vs-toledo/9-24-2026/?c=29bc69b5-2114-4d75-9b8c-416e31e6d47d","https://www.maxpreps.com/wa/volleyball/match/annie-wright-tacoma-vs-toledo/9-24-2026/?c=29bc69b5-2114-4d75-9b8c-416e31e6d47d","/volleyball/wa/b39?9/24/2026","Annie Wright","Gators","https://www.maxpreps.com/wa/annie-wright-tacoma/girls-volleyball/","https://www.maxpreps.com/wa/toledo/girls-volleyball/","https://hsfootball.net/proxy.php?url=https%3A%2F%2Fimage.maxpreps.io%2Fschool-mascot%2F3%2F9%2Ff%2F39f12a0c-233f-47e2-839b-be84ffba916b.gif%3Fversion%3D637157393400000000%26amp%3Bwidth%3D128%26amp%3Bheight%3D128%26amp%3Bauto%3Dwebp%26amp%3Bformat%3Dpjpg","https://hsfootball.net/proxy.php?url=https%3A%2F%2Fimage.maxpreps.io%2Fschool-mascot%2F3%2F9%2Ff%2F39f12a0c-233f-47e2-839b-be84ffba916b.gif%3Fversion%3D637157393400000000%26amp%3Bwidth%3D32%26amp%3Bheight%3D32%26amp%3Bauto%3Dwebp%26amp%3Bformat%3Dpjpg","girl"
108,"Foss vs Steilacoom",Girls Volleyball,"Washington",9/24/2026,7:15pm,"The Foss varsity volleyball team has an away conference match @  Steilacoom (WA) on Thursday, September 24 @ 7:15p.","/wa/volleyball/match/foss-tacoma-vs-steilacoom/9-24-2026/?c=d777a049-bb54-45fa-94cf-3f8a93cd64e5","https://www.maxpreps.com/wa/volleyball/match/foss-tacoma-vs-steilacoom/9-24-2026/?c=d777a049-bb54-45fa-94cf-3f8a93cd64e5","/volleyball/wa/9d0?9/24/2026","Foss","Falcons","https://www.maxpreps.com/wa/foss-tacoma/girls-volleyball/","https://www.maxpreps.com/wa/steilacoom/girls-volleyball/","https://hsfootball.net/proxy.php?url=https%3A%2F%2Fimage.maxpreps.io%2Fschool-mascot%2F5%2Fa%2F4%2F5a420407-8e0c-4187-90af-c7a16524b297.gif%3Fversion%3D635151925200000000%26amp%3Bwidth%3D128%26amp%3Bheight%3D128%26amp%3Bauto%3Dwebp%26amp%3Bformat%3Dpjpg","https://hsfootball.net/proxy.php?url=https%3A%2F%2Fimage.maxpreps.io%2Fschool-mascot%2F6%2F2%2F3%2F623f6cc4-c183-42f2-8fd6-32b2b2c07751.gif%3Fversion%3D638931774798794630%26amp%3Bwidth%3D128%26amp%3Bheight%3D128%26amp%3Bauto%3Dwebp%26amp%3Bformat%3Dpjpg","girl"
109,"Franklin Pierce vs Orting",Girls Volleyball,"Washington",9/24/2026,7:15pm,"The Franklin Pierce varsity volleyball team has an away conference match @  Orting (WA) on Thursday, September 24 @ 7:15p.","/wa/volleyball/match/franklin-pierce-tacoma-vs-orting/9-24-2026/?c=0d7f5959-0d74-41b5-923b-159d607ef7a4","https://www.maxpreps.com/wa/volleyball/match/franklin-pierce-tacoma-vs-orting/9-24-2026/?c=0d7f5959-0d74-41b5-923b-159d607ef7a4","/volleyball/wa/c72?9/24/2026","Franklin Pierce","Cardinals","https://www.maxpreps.com/wa/franklin-pierce-tacoma/girls-volleyball/","https://www.maxpreps.com/wa/orting/girls-volleyball/","https://hsfootball.net/proxy.php?url=https%3A%2F%2Fimage.maxpreps.io%2Fschool-mascot%2Fc%2F8%2Fc%2Fc8c7651d-01d2-4e52-8898-06645d9f0a85.gif%3Fversion%3D637090833600000000%26amp%3Bwidth%3D128%26amp%3Bheight%3D128%26amp%3Bauto%3Dwebp%26amp%3Bformat%3Dpjpg","https://hsfootball.net/proxy.php?url=https%3A%2F%2Fimage.maxpreps.io%2Fschool-mascot%2F5%2Fc%2F2%2F5c237b78-69ed-456d-a680-0fa5c5e8b322.gif%3Fversion%3D634318256400000000%26amp%3Bwidth%3D128%26amp%3Bheight%3D128%26amp%3Bauto%3Dwebp%26amp%3Bformat%3Dpjpg","girl"
110,"Mt. Rainier vs Kentwood",Girls Volleyball,"Washington",9/24/2026,7:15pm,"The Mt. Rainier varsity volleyball team has an away conference match @  Kentwood (Covington, WA) on Thursday, September 24 @ 7:15p.","/wa/volleyball/match/kentwood-covington-vs-mt-rainier-des-moines/9-24-2026/?c=db7f722a-8ac9-4944-bcea-1dc1751a316d","https://www.maxpreps.com/wa/volleyball/match/kentwood-covington-vs-mt-rainier-des-moines/9-24-2026/?c=db7f722a-8ac9-4944-bcea-1dc1751a316d","/volleyball/wa/10cb?9/24/2026","Mt. Rainier","Rams","https://www.maxpreps.com/wa/kentwood-covington/girls-volleyball/","https://www.maxpreps.com/wa/mt-rainier-des-moines/girls-volleyball/","https://hsfootball.net/proxy.php?url=https%3A%2F%2Fimage.maxpreps.io%2Fschool-mascot%2F2%2F8%2F3%2F2834d954-b286-4647-aee7-4693ac01f044.gif%3Fversion%3D636171343200000000%26amp%3Bwidth%3D128%26amp%3Bheight%3D128%26amp%3Bauto%3Dwebp%26amp%3Bformat%3Dpjpg","https://hsfootball.net/proxy.php?url=https%3A%2F%2Fimage.maxpreps.io%2Fschool-mascot%2Fb%2Fe%2Ff%2Fbef4e83b-f66f-48e6-8674-ac72530fae05.gif%3Fversion%3D636542794200000000%26amp%3Bwidth%3D128%26amp%3Bheight%3D128%26amp%3Bauto%3Dwebp%26amp%3Bformat%3Dpjpg","girl"
111,"Decatur vs Enumclaw",Girls Volleyball,"Washington",9/24/2026,7:15pm,"The Decatur varsity volleyball team has an away conference match @  Enumclaw (WA) on Thursday, September 24 @ 7:15p.","/wa/volleyball/match/decatur-gators-federal-way-vs-enumclaw/9-24-2026/?c=730d1697-43cb-4411-8b8d-a305665fc688","https://www.maxpreps.com/wa/volleyball/match/decatur-gators-federal-way-vs-enumclaw/9-24-2026/?c=730d1697-43cb-4411-8b8d-a305665fc688","/volleyball/wa/ec2?9/24/2026","Decatur","Golden Gators","https://www.maxpreps.com/wa/decatur-gators-federal-way/girls-volleyball/","https://www.maxpreps.com/wa/enumclaw/girls-volleyball/","https://hsfootball.net/proxy.php?url=https%3A%2F%2Fimage.maxpreps.io%2Fschool-mascot%2Fb%2F9%2F9%2Fb99abf44-e8fa-4fe9-a2a5-2a2a01cfc4e0.gif%3Fversion%3D636117701400000000%26amp%3Bwidth%3D128%26amp%3Bheight%3D128%26amp%3Bauto%3Dwebp%26amp%3Bformat%3Dpjpg","https://hsfootball.net/proxy.php?url=https%3A%2F%2Fimage.maxpreps.io%2Fschool-mascot%2F4%2F9%2Fc%2F49c398fb-c7b8-4f6d-9425-642ae7e3cc86.gif%3Fversion%3D636832351200000000%26amp%3Bwidth%3D128%26amp%3Bheight%3D128%26amp%3Bauto%3Dwebp%26amp%3Bformat%3Dpjpg","girl"
112,"Kentlake vs Kent-Meridian",Girls Volleyball,"Washington",9/24/2026,7:15pm,"The Kentlake varsity volleyball team has an away conference match @  Kent-Meridian (Kent, WA) on Thursday, September 24 @ 7:15p.","/wa/volleyball/match/kent-meridian-vs-kentlake-kent/9-24-2026/?c=4b40b34a-e5bd-4477-90d2-9e90fb6df7bf","https://www.maxpreps.com/wa/volleyball/match/kent-meridian-vs-kentlake-kent/9-24-2026/?c=4b40b34a-e5bd-4477-90d2-9e90fb6df7bf","/volleyball/wa/b99?9/24/2026","Kentlake","Falcons","https://www.maxpreps.com/wa/kent-meridian/girls-volleyball/","https://www.maxpreps.com/wa/kentlake-kent/girls-volleyball/","https://hsfootball.net/proxy.php?url=https%3A%2F%2Fimage.maxpreps.io%2Fschool-mascot%2Fc%2Ff%2F0%2Fcf00b472-4974-40fa-b4cb-ad54f239a904.gif%3Fversion%3D635567355600000000%26amp%3Bwidth%3D128%26amp%3Bheight%3D128%26amp%3Bauto%3Dwebp%26amp%3Bformat%3Dpjpg","https://hsfootball.net/proxy.php?url=https%3A%2F%2Fimage.maxpreps.io%2Fschool-mascot%2Fc%2Ff%2F0%2Fcf00b472-4974-40fa-b4cb-ad54f239a904.gif%3Fversion%3D635567355600000000%26amp%3Bwidth%3D32%26amp%3Bheight%3D32%26amp%3Bauto%3Dwebp%26amp%3Bformat%3Dpjpg","girl"
113,"Tahoma vs Kennedy Catholic",Girls Volleyball,"Washington",9/24/2026,7:15pm,"The Tahoma varsity volleyball team has an away conference match @  Kennedy Catholic (Burien, WA) on Thursday, September 24 @ 7:15p.","/wa/volleyball/match/kennedy-catholic-burien-vs-tahoma-maple-valley/9-24-2026/?c=16ccbc4d-2f5b-4c08-82e2-58d590089e04","https://www.maxpreps.com/wa/volleyball/match/kennedy-catholic-burien-vs-tahoma-maple-valley/9-24-2026/?c=16ccbc4d-2f5b-4c08-82e2-58d590089e04","/volleyball/wa/11c7?9/24/2026","Tahoma","Bears","https://www.maxpreps.com/wa/kennedy-catholic-burien/girls-volleyball/","https://www.maxpreps.com/wa/tahoma-maple-valley/girls-volleyball/","https://hsfootball.net/proxy.php?url=https%3A%2F%2Fimage.maxpreps.io%2Fschool-mascot%2F0%2Fa%2F5%2F0a5ae530-1e21-4a32-adac-e2a3fb2885d1.gif%3Fversion%3D635980424400000000%26amp%3Bwidth%3D128%26amp%3Bheight%3D128%26amp%3Bauto%3Dwebp%26amp%3Bformat%3Dpjpg","https://hsfootball.net/proxy.php?url=https%3A%2F%2Fimage.maxpreps.io%2Fschool-mascot%2F9%2Fb%2Fa%2F9bad1f8a-067a-4622-a348-58e2f9f9842e.gif%3Fversion%3D637608542400000000%26amp%3Bwidth%3D128%26amp%3Bheight%3D128%26amp%3Bauto%3Dwebp%26amp%3Bformat%3Dpjpg","girl"
114,"Kentridge vs Auburn Riverside",Girls Volleyball,"Washington",9/24/2026,7:15pm,"The Kentridge varsity volleyball team has an away conference match @  Auburn Riverside (Auburn, WA) on Thursday, September 24 @ 7:15p.","/wa/volleyball/match/auburn-riverside-vs-kentridge-kent/9-24-2026/?c=b1d5d164-4138-43cf-923d-0668c2bb0092","https://www.maxpreps.com/wa/volleyball/match/auburn-riverside-vs-kentridge-kent/9-24-2026/?c=b1d5d164-4138-43cf-923d-0668c2bb0092","/volleyball/wa/d66?9/24/2026","Kentridge","Chargers","https://www.maxpreps.com/wa/auburn-riverside/girls-volleyball/","https://www.maxpreps.com/wa/kentridge-kent/girls-volleyball/","https://hsfootball.net/proxy.php?url=https%3A%2F%2Fimage.maxpreps.io%2Fschool-mascot%2F1%2F4%2F1%2F14130cdb-5e27-418d-96b7-7243fd05f24f.gif%3Fversion%3D636580763400000000%26amp%3Bwidth%3D128%26amp%3Bheight%3D128%26amp%3Bauto%3Dwebp%26amp%3Bformat%3Dpjpg","https://hsfootball.net/proxy.php?url=https%3A%2F%2Fimage.maxpreps.io%2Fschool-mascot%2Fe%2F6%2F1%2Fe61996ac-13c0-4809-8ab2-336e6486a5f8.gif%3Fversion%3D638592396696594510%26amp%3Bwidth%3D128%26amp%3Bheight%3D128%26amp%3Bauto%3Dwebp%26amp%3Bformat%3Dpjpg","girl"
115,"Beamer vs Federal Way",Girls Volleyball,"Washington",9/24/2026,7:15pm,"The Beamer varsity volleyball team has an away conference match @  Federal Way (WA) on Thursday, September 24 @ 7:15p.","/wa/volleyball/match/beamer-federal-way-vs-federal-way/9-24-2026/?c=52879b65-f107-4ad8-b703-c27f0bad6c4b","https://www.maxpreps.com/wa/volleyball/match/beamer-federal-way-vs-federal-way/9-24-2026/?c=52879b65-f107-4ad8-b703-c27f0bad6c4b","/volleyball/wa/c7e?9/24/2026","Beamer","Titans","https://www.maxpreps.com/wa/beamer-federal-way/girls-volleyball/","https://www.maxpreps.com/wa/federal-way/girls-volleyball/","https://hsfootball.net/proxy.php?url=https%3A%2F%2Fimage.maxpreps.io%2Fschool-mascot%2F9%2F6%2Fc%2F96c7ca4e-de51-44f1-8dd2-45b2ba713c15.gif%3Fversion%3D635278012800000000%26amp%3Bwidth%3D128%26amp%3Bheight%3D128%26amp%3Bauto%3Dwebp%26amp%3Bformat%3Dpjpg","https://hsfootball.net/proxy.php?url=https%3A%2F%2Fimage.maxpreps.io%2Fschool-mascot%2F9%2Fd%2F6%2F9d6442ed-5e16-456f-a4c0-501f570c5e5e.gif%3Fversion%3D635944308000000000%26amp%3Bwidth%3D128%26amp%3Bheight%3D128%26amp%3Bauto%3Dwebp%26amp%3Bformat%3Dpjpg","girl"
116,"Jefferson vs White River",Girls Volleyball,"Washington",9/24/2026,7:15pm,"The Jefferson varsity volleyball team has an away conference match @  White River (Buckley, WA) on Thursday, September 24 @ 7:15p.","/wa/volleyball/match/jefferson-auburn-vs-white-river-buckley/9-24-2026/?c=4d5f51a8-9275-402f-bc84-7e16192c5856","https://www.maxpreps.com/wa/volleyball/match/jefferson-auburn-vs-white-river-buckley/9-24-2026/?c=4d5f51a8-9275-402f-bc84-7e16192c5856","/volleyball/wa/f51?9/24/2026","Jefferson","Raiders","https://www.maxpreps.com/wa/jefferson-auburn/girls-volleyball/","https://www.maxpreps.com/wa/white-river-buckley/girls-volleyball/","https://hsfootball.net/proxy.php?url=https%3A%2F%2Fimage.maxpreps.io%2Fschool-mascot%2Ff%2F6%2Fe%2Ff6e1ec00-7136-44de-ad9e-3f25b8057094.gif%3Fversion%3D639082213777493310%26amp%3Bwidth%3D128%26amp%3Bheight%3D128%26amp%3Bauto%3Dwebp%26amp%3Bformat%3Dpjpg","https://hsfootball.net/proxy.php?url=https%3A%2F%2Fimage.maxpreps.io%2Fschool-mascot%2Fe%2Ff%2F7%2Fef7e8498-3262-45d2-ba33-3977a5938e3a.gif%3Fversion%3D636899006400000000%26amp%3Bwidth%3D128%26amp%3Bheight%3D128%26amp%3Bauto%3Dwebp%26amp%3Bformat%3Dpjpg","girl"
117,"Peninsula vs Central Kitsap",Girls Volleyball,"Washington",9/24/2026,7:15pm,"The Peninsula varsity volleyball team has an away conference match @  Central Kitsap (Silverdale, WA) on Thursday, September 24 @ 7:15p.","/wa/volleyball/match/central-kitsap-silverdale-vs-peninsula-gig-harbor/9-24-2026/?c=615c6dae-1643-4b72-b875-471d119cfdf2","https://www.maxpreps.com/wa/volleyball/match/central-kitsap-silverdale-vs-peninsula-gig-harbor/9-24-2026/?c=615c6dae-1643-4b72-b875-471d119cfdf2","/volleyball/wa/131b?9/24/2026","Peninsula","Seahawks","https://www.maxpreps.com/wa/central-kitsap-silverdale/girls-volleyball/","https://www.maxpreps.com/wa/peninsula-gig-harbor/girls-volleyball/","https://hsfootball.net/proxy.php?url=https%3A%2F%2Fimage.maxpreps.io%2Fschool-mascot%2F2%2F4%2F8%2F2484e085-1438-4702-8bd7-13eb01e237ce.gif%3Fversion%3D636640520400000000%26amp%3Bwidth%3D128%26amp%3Bheight%3D128%26amp%3Bauto%3Dwebp%26amp%3Bformat%3Dpjpg","https://hsfootball.net/proxy.php?url=https%3A%2F%2Fimage.maxpreps.io%2Fschool-mascot%2F3%2F3%2F4%2F334ff0f6-d1d3-4be1-9648-3dd3dfa93d99.gif%3Fversion%3D637029538800000000%26amp%3Bwidth%3D128%26amp%3Bheight%3D128%26amp%3Bauto%3Dwebp%26amp%3Bformat%3Dpjpg","girl"
118,"Lind-Ritzville/Sprague/Washtucna vs Liberty",Girls Volleyball,"Washington",9/24/2026,7:30pm,"The Lind-Ritzville/Sprague/Washtucna varsity volleyball team has an away non-conference match @  Liberty (Spangle, WA) on Thursday, September 24 @ 7:30p.","/wa/volleyball/match/liberty-spangle-vs-lind-ritzville-sprague-washtucna/9-24-2026/?c=dad26c1b-74c9-4601-b3bf-e4ffbc13d553","https://www.maxpreps.com/wa/volleyball/match/liberty-spangle-vs-lind-ritzville-sprague-washtucna/9-24-2026/?c=dad26c1b-74c9-4601-b3bf-e4ffbc13d553","/volleyball/wa/142d?9/24/2026","Lind-Ritzville/Sprague/Washtucna","Broncos","https://www.maxpreps.com/wa/liberty-spangle/girls-volleyball/","https://www.maxpreps.com/wa/lind-ritzville-sprague-washtucna/girls-volleyball/","https://hsfootball.net/proxy.php?url=https%3A%2F%2Fimage.maxpreps.io%2Fschool-mascot%2F9%2F6%2F5%2F965354fc-2630-4a2a-ac2a-4b275cc25146.gif%3Fversion%3D636354691800000000%26amp%3Bwidth%3D128%26amp%3Bheight%3D128%26amp%3Bauto%3Dwebp%26amp%3Bformat%3Dpjpg","https://hsfootball.net/proxy.php?url=https%3A%2F%2Fimage.maxpreps.io%2Fschool-mascot%2Fb%2Fa%2Ff%2Fbaf9228a-213a-4ddf-989e-e0b054ddac8b.gif%3Fversion%3D635532174600000000%26amp%3Bwidth%3D128%26amp%3Bheight%3D128%26amp%3Bauto%3Dwebp%26amp%3Bformat%3Dpjpg","girl"
119,"Hamilton Southeastern vs Zionsville",Girls Volleyball,"Washington",9/24/2026,6:00pm,"The Hamilton Southeastern varsity volleyball team has an away conference match @  Zionsville (IN) on Thursday, September 24 @ 6p.","/in/volleyball/match/hamilton-southeastern-fishers-vs-zionsville/9-24-2026/?c=e2b46a93-51fd-4d37-b7ca-a48e91f624ba","https://www.maxpreps.com/in/volleyball/match/hamilton-southeastern-fishers-vs-zionsville/9-24-2026/?c=e2b46a93-51fd-4d37-b7ca-a48e91f624ba","/volleyball/wa/1161?9/24/2026","Hamilton Southeastern","Royals","https://www.maxpreps.com/wa/hamilton-southeastern-fishers/girls-volleyball/","https://www.maxpreps.com/wa/zionsville/girls-volleyball/","https://hsfootball.net/proxy.php?url=https%3A%2F%2Fimage.maxpreps.io%2Fschool-mascot%2F7%2Fa%2F7%2F7a7b0372-fd99-4663-9a1a-5051eddf26b8.gif%3Fversion%3D635338341000000000%26amp%3Bwidth%3D128%26amp%3Bheight%3D128%26amp%3Bauto%3Dwebp%26amp%3Bformat%3Dpjpg","https://hsfootball.net/proxy.php?url=https%3A%2F%2Fimage.maxpreps.io%2Fschool-mascot%2F0%2F4%2F2%2F042873f8-52e7-4d44-9a92-9a2cfaee9ffd.gif%3Fversion%3D637309323600000000%26amp%3Bwidth%3D128%26amp%3Bheight%3D128%26amp%3Bauto%3Dwebp%26amp%3Bformat%3Dpjpg","girl"
120,"Marist vs Carroll",Girls Volleyball,"Washington",9/24/2026,6:00pm,"The Marist varsity volleyball team has an away non-conference match @  Carroll (Fort Wayne, IN) on Thursday, September 24 @ 6p.","/inter-state/volleyball/match/carroll-fort-wayne-in-vs-marist-chicago-il/9-24-2026/?c=1243cac5-2a0e-4f7d-8da7-fb57dcce2d1c","https://www.maxpreps.com/inter-state/volleyball/match/carroll-fort-wayne-in-vs-marist-chicago-il/9-24-2026/?c=1243cac5-2a0e-4f7d-8da7-fb57dcce2d1c","/volleyball/wa/ffc?9/24/2026","Marist","RedHawks","https://www.maxpreps.com/wa/carroll-fort-wayne-in/girls-volleyball/","https://www.maxpreps.com/wa/marist-chicago-il/girls-volleyball/","https://hsfootball.net/proxy.php?url=https%3A%2F%2Fimage.maxpreps.io%2Fschool-mascot%2Fc%2F1%2Fc%2Fc1c0d9df-39db-4937-98ca-ae4b3080f22d.gif%3Fversion%3D635809318200000000%26amp%3Bwidth%3D128%26amp%3Bheight%3D128%26amp%3Bauto%3Dwebp%26amp%3Bformat%3Dpjpg","https://hsfootball.net/proxy.php?url=https%3A%2F%2Fimage.maxpreps.io%2Fschool-mascot%2Ff%2F0%2Fb%2Ff0bd8a6f-8424-47c9-b435-7a89dde70d28.gif%3Fversion%3D637345402200000000%26amp%3Bwidth%3D128%26amp%3Bheight%3D128%26amp%3Bauto%3Dwebp%26amp%3Bformat%3Dpjpg","girl"