1,"Myrtle vs East Union",Girls Volleyball,"Mississippi",9/15/2026,6:00pm,"The Myrtle varsity volleyball team has an away conference match @  East Union (Blue Springs, MS) on Tuesday, September 15 @ 6p.","/ms/volleyball/match/east-union-blue-springs-vs-myrtle/9-15-2026/?c=4bca3b37-a87d-4aa0-b83b-234fb07367b4","https://www.maxpreps.com/ms/volleyball/match/east-union-blue-springs-vs-myrtle/9-15-2026/?c=4bca3b37-a87d-4aa0-b83b-234fb07367b4","/volleyball/ms/ceb?9/15/2026","Myrtle","Hawks","https://www.maxpreps.com/ms/east-union-blue-springs/volleyball/","https://www.maxpreps.com/ms/myrtle/volleyball/","https://hsfootball.net/proxy.php?url=https%3A%2F%2Fimage.maxpreps.io%2Fschool-mascot%2F4%2F9%2F5%2F49584c48-b4b3-4937-a71e-13687f06197d.gif%3Fversion%3D638985486866914750%26amp%3Bwidth%3D128%26amp%3Bheight%3D128%26amp%3Bauto%3Dwebp%26amp%3Bformat%3Dpjpg","https://hsfootball.net/proxy.php?url=https%3A%2F%2Fimage.maxpreps.io%2Fschool-mascot%2F1%2Fe%2F9%2F1e9377f4-ca10-48ba-a444-857d928ed0fb.gif%3Fversion%3D634648969200000000%26amp%3Bwidth%3D128%26amp%3Bheight%3D128%26amp%3Bauto%3Dwebp%26amp%3Bformat%3Dpjpg","girl"
2,"Hartfield Academy vs Jackson Academy",Girls Volleyball,"Mississippi",9/15/2026,6:30pm,"The Hartfield Academy varsity volleyball team has an away non-conference match @  Jackson Academy (Jackson, MS) on Tuesday, September 15 @ 6:30p.","/ms/volleyball/match/hartfield-academy-flowood-vs-jackson-academy/9-15-2026/?c=9f413f39-27e1-444f-9f35-c62ca173539b","https://www.maxpreps.com/ms/volleyball/match/hartfield-academy-flowood-vs-jackson-academy/9-15-2026/?c=9f413f39-27e1-444f-9f35-c62ca173539b","/volleyball/ms/1108?9/15/2026","Hartfield Academy","Hawks","https://www.maxpreps.com/ms/hartfield-academy-flowood/volleyball/","https://www.maxpreps.com/ms/jackson-academy/volleyball/","https://hsfootball.net/proxy.php?url=https%3A%2F%2Fimage.maxpreps.io%2Fschool-mascot%2F0%2Fe%2F5%2F0e5aa8d7-e9a4-42cb-8699-e48e9b636019.gif%3Fversion%3D634954969200000000%26amp%3Bwidth%3D128%26amp%3Bheight%3D128%26amp%3Bauto%3Dwebp%26amp%3Bformat%3Dpjpg","https://hsfootball.net/proxy.php?url=https%3A%2F%2Fimage.maxpreps.io%2Fschool-mascot%2F3%2F6%2F8%2F36873950-4c1d-487c-ae95-1f5be0fbfc24.gif%3Fversion%3D636213706800000000%26amp%3Bwidth%3D128%26amp%3Bheight%3D128%26amp%3Bauto%3Dwebp%26amp%3Bformat%3Dpjpg","girl"
3,"Germantown vs Clinton",Girls Volleyball,"Mississippi",9/15/2026,6:00pm,"The Germantown varsity volleyball team has an away conference match @  Clinton (MS) on Tuesday, September 15 @ 6p.","/ms/volleyball/match/clinton-vs-germantown-madison/9-15-2026/?c=2efeb4d1-8c9d-49ef-acac-b51f7f9de339","https://www.maxpreps.com/ms/volleyball/match/clinton-vs-germantown-madison/9-15-2026/?c=2efeb4d1-8c9d-49ef-acac-b51f7f9de339","/volleyball/ms/b94?9/15/2026","Germantown","Mavericks","https://www.maxpreps.com/ms/clinton/volleyball/","https://www.maxpreps.com/ms/germantown-madison/volleyball/","https://hsfootball.net/proxy.php?url=https%3A%2F%2Fimage.maxpreps.io%2Fschool-mascot%2F4%2F6%2Fd%2F46db9155-ea44-4147-b288-af8866cca5a4.gif%3Fversion%3D638157782400000000%26amp%3Bwidth%3D128%26amp%3Bheight%3D128%26amp%3Bauto%3Dwebp%26amp%3Bformat%3Dpjpg","https://hsfootball.net/proxy.php?url=https%3A%2F%2Fimage.maxpreps.io%2Fschool-mascot%2F4%2F6%2Fd%2F46db9155-ea44-4147-b288-af8866cca5a4.gif%3Fversion%3D638157782400000000%26amp%3Bwidth%3D32%26amp%3Bheight%3D32%26amp%3Bauto%3Dwebp%26amp%3Bformat%3Dpjpg","girl"
4,"St. Aloysius vs Clinton Christian Academy",Girls Volleyball,"Mississippi",9/15/2026,4:00pm,"The St. Aloysius varsity volleyball team has an away conference match @  Clinton Christian Academy (Clinton, MS) on Tuesday, September 15 @ 4p.","/ms/volleyball/match/clinton-christian-academy-vs-st-aloysius-vicksburg/9-15-2026/?c=164138b0-2b23-46c4-bec2-d815fa377711","https://www.maxpreps.com/ms/volleyball/match/clinton-christian-academy-vs-st-aloysius-vicksburg/9-15-2026/?c=164138b0-2b23-46c4-bec2-d815fa377711","/volleyball/ms/13b7?9/15/2026","St. Aloysius","Flashes","https://www.maxpreps.com/ms/clinton-christian-academy/volleyball/","https://www.maxpreps.com/ms/st-aloysius-vicksburg/volleyball/","https://hsfootball.net/proxy.php?url=https%3A%2F%2Fimage.maxpreps.io%2Fschool-mascot%2F3%2F4%2Fd%2F34d75abb-2700-4cbb-b943-6d9eb33e8fcc.gif%3Fversion%3D636692449200000000%26amp%3Bwidth%3D128%26amp%3Bheight%3D128%26amp%3Bauto%3Dwebp%26amp%3Bformat%3Dpjpg","https://hsfootball.net/proxy.php?url=https%3A%2F%2Fimage.maxpreps.io%2Fschool-mascot%2Fc%2Fd%2F6%2Fcd600fbd-814f-4a34-9537-42ecbc659310.gif%3Fversion%3D635751593400000000%26amp%3Bwidth%3D128%26amp%3Bheight%3D128%26amp%3Bauto%3Dwebp%26amp%3Bformat%3Dpjpg","girl"
5,"Long Beach vs Gautier",Girls Volleyball,"Mississippi",9/15/2026,4:30pm,"The Long Beach varsity volleyball team has an away conference match @  Gautier (MS) on Tuesday, September 15 @ 4:30p.","/ms/volleyball/match/gautier-vs-long-beach/9-15-2026/?c=5266bd4d-bb16-49cb-a493-9f086367e3eb","https://www.maxpreps.com/ms/volleyball/match/gautier-vs-long-beach/9-15-2026/?c=5266bd4d-bb16-49cb-a493-9f086367e3eb","/volleyball/ms/804?9/15/2026","Long Beach","Bearcats","https://www.maxpreps.com/ms/gautier/volleyball/","https://www.maxpreps.com/ms/long-beach/volleyball/","https://hsfootball.net/proxy.php?url=https%3A%2F%2Fimage.maxpreps.io%2Fschool-mascot%2Fd%2F6%2F5%2Fd656a14a-3425-4117-8ce8-38d7725f0f2b.gif%3Fversion%3D636389262000000000%26amp%3Bwidth%3D128%26amp%3Bheight%3D128%26amp%3Bauto%3Dwebp%26amp%3Bformat%3Dpjpg","https://hsfootball.net/proxy.php?url=https%3A%2F%2Fimage.maxpreps.io%2Fschool-mascot%2Fd%2F6%2F5%2Fd656a14a-3425-4117-8ce8-38d7725f0f2b.gif%3Fversion%3D636389262000000000%26amp%3Bwidth%3D32%26amp%3Bheight%3D32%26amp%3Bauto%3Dwebp%26amp%3Bformat%3Dpjpg","girl"
6,"Rosa Fort vs West Tallahatchie",Girls Volleyball,"Mississippi",9/15/2026,5:00pm,"The Rosa Fort varsity volleyball team has an away non-conference match @  West Tallahatchie (Webb, MS) on Tuesday, September 15 @ 5p.","/ms/volleyball/match/rosa-fort-tunica-vs-west-tallahatchie-webb/9-15-2026/?c=9c94189f-fe5f-4f1b-8f0a-7037548edd04","https://www.maxpreps.com/ms/volleyball/match/rosa-fort-tunica-vs-west-tallahatchie-webb/9-15-2026/?c=9c94189f-fe5f-4f1b-8f0a-7037548edd04","/volleyball/ms/1032?9/15/2026","Rosa Fort","Lions","https://www.maxpreps.com/ms/rosa-fort-tunica/volleyball/","https://www.maxpreps.com/ms/west-tallahatchie-webb/volleyball/","https://hsfootball.net/proxy.php?url=https%3A%2F%2Fimage.maxpreps.io%2Fschool-mascot%2Fe%2F4%2F5%2Fe45a1df0-5878-4181-9321-8104c93908de.gif%3Fversion%3D635805826200000000%26amp%3Bwidth%3D128%26amp%3Bheight%3D128%26amp%3Bauto%3Dwebp%26amp%3Bformat%3Dpjpg","https://hsfootball.net/proxy.php?url=https%3A%2F%2Fimage.maxpreps.io%2Fschool-mascot%2F3%2F2%2Fa%2F32a83917-b842-4c18-a62e-d900fc3ce6a9.gif%3Fversion%3D635525533200000000%26amp%3Bwidth%3D128%26amp%3Bheight%3D128%26amp%3Bauto%3Dwebp%26amp%3Bformat%3Dpjpg","girl"
7,"Murrah vs Oxford",Girls Volleyball,"Mississippi",9/15/2026,5:00pm,"The Murrah varsity volleyball team has an away conference match @  Oxford (MS) on Tuesday, September 15 @ 5p.","/ms/volleyball/match/murrah-jackson-vs-oxford/9-15-2026/?c=650bf8ab-5e2d-418b-9671-6034d480aedd","https://www.maxpreps.com/ms/volleyball/match/murrah-jackson-vs-oxford/9-15-2026/?c=650bf8ab-5e2d-418b-9671-6034d480aedd","/volleyball/ms/97a?9/15/2026","Murrah","Mustangs","https://www.maxpreps.com/ms/murrah-jackson/volleyball/","https://www.maxpreps.com/ms/oxford/volleyball/","https://hsfootball.net/proxy.php?url=https%3A%2F%2Fimage.maxpreps.io%2Fschool-mascot%2Fd%2F9%2Ff%2Fd9fb6da9-afa9-4465-9bc0-801d30cbf115.gif%3Fversion%3D638937023072163610%26amp%3Bwidth%3D128%26amp%3Bheight%3D128%26amp%3Bauto%3Dwebp%26amp%3Bformat%3Dpjpg","https://hsfootball.net/proxy.php?url=https%3A%2F%2Fimage.maxpreps.io%2Fschool-mascot%2Fc%2F2%2F4%2Fc24e746b-8172-4ea1-b2cb-192526e0ad82.gif%3Fversion%3D636168715800000000%26amp%3Bwidth%3D128%26amp%3Bheight%3D128%26amp%3Bauto%3Dwebp%26amp%3Bformat%3Dpjpg","girl"
8,"Amanda Elzy vs Humphreys County",Girls Volleyball,"Mississippi",9/15/2026,5:00pm,"The Amanda Elzy varsity volleyball team has an away conference match @  Humphreys County (Belzoni, MS) on Tuesday, September 15 @ 5p.","/ms/volleyball/match/amanda-elzy-greenwood-vs-humphreys-county-belzoni/9-15-2026/?c=2238acdb-6827-42c5-a5a8-f57bf12a23ff","https://www.maxpreps.com/ms/volleyball/match/amanda-elzy-greenwood-vs-humphreys-county-belzoni/9-15-2026/?c=2238acdb-6827-42c5-a5a8-f57bf12a23ff","/volleyball/ms/1361?9/15/2026","Amanda Elzy","Panthers","https://www.maxpreps.com/ms/amanda-elzy-greenwood/volleyball/","https://www.maxpreps.com/ms/humphreys-county-belzoni/volleyball/","https://hsfootball.net/proxy.php?url=https%3A%2F%2Fimage.maxpreps.io%2Fschool-mascot%2Fc%2Fd%2Fd%2Fcdda55fc-864a-4847-a881-8cd18d5520cb.gif%3Fversion%3D636241330800000000%26amp%3Bwidth%3D128%26amp%3Bheight%3D128%26amp%3Bauto%3Dwebp%26amp%3Bformat%3Dpjpg","https://hsfootball.net/proxy.php?url=https%3A%2F%2Fimage.maxpreps.io%2Fschool-mascot%2Fc%2Fd%2Fd%2Fcdda55fc-864a-4847-a881-8cd18d5520cb.gif%3Fversion%3D636241330800000000%26amp%3Bwidth%3D32%26amp%3Bheight%3D32%26amp%3Bauto%3Dwebp%26amp%3Bformat%3Dpjpg","girl"
9,"Starkville Academy vs Columbus",Girls Volleyball,"Mississippi",9/15/2026,5:00pm,"The Starkville Academy varsity volleyball team has an away non-conference match @  Columbus (MS) on Tuesday, September 15 @ 5p.","/ms/volleyball/match/columbus-vs-starkville-academy/9-15-2026/?c=eab6090f-9ff9-4482-88ba-d9d61da26574","https://www.maxpreps.com/ms/volleyball/match/columbus-vs-starkville-academy/9-15-2026/?c=eab6090f-9ff9-4482-88ba-d9d61da26574","/volleyball/ms/bef?9/15/2026","Starkville Academy","Volunteers","https://www.maxpreps.com/ms/columbus/volleyball/","https://www.maxpreps.com/ms/starkville-academy/volleyball/","https://hsfootball.net/proxy.php?url=https%3A%2F%2Fimage.maxpreps.io%2Fschool-mascot%2F1%2F6%2F3%2F1636ec38-2b3c-4488-9acb-1a5771a61a2d.gif%3Fversion%3D637826043600000000%26amp%3Bwidth%3D128%26amp%3Bheight%3D128%26amp%3Bauto%3Dwebp%26amp%3Bformat%3Dpjpg","https://hsfootball.net/proxy.php?url=https%3A%2F%2Fimage.maxpreps.io%2Fschool-mascot%2F2%2F1%2F3%2F213cc4fc-df32-4c5e-866a-bb7962bc4d3d.gif%3Fversion%3D639045215211602660%26amp%3Bwidth%3D128%26amp%3Bheight%3D128%26amp%3Bauto%3Dwebp%26amp%3Bformat%3Dpjpg","girl"
10,"Ashland vs Potts Camp",Girls Volleyball,"Mississippi",9/15/2026,5:00pm,"The Ashland varsity volleyball team has an away conference match @  Potts Camp (MS) on Tuesday, September 15 @ 5p.","/ms/volleyball/match/ashland-vs-potts-camp/9-15-2026/?c=e8fb60e2-751d-4894-8f0b-0544d8bf5516","https://www.maxpreps.com/ms/volleyball/match/ashland-vs-potts-camp/9-15-2026/?c=e8fb60e2-751d-4894-8f0b-0544d8bf5516","/volleyball/ms/826?9/15/2026","Ashland","Blue Devils","https://www.maxpreps.com/ms/ashland/volleyball/","https://www.maxpreps.com/ms/potts-camp/volleyball/","https://hsfootball.net/proxy.php?url=https%3A%2F%2Fimage.maxpreps.io%2Fschool-mascot%2F0%2Fa%2F5%2F0a55d212-fc13-47b6-8ad6-6790bc34f2aa.gif%3Fversion%3D637650388200000000%26amp%3Bwidth%3D128%26amp%3Bheight%3D128%26amp%3Bauto%3Dwebp%26amp%3Bformat%3Dpjpg","https://hsfootball.net/proxy.php?url=https%3A%2F%2Fimage.maxpreps.io%2Fschool-mascot%2F8%2F0%2F1%2F80111f11-1858-4a4e-9e70-79a6ce7dd0c2.gif%3Fversion%3D636040894800000000%26amp%3Bwidth%3D128%26amp%3Bheight%3D128%26amp%3Bauto%3Dwebp%26amp%3Bformat%3Dpjpg","girl"
11,"Forest Hill vs West Jones",Girls Volleyball,"Mississippi",9/15/2026,5:00pm,"The Forest Hill varsity volleyball team has an away conference match @  West Jones (Laurel, MS) on Tuesday, September 15 @ 5p.","/ms/volleyball/match/forest-hill-jackson-vs-west-jones-laurel/9-15-2026/?c=7a0db5bd-21f9-4991-ada3-33f3e3ce3b97","https://www.maxpreps.com/ms/volleyball/match/forest-hill-jackson-vs-west-jones-laurel/9-15-2026/?c=7a0db5bd-21f9-4991-ada3-33f3e3ce3b97","/volleyball/ms/f83?9/15/2026","Forest Hill","Patriots","https://www.maxpreps.com/ms/forest-hill-jackson/volleyball/","https://www.maxpreps.com/ms/west-jones-laurel/volleyball/","https://hsfootball.net/proxy.php?url=https%3A%2F%2Fimage.maxpreps.io%2Fschool-mascot%2F3%2F0%2F6%2F3061af74-89dd-4a0e-ac7c-5f5088265376.gif%3Fversion%3D639046017516678560%26amp%3Bwidth%3D128%26amp%3Bheight%3D128%26amp%3Bauto%3Dwebp%26amp%3Bformat%3Dpjpg","https://hsfootball.net/proxy.php?url=https%3A%2F%2Fimage.maxpreps.io%2Fschool-mascot%2Fe%2F1%2F7%2Fe17c9fe6-9893-4855-a975-5c8ffd2da982.gif%3Fversion%3D635520099000000000%26amp%3Bwidth%3D128%26amp%3Bheight%3D128%26amp%3Bauto%3Dwebp%26amp%3Bformat%3Dpjpg","girl"
12,"Hillcrest Christian vs Central Hinds Academy",Girls Volleyball,"Mississippi",9/15/2026,5:00pm,"The Hillcrest Christian varsity volleyball team has an away non-conference match @  Central Hinds Academy (Raymond, MS) on Tuesday, September 15 @ 5p.","/ms/volleyball/match/central-hinds-academy-raymond-vs-hillcrest-christian-jackson/9-15-2026/?c=165a5b1c-71fe-4abc-9d0a-cb1e855a5370","https://www.maxpreps.com/ms/volleyball/match/central-hinds-academy-raymond-vs-hillcrest-christian-jackson/9-15-2026/?c=165a5b1c-71fe-4abc-9d0a-cb1e855a5370","/volleyball/ms/1769?9/15/2026","Hillcrest Christian","Cougars","https://www.maxpreps.com/ms/central-hinds-academy-raymond/volleyball/","https://www.maxpreps.com/ms/hillcrest-christian-jackson/volleyball/","https://hsfootball.net/proxy.php?url=https%3A%2F%2Fimage.maxpreps.io%2Fschool-mascot%2F5%2Ff%2F3%2F5f39d09a-d95d-49d2-aa31-7d5b86c74c7c.gif%3Fversion%3D635289193200000000%26amp%3Bwidth%3D128%26amp%3Bheight%3D128%26amp%3Bauto%3Dwebp%26amp%3Bformat%3Dpjpg","https://hsfootball.net/proxy.php?url=https%3A%2F%2Fimage.maxpreps.io%2Fschool-mascot%2Fa%2Ff%2Fb%2Fafba6475-8ac9-4519-9546-d6e905bd134b.gif%3Fversion%3D634349093400000000%26amp%3Bwidth%3D128%26amp%3Bheight%3D128%26amp%3Bauto%3Dwebp%26amp%3Bformat%3Dpjpg","girl"
13,"Noxubee County vs Nettleton",Girls Volleyball,"Mississippi",9/15/2026,5:00pm,"The Noxubee County varsity volleyball team has an away conference match @  Nettleton (MS) on Tuesday, September 15 @ 5p.","/ms/volleyball/match/nettleton-vs-noxubee-county-macon/9-15-2026/?c=90a6f32c-4bd3-4b67-bac5-1444cf680b29","https://www.maxpreps.com/ms/volleyball/match/nettleton-vs-noxubee-county-macon/9-15-2026/?c=90a6f32c-4bd3-4b67-bac5-1444cf680b29","/volleyball/ms/d20?9/15/2026","Noxubee County","Tigers","https://www.maxpreps.com/ms/nettleton/volleyball/","https://www.maxpreps.com/ms/noxubee-county-macon/volleyball/","https://hsfootball.net/proxy.php?url=https%3A%2F%2Fimage.maxpreps.io%2Fschool-mascot%2Fc%2Fc%2F2%2Fcc27adec-795c-40ad-af53-f35979a021da.gif%3Fversion%3D636384039000000000%26amp%3Bwidth%3D128%26amp%3Bheight%3D128%26amp%3Bauto%3Dwebp%26amp%3Bformat%3Dpjpg","https://hsfootball.net/proxy.php?url=https%3A%2F%2Fimage.maxpreps.io%2Fschool-mascot%2F0%2Fb%2F5%2F0b51a1d4-02f2-4783-8e52-e5d87e92c957.gif%3Fversion%3D638936078341159570%26amp%3Bwidth%3D128%26amp%3Bheight%3D128%26amp%3Bauto%3Dwebp%26amp%3Bformat%3Dpjpg","girl"
14,"Rossville Christian Academy vs North Delta",Girls Volleyball,"Mississippi",9/15/2026,5:00pm,"The Rossville Christian Academy varsity volleyball team has an away conference match @  North Delta (Batesville, MS) on Tuesday, September 15 @ 5p.","/inter-state/volleyball/match/north-delta-batesville-ms-vs-rossville-christian-academy-tn/9-15-2026/?c=510ad2e7-8745-435a-a274-47de3900e0a1","https://www.maxpreps.com/inter-state/volleyball/match/north-delta-batesville-ms-vs-rossville-christian-academy-tn/9-15-2026/?c=510ad2e7-8745-435a-a274-47de3900e0a1","/volleyball/ms/16ef?9/15/2026","Rossville Christian Academy","Wolves","https://www.maxpreps.com/ms/north-delta-batesville-ms/volleyball/","https://www.maxpreps.com/ms/rossville-christian-academy-tn/volleyball/","https://hsfootball.net/proxy.php?url=https%3A%2F%2Fimage.maxpreps.io%2Fschool-mascot%2F1%2Fd%2Ff%2F1df9b338-7231-4f51-a714-d31e5b6f0a47.gif%3Fversion%3D638616392580891730%26amp%3Bwidth%3D128%26amp%3Bheight%3D128%26amp%3Bauto%3Dwebp%26amp%3Bformat%3Dpjpg","https://hsfootball.net/proxy.php?url=https%3A%2F%2Fimage.maxpreps.io%2Fschool-mascot%2F2%2F9%2F7%2F297bc3a3-9895-4044-9090-e69e21561915.gif%3Fversion%3D636726945600000000%26amp%3Bwidth%3D128%26amp%3Bheight%3D128%26amp%3Bauto%3Dwebp%26amp%3Bformat%3Dpjpg","girl"
15,"Vicksburg vs Lanier",Girls Volleyball,"Mississippi",9/15/2026,5:30pm,"The Vicksburg varsity volleyball team has an away conference match @  Lanier (Jackson, MS) on Tuesday, September 15 @ 5:30p.","/ms/volleyball/match/lanier-jackson-vs-vicksburg/9-15-2026/?c=76078d3e-2543-4a7c-b519-8ae2309703cd","https://www.maxpreps.com/ms/volleyball/match/lanier-jackson-vs-vicksburg/9-15-2026/?c=76078d3e-2543-4a7c-b519-8ae2309703cd","/volleyball/ms/aa4?9/15/2026","Vicksburg","Gators","https://www.maxpreps.com/ms/lanier-jackson/volleyball/","https://www.maxpreps.com/ms/vicksburg/volleyball/","https://hsfootball.net/proxy.php?url=https%3A%2F%2Fimage.maxpreps.io%2Fschool-mascot%2F1%2F5%2Fd%2F15ded6d2-8c94-4839-88be-15685df93ddc.gif%3Fversion%3D634884801600000000%26amp%3Bwidth%3D128%26amp%3Bheight%3D128%26amp%3Bauto%3Dwebp%26amp%3Bformat%3Dpjpg","https://hsfootball.net/proxy.php?url=https%3A%2F%2Fimage.maxpreps.io%2Fschool-mascot%2F8%2F8%2F9%2F8893d855-53f3-46b8-8873-2102b32a5b05.gif%3Fversion%3D633987418800000000%26amp%3Bwidth%3D128%26amp%3Bheight%3D128%26amp%3Bauto%3Dwebp%26amp%3Bformat%3Dpjpg","girl"
16,"Palmer vs North Side",Girls Volleyball,"Mississippi",9/15/2026,5:30pm,"The Palmer varsity volleyball team has an away conference match @  North Side (Shelby, MS) on Tuesday, September 15 @ 5:30p.","/ms/volleyball/match/north-side-shelby-vs-palmer-marks/9-15-2026/?c=7d90196c-09ce-4ba6-868a-202a75bd7d91","https://www.maxpreps.com/ms/volleyball/match/north-side-shelby-vs-palmer-marks/9-15-2026/?c=7d90196c-09ce-4ba6-868a-202a75bd7d91","/volleyball/ms/cc0?9/15/2026","Palmer","Dragons","https://www.maxpreps.com/ms/north-side-shelby/volleyball/","https://www.maxpreps.com/ms/palmer-marks/volleyball/","https://hsfootball.net/proxy.php?url=https%3A%2F%2Fimage.maxpreps.io%2Fschool-mascot%2F8%2Ff%2Fd%2F8fd46586-092c-4ac0-9b00-a94e54de00bc.gif%3Fversion%3D637375757400000000%26amp%3Bwidth%3D128%26amp%3Bheight%3D128%26amp%3Bauto%3Dwebp%26amp%3Bformat%3Dpjpg","https://hsfootball.net/proxy.php?url=https%3A%2F%2Fimage.maxpreps.io%2Fschool-mascot%2F2%2F6%2F8%2F268bfaa2-5a49-481a-a8be-cf67a0ba6ee5.gif%3Fversion%3D637104527400000000%26amp%3Bwidth%3D128%26amp%3Bheight%3D128%26amp%3Bauto%3Dwebp%26amp%3Bformat%3Dpjpg","girl"
17,"Greenwood vs Yazoo City",Girls Volleyball,"Mississippi",9/15/2026,5:30pm,"The Greenwood varsity volleyball team has an away conference match @  Yazoo City (MS) on Tuesday, September 15 @ 5:30p.","/ms/volleyball/match/greenwood-vs-yazoo-city/9-15-2026/?c=982a36c9-3d65-42c4-9550-3ad58bf2ea6f","https://www.maxpreps.com/ms/volleyball/match/greenwood-vs-yazoo-city/9-15-2026/?c=982a36c9-3d65-42c4-9550-3ad58bf2ea6f","/volleyball/ms/925?9/15/2026","Greenwood","Bulldogs","https://www.maxpreps.com/ms/greenwood/volleyball/","https://www.maxpreps.com/ms/yazoo-city/volleyball/","https://hsfootball.net/proxy.php?url=https%3A%2F%2Fimage.maxpreps.io%2Fschool-mascot%2Fc%2Fa%2F2%2Fca21370c-262e-4ac9-b6ee-ad87df32e823.gif%3Fversion%3D634116080400000000%26amp%3Bwidth%3D128%26amp%3Bheight%3D128%26amp%3Bauto%3Dwebp%26amp%3Bformat%3Dpjpg","https://hsfootball.net/proxy.php?url=https%3A%2F%2Fimage.maxpreps.io%2Fschool-mascot%2Fb%2F5%2F8%2Fb58dd613-1059-41e3-83e1-f44c1e249b04.gif%3Fversion%3D638265609600000000%26amp%3Bwidth%3D128%26amp%3Bheight%3D128%26amp%3Bauto%3Dwebp%26amp%3Bformat%3Dpjpg","girl"
18,"Riverside vs South Delta",Girls Volleyball,"Mississippi",9/15/2026,5:30pm,"The Riverside varsity volleyball team has an away conference match @  South Delta (Rolling Fork, MS) on Tuesday, September 15 @ 5:30p.","/ms/volleyball/match/riverside-avon-vs-south-delta-rolling-fork/9-15-2026/?c=d76737e8-e2ae-41bb-8074-de3b59ac4f09","https://www.maxpreps.com/ms/volleyball/match/riverside-avon-vs-south-delta-rolling-fork/9-15-2026/?c=d76737e8-e2ae-41bb-8074-de3b59ac4f09","/volleyball/ms/105e?9/15/2026","Riverside","Bulldogs","https://www.maxpreps.com/ms/riverside-avon/volleyball/","https://www.maxpreps.com/ms/south-delta-rolling-fork/volleyball/","https://hsfootball.net/proxy.php?url=https%3A%2F%2Fimage.maxpreps.io%2Fschool-mascot%2Ff%2F9%2F3%2Ff93bc409-6270-46ed-ad6a-3f8b683dd543.gif%3Fversion%3D635094036600000000%26amp%3Bwidth%3D128%26amp%3Bheight%3D128%26amp%3Bauto%3Dwebp%26amp%3Bformat%3Dpjpg","https://hsfootball.net/proxy.php?url=https%3A%2F%2Fimage.maxpreps.io%2Fschool-mascot%2F6%2F8%2F0%2F68018bd9-b2f8-4540-834f-28de4ef0f3f1.gif%3Fversion%3D635309044800000000%26amp%3Bwidth%3D128%26amp%3Bheight%3D128%26amp%3Bauto%3Dwebp%26amp%3Bformat%3Dpjpg","girl"
19,"Clarksdale vs Water Valley",Girls Volleyball,"Mississippi",9/15/2026,5:30pm,"The Clarksdale varsity volleyball team has an away non-conference match @  Water Valley (MS) on Tuesday, September 15 @ 5:30p.","/ms/volleyball/match/clarksdale-vs-water-valley/9-15-2026/?c=836016b6-e57b-41de-8105-6198236c2c10","https://www.maxpreps.com/ms/volleyball/match/clarksdale-vs-water-valley/9-15-2026/?c=836016b6-e57b-41de-8105-6198236c2c10","/volleyball/ms/a36?9/15/2026","Clarksdale","Wildcats","https://www.maxpreps.com/ms/clarksdale/volleyball/","https://www.maxpreps.com/ms/water-valley/volleyball/","https://hsfootball.net/proxy.php?url=https%3A%2F%2Fimage.maxpreps.io%2Fschool-mascot%2F5%2F5%2F4%2F554e5a37-c4ad-41b6-8ee5-e1e373dbfb98.gif%3Fversion%3D635919166200000000%26amp%3Bwidth%3D128%26amp%3Bheight%3D128%26amp%3Bauto%3Dwebp%26amp%3Bformat%3Dpjpg","https://hsfootball.net/proxy.php?url=https%3A%2F%2Fimage.maxpreps.io%2Fschool-mascot%2Fd%2F8%2Ff%2Fd8fd7bc0-4b37-4bb9-8b38-ceb94faa0607.gif%3Fversion%3D638297586000000000%26amp%3Bwidth%3D128%26amp%3Bheight%3D128%26amp%3Bauto%3Dwebp%26amp%3Bformat%3Dpjpg","girl"
20,"North Panola vs Coahoma County",Girls Volleyball,"Mississippi",9/15/2026,5:30pm,"The North Panola varsity volleyball team has an away conference match @  Coahoma County (Clarksdale, MS) on Tuesday, September 15 @ 5:30p.","/ms/volleyball/match/coahoma-county-red-panthers-clarksdale-vs-north-panola-sardis/9-15-2026/?c=9234d71a-37d4-443b-bb97-f3600b73e7d5","https://www.maxpreps.com/ms/volleyball/match/coahoma-county-red-panthers-clarksdale-vs-north-panola-sardis/9-15-2026/?c=9234d71a-37d4-443b-bb97-f3600b73e7d5","/volleyball/ms/17ad?9/15/2026","North Panola","Fightn Cougars","https://www.maxpreps.com/ms/coahoma-county-red-panthers-clarksdale/volleyball/","https://www.maxpreps.com/ms/north-panola-sardis/volleyball/","https://hsfootball.net/proxy.php?url=https%3A%2F%2Fimage.maxpreps.io%2Fschool-mascot%2F6%2F4%2F8%2F6481ef5c-57ea-454c-9e14-bff36db49b07.gif%3Fversion%3D638833179232709300%26amp%3Bwidth%3D128%26amp%3Bheight%3D128%26amp%3Bauto%3Dwebp%26amp%3Bformat%3Dpjpg","https://hsfootball.net/proxy.php?url=https%3A%2F%2Fimage.maxpreps.io%2Fschool-mascot%2F3%2Fd%2F5%2F3d55d280-afab-4813-ab9a-2295b2609a0e.gif%3Fversion%3D635751306600000000%26amp%3Bwidth%3D128%26amp%3Bheight%3D128%26amp%3Bauto%3Dwebp%26amp%3Bformat%3Dpjpg","girl"
21,"Hattiesburg vs Jim Hill",Girls Volleyball,"Mississippi",9/15/2026,5:30pm,"The Hattiesburg varsity volleyball team has an away conference match @  Jim Hill (Jackson, MS) on Tuesday, September 15 @ 5:30p.","/ms/volleyball/match/hattiesburg-vs-jim-hill-jackson/9-15-2026/?c=8b75c1db-babb-4553-86f6-a445b0319820","https://www.maxpreps.com/ms/volleyball/match/hattiesburg-vs-jim-hill-jackson/9-15-2026/?c=8b75c1db-babb-4553-86f6-a445b0319820","/volleyball/ms/c11?9/15/2026","Hattiesburg","Tigers","https://www.maxpreps.com/ms/hattiesburg/volleyball/","https://www.maxpreps.com/ms/jim-hill-jackson/volleyball/","https://hsfootball.net/proxy.php?url=https%3A%2F%2Fimage.maxpreps.io%2Fschool-mascot%2F6%2F2%2Fa%2F62a466a2-e54c-4d0f-bdda-269b93015abc.gif%3Fversion%3D638936074784570980%26amp%3Bwidth%3D128%26amp%3Bheight%3D128%26amp%3Bauto%3Dwebp%26amp%3Bformat%3Dpjpg","https://hsfootball.net/proxy.php?url=https%3A%2F%2Fimage.maxpreps.io%2Fschool-mascot%2F5%2Fc%2F2%2F5c24c9b5-daab-47a3-bb9b-db09f463c6c1.gif%3Fversion%3D639215224584816470%26amp%3Bwidth%3D128%26amp%3Bheight%3D128%26amp%3Bauto%3Dwebp%26amp%3Bformat%3Dpjpg","girl"
22,"Provine vs Cleveland Central",Girls Volleyball,"Mississippi",9/15/2026,5:30pm,"The Provine varsity volleyball team has an away conference match @  Cleveland Central (Cleveland, MS) on Tuesday, September 15 @ 5:30p.","/ms/volleyball/match/cleveland-central-vs-provine-jackson/9-15-2026/?c=2b6e028f-a0bd-4a22-b416-4d8f40148f25","https://www.maxpreps.com/ms/volleyball/match/cleveland-central-vs-provine-jackson/9-15-2026/?c=2b6e028f-a0bd-4a22-b416-4d8f40148f25","/volleyball/ms/e20?9/15/2026","Provine","Rams","https://www.maxpreps.com/ms/cleveland-central/volleyball/","https://www.maxpreps.com/ms/provine-jackson/volleyball/","https://hsfootball.net/proxy.php?url=https%3A%2F%2Fimage.maxpreps.io%2Fschool-mascot%2Fc%2F5%2F7%2Fc57691d8-8df3-4275-a763-29f6d44823f3.gif%3Fversion%3D639004288966231590%26amp%3Bwidth%3D128%26amp%3Bheight%3D128%26amp%3Bauto%3Dwebp%26amp%3Bformat%3Dpjpg","https://hsfootball.net/proxy.php?url=https%3A%2F%2Fimage.maxpreps.io%2Fschool-mascot%2F7%2F3%2Fe%2F73e8a4dc-12e7-48c0-b762-cdf832944371.gif%3Fversion%3D636389262000000000%26amp%3Bwidth%3D128%26amp%3Bheight%3D128%26amp%3Bauto%3Dwebp%26amp%3Bformat%3Dpjpg","girl"
23,"Lawrence County vs Poplarville",Girls Volleyball,"Mississippi",9/15/2026,5:30pm,"The Lawrence County varsity volleyball team has an away conference match @  Poplarville (MS) on Tuesday, September 15 @ 5:30p.","/ms/volleyball/match/lawrence-county-monticello-vs-poplarville/9-15-2026/?c=f7c54bbe-fe6c-4cf7-a0df-495b2c682aed","https://www.maxpreps.com/ms/volleyball/match/lawrence-county-monticello-vs-poplarville/9-15-2026/?c=f7c54bbe-fe6c-4cf7-a0df-495b2c682aed","/volleyball/ms/1070?9/15/2026","Lawrence County","Cougars","https://www.maxpreps.com/ms/lawrence-county-monticello/volleyball/","https://www.maxpreps.com/ms/poplarville/volleyball/","https://hsfootball.net/proxy.php?url=https%3A%2F%2Fimage.maxpreps.io%2Fschool-mascot%2Ff%2Fa%2F6%2Ffa67321c-b584-4163-aa4b-8dca0ebf7d7a.gif%3Fversion%3D635392989600000000%26amp%3Bwidth%3D128%26amp%3Bheight%3D128%26amp%3Bauto%3Dwebp%26amp%3Bformat%3Dpjpg","https://hsfootball.net/proxy.php?url=https%3A%2F%2Fimage.maxpreps.io%2Fschool-mascot%2Fa%2Fe%2F5%2Fae5e538e-9e7b-488e-b481-afb7261a902e.gif%3Fversion%3D638330487600000000%26amp%3Bwidth%3D128%26amp%3Bheight%3D128%26amp%3Bauto%3Dwebp%26amp%3Bformat%3Dpjpg","girl"
24,"Brandon vs Pearl",Girls Volleyball,"Mississippi",9/15/2026,5:30pm,"The Brandon varsity volleyball team has an away conference match @  Pearl (MS) on Tuesday, September 15 @ 5:30p.","/ms/volleyball/match/brandon-vs-pearl/9-15-2026/?c=73bd0597-85a8-4f42-89b0-dd255f074e10","https://www.maxpreps.com/ms/volleyball/match/brandon-vs-pearl/9-15-2026/?c=73bd0597-85a8-4f42-89b0-dd255f074e10","/volleyball/ms/63b?9/15/2026","Brandon","Bulldogs","https://www.maxpreps.com/ms/brandon/volleyball/","https://www.maxpreps.com/ms/pearl/volleyball/","https://hsfootball.net/proxy.php?url=https%3A%2F%2Fimage.maxpreps.io%2Fschool-mascot%2F8%2F2%2F4%2F82407d21-d248-4423-9d13-86eea015e20c.gif%3Fversion%3D639136579105634540%26amp%3Bwidth%3D128%26amp%3Bheight%3D128%26amp%3Bauto%3Dwebp%26amp%3Bformat%3Dpjpg","https://hsfootball.net/proxy.php?url=https%3A%2F%2Fimage.maxpreps.io%2Fschool-mascot%2Fd%2F6%2F4%2Fd64af848-4762-4e5f-ace6-9cb8bb234f02.gif%3Fversion%3D635919166200000000%26amp%3Bwidth%3D128%26amp%3Bheight%3D128%26amp%3Bauto%3Dwebp%26amp%3Bformat%3Dpjpg","girl"
25,"Simmons vs Leflore County",Girls Volleyball,"Mississippi",9/15/2026,5:30pm,"The Simmons varsity volleyball team has an away conference match @  Leflore County (Itta Bena, MS) on Tuesday, September 15 @ 5:30p.","/ms/volleyball/match/leflore-county-itta-bena-vs-simmons-hollandale/9-15-2026/?c=0436188e-c418-4636-834c-72f623dd8ee7","https://www.maxpreps.com/ms/volleyball/match/leflore-county-itta-bena-vs-simmons-hollandale/9-15-2026/?c=0436188e-c418-4636-834c-72f623dd8ee7","/volleyball/ms/11e4?9/15/2026","Simmons","Blue Devils","https://www.maxpreps.com/ms/leflore-county-itta-bena/volleyball/","https://www.maxpreps.com/ms/simmons-hollandale/volleyball/","https://hsfootball.net/proxy.php?url=https%3A%2F%2Fimage.maxpreps.io%2Fschool-mascot%2F6%2Fd%2F2%2F6d2d4f8b-7e39-4941-8a20-e2df48c5ded3.gif%3Fversion%3D635805826200000000%26amp%3Bwidth%3D128%26amp%3Bheight%3D128%26amp%3Bauto%3Dwebp%26amp%3Bformat%3Dpjpg","https://hsfootball.net/proxy.php?url=https%3A%2F%2Fimage.maxpreps.io%2Fschool-mascot%2Fe%2F3%2F7%2Fe3717739-f5dc-46e6-9c87-085a1a86638b.gif%3Fversion%3D636465118800000000%26amp%3Bwidth%3D128%26amp%3Bheight%3D128%26amp%3Bauto%3Dwebp%26amp%3Bformat%3Dpjpg","girl"
26,"Lewisburg vs Tupelo",Girls Volleyball,"Mississippi",9/15/2026,5:30pm,"The Lewisburg varsity volleyball team has an away conference match @  Tupelo (MS) on Tuesday, September 15 @ 5:30p.","/ms/volleyball/match/lewisburg-olive-branch-vs-tupelo/9-15-2026/?c=0c33eb62-a968-4d69-b03e-25e38813a402","https://www.maxpreps.com/ms/volleyball/match/lewisburg-olive-branch-vs-tupelo/9-15-2026/?c=0c33eb62-a968-4d69-b03e-25e38813a402","/volleyball/ms/c97?9/15/2026","Lewisburg","Patriots","https://www.maxpreps.com/ms/lewisburg-olive-branch/volleyball/","https://www.maxpreps.com/ms/tupelo/volleyball/","https://hsfootball.net/proxy.php?url=https%3A%2F%2Fimage.maxpreps.io%2Fschool-mascot%2Fc%2F6%2F2%2Fc627de47-f6c2-42c7-b02a-07b2e7a38234.gif%3Fversion%3D637086399000000000%26amp%3Bwidth%3D128%26amp%3Bheight%3D128%26amp%3Bauto%3Dwebp%26amp%3Bformat%3Dpjpg","https://hsfootball.net/proxy.php?url=https%3A%2F%2Fimage.maxpreps.io%2Fschool-mascot%2F2%2F4%2F5%2F245f1463-3aed-41d1-89b7-9cdef961d52e.gif%3Fversion%3D638935262596773850%26amp%3Bwidth%3D128%26amp%3Bheight%3D128%26amp%3Bauto%3Dwebp%26amp%3Bformat%3Dpjpg","girl"
27,"Stringer vs St. Joseph Catholic",Girls Volleyball,"Mississippi",9/15/2026,6:00pm,"The Stringer varsity volleyball team has an away non-conference match @  St. Joseph Catholic (Madison, MS) on Tuesday, September 15 @ 6p.","/ms/volleyball/match/st-joseph-catholic-madison-vs-stringer/9-15-2026/?c=9300a40b-10fc-4298-b47c-f1e6b0334c63","https://www.maxpreps.com/ms/volleyball/match/st-joseph-catholic-madison-vs-stringer/9-15-2026/?c=9300a40b-10fc-4298-b47c-f1e6b0334c63","/volleyball/ms/eda?9/15/2026","Stringer","Red Devils","https://www.maxpreps.com/ms/st-joseph-catholic-madison/volleyball/","https://www.maxpreps.com/ms/stringer/volleyball/","https://hsfootball.net/proxy.php?url=https%3A%2F%2Fimage.maxpreps.io%2Fschool-mascot%2F5%2F6%2F0%2F5605c8b8-5e0d-41dd-b7cf-18f3bcdb5692.gif%3Fversion%3D635836097400000000%26amp%3Bwidth%3D128%26amp%3Bheight%3D128%26amp%3Bauto%3Dwebp%26amp%3Bformat%3Dpjpg","https://hsfootball.net/proxy.php?url=https%3A%2F%2Fimage.maxpreps.io%2Fschool-mascot%2F8%2F7%2Fd%2F87d38fcc-50fc-4019-b6bc-83fd955d74ab.gif%3Fversion%3D635938197600000000%26amp%3Bwidth%3D128%26amp%3Bheight%3D128%26amp%3Bauto%3Dwebp%26amp%3Bformat%3Dpjpg","girl"
28,"Horn Lake vs Southaven",Girls Volleyball,"Mississippi",9/15/2026,6:00pm,"The Horn Lake varsity volleyball team has an away conference match @  Southaven (MS) on Tuesday, September 15 @ 6p.","/ms/volleyball/match/horn-lake-vs-southaven/9-15-2026/?c=64fff7c9-9c31-4567-9900-6f9b7627c73b","https://www.maxpreps.com/ms/volleyball/match/horn-lake-vs-southaven/9-15-2026/?c=64fff7c9-9c31-4567-9900-6f9b7627c73b","/volleyball/ms/8a1?9/15/2026","Horn Lake","Eagles","https://www.maxpreps.com/ms/horn-lake/volleyball/","https://www.maxpreps.com/ms/southaven/volleyball/","https://hsfootball.net/proxy.php?url=https%3A%2F%2Fimage.maxpreps.io%2Fschool-mascot%2F5%2Fd%2Fd%2F5dd15068-2c2d-4ee3-ba37-1bb6afa62fdc.gif%3Fversion%3D638947225459876400%26amp%3Bwidth%3D128%26amp%3Bheight%3D128%26amp%3Bauto%3Dwebp%26amp%3Bformat%3Dpjpg","https://hsfootball.net/proxy.php?url=https%3A%2F%2Fimage.maxpreps.io%2Fschool-mascot%2Fd%2F9%2Fa%2Fd9a5e795-263d-487e-832c-45ad4210a809.gif%3Fversion%3D638937103485642590%26amp%3Bwidth%3D128%26amp%3Bheight%3D128%26amp%3Bauto%3Dwebp%26amp%3Bformat%3Dpjpg","girl"
29,"Madison-Ridgeland Academy vs Christ Covenant",Girls Volleyball,"Mississippi",9/15/2026,6:00pm,"The Madison-Ridgeland Academy varsity volleyball team has an away non-conference match @  Christ Covenant (Ridgeland, MS) on Tuesday, September 15 @ 6p.","/ms/volleyball/match/christ-covenant-ridgeland-vs-madison-ridgeland-academy/9-15-2026/?c=c89dd3e6-0956-4a67-8b28-7feaea60725a","https://www.maxpreps.com/ms/volleyball/match/christ-covenant-ridgeland-vs-madison-ridgeland-academy/9-15-2026/?c=c89dd3e6-0956-4a67-8b28-7feaea60725a","/volleyball/ms/14f5?9/15/2026","Madison-Ridgeland Academy","Patriots","https://www.maxpreps.com/ms/christ-covenant-ridgeland/volleyball/","https://www.maxpreps.com/ms/madison-ridgeland-academy/volleyball/","https://hsfootball.net/proxy.php?url=https%3A%2F%2Fimage.maxpreps.io%2Fschool-mascot%2F6%2F7%2F6%2F676cc31e-d246-4c35-8d67-02e129b0d222.gif%3Fversion%3D637092390000000000%26amp%3Bwidth%3D128%26amp%3Bheight%3D128%26amp%3Bauto%3Dwebp%26amp%3Bformat%3Dpjpg","https://hsfootball.net/proxy.php?url=https%3A%2F%2Fimage.maxpreps.io%2Fschool-mascot%2F5%2F7%2Fa%2F57ad23e3-57fa-43e0-ac52-4fa10f2a0cf0.gif%3Fversion%3D639239357097139920%26amp%3Bwidth%3D128%26amp%3Bheight%3D128%26amp%3Bauto%3Dwebp%26amp%3Bformat%3Dpjpg","girl"
30,"Wilkinson County vs Amite County",Girls Volleyball,"Mississippi",9/15/2026,6:00pm,"The Wilkinson County varsity volleyball team has an away conference match @  Amite County (Liberty, MS) on Tuesday, September 15 @ 6p.","/ms/volleyball/match/amite-county-liberty-vs-wilkinson-county-woodville/9-15-2026/?c=6249db58-1f5b-4a23-b741-8f0054214534","https://www.maxpreps.com/ms/volleyball/match/amite-county-liberty-vs-wilkinson-county-woodville/9-15-2026/?c=6249db58-1f5b-4a23-b741-8f0054214534","/volleyball/ms/13f9?9/15/2026","Wilkinson County","Wildcats","https://www.maxpreps.com/ms/amite-county-liberty/volleyball/","https://www.maxpreps.com/ms/wilkinson-county-woodville/volleyball/","https://hsfootball.net/proxy.php?url=https%3A%2F%2Fimage.maxpreps.io%2Fschool-mascot%2F3%2Fa%2Fe%2F3aeb919e-1797-48b0-a19c-f8a1825fa814.gif%3Fversion%3D635820552600000000%26amp%3Bwidth%3D128%26amp%3Bheight%3D128%26amp%3Bauto%3Dwebp%26amp%3Bformat%3Dpjpg","https://hsfootball.net/proxy.php?url=https%3A%2F%2Fimage.maxpreps.io%2Fschool-mascot%2Fe%2Ff%2F3%2Fef3d3a42-0fbb-4108-b279-95d46395391f.gif%3Fversion%3D638138685600000000%26amp%3Bwidth%3D128%26amp%3Bheight%3D128%26amp%3Bauto%3Dwebp%26amp%3Bformat%3Dpjpg","girl"
31,"Center Hill vs Grenada",Girls Volleyball,"Mississippi",9/15/2026,6:00pm,"The Center Hill varsity volleyball team has an away conference match @  Grenada (MS) on Tuesday, September 15 @ 6p.","/ms/volleyball/match/center-hill-olive-branch-vs-grenada/9-15-2026/?c=2de951ac-9426-4167-b337-bf2f16668042","https://www.maxpreps.com/ms/volleyball/match/center-hill-olive-branch-vs-grenada/9-15-2026/?c=2de951ac-9426-4167-b337-bf2f16668042","/volleyball/ms/d53?9/15/2026","Center Hill","Mustangs","https://www.maxpreps.com/ms/center-hill-olive-branch/volleyball/","https://www.maxpreps.com/ms/grenada/volleyball/","https://hsfootball.net/proxy.php?url=https%3A%2F%2Fimage.maxpreps.io%2Fschool-mascot%2Ff%2F9%2F6%2Ff96b0f33-aa46-4b6f-b24b-0c089d0a934e.gif%3Fversion%3D639070926274879880%26amp%3Bwidth%3D128%26amp%3Bheight%3D128%26amp%3Bauto%3Dwebp%26amp%3Bformat%3Dpjpg","https://hsfootball.net/proxy.php?url=https%3A%2F%2Fimage.maxpreps.io%2Fschool-mascot%2F7%2Fc%2F6%2F7c6d6045-1198-44bd-a4e5-01a0ee8b6a30.gif%3Fversion%3D637093254000000000%26amp%3Bwidth%3D128%26amp%3Bheight%3D128%26amp%3Bauto%3Dwebp%26amp%3Bformat%3Dpjpg","girl"
32,"Hernando vs DeSoto Central",Girls Volleyball,"Mississippi",9/15/2026,6:00pm,"The Hernando varsity volleyball team has an away conference match @  DeSoto Central (Southaven, MS) on Tuesday, September 15 @ 6p.","/ms/volleyball/match/desoto-central-southaven-vs-hernando/9-15-2026/?c=09aec83b-4cdc-42a2-a7d6-c5255c65d35e","https://www.maxpreps.com/ms/volleyball/match/desoto-central-southaven-vs-hernando/9-15-2026/?c=09aec83b-4cdc-42a2-a7d6-c5255c65d35e","/volleyball/ms/e40?9/15/2026","Hernando","Tigers","https://www.maxpreps.com/ms/desoto-central-southaven/volleyball/","https://www.maxpreps.com/ms/hernando/volleyball/","https://hsfootball.net/proxy.php?url=https%3A%2F%2Fimage.maxpreps.io%2Fschool-mascot%2F5%2F9%2F9%2F599b9c31-6976-412b-a2da-7f7106269ae1.gif%3Fversion%3D637628366400000000%26amp%3Bwidth%3D128%26amp%3Bheight%3D128%26amp%3Bauto%3Dwebp%26amp%3Bformat%3Dpjpg","https://hsfootball.net/proxy.php?url=https%3A%2F%2Fimage.maxpreps.io%2Fschool-mascot%2F1%2Ff%2F1%2F1f1e94a4-fd1e-493e-9f72-060604041001.gif%3Fversion%3D638930196502556290%26amp%3Bwidth%3D128%26amp%3Bheight%3D128%26amp%3Bauto%3Dwebp%26amp%3Bformat%3Dpjpg","girl"
33,"Houlka vs Aberdeen",Girls Volleyball,"Mississippi",9/15/2026,6:00pm,"The Houlka varsity volleyball team has an away non-conference match @  Aberdeen (MS) on Tuesday, September 15 @ 6p.","/ms/volleyball/match/aberdeen-vs-houlka/9-15-2026/?c=f54bda4f-1d65-4bb3-9aaf-e670265ddee2","https://www.maxpreps.com/ms/volleyball/match/aberdeen-vs-houlka/9-15-2026/?c=f54bda4f-1d65-4bb3-9aaf-e670265ddee2","/volleyball/ms/6fd?9/15/2026","Houlka","Wildcats","https://www.maxpreps.com/ms/aberdeen/volleyball/","https://www.maxpreps.com/ms/houlka/volleyball/","https://hsfootball.net/proxy.php?url=https%3A%2F%2Fimage.maxpreps.io%2Fschool-mascot%2F9%2Fd%2Fa%2F9da41e05-3c73-4a75-8327-efec59c97237.gif%3Fversion%3D637462987200000000%26amp%3Bwidth%3D128%26amp%3Bheight%3D128%26amp%3Bauto%3Dwebp%26amp%3Bformat%3Dpjpg","https://hsfootball.net/proxy.php?url=https%3A%2F%2Fimage.maxpreps.io%2Fschool-mascot%2F4%2F7%2F2%2F472d8593-9099-4925-81e0-ae97cae44e43.gif%3Fversion%3D635919166200000000%26amp%3Bwidth%3D128%26amp%3Bheight%3D128%26amp%3Bauto%3Dwebp%26amp%3Bformat%3Dpjpg","girl"
34,"Covington vs Central Private",Girls Volleyball,"Mississippi",9/15/2026,6:00pm,"The Covington varsity volleyball team has an away non-conference match @  Central Private (Baker, LA) on Tuesday, September 15 @ 6p.","/la/volleyball/match/central-private-baker-vs-covington/9-15-2026/?c=ccd5605d-6d41-498e-b67e-08a02d109651","https://www.maxpreps.com/la/volleyball/match/central-private-baker-vs-covington/9-15-2026/?c=ccd5605d-6d41-498e-b67e-08a02d109651","/volleyball/ms/d5d?9/15/2026","Covington","Fighting Lions","https://www.maxpreps.com/ms/central-private-baker/volleyball/","https://www.maxpreps.com/ms/covington/volleyball/","https://hsfootball.net/proxy.php?url=https%3A%2F%2Fimage.maxpreps.io%2Fschool-mascot%2F6%2F8%2F8%2F688d70e5-e544-4e9e-b466-31f0b115bd8e.gif%3Fversion%3D635518218600000000%26amp%3Bwidth%3D128%26amp%3Bheight%3D128%26amp%3Bauto%3Dwebp%26amp%3Bformat%3Dpjpg","https://hsfootball.net/proxy.php?url=https%3A%2F%2Fimage.maxpreps.io%2Fschool-mascot%2Fe%2Fd%2Fb%2Fedb97412-571e-420a-b851-a38f9bb56b80.gif%3Fversion%3D636501384000000000%26amp%3Bwidth%3D128%26amp%3Bheight%3D128%26amp%3Bauto%3Dwebp%26amp%3Bformat%3Dpjpg","girl"
35,"Jefferson Davis County vs Magee",Girls Volleyball,"Mississippi",9/15/2026,6:00pm,"The Jefferson Davis County varsity volleyball team has an away conference match @  Magee (MS) on Tuesday, September 15 @ 6p.","/ms/volleyball/match/jefferson-davis-county-bassfield-vs-magee/9-15-2026/?c=37e42112-79e2-4d48-a2b2-9397d9db138b","https://www.maxpreps.com/ms/volleyball/match/jefferson-davis-county-bassfield-vs-magee/9-15-2026/?c=37e42112-79e2-4d48-a2b2-9397d9db138b","/volleyball/ms/ff1?9/15/2026","Jefferson Davis County","Jaguars","https://www.maxpreps.com/ms/jefferson-davis-county-bassfield/volleyball/","https://www.maxpreps.com/ms/magee/volleyball/","https://hsfootball.net/proxy.php?url=https%3A%2F%2Fimage.maxpreps.io%2Fschool-mascot%2Fa%2F2%2F6%2Fa2693e3e-f8f3-41eb-a3d0-e1405226adf8.gif%3Fversion%3D636263737200000000%26amp%3Bwidth%3D128%26amp%3Bheight%3D128%26amp%3Bauto%3Dwebp%26amp%3Bformat%3Dpjpg","https://hsfootball.net/proxy.php?url=https%3A%2F%2Fimage.maxpreps.io%2Fschool-mascot%2Fa%2F2%2F6%2Fa2693e3e-f8f3-41eb-a3d0-e1405226adf8.gif%3Fversion%3D636263737200000000%26amp%3Bwidth%3D32%26amp%3Bheight%3D32%26amp%3Bauto%3Dwebp%26amp%3Bformat%3Dpjpg","girl"
36,"Bogue Chitto vs Wesson",Girls Volleyball,"Mississippi",9/15/2026,6:00pm,"The Bogue Chitto varsity volleyball team has an away non-conference match @  Wesson (MS) on Tuesday, September 15 @ 6p.","/ms/volleyball/match/bogue-chitto-vs-wesson/9-15-2026/?c=497afd66-e895-40fc-b955-0ff7f688106c","https://www.maxpreps.com/ms/volleyball/match/bogue-chitto-vs-wesson/9-15-2026/?c=497afd66-e895-40fc-b955-0ff7f688106c","/volleyball/ms/8ac?9/15/2026","Bogue Chitto","Bobcats","https://www.maxpreps.com/ms/bogue-chitto/volleyball/","https://www.maxpreps.com/ms/wesson/volleyball/","https://hsfootball.net/proxy.php?url=https%3A%2F%2Fimage.maxpreps.io%2Fschool-mascot%2F5%2F5%2Fc%2F55cd5a58-7855-4ec3-876a-fd5514990def.gif%3Fversion%3D634690821000000000%26amp%3Bwidth%3D128%26amp%3Bheight%3D128%26amp%3Bauto%3Dwebp%26amp%3Bformat%3Dpjpg","https://hsfootball.net/proxy.php?url=https%3A%2F%2Fimage.maxpreps.io%2Fschool-mascot%2F3%2F9%2F9%2F3990e29f-74d8-4656-9e58-0170450179e3.gif%3Fversion%3D635193226200000000%26amp%3Bwidth%3D128%26amp%3Bheight%3D128%26amp%3Bauto%3Dwebp%26amp%3Bformat%3Dpjpg","girl"
37,"Nanih Waiya vs McAdams",Girls Volleyball,"Mississippi",9/15/2026,6:00pm,"The Nanih Waiya varsity volleyball team has an away conference match @  McAdams (MS) on Tuesday, September 15 @ 6p.","/ms/volleyball/match/mcadams-vs-nanih-waiya-louisville/9-15-2026/?c=1009796a-e882-447d-96ce-3e3ab5037dcd","https://www.maxpreps.com/ms/volleyball/match/mcadams-vs-nanih-waiya-louisville/9-15-2026/?c=1009796a-e882-447d-96ce-3e3ab5037dcd","/volleyball/ms/ce4?9/15/2026","Nanih Waiya","Warriors","https://www.maxpreps.com/ms/mcadams/volleyball/","https://www.maxpreps.com/ms/nanih-waiya-louisville/volleyball/","https://hsfootball.net/proxy.php?url=https%3A%2F%2Fimage.maxpreps.io%2Fschool-mascot%2F5%2F2%2F1%2F521f847f-a574-4f70-9db8-38c6e8cb38ef.gif%3Fversion%3D637081077600000000%26amp%3Bwidth%3D128%26amp%3Bheight%3D128%26amp%3Bauto%3Dwebp%26amp%3Bformat%3Dpjpg","https://hsfootball.net/proxy.php?url=https%3A%2F%2Fimage.maxpreps.io%2Fschool-mascot%2F5%2F2%2F1%2F521f847f-a574-4f70-9db8-38c6e8cb38ef.gif%3Fversion%3D637081077600000000%26amp%3Bwidth%3D32%26amp%3Bheight%3D32%26amp%3Bauto%3Dwebp%26amp%3Bformat%3Dpjpg","girl"
38,"Starkville vs Madison Central",Girls Volleyball,"Mississippi",9/15/2026,6:00pm,"The Starkville varsity volleyball team has an away conference match @  Madison Central (Madison, MS) on Tuesday, September 15 @ 6p.","/ms/volleyball/match/madison-central-vs-starkville/9-15-2026/?c=24993e47-3d60-4a93-96fb-9d58e824c97c","https://www.maxpreps.com/ms/volleyball/match/madison-central-vs-starkville/9-15-2026/?c=24993e47-3d60-4a93-96fb-9d58e824c97c","/volleyball/ms/b85?9/15/2026","Starkville","Yellowjackets","https://www.maxpreps.com/ms/madison-central/volleyball/","https://www.maxpreps.com/ms/starkville/volleyball/","https://hsfootball.net/proxy.php?url=https%3A%2F%2Fimage.maxpreps.io%2Fschool-mascot%2Ff%2F0%2F4%2Ff04c912e-3eeb-4692-b9f4-796b479183b9.gif%3Fversion%3D635533645200000000%26amp%3Bwidth%3D128%26amp%3Bheight%3D128%26amp%3Bauto%3Dwebp%26amp%3Bformat%3Dpjpg","https://hsfootball.net/proxy.php?url=https%3A%2F%2Fimage.maxpreps.io%2Fschool-mascot%2F6%2Fe%2F9%2F6e9faa9c-51e7-488a-87b3-0921bda07669.gif%3Fversion%3D636918717000000000%26amp%3Bwidth%3D128%26amp%3Bheight%3D128%26amp%3Bauto%3Dwebp%26amp%3Bformat%3Dpjpg","girl"
39,"Ingomar vs Smithville",Girls Volleyball,"Mississippi",9/15/2026,6:00pm,"The Ingomar varsity volleyball team has an away conference match @  Smithville (MS) on Tuesday, September 15 @ 6p.","/ms/volleyball/match/ingomar-new-albany-vs-smithville/9-15-2026/?c=b3d04fb9-5e44-41e1-bd4d-a2aeb17c491c","https://www.maxpreps.com/ms/volleyball/match/ingomar-new-albany-vs-smithville/9-15-2026/?c=b3d04fb9-5e44-41e1-bd4d-a2aeb17c491c","/volleyball/ms/c8c?9/15/2026","Ingomar","Falcons","https://www.maxpreps.com/ms/ingomar-new-albany/volleyball/","https://www.maxpreps.com/ms/smithville/volleyball/","https://hsfootball.net/proxy.php?url=https%3A%2F%2Fimage.maxpreps.io%2Fschool-mascot%2F7%2Fe%2Fd%2F7ed2c84e-82a4-414c-ad15-9af9034cb6b3.gif%3Fversion%3D636160777200000000%26amp%3Bwidth%3D128%26amp%3Bheight%3D128%26amp%3Bauto%3Dwebp%26amp%3Bformat%3Dpjpg","https://hsfootball.net/proxy.php?url=https%3A%2F%2Fimage.maxpreps.io%2Fschool-mascot%2F6%2F8%2Fb%2F68b2a4e2-a1d9-44d9-a1be-51407d8f7cfd.gif%3Fversion%3D637289353800000000%26amp%3Bwidth%3D128%26amp%3Bheight%3D128%26amp%3Bauto%3Dwebp%26amp%3Bformat%3Dpjpg","girl"
40,"New Hope vs West Point",Girls Volleyball,"Mississippi",9/15/2026,6:00pm,"The New Hope varsity volleyball team has an away conference match @  West Point (MS) on Tuesday, September 15 @ 6p.","/ms/volleyball/match/new-hope-columbus-vs-west-point/9-15-2026/?c=c13d8c5d-c81c-4468-9440-a8126a620e63","https://www.maxpreps.com/ms/volleyball/match/new-hope-columbus-vs-west-point/9-15-2026/?c=c13d8c5d-c81c-4468-9440-a8126a620e63","/volleyball/ms/c17?9/15/2026","New Hope","Trojans","https://www.maxpreps.com/ms/new-hope-columbus/volleyball/","https://www.maxpreps.com/ms/west-point/volleyball/","https://hsfootball.net/proxy.php?url=https%3A%2F%2Fimage.maxpreps.io%2Fschool-mascot%2Fb%2Fc%2F7%2Fbc7c88c9-6865-440f-ad23-054e088c7dbc.gif%3Fversion%3D635345307000000000%26amp%3Bwidth%3D128%26amp%3Bheight%3D128%26amp%3Bauto%3Dwebp%26amp%3Bformat%3Dpjpg","https://hsfootball.net/proxy.php?url=https%3A%2F%2Fimage.maxpreps.io%2Fschool-mascot%2Fd%2Fb%2F7%2Fdb73a003-7281-4b6f-ab4f-536c653dc077.gif%3Fversion%3D635357379000000000%26amp%3Bwidth%3D128%26amp%3Bheight%3D128%26amp%3Bauto%3Dwebp%26amp%3Bformat%3Dpjpg","girl"
41,"Pontotoc vs Lafayette",Girls Volleyball,"Mississippi",9/15/2026,6:00pm,"The Pontotoc varsity volleyball team has an away conference match @  Lafayette (Oxford, MS) on Tuesday, September 15 @ 6p.","/ms/volleyball/match/lafayette-oxford-vs-pontotoc/9-15-2026/?c=beb49580-c1f2-41ba-80fe-9701495917da","https://www.maxpreps.com/ms/volleyball/match/lafayette-oxford-vs-pontotoc/9-15-2026/?c=beb49580-c1f2-41ba-80fe-9701495917da","/volleyball/ms/b37?9/15/2026","Pontotoc","Warriors","https://www.maxpreps.com/ms/lafayette-oxford/girls-volleyball/","https://www.maxpreps.com/ms/pontotoc/girls-volleyball/","https://hsfootball.net/proxy.php?url=https%3A%2F%2Fimage.maxpreps.io%2Fschool-mascot%2F2%2F0%2Fa%2F20ae29dd-2d09-4959-adbc-c852c61f40b7.gif%3Fversion%3D636139393800000000%26amp%3Bwidth%3D128%26amp%3Bheight%3D128%26amp%3Bauto%3Dwebp%26amp%3Bformat%3Dpjpg","https://hsfootball.net/proxy.php?url=https%3A%2F%2Fimage.maxpreps.io%2Fschool-mascot%2F1%2F2%2Fc%2F12c9fb22-1faf-45e1-a5f3-3177baf49acf.gif%3Fversion%3D636723507000000000%26amp%3Bwidth%3D128%26amp%3Bheight%3D128%26amp%3Bauto%3Dwebp%26amp%3Bformat%3Dpjpg","girl"
42,"Holmes County Central vs Florence",Girls Volleyball,"Mississippi",9/15/2026,6:00pm,"The Holmes County Central varsity volleyball team has an away conference match @  Florence (MS) on Tuesday, September 15 @ 6p.","/ms/volleyball/match/florence-vs-holmes-county-central-lexington/9-15-2026/?c=ad0c8b9a-4915-4cbe-b04f-6c7d5fd156d9","https://www.maxpreps.com/ms/volleyball/match/florence-vs-holmes-county-central-lexington/9-15-2026/?c=ad0c8b9a-4915-4cbe-b04f-6c7d5fd156d9","/volleyball/ms/1103?9/15/2026","Holmes County Central","Jaguars","https://www.maxpreps.com/ms/florence/girls-volleyball/","https://www.maxpreps.com/ms/holmes-county-central-lexington/girls-volleyball/","https://hsfootball.net/proxy.php?url=https%3A%2F%2Fimage.maxpreps.io%2Fschool-mascot%2F9%2F3%2F1%2F931a825e-bc6e-4198-9ebe-c1665eda58b5.gif%3Fversion%3D635757672600000000%26amp%3Bwidth%3D128%26amp%3Bheight%3D128%26amp%3Bauto%3Dwebp%26amp%3Bformat%3Dpjpg","https://hsfootball.net/proxy.php?url=https%3A%2F%2Fimage.maxpreps.io%2Fschool-mascot%2Ff%2Fa%2Fb%2Ffabb0f26-2f0b-46ac-86b1-9f3d0f4fe147.gif%3Fversion%3D636887616600000000%26amp%3Bwidth%3D128%26amp%3Bheight%3D128%26amp%3Bauto%3Dwebp%26amp%3Bformat%3Dpjpg","girl"
43,"East Webster vs Velma Jackson",Girls Volleyball,"Mississippi",9/15/2026,6:00pm,"The East Webster varsity volleyball team has an away conference match @  Velma Jackson (Camden, MS) on Tuesday, September 15 @ 6p.","/ms/volleyball/match/east-webster-maben-vs-velma-jackson-camden/9-15-2026/?c=c5f1b7de-7109-4df4-b3ea-8a44424bf539","https://www.maxpreps.com/ms/volleyball/match/east-webster-maben-vs-velma-jackson-camden/9-15-2026/?c=c5f1b7de-7109-4df4-b3ea-8a44424bf539","/volleyball/ms/1009?9/15/2026","East Webster","Wolverines","https://www.maxpreps.com/ms/east-webster-maben/girls-volleyball/","https://www.maxpreps.com/ms/velma-jackson-camden/girls-volleyball/","https://hsfootball.net/proxy.php?url=https%3A%2F%2Fimage.maxpreps.io%2Fschool-mascot%2F3%2F2%2F2%2F322965d5-93c3-49b4-b9cb-eeebbec433c1.gif%3Fversion%3D636387869400000000%26amp%3Bwidth%3D128%26amp%3Bheight%3D128%26amp%3Bauto%3Dwebp%26amp%3Bformat%3Dpjpg","https://hsfootball.net/proxy.php?url=https%3A%2F%2Fimage.maxpreps.io%2Fschool-mascot%2F3%2F2%2F2%2F322965d5-93c3-49b4-b9cb-eeebbec433c1.gif%3Fversion%3D636387869400000000%26amp%3Bwidth%3D32%26amp%3Bheight%3D32%26amp%3Bauto%3Dwebp%26amp%3Bformat%3Dpjpg","girl"
44,"Sacred Heart vs Resurrection Catholic",Girls Volleyball,"Mississippi",9/15/2026,6:00pm,"The Sacred Heart varsity volleyball team has an away non-conference match @  Resurrection Catholic (Pascagoula, MS) on Tuesday, September 15 @ 6p.","/ms/volleyball/match/resurrection-catholic-pascagoula-vs-sacred-heart-hattiesburg/9-15-2026/?c=0a147b61-e9c7-47a4-b642-c210d1cd2ab3","https://www.maxpreps.com/ms/volleyball/match/resurrection-catholic-pascagoula-vs-sacred-heart-hattiesburg/9-15-2026/?c=0a147b61-e9c7-47a4-b642-c210d1cd2ab3","/volleyball/ms/17ab?9/15/2026","Sacred Heart","Crusaders","https://www.maxpreps.com/ms/resurrection-catholic-pascagoula/girls-volleyball/","https://www.maxpreps.com/ms/sacred-heart-hattiesburg/girls-volleyball/","https://hsfootball.net/proxy.php?url=https%3A%2F%2Fimage.maxpreps.io%2Fschool-mascot%2Fd%2Fb%2Fa%2Fdba829c6-f5c3-47a7-aa5b-ac66ccf97ef5.gif%3Fversion%3D635653152600000000%26amp%3Bwidth%3D128%26amp%3Bheight%3D128%26amp%3Bauto%3Dwebp%26amp%3Bformat%3Dpjpg","https://hsfootball.net/proxy.php?url=https%3A%2F%2Fimage.maxpreps.io%2Fschool-mascot%2F6%2Fb%2F2%2F6b2d4a65-4940-4cc4-a655-c3e455618fe3.gif%3Fversion%3D637353210000000000%26amp%3Bwidth%3D128%26amp%3Bheight%3D128%26amp%3Bauto%3Dwebp%26amp%3Bformat%3Dpjpg","girl"
45,"Our Lady Academy vs West Marion",Girls Volleyball,"Mississippi",9/15/2026,6:00pm,"The Our Lady Academy varsity volleyball team has an away conference match @  West Marion (Foxworth, MS) on Tuesday, September 15 @ 6p.","/ms/volleyball/match/our-lady-academy-bay-st-louis-vs-west-marion-foxworth/9-15-2026/?c=51a830d6-4408-4b61-8efe-66b28bb50e9b","https://www.maxpreps.com/ms/volleyball/match/our-lady-academy-bay-st-louis-vs-west-marion-foxworth/9-15-2026/?c=51a830d6-4408-4b61-8efe-66b28bb50e9b","/volleyball/ms/146b?9/15/2026","Our Lady Academy","Crescents","https://www.maxpreps.com/ms/our-lady-academy-bay-st-louis/girls-volleyball/","https://www.maxpreps.com/ms/west-marion-foxworth/girls-volleyball/","https://hsfootball.net/proxy.php?url=https%3A%2F%2Fimage.maxpreps.io%2Fschool-mascot%2Fa%2Fb%2F1%2Fab1722b0-4ea9-4d6a-afad-75bb61bb1ddf.gif%3Fversion%3D636094428600000000%26amp%3Bwidth%3D128%26amp%3Bheight%3D128%26amp%3Bauto%3Dwebp%26amp%3Bformat%3Dpjpg","https://hsfootball.net/proxy.php?url=https%3A%2F%2Fimage.maxpreps.io%2Fschool-mascot%2F0%2Fb%2Ff%2F0bfc3e29-d9c1-4768-85e2-44d3516722cc.gif%3Fversion%3D636288769200000000%26amp%3Bwidth%3D128%26amp%3Bheight%3D128%26amp%3Bauto%3Dwebp%26amp%3Bformat%3Dpjpg","girl"
46,"Laurel vs Brookhaven",Girls Volleyball,"Mississippi",9/15/2026,6:00pm,"The Laurel varsity volleyball team has an away conference match @  Brookhaven (MS) on Tuesday, September 15 @ 6p.","/ms/volleyball/match/brookhaven-vs-laurel/9-15-2026/?c=1141d88a-eed2-4fb2-9cc7-c135d964529b","https://www.maxpreps.com/ms/volleyball/match/brookhaven-vs-laurel/9-15-2026/?c=1141d88a-eed2-4fb2-9cc7-c135d964529b","/volleyball/ms/7f7?9/15/2026","Laurel","Tornadoes","https://www.maxpreps.com/ms/brookhaven/girls-volleyball/","https://www.maxpreps.com/ms/laurel/girls-volleyball/","https://hsfootball.net/proxy.php?url=https%3A%2F%2Fimage.maxpreps.io%2Fschool-mascot%2Fd%2F9%2Ff%2Fd9f8a56f-3099-458b-8f68-b399a0bcde7c.gif%3Fversion%3D635309971200000000%26amp%3Bwidth%3D128%26amp%3Bheight%3D128%26amp%3Bauto%3Dwebp%26amp%3Bformat%3Dpjpg","https://hsfootball.net/proxy.php?url=https%3A%2F%2Fimage.maxpreps.io%2Fschool-mascot%2F1%2Fe%2F1%2F1e19a124-7821-4a31-9708-b8f796f5c530.gif%3Fversion%3D635331555000000000%26amp%3Bwidth%3D128%26amp%3Bheight%3D128%26amp%3Bauto%3Dwebp%26amp%3Bformat%3Dpjpg","girl"
47,"Charleston vs J.Z. George",Girls Volleyball,"Mississippi",9/15/2026,6:00pm,"The Charleston varsity volleyball team has an away conference match @  J.Z. George (North Carrollton, MS) on Tuesday, September 15 @ 6p.","/ms/volleyball/match/charleston-vs-jz-george-north-carrollton/9-15-2026/?c=7ddf8e05-f0b0-4a08-992a-2411f33bbeac","https://www.maxpreps.com/ms/volleyball/match/charleston-vs-jz-george-north-carrollton/9-15-2026/?c=7ddf8e05-f0b0-4a08-992a-2411f33bbeac","/volleyball/ms/fc5?9/15/2026","Charleston","Tigers","https://www.maxpreps.com/ms/charleston/girls-volleyball/","https://www.maxpreps.com/ms/jz-george-north-carrollton/girls-volleyball/","https://hsfootball.net/proxy.php?url=https%3A%2F%2Fimage.maxpreps.io%2Fschool-mascot%2Fe%2Fb%2Fd%2Febd37d05-5f4a-4f2e-a1cb-581d8329b5c5.gif%3Fversion%3D638610332283171640%26amp%3Bwidth%3D128%26amp%3Bheight%3D128%26amp%3Bauto%3Dwebp%26amp%3Bformat%3Dpjpg","https://hsfootball.net/proxy.php?url=https%3A%2F%2Fimage.maxpreps.io%2Fschool-mascot%2Fe%2Fb%2Fd%2Febd37d05-5f4a-4f2e-a1cb-581d8329b5c5.gif%3Fversion%3D638610332283171640%26amp%3Bwidth%3D32%26amp%3Bheight%3D32%26amp%3Bauto%3Dwebp%26amp%3Bformat%3Dpjpg","girl"
48,"Lamar vs Jackson Prep",Girls Volleyball,"Mississippi",9/15/2026,6:00pm,"The Lamar varsity volleyball team has an away non-conference match @  Jackson Prep (Jackson, MS) on Tuesday, September 15 @ 6p.","/ms/volleyball/match/jackson-prep-vs-lamar-meridian/9-15-2026/?c=1d4780fb-3745-4972-85af-25468cd64b71","https://www.maxpreps.com/ms/volleyball/match/jackson-prep-vs-lamar-meridian/9-15-2026/?c=1d4780fb-3745-4972-85af-25468cd64b71","/volleyball/ms/b93?9/15/2026","Lamar","Raiders","https://www.maxpreps.com/ms/jackson-prep/girls-volleyball/","https://www.maxpreps.com/ms/lamar-meridian/girls-volleyball/","https://hsfootball.net/proxy.php?url=https%3A%2F%2Fimage.maxpreps.io%2Fschool-mascot%2F2%2F9%2Ff%2F29f316ea-5a20-4968-8f4b-387786e9dd2d.gif%3Fversion%3D636021051000000000%26amp%3Bwidth%3D128%26amp%3Bheight%3D128%26amp%3Bauto%3Dwebp%26amp%3Bformat%3Dpjpg","https://hsfootball.net/proxy.php?url=https%3A%2F%2Fimage.maxpreps.io%2Fschool-mascot%2F5%2Fe%2Fa%2F5ea6ab6a-9528-4f3c-9694-fb9c9e0e6257.gif%3Fversion%3D634178963400000000%26amp%3Bwidth%3D128%26amp%3Bheight%3D128%26amp%3Bauto%3Dwebp%26amp%3Bformat%3Dpjpg","girl"
49,"Richton vs Lumberton",Girls Volleyball,"Mississippi",9/15/2026,6:00pm,"The Richton varsity volleyball team has an away conference match @  Lumberton (MS) on Tuesday, September 15 @ 6p.","/ms/volleyball/match/lumberton-vs-richton/9-15-2026/?c=15f398fb-d0a6-4743-9eb0-09edd5e6dca6","https://www.maxpreps.com/ms/volleyball/match/lumberton-vs-richton/9-15-2026/?c=15f398fb-d0a6-4743-9eb0-09edd5e6dca6","/volleyball/ms/812?9/15/2026","Richton","Rebels","https://www.maxpreps.com/ms/lumberton/girls-volleyball/","https://www.maxpreps.com/ms/richton/girls-volleyball/","https://hsfootball.net/proxy.php?url=https%3A%2F%2Fimage.maxpreps.io%2Fschool-mascot%2F0%2Fe%2F1%2F0e11b80b-495b-4d00-bbf4-8df6aeec10ab.gif%3Fversion%3D635368143600000000%26amp%3Bwidth%3D128%26amp%3Bheight%3D128%26amp%3Bauto%3Dwebp%26amp%3Bformat%3Dpjpg","https://hsfootball.net/proxy.php?url=https%3A%2F%2Fimage.maxpreps.io%2Fschool-mascot%2F3%2Fc%2Fa%2F3ca892b0-76be-4ec4-a80c-83c2fbbf3bf0.gif%3Fversion%3D634184086200000000%26amp%3Bwidth%3D128%26amp%3Bheight%3D128%26amp%3Bauto%3Dwebp%26amp%3Bformat%3Dpjpg","girl"
50,"Seminary vs Simpson Academy",Girls Volleyball,"Mississippi",9/15/2026,6:00pm,"The Seminary varsity volleyball team has an away non-conference match @  Simpson Academy (Mendenhall, MS) on Tuesday, September 15 @ 6p.","/ms/volleyball/match/seminary-vs-simpson-academy-mendenhall/9-15-2026/?c=8f686c5a-7d4d-4333-8746-4be3b48f178a","https://www.maxpreps.com/ms/volleyball/match/seminary-vs-simpson-academy-mendenhall/9-15-2026/?c=8f686c5a-7d4d-4333-8746-4be3b48f178a","/volleyball/ms/efa?9/15/2026","Seminary","Bulldogs","https://www.maxpreps.com/ms/seminary/girls-volleyball/","https://www.maxpreps.com/ms/simpson-academy-mendenhall/girls-volleyball/","https://hsfootball.net/proxy.php?url=https%3A%2F%2Fimage.maxpreps.io%2Fschool-mascot%2F0%2F1%2F9%2F0191e9b3-8047-4ee8-bf88-7f4d43875796.gif%3Fversion%3D639071735671614850%26amp%3Bwidth%3D128%26amp%3Bheight%3D128%26amp%3Bauto%3Dwebp%26amp%3Bformat%3Dpjpg","https://hsfootball.net/proxy.php?url=https%3A%2F%2Fimage.maxpreps.io%2Fschool-mascot%2Fc%2F7%2F1%2Fc71d071e-0f68-44b7-b701-534694cf1097.gif%3Fversion%3D637465092000000000%26amp%3Bwidth%3D128%26amp%3Bheight%3D128%26amp%3Bauto%3Dwebp%26amp%3Bformat%3Dpjpg","girl"
51,"New Site vs Walnut",Girls Volleyball,"Mississippi",9/15/2026,6:00pm,"The New Site varsity volleyball team has an away conference match @  Walnut (MS) on Tuesday, September 15 @ 6p.","/ms/volleyball/match/new-site-vs-walnut/9-15-2026/?c=685dff56-59dc-4f27-9eb1-b6d2bcde4e26","https://www.maxpreps.com/ms/volleyball/match/new-site-vs-walnut/9-15-2026/?c=685dff56-59dc-4f27-9eb1-b6d2bcde4e26","/volleyball/ms/70a?9/15/2026","New Site","Royals","https://www.maxpreps.com/ms/new-site/girls-volleyball/","https://www.maxpreps.com/ms/walnut/girls-volleyball/","https://hsfootball.net/proxy.php?url=https%3A%2F%2Fimage.maxpreps.io%2Fschool-mascot%2F5%2F8%2F7%2F58737735-dec5-4d2f-8c60-02797c90d4eb.gif%3Fversion%3D633884558400000000%26amp%3Bwidth%3D128%26amp%3Bheight%3D128%26amp%3Bauto%3Dwebp%26amp%3Bformat%3Dpjpg","https://hsfootball.net/proxy.php?url=https%3A%2F%2Fimage.maxpreps.io%2Fschool-mascot%2F5%2F8%2F7%2F58737735-dec5-4d2f-8c60-02797c90d4eb.gif%3Fversion%3D633884558400000000%26amp%3Bwidth%3D32%26amp%3Bheight%3D32%26amp%3Bauto%3Dwebp%26amp%3Bformat%3Dpjpg","girl"
52,"Jefferson County vs Port Gibson",Girls Volleyball,"Mississippi",9/15/2026,6:00pm,"The Jefferson County varsity volleyball team has an away conference match @  Port Gibson (MS) on Tuesday, September 15 @ 6p.","/ms/volleyball/match/jefferson-county-fayette-vs-port-gibson/9-15-2026/?c=9f3379c3-43b9-4cf1-8c90-ff74f7f05fee","https://www.maxpreps.com/ms/volleyball/match/jefferson-county-fayette-vs-port-gibson/9-15-2026/?c=9f3379c3-43b9-4cf1-8c90-ff74f7f05fee","/volleyball/ms/f67?9/15/2026","Jefferson County","Jchs","https://www.maxpreps.com/ms/jefferson-county-fayette/girls-volleyball/","https://www.maxpreps.com/ms/port-gibson/girls-volleyball/","https://hsfootball.net/proxy.php?url=https%3A%2F%2Fimage.maxpreps.io%2Fschool-mascot%2Fa%2F5%2Ff%2Fa5f0fb6e-9c40-4aa8-82b0-b4ce95b8fdc2.gif%3Fversion%3D637394056800000000%26amp%3Bwidth%3D128%26amp%3Bheight%3D128%26amp%3Bauto%3Dwebp%26amp%3Bformat%3Dpjpg","https://hsfootball.net/proxy.php?url=https%3A%2F%2Fimage.maxpreps.io%2Fschool-mascot%2F8%2F2%2F6%2F8265b95f-6851-4922-8771-56469b0dc9d6.gif%3Fversion%3D635876704200000000%26amp%3Bwidth%3D128%26amp%3Bheight%3D128%26amp%3Bauto%3Dwebp%26amp%3Bformat%3Dpjpg","girl"
53,"Greenville vs Canton",Girls Volleyball,"Mississippi",9/15/2026,6:00pm,"The Greenville varsity volleyball team has an away conference match @  Canton (MS) on Tuesday, September 15 @ 6p.","/ms/volleyball/match/canton-vs-greenville/9-15-2026/?c=e3a7a615-5a77-4f1b-aa68-58e3bda851d8","https://www.maxpreps.com/ms/volleyball/match/canton-vs-greenville/9-15-2026/?c=e3a7a615-5a77-4f1b-aa68-58e3bda851d8","/volleyball/ms/7f3?9/15/2026","Greenville","Hornets","https://www.maxpreps.com/ms/canton/girls-volleyball/","https://www.maxpreps.com/ms/greenville/girls-volleyball/","https://hsfootball.net/proxy.php?url=https%3A%2F%2Fimage.maxpreps.io%2Fschool-mascot%2F4%2F4%2F0%2F440932a3-485d-44ce-9abe-54adb7ac4581.gif%3Fversion%3D637188216000000000%26amp%3Bwidth%3D128%26amp%3Bheight%3D128%26amp%3Bauto%3Dwebp%26amp%3Bformat%3Dpjpg","https://hsfootball.net/proxy.php?url=https%3A%2F%2Fimage.maxpreps.io%2Fschool-mascot%2F0%2Fa%2F5%2F0a53dd15-3b6d-4cd0-9869-a734151f86ab.gif%3Fversion%3D635763582600000000%26amp%3Bwidth%3D128%26amp%3Bheight%3D128%26amp%3Bauto%3Dwebp%26amp%3Bformat%3Dpjpg","girl"
54,"South Panola vs Olive Branch",Girls Volleyball,"Mississippi",9/15/2026,6:00pm,"The South Panola varsity volleyball team has an away conference match @  Olive Branch (MS) on Tuesday, September 15 @ 6p.","/ms/volleyball/match/olive-branch-vs-south-panola-batesville/9-15-2026/?c=7d82b85c-8299-4c01-a7e6-f0e84d0b9d54","https://www.maxpreps.com/ms/volleyball/match/olive-branch-vs-south-panola-batesville/9-15-2026/?c=7d82b85c-8299-4c01-a7e6-f0e84d0b9d54","/volleyball/ms/f30?9/15/2026","South Panola","Tigers","https://www.maxpreps.com/ms/olive-branch/girls-volleyball/","https://www.maxpreps.com/ms/south-panola-batesville/girls-volleyball/","https://hsfootball.net/proxy.php?url=https%3A%2F%2Fimage.maxpreps.io%2Fschool-mascot%2Fe%2Fe%2Fc%2Feec52fe9-95d0-49d6-bf3c-5269600716df.gif%3Fversion%3D639065914293422020%26amp%3Bwidth%3D128%26amp%3Bheight%3D128%26amp%3Bauto%3Dwebp%26amp%3Bformat%3Dpjpg","https://hsfootball.net/proxy.php?url=https%3A%2F%2Fimage.maxpreps.io%2Fschool-mascot%2Fb%2F6%2Fc%2Fb6c323c4-f3fb-41a4-a75d-635a47d02d0b.gif%3Fversion%3D634802885400000000%26amp%3Bwidth%3D128%26amp%3Bheight%3D128%26amp%3Bauto%3Dwebp%26amp%3Bformat%3Dpjpg","girl"
55,"Booneville vs Belmont",Girls Volleyball,"Mississippi",9/15/2026,6:00pm,"The Booneville varsity volleyball team has an away conference match @  Belmont (MS) on Tuesday, September 15 @ 6p.","/ms/volleyball/match/belmont-vs-booneville/9-15-2026/?c=355e0e34-d4bc-4303-b758-4a447197c983","https://www.maxpreps.com/ms/volleyball/match/belmont-vs-booneville/9-15-2026/?c=355e0e34-d4bc-4303-b758-4a447197c983","/volleyball/ms/863?9/15/2026","Booneville","Blue Devils","https://www.maxpreps.com/ms/belmont/girls-volleyball/","https://www.maxpreps.com/ms/booneville/girls-volleyball/","https://hsfootball.net/proxy.php?url=https%3A%2F%2Fimage.maxpreps.io%2Fschool-mascot%2F3%2F6%2F8%2F368a8699-09cc-47e8-bb60-80a6bc43fdb4.gif%3Fversion%3D638932829788701110%26amp%3Bwidth%3D128%26amp%3Bheight%3D128%26amp%3Bauto%3Dwebp%26amp%3Bformat%3Dpjpg","https://hsfootball.net/proxy.php?url=https%3A%2F%2Fimage.maxpreps.io%2Fschool-mascot%2F1%2Fe%2Fe%2F1ee95b1a-ce4b-4a89-8d1c-f6478cda0cfa.gif%3Fversion%3D635907808200000000%26amp%3Bwidth%3D128%26amp%3Bheight%3D128%26amp%3Bauto%3Dwebp%26amp%3Bformat%3Dpjpg","girl"
56,"Lake Cormorant vs Saltillo",Girls Volleyball,"Mississippi",9/15/2026,6:00pm,"The Lake Cormorant varsity volleyball team has an away conference match @  Saltillo (MS) on Tuesday, September 15 @ 6p.","/ms/volleyball/match/lake-cormorant-vs-saltillo/9-15-2026/?c=6de2b42e-1a76-4395-8c31-5e021df50c0b","https://www.maxpreps.com/ms/volleyball/match/lake-cormorant-vs-saltillo/9-15-2026/?c=6de2b42e-1a76-4395-8c31-5e021df50c0b","/volleyball/ms/a46?9/15/2026","Lake Cormorant","Saltillo","https://www.maxpreps.com/ms/lake-cormorant/girls-volleyball/","https://www.maxpreps.com/ms/saltillo/girls-volleyball/","https://hsfootball.net/proxy.php?url=https%3A%2F%2Fimage.maxpreps.io%2Fschool-mascot%2F1%2F7%2F4%2F174b6afc-8e2c-4813-978e-0c0f5fe5ecf1.gif%3Fversion%3D636529231200000000%26amp%3Bwidth%3D128%26amp%3Bheight%3D128%26amp%3Bauto%3Dwebp%26amp%3Bformat%3Dpjpg","https://hsfootball.net/proxy.php?url=https%3A%2F%2Fimage.maxpreps.io%2Fschool-mascot%2F4%2F1%2F4%2F4147c619-80d3-4755-953e-0b8b3c6b2799.gif%3Fversion%3D636063367800000000%26amp%3Bwidth%3D128%26amp%3Bheight%3D128%26amp%3Bauto%3Dwebp%26amp%3Bformat%3Dpjpg","girl"
57,"Heritage Christian Academy vs Woodlawn Prep",Girls Volleyball,"Mississippi",9/15/2026,6:00pm,"The Heritage Christian Academy varsity volleyball team has an away conference match @  Woodlawn Prep (Columbia, MS) on Tuesday, September 15 @ 6p.","/ms/volleyball/match/heritage-christian-academy-picayune-vs-woodlawn-prep-columbia/9-15-2026/?c=ed3108ec-8da2-402a-84ab-3a8d55a4ca81","https://www.maxpreps.com/ms/volleyball/match/heritage-christian-academy-picayune-vs-woodlawn-prep-columbia/9-15-2026/?c=ed3108ec-8da2-402a-84ab-3a8d55a4ca81","/volleyball/ms/17d2?9/15/2026","Heritage Christian Academy","Warriors","https://www.maxpreps.com/ms/heritage-christian-academy-picayune/girls-volleyball/","https://www.maxpreps.com/ms/woodlawn-prep-columbia/girls-volleyball/","https://hsfootball.net/proxy.php?url=https%3A%2F%2Fimage.maxpreps.io%2Fschool-mascot%2Fa%2F7%2F4%2Fa7408213-9bb9-4c15-b3af-c8010b81c096.gif%3Fversion%3D638295911400000000%26amp%3Bwidth%3D128%26amp%3Bheight%3D128%26amp%3Bauto%3Dwebp%26amp%3Bformat%3Dpjpg","https://hsfootball.net/proxy.php?url=https%3A%2F%2Fimage.maxpreps.io%2Fschool-mascot%2F2%2Ff%2Fb%2F2fb8e9e0-1cdd-4bc9-8c7a-b2aabc2fa7e1.gif%3Fversion%3D636770091600000000%26amp%3Bwidth%3D128%26amp%3Bheight%3D128%26amp%3Bauto%3Dwebp%26amp%3Bformat%3Dpjpg","girl"
58,"Northwest Rankin vs Oak Grove",Girls Volleyball,"Mississippi",9/15/2026,6:00pm,"The Northwest Rankin varsity volleyball team has an away conference match @  Oak Grove (Hattiesburg, MS) on Tuesday, September 15 @ 6p.","/ms/volleyball/match/northwest-rankin-brandon-vs-oak-grove-hattiesburg/9-15-2026/?c=dea515f0-3043-48d9-abb5-c5c33d77af2b","https://www.maxpreps.com/ms/volleyball/match/northwest-rankin-brandon-vs-oak-grove-hattiesburg/9-15-2026/?c=dea515f0-3043-48d9-abb5-c5c33d77af2b","/volleyball/ms/134c?9/15/2026","Northwest Rankin","Cougars","https://www.maxpreps.com/ms/northwest-rankin-brandon/girls-volleyball/","https://www.maxpreps.com/ms/oak-grove-hattiesburg/girls-volleyball/","https://hsfootball.net/proxy.php?url=https%3A%2F%2Fimage.maxpreps.io%2Fschool-mascot%2Fb%2F2%2F5%2Fb256e2a0-429f-465a-b28e-1d98a4bb49f7.gif%3Fversion%3D636549286800000000%26amp%3Bwidth%3D128%26amp%3Bheight%3D128%26amp%3Bauto%3Dwebp%26amp%3Bformat%3Dpjpg","https://hsfootball.net/proxy.php?url=https%3A%2F%2Fimage.maxpreps.io%2Fschool-mascot%2Fc%2F1%2F0%2Fc105174b-1e24-4272-a094-546328b82b4f.gif%3Fversion%3D635288244000000000%26amp%3Bwidth%3D128%26amp%3Bheight%3D128%26amp%3Bauto%3Dwebp%26amp%3Bformat%3Dpjpg","girl"
59,"Jumpertown vs Pine Grove",Girls Volleyball,"Mississippi",9/15/2026,6:00pm,"The Jumpertown varsity volleyball team has an away conference match @  Pine Grove (Ripley, MS) on Tuesday, September 15 @ 6p.","/ms/volleyball/match/jumpertown-booneville-vs-pine-grove-ripley/9-15-2026/?c=f7587183-3168-45d3-8885-a31ffa4f3467","https://www.maxpreps.com/ms/volleyball/match/jumpertown-booneville-vs-pine-grove-ripley/9-15-2026/?c=f7587183-3168-45d3-8885-a31ffa4f3467","/volleyball/ms/10b8?9/15/2026","Jumpertown","Cardinals","https://www.maxpreps.com/ms/jumpertown-booneville/girls-volleyball/","https://www.maxpreps.com/ms/pine-grove-ripley/girls-volleyball/","https://hsfootball.net/proxy.php?url=https%3A%2F%2Fimage.maxpreps.io%2Fschool-mascot%2Fd%2F4%2Fc%2Fd4c6ead2-efd8-4ae1-a080-eb55cbd1fdc3.gif%3Fversion%3D634169765400000000%26amp%3Bwidth%3D128%26amp%3Bheight%3D128%26amp%3Bauto%3Dwebp%26amp%3Bformat%3Dpjpg","https://hsfootball.net/proxy.php?url=https%3A%2F%2Fimage.maxpreps.io%2Fschool-mascot%2F1%2Ff%2F1%2F1f1b2a45-1e58-4578-818a-fed3a68ddb49.gif%3Fversion%3D635636646000000000%26amp%3Bwidth%3D128%26amp%3Bheight%3D128%26amp%3Bauto%3Dwebp%26amp%3Bformat%3Dpjpg","girl"
60,"Mendenhall vs Morton",Girls Volleyball,"Mississippi",9/15/2026,6:00pm,"The Mendenhall varsity volleyball team has an away conference match @  Morton (MS) on Tuesday, September 15 @ 6p.","/ms/volleyball/match/mendenhall-vs-morton/9-15-2026/?c=91828d65-89dc-471f-8a5f-129da26de155","https://www.maxpreps.com/ms/volleyball/match/mendenhall-vs-morton/9-15-2026/?c=91828d65-89dc-471f-8a5f-129da26de155","/volleyball/ms/7fa?9/15/2026","Mendenhall","Tigers","https://www.maxpreps.com/ms/mendenhall/girls-volleyball/","https://www.maxpreps.com/ms/morton/girls-volleyball/","https://hsfootball.net/proxy.php?url=https%3A%2F%2Fimage.maxpreps.io%2Fschool-mascot%2Fb%2Fe%2F2%2Fbe281e33-b325-446c-a968-138f6db8573c.gif%3Fversion%3D636572292000000000%26amp%3Bwidth%3D128%26amp%3Bheight%3D128%26amp%3Bauto%3Dwebp%26amp%3Bformat%3Dpjpg","https://hsfootball.net/proxy.php?url=https%3A%2F%2Fimage.maxpreps.io%2Fschool-mascot%2Fb%2Fe%2F2%2Fbe281e33-b325-446c-a968-138f6db8573c.gif%3Fversion%3D636572292000000000%26amp%3Bwidth%3D32%26amp%3Bheight%3D32%26amp%3Bauto%3Dwebp%26amp%3Bformat%3Dpjpg","girl"
61,"Warren Central vs Callaway",Girls Volleyball,"Mississippi",9/15/2026,6:15pm,"The Warren Central varsity volleyball team has an away conference match @  Callaway (Jackson, MS) on Tuesday, September 15 @ 6:15p.","/ms/volleyball/match/callaway-jackson-vs-warren-central-vicksburg/9-15-2026/?c=dc4beb5f-c2b5-433c-8a4f-e00f322750d2","https://www.maxpreps.com/ms/volleyball/match/callaway-jackson-vs-warren-central-vicksburg/9-15-2026/?c=dc4beb5f-c2b5-433c-8a4f-e00f322750d2","/volleyball/ms/1149?9/15/2026","Warren Central","Vikings","https://www.maxpreps.com/ms/callaway-jackson/girls-volleyball/","https://www.maxpreps.com/ms/warren-central-vicksburg/girls-volleyball/","https://hsfootball.net/proxy.php?url=https%3A%2F%2Fimage.maxpreps.io%2Fschool-mascot%2Fe%2F6%2F3%2Fe63b4bb7-dc88-422c-846c-0d5d589733c3.gif%3Fversion%3D636067987800000000%26amp%3Bwidth%3D128%26amp%3Bheight%3D128%26amp%3Bauto%3Dwebp%26amp%3Bformat%3Dpjpg","https://hsfootball.net/proxy.php?url=https%3A%2F%2Fimage.maxpreps.io%2Fschool-mascot%2F6%2F8%2Fb%2F68b2dfcc-79f5-462e-be43-bd7deba13268.gif%3Fversion%3D635926245600000000%26amp%3Bwidth%3D128%26amp%3Bheight%3D128%26amp%3Bauto%3Dwebp%26amp%3Bformat%3Dpjpg","girl"
62,"George County vs Terry",Girls Volleyball,"Mississippi",9/15/2026,6:15pm,"The George County varsity volleyball team has an away conference match @  Terry (MS) on Tuesday, September 15 @ 6:15p.","/ms/volleyball/match/george-county-lucedale-vs-terry/9-15-2026/?c=5e72df9f-8251-4d6b-a5dd-3e5183b1d603","https://www.maxpreps.com/ms/volleyball/match/george-county-lucedale-vs-terry/9-15-2026/?c=5e72df9f-8251-4d6b-a5dd-3e5183b1d603","/volleyball/ms/c2d?9/15/2026","George County","Rebels","https://www.maxpreps.com/ms/george-county-lucedale/girls-volleyball/","https://www.maxpreps.com/ms/terry/girls-volleyball/","https://hsfootball.net/proxy.php?url=https%3A%2F%2Fimage.maxpreps.io%2Fschool-mascot%2Ff%2F5%2F2%2Ff52e253d-9730-485b-b4d4-6615995f8751.gif%3Fversion%3D637290160800000000%26amp%3Bwidth%3D128%26amp%3Bheight%3D128%26amp%3Bauto%3Dwebp%26amp%3Bformat%3Dpjpg","https://hsfootball.net/proxy.php?url=https%3A%2F%2Fimage.maxpreps.io%2Fschool-mascot%2F7%2F6%2F2%2F762b66de-c272-4b89-a76c-0adc0c7aa9d1.gif%3Fversion%3D636700005000000000%26amp%3Bwidth%3D128%26amp%3Bheight%3D128%26amp%3Bauto%3Dwebp%26amp%3Bformat%3Dpjpg","girl"
63,"Quitman vs Southeast Lauderdale",Girls Volleyball,"Mississippi",9/15/2026,6:30pm,"The Quitman varsity volleyball team has an away conference match @  Southeast Lauderdale (Meridian, MS) on Tuesday, September 15 @ 6:30p.","/ms/volleyball/match/quitman-vs-southeast-lauderdale-meridian/9-15-2026/?c=df9c7a80-8bb8-41f6-bd1e-ca5059e832f6","https://www.maxpreps.com/ms/volleyball/match/quitman-vs-southeast-lauderdale-meridian/9-15-2026/?c=df9c7a80-8bb8-41f6-bd1e-ca5059e832f6","/volleyball/ms/fd8?9/15/2026","Quitman","Panthers","https://www.maxpreps.com/ms/quitman/girls-volleyball/","https://www.maxpreps.com/ms/southeast-lauderdale-meridian/girls-volleyball/","https://hsfootball.net/proxy.php?url=https%3A%2F%2Fimage.maxpreps.io%2Fschool-mascot%2Fa%2Fa%2F7%2Faa731eae-5bbd-4a14-9459-33f24bd8e7a2.gif%3Fversion%3D634049349000000000%26amp%3Bwidth%3D128%26amp%3Bheight%3D128%26amp%3Bauto%3Dwebp%26amp%3Bformat%3Dpjpg","https://hsfootball.net/proxy.php?url=https%3A%2F%2Fimage.maxpreps.io%2Fschool-mascot%2Fa%2Fa%2F7%2Faa731eae-5bbd-4a14-9459-33f24bd8e7a2.gif%3Fversion%3D634049349000000000%26amp%3Bwidth%3D32%26amp%3Bheight%3D32%26amp%3Bauto%3Dwebp%26amp%3Bformat%3Dpjpg","girl"
64,"Itawamba Agricultural vs Houston",Girls Volleyball,"Mississippi",9/15/2026,6:30pm,"The Itawamba Agricultural varsity volleyball team has an away conference match @  Houston (MS) on Tuesday, September 15 @ 6:30p.","/ms/volleyball/match/houston-vs-itawamba-agricultural-fulton/9-15-2026/?c=673c7374-2856-4404-bc58-c569521b6866","https://www.maxpreps.com/ms/volleyball/match/houston-vs-itawamba-agricultural-fulton/9-15-2026/?c=673c7374-2856-4404-bc58-c569521b6866","/volleyball/ms/f9a?9/15/2026","Itawamba Agricultural","Indians","https://www.maxpreps.com/ms/houston/girls-volleyball/","https://www.maxpreps.com/ms/itawamba-agricultural-fulton/girls-volleyball/","https://hsfootball.net/proxy.php?url=https%3A%2F%2Fimage.maxpreps.io%2Fschool-mascot%2Ff%2Ff%2Fa%2Fffa2fe63-87a1-414f-af7f-0780ab478f9f.gif%3Fversion%3D635760955200000000%26amp%3Bwidth%3D128%26amp%3Bheight%3D128%26amp%3Bauto%3Dwebp%26amp%3Bformat%3Dpjpg","https://hsfootball.net/proxy.php?url=https%3A%2F%2Fimage.maxpreps.io%2Fschool-mascot%2F9%2F8%2Ff%2F98fa8656-13b5-4c37-9456-6a1730039f48.gif%3Fversion%3D636426975000000000%26amp%3Bwidth%3D128%26amp%3Bheight%3D128%26amp%3Bauto%3Dwebp%26amp%3Bformat%3Dpjpg","girl"
65,"Alcorn Central vs Ripley",Girls Volleyball,"Mississippi",9/15/2026,6:30pm,"The Alcorn Central varsity volleyball team has an away non-conference match @  Ripley (MS) on Tuesday, September 15 @ 6:30p.","/ms/volleyball/match/alcorn-central-glen-vs-ripley/9-15-2026/?c=366c9702-7507-4c6c-a98f-576cf9a501a7","https://www.maxpreps.com/ms/volleyball/match/alcorn-central-glen-vs-ripley/9-15-2026/?c=366c9702-7507-4c6c-a98f-576cf9a501a7","/volleyball/ms/b40?9/15/2026","Alcorn Central","Golden Bears","https://www.maxpreps.com/ms/alcorn-central-glen/girls-volleyball/","https://www.maxpreps.com/ms/ripley/girls-volleyball/","https://hsfootball.net/proxy.php?url=https%3A%2F%2Fimage.maxpreps.io%2Fschool-mascot%2Fc%2F8%2Fc%2Fc8cbbea0-c3c0-4ee1-a042-3d74c72e5c89.gif%3Fversion%3D638269972800000000%26amp%3Bwidth%3D128%26amp%3Bheight%3D128%26amp%3Bauto%3Dwebp%26amp%3Bformat%3Dpjpg","https://hsfootball.net/proxy.php?url=https%3A%2F%2Fimage.maxpreps.io%2Fschool-mascot%2F7%2Fc%2F1%2F7c1d9c53-f907-42da-bd64-502a02b66609.gif%3Fversion%3D636383862600000000%26amp%3Bwidth%3D128%26amp%3Bheight%3D128%26amp%3Bauto%3Dwebp%26amp%3Bformat%3Dpjpg","girl"
66,"Puckett vs Lake",Girls Volleyball,"Mississippi",9/15/2026,6:30pm,"The Puckett varsity volleyball team has an away conference match @  Lake (MS) on Tuesday, September 15 @ 6:30p.","/ms/volleyball/match/lake-vs-puckett/9-15-2026/?c=054d40e5-6022-412c-acee-7a32ed49c16c","https://www.maxpreps.com/ms/volleyball/match/lake-vs-puckett/9-15-2026/?c=054d40e5-6022-412c-acee-7a32ed49c16c","/volleyball/ms/5e0?9/15/2026","Puckett","Wolves","https://www.maxpreps.com/ms/lake/girls-volleyball/","https://www.maxpreps.com/ms/puckett/girls-volleyball/","https://hsfootball.net/proxy.php?url=https%3A%2F%2Fimage.maxpreps.io%2Fschool-mascot%2F9%2F5%2Ff%2F95f1dc4a-39de-40e6-b1ca-01a93e55eddc.gif%3Fversion%3D636548841000000000%26amp%3Bwidth%3D128%26amp%3Bheight%3D128%26amp%3Bauto%3Dwebp%26amp%3Bformat%3Dpjpg","https://hsfootball.net/proxy.php?url=https%3A%2F%2Fimage.maxpreps.io%2Fschool-mascot%2Fb%2Ff%2F4%2Fbf41bfc1-df6e-4fe5-8173-33da54868bf8.gif%3Fversion%3D635787852600000000%26amp%3Bwidth%3D128%26amp%3Bheight%3D128%26amp%3Bauto%3Dwebp%26amp%3Bformat%3Dpjpg","girl"
67,"Hancock vs Picayune",Girls Volleyball,"Mississippi",9/15/2026,6:30pm,"The Hancock varsity volleyball team has an away conference match @  Picayune (MS) on Tuesday, September 15 @ 6:30p.","/ms/volleyball/match/hancock-kiln-vs-picayune/9-15-2026/?c=7429f4fe-5859-4c7b-9ebc-22d160502bd4","https://www.maxpreps.com/ms/volleyball/match/hancock-kiln-vs-picayune/9-15-2026/?c=7429f4fe-5859-4c7b-9ebc-22d160502bd4","/volleyball/ms/953?9/15/2026","Hancock","Hawks","https://www.maxpreps.com/ms/hancock-kiln/girls-volleyball/","https://www.maxpreps.com/ms/picayune/girls-volleyball/","https://hsfootball.net/proxy.php?url=https%3A%2F%2Fimage.maxpreps.io%2Fschool-mascot%2Ff%2Fb%2F7%2Ffb730a85-c9b3-4514-9bb9-3974614c6136.gif%3Fversion%3D634760604600000000%26amp%3Bwidth%3D128%26amp%3Bheight%3D128%26amp%3Bauto%3Dwebp%26amp%3Bformat%3Dpjpg","https://hsfootball.net/proxy.php?url=https%3A%2F%2Fimage.maxpreps.io%2Fschool-mascot%2Fc%2F3%2F3%2Fc3364e4f-a785-47dd-b2d1-69ed86823aa0.gif%3Fversion%3D634255821600000000%26amp%3Bwidth%3D128%26amp%3Bheight%3D128%26amp%3Bauto%3Dwebp%26amp%3Bformat%3Dpjpg","girl"
68,"Gulfport vs Harrison Central",Girls Volleyball,"Mississippi",9/15/2026,6:30pm,"The Gulfport varsity volleyball team has an away conference match @  Harrison Central (Gulfport, MS) on Tuesday, September 15 @ 6:30p.","/ms/volleyball/match/gulfport-vs-harrison-central-gulfport/9-15-2026/?c=b4fee2e2-15bd-4c69-a106-3dbf9d1eeccc","https://www.maxpreps.com/ms/volleyball/match/gulfport-vs-harrison-central-gulfport/9-15-2026/?c=b4fee2e2-15bd-4c69-a106-3dbf9d1eeccc","/volleyball/ms/ed2?9/15/2026","Gulfport","Admirals","https://www.maxpreps.com/ms/gulfport/girls-volleyball/","https://www.maxpreps.com/ms/harrison-central-gulfport/girls-volleyball/","https://hsfootball.net/proxy.php?url=https%3A%2F%2Fimage.maxpreps.io%2Fschool-mascot%2Fe%2F0%2F7%2Fe07287db-fa1c-46b1-9d5a-664da415b117.gif%3Fversion%3D635935422600000000%26amp%3Bwidth%3D128%26amp%3Bheight%3D128%26amp%3Bauto%3Dwebp%26amp%3Bformat%3Dpjpg","https://hsfootball.net/proxy.php?url=https%3A%2F%2Fimage.maxpreps.io%2Fschool-mascot%2Ff%2Fa%2F8%2Ffa8c4a36-54d7-4b24-8c74-82b1b0b299dc.gif%3Fversion%3D639131255058654760%26amp%3Bwidth%3D128%26amp%3Bheight%3D128%26amp%3Bauto%3Dwebp%26amp%3Bformat%3Dpjpg","girl"
69,"Forest vs Raymond",Girls Volleyball,"Mississippi",9/15/2026,6:30pm,"The Forest varsity volleyball team has an away conference match @  Raymond (MS) on Tuesday, September 15 @ 6:30p.","/ms/volleyball/match/forest-vs-raymond/9-15-2026/?c=77392cbc-30e5-45ea-89cb-7e7700bb8f88","https://www.maxpreps.com/ms/volleyball/match/forest-vs-raymond/9-15-2026/?c=77392cbc-30e5-45ea-89cb-7e7700bb8f88","/volleyball/ms/6d0?9/15/2026","Forest","Bearcats","https://www.maxpreps.com/ms/forest/girls-volleyball/","https://www.maxpreps.com/ms/raymond/girls-volleyball/","https://hsfootball.net/proxy.php?url=https%3A%2F%2Fimage.maxpreps.io%2Fschool-mascot%2F8%2Fe%2Fc%2F8ec44015-6df6-4cdc-b30c-a69c88857f68.gif%3Fversion%3D636572004600000000%26amp%3Bwidth%3D128%26amp%3Bheight%3D128%26amp%3Bauto%3Dwebp%26amp%3Bformat%3Dpjpg","https://hsfootball.net/proxy.php?url=https%3A%2F%2Fimage.maxpreps.io%2Fschool-mascot%2F8%2F3%2Fe%2F83e1b7fe-2660-426d-ab6e-020ab6029c2f.gif%3Fversion%3D638417886000000000%26amp%3Bwidth%3D128%26amp%3Bheight%3D128%26amp%3Bauto%3Dwebp%26amp%3Bformat%3Dpjpg","girl"
70,"West Harrison vs Biloxi",Girls Volleyball,"Mississippi",9/15/2026,6:30pm,"The West Harrison varsity volleyball team has an away conference match @  Biloxi (MS) on Tuesday, September 15 @ 6:30p.","/ms/volleyball/match/biloxi-vs-west-harrison-gulfport/9-15-2026/?c=4f24a1c8-7965-4a50-aee5-fe297d4abc20","https://www.maxpreps.com/ms/volleyball/match/biloxi-vs-west-harrison-gulfport/9-15-2026/?c=4f24a1c8-7965-4a50-aee5-fe297d4abc20","/volleyball/ms/cc0?9/15/2026","West Harrison","Hurricanes","https://www.maxpreps.com/ms/biloxi/girls-volleyball/","https://www.maxpreps.com/ms/west-harrison-gulfport/girls-volleyball/","https://hsfootball.net/proxy.php?url=https%3A%2F%2Fimage.maxpreps.io%2Fschool-mascot%2Ff%2Fa%2F7%2Ffa73f429-40fa-45f6-9781-50524db9c8d5.gif%3Fversion%3D638940622276066820%26amp%3Bwidth%3D128%26amp%3Bheight%3D128%26amp%3Bauto%3Dwebp%26amp%3Bformat%3Dpjpg","https://hsfootball.net/proxy.php?url=https%3A%2F%2Fimage.maxpreps.io%2Fschool-mascot%2Fc%2Fa%2F1%2Fca1c9c0e-493c-452a-9996-425400b04293.gif%3Fversion%3D635708134800000000%26amp%3Bwidth%3D128%26amp%3Bheight%3D128%26amp%3Bauto%3Dwebp%26amp%3Bformat%3Dpjpg","girl"
71,"North Forrest vs East Marion",Girls Volleyball,"Mississippi",9/15/2026,6:30pm,"The North Forrest varsity volleyball team has an away conference match @  East Marion (Columbia, MS) on Tuesday, September 15 @ 6:30p.","/ms/volleyball/match/east-marion-columbia-vs-north-forrest-hattiesburg/9-15-2026/?c=3d57e57e-ed36-4aae-b4dd-369b84d227bc","https://www.maxpreps.com/ms/volleyball/match/east-marion-columbia-vs-north-forrest-hattiesburg/9-15-2026/?c=3d57e57e-ed36-4aae-b4dd-369b84d227bc","/volleyball/ms/1348?9/15/2026","North Forrest","Eagles","https://www.maxpreps.com/ms/east-marion-columbia/girls-volleyball/","https://www.maxpreps.com/ms/north-forrest-hattiesburg/girls-volleyball/","https://hsfootball.net/proxy.php?url=https%3A%2F%2Fimage.maxpreps.io%2Fschool-mascot%2Ff%2F1%2Fd%2Ff1da9f7a-6d94-4ae4-81e5-db3b3615fa18.gif%3Fversion%3D634638495000000000%26amp%3Bwidth%3D128%26amp%3Bheight%3D128%26amp%3Bauto%3Dwebp%26amp%3Bformat%3Dpjpg","https://hsfootball.net/proxy.php?url=https%3A%2F%2Fimage.maxpreps.io%2Fschool-mascot%2Fb%2F0%2Fe%2Fb0ed8718-35b7-4220-b994-ffc0a556775e.gif%3Fversion%3D634776890400000000%26amp%3Bwidth%3D128%26amp%3Bheight%3D128%26amp%3Bauto%3Dwebp%26amp%3Bformat%3Dpjpg","girl"
72,"D&#x27;Iberville vs Ocean Springs",Girls Volleyball,"Mississippi",9/15/2026,6:30pm,"The D&#x27;Iberville varsity volleyball team has an away conference match @  Ocean Springs (MS) on Tuesday, September 15 @ 6:30p.","/ms/volleyball/match/diberville-vs-ocean-springs/9-15-2026/?c=bf483e38-dba1-4116-b22e-b4974843991c","https://www.maxpreps.com/ms/volleyball/match/diberville-vs-ocean-springs/9-15-2026/?c=bf483e38-dba1-4116-b22e-b4974843991c","/volleyball/ms/a9e?9/15/2026","D&#x27;Iberville","Warriors","https://www.maxpreps.com/ms/diberville/girls-volleyball/","https://www.maxpreps.com/ms/ocean-springs/girls-volleyball/","https://hsfootball.net/proxy.php?url=https%3A%2F%2Fimage.maxpreps.io%2Fschool-mascot%2F6%2Fa%2Ff%2F6aff9722-8280-4a31-a8cb-08737318df82.gif%3Fversion%3D634859754600000000%26amp%3Bwidth%3D128%26amp%3Bheight%3D128%26amp%3Bauto%3Dwebp%26amp%3Bformat%3Dpjpg","https://hsfootball.net/proxy.php?url=https%3A%2F%2Fimage.maxpreps.io%2Fschool-mascot%2Fc%2F9%2F0%2Fc90b95c1-ff55-4300-b208-ea702476484d.gif%3Fversion%3D638963201333524200%26amp%3Bwidth%3D128%26amp%3Bheight%3D128%26amp%3Bauto%3Dwebp%26amp%3Bformat%3Dpjpg","girl"
73,"Hickory Flat vs West Union",Girls Volleyball,"Mississippi",9/15/2026,6:30pm,"The Hickory Flat varsity volleyball team has an away conference match @  West Union (Myrtle, MS) on Tuesday, September 15 @ 6:30p.","/ms/volleyball/match/hickory-flat-vs-west-union-myrtle/9-15-2026/?c=3c715fcb-7f3c-4ff8-ba6b-10ef9c589657","https://www.maxpreps.com/ms/volleyball/match/hickory-flat-vs-west-union-myrtle/9-15-2026/?c=3c715fcb-7f3c-4ff8-ba6b-10ef9c589657","/volleyball/ms/cf3?9/15/2026","Hickory Flat","Rebels","https://www.maxpreps.com/ms/hickory-flat/girls-volleyball/","https://www.maxpreps.com/ms/west-union-myrtle/girls-volleyball/","https://hsfootball.net/proxy.php?url=https%3A%2F%2Fimage.maxpreps.io%2Fschool-mascot%2F0%2F2%2F0%2F020429d7-96e3-4dde-84e2-e4cb4bece818.gif%3Fversion%3D636212033400000000%26amp%3Bwidth%3D128%26amp%3Bheight%3D128%26amp%3Bauto%3Dwebp%26amp%3Bformat%3Dpjpg","https://hsfootball.net/proxy.php?url=https%3A%2F%2Fimage.maxpreps.io%2Fschool-mascot%2F5%2F5%2F8%2F5587cdcd-824f-4ddd-a744-540eed15242a.gif%3Fversion%3D635834343000000000%26amp%3Bwidth%3D128%26amp%3Bheight%3D128%26amp%3Bauto%3Dwebp%26amp%3Bformat%3Dpjpg","girl"
74,"Northeast Jones vs Wayne County",Girls Volleyball,"Mississippi",9/15/2026,6:30pm,"The Northeast Jones varsity volleyball team has an away conference match @  Wayne County (Waynesboro, MS) on Tuesday, September 15 @ 6:30p.","/ms/volleyball/match/northeast-jones-laurel-vs-wayne-county-war-eagleslady-war-eagles-waynesboro/9-15-2026/?c=6833ed4c-ab19-4d51-b851-01dae5f57da1","https://www.maxpreps.com/ms/volleyball/match/northeast-jones-laurel-vs-wayne-county-war-eagleslady-war-eagles-waynesboro/9-15-2026/?c=6833ed4c-ab19-4d51-b851-01dae5f57da1","/volleyball/ms/1d56?9/15/2026","Northeast Jones","Tigers","https://www.maxpreps.com/ms/northeast-jones-laurel/girls-volleyball/","https://www.maxpreps.com/ms/wayne-county-war-eagleslady-war-eagles-waynesboro/girls-volleyball/","https://hsfootball.net/proxy.php?url=https%3A%2F%2Fimage.maxpreps.io%2Fschool-mascot%2F9%2F2%2F1%2F9214db03-91a2-4648-88fa-795dfdf7d543.gif%3Fversion%3D638460895800000000%26amp%3Bwidth%3D128%26amp%3Bheight%3D128%26amp%3Bauto%3Dwebp%26amp%3Bformat%3Dpjpg","https://hsfootball.net/proxy.php?url=https%3A%2F%2Fimage.maxpreps.io%2Fschool-mascot%2Ff%2F5%2Ff%2Ff5ff40a8-2d4a-4224-ab3a-c1b33e6b6c40.gif%3Fversion%3D634538338800000000%26amp%3Bwidth%3D128%26amp%3Bheight%3D128%26amp%3Bauto%3Dwebp%26amp%3Bformat%3Dpjpg","girl"
75,"Franklin County vs Loyd Star",Girls Volleyball,"Mississippi",9/15/2026,6:30pm,"The Franklin County varsity volleyball team has an away non-conference match @  Loyd Star (Brookhaven, MS) on Tuesday, September 15 @ 6:30p.","/ms/volleyball/match/franklin-county-meadville-vs-loyd-star-brookhaven/9-15-2026/?c=e9df05bf-5433-440d-bec0-7f90d324910f","https://www.maxpreps.com/ms/volleyball/match/franklin-county-meadville-vs-loyd-star-brookhaven/9-15-2026/?c=e9df05bf-5433-440d-bec0-7f90d324910f","/volleyball/ms/1342?9/15/2026","Franklin County","Bulldogs","https://www.maxpreps.com/ms/franklin-county-meadville/girls-volleyball/","https://www.maxpreps.com/ms/loyd-star-brookhaven/girls-volleyball/","https://hsfootball.net/proxy.php?url=https%3A%2F%2Fimage.maxpreps.io%2Fschool-mascot%2F2%2F1%2Ff%2F21fd3572-20c1-46c9-b527-66b11aecbb79.gif%3Fversion%3D637183885200000000%26amp%3Bwidth%3D128%26amp%3Bheight%3D128%26amp%3Bauto%3Dwebp%26amp%3Bformat%3Dpjpg","https://hsfootball.net/proxy.php?url=https%3A%2F%2Fimage.maxpreps.io%2Fschool-mascot%2Fe%2Fc%2F6%2Fec620de6-43eb-4f43-857d-4aa768560e00.gif%3Fversion%3D635779996800000000%26amp%3Bwidth%3D128%26amp%3Bheight%3D128%26amp%3Bauto%3Dwebp%26amp%3Bformat%3Dpjpg","girl"
76,"Enterprise vs Mize",Girls Volleyball,"Mississippi",9/15/2026,6:30pm,"The Enterprise varsity volleyball team has an away conference match @  Mize (MS) on Tuesday, September 15 @ 6:30p.","/ms/volleyball/match/enterprise-vs-mize/9-15-2026/?c=8aa6227f-2aca-4565-967e-453dbe4b9926","https://www.maxpreps.com/ms/volleyball/match/enterprise-vs-mize/9-15-2026/?c=8aa6227f-2aca-4565-967e-453dbe4b9926","/volleyball/ms/739?9/15/2026","Enterprise","Bulldogs","https://www.maxpreps.com/ms/enterprise/girls-volleyball/","https://www.maxpreps.com/ms/mize/girls-volleyball/","https://hsfootball.net/proxy.php?url=https%3A%2F%2Fimage.maxpreps.io%2Fschool-mascot%2F2%2F0%2F6%2F2064d76d-81b3-448b-a5e9-7d7ae52b0ae4.gif%3Fversion%3D636867106200000000%26amp%3Bwidth%3D128%26amp%3Bheight%3D128%26amp%3Bauto%3Dwebp%26amp%3Bformat%3Dpjpg","https://hsfootball.net/proxy.php?url=https%3A%2F%2Fimage.maxpreps.io%2Fschool-mascot%2F8%2F7%2F1%2F871469eb-0151-4c25-9115-19808178fee6.gif%3Fversion%3D635608961400000000%26amp%3Bwidth%3D128%26amp%3Bheight%3D128%26amp%3Bauto%3Dwebp%26amp%3Bformat%3Dpjpg","girl"
77,"Newton vs Scott Central",Girls Volleyball,"Mississippi",9/15/2026,6:30pm,"The Newton varsity volleyball team has an away conference match @  Scott Central (Forest, MS) on Tuesday, September 15 @ 6:30p.","/ms/volleyball/match/newton-vs-scott-central-forest/9-15-2026/?c=5ae3c1a9-1688-4fb0-a564-e9678c43fe64","https://www.maxpreps.com/ms/volleyball/match/newton-vs-scott-central-forest/9-15-2026/?c=5ae3c1a9-1688-4fb0-a564-e9678c43fe64","/volleyball/ms/be1?9/15/2026","Newton","Tigers","https://www.maxpreps.com/ms/newton/girls-volleyball/","https://www.maxpreps.com/ms/scott-central-forest/girls-volleyball/","https://hsfootball.net/proxy.php?url=https%3A%2F%2Fimage.maxpreps.io%2Fschool-mascot%2F2%2Fb%2F0%2F2b0b3238-535a-488b-9782-48bb631e9f59.gif%3Fversion%3D636112616400000000%26amp%3Bwidth%3D128%26amp%3Bheight%3D128%26amp%3Bauto%3Dwebp%26amp%3Bformat%3Dpjpg","https://hsfootball.net/proxy.php?url=https%3A%2F%2Fimage.maxpreps.io%2Fschool-mascot%2Fa%2F2%2Fc%2Fa2c67521-b419-4dfb-9aad-c304f305549b.gif%3Fversion%3D637977261000000000%26amp%3Bwidth%3D128%26amp%3Bheight%3D128%26amp%3Bauto%3Dwebp%26amp%3Bformat%3Dpjpg","girl"
78,"Petal vs Meridian",Girls Volleyball,"Mississippi",9/15/2026,6:30pm,"The Petal varsity volleyball team has an away conference match @  Meridian (MS) on Tuesday, September 15 @ 6:30p.","/ms/volleyball/match/meridian-vs-petal/9-15-2026/?c=40725c4c-5d0f-410c-8af8-6eb15b0665d7","https://www.maxpreps.com/ms/volleyball/match/meridian-vs-petal/9-15-2026/?c=40725c4c-5d0f-410c-8af8-6eb15b0665d7","/volleyball/ms/6a2?9/15/2026","Petal","Panthers","https://www.maxpreps.com/ms/meridian/girls-volleyball/","https://www.maxpreps.com/ms/petal/girls-volleyball/","https://hsfootball.net/proxy.php?url=https%3A%2F%2Fimage.maxpreps.io%2Fschool-mascot%2F2%2F5%2F6%2F2569141b-ceb8-45b5-957a-116f5f2978cc.gif%3Fversion%3D635140900200000000%26amp%3Bwidth%3D128%26amp%3Bheight%3D128%26amp%3Bauto%3Dwebp%26amp%3Bformat%3Dpjpg","https://hsfootball.net/proxy.php?url=https%3A%2F%2Fimage.maxpreps.io%2Fschool-mascot%2Ff%2F9%2Fa%2Ff9a81206-af4b-4ccb-9e0b-be45d746d87e.gif%3Fversion%3D636453370800000000%26amp%3Bwidth%3D128%26amp%3Bheight%3D128%26amp%3Bauto%3Dwebp%26amp%3Bformat%3Dpjpg","girl"
79,"Eupora vs Philadelphia",Girls Volleyball,"Mississippi",9/15/2026,6:30pm,"The Eupora varsity volleyball team has an away conference match @  Philadelphia (MS) on Tuesday, September 15 @ 6:30p.","/ms/volleyball/match/eupora-vs-philadelphia/9-15-2026/?c=c5326012-801d-423b-9476-0e3c4c815247","https://www.maxpreps.com/ms/volleyball/match/eupora-vs-philadelphia/9-15-2026/?c=c5326012-801d-423b-9476-0e3c4c815247","/volleyball/ms/8b4?9/15/2026","Eupora","Eagles","https://www.maxpreps.com/ms/eupora/girls-volleyball/","https://www.maxpreps.com/ms/philadelphia/girls-volleyball/","https://hsfootball.net/proxy.php?url=https%3A%2F%2Fimage.maxpreps.io%2Fschool-mascot%2F0%2F8%2F1%2F081eb735-a537-42ec-a623-576be4fb4e54.gif%3Fversion%3D636577326000000000%26amp%3Bwidth%3D128%26amp%3Bheight%3D128%26amp%3Bauto%3Dwebp%26amp%3Bformat%3Dpjpg","https://hsfootball.net/proxy.php?url=https%3A%2F%2Fimage.maxpreps.io%2Fschool-mascot%2F8%2Fa%2F9%2F8a9bebea-718f-448b-a628-2b8b7a73585d.gif%3Fversion%3D636462574800000000%26amp%3Bwidth%3D128%26amp%3Bheight%3D128%26amp%3Bauto%3Dwebp%26amp%3Bformat%3Dpjpg","girl"
80,"Greene County vs Bay",Girls Volleyball,"Mississippi",9/15/2026,6:30pm,"The Greene County varsity volleyball team has an away conference match @  Bay (Bay St. Louis, MS) on Tuesday, September 15 @ 6:30p.","/ms/volleyball/match/bay-bay-st-louis-vs-greene-county-leakesville/9-15-2026/?c=8fc26716-2e95-4209-8301-d6fc5549ae3a","https://www.maxpreps.com/ms/volleyball/match/bay-bay-st-louis-vs-greene-county-leakesville/9-15-2026/?c=8fc26716-2e95-4209-8301-d6fc5549ae3a","/volleyball/ms/1158?9/15/2026","Greene County","Wildcats","https://www.maxpreps.com/ms/bay-bay-st-louis/girls-volleyball/","https://www.maxpreps.com/ms/greene-county-leakesville/girls-volleyball/","https://hsfootball.net/proxy.php?url=https%3A%2F%2Fimage.maxpreps.io%2Fschool-mascot%2Ff%2Fc%2F0%2Ffc0176b4-10e9-46c0-b7b2-40e18198cf14.gif%3Fversion%3D636794350800000000%26amp%3Bwidth%3D128%26amp%3Bheight%3D128%26amp%3Bauto%3Dwebp%26amp%3Bformat%3Dpjpg","https://hsfootball.net/proxy.php?url=https%3A%2F%2Fimage.maxpreps.io%2Fschool-mascot%2F2%2F9%2F7%2F297d4484-58ee-41f8-8034-2e346cf1c97d.gif%3Fversion%3D638936897275848010%26amp%3Bwidth%3D128%26amp%3Bheight%3D128%26amp%3Bauto%3Dwebp%26amp%3Bformat%3Dpjpg","girl"
81,"Sumrall vs South Jones",Girls Volleyball,"Mississippi",9/15/2026,6:30pm,"The Sumrall varsity volleyball team has an away conference match @  South Jones (Ellisville, MS) on Tuesday, September 15 @ 6:30p.","/ms/volleyball/match/south-jones-ellisville-vs-sumrall/9-15-2026/?c=495e4073-9e95-403b-a4e0-4f5fe14a1841","https://www.maxpreps.com/ms/volleyball/match/south-jones-ellisville-vs-sumrall/9-15-2026/?c=495e4073-9e95-403b-a4e0-4f5fe14a1841","/volleyball/ms/d24?9/15/2026","Sumrall","Bobcats","https://www.maxpreps.com/ms/south-jones-ellisville/girls-volleyball/","https://www.maxpreps.com/ms/sumrall/girls-volleyball/","https://hsfootball.net/proxy.php?url=https%3A%2F%2Fimage.maxpreps.io%2Fschool-mascot%2F2%2F4%2Fb%2F24b01efd-e6d9-4b85-ba4b-031767039ba0.gif%3Fversion%3D635732808600000000%26amp%3Bwidth%3D128%26amp%3Bheight%3D128%26amp%3Bauto%3Dwebp%26amp%3Bformat%3Dpjpg","https://hsfootball.net/proxy.php?url=https%3A%2F%2Fimage.maxpreps.io%2Fschool-mascot%2F3%2Fb%2F6%2F3b646a4f-21fc-47ea-a706-1cce5dda9672.gif%3Fversion%3D636749373600000000%26amp%3Bwidth%3D128%26amp%3Bheight%3D128%26amp%3Bauto%3Dwebp%26amp%3Bformat%3Dpjpg","girl"
82,"Stone vs Vancleave",Girls Volleyball,"Mississippi",9/15/2026,6:30pm,"The Stone varsity volleyball team has an away conference match @  Vancleave (MS) on Tuesday, September 15 @ 6:30p.","/ms/volleyball/match/stone-wiggins-vs-vancleave/9-15-2026/?c=15024765-ba9f-44f5-804f-441589f1b095","https://www.maxpreps.com/ms/volleyball/match/stone-wiggins-vs-vancleave/9-15-2026/?c=15024765-ba9f-44f5-804f-441589f1b095","/volleyball/ms/a46?9/15/2026","Stone","Tomcats","https://www.maxpreps.com/ms/stone-wiggins/girls-volleyball/","https://www.maxpreps.com/ms/vancleave/girls-volleyball/","https://hsfootball.net/proxy.php?url=https%3A%2F%2Fimage.maxpreps.io%2Fschool-mascot%2F0%2F9%2F2%2F092bffc7-880c-463e-9a8e-5aa5ae0e5466.gif%3Fversion%3D638973250783390060%26amp%3Bwidth%3D128%26amp%3Bheight%3D128%26amp%3Bauto%3Dwebp%26amp%3Bformat%3Dpjpg","https://hsfootball.net/proxy.php?url=https%3A%2F%2Fimage.maxpreps.io%2Fschool-mascot%2Fe%2F5%2Ff%2Fe5f248f0-1d8a-411e-99bc-a5afa6e8f5ed.gif%3Fversion%3D635121550800000000%26amp%3Bwidth%3D128%26amp%3Bheight%3D128%26amp%3Bauto%3Dwebp%26amp%3Bformat%3Dpjpg","girl"
83,"Tishomingo County vs Corinth",Girls Volleyball,"Mississippi",9/15/2026,6:30pm,"The Tishomingo County varsity volleyball team has an away conference match @  Corinth (MS) on Tuesday, September 15 @ 6:30p.","/ms/volleyball/match/corinth-vs-tishomingo-county-iuka/9-15-2026/?c=efc84c67-221e-4187-b07c-6dc5e2452b8b","https://www.maxpreps.com/ms/volleyball/match/corinth-vs-tishomingo-county-iuka/9-15-2026/?c=efc84c67-221e-4187-b07c-6dc5e2452b8b","/volleyball/ms/d21?9/15/2026","Tishomingo County","Braves","https://www.maxpreps.com/ms/corinth/girls-volleyball/","https://www.maxpreps.com/ms/tishomingo-county-iuka/girls-volleyball/","https://hsfootball.net/proxy.php?url=https%3A%2F%2Fimage.maxpreps.io%2Fschool-mascot%2Fb%2Fd%2F6%2Fbd637b55-96a9-4c46-9f90-a1b9601f1e5d.gif%3Fversion%3D638004991200000000%26amp%3Bwidth%3D128%26amp%3Bheight%3D128%26amp%3Bauto%3Dwebp%26amp%3Bformat%3Dpjpg","https://hsfootball.net/proxy.php?url=https%3A%2F%2Fimage.maxpreps.io%2Fschool-mascot%2F1%2Ff%2Fa%2F1fa76ee8-530b-4bda-bab6-81b2f4d2a0aa.gif%3Fversion%3D636705415200000000%26amp%3Bwidth%3D128%26amp%3Bheight%3D128%26amp%3Bauto%3Dwebp%26amp%3Bformat%3Dpjpg","girl"
84,"Raleigh vs McLaurin",Girls Volleyball,"Mississippi",9/15/2026,6:30pm,"The Raleigh varsity volleyball team has an away conference match @  McLaurin (Florence, MS) on Tuesday, September 15 @ 6:30p.","/ms/volleyball/match/mclaurin-florence-vs-raleigh/9-15-2026/?c=a1f91c20-9b12-4668-a6ad-90cab2a60a61","https://www.maxpreps.com/ms/volleyball/match/mclaurin-florence-vs-raleigh/9-15-2026/?c=a1f91c20-9b12-4668-a6ad-90cab2a60a61","/volleyball/ms/af5?9/15/2026","Raleigh","Lions","https://www.maxpreps.com/ms/mclaurin-florence/girls-volleyball/","https://www.maxpreps.com/ms/raleigh/girls-volleyball/","https://hsfootball.net/proxy.php?url=https%3A%2F%2Fimage.maxpreps.io%2Fschool-mascot%2Fb%2F3%2F7%2Fb37277fe-036a-4ff6-94ea-14c5ff4e94b6.gif%3Fversion%3D638034066600000000%26amp%3Bwidth%3D128%26amp%3Bheight%3D128%26amp%3Bauto%3Dwebp%26amp%3Bformat%3Dpjpg","https://hsfootball.net/proxy.php?url=https%3A%2F%2Fimage.maxpreps.io%2Fschool-mascot%2F7%2Fe%2Fb%2F7eb70c04-7352-44d3-ba94-ae3d01fb7a69.gif%3Fversion%3D636375683400000000%26amp%3Bwidth%3D128%26amp%3Bheight%3D128%26amp%3Bauto%3Dwebp%26amp%3Bformat%3Dpjpg","girl"
85,"South Pike vs Columbia",Girls Volleyball,"Mississippi",9/15/2026,6:30pm,"The South Pike varsity volleyball team has an away conference match @  Columbia (MS) on Tuesday, September 15 @ 6:30p.","/ms/volleyball/match/columbia-vs-south-pike-magnolia/9-15-2026/?c=dcb87960-0ce7-4c2c-ba26-6813ab999461","https://www.maxpreps.com/ms/volleyball/match/columbia-vs-south-pike-magnolia/9-15-2026/?c=dcb87960-0ce7-4c2c-ba26-6813ab999461","/volleyball/ms/c0d?9/15/2026","South Pike","Eagles","https://www.maxpreps.com/ms/columbia/girls-volleyball/","https://www.maxpreps.com/ms/south-pike-magnolia/girls-volleyball/","https://hsfootball.net/proxy.php?url=https%3A%2F%2Fimage.maxpreps.io%2Fschool-mascot%2Fa%2F5%2Fe%2Fa5eb913a-d549-4600-ae3f-02848e22bd54.gif%3Fversion%3D637966072800000000%26amp%3Bwidth%3D128%26amp%3Bheight%3D128%26amp%3Bauto%3Dwebp%26amp%3Bformat%3Dpjpg","https://hsfootball.net/proxy.php?url=https%3A%2F%2Fimage.maxpreps.io%2Fschool-mascot%2F3%2F3%2Fc%2F33cd73fa-f59b-465b-90b3-57d34c5ac480.gif%3Fversion%3D637026654600000000%26amp%3Bwidth%3D128%26amp%3Bheight%3D128%26amp%3Bauto%3Dwebp%26amp%3Bformat%3Dpjpg","girl"
86,"South Pontotoc vs New Albany",Girls Volleyball,"Mississippi",9/15/2026,6:30pm,"The South Pontotoc varsity volleyball team has an away conference match @  New Albany (MS) on Tuesday, September 15 @ 6:30p.","/ms/volleyball/match/new-albany-vs-south-pontotoc/9-15-2026/?c=e8b5fbf3-fbc5-45d1-acd5-c45fb40850ae","https://www.maxpreps.com/ms/volleyball/match/new-albany-vs-south-pontotoc/9-15-2026/?c=e8b5fbf3-fbc5-45d1-acd5-c45fb40850ae","/volleyball/ms/b07?9/15/2026","South Pontotoc","Cougars","https://www.maxpreps.com/ms/new-albany/girls-volleyball/","https://www.maxpreps.com/ms/south-pontotoc/girls-volleyball/","https://hsfootball.net/proxy.php?url=https%3A%2F%2Fimage.maxpreps.io%2Fschool-mascot%2F5%2Fa%2Fd%2F5add26ed-9cb4-489e-bd18-dc77f4c1d878.gif%3Fversion%3D637308407400000000%26amp%3Bwidth%3D128%26amp%3Bheight%3D128%26amp%3Bauto%3Dwebp%26amp%3Bformat%3Dpjpg","https://hsfootball.net/proxy.php?url=https%3A%2F%2Fimage.maxpreps.io%2Fschool-mascot%2Ff%2Fe%2F1%2Ffe12837a-23c5-4a8d-a168-3ee1acd6fb7c.gif%3Fversion%3D636246493200000000%26amp%3Bwidth%3D128%26amp%3Bheight%3D128%26amp%3Bauto%3Dwebp%26amp%3Bformat%3Dpjpg","girl"
87,"Shannon vs Amory",Girls Volleyball,"Mississippi",9/15/2026,6:30pm,"The Shannon varsity volleyball team has an away conference match @  Amory (MS) on Tuesday, September 15 @ 6:30p.","/ms/volleyball/match/amory-vs-shannon/9-15-2026/?c=e99d1781-ae9a-4dd4-9d22-6807a6f5acc6","https://www.maxpreps.com/ms/volleyball/match/amory-vs-shannon/9-15-2026/?c=e99d1781-ae9a-4dd4-9d22-6807a6f5acc6","/volleyball/ms/660?9/15/2026","Shannon","Red Raiders","https://www.maxpreps.com/ms/amory/girls-volleyball/","https://www.maxpreps.com/ms/shannon/girls-volleyball/","https://hsfootball.net/proxy.php?url=https%3A%2F%2Fimage.maxpreps.io%2Fschool-mascot%2F4%2F3%2Fb%2F43b48f6b-6e3d-470c-8a55-7c49c9809dda.gif%3Fversion%3D635513778600000000%26amp%3Bwidth%3D128%26amp%3Bheight%3D128%26amp%3Bauto%3Dwebp%26amp%3Bformat%3Dpjpg","https://hsfootball.net/proxy.php?url=https%3A%2F%2Fimage.maxpreps.io%2Fschool-mascot%2F9%2F1%2Fd%2F91dc711e-ddfc-4354-9576-16c8af3a41d6.gif%3Fversion%3D636723361800000000%26amp%3Bwidth%3D128%26amp%3Bheight%3D128%26amp%3Bauto%3Dwebp%26amp%3Bformat%3Dpjpg","girl"
88,"Tylertown vs Presbyterian Christian",Girls Volleyball,"Mississippi",9/15/2026,6:30pm,"The Tylertown varsity volleyball team has an away conference match @  Presbyterian Christian (Hattiesburg, MS) on Tuesday, September 15 @ 6:30p.","/ms/volleyball/match/presbyterian-christian-hattiesburg-vs-tylertown/9-15-2026/?c=3c39380f-1c15-41dc-aa2a-e73519b509fd","https://www.maxpreps.com/ms/volleyball/match/presbyterian-christian-hattiesburg-vs-tylertown/9-15-2026/?c=3c39380f-1c15-41dc-aa2a-e73519b509fd","/volleyball/ms/1314?9/15/2026","Tylertown","Chiefs","https://www.maxpreps.com/ms/presbyterian-christian-hattiesburg/girls-volleyball/","https://www.maxpreps.com/ms/tylertown/girls-volleyball/","https://hsfootball.net/proxy.php?url=https%3A%2F%2Fimage.maxpreps.io%2Fschool-mascot%2F6%2F7%2Fe%2F67e24124-ebb4-413b-aaf1-0b2d94f207f1.gif%3Fversion%3D635522571000000000%26amp%3Bwidth%3D128%26amp%3Bheight%3D128%26amp%3Bauto%3Dwebp%26amp%3Bformat%3Dpjpg","https://hsfootball.net/proxy.php?url=https%3A%2F%2Fimage.maxpreps.io%2Fschool-mascot%2F4%2F8%2Fd%2F48d686ae-56f1-4158-bbbe-f49bd2066452.gif%3Fversion%3D637396438800000000%26amp%3Bwidth%3D128%26amp%3Bheight%3D128%26amp%3Bauto%3Dwebp%26amp%3Bformat%3Dpjpg","girl"
89,"Purvis vs East Central",Girls Volleyball,"Mississippi",9/15/2026,6:30pm,"The Purvis varsity volleyball team has an away conference match @  East Central (Moss Point, MS) on Tuesday, September 15 @ 6:30p.","/ms/volleyball/match/east-central-moss-point-vs-purvis/9-15-2026/?c=8f0234e3-c59a-4d9b-beb6-b2acb292243d","https://www.maxpreps.com/ms/volleyball/match/east-central-moss-point-vs-purvis/9-15-2026/?c=8f0234e3-c59a-4d9b-beb6-b2acb292243d","/volleyball/ms/cf5?9/15/2026","Purvis","Tornadoes","https://www.maxpreps.com/ms/east-central-moss-point/girls-volleyball/","https://www.maxpreps.com/ms/purvis/girls-volleyball/","https://hsfootball.net/proxy.php?url=https%3A%2F%2Fimage.maxpreps.io%2Fschool-mascot%2F6%2F7%2F6%2F6761dc12-5c18-4524-98b0-007c8713d1c9.gif%3Fversion%3D639231541346931460%26amp%3Bwidth%3D128%26amp%3Bheight%3D128%26amp%3Bauto%3Dwebp%26amp%3Bformat%3Dpjpg","https://hsfootball.net/proxy.php?url=https%3A%2F%2Fimage.maxpreps.io%2Fschool-mascot%2Fe%2F8%2Fd%2Fe8d0e819-13e9-4f3b-a126-a89837764e81.gif%3Fversion%3D638726179037949440%26amp%3Bwidth%3D128%26amp%3Bheight%3D128%26amp%3Bauto%3Dwebp%26amp%3Bformat%3Dpjpg","girl"
90,"Hatley vs Hamilton",Girls Volleyball,"Mississippi",9/15/2026,6:30pm,"The Hatley varsity volleyball team has an away conference match @  Hamilton (MS) on Tuesday, September 15 @ 6:30p.","/ms/volleyball/match/hamilton-vs-hatley-amory/9-15-2026/?c=ddeaca21-d254-4498-9114-7285d80b92d6","https://www.maxpreps.com/ms/volleyball/match/hamilton-vs-hatley-amory/9-15-2026/?c=ddeaca21-d254-4498-9114-7285d80b92d6","/volleyball/ms/97b?9/15/2026","Hatley","Tigers","https://www.maxpreps.com/ms/hamilton/girls-volleyball/","https://www.maxpreps.com/ms/hatley-amory/girls-volleyball/","https://hsfootball.net/proxy.php?url=https%3A%2F%2Fimage.maxpreps.io%2Fschool-mascot%2F6%2F0%2Ff%2F60fa8f3e-36bc-4427-a664-4bc8dd12a49d.gif%3Fversion%3D635851578000000000%26amp%3Bwidth%3D128%26amp%3Bheight%3D128%26amp%3Bauto%3Dwebp%26amp%3Bformat%3Dpjpg","https://hsfootball.net/proxy.php?url=https%3A%2F%2Fimage.maxpreps.io%2Fschool-mascot%2Fd%2Ff%2Fc%2Fdfc2a401-5abd-4e2a-b950-88f8b5ad9e42.gif%3Fversion%3D634068255000000000%26amp%3Bwidth%3D128%26amp%3Bheight%3D128%26amp%3Bauto%3Dwebp%26amp%3Bformat%3Dpjpg","girl"
91,"Noxapater vs Winona",Girls Volleyball,"Mississippi",9/15/2026,6:30pm,"The Noxapater varsity volleyball team has an away non-conference match @  Winona (MS) on Tuesday, September 15 @ 6:30p.","/ms/volleyball/match/noxapater-vs-winona/9-15-2026/?c=4455af7b-73a2-4e83-93ae-c20a0716743e","https://www.maxpreps.com/ms/volleyball/match/noxapater-vs-winona/9-15-2026/?c=4455af7b-73a2-4e83-93ae-c20a0716743e","/volleyball/ms/7a1?9/15/2026","Noxapater","Tigers","https://www.maxpreps.com/ms/noxapater/girls-volleyball/","https://www.maxpreps.com/ms/winona/girls-volleyball/","https://hsfootball.net/proxy.php?url=https%3A%2F%2Fimage.maxpreps.io%2Fschool-mascot%2F7%2F5%2F6%2F7569c794-eb91-4cc5-a66a-146ced58939c.gif%3Fversion%3D635757672600000000%26amp%3Bwidth%3D128%26amp%3Bheight%3D128%26amp%3Bauto%3Dwebp%26amp%3Bformat%3Dpjpg","https://hsfootball.net/proxy.php?url=https%3A%2F%2Fimage.maxpreps.io%2Fschool-mascot%2F6%2F7%2F6%2F67646bfc-0728-496f-8e4b-0a72e8c8a282.gif%3Fversion%3D638935407593461650%26amp%3Bwidth%3D128%26amp%3Bheight%3D128%26amp%3Bauto%3Dwebp%26amp%3Bformat%3Dpjpg","girl"
92,"Pearl River Central vs Pascagoula",Girls Volleyball,"Mississippi",9/15/2026,6:30pm,"The Pearl River Central varsity volleyball team has an away conference match @  Pascagoula (MS) on Tuesday, September 15 @ 6:30p.","/ms/volleyball/match/pascagoula-vs-pearl-river-central-carriere/9-15-2026/?c=e0b666bd-8cdf-4979-89b6-5003cc6dafd7","https://www.maxpreps.com/ms/volleyball/match/pascagoula-vs-pearl-river-central-carriere/9-15-2026/?c=e0b666bd-8cdf-4979-89b6-5003cc6dafd7","/volleyball/ms/105c?9/15/2026","Pearl River Central","Blue Devils","https://www.maxpreps.com/ms/pascagoula/girls-volleyball/","https://www.maxpreps.com/ms/pearl-river-central-carriere/girls-volleyball/","https://hsfootball.net/proxy.php?url=https%3A%2F%2Fimage.maxpreps.io%2Fschool-mascot%2Fc%2F1%2Fe%2Fc1e278a8-a5ff-4231-8240-18e14ab2889d.gif%3Fversion%3D633903295800000000%26amp%3Bwidth%3D128%26amp%3Bheight%3D128%26amp%3Bauto%3Dwebp%26amp%3Bformat%3Dpjpg","https://hsfootball.net/proxy.php?url=https%3A%2F%2Fimage.maxpreps.io%2Fschool-mascot%2F4%2F0%2F5%2F4054356c-5208-462e-8565-8c416c5b49f2.gif%3Fversion%3D635834451600000000%26amp%3Bwidth%3D128%26amp%3Bheight%3D128%26amp%3Bauto%3Dwebp%26amp%3Bformat%3Dpjpg","girl"
93,"Hazlehurst vs Crystal Springs",Girls Volleyball,"Mississippi",9/15/2026,6:30pm,"The Hazlehurst varsity volleyball team has an away conference match @  Crystal Springs (MS) on Tuesday, September 15 @ 6:30p.","/ms/volleyball/match/crystal-springs-vs-hazlehurst/9-15-2026/?c=7af7db41-fef2-42d3-8ef6-ed29efb1ce79","https://www.maxpreps.com/ms/volleyball/match/crystal-springs-vs-hazlehurst/9-15-2026/?c=7af7db41-fef2-42d3-8ef6-ed29efb1ce79","/volleyball/ms/bc2?9/15/2026","Hazlehurst","Indians","https://www.maxpreps.com/ms/crystal-springs/girls-volleyball/","https://www.maxpreps.com/ms/hazlehurst/girls-volleyball/","https://hsfootball.net/proxy.php?url=https%3A%2F%2Fimage.maxpreps.io%2Fschool-mascot%2F3%2F6%2Fd%2F36d98b41-be70-446c-aff3-c286cee0511f.gif%3Fversion%3D635778205200000000%26amp%3Bwidth%3D128%26amp%3Bheight%3D128%26amp%3Bauto%3Dwebp%26amp%3Bformat%3Dpjpg","https://hsfootball.net/proxy.php?url=https%3A%2F%2Fimage.maxpreps.io%2Fschool-mascot%2F7%2Fc%2Fa%2F7cad9910-cb84-4e74-afbf-bde4d66e9b17.gif%3Fversion%3D635337563400000000%26amp%3Bwidth%3D128%26amp%3Bheight%3D128%26amp%3Bauto%3Dwebp%26amp%3Bformat%3Dpjpg","girl"
94,"Sebastopol vs Ethel",Girls Volleyball,"Mississippi",9/15/2026,6:30pm,"The Sebastopol varsity volleyball team has an away conference match @  Ethel (MS) on Tuesday, September 15 @ 6:30p.","/ms/volleyball/match/ethel-vs-sebastopol/9-15-2026/?c=af43582f-880f-4473-9c98-26797264974c","https://www.maxpreps.com/ms/volleyball/match/ethel-vs-sebastopol/9-15-2026/?c=af43582f-880f-4473-9c98-26797264974c","/volleyball/ms/791?9/15/2026","Sebastopol","Bobcats","https://www.maxpreps.com/ms/ethel/girls-volleyball/","https://www.maxpreps.com/ms/sebastopol/girls-volleyball/","https://hsfootball.net/proxy.php?url=https%3A%2F%2Fimage.maxpreps.io%2Fschool-mascot%2F4%2F7%2F4%2F4747acee-ed6b-48ea-9ccf-d2c7d92fa308.gif%3Fversion%3D634659249000000000%26amp%3Bwidth%3D128%26amp%3Bheight%3D128%26amp%3Bauto%3Dwebp%26amp%3Bformat%3Dpjpg","https://hsfootball.net/proxy.php?url=https%3A%2F%2Fimage.maxpreps.io%2Fschool-mascot%2F7%2F9%2F1%2F791d5022-0857-41ab-a346-258aeabf44a0.gif%3Fversion%3D637343874600000000%26amp%3Bwidth%3D128%26amp%3Bheight%3D128%26amp%3Bauto%3Dwebp%26amp%3Bformat%3Dpjpg","girl"
95,"Moss Point vs Pass Christian",Girls Volleyball,"Mississippi",9/15/2026,6:30pm,"The Moss Point varsity volleyball team has an away conference match @  Pass Christian (MS) on Tuesday, September 15 @ 6:30p.","/ms/volleyball/match/moss-point-vs-pass-christian/9-15-2026/?c=1faa5b25-05eb-4093-a3cf-b1aa91d81245","https://www.maxpreps.com/ms/volleyball/match/moss-point-vs-pass-christian/9-15-2026/?c=1faa5b25-05eb-4093-a3cf-b1aa91d81245","/volleyball/ms/b05?9/15/2026","Moss Point","Tigers","https://www.maxpreps.com/ms/moss-point/girls-volleyball/","https://www.maxpreps.com/ms/pass-christian/girls-volleyball/","https://hsfootball.net/proxy.php?url=https%3A%2F%2Fimage.maxpreps.io%2Fschool-mascot%2F7%2Fd%2Fb%2F7dbcebb6-f0e0-43a5-a4bd-d7d0951d28ff.gif%3Fversion%3D636772669800000000%26amp%3Bwidth%3D128%26amp%3Bheight%3D128%26amp%3Bauto%3Dwebp%26amp%3Bformat%3Dpjpg","https://hsfootball.net/proxy.php?url=https%3A%2F%2Fimage.maxpreps.io%2Fschool-mascot%2Fc%2Fe%2F7%2Fce70f530-1df0-413a-8e1d-87c103e5bbae.gif%3Fversion%3D635793942000000000%26amp%3Bwidth%3D128%26amp%3Bheight%3D128%26amp%3Bauto%3Dwebp%26amp%3Bformat%3Dpjpg","girl"
96,"Choctaw Central vs Newton County",Girls Volleyball,"Mississippi",9/15/2026,7:00pm,"The Choctaw Central varsity volleyball team has an away conference match @  Newton County (Decatur, MS) on Tuesday, September 15 @ 7p.","/ms/volleyball/match/choctaw-central-philadelphia-vs-newton-county-decatur/9-15-2026/?c=747142de-5318-4632-b179-97c9a2d1c2fb","https://www.maxpreps.com/ms/volleyball/match/choctaw-central-philadelphia-vs-newton-county-decatur/9-15-2026/?c=747142de-5318-4632-b179-97c9a2d1c2fb","/volleyball/ms/14d3?9/15/2026","Choctaw Central","Ftng Warriors","https://www.maxpreps.com/ms/choctaw-central-philadelphia/girls-volleyball/","https://www.maxpreps.com/ms/newton-county-decatur/girls-volleyball/","https://hsfootball.net/proxy.php?url=https%3A%2F%2Fimage.maxpreps.io%2Fschool-mascot%2F6%2F9%2Fe%2F69e9f700-1723-4522-b3ff-f8160d97a000.gif%3Fversion%3D638937044618471700%26amp%3Bwidth%3D128%26amp%3Bheight%3D128%26amp%3Bauto%3Dwebp%26amp%3Bformat%3Dpjpg","https://hsfootball.net/proxy.php?url=https%3A%2F%2Fimage.maxpreps.io%2Fschool-mascot%2F5%2F1%2F1%2F511d39de-2dd1-4919-8b57-138e74a94755.gif%3Fversion%3D634715698200000000%26amp%3Bwidth%3D128%26amp%3Bheight%3D128%26amp%3Bauto%3Dwebp%26amp%3Bformat%3Dpjpg","girl"
97,"Mooreville vs Tupelo Christian Prep",Girls Volleyball,"Mississippi",9/15/2026,7:00pm,"The Mooreville varsity volleyball team has an away non-conference match @  Tupelo Christian Prep (Belden, MS) on Tuesday, September 15 @ 7p.","/ms/volleyball/match/mooreville-vs-tupelo-christian-prep-belden/9-15-2026/?c=b1231088-da7c-4aae-964b-70ed2fafbbda","https://www.maxpreps.com/ms/volleyball/match/mooreville-vs-tupelo-christian-prep-belden/9-15-2026/?c=b1231088-da7c-4aae-964b-70ed2fafbbda","/volleyball/ms/1087?9/15/2026","Mooreville","Troopers","https://www.maxpreps.com/ms/mooreville/girls-volleyball/","https://www.maxpreps.com/ms/tupelo-christian-prep-belden/girls-volleyball/","https://hsfootball.net/proxy.php?url=https%3A%2F%2Fimage.maxpreps.io%2Fschool-mascot%2Fc%2F3%2Fa%2Fc3a47683-dbc5-46db-b872-bfcc5deafb4e.gif%3Fversion%3D637344556800000000%26amp%3Bwidth%3D128%26amp%3Bheight%3D128%26amp%3Bauto%3Dwebp%26amp%3Bformat%3Dpjpg","https://hsfootball.net/proxy.php?url=https%3A%2F%2Fimage.maxpreps.io%2Fschool-mascot%2Fd%2F4%2F4%2Fd44de310-a348-483a-a25e-db48b49dab8e.gif%3Fversion%3D635505484200000000%26amp%3Bwidth%3D128%26amp%3Bheight%3D128%26amp%3Bauto%3Dwebp%26amp%3Bformat%3Dpjpg","girl"
98,"Wheeler vs Falkner",Girls Volleyball,"Mississippi",9/15/2026,7:00pm,"The Wheeler varsity volleyball team has an away conference match @  Falkner (MS) on Tuesday, September 15 @ 7p.","/ms/volleyball/match/falkner-vs-wheeler/9-15-2026/?c=364a3b63-7e12-4044-8da8-1226ec5f038d","https://www.maxpreps.com/ms/volleyball/match/falkner-vs-wheeler/9-15-2026/?c=364a3b63-7e12-4044-8da8-1226ec5f038d","/volleyball/ms/712?9/15/2026","Wheeler","Eagles","https://www.maxpreps.com/ms/falkner/girls-volleyball/","https://www.maxpreps.com/ms/wheeler/girls-volleyball/","https://hsfootball.net/proxy.php?url=https%3A%2F%2Fimage.maxpreps.io%2Fschool-mascot%2F5%2F8%2F5%2F58501dc5-1358-482f-ad2e-fcb8e0c18760.gif%3Fversion%3D638206114800000000%26amp%3Bwidth%3D128%26amp%3Bheight%3D128%26amp%3Bauto%3Dwebp%26amp%3Bformat%3Dpjpg","https://hsfootball.net/proxy.php?url=https%3A%2F%2Fimage.maxpreps.io%2Fschool-mascot%2Fc%2Fe%2F2%2Fce27a5ed-93e8-424a-974a-29b3e4f55836.gif%3Fversion%3D639227293331142900%26amp%3Bwidth%3D128%26amp%3Bheight%3D128%26amp%3Bauto%3Dwebp%26amp%3Bformat%3Dpjpg","girl"
99,"Mantachie vs Kossuth",Girls Volleyball,"Mississippi",9/15/2026,7:00pm,"The Mantachie varsity volleyball team has an away conference match @  Kossuth (MS) on Tuesday, September 15 @ 7p.","/ms/volleyball/match/kossuth-vs-mantachie/9-15-2026/?c=3e579225-4710-4732-bd64-7e88e02d9bb3","https://www.maxpreps.com/ms/volleyball/match/kossuth-vs-mantachie/9-15-2026/?c=3e579225-4710-4732-bd64-7e88e02d9bb3","/volleyball/ms/7fe?9/15/2026","Mantachie","Mustangs","https://www.maxpreps.com/ms/kossuth/girls-volleyball/","https://www.maxpreps.com/ms/mantachie/girls-volleyball/","https://hsfootball.net/proxy.php?url=https%3A%2F%2Fimage.maxpreps.io%2Fschool-mascot%2F5%2F3%2Fe%2F53ee3c41-468b-4497-88ba-e274a7e6c957.gif%3Fversion%3D639230033204762720%26amp%3Bwidth%3D128%26amp%3Bheight%3D128%26amp%3Bauto%3Dwebp%26amp%3Bformat%3Dpjpg","https://hsfootball.net/proxy.php?url=https%3A%2F%2Fimage.maxpreps.io%2Fschool-mascot%2Fd%2F0%2Ff%2Fd0fd53e0-3bdd-4062-9626-a62e4ea854d4.gif%3Fversion%3D637698355800000000%26amp%3Bwidth%3D128%26amp%3Bheight%3D128%26amp%3Bauto%3Dwebp%26amp%3Bformat%3Dpjpg","girl"
100,"East Grand Rapids vs Christian",Girls Volleyball,"Mississippi",9/15/2026,6:00pm,"The East Grand Rapids varsity volleyball team has an away conference match @  Christian (Grand Rapids, MI) on Tuesday, September 15 @ 6p.","/mi/volleyball/match/christian-grand-rapids-vs-east-grand-rapids/9-15-2026/?c=4c58b407-c22e-4546-b7d4-9b487b60e2d1","https://www.maxpreps.com/mi/volleyball/match/christian-grand-rapids-vs-east-grand-rapids/9-15-2026/?c=4c58b407-c22e-4546-b7d4-9b487b60e2d1","/volleyball/ms/1087?9/15/2026","East Grand Rapids","Pioneers","https://www.maxpreps.com/ms/christian-grand-rapids/girls-volleyball/","https://www.maxpreps.com/ms/east-grand-rapids/girls-volleyball/","https://hsfootball.net/proxy.php?url=https%3A%2F%2Fimage.maxpreps.io%2Fschool-mascot%2F5%2Fe%2F7%2F5e78ca69-e481-4aa6-b10a-dc057ec5af0f.gif%3Fversion%3D637970913600000000%26amp%3Bwidth%3D128%26amp%3Bheight%3D128%26amp%3Bauto%3Dwebp%26amp%3Bformat%3Dpjpg","https://hsfootball.net/proxy.php?url=https%3A%2F%2Fimage.maxpreps.io%2Fschool-mascot%2F6%2F3%2F5%2F6358fe80-e913-48d3-b481-abfbd6e0a9f5.gif%3Fversion%3D636434980200000000%26amp%3Bwidth%3D128%26amp%3Bheight%3D128%26amp%3Bauto%3Dwebp%26amp%3Bformat%3Dpjpg","girl"
101,"Loyola Academy vs Marist",Girls Volleyball,"Mississippi",9/15/2026,5:00pm,"The Loyola Academy varsity volleyball team has an away conference match @  Marist (Chicago, IL) on Tuesday, September 15 @ 5p.","/il/volleyball/match/loyola-academy-wilmette-vs-marist-chicago/9-15-2026/?c=e165e7af-3407-4f8c-a2b9-227a47e8ac4b","https://www.maxpreps.com/il/volleyball/match/loyola-academy-wilmette-vs-marist-chicago/9-15-2026/?c=e165e7af-3407-4f8c-a2b9-227a47e8ac4b","/volleyball/ms/ff7?9/15/2026","Loyola Academy","Ramblers","https://www.maxpreps.com/ms/loyola-academy-wilmette/girls-volleyball/","https://www.maxpreps.com/ms/marist-chicago/girls-volleyball/","https://hsfootball.net/proxy.php?url=https%3A%2F%2Fimage.maxpreps.io%2Fschool-mascot%2F9%2Fd%2F8%2F9d8b368e-4ab9-4e18-a99f-90077f8df5ea.gif%3Fversion%3D637770587400000000%26amp%3Bwidth%3D128%26amp%3Bheight%3D128%26amp%3Bauto%3Dwebp%26amp%3Bformat%3Dpjpg","https://hsfootball.net/proxy.php?url=https%3A%2F%2Fimage.maxpreps.io%2Fschool-mascot%2Fc%2F1%2Fc%2Fc1c0d9df-39db-4937-98ca-ae4b3080f22d.gif%3Fversion%3D635809318200000000%26amp%3Bwidth%3D128%26amp%3Bheight%3D128%26amp%3Bauto%3Dwebp%26amp%3Bformat%3Dpjpg","girl"
102,"Byron Nelson vs Keller",Girls Volleyball,"Mississippi",9/15/2026,5:30pm,"The Byron Nelson varsity volleyball team has an away conference match @  Keller (TX) on Tuesday, September 15 @ 5:30p.","/tx/volleyball/match/byron-nelson-trophy-club-vs-keller/9-15-2026/?c=63632513-7cc4-4b29-8412-234856cc705d","https://www.maxpreps.com/tx/volleyball/match/byron-nelson-trophy-club-vs-keller/9-15-2026/?c=63632513-7cc4-4b29-8412-234856cc705d","/volleyball/ms/d4e?9/15/2026","Byron Nelson","Bobcats","https://www.maxpreps.com/ms/byron-nelson-trophy-club/girls-volleyball/","https://www.maxpreps.com/ms/keller/girls-volleyball/","https://hsfootball.net/proxy.php?url=https%3A%2F%2Fimage.maxpreps.io%2Fschool-mascot%2F2%2Ff%2F1%2F2f197e09-4469-4f78-a186-f93c27c33687.gif%3Fversion%3D636135798600000000%26amp%3Bwidth%3D128%26amp%3Bheight%3D128%26amp%3Bauto%3Dwebp%26amp%3Bformat%3Dpjpg","https://hsfootball.net/proxy.php?url=https%3A%2F%2Fimage.maxpreps.io%2Fschool-mascot%2F6%2F3%2F4%2F63481374-863b-454b-90b9-aaa97ae8cc1d.gif%3Fversion%3D635309859600000000%26amp%3Bwidth%3D128%26amp%3Bheight%3D128%26amp%3Bauto%3Dwebp%26amp%3Bformat%3Dpjpg","girl"
103,"The Villages Charter vs Orangewood Christian",Girls Volleyball,"Mississippi",9/15/2026,6:30pm,"The The Villages Charter varsity volleyball team has an away non-conference match @  Orangewood Christian (Maitland, FL) on Tuesday, September 15 @ 6:30p.","/fl/volleyball/match/orangewood-christian-maitland-vs-the-villages-charter/9-15-2026/?c=a583dbc9-394b-4091-9a6d-1d566aefdab9","https://www.maxpreps.com/fl/volleyball/match/orangewood-christian-maitland-vs-the-villages-charter/9-15-2026/?c=a583dbc9-394b-4091-9a6d-1d566aefdab9","/volleyball/ms/14bc?9/15/2026","The Villages Charter","Buffalo","https://www.maxpreps.com/ms/orangewood-christian-maitland/girls-volleyball/","https://www.maxpreps.com/ms/the-villages-charter/girls-volleyball/","https://hsfootball.net/proxy.php?url=https%3A%2F%2Fimage.maxpreps.io%2Fschool-mascot%2F9%2F2%2F2%2F922fdc43-9bb8-4a00-af3c-bd6cb0882d04.gif%3Fversion%3D638338548600000000%26amp%3Bwidth%3D128%26amp%3Bheight%3D128%26amp%3Bauto%3Dwebp%26amp%3Bformat%3Dpjpg","https://hsfootball.net/proxy.php?url=https%3A%2F%2Fimage.maxpreps.io%2Fschool-mascot%2Fa%2F8%2Fc%2Fa8cb8295-9946-4a11-b974-8991070e0c59.gif%3Fversion%3D637424071800000000%26amp%3Bwidth%3D128%26amp%3Bheight%3D128%26amp%3Bauto%3Dwebp%26amp%3Bformat%3Dpjpg","girl"
104,"Northside Christian vs Calvary Christian",Girls Volleyball,"Mississippi",9/15/2026,6:30pm,"The Northside Christian varsity volleyball team has an away non-conference match @  Calvary Christian (Clearwater, FL) on Tuesday, September 15 @ 6:30p.","/fl/volleyball/match/calvary-christian-clearwater-vs-northside-christian-st-petersburg/9-15-2026/?c=f4551562-b78c-4c8b-a208-7a8bd3d7e153","https://www.maxpreps.com/fl/volleyball/match/calvary-christian-clearwater-vs-northside-christian-st-petersburg/9-15-2026/?c=f4551562-b78c-4c8b-a208-7a8bd3d7e153","/volleyball/ms/19c4?9/15/2026","Northside Christian","Mustangs","https://www.maxpreps.com/ms/calvary-christian-clearwater/girls-volleyball/","https://www.maxpreps.com/ms/northside-christian-st-petersburg/girls-volleyball/","https://hsfootball.net/proxy.php?url=https%3A%2F%2Fimage.maxpreps.io%2Fschool-mascot%2F0%2F3%2F8%2F038abc46-9024-419d-ace7-d4ec116c9974.gif%3Fversion%3D635513055600000000%26amp%3Bwidth%3D128%26amp%3Bheight%3D128%26amp%3Bauto%3Dwebp%26amp%3Bformat%3Dpjpg","https://hsfootball.net/proxy.php?url=https%3A%2F%2Fimage.maxpreps.io%2Fschool-mascot%2F6%2Fa%2Fe%2F6ae65209-f562-4951-8a4c-d234b87cbb04.gif%3Fversion%3D637697956800000000%26amp%3Bwidth%3D128%26amp%3Bheight%3D128%26amp%3Bauto%3Dwebp%26amp%3Bformat%3Dpjpg","girl"
105,"Greenhill vs Prestonwood Christian",Girls Volleyball,"Mississippi",9/15/2026,6:00pm,"The Greenhill varsity volleyball team has an away non-conference match @  Prestonwood Christian (Plano, TX) on Tuesday, September 15 @ 6p.","/tx/volleyball/match/greenhill-addison-vs-prestonwood-christian-plano/9-15-2026/?c=21d3b96b-5c1e-4091-bd0a-4940bf773e72","https://www.maxpreps.com/tx/volleyball/match/greenhill-addison-vs-prestonwood-christian-plano/9-15-2026/?c=21d3b96b-5c1e-4091-bd0a-4940bf773e72","/volleyball/ms/1309?9/15/2026","Greenhill","Hornets","https://www.maxpreps.com/ms/greenhill-addison/girls-volleyball/","https://www.maxpreps.com/ms/prestonwood-christian-plano/girls-volleyball/","https://hsfootball.net/proxy.php?url=https%3A%2F%2Fimage.maxpreps.io%2Fschool-mascot%2F3%2F4%2F3%2F343c815e-d222-420b-9efd-75fcfdf9ba84.gif%3Fversion%3D637030912200000000%26amp%3Bwidth%3D128%26amp%3Bheight%3D128%26amp%3Bauto%3Dwebp%26amp%3Bformat%3Dpjpg","https://hsfootball.net/proxy.php?url=https%3A%2F%2Fimage.maxpreps.io%2Fschool-mascot%2Fd%2F9%2F7%2Fd978f4b8-b8f1-4a7f-87f6-6962ba606344.gif%3Fversion%3D635797292400000000%26amp%3Bwidth%3D128%26amp%3Bheight%3D128%26amp%3Bauto%3Dwebp%26amp%3Bformat%3Dpjpg","girl"
106,"St. Francis vs Mother McAuley",Girls Volleyball,"Mississippi",9/15/2026,6:00pm,"The St. Francis varsity volleyball team has an away non-conference match @  Mother McAuley (Chicago, IL) on Tuesday, September 15 @ 6p.","/il/volleyball/match/mother-mcauley-chicago-vs-st-francis-wheaton/9-15-2026/?c=2388e36f-6f62-404b-bc43-5b908d31f2f8","https://www.maxpreps.com/il/volleyball/match/mother-mcauley-chicago-vs-st-francis-wheaton/9-15-2026/?c=2388e36f-6f62-404b-bc43-5b908d31f2f8","/volleyball/ms/1107?9/15/2026","St. Francis","Spartans","https://www.maxpreps.com/ms/mother-mcauley-chicago/girls-volleyball/","https://www.maxpreps.com/ms/st-francis-wheaton/girls-volleyball/","https://hsfootball.net/proxy.php?url=https%3A%2F%2Fimage.maxpreps.io%2Fschool-mascot%2F0%2F7%2Ff%2F07fe21a9-692c-46b6-baaa-539ec7e07873.gif%3Fversion%3D637516501200000000%26amp%3Bwidth%3D128%26amp%3Bheight%3D128%26amp%3Bauto%3Dwebp%26amp%3Bformat%3Dpjpg","https://hsfootball.net/proxy.php?url=https%3A%2F%2Fimage.maxpreps.io%2Fschool-mascot%2F9%2Fd%2F5%2F9d5c1cfd-fd9d-4039-83dc-44c9087d6257.gif%3Fversion%3D637700736000000000%26amp%3Bwidth%3D128%26amp%3Bheight%3D128%26amp%3Bauto%3Dwebp%26amp%3Bformat%3Dpjpg","girl"
107,"Incarnate Word vs Cornerstone Christian",Girls Volleyball,"Mississippi",9/15/2026,6:30pm,"The Incarnate Word varsity volleyball team has an away non-conference match @  Cornerstone Christian (San Antonio, TX) on Tuesday, September 15 @ 6:30p.","/tx/volleyball/match/cornerstone-christian-san-antonio-vs-incarnate-word-san-antonio/9-15-2026/?c=938ba708-4913-4e35-aeae-fd4b101480b2","https://www.maxpreps.com/tx/volleyball/match/cornerstone-christian-san-antonio-vs-incarnate-word-san-antonio/9-15-2026/?c=938ba708-4913-4e35-aeae-fd4b101480b2","/volleyball/ms/18ad?9/15/2026","Incarnate Word","Shamrocks","https://www.maxpreps.com/ms/cornerstone-christian-san-antonio/girls-volleyball/","https://www.maxpreps.com/ms/incarnate-word-san-antonio/girls-volleyball/","https://hsfootball.net/proxy.php?url=https%3A%2F%2Fimage.maxpreps.io%2Fschool-mascot%2F4%2Fb%2F4%2F4b454b07-05de-484b-8282-58cec2643a93.gif%3Fversion%3D637671361200000000%26amp%3Bwidth%3D128%26amp%3Bheight%3D128%26amp%3Bauto%3Dwebp%26amp%3Bformat%3Dpjpg","https://hsfootball.net/proxy.php?url=https%3A%2F%2Fimage.maxpreps.io%2Fschool-mascot%2F0%2Fd%2F4%2F0d4488fa-a03d-47c9-b874-f78523a2e76a.gif%3Fversion%3D637689444000000000%26amp%3Bwidth%3D128%26amp%3Bheight%3D128%26amp%3Bauto%3Dwebp%26amp%3Bformat%3Dpjpg","girl"
108,"Bellmont vs Carroll",Girls Volleyball,"Mississippi",9/15/2026,7:30pm,"The Bellmont varsity volleyball team has an away non-conference match @  Carroll (Fort Wayne, IN) on Tuesday, September 15 @ 7:30p.","/in/volleyball/match/bellmont-decatur-vs-carroll-fort-wayne/9-15-2026/?c=95d3d51d-a000-449e-9226-ec8121dd96df","https://www.maxpreps.com/in/volleyball/match/bellmont-decatur-vs-carroll-fort-wayne/9-15-2026/?c=95d3d51d-a000-449e-9226-ec8121dd96df","/volleyball/ms/edd?9/15/2026","Bellmont","Braves","https://www.maxpreps.com/ms/bellmont-decatur/girls-volleyball/","https://www.maxpreps.com/ms/carroll-fort-wayne/girls-volleyball/","https://hsfootball.net/proxy.php?url=https%3A%2F%2Fimage.maxpreps.io%2Fschool-mascot%2F8%2F2%2F9%2F829c5083-3491-4b33-88fb-9f727f94fa92.gif%3Fversion%3D637962506400000000%26amp%3Bwidth%3D128%26amp%3Bheight%3D128%26amp%3Bauto%3Dwebp%26amp%3Bformat%3Dpjpg","https://hsfootball.net/proxy.php?url=https%3A%2F%2Fimage.maxpreps.io%2Fschool-mascot%2Ff%2F0%2Fb%2Ff0bd8a6f-8424-47c9-b435-7a89dde70d28.gif%3Fversion%3D637345402200000000%26amp%3Bwidth%3D128%26amp%3Bheight%3D128%26amp%3Bauto%3Dwebp%26amp%3Bformat%3Dpjpg","girl"
109,"Elkhorn South vs Papillion-LaVista South",Girls Volleyball,"Mississippi",9/15/2026,6:30pm,"The Elkhorn South varsity volleyball team has an away conference match @  Papillion-LaVista South (Papillion, NE) on Tuesday, September 15 @ 6:30p.","/ne/volleyball/match/elkhorn-south-omaha-vs-papillion-lavista-south/9-15-2026/?c=162e188a-3b0b-44ed-9e51-52478d482c7c","https://www.maxpreps.com/ne/volleyball/match/elkhorn-south-omaha-vs-papillion-lavista-south/9-15-2026/?c=162e188a-3b0b-44ed-9e51-52478d482c7c","/volleyball/ms/1212?9/15/2026","Elkhorn South","Storm","https://www.maxpreps.com/ms/elkhorn-south-omaha/girls-volleyball/","https://www.maxpreps.com/ms/papillion-lavista-south/girls-volleyball/","https://hsfootball.net/proxy.php?url=https%3A%2F%2Fimage.maxpreps.io%2Fschool-mascot%2F4%2F1%2F3%2F413e1096-4e73-461a-9819-55967e0f7f9f.gif%3Fversion%3D635950101600000000%26amp%3Bwidth%3D128%26amp%3Bheight%3D128%26amp%3Bauto%3Dwebp%26amp%3Bformat%3Dpjpg","https://hsfootball.net/proxy.php?url=https%3A%2F%2Fimage.maxpreps.io%2Fschool-mascot%2F6%2F1%2F1%2F61138e2f-e3d8-444e-8edc-080fe0ab37de.gif%3Fversion%3D635793752400000000%26amp%3Bwidth%3D128%26amp%3Bheight%3D128%26amp%3Bauto%3Dwebp%26amp%3Bformat%3Dpjpg","girl"
110,"Waverly vs Norris",Girls Volleyball,"Mississippi",9/15/2026,6:30pm,"The Waverly varsity volleyball team has an away conference match @  Norris (Firth, NE) on Tuesday, September 15 @ 6:30p.","/ne/volleyball/match/norris-firth-vs-waverly/9-15-2026/?c=f592c79b-44a3-4e6f-8ae1-d9371c034368","https://www.maxpreps.com/ne/volleyball/match/norris-firth-vs-waverly/9-15-2026/?c=f592c79b-44a3-4e6f-8ae1-d9371c034368","/volleyball/ms/934?9/15/2026","Waverly","Vikings","https://www.maxpreps.com/ms/norris-firth/girls-volleyball/","https://www.maxpreps.com/ms/waverly/girls-volleyball/","https://hsfootball.net/proxy.php?url=https%3A%2F%2Fimage.maxpreps.io%2Fschool-mascot%2Ff%2Fd%2Fd%2Ffdd2ecbc-223b-4e30-9b80-f0d0976f72a7.gif%3Fversion%3D636537171000000000%26amp%3Bwidth%3D128%26amp%3Bheight%3D128%26amp%3Bauto%3Dwebp%26amp%3Bformat%3Dpjpg","https://hsfootball.net/proxy.php?url=https%3A%2F%2Fimage.maxpreps.io%2Fschool-mascot%2F1%2Fb%2Ff%2F1bf6d7de-f712-4719-8426-808c7ab20910.gif%3Fversion%3D635304023400000000%26amp%3Bwidth%3D128%26amp%3Bheight%3D128%26amp%3Bauto%3Dwebp%26amp%3Bformat%3Dpjpg","girl"
111,"McKinney vs Allen",Girls Volleyball,"Mississippi",9/15/2026,6:30pm,"The McKinney varsity volleyball team has an away non-conference match @  Allen (TX) on Tuesday, September 15 @ 6:30p.","/tx/volleyball/match/allen-vs-mckinney/9-15-2026/?c=2fb652d4-0a05-4722-a2e2-31c9dcc73129","https://www.maxpreps.com/tx/volleyball/match/allen-vs-mckinney/9-15-2026/?c=2fb652d4-0a05-4722-a2e2-31c9dcc73129","/volleyball/ms/6ad?9/15/2026","McKinney","Lions","https://www.maxpreps.com/ms/allen/girls-volleyball/","https://www.maxpreps.com/ms/mckinney/girls-volleyball/","https://hsfootball.net/proxy.php?url=https%3A%2F%2Fimage.maxpreps.io%2Fschool-mascot%2F4%2F7%2F9%2F4792a8e7-880d-44d1-808a-55e851ffc51f.gif%3Fversion%3D638010949800000000%26amp%3Bwidth%3D128%26amp%3Bheight%3D128%26amp%3Bauto%3Dwebp%26amp%3Bformat%3Dpjpg","https://hsfootball.net/proxy.php?url=https%3A%2F%2Fimage.maxpreps.io%2Fschool-mascot%2F0%2Fb%2Fa%2F0bad373d-33a2-45b6-b1d4-6c55e876344c.gif%3Fversion%3D639215103242455420%26amp%3Bwidth%3D128%26amp%3Bheight%3D128%26amp%3Bauto%3Dwebp%26amp%3Bformat%3Dpjpg","girl"
112,"Duncanville vs Mansfield",Girls Volleyball,"Mississippi",9/15/2026,6:30pm,"The Duncanville varsity volleyball team has an away conference match @  Mansfield (TX) on Tuesday, September 15 @ 6:30p.","/tx/volleyball/match/duncanville-panthers-and-pantherettes-vs-mansfield/9-15-2026/?c=84bc3720-327a-44da-a970-1c0efa40726b","https://www.maxpreps.com/tx/volleyball/match/duncanville-panthers-and-pantherettes-vs-mansfield/9-15-2026/?c=84bc3720-327a-44da-a970-1c0efa40726b","/volleyball/ms/13c1?9/15/2026","Duncanville","Panthers","https://www.maxpreps.com/ms/duncanville-panthers-and-pantherettes/girls-volleyball/","https://www.maxpreps.com/ms/mansfield/girls-volleyball/","https://hsfootball.net/proxy.php?url=https%3A%2F%2Fimage.maxpreps.io%2Fschool-mascot%2F5%2F5%2F6%2F556cde7f-6469-4bd0-934c-fe78b5949f68.gif%3Fversion%3D637776592800000000%26amp%3Bwidth%3D128%26amp%3Bheight%3D128%26amp%3Bauto%3Dwebp%26amp%3Bformat%3Dpjpg","https://hsfootball.net/proxy.php?url=https%3A%2F%2Fimage.maxpreps.io%2Fschool-mascot%2F2%2Fe%2F2%2F2e2af98d-bdf6-46f6-b7eb-446a1301550b.gif%3Fversion%3D635410149600000000%26amp%3Bwidth%3D128%26amp%3Bheight%3D128%26amp%3Bauto%3Dwebp%26amp%3Bformat%3Dpjpg","girl"
113,"Wakeland vs Hebron",Girls Volleyball,"Mississippi",9/15/2026,6:30pm,"The Wakeland varsity volleyball team has an away non-conference match @  Hebron (Carrollton, TX) on Tuesday, September 15 @ 6:30p.","/tx/volleyball/match/hebron-carrollton-vs-wakeland-frisco/9-15-2026/?c=3c420fe7-6b52-4e2b-9ebc-cedccdbf6819","https://www.maxpreps.com/tx/volleyball/match/hebron-carrollton-vs-wakeland-frisco/9-15-2026/?c=3c420fe7-6b52-4e2b-9ebc-cedccdbf6819","/volleyball/ms/e28?9/15/2026","Wakeland","Wolverines","https://www.maxpreps.com/ms/hebron-carrollton/girls-volleyball/","https://www.maxpreps.com/ms/wakeland-frisco/girls-volleyball/","https://hsfootball.net/proxy.php?url=https%3A%2F%2Fimage.maxpreps.io%2Fschool-mascot%2F5%2Fe%2F9%2F5e9a169e-29ae-4e9b-bdc4-8f1b8d48159f.gif%3Fversion%3D633627216600000000%26amp%3Bwidth%3D128%26amp%3Bheight%3D128%26amp%3Bauto%3Dwebp%26amp%3Bformat%3Dpjpg","https://hsfootball.net/proxy.php?url=https%3A%2F%2Fimage.maxpreps.io%2Fschool-mascot%2Fa%2F9%2Fe%2Fa9ea4d9b-9c0b-4bc5-a09d-e3be5d6db188.gif%3Fversion%3D635466447000000000%26amp%3Bwidth%3D128%26amp%3Bheight%3D128%26amp%3Bauto%3Dwebp%26amp%3Bformat%3Dpjpg","girl"
114,"Mater Dei vs Torrey Pines",Girls Volleyball,"Mississippi",9/15/2026,5:30pm,"The Mater Dei varsity volleyball team has an away non-conference match @  Torrey Pines (San Diego, CA) on Tuesday, September 15 @ 5:30p.","/ca/volleyball/match/mater-dei-santa-ana-vs-torrey-pines-san-diego/9-15-2026/?c=53bdde9d-5b4e-46da-8d5f-c6f2ef4ac926","https://www.maxpreps.com/ca/volleyball/match/mater-dei-santa-ana-vs-torrey-pines-san-diego/9-15-2026/?c=53bdde9d-5b4e-46da-8d5f-c6f2ef4ac926","/volleyball/ms/10f1?9/15/2026","Mater Dei","Monarchs","https://www.maxpreps.com/ms/mater-dei-santa-ana/girls-volleyball/","https://www.maxpreps.com/ms/torrey-pines-san-diego/girls-volleyball/","https://hsfootball.net/proxy.php?url=https%3A%2F%2Fimage.maxpreps.io%2Fschool-mascot%2F2%2Fb%2F6%2F2b6b45d3-4465-4750-ba48-a273b674e37c.gif%3Fversion%3D637964957400000000%26amp%3Bwidth%3D128%26amp%3Bheight%3D128%26amp%3Bauto%3Dwebp%26amp%3Bformat%3Dpjpg","https://hsfootball.net/proxy.php?url=https%3A%2F%2Fimage.maxpreps.io%2Fschool-mascot%2Fa%2Fd%2F4%2Fad43e80f-2296-4b96-a0a9-44e6a8ea76f2.gif%3Fversion%3D633642330000000000%26amp%3Bwidth%3D128%26amp%3Bheight%3D128%26amp%3Bauto%3Dwebp%26amp%3Bformat%3Dpjpg","girl"
115,"Sierra Canyon vs Orange Lutheran",Girls Volleyball,"Mississippi",9/15/2026,5:45pm,"The Sierra Canyon varsity volleyball team has an away non-conference match @  Orange Lutheran (Orange, CA) on Tuesday, September 15 @ 5:45p.","/ca/volleyball/match/orange-lutheran-vs-sierra-canyon-chatsworth/9-15-2026/?c=f7ad76dd-7ae6-4fb4-b28f-a56a78911102","https://www.maxpreps.com/ca/volleyball/match/orange-lutheran-vs-sierra-canyon-chatsworth/9-15-2026/?c=f7ad76dd-7ae6-4fb4-b28f-a56a78911102","/volleyball/ms/10fe?9/15/2026","Sierra Canyon","Trailblazers","https://www.maxpreps.com/ms/orange-lutheran/girls-volleyball/","https://www.maxpreps.com/ms/sierra-canyon-chatsworth/girls-volleyball/","https://hsfootball.net/proxy.php?url=https%3A%2F%2Fimage.maxpreps.io%2Fschool-mascot%2F3%2Fe%2F6%2F3e6d32d9-9a21-4391-aba1-d59804bf82e6.gif%3Fversion%3D637776576000000000%26amp%3Bwidth%3D128%26amp%3Bheight%3D128%26amp%3Bauto%3Dwebp%26amp%3Bformat%3Dpjpg","https://hsfootball.net/proxy.php?url=https%3A%2F%2Fimage.maxpreps.io%2Fschool-mascot%2F0%2F9%2F8%2F098e1491-1717-4088-b7a0-55e47c8e1d17.gif%3Fversion%3D639247078807662650%26amp%3Bwidth%3D128%26amp%3Bheight%3D128%26amp%3Bauto%3Dwebp%26amp%3Bformat%3Dpjpg","girl"
116,"Casteel vs Xavier College Prep",Girls Volleyball,"Mississippi",9/15/2026,6:00pm,"The Casteel varsity volleyball team has an away non-conference match @  Xavier College Prep (Phoenix, AZ) on Tuesday, September 15 @ 6p.","/az/volleyball/match/casteel-queen-creek-vs-xavier-college-prep-phoenix/9-15-2026/?c=424fe1bf-14df-493b-b07c-7818a4299836","https://www.maxpreps.com/az/volleyball/match/casteel-queen-creek-vs-xavier-college-prep-phoenix/9-15-2026/?c=424fe1bf-14df-493b-b07c-7818a4299836","/volleyball/ms/1349?9/15/2026","Casteel","Colts","https://www.maxpreps.com/ms/casteel-queen-creek/girls-volleyball/","https://www.maxpreps.com/ms/xavier-college-prep-phoenix/girls-volleyball/","https://hsfootball.net/proxy.php?url=https%3A%2F%2Fimage.maxpreps.io%2Fschool-mascot%2F1%2Fc%2F1%2F1c175a62-0fc6-44ff-bcb9-a9934eed3ba7.gif%3Fversion%3D639009678088582540%26amp%3Bwidth%3D128%26amp%3Bheight%3D128%26amp%3Bauto%3Dwebp%26amp%3Bformat%3Dpjpg","https://hsfootball.net/proxy.php?url=https%3A%2F%2Fimage.maxpreps.io%2Fschool-mascot%2Fb%2F7%2Fb%2Fb7b42c63-fdf7-4b2f-a35d-58102374f555.gif%3Fversion%3D638860170641531920%26amp%3Bwidth%3D128%26amp%3Bheight%3D128%26amp%3Bauto%3Dwebp%26amp%3Bformat%3Dpjpg","girl"
117,"Mid-Pacific Institute vs &#x27;Iolani",Girls Volleyball,"Mississippi",9/15/2026,6:00pm,"The Mid-Pacific Institute varsity volleyball team has an away conference match @  &#x27;Iolani (Honolulu, HI) on Tuesday, September 15 @ 6p.","/hi/volleyball/match/iolani-honolulu-vs-mid-pacific-institute-honolulu/9-15-2026/?c=6a9a89cc-a626-4a67-8e34-e622ae0c9310","https://www.maxpreps.com/hi/volleyball/match/iolani-honolulu-vs-mid-pacific-institute-honolulu/9-15-2026/?c=6a9a89cc-a626-4a67-8e34-e622ae0c9310","/volleyball/ms/1351?9/15/2026","Mid-Pacific Institute","Owls","https://www.maxpreps.com/ms/iolani-honolulu/girls-volleyball/","https://www.maxpreps.com/ms/mid-pacific-institute-honolulu/girls-volleyball/","https://hsfootball.net/proxy.php?url=https%3A%2F%2Fimage.maxpreps.io%2Fschool-mascot%2F7%2F5%2F5%2F7557d918-b4c7-47b3-bd74-6c23bdf2dccb.gif%3Fversion%3D637056899400000000%26amp%3Bwidth%3D128%26amp%3Bheight%3D128%26amp%3Bauto%3Dwebp%26amp%3Bformat%3Dpjpg","https://hsfootball.net/proxy.php?url=https%3A%2F%2Fimage.maxpreps.io%2Fschool-mascot%2F0%2F4%2Fe%2F04e273ab-e099-4380-9f14-bc03513cd072.gif%3Fversion%3D635736873000000000%26amp%3Bwidth%3D128%26amp%3Bheight%3D128%26amp%3Bauto%3Dwebp%26amp%3Bformat%3Dpjpg","girl"