1,"Vanguard vs Santa Fe",Girls Volleyball,"Florida",9/28/2026,7:00pm,"The Vanguard varsity volleyball team has an away non-conference match @  Santa Fe (Alachua, FL) on Monday, September 28 @ 7p.","/fl/volleyball/match/santa-fe-alachua-vs-vanguard-ocala/9-28-2026/?c=fc71bc41-6c3b-4fb5-ac11-041e814962c8","https://www.maxpreps.com/fl/volleyball/match/santa-fe-alachua-vs-vanguard-ocala/9-28-2026/?c=fc71bc41-6c3b-4fb5-ac11-041e814962c8","/volleyball/fl/cd3?9/28/2026","Vanguard","Knights","https://www.maxpreps.com/fl/santa-fe-alachua/volleyball/","https://www.maxpreps.com/fl/vanguard-ocala/volleyball/","https://hsfootball.net/proxy.php?url=https%3A%2F%2Fimage.maxpreps.io%2Fschool-mascot%2Fb%2Fd%2F2%2Fbd28a79a-d98d-4351-8313-860ec4899445.gif%3Fversion%3D638007381600000000%26amp%3Bwidth%3D128%26amp%3Bheight%3D128%26amp%3Bauto%3Dwebp%26amp%3Bformat%3Dpjpg","https://hsfootball.net/proxy.php?url=https%3A%2F%2Fimage.maxpreps.io%2Fschool-mascot%2Fc%2Ff%2F9%2Fcf9163b3-553d-4b04-b00c-4b8dee89894e.gif%3Fversion%3D638180164200000000%26amp%3Bwidth%3D128%26amp%3Bheight%3D128%26amp%3Bauto%3Dwebp%26amp%3Bformat%3Dpjpg","girl"
2,"Jupiter vs Benjamin",Girls Volleyball,"Florida",9/28/2026,6:30pm,"The Jupiter varsity volleyball team has an away non-conference match @  Benjamin (Palm Beach Gardens, FL) on Monday, September 28 @ 6:30p.","/fl/volleyball/match/benjamin-palm-beach-gardens-vs-jupiter/9-28-2026/?c=9c03e930-3a51-4e52-a4d9-afe5aea1ecff","https://www.maxpreps.com/fl/volleyball/match/benjamin-palm-beach-gardens-vs-jupiter/9-28-2026/?c=9c03e930-3a51-4e52-a4d9-afe5aea1ecff","/volleyball/fl/e92?9/28/2026","Jupiter","Warriors","https://www.maxpreps.com/fl/benjamin-palm-beach-gardens/volleyball/","https://www.maxpreps.com/fl/jupiter/volleyball/","https://hsfootball.net/proxy.php?url=https%3A%2F%2Fimage.maxpreps.io%2Fschool-mascot%2Fc%2F8%2F1%2Fc810185d-9468-417a-a993-e435af4ceac5.gif%3Fversion%3D637589388600000000%26amp%3Bwidth%3D128%26amp%3Bheight%3D128%26amp%3Bauto%3Dwebp%26amp%3Bformat%3Dpjpg","https://hsfootball.net/proxy.php?url=https%3A%2F%2Fimage.maxpreps.io%2Fschool-mascot%2Fc%2Fd%2F8%2Fcd85d44b-8d6c-4ed2-873e-e3b3cbc1f0f7.gif%3Fversion%3D634652253600000000%26amp%3Bwidth%3D128%26amp%3Bheight%3D128%26amp%3Bauto%3Dwebp%26amp%3Bformat%3Dpjpg","girl"
3,"Titusville vs Merritt Island",Girls Volleyball,"Florida",9/28/2026,7:00pm,"The Titusville varsity volleyball team has an away non-conference match @  Merritt Island (FL) on Monday, September 28 @ 7p.","/fl/volleyball/match/merritt-island-vs-titusville/9-28-2026/?c=5a867e51-f5a3-4aa9-8589-b1d01a02fe99","https://www.maxpreps.com/fl/volleyball/match/merritt-island-vs-titusville/9-28-2026/?c=5a867e51-f5a3-4aa9-8589-b1d01a02fe99","/volleyball/fl/b47?9/28/2026","Titusville","Terriers","https://www.maxpreps.com/fl/merritt-island/volleyball/","https://www.maxpreps.com/fl/titusville/volleyball/","https://hsfootball.net/proxy.php?url=https%3A%2F%2Fimage.maxpreps.io%2Fschool-mascot%2Fc%2Fc%2F0%2Fcc03f2da-1297-4612-9cfd-e1823fa15eda.gif%3Fversion%3D635893251600000000%26amp%3Bwidth%3D128%26amp%3Bheight%3D128%26amp%3Bauto%3Dwebp%26amp%3Bformat%3Dpjpg","https://hsfootball.net/proxy.php?url=https%3A%2F%2Fimage.maxpreps.io%2Fschool-mascot%2F6%2Fb%2F4%2F6b4926b5-508d-461c-95a7-9a55e6d18f89.gif%3Fversion%3D637488940200000000%26amp%3Bwidth%3D128%26amp%3Bheight%3D128%26amp%3Bauto%3Dwebp%26amp%3Bformat%3Dpjpg","girl"
4,"Hollywood Hills vs North Miami",Girls Volleyball,"Florida",9/28/2026,3:30pm,"The Hollywood Hills varsity volleyball team has an away non-conference match @  North Miami (FL) on Monday, September 28 @ 3:30p.","/fl/volleyball/match/hollywood-hills-vs-north-miami/9-28-2026/?c=e7f9b022-9d20-46ec-9fa0-0f1ef69afeab","https://www.maxpreps.com/fl/volleyball/match/hollywood-hills-vs-north-miami/9-28-2026/?c=e7f9b022-9d20-46ec-9fa0-0f1ef69afeab","/volleyball/fl/bd2?9/28/2026","Hollywood Hills","Spartans","https://www.maxpreps.com/fl/hollywood-hills/volleyball/","https://www.maxpreps.com/fl/north-miami/volleyball/","https://hsfootball.net/proxy.php?url=https%3A%2F%2Fimage.maxpreps.io%2Fschool-mascot%2F8%2Fd%2F5%2F8d5600c7-3bd8-4476-a83e-b0fc06d5a211.gif%3Fversion%3D637273773000000000%26amp%3Bwidth%3D128%26amp%3Bheight%3D128%26amp%3Bauto%3Dwebp%26amp%3Bformat%3Dpjpg","https://hsfootball.net/proxy.php?url=https%3A%2F%2Fimage.maxpreps.io%2Fschool-mascot%2Ff%2F4%2F6%2Ff46dc48c-feec-4d08-aa41-16cbe4f1794c.gif%3Fversion%3D638025783000000000%26amp%3Bwidth%3D128%26amp%3Bheight%3D128%26amp%3Bauto%3Dwebp%26amp%3Bformat%3Dpjpg","girl"
5,"Shelton Academy vs Hialeah Educational Academy",Girls Volleyball,"Florida",9/28/2026,3:30pm,"The Shelton Academy varsity volleyball team has an away non-conference match @  Hialeah Educational Academy (Hialeah, FL) on Monday, September 28 @ 3:30p.","/fl/volleyball/match/hialeah-educational-academy-vs-shelton-academy-doral/9-28-2026/?c=858a89de-1ecb-4ab7-a393-11327cf62e2c","https://www.maxpreps.com/fl/volleyball/match/hialeah-educational-academy-vs-shelton-academy-doral/9-28-2026/?c=858a89de-1ecb-4ab7-a393-11327cf62e2c","/volleyball/fl/1403?9/28/2026","Shelton Academy","Barry","https://www.maxpreps.com/fl/hialeah-educational-academy/volleyball/","https://www.maxpreps.com/fl/shelton-academy-doral/volleyball/","https://hsfootball.net/proxy.php?url=https%3A%2F%2Fimage.maxpreps.io%2Fschool-mascot%2Fd%2F7%2F9%2Fd79afb45-6526-4f66-be35-90d1473545a8.gif%3Fversion%3D637989005400000000%26amp%3Bwidth%3D128%26amp%3Bheight%3D128%26amp%3Bauto%3Dwebp%26amp%3Bformat%3Dpjpg","https://hsfootball.net/proxy.php?url=https%3A%2F%2Fimage.maxpreps.io%2Fschool-mascot%2Fd%2F7%2F9%2Fd79afb45-6526-4f66-be35-90d1473545a8.gif%3Fversion%3D637989005400000000%26amp%3Bwidth%3D32%26amp%3Bheight%3D32%26amp%3Bauto%3Dwebp%26amp%3Bformat%3Dpjpg","girl"
6,"BioTECH Senior vs Hialeah",Girls Volleyball,"Florida",9/28/2026,4:00pm,"The BioTECH Senior varsity volleyball team has an away non-conference match @  Hialeah (FL) on Monday, September 28 @ 4p.","/fl/volleyball/match/biotech-senior-miami-vs-hialeah-thoroughbreads/9-28-2026/?c=88c73a89-cdca-4115-b0f7-daa035fdf0b2","https://www.maxpreps.com/fl/volleyball/match/biotech-senior-miami-vs-hialeah-thoroughbreads/9-28-2026/?c=88c73a89-cdca-4115-b0f7-daa035fdf0b2","/volleyball/fl/11f2?9/28/2026","BioTECH Senior","Bears","https://www.maxpreps.com/fl/biotech-senior-miami/volleyball/","https://www.maxpreps.com/fl/hialeah-thoroughbreads/volleyball/","https://hsfootball.net/proxy.php?url=https%3A%2F%2Fimage.maxpreps.io%2Fschool-mascot%2F3%2F3%2F6%2F336538c3-1e33-46b2-8271-ce3868f657fa.gif%3Fversion%3D638672556346530360%26amp%3Bwidth%3D128%26amp%3Bheight%3D128%26amp%3Bauto%3Dwebp%26amp%3Bformat%3Dpjpg","https://hsfootball.net/proxy.php?url=https%3A%2F%2Fimage.maxpreps.io%2Fschool-mascot%2F3%2F3%2F6%2F336538c3-1e33-46b2-8271-ce3868f657fa.gif%3Fversion%3D638672556346530360%26amp%3Bwidth%3D32%26amp%3Bheight%3D32%26amp%3Bauto%3Dwebp%26amp%3Bformat%3Dpjpg","girl"
7,"Everglades Prep Academy vs LaProgresiva Presbyterian",Girls Volleyball,"Florida",9/28/2026,4:00pm,"The Everglades Prep Academy varsity volleyball team has an away non-conference match @  LaProgresiva Presbyterian (Miami, FL) on Monday, September 28 @ 4p.","/fl/volleyball/match/everglades-prep-academy-homestead-vs-laprogresiva-presbyterian-miami/9-28-2026/?c=48f1f358-f624-41b0-a44f-0af252aa47de","https://www.maxpreps.com/fl/volleyball/match/everglades-prep-academy-homestead-vs-laprogresiva-presbyterian-miami/9-28-2026/?c=48f1f358-f624-41b0-a44f-0af252aa47de","/volleyball/fl/1abf?9/28/2026","Everglades Prep Academy","Panther","https://www.maxpreps.com/fl/everglades-prep-academy-homestead/volleyball/","https://www.maxpreps.com/fl/laprogresiva-presbyterian-miami/volleyball/","https://hsfootball.net/proxy.php?url=https%3A%2F%2Fimage.maxpreps.io%2Fschool-mascot%2Ff%2F6%2F6%2Ff66b4af9-0ddb-42a3-9226-9c2211865c6e.gif%3Fversion%3D639209907241875810%26amp%3Bwidth%3D128%26amp%3Bheight%3D128%26amp%3Bauto%3Dwebp%26amp%3Bformat%3Dpjpg","https://hsfootball.net/proxy.php?url=https%3A%2F%2Fimage.maxpreps.io%2Fschool-mascot%2F1%2F2%2Fa%2F12afbea4-e5cc-4bcb-bae1-03751537741e.gif%3Fversion%3D636812438400000000%26amp%3Bwidth%3D128%26amp%3Bheight%3D128%26amp%3Bauto%3Dwebp%26amp%3Bformat%3Dpjpg","girl"
8,"Somerset Prep Homestead vs Redland Christian Academy",Girls Volleyball,"Florida",9/28/2026,4:00pm,"The Somerset Prep Homestead varsity volleyball team has an away non-conference match @  Redland Christian Academy (Homestead, FL) on Monday, September 28 @ 4p.","/fl/volleyball/match/redland-christian-academy-homestead-vs-somerset-prep-homestead/9-28-2026/?c=ec8a3a6b-c3bc-4667-9921-c8adc196c94e","https://www.maxpreps.com/fl/volleyball/match/redland-christian-academy-homestead-vs-somerset-prep-homestead/9-28-2026/?c=ec8a3a6b-c3bc-4667-9921-c8adc196c94e","/volleyball/fl/1834?9/28/2026","Somerset Prep Homestead","Pythons","https://www.maxpreps.com/fl/redland-christian-academy-homestead/volleyball/","https://www.maxpreps.com/fl/somerset-prep-homestead/volleyball/","https://hsfootball.net/proxy.php?url=https%3A%2F%2Fimage.maxpreps.io%2Fschool-mascot%2F0%2F1%2F2%2F0120cf28-ecb5-4cc2-b77b-3e7052d6d812.gif%3Fversion%3D639235866365865230%26amp%3Bwidth%3D128%26amp%3Bheight%3D128%26amp%3Bauto%3Dwebp%26amp%3Bformat%3Dpjpg","https://hsfootball.net/proxy.php?url=https%3A%2F%2Fimage.maxpreps.io%2Fschool-mascot%2F0%2F1%2F2%2F0120cf28-ecb5-4cc2-b77b-3e7052d6d812.gif%3Fversion%3D639235866365865230%26amp%3Bwidth%3D32%26amp%3Bheight%3D32%26amp%3Bauto%3Dwebp%26amp%3Bformat%3Dpjpg","girl"
9,"Goleman vs Norland",Girls Volleyball,"Florida",9/28/2026,4:00pm,"The Goleman varsity volleyball team has an away non-conference match @  Norland (Miami, FL) on Monday, September 28 @ 4p.","/fl/volleyball/match/goleman-miami-vs-norland-miami/9-28-2026/?c=effda1db-ae8f-4247-9219-fbd0e2eddbf0","https://www.maxpreps.com/fl/volleyball/match/goleman-miami-vs-norland-miami/9-28-2026/?c=effda1db-ae8f-4247-9219-fbd0e2eddbf0","/volleyball/fl/b88?9/28/2026","Goleman","Gators","https://www.maxpreps.com/fl/goleman-miami/volleyball/","https://www.maxpreps.com/fl/norland-miami/volleyball/","https://hsfootball.net/proxy.php?url=https%3A%2F%2Fimage.maxpreps.io%2Fschool-mascot%2F4%2Fa%2F6%2F4a62a645-a361-455c-80b9-efe341ccc127.gif%3Fversion%3D634634391600000000%26amp%3Bwidth%3D128%26amp%3Bheight%3D128%26amp%3Bauto%3Dwebp%26amp%3Bformat%3Dpjpg","https://hsfootball.net/proxy.php?url=https%3A%2F%2Fimage.maxpreps.io%2Fschool-mascot%2F3%2F2%2Fe%2F32e82b48-d81d-4fac-98a4-ed0587a5e663.gif%3Fversion%3D636703570200000000%26amp%3Bwidth%3D128%26amp%3Bheight%3D128%26amp%3Bauto%3Dwebp%26amp%3Bformat%3Dpjpg","girl"
10,"New Jerusalem Christian Academy vs West Gate Christian Academy",Girls Volleyball,"Florida",9/28/2026,4:00pm,"The New Jerusalem Christian Academy varsity volleyball team has an away conference match @  West Gate Christian Academy (Tampa, FL) on Monday, September 28 @ 4p.","/fl/volleyball/match/new-jerusalem-christian-academy-seffner-vs-west-gate-christian-academy-tampa/9-28-2026/?c=6e35d865-8afc-4406-b270-8edc64d483d5","https://www.maxpreps.com/fl/volleyball/match/new-jerusalem-christian-academy-seffner-vs-west-gate-christian-academy-tampa/9-28-2026/?c=6e35d865-8afc-4406-b270-8edc64d483d5","/volleyball/fl/1d4f?9/28/2026","New Jerusalem Christian Academy","Eagles","https://www.maxpreps.com/fl/new-jerusalem-christian-academy-seffner/volleyball/","https://www.maxpreps.com/fl/west-gate-christian-academy-tampa/volleyball/","https://hsfootball.net/proxy.php?url=https%3A%2F%2Fimage.maxpreps.io%2Fschool-mascot%2F5%2Fc%2F7%2F5c79be66-5cfb-4ad0-ad67-b6ff523f37f7.gif%3Fversion%3D638328808200000000%26amp%3Bwidth%3D128%26amp%3Bheight%3D128%26amp%3Bauto%3Dwebp%26amp%3Bformat%3Dpjpg","https://hsfootball.net/proxy.php?url=https%3A%2F%2Fimage.maxpreps.io%2Fschool-mascot%2F3%2F4%2F5%2F345a88d1-d957-4328-8569-e6da92450a23.gif%3Fversion%3D639051939984137500%26amp%3Bwidth%3D128%26amp%3Bheight%3D128%26amp%3Bauto%3Dwebp%26amp%3Bformat%3Dpjpg","girl"
11,"Miami Springs vs JC Bermudez Doral",Girls Volleyball,"Florida",9/28/2026,4:00pm,"The Miami Springs varsity volleyball team has an away non-conference match @  JC Bermudez Doral (Doral, FL) on Monday, September 28 @ 4p.","/fl/volleyball/match/jc-bermudez-doral-vs-miami-springs/9-28-2026/?c=9183a44f-7304-4742-a660-372977e62ed9","https://www.maxpreps.com/fl/volleyball/match/jc-bermudez-doral-vs-miami-springs/9-28-2026/?c=9183a44f-7304-4742-a660-372977e62ed9","/volleyball/fl/d1a?9/28/2026","Miami Springs","Golden Hawks","https://www.maxpreps.com/fl/jc-bermudez-doral/volleyball/","https://www.maxpreps.com/fl/miami-springs/volleyball/","https://hsfootball.net/proxy.php?url=https%3A%2F%2Fimage.maxpreps.io%2Fschool-mascot%2F4%2F9%2Fd%2F49d8d140-daef-4ef6-9807-098eafe7985c.gif%3Fversion%3D636594646200000000%26amp%3Bwidth%3D128%26amp%3Bheight%3D128%26amp%3Bauto%3Dwebp%26amp%3Bformat%3Dpjpg","https://hsfootball.net/proxy.php?url=https%3A%2F%2Fimage.maxpreps.io%2Fschool-mascot%2F4%2F9%2F7%2F49788bc2-8861-4616-862a-1bb2f75118f6.gif%3Fversion%3D638446481400000000%26amp%3Bwidth%3D128%26amp%3Bheight%3D128%26amp%3Bauto%3Dwebp%26amp%3Bformat%3Dpjpg","girl"
12,"Flanagan vs Coral Glades",Girls Volleyball,"Florida",9/28/2026,4:30pm,"The Flanagan varsity volleyball team has an away non-conference match @  Coral Glades (Coral Springs, FL) on Monday, September 28 @ 4:30p.","/fl/volleyball/match/coral-glades-coral-springs-vs-flanagan-pembroke-pines/9-28-2026/?c=a767f324-98d1-4982-acbb-ca1f5335ecbc","https://www.maxpreps.com/fl/volleyball/match/coral-glades-coral-springs-vs-flanagan-pembroke-pines/9-28-2026/?c=a767f324-98d1-4982-acbb-ca1f5335ecbc","/volleyball/fl/1468?9/28/2026","Flanagan","Falcons","https://www.maxpreps.com/fl/coral-glades-coral-springs/volleyball/","https://www.maxpreps.com/fl/flanagan-pembroke-pines/volleyball/","https://hsfootball.net/proxy.php?url=https%3A%2F%2Fimage.maxpreps.io%2Fschool-mascot%2F1%2Fb%2F5%2F1b59def4-c3c6-435d-aa71-2f32f6725518.gif%3Fversion%3D635452591800000000%26amp%3Bwidth%3D128%26amp%3Bheight%3D128%26amp%3Bauto%3Dwebp%26amp%3Bformat%3Dpjpg","https://hsfootball.net/proxy.php?url=https%3A%2F%2Fimage.maxpreps.io%2Fschool-mascot%2Fb%2F8%2Fe%2Fb8e903b5-d9a5-4d8e-8557-bb4e0b8662e3.gif%3Fversion%3D637396339800000000%26amp%3Bwidth%3D128%26amp%3Bheight%3D128%26amp%3Bauto%3Dwebp%26amp%3Bformat%3Dpjpg","girl"
13,"Blanche Ely vs Northeast",Girls Volleyball,"Florida",9/28/2026,4:30pm,"The Blanche Ely varsity volleyball team has an away conference match @  Northeast (Oakland Park, FL) on Monday, September 28 @ 4:30p.","/fl/volleyball/match/blanche-ely-pompano-beach-vs-northeast-oakland-park/9-28-2026/?c=90bbdaa1-68b1-4c81-8e5d-2f9aeff13931","https://www.maxpreps.com/fl/volleyball/match/blanche-ely-pompano-beach-vs-northeast-oakland-park/9-28-2026/?c=90bbdaa1-68b1-4c81-8e5d-2f9aeff13931","/volleyball/fl/1388?9/28/2026","Blanche Ely","Mighty Tigers","https://www.maxpreps.com/fl/blanche-ely-pompano-beach/volleyball/","https://www.maxpreps.com/fl/northeast-oakland-park/volleyball/","https://hsfootball.net/proxy.php?url=https%3A%2F%2Fimage.maxpreps.io%2Fschool-mascot%2Fb%2F9%2F2%2Fb92f67cc-8773-4bf9-bcad-e28153b24d87.gif%3Fversion%3D639183171917581020%26amp%3Bwidth%3D128%26amp%3Bheight%3D128%26amp%3Bauto%3Dwebp%26amp%3Bformat%3Dpjpg","https://hsfootball.net/proxy.php?url=https%3A%2F%2Fimage.maxpreps.io%2Fschool-mascot%2F5%2F8%2F7%2F5873c0b8-ba7c-4b78-ac0d-72646f5fce80.gif%3Fversion%3D638747875120764400%26amp%3Bwidth%3D128%26amp%3Bheight%3D128%26amp%3Bauto%3Dwebp%26amp%3Bformat%3Dpjpg","girl"
14,"Miramar vs Piper",Girls Volleyball,"Florida",9/28/2026,4:30pm,"The Miramar varsity volleyball team has an away non-conference match @  Piper (Sunrise, FL) on Monday, September 28 @ 4:30p.","/fl/volleyball/match/miramar-vs-piper-sunrise/9-28-2026/?c=1c5b2c62-5512-4d22-ae1f-8acd7202c5e3","https://www.maxpreps.com/fl/volleyball/match/miramar-vs-piper-sunrise/9-28-2026/?c=1c5b2c62-5512-4d22-ae1f-8acd7202c5e3","/volleyball/fl/982?9/28/2026","Miramar","Patriots","https://www.maxpreps.com/fl/miramar/volleyball/","https://www.maxpreps.com/fl/piper-sunrise/volleyball/","https://hsfootball.net/proxy.php?url=https%3A%2F%2Fimage.maxpreps.io%2Fschool-mascot%2F4%2F5%2F4%2F454ca78f-6b9e-4871-a208-10b9d98ff6b9.gif%3Fversion%3D638025789000000000%26amp%3Bwidth%3D128%26amp%3Bheight%3D128%26amp%3Bauto%3Dwebp%26amp%3Bformat%3Dpjpg","https://hsfootball.net/proxy.php?url=https%3A%2F%2Fimage.maxpreps.io%2Fschool-mascot%2F6%2Fa%2F0%2F6a052576-eae8-49fb-a284-fdf6d708324c.gif%3Fversion%3D637170181200000000%26amp%3Bwidth%3D128%26amp%3Bheight%3D128%26amp%3Bauto%3Dwebp%26amp%3Bformat%3Dpjpg","girl"
15,"BridgePrep Academy vs Cristo Rey",Girls Volleyball,"Florida",9/28/2026,4:45pm,"The BridgePrep Academy varsity volleyball team has an away non-conference match @  Cristo Rey (North Miami, FL) on Monday, September 28 @ 4:45p.","/fl/volleyball/match/bridgeprep-academy-doral-vs-cristo-rey-north-miami/9-28-2026/?c=1f794069-1f3a-4ef7-a809-67c353d47515","https://www.maxpreps.com/fl/volleyball/match/bridgeprep-academy-doral-vs-cristo-rey-north-miami/9-28-2026/?c=1f794069-1f3a-4ef7-a809-67c353d47515","/volleyball/fl/134a?9/28/2026","BridgePrep Academy","Cristo Rey","https://www.maxpreps.com/fl/bridgeprep-academy-doral/volleyball/","https://www.maxpreps.com/fl/cristo-rey-north-miami/volleyball/","https://hsfootball.net/proxy.php?url=https%3A%2F%2Fasset.maxpreps.io%2Fincludes%2Fimages%2Flogos%2Fmaxpreps-logo-white-2025.png","https://hsfootball.net/proxy.php?url=https%3A%2F%2Fasset.maxpreps.io%2Fincludes%2Freact%2Fplay-on-logo.png","girl"
16,"Grandview Prep vs Donna Klein Jewish Academy",Girls Volleyball,"Florida",9/28/2026,5:00pm,"The Grandview Prep varsity volleyball team has an away conference match @  Donna Klein Jewish Academy (Boca Raton, FL) on Monday, September 28 @ 5p.","/fl/volleyball/match/donna-klein-jewish-academy-boca-raton-vs-grandview-prep-boca-raton/9-28-2026/?c=5703e44e-3a78-4240-b8b4-f97d60608471","https://www.maxpreps.com/fl/volleyball/match/donna-klein-jewish-academy-boca-raton-vs-grandview-prep-boca-raton/9-28-2026/?c=5703e44e-3a78-4240-b8b4-f97d60608471","/volleyball/fl/191c?9/28/2026","Grandview Prep","Pride","https://www.maxpreps.com/fl/donna-klein-jewish-academy-boca-raton/volleyball/","https://www.maxpreps.com/fl/grandview-prep-boca-raton/volleyball/","https://hsfootball.net/proxy.php?url=https%3A%2F%2Fimage.maxpreps.io%2Fschool-mascot%2Fa%2Ff%2Ff%2Faff1691a-8b47-49dd-9729-d986084aefb0.gif%3Fversion%3D635804025000000000%26amp%3Bwidth%3D128%26amp%3Bheight%3D128%26amp%3Bauto%3Dwebp%26amp%3Bformat%3Dpjpg","https://hsfootball.net/proxy.php?url=https%3A%2F%2Fimage.maxpreps.io%2Fschool-mascot%2Fa%2F6%2F4%2Fa64d4013-86aa-4269-8f82-7200ed5ac78b.gif%3Fversion%3D639063991723179870%26amp%3Bwidth%3D128%26amp%3Bheight%3D128%26amp%3Bauto%3Dwebp%26amp%3Bformat%3Dpjpg","girl"
17,"Foundation Christian Academy vs Winthrop College Prep Academy",Girls Volleyball,"Florida",9/28/2026,5:00pm,"The Foundation Christian Academy varsity volleyball team has an away non-conference match @  Winthrop College Prep Academy (Riverview, FL) on Monday, September 28 @ 5p.","/fl/volleyball/match/foundation-christian-academy-valrico-vs-winthrop-college-prep-academy-riverview/9-28-2026/?c=12a4c73b-d0f9-4387-806a-61a63536a415","https://www.maxpreps.com/fl/volleyball/match/foundation-christian-academy-valrico-vs-winthrop-college-prep-academy-riverview/9-28-2026/?c=12a4c73b-d0f9-4387-806a-61a63536a415","/volleyball/fl/1f02?9/28/2026","Foundation Christian Academy","Panthers","https://www.maxpreps.com/fl/foundation-christian-academy-valrico/volleyball/","https://www.maxpreps.com/fl/winthrop-college-prep-academy-riverview/volleyball/","https://hsfootball.net/proxy.php?url=https%3A%2F%2Fimage.maxpreps.io%2Fschool-mascot%2F7%2Fa%2F9%2F7a93fd58-1547-4e4c-9e10-03adeffdc370.gif%3Fversion%3D637883740800000000%26amp%3Bwidth%3D128%26amp%3Bheight%3D128%26amp%3Bauto%3Dwebp%26amp%3Bformat%3Dpjpg","https://hsfootball.net/proxy.php?url=https%3A%2F%2Fimage.maxpreps.io%2Fschool-mascot%2F9%2Fa%2Fc%2F9ac373be-97ce-49b3-9cc7-7dfb8173bff9.gif%3Fversion%3D637286786400000000%26amp%3Bwidth%3D128%26amp%3Bheight%3D128%26amp%3Bauto%3Dwebp%26amp%3Bformat%3Dpjpg","girl"
18,"Mater Biscayne Academy vs Sports Leadership &amp; Management",Girls Volleyball,"Florida",9/28/2026,5:00pm,"The Mater Biscayne Academy varsity volleyball team has an away non-conference match @  Sports Leadership &amp; Management (Miami, FL) on Monday, September 28 @ 5p.","/fl/volleyball/match/mater-biscayne-academy-miami-vs-sports-leadership-and-management-miami/9-28-2026/?c=6f2c2ecf-24b9-498a-9ca0-c8aeeed521db","https://www.maxpreps.com/fl/volleyball/match/mater-biscayne-academy-miami-vs-sports-leadership-and-management-miami/9-28-2026/?c=6f2c2ecf-24b9-498a-9ca0-c8aeeed521db","/volleyball/fl/1aef?9/28/2026","Mater Biscayne Academy","Wildcats","https://www.maxpreps.com/fl/mater-biscayne-academy-miami/volleyball/","https://www.maxpreps.com/fl/sports-leadership-and-management-miami/volleyball/","https://hsfootball.net/proxy.php?url=https%3A%2F%2Fimage.maxpreps.io%2Fschool-mascot%2F2%2Ff%2F5%2F2f58a19b-52f2-4eb2-acad-d133f520caa6.gif%3Fversion%3D637099990200000000%26amp%3Bwidth%3D128%26amp%3Bheight%3D128%26amp%3Bauto%3Dwebp%26amp%3Bformat%3Dpjpg","https://hsfootball.net/proxy.php?url=https%3A%2F%2Fimage.maxpreps.io%2Fschool-mascot%2F2%2Ff%2F5%2F2f58a19b-52f2-4eb2-acad-d133f520caa6.gif%3Fversion%3D637099990200000000%26amp%3Bwidth%3D32%26amp%3Bheight%3D32%26amp%3Bauto%3Dwebp%26amp%3Bformat%3Dpjpg","girl"
19,"Memorial Day vs Bible Baptist Christian",Girls Volleyball,"Florida",9/28/2026,5:00pm,"The Memorial Day varsity volleyball team has an away non-conference match @  Bible Baptist Christian (Statesboro, GA) on Monday, September 28 @ 5p.","/ga/volleyball/match/bible-baptist-christian-statesboro-vs-memorial-day-savannah/9-28-2026/?c=86e63530-39b2-400a-a276-e0c8fcbda9ad","https://www.maxpreps.com/ga/volleyball/match/bible-baptist-christian-statesboro-vs-memorial-day-savannah/9-28-2026/?c=86e63530-39b2-400a-a276-e0c8fcbda9ad","/volleyball/fl/1708?9/28/2026","Memorial Day","Matadors","https://www.maxpreps.com/fl/bible-baptist-christian-statesboro/volleyball/","https://www.maxpreps.com/fl/memorial-day-savannah/volleyball/","https://hsfootball.net/proxy.php?url=https%3A%2F%2Fimage.maxpreps.io%2Fschool-mascot%2F6%2F4%2F0%2F640ce9c6-3116-471d-b2de-d290cb2d5fb9.gif%3Fversion%3D636930887400000000%26amp%3Bwidth%3D128%26amp%3Bheight%3D128%26amp%3Bauto%3Dwebp%26amp%3Bformat%3Dpjpg","https://hsfootball.net/proxy.php?url=https%3A%2F%2Fimage.maxpreps.io%2Fschool-mascot%2Fb%2F3%2Fd%2Fb3d3c2d1-b5de-4dad-b1b4-2b1f9175d981.gif%3Fversion%3D638354614200000000%26amp%3Bwidth%3D128%26amp%3Bheight%3D128%26amp%3Bauto%3Dwebp%26amp%3Bformat%3Dpjpg","girl"
20,"North Tampa Christian Academy vs Seffner Christian",Girls Volleyball,"Florida",9/28/2026,5:00pm,"The North Tampa Christian Academy varsity volleyball team has an away non-conference match @  Seffner Christian (Seffner, FL) on Monday, September 28 @ 5p.","/fl/volleyball/match/north-tampa-christian-academy-wesley-chapel-vs-seffner-christian/9-28-2026/?c=4515d11f-886c-4be3-8621-86557e537ca0","https://www.maxpreps.com/fl/volleyball/match/north-tampa-christian-academy-wesley-chapel-vs-seffner-christian/9-28-2026/?c=4515d11f-886c-4be3-8621-86557e537ca0","/volleyball/fl/18dc?9/28/2026","North Tampa Christian Academy","Titans","https://www.maxpreps.com/fl/north-tampa-christian-academy-wesley-chapel/volleyball/","https://www.maxpreps.com/fl/seffner-christian/volleyball/","https://hsfootball.net/proxy.php?url=https%3A%2F%2Fimage.maxpreps.io%2Fschool-mascot%2Fa%2F4%2F7%2Fa4707bdd-729a-4357-b65d-1e9764fe6103.gif%3Fversion%3D635075298600000000%26amp%3Bwidth%3D128%26amp%3Bheight%3D128%26amp%3Bauto%3Dwebp%26amp%3Bformat%3Dpjpg","https://hsfootball.net/proxy.php?url=https%3A%2F%2Fimage.maxpreps.io%2Fschool-mascot%2Fa%2F4%2F7%2Fa4707bdd-729a-4357-b65d-1e9764fe6103.gif%3Fversion%3D635075298600000000%26amp%3Bwidth%3D32%26amp%3Bheight%3D32%26amp%3Bauto%3Dwebp%26amp%3Bformat%3Dpjpg","girl"
21,"Appling Christian Academy vs Lighthouse Christian Academy",Girls Volleyball,"Florida",9/28/2026,5:00pm,"The Appling Christian Academy varsity volleyball team has an away conference match @  Lighthouse Christian Academy (hoboken, GA) on Monday, September 28 @ 5p.","/ga/volleyball/match/appling-christian-academy-baxley-vs-lighthouse-christian-academy-hoboken/9-28-2026/?c=e4f7b3d7-fb45-4ef3-b586-607ce50b3678","https://www.maxpreps.com/ga/volleyball/match/appling-christian-academy-baxley-vs-lighthouse-christian-academy-hoboken/9-28-2026/?c=e4f7b3d7-fb45-4ef3-b586-607ce50b3678","/volleyball/fl/1c15?9/28/2026","Appling Christian Academy","Eagles","https://www.maxpreps.com/fl/appling-christian-academy-baxley/volleyball/","https://www.maxpreps.com/fl/lighthouse-christian-academy-hoboken/volleyball/","https://hsfootball.net/proxy.php?url=https%3A%2F%2Fimage.maxpreps.io%2Fschool-mascot%2F4%2Fa%2Fd%2F4ad94dd2-01f5-45b0-8aa1-93cd3a3c8d17.gif%3Fversion%3D638726329305954760%26amp%3Bwidth%3D128%26amp%3Bheight%3D128%26amp%3Bauto%3Dwebp%26amp%3Bformat%3Dpjpg","https://hsfootball.net/proxy.php?url=https%3A%2F%2Fimage.maxpreps.io%2Fschool-mascot%2F4%2Fa%2Fd%2F4ad94dd2-01f5-45b0-8aa1-93cd3a3c8d17.gif%3Fversion%3D638726329305954760%26amp%3Bwidth%3D32%26amp%3Bheight%3D32%26amp%3Bauto%3Dwebp%26amp%3Bformat%3Dpjpg","girl"
22,"First Christian vs Hart 2 Hart Academy",Girls Volleyball,"Florida",9/28/2026,5:00pm,"The First Christian varsity volleyball team has an away conference match @  Hart 2 Hart Academy (Lake City, FL) on Monday, September 28 @ 5p.","/fl/volleyball/match/first-christian-high-springs-vs-hart-2-hart-academy-lake-city/9-28-2026/?c=c968b93e-3cc8-4f8e-bced-66c75c195e21","https://www.maxpreps.com/fl/volleyball/match/first-christian-high-springs-vs-hart-2-hart-academy-lake-city/9-28-2026/?c=c968b93e-3cc8-4f8e-bced-66c75c195e21","/volleyball/fl/16f8?9/28/2026","First Christian","Lions","https://www.maxpreps.com/fl/first-christian-high-springs/volleyball/","https://www.maxpreps.com/fl/hart-2-hart-academy-lake-city/volleyball/","https://hsfootball.net/proxy.php?url=https%3A%2F%2Fimage.maxpreps.io%2Fschool-mascot%2F1%2Ff%2F5%2F1f59c3a7-620c-4dae-9eb1-405ba6f39552.gif%3Fversion%3D637400784000000000%26amp%3Bwidth%3D128%26amp%3Bheight%3D128%26amp%3Bauto%3Dwebp%26amp%3Bformat%3Dpjpg","https://hsfootball.net/proxy.php?url=https%3A%2F%2Fimage.maxpreps.io%2Fschool-mascot%2F6%2F0%2F2%2F6021ae3f-92df-4812-8c52-83637ddd377f.gif%3Fversion%3D637998642600000000%26amp%3Bwidth%3D128%26amp%3Bheight%3D128%26amp%3Bauto%3Dwebp%26amp%3Bformat%3Dpjpg","girl"
23,"Mater Lakes Academy vs iMater Charter",Girls Volleyball,"Florida",9/28/2026,5:00pm,"The Mater Lakes Academy varsity volleyball team has an away non-conference match @  iMater Charter (Hialeah, FL) on Monday, September 28 @ 5p.","/fl/volleyball/match/imater-charter-hialeah-vs-mater-lakes-academy-miami/9-28-2026/?c=455a54db-e608-4395-9176-277642f4b338","https://www.maxpreps.com/fl/volleyball/match/imater-charter-hialeah-vs-mater-lakes-academy-miami/9-28-2026/?c=455a54db-e608-4395-9176-277642f4b338","/volleyball/fl/1365?9/28/2026","Mater Lakes Academy","Bears","https://www.maxpreps.com/fl/imater-charter-hialeah/volleyball/","https://www.maxpreps.com/fl/mater-lakes-academy-miami/volleyball/","https://hsfootball.net/proxy.php?url=https%3A%2F%2Fimage.maxpreps.io%2Fschool-mascot%2Fc%2F6%2F2%2Fc6299700-46f7-41ef-97d8-e49d31a20db2.gif%3Fversion%3D638143989600000000%26amp%3Bwidth%3D128%26amp%3Bheight%3D128%26amp%3Bauto%3Dwebp%26amp%3Bformat%3Dpjpg","https://hsfootball.net/proxy.php?url=https%3A%2F%2Fimage.maxpreps.io%2Fschool-mascot%2Fd%2Fe%2Fe%2Fdee185b5-2e92-43d0-be54-3a1a44432fd9.gif%3Fversion%3D636733912800000000%26amp%3Bwidth%3D128%26amp%3Bheight%3D128%26amp%3Bauto%3Dwebp%26amp%3Bformat%3Dpjpg","girl"
24,"Somerset Academy (Silver Palms) vs Somerset Academy South Homestead",Girls Volleyball,"Florida",9/28/2026,5:00pm,"The Somerset Academy (Silver Palms) varsity volleyball team has an away non-conference match @  Somerset Academy South Homestead (Homestead, FL) on Monday, September 28 @ 5p.","/fl/volleyball/match/somerset-academy-silver-palms-miami-vs-somerset-academy-south-homestead/9-28-2026/?c=a5f2b02d-e71f-4be3-8c98-fa854fa659fc","https://www.maxpreps.com/fl/volleyball/match/somerset-academy-silver-palms-miami-vs-somerset-academy-south-homestead/9-28-2026/?c=a5f2b02d-e71f-4be3-8c98-fa854fa659fc","/volleyball/fl/1bb6?9/28/2026","Somerset Academy (Silver Palms)","Stallions","https://www.maxpreps.com/fl/somerset-academy-silver-palms-miami/volleyball/","https://www.maxpreps.com/fl/somerset-academy-south-homestead/volleyball/","https://hsfootball.net/proxy.php?url=https%3A%2F%2Fimage.maxpreps.io%2Fschool-mascot%2Fd%2F2%2Fc%2Fd2c49003-b04d-4b89-908c-e15a42514909.gif%3Fversion%3D638647537409216480%26amp%3Bwidth%3D128%26amp%3Bheight%3D128%26amp%3Bauto%3Dwebp%26amp%3Bformat%3Dpjpg","https://hsfootball.net/proxy.php?url=https%3A%2F%2Fimage.maxpreps.io%2Fschool-mascot%2Fd%2F2%2Fc%2Fd2c49003-b04d-4b89-908c-e15a42514909.gif%3Fversion%3D638647537409216480%26amp%3Bwidth%3D32%26amp%3Bheight%3D32%26amp%3Bauto%3Dwebp%26amp%3Bformat%3Dpjpg","girl"
25,"Hialeah Gardens vs Coral Reef",Girls Volleyball,"Florida",9/28/2026,5:15pm,"The Hialeah Gardens varsity volleyball team has an away non-conference match @  Coral Reef (Miami, FL) on Monday, September 28 @ 5:15p.","/fl/volleyball/match/coral-reef-miami-vs-hialeah-gardens/9-28-2026/?c=a21acbfb-2a28-452a-acb7-92e1d0a8d674","https://www.maxpreps.com/fl/volleyball/match/coral-reef-miami-vs-hialeah-gardens/9-28-2026/?c=a21acbfb-2a28-452a-acb7-92e1d0a8d674","/volleyball/fl/d3a?9/28/2026","Hialeah Gardens","Gladiators","https://www.maxpreps.com/fl/coral-reef-miami/volleyball/","https://www.maxpreps.com/fl/hialeah-gardens/volleyball/","https://hsfootball.net/proxy.php?url=https%3A%2F%2Fimage.maxpreps.io%2Fschool-mascot%2Fe%2Ff%2F9%2Fef9bad22-a7a4-4516-8491-6256e1d1fb2e.gif%3Fversion%3D637382743200000000%26amp%3Bwidth%3D128%26amp%3Bheight%3D128%26amp%3Bauto%3Dwebp%26amp%3Bformat%3Dpjpg","https://hsfootball.net/proxy.php?url=https%3A%2F%2Fimage.maxpreps.io%2Fschool-mascot%2F2%2Fb%2Fd%2F2bd84302-6761-44d0-a14c-902c24d23254.gif%3Fversion%3D637738575600000000%26amp%3Bwidth%3D128%26amp%3Bheight%3D128%26amp%3Bauto%3Dwebp%26amp%3Bformat%3Dpjpg","girl"
26,"FAMU DRS vs Gadsden County",Girls Volleyball,"Florida",9/28/2026,5:30pm,"The FAMU DRS varsity volleyball team has an away non-conference match @  Gadsden County (Havana, FL) on Monday, September 28 @ 5:30p.","/fl/volleyball/match/famu-drs-tallahassee-vs-gadsden-county-havana/9-28-2026/?c=769ccb99-52b4-4d68-ba40-4f664a2f3b3c","https://www.maxpreps.com/fl/volleyball/match/famu-drs-tallahassee-vs-gadsden-county-havana/9-28-2026/?c=769ccb99-52b4-4d68-ba40-4f664a2f3b3c","/volleyball/fl/1157?9/28/2026","FAMU DRS","Rattlers","https://www.maxpreps.com/fl/famu-drs-tallahassee/volleyball/","https://www.maxpreps.com/fl/gadsden-county-havana/volleyball/","https://hsfootball.net/proxy.php?url=https%3A%2F%2Fimage.maxpreps.io%2Fschool-mascot%2F8%2F4%2Fd%2F84d95e28-e20f-4e15-ba95-3885f8494789.gif%3Fversion%3D639180967248129860%26amp%3Bwidth%3D128%26amp%3Bheight%3D128%26amp%3Bauto%3Dwebp%26amp%3Bformat%3Dpjpg","https://hsfootball.net/proxy.php?url=https%3A%2F%2Fimage.maxpreps.io%2Fschool-mascot%2Fa%2F3%2Fe%2Fa3e6dbde-95a7-44ed-b602-3f1e5dce7717.gif%3Fversion%3D638698946259948090%26amp%3Bwidth%3D128%26amp%3Bheight%3D128%26amp%3Bauto%3Dwebp%26amp%3Bformat%3Dpjpg","girl"
27,"Ocala Christian vs Countryside Christian",Girls Volleyball,"Florida",9/28/2026,5:30pm,"The Ocala Christian varsity volleyball team has an away non-conference match @  Countryside Christian (Gainesville, FL) on Monday, September 28 @ 5:30p.","/fl/volleyball/match/countryside-christian-gainesville-vs-ocala-christian/9-28-2026/?c=6e7b2b6c-b98b-4f1f-a720-17c70a219093","https://www.maxpreps.com/fl/volleyball/match/countryside-christian-gainesville-vs-ocala-christian/9-28-2026/?c=6e7b2b6c-b98b-4f1f-a720-17c70a219093","/volleyball/fl/14a0?9/28/2026","Ocala Christian","Crusaders","https://www.maxpreps.com/fl/countryside-christian-gainesville/volleyball/","https://www.maxpreps.com/fl/ocala-christian/volleyball/","https://hsfootball.net/proxy.php?url=https%3A%2F%2Fimage.maxpreps.io%2Fschool-mascot%2Fa%2F7%2F1%2Fa71d1c0d-417a-4c8e-81f6-1b630e335543.gif%3Fversion%3D635207163600000000%26amp%3Bwidth%3D128%26amp%3Bheight%3D128%26amp%3Bauto%3Dwebp%26amp%3Bformat%3Dpjpg","https://hsfootball.net/proxy.php?url=https%3A%2F%2Fimage.maxpreps.io%2Fschool-mascot%2Fe%2Fb%2Fe%2Febe82abe-f6d8-48e2-bac7-0b31975bcffe.gif%3Fversion%3D638524873552949700%26amp%3Bwidth%3D128%26amp%3Bheight%3D128%26amp%3Bauto%3Dwebp%26amp%3Bformat%3Dpjpg","girl"
28,"Highlands Christian vs Florida Atlantic University",Girls Volleyball,"Florida",9/28/2026,5:30pm,"The Highlands Christian varsity volleyball team has an away non-conference match @  Florida Atlantic University (Boca Raton, FL) on Monday, September 28 @ 5:30p.","/fl/volleyball/match/florida-atlantic-university-boca-raton-vs-highlands-christian-pompano-beach/9-28-2026/?c=c5e0b9f9-88bc-4bff-9eb4-2d12f38ea5c0","https://www.maxpreps.com/fl/volleyball/match/florida-atlantic-university-boca-raton-vs-highlands-christian-pompano-beach/9-28-2026/?c=c5e0b9f9-88bc-4bff-9eb4-2d12f38ea5c0","/volleyball/fl/1d2e?9/28/2026","Highlands Christian","Knights","https://www.maxpreps.com/fl/florida-atlantic-university-boca-raton/volleyball/","https://www.maxpreps.com/fl/highlands-christian-pompano-beach/volleyball/","https://hsfootball.net/proxy.php?url=https%3A%2F%2Fimage.maxpreps.io%2Fschool-mascot%2F5%2Ff%2F2%2F5f209766-b74e-479d-8be4-1500ae41c3f9.gif%3Fversion%3D636167122800000000%26amp%3Bwidth%3D128%26amp%3Bheight%3D128%26amp%3Bauto%3Dwebp%26amp%3Bformat%3Dpjpg","https://hsfootball.net/proxy.php?url=https%3A%2F%2Fimage.maxpreps.io%2Fschool-mascot%2F7%2F7%2F3%2F773f9eff-74df-41cd-9664-a9df302a3228.gif%3Fversion%3D639010413818714630%26amp%3Bwidth%3D128%26amp%3Bheight%3D128%26amp%3Bauto%3Dwebp%26amp%3Bformat%3Dpjpg","girl"
29,"Coral Park vs Somerset College Prepartory Academy South",Girls Volleyball,"Florida",9/28/2026,5:30pm,"The Coral Park varsity volleyball team has an away non-conference match @  Somerset College Prepartory Academy South (Miami, FL) on Monday, September 28 @ 5:30p.","/fl/volleyball/match/coral-park-miami-vs-somerset-college-prepartory-academy-south-miami/9-28-2026/?c=e6d99cd3-491b-4fcd-8c94-9266f7f1c5a9","https://www.maxpreps.com/fl/volleyball/match/coral-park-miami-vs-somerset-college-prepartory-academy-south-miami/9-28-2026/?c=e6d99cd3-491b-4fcd-8c94-9266f7f1c5a9","/volleyball/fl/1a03?9/28/2026","Coral Park","Rams","https://www.maxpreps.com/fl/coral-park-miami/volleyball/","https://www.maxpreps.com/fl/somerset-college-prepartory-academy-south-miami/volleyball/","https://hsfootball.net/proxy.php?url=https%3A%2F%2Fimage.maxpreps.io%2Fschool-mascot%2Fb%2Fe%2F6%2Fbe69fcca-09fd-4135-842a-2ba45e1ab3be.gif%3Fversion%3D638122293000000000%26amp%3Bwidth%3D128%26amp%3Bheight%3D128%26amp%3Bauto%3Dwebp%26amp%3Bformat%3Dpjpg","https://hsfootball.net/proxy.php?url=https%3A%2F%2Fimage.maxpreps.io%2Fschool-mascot%2Fe%2F7%2Ff%2Fe7fd0932-4111-49d6-a9e6-6de8b67bfc00.gif%3Fversion%3D638911813523603080%26amp%3Bwidth%3D128%26amp%3Bheight%3D128%26amp%3Bauto%3Dwebp%26amp%3Bformat%3Dpjpg","girl"
30,"Corinth Christian Academy vs First Assembly Christian Academy",Girls Volleyball,"Florida",9/28/2026,5:30pm,"The Corinth Christian Academy varsity volleyball team has an away non-conference match @  First Assembly Christian Academy (Ocala, FL) on Monday, September 28 @ 5:30p.","/fl/volleyball/match/corinth-christian-academy-jasper-vs-first-assembly-christian-academy-ocala/9-28-2026/?c=2eba5cbe-d07a-4efa-8866-5e7444fdb75a","https://www.maxpreps.com/fl/volleyball/match/corinth-christian-academy-jasper-vs-first-assembly-christian-academy-ocala/9-28-2026/?c=2eba5cbe-d07a-4efa-8866-5e7444fdb75a","/volleyball/fl/1cb4?9/28/2026","Corinth Christian Academy","Warriors","https://www.maxpreps.com/fl/corinth-christian-academy-jasper/volleyball/","https://www.maxpreps.com/fl/first-assembly-christian-academy-ocala/volleyball/","https://hsfootball.net/proxy.php?url=https%3A%2F%2Fimage.maxpreps.io%2Fschool-mascot%2F3%2F2%2Fa%2F32a16995-1a80-487c-aa86-bbcff817a4e3.gif%3Fversion%3D638779778847363790%26amp%3Bwidth%3D128%26amp%3Bheight%3D128%26amp%3Bauto%3Dwebp%26amp%3Bformat%3Dpjpg","https://hsfootball.net/proxy.php?url=https%3A%2F%2Fimage.maxpreps.io%2Fschool-mascot%2Fd%2F8%2F4%2Fd84825b3-74f2-4167-b821-b2d14a9ce668.gif%3Fversion%3D639184459016968780%26amp%3Bwidth%3D128%26amp%3Bheight%3D128%26amp%3Bauto%3Dwebp%26amp%3Bformat%3Dpjpg","girl"
31,"MAST Academy vs Reagan",Girls Volleyball,"Florida",9/28/2026,5:30pm,"The MAST Academy varsity volleyball team has an away non-conference match @  Reagan (Doral, FL) on Monday, September 28 @ 5:30p.","/fl/volleyball/match/mast-academy-key-biscayne-vs-reagan-doral/9-28-2026/?c=b4be06c6-69d0-48b4-9cc5-0889f24b5712","https://www.maxpreps.com/fl/volleyball/match/mast-academy-key-biscayne-vs-reagan-doral/9-28-2026/?c=b4be06c6-69d0-48b4-9cc5-0889f24b5712","/volleyball/fl/f97?9/28/2026","MAST Academy","Mako Sharks","https://www.maxpreps.com/fl/mast-academy-key-biscayne/volleyball/","https://www.maxpreps.com/fl/reagan-doral/volleyball/","https://hsfootball.net/proxy.php?url=https%3A%2F%2Fimage.maxpreps.io%2Fschool-mascot%2Fa%2F0%2Ff%2Fa0f09106-b643-49f4-a59e-4868a9de556e.gif%3Fversion%3D638358013800000000%26amp%3Bwidth%3D128%26amp%3Bheight%3D128%26amp%3Bauto%3Dwebp%26amp%3Bformat%3Dpjpg","https://hsfootball.net/proxy.php?url=https%3A%2F%2Fimage.maxpreps.io%2Fschool-mascot%2Fa%2F4%2Fd%2Fa4d35818-6caa-4206-b396-bf4bcd45c7f7.gif%3Fversion%3D635745543000000000%26amp%3Bwidth%3D128%26amp%3Bheight%3D128%26amp%3Bauto%3Dwebp%26amp%3Bformat%3Dpjpg","girl"
32,"Florida College Academy vs Champions Christian Academy",Girls Volleyball,"Florida",9/28/2026,5:30pm,"The Florida College Academy varsity volleyball team has an away conference match @  Champions Christian Academy (Davenport, FL) on Monday, September 28 @ 5:30p.","/fl/volleyball/match/champions-christian-academy-davenport-vs-florida-college-academy-temple-terrace/9-28-2026/?c=d6c1c385-6448-48af-9c89-1e3d195684c4","https://www.maxpreps.com/fl/volleyball/match/champions-christian-academy-davenport-vs-florida-college-academy-temple-terrace/9-28-2026/?c=d6c1c385-6448-48af-9c89-1e3d195684c4","/volleyball/fl/1ea9?9/28/2026","Florida College Academy","Falcons","https://www.maxpreps.com/fl/champions-christian-academy-davenport/volleyball/","https://www.maxpreps.com/fl/florida-college-academy-temple-terrace/volleyball/","https://hsfootball.net/proxy.php?url=https%3A%2F%2Fimage.maxpreps.io%2Fschool-mascot%2F3%2Fa%2F1%2F3a172d4c-180e-4434-81c1-9d6e91ddc788.gif%3Fversion%3D638798718329696920%26amp%3Bwidth%3D128%26amp%3Bheight%3D128%26amp%3Bauto%3Dwebp%26amp%3Bformat%3Dpjpg","https://hsfootball.net/proxy.php?url=https%3A%2F%2Fimage.maxpreps.io%2Fschool-mascot%2F1%2Ff%2F1%2F1f180baf-ee59-4a8a-b129-823d8b54a007.gif%3Fversion%3D638663953953595860%26amp%3Bwidth%3D128%26amp%3Bheight%3D128%26amp%3Bauto%3Dwebp%26amp%3Bformat%3Dpjpg","girl"
33,"Westwood Christian vs Cushman",Girls Volleyball,"Florida",9/28/2026,5:30pm,"The Westwood Christian varsity volleyball team has an away conference match @  Cushman (Miami, FL) on Monday, September 28 @ 5:30p.","/fl/volleyball/match/cushman-miami-vs-westwood-christian-miami/9-28-2026/?c=4065d9b3-e531-45f6-ac5c-cf1273e8ce6a","https://www.maxpreps.com/fl/volleyball/match/cushman-miami-vs-westwood-christian-miami/9-28-2026/?c=4065d9b3-e531-45f6-ac5c-cf1273e8ce6a","/volleyball/fl/1014?9/28/2026","Westwood Christian","Warriors","https://www.maxpreps.com/fl/cushman-miami/volleyball/","https://www.maxpreps.com/fl/westwood-christian-miami/volleyball/","https://hsfootball.net/proxy.php?url=https%3A%2F%2Fimage.maxpreps.io%2Fschool-mascot%2F7%2F4%2F8%2F748bbc38-0964-413b-9f03-89349c16d8b8.gif%3Fversion%3D638954220268466280%26amp%3Bwidth%3D128%26amp%3Bheight%3D128%26amp%3Bauto%3Dwebp%26amp%3Bformat%3Dpjpg","https://hsfootball.net/proxy.php?url=https%3A%2F%2Fimage.maxpreps.io%2Fschool-mascot%2F9%2Fc%2F7%2F9c7d2922-7daa-4b0f-924b-5e9b187f5ad0.gif%3Fversion%3D637666290000000000%26amp%3Bwidth%3D128%26amp%3Bheight%3D128%26amp%3Bauto%3Dwebp%26amp%3Bformat%3Dpjpg","girl"
34,"East Hill Christian vs Trinitas Christian",Girls Volleyball,"Florida",9/28/2026,5:30pm,"The East Hill Christian varsity volleyball team has an away conference match @  Trinitas Christian (Pensacola, FL) on Monday, September 28 @ 5:30p.","/fl/volleyball/match/east-hill-christian-pensacola-vs-trinitas-christian-pensacola/9-28-2026/?c=20c16385-a417-41ce-b52f-db79b9ead767","https://www.maxpreps.com/fl/volleyball/match/east-hill-christian-pensacola-vs-trinitas-christian-pensacola/9-28-2026/?c=20c16385-a417-41ce-b52f-db79b9ead767","/volleyball/fl/17de?9/28/2026","East Hill Christian","Eagles","https://www.maxpreps.com/fl/east-hill-christian-pensacola/volleyball/","https://www.maxpreps.com/fl/trinitas-christian-pensacola/volleyball/","https://hsfootball.net/proxy.php?url=https%3A%2F%2Fimage.maxpreps.io%2Fschool-mascot%2F2%2F8%2F9%2F28905b3c-ae35-4470-b1d0-f604f00ce3c2.gif%3Fversion%3D638278007400000000%26amp%3Bwidth%3D128%26amp%3Bheight%3D128%26amp%3Bauto%3Dwebp%26amp%3Bformat%3Dpjpg","https://hsfootball.net/proxy.php?url=https%3A%2F%2Fimage.maxpreps.io%2Fschool-mascot%2F2%2F8%2F9%2F28905b3c-ae35-4470-b1d0-f604f00ce3c2.gif%3Fversion%3D638278007400000000%26amp%3Bwidth%3D32%26amp%3Bheight%3D32%26amp%3Bauto%3Dwebp%26amp%3Bformat%3Dpjpg","girl"
35,"Colonial Christian vs Pinecrest Prep",Girls Volleyball,"Florida",9/28/2026,5:30pm,"The Colonial Christian varsity volleyball team has an away conference match @  Pinecrest Prep (Miami, FL) on Monday, September 28 @ 5:30p.","/fl/volleyball/match/colonial-christian-homestead-vs-pinecrest-prep-miami/9-28-2026/?c=7e1426ed-07fc-447b-b678-1f74fed73af6","https://www.maxpreps.com/fl/volleyball/match/colonial-christian-homestead-vs-pinecrest-prep-miami/9-28-2026/?c=7e1426ed-07fc-447b-b678-1f74fed73af6","/volleyball/fl/1458?9/28/2026","Colonial Christian","Patriots","https://www.maxpreps.com/fl/colonial-christian-homestead/volleyball/","https://www.maxpreps.com/fl/pinecrest-prep-miami/volleyball/","https://hsfootball.net/proxy.php?url=https%3A%2F%2Fimage.maxpreps.io%2Fschool-mascot%2F6%2F4%2Fb%2F64b7b28e-ef27-43de-b4c0-ce9232d9c359.gif%3Fversion%3D636546261000000000%26amp%3Bwidth%3D128%26amp%3Bheight%3D128%26amp%3Bauto%3Dwebp%26amp%3Bformat%3Dpjpg","https://hsfootball.net/proxy.php?url=https%3A%2F%2Fimage.maxpreps.io%2Fschool-mascot%2Fe%2F0%2F2%2Fe02b841e-63cd-40b4-9fe4-a06a76625400.gif%3Fversion%3D638031795600000000%26amp%3Bwidth%3D128%26amp%3Bheight%3D128%26amp%3Bauto%3Dwebp%26amp%3Bformat%3Dpjpg","girl"
36,"Homestead vs Pinecrest Glades Academy",Girls Volleyball,"Florida",9/28/2026,5:30pm,"The Homestead varsity volleyball team has an away non-conference match @  Pinecrest Glades Academy (Miami, FL) on Monday, September 28 @ 5:30p.","/fl/volleyball/match/homestead-vs-pinecrest-glades-academy-miami/9-28-2026/?c=de1471c6-a5de-40b8-a145-404db3cc80c8","https://www.maxpreps.com/fl/volleyball/match/homestead-vs-pinecrest-glades-academy-miami/9-28-2026/?c=de1471c6-a5de-40b8-a145-404db3cc80c8","/volleyball/fl/10a2?9/28/2026","Homestead","Broncos","https://www.maxpreps.com/fl/homestead/volleyball/","https://www.maxpreps.com/fl/pinecrest-glades-academy-miami/volleyball/","https://hsfootball.net/proxy.php?url=https%3A%2F%2Fimage.maxpreps.io%2Fschool-mascot%2F1%2F0%2F8%2F10803795-fd5a-4502-952a-a20e3296e09f.gif%3Fversion%3D638364474600000000%26amp%3Bwidth%3D128%26amp%3Bheight%3D128%26amp%3Bauto%3Dwebp%26amp%3Bformat%3Dpjpg","https://hsfootball.net/proxy.php?url=https%3A%2F%2Fimage.maxpreps.io%2Fschool-mascot%2Fd%2F7%2F1%2Fd713d740-d0db-414d-a8ad-640088b3e689.gif%3Fversion%3D638022300000000000%26amp%3Bwidth%3D128%26amp%3Bheight%3D128%26amp%3Bauto%3Dwebp%26amp%3Bformat%3Dpjpg","girl"
37,"Eastland Christian vs Liberty Christian Prep",Girls Volleyball,"Florida",9/28/2026,6:00pm,"The Eastland Christian varsity volleyball team has an away non-conference match @  Liberty Christian Prep (Tavares, FL) on Monday, September 28 @ 6p.","/fl/volleyball/match/eastland-christian-orlando-vs-liberty-christian-prep-tavares/9-28-2026/?c=b9b1b8bf-495f-45ce-92c9-d930cd7842b8","https://www.maxpreps.com/fl/volleyball/match/eastland-christian-orlando-vs-liberty-christian-prep-tavares/9-28-2026/?c=b9b1b8bf-495f-45ce-92c9-d930cd7842b8","/volleyball/fl/1791?9/28/2026","Eastland Christian","Hurricanes","https://www.maxpreps.com/fl/eastland-christian-orlando/volleyball/","https://www.maxpreps.com/fl/liberty-christian-prep-tavares/volleyball/","https://hsfootball.net/proxy.php?url=https%3A%2F%2Fimage.maxpreps.io%2Fschool-mascot%2F3%2F7%2F7%2F3777d2be-2add-4718-87f9-7b4bafc8c306.gif%3Fversion%3D637038075000000000%26amp%3Bwidth%3D128%26amp%3Bheight%3D128%26amp%3Bauto%3Dwebp%26amp%3Bformat%3Dpjpg","https://hsfootball.net/proxy.php?url=https%3A%2F%2Fimage.maxpreps.io%2Fschool-mascot%2Fa%2F7%2F7%2Fa771211c-53d0-4212-bdac-7809821be5cf.gif%3Fversion%3D636487437600000000%26amp%3Bwidth%3D128%26amp%3Bheight%3D128%26amp%3Bauto%3Dwebp%26amp%3Bformat%3Dpjpg","girl"
38,"Chiefland vs Williston",Girls Volleyball,"Florida",9/28/2026,6:00pm,"The Chiefland varsity volleyball team has an away non-conference match @  Williston (FL) on Monday, September 28 @ 6p.","/fl/volleyball/match/chiefland-vs-williston/9-28-2026/?c=8403be9f-3153-428f-b534-66414cfd6bb6","https://www.maxpreps.com/fl/volleyball/match/chiefland-vs-williston/9-28-2026/?c=8403be9f-3153-428f-b534-66414cfd6bb6","/volleyball/fl/8c6?9/28/2026","Chiefland","Indians","https://www.maxpreps.com/fl/chiefland/volleyball/","https://www.maxpreps.com/fl/williston/volleyball/","https://hsfootball.net/proxy.php?url=https%3A%2F%2Fimage.maxpreps.io%2Fschool-mascot%2F8%2F4%2F3%2F84337c18-8b8a-4b96-83f8-e851c9572ed2.gif%3Fversion%3D635947736400000000%26amp%3Bwidth%3D128%26amp%3Bheight%3D128%26amp%3Bauto%3Dwebp%26amp%3Bformat%3Dpjpg","https://hsfootball.net/proxy.php?url=https%3A%2F%2Fimage.maxpreps.io%2Fschool-mascot%2Ff%2Fe%2F9%2Ffe96b36a-4538-4e64-91e1-f484311b7b59.gif%3Fversion%3D638145789000000000%26amp%3Bwidth%3D128%26amp%3Bheight%3D128%26amp%3Bauto%3Dwebp%26amp%3Bformat%3Dpjpg","girl"
39,"Halifax Academy vs Warner Christian Academy",Girls Volleyball,"Florida",9/28/2026,6:00pm,"The Halifax Academy varsity volleyball team has an away conference match @  Warner Christian Academy (South Daytona, FL) on Monday, September 28 @ 6p.","/fl/volleyball/match/halifax-academy-daytona-beach-vs-warner-christian-academy-south-daytona/9-28-2026/?c=9e2d4b72-5f2c-43af-9f42-3d290f9dd7a5","https://www.maxpreps.com/fl/volleyball/match/halifax-academy-daytona-beach-vs-warner-christian-academy-south-daytona/9-28-2026/?c=9e2d4b72-5f2c-43af-9f42-3d290f9dd7a5","/volleyball/fl/1b5d?9/28/2026","Halifax Academy","Knights","https://www.maxpreps.com/fl/halifax-academy-daytona-beach/volleyball/","https://www.maxpreps.com/fl/warner-christian-academy-south-daytona/volleyball/","https://hsfootball.net/proxy.php?url=https%3A%2F%2Fimage.maxpreps.io%2Fschool-mascot%2F7%2Fe%2F9%2F7e92205c-352d-4a99-936e-e4efb540d422.gif%3Fversion%3D637970188800000000%26amp%3Bwidth%3D128%26amp%3Bheight%3D128%26amp%3Bauto%3Dwebp%26amp%3Bformat%3Dpjpg","https://hsfootball.net/proxy.php?url=https%3A%2F%2Fimage.maxpreps.io%2Fschool-mascot%2Ff%2F0%2F1%2Ff01b06de-5ba3-437f-ad2b-2e2dd9bb6020.gif%3Fversion%3D637726427400000000%26amp%3Bwidth%3D128%26amp%3Bheight%3D128%26amp%3Bauto%3Dwebp%26amp%3Bformat%3Dpjpg","girl"
40,"Classical Academy (Sarasota) vs Riverview Academy",Girls Volleyball,"Florida",9/28/2026,6:00pm,"The Classical Academy (Sarasota) varsity volleyball team has an away non-conference match @  Riverview Academy (Riverview, FL) on Monday, September 28 @ 6p.","/fl/volleyball/match/classical-academy-sarasota-vs-riverview-academy/9-28-2026/?c=e5d865a9-5b65-4d17-9b2e-4e21e1001f89","https://www.maxpreps.com/fl/volleyball/match/classical-academy-sarasota-vs-riverview-academy/9-28-2026/?c=e5d865a9-5b65-4d17-9b2e-4e21e1001f89","/volleyball/fl/1262?9/28/2026","Classical Academy (Sarasota)","Patriots","https://www.maxpreps.com/fl/classical-academy-sarasota/volleyball/","https://www.maxpreps.com/fl/riverview-academy/volleyball/","https://hsfootball.net/proxy.php?url=https%3A%2F%2Fimage.maxpreps.io%2Fschool-mascot%2Fc%2F2%2F5%2Fc253896f-297e-43ca-96a2-51298331ead2.gif%3Fversion%3D638983579677749840%26amp%3Bwidth%3D128%26amp%3Bheight%3D128%26amp%3Bauto%3Dwebp%26amp%3Bformat%3Dpjpg","https://hsfootball.net/proxy.php?url=https%3A%2F%2Fimage.maxpreps.io%2Fschool-mascot%2F5%2Fd%2F2%2F5d2949b1-2f8e-4634-85ea-7e7e940f7ddb.gif%3Fversion%3D638603322797194740%26amp%3Bwidth%3D128%26amp%3Bheight%3D128%26amp%3Bauto%3Dwebp%26amp%3Bformat%3Dpjpg","girl"
41,"Northview vs Escambia",Girls Volleyball,"Florida",9/28/2026,6:00pm,"The Northview varsity volleyball team has an away non-conference match @  Escambia (Pensacola, FL) on Monday, September 28 @ 6p.","/fl/volleyball/match/escambia-pensacola-vs-northview-bratt/9-28-2026/?c=81386f95-eef1-43f9-917f-2075d517441c","https://www.maxpreps.com/fl/volleyball/match/escambia-pensacola-vs-northview-bratt/9-28-2026/?c=81386f95-eef1-43f9-917f-2075d517441c","/volleyball/fl/e8b?9/28/2026","Northview","Chiefs","https://www.maxpreps.com/fl/escambia-pensacola/girls-volleyball/","https://www.maxpreps.com/fl/northview-bratt/girls-volleyball/","https://hsfootball.net/proxy.php?url=https%3A%2F%2Fimage.maxpreps.io%2Fschool-mascot%2F7%2F1%2F9%2F7193bf92-e167-45ed-9ba8-578a62d64510.gif%3Fversion%3D639180703178460780%26amp%3Bwidth%3D128%26amp%3Bheight%3D128%26amp%3Bauto%3Dwebp%26amp%3Bformat%3Dpjpg","https://hsfootball.net/proxy.php?url=https%3A%2F%2Fimage.maxpreps.io%2Fschool-mascot%2Fd%2F9%2F2%2Fd927fe6e-20af-4cab-baf6-6a15ae72968c.gif%3Fversion%3D636534994200000000%26amp%3Bwidth%3D128%26amp%3Bheight%3D128%26amp%3Bauto%3Dwebp%26amp%3Bformat%3Dpjpg","girl"
42,"Brandon Academy vs Lakeside Christian",Girls Volleyball,"Florida",9/28/2026,6:00pm,"The Brandon Academy varsity volleyball team has an away non-conference match @  Lakeside Christian (Clearwater, FL) on Monday, September 28 @ 6p.","/fl/volleyball/match/brandon-academy-vs-lakeside-christian-clearwater/9-28-2026/?c=dbede3c6-2db0-4ede-aeae-a4945e3b41c4","https://www.maxpreps.com/fl/volleyball/match/brandon-academy-vs-lakeside-christian-clearwater/9-28-2026/?c=dbede3c6-2db0-4ede-aeae-a4945e3b41c4","/volleyball/fl/12b3?9/28/2026","Brandon Academy","Scorpions","https://www.maxpreps.com/fl/brandon-academy/girls-volleyball/","https://www.maxpreps.com/fl/lakeside-christian-clearwater/girls-volleyball/","https://hsfootball.net/proxy.php?url=https%3A%2F%2Fimage.maxpreps.io%2Fschool-mascot%2F6%2F2%2F1%2F621733e7-ba05-4eb2-b0e4-a3fbdb441a48.gif%3Fversion%3D636039177000000000%26amp%3Bwidth%3D128%26amp%3Bheight%3D128%26amp%3Bauto%3Dwebp%26amp%3Bformat%3Dpjpg","https://hsfootball.net/proxy.php?url=https%3A%2F%2Fimage.maxpreps.io%2Fschool-mascot%2Fe%2Ff%2F2%2Fef240e6e-cd1c-45e1-b8c8-1b0da428debb.gif%3Fversion%3D638036800800000000%26amp%3Bwidth%3D128%26amp%3Bheight%3D128%26amp%3Bauto%3Dwebp%26amp%3Bformat%3Dpjpg","girl"
43,"Okeechobee vs Glades Day",Girls Volleyball,"Florida",9/28/2026,6:00pm,"The Okeechobee varsity volleyball team has an away non-conference match @  Glades Day (Belle Glade, FL) on Monday, September 28 @ 6p.","/fl/volleyball/match/glades-day-belle-glade-vs-okeechobee/9-28-2026/?c=b467834b-b749-4240-8e91-643154aff2fe","https://www.maxpreps.com/fl/volleyball/match/glades-day-belle-glade-vs-okeechobee/9-28-2026/?c=b467834b-b749-4240-8e91-643154aff2fe","/volleyball/fl/d83?9/28/2026","Okeechobee","Brahmans","https://www.maxpreps.com/fl/glades-day-belle-glade/girls-volleyball/","https://www.maxpreps.com/fl/okeechobee/girls-volleyball/","https://hsfootball.net/proxy.php?url=https%3A%2F%2Fimage.maxpreps.io%2Fschool-mascot%2Fd%2Fe%2F5%2Fde573d9e-d3b0-4a33-9dd1-4d6b73e74583.gif%3Fversion%3D638599948031813510%26amp%3Bwidth%3D128%26amp%3Bheight%3D128%26amp%3Bauto%3Dwebp%26amp%3Bformat%3Dpjpg","https://hsfootball.net/proxy.php?url=https%3A%2F%2Fimage.maxpreps.io%2Fschool-mascot%2F3%2F4%2F3%2F3430e9af-d449-4bcd-8bdc-1c9ff9a50dec.gif%3Fversion%3D637719645600000000%26amp%3Bwidth%3D128%26amp%3Bheight%3D128%26amp%3Bauto%3Dwebp%26amp%3Bformat%3Dpjpg","girl"
44,"Union County vs Fort White",Girls Volleyball,"Florida",9/28/2026,6:00pm,"The Union County varsity volleyball team has an away conference match @  Fort White (FL) on Monday, September 28 @ 6p.","/fl/volleyball/match/fort-white-vs-union-county-lake-butler/9-28-2026/?c=434197ba-26ff-4090-a451-2abfcd380cec","https://www.maxpreps.com/fl/volleyball/match/fort-white-vs-union-county-lake-butler/9-28-2026/?c=434197ba-26ff-4090-a451-2abfcd380cec","/volleyball/fl/ec9?9/28/2026","Union County","Fighting Tigers","https://www.maxpreps.com/fl/fort-white/girls-volleyball/","https://www.maxpreps.com/fl/union-county-lake-butler/girls-volleyball/","https://hsfootball.net/proxy.php?url=https%3A%2F%2Fimage.maxpreps.io%2Fschool-mascot%2Fa%2Fa%2F8%2Faa83b27e-9ec3-4681-9cf2-98b6a518795c.gif%3Fversion%3D635276934600000000%26amp%3Bwidth%3D128%26amp%3Bheight%3D128%26amp%3Bauto%3Dwebp%26amp%3Bformat%3Dpjpg","https://hsfootball.net/proxy.php?url=https%3A%2F%2Fimage.maxpreps.io%2Fschool-mascot%2F6%2F7%2F8%2F6788e20e-421b-41fc-8231-3b81c76c5f79.gif%3Fversion%3D639178764230522080%26amp%3Bwidth%3D128%26amp%3Bheight%3D128%26amp%3Bauto%3Dwebp%26amp%3Bformat%3Dpjpg","girl"
45,"Avant Garde Academy vs Somerset Academy",Girls Volleyball,"Florida",9/28/2026,6:00pm,"The Avant Garde Academy varsity volleyball team has an away non-conference match @  Somerset Academy (Pembroke Pines, FL) on Monday, September 28 @ 6p.","/fl/volleyball/match/avant-garde-academy-hollywood-vs-somerset-academy-pembroke-pines/9-28-2026/?c=f9edb6ad-056b-4514-934c-6118183023c1","https://www.maxpreps.com/fl/volleyball/match/avant-garde-academy-hollywood-vs-somerset-academy-pembroke-pines/9-28-2026/?c=f9edb6ad-056b-4514-934c-6118183023c1","/volleyball/fl/18dd?9/28/2026","Avant Garde Academy","Sharks","https://www.maxpreps.com/fl/avant-garde-academy-hollywood/girls-volleyball/","https://www.maxpreps.com/fl/somerset-academy-pembroke-pines/girls-volleyball/","https://hsfootball.net/proxy.php?url=https%3A%2F%2Fimage.maxpreps.io%2Fschool-mascot%2Fe%2F2%2F2%2Fe2222b17-3151-49ef-9601-f8d96e104f39.gif%3Fversion%3D637599738000000000%26amp%3Bwidth%3D128%26amp%3Bheight%3D128%26amp%3Bauto%3Dwebp%26amp%3Bformat%3Dpjpg","https://hsfootball.net/proxy.php?url=https%3A%2F%2Fimage.maxpreps.io%2Fschool-mascot%2F8%2F8%2F6%2F886349d2-4e57-4253-8fdb-765520a751fa.gif%3Fversion%3D638660503653367600%26amp%3Bwidth%3D128%26amp%3Bheight%3D128%26amp%3Bauto%3Dwebp%26amp%3Bformat%3Dpjpg","girl"
46,"Freeport vs Walton",Girls Volleyball,"Florida",9/28/2026,6:00pm,"The Freeport varsity volleyball team has an away conference match @  Walton (DeFuniak Springs, FL) on Monday, September 28 @ 6p.","/fl/volleyball/match/freeport-vs-walton-defuniak-springs/9-28-2026/?c=80d1d4fe-032a-47da-889a-5f1946063679","https://www.maxpreps.com/fl/volleyball/match/freeport-vs-walton-defuniak-springs/9-28-2026/?c=80d1d4fe-032a-47da-889a-5f1946063679","/volleyball/fl/de6?9/28/2026","Freeport","Bulldogs","https://www.maxpreps.com/fl/freeport/girls-volleyball/","https://www.maxpreps.com/fl/walton-defuniak-springs/girls-volleyball/","https://hsfootball.net/proxy.php?url=https%3A%2F%2Fimage.maxpreps.io%2Fschool-mascot%2F4%2F2%2Fc%2F42c1e7dd-94e5-4b26-b613-4a71e20f18f6.gif%3Fversion%3D638597587196169500%26amp%3Bwidth%3D128%26amp%3Bheight%3D128%26amp%3Bauto%3Dwebp%26amp%3Bformat%3Dpjpg","https://hsfootball.net/proxy.php?url=https%3A%2F%2Fimage.maxpreps.io%2Fschool-mascot%2Fa%2F0%2F7%2Fa076f4a7-7f8b-4439-89ed-82a7592a0597.gif%3Fversion%3D639221992913951260%26amp%3Bwidth%3D128%26amp%3Bheight%3D128%26amp%3Bauto%3Dwebp%26amp%3Bformat%3Dpjpg","girl"
47,"Calvary Christian Academy vs Port St. Lucie",Girls Volleyball,"Florida",9/28/2026,6:00pm,"The Calvary Christian Academy varsity volleyball team has an away non-conference match @  Port St. Lucie (FL) on Monday, September 28 @ 6p.","/fl/volleyball/match/calvary-christian-academy-port-st-lucie-vs-port-st-lucie/9-28-2026/?c=476b1135-7a9a-41c4-8cd4-ce42bdb83c97","https://www.maxpreps.com/fl/volleyball/match/calvary-christian-academy-port-st-lucie-vs-port-st-lucie/9-28-2026/?c=476b1135-7a9a-41c4-8cd4-ce42bdb83c97","/volleyball/fl/1585?9/28/2026","Calvary Christian Academy","Panthers","https://www.maxpreps.com/fl/calvary-christian-academy-port-st-lucie/girls-volleyball/","https://www.maxpreps.com/fl/port-st-lucie/girls-volleyball/","https://hsfootball.net/proxy.php?url=https%3A%2F%2Fimage.maxpreps.io%2Fschool-mascot%2Fd%2Fc%2Fc%2Fdcc9426a-f5da-4824-b8c0-f9f421806051.gif%3Fversion%3D639216340279648740%26amp%3Bwidth%3D128%26amp%3Bheight%3D128%26amp%3Bauto%3Dwebp%26amp%3Bformat%3Dpjpg","https://hsfootball.net/proxy.php?url=https%3A%2F%2Fimage.maxpreps.io%2Fschool-mascot%2F4%2F3%2F8%2F438ca353-6e20-45c8-9df0-62825d9b39cc.gif%3Fversion%3D635696180400000000%26amp%3Bwidth%3D128%26amp%3Bheight%3D128%26amp%3Bauto%3Dwebp%26amp%3Bformat%3Dpjpg","girl"
48,"South Florida HEAT vs Westminster Academy",Girls Volleyball,"Florida",9/28/2026,6:00pm,"The South Florida HEAT varsity volleyball team has an away non-conference match @  Westminster Academy (Fort Lauderdale, FL) on Monday, September 28 @ 6p.","/fl/volleyball/match/south-florida-heat-fort-lauderdale-vs-westminster-academy-fort-lauderdale/9-28-2026/?c=f034f912-ce4b-45ca-94d5-f4691ddc415e","https://www.maxpreps.com/fl/volleyball/match/south-florida-heat-fort-lauderdale-vs-westminster-academy-fort-lauderdale/9-28-2026/?c=f034f912-ce4b-45ca-94d5-f4691ddc415e","/volleyball/fl/1c69?9/28/2026","South Florida HEAT","Westminster Academy","https://www.maxpreps.com/fl/south-florida-heat-fort-lauderdale/girls-volleyball/","https://www.maxpreps.com/fl/westminster-academy-fort-lauderdale/girls-volleyball/","https://hsfootball.net/proxy.php?url=https%3A%2F%2Fimage.maxpreps.io%2Fschool-mascot%2Fb%2F4%2F0%2Fb40d1145-dd1e-4c59-b4ee-3a1c81c1eee2.gif%3Fversion%3D636479756400000000%26amp%3Bwidth%3D128%26amp%3Bheight%3D128%26amp%3Bauto%3Dwebp%26amp%3Bformat%3Dpjpg","https://hsfootball.net/proxy.php?url=https%3A%2F%2Fimage.maxpreps.io%2Fschool-mascot%2Fb%2F4%2F0%2Fb40d1145-dd1e-4c59-b4ee-3a1c81c1eee2.gif%3Fversion%3D636479756400000000%26amp%3Bwidth%3D32%26amp%3Bheight%3D32%26amp%3Bauto%3Dwebp%26amp%3Bformat%3Dpjpg","girl"
49,"First Baptist Christian Academy vs Calvary Christian Academy",Girls Volleyball,"Florida",9/28/2026,6:00pm,"The First Baptist Christian Academy varsity volleyball team has an away non-conference match @  Calvary Christian Academy (Ormond Beach, FL) on Monday, September 28 @ 6p.","/fl/volleyball/match/calvary-christian-academy-ormond-beach-vs-first-baptist-christian-academy-bunnell/9-28-2026/?c=49566a83-b99b-4842-98c5-bf077b0ff351","https://www.maxpreps.com/fl/volleyball/match/calvary-christian-academy-ormond-beach-vs-first-baptist-christian-academy-bunnell/9-28-2026/?c=49566a83-b99b-4842-98c5-bf077b0ff351","/volleyball/fl/1f60?9/28/2026","First Baptist Christian Academy","Crusaders","https://www.maxpreps.com/fl/calvary-christian-academy-ormond-beach/girls-volleyball/","https://www.maxpreps.com/fl/first-baptist-christian-academy-bunnell/girls-volleyball/","https://hsfootball.net/proxy.php?url=https%3A%2F%2Fimage.maxpreps.io%2Fschool-mascot%2F7%2F1%2F4%2F7145d7e6-9154-498a-b3a0-163f412bbea2.gif%3Fversion%3D636668869200000000%26amp%3Bwidth%3D128%26amp%3Bheight%3D128%26amp%3Bauto%3Dwebp%26amp%3Bformat%3Dpjpg","https://hsfootball.net/proxy.php?url=https%3A%2F%2Fimage.maxpreps.io%2Fschool-mascot%2F9%2Ff%2Fb%2F9fbd0846-93ef-4e0d-a13d-19ec47c72dc8.gif%3Fversion%3D637109599200000000%26amp%3Bwidth%3D128%26amp%3Bheight%3D128%26amp%3Bauto%3Dwebp%26amp%3Bformat%3Dpjpg","girl"
50,"St. Johns Classical Academy vs St. Johns Country Day",Girls Volleyball,"Florida",9/28/2026,6:00pm,"The St. Johns Classical Academy varsity volleyball team has an away non-conference match @  St. Johns Country Day (Orange Park, FL) on Monday, September 28 @ 6p.","/fl/volleyball/match/st-johns-classical-academy-fleming-island-vs-st-johns-country-day-orange-park/9-28-2026/?c=2118931d-aa09-4e04-9eb9-dc3d3304e5ce","https://www.maxpreps.com/fl/volleyball/match/st-johns-classical-academy-fleming-island-vs-st-johns-country-day-orange-park/9-28-2026/?c=2118931d-aa09-4e04-9eb9-dc3d3304e5ce","/volleyball/fl/1d73?9/28/2026","St. Johns Classical Academy","Lions","https://www.maxpreps.com/fl/st-johns-classical-academy-fleming-island/girls-volleyball/","https://www.maxpreps.com/fl/st-johns-country-day-orange-park/girls-volleyball/","https://hsfootball.net/proxy.php?url=https%3A%2F%2Fimage.maxpreps.io%2Fschool-mascot%2F9%2F8%2F3%2F9837b09f-d02a-46ac-b5e4-ee2f0d10f584.gif%3Fversion%3D637951246200000000%26amp%3Bwidth%3D128%26amp%3Bheight%3D128%26amp%3Bauto%3Dwebp%26amp%3Bformat%3Dpjpg","https://hsfootball.net/proxy.php?url=https%3A%2F%2Fimage.maxpreps.io%2Fschool-mascot%2F6%2Fe%2F5%2F6e58e482-a1c2-409e-8825-18b95aea48be.gif%3Fversion%3D638466872400000000%26amp%3Bwidth%3D128%26amp%3Bheight%3D128%26amp%3Bauto%3Dwebp%26amp%3Bformat%3Dpjpg","girl"
51,"Marianna vs Blountstown",Girls Volleyball,"Florida",9/28/2026,6:00pm,"The Marianna varsity volleyball team has an away non-conference match @  Blountstown (FL) on Monday, September 28 @ 6p.","/fl/volleyball/match/blountstown-vs-marianna/9-28-2026/?c=0f42ca82-fea2-41fb-bf5d-6b9fbd4c28a9","https://www.maxpreps.com/fl/volleyball/match/blountstown-vs-marianna/9-28-2026/?c=0f42ca82-fea2-41fb-bf5d-6b9fbd4c28a9","/volleyball/fl/959?9/28/2026","Marianna","Bulldogs","https://www.maxpreps.com/fl/blountstown/girls-volleyball/","https://www.maxpreps.com/fl/marianna/girls-volleyball/","https://hsfootball.net/proxy.php?url=https%3A%2F%2Fimage.maxpreps.io%2Fschool-mascot%2F3%2Fe%2F9%2F3e923a1d-06cb-456e-a8bc-ead9dd33c285.gif%3Fversion%3D636784657800000000%26amp%3Bwidth%3D128%26amp%3Bheight%3D128%26amp%3Bauto%3Dwebp%26amp%3Bformat%3Dpjpg","https://hsfootball.net/proxy.php?url=https%3A%2F%2Fimage.maxpreps.io%2Fschool-mascot%2Fc%2F9%2F2%2Fc92b6cec-d1c4-4c41-9a9f-4a7b51b1d15d.gif%3Fversion%3D639202152819205120%26amp%3Bwidth%3D128%26amp%3Bheight%3D128%26amp%3Bauto%3Dwebp%26amp%3Bformat%3Dpjpg","girl"
52,"St. John Lutheran vs Altamonte Christian",Girls Volleyball,"Florida",9/28/2026,6:00pm,"The St. John Lutheran varsity volleyball team has an away non-conference match @  Altamonte Christian (Altamonte Springs, FL) on Monday, September 28 @ 6p.","/fl/volleyball/match/altamonte-christian-altamonte-springs-vs-st-john-lutheran-ocala/9-28-2026/?c=26c7e2a1-f001-4289-a090-87cf8b94dab2","https://www.maxpreps.com/fl/volleyball/match/altamonte-christian-altamonte-springs-vs-st-john-lutheran-ocala/9-28-2026/?c=26c7e2a1-f001-4289-a090-87cf8b94dab2","/volleyball/fl/189f?9/28/2026","St. John Lutheran","Saints","https://www.maxpreps.com/fl/altamonte-christian-altamonte-springs/girls-volleyball/","https://www.maxpreps.com/fl/st-john-lutheran-ocala/girls-volleyball/","https://hsfootball.net/proxy.php?url=https%3A%2F%2Fimage.maxpreps.io%2Fschool-mascot%2F2%2Ff%2F4%2F2f46d137-d72a-4d2b-841f-d5aeb5fc8661.gif%3Fversion%3D639070093497579250%26amp%3Bwidth%3D128%26amp%3Bheight%3D128%26amp%3Bauto%3Dwebp%26amp%3Bformat%3Dpjpg","https://hsfootball.net/proxy.php?url=https%3A%2F%2Fimage.maxpreps.io%2Fschool-mascot%2F8%2Fb%2F7%2F8b7bc597-07ac-4fe9-9872-4c3367bf707f.gif%3Fversion%3D637547661000000000%26amp%3Bwidth%3D128%26amp%3Bheight%3D128%26amp%3Bauto%3Dwebp%26amp%3Bformat%3Dpjpg","girl"
53,"Altha vs Franklin County",Girls Volleyball,"Florida",9/28/2026,6:00pm,"The Altha varsity volleyball team has an away non-conference match @  Franklin County (Eastpoint, FL) on Monday, September 28 @ 6p.","/fl/volleyball/match/altha-vs-franklin-county-eastpoint/9-28-2026/?c=78770f50-b150-4830-8880-ae18a3c70210","https://www.maxpreps.com/fl/volleyball/match/altha-vs-franklin-county-eastpoint/9-28-2026/?c=78770f50-b150-4830-8880-ae18a3c70210","/volleyball/fl/d75?9/28/2026","Altha","Wildcats","https://www.maxpreps.com/fl/altha/girls-volleyball/","https://www.maxpreps.com/fl/franklin-county-eastpoint/girls-volleyball/","https://hsfootball.net/proxy.php?url=https%3A%2F%2Fimage.maxpreps.io%2Fschool-mascot%2F7%2Fb%2Fb%2F7bbcaabf-3873-4d21-bf8c-c1d7e8626941.gif%3Fversion%3D639180967283726240%26amp%3Bwidth%3D128%26amp%3Bheight%3D128%26amp%3Bauto%3Dwebp%26amp%3Bformat%3Dpjpg","https://hsfootball.net/proxy.php?url=https%3A%2F%2Fimage.maxpreps.io%2Fschool-mascot%2F6%2F6%2F0%2F6602d6c3-f67c-47ea-9c8d-e9fe7f34eb39.gif%3Fversion%3D639178764235424160%26amp%3Bwidth%3D128%26amp%3Bheight%3D128%26amp%3Bauto%3Dwebp%26amp%3Bformat%3Dpjpg","girl"
54,"Martin County vs Treasure Coast",Girls Volleyball,"Florida",9/28/2026,6:00pm,"The Martin County varsity volleyball team has an away non-conference match @  Treasure Coast (Port St. Lucie, FL) on Monday, September 28 @ 6p.","/fl/volleyball/match/martin-county-stuart-vs-treasure-coast-port-st-lucie/9-28-2026/?c=ddf44749-3146-4307-b3cd-5f2091ea166f","https://www.maxpreps.com/fl/volleyball/match/martin-county-stuart-vs-treasure-coast-port-st-lucie/9-28-2026/?c=ddf44749-3146-4307-b3cd-5f2091ea166f","/volleyball/fl/1464?9/28/2026","Martin County","Tigers","https://www.maxpreps.com/fl/martin-county-stuart/girls-volleyball/","https://www.maxpreps.com/fl/treasure-coast-port-st-lucie/girls-volleyball/","https://hsfootball.net/proxy.php?url=https%3A%2F%2Fimage.maxpreps.io%2Fschool-mascot%2Fc%2F5%2Ff%2Fc5f88c5a-53a4-4b68-8e2f-565c2f3af6f0.gif%3Fversion%3D637122559800000000%26amp%3Bwidth%3D128%26amp%3Bheight%3D128%26amp%3Bauto%3Dwebp%26amp%3Bformat%3Dpjpg","https://hsfootball.net/proxy.php?url=https%3A%2F%2Fimage.maxpreps.io%2Fschool-mascot%2F3%2Fe%2F9%2F3e909c48-4a35-4d76-8e66-2003243f217b.gif%3Fversion%3D637939897800000000%26amp%3Bwidth%3D128%26amp%3Bheight%3D128%26amp%3Bauto%3Dwebp%26amp%3Bformat%3Dpjpg","girl"
55,"Hallandale vs Taravella",Girls Volleyball,"Florida",9/28/2026,6:00pm,"The Hallandale varsity volleyball team has an away non-conference match @  Taravella (Coral Springs, FL) on Monday, September 28 @ 6p.","/fl/volleyball/match/hallandale-vs-taravella-coral-springs/9-28-2026/?c=929e63a8-96d2-49ff-8a77-d4db19b4da6d","https://www.maxpreps.com/fl/volleyball/match/hallandale-vs-taravella-coral-springs/9-28-2026/?c=929e63a8-96d2-49ff-8a77-d4db19b4da6d","/volleyball/fl/e76?9/28/2026","Hallandale","Chargers","https://www.maxpreps.com/fl/hallandale/girls-volleyball/","https://www.maxpreps.com/fl/taravella-coral-springs/girls-volleyball/","https://hsfootball.net/proxy.php?url=https%3A%2F%2Fimage.maxpreps.io%2Fschool-mascot%2Fe%2F2%2F5%2Fe25bc8be-906e-4fee-9088-2d7dc4eb3431.gif%3Fversion%3D635917293600000000%26amp%3Bwidth%3D128%26amp%3Bheight%3D128%26amp%3Bauto%3Dwebp%26amp%3Bformat%3Dpjpg","https://hsfootball.net/proxy.php?url=https%3A%2F%2Fimage.maxpreps.io%2Fschool-mascot%2Ff%2F2%2F9%2Ff29f1abe-36f3-4cd0-a474-33a7f38a9812.gif%3Fversion%3D635081962800000000%26amp%3Bwidth%3D128%26amp%3Bheight%3D128%26amp%3Bauto%3Dwebp%26amp%3Bformat%3Dpjpg","girl"
56,"Deerfield Beach vs West Boca Raton",Girls Volleyball,"Florida",9/28/2026,6:00pm,"The Deerfield Beach varsity volleyball team has an away non-conference match @  West Boca Raton (Boca Raton, FL) on Monday, September 28 @ 6p.","/fl/volleyball/match/deerfield-beach-vs-west-boca-raton/9-28-2026/?c=996b19b1-bade-4eb8-93e3-99b321f5dde1","https://www.maxpreps.com/fl/volleyball/match/deerfield-beach-vs-west-boca-raton/9-28-2026/?c=996b19b1-bade-4eb8-93e3-99b321f5dde1","/volleyball/fl/cdd?9/28/2026","Deerfield Beach","Bucks","https://www.maxpreps.com/fl/deerfield-beach/girls-volleyball/","https://www.maxpreps.com/fl/west-boca-raton/girls-volleyball/","https://hsfootball.net/proxy.php?url=https%3A%2F%2Fimage.maxpreps.io%2Fschool-mascot%2Ff%2Fc%2F6%2Ffc6e9363-e5fe-4c04-ac29-485fbe1b210a.gif%3Fversion%3D636759717600000000%26amp%3Bwidth%3D128%26amp%3Bheight%3D128%26amp%3Bauto%3Dwebp%26amp%3Bformat%3Dpjpg","https://hsfootball.net/proxy.php?url=https%3A%2F%2Fimage.maxpreps.io%2Fschool-mascot%2Fe%2F7%2F9%2Fe7903dfb-37a9-4b3b-af93-19f0569f5114.gif%3Fversion%3D638296082400000000%26amp%3Bwidth%3D128%26amp%3Bheight%3D128%26amp%3Bauto%3Dwebp%26amp%3Bformat%3Dpjpg","girl"
57,"Bartow vs Sebring",Girls Volleyball,"Florida",9/28/2026,6:00pm,"The Bartow varsity volleyball team has an away conference match @  Sebring (FL) on Monday, September 28 @ 6p.","/fl/volleyball/match/bartow-vs-sebring/9-28-2026/?c=5efc1e5b-d206-47b0-94e9-7876a534861a","https://www.maxpreps.com/fl/volleyball/match/bartow-vs-sebring/9-28-2026/?c=5efc1e5b-d206-47b0-94e9-7876a534861a","/volleyball/fl/6bc?9/28/2026","Bartow","Yellow Jackets","https://www.maxpreps.com/fl/bartow/girls-volleyball/","https://www.maxpreps.com/fl/sebring/girls-volleyball/","https://hsfootball.net/proxy.php?url=https%3A%2F%2Fimage.maxpreps.io%2Fschool-mascot%2Fe%2Fa%2Fd%2Fead184de-eac6-40f3-b7f0-b7da97da328d.gif%3Fversion%3D635156022600000000%26amp%3Bwidth%3D128%26amp%3Bheight%3D128%26amp%3Bauto%3Dwebp%26amp%3Bformat%3Dpjpg","https://hsfootball.net/proxy.php?url=https%3A%2F%2Fimage.maxpreps.io%2Fschool-mascot%2F0%2F9%2F1%2F09146126-2274-40ef-b551-f15f65acd252.gif%3Fversion%3D633622656600000000%26amp%3Bwidth%3D128%26amp%3Bheight%3D128%26amp%3Bauto%3Dwebp%26amp%3Bformat%3Dpjpg","girl"
58,"Bethlehem vs Geneva",Girls Volleyball,"Florida",9/28/2026,5:00pm,"The Bethlehem varsity volleyball team has an away non-conference match @  Geneva (AL) on Monday, September 28 @ 5p.","/inter-state/volleyball/match/bethlehem-bonifay-fl-vs-geneva-al/9-28-2026/?c=30083245-e4ea-4660-ba5f-936b5b57492f","https://www.maxpreps.com/inter-state/volleyball/match/bethlehem-bonifay-fl-vs-geneva-al/9-28-2026/?c=30083245-e4ea-4660-ba5f-936b5b57492f","/volleyball/fl/c75?9/28/2026","Bethlehem","Wildcats","https://www.maxpreps.com/fl/bethlehem-bonifay-fl/girls-volleyball/","https://www.maxpreps.com/fl/geneva-al/girls-volleyball/","https://hsfootball.net/proxy.php?url=https%3A%2F%2Fimage.maxpreps.io%2Fschool-mascot%2Fd%2F7%2F7%2Fd778af57-6281-4dcc-b474-4974e1e3ca7e.gif%3Fversion%3D636453026400000000%26amp%3Bwidth%3D128%26amp%3Bheight%3D128%26amp%3Bauto%3Dwebp%26amp%3Bformat%3Dpjpg","https://hsfootball.net/proxy.php?url=https%3A%2F%2Fimage.maxpreps.io%2Fschool-mascot%2Ff%2Ff%2Fc%2Fffc1f146-8c07-4b89-9379-acafe3e96ea3.gif%3Fversion%3D638229438600000000%26amp%3Bwidth%3D128%26amp%3Bheight%3D128%26amp%3Bauto%3Dwebp%26amp%3Bformat%3Dpjpg","girl"
59,"Landmark Christian vs Lakes Church Academy",Girls Volleyball,"Florida",9/28/2026,6:00pm,"The Landmark Christian varsity volleyball team has an away non-conference match @  Lakes Church Academy (Lakeland, FL) on Monday, September 28 @ 6p.","/fl/volleyball/match/lakes-church-academy-lakeland-vs-landmark-christian-haines-city/9-28-2026/?c=185efac6-9c11-4f42-943d-ffb5ee3409ea","https://www.maxpreps.com/fl/volleyball/match/lakes-church-academy-lakeland-vs-landmark-christian-haines-city/9-28-2026/?c=185efac6-9c11-4f42-943d-ffb5ee3409ea","/volleyball/fl/182e?9/28/2026","Landmark Christian","Patriots","https://www.maxpreps.com/fl/lakes-church-academy-lakeland/girls-volleyball/","https://www.maxpreps.com/fl/landmark-christian-haines-city/girls-volleyball/","https://hsfootball.net/proxy.php?url=https%3A%2F%2Fimage.maxpreps.io%2Fschool-mascot%2Fd%2F2%2Fa%2Fd2a3ed7c-9922-4fb5-8b97-2ffa7c4f32fe.gif%3Fversion%3D637190106600000000%26amp%3Bwidth%3D128%26amp%3Bheight%3D128%26amp%3Bauto%3Dwebp%26amp%3Bformat%3Dpjpg","https://hsfootball.net/proxy.php?url=https%3A%2F%2Fimage.maxpreps.io%2Fschool-mascot%2F0%2F7%2Fa%2F07a2a381-7edb-450a-95fd-4c9100414283.gif%3Fversion%3D638981169248822100%26amp%3Bwidth%3D128%26amp%3Bheight%3D128%26amp%3Bauto%3Dwebp%26amp%3Bformat%3Dpjpg","girl"
60,"Dale County vs Bethlehem",Girls Volleyball,"Florida",9/28/2026,6:00pm,"The Dale County varsity volleyball team has a neutral non-conference match vs.  Bethlehem (Bonifay, FL) on Monday, September 28 @ 6p.","/inter-state/volleyball/match/bethlehem-bonifay-fl-vs-dale-county-midland-city-al/9-28-2026/?c=71515b27-3bed-4033-ae4b-db2deedcbdcf","https://www.maxpreps.com/inter-state/volleyball/match/bethlehem-bonifay-fl-vs-dale-county-midland-city-al/9-28-2026/?c=71515b27-3bed-4033-ae4b-db2deedcbdcf","/volleyball/fl/1350?9/28/2026","Dale County","Warriors","https://www.maxpreps.com/fl/bethlehem-bonifay-fl/girls-volleyball/","https://www.maxpreps.com/fl/dale-county-midland-city-al/girls-volleyball/","https://hsfootball.net/proxy.php?url=https%3A%2F%2Fimage.maxpreps.io%2Fschool-mascot%2F3%2F6%2F3%2F363ac13f-2ac7-42fc-b8e5-eb3285dd4268.gif%3Fversion%3D638216559600000000%26amp%3Bwidth%3D128%26amp%3Bheight%3D128%26amp%3Bauto%3Dwebp%26amp%3Bformat%3Dpjpg","https://hsfootball.net/proxy.php?url=https%3A%2F%2Fimage.maxpreps.io%2Fschool-mascot%2Fd%2F7%2F7%2Fd778af57-6281-4dcc-b474-4974e1e3ca7e.gif%3Fversion%3D636453026400000000%26amp%3Bwidth%3D128%26amp%3Bheight%3D128%26amp%3Bauto%3Dwebp%26amp%3Bformat%3Dpjpg","girl"
61,"North Florida Christian vs Wakulla",Girls Volleyball,"Florida",9/28/2026,6:00pm,"The North Florida Christian varsity volleyball team has an away non-conference match @  Wakulla (Crawfordville, FL) on Monday, September 28 @ 6p.","/fl/volleyball/match/north-florida-christian-tallahassee-vs-wakulla-crawfordville/9-28-2026/?c=d239b46a-7def-45f5-8165-c95bd17c9a90","https://www.maxpreps.com/fl/volleyball/match/north-florida-christian-tallahassee-vs-wakulla-crawfordville/9-28-2026/?c=d239b46a-7def-45f5-8165-c95bd17c9a90","/volleyball/fl/17b4?9/28/2026","North Florida Christian","Eagles","https://www.maxpreps.com/fl/north-florida-christian-tallahassee/girls-volleyball/","https://www.maxpreps.com/fl/wakulla-crawfordville/girls-volleyball/","https://hsfootball.net/proxy.php?url=https%3A%2F%2Fimage.maxpreps.io%2Fschool-mascot%2F6%2Ff%2Fc%2F6fcb4029-a736-45ef-a1a7-342bacedc596.gif%3Fversion%3D638126600400000000%26amp%3Bwidth%3D128%26amp%3Bheight%3D128%26amp%3Bauto%3Dwebp%26amp%3Bformat%3Dpjpg","https://hsfootball.net/proxy.php?url=https%3A%2F%2Fimage.maxpreps.io%2Fschool-mascot%2F1%2Fb%2Fc%2F1bcaff05-ef8c-4e92-961e-b516f7179ce1.gif%3Fversion%3D636549721200000000%26amp%3Bwidth%3D128%26amp%3Bheight%3D128%26amp%3Bauto%3Dwebp%26amp%3Bformat%3Dpjpg","girl"
62,"Lafayette vs Columbia",Girls Volleyball,"Florida",9/28/2026,6:00pm,"The Lafayette varsity volleyball team has an away non-conference match @  Columbia (Lake City, FL) on Monday, September 28 @ 6p.","/fl/volleyball/match/columbia-lake-city-vs-lafayette-mayo/9-28-2026/?c=5790419f-cd51-4195-8963-a29a5a47154e","https://www.maxpreps.com/fl/volleyball/match/columbia-lake-city-vs-lafayette-mayo/9-28-2026/?c=5790419f-cd51-4195-8963-a29a5a47154e","/volleyball/fl/de1?9/28/2026","Lafayette","Hornets","https://www.maxpreps.com/fl/columbia-lake-city/girls-volleyball/","https://www.maxpreps.com/fl/lafayette-mayo/girls-volleyball/","https://hsfootball.net/proxy.php?url=https%3A%2F%2Fimage.maxpreps.io%2Fschool-mascot%2Fe%2F3%2F4%2Fe34fa674-fe16-43af-bcf7-78ff836b1278.gif%3Fversion%3D639178764138447080%26amp%3Bwidth%3D128%26amp%3Bheight%3D128%26amp%3Bauto%3Dwebp%26amp%3Bformat%3Dpjpg","https://hsfootball.net/proxy.php?url=https%3A%2F%2Fimage.maxpreps.io%2Fschool-mascot%2Fd%2Fb%2F4%2Fdb481745-3473-4327-a373-dbf128574298.gif%3Fversion%3D639178764178512790%26amp%3Bwidth%3D128%26amp%3Bheight%3D128%26amp%3Bauto%3Dwebp%26amp%3Bformat%3Dpjpg","girl"
63,"The Rock vs Varsity Opponent",Girls Volleyball,"Florida",9/28/2026,6:00pm,"The The Rock varsity volleyball team has an away non-conference match @  Varsity Opponent on Monday, September 28 @ 6p.","/fl/volleyball/match/the-rock-gainesville-fl-vs-varsity-opponent-intl/9-28-2026/?c=7af47e7a-2f51-42d5-8516-fe1a4c7c77d2","https://www.maxpreps.com/fl/volleyball/match/the-rock-gainesville-fl-vs-varsity-opponent-intl/9-28-2026/?c=7af47e7a-2f51-42d5-8516-fe1a4c7c77d2","/volleyball/fl/12b5?9/28/2026","The Rock","Lions","https://www.maxpreps.com/fl/the-rock-gainesville-fl/girls-volleyball/","https://www.maxpreps.com/fl/varsity-opponent-intl/girls-volleyball/","https://hsfootball.net/proxy.php?url=https%3A%2F%2Fimage.maxpreps.io%2Fschool-mascot%2Fd%2Ff%2Fe%2Fdfe58d58-3069-4189-b566-5b9f1b17dc05.gif%3Fversion%3D638404854600000000%26amp%3Bwidth%3D128%26amp%3Bheight%3D128%26amp%3Bauto%3Dwebp%26amp%3Bformat%3Dpjpg","https://hsfootball.net/proxy.php?url=https%3A%2F%2Fimage.maxpreps.io%2Fschool-mascot%2Fd%2Ff%2Fe%2Fdfe58d58-3069-4189-b566-5b9f1b17dc05.gif%3Fversion%3D638404854600000000%26amp%3Bwidth%3D32%26amp%3Bheight%3D32%26amp%3Bauto%3Dwebp%26amp%3Bformat%3Dpjpg","girl"
64,"Aucilla Christian vs Maclay",Girls Volleyball,"Florida",9/28/2026,6:00pm,"The Aucilla Christian varsity volleyball team has an away non-conference match @  Maclay (Tallahassee, FL) on Monday, September 28 @ 6p.","/fl/volleyball/match/aucilla-christian-monticello-vs-maclay-tallahassee/9-28-2026/?c=50f37ac6-dd4f-47d2-9fd3-a5872dae9c14","https://www.maxpreps.com/fl/volleyball/match/aucilla-christian-monticello-vs-maclay-tallahassee/9-28-2026/?c=50f37ac6-dd4f-47d2-9fd3-a5872dae9c14","/volleyball/fl/139e?9/28/2026","Aucilla Christian","Warriors","https://www.maxpreps.com/fl/aucilla-christian-monticello/girls-volleyball/","https://www.maxpreps.com/fl/maclay-tallahassee/girls-volleyball/","https://hsfootball.net/proxy.php?url=https%3A%2F%2Fimage.maxpreps.io%2Fschool-mascot%2F9%2Fa%2Ff%2F9af676db-70da-42a6-b95e-c7498f450f56.gif%3Fversion%3D639178400997919750%26amp%3Bwidth%3D128%26amp%3Bheight%3D128%26amp%3Bauto%3Dwebp%26amp%3Bformat%3Dpjpg","https://hsfootball.net/proxy.php?url=https%3A%2F%2Fimage.maxpreps.io%2Fschool-mascot%2Ff%2Fd%2F0%2Ffd0c505c-b1c8-4674-a9db-add16d564760.gif%3Fversion%3D635465024400000000%26amp%3Bwidth%3D128%26amp%3Bheight%3D128%26amp%3Bauto%3Dwebp%26amp%3Bformat%3Dpjpg","girl"
65,"South Broward vs Fort Lauderdale",Girls Volleyball,"Florida",9/28/2026,6:00pm,"The South Broward varsity volleyball team has an away non-conference match @  Fort Lauderdale (FL) on Monday, September 28 @ 6p.","/fl/volleyball/match/fort-lauderdale-vs-south-broward-hollywood/9-28-2026/?c=84db5643-7174-46b0-84fa-12d1e4bd0afa","https://www.maxpreps.com/fl/volleyball/match/fort-lauderdale-vs-south-broward-hollywood/9-28-2026/?c=84db5643-7174-46b0-84fa-12d1e4bd0afa","/volleyball/fl/109d?9/28/2026","South Broward","Bulldogs","https://www.maxpreps.com/fl/fort-lauderdale/girls-volleyball/","https://www.maxpreps.com/fl/south-broward-hollywood/girls-volleyball/","https://hsfootball.net/proxy.php?url=https%3A%2F%2Fimage.maxpreps.io%2Fschool-mascot%2F1%2F5%2F3%2F1535f201-288e-455c-b5f0-37fe2259255f.gif%3Fversion%3D638351377200000000%26amp%3Bwidth%3D128%26amp%3Bheight%3D128%26amp%3Bauto%3Dwebp%26amp%3Bformat%3Dpjpg","https://hsfootball.net/proxy.php?url=https%3A%2F%2Fimage.maxpreps.io%2Fschool-mascot%2F6%2Fc%2Fd%2F6cdf449d-2644-4936-b0ca-a52aa2e5a57a.gif%3Fversion%3D638031528000000000%26amp%3Bwidth%3D128%26amp%3Bheight%3D128%26amp%3Bauto%3Dwebp%26amp%3Bformat%3Dpjpg","girl"
66,"Somerset College Prep Academy vs Morningside Academy",Girls Volleyball,"Florida",9/28/2026,6:00pm,"The Somerset College Prep Academy varsity volleyball team has an away non-conference match @  Morningside Academy (Port St. Lucie, FL) on Monday, September 28 @ 6p.","/fl/volleyball/match/morningside-academy-eagles-eddy-port-st-lucie-vs-somerset-college-prep-academy-port-st-lucie/9-28-2026/?c=b7adfc42-848a-4f97-b8af-50f624b87556","https://www.maxpreps.com/fl/volleyball/match/morningside-academy-eagles-eddy-port-st-lucie-vs-somerset-college-prep-academy-port-st-lucie/9-28-2026/?c=b7adfc42-848a-4f97-b8af-50f624b87556","/volleyball/fl/233d?9/28/2026","Somerset College Prep Academy","Spartans","https://www.maxpreps.com/fl/morningside-academy-eagles-eddy-port-st-lucie/girls-volleyball/","https://www.maxpreps.com/fl/somerset-college-prep-academy-port-st-lucie/girls-volleyball/","https://hsfootball.net/proxy.php?url=https%3A%2F%2Fimage.maxpreps.io%2Fschool-mascot%2F1%2F7%2F8%2F178bcef2-6010-437d-b2cf-48757e80b41c.gif%3Fversion%3D637616994000000000%26amp%3Bwidth%3D128%26amp%3Bheight%3D128%26amp%3Bauto%3Dwebp%26amp%3Bformat%3Dpjpg","https://hsfootball.net/proxy.php?url=https%3A%2F%2Fimage.maxpreps.io%2Fschool-mascot%2F4%2F5%2F3%2F45344fff-45af-4694-960f-fdc9b10e8113.gif%3Fversion%3D638834919787278970%26amp%3Bwidth%3D128%26amp%3Bheight%3D128%26amp%3Bauto%3Dwebp%26amp%3Bformat%3Dpjpg","girl"
67,"Newberry vs Bell",Girls Volleyball,"Florida",9/28/2026,6:00pm,"The Newberry varsity volleyball team has an away non-conference match @  Bell (FL) on Monday, September 28 @ 6p.","/fl/volleyball/match/bell-vs-newberry/9-28-2026/?c=fe4d1381-247c-4a9a-bec8-4f9e3be03d39","https://www.maxpreps.com/fl/volleyball/match/bell-vs-newberry/9-28-2026/?c=fe4d1381-247c-4a9a-bec8-4f9e3be03d39","/volleyball/fl/650?9/28/2026","Newberry","Panthers","https://www.maxpreps.com/fl/bell/girls-volleyball/","https://www.maxpreps.com/fl/newberry/girls-volleyball/","https://hsfootball.net/proxy.php?url=https%3A%2F%2Fimage.maxpreps.io%2Fschool-mascot%2F1%2Fe%2F4%2F1e437754-b245-4ccb-96e2-031956f2d3f7.gif%3Fversion%3D638641443888929160%26amp%3Bwidth%3D128%26amp%3Bheight%3D128%26amp%3Bauto%3Dwebp%26amp%3Bformat%3Dpjpg","https://hsfootball.net/proxy.php?url=https%3A%2F%2Fimage.maxpreps.io%2Fschool-mascot%2F6%2Ff%2F0%2F6f0b0a66-9d4b-4399-9f20-79185c04628b.gif%3Fversion%3D636700131600000000%26amp%3Bwidth%3D128%26amp%3Bheight%3D128%26amp%3Bauto%3Dwebp%26amp%3Bformat%3Dpjpg","girl"
68,"Glades Central vs Pahokee",Girls Volleyball,"Florida",9/28/2026,6:00pm,"The Glades Central varsity volleyball team has an away non-conference match @  Pahokee (FL) on Monday, September 28 @ 6p.","/fl/volleyball/match/glades-central-belle-glade-vs-pahokee/9-28-2026/?c=28d7a194-84a5-4120-bf6b-189f5e226076","https://www.maxpreps.com/fl/volleyball/match/glades-central-belle-glade-vs-pahokee/9-28-2026/?c=28d7a194-84a5-4120-bf6b-189f5e226076","/volleyball/fl/e01?9/28/2026","Glades Central","Raiders","https://www.maxpreps.com/fl/glades-central-belle-glade/girls-volleyball/","https://www.maxpreps.com/fl/pahokee/girls-volleyball/","https://hsfootball.net/proxy.php?url=https%3A%2F%2Fimage.maxpreps.io%2Fschool-mascot%2Fb%2Fc%2F4%2Fbc4f907e-56db-470c-a76f-d11413d55b30.gif%3Fversion%3D638034039000000000%26amp%3Bwidth%3D128%26amp%3Bheight%3D128%26amp%3Bauto%3Dwebp%26amp%3Bformat%3Dpjpg","https://hsfootball.net/proxy.php?url=https%3A%2F%2Fimage.maxpreps.io%2Fschool-mascot%2Fb%2F2%2F9%2Fb291fc46-7d4d-4d15-884a-9042be670094.gif%3Fversion%3D635361792600000000%26amp%3Bwidth%3D128%26amp%3Bheight%3D128%26amp%3Bauto%3Dwebp%26amp%3Bformat%3Dpjpg","girl"
69,"Palmer Trinity vs NSU University",Girls Volleyball,"Florida",9/28/2026,6:00pm,"The Palmer Trinity varsity volleyball team has an away non-conference match @  NSU University (Fort Lauderdale, FL) on Monday, September 28 @ 6p.","/fl/volleyball/match/nsu-university-fort-lauderdale-vs-palmer-trinity-miami/9-28-2026/?c=08a60acb-4af4-48d4-a819-8fadb28c5b91","https://www.maxpreps.com/fl/volleyball/match/nsu-university-fort-lauderdale-vs-palmer-trinity-miami/9-28-2026/?c=08a60acb-4af4-48d4-a819-8fadb28c5b91","/volleyball/fl/154b?9/28/2026","Palmer Trinity","Falcons","https://www.maxpreps.com/fl/nsu-university-fort-lauderdale/girls-volleyball/","https://www.maxpreps.com/fl/palmer-trinity-miami/girls-volleyball/","https://hsfootball.net/proxy.php?url=https%3A%2F%2Fimage.maxpreps.io%2Fschool-mascot%2Fd%2F8%2F2%2Fd82babb3-3a33-4308-bce4-8b5fcb0d722d.gif%3Fversion%3D634939613400000000%26amp%3Bwidth%3D128%26amp%3Bheight%3D128%26amp%3Bauto%3Dwebp%26amp%3Bformat%3Dpjpg","https://hsfootball.net/proxy.php?url=https%3A%2F%2Fimage.maxpreps.io%2Fschool-mascot%2Fb%2F1%2F4%2Fb14f1bcd-df00-4ede-867d-1d1ed9d13484.gif%3Fversion%3D636190290600000000%26amp%3Bwidth%3D128%26amp%3Bheight%3D128%26amp%3Bauto%3Dwebp%26amp%3Bformat%3Dpjpg","girl"
70,"Rutherford vs Cottondale",Girls Volleyball,"Florida",9/28/2026,6:00pm,"The Rutherford varsity volleyball team has an away non-conference match @  Cottondale (FL) on Monday, September 28 @ 6p.","/fl/volleyball/match/cottondale-vs-rutherford-panama-city/9-28-2026/?c=514a671e-cc20-4df5-a4b3-880dbeacfa09","https://www.maxpreps.com/fl/volleyball/match/cottondale-vs-rutherford-panama-city/9-28-2026/?c=514a671e-cc20-4df5-a4b3-880dbeacfa09","/volleyball/fl/e36?9/28/2026","Rutherford","Rams","https://www.maxpreps.com/fl/cottondale/girls-volleyball/","https://www.maxpreps.com/fl/rutherford-panama-city/girls-volleyball/","https://hsfootball.net/proxy.php?url=https%3A%2F%2Fimage.maxpreps.io%2Fschool-mascot%2F1%2F7%2F6%2F176b511b-b76c-4f49-b3ab-d333bc59757d.gif%3Fversion%3D639180967322204020%26amp%3Bwidth%3D128%26amp%3Bheight%3D128%26amp%3Bauto%3Dwebp%26amp%3Bformat%3Dpjpg","https://hsfootball.net/proxy.php?url=https%3A%2F%2Fimage.maxpreps.io%2Fschool-mascot%2Ff%2Fe%2F5%2Ffe5355f2-1591-453d-b97a-0f7bdc1061ad.gif%3Fversion%3D639178764224797260%26amp%3Bwidth%3D128%26amp%3Bheight%3D128%26amp%3Bauto%3Dwebp%26amp%3Bformat%3Dpjpg","girl"
71,"Sneads vs Vernon",Girls Volleyball,"Florida",9/28/2026,6:00pm,"The Sneads varsity volleyball team has an away non-conference match @  Vernon (FL) on Monday, September 28 @ 6p.","/fl/volleyball/match/sneads-vs-vernon/9-28-2026/?c=1066661c-aba3-4771-992e-f83c10f44f29","https://www.maxpreps.com/fl/volleyball/match/sneads-vs-vernon/9-28-2026/?c=1066661c-aba3-4771-992e-f83c10f44f29","/volleyball/fl/659?9/28/2026","Sneads","Pirates","https://www.maxpreps.com/fl/sneads/girls-volleyball/","https://www.maxpreps.com/fl/vernon/girls-volleyball/","https://hsfootball.net/proxy.php?url=https%3A%2F%2Fimage.maxpreps.io%2Fschool-mascot%2Ff%2F2%2Fb%2Ff2b32bc9-fbc9-4624-9481-6372d8f34de7.gif%3Fversion%3D639180967255933510%26amp%3Bwidth%3D128%26amp%3Bheight%3D128%26amp%3Bauto%3Dwebp%26amp%3Bformat%3Dpjpg","https://hsfootball.net/proxy.php?url=https%3A%2F%2Fimage.maxpreps.io%2Fschool-mascot%2Fa%2F0%2F0%2Fa0074e56-2897-498a-accd-036228323799.gif%3Fversion%3D639180967343998940%26amp%3Bwidth%3D128%26amp%3Bheight%3D128%26amp%3Bauto%3Dwebp%26amp%3Bformat%3Dpjpg","girl"
72,"Liberty County vs Bozeman",Girls Volleyball,"Florida",9/28/2026,6:00pm,"The Liberty County varsity volleyball team has an away non-conference match @  Bozeman (Panama City, FL) on Monday, September 28 @ 6p.","/fl/volleyball/match/bozeman-panama-city-vs-liberty-county-bristol/9-28-2026/?c=fa1f510b-9207-4a0b-8370-1e8be81b3b8e","https://www.maxpreps.com/fl/volleyball/match/bozeman-panama-city-vs-liberty-county-bristol/9-28-2026/?c=fa1f510b-9207-4a0b-8370-1e8be81b3b8e","/volleyball/fl/11a6?9/28/2026","Liberty County","Bulldogs","https://www.maxpreps.com/fl/bozeman-panama-city/girls-volleyball/","https://www.maxpreps.com/fl/liberty-county-bristol/girls-volleyball/","https://hsfootball.net/proxy.php?url=https%3A%2F%2Fimage.maxpreps.io%2Fschool-mascot%2F3%2F2%2F2%2F322657e6-7dd6-4f7a-b0f9-3551d393e8db.gif%3Fversion%3D638579372783809750%26amp%3Bwidth%3D128%26amp%3Bheight%3D128%26amp%3Bauto%3Dwebp%26amp%3Bformat%3Dpjpg","https://hsfootball.net/proxy.php?url=https%3A%2F%2Fimage.maxpreps.io%2Fschool-mascot%2F3%2F2%2F2%2F322657e6-7dd6-4f7a-b0f9-3551d393e8db.gif%3Fversion%3D638579372783809750%26amp%3Bwidth%3D32%26amp%3Bheight%3D32%26amp%3Bauto%3Dwebp%26amp%3Bformat%3Dpjpg","girl"
73,"Niceville vs Mosley",Girls Volleyball,"Florida",9/28/2026,6:00pm,"The Niceville varsity volleyball team has an away non-conference match @  Mosley (Lynn Haven, FL) on Monday, September 28 @ 6p.","/fl/volleyball/match/mosley-lynn-haven-vs-niceville/9-28-2026/?c=946f68f8-f7de-4ce7-9d19-0953a8c9cc6d","https://www.maxpreps.com/fl/volleyball/match/mosley-lynn-haven-vs-niceville/9-28-2026/?c=946f68f8-f7de-4ce7-9d19-0953a8c9cc6d","/volleyball/fl/bc4?9/28/2026","Niceville","Eagles","https://www.maxpreps.com/fl/mosley-lynn-haven/girls-volleyball/","https://www.maxpreps.com/fl/niceville/girls-volleyball/","https://hsfootball.net/proxy.php?url=https%3A%2F%2Fimage.maxpreps.io%2Fschool-mascot%2Ff%2Fc%2Ff%2Ffcfecb46-b7ac-493b-815c-30f78ab76cc3.gif%3Fversion%3D634970799600000000%26amp%3Bwidth%3D128%26amp%3Bheight%3D128%26amp%3Bauto%3Dwebp%26amp%3Bformat%3Dpjpg","https://hsfootball.net/proxy.php?url=https%3A%2F%2Fimage.maxpreps.io%2Fschool-mascot%2F2%2Fd%2F1%2F2d16a5bc-9a51-41b3-9110-bc24500a2e37.gif%3Fversion%3D637178730600000000%26amp%3Bwidth%3D128%26amp%3Bheight%3D128%26amp%3Bauto%3Dwebp%26amp%3Bformat%3Dpjpg","girl"
74,"City of Life Christian Academy vs Central Florida Christian Academy",Girls Volleyball,"Florida",9/28/2026,6:00pm,"The City of Life Christian Academy varsity volleyball team has an away non-conference match @  Central Florida Christian Academy (Ocoee, FL) on Monday, September 28 @ 6p.","/fl/volleyball/match/central-florida-christian-academy-ocoee-vs-city-of-life-christian-academy-kissimmee/9-28-2026/?c=87f17684-2f69-4a03-bc9f-c050c04f3d00","https://www.maxpreps.com/fl/volleyball/match/central-florida-christian-academy-ocoee-vs-city-of-life-christian-academy-kissimmee/9-28-2026/?c=87f17684-2f69-4a03-bc9f-c050c04f3d00","/volleyball/fl/1fd4?9/28/2026","City of Life Christian Academy","Warriors","https://www.maxpreps.com/fl/central-florida-christian-academy-ocoee/girls-volleyball/","https://www.maxpreps.com/fl/city-of-life-christian-academy-kissimmee/girls-volleyball/","https://hsfootball.net/proxy.php?url=https%3A%2F%2Fimage.maxpreps.io%2Fschool-mascot%2F2%2F6%2F2%2F262b518d-56b5-41f2-bea4-fcec661fff1a.gif%3Fversion%3D637408618200000000%26amp%3Bwidth%3D128%26amp%3Bheight%3D128%26amp%3Bauto%3Dwebp%26amp%3Bformat%3Dpjpg","https://hsfootball.net/proxy.php?url=https%3A%2F%2Fimage.maxpreps.io%2Fschool-mascot%2Fc%2F7%2Fa%2Fc7a6ad27-e75b-498a-a1da-acf9bc5276c3.gif%3Fversion%3D635519088000000000%26amp%3Bwidth%3D128%26amp%3Bheight%3D128%26amp%3Bauto%3Dwebp%26amp%3Bformat%3Dpjpg","girl"
75,"Buchholz vs Forest",Girls Volleyball,"Florida",9/28/2026,6:30pm,"The Buchholz varsity volleyball team has an away non-conference match @  Forest (Ocala, FL) on Monday, September 28 @ 6:30p.","/fl/volleyball/match/buchholz-gainesville-vs-forest-ocala/9-28-2026/?c=8a1fceaf-03b7-4f3f-803d-15e7be239d67","https://www.maxpreps.com/fl/volleyball/match/buchholz-gainesville-vs-forest-ocala/9-28-2026/?c=8a1fceaf-03b7-4f3f-803d-15e7be239d67","/volleyball/fl/e22?9/28/2026","Buchholz","Bobcats","https://www.maxpreps.com/fl/buchholz-gainesville/girls-volleyball/","https://www.maxpreps.com/fl/forest-ocala/girls-volleyball/","https://hsfootball.net/proxy.php?url=https%3A%2F%2Fimage.maxpreps.io%2Fschool-mascot%2Ff%2F2%2F8%2Ff28b778d-91b2-4163-af25-10f416021dd9.gif%3Fversion%3D638750394547676530%26amp%3Bwidth%3D128%26amp%3Bheight%3D128%26amp%3Bauto%3Dwebp%26amp%3Bformat%3Dpjpg","https://hsfootball.net/proxy.php?url=https%3A%2F%2Fimage.maxpreps.io%2Fschool-mascot%2F9%2F7%2F6%2F9764f98c-d237-40e9-b2cf-6a3cadbdecf9.gif%3Fversion%3D638759940691101310%26amp%3Bwidth%3D128%26amp%3Bheight%3D128%26amp%3Bauto%3Dwebp%26amp%3Bformat%3Dpjpg","girl"
76,"Chipley vs Arnold",Girls Volleyball,"Florida",9/28/2026,6:30pm,"The Chipley varsity volleyball team has an away non-conference match @  Arnold (Panama City Beach, FL) on Monday, September 28 @ 6:30p.","/fl/volleyball/match/arnold-panama-city-beach-vs-chipley/9-28-2026/?c=172bfebd-825b-43e1-a4c1-006554684fac","https://www.maxpreps.com/fl/volleyball/match/arnold-panama-city-beach-vs-chipley/9-28-2026/?c=172bfebd-825b-43e1-a4c1-006554684fac","/volleyball/fl/d52?9/28/2026","Chipley","Tigers","https://www.maxpreps.com/fl/arnold-panama-city-beach/girls-volleyball/","https://www.maxpreps.com/fl/chipley/girls-volleyball/","https://hsfootball.net/proxy.php?url=https%3A%2F%2Fimage.maxpreps.io%2Fschool-mascot%2Fe%2F3%2Fe%2Fe3e739fa-477d-42b7-8220-ee1c1d015210.gif%3Fversion%3D639180703194777200%26amp%3Bwidth%3D128%26amp%3Bheight%3D128%26amp%3Bauto%3Dwebp%26amp%3Bformat%3Dpjpg","https://hsfootball.net/proxy.php?url=https%3A%2F%2Fimage.maxpreps.io%2Fschool-mascot%2Fe%2F7%2Fd%2Fe7d422f1-283e-4d5c-87c1-0ed003834adb.gif%3Fversion%3D636941908800000000%26amp%3Bwidth%3D128%26amp%3Bheight%3D128%26amp%3Bauto%3Dwebp%26amp%3Bformat%3Dpjpg","girl"
77,"Destin vs Navarre",Girls Volleyball,"Florida",9/28/2026,6:30pm,"The Destin varsity volleyball team has an away non-conference match @  Navarre (FL) on Monday, September 28 @ 6:30p.","/fl/volleyball/match/destin-vs-navarre/9-28-2026/?c=8e0c03e8-51ee-4a9a-9976-5bceece5526b","https://www.maxpreps.com/fl/volleyball/match/destin-vs-navarre/9-28-2026/?c=8e0c03e8-51ee-4a9a-9976-5bceece5526b","/volleyball/fl/6b9?9/28/2026","Destin","Sharks","https://www.maxpreps.com/fl/destin/girls-volleyball/","https://www.maxpreps.com/fl/navarre/girls-volleyball/","https://hsfootball.net/proxy.php?url=https%3A%2F%2Fimage.maxpreps.io%2Fschool-mascot%2F9%2Ff%2Ff%2F9ff74951-1304-470d-993a-17bc22eabcc2.gif%3Fversion%3D638651200208685990%26amp%3Bwidth%3D128%26amp%3Bheight%3D128%26amp%3Bauto%3Dwebp%26amp%3Bformat%3Dpjpg","https://hsfootball.net/proxy.php?url=https%3A%2F%2Fimage.maxpreps.io%2Fschool-mascot%2Fd%2F0%2F4%2Fd047cf12-8031-40f0-bb0e-16205c2c558e.gif%3Fversion%3D634881758400000000%26amp%3Bwidth%3D128%26amp%3Bheight%3D128%26amp%3Bauto%3Dwebp%26amp%3Bformat%3Dpjpg","girl"
78,"Seven Rivers Christian vs First Academy",Girls Volleyball,"Florida",9/28/2026,6:30pm,"The Seven Rivers Christian varsity volleyball team has an away non-conference match @  First Academy (Leesburg, FL) on Monday, September 28 @ 6:30p.","/fl/volleyball/match/first-academy-leesburg-vs-seven-rivers-christian-warhawks-lecanto/9-28-2026/?c=6c344f78-71c6-4aa3-a9b3-63e4519fa9ef","https://www.maxpreps.com/fl/volleyball/match/first-academy-leesburg-vs-seven-rivers-christian-warhawks-lecanto/9-28-2026/?c=6c344f78-71c6-4aa3-a9b3-63e4519fa9ef","/volleyball/fl/1975?9/28/2026","Seven Rivers Christian","Warriors","https://www.maxpreps.com/fl/first-academy-leesburg/girls-volleyball/","https://www.maxpreps.com/fl/seven-rivers-christian-warhawks-lecanto/girls-volleyball/","https://hsfootball.net/proxy.php?url=https%3A%2F%2Fimage.maxpreps.io%2Fschool-mascot%2Fa%2F0%2F5%2Fa058c88a-3b9e-46d3-a12f-b7b76b44111c.gif%3Fversion%3D635519110200000000%26amp%3Bwidth%3D128%26amp%3Bheight%3D128%26amp%3Bauto%3Dwebp%26amp%3Bformat%3Dpjpg","https://hsfootball.net/proxy.php?url=https%3A%2F%2Fimage.maxpreps.io%2Fschool-mascot%2Fa%2Fe%2F6%2Fae6de6f4-936a-494c-a002-c65200760788.gif%3Fversion%3D636398613000000000%26amp%3Bwidth%3D128%26amp%3Bheight%3D128%26amp%3Bauto%3Dwebp%26amp%3Bformat%3Dpjpg","girl"
79,"St. Joseph Academy vs Global Outreach Charter Academy",Girls Volleyball,"Florida",9/28/2026,6:30pm,"The St. Joseph Academy varsity volleyball team has an away non-conference match @  Global Outreach Charter Academy (Jacksonville, FL) on Monday, September 28 @ 6:30p.","/fl/volleyball/match/global-outreach-charter-academy-jacksonville-vs-st-joseph-academy-fighting-flashes-st-augustine/9-28-2026/?c=4969ca22-4322-449a-b5f0-abc3c5081eee","https://www.maxpreps.com/fl/volleyball/match/global-outreach-charter-academy-jacksonville-vs-st-joseph-academy-fighting-flashes-st-augustine/9-28-2026/?c=4969ca22-4322-449a-b5f0-abc3c5081eee","/volleyball/fl/24c9?9/28/2026","St. Joseph Academy","Flashes","https://www.maxpreps.com/fl/global-outreach-charter-academy-jacksonville/girls-volleyball/","https://www.maxpreps.com/fl/st-joseph-academy-fighting-flashes-st-augustine/girls-volleyball/","https://hsfootball.net/proxy.php?url=https%3A%2F%2Fimage.maxpreps.io%2Fschool-mascot%2Fd%2Fc%2F0%2Fdc0d2033-8372-4b17-bdf2-c248e3ff2c64.gif%3Fversion%3D635779996800000000%26amp%3Bwidth%3D128%26amp%3Bheight%3D128%26amp%3Bauto%3Dwebp%26amp%3Bformat%3Dpjpg","https://hsfootball.net/proxy.php?url=https%3A%2F%2Fimage.maxpreps.io%2Fschool-mascot%2Fd%2F8%2F1%2Fd81da03b-3bdb-413f-a2f4-47c908d845ac.gif%3Fversion%3D638815253442558480%26amp%3Bwidth%3D128%26amp%3Bheight%3D128%26amp%3Bauto%3Dwebp%26amp%3Bformat%3Dpjpg","girl"
80,"Riverbend Academy vs Burns Sci-Tech",Girls Volleyball,"Florida",9/28/2026,6:30pm,"The Riverbend Academy varsity volleyball team has an away conference match @  Burns Sci-Tech (Oak Hill, FL) on Monday, September 28 @ 6:30p.","/fl/volleyball/match/burns-sci-tech-oak-hill-vs-riverbend-academy-ormond-beach/9-28-2026/?c=4bef69d4-a2ef-44e7-895e-4029a02bb017","https://www.maxpreps.com/fl/volleyball/match/burns-sci-tech-oak-hill-vs-riverbend-academy-ormond-beach/9-28-2026/?c=4bef69d4-a2ef-44e7-895e-4029a02bb017","/volleyball/fl/1586?9/28/2026","Riverbend Academy","Warriors","https://www.maxpreps.com/fl/burns-sci-tech-oak-hill/girls-volleyball/","https://www.maxpreps.com/fl/riverbend-academy-ormond-beach/girls-volleyball/","https://hsfootball.net/proxy.php?url=https%3A%2F%2Fimage.maxpreps.io%2Fschool-mascot%2Fa%2Fe%2Fe%2Faee386db-aabb-44fb-aa51-086753b0c1f7.gif%3Fversion%3D638743388585176620%26amp%3Bwidth%3D128%26amp%3Bheight%3D128%26amp%3Bauto%3Dwebp%26amp%3Bformat%3Dpjpg","https://hsfootball.net/proxy.php?url=https%3A%2F%2Fimage.maxpreps.io%2Fschool-mascot%2Fa%2Fe%2Fe%2Faee386db-aabb-44fb-aa51-086753b0c1f7.gif%3Fversion%3D638743388585176620%26amp%3Bwidth%3D32%26amp%3Bheight%3D32%26amp%3Bauto%3Dwebp%26amp%3Bformat%3Dpjpg","girl"
81,"Father Lopez vs Deltona",Girls Volleyball,"Florida",9/28/2026,6:30pm,"The Father Lopez varsity volleyball team has an away non-conference match @  Deltona (FL) on Monday, September 28 @ 6:30p.","/fl/volleyball/match/deltona-vs-father-lopez-daytona-beach/9-28-2026/?c=7dffe5fb-6d0e-4fab-9b90-d21e9def060b","https://www.maxpreps.com/fl/volleyball/match/deltona-vs-father-lopez-daytona-beach/9-28-2026/?c=7dffe5fb-6d0e-4fab-9b90-d21e9def060b","/volleyball/fl/e38?9/28/2026","Father Lopez","Green Wave","https://www.maxpreps.com/fl/deltona/girls-volleyball/","https://www.maxpreps.com/fl/father-lopez-daytona-beach/girls-volleyball/","https://hsfootball.net/proxy.php?url=https%3A%2F%2Fimage.maxpreps.io%2Fschool-mascot%2F7%2F4%2F7%2F747d24d7-e09a-477b-9614-6e0f1f70ff97.gif%3Fversion%3D637060458000000000%26amp%3Bwidth%3D128%26amp%3Bheight%3D128%26amp%3Bauto%3Dwebp%26amp%3Bformat%3Dpjpg","https://hsfootball.net/proxy.php?url=https%3A%2F%2Fimage.maxpreps.io%2Fschool-mascot%2Fb%2Fb%2F5%2Fbb5d375d-071c-4def-b7a1-37ced150c34d.gif%3Fversion%3D636759636600000000%26amp%3Bwidth%3D128%26amp%3Bheight%3D128%26amp%3Bauto%3Dwebp%26amp%3Bformat%3Dpjpg","girl"
82,"Lake Worth vs Royal Palm Beach",Girls Volleyball,"Florida",9/28/2026,6:30pm,"The Lake Worth varsity volleyball team has an away non-conference match @  Royal Palm Beach (FL) on Monday, September 28 @ 6:30p.","/fl/volleyball/match/lake-worth-vs-royal-palm-beach/9-28-2026/?c=34889f56-4acc-490d-a287-ac978b37ca8a","https://www.maxpreps.com/fl/volleyball/match/lake-worth-vs-royal-palm-beach/9-28-2026/?c=34889f56-4acc-490d-a287-ac978b37ca8a","/volleyball/fl/b5f?9/28/2026","Lake Worth","Trojans","https://www.maxpreps.com/fl/lake-worth/girls-volleyball/","https://www.maxpreps.com/fl/royal-palm-beach/girls-volleyball/","https://hsfootball.net/proxy.php?url=https%3A%2F%2Fimage.maxpreps.io%2Fschool-mascot%2F3%2Fc%2Fe%2F3cecb83f-7bf6-4881-927c-152d0a32e706.gif%3Fversion%3D637044942000000000%26amp%3Bwidth%3D128%26amp%3Bheight%3D128%26amp%3Bauto%3Dwebp%26amp%3Bformat%3Dpjpg","https://hsfootball.net/proxy.php?url=https%3A%2F%2Fimage.maxpreps.io%2Fschool-mascot%2F0%2Fd%2Fb%2F0db6ea0b-2502-4867-9afd-1f3f2268da2b.gif%3Fversion%3D636219945000000000%26amp%3Bwidth%3D128%26amp%3Bheight%3D128%26amp%3Bauto%3Dwebp%26amp%3Bformat%3Dpjpg","girl"
83,"Faith Baptist Christian Academy vs Coastal HomeSchool",Girls Volleyball,"Florida",9/28/2026,6:30pm,"The Faith Baptist Christian Academy varsity volleyball team has an away non-conference match @  Coastal HomeSchool (Pembroke, GA) on Monday, September 28 @ 6:30p.","/ga/volleyball/match/coastal-homeschool-pembroke-vs-faith-baptist-christian-academy-ludowici/9-28-2026/?c=b2f40faf-8415-4604-8dd2-82be7220639f","https://www.maxpreps.com/ga/volleyball/match/coastal-homeschool-pembroke-vs-faith-baptist-christian-academy-ludowici/9-28-2026/?c=b2f40faf-8415-4604-8dd2-82be7220639f","/volleyball/fl/1bba?9/28/2026","Faith Baptist Christian Academy","Crusaders","https://www.maxpreps.com/fl/coastal-homeschool-pembroke/girls-volleyball/","https://www.maxpreps.com/fl/faith-baptist-christian-academy-ludowici/girls-volleyball/","https://hsfootball.net/proxy.php?url=https%3A%2F%2Fimage.maxpreps.io%2Fschool-mascot%2F0%2F1%2F6%2F016eb6df-bd41-41ed-8e13-72a248642c6e.gif%3Fversion%3D638681291387828310%26amp%3Bwidth%3D128%26amp%3Bheight%3D128%26amp%3Bauto%3Dwebp%26amp%3Bformat%3Dpjpg","https://hsfootball.net/proxy.php?url=https%3A%2F%2Fimage.maxpreps.io%2Fschool-mascot%2Fb%2F5%2F1%2Fb51458c0-f53e-4770-bbad-9a723c569692.gif%3Fversion%3D639180967491037540%26amp%3Bwidth%3D128%26amp%3Bheight%3D128%26amp%3Bauto%3Dwebp%26amp%3Bformat%3Dpjpg","girl"
84,"Bayside vs Satellite",Girls Volleyball,"Florida",9/28/2026,6:30pm,"The Bayside varsity volleyball team has an away non-conference match @  Satellite (Satellite Beach, FL) on Monday, September 28 @ 6:30p.","/fl/volleyball/match/bayside-palm-bay-vs-satellite-satellite-beach/9-28-2026/?c=2283597c-0504-41c8-8ce0-5d69c3088c7b","https://www.maxpreps.com/fl/volleyball/match/bayside-palm-bay-vs-satellite-satellite-beach/9-28-2026/?c=2283597c-0504-41c8-8ce0-5d69c3088c7b","/volleyball/fl/113f?9/28/2026","Bayside","Bears","https://www.maxpreps.com/fl/bayside-palm-bay/girls-volleyball/","https://www.maxpreps.com/fl/satellite-satellite-beach/girls-volleyball/","https://hsfootball.net/proxy.php?url=https%3A%2F%2Fimage.maxpreps.io%2Fschool-mascot%2F0%2Ff%2F1%2F0f1b9d6b-6180-4083-ad03-af7f262df632.gif%3Fversion%3D636589478400000000%26amp%3Bwidth%3D128%26amp%3Bheight%3D128%26amp%3Bauto%3Dwebp%26amp%3Bformat%3Dpjpg","https://hsfootball.net/proxy.php?url=https%3A%2F%2Fimage.maxpreps.io%2Fschool-mascot%2F3%2F9%2F2%2F392f2640-4774-45cc-8c8e-dea1a66ecd19.gif%3Fversion%3D637725044400000000%26amp%3Bwidth%3D128%26amp%3Bheight%3D128%26amp%3Bauto%3Dwebp%26amp%3Bformat%3Dpjpg","girl"
85,"Baker County vs Christ&#x27;s Church Academy",Girls Volleyball,"Florida",9/28/2026,6:30pm,"The Baker County varsity volleyball team has an away non-conference match @  Christ&#x27;s Church Academy (Jacksonville, FL) on Monday, September 28 @ 6:30p.","/fl/volleyball/match/baker-county-glen-st-mary-vs-christs-church-academy-jacksonville/9-28-2026/?c=3c1f1c0e-0c84-4e71-b885-231c8f667475","https://www.maxpreps.com/fl/volleyball/match/baker-county-glen-st-mary-vs-christs-church-academy-jacksonville/9-28-2026/?c=3c1f1c0e-0c84-4e71-b885-231c8f667475","/volleyball/fl/18c1?9/28/2026","Baker County","Wildcats","https://www.maxpreps.com/fl/baker-county-glen-st-mary/girls-volleyball/","https://www.maxpreps.com/fl/christs-church-academy-jacksonville/girls-volleyball/","https://hsfootball.net/proxy.php?url=https%3A%2F%2Fimage.maxpreps.io%2Fschool-mascot%2Fc%2Fd%2F5%2Fcd56ade4-22e0-4273-aaf8-65f2ae640f32.gif%3Fversion%3D639109000858406010%26amp%3Bwidth%3D128%26amp%3Bheight%3D128%26amp%3Bauto%3Dwebp%26amp%3Bformat%3Dpjpg","https://hsfootball.net/proxy.php?url=https%3A%2F%2Fimage.maxpreps.io%2Fschool-mascot%2F4%2F0%2F8%2F408d2ec8-08d4-4fc0-bb84-57fec7e9bab6.gif%3Fversion%3D636213667800000000%26amp%3Bwidth%3D128%26amp%3Bheight%3D128%26amp%3Bauto%3Dwebp%26amp%3Bformat%3Dpjpg","girl"
86,"Horizon vs Innovation",Girls Volleyball,"Florida",9/28/2026,6:30pm,"The Horizon varsity volleyball team has an away non-conference match @  Innovation (Orlando, FL) on Monday, September 28 @ 6:30p.","/fl/volleyball/match/horizon-winter-garden-vs-innovation-orlando/9-28-2026/?c=93c28883-deca-47b2-bb2d-3f66c3c54f74","https://www.maxpreps.com/fl/volleyball/match/horizon-winter-garden-vs-innovation-orlando/9-28-2026/?c=93c28883-deca-47b2-bb2d-3f66c3c54f74","/volleyball/fl/1111?9/28/2026","Horizon","Hawks","https://www.maxpreps.com/fl/horizon-winter-garden/girls-volleyball/","https://www.maxpreps.com/fl/innovation-orlando/girls-volleyball/","https://hsfootball.net/proxy.php?url=https%3A%2F%2Fimage.maxpreps.io%2Fschool-mascot%2F3%2Fd%2F4%2F3d4daa0b-a8e0-42f7-9932-51c87fa474d6.gif%3Fversion%3D637641694800000000%26amp%3Bwidth%3D128%26amp%3Bheight%3D128%26amp%3Bauto%3Dwebp%26amp%3Bformat%3Dpjpg","https://hsfootball.net/proxy.php?url=https%3A%2F%2Fimage.maxpreps.io%2Fschool-mascot%2F8%2Fe%2F5%2F8e564c4a-f48f-469e-b7f6-7ba6bdef27ca.gif%3Fversion%3D638584536468184880%26amp%3Bwidth%3D128%26amp%3Bheight%3D128%26amp%3Bauto%3Dwebp%26amp%3Bformat%3Dpjpg","girl"
87,"Clay vs Orange Park",Girls Volleyball,"Florida",9/28/2026,6:30pm,"The Clay varsity volleyball team has an away conference match @  Orange Park (FL) on Monday, September 28 @ 6:30p.","/fl/volleyball/match/clay-green-cove-springs-vs-orange-park/9-28-2026/?c=5e221aa8-55af-4a41-8392-acedf7fd7e6f","https://www.maxpreps.com/fl/volleyball/match/clay-green-cove-springs-vs-orange-park/9-28-2026/?c=5e221aa8-55af-4a41-8392-acedf7fd7e6f","/volleyball/fl/e8e?9/28/2026","Clay","Blue Devils","https://www.maxpreps.com/fl/clay-green-cove-springs/girls-volleyball/","https://www.maxpreps.com/fl/orange-park/girls-volleyball/","https://hsfootball.net/proxy.php?url=https%3A%2F%2Fimage.maxpreps.io%2Fschool-mascot%2F4%2F0%2F0%2F40006da2-f5bb-4598-a1e5-1656581a7d48.gif%3Fversion%3D637738661400000000%26amp%3Bwidth%3D128%26amp%3Bheight%3D128%26amp%3Bauto%3Dwebp%26amp%3Bformat%3Dpjpg","https://hsfootball.net/proxy.php?url=https%3A%2F%2Fimage.maxpreps.io%2Fschool-mascot%2F8%2Fe%2F4%2F8e448334-3ea1-4fd3-b1f1-67e6083faa9d.gif%3Fversion%3D636802753200000000%26amp%3Bwidth%3D128%26amp%3Bheight%3D128%26amp%3Bauto%3Dwebp%26amp%3Bformat%3Dpjpg","girl"
88,"Lake Mary Prep vs Calvary Chapel Academy",Girls Volleyball,"Florida",9/28/2026,6:30pm,"The Lake Mary Prep varsity volleyball team has an away non-conference match @  Calvary Chapel Academy (West Melbourne, FL) on Monday, September 28 @ 6:30p.","/fl/volleyball/match/calvary-chapel-academy-west-melbourne-vs-lake-mary-prep/9-28-2026/?c=95819619-b88d-4ee5-88d4-181dd3fd3465","https://www.maxpreps.com/fl/volleyball/match/calvary-chapel-academy-west-melbourne-vs-lake-mary-prep/9-28-2026/?c=95819619-b88d-4ee5-88d4-181dd3fd3465","/volleyball/fl/151d?9/28/2026","Lake Mary Prep","Griffins","https://www.maxpreps.com/fl/calvary-chapel-academy-west-melbourne/girls-volleyball/","https://www.maxpreps.com/fl/lake-mary-prep/girls-volleyball/","https://hsfootball.net/proxy.php?url=https%3A%2F%2Fimage.maxpreps.io%2Fschool-mascot%2Fa%2F6%2F6%2Fa661a038-d616-4ddd-b978-3bf5b3b8c816.gif%3Fversion%3D635809286400000000%26amp%3Bwidth%3D128%26amp%3Bheight%3D128%26amp%3Bauto%3Dwebp%26amp%3Bformat%3Dpjpg","https://hsfootball.net/proxy.php?url=https%3A%2F%2Fimage.maxpreps.io%2Fschool-mascot%2F1%2Fe%2F0%2F1e0d6853-c8bd-4ec1-b4e8-dd6365b718bb.gif%3Fversion%3D637651613400000000%26amp%3Bwidth%3D128%26amp%3Bheight%3D128%26amp%3Bauto%3Dwebp%26amp%3Bformat%3Dpjpg","girl"
89,"P.K. Yonge vs Interlachen",Girls Volleyball,"Florida",9/28/2026,6:30pm,"The P.K. Yonge varsity volleyball team has an away non-conference match @  Interlachen (FL) on Monday, September 28 @ 6:30p.","/fl/volleyball/match/interlachen-vs-pk-yonge-gainesville/9-28-2026/?c=d3794b28-fce8-4031-8f9a-d957cc7d68af","https://www.maxpreps.com/fl/volleyball/match/interlachen-vs-pk-yonge-gainesville/9-28-2026/?c=d3794b28-fce8-4031-8f9a-d957cc7d68af","/volleyball/fl/dba?9/28/2026","P.K. Yonge","Blue Wave","https://www.maxpreps.com/fl/interlachen/girls-volleyball/","https://www.maxpreps.com/fl/pk-yonge-gainesville/girls-volleyball/","https://hsfootball.net/proxy.php?url=https%3A%2F%2Fimage.maxpreps.io%2Fschool-mascot%2F1%2F2%2F4%2F1248d455-7378-4ae6-ac8d-ce848356461e.gif%3Fversion%3D638641519503314370%26amp%3Bwidth%3D128%26amp%3Bheight%3D128%26amp%3Bauto%3Dwebp%26amp%3Bformat%3Dpjpg","https://hsfootball.net/proxy.php?url=https%3A%2F%2Fimage.maxpreps.io%2Fschool-mascot%2Fe%2F2%2Ff%2Fe2faee98-6612-4b9d-9e06-74206c07f51f.gif%3Fversion%3D638042684400000000%26amp%3Bwidth%3D128%26amp%3Bheight%3D128%26amp%3Bauto%3Dwebp%26amp%3Bformat%3Dpjpg","girl"
90,"Pineapple Cove Classical Academy West Melbourne vs Master&#x27;s Academy",Girls Volleyball,"Florida",9/28/2026,6:30pm,"The Pineapple Cove Classical Academy West Melbourne varsity volleyball team has an away non-conference match @  Master&#x27;s Academy (Vero Beach, FL) on Monday, September 28 @ 6:30p.","/fl/volleyball/match/masters-academy-vero-beach-vs-pineapple-cove-classical-academy-west-melbourne-lions/9-28-2026/?c=7305d4ed-e403-4865-9fa6-d3d254a4b463","https://www.maxpreps.com/fl/volleyball/match/masters-academy-vero-beach-vs-pineapple-cove-classical-academy-west-melbourne-lions/9-28-2026/?c=7305d4ed-e403-4865-9fa6-d3d254a4b463","/volleyball/fl/1ff9?9/28/2026","Pineapple Cove Classical Academy West Melbourne","Pioneers","https://www.maxpreps.com/fl/masters-academy-vero-beach/girls-volleyball/","https://www.maxpreps.com/fl/pineapple-cove-classical-academy-west-melbourne-lions/girls-volleyball/","https://hsfootball.net/proxy.php?url=https%3A%2F%2Fimage.maxpreps.io%2Fschool-mascot%2F3%2Fa%2F4%2F3a4af6a5-b99e-4687-beed-e3fc327ca7ea.gif%3Fversion%3D639225568633088390%26amp%3Bwidth%3D128%26amp%3Bheight%3D128%26amp%3Bauto%3Dwebp%26amp%3Bformat%3Dpjpg","https://hsfootball.net/proxy.php?url=https%3A%2F%2Fimage.maxpreps.io%2Fschool-mascot%2F2%2Fa%2F8%2F2a84b02e-9b5c-4a84-91a1-709dcbc0cb90.gif%3Fversion%3D636885933600000000%26amp%3Bwidth%3D128%26amp%3Bheight%3D128%26amp%3Bauto%3Dwebp%26amp%3Bformat%3Dpjpg","girl"
91,"Temple Christian Academy vs Eagle&#x27;s View",Girls Volleyball,"Florida",9/28/2026,6:30pm,"The Temple Christian Academy varsity volleyball team has an away non-conference match @  Eagle&#x27;s View (Jacksonville, FL) on Monday, September 28 @ 6:30p.","/fl/volleyball/match/eagles-view-jacksonville-vs-temple-christian-academy-jacksonville/9-28-2026/?c=1b80a46a-c53b-45d4-aafe-955f5d3726ee","https://www.maxpreps.com/fl/volleyball/match/eagles-view-jacksonville-vs-temple-christian-academy-jacksonville/9-28-2026/?c=1b80a46a-c53b-45d4-aafe-955f5d3726ee","/volleyball/fl/197a?9/28/2026","Temple Christian Academy","Soldiers","https://www.maxpreps.com/fl/eagles-view-jacksonville/girls-volleyball/","https://www.maxpreps.com/fl/temple-christian-academy-jacksonville/girls-volleyball/","https://hsfootball.net/proxy.php?url=https%3A%2F%2Fimage.maxpreps.io%2Fschool-mascot%2F6%2Fc%2Fb%2F6cbbc076-a630-485e-ac8e-e06b0e514261.gif%3Fversion%3D638991348935268520%26amp%3Bwidth%3D128%26amp%3Bheight%3D128%26amp%3Bauto%3Dwebp%26amp%3Bformat%3Dpjpg","https://hsfootball.net/proxy.php?url=https%3A%2F%2Fimage.maxpreps.io%2Fschool-mascot%2F1%2Fd%2F5%2F1d5aa3f3-d0d5-49a4-bcc8-d1a9d4d777a3.gif%3Fversion%3D634835748600000000%26amp%3Bwidth%3D128%26amp%3Bheight%3D128%26amp%3Bauto%3Dwebp%26amp%3Bformat%3Dpjpg","girl"
92,"Milton vs Tate",Girls Volleyball,"Florida",9/28/2026,6:30pm,"The Milton varsity volleyball team has an away conference match @  Tate (Cantonment, FL) on Monday, September 28 @ 6:30p.","/fl/volleyball/match/milton-vs-tate-cantonment/9-28-2026/?c=42610dbc-af1a-472d-ab75-62c65423bc88","https://www.maxpreps.com/fl/volleyball/match/milton-vs-tate-cantonment/9-28-2026/?c=42610dbc-af1a-472d-ab75-62c65423bc88","/volleyball/fl/9e8?9/28/2026","Milton","Panthers","https://www.maxpreps.com/fl/milton/girls-volleyball/","https://www.maxpreps.com/fl/tate-cantonment/girls-volleyball/","https://hsfootball.net/proxy.php?url=https%3A%2F%2Fimage.maxpreps.io%2Fschool-mascot%2Ff%2F0%2F1%2Ff01a88d1-bf13-4fa9-9c65-a7be28da12ff.gif%3Fversion%3D637467295800000000%26amp%3Bwidth%3D128%26amp%3Bheight%3D128%26amp%3Bauto%3Dwebp%26amp%3Bformat%3Dpjpg","https://hsfootball.net/proxy.php?url=https%3A%2F%2Fimage.maxpreps.io%2Fschool-mascot%2F2%2F0%2F0%2F20038aa0-8022-4eea-866e-2e2177e947bd.gif%3Fversion%3D637834553400000000%26amp%3Bwidth%3D128%26amp%3Bheight%3D128%26amp%3Bauto%3Dwebp%26amp%3Bformat%3Dpjpg","girl"
93,"Suwannee vs Branford",Girls Volleyball,"Florida",9/28/2026,6:30pm,"The Suwannee varsity volleyball team has an away non-conference match @  Branford (FL) on Monday, September 28 @ 6:30p.","/fl/volleyball/match/branford-vs-suwannee-live-oak/9-28-2026/?c=f12a511a-92d7-4c9c-8f49-8461d77983f0","https://www.maxpreps.com/fl/volleyball/match/branford-vs-suwannee-live-oak/9-28-2026/?c=f12a511a-92d7-4c9c-8f49-8461d77983f0","/volleyball/fl/b3c?9/28/2026","Suwannee","Bulldogs","https://www.maxpreps.com/fl/branford/girls-volleyball/","https://www.maxpreps.com/fl/suwannee-live-oak/girls-volleyball/","https://hsfootball.net/proxy.php?url=https%3A%2F%2Fimage.maxpreps.io%2Fschool-mascot%2Fe%2F1%2F8%2Fe1859de2-a0f6-4bfb-8766-6ad76917f384.gif%3Fversion%3D638685066663005850%26amp%3Bwidth%3D128%26amp%3Bheight%3D128%26amp%3Bauto%3Dwebp%26amp%3Bformat%3Dpjpg","https://hsfootball.net/proxy.php?url=https%3A%2F%2Fimage.maxpreps.io%2Fschool-mascot%2F1%2Fb%2F6%2F1b6e72b2-3b21-4a74-bead-e7db567d1d6e.gif%3Fversion%3D635604583800000000%26amp%3Bwidth%3D128%26amp%3Bheight%3D128%26amp%3Bauto%3Dwebp%26amp%3Bformat%3Dpjpg","girl"
94,"Chiles vs South Walton",Girls Volleyball,"Florida",9/28/2026,6:30pm,"The Chiles varsity volleyball team has an away non-conference match @  South Walton (Santa Rosa Beach, FL) on Monday, September 28 @ 6:30p.","/fl/volleyball/match/chiles-tallahassee-vs-south-walton-santa-rosa-beach/9-28-2026/?c=b3ad9f2a-c0a3-4451-b34f-a70a2a114aa0","https://www.maxpreps.com/fl/volleyball/match/chiles-tallahassee-vs-south-walton-santa-rosa-beach/9-28-2026/?c=b3ad9f2a-c0a3-4451-b34f-a70a2a114aa0","/volleyball/fl/13aa?9/28/2026","Chiles","Timberwolves","https://www.maxpreps.com/fl/chiles-tallahassee/girls-volleyball/","https://www.maxpreps.com/fl/south-walton-santa-rosa-beach/girls-volleyball/","https://hsfootball.net/proxy.php?url=https%3A%2F%2Fimage.maxpreps.io%2Fschool-mascot%2F2%2Fa%2F9%2F2a954006-a714-45f1-9269-eda8ff3eacf9.gif%3Fversion%3D639095056158958250%26amp%3Bwidth%3D128%26amp%3Bheight%3D128%26amp%3Bauto%3Dwebp%26amp%3Bformat%3Dpjpg","https://hsfootball.net/proxy.php?url=https%3A%2F%2Fimage.maxpreps.io%2Fschool-mascot%2Ff%2F9%2F3%2Ff939336f-4002-40ba-87b9-cba62ce794f2.gif%3Fversion%3D639063065418700170%26amp%3Bwidth%3D128%26amp%3Bheight%3D128%26amp%3Bauto%3Dwebp%26amp%3Bformat%3Dpjpg","girl"
95,"West Florida vs Baker",Girls Volleyball,"Florida",9/28/2026,6:30pm,"The West Florida varsity volleyball team has an away non-conference match @  Baker (FL) on Monday, September 28 @ 6:30p.","/fl/volleyball/match/baker-vs-west-florida-pensacola/9-28-2026/?c=7bc37781-2925-4470-b91a-03e708757e20","https://www.maxpreps.com/fl/volleyball/match/baker-vs-west-florida-pensacola/9-28-2026/?c=7bc37781-2925-4470-b91a-03e708757e20","/volleyball/fl/bfc?9/28/2026","West Florida","Jaguars","https://www.maxpreps.com/fl/baker/girls-volleyball/","https://www.maxpreps.com/fl/west-florida-pensacola/girls-volleyball/","https://hsfootball.net/proxy.php?url=https%3A%2F%2Fimage.maxpreps.io%2Fschool-mascot%2F0%2F6%2F4%2F064a7dc6-f1a3-4f87-b5b1-eec0b5d1e302.gif%3Fversion%3D635315200800000000%26amp%3Bwidth%3D128%26amp%3Bheight%3D128%26amp%3Bauto%3Dwebp%26amp%3Bformat%3Dpjpg","https://hsfootball.net/proxy.php?url=https%3A%2F%2Fimage.maxpreps.io%2Fschool-mascot%2F6%2Fb%2F3%2F6b3bbb37-d140-4d3b-abfd-4f44f8ea3dfb.gif%3Fversion%3D639180967385114760%26amp%3Bwidth%3D128%26amp%3Bheight%3D128%26amp%3Bauto%3Dwebp%26amp%3Bformat%3Dpjpg","girl"
96,"Geneva Classical Academy vs Candlelight Christian Academy",Girls Volleyball,"Florida",9/28/2026,6:30pm,"The Geneva Classical Academy varsity volleyball team has an away conference match @  Candlelight Christian Academy (Lake Wales, FL) on Monday, September 28 @ 6:30p.","/fl/volleyball/match/candlelight-christian-academy-lake-wales-vs-geneva-classical-academy-lakeland/9-28-2026/?c=0e6993e0-3cfb-4734-8bf0-467d2effb4b5","https://www.maxpreps.com/fl/volleyball/match/candlelight-christian-academy-lake-wales-vs-geneva-classical-academy-lakeland/9-28-2026/?c=0e6993e0-3cfb-4734-8bf0-467d2effb4b5","/volleyball/fl/1d84?9/28/2026","Geneva Classical Academy","Knights","https://www.maxpreps.com/fl/candlelight-christian-academy-lake-wales/girls-volleyball/","https://www.maxpreps.com/fl/geneva-classical-academy-lakeland/girls-volleyball/","https://hsfootball.net/proxy.php?url=https%3A%2F%2Fimage.maxpreps.io%2Fschool-mascot%2F0%2F1%2F3%2F013b5079-6877-48ea-a9ea-615b025c4b68.gif%3Fversion%3D638296756800000000%26amp%3Bwidth%3D128%26amp%3Bheight%3D128%26amp%3Bauto%3Dwebp%26amp%3Bformat%3Dpjpg","https://hsfootball.net/proxy.php?url=https%3A%2F%2Fimage.maxpreps.io%2Fschool-mascot%2F2%2F0%2F9%2F20979246-292a-4c62-8673-ed4386abbf13.gif%3Fversion%3D638598316130519190%26amp%3Bwidth%3D128%26amp%3Bheight%3D128%26amp%3Bauto%3Dwebp%26amp%3Bformat%3Dpjpg","girl"
97,"Jefferson County vs Madison County",Girls Volleyball,"Florida",9/28/2026,6:30pm,"The Jefferson County varsity volleyball team has an away conference match @  Madison County (Madison, FL) on Monday, September 28 @ 6:30p.","/fl/volleyball/match/jefferson-county-monticello-vs-madison-county/9-28-2026/?c=3d4e1686-d4c3-4739-bf69-7602a7b10d98","https://www.maxpreps.com/fl/volleyball/match/jefferson-county-monticello-vs-madison-county/9-28-2026/?c=3d4e1686-d4c3-4739-bf69-7602a7b10d98","/volleyball/fl/11f1?9/28/2026","Jefferson County","Tigers","https://www.maxpreps.com/fl/jefferson-county-monticello/girls-volleyball/","https://www.maxpreps.com/fl/madison-county/girls-volleyball/","https://hsfootball.net/proxy.php?url=https%3A%2F%2Fimage.maxpreps.io%2Fschool-mascot%2F0%2F9%2F8%2F098e746c-5f61-452a-8530-db0353d31570.gif%3Fversion%3D639178764245397200%26amp%3Bwidth%3D128%26amp%3Bheight%3D128%26amp%3Bauto%3Dwebp%26amp%3Bformat%3Dpjpg","https://hsfootball.net/proxy.php?url=https%3A%2F%2Fimage.maxpreps.io%2Fschool-mascot%2F0%2F7%2F0%2F070141ea-9f1c-4193-b402-9bb7f26e86fc.gif%3Fversion%3D638624284179929580%26amp%3Bwidth%3D128%26amp%3Bheight%3D128%26amp%3Bauto%3Dwebp%26amp%3Bformat%3Dpjpg","girl"
98,"Immokalee vs Island Coast",Girls Volleyball,"Florida",9/28/2026,6:30pm,"The Immokalee varsity volleyball team has an away non-conference match @  Island Coast (Cape Coral, FL) on Monday, September 28 @ 6:30p.","/fl/volleyball/match/immokalee-vs-island-coast-cape-coral/9-28-2026/?c=e60dca5a-7215-4f39-9e1e-601b30987beb","https://www.maxpreps.com/fl/volleyball/match/immokalee-vs-island-coast-cape-coral/9-28-2026/?c=e60dca5a-7215-4f39-9e1e-601b30987beb","/volleyball/fl/dbd?9/28/2026","Immokalee","Indians","https://www.maxpreps.com/fl/immokalee/girls-volleyball/","https://www.maxpreps.com/fl/island-coast-cape-coral/girls-volleyball/","https://hsfootball.net/proxy.php?url=https%3A%2F%2Fimage.maxpreps.io%2Fschool-mascot%2F7%2Ff%2Fe%2F7fe78593-fdaf-4f66-a343-6636d4723a19.gif%3Fversion%3D635828347200000000%26amp%3Bwidth%3D128%26amp%3Bheight%3D128%26amp%3Bauto%3Dwebp%26amp%3Bformat%3Dpjpg","https://hsfootball.net/proxy.php?url=https%3A%2F%2Fimage.maxpreps.io%2Fschool-mascot%2F0%2Fd%2F7%2F0d7e784a-f179-433f-b49a-b613c2488451.gif%3Fversion%3D637950352800000000%26amp%3Bwidth%3D128%26amp%3Bheight%3D128%26amp%3Bauto%3Dwebp%26amp%3Bformat%3Dpjpg","girl"
99,"Victory Christian Academy vs Universal Academy",Girls Volleyball,"Florida",9/28/2026,6:30pm,"The Victory Christian Academy varsity volleyball team has an away non-conference match @  Universal Academy (Tampa, FL) on Monday, September 28 @ 6:30p.","/fl/volleyball/match/universal-academy-tampa-vs-victory-christian-academy-lakeland/9-28-2026/?c=ed19bdfc-545e-4eaf-b7f9-c22e2fe07ea1","https://www.maxpreps.com/fl/volleyball/match/universal-academy-tampa-vs-victory-christian-academy-lakeland/9-28-2026/?c=ed19bdfc-545e-4eaf-b7f9-c22e2fe07ea1","/volleyball/fl/17c9?9/28/2026","Victory Christian Academy","Storm","https://www.maxpreps.com/fl/universal-academy-tampa/girls-volleyball/","https://www.maxpreps.com/fl/victory-christian-academy-lakeland/girls-volleyball/","https://hsfootball.net/proxy.php?url=https%3A%2F%2Fimage.maxpreps.io%2Fschool-mascot%2F0%2F3%2Fc%2F03c4dc2e-7191-474b-ae6d-600a1d8e447d.gif%3Fversion%3D639019238957389100%26amp%3Bwidth%3D128%26amp%3Bheight%3D128%26amp%3Bauto%3Dwebp%26amp%3Bformat%3Dpjpg","https://hsfootball.net/proxy.php?url=https%3A%2F%2Fimage.maxpreps.io%2Fschool-mascot%2F6%2Ff%2F4%2F6f455685-dd24-40cc-8f9d-4718c8819d32.gif%3Fversion%3D639011183986597750%26amp%3Bwidth%3D128%26amp%3Bheight%3D128%26amp%3Bauto%3Dwebp%26amp%3Bformat%3Dpjpg","girl"
100,"Pensacola vs Jay",Girls Volleyball,"Florida",9/28/2026,6:30pm,"The Pensacola varsity volleyball team has an away non-conference match @  Jay (FL) on Monday, September 28 @ 6:30p.","/fl/volleyball/match/jay-vs-pensacola/9-28-2026/?c=fa370f8a-afbc-43bf-9616-20505c0a055c","https://www.maxpreps.com/fl/volleyball/match/jay-vs-pensacola/9-28-2026/?c=fa370f8a-afbc-43bf-9616-20505c0a055c","/volleyball/fl/63d?9/28/2026","Pensacola","Tigers","https://www.maxpreps.com/fl/jay/girls-volleyball/","https://www.maxpreps.com/fl/pensacola/girls-volleyball/","https://hsfootball.net/proxy.php?url=https%3A%2F%2Fimage.maxpreps.io%2Fschool-mascot%2F6%2F0%2Fe%2F60e92873-90b6-4627-9746-8dd57b1f0473.gif%3Fversion%3D635938768800000000%26amp%3Bwidth%3D128%26amp%3Bheight%3D128%26amp%3Bauto%3Dwebp%26amp%3Bformat%3Dpjpg","https://hsfootball.net/proxy.php?url=https%3A%2F%2Fimage.maxpreps.io%2Fschool-mascot%2Fa%2Fd%2F8%2Fad833d79-1c4c-4895-b725-5aa9f7225fe0.gif%3Fversion%3D637519922400000000%26amp%3Bwidth%3D128%26amp%3Bheight%3D128%26amp%3Bauto%3Dwebp%26amp%3Bformat%3Dpjpg","girl"
101,"Winter Springs vs The Master&#x27;s Academy",Girls Volleyball,"Florida",9/28/2026,6:30pm,"The Winter Springs varsity volleyball team has an away non-conference match @  The Master&#x27;s Academy (Oviedo, FL) on Monday, September 28 @ 6:30p.","/fl/volleyball/match/the-masters-academy-oviedo-vs-winter-springs/9-28-2026/?c=c320d863-8619-47b7-b810-fd1c21189828","https://www.maxpreps.com/fl/volleyball/match/the-masters-academy-oviedo-vs-winter-springs/9-28-2026/?c=c320d863-8619-47b7-b810-fd1c21189828","/volleyball/fl/1130?9/28/2026","Winter Springs","Bears","https://www.maxpreps.com/fl/the-masters-academy-oviedo/girls-volleyball/","https://www.maxpreps.com/fl/winter-springs/girls-volleyball/","https://hsfootball.net/proxy.php?url=https%3A%2F%2Fimage.maxpreps.io%2Fschool-mascot%2F3%2Fe%2Ff%2F3ef5af00-20f2-47df-83f4-f96900e9c1db.gif%3Fversion%3D635518497000000000%26amp%3Bwidth%3D128%26amp%3Bheight%3D128%26amp%3Bauto%3Dwebp%26amp%3Bformat%3Dpjpg","https://hsfootball.net/proxy.php?url=https%3A%2F%2Fimage.maxpreps.io%2Fschool-mascot%2F0%2Fb%2Fa%2F0ba96f19-6aa2-4534-98b1-5634baac83fa.gif%3Fversion%3D636407144400000000%26amp%3Bwidth%3D128%26amp%3Bheight%3D128%26amp%3Bauto%3Dwebp%26amp%3Bformat%3Dpjpg","girl"
102,"Foundation Academy vs Lakeland Christian",Girls Volleyball,"Florida",9/28/2026,6:30pm,"The Foundation Academy varsity volleyball team has an away non-conference match @  Lakeland Christian (Lakeland, FL) on Monday, September 28 @ 6:30p.","/fl/volleyball/match/foundation-academy-winter-garden-vs-lakeland-christian/9-28-2026/?c=efbc224d-58a7-46c9-943e-5d650e613053","https://www.maxpreps.com/fl/volleyball/match/foundation-academy-winter-garden-vs-lakeland-christian/9-28-2026/?c=efbc224d-58a7-46c9-943e-5d650e613053","/volleyball/fl/150d?9/28/2026","Foundation Academy","Lions","https://www.maxpreps.com/fl/foundation-academy-winter-garden/girls-volleyball/","https://www.maxpreps.com/fl/lakeland-christian/girls-volleyball/","https://hsfootball.net/proxy.php?url=https%3A%2F%2Fimage.maxpreps.io%2Fschool-mascot%2F0%2F3%2Fb%2F03bd0048-5960-4fcb-a72a-e2bc633e2a10.gif%3Fversion%3D635579602200000000%26amp%3Bwidth%3D128%26amp%3Bheight%3D128%26amp%3Bauto%3Dwebp%26amp%3Bformat%3Dpjpg","https://hsfootball.net/proxy.php?url=https%3A%2F%2Fimage.maxpreps.io%2Fschool-mascot%2F0%2Fe%2F9%2F0e92b6e2-2fd4-485a-9207-237de4546bfd.gif%3Fversion%3D637117182000000000%26amp%3Bwidth%3D128%26amp%3Bheight%3D128%26amp%3Bauto%3Dwebp%26amp%3Bformat%3Dpjpg","girl"
103,"Beaches Chapel vs First Coast Christian",Girls Volleyball,"Florida",9/28/2026,6:45pm,"The Beaches Chapel varsity volleyball team has an away non-conference match @  First Coast Christian (Jacksonville, FL) on Monday, September 28 @ 6:45p.","/fl/volleyball/match/beaches-chapel-jacksonville-vs-first-coast-christian-jacksonville/9-28-2026/?c=f430b00e-c974-4786-9dfc-5d0ad41a09ef","https://www.maxpreps.com/fl/volleyball/match/beaches-chapel-jacksonville-vs-first-coast-christian-jacksonville/9-28-2026/?c=f430b00e-c974-4786-9dfc-5d0ad41a09ef","/volleyball/fl/196d?9/28/2026","Beaches Chapel","Lions","https://www.maxpreps.com/fl/beaches-chapel-jacksonville/girls-volleyball/","https://www.maxpreps.com/fl/first-coast-christian-jacksonville/girls-volleyball/","https://hsfootball.net/proxy.php?url=https%3A%2F%2Fimage.maxpreps.io%2Fschool-mascot%2Fe%2F4%2F7%2Fe4763968-8003-4b90-b4f8-a016b49ed91b.gif%3Fversion%3D636735664200000000%26amp%3Bwidth%3D128%26amp%3Bheight%3D128%26amp%3Bauto%3Dwebp%26amp%3Bformat%3Dpjpg","https://hsfootball.net/proxy.php?url=https%3A%2F%2Fimage.maxpreps.io%2Fschool-mascot%2Ff%2F3%2Ff%2Ff3f5ea58-e93b-48aa-860c-9701b2353f0a.gif%3Fversion%3D634248108000000000%26amp%3Bwidth%3D128%26amp%3Bheight%3D128%26amp%3Bauto%3Dwebp%26amp%3Bformat%3Dpjpg","girl"
104,"McKeel Academy vs Auburndale",Girls Volleyball,"Florida",9/28/2026,7:00pm,"The McKeel Academy varsity volleyball team has an away non-conference match @  Auburndale (FL) on Monday, September 28 @ 7p.","/fl/volleyball/match/auburndale-vs-mckeel-academy-lakeland/9-28-2026/?c=e1a2fcc6-f14e-4221-b6f3-c8b3c63fb058","https://www.maxpreps.com/fl/volleyball/match/auburndale-vs-mckeel-academy-lakeland/9-28-2026/?c=e1a2fcc6-f14e-4221-b6f3-c8b3c63fb058","/volleyball/fl/e41?9/28/2026","McKeel Academy","Wildcats","https://www.maxpreps.com/fl/auburndale/girls-volleyball/","https://www.maxpreps.com/fl/mckeel-academy-lakeland/girls-volleyball/","https://hsfootball.net/proxy.php?url=https%3A%2F%2Fimage.maxpreps.io%2Fschool-mascot%2F2%2F2%2Fb%2F22b6a34f-2a24-45e4-b1c5-0da082a534b3.gif%3Fversion%3D636779424600000000%26amp%3Bwidth%3D128%26amp%3Bheight%3D128%26amp%3Bauto%3Dwebp%26amp%3Bformat%3Dpjpg","https://hsfootball.net/proxy.php?url=https%3A%2F%2Fimage.maxpreps.io%2Fschool-mascot%2F7%2F3%2Fb%2F73ba77ad-e2e8-46ac-941b-c014b30d39cc.gif%3Fversion%3D637411077600000000%26amp%3Bwidth%3D128%26amp%3Bheight%3D128%26amp%3Bauto%3Dwebp%26amp%3Bformat%3Dpjpg","girl"
105,"New Smyrna Beach vs Mandarin",Girls Volleyball,"Florida",9/28/2026,7:00pm,"The New Smyrna Beach varsity volleyball team has an away non-conference match @  Mandarin (Jacksonville, FL) on Monday, September 28 @ 7p.","/fl/volleyball/match/mandarin-jacksonville-vs-new-smyrna-beach/9-28-2026/?c=7cc28d37-ec7a-4358-9f34-bc7bc689818d","https://www.maxpreps.com/fl/volleyball/match/mandarin-jacksonville-vs-new-smyrna-beach/9-28-2026/?c=7cc28d37-ec7a-4358-9f34-bc7bc689818d","/volleyball/fl/ff0?9/28/2026","New Smyrna Beach","Barracudas","https://www.maxpreps.com/fl/mandarin-jacksonville/girls-volleyball/","https://www.maxpreps.com/fl/new-smyrna-beach/girls-volleyball/","https://hsfootball.net/proxy.php?url=https%3A%2F%2Fimage.maxpreps.io%2Fschool-mascot%2F6%2Ff%2Fa%2F6fa78c98-6f68-4a20-b431-60d01523ba10.gif%3Fversion%3D637883744400000000%26amp%3Bwidth%3D128%26amp%3Bheight%3D128%26amp%3Bauto%3Dwebp%26amp%3Bformat%3Dpjpg","https://hsfootball.net/proxy.php?url=https%3A%2F%2Fimage.maxpreps.io%2Fschool-mascot%2F3%2F0%2F6%2F306a463d-493d-4966-93a8-e84b2f7e0bfb.gif%3Fversion%3D634254886800000000%26amp%3Bwidth%3D128%26amp%3Bheight%3D128%26amp%3Bauto%3Dwebp%26amp%3Bformat%3Dpjpg","girl"
106,"Brevard HEAT vs Melbourne Central Catholic",Girls Volleyball,"Florida",9/28/2026,7:00pm,"The Brevard HEAT varsity volleyball team has an away non-conference match @  Melbourne Central Catholic (Melbourne, FL) on Monday, September 28 @ 7p.","/fl/volleyball/match/brevard-heat-palm-bay-vs-melbourne-central-catholic/9-28-2026/?c=df94e9d6-75a9-464a-b90e-64a2128b52ea","https://www.maxpreps.com/fl/volleyball/match/brevard-heat-palm-bay-vs-melbourne-central-catholic/9-28-2026/?c=df94e9d6-75a9-464a-b90e-64a2128b52ea","/volleyball/fl/138b?9/28/2026","Brevard HEAT","Firehawks","https://www.maxpreps.com/fl/brevard-heat-palm-bay/girls-volleyball/","https://www.maxpreps.com/fl/melbourne-central-catholic/girls-volleyball/","https://hsfootball.net/proxy.php?url=https%3A%2F%2Fimage.maxpreps.io%2Fschool-mascot%2F3%2F4%2Fe%2F34ebaba3-51fa-4b46-9ea5-43ab8e5c2b65.gif%3Fversion%3D638575980601422140%26amp%3Bwidth%3D128%26amp%3Bheight%3D128%26amp%3Bauto%3Dwebp%26amp%3Bformat%3Dpjpg","https://hsfootball.net/proxy.php?url=https%3A%2F%2Fimage.maxpreps.io%2Fschool-mascot%2F2%2F3%2Fc%2F23ca64ff-57b9-4835-8671-96b63b17d958.gif%3Fversion%3D636523837800000000%26amp%3Bwidth%3D128%26amp%3Bheight%3D128%26amp%3Bauto%3Dwebp%26amp%3Bformat%3Dpjpg","girl"
107,"IMG Academy Black vs DeSoto County",Girls Volleyball,"Florida",9/28/2026,7:00pm,"The IMG Academy Black varsity volleyball team has an away non-conference match @  DeSoto County (Arcadia, FL) on Monday, September 28 @ 7p.","/fl/volleyball/match/desoto-county-arcadia-vs-img-academy-black-bradenton/9-28-2026/?c=e97e915a-6404-4637-9a31-5301d732ed5a","https://www.maxpreps.com/fl/volleyball/match/desoto-county-arcadia-vs-img-academy-black-bradenton/9-28-2026/?c=e97e915a-6404-4637-9a31-5301d732ed5a","/volleyball/fl/13e4?9/28/2026","IMG Academy Black","Ascenders","https://www.maxpreps.com/fl/desoto-county-arcadia/girls-volleyball/","https://www.maxpreps.com/fl/img-academy-black-bradenton/girls-volleyball/","https://hsfootball.net/proxy.php?url=https%3A%2F%2Fimage.maxpreps.io%2Fschool-mascot%2F0%2F5%2Fc%2F05ccfd9c-43fc-4281-a5d3-cd210934037a.gif%3Fversion%3D639050157693238920%26amp%3Bwidth%3D128%26amp%3Bheight%3D128%26amp%3Bauto%3Dwebp%26amp%3Bformat%3Dpjpg","https://hsfootball.net/proxy.php?url=https%3A%2F%2Fimage.maxpreps.io%2Fschool-mascot%2F6%2F4%2F5%2F645b4432-7af8-4ad8-9a73-428ebbff0e0c.gif%3Fversion%3D637578760800000000%26amp%3Bwidth%3D128%26amp%3Bheight%3D128%26amp%3Bauto%3Dwebp%26amp%3Bformat%3Dpjpg","girl"
108,"Naples vs South Fort Myers",Girls Volleyball,"Florida",9/28/2026,7:00pm,"The Naples varsity volleyball team has an away conference match @  South Fort Myers (Fort Myers, FL) on Monday, September 28 @ 7p.","/fl/volleyball/match/naples-vs-south-fort-myers/9-28-2026/?c=649f22e1-6d6a-4f57-915a-2b1f4339ecf3","https://www.maxpreps.com/fl/volleyball/match/naples-vs-south-fort-myers/9-28-2026/?c=649f22e1-6d6a-4f57-915a-2b1f4339ecf3","/volleyball/fl/a3e?9/28/2026","Naples","Golden Eagles","https://www.maxpreps.com/fl/naples/girls-volleyball/","https://www.maxpreps.com/fl/south-fort-myers/girls-volleyball/","https://hsfootball.net/proxy.php?url=https%3A%2F%2Fimage.maxpreps.io%2Fschool-mascot%2Fe%2Fb%2F0%2Feb0ece27-b7e5-4f64-b3f5-ceb7bc22996c.gif%3Fversion%3D634422111600000000%26amp%3Bwidth%3D128%26amp%3Bheight%3D128%26amp%3Bauto%3Dwebp%26amp%3Bformat%3Dpjpg","https://hsfootball.net/proxy.php?url=https%3A%2F%2Fimage.maxpreps.io%2Fschool-mascot%2F2%2F7%2Fd%2F27da5cd7-3bf0-4c33-94da-b3c8d0f63f30.gif%3Fversion%3D637009504200000000%26amp%3Bwidth%3D128%26amp%3Bheight%3D128%26amp%3Bauto%3Dwebp%26amp%3Bformat%3Dpjpg","girl"
109,"Angeline Academy of Innovation vs Wendell Krinn",Girls Volleyball,"Florida",9/28/2026,7:00pm,"The Angeline Academy of Innovation varsity volleyball team has an away non-conference match @  Wendell Krinn (New Port Richey, FL) on Monday, September 28 @ 7p.","/fl/volleyball/match/angeline-academy-of-innovation-land-o-lakes-vs-wendell-krinn-new-port-richey/9-28-2026/?c=5c6635de-0799-42c2-82dc-2398fec2eb97","https://www.maxpreps.com/fl/volleyball/match/angeline-academy-of-innovation-land-o-lakes-vs-wendell-krinn-new-port-richey/9-28-2026/?c=5c6635de-0799-42c2-82dc-2398fec2eb97","/volleyball/fl/1cf4?9/28/2026","Angeline Academy of Innovation","Archers","https://www.maxpreps.com/fl/angeline-academy-of-innovation-land-o-lakes/girls-volleyball/","https://www.maxpreps.com/fl/wendell-krinn-new-port-richey/girls-volleyball/","https://hsfootball.net/proxy.php?url=https%3A%2F%2Fimage.maxpreps.io%2Fschool-mascot%2F1%2F2%2Fe%2F12ef2ef7-fd86-48f4-ba9f-5e6f0dfb3712.gif%3Fversion%3D638466378600000000%26amp%3Bwidth%3D128%26amp%3Bheight%3D128%26amp%3Bauto%3Dwebp%26amp%3Bformat%3Dpjpg","https://hsfootball.net/proxy.php?url=https%3A%2F%2Fimage.maxpreps.io%2Fschool-mascot%2F1%2F2%2Fe%2F12ef2ef7-fd86-48f4-ba9f-5e6f0dfb3712.gif%3Fversion%3D638466378600000000%26amp%3Bwidth%3D32%26amp%3Bheight%3D32%26amp%3Bauto%3Dwebp%26amp%3Bformat%3Dpjpg","girl"
110,"The Village School of Naples vs Cypress Lake",Girls Volleyball,"Florida",9/28/2026,7:00pm,"The The Village School of Naples varsity volleyball team has an away non-conference match @  Cypress Lake (Fort Myers, FL) on Monday, September 28 @ 7p.","/fl/volleyball/match/cypress-lake-fort-myers-vs-the-village-school-of-naples/9-28-2026/?c=518493bb-7d48-4c81-b0e8-b98373125e62","https://www.maxpreps.com/fl/volleyball/match/cypress-lake-fort-myers-vs-the-village-school-of-naples/9-28-2026/?c=518493bb-7d48-4c81-b0e8-b98373125e62","/volleyball/fl/1514?9/28/2026","The Village School of Naples","Knights","https://www.maxpreps.com/fl/cypress-lake-fort-myers/girls-volleyball/","https://www.maxpreps.com/fl/the-village-school-of-naples/girls-volleyball/","https://hsfootball.net/proxy.php?url=https%3A%2F%2Fimage.maxpreps.io%2Fschool-mascot%2Fb%2Fa%2Fb%2Fbab72f76-5ed4-4282-9c4c-77428b712c70.gif%3Fversion%3D637116529800000000%26amp%3Bwidth%3D128%26amp%3Bheight%3D128%26amp%3Bauto%3Dwebp%26amp%3Bformat%3Dpjpg","https://hsfootball.net/proxy.php?url=https%3A%2F%2Fimage.maxpreps.io%2Fschool-mascot%2Fc%2F0%2Fd%2Fc0d04cf7-0688-4c68-8e1e-b807f0c1d8e3.gif%3Fversion%3D635268834600000000%26amp%3Bwidth%3D128%26amp%3Bheight%3D128%26amp%3Bauto%3Dwebp%26amp%3Bformat%3Dpjpg","girl"
111,"Heritage Christian Academy vs Christian Collegiate Academy",Girls Volleyball,"Florida",9/28/2026,6:00pm,"The Heritage Christian Academy varsity volleyball team has an away conference match @  Christian Collegiate Academy (Gulfport, MS) on Monday, September 28 @ 6p.","/ms/volleyball/match/christian-collegiate-academy-gulfport-vs-heritage-christian-academy-picayune/9-28-2026/?c=8223cab6-1710-4c25-8a0d-67e0c6e5c83e","https://www.maxpreps.com/ms/volleyball/match/christian-collegiate-academy-gulfport-vs-heritage-christian-academy-picayune/9-28-2026/?c=8223cab6-1710-4c25-8a0d-67e0c6e5c83e","/volleyball/fl/1db6?9/28/2026","Heritage Christian Academy","Warriors","https://www.maxpreps.com/fl/christian-collegiate-academy-gulfport/girls-volleyball/","https://www.maxpreps.com/fl/heritage-christian-academy-picayune/girls-volleyball/","https://hsfootball.net/proxy.php?url=https%3A%2F%2Fimage.maxpreps.io%2Fschool-mascot%2Fa%2F7%2F4%2Fa7408213-9bb9-4c15-b3af-c8010b81c096.gif%3Fversion%3D638295911400000000%26amp%3Bwidth%3D128%26amp%3Bheight%3D128%26amp%3Bauto%3Dwebp%26amp%3Bformat%3Dpjpg","https://hsfootball.net/proxy.php?url=https%3A%2F%2Fimage.maxpreps.io%2Fschool-mascot%2Fa%2Fd%2Fe%2Fadecfae0-6811-4d44-923c-5df4b758e7f4.gif%3Fversion%3D635761737600000000%26amp%3Bwidth%3D128%26amp%3Bheight%3D128%26amp%3Bauto%3Dwebp%26amp%3Bformat%3Dpjpg","girl"
112,"Lincoln vs Ponte Vedra",Girls Volleyball,"Florida",9/28/2026,7:00pm,"The Lincoln varsity volleyball team has an away non-conference match @  Ponte Vedra (FL) on Monday, September 28 @ 7p.","/fl/volleyball/match/lincoln-tallahassee-vs-ponte-vedra/9-28-2026/?c=8e4e2e67-4de0-4715-92aa-d948fa822a84","https://www.maxpreps.com/fl/volleyball/match/lincoln-tallahassee-vs-ponte-vedra/9-28-2026/?c=8e4e2e67-4de0-4715-92aa-d948fa822a84","/volleyball/fl/d4b?9/28/2026","Lincoln","Trojans","https://www.maxpreps.com/fl/lincoln-tallahassee/girls-volleyball/","https://www.maxpreps.com/fl/ponte-vedra/girls-volleyball/","https://hsfootball.net/proxy.php?url=https%3A%2F%2Fimage.maxpreps.io%2Fschool-mascot%2F5%2F9%2F1%2F591101da-0101-4341-af4b-76c985882eb5.gif%3Fversion%3D639180703316382290%26amp%3Bwidth%3D128%26amp%3Bheight%3D128%26amp%3Bauto%3Dwebp%26amp%3Bformat%3Dpjpg","https://hsfootball.net/proxy.php?url=https%3A%2F%2Fimage.maxpreps.io%2Fschool-mascot%2Fe%2Ff%2F2%2Fef2494bc-baf8-41bc-a48e-89f61d31c557.gif%3Fversion%3D638323827000000000%26amp%3Bwidth%3D128%26amp%3Bheight%3D128%26amp%3Bauto%3Dwebp%26amp%3Bformat%3Dpjpg","girl"
113,"Suncoast vs Park Vista",Girls Volleyball,"Florida",9/28/2026,7:00pm,"The Suncoast varsity volleyball team has an away non-conference match @  Park Vista (Lake Worth, FL) on Monday, September 28 @ 7p.","/fl/volleyball/match/park-vista-lake-worth-vs-suncoast-riviera-beach/9-28-2026/?c=9db97a82-0443-4d94-a6f9-0a53afffab0c","https://www.maxpreps.com/fl/volleyball/match/park-vista-lake-worth-vs-suncoast-riviera-beach/9-28-2026/?c=9db97a82-0443-4d94-a6f9-0a53afffab0c","/volleyball/fl/121f?9/28/2026","Suncoast","Chargers","https://www.maxpreps.com/fl/park-vista-lake-worth/girls-volleyball/","https://www.maxpreps.com/fl/suncoast-riviera-beach/girls-volleyball/","https://hsfootball.net/proxy.php?url=https%3A%2F%2Fimage.maxpreps.io%2Fschool-mascot%2F2%2F4%2F1%2F241f478f-cedd-4e2d-89f0-aff463355708.gif%3Fversion%3D637679729400000000%26amp%3Bwidth%3D128%26amp%3Bheight%3D128%26amp%3Bauto%3Dwebp%26amp%3Bformat%3Dpjpg","https://hsfootball.net/proxy.php?url=https%3A%2F%2Fimage.maxpreps.io%2Fschool-mascot%2Fb%2Fb%2Fa%2Fbba55a50-c524-48bd-94b1-3f594b1e76e2.gif%3Fversion%3D637461240000000000%26amp%3Bwidth%3D128%26amp%3Bheight%3D128%26amp%3Bauto%3Dwebp%26amp%3Bformat%3Dpjpg","girl"
114,"St. Petersburg Catholic vs Saint Stephen&#x27;s Episcopal",Girls Volleyball,"Florida",9/28/2026,7:00pm,"The St. Petersburg Catholic varsity volleyball team has an away non-conference match @  Saint Stephen&#x27;s Episcopal (Bradenton, FL) on Monday, September 28 @ 7p.","/fl/volleyball/match/saint-stephens-episcopal-bradenton-vs-st-petersburg-catholic/9-28-2026/?c=80b5ef0c-5bb8-4c98-8637-c3e5a932dba7","https://www.maxpreps.com/fl/volleyball/match/saint-stephens-episcopal-bradenton-vs-st-petersburg-catholic/9-28-2026/?c=80b5ef0c-5bb8-4c98-8637-c3e5a932dba7","/volleyball/fl/179b?9/28/2026","St. Petersburg Catholic","Barons","https://www.maxpreps.com/fl/saint-stephens-episcopal-bradenton/girls-volleyball/","https://www.maxpreps.com/fl/st-petersburg-catholic/girls-volleyball/","https://hsfootball.net/proxy.php?url=https%3A%2F%2Fimage.maxpreps.io%2Fschool-mascot%2F9%2Fc%2F8%2F9c84d2d5-3867-4963-86e9-fe396c307214.gif%3Fversion%3D638866025064448930%26amp%3Bwidth%3D128%26amp%3Bheight%3D128%26amp%3Bauto%3Dwebp%26amp%3Bformat%3Dpjpg","https://hsfootball.net/proxy.php?url=https%3A%2F%2Fimage.maxpreps.io%2Fschool-mascot%2Ff%2F6%2F1%2Ff6190ed9-c4ed-4a90-8dca-b9e16343131c.gif%3Fversion%3D638586263502757430%26amp%3Bwidth%3D128%26amp%3Bheight%3D128%26amp%3Bauto%3Dwebp%26amp%3Bformat%3Dpjpg","girl"
115,"Matanzas vs Seabreeze",Girls Volleyball,"Florida",9/28/2026,7:00pm,"The Matanzas varsity volleyball team has an away non-conference match @  Seabreeze (Daytona Beach, FL) on Monday, September 28 @ 7p.","/fl/volleyball/match/matanzas-palm-coast-vs-seabreeze-daytona-beach/9-28-2026/?c=3baf0810-d026-490a-8737-4d68644c4966","https://www.maxpreps.com/fl/volleyball/match/matanzas-palm-coast-vs-seabreeze-daytona-beach/9-28-2026/?c=3baf0810-d026-490a-8737-4d68644c4966","/volleyball/fl/11b3?9/28/2026","Matanzas","Pirates","https://www.maxpreps.com/fl/matanzas-palm-coast/girls-volleyball/","https://www.maxpreps.com/fl/seabreeze-daytona-beach/girls-volleyball/","https://hsfootball.net/proxy.php?url=https%3A%2F%2Fimage.maxpreps.io%2Fschool-mascot%2F8%2Fa%2Fa%2F8aa42a22-8a74-4516-a096-46359bed31b8.gif%3Fversion%3D636391719600000000%26amp%3Bwidth%3D128%26amp%3Bheight%3D128%26amp%3Bauto%3Dwebp%26amp%3Bformat%3Dpjpg","https://hsfootball.net/proxy.php?url=https%3A%2F%2Fimage.maxpreps.io%2Fschool-mascot%2F5%2F6%2F0%2F560a74c7-71d2-417e-800f-6dd695d8f595.gif%3Fversion%3D635814486000000000%26amp%3Bwidth%3D128%26amp%3Bheight%3D128%26amp%3Bauto%3Dwebp%26amp%3Bformat%3Dpjpg","girl"
116,"Lake Worth Christian vs Palm Beach Gardens",Girls Volleyball,"Florida",9/28/2026,7:00pm,"The Lake Worth Christian varsity volleyball team has an away non-conference match @  Palm Beach Gardens (FL) on Monday, September 28 @ 7p.","/fl/volleyball/match/lake-worth-christian-boynton-beach-vs-palm-beach-gardens/9-28-2026/?c=2a311885-db65-4f65-b8b9-a9f693fc2084","https://www.maxpreps.com/fl/volleyball/match/lake-worth-christian-boynton-beach-vs-palm-beach-gardens/9-28-2026/?c=2a311885-db65-4f65-b8b9-a9f693fc2084","/volleyball/fl/1564?9/28/2026","Lake Worth Christian","Defenders","https://www.maxpreps.com/fl/lake-worth-christian-boynton-beach/girls-volleyball/","https://www.maxpreps.com/fl/palm-beach-gardens/girls-volleyball/","https://hsfootball.net/proxy.php?url=https%3A%2F%2Fimage.maxpreps.io%2Fschool-mascot%2F6%2Fc%2Fd%2F6cd7367d-a953-4f26-a205-60c5236ce74f.gif%3Fversion%3D636457247400000000%26amp%3Bwidth%3D128%26amp%3Bheight%3D128%26amp%3Bauto%3Dwebp%26amp%3Bformat%3Dpjpg","https://hsfootball.net/proxy.php?url=https%3A%2F%2Fimage.maxpreps.io%2Fschool-mascot%2F9%2Fb%2F3%2F9b3af2d3-8526-4147-ab67-d68ab4ef614f.gif%3Fversion%3D638319160800000000%26amp%3Bwidth%3D128%26amp%3Bheight%3D128%26amp%3Bauto%3Dwebp%26amp%3Bformat%3Dpjpg","girl"
117,"Bronson vs South Marion",Girls Volleyball,"Florida",9/28/2026,7:00pm,"The Bronson varsity volleyball team has an away non-conference match @  South Marion (Ocala, FL) on Monday, September 28 @ 7p.","/fl/volleyball/match/bronson-vs-south-marion-ocala/9-28-2026/?c=d2a52ea6-65a9-4367-a0ed-b8f085819889","https://www.maxpreps.com/fl/volleyball/match/bronson-vs-south-marion-ocala/9-28-2026/?c=d2a52ea6-65a9-4367-a0ed-b8f085819889","/volleyball/fl/b57?9/28/2026","Bronson","Eagles","https://www.maxpreps.com/fl/bronson/girls-volleyball/","https://www.maxpreps.com/fl/south-marion-ocala/girls-volleyball/","https://hsfootball.net/proxy.php?url=https%3A%2F%2Fimage.maxpreps.io%2Fschool-mascot%2Fc%2F4%2Fc%2Fc4cbe3f7-4876-4a45-a2ee-fce941675ccf.gif%3Fversion%3D637273772400000000%26amp%3Bwidth%3D128%26amp%3Bheight%3D128%26amp%3Bauto%3Dwebp%26amp%3Bformat%3Dpjpg","https://hsfootball.net/proxy.php?url=https%3A%2F%2Fimage.maxpreps.io%2Fschool-mascot%2F5%2F4%2F2%2F542e8051-cb5d-4dc4-b1f5-ca79906e90da.gif%3Fversion%3D639162723492481000%26amp%3Bwidth%3D128%26amp%3Bheight%3D128%26amp%3Bauto%3Dwebp%26amp%3Bformat%3Dpjpg","girl"
118,"Bartram Trail vs Providence School",Girls Volleyball,"Florida",9/28/2026,7:00pm,"The Bartram Trail varsity volleyball team has an away non-conference match @  Providence School (Jacksonville, FL) on Monday, September 28 @ 7p.","/fl/volleyball/match/bartram-trail-st-johns-vs-providence-school-jacksonville/9-28-2026/?c=8ac02254-694f-49d4-9eb5-9b67bc8de583","https://www.maxpreps.com/fl/volleyball/match/bartram-trail-st-johns-vs-providence-school-jacksonville/9-28-2026/?c=8ac02254-694f-49d4-9eb5-9b67bc8de583","/volleyball/fl/15ee?9/28/2026","Bartram Trail","Bears","https://www.maxpreps.com/fl/bartram-trail-st-johns/girls-volleyball/","https://www.maxpreps.com/fl/providence-school-jacksonville/girls-volleyball/","https://hsfootball.net/proxy.php?url=https%3A%2F%2Fimage.maxpreps.io%2Fschool-mascot%2Fb%2Fb%2F9%2Fbb93383d-5f7d-4524-8d0a-85d2abd698d1.gif%3Fversion%3D635771436600000000%26amp%3Bwidth%3D128%26amp%3Bheight%3D128%26amp%3Bauto%3Dwebp%26amp%3Bformat%3Dpjpg","https://hsfootball.net/proxy.php?url=https%3A%2F%2Fimage.maxpreps.io%2Fschool-mascot%2F5%2F2%2Fc%2F52c4bbbe-1897-42ed-8806-3d81412c22c2.gif%3Fversion%3D637648681200000000%26amp%3Bwidth%3D128%26amp%3Bheight%3D128%26amp%3Bauto%3Dwebp%26amp%3Bformat%3Dpjpg","girl"
119,"Gainesville vs Ridgeview",Girls Volleyball,"Florida",9/28/2026,7:00pm,"The Gainesville varsity volleyball team has an away conference match @  Ridgeview (Orange Park, FL) on Monday, September 28 @ 7p.","/fl/volleyball/match/gainesville-vs-ridgeview-orange-park/9-28-2026/?c=0c6293ea-f866-4486-be6b-c4468ba878da","https://www.maxpreps.com/fl/volleyball/match/gainesville-vs-ridgeview-orange-park/9-28-2026/?c=0c6293ea-f866-4486-be6b-c4468ba878da","/volleyball/fl/e20?9/28/2026","Gainesville","Purple Hurricanes","https://www.maxpreps.com/fl/gainesville/girls-volleyball/","https://www.maxpreps.com/fl/ridgeview-orange-park/girls-volleyball/","https://hsfootball.net/proxy.php?url=https%3A%2F%2Fimage.maxpreps.io%2Fschool-mascot%2F4%2Fc%2F2%2F4c2efcb8-a181-408b-ba0a-c8af2a5e90af.gif%3Fversion%3D636313845600000000%26amp%3Bwidth%3D128%26amp%3Bheight%3D128%26amp%3Bauto%3Dwebp%26amp%3Bformat%3Dpjpg","https://hsfootball.net/proxy.php?url=https%3A%2F%2Fimage.maxpreps.io%2Fschool-mascot%2Ff%2Ff%2Fb%2Fffbd0d5f-3ddb-4c89-ad22-99f4a15db0eb.gif%3Fversion%3D636369391200000000%26amp%3Bwidth%3D128%26amp%3Bheight%3D128%26amp%3Bauto%3Dwebp%26amp%3Bformat%3Dpjpg","girl"
120,"Imagine School at North Port vs Bishop Verot",Girls Volleyball,"Florida",9/28/2026,7:00pm,"The Imagine School at North Port varsity volleyball team has an away non-conference match @  Bishop Verot (Fort Myers, FL) on Monday, September 28 @ 7p.","/fl/volleyball/match/bishop-verot-fort-myers-vs-imagine-school-at-north-port/9-28-2026/?c=88478d87-e7cf-48bc-bd37-6d27c8c3e705","https://www.maxpreps.com/fl/volleyball/match/bishop-verot-fort-myers-vs-imagine-school-at-north-port/9-28-2026/?c=88478d87-e7cf-48bc-bd37-6d27c8c3e705","/volleyball/fl/1545?9/28/2026","Imagine School at North Port","Sharks","https://www.maxpreps.com/fl/bishop-verot-fort-myers/girls-volleyball/","https://www.maxpreps.com/fl/imagine-school-at-north-port/girls-volleyball/","https://hsfootball.net/proxy.php?url=https%3A%2F%2Fimage.maxpreps.io%2Fschool-mascot%2F7%2Fc%2Fe%2F7ce5b4a3-85c7-47db-9c5f-7570c35192c7.gif%3Fversion%3D637355269800000000%26amp%3Bwidth%3D128%26amp%3Bheight%3D128%26amp%3Bauto%3Dwebp%26amp%3Bformat%3Dpjpg","https://hsfootball.net/proxy.php?url=https%3A%2F%2Fimage.maxpreps.io%2Fschool-mascot%2Fe%2F9%2Fc%2Fe9cfc8cb-c5ac-440b-a4a2-3d3c91b059f5.gif%3Fversion%3D634832164200000000%26amp%3Bwidth%3D128%26amp%3Bheight%3D128%26amp%3Bauto%3Dwebp%26amp%3Bformat%3Dpjpg","girl"