1,"St. Pius X vs St. James Academy",Football,"Kansas",9/25/2026,7:00pm,"The St. Pius X varsity football team has an away non-conference game @  St. James Academy (Lenexa, KS) on Friday, September 25 @ 7p.","/inter-state/football/game/st-james-academy-lenexa-ks-vs-st-pius-x-kansas-city-mo/9-25-2026/?c=480b9671-41cd-44e6-9b29-300ccdac9651","https://www.maxpreps.com/inter-state/football/game/st-james-academy-lenexa-ks-vs-st-pius-x-kansas-city-mo/9-25-2026/?c=480b9671-41cd-44e6-9b29-300ccdac9651","/football/ks/1434?9/25/2026","St. Pius X","Warriors","https://www.maxpreps.com/ks/st-james-academy-lenexa-ks/football/","https://www.maxpreps.com/ks/st-pius-x-kansas-city-mo/football/","https://hsfootball.net/proxy.php?url=https%3A%2F%2Fimage.maxpreps.io%2Fschool-mascot%2Ff%2F7%2F1%2Ff7144101-ba9e-4348-b272-e0b0464d9c3e.gif%3Fversion%3D636256944600000000%26amp%3Bwidth%3D128%26amp%3Bheight%3D128%26amp%3Bauto%3Dwebp%26amp%3Bformat%3Dpjpg","https://hsfootball.net/proxy.php?url=https%3A%2F%2Fimage.maxpreps.io%2Fschool-mascot%2Ff%2Ff%2Fe%2Fffea9038-f656-4487-879b-180031299c0b.gif%3Fversion%3D636264661200000000%26amp%3Bwidth%3D128%26amp%3Bheight%3D128%26amp%3Bauto%3Dwebp%26amp%3Bformat%3Dpjpg","boy"
2,"Saint Thomas Aquinas vs Rockhurst",Football,"Kansas",9/25/2026,7:00pm,"The Saint Thomas Aquinas varsity football team has an away non-conference game @  Rockhurst (Kansas City, MO) on Friday, September 25 @ 7p.","/inter-state/football/game/rockhurst-kansas-city-mo-vs-saint-thomas-aquinas-overland-park-ks/9-25-2026/?c=c69aed23-6f82-4326-98d2-5ee08cfed5aa","https://www.maxpreps.com/inter-state/football/game/rockhurst-kansas-city-mo-vs-saint-thomas-aquinas-overland-park-ks/9-25-2026/?c=c69aed23-6f82-4326-98d2-5ee08cfed5aa","/football/ks/192a?9/25/2026","Saint Thomas Aquinas","Saints","https://www.maxpreps.com/ks/rockhurst-kansas-city-mo/football/","https://www.maxpreps.com/ks/saint-thomas-aquinas-overland-park-ks/football/","https://hsfootball.net/proxy.php?url=https%3A%2F%2Fimage.maxpreps.io%2Fschool-mascot%2F8%2F8%2Ff%2F88fe15bb-46bd-4bec-9700-1aaeda80e066.gif%3Fversion%3D638907601579399460%26amp%3Bwidth%3D128%26amp%3Bheight%3D128%26amp%3Bauto%3Dwebp%26amp%3Bformat%3Dpjpg","https://hsfootball.net/proxy.php?url=https%3A%2F%2Fimage.maxpreps.io%2Fschool-mascot%2F5%2Fc%2Fb%2F5cb01901-7b04-4844-81ab-320f56a859bc.gif%3Fversion%3D634868495400000000%26amp%3Bwidth%3D128%26amp%3Bheight%3D128%26amp%3Bauto%3Dwebp%26amp%3Bformat%3Dpjpg","boy"
3,"Olathe South vs Mill Valley",Football,"Kansas",9/25/2026,7:00pm,"The Olathe South varsity football team has an away conference game @  Mill Valley (Shawnee, KS) on Friday, September 25 @ 7p.","/ks/football/game/mill-valley-shawnee-vs-olathe-south/9-25-2026/?c=40c85cdb-ec55-447d-8bb0-c233ff179879","https://www.maxpreps.com/ks/football/game/mill-valley-shawnee-vs-olathe-south/9-25-2026/?c=40c85cdb-ec55-447d-8bb0-c233ff179879","/football/ks/da0?9/25/2026","Olathe South","Falcons","https://www.maxpreps.com/ks/mill-valley-shawnee/football/","https://www.maxpreps.com/ks/olathe-south/football/","https://hsfootball.net/proxy.php?url=https%3A%2F%2Fimage.maxpreps.io%2Fschool-mascot%2F2%2F0%2F3%2F203209f9-f118-4b12-b881-e5aebb3f04b5.gif%3Fversion%3D635058650400000000%26amp%3Bwidth%3D128%26amp%3Bheight%3D128%26amp%3Bauto%3Dwebp%26amp%3Bformat%3Dpjpg","https://hsfootball.net/proxy.php?url=https%3A%2F%2Fimage.maxpreps.io%2Fschool-mascot%2F3%2Fd%2F2%2F3d24880d-74c5-4f86-ae1f-83a704a4d31d.gif%3Fversion%3D636578128800000000%26amp%3Bwidth%3D128%26amp%3Bheight%3D128%26amp%3Bauto%3Dwebp%26amp%3Bformat%3Dpjpg","boy"
4,"Trinity Academy vs Syracuse",Football,"Kansas",9/25/2026,6:00pm,"The Trinity Academy varsity football team has an away non-conference game @  Syracuse (KS) on Friday, September 25 @ 6p.","/ks/football/game/syracuse-vs-trinity-academy-wichita/9-25-2026/?c=3f48f69c-bd19-4397-a1cc-9c7f0eb8576d","https://www.maxpreps.com/ks/football/game/syracuse-vs-trinity-academy-wichita/9-25-2026/?c=3f48f69c-bd19-4397-a1cc-9c7f0eb8576d","/football/ks/ddc?9/25/2026","Trinity Academy","Knights","https://www.maxpreps.com/ks/syracuse/football/","https://www.maxpreps.com/ks/trinity-academy-wichita/football/","https://hsfootball.net/proxy.php?url=https%3A%2F%2Fimage.maxpreps.io%2Fschool-mascot%2F4%2F6%2F0%2F46083c98-0bd5-4069-9e87-bf701c41c340.gif%3Fversion%3D639053651356731690%26amp%3Bwidth%3D128%26amp%3Bheight%3D128%26amp%3Bauto%3Dwebp%26amp%3Bformat%3Dpjpg","https://hsfootball.net/proxy.php?url=https%3A%2F%2Fimage.maxpreps.io%2Fschool-mascot%2F4%2Fb%2F4%2F4b4ca505-72cb-4e56-af15-3d0ccb7d70ad.gif%3Fversion%3D634581412200000000%26amp%3Bwidth%3D128%26amp%3Bheight%3D128%26amp%3Bauto%3Dwebp%26amp%3Bformat%3Dpjpg","boy"
5,"Bishop Carroll vs South",Football,"Kansas",9/25/2026,7:00pm,"The Bishop Carroll varsity football team has an away conference game @  South (Wichita, KS) on Friday, September 25 @ 7p.","/ks/football/game/bishop-carroll-wichita-vs-south-wichita/9-25-2026/?c=4294ca0a-e99e-4b08-864a-0ba5caf320db","https://www.maxpreps.com/ks/football/game/bishop-carroll-wichita-vs-south-wichita/9-25-2026/?c=4294ca0a-e99e-4b08-864a-0ba5caf320db","/football/ks/f43?9/25/2026","Bishop Carroll","Golden Eagles","https://www.maxpreps.com/ks/bishop-carroll-wichita/football/","https://www.maxpreps.com/ks/south-wichita/football/","https://hsfootball.net/proxy.php?url=https%3A%2F%2Fimage.maxpreps.io%2Fschool-mascot%2F8%2F2%2F0%2F820df8d2-6f82-4235-b618-c602edce033f.gif%3Fversion%3D636911769600000000%26amp%3Bwidth%3D128%26amp%3Bheight%3D128%26amp%3Bauto%3Dwebp%26amp%3Bformat%3Dpjpg","https://hsfootball.net/proxy.php?url=https%3A%2F%2Fimage.maxpreps.io%2Fschool-mascot%2Ff%2F2%2F6%2Ff26dd5f7-f376-4f65-8933-98822298a71b.gif%3Fversion%3D635808514200000000%26amp%3Bwidth%3D128%26amp%3Bheight%3D128%26amp%3Bauto%3Dwebp%26amp%3Bformat%3Dpjpg","boy"
6,"St. John vs Norwich",Football,"Kansas",9/25/2026,7:00pm,"The St. John varsity football team has an away non-conference game @  Norwich (KS) on Friday, September 25 @ 7p.","/ks/football/game/norwich-vs-st-john/9-25-2026/?c=f8037c0a-ba47-4688-8ebf-1dee4281017d","https://www.maxpreps.com/ks/football/game/norwich-vs-st-john/9-25-2026/?c=f8037c0a-ba47-4688-8ebf-1dee4281017d","/football/ks/700?9/25/2026","St. John","Tigers","https://www.maxpreps.com/ks/norwich/football/","https://www.maxpreps.com/ks/st-john/football/","https://hsfootball.net/proxy.php?url=https%3A%2F%2Fimage.maxpreps.io%2Fschool-mascot%2F7%2F6%2F9%2F769c1575-75fe-4caf-bfcb-0abe8bbae8dd.gif%3Fversion%3D636389262000000000%26amp%3Bwidth%3D128%26amp%3Bheight%3D128%26amp%3Bauto%3Dwebp%26amp%3Bformat%3Dpjpg","https://hsfootball.net/proxy.php?url=https%3A%2F%2Fimage.maxpreps.io%2Fschool-mascot%2Fc%2F6%2Fe%2Fc6e8e03d-7c49-4032-b4de-6b13a48e5ab8.gif%3Fversion%3D637382907600000000%26amp%3Bwidth%3D128%26amp%3Bheight%3D128%26amp%3Bauto%3Dwebp%26amp%3Bformat%3Dpjpg","boy"
7,"Paola vs Tonganoxie",Football,"Kansas",9/25/2026,7:00pm,"The Paola varsity football team has an away conference game @  Tonganoxie (KS) on Friday, September 25 @ 7p.","/ks/football/game/paola-vs-tonganoxie/9-25-2026/?c=2e01666e-b9dc-4652-83e7-ae958ad80c99","https://www.maxpreps.com/ks/football/game/paola-vs-tonganoxie/9-25-2026/?c=2e01666e-b9dc-4652-83e7-ae958ad80c99","/football/ks/78c?9/25/2026","Paola","Panthers","https://www.maxpreps.com/ks/paola/football/","https://www.maxpreps.com/ks/tonganoxie/football/","https://hsfootball.net/proxy.php?url=https%3A%2F%2Fimage.maxpreps.io%2Fschool-mascot%2F7%2Ff%2Fe%2F7fe75c53-3bc1-483c-a4a9-3b293d9af5b9.gif%3Fversion%3D634890287400000000%26amp%3Bwidth%3D128%26amp%3Bheight%3D128%26amp%3Bauto%3Dwebp%26amp%3Bformat%3Dpjpg","https://hsfootball.net/proxy.php?url=https%3A%2F%2Fimage.maxpreps.io%2Fschool-mascot%2F6%2F0%2Ff%2F60f7a689-9322-486b-bd77-cf22fea628ab.gif%3Fversion%3D638137098600000000%26amp%3Bwidth%3D128%26amp%3Bheight%3D128%26amp%3Bauto%3Dwebp%26amp%3Bformat%3Dpjpg","boy"
8,"Mulvane vs Wamego",Football,"Kansas",9/25/2026,7:00pm,"The Mulvane varsity football team has an away non-conference game @  Wamego (KS) on Friday, September 25 @ 7p.","/ks/football/game/mulvane-vs-wamego/9-25-2026/?c=006bacf8-c04d-4634-96b0-0dd8301167e3","https://www.maxpreps.com/ks/football/game/mulvane-vs-wamego/9-25-2026/?c=006bacf8-c04d-4634-96b0-0dd8301167e3","/football/ks/6bb?9/25/2026","Mulvane","Wildcats","https://www.maxpreps.com/ks/mulvane/football/","https://www.maxpreps.com/ks/wamego/football/","https://hsfootball.net/proxy.php?url=https%3A%2F%2Fimage.maxpreps.io%2Fschool-mascot%2F6%2Fd%2F6%2F6d63157c-ccca-4559-8653-3e96958813d2.gif%3Fversion%3D634838056800000000%26amp%3Bwidth%3D128%26amp%3Bheight%3D128%26amp%3Bauto%3Dwebp%26amp%3Bformat%3Dpjpg","https://hsfootball.net/proxy.php?url=https%3A%2F%2Fimage.maxpreps.io%2Fschool-mascot%2F8%2F5%2F9%2F85994f3a-51f3-45de-8eb1-88106d80733b.gif%3Fversion%3D636529796400000000%26amp%3Bwidth%3D128%26amp%3Bheight%3D128%26amp%3Bauto%3Dwebp%26amp%3Bformat%3Dpjpg","boy"
9,"Northwest vs East",Football,"Kansas",9/25/2026,7:00pm,"The Northwest varsity football team has an away conference game @  East (Wichita, KS) on Friday, September 25 @ 7p.","/ks/football/game/east-wichita-vs-northwest-wichita/9-25-2026/?c=869c614a-d553-400c-ba5c-816b24b1c300","https://www.maxpreps.com/ks/football/game/east-wichita-vs-northwest-wichita/9-25-2026/?c=869c614a-d553-400c-ba5c-816b24b1c300","/football/ks/d0a?9/25/2026","Northwest","Grizzlies","https://www.maxpreps.com/ks/east-wichita/football/","https://www.maxpreps.com/ks/northwest-wichita/football/","https://hsfootball.net/proxy.php?url=https%3A%2F%2Fimage.maxpreps.io%2Fschool-mascot%2F9%2F5%2F3%2F9538f6f1-40d9-4d6a-bc1b-bef6ac27e0d0.gif%3Fversion%3D636966490800000000%26amp%3Bwidth%3D128%26amp%3Bheight%3D128%26amp%3Bauto%3Dwebp%26amp%3Bformat%3Dpjpg","https://hsfootball.net/proxy.php?url=https%3A%2F%2Fimage.maxpreps.io%2Fschool-mascot%2F8%2F0%2F5%2F805805be-ed96-40ca-ae2f-de155d55477c.gif%3Fversion%3D635220435000000000%26amp%3Bwidth%3D128%26amp%3Bheight%3D128%26amp%3Bauto%3Dwebp%26amp%3Bformat%3Dpjpg","boy"
10,"Logan vs Chase",Football,"Kansas",9/25/2026,7:00pm,"The Logan varsity football team has an away non-conference game @  Chase (KS) on Friday, September 25 @ 7p.","/ks/football/game/chase-vs-logan/9-25-2026/?c=82351c39-557b-48f9-a86e-bb81db2885c9","https://www.maxpreps.com/ks/football/game/chase-vs-logan/9-25-2026/?c=82351c39-557b-48f9-a86e-bb81db2885c9","/football/ks/558?9/25/2026","Logan","Trojans","https://www.maxpreps.com/ks/chase/football/","https://www.maxpreps.com/ks/logan/football/","https://hsfootball.net/proxy.php?url=https%3A%2F%2Fimage.maxpreps.io%2Fschool-mascot%2F5%2Fe%2F6%2F5e6d5671-d7f0-4ddd-b2e7-158ea688cce8.gif%3Fversion%3D635121659400000000%26amp%3Bwidth%3D128%26amp%3Bheight%3D128%26amp%3Bauto%3Dwebp%26amp%3Bformat%3Dpjpg","https://hsfootball.net/proxy.php?url=https%3A%2F%2Fimage.maxpreps.io%2Fschool-mascot%2F7%2Fc%2F3%2F7c371c63-ec90-45f7-ad49-b9d329aa479c.gif%3Fversion%3D637086448800000000%26amp%3Bwidth%3D128%26amp%3Bheight%3D128%26amp%3Bauto%3Dwebp%26amp%3Bformat%3Dpjpg","boy"
11,"Flinthills vs Sedan",Football,"Kansas",9/25/2026,7:00pm,"The Flinthills varsity football team has an away conference game @  Sedan (KS) on Friday, September 25 @ 7p.","/ks/football/game/flinthills-rosalia-vs-sedan/9-25-2026/?c=1e1c1784-7629-489d-82aa-540d01ee0f95","https://www.maxpreps.com/ks/football/game/flinthills-rosalia-vs-sedan/9-25-2026/?c=1e1c1784-7629-489d-82aa-540d01ee0f95","/football/ks/a9f?9/25/2026","Flinthills","Mustangs","https://www.maxpreps.com/ks/flinthills-rosalia/football/","https://www.maxpreps.com/ks/sedan/football/","https://hsfootball.net/proxy.php?url=https%3A%2F%2Fimage.maxpreps.io%2Fschool-mascot%2Fa%2F7%2Fe%2Fa7eae424-34df-4dde-bc57-90cafd7b6684.gif%3Fversion%3D635876619000000000%26amp%3Bwidth%3D128%26amp%3Bheight%3D128%26amp%3Bauto%3Dwebp%26amp%3Bformat%3Dpjpg","https://hsfootball.net/proxy.php?url=https%3A%2F%2Fimage.maxpreps.io%2Fschool-mascot%2F7%2Fd%2F5%2F7d5c142c-cc7d-4caf-b018-9a2f2588028d.gif%3Fversion%3D634189297200000000%26amp%3Bwidth%3D128%26amp%3Bheight%3D128%26amp%3Bauto%3Dwebp%26amp%3Bformat%3Dpjpg","boy"
12,"Rose Hill vs Chanute",Football,"Kansas",9/25/2026,7:00pm,"The Rose Hill varsity football team has an away non-conference game @  Chanute (KS) on Friday, September 25 @ 7p.","/ks/football/game/chanute-vs-rose-hill/9-25-2026/?c=1a7ff0eb-c9c3-4e49-a2e0-3f0580d54f5c","https://www.maxpreps.com/ks/football/game/chanute-vs-rose-hill/9-25-2026/?c=1a7ff0eb-c9c3-4e49-a2e0-3f0580d54f5c","/football/ks/7ba?9/25/2026","Rose Hill","Rockets","https://www.maxpreps.com/ks/chanute/football/","https://www.maxpreps.com/ks/rose-hill/football/","https://hsfootball.net/proxy.php?url=https%3A%2F%2Fimage.maxpreps.io%2Fschool-mascot%2F6%2F4%2F6%2F646c747a-120b-4fda-9b57-25155564c91c.gif%3Fversion%3D638931730652191070%26amp%3Bwidth%3D128%26amp%3Bheight%3D128%26amp%3Bauto%3Dwebp%26amp%3Bformat%3Dpjpg","https://hsfootball.net/proxy.php?url=https%3A%2F%2Fimage.maxpreps.io%2Fschool-mascot%2Fd%2F0%2Fd%2Fd0d56796-f8cc-40df-9c67-4d5b09222ed1.gif%3Fversion%3D636446891400000000%26amp%3Bwidth%3D128%26amp%3Bheight%3D128%26amp%3Bauto%3Dwebp%26amp%3Bformat%3Dpjpg","boy"
13,"St. Paul vs Marmaton Valley",Football,"Kansas",9/25/2026,7:00pm,"The St. Paul varsity football team has an away conference game @  Marmaton Valley (Moran, KS) on Friday, September 25 @ 7p.","/ks/football/game/marmaton-valley-moran-vs-st-paul/9-25-2026/?c=cd330a1b-799d-4d17-839d-751e79b46380","https://www.maxpreps.com/ks/football/game/marmaton-valley-moran-vs-st-paul/9-25-2026/?c=cd330a1b-799d-4d17-839d-751e79b46380","/football/ks/c6c?9/25/2026","St. Paul","Indians","https://www.maxpreps.com/ks/marmaton-valley-moran/football/","https://www.maxpreps.com/ks/st-paul/football/","https://hsfootball.net/proxy.php?url=https%3A%2F%2Fimage.maxpreps.io%2Fschool-mascot%2F5%2Ff%2F5%2F5f56575d-8db4-4191-92f5-9ad4eb0cfd9e.gif%3Fversion%3D638030794800000000%26amp%3Bwidth%3D128%26amp%3Bheight%3D128%26amp%3Bauto%3Dwebp%26amp%3Bformat%3Dpjpg","https://hsfootball.net/proxy.php?url=https%3A%2F%2Fimage.maxpreps.io%2Fschool-mascot%2F8%2F4%2F7%2F847b83ae-6871-41b9-9a78-a230eda873f4.gif%3Fversion%3D637086448800000000%26amp%3Bwidth%3D128%26amp%3Bheight%3D128%26amp%3Bauto%3Dwebp%26amp%3Bformat%3Dpjpg","boy"
14,"Hodgeman County vs Kinsley",Football,"Kansas",9/25/2026,7:00pm,"The Hodgeman County varsity football team has an away conference game @  Kinsley (KS) on Friday, September 25 @ 7p.","/ks/football/game/hodgeman-county-jetmore-vs-kinsley/9-25-2026/?c=08366fad-06cc-404f-b2e6-4a3e3e67e49f","https://www.maxpreps.com/ks/football/game/hodgeman-county-jetmore-vs-kinsley/9-25-2026/?c=08366fad-06cc-404f-b2e6-4a3e3e67e49f","/football/ks/d77?9/25/2026","Hodgeman County","Longhorns","https://www.maxpreps.com/ks/hodgeman-county-jetmore/football/","https://www.maxpreps.com/ks/kinsley/football/","https://hsfootball.net/proxy.php?url=https%3A%2F%2Fimage.maxpreps.io%2Fschool-mascot%2Fa%2Fd%2F3%2Fad332a9d-e2e8-4d27-a9e6-c1e0df58aa64.gif%3Fversion%3D638700263646498010%26amp%3Bwidth%3D128%26amp%3Bheight%3D128%26amp%3Bauto%3Dwebp%26amp%3Bformat%3Dpjpg","https://hsfootball.net/proxy.php?url=https%3A%2F%2Fimage.maxpreps.io%2Fschool-mascot%2F6%2Fb%2Fd%2F6bd36711-c0b7-4f58-a6dd-ebadd976e80f.gif%3Fversion%3D636407230200000000%26amp%3Bwidth%3D128%26amp%3Bheight%3D128%26amp%3Bauto%3Dwebp%26amp%3Bformat%3Dpjpg","boy"
15,"Andover Central vs Maize South",Football,"Kansas",9/25/2026,7:00pm,"The Andover Central varsity football team has an away non-conference game @  Maize South (Wichita, KS) on Friday, September 25 @ 7p.","/ks/football/game/andover-central-vs-maize-south-wichita/9-25-2026/?c=d3d6cf53-2d9e-44ac-ba29-ad38fe1549f4","https://www.maxpreps.com/ks/football/game/andover-central-vs-maize-south-wichita/9-25-2026/?c=d3d6cf53-2d9e-44ac-ba29-ad38fe1549f4","/football/ks/ed4?9/25/2026","Andover Central","Jaguars","https://www.maxpreps.com/ks/andover-central/football/","https://www.maxpreps.com/ks/maize-south-wichita/football/","https://hsfootball.net/proxy.php?url=https%3A%2F%2Fimage.maxpreps.io%2Fschool-mascot%2Fa%2F2%2F2%2Fa225734f-6f61-434a-8e38-9b2dc1df85b6.gif%3Fversion%3D637822389000000000%26amp%3Bwidth%3D128%26amp%3Bheight%3D128%26amp%3Bauto%3Dwebp%26amp%3Bformat%3Dpjpg","https://hsfootball.net/proxy.php?url=https%3A%2F%2Fimage.maxpreps.io%2Fschool-mascot%2F7%2Fe%2Ff%2F7eff3dee-414b-444d-873f-408a1495f5ec.gif%3Fversion%3D637347291000000000%26amp%3Bwidth%3D128%26amp%3Bheight%3D128%26amp%3Bauto%3Dwebp%26amp%3Bformat%3Dpjpg","boy"
16,"Ell-Saline vs Trego",Football,"Kansas",9/25/2026,7:00pm,"The Ell-Saline varsity football team has an away non-conference game @  Trego (WaKeeney, KS) on Friday, September 25 @ 7p.","/ks/football/game/ell-saline-brookville-vs-trego-wakeeney/9-25-2026/?c=81614e0c-f3cb-4aff-b03a-135c6606d26e","https://www.maxpreps.com/ks/football/game/ell-saline-brookville-vs-trego-wakeeney/9-25-2026/?c=81614e0c-f3cb-4aff-b03a-135c6606d26e","/football/ks/f36?9/25/2026","Ell-Saline","Cardinals","https://www.maxpreps.com/ks/ell-saline-brookville/football/","https://www.maxpreps.com/ks/trego-wakeeney/football/","https://hsfootball.net/proxy.php?url=https%3A%2F%2Fimage.maxpreps.io%2Fschool-mascot%2Ff%2F6%2F5%2Ff658c6fd-3121-4332-81a6-918fa7aa324c.gif%3Fversion%3D634648873800000000%26amp%3Bwidth%3D128%26amp%3Bheight%3D128%26amp%3Bauto%3Dwebp%26amp%3Bformat%3Dpjpg","https://hsfootball.net/proxy.php?url=https%3A%2F%2Fimage.maxpreps.io%2Fschool-mascot%2F7%2F0%2Fe%2F70e4c98d-d144-4e56-b36e-9f159ea30846.gif%3Fversion%3D636857382600000000%26amp%3Bwidth%3D128%26amp%3Bheight%3D128%26amp%3Bauto%3Dwebp%26amp%3Bformat%3Dpjpg","boy"
17,"Pittsburg vs Fort Scott",Football,"Kansas",9/25/2026,7:00pm,"The Pittsburg varsity football team has an away conference game @  Fort Scott (KS) on Friday, September 25 @ 7p.","/ks/football/game/fort-scott-vs-pittsburg/9-25-2026/?c=9ae693a6-0727-4bcf-bde3-52f5edb23371","https://www.maxpreps.com/ks/football/game/fort-scott-vs-pittsburg/9-25-2026/?c=9ae693a6-0727-4bcf-bde3-52f5edb23371","/football/ks/93c?9/25/2026","Pittsburg","Purple Dragons","https://www.maxpreps.com/ks/fort-scott/football/","https://www.maxpreps.com/ks/pittsburg/football/","https://hsfootball.net/proxy.php?url=https%3A%2F%2Fimage.maxpreps.io%2Fschool-mascot%2F5%2Ff%2Fd%2F5fdad11b-03d1-45e5-b5ab-29b324c3bc4d.gif%3Fversion%3D638001292200000000%26amp%3Bwidth%3D128%26amp%3Bheight%3D128%26amp%3Bauto%3Dwebp%26amp%3Bformat%3Dpjpg","https://hsfootball.net/proxy.php?url=https%3A%2F%2Fimage.maxpreps.io%2Fschool-mascot%2Ff%2F0%2F9%2Ff0900a89-1ba0-4473-b3c0-710ce5c7492f.gif%3Fversion%3D636716680800000000%26amp%3Bwidth%3D128%26amp%3Bheight%3D128%26amp%3Bauto%3Dwebp%26amp%3Bformat%3Dpjpg","boy"
18,"St. Francis vs Wallace County",Football,"Kansas",9/25/2026,7:00pm,"The St. Francis varsity football team has an away conference game @  Wallace County (Sharon Springs, KS) on Friday, September 25 @ 7p.","/ks/football/game/st-francis-vs-wallace-county-sharon-springs/9-25-2026/?c=83fc043d-0de5-496d-8688-5e62692d62a7","https://www.maxpreps.com/ks/football/game/st-francis-vs-wallace-county-sharon-springs/9-25-2026/?c=83fc043d-0de5-496d-8688-5e62692d62a7","/football/ks/10d0?9/25/2026","St. Francis","Indians","https://www.maxpreps.com/ks/st-francis/football/","https://www.maxpreps.com/ks/wallace-county-sharon-springs/football/","https://hsfootball.net/proxy.php?url=https%3A%2F%2Fimage.maxpreps.io%2Fschool-mascot%2Fa%2F8%2Fd%2Fa8d0a93f-d9d5-429c-b6fc-80978e54879f.gif%3Fversion%3D636857436000000000%26amp%3Bwidth%3D128%26amp%3Bheight%3D128%26amp%3Bauto%3Dwebp%26amp%3Bformat%3Dpjpg","https://hsfootball.net/proxy.php?url=https%3A%2F%2Fimage.maxpreps.io%2Fschool-mascot%2F6%2F9%2F5%2F695a5e02-956e-4021-9eda-7d0b250d5801.gif%3Fversion%3D637086450600000000%26amp%3Bwidth%3D128%26amp%3Bheight%3D128%26amp%3Bauto%3Dwebp%26amp%3Bformat%3Dpjpg","boy"
19,"Lincoln College Prep vs St. Mary&#x27;s Academy",Football,"Kansas",9/25/2026,7:00pm,"The Lincoln College Prep varsity football team has an away non-conference game @  St. Mary&#x27;s Academy (St. Marys, KS) on Friday, September 25 @ 7p.","/inter-state/football/game/lincoln-college-prep-kansas-city-mo-vs-st-marys-academy-ks/9-25-2026/?c=a98292ac-d58a-47c3-bfab-cb9ad78df556","https://www.maxpreps.com/inter-state/football/game/lincoln-college-prep-kansas-city-mo-vs-st-marys-academy-ks/9-25-2026/?c=a98292ac-d58a-47c3-bfab-cb9ad78df556","/football/ks/1607?9/25/2026","Lincoln College Prep","Tigers","https://www.maxpreps.com/ks/lincoln-college-prep-kansas-city-mo/football/","https://www.maxpreps.com/ks/st-marys-academy-ks/football/","https://hsfootball.net/proxy.php?url=https%3A%2F%2Fimage.maxpreps.io%2Fschool-mascot%2Fb%2F9%2F2%2Fb9282bec-c30c-409b-b705-8cb0211c4356.gif%3Fversion%3D636389785200000000%26amp%3Bwidth%3D128%26amp%3Bheight%3D128%26amp%3Bauto%3Dwebp%26amp%3Bformat%3Dpjpg","https://hsfootball.net/proxy.php?url=https%3A%2F%2Fimage.maxpreps.io%2Fschool-mascot%2F7%2F2%2F0%2F72046133-0241-43db-a9b8-71b3f3b6ae10.gif%3Fversion%3D637489225200000000%26amp%3Bwidth%3D128%26amp%3Bheight%3D128%26amp%3Bauto%3Dwebp%26amp%3Bformat%3Dpjpg","boy"
20,"Osborne vs Pike Valley",Football,"Kansas",9/25/2026,7:00pm,"The Osborne varsity football team has an away conference game @  Pike Valley (Scandia, KS) on Friday, September 25 @ 7p.","/ks/football/game/osborne-vs-pike-valley-scandia/9-25-2026/?c=226c5aca-db8a-4308-83bb-e90667f5834b","https://www.maxpreps.com/ks/football/game/osborne-vs-pike-valley-scandia/9-25-2026/?c=226c5aca-db8a-4308-83bb-e90667f5834b","/football/ks/b9e?9/25/2026","Osborne","Bulldogs","https://www.maxpreps.com/ks/osborne/football/","https://www.maxpreps.com/ks/pike-valley-scandia/football/","https://hsfootball.net/proxy.php?url=https%3A%2F%2Fimage.maxpreps.io%2Fschool-mascot%2Fe%2Fa%2F3%2Fea38a7ae-5cb5-411a-bf44-7c90cb6c6e84.gif%3Fversion%3D636604258200000000%26amp%3Bwidth%3D128%26amp%3Bheight%3D128%26amp%3Bauto%3Dwebp%26amp%3Bformat%3Dpjpg","https://hsfootball.net/proxy.php?url=https%3A%2F%2Fimage.maxpreps.io%2Fschool-mascot%2F7%2F9%2Fb%2F79bb700a-e249-4a07-95eb-b988a54d6e14.gif%3Fversion%3D636353617200000000%26amp%3Bwidth%3D128%26amp%3Bheight%3D128%26amp%3Bauto%3Dwebp%26amp%3Bformat%3Dpjpg","boy"
21,"Northern Heights vs Pleasanton",Football,"Kansas",9/25/2026,7:00pm,"The Northern Heights varsity football team has an away non-conference game @  Pleasanton (KS) on Friday, September 25 @ 7p.","/ks/football/game/northern-heights-allen-vs-pleasanton/9-25-2026/?c=9a64e4bb-3ae6-455a-93e4-57049988931b","https://www.maxpreps.com/ks/football/game/northern-heights-allen-vs-pleasanton/9-25-2026/?c=9a64e4bb-3ae6-455a-93e4-57049988931b","/football/ks/e3a?9/25/2026","Northern Heights","Wildcats","https://www.maxpreps.com/ks/northern-heights-allen/football/","https://www.maxpreps.com/ks/pleasanton/football/","https://hsfootball.net/proxy.php?url=https%3A%2F%2Fimage.maxpreps.io%2Fschool-mascot%2F7%2F4%2F7%2F747d3694-afcb-4a3e-9f32-b0c3d4d717a6.gif%3Fversion%3D636194800200000000%26amp%3Bwidth%3D128%26amp%3Bheight%3D128%26amp%3Bauto%3Dwebp%26amp%3Bformat%3Dpjpg","https://hsfootball.net/proxy.php?url=https%3A%2F%2Fimage.maxpreps.io%2Fschool-mascot%2Ff%2F9%2Fe%2Ff9ee0b63-2b50-40d2-8df6-dcb2160bda0e.gif%3Fversion%3D635126757000000000%26amp%3Bwidth%3D128%26amp%3Bheight%3D128%26amp%3Bauto%3Dwebp%26amp%3Bformat%3Dpjpg","boy"
22,"Hoxie vs Oakley",Football,"Kansas",9/25/2026,7:00pm,"The Hoxie varsity football team has an away non-conference game @  Oakley (KS) on Friday, September 25 @ 7p.","/ks/football/game/hoxie-vs-oakley/9-25-2026/?c=6e3ada98-4030-408d-90d4-6e26a5428865","https://www.maxpreps.com/ks/football/game/hoxie-vs-oakley/9-25-2026/?c=6e3ada98-4030-408d-90d4-6e26a5428865","/football/ks/5e5?9/25/2026","Hoxie","Indians","https://www.maxpreps.com/ks/hoxie/football/","https://www.maxpreps.com/ks/oakley/football/","https://hsfootball.net/proxy.php?url=https%3A%2F%2Fimage.maxpreps.io%2Fschool-mascot%2Fe%2Fd%2Fc%2Fedc92a97-acb1-47f3-981b-dbb5aad8ca25.gif%3Fversion%3D635141609400000000%26amp%3Bwidth%3D128%26amp%3Bheight%3D128%26amp%3Bauto%3Dwebp%26amp%3Bformat%3Dpjpg","https://hsfootball.net/proxy.php?url=https%3A%2F%2Fimage.maxpreps.io%2Fschool-mascot%2F7%2Fa%2F7%2F7a7c9d76-c438-4ac8-93d3-4162887d2b4f.gif%3Fversion%3D636186028800000000%26amp%3Bwidth%3D128%26amp%3Bheight%3D128%26amp%3Bauto%3Dwebp%26amp%3Bformat%3Dpjpg","boy"
23,"Douglass vs Haven",Football,"Kansas",9/25/2026,7:00pm,"The Douglass varsity football team has an away non-conference game @  Haven (KS) on Friday, September 25 @ 7p.","/ks/football/game/douglass-vs-haven/9-25-2026/?c=b63ce9e0-043c-47cc-a73a-b2c058923859","https://www.maxpreps.com/ks/football/game/douglass-vs-haven/9-25-2026/?c=b63ce9e0-043c-47cc-a73a-b2c058923859","/football/ks/6b7?9/25/2026","Douglass","Bulldogs","https://www.maxpreps.com/ks/douglass/football/","https://www.maxpreps.com/ks/haven/football/","https://hsfootball.net/proxy.php?url=https%3A%2F%2Fimage.maxpreps.io%2Fschool-mascot%2F6%2F7%2F8%2F67894eeb-ef34-4ddd-bf4a-c1e3b376abed.gif%3Fversion%3D637086448800000000%26amp%3Bwidth%3D128%26amp%3Bheight%3D128%26amp%3Bauto%3Dwebp%26amp%3Bformat%3Dpjpg","https://hsfootball.net/proxy.php?url=https%3A%2F%2Fimage.maxpreps.io%2Fschool-mascot%2Fb%2F6%2Fb%2Fb6bc4c8c-116e-49b6-8bee-b986ae04cd82.gif%3Fversion%3D637361026200000000%26amp%3Bwidth%3D128%26amp%3Bheight%3D128%26amp%3Bauto%3Dwebp%26amp%3Bformat%3Dpjpg","boy"
24,"Moundridge vs Conway Springs",Football,"Kansas",9/25/2026,7:00pm,"The Moundridge varsity football team has an away non-conference game @  Conway Springs (KS) on Friday, September 25 @ 7p.","/ks/football/game/conway-springs-vs-moundridge/9-25-2026/?c=37646e9d-ffb4-4679-9a0c-0b5a563d3191","https://www.maxpreps.com/ks/football/game/conway-springs-vs-moundridge/9-25-2026/?c=37646e9d-ffb4-4679-9a0c-0b5a563d3191","/football/ks/b35?9/25/2026","Moundridge","Wildcats","https://www.maxpreps.com/ks/conway-springs/football/","https://www.maxpreps.com/ks/moundridge/football/","https://hsfootball.net/proxy.php?url=https%3A%2F%2Fimage.maxpreps.io%2Fschool-mascot%2F7%2F0%2F5%2F705dec22-bb9a-423d-bbc5-9f4a6417b5e6.gif%3Fversion%3D633710143800000000%26amp%3Bwidth%3D128%26amp%3Bheight%3D128%26amp%3Bauto%3Dwebp%26amp%3Bformat%3Dpjpg","https://hsfootball.net/proxy.php?url=https%3A%2F%2Fimage.maxpreps.io%2Fschool-mascot%2F8%2F8%2F8%2F88804912-837c-4044-99f4-09511322723f.gif%3Fversion%3D635930337000000000%26amp%3Bwidth%3D128%26amp%3Bheight%3D128%26amp%3Bauto%3Dwebp%26amp%3Bformat%3Dpjpg","boy"
25,"Clay Center vs Smoky Valley",Football,"Kansas",9/25/2026,7:00pm,"The Clay Center varsity football team has an away non-conference game @  Smoky Valley (Lindsborg, KS) on Friday, September 25 @ 7p.","/ks/football/game/clay-center-vs-smoky-valley-lindsborg/9-25-2026/?c=fd4f2aa5-063a-4c5d-94c0-2871ccf0b851","https://www.maxpreps.com/ks/football/game/clay-center-vs-smoky-valley-lindsborg/9-25-2026/?c=fd4f2aa5-063a-4c5d-94c0-2871ccf0b851","/football/ks/e78?9/25/2026","Clay Center","Tigers","https://www.maxpreps.com/ks/clay-center/football/","https://www.maxpreps.com/ks/smoky-valley-lindsborg/football/","https://hsfootball.net/proxy.php?url=https%3A%2F%2Fimage.maxpreps.io%2Fschool-mascot%2F2%2Fc%2F1%2F2c1dc9bd-a2ce-4afb-aec3-1882538e2973.gif%3Fversion%3D635853492600000000%26amp%3Bwidth%3D128%26amp%3Bheight%3D128%26amp%3Bauto%3Dwebp%26amp%3Bformat%3Dpjpg","https://hsfootball.net/proxy.php?url=https%3A%2F%2Fimage.maxpreps.io%2Fschool-mascot%2Fc%2F0%2Fb%2Fc0b57271-416d-430e-8781-78ae5af06238.gif%3Fversion%3D634624939800000000%26amp%3Bwidth%3D128%26amp%3Bheight%3D128%26amp%3Bauto%3Dwebp%26amp%3Bformat%3Dpjpg","boy"
26,"Clifton-Clyde vs Herington",Football,"Kansas",9/25/2026,7:00pm,"The Clifton-Clyde varsity football team has an away non-conference game @  Herington (KS) on Friday, September 25 @ 7p.","/ks/football/game/clifton-clyde-vs-herington/9-25-2026/?c=c91ffba8-c367-49a5-813f-2295cbb540ac","https://www.maxpreps.com/ks/football/game/clifton-clyde-vs-herington/9-25-2026/?c=c91ffba8-c367-49a5-813f-2295cbb540ac","/football/ks/a3e?9/25/2026","Clifton-Clyde","Eagles","https://www.maxpreps.com/ks/clifton-clyde/football/","https://www.maxpreps.com/ks/herington/football/","https://hsfootball.net/proxy.php?url=https%3A%2F%2Fimage.maxpreps.io%2Fschool-mascot%2F8%2F5%2F7%2F8574eca9-c2c6-49f2-bbbc-4ea845ec6ed0.gif%3Fversion%3D636126389400000000%26amp%3Bwidth%3D128%26amp%3Bheight%3D128%26amp%3Bauto%3Dwebp%26amp%3Bformat%3Dpjpg","https://hsfootball.net/proxy.php?url=https%3A%2F%2Fimage.maxpreps.io%2Fschool-mascot%2F2%2F9%2Ff%2F29f1fc38-de3c-4770-be48-1707a5ac6233.gif%3Fversion%3D638030638800000000%26amp%3Bwidth%3D128%26amp%3Bheight%3D128%26amp%3Bauto%3Dwebp%26amp%3Bformat%3Dpjpg","boy"
27,"Ellinwood vs Lyons",Football,"Kansas",9/25/2026,7:00pm,"The Ellinwood varsity football team has an away non-conference game @  Lyons (KS) on Friday, September 25 @ 7p.","/ks/football/game/ellinwood-vs-lyons/9-25-2026/?c=4a9edd12-96eb-4ed8-97dc-de637cd5e0fe","https://www.maxpreps.com/ks/football/game/ellinwood-vs-lyons/9-25-2026/?c=4a9edd12-96eb-4ed8-97dc-de637cd5e0fe","/football/ks/745?9/25/2026","Ellinwood","Eagles","https://www.maxpreps.com/ks/ellinwood/football/","https://www.maxpreps.com/ks/lyons/football/","https://hsfootball.net/proxy.php?url=https%3A%2F%2Fimage.maxpreps.io%2Fschool-mascot%2Fa%2F5%2F9%2Fa59284da-beef-4e4e-8892-aceb236d3a17.gif%3Fversion%3D634540392600000000%26amp%3Bwidth%3D128%26amp%3Bheight%3D128%26amp%3Bauto%3Dwebp%26amp%3Bformat%3Dpjpg","https://hsfootball.net/proxy.php?url=https%3A%2F%2Fimage.maxpreps.io%2Fschool-mascot%2F2%2Fe%2Fe%2F2eed7b8d-517b-4239-b695-ed60af78bfd0.gif%3Fversion%3D637086448200000000%26amp%3Bwidth%3D128%26amp%3Bheight%3D128%26amp%3Bauto%3Dwebp%26amp%3Bformat%3Dpjpg","boy"
28,"Central Plains vs Spearville",Football,"Kansas",9/25/2026,7:00pm,"The Central Plains varsity football team has an away non-conference game @  Spearville (KS) on Friday, September 25 @ 7p.","/ks/football/game/central-plains-claflin-vs-spearville/9-25-2026/?c=9bebc300-5c6f-4d1d-8a3c-e84d49c548df","https://www.maxpreps.com/ks/football/game/central-plains-claflin-vs-spearville/9-25-2026/?c=9bebc300-5c6f-4d1d-8a3c-e84d49c548df","/football/ks/e1d?9/25/2026","Central Plains","Oilers","https://www.maxpreps.com/ks/central-plains-claflin/football/","https://www.maxpreps.com/ks/spearville/football/","https://hsfootball.net/proxy.php?url=https%3A%2F%2Fimage.maxpreps.io%2Fschool-mascot%2F2%2Fd%2F0%2F2d05372d-5fdf-4542-9fac-42d61605fde5.gif%3Fversion%3D636770091600000000%26amp%3Bwidth%3D128%26amp%3Bheight%3D128%26amp%3Bauto%3Dwebp%26amp%3Bformat%3Dpjpg","https://hsfootball.net/proxy.php?url=https%3A%2F%2Fimage.maxpreps.io%2Fschool-mascot%2F8%2F8%2Fc%2F88c90659-e309-43f1-8748-9f6d6f6b7ab2.gif%3Fversion%3D635814588600000000%26amp%3Bwidth%3D128%26amp%3Bheight%3D128%26amp%3Bauto%3Dwebp%26amp%3Bformat%3Dpjpg","boy"
29,"Bluestem vs Eureka",Football,"Kansas",9/25/2026,7:00pm,"The Bluestem varsity football team has an away conference game @  Eureka (KS) on Friday, September 25 @ 7p.","/ks/football/game/bluestem-leon-vs-eureka/9-25-2026/?c=b51ad72c-469a-4071-860e-3ef05db366dc","https://www.maxpreps.com/ks/football/game/bluestem-leon-vs-eureka/9-25-2026/?c=b51ad72c-469a-4071-860e-3ef05db366dc","/football/ks/8fc?9/25/2026","Bluestem","Lions","https://www.maxpreps.com/ks/bluestem-leon/football/","https://www.maxpreps.com/ks/eureka/football/","https://hsfootball.net/proxy.php?url=https%3A%2F%2Fimage.maxpreps.io%2Fschool-mascot%2F2%2F4%2F8%2F248cef23-ddd1-4eff-9bd9-5346ff9be1fd.gif%3Fversion%3D636041035200000000%26amp%3Bwidth%3D128%26amp%3Bheight%3D128%26amp%3Bauto%3Dwebp%26amp%3Bformat%3Dpjpg","https://hsfootball.net/proxy.php?url=https%3A%2F%2Fimage.maxpreps.io%2Fschool-mascot%2Fd%2Fa%2F9%2Fda9ea580-dabc-439d-a3c5-d1f7d6105a1f.gif%3Fversion%3D633619429800000000%26amp%3Bwidth%3D128%26amp%3Bheight%3D128%26amp%3Bauto%3Dwebp%26amp%3Bformat%3Dpjpg","boy"
30,"Bennington vs Lincoln",Football,"Kansas",9/25/2026,7:00pm,"The Bennington varsity football team has an away conference game @  Lincoln (KS) on Friday, September 25 @ 7p.","/ks/football/game/bennington-vs-lincoln/9-25-2026/?c=ba7f72d9-c981-475d-b497-b66af3d82c35","https://www.maxpreps.com/ks/football/game/bennington-vs-lincoln/9-25-2026/?c=ba7f72d9-c981-475d-b497-b66af3d82c35","/football/ks/864?9/25/2026","Bennington","Bulldogs","https://www.maxpreps.com/ks/bennington/football/","https://www.maxpreps.com/ks/lincoln/football/","https://hsfootball.net/proxy.php?url=https%3A%2F%2Fimage.maxpreps.io%2Fschool-mascot%2F4%2F0%2F1%2F401025d9-52a8-4477-86f7-6963665c3143.gif%3Fversion%3D637734510600000000%26amp%3Bwidth%3D128%26amp%3Bheight%3D128%26amp%3Bauto%3Dwebp%26amp%3Bformat%3Dpjpg","https://hsfootball.net/proxy.php?url=https%3A%2F%2Fimage.maxpreps.io%2Fschool-mascot%2Fe%2F3%2Ff%2Fe3f09284-3ca5-4459-8cf2-444771d3838a.gif%3Fversion%3D634516834800000000%26amp%3Bwidth%3D128%26amp%3Bheight%3D128%26amp%3Bauto%3Dwebp%26amp%3Bformat%3Dpjpg","boy"
31,"Yates Center vs Oswego",Football,"Kansas",9/25/2026,7:00pm,"The Yates Center varsity football team has an away conference game @  Oswego (KS) on Friday, September 25 @ 7p.","/ks/football/game/oswego-vs-yates-center/9-25-2026/?c=e6ea6cc4-95c0-47b4-8963-ca80dd3bc786","https://www.maxpreps.com/ks/football/game/oswego-vs-yates-center/9-25-2026/?c=e6ea6cc4-95c0-47b4-8963-ca80dd3bc786","/football/ks/8ab?9/25/2026","Yates Center","Wildcats","https://www.maxpreps.com/ks/oswego/football/","https://www.maxpreps.com/ks/yates-center/football/","https://hsfootball.net/proxy.php?url=https%3A%2F%2Fimage.maxpreps.io%2Fschool-mascot%2F3%2F2%2F4%2F3244f3b8-aedb-4b1b-8d5b-d4e5abd33822.gif%3Fversion%3D635217541800000000%26amp%3Bwidth%3D128%26amp%3Bheight%3D128%26amp%3Bauto%3Dwebp%26amp%3Bformat%3Dpjpg","https://hsfootball.net/proxy.php?url=https%3A%2F%2Fimage.maxpreps.io%2Fschool-mascot%2F4%2F8%2Fc%2F48cab446-71a9-488f-abed-53cdc7c6b487.gif%3Fversion%3D636252759600000000%26amp%3Bwidth%3D128%26amp%3Bheight%3D128%26amp%3Bauto%3Dwebp%26amp%3Bformat%3Dpjpg","boy"
32,"Meade vs Minneola",Football,"Kansas",9/25/2026,7:00pm,"The Meade varsity football team has an away conference game @  Minneola (KS) on Friday, September 25 @ 7p.","/ks/football/game/meade-vs-minneola/9-25-2026/?c=4faa9c90-64e1-4982-bb90-630efcf4beff","https://www.maxpreps.com/ks/football/game/meade-vs-minneola/9-25-2026/?c=4faa9c90-64e1-4982-bb90-630efcf4beff","/football/ks/692?9/25/2026","Meade","Buffaloes","https://www.maxpreps.com/ks/meade/football/","https://www.maxpreps.com/ks/minneola/football/","https://hsfootball.net/proxy.php?url=https%3A%2F%2Fimage.maxpreps.io%2Fschool-mascot%2Fa%2Fe%2F0%2Fae01074b-e9b1-4d8d-b4d5-1e6ee666f0f5.gif%3Fversion%3D635513059800000000%26amp%3Bwidth%3D128%26amp%3Bheight%3D128%26amp%3Bauto%3Dwebp%26amp%3Bformat%3Dpjpg","https://hsfootball.net/proxy.php?url=https%3A%2F%2Fimage.maxpreps.io%2Fschool-mascot%2F8%2F3%2Fa%2F83ae3554-0acf-4b55-b2c9-5fa4dd507fc4.gif%3Fversion%3D634504505400000000%26amp%3Bwidth%3D128%26amp%3Bheight%3D128%26amp%3Bauto%3Dwebp%26amp%3Bformat%3Dpjpg","boy"
33,"Axtell vs Blue Valley",Football,"Kansas",9/25/2026,7:00pm,"The Axtell varsity football team has an away conference game @  Blue Valley (Randolph, KS) on Friday, September 25 @ 7p.","/ks/football/game/axtell-vs-blue-valley-randolph/9-25-2026/?c=88cb8db6-cdc8-4c48-9e81-5b6f4ab0b37f","https://www.maxpreps.com/ks/football/game/axtell-vs-blue-valley-randolph/9-25-2026/?c=88cb8db6-cdc8-4c48-9e81-5b6f4ab0b37f","/football/ks/bb4?9/25/2026","Axtell","Eagles","https://www.maxpreps.com/ks/axtell/football/","https://www.maxpreps.com/ks/blue-valley-randolph/football/","https://hsfootball.net/proxy.php?url=https%3A%2F%2Fimage.maxpreps.io%2Fschool-mascot%2F4%2F8%2F5%2F485040ec-6f87-4fd3-a375-41b94e9c07cc.gif%3Fversion%3D637519899000000000%26amp%3Bwidth%3D128%26amp%3Bheight%3D128%26amp%3Bauto%3Dwebp%26amp%3Bformat%3Dpjpg","https://hsfootball.net/proxy.php?url=https%3A%2F%2Fimage.maxpreps.io%2Fschool-mascot%2Fa%2Fd%2Ff%2Fadf57bf4-2b09-4fdf-8fe7-867907f0ea03.gif%3Fversion%3D635543123400000000%26amp%3Bwidth%3D128%26amp%3Bheight%3D128%26amp%3Bauto%3Dwebp%26amp%3Bformat%3Dpjpg","boy"
34,"Kingman vs Southwestern Heights",Football,"Kansas",9/25/2026,7:00pm,"The Kingman varsity football team has an away non-conference game @  Southwestern Heights (Kismet, KS) on Friday, September 25 @ 7p.","/ks/football/game/kingman-vs-southwestern-heights-kismet/9-25-2026/?c=bf7cf6c1-ec6a-4f23-b4be-a08170ffefec","https://www.maxpreps.com/ks/football/game/kingman-vs-southwestern-heights-kismet/9-25-2026/?c=bf7cf6c1-ec6a-4f23-b4be-a08170ffefec","/football/ks/f36?9/25/2026","Kingman","Eagles","https://www.maxpreps.com/ks/kingman/football/","https://www.maxpreps.com/ks/southwestern-heights-kismet/football/","https://hsfootball.net/proxy.php?url=https%3A%2F%2Fimage.maxpreps.io%2Fschool-mascot%2F4%2F3%2F4%2F434c2d7a-61e5-40d2-aa8f-3f889c29cc23.gif%3Fversion%3D636398470800000000%26amp%3Bwidth%3D128%26amp%3Bheight%3D128%26amp%3Bauto%3Dwebp%26amp%3Bformat%3Dpjpg","https://hsfootball.net/proxy.php?url=https%3A%2F%2Fimage.maxpreps.io%2Fschool-mascot%2Fb%2Fa%2F8%2Fba85965d-8265-4f66-995c-a098925278df.gif%3Fversion%3D635527770600000000%26amp%3Bwidth%3D128%26amp%3Bheight%3D128%26amp%3Bauto%3Dwebp%26amp%3Bformat%3Dpjpg","boy"
35,"South Sumner [Caldwell/South Haven] vs Oxford",Football,"Kansas",9/25/2026,7:00pm,"The South Sumner [Caldwell/South Haven] varsity football team has an away non-conference game @  Oxford (KS) on Friday, September 25 @ 7p.","/ks/football/game/oxford-vs-south-sumner-caldwell-south-haven/9-25-2026/?c=e551b05f-ea41-4bc6-ae43-a2b9dd18c61c","https://www.maxpreps.com/ks/football/game/oxford-vs-south-sumner-caldwell-south-haven/9-25-2026/?c=e551b05f-ea41-4bc6-ae43-a2b9dd18c61c","/football/ks/10e3?9/25/2026","South Sumner [Caldwell/South Haven]","Outlaws","https://www.maxpreps.com/ks/oxford/football/","https://www.maxpreps.com/ks/south-sumner-caldwell-south-haven/football/","https://hsfootball.net/proxy.php?url=https%3A%2F%2Fimage.maxpreps.io%2Fschool-mascot%2Fe%2F0%2F3%2Fe03233b4-ad5b-45a6-a5b3-03079d4af266.gif%3Fversion%3D638030637600000000%26amp%3Bwidth%3D128%26amp%3Bheight%3D128%26amp%3Bauto%3Dwebp%26amp%3Bformat%3Dpjpg","https://hsfootball.net/proxy.php?url=https%3A%2F%2Fimage.maxpreps.io%2Fschool-mascot%2F2%2F6%2F4%2F2649e218-fd5b-4f88-bba3-86a38be3aeb5.gif%3Fversion%3D637399024800000000%26amp%3Bwidth%3D128%26amp%3Bheight%3D128%26amp%3Bauto%3Dwebp%26amp%3Bformat%3Dpjpg","boy"
36,"Centre vs Marais des Cygnes Valley",Football,"Kansas",9/25/2026,7:00pm,"The Centre varsity football team has an away conference game @  Marais des Cygnes Valley (Melvern, KS) on Friday, September 25 @ 7p.","/ks/football/game/centre-lost-springs-vs-marais-des-cygnes-valley-melvern/9-25-2026/?c=794a446c-0c36-48b4-9158-1a78ad74231e","https://www.maxpreps.com/ks/football/game/centre-lost-springs-vs-marais-des-cygnes-valley-melvern/9-25-2026/?c=794a446c-0c36-48b4-9158-1a78ad74231e","/football/ks/1562?9/25/2026","Centre","Cougars","https://www.maxpreps.com/ks/centre-lost-springs/football/","https://www.maxpreps.com/ks/marais-des-cygnes-valley-melvern/football/","https://hsfootball.net/proxy.php?url=https%3A%2F%2Fimage.maxpreps.io%2Fschool-mascot%2F5%2F3%2F6%2F536d3ec1-700f-45cf-9b11-33cded0ac64a.gif%3Fversion%3D636448593000000000%26amp%3Bwidth%3D128%26amp%3Bheight%3D128%26amp%3Bauto%3Dwebp%26amp%3Bformat%3Dpjpg","https://hsfootball.net/proxy.php?url=https%3A%2F%2Fimage.maxpreps.io%2Fschool-mascot%2F2%2F9%2F1%2F29131121-35e6-4a01-8357-f14f3d8a7383.gif%3Fversion%3D637086450600000000%26amp%3Bwidth%3D128%26amp%3Bheight%3D128%26amp%3Bauto%3Dwebp%26amp%3Bformat%3Dpjpg","boy"
37,"Andale vs Collegiate",Football,"Kansas",9/25/2026,7:00pm,"The Andale varsity football team has an away conference game @  Collegiate (Wichita, KS) on Friday, September 25 @ 7p.","/ks/football/game/andale-vs-collegiate-wichita/9-25-2026/?c=e2019d5d-e588-4eb5-8904-d6a09a35c252","https://www.maxpreps.com/ks/football/game/andale-vs-collegiate-wichita/9-25-2026/?c=e2019d5d-e588-4eb5-8904-d6a09a35c252","/football/ks/ad7?9/25/2026","Andale","Indians","https://www.maxpreps.com/ks/andale/football/","https://www.maxpreps.com/ks/collegiate-wichita/football/","https://hsfootball.net/proxy.php?url=https%3A%2F%2Fimage.maxpreps.io%2Fschool-mascot%2F6%2Fe%2Fc%2F6ec6106c-c37b-47a5-8dd7-2137cb4a773f.gif%3Fversion%3D635452861200000000%26amp%3Bwidth%3D128%26amp%3Bheight%3D128%26amp%3Bauto%3Dwebp%26amp%3Bformat%3Dpjpg","https://hsfootball.net/proxy.php?url=https%3A%2F%2Fimage.maxpreps.io%2Fschool-mascot%2Ff%2F7%2F0%2Ff702cc4d-1b4a-4469-bad9-b7d74eba36ae.gif%3Fversion%3D637994357400000000%26amp%3Bwidth%3D128%26amp%3Bheight%3D128%26amp%3Bauto%3Dwebp%26amp%3Bformat%3Dpjpg","boy"
38,"Fairfield vs Pretty Prairie",Football,"Kansas",9/25/2026,7:00pm,"The Fairfield varsity football team has an away conference game @  Pretty Prairie (KS) on Friday, September 25 @ 7p.","/ks/football/game/fairfield-langdon-vs-pretty-prairie/9-25-2026/?c=5bce696a-9cce-4ce1-bd3e-023085ea6197","https://www.maxpreps.com/ks/football/game/fairfield-langdon-vs-pretty-prairie/9-25-2026/?c=5bce696a-9cce-4ce1-bd3e-023085ea6197","/football/ks/dba?9/25/2026","Fairfield","Falcons","https://www.maxpreps.com/ks/fairfield-langdon/football/","https://www.maxpreps.com/ks/pretty-prairie/football/","https://hsfootball.net/proxy.php?url=https%3A%2F%2Fimage.maxpreps.io%2Fschool-mascot%2Fe%2F2%2F6%2Fe26b8876-c5f5-4c7a-bf7b-dbb5175bd748.gif%3Fversion%3D635104401000000000%26amp%3Bwidth%3D128%26amp%3Bheight%3D128%26amp%3Bauto%3Dwebp%26amp%3Bformat%3Dpjpg","https://hsfootball.net/proxy.php?url=https%3A%2F%2Fimage.maxpreps.io%2Fschool-mascot%2F5%2Fe%2F9%2F5e98d99c-4dde-41b4-ad1e-e97f3373b620.gif%3Fversion%3D636752109600000000%26amp%3Bwidth%3D128%26amp%3Bheight%3D128%26amp%3Bauto%3Dwebp%26amp%3Bformat%3Dpjpg","boy"
39,"Goddard vs Newton",Football,"Kansas",9/25/2026,7:00pm,"The Goddard varsity football team has an away conference game @  Newton (KS) on Friday, September 25 @ 7p.","/ks/football/game/goddard-vs-newton/9-25-2026/?c=3ce05b9b-2850-402e-82a6-b94b6a0001bc","https://www.maxpreps.com/ks/football/game/goddard-vs-newton/9-25-2026/?c=3ce05b9b-2850-402e-82a6-b94b6a0001bc","/football/ks/6b3?9/25/2026","Goddard","Lions","https://www.maxpreps.com/ks/goddard/football/","https://www.maxpreps.com/ks/newton/football/","https://hsfootball.net/proxy.php?url=https%3A%2F%2Fimage.maxpreps.io%2Fschool-mascot%2F7%2Ff%2Fd%2F7fd86c61-60c1-4040-9d32-5126d7cd0634.gif%3Fversion%3D636209377200000000%26amp%3Bwidth%3D128%26amp%3Bheight%3D128%26amp%3Bauto%3Dwebp%26amp%3Bformat%3Dpjpg","https://hsfootball.net/proxy.php?url=https%3A%2F%2Fimage.maxpreps.io%2Fschool-mascot%2Fc%2F0%2Fa%2Fc0a88409-bec6-403b-9d7f-1f0ad98d50f3.gif%3Fversion%3D638301448200000000%26amp%3Bwidth%3D128%26amp%3Bheight%3D128%26amp%3Bauto%3Dwebp%26amp%3Bformat%3Dpjpg","boy"
40,"Colby vs Hugoton",Football,"Kansas",9/25/2026,7:00pm,"The Colby varsity football team has an away conference game @  Hugoton (KS) on Friday, September 25 @ 7p.","/ks/football/game/colby-vs-hugoton/9-25-2026/?c=2c6008a1-87c5-4f65-befd-8606b83a03d8","https://www.maxpreps.com/ks/football/game/colby-vs-hugoton/9-25-2026/?c=2c6008a1-87c5-4f65-befd-8606b83a03d8","/football/ks/660?9/25/2026","Colby","Eagles","https://www.maxpreps.com/ks/colby/football/","https://www.maxpreps.com/ks/hugoton/football/","https://hsfootball.net/proxy.php?url=https%3A%2F%2Fimage.maxpreps.io%2Fschool-mascot%2Fd%2Fd%2F4%2Fdd4d9238-7f7f-46ac-906d-a06b39f0c43e.gif%3Fversion%3D635356519800000000%26amp%3Bwidth%3D128%26amp%3Bheight%3D128%26amp%3Bauto%3Dwebp%26amp%3Bformat%3Dpjpg","https://hsfootball.net/proxy.php?url=https%3A%2F%2Fimage.maxpreps.io%2Fschool-mascot%2F8%2F6%2F2%2F8620e893-a285-42bc-9012-cadeed738fd0.gif%3Fversion%3D635452808400000000%26amp%3Bwidth%3D128%26amp%3Bheight%3D128%26amp%3Bauto%3Dwebp%26amp%3Bformat%3Dpjpg","boy"
41,"Washburn Rural vs Topeka",Football,"Kansas",9/25/2026,7:00pm,"The Washburn Rural varsity football team has an away conference game @  Topeka (KS) on Friday, September 25 @ 7p.","/ks/football/game/topeka-vs-washburn-rural-jr-blues-topeka/9-25-2026/?c=d3b0c249-9a3d-4b53-84f6-b70054afd7ab","https://www.maxpreps.com/ks/football/game/topeka-vs-washburn-rural-jr-blues-topeka/9-25-2026/?c=d3b0c249-9a3d-4b53-84f6-b70054afd7ab","/football/ks/f86?9/25/2026","Washburn Rural","Junior Blues","https://www.maxpreps.com/ks/topeka/football/","https://www.maxpreps.com/ks/washburn-rural-jr-blues-topeka/football/","https://hsfootball.net/proxy.php?url=https%3A%2F%2Fimage.maxpreps.io%2Fschool-mascot%2F2%2Fc%2F4%2F2c49abc2-790c-4061-8aec-81b0d9cc9243.gif%3Fversion%3D637974523800000000%26amp%3Bwidth%3D128%26amp%3Bheight%3D128%26amp%3Bauto%3Dwebp%26amp%3Bformat%3Dpjpg","https://hsfootball.net/proxy.php?url=https%3A%2F%2Fimage.maxpreps.io%2Fschool-mascot%2Fe%2F9%2F9%2Fe9968bc0-9661-4861-9906-d2e1f57df627.gif%3Fversion%3D636825274200000000%26amp%3Bwidth%3D128%26amp%3Bheight%3D128%26amp%3Bauto%3Dwebp%26amp%3Bformat%3Dpjpg","boy"
42,"Chapman vs Wellsville",Football,"Kansas",9/25/2026,7:00pm,"The Chapman varsity football team has an away non-conference game @  Wellsville (KS) on Friday, September 25 @ 7p.","/ks/football/game/chapman-vs-wellsville/9-25-2026/?c=75cf4208-813a-41e1-9561-64b04bcfe19b","https://www.maxpreps.com/ks/football/game/chapman-vs-wellsville/9-25-2026/?c=75cf4208-813a-41e1-9561-64b04bcfe19b","/football/ks/85e?9/25/2026","Chapman","Irish","https://www.maxpreps.com/ks/chapman/football/","https://www.maxpreps.com/ks/wellsville/football/","https://hsfootball.net/proxy.php?url=https%3A%2F%2Fimage.maxpreps.io%2Fschool-mascot%2F2%2F6%2Fb%2F26b69422-a33e-4e91-9f84-f1b7ee1d07b7.gif%3Fversion%3D635367874800000000%26amp%3Bwidth%3D128%26amp%3Bheight%3D128%26amp%3Bauto%3Dwebp%26amp%3Bformat%3Dpjpg","https://hsfootball.net/proxy.php?url=https%3A%2F%2Fimage.maxpreps.io%2Fschool-mascot%2Fd%2F9%2F7%2Fd97af696-5939-4503-9e25-191fe2e7cba5.gif%3Fversion%3D634283377800000000%26amp%3Bwidth%3D128%26amp%3Bheight%3D128%26amp%3Bauto%3Dwebp%26amp%3Bformat%3Dpjpg","boy"
43,"Stafford vs Sylvan-Lucas",Football,"Kansas",9/25/2026,7:00pm,"The Stafford varsity football team has an away non-conference game @  Sylvan-Lucas (Sylvan Grove, KS) on Friday, September 25 @ 7p.","/ks/football/game/stafford-vs-sylvan-lucas-sylvan-grove/9-25-2026/?c=25d1cb08-f431-49e3-946a-38a03fc808aa","https://www.maxpreps.com/ks/football/game/stafford-vs-sylvan-lucas-sylvan-grove/9-25-2026/?c=25d1cb08-f431-49e3-946a-38a03fc808aa","/football/ks/e98?9/25/2026","Stafford","Trojans","https://www.maxpreps.com/ks/stafford/football/","https://www.maxpreps.com/ks/sylvan-lucas-sylvan-grove/football/","https://hsfootball.net/proxy.php?url=https%3A%2F%2Fimage.maxpreps.io%2Fschool-mascot%2Fb%2F5%2Fc%2Fb5c68657-042e-4c6d-9147-7fb2b830a625.gif%3Fversion%3D637966953000000000%26amp%3Bwidth%3D128%26amp%3Bheight%3D128%26amp%3Bauto%3Dwebp%26amp%3Bformat%3Dpjpg","https://hsfootball.net/proxy.php?url=https%3A%2F%2Fimage.maxpreps.io%2Fschool-mascot%2F7%2Fd%2F4%2F7d4910ff-a485-4784-b163-5d4436f4da53.gif%3Fversion%3D637086448800000000%26amp%3Bwidth%3D128%26amp%3Bheight%3D128%26amp%3Bauto%3Dwebp%26amp%3Bformat%3Dpjpg","boy"
44,"Field Kindley vs Independence",Football,"Kansas",9/25/2026,7:00pm,"The Field Kindley varsity football team has an away conference game @  Independence (KS) on Friday, September 25 @ 7p.","/ks/football/game/field-kindley-coffeyville-vs-independence/9-25-2026/?c=11ed832b-1389-4617-a916-8d8d6cc08401","https://www.maxpreps.com/ks/football/game/field-kindley-coffeyville-vs-independence/9-25-2026/?c=11ed832b-1389-4617-a916-8d8d6cc08401","/football/ks/100b?9/25/2026","Field Kindley","Golden Tornado","https://www.maxpreps.com/ks/field-kindley-coffeyville/football/","https://www.maxpreps.com/ks/independence/football/","https://hsfootball.net/proxy.php?url=https%3A%2F%2Fimage.maxpreps.io%2Fschool-mascot%2F7%2F0%2F4%2F7042bb91-b7f4-4845-be0b-5fbc6f61065e.gif%3Fversion%3D637522640400000000%26amp%3Bwidth%3D128%26amp%3Bheight%3D128%26amp%3Bauto%3Dwebp%26amp%3Bformat%3Dpjpg","https://hsfootball.net/proxy.php?url=https%3A%2F%2Fimage.maxpreps.io%2Fschool-mascot%2Fc%2F4%2Fd%2Fc4db9c5c-2c3d-47d9-8659-5b987ac83c77.gif%3Fversion%3D635959501200000000%26amp%3Bwidth%3D128%26amp%3Bheight%3D128%26amp%3Bauto%3Dwebp%26amp%3Bformat%3Dpjpg","boy"
45,"El Dorado vs Wellington",Football,"Kansas",9/25/2026,7:00pm,"The El Dorado varsity football team has an away conference game @  Wellington (KS) on Friday, September 25 @ 7p.","/ks/football/game/el-dorado-vs-wellington/9-25-2026/?c=a2f4113d-baf7-4531-80c1-39e27e9b6bb9","https://www.maxpreps.com/ks/football/game/el-dorado-vs-wellington/9-25-2026/?c=a2f4113d-baf7-4531-80c1-39e27e9b6bb9","/football/ks/8fd?9/25/2026","El Dorado","Wildcats","https://www.maxpreps.com/ks/el-dorado/football/","https://www.maxpreps.com/ks/wellington/football/","https://hsfootball.net/proxy.php?url=https%3A%2F%2Fimage.maxpreps.io%2Fschool-mascot%2F8%2Fe%2Fb%2F8eba18b5-8c6b-4eff-8dd8-985a603eeef5.gif%3Fversion%3D638614899274376800%26amp%3Bwidth%3D128%26amp%3Bheight%3D128%26amp%3Bauto%3Dwebp%26amp%3Bformat%3Dpjpg","https://hsfootball.net/proxy.php?url=https%3A%2F%2Fimage.maxpreps.io%2Fschool-mascot%2Fe%2F9%2F0%2Fe903df80-a520-49c5-849a-74240a5c4b3c.gif%3Fversion%3D633645331800000000%26amp%3Bwidth%3D128%26amp%3Bheight%3D128%26amp%3Bauto%3Dwebp%26amp%3Bformat%3Dpjpg","boy"
46,"Great Bend vs Buhler",Football,"Kansas",9/25/2026,7:00pm,"The Great Bend varsity football team has an away non-conference game @  Buhler (KS) on Friday, September 25 @ 7p.","/ks/football/game/buhler-vs-great-bend/9-25-2026/?c=387f9208-a108-4a27-b657-f9f0819d2f27","https://www.maxpreps.com/ks/football/game/buhler-vs-great-bend/9-25-2026/?c=387f9208-a108-4a27-b657-f9f0819d2f27","/football/ks/79e?9/25/2026","Great Bend","Panthers","https://www.maxpreps.com/ks/buhler/football/","https://www.maxpreps.com/ks/great-bend/football/","https://hsfootball.net/proxy.php?url=https%3A%2F%2Fimage.maxpreps.io%2Fschool-mascot%2Fe%2F1%2Fc%2Fe1cddbe0-2a33-4b33-b6cd-f7d4d43e5322.gif%3Fversion%3D636124779000000000%26amp%3Bwidth%3D128%26amp%3Bheight%3D128%26amp%3Bauto%3Dwebp%26amp%3Bformat%3Dpjpg","https://hsfootball.net/proxy.php?url=https%3A%2F%2Fimage.maxpreps.io%2Fschool-mascot%2Fd%2F3%2F8%2Fd38b9df9-0de3-4df6-bb58-fb9ce8982cee.gif%3Fversion%3D636433149000000000%26amp%3Bwidth%3D128%26amp%3Bheight%3D128%26amp%3Bauto%3Dwebp%26amp%3Bformat%3Dpjpg","boy"
47,"Blue Valley North vs Blue Valley",Football,"Kansas",9/25/2026,7:00pm,"The Blue Valley North varsity football team has an away conference game @  Blue Valley (Stilwell, KS) on Friday, September 25 @ 7p.","/ks/football/game/blue-valley-north-overland-park-vs-blue-valley-stilwell/9-25-2026/?c=c9c18ea2-11bf-46be-9d6b-1d5355b6f499","https://www.maxpreps.com/ks/football/game/blue-valley-north-overland-park-vs-blue-valley-stilwell/9-25-2026/?c=c9c18ea2-11bf-46be-9d6b-1d5355b6f499","/football/ks/155f?9/25/2026","Blue Valley North","Mustangs","https://www.maxpreps.com/ks/blue-valley-north-overland-park/football/","https://www.maxpreps.com/ks/blue-valley-stilwell/football/","https://hsfootball.net/proxy.php?url=https%3A%2F%2Fimage.maxpreps.io%2Fschool-mascot%2Fc%2F7%2Fe%2Fc7e41806-c84c-468f-9e6b-f01637e116db.gif%3Fversion%3D637641082200000000%26amp%3Bwidth%3D128%26amp%3Bheight%3D128%26amp%3Bauto%3Dwebp%26amp%3Bformat%3Dpjpg","https://hsfootball.net/proxy.php?url=https%3A%2F%2Fimage.maxpreps.io%2Fschool-mascot%2Fc%2F7%2Fe%2Fc7e4e8f4-1022-4658-9976-f12aa71bbabb.gif%3Fversion%3D636103864200000000%26amp%3Bwidth%3D128%26amp%3Bheight%3D128%26amp%3Bauto%3Dwebp%26amp%3Bformat%3Dpjpg","boy"
48,"Hayden vs St. Mary&#x27;s South Side",Football,"Kansas",9/25/2026,7:00pm,"The Hayden varsity football team has an away conference game @  St. Mary&#x27;s South Side (St. Louis, MO) on Friday, September 25 @ 7p.","/inter-state/football/game/hayden-topeka-ks-vs-st-marys-south-side-st-louis-mo/9-25-2026/?c=c8e78a48-04cd-4cf4-97c4-e20fb2f0561c","https://www.maxpreps.com/inter-state/football/game/hayden-topeka-ks-vs-st-marys-south-side-st-louis-mo/9-25-2026/?c=c8e78a48-04cd-4cf4-97c4-e20fb2f0561c","/football/ks/1360?9/25/2026","Hayden","Wildcats","https://www.maxpreps.com/ks/hayden-topeka-ks/football/","https://www.maxpreps.com/ks/st-marys-south-side-st-louis-mo/football/","https://hsfootball.net/proxy.php?url=https%3A%2F%2Fimage.maxpreps.io%2Fschool-mascot%2Fd%2F1%2F8%2Fd187d158-5fc5-415e-866b-99b42531bf02.gif%3Fversion%3D636452041200000000%26amp%3Bwidth%3D128%26amp%3Bheight%3D128%26amp%3Bauto%3Dwebp%26amp%3Bformat%3Dpjpg","https://hsfootball.net/proxy.php?url=https%3A%2F%2Fimage.maxpreps.io%2Fschool-mascot%2F1%2Fb%2Fb%2F1bb43901-92e8-4913-940c-950fb569ce10.gif%3Fversion%3D638741650371828960%26amp%3Bwidth%3D128%26amp%3Bheight%3D128%26amp%3Bauto%3Dwebp%26amp%3Bformat%3Dpjpg","boy"
49,"Maranatha Christian Academy vs Burlington",Football,"Kansas",9/25/2026,7:00pm,"The Maranatha Christian Academy varsity football team has an away non-conference game @  Burlington (KS) on Friday, September 25 @ 7p.","/ks/football/game/burlington-vs-maranatha-christian-academy-shawnee/9-25-2026/?c=a7fb8e0b-dbc3-476c-a8a5-36968b6e8dc1","https://www.maxpreps.com/ks/football/game/burlington-vs-maranatha-christian-academy-shawnee/9-25-2026/?c=a7fb8e0b-dbc3-476c-a8a5-36968b6e8dc1","/football/ks/133f?9/25/2026","Maranatha Christian Academy","Eagles","https://www.maxpreps.com/ks/burlington/football/","https://www.maxpreps.com/ks/maranatha-christian-academy-shawnee/football/","https://hsfootball.net/proxy.php?url=https%3A%2F%2Fimage.maxpreps.io%2Fschool-mascot%2Ff%2F3%2F0%2Ff302268d-5798-4105-b70b-6ea841424378.gif%3Fversion%3D638853106928444440%26amp%3Bwidth%3D128%26amp%3Bheight%3D128%26amp%3Bauto%3Dwebp%26amp%3Bformat%3Dpjpg","https://hsfootball.net/proxy.php?url=https%3A%2F%2Fimage.maxpreps.io%2Fschool-mascot%2Fc%2F7%2F3%2Fc73b5c2f-32fa-4ea7-8418-5455c81545b0.gif%3Fversion%3D637102577400000000%26amp%3Bwidth%3D128%26amp%3Bheight%3D128%26amp%3Bauto%3Dwebp%26amp%3Bformat%3Dpjpg","boy"
50,"Highland Park vs Sumner Academy",Football,"Kansas",9/25/2026,7:00pm,"The Highland Park varsity football team has an away conference game @  Sumner Academy (Kansas City, KS) on Friday, September 25 @ 7p.","/ks/football/game/highland-park-topeka-vs-sumner-academy-kansas-city/9-25-2026/?c=676ca473-35df-4c3a-9e67-b473870ee7d5","https://www.maxpreps.com/ks/football/game/highland-park-topeka-vs-sumner-academy-kansas-city/9-25-2026/?c=676ca473-35df-4c3a-9e67-b473870ee7d5","/football/ks/133d?9/25/2026","Highland Park","Scots","https://www.maxpreps.com/ks/highland-park-topeka/football/","https://www.maxpreps.com/ks/sumner-academy-kansas-city/football/","https://hsfootball.net/proxy.php?url=https%3A%2F%2Fimage.maxpreps.io%2Fschool-mascot%2Fb%2Ff%2Fd%2Fbfd2344e-5468-48bc-aac9-4254586857b1.gif%3Fversion%3D637822377000000000%26amp%3Bwidth%3D128%26amp%3Bheight%3D128%26amp%3Bauto%3Dwebp%26amp%3Bformat%3Dpjpg","https://hsfootball.net/proxy.php?url=https%3A%2F%2Fimage.maxpreps.io%2Fschool-mascot%2Fd%2F9%2F5%2Fd95d837a-b1d2-4c63-89d5-4309631f2392.gif%3Fversion%3D635140029000000000%26amp%3Bwidth%3D128%26amp%3Bheight%3D128%26amp%3Bauto%3Dwebp%26amp%3Bformat%3Dpjpg","boy"
51,"Olathe East vs Lawrence",Football,"Kansas",9/25/2026,7:00pm,"The Olathe East varsity football team has an away conference game @  Lawrence (KS) on Friday, September 25 @ 7p.","/ks/football/game/lawrence-vs-olathe-east/9-25-2026/?c=a00b8ba0-833f-4e5d-8592-002ec090dd94","https://www.maxpreps.com/ks/football/game/lawrence-vs-olathe-east/9-25-2026/?c=a00b8ba0-833f-4e5d-8592-002ec090dd94","/football/ks/8eb?9/25/2026","Olathe East","Hawks","https://www.maxpreps.com/ks/lawrence/football/","https://www.maxpreps.com/ks/olathe-east/football/","https://hsfootball.net/proxy.php?url=https%3A%2F%2Fimage.maxpreps.io%2Fschool-mascot%2Fe%2F6%2F2%2Fe626fa10-06ac-4691-a308-a52da8c5e40a.gif%3Fversion%3D636398563200000000%26amp%3Bwidth%3D128%26amp%3Bheight%3D128%26amp%3Bauto%3Dwebp%26amp%3Bformat%3Dpjpg","https://hsfootball.net/proxy.php?url=https%3A%2F%2Fimage.maxpreps.io%2Fschool-mascot%2Ff%2Fd%2Fe%2Ffde83020-2e6f-43b9-b27f-c19a4052d15a.gif%3Fversion%3D635509575000000000%26amp%3Bwidth%3D128%26amp%3Bheight%3D128%26amp%3Bauto%3Dwebp%26amp%3Bformat%3Dpjpg","boy"
52,"Manhattan Eagles vs Northland Christian",Football,"Kansas",9/25/2026,7:00pm,"The Manhattan Eagles varsity football team has an away non-conference game @  Northland Christian (Kansas City, MO) on Friday, September 25 @ 7p.","/inter-state/football/game/manhattan-eagles-ks-vs-northland-christian-kansas-city-mo/9-25-2026/?c=27dcd6b5-12e3-43c9-9fef-a2aa5c84db69","https://www.maxpreps.com/inter-state/football/game/manhattan-eagles-ks-vs-northland-christian-kansas-city-mo/9-25-2026/?c=27dcd6b5-12e3-43c9-9fef-a2aa5c84db69","/football/ks/1601?9/25/2026","Manhattan Eagles","Eagles","https://www.maxpreps.com/ks/manhattan-eagles-ks/football/","https://www.maxpreps.com/ks/northland-christian-kansas-city-mo/football/","https://hsfootball.net/proxy.php?url=https%3A%2F%2Fimage.maxpreps.io%2Fschool-mascot%2Fa%2F4%2F4%2Fa4447310-fc58-4223-a928-b8f0deb2269f.gif%3Fversion%3D635484708000000000%26amp%3Bwidth%3D128%26amp%3Bheight%3D128%26amp%3Bauto%3Dwebp%26amp%3Bformat%3Dpjpg","https://hsfootball.net/proxy.php?url=https%3A%2F%2Fimage.maxpreps.io%2Fschool-mascot%2Fb%2F9%2Ff%2Fb9f0da31-1f3d-4c32-a010-74fa14a616ff.gif%3Fversion%3D635520707400000000%26amp%3Bwidth%3D128%26amp%3Bheight%3D128%26amp%3Bauto%3Dwebp%26amp%3Bformat%3Dpjpg","boy"
53,"Dodge City vs Liberal",Football,"Kansas",9/25/2026,7:00pm,"The Dodge City varsity football team has an away conference game @  Liberal (KS) on Friday, September 25 @ 7p.","/ks/football/game/dodge-city-vs-liberal/9-25-2026/?c=6ba556ff-48af-4757-8774-7ab66d3b2d2e","https://www.maxpreps.com/ks/football/game/dodge-city-vs-liberal/9-25-2026/?c=6ba556ff-48af-4757-8774-7ab66d3b2d2e","/football/ks/807?9/25/2026","Dodge City","Red Demons","https://www.maxpreps.com/ks/dodge-city/football/","https://www.maxpreps.com/ks/liberal/football/","https://hsfootball.net/proxy.php?url=https%3A%2F%2Fimage.maxpreps.io%2Fschool-mascot%2Fd%2F2%2Ff%2Fd2fc9a35-6d55-4a0c-be0a-cdad39311699.gif%3Fversion%3D635429224200000000%26amp%3Bwidth%3D128%26amp%3Bheight%3D128%26amp%3Bauto%3Dwebp%26amp%3Bformat%3Dpjpg","https://hsfootball.net/proxy.php?url=https%3A%2F%2Fimage.maxpreps.io%2Fschool-mascot%2Fe%2F5%2F7%2Fe5725af0-d86f-41b2-9352-baca72668fc9.gif%3Fversion%3D637949410200000000%26amp%3Bwidth%3D128%26amp%3Bheight%3D128%26amp%3Bauto%3Dwebp%26amp%3Bformat%3Dpjpg","boy"
54,"Decatur Community vs Rawlins County",Football,"Kansas",9/25/2026,7:00pm,"The Decatur Community varsity football team has an away conference game @  Rawlins County (Atwood, KS) on Friday, September 25 @ 7p.","/ks/football/game/decatur-community-oberlin-vs-rawlins-county-buffalos-atwood/9-25-2026/?c=840a8295-f190-446e-82b3-f210e9970465","https://www.maxpreps.com/ks/football/game/decatur-community-oberlin-vs-rawlins-county-buffalos-atwood/9-25-2026/?c=840a8295-f190-446e-82b3-f210e9970465","/football/ks/175e?9/25/2026","Decatur Community","Red Devils","https://www.maxpreps.com/ks/decatur-community-oberlin/football/","https://www.maxpreps.com/ks/rawlins-county-buffalos-atwood/football/","https://hsfootball.net/proxy.php?url=https%3A%2F%2Fimage.maxpreps.io%2Fschool-mascot%2Fc%2F8%2F0%2Fc8018ce6-e023-4244-8f28-6c93d9686be0.gif%3Fversion%3D634806273000000000%26amp%3Bwidth%3D128%26amp%3Bheight%3D128%26amp%3Bauto%3Dwebp%26amp%3Bformat%3Dpjpg","https://hsfootball.net/proxy.php?url=https%3A%2F%2Fimage.maxpreps.io%2Fschool-mascot%2Fc%2Fb%2F0%2Fcb0f11db-5fa1-4f1d-a35a-d51b38afd4d6.gif%3Fversion%3D636548770200000000%26amp%3Bwidth%3D128%26amp%3Bheight%3D128%26amp%3Bauto%3Dwebp%26amp%3Bformat%3Dpjpg","boy"
55,"St. John&#x27;s/Tipton Catholic vs Lakeside",Football,"Kansas",9/25/2026,7:00pm,"The St. John&#x27;s/Tipton Catholic varsity football team has an away conference game @  Lakeside (Downs, KS) on Friday, September 25 @ 7p.","/ks/football/game/lakeside-downs-vs-st-johns-tipton-catholic-beloit/9-25-2026/?c=f1063f2c-d901-4750-b3f7-3c4bc00bfa4a","https://www.maxpreps.com/ks/football/game/lakeside-downs-vs-st-johns-tipton-catholic-beloit/9-25-2026/?c=f1063f2c-d901-4750-b3f7-3c4bc00bfa4a","/football/ks/12fe?9/25/2026","St. John&#x27;s/Tipton Catholic","Blujays","https://www.maxpreps.com/ks/lakeside-downs/football/","https://www.maxpreps.com/ks/st-johns-tipton-catholic-beloit/football/","https://hsfootball.net/proxy.php?url=https%3A%2F%2Fimage.maxpreps.io%2Fschool-mascot%2Fc%2F3%2F0%2Fc306e8ce-d648-4dea-9399-d55a0fe7224f.gif%3Fversion%3D635845171800000000%26amp%3Bwidth%3D128%26amp%3Bheight%3D128%26amp%3Bauto%3Dwebp%26amp%3Bformat%3Dpjpg","https://hsfootball.net/proxy.php?url=https%3A%2F%2Fimage.maxpreps.io%2Fschool-mascot%2Fe%2F9%2Fe%2Fe9e0fa55-7249-42be-8d07-70643c343572.gif%3Fversion%3D636110873400000000%26amp%3Bwidth%3D128%26amp%3Bheight%3D128%26amp%3Bauto%3Dwebp%26amp%3Bformat%3Dpjpg","boy"
56,"Seaman vs Lansing",Football,"Kansas",9/25/2026,7:00pm,"The Seaman varsity football team has an away conference game @  Lansing (KS) on Friday, September 25 @ 7p.","/ks/football/game/lansing-vs-seaman-topeka/9-25-2026/?c=d85e60af-35a2-4744-bc6d-ecb227f5d6d3","https://www.maxpreps.com/ks/football/game/lansing-vs-seaman-topeka/9-25-2026/?c=d85e60af-35a2-4744-bc6d-ecb227f5d6d3","/football/ks/955?9/25/2026","Seaman","Vikings","https://www.maxpreps.com/ks/lansing/football/","https://www.maxpreps.com/ks/seaman-topeka/football/","https://hsfootball.net/proxy.php?url=https%3A%2F%2Fimage.maxpreps.io%2Fschool-mascot%2Fe%2Fa%2F1%2Fea17eb0b-bbb6-4737-990b-ce528fe0fa14.gif%3Fversion%3D637704784200000000%26amp%3Bwidth%3D128%26amp%3Bheight%3D128%26amp%3Bauto%3Dwebp%26amp%3Bformat%3Dpjpg","https://hsfootball.net/proxy.php?url=https%3A%2F%2Fimage.maxpreps.io%2Fschool-mascot%2Ff%2F1%2F7%2Ff17d9c34-137c-4d9d-8018-0879c3a36a09.gif%3Fversion%3D635767047000000000%26amp%3Bwidth%3D128%26amp%3Bheight%3D128%26amp%3Bauto%3Dwebp%26amp%3Bformat%3Dpjpg","boy"
57,"Rock Hills vs Washington County",Football,"Kansas",9/25/2026,7:00pm,"The Rock Hills varsity football team has an away non-conference game @  Washington County (Washington, KS) on Friday, September 25 @ 7p.","/ks/football/game/rock-hills-mankato-vs-washington-county/9-25-2026/?c=824b19ab-f007-4f11-9e9f-68e4d7f7c5c9","https://www.maxpreps.com/ks/football/game/rock-hills-mankato-vs-washington-county/9-25-2026/?c=824b19ab-f007-4f11-9e9f-68e4d7f7c5c9","/football/ks/f64?9/25/2026","Rock Hills","Grizzlies","https://www.maxpreps.com/ks/rock-hills-mankato/football/","https://www.maxpreps.com/ks/washington-county/football/","https://hsfootball.net/proxy.php?url=https%3A%2F%2Fimage.maxpreps.io%2Fschool-mascot%2Ff%2Fe%2Fa%2Ffeaa6067-8a4d-437d-a9ce-52117fb0708f.gif%3Fversion%3D635149307400000000%26amp%3Bwidth%3D128%26amp%3Bheight%3D128%26amp%3Bauto%3Dwebp%26amp%3Bformat%3Dpjpg","https://hsfootball.net/proxy.php?url=https%3A%2F%2Fimage.maxpreps.io%2Fschool-mascot%2Ff%2Fb%2Fa%2Ffba727e9-ec29-46e8-a4a7-3a879d64ff32.gif%3Fversion%3D635361789600000000%26amp%3Bwidth%3D128%26amp%3Bheight%3D128%26amp%3Bauto%3Dwebp%26amp%3Bformat%3Dpjpg","boy"
58,"Augusta vs Winfield",Football,"Kansas",9/25/2026,7:00pm,"The Augusta varsity football team has an away conference game @  Winfield (KS) on Friday, September 25 @ 7p.","/ks/football/game/augusta-vs-winfield/9-25-2026/?c=524ea709-3841-4a0a-911f-647f77b3cd38","https://www.maxpreps.com/ks/football/game/augusta-vs-winfield/9-25-2026/?c=524ea709-3841-4a0a-911f-647f77b3cd38","/football/ks/78f?9/25/2026","Augusta","Orioles","https://www.maxpreps.com/ks/augusta/football/","https://www.maxpreps.com/ks/winfield/football/","https://hsfootball.net/proxy.php?url=https%3A%2F%2Fimage.maxpreps.io%2Fschool-mascot%2F1%2Fc%2Fe%2F1ceb09f2-aa13-4cbd-a3d3-a6ab50e4bf22.gif%3Fversion%3D635817987600000000%26amp%3Bwidth%3D128%26amp%3Bheight%3D128%26amp%3Bauto%3Dwebp%26amp%3Bformat%3Dpjpg","https://hsfootball.net/proxy.php?url=https%3A%2F%2Fimage.maxpreps.io%2Fschool-mascot%2F0%2F1%2F6%2F016fa2b6-adab-4c0c-94b6-229e127e9396.gif%3Fversion%3D636532436400000000%26amp%3Bwidth%3D128%26amp%3Bheight%3D128%26amp%3Bauto%3Dwebp%26amp%3Bformat%3Dpjpg","boy"
59,"Pratt vs Larned",Football,"Kansas",9/25/2026,7:00pm,"The Pratt varsity football team has an away conference game @  Larned (KS) on Friday, September 25 @ 7p.","/ks/football/game/larned-vs-pratt/9-25-2026/?c=e146a6ff-786e-4f47-8d5d-e1bac40e4c14","https://www.maxpreps.com/ks/football/game/larned-vs-pratt/9-25-2026/?c=e146a6ff-786e-4f47-8d5d-e1bac40e4c14","/football/ks/5e4?9/25/2026","Pratt","Fighting Frogs","https://www.maxpreps.com/ks/larned/football/","https://www.maxpreps.com/ks/pratt/football/","https://hsfootball.net/proxy.php?url=https%3A%2F%2Fimage.maxpreps.io%2Fschool-mascot%2Fb%2F0%2Fa%2Fb0a3e60b-1a97-4a40-82e1-f78e42384a2c.gif%3Fversion%3D637342139400000000%26amp%3Bwidth%3D128%26amp%3Bheight%3D128%26amp%3Bauto%3Dwebp%26amp%3Bformat%3Dpjpg","https://hsfootball.net/proxy.php?url=https%3A%2F%2Fimage.maxpreps.io%2Fschool-mascot%2F5%2F5%2F1%2F5514b13f-cc67-45f2-9376-65f91cdda357.gif%3Fversion%3D634811427000000000%26amp%3Bwidth%3D128%26amp%3Bheight%3D128%26amp%3Bauto%3Dwebp%26amp%3Bformat%3Dpjpg","boy"
60,"Ellis vs LaCrosse",Football,"Kansas",9/25/2026,7:00pm,"The Ellis varsity football team has an away non-conference game @  LaCrosse (KS) on Friday, September 25 @ 7p.","/ks/football/game/ellis-vs-lacrosse/9-25-2026/?c=fc948a03-ccc1-4244-b368-a639efcea839","https://www.maxpreps.com/ks/football/game/ellis-vs-lacrosse/9-25-2026/?c=fc948a03-ccc1-4244-b368-a639efcea839","/football/ks/6b8?9/25/2026","Ellis","Railroaders","https://www.maxpreps.com/ks/ellis/football/","https://www.maxpreps.com/ks/lacrosse/football/","https://hsfootball.net/proxy.php?url=https%3A%2F%2Fimage.maxpreps.io%2Fschool-mascot%2Fe%2F6%2F5%2Fe6569c07-ec69-4c1d-8c27-ab22467f00a6.gif%3Fversion%3D639226538890130180%26amp%3Bwidth%3D128%26amp%3Bheight%3D128%26amp%3Bauto%3Dwebp%26amp%3Bformat%3Dpjpg","https://hsfootball.net/proxy.php?url=https%3A%2F%2Fimage.maxpreps.io%2Fschool-mascot%2Ff%2F7%2Ff%2Ff7fd01c0-dae8-4c79-8634-e1094ff8bb74.gif%3Fversion%3D633628098000000000%26amp%3Bwidth%3D128%26amp%3Bheight%3D128%26amp%3Bauto%3Dwebp%26amp%3Bformat%3Dpjpg","boy"
61,"Otis-Bison vs Tescott",Football,"Kansas",9/25/2026,7:00pm,"The Otis-Bison varsity football team has an away non-conference game @  Tescott (KS) on Friday, September 25 @ 7p.","/ks/football/game/otis-bison-vs-tescott/9-25-2026/?c=26d94b58-9c05-4f7a-b63a-abdd54e554f9","https://www.maxpreps.com/ks/football/game/otis-bison-vs-tescott/9-25-2026/?c=26d94b58-9c05-4f7a-b63a-abdd54e554f9","/football/ks/850?9/25/2026","Otis-Bison","Cougars","https://www.maxpreps.com/ks/otis-bison/football/","https://www.maxpreps.com/ks/tescott/football/","https://hsfootball.net/proxy.php?url=https%3A%2F%2Fimage.maxpreps.io%2Fschool-mascot%2Fd%2Fd%2F4%2Fdd4b819e-3c88-4c46-9474-6e8ded0ceedd.gif%3Fversion%3D635512134600000000%26amp%3Bwidth%3D128%26amp%3Bheight%3D128%26amp%3Bauto%3Dwebp%26amp%3Bformat%3Dpjpg","https://hsfootball.net/proxy.php?url=https%3A%2F%2Fimage.maxpreps.io%2Fschool-mascot%2F7%2F6%2F0%2F76082bab-a9e5-4df5-99ef-9015c6d8959a.gif%3Fversion%3D635778205200000000%26amp%3Bwidth%3D128%26amp%3Bheight%3D128%26amp%3Bauto%3Dwebp%26amp%3Bformat%3Dpjpg","boy"
62,"Marion vs Chaparral",Football,"Kansas",9/25/2026,7:00pm,"The Marion varsity football team has an away non-conference game @  Chaparral (Anthony, KS) on Friday, September 25 @ 7p.","/ks/football/game/chaparral-anthony-vs-marion/9-25-2026/?c=ca26e8b6-b249-4aa0-a0a1-cd2f7c184aaa","https://www.maxpreps.com/ks/football/game/chaparral-anthony-vs-marion/9-25-2026/?c=ca26e8b6-b249-4aa0-a0a1-cd2f7c184aaa","/football/ks/aa5?9/25/2026","Marion","Warriors","https://www.maxpreps.com/ks/chaparral-anthony/football/","https://www.maxpreps.com/ks/marion/football/","https://hsfootball.net/proxy.php?url=https%3A%2F%2Fimage.maxpreps.io%2Fschool-mascot%2Fa%2F7%2Ff%2Fa7f4e90f-036b-4efd-a45f-72d829bec294.gif%3Fversion%3D635344464600000000%26amp%3Bwidth%3D128%26amp%3Bheight%3D128%26amp%3Bauto%3Dwebp%26amp%3Bformat%3Dpjpg","https://hsfootball.net/proxy.php?url=https%3A%2F%2Fimage.maxpreps.io%2Fschool-mascot%2Fd%2F8%2Fd%2Fd8d380d6-a5c4-435c-a0b5-52a9a4fdc480.gif%3Fversion%3D638070607200000000%26amp%3Bwidth%3D128%26amp%3Bheight%3D128%26amp%3Bauto%3Dwebp%26amp%3Bformat%3Dpjpg","boy"
63,"Erie vs Udall",Football,"Kansas",9/25/2026,7:00pm,"The Erie varsity football team has an away non-conference game @  Udall (KS) on Friday, September 25 @ 7p.","/ks/football/game/erie-vs-udall/9-25-2026/?c=e279e532-09e6-4647-8516-854f74676721","https://www.maxpreps.com/ks/football/game/erie-vs-udall/9-25-2026/?c=e279e532-09e6-4647-8516-854f74676721","/football/ks/4fa?9/25/2026","Erie","Red Devils","https://www.maxpreps.com/ks/erie/football/","https://www.maxpreps.com/ks/udall/football/","https://hsfootball.net/proxy.php?url=https%3A%2F%2Fimage.maxpreps.io%2Fschool-mascot%2F8%2Fb%2F2%2F8b2a513e-6e45-4704-845a-7d523c41bd52.gif%3Fversion%3D635217052800000000%26amp%3Bwidth%3D128%26amp%3Bheight%3D128%26amp%3Bauto%3Dwebp%26amp%3Bformat%3Dpjpg","https://hsfootball.net/proxy.php?url=https%3A%2F%2Fimage.maxpreps.io%2Fschool-mascot%2Fe%2F8%2Fb%2Fe8bb546a-ae9d-4f72-a137-3bb3733dfbce.gif%3Fversion%3D633880324200000000%26amp%3Bwidth%3D128%26amp%3Bheight%3D128%26amp%3Bauto%3Dwebp%26amp%3Bformat%3Dpjpg","boy"
64,"Osage City vs West Franklin",Football,"Kansas",9/25/2026,7:00pm,"The Osage City varsity football team has an away conference game @  West Franklin (Pomona, KS) on Friday, September 25 @ 7p.","/ks/football/game/osage-city-vs-west-franklin-pomona/9-25-2026/?c=7a5742b1-0b7a-4224-bebd-c3df545b6e70","https://www.maxpreps.com/ks/football/game/osage-city-vs-west-franklin-pomona/9-25-2026/?c=7a5742b1-0b7a-4224-bebd-c3df545b6e70","/football/ks/d34?9/25/2026","Osage City","Indians","https://www.maxpreps.com/ks/osage-city/football/","https://www.maxpreps.com/ks/west-franklin-pomona/football/","https://hsfootball.net/proxy.php?url=https%3A%2F%2Fimage.maxpreps.io%2Fschool-mascot%2F5%2Ff%2F1%2F5f1adccc-89dd-4457-9dd3-563039a1e5cd.gif%3Fversion%3D634503068400000000%26amp%3Bwidth%3D128%26amp%3Bheight%3D128%26amp%3Bauto%3Dwebp%26amp%3Bformat%3Dpjpg","https://hsfootball.net/proxy.php?url=https%3A%2F%2Fimage.maxpreps.io%2Fschool-mascot%2Fd%2F2%2F7%2Fd27ff8b5-8feb-43b1-8c7f-b4e1d9a4f473.gif%3Fversion%3D636946274400000000%26amp%3Bwidth%3D128%26amp%3Bheight%3D128%26amp%3Bauto%3Dwebp%26amp%3Bformat%3Dpjpg","boy"
65,"Elkhart vs South Gray",Football,"Kansas",9/25/2026,7:00pm,"The Elkhart varsity football team has an away conference game @  South Gray (Montezuma, KS) on Friday, September 25 @ 7p.","/ks/football/game/elkhart-vs-south-gray-montezuma/9-25-2026/?c=56f9781e-b3d3-49a3-b426-6c4a2b9036a1","https://www.maxpreps.com/ks/football/game/elkhart-vs-south-gray-montezuma/9-25-2026/?c=56f9781e-b3d3-49a3-b426-6c4a2b9036a1","/football/ks/c4e?9/25/2026","Elkhart","Wildcats","https://www.maxpreps.com/ks/elkhart/football/","https://www.maxpreps.com/ks/south-gray-montezuma/football/","https://hsfootball.net/proxy.php?url=https%3A%2F%2Fimage.maxpreps.io%2Fschool-mascot%2F7%2F7%2F8%2F778e9aab-0284-4abe-85f9-8c2bb6217a33.gif%3Fversion%3D635803279800000000%26amp%3Bwidth%3D128%26amp%3Bheight%3D128%26amp%3Bauto%3Dwebp%26amp%3Bformat%3Dpjpg","https://hsfootball.net/proxy.php?url=https%3A%2F%2Fimage.maxpreps.io%2Fschool-mascot%2Fe%2F3%2F4%2Fe34f2857-639e-409d-923f-6ae23bed2783.gif%3Fversion%3D635450165400000000%26amp%3Bwidth%3D128%26amp%3Bheight%3D128%26amp%3Bauto%3Dwebp%26amp%3Bformat%3Dpjpg","boy"
66,"South Central vs Kiowa County",Football,"Kansas",9/25/2026,7:00pm,"The South Central varsity football team has an away conference game @  Kiowa County (Greensburg, KS) on Friday, September 25 @ 7p.","/ks/football/game/kiowa-county-greensburg-vs-south-central-coldwater/9-25-2026/?c=e7f18c77-5c7d-49f0-b756-d054d146e58a","https://www.maxpreps.com/ks/football/game/kiowa-county-greensburg-vs-south-central-coldwater/9-25-2026/?c=e7f18c77-5c7d-49f0-b756-d054d146e58a","/football/ks/13c9?9/25/2026","South Central","Timberwolves","https://www.maxpreps.com/ks/kiowa-county-greensburg/football/","https://www.maxpreps.com/ks/south-central-coldwater/football/","https://hsfootball.net/proxy.php?url=https%3A%2F%2Fimage.maxpreps.io%2Fschool-mascot%2F7%2Ff%2F5%2F7f522953-5f0f-43cd-a8a5-7e87c6ac7a6a.gif%3Fversion%3D637086448800000000%26amp%3Bwidth%3D128%26amp%3Bheight%3D128%26amp%3Bauto%3Dwebp%26amp%3Bformat%3Dpjpg","https://hsfootball.net/proxy.php?url=https%3A%2F%2Fimage.maxpreps.io%2Fschool-mascot%2F8%2Fd%2F4%2F8d49936f-01a2-42a6-9068-719b719c21df.gif%3Fversion%3D635769730800000000%26amp%3Bwidth%3D128%26amp%3Bheight%3D128%26amp%3Bauto%3Dwebp%26amp%3Bformat%3Dpjpg","boy"
67,"Olathe Northwest vs Gardner-Edgerton",Football,"Kansas",9/25/2026,7:00pm,"The Olathe Northwest varsity football team has an away conference game @  Gardner-Edgerton (Gardner, KS) on Friday, September 25 @ 7p.","/ks/football/game/gardner-edgerton-vs-olathe-northwest/9-25-2026/?c=9cfa0eab-8b68-4d16-828e-4801e6311e7b","https://www.maxpreps.com/ks/football/game/gardner-edgerton-vs-olathe-northwest/9-25-2026/?c=9cfa0eab-8b68-4d16-828e-4801e6311e7b","/football/ks/e43?9/25/2026","Olathe Northwest","Ravens","https://www.maxpreps.com/ks/gardner-edgerton/football/","https://www.maxpreps.com/ks/olathe-northwest/football/","https://hsfootball.net/proxy.php?url=https%3A%2F%2Fimage.maxpreps.io%2Fschool-mascot%2Fb%2F6%2Fb%2Fb6b5d914-fd97-48a8-819d-bbf1837ad023.gif%3Fversion%3D634188442200000000%26amp%3Bwidth%3D128%26amp%3Bheight%3D128%26amp%3Bauto%3Dwebp%26amp%3Bformat%3Dpjpg","https://hsfootball.net/proxy.php?url=https%3A%2F%2Fimage.maxpreps.io%2Fschool-mascot%2Fd%2F3%2F1%2Fd31a48a2-a5ea-4bcb-93dd-4b2e19d82e05.gif%3Fversion%3D634189483200000000%26amp%3Bwidth%3D128%26amp%3Bheight%3D128%26amp%3Bauto%3Dwebp%26amp%3Bformat%3Dpjpg","boy"
68,"West Elk vs Southeast",Football,"Kansas",9/25/2026,7:00pm,"The West Elk varsity football team has an away conference game @  Southeast (Cherokee, KS) on Friday, September 25 @ 7p.","/ks/football/game/southeast-cherokee-vs-west-elk-howard/9-25-2026/?c=b8ac6e8f-568e-4e64-b1d8-142c339a7a36","https://www.maxpreps.com/ks/football/game/southeast-cherokee-vs-west-elk-howard/9-25-2026/?c=b8ac6e8f-568e-4e64-b1d8-142c339a7a36","/football/ks/e74?9/25/2026","West Elk","Patriots","https://www.maxpreps.com/ks/southeast-cherokee/football/","https://www.maxpreps.com/ks/west-elk-howard/football/","https://hsfootball.net/proxy.php?url=https%3A%2F%2Fimage.maxpreps.io%2Fschool-mascot%2Fa%2Ff%2F5%2Faf598fee-79d8-4c05-84e1-c6eeb5dc9033.gif%3Fversion%3D635876032200000000%26amp%3Bwidth%3D128%26amp%3Bheight%3D128%26amp%3Bauto%3Dwebp%26amp%3Bformat%3Dpjpg","https://hsfootball.net/proxy.php?url=https%3A%2F%2Fimage.maxpreps.io%2Fschool-mascot%2F8%2F9%2Ff%2F89f9de36-9f1c-43e2-9371-dde765c9dd14.gif%3Fversion%3D634862734200000000%26amp%3Bwidth%3D128%26amp%3Bheight%3D128%26amp%3Bauto%3Dwebp%26amp%3Bformat%3Dpjpg","boy"
69,"Kansas City East Christian Academy vs Knox County",Football,"Kansas",9/25/2026,7:00pm,"The Kansas City East Christian Academy varsity football team has an away non-conference game @  Knox County (Edina, MO) on Friday, September 25 @ 7p.","/mo/football/game/kansas-city-east-christian-academy-vs-knox-county-edina/9-25-2026/?c=0845b330-d25a-44b9-9aa0-b28e1e3d9a97","https://www.maxpreps.com/mo/football/game/kansas-city-east-christian-academy-vs-knox-county-edina/9-25-2026/?c=0845b330-d25a-44b9-9aa0-b28e1e3d9a97","/football/ks/1534?9/25/2026","Kansas City East Christian Academy","Lions","https://www.maxpreps.com/ks/kansas-city-east-christian-academy/football/","https://www.maxpreps.com/ks/knox-county-edina/football/","https://hsfootball.net/proxy.php?url=https%3A%2F%2Fimage.maxpreps.io%2Fschool-mascot%2Fd%2Fa%2F1%2Fda17d55e-93a7-4fab-a48f-bfda185ed6e1.gif%3Fversion%3D637360270800000000%26amp%3Bwidth%3D128%26amp%3Bheight%3D128%26amp%3Bauto%3Dwebp%26amp%3Bformat%3Dpjpg","https://hsfootball.net/proxy.php?url=https%3A%2F%2Fimage.maxpreps.io%2Fschool-mascot%2F8%2Fd%2F2%2F8d2a0df2-5203-4675-b599-be2f247bf4ab.gif%3Fversion%3D635729887200000000%26amp%3Bwidth%3D128%26amp%3Bheight%3D128%26amp%3Bauto%3Dwebp%26amp%3Bformat%3Dpjpg","boy"
70,"KIPP Legacy vs Harmon",Football,"Kansas",9/25/2026,7:00pm,"The KIPP Legacy varsity football team has an away non-conference game @  Harmon (Kansas City, KS) on Friday, September 25 @ 7p.","/inter-state/football/game/harmon-kansas-city-ks-vs-kipp-legacy-kansas-city-mo/9-25-2026/?c=5c08aa99-1ebd-4b2b-8c49-a83a1f493f4b","https://www.maxpreps.com/inter-state/football/game/harmon-kansas-city-ks-vs-kipp-legacy-kansas-city-mo/9-25-2026/?c=5c08aa99-1ebd-4b2b-8c49-a83a1f493f4b","/football/ks/135a?9/25/2026","KIPP Legacy","Harmon","https://www.maxpreps.com/ks/harmon-kansas-city-ks/football/","https://www.maxpreps.com/ks/kipp-legacy-kansas-city-mo/football/","https://hsfootball.net/proxy.php?url=https%3A%2F%2Fimage.maxpreps.io%2Fschool-mascot%2F8%2Fb%2Fb%2F8bb4e0f0-64a1-4ffc-98d2-8094179a3a4f.gif%3Fversion%3D636715698000000000%26amp%3Bwidth%3D128%26amp%3Bheight%3D128%26amp%3Bauto%3Dwebp%26amp%3Bformat%3Dpjpg","https://hsfootball.net/proxy.php?url=https%3A%2F%2Fimage.maxpreps.io%2Fschool-mascot%2F8%2Fb%2Fb%2F8bb4e0f0-64a1-4ffc-98d2-8094179a3a4f.gif%3Fversion%3D636715698000000000%26amp%3Bwidth%3D64%26amp%3Bheight%3D64%26amp%3Bauto%3Dwebp%26amp%3Bformat%3Dpjpg","boy"
71,"Centralia vs Valley Falls",Football,"Kansas",9/25/2026,7:00pm,"The Centralia varsity football team has an away non-conference game @  Valley Falls (KS) on Friday, September 25 @ 7p.","/ks/football/game/centralia-vs-valley-falls/9-25-2026/?c=d561b6fc-bdfb-473c-a38d-0f4da37b4c0c","https://www.maxpreps.com/ks/football/game/centralia-vs-valley-falls/9-25-2026/?c=d561b6fc-bdfb-473c-a38d-0f4da37b4c0c","/football/ks/9c2?9/25/2026","Centralia","Panthers","https://www.maxpreps.com/ks/centralia/football/","https://www.maxpreps.com/ks/valley-falls/football/","https://hsfootball.net/proxy.php?url=https%3A%2F%2Fimage.maxpreps.io%2Fschool-mascot%2Fa%2F8%2Fe%2Fa8ec44a3-2faa-40c1-9f65-64efbed45540.gif%3Fversion%3D637085609400000000%26amp%3Bwidth%3D128%26amp%3Bheight%3D128%26amp%3Bauto%3Dwebp%26amp%3Bformat%3Dpjpg","https://hsfootball.net/proxy.php?url=https%3A%2F%2Fimage.maxpreps.io%2Fschool-mascot%2Fa%2F5%2F4%2Fa5424f9f-74ec-463b-bc3d-daf4249e0c9a.gif%3Fversion%3D637727325600000000%26amp%3Bwidth%3D128%26amp%3Bheight%3D128%26amp%3Bauto%3Dwebp%26amp%3Bformat%3Dpjpg","boy"
72,"Bishop Ward vs Santa Fe Trail",Football,"Kansas",9/25/2026,7:00pm,"The Bishop Ward varsity football team has an away non-conference game @  Santa Fe Trail (Carbondale, KS) on Friday, September 25 @ 7p.","/ks/football/game/bishop-ward-kansas-city-vs-santa-fe-trail-carbondale/9-25-2026/?c=cd03ac94-36ce-44a6-8006-22932e99438e","https://www.maxpreps.com/ks/football/game/bishop-ward-kansas-city-vs-santa-fe-trail-carbondale/9-25-2026/?c=cd03ac94-36ce-44a6-8006-22932e99438e","/football/ks/13c7?9/25/2026","Bishop Ward","Cyclones","https://www.maxpreps.com/ks/bishop-ward-kansas-city/football/","https://www.maxpreps.com/ks/santa-fe-trail-carbondale/football/","https://hsfootball.net/proxy.php?url=https%3A%2F%2Fimage.maxpreps.io%2Fschool-mascot%2Fa%2F3%2Fc%2Fa3cf97e3-44ee-4fd2-ba02-1f4024daeea8.gif%3Fversion%3D634998825000000000%26amp%3Bwidth%3D128%26amp%3Bheight%3D128%26amp%3Bauto%3Dwebp%26amp%3Bformat%3Dpjpg","https://hsfootball.net/proxy.php?url=https%3A%2F%2Fimage.maxpreps.io%2Fschool-mascot%2Fd%2F1%2Fc%2Fd1cd3922-e265-4303-8ede-10f4c6e1d03d.gif%3Fversion%3D637085583600000000%26amp%3Bwidth%3D128%26amp%3Bheight%3D128%26amp%3Bauto%3Dwebp%26amp%3Bformat%3Dpjpg","boy"
73,"Shawnee Mission North vs Lawrence Free State",Football,"Kansas",9/25/2026,7:00pm,"The Shawnee Mission North varsity football team has an away conference game @  Lawrence Free State (Lawrence, KS) on Friday, September 25 @ 7p.","/ks/football/game/lawrence-free-state-vs-shawnee-mission-north/9-25-2026/?c=4b4db542-3a1d-4e9e-b33a-8421e084d021","https://www.maxpreps.com/ks/football/game/lawrence-free-state-vs-shawnee-mission-north/9-25-2026/?c=4b4db542-3a1d-4e9e-b33a-8421e084d021","/football/ks/1123?9/25/2026","Shawnee Mission North","Bison","https://www.maxpreps.com/ks/lawrence-free-state/football/","https://www.maxpreps.com/ks/shawnee-mission-north/football/","https://hsfootball.net/proxy.php?url=https%3A%2F%2Fimage.maxpreps.io%2Fschool-mascot%2Fa%2Fd%2Fb%2Fadb7589c-7ba6-477c-ba3d-9235cb6dfa03.gif%3Fversion%3D637987501800000000%26amp%3Bwidth%3D128%26amp%3Bheight%3D128%26amp%3Bauto%3Dwebp%26amp%3Bformat%3Dpjpg","https://hsfootball.net/proxy.php?url=https%3A%2F%2Fimage.maxpreps.io%2Fschool-mascot%2F9%2F3%2F7%2F9374ea9a-1e2a-49e2-bf12-2649b8a4dced.gif%3Fversion%3D637822371000000000%26amp%3Bwidth%3D128%26amp%3Bheight%3D128%26amp%3Bauto%3Dwebp%26amp%3Bformat%3Dpjpg","boy"
74,"Remington vs Hillsboro",Football,"Kansas",9/25/2026,7:00pm,"The Remington varsity football team has an away non-conference game @  Hillsboro (KS) on Friday, September 25 @ 7p.","/ks/football/game/hillsboro-vs-remington-whitewater/9-25-2026/?c=289beadf-e151-4cb6-b26c-7ada412247d8","https://www.maxpreps.com/ks/football/game/hillsboro-vs-remington-whitewater/9-25-2026/?c=289beadf-e151-4cb6-b26c-7ada412247d8","/football/ks/d55?9/25/2026","Remington","Broncos","https://www.maxpreps.com/ks/hillsboro/football/","https://www.maxpreps.com/ks/remington-whitewater/football/","https://hsfootball.net/proxy.php?url=https%3A%2F%2Fimage.maxpreps.io%2Fschool-mascot%2F9%2F2%2F4%2F92496280-30b0-45ab-8ebd-3df331f66fb2.gif%3Fversion%3D637086448800000000%26amp%3Bwidth%3D128%26amp%3Bheight%3D128%26amp%3Bauto%3Dwebp%26amp%3Bformat%3Dpjpg","https://hsfootball.net/proxy.php?url=https%3A%2F%2Fimage.maxpreps.io%2Fschool-mascot%2Ff%2Fa%2F3%2Ffa397804-2d57-4ba5-80e6-d5c6fe896e23.gif%3Fversion%3D636482364600000000%26amp%3Bwidth%3D128%26amp%3Bheight%3D128%26amp%3Bauto%3Dwebp%26amp%3Bformat%3Dpjpg","boy"
75,"Maur Hill Prep-Mount Academy vs Jefferson County North",Football,"Kansas",9/25/2026,7:00pm,"The Maur Hill Prep-Mount Academy varsity football team has an away non-conference game @  Jefferson County North (Winchester, KS) on Friday, September 25 @ 7p.","/ks/football/game/jefferson-county-north-winchester-vs-maur-hill-prep-mount-academy-ravens-atchison/9-25-2026/?c=24ed1d84-01ac-4a47-9985-56e9a7ed6cd1","https://www.maxpreps.com/ks/football/game/jefferson-county-north-winchester-vs-maur-hill-prep-mount-academy-ravens-atchison/9-25-2026/?c=24ed1d84-01ac-4a47-9985-56e9a7ed6cd1","/football/ks/1fa7?9/25/2026","Maur Hill Prep-Mount Academy","Junior Ravens","https://www.maxpreps.com/ks/jefferson-county-north-winchester/football/","https://www.maxpreps.com/ks/maur-hill-prep-mount-academy-ravens-atchison/football/","https://hsfootball.net/proxy.php?url=https%3A%2F%2Fimage.maxpreps.io%2Fschool-mascot%2Fa%2F6%2Fe%2Fa6e57c3e-2d8a-4657-ab22-9ea0adf4569d.gif%3Fversion%3D637085609400000000%26amp%3Bwidth%3D128%26amp%3Bheight%3D128%26amp%3Bauto%3Dwebp%26amp%3Bformat%3Dpjpg","https://hsfootball.net/proxy.php?url=https%3A%2F%2Fimage.maxpreps.io%2Fschool-mascot%2F8%2Fc%2F1%2F8c135148-8437-4cb5-be56-ecb2d4321b11.gif%3Fversion%3D634774207800000000%26amp%3Bwidth%3D128%26amp%3Bheight%3D128%26amp%3Bauto%3Dwebp%26amp%3Bformat%3Dpjpg","boy"
76,"Christ Prep Academy vs Lamar",Football,"Kansas",9/25/2026,7:00pm,"The Christ Prep Academy varsity football team has an away non-conference game @  Lamar (MO) on Friday, September 25 @ 7p.","/inter-state/football/game/christ-prep-academy-lenexa-ks-vs-lamar-mo/9-25-2026/?c=2046da5a-01a0-49f0-8e34-2bcd9bcbe870","https://www.maxpreps.com/inter-state/football/game/christ-prep-academy-lenexa-ks-vs-lamar-mo/9-25-2026/?c=2046da5a-01a0-49f0-8e34-2bcd9bcbe870","/football/ks/f80?9/25/2026","Christ Prep Academy","Patriots","https://www.maxpreps.com/ks/christ-prep-academy-lenexa-ks/football/","https://www.maxpreps.com/ks/lamar-mo/football/","https://hsfootball.net/proxy.php?url=https%3A%2F%2Fimage.maxpreps.io%2Fschool-mascot%2Fa%2Ff%2F8%2Faf82426a-4cb2-4171-9f57-4caba0094406.gif%3Fversion%3D638433334200000000%26amp%3Bwidth%3D128%26amp%3Bheight%3D128%26amp%3Bauto%3Dwebp%26amp%3Bformat%3Dpjpg","https://hsfootball.net/proxy.php?url=https%3A%2F%2Fimage.maxpreps.io%2Fschool-mascot%2F2%2F3%2F6%2F236a2b03-fad6-437f-98ad-59b6fe6f2451.gif%3Fversion%3D635814486000000000%26amp%3Bwidth%3D128%26amp%3Bheight%3D128%26amp%3Bauto%3Dwebp%26amp%3Bformat%3Dpjpg","boy"
77,"Southern Coffey County vs Peabody-Burns",Football,"Kansas",9/25/2026,7:00pm,"The Southern Coffey County varsity football team has an away conference game @  Peabody-Burns (Peabody, KS) on Friday, September 25 @ 7p.","/ks/football/game/peabody-burns-vs-southern-coffey-county-leroy/9-25-2026/?c=b3466aef-d442-4003-af3e-0ae678bce62f","https://www.maxpreps.com/ks/football/game/peabody-burns-vs-southern-coffey-county-leroy/9-25-2026/?c=b3466aef-d442-4003-af3e-0ae678bce62f","/football/ks/11c6?9/25/2026","Southern Coffey County","Titans","https://www.maxpreps.com/ks/peabody-burns/football/","https://www.maxpreps.com/ks/southern-coffey-county-leroy/football/","https://hsfootball.net/proxy.php?url=https%3A%2F%2Fimage.maxpreps.io%2Fschool-mascot%2Fb%2F0%2F5%2Fb0592357-ea4c-4087-bec2-65b02f036908.gif%3Fversion%3D637086448800000000%26amp%3Bwidth%3D128%26amp%3Bheight%3D128%26amp%3Bauto%3Dwebp%26amp%3Bformat%3Dpjpg","https://hsfootball.net/proxy.php?url=https%3A%2F%2Fimage.maxpreps.io%2Fschool-mascot%2Fd%2Fc%2Ff%2Fdcf5857c-1fff-4486-8082-eceec70232d4.gif%3Fversion%3D637086448200000000%26amp%3Bwidth%3D128%26amp%3Bheight%3D128%26amp%3Bauto%3Dwebp%26amp%3Bformat%3Dpjpg","boy"
78,"Shawnee Heights vs West",Football,"Kansas",9/25/2026,7:00pm,"The Shawnee Heights varsity football team has an away conference game @  West (Topeka, KS) on Friday, September 25 @ 7p.","/ks/football/game/shawnee-heights-tecumseh-vs-west-topeka/9-25-2026/?c=bb53bef7-df85-45b3-8c9d-325e940ec6bc","https://www.maxpreps.com/ks/football/game/shawnee-heights-tecumseh-vs-west-topeka/9-25-2026/?c=bb53bef7-df85-45b3-8c9d-325e940ec6bc","/football/ks/f46?9/25/2026","Shawnee Heights","Thunderbirds","https://www.maxpreps.com/ks/shawnee-heights-tecumseh/football/","https://www.maxpreps.com/ks/west-topeka/football/","https://hsfootball.net/proxy.php?url=https%3A%2F%2Fimage.maxpreps.io%2Fschool-mascot%2Ff%2F9%2Ff%2Ff9f3fa6e-e1db-4e54-a4f9-e21ac7bc19b9.gif%3Fversion%3D635474844000000000%26amp%3Bwidth%3D128%26amp%3Bheight%3D128%26amp%3Bauto%3Dwebp%26amp%3Bformat%3Dpjpg","https://hsfootball.net/proxy.php?url=https%3A%2F%2Fimage.maxpreps.io%2Fschool-mascot%2F9%2F6%2F5%2F96537fc0-8324-4b97-991b-a69b0581796a.gif%3Fversion%3D637086456600000000%26amp%3Bwidth%3D128%26amp%3Bheight%3D128%26amp%3Bauto%3Dwebp%26amp%3Bformat%3Dpjpg","boy"
79,"Bishop Miege vs Blue Valley Southwest",Football,"Kansas",9/25/2026,7:00pm,"The Bishop Miege varsity football team has an away conference game @  Blue Valley Southwest (Overland Park, KS) on Friday, September 25 @ 7p.","/ks/football/game/bishop-miege-shawnee-mission-vs-blue-valley-southwest-overland-park/9-25-2026/?c=c40d5522-d38b-4d7f-b0b8-801791f69b74","https://www.maxpreps.com/ks/football/game/bishop-miege-shawnee-mission-vs-blue-valley-southwest-overland-park/9-25-2026/?c=c40d5522-d38b-4d7f-b0b8-801791f69b74","/football/ks/1a2b?9/25/2026","Bishop Miege","Stags","https://www.maxpreps.com/ks/bishop-miege-shawnee-mission/football/","https://www.maxpreps.com/ks/blue-valley-southwest-overland-park/football/","https://hsfootball.net/proxy.php?url=https%3A%2F%2Fimage.maxpreps.io%2Fschool-mascot%2Fa%2Ff%2F0%2Faf04bc88-7fd3-4526-9e17-97b9ee0bfea0.gif%3Fversion%3D637787988000000000%26amp%3Bwidth%3D128%26amp%3Bheight%3D128%26amp%3Bauto%3Dwebp%26amp%3Bformat%3Dpjpg","https://hsfootball.net/proxy.php?url=https%3A%2F%2Fimage.maxpreps.io%2Fschool-mascot%2F9%2Fb%2F5%2F9b5ae32e-6421-441f-8a95-bd0fbd7e71ac.gif%3Fversion%3D637822380600000000%26amp%3Bwidth%3D128%26amp%3Bheight%3D128%26amp%3Bauto%3Dwebp%26amp%3Bformat%3Dpjpg","boy"
80,"Ingalls vs Satanta",Football,"Kansas",9/25/2026,7:00pm,"The Ingalls varsity football team has an away conference game @  Satanta (KS) on Friday, September 25 @ 7p.","/ks/football/game/ingalls-vs-satanta/9-25-2026/?c=97cdccfc-2535-46d7-8261-567937289325","https://www.maxpreps.com/ks/football/game/ingalls-vs-satanta/9-25-2026/?c=97cdccfc-2535-46d7-8261-567937289325","/football/ks/719?9/25/2026","Ingalls","Bulldogs","https://www.maxpreps.com/ks/ingalls/football/","https://www.maxpreps.com/ks/satanta/football/","https://hsfootball.net/proxy.php?url=https%3A%2F%2Fimage.maxpreps.io%2Fschool-mascot%2Fc%2F2%2F8%2Fc2869e61-0841-4edd-ab5c-0a3f1b7d73fc.gif%3Fversion%3D636122943600000000%26amp%3Bwidth%3D128%26amp%3Bheight%3D128%26amp%3Bauto%3Dwebp%26amp%3Bformat%3Dpjpg","https://hsfootball.net/proxy.php?url=https%3A%2F%2Fimage.maxpreps.io%2Fschool-mascot%2F1%2Fd%2F8%2F1d8242a7-30e5-4bb0-a40f-9a005ca92ea2.gif%3Fversion%3D633917965800000000%26amp%3Bwidth%3D128%26amp%3Bheight%3D128%26amp%3Bauto%3Dwebp%26amp%3Bformat%3Dpjpg","boy"
81,"Holton vs Atchison",Football,"Kansas",9/25/2026,7:00pm,"The Holton varsity football team has an away non-conference game @  Atchison (KS) on Friday, September 25 @ 7p.","/ks/football/game/atchison-vs-holton/9-25-2026/?c=763ebbed-54a1-4d03-83b5-b7ecd2b4ffcd","https://www.maxpreps.com/ks/football/game/atchison-vs-holton/9-25-2026/?c=763ebbed-54a1-4d03-83b5-b7ecd2b4ffcd","/football/ks/730?9/25/2026","Holton","Wildcats","https://www.maxpreps.com/ks/atchison/football/","https://www.maxpreps.com/ks/holton/football/","https://hsfootball.net/proxy.php?url=https%3A%2F%2Fimage.maxpreps.io%2Fschool-mascot%2F3%2F8%2F3%2F383e583c-3d28-44cd-9691-50e93a5eab90.gif%3Fversion%3D638030635800000000%26amp%3Bwidth%3D128%26amp%3Bheight%3D128%26amp%3Bauto%3Dwebp%26amp%3Bformat%3Dpjpg","https://hsfootball.net/proxy.php?url=https%3A%2F%2Fimage.maxpreps.io%2Fschool-mascot%2Fa%2F1%2F1%2Fa11bdf79-39ff-404a-8384-3680f767e310.gif%3Fversion%3D637085609400000000%26amp%3Bwidth%3D128%26amp%3Bheight%3D128%26amp%3Bauto%3Dwebp%26amp%3Bformat%3Dpjpg","boy"
82,"Neodesha vs Central Heights",Football,"Kansas",9/25/2026,7:00pm,"The Neodesha varsity football team has an away conference game @  Central Heights (Richmond, KS) on Friday, September 25 @ 7p.","/ks/football/game/central-heights-richmond-vs-neodesha/9-25-2026/?c=54e7c002-fccf-4ce2-83b3-e905779ed9d6","https://www.maxpreps.com/ks/football/game/central-heights-richmond-vs-neodesha/9-25-2026/?c=54e7c002-fccf-4ce2-83b3-e905779ed9d6","/football/ks/e0d?9/25/2026","Neodesha","Blue Streaks","https://www.maxpreps.com/ks/central-heights-richmond/football/","https://www.maxpreps.com/ks/neodesha/football/","https://hsfootball.net/proxy.php?url=https%3A%2F%2Fimage.maxpreps.io%2Fschool-mascot%2F7%2F6%2F2%2F76226870-75ed-4e02-b643-31ad8ccd2486.gif%3Fversion%3D633875739600000000%26amp%3Bwidth%3D128%26amp%3Bheight%3D128%26amp%3Bauto%3Dwebp%26amp%3Bformat%3Dpjpg","https://hsfootball.net/proxy.php?url=https%3A%2F%2Fimage.maxpreps.io%2Fschool-mascot%2F4%2F8%2F6%2F4866222a-a662-4aa6-9938-ee06da87b756.gif%3Fversion%3D638932687818572910%26amp%3Bwidth%3D128%26amp%3Bheight%3D128%26amp%3Bauto%3Dwebp%26amp%3Bformat%3Dpjpg","boy"
83,"Deerfield vs South Barber",Football,"Kansas",9/25/2026,7:00pm,"The Deerfield varsity football team has an away non-conference game @  South Barber (Kiowa, KS) on Friday, September 25 @ 7p.","/ks/football/game/deerfield-vs-south-barber-kiowa/9-25-2026/?c=5ee8f3ff-003a-4e1d-a0d0-c5e3269c4f82","https://www.maxpreps.com/ks/football/game/deerfield-vs-south-barber-kiowa/9-25-2026/?c=5ee8f3ff-003a-4e1d-a0d0-c5e3269c4f82","/football/ks/bfd?9/25/2026","Deerfield","Spartans","https://www.maxpreps.com/ks/deerfield/football/","https://www.maxpreps.com/ks/south-barber-kiowa/football/","https://hsfootball.net/proxy.php?url=https%3A%2F%2Fimage.maxpreps.io%2Fschool-mascot%2F1%2F6%2F2%2F1625539e-50c6-40ca-bc9f-3d089f4b1c4d.gif%3Fversion%3D636123054600000000%26amp%3Bwidth%3D128%26amp%3Bheight%3D128%26amp%3Bauto%3Dwebp%26amp%3Bformat%3Dpjpg","https://hsfootball.net/proxy.php?url=https%3A%2F%2Fimage.maxpreps.io%2Fschool-mascot%2F1%2F4%2F1%2F1411d931-acec-4b3f-8cff-fe42dfe93771.gif%3Fversion%3D634830438600000000%26amp%3Bwidth%3D128%26amp%3Bheight%3D128%26amp%3Bauto%3Dwebp%26amp%3Bformat%3Dpjpg","boy"
84,"Cedar Vale/Dexter vs Central",Football,"Kansas",9/25/2026,7:00pm,"The Cedar Vale/Dexter varsity football team has an away conference game @  Central (Burden, KS) on Friday, September 25 @ 7p.","/ks/football/game/cedar-vale-dexter-vs-central-burden/9-25-2026/?c=60b05803-ec36-44bb-a527-0e066d4dcc16","https://www.maxpreps.com/ks/football/game/cedar-vale-dexter-vs-central-burden/9-25-2026/?c=60b05803-ec36-44bb-a527-0e066d4dcc16","/football/ks/d66?9/25/2026","Cedar Vale/Dexter","Spartans","https://www.maxpreps.com/ks/cedar-vale-dexter/football/","https://www.maxpreps.com/ks/central-burden/football/","https://hsfootball.net/proxy.php?url=https%3A%2F%2Fimage.maxpreps.io%2Fschool-mascot%2F6%2Fb%2Ff%2F6bf705c1-d1e4-4cb7-85a9-adf722762234.gif%3Fversion%3D635502766800000000%26amp%3Bwidth%3D128%26amp%3Bheight%3D128%26amp%3Bauto%3Dwebp%26amp%3Bformat%3Dpjpg","https://hsfootball.net/proxy.php?url=https%3A%2F%2Fimage.maxpreps.io%2Fschool-mascot%2F0%2F2%2F8%2F028af90d-15d9-421f-8799-db23f82e9900.gif%3Fversion%3D633891375600000000%26amp%3Bwidth%3D128%26amp%3Bheight%3D128%26amp%3Bauto%3Dwebp%26amp%3Bformat%3Dpjpg","boy"
85,"Archie vs Bishop LeBlond",Football,"Kansas",9/25/2026,7:00pm,"The Archie varsity football team has an away non-conference game @  Bishop LeBlond (St. Joseph, MO) on Friday, September 25 @ 7p.","/mo/football/game/archie-vs-bishop-leblond-st-joseph/9-25-2026/?c=22a8f030-9b22-4c88-9f38-a5480bd62fb1","https://www.maxpreps.com/mo/football/game/archie-vs-bishop-leblond-st-joseph/9-25-2026/?c=22a8f030-9b22-4c88-9f38-a5480bd62fb1","/football/ks/d0b?9/25/2026","Archie","Whirlwinds","https://www.maxpreps.com/ks/archie/football/","https://www.maxpreps.com/ks/bishop-leblond-st-joseph/football/","https://hsfootball.net/proxy.php?url=https%3A%2F%2Fimage.maxpreps.io%2Fschool-mascot%2F2%2F1%2F3%2F213c4108-3686-4124-b0d9-f4a7f0511eea.gif%3Fversion%3D638624494630447910%26amp%3Bwidth%3D128%26amp%3Bheight%3D128%26amp%3Bauto%3Dwebp%26amp%3Bformat%3Dpjpg","https://hsfootball.net/proxy.php?url=https%3A%2F%2Fimage.maxpreps.io%2Fschool-mascot%2F2%2F1%2F3%2F213c4108-3686-4124-b0d9-f4a7f0511eea.gif%3Fversion%3D638624494630447910%26amp%3Bwidth%3D64%26amp%3Bheight%3D64%26amp%3Bauto%3Dwebp%26amp%3Bformat%3Dpjpg","boy"
86,"Life Prep vs Cornerstone Family",Football,"Kansas",9/25/2026,7:00pm,"The Life Prep varsity football team has an away conference game @  Cornerstone Family (Topeka, KS) on Friday, September 25 @ 7p.","/ks/football/game/cornerstone-family-topeka-vs-life-prep-park-city/9-25-2026/?c=e81c91e2-73b7-4ebd-96a0-640dfff7712c","https://www.maxpreps.com/ks/football/game/cornerstone-family-topeka-vs-life-prep-park-city/9-25-2026/?c=e81c91e2-73b7-4ebd-96a0-640dfff7712c","/football/ks/129a?9/25/2026","Life Prep","Fire","https://www.maxpreps.com/ks/cornerstone-family-topeka/football/","https://www.maxpreps.com/ks/life-prep-park-city/football/","https://hsfootball.net/proxy.php?url=https%3A%2F%2Fimage.maxpreps.io%2Fschool-mascot%2F8%2F1%2F5%2F815ef483-9ae3-4727-95cd-4ca87fb181c3.gif%3Fversion%3D635455055400000000%26amp%3Bwidth%3D128%26amp%3Bheight%3D128%26amp%3Bauto%3Dwebp%26amp%3Bformat%3Dpjpg","https://hsfootball.net/proxy.php?url=https%3A%2F%2Fimage.maxpreps.io%2Fschool-mascot%2F0%2F0%2Fc%2F00cecd02-ee4c-4fea-a536-1b52d6572c22.gif%3Fversion%3D638943843650294260%26amp%3Bwidth%3D128%26amp%3Bheight%3D128%26amp%3Bauto%3Dwebp%26amp%3Bformat%3Dpjpg","boy"
87,"Olathe North vs Shawnee Mission Northwest",Football,"Kansas",9/25/2026,7:00pm,"The Olathe North varsity football team has an away conference game @  Shawnee Mission Northwest (Shawnee Mission, KS) on Friday, September 25 @ 7p.","/ks/football/game/olathe-north-vs-shawnee-mission-northwest/9-25-2026/?c=f5bc80ed-533d-4446-936d-a073b28c48ee","https://www.maxpreps.com/ks/football/game/olathe-north-vs-shawnee-mission-northwest/9-25-2026/?c=f5bc80ed-533d-4446-936d-a073b28c48ee","/football/ks/104d?9/25/2026","Olathe North","Eagles","https://www.maxpreps.com/ks/olathe-north/football/","https://www.maxpreps.com/ks/shawnee-mission-northwest/football/","https://hsfootball.net/proxy.php?url=https%3A%2F%2Fimage.maxpreps.io%2Fschool-mascot%2F1%2F5%2F5%2F155ec426-4b83-4cf6-8032-45d009f068f6.gif%3Fversion%3D635508681600000000%26amp%3Bwidth%3D128%26amp%3Bheight%3D128%26amp%3Bauto%3Dwebp%26amp%3Bformat%3Dpjpg","https://hsfootball.net/proxy.php?url=https%3A%2F%2Fimage.maxpreps.io%2Fschool-mascot%2Ff%2F5%2F0%2Ff50cb792-563f-4d32-9069-af02f30b3650.gif%3Fversion%3D635398019400000000%26amp%3Bwidth%3D128%26amp%3Bheight%3D128%26amp%3Bauto%3Dwebp%26amp%3Bformat%3Dpjpg","boy"
88,"Lebo vs Wakefield",Football,"Kansas",9/25/2026,7:00pm,"The Lebo varsity football team has an away non-conference game @  Wakefield (KS) on Friday, September 25 @ 7p.","/ks/football/game/lebo-vs-wakefield/9-25-2026/?c=e97f022e-3f98-4415-9f7f-741d8a9a14a4","https://www.maxpreps.com/ks/football/game/lebo-vs-wakefield/9-25-2026/?c=e97f022e-3f98-4415-9f7f-741d8a9a14a4","/football/ks/691?9/25/2026","Lebo","Wolves","https://www.maxpreps.com/ks/lebo/football/","https://www.maxpreps.com/ks/wakefield/football/","https://hsfootball.net/proxy.php?url=https%3A%2F%2Fimage.maxpreps.io%2Fschool-mascot%2F4%2F1%2Ff%2F41f5bc40-874a-4d4f-8cef-8ab649a8e459.gif%3Fversion%3D637086456600000000%26amp%3Bwidth%3D128%26amp%3Bheight%3D128%26amp%3Bauto%3Dwebp%26amp%3Bformat%3Dpjpg","https://hsfootball.net/proxy.php?url=https%3A%2F%2Fimage.maxpreps.io%2Fschool-mascot%2F4%2F1%2Ff%2F41f5bc40-874a-4d4f-8cef-8ab649a8e459.gif%3Fversion%3D637086456600000000%26amp%3Bwidth%3D256%26amp%3Bheight%3D256%26amp%3Bauto%3Dwebp%26amp%3Bformat%3Dpjpg","boy"
89,"Arkansas City vs Andover",Football,"Kansas",9/25/2026,7:00pm,"The Arkansas City varsity football team has an away conference game @  Andover (KS) on Friday, September 25 @ 7p.","/ks/football/game/andover-vs-arkansas-city/9-25-2026/?c=8b44700c-d303-4133-a6a9-0f06f8b4d0a7","https://www.maxpreps.com/ks/football/game/andover-vs-arkansas-city/9-25-2026/?c=8b44700c-d303-4133-a6a9-0f06f8b4d0a7","/football/ks/96c?9/25/2026","Arkansas City","Bulldogs","https://www.maxpreps.com/ks/andover/football/","https://www.maxpreps.com/ks/arkansas-city/football/","https://hsfootball.net/proxy.php?url=https%3A%2F%2Fimage.maxpreps.io%2Fschool-mascot%2F7%2F7%2F7%2F77775755-2545-420f-b1a9-710e643dc86c.gif%3Fversion%3D636578145000000000%26amp%3Bwidth%3D128%26amp%3Bheight%3D128%26amp%3Bauto%3Dwebp%26amp%3Bformat%3Dpjpg","https://hsfootball.net/proxy.php?url=https%3A%2F%2Fimage.maxpreps.io%2Fschool-mascot%2F2%2F2%2Fa%2F22ae16b4-ca54-400d-8595-417b431c27e3.gif%3Fversion%3D633954207000000000%26amp%3Bwidth%3D128%26amp%3Bheight%3D128%26amp%3Bauto%3Dwebp%26amp%3Bformat%3Dpjpg","boy"
90,"Humboldt vs Fredonia/Elk Valley",Football,"Kansas",9/25/2026,7:00pm,"The Humboldt varsity football team has an away conference game @  Fredonia/Elk Valley (Fredonia, KS) on Friday, September 25 @ 7p.","/ks/football/game/fredonia-elk-valley-vs-humboldt/9-25-2026/?c=3215167d-62c3-4633-8e79-d9033dd248b3","https://www.maxpreps.com/ks/football/game/fredonia-elk-valley-vs-humboldt/9-25-2026/?c=3215167d-62c3-4633-8e79-d9033dd248b3","/football/ks/c0d?9/25/2026","Humboldt","Cubs","https://www.maxpreps.com/ks/fredonia-elk-valley/football/","https://www.maxpreps.com/ks/humboldt/football/","https://hsfootball.net/proxy.php?url=https%3A%2F%2Fimage.maxpreps.io%2Fschool-mascot%2Fc%2Fd%2Fb%2Fcdb30440-5997-4925-b38d-7cc5dd180a68.gif%3Fversion%3D636064382400000000%26amp%3Bwidth%3D128%26amp%3Bheight%3D128%26amp%3Bauto%3Dwebp%26amp%3Bformat%3Dpjpg","https://hsfootball.net/proxy.php?url=https%3A%2F%2Fimage.maxpreps.io%2Fschool-mascot%2Fc%2Fd%2Fb%2Fcdb30440-5997-4925-b38d-7cc5dd180a68.gif%3Fversion%3D636064382400000000%26amp%3Bwidth%3D64%26amp%3Bheight%3D64%26amp%3Bauto%3Dwebp%26amp%3Bformat%3Dpjpg","boy"
91,"Salina Central vs Eisenhower",Football,"Kansas",9/25/2026,7:00pm,"The Salina Central varsity football team has an away conference game @  Eisenhower (Goddard, KS) on Friday, September 25 @ 7p.","/ks/football/game/eisenhower-goddard-vs-salina-central/9-25-2026/?c=795bcd1e-dd8f-4ee9-84b9-e1e2f85992c4","https://www.maxpreps.com/ks/football/game/eisenhower-goddard-vs-salina-central/9-25-2026/?c=795bcd1e-dd8f-4ee9-84b9-e1e2f85992c4","/football/ks/e0c?9/25/2026","Salina Central","Mustangs","https://www.maxpreps.com/ks/eisenhower-goddard/football/","https://www.maxpreps.com/ks/salina-central/football/","https://hsfootball.net/proxy.php?url=https%3A%2F%2Fimage.maxpreps.io%2Fschool-mascot%2F8%2F9%2F9%2F899bd812-c1f2-4037-99ba-0352b76e0f04.gif%3Fversion%3D637822390200000000%26amp%3Bwidth%3D128%26amp%3Bheight%3D128%26amp%3Bauto%3Dwebp%26amp%3Bformat%3Dpjpg","https://hsfootball.net/proxy.php?url=https%3A%2F%2Fimage.maxpreps.io%2Fschool-mascot%2F1%2Fa%2F2%2F1a21678f-b2fa-4a73-8729-9aa05c47133b.gif%3Fversion%3D635249482200000000%26amp%3Bwidth%3D128%26amp%3Bheight%3D128%26amp%3Bauto%3Dwebp%26amp%3Bformat%3Dpjpg","boy"
92,"Osawatomie vs Anderson County",Football,"Kansas",9/25/2026,7:00pm,"The Osawatomie varsity football team has an away conference game @  Anderson County (Garnett, KS) on Friday, September 25 @ 7p.","/ks/football/game/anderson-county-garnett-vs-osawatomie/9-25-2026/?c=7000198b-426e-4bef-87f4-b6b6f34f112e","https://www.maxpreps.com/ks/football/game/anderson-county-garnett-vs-osawatomie/9-25-2026/?c=7000198b-426e-4bef-87f4-b6b6f34f112e","/football/ks/ec7?9/25/2026","Osawatomie","Trojans","https://www.maxpreps.com/ks/anderson-county-garnett/football/","https://www.maxpreps.com/ks/osawatomie/football/","https://hsfootball.net/proxy.php?url=https%3A%2F%2Fimage.maxpreps.io%2Fschool-mascot%2Fd%2F7%2F6%2Fd76049f6-03af-43af-91dc-dafcf21e5be1.gif%3Fversion%3D638472246600000000%26amp%3Bwidth%3D128%26amp%3Bheight%3D128%26amp%3Bauto%3Dwebp%26amp%3Bformat%3Dpjpg","https://hsfootball.net/proxy.php?url=https%3A%2F%2Fimage.maxpreps.io%2Fschool-mascot%2F5%2F8%2Fe%2F58e2b3fa-a0ce-4ea8-8dcb-d0622da468a3.gif%3Fversion%3D635932833600000000%26amp%3Bwidth%3D128%26amp%3Bheight%3D128%26amp%3Bauto%3Dwebp%26amp%3Bformat%3Dpjpg","boy"
93,"Stockton vs Thunder Ridge",Football,"Kansas",9/25/2026,7:00pm,"The Stockton varsity football team has an away conference game @  Thunder Ridge (Kensington, KS) on Friday, September 25 @ 7p.","/ks/football/game/stockton-vs-thunder-ridge-kensington/9-25-2026/?c=163752e4-c3c0-47fe-b7bf-1209dda19b2b","https://www.maxpreps.com/ks/football/game/stockton-vs-thunder-ridge-kensington/9-25-2026/?c=163752e4-c3c0-47fe-b7bf-1209dda19b2b","/football/ks/e57?9/25/2026","Stockton","Tigers","https://www.maxpreps.com/ks/stockton/football/","https://www.maxpreps.com/ks/thunder-ridge-kensington/football/","https://hsfootball.net/proxy.php?url=https%3A%2F%2Fimage.maxpreps.io%2Fschool-mascot%2F0%2F6%2Fb%2F06bd6ec9-1870-4f21-a6a2-e42410ffea85.gif%3Fversion%3D636075463200000000%26amp%3Bwidth%3D128%26amp%3Bheight%3D128%26amp%3Bauto%3Dwebp%26amp%3Bformat%3Dpjpg","https://hsfootball.net/proxy.php?url=https%3A%2F%2Fimage.maxpreps.io%2Fschool-mascot%2F6%2Fc%2F3%2F6c373b30-e37e-4571-b95b-9abf672bcb04.gif%3Fversion%3D636403673400000000%26amp%3Bwidth%3D128%26amp%3Bheight%3D128%26amp%3Bauto%3Dwebp%26amp%3Bformat%3Dpjpg","boy"
94,"Derby vs Maize",Football,"Kansas",9/25/2026,7:00pm,"The Derby varsity football team has an away non-conference game @  Maize (KS) on Friday, September 25 @ 7p.","/ks/football/game/derby-vs-maize/9-25-2026/?c=39ff6e7a-fe81-4ee1-b960-16f527b0b973","https://www.maxpreps.com/ks/football/game/derby-vs-maize/9-25-2026/?c=39ff6e7a-fe81-4ee1-b960-16f527b0b973","/football/ks/56f?9/25/2026","Derby","Panthers","https://www.maxpreps.com/ks/derby/football/","https://www.maxpreps.com/ks/maize/football/","https://hsfootball.net/proxy.php?url=https%3A%2F%2Fimage.maxpreps.io%2Fschool-mascot%2F1%2F3%2F4%2F13493180-3844-40d7-b6ed-a36250ea9338.gif%3Fversion%3D637360302000000000%26amp%3Bwidth%3D128%26amp%3Bheight%3D128%26amp%3Bauto%3Dwebp%26amp%3Bformat%3Dpjpg","https://hsfootball.net/proxy.php?url=https%3A%2F%2Fimage.maxpreps.io%2Fschool-mascot%2Fc%2F6%2F8%2Fc68ec9d8-a703-45ac-9146-f1ec9b29db36.gif%3Fversion%3D637822379400000000%26amp%3Bwidth%3D128%26amp%3Bheight%3D128%26amp%3Bauto%3Dwebp%26amp%3Bformat%3Dpjpg","boy"
95,"Skyline vs Macksville",Football,"Kansas",9/25/2026,7:00pm,"The Skyline varsity football team has an away non-conference game @  Macksville (KS) on Friday, September 25 @ 7p.","/ks/football/game/macksville-vs-skyline-pratt/9-25-2026/?c=0c6dff50-a952-4674-b619-3c11d1f278fc","https://www.maxpreps.com/ks/football/game/macksville-vs-skyline-pratt/9-25-2026/?c=0c6dff50-a952-4674-b619-3c11d1f278fc","/football/ks/ac5?9/25/2026","Skyline","Thunderbirds","https://www.maxpreps.com/ks/macksville/football/","https://www.maxpreps.com/ks/skyline-pratt/football/","https://hsfootball.net/proxy.php?url=https%3A%2F%2Fimage.maxpreps.io%2Fschool-mascot%2F6%2F2%2F7%2F62763e34-e6cc-4f09-a036-53903270702f.gif%3Fversion%3D635513055600000000%26amp%3Bwidth%3D128%26amp%3Bheight%3D128%26amp%3Bauto%3Dwebp%26amp%3Bformat%3Dpjpg","https://hsfootball.net/proxy.php?url=https%3A%2F%2Fimage.maxpreps.io%2Fschool-mascot%2F1%2Fd%2Fc%2F1dc6cab3-1429-41f5-8d1a-f85f5124e365.gif%3Fversion%3D634941016800000000%26amp%3Bwidth%3D128%26amp%3Bheight%3D128%26amp%3Bauto%3Dwebp%26amp%3Bformat%3Dpjpg","boy"
96,"Mission Valley vs Onaga",Football,"Kansas",9/25/2026,7:00pm,"The Mission Valley varsity football team has an away non-conference game @  Onaga (KS) on Friday, September 25 @ 7p.","/ks/football/game/mission-valley-eskridge-vs-onaga/9-25-2026/?c=72608039-a2c9-418d-a61e-6c324f266bb9","https://www.maxpreps.com/ks/football/game/mission-valley-eskridge-vs-onaga/9-25-2026/?c=72608039-a2c9-418d-a61e-6c324f266bb9","/football/ks/c80?9/25/2026","Mission Valley","Vikings","https://www.maxpreps.com/ks/mission-valley-eskridge/football/","https://www.maxpreps.com/ks/onaga/football/","https://hsfootball.net/proxy.php?url=https%3A%2F%2Fimage.maxpreps.io%2Fschool-mascot%2F1%2Fc%2Ff%2F1cfd85e4-56bd-4703-8fce-81d31ee7e98f.gif%3Fversion%3D636707056200000000%26amp%3Bwidth%3D128%26amp%3Bheight%3D128%26amp%3Bauto%3Dwebp%26amp%3Bformat%3Dpjpg","https://hsfootball.net/proxy.php?url=https%3A%2F%2Fimage.maxpreps.io%2Fschool-mascot%2F1%2F5%2F7%2F1572292e-afd2-444a-bed6-45b5b3f4b17d.gif%3Fversion%3D636082265400000000%26amp%3Bwidth%3D128%26amp%3Bheight%3D128%26amp%3Bauto%3Dwebp%26amp%3Bformat%3Dpjpg","boy"
97,"Sterling vs Sedgwick",Football,"Kansas",9/25/2026,7:00pm,"The Sterling varsity football team has an away conference game @  Sedgwick (KS) on Friday, September 25 @ 7p.","/ks/football/game/sedgwick-vs-sterling/9-25-2026/?c=db126899-4f06-4a66-b691-dfc82eece59e","https://www.maxpreps.com/ks/football/game/sedgwick-vs-sterling/9-25-2026/?c=db126899-4f06-4a66-b691-dfc82eece59e","/football/ks/7fc?9/25/2026","Sterling","Black Bears","https://www.maxpreps.com/ks/sedgwick/football/","https://www.maxpreps.com/ks/sterling/football/","https://hsfootball.net/proxy.php?url=https%3A%2F%2Fimage.maxpreps.io%2Fschool-mascot%2F2%2F3%2Fb%2F23b0c43c-4d25-4fb6-afca-4a019920e19c.gif%3Fversion%3D635967535200000000%26amp%3Bwidth%3D128%26amp%3Bheight%3D128%26amp%3Bauto%3Dwebp%26amp%3Bformat%3Dpjpg","https://hsfootball.net/proxy.php?url=https%3A%2F%2Fimage.maxpreps.io%2Fschool-mascot%2Fa%2F3%2Fc%2Fa3cb2fd2-867a-4e17-839d-23ccbcd4b0fa.gif%3Fversion%3D634479528600000000%26amp%3Bwidth%3D128%26amp%3Bheight%3D128%26amp%3Bauto%3Dwebp%26amp%3Bformat%3Dpjpg","boy"
98,"Wheatland-Grinnell vs Weskan",Football,"Kansas",9/25/2026,7:00pm,"The Wheatland-Grinnell varsity football team has an away non-conference game @  Weskan (KS) on Friday, September 25 @ 7p.","/ks/football/game/weskan-vs-wheatland-grinnell-grainfield/9-25-2026/?c=fffb1c94-0452-40b5-afc3-27b84cb0a2b5","https://www.maxpreps.com/ks/football/game/weskan-vs-wheatland-grinnell-grainfield/9-25-2026/?c=fffb1c94-0452-40b5-afc3-27b84cb0a2b5","/football/ks/f4e?9/25/2026","Wheatland-Grinnell","Thunderhawks","https://www.maxpreps.com/ks/weskan/football/","https://www.maxpreps.com/ks/wheatland-grinnell-grainfield/football/","https://hsfootball.net/proxy.php?url=https%3A%2F%2Fimage.maxpreps.io%2Fschool-mascot%2Fb%2F5%2F3%2Fb539d239-b0d8-4314-8b85-2c228305f7ee.gif%3Fversion%3D635494809000000000%26amp%3Bwidth%3D128%26amp%3Bheight%3D128%26amp%3Bauto%3Dwebp%26amp%3Bformat%3Dpjpg","https://hsfootball.net/proxy.php?url=https%3A%2F%2Fimage.maxpreps.io%2Fschool-mascot%2F1%2Fb%2F1%2F1b1253a9-a3a6-4eb6-8024-b5d343e2b276.gif%3Fversion%3D634512876600000000%26amp%3Bwidth%3D128%26amp%3Bheight%3D128%26amp%3Bauto%3Dwebp%26amp%3Bformat%3Dpjpg","boy"
99,"Kapaun Mt. Carmel vs Heights",Football,"Kansas",9/25/2026,7:00pm,"The Kapaun Mt. Carmel varsity football team has an away conference game @  Heights (Wichita, KS) on Friday, September 25 @ 7p.","/ks/football/game/heights-wichita-vs-kapaun-mt-carmel-wichita/9-25-2026/?c=3ef3abdc-9ae8-4af2-a72b-18600b48fa43","https://www.maxpreps.com/ks/football/game/heights-wichita-vs-kapaun-mt-carmel-wichita/9-25-2026/?c=3ef3abdc-9ae8-4af2-a72b-18600b48fa43","/football/ks/108a?9/25/2026","Kapaun Mt. Carmel","Crusaders","https://www.maxpreps.com/ks/heights-wichita/football/","https://www.maxpreps.com/ks/kapaun-mt-carmel-wichita/football/","https://hsfootball.net/proxy.php?url=https%3A%2F%2Fimage.maxpreps.io%2Fschool-mascot%2Fc%2F6%2Fb%2Fc6b4db63-15ba-4adc-8caf-e4ce5e2c32c9.gif%3Fversion%3D636802115400000000%26amp%3Bwidth%3D128%26amp%3Bheight%3D128%26amp%3Bauto%3Dwebp%26amp%3Bformat%3Dpjpg","https://hsfootball.net/proxy.php?url=https%3A%2F%2Fimage.maxpreps.io%2Fschool-mascot%2F0%2F6%2Fa%2F06a951e0-73d8-4aea-8fd6-5d24f84b9f2d.gif%3Fversion%3D635851830000000000%26amp%3Bwidth%3D128%26amp%3Bheight%3D128%26amp%3Bauto%3Dwebp%26amp%3Bformat%3Dpjpg","boy"
100,"Lakin vs Cimarron",Football,"Kansas",9/25/2026,7:00pm,"The Lakin varsity football team has an away conference game @  Cimarron (KS) on Friday, September 25 @ 7p.","/ks/football/game/cimarron-vs-lakin/9-25-2026/?c=efd5b7ca-4274-4b99-bc75-e9140e7baf4a","https://www.maxpreps.com/ks/football/game/cimarron-vs-lakin/9-25-2026/?c=efd5b7ca-4274-4b99-bc75-e9140e7baf4a","/football/ks/6ad?9/25/2026","Lakin","Broncs","https://www.maxpreps.com/ks/cimarron/football/","https://www.maxpreps.com/ks/lakin/football/","https://hsfootball.net/proxy.php?url=https%3A%2F%2Fimage.maxpreps.io%2Fschool-mascot%2Fc%2Fd%2F9%2Fcd9da22c-d833-4f0a-9c48-8a464cc563d6.gif%3Fversion%3D633961641600000000%26amp%3Bwidth%3D128%26amp%3Bheight%3D128%26amp%3Bauto%3Dwebp%26amp%3Bformat%3Dpjpg","https://hsfootball.net/proxy.php?url=https%3A%2F%2Fimage.maxpreps.io%2Fschool-mascot%2F0%2F6%2F5%2F065c3ade-5bb0-4c44-9ff3-125467a71398.gif%3Fversion%3D634582753200000000%26amp%3Bwidth%3D128%26amp%3Bheight%3D128%26amp%3Bauto%3Dwebp%26amp%3Bformat%3Dpjpg","boy"
101,"Goodland vs Holcomb",Football,"Kansas",9/25/2026,7:00pm,"The Goodland varsity football team has an away conference game @  Holcomb (KS) on Friday, September 25 @ 7p.","/ks/football/game/goodland-vs-holcomb/9-25-2026/?c=300622ed-a729-49fb-a199-d594854faa6a","https://www.maxpreps.com/ks/football/game/goodland-vs-holcomb/9-25-2026/?c=300622ed-a729-49fb-a199-d594854faa6a","/football/ks/76f?9/25/2026","Goodland","Cowboys","https://www.maxpreps.com/ks/goodland/football/","https://www.maxpreps.com/ks/holcomb/football/","https://hsfootball.net/proxy.php?url=https%3A%2F%2Fimage.maxpreps.io%2Fschool-mascot%2F0%2F0%2Fc%2F00cd7f8d-e88e-4864-b5b8-59b63eee293e.gif%3Fversion%3D637141507800000000%26amp%3Bwidth%3D128%26amp%3Bheight%3D128%26amp%3Bauto%3Dwebp%26amp%3Bformat%3Dpjpg","https://hsfootball.net/proxy.php?url=https%3A%2F%2Fimage.maxpreps.io%2Fschool-mascot%2Ff%2F9%2Fa%2Ff9afc9f2-d447-486c-b0b5-d62b4dd0d667.gif%3Fversion%3D636162738000000000%26amp%3Bwidth%3D128%26amp%3Bheight%3D128%26amp%3Bauto%3Dwebp%26amp%3Bformat%3Dpjpg","boy"
102,"Hutchinson vs Haysville Campus",Football,"Kansas",9/25/2026,7:00pm,"The Hutchinson varsity football team has an away conference game @  Haysville Campus (Wichita, KS) on Friday, September 25 @ 7p.","/ks/football/game/haysville-campus-wichita-vs-hutchinson/9-25-2026/?c=9ec369c2-cd84-4653-ba0e-49ca33395eb8","https://www.maxpreps.com/ks/football/game/haysville-campus-wichita-vs-hutchinson/9-25-2026/?c=9ec369c2-cd84-4653-ba0e-49ca33395eb8","/football/ks/f23?9/25/2026","Hutchinson","Salthawks","https://www.maxpreps.com/ks/haysville-campus-wichita/football/","https://www.maxpreps.com/ks/hutchinson/football/","https://hsfootball.net/proxy.php?url=https%3A%2F%2Fimage.maxpreps.io%2Fschool-mascot%2F0%2F1%2F4%2F01416511-17d9-4ca3-8a26-ca3fc997e210.gif%3Fversion%3D635767963800000000%26amp%3Bwidth%3D128%26amp%3Bheight%3D128%26amp%3Bauto%3Dwebp%26amp%3Bformat%3Dpjpg","https://hsfootball.net/proxy.php?url=https%3A%2F%2Fimage.maxpreps.io%2Fschool-mascot%2Fb%2Fc%2Fd%2Fbcd1a4c6-c69a-401e-953b-a9547b30b1ac.gif%3Fversion%3D635483080200000000%26amp%3Bwidth%3D128%26amp%3Bheight%3D128%26amp%3Bauto%3Dwebp%26amp%3Bformat%3Dpjpg","boy"
103,"Reno County HomeSchool vs Rossville",Football,"Kansas",9/25/2026,7:00pm,"The Reno County HomeSchool varsity football team has an away non-conference game @  Rossville (KS) on Friday, September 25 @ 7p.","/ks/football/game/reno-county-homeschool-hutchinson-vs-rossville/9-25-2026/?c=75e5c0bd-b58b-40f3-92ee-02597cf9cdba","https://www.maxpreps.com/ks/football/game/reno-county-homeschool-hutchinson-vs-rossville/9-25-2026/?c=75e5c0bd-b58b-40f3-92ee-02597cf9cdba","/football/ks/1277?9/25/2026","Reno County HomeSchool","Sabres","https://www.maxpreps.com/ks/reno-county-homeschool-hutchinson/football/","https://www.maxpreps.com/ks/rossville/football/","https://hsfootball.net/proxy.php?url=https%3A%2F%2Fimage.maxpreps.io%2Fschool-mascot%2F0%2F0%2Ff%2F00fcc166-c04b-4376-81d5-dd782adfb669.gif%3Fversion%3D638690702358436910%26amp%3Bwidth%3D128%26amp%3Bheight%3D128%26amp%3Bauto%3Dwebp%26amp%3Bformat%3Dpjpg","https://hsfootball.net/proxy.php?url=https%3A%2F%2Fimage.maxpreps.io%2Fschool-mascot%2Fb%2Ff%2F5%2Fbf50f008-64f6-4819-bcf5-1f3987c4b9d8.gif%3Fversion%3D635303213400000000%26amp%3Bwidth%3D128%26amp%3Bheight%3D128%26amp%3Bauto%3Dwebp%26amp%3Bformat%3Dpjpg","boy"
104,"Stanton County vs Wichita County",Football,"Kansas",9/25/2026,7:00pm,"The Stanton County varsity football team has an away conference game @  Wichita County (Leoti, KS) on Friday, September 25 @ 7p.","/ks/football/game/stanton-county-johnson-vs-wichita-county-leoti/9-25-2026/?c=8f8788a3-18e9-4400-b56c-e0b2dba74a00","https://www.maxpreps.com/ks/football/game/stanton-county-johnson-vs-wichita-county-leoti/9-25-2026/?c=8f8788a3-18e9-4400-b56c-e0b2dba74a00","/football/ks/1247?9/25/2026","Stanton County","Trojans","https://www.maxpreps.com/ks/stanton-county-johnson/football/","https://www.maxpreps.com/ks/wichita-county-leoti/football/","https://hsfootball.net/proxy.php?url=https%3A%2F%2Fimage.maxpreps.io%2Fschool-mascot%2Ff%2F5%2Ff%2Ff5fb2ece-d3c5-4c1e-973c-eedf38519cd7.gif%3Fversion%3D636790911000000000%26amp%3Bwidth%3D128%26amp%3Bheight%3D128%26amp%3Bauto%3Dwebp%26amp%3Bformat%3Dpjpg","https://hsfootball.net/proxy.php?url=https%3A%2F%2Fimage.maxpreps.io%2Fschool-mascot%2F1%2Ff%2Fc%2F1fcadf6c-135d-4961-b3c8-3415a628e002.gif%3Fversion%3D634267077000000000%26amp%3Bwidth%3D128%26amp%3Bheight%3D128%26amp%3Bauto%3Dwebp%26amp%3Bformat%3Dpjpg","boy"
105,"Emporia vs Junction City",Football,"Kansas",9/25/2026,7:00pm,"The Emporia varsity football team has an away conference game @  Junction City (KS) on Friday, September 25 @ 7p.","/ks/football/game/emporia-vs-junction-city/9-25-2026/?c=62381d9b-c300-4716-87ef-9e26433aa9a0","https://www.maxpreps.com/ks/football/game/emporia-vs-junction-city/9-25-2026/?c=62381d9b-c300-4716-87ef-9e26433aa9a0","/football/ks/980?9/25/2026","Emporia","Spartans","https://www.maxpreps.com/ks/emporia/football/","https://www.maxpreps.com/ks/junction-city/football/","https://hsfootball.net/proxy.php?url=https%3A%2F%2Fimage.maxpreps.io%2Fschool-mascot%2Fa%2Fc%2Fd%2Facd350d8-af6f-4d46-a29e-71d85724c7ed.gif%3Fversion%3D635889751800000000%26amp%3Bwidth%3D128%26amp%3Bheight%3D128%26amp%3Bauto%3Dwebp%26amp%3Bformat%3Dpjpg","https://hsfootball.net/proxy.php?url=https%3A%2F%2Fimage.maxpreps.io%2Fschool-mascot%2F0%2Fd%2Fb%2F0db83983-6aab-46c9-9989-88ee256551be.gif%3Fversion%3D635216794200000000%26amp%3Bwidth%3D128%26amp%3Bheight%3D128%26amp%3Bauto%3Dwebp%26amp%3Bformat%3Dpjpg","boy"
106,"Eudora vs Ottawa",Football,"Kansas",9/25/2026,7:00pm,"The Eudora varsity football team has an away conference game @  Ottawa (KS) on Friday, September 25 @ 7p.","/ks/football/game/eudora-vs-ottawa/9-25-2026/?c=c529ad60-b048-4e98-8e27-067f96583ec4","https://www.maxpreps.com/ks/football/game/eudora-vs-ottawa/9-25-2026/?c=c529ad60-b048-4e98-8e27-067f96583ec4","/football/ks/653?9/25/2026","Eudora","Cardinals","https://www.maxpreps.com/ks/eudora/football/","https://www.maxpreps.com/ks/ottawa/football/","https://hsfootball.net/proxy.php?url=https%3A%2F%2Fimage.maxpreps.io%2Fschool-mascot%2Fb%2F5%2Fa%2Fb5a9c1c3-b18e-4a18-9506-4587fedd02a9.gif%3Fversion%3D637086448800000000%26amp%3Bwidth%3D128%26amp%3Bheight%3D128%26amp%3Bauto%3Dwebp%26amp%3Bformat%3Dpjpg","https://hsfootball.net/proxy.php?url=https%3A%2F%2Fimage.maxpreps.io%2Fschool-mascot%2F1%2F7%2F2%2F17246c19-6aba-4d86-b28e-b9e1de144bf1.gif%3Fversion%3D636753139800000000%26amp%3Bwidth%3D128%26amp%3Bheight%3D128%26amp%3Bauto%3Dwebp%26amp%3Bformat%3Dpjpg","boy"
107,"Council Grove vs Minneapolis",Football,"Kansas",9/25/2026,7:00pm,"The Council Grove varsity football team has an away non-conference game @  Minneapolis (KS) on Friday, September 25 @ 7p.","/ks/football/game/council-grove-vs-minneapolis/9-25-2026/?c=b2bf9cc8-ea88-4fc4-a28a-50197986b8cd","https://www.maxpreps.com/ks/football/game/council-grove-vs-minneapolis/9-25-2026/?c=b2bf9cc8-ea88-4fc4-a28a-50197986b8cd","/football/ks/b1f?9/25/2026","Council Grove","Braves","https://www.maxpreps.com/ks/council-grove/football/","https://www.maxpreps.com/ks/minneapolis/football/","https://hsfootball.net/proxy.php?url=https%3A%2F%2Fimage.maxpreps.io%2Fschool-mascot%2F0%2F2%2F0%2F0209b95c-2def-412e-8d17-4a0f7ae05891.gif%3Fversion%3D635193353400000000%26amp%3Bwidth%3D128%26amp%3Bheight%3D128%26amp%3Bauto%3Dwebp%26amp%3Bformat%3Dpjpg","https://hsfootball.net/proxy.php?url=https%3A%2F%2Fimage.maxpreps.io%2Fschool-mascot%2F2%2F1%2F2%2F2127f66c-3a2a-4b12-b5b2-602ddc2190a2.gif%3Fversion%3D635475745200000000%26amp%3Bwidth%3D128%26amp%3Bheight%3D128%26amp%3Bauto%3Dwebp%26amp%3Bformat%3Dpjpg","boy"
108,"Bonner Springs vs Louisburg",Football,"Kansas",9/25/2026,7:00pm,"The Bonner Springs varsity football team has an away conference game @  Louisburg (KS) on Friday, September 25 @ 7p.","/ks/football/game/bonner-springs-vs-louisburg/9-25-2026/?c=a3fbcfb7-4e8a-4cd9-aaef-b5225ec1d639","https://www.maxpreps.com/ks/football/game/bonner-springs-vs-louisburg/9-25-2026/?c=a3fbcfb7-4e8a-4cd9-aaef-b5225ec1d639","/football/ks/ad6?9/25/2026","Bonner Springs","Braves","https://www.maxpreps.com/ks/bonner-springs/football/","https://www.maxpreps.com/ks/louisburg/football/","https://hsfootball.net/proxy.php?url=https%3A%2F%2Fimage.maxpreps.io%2Fschool-mascot%2F2%2F2%2F2%2F22289b8e-a068-49b3-ac00-73bf9428ecf7.gif%3Fversion%3D633636186000000000%26amp%3Bwidth%3D128%26amp%3Bheight%3D128%26amp%3Bauto%3Dwebp%26amp%3Bformat%3Dpjpg","https://hsfootball.net/proxy.php?url=https%3A%2F%2Fimage.maxpreps.io%2Fschool-mascot%2F7%2Fc%2Fb%2F7cb69546-a4f0-486a-947f-b810a8fdeb2b.gif%3Fversion%3D635773311600000000%26amp%3Bwidth%3D128%26amp%3Bheight%3D128%26amp%3Bauto%3Dwebp%26amp%3Bformat%3Dpjpg","boy"
109,"Nemaha Central vs Jefferson West",Football,"Kansas",9/25/2026,7:00pm,"The Nemaha Central varsity football team has an away conference game @  Jefferson West (Meriden, KS) on Friday, September 25 @ 7p.","/ks/football/game/jefferson-west-meriden-vs-nemaha-central-seneca/9-25-2026/?c=fb287116-016c-4c07-983b-8c3cbf239bb1","https://www.maxpreps.com/ks/football/game/jefferson-west-meriden-vs-nemaha-central-seneca/9-25-2026/?c=fb287116-016c-4c07-983b-8c3cbf239bb1","/football/ks/1222?9/25/2026","Nemaha Central","Thunder","https://www.maxpreps.com/ks/jefferson-west-meriden/football/","https://www.maxpreps.com/ks/nemaha-central-seneca/football/","https://hsfootball.net/proxy.php?url=https%3A%2F%2Fimage.maxpreps.io%2Fschool-mascot%2F1%2F3%2Fc%2F13c06bd8-2fd6-4889-b285-7653a2ec0e66.gif%3Fversion%3D635766945000000000%26amp%3Bwidth%3D128%26amp%3Bheight%3D128%26amp%3Bauto%3Dwebp%26amp%3Bformat%3Dpjpg","https://hsfootball.net/proxy.php?url=https%3A%2F%2Fimage.maxpreps.io%2Fschool-mascot%2Fe%2Fd%2F0%2Fed0e82fd-791b-43a1-bec5-a78e70b7ecc6.gif%3Fversion%3D638930210845181620%26amp%3Bwidth%3D128%26amp%3Bheight%3D128%26amp%3Bauto%3Dwebp%26amp%3Bformat%3Dpjpg","boy"
110,"Royal Valley vs Pleasant Ridge",Football,"Kansas",9/25/2026,7:00pm,"The Royal Valley varsity football team has an away non-conference game @  Pleasant Ridge (Easton, KS) on Friday, September 25 @ 7p.","/ks/football/game/pleasant-ridge-easton-vs-royal-valley-hoyt/9-25-2026/?c=fd5fcea3-42a4-43dc-a535-58b4032d8347","https://www.maxpreps.com/ks/football/game/pleasant-ridge-easton-vs-royal-valley-hoyt/9-25-2026/?c=fd5fcea3-42a4-43dc-a535-58b4032d8347","/football/ks/105c?9/25/2026","Royal Valley","Panthers","https://www.maxpreps.com/ks/pleasant-ridge-easton/football/","https://www.maxpreps.com/ks/royal-valley-hoyt/football/","https://hsfootball.net/proxy.php?url=https%3A%2F%2Fimage.maxpreps.io%2Fschool-mascot%2F0%2F2%2Ff%2F02f13fa6-ef3b-42b2-a632-ad53fbc4a425.gif%3Fversion%3D636241329600000000%26amp%3Bwidth%3D128%26amp%3Bheight%3D128%26amp%3Bauto%3Dwebp%26amp%3Bformat%3Dpjpg","https://hsfootball.net/proxy.php?url=https%3A%2F%2Fimage.maxpreps.io%2Fschool-mascot%2Fa%2F5%2F2%2Fa52aeaf9-d20d-4070-aa5c-1af8004cce57.gif%3Fversion%3D637477621200000000%26amp%3Bwidth%3D128%26amp%3Bheight%3D128%26amp%3Bauto%3Dwebp%26amp%3Bformat%3Dpjpg","boy"
111,"Scott vs Ulysses",Football,"Kansas",9/25/2026,7:00pm,"The Scott varsity football team has an away conference game @  Ulysses (KS) on Friday, September 25 @ 7p.","/ks/football/game/scott-scott-city-vs-ulysses/9-25-2026/?c=f93edb6b-917a-4703-a32b-1362cefb6e01","https://www.maxpreps.com/ks/football/game/scott-scott-city-vs-ulysses/9-25-2026/?c=f93edb6b-917a-4703-a32b-1362cefb6e01","/football/ks/ac8?9/25/2026","Scott","Beavers","https://www.maxpreps.com/ks/scott-scott-city/football/","https://www.maxpreps.com/ks/ulysses/football/","https://hsfootball.net/proxy.php?url=https%3A%2F%2Fimage.maxpreps.io%2Fschool-mascot%2F4%2F2%2F8%2F42891bc6-173e-4c91-a0ae-660750a913b0.gif%3Fversion%3D634880425200000000%26amp%3Bwidth%3D128%26amp%3Bheight%3D128%26amp%3Bauto%3Dwebp%26amp%3Bformat%3Dpjpg","https://hsfootball.net/proxy.php?url=https%3A%2F%2Fimage.maxpreps.io%2Fschool-mascot%2F1%2F5%2F3%2F15334d76-8827-4b5f-90ff-85f18830da3f.gif%3Fversion%3D635205347400000000%26amp%3Bwidth%3D128%26amp%3Bheight%3D128%26amp%3Bauto%3Dwebp%26amp%3Bformat%3Dpjpg","boy"
112,"Girard vs Riverton",Football,"Kansas",9/25/2026,7:00pm,"The Girard varsity football team has an away conference game @  Riverton (KS) on Friday, September 25 @ 7p.","/ks/football/game/girard-vs-riverton/9-25-2026/?c=87c0d135-85aa-4e9a-9910-ffd8ad73eb4f","https://www.maxpreps.com/ks/football/game/girard-vs-riverton/9-25-2026/?c=87c0d135-85aa-4e9a-9910-ffd8ad73eb4f","/football/ks/735?9/25/2026","Girard","Trojans","https://www.maxpreps.com/ks/girard/football/","https://www.maxpreps.com/ks/riverton/football/","https://hsfootball.net/proxy.php?url=https%3A%2F%2Fimage.maxpreps.io%2Fschool-mascot%2F9%2F8%2F0%2F98038dda-2f6f-4bb8-9fa3-7acb94fa4c16.gif%3Fversion%3D636592210200000000%26amp%3Bwidth%3D128%26amp%3Bheight%3D128%26amp%3Bauto%3Dwebp%26amp%3Bformat%3Dpjpg","https://hsfootball.net/proxy.php?url=https%3A%2F%2Fimage.maxpreps.io%2Fschool-mascot%2F0%2Fd%2Fa%2F0da63c73-de0b-4b61-9df7-d7b2d722bffa.gif%3Fversion%3D636394996200000000%26amp%3Bwidth%3D128%26amp%3Bheight%3D128%26amp%3Bauto%3Dwebp%26amp%3Bformat%3Dpjpg","boy"
113,"Goessel vs Burlingame",Football,"Kansas",9/25/2026,7:00pm,"The Goessel varsity football team has an away non-conference game @  Burlingame (KS) on Friday, September 25 @ 7p.","/ks/football/game/burlingame-vs-goessel/9-25-2026/?c=98443248-37bc-4f30-8ff7-c3b4b454ba77","https://www.maxpreps.com/ks/football/game/burlingame-vs-goessel/9-25-2026/?c=98443248-37bc-4f30-8ff7-c3b4b454ba77","/football/ks/85b?9/25/2026","Goessel","Bluebirds","https://www.maxpreps.com/ks/burlingame/football/","https://www.maxpreps.com/ks/goessel/football/","https://hsfootball.net/proxy.php?url=https%3A%2F%2Fimage.maxpreps.io%2Fschool-mascot%2F1%2F8%2F7%2F18738c7c-abd6-4a72-80ba-aa48b0afd9b5.gif%3Fversion%3D634370746200000000%26amp%3Bwidth%3D128%26amp%3Bheight%3D128%26amp%3Bauto%3Dwebp%26amp%3Bformat%3Dpjpg","https://hsfootball.net/proxy.php?url=https%3A%2F%2Fimage.maxpreps.io%2Fschool-mascot%2F2%2F7%2Ff%2F27f4c3ef-7017-4e6d-a8af-29854319b8ef.gif%3Fversion%3D635826574800000000%26amp%3Bwidth%3D128%26amp%3Bheight%3D128%26amp%3Bauto%3Dwebp%26amp%3Bformat%3Dpjpg","boy"
114,"Labette County vs Washington",Football,"Kansas",9/25/2026,7:00pm,"The Labette County varsity football team has an away non-conference game @  Washington (Kansas City, KS) on Friday, September 25 @ 7p.","/ks/football/game/labette-county-altamont-vs-washington-kansas-city/9-25-2026/?c=d537da9b-d45f-4963-832b-504be9eabd38","https://www.maxpreps.com/ks/football/game/labette-county-altamont-vs-washington-kansas-city/9-25-2026/?c=d537da9b-d45f-4963-832b-504be9eabd38","/football/ks/1356?9/25/2026","Labette County","Grizzlies","https://www.maxpreps.com/ks/labette-county-altamont/football/","https://www.maxpreps.com/ks/washington-kansas-city/football/","https://hsfootball.net/proxy.php?url=https%3A%2F%2Fimage.maxpreps.io%2Fschool-mascot%2Fc%2F1%2F6%2Fc1654b31-4b5e-4839-bf99-f34b8d83919c.gif%3Fversion%3D637375695600000000%26amp%3Bwidth%3D128%26amp%3Bheight%3D128%26amp%3Bauto%3Dwebp%26amp%3Bformat%3Dpjpg","https://hsfootball.net/proxy.php?url=https%3A%2F%2Fimage.maxpreps.io%2Fschool-mascot%2F1%2F7%2F9%2F179dca75-56bc-4b3f-88e2-3c9021d0fdba.gif%3Fversion%3D639229115019834550%26amp%3Bwidth%3D128%26amp%3Bheight%3D128%26amp%3Bauto%3Dwebp%26amp%3Bformat%3Dpjpg","boy"
115,"Beloit vs Smith Center",Football,"Kansas",9/25/2026,7:00pm,"The Beloit varsity football team has an away non-conference game @  Smith Center (KS) on Friday, September 25 @ 7p.","/ks/football/game/beloit-vs-smith-center/9-25-2026/?c=7acb0400-4a50-41d9-b59f-ccd59a343912","https://www.maxpreps.com/ks/football/game/beloit-vs-smith-center/9-25-2026/?c=7acb0400-4a50-41d9-b59f-ccd59a343912","/football/ks/895?9/25/2026","Beloit","Trojans","https://www.maxpreps.com/ks/beloit/football/","https://www.maxpreps.com/ks/smith-center/football/","https://hsfootball.net/proxy.php?url=https%3A%2F%2Fimage.maxpreps.io%2Fschool-mascot%2Fd%2F3%2F0%2Fd30e7d5f-e2b1-49c4-bb91-d819b8f2aead.gif%3Fversion%3D635772997200000000%26amp%3Bwidth%3D128%26amp%3Bheight%3D128%26amp%3Bauto%3Dwebp%26amp%3Bformat%3Dpjpg","https://hsfootball.net/proxy.php?url=https%3A%2F%2Fimage.maxpreps.io%2Fschool-mascot%2F0%2Fb%2F2%2F0b260b0a-8ba1-4460-9d5b-d61f40557085.gif%3Fversion%3D634863240000000000%26amp%3Bwidth%3D128%26amp%3Bheight%3D128%26amp%3Bauto%3Dwebp%26amp%3Bformat%3Dpjpg","boy"
116,"De Soto vs Piper",Football,"Kansas",9/25/2026,7:00pm,"The De Soto varsity football team has an away conference game @  Piper (Kansas City, KS) on Friday, September 25 @ 7p.","/ks/football/game/de-soto-vs-piper-kansas-city/9-25-2026/?c=75774481-a431-4f92-9642-892cee862d52","https://www.maxpreps.com/ks/football/game/de-soto-vs-piper-kansas-city/9-25-2026/?c=75774481-a431-4f92-9642-892cee862d52","/football/ks/ab2?9/25/2026","De Soto","Wildcats","https://www.maxpreps.com/ks/de-soto/football/","https://www.maxpreps.com/ks/piper-kansas-city/football/","https://hsfootball.net/proxy.php?url=https%3A%2F%2Fimage.maxpreps.io%2Fschool-mascot%2Ff%2Fd%2Fa%2Ffdac4e6e-af1a-4428-ad86-4dca5d7344f2.gif%3Fversion%3D635531166000000000%26amp%3Bwidth%3D128%26amp%3Bheight%3D128%26amp%3Bauto%3Dwebp%26amp%3Bformat%3Dpjpg","https://hsfootball.net/proxy.php?url=https%3A%2F%2Fimage.maxpreps.io%2Fschool-mascot%2Fa%2Fd%2F8%2Fad879392-f539-42a4-9704-42bcec3e4473.gif%3Fversion%3D634654953600000000%26amp%3Bwidth%3D128%26amp%3Bheight%3D128%26amp%3Bauto%3Dwebp%26amp%3Bformat%3Dpjpg","boy"
117,"Shawnee Mission East vs Shawnee Mission South",Football,"Kansas",9/25/2026,7:00pm,"The Shawnee Mission East varsity football team has an away conference game @  Shawnee Mission South (Shawnee Mission, KS) on Friday, September 25 @ 7p.","/ks/football/game/shawnee-mission-east-vs-shawnee-mission-south/9-25-2026/?c=3f8212a1-b617-46b7-83fd-d99ba5248a70","https://www.maxpreps.com/ks/football/game/shawnee-mission-east-vs-shawnee-mission-south/9-25-2026/?c=3f8212a1-b617-46b7-83fd-d99ba5248a70","/football/ks/11b1?9/25/2026","Shawnee Mission East","Lancers","https://www.maxpreps.com/ks/shawnee-mission-east/football/","https://www.maxpreps.com/ks/shawnee-mission-south/football/","https://hsfootball.net/proxy.php?url=https%3A%2F%2Fimage.maxpreps.io%2Fschool-mascot%2F3%2F6%2F5%2F36588cb6-a73e-4907-97c8-7e31ce6f1a6f.gif%3Fversion%3D636898113000000000%26amp%3Bwidth%3D128%26amp%3Bheight%3D128%26amp%3Bauto%3Dwebp%26amp%3Bformat%3Dpjpg","https://hsfootball.net/proxy.php?url=https%3A%2F%2Fimage.maxpreps.io%2Fschool-mascot%2F1%2Ff%2Fc%2F1fca0621-5b3c-4833-9dc2-ad975daf075b.gif%3Fversion%3D637747429200000000%26amp%3Bwidth%3D128%26amp%3Bheight%3D128%26amp%3Bauto%3Dwebp%26amp%3Bformat%3Dpjpg","boy"
118,"Southeast of Saline vs Marysville",Football,"Kansas",9/25/2026,7:00pm,"The Southeast of Saline varsity football team has an away non-conference game @  Marysville (KS) on Friday, September 25 @ 7p.","/ks/football/game/marysville-vs-southeast-of-saline-gypsum/9-25-2026/?c=070d264a-0503-4707-995c-d6bfdfd16a57","https://www.maxpreps.com/ks/football/game/marysville-vs-southeast-of-saline-gypsum/9-25-2026/?c=070d264a-0503-4707-995c-d6bfdfd16a57","/football/ks/fe8?9/25/2026","Southeast of Saline","Trojans","https://www.maxpreps.com/ks/marysville/football/","https://www.maxpreps.com/ks/southeast-of-saline-gypsum/football/","https://hsfootball.net/proxy.php?url=https%3A%2F%2Fimage.maxpreps.io%2Fschool-mascot%2F2%2Fd%2F6%2F2d6edb12-b6a9-412f-abe6-f9ab146f24ab.gif%3Fversion%3D637086448800000000%26amp%3Bwidth%3D128%26amp%3Bheight%3D128%26amp%3Bauto%3Dwebp%26amp%3Bformat%3Dpjpg","https://hsfootball.net/proxy.php?url=https%3A%2F%2Fimage.maxpreps.io%2Fschool-mascot%2Fd%2F6%2Fb%2Fd6bd3ae7-0abd-48b0-9cea-f7ca781a8105.gif%3Fversion%3D635324508600000000%26amp%3Bwidth%3D128%26amp%3Bheight%3D128%26amp%3Bauto%3Dwebp%26amp%3Bformat%3Dpjpg","boy"
119,"Doniphan West vs McLouth",Football,"Kansas",9/25/2026,7:00pm,"The Doniphan West varsity football team has an away conference game @  McLouth (KS) on Friday, September 25 @ 7p.","/ks/football/game/doniphan-west-highland-vs-mclouth/9-25-2026/?c=327c1ac1-5ba0-4ab5-ba9d-b2813ee24ba8","https://www.maxpreps.com/ks/football/game/doniphan-west-highland-vs-mclouth/9-25-2026/?c=327c1ac1-5ba0-4ab5-ba9d-b2813ee24ba8","/football/ks/cec?9/25/2026","Doniphan West","Mustangs","https://www.maxpreps.com/ks/doniphan-west-highland/football/","https://www.maxpreps.com/ks/mclouth/football/","https://hsfootball.net/proxy.php?url=https%3A%2F%2Fimage.maxpreps.io%2Fschool-mascot%2Fe%2F9%2F6%2Fe9663430-9ecf-4e70-aad9-c7241be86e3c.gif%3Fversion%3D638913778167264480%26amp%3Bwidth%3D128%26amp%3Bheight%3D128%26amp%3Bauto%3Dwebp%26amp%3Bformat%3Dpjpg","https://hsfootball.net/proxy.php?url=https%3A%2F%2Fimage.maxpreps.io%2Fschool-mascot%2F1%2F2%2F5%2F125e36c7-c059-4929-b8aa-4fe0c9d87277.gif%3Fversion%3D636223155000000000%26amp%3Bwidth%3D128%26amp%3Bheight%3D128%26amp%3Bauto%3Dwebp%26amp%3Bformat%3Dpjpg","boy"
120,"Cheney vs Clearwater",Football,"Kansas",9/25/2026,7:00pm,"The Cheney varsity football team has an away non-conference game @  Clearwater (KS) on Friday, September 25 @ 7p.","/ks/football/game/cheney-vs-clearwater/9-25-2026/?c=4651bd56-e979-447c-a48e-d725291ecbed","https://www.maxpreps.com/ks/football/game/cheney-vs-clearwater/9-25-2026/?c=4651bd56-e979-447c-a48e-d725291ecbed","/football/ks/7e9?9/25/2026","Cheney","Cardinals","https://www.maxpreps.com/ks/cheney/football/","https://www.maxpreps.com/ks/clearwater/football/","https://hsfootball.net/proxy.php?url=https%3A%2F%2Fimage.maxpreps.io%2Fschool-mascot%2F4%2Fb%2F7%2F4b7d7907-6d11-43f5-8bd3-763b29f88acf.gif%3Fversion%3D636455569800000000%26amp%3Bwidth%3D128%26amp%3Bheight%3D128%26amp%3Bauto%3Dwebp%26amp%3Bformat%3Dpjpg","https://hsfootball.net/proxy.php?url=https%3A%2F%2Fimage.maxpreps.io%2Fschool-mascot%2Fa%2Fa%2Fc%2Faacf9011-b34c-4a79-bcce-9ffa1fd8babf.gif%3Fversion%3D635760100200000000%26amp%3Bwidth%3D128%26amp%3Bheight%3D128%26amp%3Bauto%3Dwebp%26amp%3Bformat%3Dpjpg","boy"
161,"Bucklin vs Ashland",Football,"Kansas",9/25/2026,12:00am,"The Bucklin varsity football team has an away non-conference game @  Ashland (KS) on Friday, September 25.","/ks/football/game/ashland-vs-bucklin/9-25-2026/?c=af0cb70b-754f-4cc5-90f8-20f153de351a","https://www.maxpreps.com/ks/football/game/ashland-vs-bucklin/9-25-2026/?c=af0cb70b-754f-4cc5-90f8-20f153de351a","/football/ks/706?9/25/2026","Bucklin","Red Aces","https://www.maxpreps.com/ks/ashland/football/","https://www.maxpreps.com/ks/bucklin/football/","https://hsfootball.net/proxy.php?url=https%3A%2F%2Fimage.maxpreps.io%2Fschool-mascot%2F2%2Fa%2F5%2F2a559a76-f45e-4ea5-bb0b-68b132ed87f9.gif%3Fversion%3D636711308400000000%26amp%3Bwidth%3D128%26amp%3Bheight%3D128%26amp%3Bauto%3Dwebp%26amp%3Bformat%3Dpjpg","https://hsfootball.net/proxy.php?url=https%3A%2F%2Fimage.maxpreps.io%2Fschool-mascot%2F5%2F4%2F1%2F541762e4-496a-46d1-9b9b-33cd372ed7c5.gif%3Fversion%3D635671897200000000%26amp%3Bwidth%3D128%26amp%3Bheight%3D128%26amp%3Bauto%3Dwebp%26amp%3Bformat%3Dpjpg","boy"
162,"Uniontown vs Northeast",Football,"Kansas",9/25/2026,12:00am,"The Uniontown varsity football team has an away non-conference game @  Northeast (Arma, KS) on Friday, September 25.","/ks/football/game/northeast-arma-vs-uniontown/9-25-2026/?c=41735847-6fdf-4200-86bc-5a895c85d28e","https://www.maxpreps.com/ks/football/game/northeast-arma-vs-uniontown/9-25-2026/?c=41735847-6fdf-4200-86bc-5a895c85d28e","/football/ks/ada?9/25/2026","Uniontown","Eagles","https://www.maxpreps.com/ks/northeast-arma/football/","https://www.maxpreps.com/ks/uniontown/football/","https://hsfootball.net/proxy.php?url=https%3A%2F%2Fimage.maxpreps.io%2Fschool-mascot%2F0%2Ff%2Fc%2F0fc40610-a67e-4057-84d0-5dcd029c2d35.gif%3Fversion%3D636831435000000000%26amp%3Bwidth%3D128%26amp%3Bheight%3D128%26amp%3Bauto%3Dwebp%26amp%3Bformat%3Dpjpg","https://hsfootball.net/proxy.php?url=https%3A%2F%2Fimage.maxpreps.io%2Fschool-mascot%2F5%2F8%2F8%2F5880c23f-9216-437b-9223-f73a4b54eacf.gif%3Fversion%3D637086448800000000%26amp%3Bwidth%3D128%26amp%3Bheight%3D128%26amp%3Bauto%3Dwebp%26amp%3Bformat%3Dpjpg","boy"
163,"Atchison County vs Wabaunsee",Football,"Kansas",9/25/2026,12:00am,"The Atchison County varsity football team has an away non-conference game @  Wabaunsee (Alma, KS) on Friday, September 25.","/ks/football/game/atchison-county-effingham-vs-wabaunsee-alma/9-25-2026/?c=2beffcb5-b3e4-4b49-8689-21cd144a4ed9","https://www.maxpreps.com/ks/football/game/atchison-county-effingham-vs-wabaunsee-alma/9-25-2026/?c=2beffcb5-b3e4-4b49-8689-21cd144a4ed9","/football/ks/10c0?9/25/2026","Atchison County","Tigers","https://www.maxpreps.com/ks/atchison-county-effingham/football/","https://www.maxpreps.com/ks/wabaunsee-alma/football/","https://hsfootball.net/proxy.php?url=https%3A%2F%2Fimage.maxpreps.io%2Fschool-mascot%2F0%2Fd%2F9%2F0d9ef561-dd7c-4707-a9f3-5d114f6ce988.gif%3Fversion%3D635769645000000000%26amp%3Bwidth%3D128%26amp%3Bheight%3D128%26amp%3Bauto%3Dwebp%26amp%3Bformat%3Dpjpg","https://hsfootball.net/proxy.php?url=https%3A%2F%2Fimage.maxpreps.io%2Fschool-mascot%2F7%2F9%2Fb%2F79b82d91-1dee-4c35-a8fe-281c7f869f07.gif%3Fversion%3D634363959000000000%26amp%3Bwidth%3D128%26amp%3Bheight%3D128%26amp%3Bauto%3Dwebp%26amp%3Bformat%3Dpjpg","boy"
164,"St. Marys vs Sabetha",Football,"Kansas",9/25/2026,12:00am,"The St. Marys varsity football team has an away conference game @  Sabetha (KS) on Friday, September 25.","/ks/football/game/sabetha-vs-st-marys/9-25-2026/?c=eccfe0e9-4ab9-4e6d-88e0-319ebc7cef96","https://www.maxpreps.com/ks/football/game/sabetha-vs-st-marys/9-25-2026/?c=eccfe0e9-4ab9-4e6d-88e0-319ebc7cef96","/football/ks/75b?9/25/2026","St. Marys","Bears","https://www.maxpreps.com/ks/sabetha/football/","https://www.maxpreps.com/ks/st-marys/football/","https://hsfootball.net/proxy.php?url=https%3A%2F%2Fimage.maxpreps.io%2Fschool-mascot%2F0%2Ff%2F0%2F0f0ebc9e-4330-405a-a173-f298b055973a.gif%3Fversion%3D636168715800000000%26amp%3Bwidth%3D128%26amp%3Bheight%3D128%26amp%3Bauto%3Dwebp%26amp%3Bformat%3Dpjpg","https://hsfootball.net/proxy.php?url=https%3A%2F%2Fimage.maxpreps.io%2Fschool-mascot%2Fa%2Fa%2F8%2Faa89f2f7-cd75-47b9-bf15-d0832829d766.gif%3Fversion%3D636473708400000000%26amp%3Bwidth%3D128%26amp%3Bheight%3D128%26amp%3Bauto%3Dwebp%26amp%3Bformat%3Dpjpg","boy"
165,"Victoria vs Little River",Football,"Kansas",9/25/2026,12:00am,"The Victoria varsity football team has an away non-conference game @  Little River (KS) on Friday, September 25.","/ks/football/game/little-river-vs-victoria/9-25-2026/?c=7c2eedf8-dcc5-4a3f-aa3a-68c19aa5e633","https://www.maxpreps.com/ks/football/game/little-river-vs-victoria/9-25-2026/?c=7c2eedf8-dcc5-4a3f-aa3a-68c19aa5e633","/football/ks/987?9/25/2026","Victoria","Knights","https://www.maxpreps.com/ks/little-river/football/","https://www.maxpreps.com/ks/victoria/football/","https://hsfootball.net/proxy.php?url=https%3A%2F%2Fimage.maxpreps.io%2Fschool-mascot%2F3%2F7%2F8%2F3789b2a9-647a-48c8-9c3f-dbb31dc15649.gif%3Fversion%3D637353142800000000%26amp%3Bwidth%3D128%26amp%3Bheight%3D128%26amp%3Bauto%3Dwebp%26amp%3Bformat%3Dpjpg","https://hsfootball.net/proxy.php?url=https%3A%2F%2Fimage.maxpreps.io%2Fschool-mascot%2F0%2F7%2F9%2F0796a694-c90d-4269-a038-32bbc43d05d9.gif%3Fversion%3D637822396200000000%26amp%3Bwidth%3D128%26amp%3Bheight%3D128%26amp%3Bauto%3Dwebp%26amp%3Bformat%3Dpjpg","boy"
166,"Palco vs Pawnee Heights",Football,"Kansas",9/25/2026,12:00am,"The Palco varsity football team has an away non-conference game @  Pawnee Heights (Rozel, KS) on Friday, September 25.","/ks/football/game/palco-vs-pawnee-heights-rozel/9-25-2026/?c=123ad0f8-cb7d-4632-9fa5-5e61f8feeda0","https://www.maxpreps.com/ks/football/game/palco-vs-pawnee-heights-rozel/9-25-2026/?c=123ad0f8-cb7d-4632-9fa5-5e61f8feeda0","/football/ks/b44?9/25/2026","Palco","Roosters","https://www.maxpreps.com/ks/palco/football/","https://www.maxpreps.com/ks/pawnee-heights-rozel/football/","https://hsfootball.net/proxy.php?url=https%3A%2F%2Fimage.maxpreps.io%2Fschool-mascot%2F1%2Fc%2F6%2F1c69e9e4-a76f-4ede-ad10-b5efad829c6c.gif%3Fversion%3D635288650200000000%26amp%3Bwidth%3D128%26amp%3Bheight%3D128%26amp%3Bauto%3Dwebp%26amp%3Bformat%3Dpjpg","https://hsfootball.net/proxy.php?url=https%3A%2F%2Fimage.maxpreps.io%2Fschool-mascot%2F7%2Fe%2Fa%2F7ea2dad2-eab7-4c7e-9823-68fa911f6f9c.gif%3Fversion%3D636112549800000000%26amp%3Bwidth%3D128%26amp%3Bheight%3D128%26amp%3Bauto%3Dwebp%26amp%3Bformat%3Dpjpg","boy"
167,"Iola vs Frontenac",Football,"Kansas",9/25/2026,12:00am,"The Iola varsity football team has an away non-conference game @  Frontenac (KS) on Friday, September 25.","/ks/football/game/frontenac-vs-iola/9-25-2026/?c=8b3b6d35-093b-4577-8874-fbb7a5230978","https://www.maxpreps.com/ks/football/game/frontenac-vs-iola/9-25-2026/?c=8b3b6d35-093b-4577-8874-fbb7a5230978","/football/ks/6a8?9/25/2026","Iola","Mustangs","https://www.maxpreps.com/ks/frontenac/football/","https://www.maxpreps.com/ks/iola/football/","https://hsfootball.net/proxy.php?url=https%3A%2F%2Fimage.maxpreps.io%2Fschool-mascot%2F2%2F8%2F1%2F281f3371-45ea-4125-9609-fe2fa4dfda38.gif%3Fversion%3D638598413185784350%26amp%3Bwidth%3D128%26amp%3Bheight%3D128%26amp%3Bauto%3Dwebp%26amp%3Bformat%3Dpjpg","https://hsfootball.net/proxy.php?url=https%3A%2F%2Fimage.maxpreps.io%2Fschool-mascot%2F5%2Fc%2F8%2F5c8bd1ee-027a-41ec-80c6-ba964867739c.gif%3Fversion%3D634884079800000000%26amp%3Bwidth%3D128%26amp%3Bheight%3D128%26amp%3Bauto%3Dwebp%26amp%3Bformat%3Dpjpg","boy"
168,"Hartford vs Waverly",Football,"Kansas",9/25/2026,12:00am,"The Hartford varsity football team has an away conference game @  Waverly (KS) on Friday, September 25.","/ks/football/game/hartford-vs-waverly/9-25-2026/?c=2a74830d-e9c0-4036-829f-cdf08ca8bcab","https://www.maxpreps.com/ks/football/game/hartford-vs-waverly/9-25-2026/?c=2a74830d-e9c0-4036-829f-cdf08ca8bcab","/football/ks/7a7?9/25/2026","Hartford","Jaguars","https://www.maxpreps.com/ks/hartford/football/","https://www.maxpreps.com/ks/waverly/football/","https://hsfootball.net/proxy.php?url=https%3A%2F%2Fimage.maxpreps.io%2Fschool-mascot%2F5%2F1%2F2%2F512fb0d3-1990-4430-8b44-bb36cd8a5b9e.gif%3Fversion%3D635288724000000000%26amp%3Bwidth%3D128%26amp%3Bheight%3D128%26amp%3Bauto%3Dwebp%26amp%3Bformat%3Dpjpg","https://hsfootball.net/proxy.php?url=https%3A%2F%2Fimage.maxpreps.io%2Fschool-mascot%2F1%2Fb%2Fc%2F1bc9333a-f72c-4337-833b-57c4b410c6c0.gif%3Fversion%3D635543091000000000%26amp%3Bwidth%3D128%26amp%3Bheight%3D128%26amp%3Bauto%3Dwebp%26amp%3Bformat%3Dpjpg","boy"
169,"Brewster vs Triplains/Brewster",Football,"Kansas",9/25/2026,12:00am,"The Brewster varsity football team has an away non-conference game @  Triplains/Brewster (Brewster, KS) on Friday, September 25.","/ks/football/game/brewster-vs-triplains-brewster/9-25-2026/?c=d9f63bd4-768f-4adf-a39a-42694007bf80","https://www.maxpreps.com/ks/football/game/brewster-vs-triplains-brewster/9-25-2026/?c=d9f63bd4-768f-4adf-a39a-42694007bf80","/football/ks/c22?9/25/2026","Brewster","Bulldogs","https://www.maxpreps.com/ks/brewster/football/","https://www.maxpreps.com/ks/triplains-brewster/football/","https://hsfootball.net/proxy.php?url=https%3A%2F%2Fimage.maxpreps.io%2Fschool-mascot%2Fe%2Fc%2Fe%2Fecee365d-bc15-4eb3-82bb-8b1e12773ed8.gif%3Fversion%3D638366757600000000%26amp%3Bwidth%3D128%26amp%3Bheight%3D128%26amp%3Bauto%3Dwebp%26amp%3Bformat%3Dpjpg","https://hsfootball.net/proxy.php?url=https%3A%2F%2Fimage.maxpreps.io%2Fschool-mascot%2Fe%2Fc%2Fe%2Fecee365d-bc15-4eb3-82bb-8b1e12773ed8.gif%3Fversion%3D638366757600000000%26amp%3Bwidth%3D64%26amp%3Bheight%3D64%26amp%3Bauto%3Dwebp%26amp%3Bformat%3Dpjpg","boy"
170,"King/Drew vs St. Frances Academy",Football,"Kansas",9/25/2026,7:00pm,"The King/Drew varsity football team has an away non-conference game @  St. Frances Academy (Baltimore, MD) on Friday, September 25 @ 7p.","/inter-state/football/game/king-drew-los-angeles-ca-vs-st-frances-academy-baltimore-md/9-25-2026/?c=d1e141f7-0d4d-4a07-b113-368d66ffd2d1","https://www.maxpreps.com/inter-state/football/game/king-drew-los-angeles-ca-vs-st-frances-academy-baltimore-md/9-25-2026/?c=d1e141f7-0d4d-4a07-b113-368d66ffd2d1","/football/ks/1624?9/25/2026","King/Drew","Golden Eagles","https://www.maxpreps.com/ks/king-drew-los-angeles-ca/football/","https://www.maxpreps.com/ks/st-frances-academy-baltimore-md/football/","https://hsfootball.net/proxy.php?url=https%3A%2F%2Fimage.maxpreps.io%2Fschool-mascot%2Fc%2F4%2F7%2Fc4733592-6041-48cb-9b77-94ac325b445c.gif%3Fversion%3D635309165400000000%26amp%3Bwidth%3D128%26amp%3Bheight%3D128%26amp%3Bauto%3Dwebp%26amp%3Bformat%3Dpjpg","https://hsfootball.net/proxy.php?url=https%3A%2F%2Fimage.maxpreps.io%2Fschool-mascot%2Fc%2F1%2F7%2Fc1783fb0-c965-42a0-abe3-41fbe7641303.gif%3Fversion%3D637678140000000000%26amp%3Bwidth%3D128%26amp%3Bheight%3D128%26amp%3Bauto%3Dwebp%26amp%3Bformat%3Dpjpg","boy"
171,"Legacy School of Sport Sciences vs IMG Academy",Football,"Kansas",9/25/2026,7:00pm,"The Legacy School of Sport Sciences varsity football team has an away non-conference game @  IMG Academy (Bradenton, FL) on Friday, September 25 @ 7p.","/inter-state/football/game/img-academy-bradenton-fl-vs-legacy-school-of-sport-sciences-spring-tx/9-25-2026/?c=e160fa34-0c43-47d8-a4a0-f8fe83ccb2aa","https://www.maxpreps.com/inter-state/football/game/img-academy-bradenton-fl-vs-legacy-school-of-sport-sciences-spring-tx/9-25-2026/?c=e160fa34-0c43-47d8-a4a0-f8fe83ccb2aa","/football/ks/1a4e?9/25/2026","Legacy School of Sport Sciences","Titans","https://www.maxpreps.com/ks/img-academy-bradenton-fl/football/","https://www.maxpreps.com/ks/legacy-school-of-sport-sciences-spring-tx/football/","https://hsfootball.net/proxy.php?url=https%3A%2F%2Fimage.maxpreps.io%2Fschool-mascot%2F8%2Fa%2Fb%2F8ab1bed3-a751-4cab-9993-b9729bfc3e2b.gif%3Fversion%3D636716680800000000%26amp%3Bwidth%3D128%26amp%3Bheight%3D128%26amp%3Bauto%3Dwebp%26amp%3Bformat%3Dpjpg","https://hsfootball.net/proxy.php?url=https%3A%2F%2Fimage.maxpreps.io%2Fschool-mascot%2F7%2Fb%2Fd%2F7bdc339f-7cbf-4728-b0c8-ed898929cf68.gif%3Fversion%3D639050157932372200%26amp%3Bwidth%3D128%26amp%3Bheight%3D128%26amp%3Bauto%3Dwebp%26amp%3Bformat%3Dpjpg","boy"
172,"Buford vs Seckinger",Football,"Kansas",9/25/2026,7:00pm,"The Buford varsity football team has an away conference game @  Seckinger (Buford, GA) on Friday, September 25 @ 7p.","/ga/football/game/buford-vs-seckinger-buford/9-25-2026/?c=3bab75de-5cd2-475e-a6d4-20dee585b972","https://www.maxpreps.com/ga/football/game/buford-vs-seckinger-buford/9-25-2026/?c=3bab75de-5cd2-475e-a6d4-20dee585b972","/football/ks/a2f?9/25/2026","Buford","Wolves","https://www.maxpreps.com/ks/buford/football/","https://www.maxpreps.com/ks/seckinger-buford/football/","https://hsfootball.net/proxy.php?url=https%3A%2F%2Fimage.maxpreps.io%2Fschool-mascot%2F6%2Fd%2F0%2F6d00b044-607e-4dee-aa9b-e1fc2c6a87bc.gif%3Fversion%3D637816301400000000%26amp%3Bwidth%3D128%26amp%3Bheight%3D128%26amp%3Bauto%3Dwebp%26amp%3Bformat%3Dpjpg","https://hsfootball.net/proxy.php?url=https%3A%2F%2Fimage.maxpreps.io%2Fschool-mascot%2Fb%2F8%2F5%2Fb852035b-f5cf-40f3-b04b-503d7ddcb96f.gif%3Fversion%3D638779675244700670%26amp%3Bwidth%3D128%26amp%3Bheight%3D128%26amp%3Bauto%3Dwebp%26amp%3Bformat%3Dpjpg","boy"
173,"Hough vs West Mecklenburg",Football,"Kansas",9/25/2026,7:00pm,"The Hough varsity football team has an away conference game @  West Mecklenburg (Charlotte, NC) on Friday, September 25 @ 7p.","/nc/football/game/hough-cornelius-vs-west-mecklenburg-charlotte/9-25-2026/?c=fe4d871d-0ba6-4ed2-a7fa-c54b5d882e04","https://www.maxpreps.com/nc/football/game/hough-cornelius-vs-west-mecklenburg-charlotte/9-25-2026/?c=fe4d871d-0ba6-4ed2-a7fa-c54b5d882e04","/football/ks/11d1?9/25/2026","Hough","Huskies","https://www.maxpreps.com/ks/hough-cornelius/football/","https://www.maxpreps.com/ks/west-mecklenburg-charlotte/football/","https://hsfootball.net/proxy.php?url=https%3A%2F%2Fimage.maxpreps.io%2Fschool-mascot%2Fa%2F5%2F3%2Fa53ca03e-8631-42bb-8ff5-e4cb709e2d7b.gif%3Fversion%3D638026432800000000%26amp%3Bwidth%3D128%26amp%3Bheight%3D128%26amp%3Bauto%3Dwebp%26amp%3Bformat%3Dpjpg","https://hsfootball.net/proxy.php?url=https%3A%2F%2Fimage.maxpreps.io%2Fschool-mascot%2Fc%2F0%2Ff%2Fc0f6e73e-72de-4855-bc93-b49762549765.gif%3Fversion%3D638379448800000000%26amp%3Bwidth%3D128%26amp%3Bheight%3D128%26amp%3Bauto%3Dwebp%26amp%3Bformat%3Dpjpg","boy"
174,"Westfield vs Brownsburg",Football,"Kansas",9/25/2026,7:00pm,"The Westfield varsity football team has an away conference game @  Brownsburg (IN) on Friday, September 25 @ 7p.","/in/football/game/brownsburg-vs-westfield/9-25-2026/?c=dbda6e6d-bfa2-49a1-863f-b890cb0f74e4","https://www.maxpreps.com/in/football/game/brownsburg-vs-westfield/9-25-2026/?c=dbda6e6d-bfa2-49a1-863f-b890cb0f74e4","/football/ks/955?9/25/2026","Westfield","Rocks","https://www.maxpreps.com/ks/brownsburg/football/","https://www.maxpreps.com/ks/westfield/football/","https://hsfootball.net/proxy.php?url=https%3A%2F%2Fimage.maxpreps.io%2Fschool-mascot%2F0%2F1%2Fa%2F01a62a57-8f80-4967-8224-631753e67dc9.gif%3Fversion%3D639239520862568210%26amp%3Bwidth%3D128%26amp%3Bheight%3D128%26amp%3Bauto%3Dwebp%26amp%3Bformat%3Dpjpg","https://hsfootball.net/proxy.php?url=https%3A%2F%2Fimage.maxpreps.io%2Fschool-mascot%2Ff%2Ff%2Ff%2Ffffd75cb-8399-40ed-91b3-96f77700c51d.gif%3Fversion%3D635139768000000000%26amp%3Bwidth%3D128%26amp%3Bheight%3D128%26amp%3Bauto%3Dwebp%26amp%3Bformat%3Dpjpg","boy"
175,"DeMatha vs Riverdale Baptist",Football,"Kansas",9/25/2026,7:00pm,"The DeMatha varsity football team has an away non-conference game @  Riverdale Baptist (Upper Marlboro, MD) on Friday, September 25 @ 7p.","/md/football/game/dematha-hyattsville-vs-riverdale-baptist-rbs-upper-marlboro/9-25-2026/?c=592af09f-10a1-431b-91d3-801a5311bbe0","https://www.maxpreps.com/md/football/game/dematha-hyattsville-vs-riverdale-baptist-rbs-upper-marlboro/9-25-2026/?c=592af09f-10a1-431b-91d3-801a5311bbe0","/football/ks/1737?9/25/2026","DeMatha","Stags","https://www.maxpreps.com/ks/dematha-hyattsville/football/","https://www.maxpreps.com/ks/riverdale-baptist-rbs-upper-marlboro/football/","https://hsfootball.net/proxy.php?url=https%3A%2F%2Fimage.maxpreps.io%2Fschool-mascot%2Ff%2F0%2Fd%2Ff0d82e69-dabf-44e0-a131-32581fac97dc.gif%3Fversion%3D636632875200000000%26amp%3Bwidth%3D128%26amp%3Bheight%3D128%26amp%3Bauto%3Dwebp%26amp%3Bformat%3Dpjpg","https://hsfootball.net/proxy.php?url=https%3A%2F%2Fimage.maxpreps.io%2Fschool-mascot%2F3%2F9%2F7%2F397dffad-3fe4-48d7-aa4b-c9396e519d2b.gif%3Fversion%3D637697160600000000%26amp%3Bwidth%3D128%26amp%3Bheight%3D128%26amp%3Bauto%3Dwebp%26amp%3Bformat%3Dpjpg","boy"
176,"Carrollton vs Archer",Football,"Kansas",9/25/2026,7:30pm,"The Carrollton varsity football team has an away non-conference game @  Archer (Lawrenceville, GA) on Friday, September 25 @ 7:30p.","/ga/football/game/archer-lawrenceville-vs-carrollton/9-25-2026/?c=e3e7ed71-b7e0-498e-bd65-3669007df1d8","https://www.maxpreps.com/ga/football/game/archer-lawrenceville-vs-carrollton/9-25-2026/?c=e3e7ed71-b7e0-498e-bd65-3669007df1d8","/football/ks/d92?9/25/2026","Carrollton","Trojans","https://www.maxpreps.com/ks/archer-lawrenceville/football/","https://www.maxpreps.com/ks/carrollton/football/","https://hsfootball.net/proxy.php?url=https%3A%2F%2Fimage.maxpreps.io%2Fschool-mascot%2F2%2Fc%2F6%2F2c66e977-fcec-48c5-9f86-062a506b700c.gif%3Fversion%3D639183171975290540%26amp%3Bwidth%3D128%26amp%3Bheight%3D128%26amp%3Bauto%3Dwebp%26amp%3Bformat%3Dpjpg","https://hsfootball.net/proxy.php?url=https%3A%2F%2Fimage.maxpreps.io%2Fschool-mascot%2F2%2Fb%2Fa%2F2bab8320-786d-4cbc-9605-db7ac46fed55.gif%3Fversion%3D638779692397509910%26amp%3Bwidth%3D128%26amp%3Bheight%3D128%26amp%3Bauto%3Dwebp%26amp%3Bformat%3Dpjpg","boy"
177,"Thomas County Central vs Lee County",Football,"Kansas",9/25/2026,7:30pm,"The Thomas County Central varsity football team has an away conference game @  Lee County (Leesburg, GA) on Friday, September 25 @ 7:30p.","/ga/football/game/lee-county-leesburg-vs-thomas-county-central-thomasville/9-25-2026/?c=ee448b92-d509-4869-b394-34778792c5c5","https://www.maxpreps.com/ga/football/game/lee-county-leesburg-vs-thomas-county-central-thomasville/9-25-2026/?c=ee448b92-d509-4869-b394-34778792c5c5","/football/ks/1614?9/25/2026","Thomas County Central","Yellow Jackets","https://www.maxpreps.com/ks/lee-county-leesburg/football/","https://www.maxpreps.com/ks/thomas-county-central-thomasville/football/","https://hsfootball.net/proxy.php?url=https%3A%2F%2Fimage.maxpreps.io%2Fschool-mascot%2Fa%2F1%2Fe%2Fa1ebf8be-9abc-48be-a64f-f29630826189.gif%3Fversion%3D639180703332485220%26amp%3Bwidth%3D128%26amp%3Bheight%3D128%26amp%3Bauto%3Dwebp%26amp%3Bformat%3Dpjpg","https://hsfootball.net/proxy.php?url=https%3A%2F%2Fimage.maxpreps.io%2Fschool-mascot%2F5%2F2%2Fd%2F52d89642-6d2d-4bbb-b0a3-d0484800936c.gif%3Fversion%3D639180703263995690%26amp%3Bwidth%3D128%26amp%3Bheight%3D128%26amp%3Bauto%3Dwebp%26amp%3Bformat%3Dpjpg","boy"
178,"Central vs Northwestern",Football,"Kansas",9/25/2026,7:30pm,"The Central varsity football team has an away non-conference game @  Northwestern (Miami, FL) on Friday, September 25 @ 7:30p.","/fl/football/game/central-miami-vs-northwestern-miami/9-25-2026/?c=3c4ff2da-ebde-4648-b2db-7bb0f404b365","https://www.maxpreps.com/fl/football/game/central-miami-vs-northwestern-miami/9-25-2026/?c=3c4ff2da-ebde-4648-b2db-7bb0f404b365","/football/ks/dd3?9/25/2026","Central","Rockets","https://www.maxpreps.com/ks/central-miami/football/","https://www.maxpreps.com/ks/northwestern-miami/football/","https://hsfootball.net/proxy.php?url=https%3A%2F%2Fimage.maxpreps.io%2Fschool-mascot%2Fb%2Fb%2F6%2Fbb694921-d3fe-43ae-95b9-2e8d83844fd4.gif%3Fversion%3D638036831400000000%26amp%3Bwidth%3D128%26amp%3Bheight%3D128%26amp%3Bauto%3Dwebp%26amp%3Bformat%3Dpjpg","https://hsfootball.net/proxy.php?url=https%3A%2F%2Fimage.maxpreps.io%2Fschool-mascot%2F6%2F7%2Fb%2F67b2f6cd-5c9c-4915-8a43-56dbbd682187.gif%3Fversion%3D635446619400000000%26amp%3Bwidth%3D128%26amp%3Bheight%3D128%26amp%3Bauto%3Dwebp%26amp%3Bformat%3Dpjpg","boy"
179,"Princeton vs Allen",Football,"Kansas",9/25/2026,7:00pm,"The Princeton varsity football team has an away conference game @  Allen (TX) on Friday, September 25 @ 7p.","/tx/football/game/allen-vs-princeton/9-25-2026/?c=7aa5c33e-a09e-46f0-8e90-fb16879307f1","https://www.maxpreps.com/tx/football/game/allen-vs-princeton/9-25-2026/?c=7aa5c33e-a09e-46f0-8e90-fb16879307f1","/football/ks/721?9/25/2026","Princeton","Panthers","https://www.maxpreps.com/ks/allen/football/","https://www.maxpreps.com/ks/princeton/football/","https://hsfootball.net/proxy.php?url=https%3A%2F%2Fimage.maxpreps.io%2Fschool-mascot%2Fe%2F2%2F6%2Fe268a588-593f-4717-a698-84346845cb7a.gif%3Fversion%3D636395037000000000%26amp%3Bwidth%3D128%26amp%3Bheight%3D128%26amp%3Bauto%3Dwebp%26amp%3Bformat%3Dpjpg","https://hsfootball.net/proxy.php?url=https%3A%2F%2Fimage.maxpreps.io%2Fschool-mascot%2F0%2Fb%2Fa%2F0bad373d-33a2-45b6-b1d4-6c55e876344c.gif%3Fversion%3D639215103242455420%26amp%3Bwidth%3D128%26amp%3Bheight%3D128%26amp%3Bauto%3Dwebp%26amp%3Bformat%3Dpjpg","boy"
180,"Crowley vs North Crowley",Football,"Kansas",9/25/2026,7:00pm,"The Crowley varsity football team has an away conference game @  North Crowley (Fort Worth, TX) on Friday, September 25 @ 7p.","/tx/football/game/crowley-vs-north-crowley-fort-worth/9-25-2026/?c=154b9004-87e5-444b-bdd1-431064bf293f","https://www.maxpreps.com/tx/football/game/crowley-vs-north-crowley-fort-worth/9-25-2026/?c=154b9004-87e5-444b-bdd1-431064bf293f","/football/ks/dee?9/25/2026","Crowley","Eagles","https://www.maxpreps.com/ks/crowley/football/","https://www.maxpreps.com/ks/north-crowley-fort-worth/football/","https://hsfootball.net/proxy.php?url=https%3A%2F%2Fimage.maxpreps.io%2Fschool-mascot%2F8%2F2%2F4%2F8245e5ef-4ded-43f4-bb85-ce6f6f180bb6.gif%3Fversion%3D637552040400000000%26amp%3Bwidth%3D128%26amp%3Bheight%3D128%26amp%3Bauto%3Dwebp%26amp%3Bformat%3Dpjpg","https://hsfootball.net/proxy.php?url=https%3A%2F%2Fimage.maxpreps.io%2Fschool-mascot%2Ff%2F2%2F5%2Ff2548e90-ae2d-4833-89f8-b267d9b316fe.gif%3Fversion%3D635808522000000000%26amp%3Bwidth%3D128%26amp%3Bheight%3D128%26amp%3Bauto%3Dwebp%26amp%3Bformat%3Dpjpg","boy"
181,"Montgomery Bell Academy vs Baylor",Football,"Kansas",9/25/2026,7:30pm,"The Montgomery Bell Academy varsity football team has an away conference game @  Baylor (Chattanooga, TN) on Friday, September 25 @ 7:30p.","/tn/football/game/baylor-chattanooga-vs-montgomery-bell-academy-nashville/9-25-2026/?c=d5134526-da4f-41fb-8dcc-ccda7310df17","https://www.maxpreps.com/tn/football/game/baylor-chattanooga-vs-montgomery-bell-academy-nashville/9-25-2026/?c=d5134526-da4f-41fb-8dcc-ccda7310df17","/football/ks/1593?9/25/2026","Montgomery Bell Academy","Big Red","https://www.maxpreps.com/ks/baylor-chattanooga/football/","https://www.maxpreps.com/ks/montgomery-bell-academy-nashville/football/","https://hsfootball.net/proxy.php?url=https%3A%2F%2Fimage.maxpreps.io%2Fschool-mascot%2F7%2F7%2F0%2F77039015-9e5b-4843-99ae-3b563d05aa6b.gif%3Fversion%3D636531778200000000%26amp%3Bwidth%3D128%26amp%3Bheight%3D128%26amp%3Bauto%3Dwebp%26amp%3Bformat%3Dpjpg","https://hsfootball.net/proxy.php?url=https%3A%2F%2Fimage.maxpreps.io%2Fschool-mascot%2F5%2Ff%2F2%2F5f2d9046-3d33-4dfc-8628-1abcfb96d21a.gif%3Fversion%3D639228910203514210%26amp%3Bwidth%3D128%26amp%3Bheight%3D128%26amp%3Bauto%3Dwebp%26amp%3Bformat%3Dpjpg","boy"
182,"Trinity vs St. Xavier",Football,"Kansas",9/25/2026,8:00pm,"The Trinity varsity football team has an away non-conference game @  St. Xavier (Louisville, KY) on Friday, September 25 @ 8p.","/ky/football/game/st-xavier-louisville-vs-trinity-louisville/9-25-2026/?c=50c48504-f592-434e-8064-20d784dcefcf","https://www.maxpreps.com/ky/football/game/st-xavier-louisville-vs-trinity-louisville/9-25-2026/?c=50c48504-f592-434e-8064-20d784dcefcf","/football/ks/10e3?9/25/2026","Trinity","Shamrocks","https://www.maxpreps.com/ks/st-xavier-louisville/football/","https://www.maxpreps.com/ks/trinity-louisville/football/","https://hsfootball.net/proxy.php?url=https%3A%2F%2Fimage.maxpreps.io%2Fschool-mascot%2F6%2F8%2F7%2F687384b7-6d3f-47cc-b983-ef07b585923c.gif%3Fversion%3D634237857600000000%26amp%3Bwidth%3D128%26amp%3Bheight%3D128%26amp%3Bauto%3Dwebp%26amp%3Bformat%3Dpjpg","https://hsfootball.net/proxy.php?url=https%3A%2F%2Fimage.maxpreps.io%2Fschool-mascot%2F6%2Ff%2Fd%2F6fd2176b-408c-4fa6-a097-094cdba695e5.gif%3Fversion%3D635300784000000000%26amp%3Bwidth%3D128%26amp%3Bheight%3D128%26amp%3Bauto%3Dwebp%26amp%3Bformat%3Dpjpg","boy"
183,"Pacifica vs Sierra Canyon",Football,"Kansas",9/25/2026,7:00pm,"The Pacifica varsity football team has an away non-conference game @  Sierra Canyon (Chatsworth, CA) on Friday, September 25 @ 7p.","/ca/football/game/pacifica-oxnard-vs-sierra-canyon-chatsworth/9-25-2026/?c=8de11ef1-b55b-46fe-b1c8-2d9eebfc2975","https://www.maxpreps.com/ca/football/game/pacifica-oxnard-vs-sierra-canyon-chatsworth/9-25-2026/?c=8de11ef1-b55b-46fe-b1c8-2d9eebfc2975","/football/ks/10db?9/25/2026","Pacifica","Tritons","https://www.maxpreps.com/ks/pacifica-oxnard/football/","https://www.maxpreps.com/ks/sierra-canyon-chatsworth/football/","https://hsfootball.net/proxy.php?url=https%3A%2F%2Fimage.maxpreps.io%2Fschool-mascot%2F7%2Fd%2Fa%2F7da6a8ac-6b3f-42bf-ba86-3081e7baad00.gif%3Fversion%3D638744393183228990%26amp%3Bwidth%3D128%26amp%3Bheight%3D128%26amp%3Bauto%3Dwebp%26amp%3Bformat%3Dpjpg","https://hsfootball.net/proxy.php?url=https%3A%2F%2Fimage.maxpreps.io%2Fschool-mascot%2F3%2Fe%2F6%2F3e6d32d9-9a21-4391-aba1-d59804bf82e6.gif%3Fversion%3D637776576000000000%26amp%3Bwidth%3D128%26amp%3Bheight%3D128%26amp%3Bauto%3Dwebp%26amp%3Bformat%3Dpjpg","boy"
184,"Faith Lutheran vs Bishop Gorman",Football,"Kansas",9/25/2026,7:00pm,"The Faith Lutheran varsity football team has an away conference game @  Bishop Gorman (Las Vegas, NV) on Friday, September 25 @ 7p.","/nv/football/game/bishop-gorman-las-vegas-vs-faith-lutheran-las-vegas/9-25-2026/?c=2504f665-1849-4ee9-9120-9bb7d151c214","https://www.maxpreps.com/nv/football/game/bishop-gorman-las-vegas-vs-faith-lutheran-las-vegas/9-25-2026/?c=2504f665-1849-4ee9-9120-9bb7d151c214","/football/ks/1375?9/25/2026","Faith Lutheran","Crusaders","https://www.maxpreps.com/ks/bishop-gorman-las-vegas/football/","https://www.maxpreps.com/ks/faith-lutheran-las-vegas/football/","https://hsfootball.net/proxy.php?url=https%3A%2F%2Fimage.maxpreps.io%2Fschool-mascot%2Fc%2F5%2F2%2Fc52da92d-35df-4037-b63e-52e8bfea363d.gif%3Fversion%3D635615902200000000%26amp%3Bwidth%3D128%26amp%3Bheight%3D128%26amp%3Bauto%3Dwebp%26amp%3Bformat%3Dpjpg","https://hsfootball.net/proxy.php?url=https%3A%2F%2Fimage.maxpreps.io%2Fschool-mascot%2F0%2F3%2Fc%2F03c125d3-5255-4e5d-8991-5e543fe741d2.gif%3Fversion%3D638070447000000000%26amp%3Bwidth%3D128%26amp%3Bheight%3D128%26amp%3Bauto%3Dwebp%26amp%3Bformat%3Dpjpg","boy"
185,"Hamilton vs Williams Field",Football,"Kansas",9/25/2026,7:00pm,"The Hamilton varsity football team has an away non-conference game @  Williams Field (Gilbert, AZ) on Friday, September 25 @ 7p.","/az/football/game/hamilton-chandler-vs-williams-field-gilbert/9-25-2026/?c=48860962-02da-46ea-86af-aa362a38ab7b","https://www.maxpreps.com/az/football/game/hamilton-chandler-vs-williams-field-gilbert/9-25-2026/?c=48860962-02da-46ea-86af-aa362a38ab7b","/football/ks/10b6?9/25/2026","Hamilton","Huskies","https://www.maxpreps.com/ks/hamilton-chandler/football/","https://www.maxpreps.com/ks/williams-field-gilbert/football/","https://hsfootball.net/proxy.php?url=https%3A%2F%2Fimage.maxpreps.io%2Fschool-mascot%2F9%2F6%2Fe%2F96ef6983-d533-4398-807f-f0fe51088378.gif%3Fversion%3D638447241600000000%26amp%3Bwidth%3D128%26amp%3Bheight%3D128%26amp%3Bauto%3Dwebp%26amp%3Bformat%3Dpjpg","https://hsfootball.net/proxy.php?url=https%3A%2F%2Fimage.maxpreps.io%2Fschool-mascot%2Fc%2F7%2Fb%2Fc7bcad27-f71f-4bee-8c40-c313987a24fd.gif%3Fversion%3D637977192000000000%26amp%3Bwidth%3D128%26amp%3Bheight%3D128%26amp%3Bauto%3Dwebp%26amp%3Bformat%3Dpjpg","boy"