1,"Williamson vs Pine Forest",Football,"Alabama",9/10/2026,7:00pm,"The Williamson varsity football team has an away non-conference game @  Pine Forest (Pensacola, FL) today @ 7p.","/inter-state/football/game/pine-forest-pensacola-fl-vs-williamson-mobile-al/9-10-2026/?c=b48ca10a-920f-4d26-896f-6434b1a3086b","https://www.maxpreps.com/inter-state/football/game/pine-forest-pensacola-fl-vs-williamson-mobile-al/9-10-2026/?c=b48ca10a-920f-4d26-896f-6434b1a3086b","/football/al/126f?9/10/2026","Lions","Eagles","https://www.maxpreps.com/al/pine-forest-pensacola-fl/football/","https://www.maxpreps.com/al/williamson-mobile-al/football/","https://hsfootball.net/proxy.php?url=https%3A%2F%2Fimage.maxpreps.io%2Fschool-mascot%2F3%2F5%2F5%2F355baefa-ed80-4252-8fd0-e4d9f4383788.gif%3Fversion%3D638253706200000000%26amp%3Bwidth%3D128%26amp%3Bheight%3D128%26amp%3Bauto%3Dwebp%26amp%3Bformat%3Dpjpg","https://hsfootball.net/proxy.php?url=https%3A%2F%2Fimage.maxpreps.io%2Fschool-mascot%2Ff%2F6%2F4%2Ff64eb451-c381-42d0-afd0-7e4a0143f336.gif%3Fversion%3D636391719600000000%26amp%3Bwidth%3D128%26amp%3Bheight%3D128%26amp%3Bauto%3Dwebp%26amp%3Bformat%3Dpjpg"
1,"St. James Academy vs Blue Valley North",Football,"Kansas",9/18/2026,7:00pm,"The St. James Academy varsity football team has an away conference game @  Blue Valley North (Overland Park, KS) on Friday, September 18 @ 7p.","/ks/football/game/blue-valley-north-overland-park-vs-st-james-academy-lenexa/9-18-2026/?c=b6895ef5-d189-41b7-92e1-7da93753d957","https://www.maxpreps.com/ks/football/game/blue-valley-north-overland-park-vs-st-james-academy-lenexa/9-18-2026/?c=b6895ef5-d189-41b7-92e1-7da93753d957","/football/ks/162f?9/18/2026","Thunder","Mustangs","https://www.maxpreps.com/ks/blue-valley-north-overland-park/football/","https://www.maxpreps.com/ks/st-james-academy-lenexa/football/","https://hsfootball.net/proxy.php?url=https%3A%2F%2Fimage.maxpreps.io%2Fschool-mascot%2Ff%2Ff%2Fe%2Fffea9038-f656-4487-879b-180031299c0b.gif%3Fversion%3D636264661200000000%26amp%3Bwidth%3D128%26amp%3Bheight%3D128%26amp%3Bauto%3Dwebp%26amp%3Bformat%3Dpjpg","https://hsfootball.net/proxy.php?url=https%3A%2F%2Fimage.maxpreps.io%2Fschool-mascot%2Fc%2F7%2Fe%2Fc7e41806-c84c-468f-9e6b-f01637e116db.gif%3Fversion%3D637641082200000000%26amp%3Bwidth%3D128%26amp%3Bheight%3D128%26amp%3Bauto%3Dwebp%26amp%3Bformat%3Dpjpg"
2,"Saint Thomas Aquinas vs Blue Valley West",Football,"Kansas",9/18/2026,7:00pm,"The Saint Thomas Aquinas varsity football team has an away conference game @  Blue Valley West (Stilwell, KS) on Friday, September 18 @ 7p.","/ks/football/game/blue-valley-west-stilwell-vs-saint-thomas-aquinas-overland-park/9-18-2026/?c=d7d17b29-5b5d-401b-ba0d-753c1e4ef6cd","https://www.maxpreps.com/ks/football/game/blue-valley-west-stilwell-vs-saint-thomas-aquinas-overland-park/9-18-2026/?c=d7d17b29-5b5d-401b-ba0d-753c1e4ef6cd","/football/ks/188c?9/18/2026","Saints","Jaguars","https://www.maxpreps.com/ks/blue-valley-west-stilwell/football/","https://www.maxpreps.com/ks/saint-thomas-aquinas-overland-park/football/","https://hsfootball.net/proxy.php?url=https%3A%2F%2Fimage.maxpreps.io%2Fschool-mascot%2F8%2F8%2Ff%2F88fe15bb-46bd-4bec-9700-1aaeda80e066.gif%3Fversion%3D638907601579399460%26amp%3Bwidth%3D128%26amp%3Bheight%3D128%26amp%3Bauto%3Dwebp%26amp%3Bformat%3Dpjpg","https://hsfootball.net/proxy.php?url=https%3A%2F%2Fimage.maxpreps.io%2Fschool-mascot%2F8%2F7%2Ff%2F87fddf00-9b45-42c7-8054-ee3e084155c5.gif%3Fversion%3D636474675600000000%26amp%3Bwidth%3D128%26amp%3Bheight%3D128%26amp%3Bauto%3Dwebp%26amp%3Bformat%3Dpjpg"
3,"Blue Valley vs Bishop Miege",Football,"Kansas",9/18/2026,7:00pm,"The Blue Valley varsity football team has an away conference game @  Bishop Miege (Shawnee Mission, KS) on Friday, September 18 @ 7p.","/ks/football/game/bishop-miege-shawnee-mission-vs-blue-valley-stilwell/9-18-2026/?c=f92ca1b2-c65e-4efd-964b-46974af6dab3","https://www.maxpreps.com/ks/football/game/bishop-miege-shawnee-mission-vs-blue-valley-stilwell/9-18-2026/?c=f92ca1b2-c65e-4efd-964b-46974af6dab3","/football/ks/1442?9/18/2026","Tigers","Stags","https://www.maxpreps.com/ks/bishop-miege-shawnee-mission/football/","https://www.maxpreps.com/ks/blue-valley-stilwell/football/","https://hsfootball.net/proxy.php?url=https%3A%2F%2Fimage.maxpreps.io%2Fschool-mascot%2Fc%2F7%2Fe%2Fc7e4e8f4-1022-4658-9976-f12aa71bbabb.gif%3Fversion%3D636103864200000000%26amp%3Bwidth%3D128%26amp%3Bheight%3D128%26amp%3Bauto%3Dwebp%26amp%3Bformat%3Dpjpg","https://hsfootball.net/proxy.php?url=https%3A%2F%2Fimage.maxpreps.io%2Fschool-mascot%2Fa%2Ff%2F0%2Faf04bc88-7fd3-4526-9e17-97b9ee0bfea0.gif%3Fversion%3D637787988000000000%26amp%3Bwidth%3D128%26amp%3Bheight%3D128%26amp%3Bauto%3Dwebp%26amp%3Bformat%3Dpjpg"
4,"St. Francis vs Thunder Ridge",Football,"Kansas",9/18/2026,6:00pm,"The St. Francis varsity football team has an away non-conference game @  Thunder Ridge (Kensington, KS) on Friday, September 18 @ 6p.","/ks/football/game/st-francis-vs-thunder-ridge-kensington/9-18-2026/?c=1122aa3a-fb5d-45cb-80f0-450ab5dc1643","https://www.maxpreps.com/ks/football/game/st-francis-vs-thunder-ridge-kensington/9-18-2026/?c=1122aa3a-fb5d-45cb-80f0-450ab5dc1643","/football/ks/edc?9/18/2026","Indians","Longhorns","https://www.maxpreps.com/ks/st-francis/football/","https://www.maxpreps.com/ks/thunder-ridge-kensington/football/","https://hsfootball.net/proxy.php?url=https%3A%2F%2Fimage.maxpreps.io%2Fschool-mascot%2Fa%2F8%2Fd%2Fa8d0a93f-d9d5-429c-b6fc-80978e54879f.gif%3Fversion%3D636857436000000000%26amp%3Bwidth%3D128%26amp%3Bheight%3D128%26amp%3Bauto%3Dwebp%26amp%3Bformat%3Dpjpg","https://hsfootball.net/proxy.php?url=https%3A%2F%2Fimage.maxpreps.io%2Fschool-mascot%2F6%2Fc%2F3%2F6c373b30-e37e-4571-b95b-9abf672bcb04.gif%3Fversion%3D636403673400000000%26amp%3Bwidth%3D128%26amp%3Bheight%3D128%26amp%3Bauto%3Dwebp%26amp%3Bformat%3Dpjpg"
5,"Brush vs Plainville",Football,"Kansas",9/18/2026,6:00pm,"The Brush varsity football team has an away non-conference game @  Plainville (KS) on Friday, September 18 @ 6p.","/inter-state/football/game/brush-co-vs-plainville-ks/9-18-2026/?c=184791ec-8d0d-4737-a02b-f9a349755b0b","https://www.maxpreps.com/inter-state/football/game/brush-co-vs-plainville-ks/9-18-2026/?c=184791ec-8d0d-4737-a02b-f9a349755b0b","/football/ks/9a1?9/18/2026","Beetdiggers","Cardinals","https://www.maxpreps.com/ks/brush-co/football/","https://www.maxpreps.com/ks/plainville-ks/football/","https://hsfootball.net/proxy.php?url=https%3A%2F%2Fimage.maxpreps.io%2Fschool-mascot%2Ff%2Ff%2F3%2Fff305552-aa76-46d0-b745-77bd214d5326.gif%3Fversion%3D635773311600000000%26amp%3Bwidth%3D128%26amp%3Bheight%3D128%26amp%3Bauto%3Dwebp%26amp%3Bformat%3Dpjpg","https://hsfootball.net/proxy.php?url=https%3A%2F%2Fimage.maxpreps.io%2Fschool-mascot%2F5%2F9%2F6%2F596a0500-d1c1-40df-822b-371c323a046f.gif%3Fversion%3D636716680800000000%26amp%3Bwidth%3D128%26amp%3Bheight%3D128%26amp%3Bauto%3Dwebp%26amp%3Bformat%3Dpjpg"
6,"Bishop LeBlond vs Knox County",Football,"Kansas",9/18/2026,7:00pm,"The Bishop LeBlond varsity football team has an away non-conference game @  Knox County (Edina, MO) on Friday, September 18 @ 7p.","/mo/football/game/bishop-leblond-st-joseph-vs-knox-county-edina/9-18-2026/?c=35b04c8e-e8d3-4c73-833a-9aecd5d63b97","https://www.maxpreps.com/mo/football/game/bishop-leblond-st-joseph-vs-knox-county-edina/9-18-2026/?c=35b04c8e-e8d3-4c73-833a-9aecd5d63b97","/football/ks/115c?9/18/2026","Golden Eagles","Eagles","https://www.maxpreps.com/ks/bishop-leblond-st-joseph/football/","https://www.maxpreps.com/ks/knox-county-edina/football/","https://hsfootball.net/proxy.php?url=https%3A%2F%2Fimage.maxpreps.io%2Fschool-mascot%2F2%2F1%2F3%2F213c4108-3686-4124-b0d9-f4a7f0511eea.gif%3Fversion%3D638624494630447910%26amp%3Bwidth%3D128%26amp%3Bheight%3D128%26amp%3Bauto%3Dwebp%26amp%3Bformat%3Dpjpg","https://hsfootball.net/proxy.php?url=https%3A%2F%2Fimage.maxpreps.io%2Fschool-mascot%2F8%2Fd%2F2%2F8d2a0df2-5203-4675-b599-be2f247bf4ab.gif%3Fversion%3D635729887200000000%26amp%3Bwidth%3D128%26amp%3Bheight%3D128%26amp%3Bauto%3Dwebp%26amp%3Bformat%3Dpjpg"
7,"Collegiate vs Rose Hill",Football,"Kansas",9/18/2026,7:00pm,"The Collegiate varsity football team has an away conference game @  Rose Hill (KS) on Friday, September 18 @ 7p.","/ks/football/game/collegiate-wichita-vs-rose-hill/9-18-2026/?c=150c97d5-b267-4c3c-95c8-b440cafe50f7","https://www.maxpreps.com/ks/football/game/collegiate-wichita-vs-rose-hill/9-18-2026/?c=150c97d5-b267-4c3c-95c8-b440cafe50f7","/football/ks/c01?9/18/2026","Spartans","Rockets","https://www.maxpreps.com/ks/collegiate-wichita/football/","https://www.maxpreps.com/ks/rose-hill/football/","https://hsfootball.net/proxy.php?url=https%3A%2F%2Fimage.maxpreps.io%2Fschool-mascot%2Ff%2F7%2F0%2Ff702cc4d-1b4a-4469-bad9-b7d74eba36ae.gif%3Fversion%3D637994357400000000%26amp%3Bwidth%3D128%26amp%3Bheight%3D128%26amp%3Bauto%3Dwebp%26amp%3Bformat%3Dpjpg","https://hsfootball.net/proxy.php?url=https%3A%2F%2Fimage.maxpreps.io%2Fschool-mascot%2F6%2F4%2F6%2F646c747a-120b-4fda-9b57-25155564c91c.gif%3Fversion%3D638931730652191070%26amp%3Bwidth%3D128%26amp%3Bheight%3D128%26amp%3Bauto%3Dwebp%26amp%3Bformat%3Dpjpg"
8,"Tonganoxie vs Eudora",Football,"Kansas",9/18/2026,7:00pm,"The Tonganoxie varsity football team has an away conference game @  Eudora (KS) on Friday, September 18 @ 7p.","/ks/football/game/eudora-vs-tonganoxie/9-18-2026/?c=e36e2dff-4221-4dbb-98b1-d5083fb0fa60","https://www.maxpreps.com/ks/football/game/eudora-vs-tonganoxie/9-18-2026/?c=e36e2dff-4221-4dbb-98b1-d5083fb0fa60","/football/ks/7ff?9/18/2026","Chieftains","Cardinals","https://www.maxpreps.com/ks/eudora/football/","https://www.maxpreps.com/ks/tonganoxie/football/","https://hsfootball.net/proxy.php?url=https%3A%2F%2Fimage.maxpreps.io%2Fschool-mascot%2F6%2F0%2Ff%2F60f7a689-9322-486b-bd77-cf22fea628ab.gif%3Fversion%3D638137098600000000%26amp%3Bwidth%3D128%26amp%3Bheight%3D128%26amp%3Bauto%3Dwebp%26amp%3Bformat%3Dpjpg","https://hsfootball.net/proxy.php?url=https%3A%2F%2Fimage.maxpreps.io%2Fschool-mascot%2Fb%2F5%2Fa%2Fb5a9c1c3-b18e-4a18-9506-4587fedd02a9.gif%3Fversion%3D637086448800000000%26amp%3Bwidth%3D128%26amp%3Bheight%3D128%26amp%3Bauto%3Dwebp%26amp%3Bformat%3Dpjpg"
9,"St. Mary&#x27;s Academy vs Maranatha Christian Academy",Football,"Kansas",9/18/2026,7:00pm,"The St. Mary&#x27;s Academy varsity football team has an away non-conference game @  Maranatha Christian Academy (Shawnee, KS) on Friday, September 18 @ 7p.","/ks/football/game/maranatha-christian-academy-shawnee-vs-st-marys-academy/9-18-2026/?c=4a998323-f8d5-4ef8-81dd-c34b5d87822d","https://www.maxpreps.com/ks/football/game/maranatha-christian-academy-shawnee-vs-st-marys-academy/9-18-2026/?c=4a998323-f8d5-4ef8-81dd-c34b5d87822d","/football/ks/153c?9/18/2026","Crusaders","Eagles","https://www.maxpreps.com/ks/maranatha-christian-academy-shawnee/football/","https://www.maxpreps.com/ks/st-marys-academy/football/","https://hsfootball.net/proxy.php?url=https%3A%2F%2Fimage.maxpreps.io%2Fschool-mascot%2F7%2F2%2F0%2F72046133-0241-43db-a9b8-71b3f3b6ae10.gif%3Fversion%3D637489225200000000%26amp%3Bwidth%3D128%26amp%3Bheight%3D128%26amp%3Bauto%3Dwebp%26amp%3Bformat%3Dpjpg","https://hsfootball.net/proxy.php?url=https%3A%2F%2Fimage.maxpreps.io%2Fschool-mascot%2Ff%2F3%2F0%2Ff302268d-5798-4105-b70b-6ea841424378.gif%3Fversion%3D638853106928444440%26amp%3Bwidth%3D128%26amp%3Bheight%3D128%26amp%3Bauto%3Dwebp%26amp%3Bformat%3Dpjpg"
10,"Riley County vs Rossville",Football,"Kansas",9/18/2026,7:00pm,"The Riley County varsity football team has an away non-conference game @  Rossville (KS) on Friday, September 18 @ 7p.","/ks/football/game/riley-county-vs-rossville/9-18-2026/?c=03d6ac57-188b-49d9-8796-b38d5f71e9a1","https://www.maxpreps.com/ks/football/game/riley-county-vs-rossville/9-18-2026/?c=03d6ac57-188b-49d9-8796-b38d5f71e9a1","/football/ks/a1a?9/18/2026","Falcons","Bulldogs","https://www.maxpreps.com/ks/riley-county/football/","https://www.maxpreps.com/ks/rossville/football/","https://hsfootball.net/proxy.php?url=https%3A%2F%2Fimage.maxpreps.io%2Fschool-mascot%2F5%2Fc%2Fd%2F5cdb37b2-ad68-43ee-96f4-0f48d54919fa.gif%3Fversion%3D637086448800000000%26amp%3Bwidth%3D128%26amp%3Bheight%3D128%26amp%3Bauto%3Dwebp%26amp%3Bformat%3Dpjpg","https://hsfootball.net/proxy.php?url=https%3A%2F%2Fimage.maxpreps.io%2Fschool-mascot%2Fb%2Ff%2F5%2Fbf50f008-64f6-4819-bcf5-1f3987c4b9d8.gif%3Fversion%3D635303213400000000%26amp%3Bwidth%3D128%26amp%3Bheight%3D128%26amp%3Bauto%3Dwebp%26amp%3Bformat%3Dpjpg"
11,"Arkansas City vs Salina Central",Football,"Kansas",9/18/2026,7:00pm,"The Arkansas City varsity football team has an away conference game @  Salina Central (Salina, KS) on Friday, September 18 @ 7p.","/ks/football/game/arkansas-city-vs-salina-central/9-18-2026/?c=b5f11520-6e96-4882-af0c-05b507e6501d","https://www.maxpreps.com/ks/football/game/arkansas-city-vs-salina-central/9-18-2026/?c=b5f11520-6e96-4882-af0c-05b507e6501d","/football/ks/c0b?9/18/2026","Bulldogs","Mustangs","https://www.maxpreps.com/ks/arkansas-city/football/","https://www.maxpreps.com/ks/salina-central/football/","https://hsfootball.net/proxy.php?url=https%3A%2F%2Fimage.maxpreps.io%2Fschool-mascot%2F7%2F7%2F7%2F77775755-2545-420f-b1a9-710e643dc86c.gif%3Fversion%3D636578145000000000%26amp%3Bwidth%3D128%26amp%3Bheight%3D128%26amp%3Bauto%3Dwebp%26amp%3Bformat%3Dpjpg","https://hsfootball.net/proxy.php?url=https%3A%2F%2Fimage.maxpreps.io%2Fschool-mascot%2F8%2F9%2F9%2F899bd812-c1f2-4037-99ba-0352b76e0f04.gif%3Fversion%3D637822390200000000%26amp%3Bwidth%3D128%26amp%3Bheight%3D128%26amp%3Bauto%3Dwebp%26amp%3Bformat%3Dpjpg"
12,"East vs Kapaun Mt. Carmel",Football,"Kansas",9/18/2026,7:00pm,"The East varsity football team has an away conference game @  Kapaun Mt. Carmel (Wichita, KS) on Friday, September 18 @ 7p.","/ks/football/game/east-wichita-vs-kapaun-mt-carmel-wichita/9-18-2026/?c=54509f62-7f95-485a-97d7-85f212f1dd75","https://www.maxpreps.com/ks/football/game/east-wichita-vs-kapaun-mt-carmel-wichita/9-18-2026/?c=54509f62-7f95-485a-97d7-85f212f1dd75","/football/ks/f4b?9/18/2026","Blue Aces","Crusaders","https://www.maxpreps.com/ks/east-wichita/football/","https://www.maxpreps.com/ks/kapaun-mt-carmel-wichita/football/","https://hsfootball.net/proxy.php?url=https%3A%2F%2Fimage.maxpreps.io%2Fschool-mascot%2F8%2F0%2F5%2F805805be-ed96-40ca-ae2f-de155d55477c.gif%3Fversion%3D635220435000000000%26amp%3Bwidth%3D128%26amp%3Bheight%3D128%26amp%3Bauto%3Dwebp%26amp%3Bformat%3Dpjpg","https://hsfootball.net/proxy.php?url=https%3A%2F%2Fimage.maxpreps.io%2Fschool-mascot%2Fc%2F6%2Fb%2Fc6b4db63-15ba-4adc-8caf-e4ce5e2c32c9.gif%3Fversion%3D636802115400000000%26amp%3Bwidth%3D128%26amp%3Bheight%3D128%26amp%3Bauto%3Dwebp%26amp%3Bformat%3Dpjpg"
13,"Wellington vs Andale",Football,"Kansas",9/18/2026,7:00pm,"The Wellington varsity football team has an away conference game @  Andale (KS) on Friday, September 18 @ 7p.","/ks/football/game/andale-vs-wellington/9-18-2026/?c=04ddca3e-db15-4545-a85e-77819cc1c047","https://www.maxpreps.com/ks/football/game/andale-vs-wellington/9-18-2026/?c=04ddca3e-db15-4545-a85e-77819cc1c047","/football/ks/7eb?9/18/2026","Crusaders","Indians","https://www.maxpreps.com/ks/andale/football/","https://www.maxpreps.com/ks/wellington/football/","https://hsfootball.net/proxy.php?url=https%3A%2F%2Fimage.maxpreps.io%2Fschool-mascot%2Fe%2F9%2F0%2Fe903df80-a520-49c5-849a-74240a5c4b3c.gif%3Fversion%3D633645331800000000%26amp%3Bwidth%3D128%26amp%3Bheight%3D128%26amp%3Bauto%3Dwebp%26amp%3Bformat%3Dpjpg","https://hsfootball.net/proxy.php?url=https%3A%2F%2Fimage.maxpreps.io%2Fschool-mascot%2F6%2Fe%2Fc%2F6ec6106c-c37b-47a5-8dd7-2137cb4a773f.gif%3Fversion%3D635452861200000000%26amp%3Bwidth%3D128%26amp%3Bheight%3D128%26amp%3Bauto%3Dwebp%26amp%3Bformat%3Dpjpg"
14,"Jackson Heights vs Horton",Football,"Kansas",9/18/2026,7:00pm,"The Jackson Heights varsity football team has an away conference game @  Horton (KS) on Friday, September 18 @ 7p.","/ks/football/game/horton-vs-jackson-heights-holton/9-18-2026/?c=534e22a9-28c7-4e58-b58b-c3c756938201","https://www.maxpreps.com/ks/football/game/horton-vs-jackson-heights-holton/9-18-2026/?c=534e22a9-28c7-4e58-b58b-c3c756938201","/football/ks/ca0?9/18/2026","Cobras","Chargers","https://www.maxpreps.com/ks/horton/football/","https://www.maxpreps.com/ks/jackson-heights-holton/football/","https://hsfootball.net/proxy.php?url=https%3A%2F%2Fimage.maxpreps.io%2Fschool-mascot%2F6%2F0%2F6%2F60607980-384e-4d9f-8aef-0994e4afaa07.gif%3Fversion%3D637086448800000000%26amp%3Bwidth%3D128%26amp%3Bheight%3D128%26amp%3Bauto%3Dwebp%26amp%3Bformat%3Dpjpg","https://hsfootball.net/proxy.php?url=https%3A%2F%2Fimage.maxpreps.io%2Fschool-mascot%2F6%2F9%2Ff%2F69f670f8-f474-4893-a7e1-053ea924d1f4.gif%3Fversion%3D637055091600000000%26amp%3Bwidth%3D128%26amp%3Bheight%3D128%26amp%3Bauto%3Dwebp%26amp%3Bformat%3Dpjpg"
15,"Pleasanton vs Marmaton Valley",Football,"Kansas",9/18/2026,7:00pm,"The Pleasanton varsity football team has an away non-conference game @  Marmaton Valley (Moran, KS) on Friday, September 18 @ 7p.","/ks/football/game/marmaton-valley-moran-vs-pleasanton/9-18-2026/?c=23929d61-ff8c-4a05-9f0d-4956603c7486","https://www.maxpreps.com/ks/football/game/marmaton-valley-moran-vs-pleasanton/9-18-2026/?c=23929d61-ff8c-4a05-9f0d-4956603c7486","/football/ks/ddb?9/18/2026","Blue Jays","Wildcats","https://www.maxpreps.com/ks/marmaton-valley-moran/football/","https://www.maxpreps.com/ks/pleasanton/football/","https://hsfootball.net/proxy.php?url=https%3A%2F%2Fimage.maxpreps.io%2Fschool-mascot%2Ff%2F9%2Fe%2Ff9ee0b63-2b50-40d2-8df6-dcb2160bda0e.gif%3Fversion%3D635126757000000000%26amp%3Bwidth%3D128%26amp%3Bheight%3D128%26amp%3Bauto%3Dwebp%26amp%3Bformat%3Dpjpg","https://hsfootball.net/proxy.php?url=https%3A%2F%2Fimage.maxpreps.io%2Fschool-mascot%2F8%2F4%2F7%2F847b83ae-6871-41b9-9a78-a230eda873f4.gif%3Fversion%3D637086448800000000%26amp%3Bwidth%3D128%26amp%3Bheight%3D128%26amp%3Bauto%3Dwebp%26amp%3Bformat%3Dpjpg"
16,"Lyndon vs Cedar Vale/Dexter",Football,"Kansas",9/18/2026,7:00pm,"The Lyndon varsity football team has an away non-conference game @  Cedar Vale/Dexter (Cedar Vale, KS) on Friday, September 18 @ 7p.","/ks/football/game/cedar-vale-dexter-vs-lyndon/9-18-2026/?c=e9f82298-93cb-4201-b74d-e1f525fe8795","https://www.maxpreps.com/ks/football/game/cedar-vale-dexter-vs-lyndon/9-18-2026/?c=e9f82298-93cb-4201-b74d-e1f525fe8795","/football/ks/a64?9/18/2026","Tigers","Spartans","https://www.maxpreps.com/ks/cedar-vale-dexter/football/","https://www.maxpreps.com/ks/lyndon/football/","https://hsfootball.net/proxy.php?url=https%3A%2F%2Fimage.maxpreps.io%2Fschool-mascot%2F7%2F3%2Fc%2F73cc91ff-6ff4-4a41-a5e0-149b408572de.gif%3Fversion%3D636082335000000000%26amp%3Bwidth%3D128%26amp%3Bheight%3D128%26amp%3Bauto%3Dwebp%26amp%3Bformat%3Dpjpg","https://hsfootball.net/proxy.php?url=https%3A%2F%2Fimage.maxpreps.io%2Fschool-mascot%2F6%2Fb%2Ff%2F6bf705c1-d1e4-4cb7-85a9-adf722762234.gif%3Fversion%3D635502766800000000%26amp%3Bwidth%3D128%26amp%3Bheight%3D128%26amp%3Bauto%3Dwebp%26amp%3Bformat%3Dpjpg"
17,"Eureka vs Neodesha",Football,"Kansas",9/18/2026,7:00pm,"The Eureka varsity football team has an away non-conference game @  Neodesha (KS) on Friday, September 18 @ 7p.","/ks/football/game/eureka-vs-neodesha/9-18-2026/?c=1ba8745b-cc0e-4141-9850-876ef0722dd6","https://www.maxpreps.com/ks/football/game/eureka-vs-neodesha/9-18-2026/?c=1ba8745b-cc0e-4141-9850-876ef0722dd6","/football/ks/707?9/18/2026","Tornadoes","Blue Streaks","https://www.maxpreps.com/ks/eureka/football/","https://www.maxpreps.com/ks/neodesha/football/","https://hsfootball.net/proxy.php?url=https%3A%2F%2Fimage.maxpreps.io%2Fschool-mascot%2Fd%2Fa%2F9%2Fda9ea580-dabc-439d-a3c5-d1f7d6105a1f.gif%3Fversion%3D633619429800000000%26amp%3Bwidth%3D128%26amp%3Bheight%3D128%26amp%3Bauto%3Dwebp%26amp%3Bformat%3Dpjpg","https://hsfootball.net/proxy.php?url=https%3A%2F%2Fimage.maxpreps.io%2Fschool-mascot%2F7%2F6%2F2%2F76226870-75ed-4e02-b643-31ad8ccd2486.gif%3Fversion%3D633875739600000000%26amp%3Bwidth%3D128%26amp%3Bheight%3D128%26amp%3Bauto%3Dwebp%26amp%3Bformat%3Dpjpg"
18,"Piper vs Turner",Football,"Kansas",9/18/2026,7:00pm,"The Piper varsity football team has an away conference game @  Turner (Kansas City, KS) on Friday, September 18 @ 7p.","/ks/football/game/piper-kansas-city-vs-turner-kansas-city/9-18-2026/?c=18c94218-e2b3-4301-9818-7ede4cd8880a","https://www.maxpreps.com/ks/football/game/piper-kansas-city-vs-turner-kansas-city/9-18-2026/?c=18c94218-e2b3-4301-9818-7ede4cd8880a","/football/ks/f2b?9/18/2026","Pirates","Golden Bears","https://www.maxpreps.com/ks/piper-kansas-city/football/","https://www.maxpreps.com/ks/turner-kansas-city/football/","https://hsfootball.net/proxy.php?url=https%3A%2F%2Fimage.maxpreps.io%2Fschool-mascot%2Fa%2Fd%2F8%2Fad879392-f539-42a4-9704-42bcec3e4473.gif%3Fversion%3D634654953600000000%26amp%3Bwidth%3D128%26amp%3Bheight%3D128%26amp%3Bauto%3Dwebp%26amp%3Bformat%3Dpjpg","https://hsfootball.net/proxy.php?url=https%3A%2F%2Fimage.maxpreps.io%2Fschool-mascot%2F7%2F5%2F8%2F75870164-d55c-4396-a9e9-111bfe9a9880.gif%3Fversion%3D638905216458003440%26amp%3Bwidth%3D128%26amp%3Bheight%3D128%26amp%3Bauto%3Dwebp%26amp%3Bformat%3Dpjpg"
19,"Madison/Hamilton vs Northern Heights",Football,"Kansas",9/18/2026,7:00pm,"The Madison/Hamilton varsity football team has an away conference game @  Northern Heights (Allen, KS) on Friday, September 18 @ 7p.","/ks/football/game/madison-hamilton-vs-northern-heights-allen/9-18-2026/?c=777a8454-b15a-48c0-acc7-675a15c3a70a","https://www.maxpreps.com/ks/football/game/madison-hamilton-vs-northern-heights-allen/9-18-2026/?c=777a8454-b15a-48c0-acc7-675a15c3a70a","/football/ks/1079?9/18/2026","Bulldogs","Wildcats","https://www.maxpreps.com/ks/madison-hamilton/football/","https://www.maxpreps.com/ks/northern-heights-allen/football/","https://hsfootball.net/proxy.php?url=https%3A%2F%2Fimage.maxpreps.io%2Fschool-mascot%2F5%2Fe%2F7%2F5e74cb70-0e87-4af7-974a-f0fdf75a5a4e.gif%3Fversion%3D636802829400000000%26amp%3Bwidth%3D128%26amp%3Bheight%3D128%26amp%3Bauto%3Dwebp%26amp%3Bformat%3Dpjpg","https://hsfootball.net/proxy.php?url=https%3A%2F%2Fimage.maxpreps.io%2Fschool-mascot%2F7%2F4%2F7%2F747d3694-afcb-4a3e-9f32-b0c3d4d717a6.gif%3Fversion%3D636194800200000000%26amp%3Bwidth%3D128%26amp%3Bheight%3D128%26amp%3Bauto%3Dwebp%26amp%3Bformat%3Dpjpg"
20,"Burlington vs Osage City",Football,"Kansas",9/18/2026,7:00pm,"The Burlington varsity football team has an away non-conference game @  Osage City (KS) on Friday, September 18 @ 7p.","/ks/football/game/burlington-vs-osage-city/9-18-2026/?c=e0f3f179-c61d-4599-b939-b4d163d25f38","https://www.maxpreps.com/ks/football/game/burlington-vs-osage-city/9-18-2026/?c=e0f3f179-c61d-4599-b939-b4d163d25f38","/football/ks/97c?9/18/2026","Wildcats","Indians","https://www.maxpreps.com/ks/burlington/football/","https://www.maxpreps.com/ks/osage-city/football/","https://hsfootball.net/proxy.php?url=https%3A%2F%2Fimage.maxpreps.io%2Fschool-mascot%2Fc%2F7%2F3%2Fc73b5c2f-32fa-4ea7-8418-5455c81545b0.gif%3Fversion%3D637102577400000000%26amp%3Bwidth%3D128%26amp%3Bheight%3D128%26amp%3Bauto%3Dwebp%26amp%3Bformat%3Dpjpg","https://hsfootball.net/proxy.php?url=https%3A%2F%2Fimage.maxpreps.io%2Fschool-mascot%2F5%2Ff%2F1%2F5f1adccc-89dd-4457-9dd3-563039a1e5cd.gif%3Fversion%3D634503068400000000%26amp%3Bwidth%3D128%26amp%3Bheight%3D128%26amp%3Bauto%3Dwebp%26amp%3Bformat%3Dpjpg"
21,"Chaparral vs Conway Springs",Football,"Kansas",9/18/2026,7:00pm,"The Chaparral varsity football team has an away non-conference game @  Conway Springs (KS) on Friday, September 18 @ 7p.","/ks/football/game/chaparral-anthony-vs-conway-springs/9-18-2026/?c=f0acda51-de5c-421c-9ab3-5d4c32719f53","https://www.maxpreps.com/ks/football/game/chaparral-anthony-vs-conway-springs/9-18-2026/?c=f0acda51-de5c-421c-9ab3-5d4c32719f53","/football/ks/de3?9/18/2026","Roadrunners","Cardinals","https://www.maxpreps.com/ks/chaparral-anthony/football/","https://www.maxpreps.com/ks/conway-springs/football/","https://hsfootball.net/proxy.php?url=https%3A%2F%2Fimage.maxpreps.io%2Fschool-mascot%2Fd%2F8%2Fd%2Fd8d380d6-a5c4-435c-a0b5-52a9a4fdc480.gif%3Fversion%3D638070607200000000%26amp%3Bwidth%3D128%26amp%3Bheight%3D128%26amp%3Bauto%3Dwebp%26amp%3Bformat%3Dpjpg","https://hsfootball.net/proxy.php?url=https%3A%2F%2Fimage.maxpreps.io%2Fschool-mascot%2F8%2F8%2F8%2F88804912-837c-4044-99f4-09511322723f.gif%3Fversion%3D635930337000000000%26amp%3Bwidth%3D128%26amp%3Bheight%3D128%26amp%3Bauto%3Dwebp%26amp%3Bformat%3Dpjpg"
22,"Louisburg vs Chanute",Football,"Kansas",9/18/2026,7:00pm,"The Louisburg varsity football team has an away non-conference game @  Chanute (KS) on Friday, September 18 @ 7p.","/ks/football/game/chanute-vs-louisburg/9-18-2026/?c=198cc211-31b0-407e-b460-3e83ed736ff4","https://www.maxpreps.com/ks/football/game/chanute-vs-louisburg/9-18-2026/?c=198cc211-31b0-407e-b460-3e83ed736ff4","/football/ks/807?9/18/2026","Wildcats","Comets","https://www.maxpreps.com/ks/chanute/football/","https://www.maxpreps.com/ks/louisburg/football/","https://hsfootball.net/proxy.php?url=https%3A%2F%2Fimage.maxpreps.io%2Fschool-mascot%2F7%2Fc%2Fb%2F7cb69546-a4f0-486a-947f-b810a8fdeb2b.gif%3Fversion%3D635773311600000000%26amp%3Bwidth%3D128%26amp%3Bheight%3D128%26amp%3Bauto%3Dwebp%26amp%3Bformat%3Dpjpg","https://hsfootball.net/proxy.php?url=https%3A%2F%2Fimage.maxpreps.io%2Fschool-mascot%2Fd%2F0%2Fd%2Fd0d56796-f8cc-40df-9c67-4d5b09222ed1.gif%3Fversion%3D636446891400000000%26amp%3Bwidth%3D128%26amp%3Bheight%3D128%26amp%3Bauto%3Dwebp%26amp%3Bformat%3Dpjpg"
23,"St. Paul vs Yates Center",Football,"Kansas",9/18/2026,7:00pm,"The St. Paul varsity football team has an away conference game @  Yates Center (KS) on Friday, September 18 @ 7p.","/ks/football/game/st-paul-vs-yates-center/9-18-2026/?c=8db6b5bf-fb3a-46ca-a554-74ae7dcb3a4c","https://www.maxpreps.com/ks/football/game/st-paul-vs-yates-center/9-18-2026/?c=8db6b5bf-fb3a-46ca-a554-74ae7dcb3a4c","/football/ks/8dd?9/18/2026","Indians","Wildcats","https://www.maxpreps.com/ks/st-paul/football/","https://www.maxpreps.com/ks/yates-center/football/","https://hsfootball.net/proxy.php?url=https%3A%2F%2Fimage.maxpreps.io%2Fschool-mascot%2F5%2Ff%2F5%2F5f56575d-8db4-4191-92f5-9ad4eb0cfd9e.gif%3Fversion%3D638030794800000000%26amp%3Bwidth%3D128%26amp%3Bheight%3D128%26amp%3Bauto%3Dwebp%26amp%3Bformat%3Dpjpg","https://hsfootball.net/proxy.php?url=https%3A%2F%2Fimage.maxpreps.io%2Fschool-mascot%2F3%2F2%2F4%2F3244f3b8-aedb-4b1b-8d5b-d4e5abd33822.gif%3Fversion%3D635217541800000000%26amp%3Bwidth%3D128%26amp%3Bheight%3D128%26amp%3Bauto%3Dwebp%26amp%3Bformat%3Dpjpg"
24,"Southwestern Heights vs Syracuse",Football,"Kansas",9/18/2026,7:00pm,"The Southwestern Heights varsity football team has an away conference game @  Syracuse (KS) on Friday, September 18 @ 7p.","/ks/football/game/southwestern-heights-kismet-vs-syracuse/9-18-2026/?c=9c563e45-dcc3-49a4-825c-53d543601241","https://www.maxpreps.com/ks/football/game/southwestern-heights-kismet-vs-syracuse/9-18-2026/?c=9c563e45-dcc3-49a4-825c-53d543601241","/football/ks/fc0?9/18/2026","Mustangs","Bulldogs","https://www.maxpreps.com/ks/southwestern-heights-kismet/football/","https://www.maxpreps.com/ks/syracuse/football/","https://hsfootball.net/proxy.php?url=https%3A%2F%2Fimage.maxpreps.io%2Fschool-mascot%2Fb%2Fa%2F8%2Fba85965d-8265-4f66-995c-a098925278df.gif%3Fversion%3D635527770600000000%26amp%3Bwidth%3D128%26amp%3Bheight%3D128%26amp%3Bauto%3Dwebp%26amp%3Bformat%3Dpjpg","https://hsfootball.net/proxy.php?url=https%3A%2F%2Fimage.maxpreps.io%2Fschool-mascot%2F4%2Fb%2F4%2F4b4ca505-72cb-4e56-af15-3d0ccb7d70ad.gif%3Fversion%3D634581412200000000%26amp%3Bwidth%3D128%26amp%3Bheight%3D128%26amp%3Bauto%3Dwebp%26amp%3Bformat%3Dpjpg"
25,"Shawnee Heights vs Seaman",Football,"Kansas",9/18/2026,7:00pm,"The Shawnee Heights varsity football team has an away conference game @  Seaman (Topeka, KS) on Friday, September 18 @ 7p.","/ks/football/game/seaman-topeka-vs-shawnee-heights-tecumseh/9-18-2026/?c=fcc8ad1b-e5b2-4dc9-a388-0451ad61b5a1","https://www.maxpreps.com/ks/football/game/seaman-topeka-vs-shawnee-heights-tecumseh/9-18-2026/?c=fcc8ad1b-e5b2-4dc9-a388-0451ad61b5a1","/football/ks/ff8?9/18/2026","Thunderbirds","Vikings","https://www.maxpreps.com/ks/seaman-topeka/football/","https://www.maxpreps.com/ks/shawnee-heights-tecumseh/football/","https://hsfootball.net/proxy.php?url=https%3A%2F%2Fimage.maxpreps.io%2Fschool-mascot%2Ff%2F9%2Ff%2Ff9f3fa6e-e1db-4e54-a4f9-e21ac7bc19b9.gif%3Fversion%3D635474844000000000%26amp%3Bwidth%3D128%26amp%3Bheight%3D128%26amp%3Bauto%3Dwebp%26amp%3Bformat%3Dpjpg","https://hsfootball.net/proxy.php?url=https%3A%2F%2Fimage.maxpreps.io%2Fschool-mascot%2Fe%2Fa%2F1%2Fea17eb0b-bbb6-4737-990b-ce528fe0fa14.gif%3Fversion%3D637704784200000000%26amp%3Bwidth%3D128%26amp%3Bheight%3D128%26amp%3Bauto%3Dwebp%26amp%3Bformat%3Dpjpg"
26,"Burlingame vs Lebo",Football,"Kansas",9/18/2026,7:00pm,"The Burlingame varsity football team has an away conference game @  Lebo (KS) on Friday, September 18 @ 7p.","/ks/football/game/burlingame-vs-lebo/9-18-2026/?c=280f1f6e-2f8b-4dd6-9149-378d6e82a84e","https://www.maxpreps.com/ks/football/game/burlingame-vs-lebo/9-18-2026/?c=280f1f6e-2f8b-4dd6-9149-378d6e82a84e","/football/ks/70b?9/18/2026","Bearcats","Wolves","https://www.maxpreps.com/ks/burlingame/football/","https://www.maxpreps.com/ks/lebo/football/","https://hsfootball.net/proxy.php?url=https%3A%2F%2Fimage.maxpreps.io%2Fschool-mascot%2F2%2F7%2Ff%2F27f4c3ef-7017-4e6d-a8af-29854319b8ef.gif%3Fversion%3D635826574800000000%26amp%3Bwidth%3D128%26amp%3Bheight%3D128%26amp%3Bauto%3Dwebp%26amp%3Bformat%3Dpjpg","https://hsfootball.net/proxy.php?url=https%3A%2F%2Fimage.maxpreps.io%2Fschool-mascot%2F4%2F1%2Ff%2F41f5bc40-874a-4d4f-8cef-8ab649a8e459.gif%3Fversion%3D637086456600000000%26amp%3Bwidth%3D128%26amp%3Bheight%3D128%26amp%3Bauto%3Dwebp%26amp%3Bformat%3Dpjpg"
27,"Holton vs Baldwin",Football,"Kansas",9/18/2026,7:00pm,"The Holton varsity football team has an away non-conference game @  Baldwin (KS) on Friday, September 18 @ 7p.","/ks/football/game/baldwin-vs-holton/9-18-2026/?c=21596000-63cf-4ac8-8aa6-363a34c89b49","https://www.maxpreps.com/ks/football/game/baldwin-vs-holton/9-18-2026/?c=21596000-63cf-4ac8-8aa6-363a34c89b49","/football/ks/6b8?9/18/2026","Wildcats","Bulldogs","https://www.maxpreps.com/ks/baldwin/football/","https://www.maxpreps.com/ks/holton/football/","https://hsfootball.net/proxy.php?url=https%3A%2F%2Fimage.maxpreps.io%2Fschool-mascot%2F3%2F8%2F3%2F383e583c-3d28-44cd-9691-50e93a5eab90.gif%3Fversion%3D638030635800000000%26amp%3Bwidth%3D128%26amp%3Bheight%3D128%26amp%3Bauto%3Dwebp%26amp%3Bformat%3Dpjpg","https://hsfootball.net/proxy.php?url=https%3A%2F%2Fimage.maxpreps.io%2Fschool-mascot%2F6%2F8%2F1%2F68189fda-f3d4-4a9e-b180-0ebbbe1f8660.gif%3Fversion%3D636252496800000000%26amp%3Bwidth%3D128%26amp%3Bheight%3D128%26amp%3Bauto%3Dwebp%26amp%3Bformat%3Dpjpg"
28,"Kinsley vs Central Plains",Football,"Kansas",9/18/2026,7:00pm,"The Kinsley varsity football team has an away non-conference game @  Central Plains (Claflin, KS) on Friday, September 18 @ 7p.","/ks/football/game/central-plains-claflin-vs-kinsley/9-18-2026/?c=3f01e517-9910-4106-af94-5a390d62b8cc","https://www.maxpreps.com/ks/football/game/central-plains-claflin-vs-kinsley/9-18-2026/?c=3f01e517-9910-4106-af94-5a390d62b8cc","/football/ks/ce5?9/18/2026","Coyotes","Oilers","https://www.maxpreps.com/ks/central-plains-claflin/football/","https://www.maxpreps.com/ks/kinsley/football/","https://hsfootball.net/proxy.php?url=https%3A%2F%2Fimage.maxpreps.io%2Fschool-mascot%2F6%2Fb%2Fd%2F6bd36711-c0b7-4f58-a6dd-ebadd976e80f.gif%3Fversion%3D636407230200000000%26amp%3Bwidth%3D128%26amp%3Bheight%3D128%26amp%3Bauto%3Dwebp%26amp%3Bformat%3Dpjpg","https://hsfootball.net/proxy.php?url=https%3A%2F%2Fimage.maxpreps.io%2Fschool-mascot%2F2%2Fd%2F0%2F2d05372d-5fdf-4542-9fac-42d61605fde5.gif%3Fversion%3D636770091600000000%26amp%3Bwidth%3D128%26amp%3Bheight%3D128%26amp%3Bauto%3Dwebp%26amp%3Bformat%3Dpjpg"
29,"Bluestem vs Cherryvale",Football,"Kansas",9/18/2026,7:00pm,"The Bluestem varsity football team has an away conference game @  Cherryvale (KS) on Friday, September 18 @ 7p.","/ks/football/game/bluestem-leon-vs-cherryvale/9-18-2026/?c=7b7bdb08-2bfb-479f-bda4-a04b637f74f3","https://www.maxpreps.com/ks/football/game/bluestem-leon-vs-cherryvale/9-18-2026/?c=7b7bdb08-2bfb-479f-bda4-a04b637f74f3","/football/ks/ab4?9/18/2026","Lions","Chargers","https://www.maxpreps.com/ks/bluestem-leon/football/","https://www.maxpreps.com/ks/cherryvale/football/","https://hsfootball.net/proxy.php?url=https%3A%2F%2Fimage.maxpreps.io%2Fschool-mascot%2F2%2F4%2F8%2F248cef23-ddd1-4eff-9bd9-5346ff9be1fd.gif%3Fversion%3D636041035200000000%26amp%3Bwidth%3D128%26amp%3Bheight%3D128%26amp%3Bauto%3Dwebp%26amp%3Bformat%3Dpjpg","https://hsfootball.net/proxy.php?url=https%3A%2F%2Fimage.maxpreps.io%2Fschool-mascot%2F9%2Fa%2Fd%2F9ad98a91-ca7b-461c-93bd-0c553a6ae217.gif%3Fversion%3D636276939600000000%26amp%3Bwidth%3D128%26amp%3Bheight%3D128%26amp%3Bauto%3Dwebp%26amp%3Bformat%3Dpjpg"
30,"Iola vs Anderson County",Football,"Kansas",9/18/2026,7:00pm,"The Iola varsity football team has an away non-conference game @  Anderson County (Garnett, KS) on Friday, September 18 @ 7p.","/ks/football/game/anderson-county-garnett-vs-iola/9-18-2026/?c=cf8b08f0-e9a8-4722-8a27-f765b64d045e","https://www.maxpreps.com/ks/football/game/anderson-county-garnett-vs-iola/9-18-2026/?c=cf8b08f0-e9a8-4722-8a27-f765b64d045e","/football/ks/c33?9/18/2026","Mustangs","Bulldogs","https://www.maxpreps.com/ks/anderson-county-garnett/football/","https://www.maxpreps.com/ks/iola/football/","https://hsfootball.net/proxy.php?url=https%3A%2F%2Fimage.maxpreps.io%2Fschool-mascot%2F2%2F8%2F1%2F281f3371-45ea-4125-9609-fe2fa4dfda38.gif%3Fversion%3D638598413185784350%26amp%3Bwidth%3D128%26amp%3Bheight%3D128%26amp%3Bauto%3Dwebp%26amp%3Bformat%3Dpjpg","https://hsfootball.net/proxy.php?url=https%3A%2F%2Fimage.maxpreps.io%2Fschool-mascot%2F5%2F8%2Fe%2F58e2b3fa-a0ce-4ea8-8dcb-d0622da468a3.gif%3Fversion%3D635932833600000000%26amp%3Bwidth%3D128%26amp%3Bheight%3D128%26amp%3Bauto%3Dwebp%26amp%3Bformat%3Dpjpg"
31,"Cheney vs Hoisington",Football,"Kansas",9/18/2026,7:00pm,"The Cheney varsity football team has an away non-conference game @  Hoisington (KS) on Friday, September 18 @ 7p.","/ks/football/game/cheney-vs-hoisington/9-18-2026/?c=83008576-13b3-401f-9c5f-82b2c05b2108","https://www.maxpreps.com/ks/football/game/cheney-vs-hoisington/9-18-2026/?c=83008576-13b3-401f-9c5f-82b2c05b2108","/football/ks/801?9/18/2026","Cardinals","Cardinals","https://www.maxpreps.com/ks/cheney/football/","https://www.maxpreps.com/ks/hoisington/football/","https://hsfootball.net/proxy.php?url=https%3A%2F%2Fimage.maxpreps.io%2Fschool-mascot%2F4%2Fb%2F7%2F4b7d7907-6d11-43f5-8bd3-763b29f88acf.gif%3Fversion%3D636455569800000000%26amp%3Bwidth%3D128%26amp%3Bheight%3D128%26amp%3Bauto%3Dwebp%26amp%3Bformat%3Dpjpg","https://hsfootball.net/proxy.php?url=https%3A%2F%2Fimage.maxpreps.io%2Fschool-mascot%2Fa%2F5%2F6%2Fa56795bf-7883-4359-b8ba-bf8a6ef3e0b8.gif%3Fversion%3D634436513400000000%26amp%3Bwidth%3D128%26amp%3Bheight%3D128%26amp%3Bauto%3Dwebp%26amp%3Bformat%3Dpjpg"
32,"Shawnee Mission East vs Lawrence",Football,"Kansas",9/18/2026,7:00pm,"The Shawnee Mission East varsity football team has an away conference game @  Lawrence (KS) on Friday, September 18 @ 7p.","/ks/football/game/lawrence-vs-shawnee-mission-east/9-18-2026/?c=56cf52ec-156a-401d-bedf-8e76b807a92b","https://www.maxpreps.com/ks/football/game/lawrence-vs-shawnee-mission-east/9-18-2026/?c=56cf52ec-156a-401d-bedf-8e76b807a92b","/football/ks/c88?9/18/2026","Lancers","Chesty Lions","https://www.maxpreps.com/ks/lawrence/football/","https://www.maxpreps.com/ks/shawnee-mission-east/football/","https://hsfootball.net/proxy.php?url=https%3A%2F%2Fimage.maxpreps.io%2Fschool-mascot%2F3%2F6%2F5%2F36588cb6-a73e-4907-97c8-7e31ce6f1a6f.gif%3Fversion%3D636898113000000000%26amp%3Bwidth%3D128%26amp%3Bheight%3D128%26amp%3Bauto%3Dwebp%26amp%3Bformat%3Dpjpg","https://hsfootball.net/proxy.php?url=https%3A%2F%2Fimage.maxpreps.io%2Fschool-mascot%2Ff%2Fd%2Fe%2Ffde83020-2e6f-43b9-b27f-c19a4052d15a.gif%3Fversion%3D635509575000000000%26amp%3Bwidth%3D128%26amp%3Bheight%3D128%26amp%3Bauto%3Dwebp%26amp%3Bformat%3Dpjpg"
33,"Maize South vs Maize",Football,"Kansas",9/18/2026,7:00pm,"The Maize South varsity football team has an away conference game @  Maize (KS) on Friday, September 18 @ 7p.","/ks/football/game/maize-vs-maize-south-wichita/9-18-2026/?c=08c9be60-5f11-4f11-ad6b-5cb03037d64d","https://www.maxpreps.com/ks/football/game/maize-vs-maize-south-wichita/9-18-2026/?c=08c9be60-5f11-4f11-ad6b-5cb03037d64d","/football/ks/ae5?9/18/2026","Mavericks","Eagles","https://www.maxpreps.com/ks/maize/football/","https://www.maxpreps.com/ks/maize-south-wichita/football/","https://hsfootball.net/proxy.php?url=https%3A%2F%2Fimage.maxpreps.io%2Fschool-mascot%2F7%2Fe%2Ff%2F7eff3dee-414b-444d-873f-408a1495f5ec.gif%3Fversion%3D637347291000000000%26amp%3Bwidth%3D128%26amp%3Bheight%3D128%26amp%3Bauto%3Dwebp%26amp%3Bformat%3Dpjpg","https://hsfootball.net/proxy.php?url=https%3A%2F%2Fimage.maxpreps.io%2Fschool-mascot%2Fc%2F6%2F8%2Fc68ec9d8-a703-45ac-9146-f1ec9b29db36.gif%3Fversion%3D637822379400000000%26amp%3Bwidth%3D128%26amp%3Bheight%3D128%26amp%3Bauto%3Dwebp%26amp%3Bformat%3Dpjpg"
34,"Norwich vs Life Prep",Football,"Kansas",9/18/2026,7:00pm,"The Norwich varsity football team has an away non-conference game @  Life Prep (Park City, KS) on Friday, September 18 @ 7p.","/ks/football/game/life-prep-park-city-vs-norwich/9-18-2026/?c=c14f1a58-22c5-4132-a103-eb0a65f021b5","https://www.maxpreps.com/ks/football/game/life-prep-park-city-vs-norwich/9-18-2026/?c=c14f1a58-22c5-4132-a103-eb0a65f021b5","/football/ks/b82?9/18/2026","Eagles","Fire","https://www.maxpreps.com/ks/life-prep-park-city/football/","https://www.maxpreps.com/ks/norwich/football/","https://hsfootball.net/proxy.php?url=https%3A%2F%2Fimage.maxpreps.io%2Fschool-mascot%2Fc%2F6%2Fe%2Fc6e8e03d-7c49-4032-b4de-6b13a48e5ab8.gif%3Fversion%3D637382907600000000%26amp%3Bwidth%3D128%26amp%3Bheight%3D128%26amp%3Bauto%3Dwebp%26amp%3Bformat%3Dpjpg","https://hsfootball.net/proxy.php?url=https%3A%2F%2Fimage.maxpreps.io%2Fschool-mascot%2F8%2F1%2F5%2F815ef483-9ae3-4727-95cd-4ca87fb181c3.gif%3Fversion%3D635455055400000000%26amp%3Bwidth%3D128%26amp%3Bheight%3D128%26amp%3Bauto%3Dwebp%26amp%3Bformat%3Dpjpg"
35,"St. John vs LaCrosse",Football,"Kansas",9/18/2026,7:00pm,"The St. John varsity football team has an away conference game @  LaCrosse (KS) on Friday, September 18 @ 7p.","/ks/football/game/lacrosse-vs-st-john/9-18-2026/?c=1bcba805-c67d-4d36-a48d-00654f74c015","https://www.maxpreps.com/ks/football/game/lacrosse-vs-st-john/9-18-2026/?c=1bcba805-c67d-4d36-a48d-00654f74c015","/football/ks/762?9/18/2026","Tigers","Leopards","https://www.maxpreps.com/ks/lacrosse/football/","https://www.maxpreps.com/ks/st-john/football/","https://hsfootball.net/proxy.php?url=https%3A%2F%2Fimage.maxpreps.io%2Fschool-mascot%2F7%2F6%2F9%2F769c1575-75fe-4caf-bfcb-0abe8bbae8dd.gif%3Fversion%3D636389262000000000%26amp%3Bwidth%3D128%26amp%3Bheight%3D128%26amp%3Bauto%3Dwebp%26amp%3Bformat%3Dpjpg","https://hsfootball.net/proxy.php?url=https%3A%2F%2Fimage.maxpreps.io%2Fschool-mascot%2Ff%2F7%2Ff%2Ff7fd01c0-dae8-4c79-8634-e1094ff8bb74.gif%3Fversion%3D633628098000000000%26amp%3Bwidth%3D128%26amp%3Bheight%3D128%26amp%3Bauto%3Dwebp%26amp%3Bformat%3Dpjpg"
36,"Concordia vs Marysville",Football,"Kansas",9/18/2026,7:00pm,"The Concordia varsity football team has an away conference game @  Marysville (KS) on Friday, September 18 @ 7p.","/ks/football/game/concordia-vs-marysville/9-18-2026/?c=4944d735-d0f4-4261-a485-793981842324","https://www.maxpreps.com/ks/football/game/concordia-vs-marysville/9-18-2026/?c=4944d735-d0f4-4261-a485-793981842324","/football/ks/93d?9/18/2026","Panthers","Bulldogs","https://www.maxpreps.com/ks/concordia/football/","https://www.maxpreps.com/ks/marysville/football/","https://hsfootball.net/proxy.php?url=https%3A%2F%2Fimage.maxpreps.io%2Fschool-mascot%2F7%2F6%2Fe%2F76e4b041-f805-482e-8a7f-11efbf7bfaf3.gif%3Fversion%3D634591320600000000%26amp%3Bwidth%3D128%26amp%3Bheight%3D128%26amp%3Bauto%3Dwebp%26amp%3Bformat%3Dpjpg","https://hsfootball.net/proxy.php?url=https%3A%2F%2Fimage.maxpreps.io%2Fschool-mascot%2Fd%2F6%2Fb%2Fd6bd3ae7-0abd-48b0-9cea-f7ca781a8105.gif%3Fversion%3D635324508600000000%26amp%3Bwidth%3D128%26amp%3Bheight%3D128%26amp%3Bauto%3Dwebp%26amp%3Bformat%3Dpjpg"
37,"Minneola vs South Gray",Football,"Kansas",9/18/2026,7:00pm,"The Minneola varsity football team has an away non-conference game @  South Gray (Montezuma, KS) on Friday, September 18 @ 7p.","/ks/football/game/minneola-vs-south-gray-montezuma/9-18-2026/?c=d7b899aa-1702-4a06-9ddf-255d9903fb74","https://www.maxpreps.com/ks/football/game/minneola-vs-south-gray-montezuma/9-18-2026/?c=d7b899aa-1702-4a06-9ddf-255d9903fb74","/football/ks/cb6?9/18/2026","Wildcats","Rebels","https://www.maxpreps.com/ks/minneola/football/","https://www.maxpreps.com/ks/south-gray-montezuma/football/","https://hsfootball.net/proxy.php?url=https%3A%2F%2Fimage.maxpreps.io%2Fschool-mascot%2F8%2F3%2Fa%2F83ae3554-0acf-4b55-b2c9-5fa4dd507fc4.gif%3Fversion%3D634504505400000000%26amp%3Bwidth%3D128%26amp%3Bheight%3D128%26amp%3Bauto%3Dwebp%26amp%3Bformat%3Dpjpg","https://hsfootball.net/proxy.php?url=https%3A%2F%2Fimage.maxpreps.io%2Fschool-mascot%2Fe%2F3%2F4%2Fe34f2857-639e-409d-923f-6ae23bed2783.gif%3Fversion%3D635450165400000000%26amp%3Bwidth%3D128%26amp%3Bheight%3D128%26amp%3Bauto%3Dwebp%26amp%3Bformat%3Dpjpg"
38,"Logan vs Otis-Bison",Football,"Kansas",9/18/2026,7:00pm,"The Logan varsity football team has an away non-conference game @  Otis-Bison (Otis, KS) on Friday, September 18 @ 7p.","/ks/football/game/logan-vs-otis-bison/9-18-2026/?c=c9209c90-ce4b-4c04-b2d0-88aa355627c8","https://www.maxpreps.com/ks/football/game/logan-vs-otis-bison/9-18-2026/?c=c9209c90-ce4b-4c04-b2d0-88aa355627c8","/football/ks/75b?9/18/2026","Trojans","Cougars","https://www.maxpreps.com/ks/logan/football/","https://www.maxpreps.com/ks/otis-bison/football/","https://hsfootball.net/proxy.php?url=https%3A%2F%2Fimage.maxpreps.io%2Fschool-mascot%2F5%2Fe%2F6%2F5e6d5671-d7f0-4ddd-b2e7-158ea688cce8.gif%3Fversion%3D635121659400000000%26amp%3Bwidth%3D128%26amp%3Bheight%3D128%26amp%3Bauto%3Dwebp%26amp%3Bformat%3Dpjpg","https://hsfootball.net/proxy.php?url=https%3A%2F%2Fimage.maxpreps.io%2Fschool-mascot%2Fd%2Fd%2F4%2Fdd4b819e-3c88-4c46-9474-6e8ded0ceedd.gif%3Fversion%3D635512134600000000%26amp%3Bwidth%3D128%26amp%3Bheight%3D128%26amp%3Bauto%3Dwebp%26amp%3Bformat%3Dpjpg"
39,"Clayton vs Elkhart",Football,"Kansas",9/18/2026,7:00pm,"The Clayton varsity football team has an away non-conference game @  Elkhart (KS) on Friday, September 18 @ 7p.","/inter-state/football/game/clayton-nm-vs-elkhart-ks/9-18-2026/?c=c6c9db34-66e8-451e-b791-80a46a880718","https://www.maxpreps.com/inter-state/football/game/clayton-nm-vs-elkhart-ks/9-18-2026/?c=c6c9db34-66e8-451e-b791-80a46a880718","/football/ks/93b?9/18/2026","Yellowjackets","Wildcats","https://www.maxpreps.com/ks/clayton-nm/football/","https://www.maxpreps.com/ks/elkhart-ks/football/","https://hsfootball.net/proxy.php?url=https%3A%2F%2Fimage.maxpreps.io%2Fschool-mascot%2F6%2F9%2Fb%2F69bdcd27-a2bf-4ea9-8e98-bfa4c958010e.gif%3Fversion%3D637031892000000000%26amp%3Bwidth%3D128%26amp%3Bheight%3D128%26amp%3Bauto%3Dwebp%26amp%3Bformat%3Dpjpg","https://hsfootball.net/proxy.php?url=https%3A%2F%2Fimage.maxpreps.io%2Fschool-mascot%2F7%2F7%2F8%2F778e9aab-0284-4abe-85f9-8c2bb6217a33.gif%3Fversion%3D635803279800000000%26amp%3Bwidth%3D128%26amp%3Bheight%3D128%26amp%3Bauto%3Dwebp%26amp%3Bformat%3Dpjpg"
40,"Rock Creek vs Wamego",Football,"Kansas",9/18/2026,7:00pm,"The Rock Creek varsity football team has an away conference game @  Wamego (KS) on Friday, September 18 @ 7p.","/ks/football/game/rock-creek-st-george-vs-wamego/9-18-2026/?c=ebf3a0f0-266d-4aff-a554-4e95d9668c1a","https://www.maxpreps.com/ks/football/game/rock-creek-st-george-vs-wamego/9-18-2026/?c=ebf3a0f0-266d-4aff-a554-4e95d9668c1a","/football/ks/b63?9/18/2026","Mustangs","Red Raiders","https://www.maxpreps.com/ks/rock-creek-st-george/football/","https://www.maxpreps.com/ks/wamego/football/","https://hsfootball.net/proxy.php?url=https%3A%2F%2Fimage.maxpreps.io%2Fschool-mascot%2F9%2F6%2F1%2F96110ea0-a0ac-4f8d-b7b3-49a4b725e38f.gif%3Fversion%3D637891479000000000%26amp%3Bwidth%3D128%26amp%3Bheight%3D128%26amp%3Bauto%3Dwebp%26amp%3Bformat%3Dpjpg","https://hsfootball.net/proxy.php?url=https%3A%2F%2Fimage.maxpreps.io%2Fschool-mascot%2F8%2F5%2F9%2F85994f3a-51f3-45de-8eb1-88106d80733b.gif%3Fversion%3D636529796400000000%26amp%3Bwidth%3D128%26amp%3Bheight%3D128%26amp%3Bauto%3Dwebp%26amp%3Bformat%3Dpjpg"
41,"Pike Valley vs Rock Hills",Football,"Kansas",9/18/2026,7:00pm,"The Pike Valley varsity football team has an away non-conference game @  Rock Hills (Mankato, KS) on Friday, September 18 @ 7p.","/ks/football/game/pike-valley-scandia-vs-rock-hills-mankato/9-18-2026/?c=112b590d-ed13-4f58-87d2-dca5592c58b7","https://www.maxpreps.com/ks/football/game/pike-valley-scandia-vs-rock-hills-mankato/9-18-2026/?c=112b590d-ed13-4f58-87d2-dca5592c58b7","/football/ks/fb6?9/18/2026","Panthers","Grizzlies","https://www.maxpreps.com/ks/pike-valley-scandia/football/","https://www.maxpreps.com/ks/rock-hills-mankato/football/","https://hsfootball.net/proxy.php?url=https%3A%2F%2Fimage.maxpreps.io%2Fschool-mascot%2F7%2F9%2Fb%2F79bb700a-e249-4a07-95eb-b988a54d6e14.gif%3Fversion%3D636353617200000000%26amp%3Bwidth%3D128%26amp%3Bheight%3D128%26amp%3Bauto%3Dwebp%26amp%3Bformat%3Dpjpg","https://hsfootball.net/proxy.php?url=https%3A%2F%2Fimage.maxpreps.io%2Fschool-mascot%2Ff%2Fe%2Fa%2Ffeaa6067-8a4d-437d-a9ce-52117fb0708f.gif%3Fversion%3D635149307400000000%26amp%3Bwidth%3D128%26amp%3Bheight%3D128%26amp%3Bauto%3Dwebp%26amp%3Bformat%3Dpjpg"
42,"Newton vs Andover Central",Football,"Kansas",9/18/2026,7:00pm,"The Newton varsity football team has an away conference game @  Andover Central (Andover, KS) on Friday, September 18 @ 7p.","/ks/football/game/andover-central-vs-newton/9-18-2026/?c=f5f7ba13-33ba-416f-aafa-63fc8ec9a035","https://www.maxpreps.com/ks/football/game/andover-central-vs-newton/9-18-2026/?c=f5f7ba13-33ba-416f-aafa-63fc8ec9a035","/football/ks/9e3?9/18/2026","Railers","Jaguars","https://www.maxpreps.com/ks/andover-central/football/","https://www.maxpreps.com/ks/newton/football/","https://hsfootball.net/proxy.php?url=https%3A%2F%2Fimage.maxpreps.io%2Fschool-mascot%2Fc%2F0%2Fa%2Fc0a88409-bec6-403b-9d7f-1f0ad98d50f3.gif%3Fversion%3D638301448200000000%26amp%3Bwidth%3D128%26amp%3Bheight%3D128%26amp%3Bauto%3Dwebp%26amp%3Bformat%3Dpjpg","https://hsfootball.net/proxy.php?url=https%3A%2F%2Fimage.maxpreps.io%2Fschool-mascot%2Fa%2F2%2F2%2Fa225734f-6f61-434a-8e38-9b2dc1df85b6.gif%3Fversion%3D637822389000000000%26amp%3Bwidth%3D128%26amp%3Bheight%3D128%26amp%3Bauto%3Dwebp%26amp%3Bformat%3Dpjpg"
43,"Jefferson West vs Silver Lake",Football,"Kansas",9/18/2026,7:00pm,"The Jefferson West varsity football team has an away conference game @  Silver Lake (KS) on Friday, September 18 @ 7p.","/ks/football/game/jefferson-west-meriden-vs-silver-lake/9-18-2026/?c=b8d9ab18-e3a6-442d-9bc1-10a5ce1288c2","https://www.maxpreps.com/ks/football/game/jefferson-west-meriden-vs-silver-lake/9-18-2026/?c=b8d9ab18-e3a6-442d-9bc1-10a5ce1288c2","/football/ks/e65?9/18/2026","Tigers","Eagles","https://www.maxpreps.com/ks/jefferson-west-meriden/football/","https://www.maxpreps.com/ks/silver-lake/football/","https://hsfootball.net/proxy.php?url=https%3A%2F%2Fimage.maxpreps.io%2Fschool-mascot%2Fe%2Fd%2F0%2Fed0e82fd-791b-43a1-bec5-a78e70b7ecc6.gif%3Fversion%3D638930210845181620%26amp%3Bwidth%3D128%26amp%3Bheight%3D128%26amp%3Bauto%3Dwebp%26amp%3Bformat%3Dpjpg","https://hsfootball.net/proxy.php?url=https%3A%2F%2Fimage.maxpreps.io%2Fschool-mascot%2Fb%2F0%2F2%2Fb021d1eb-9b9d-4686-b117-e59fda9f3ee6.gif%3Fversion%3D637822392600000000%26amp%3Bwidth%3D128%26amp%3Bheight%3D128%26amp%3Bauto%3Dwebp%26amp%3Bformat%3Dpjpg"
44,"Prairie View vs Santa Fe Trail",Football,"Kansas",9/18/2026,7:00pm,"The Prairie View varsity football team has an away conference game @  Santa Fe Trail (Carbondale, KS) on Friday, September 18 @ 7p.","/ks/football/game/prairie-view-la-cygne-vs-santa-fe-trail-carbondale/9-18-2026/?c=76f87f30-c0e3-48a8-bcb6-abb3c80807f8","https://www.maxpreps.com/ks/football/game/prairie-view-la-cygne-vs-santa-fe-trail-carbondale/9-18-2026/?c=76f87f30-c0e3-48a8-bcb6-abb3c80807f8","/football/ks/12e4?9/18/2026","Buffalos","Chargers","https://www.maxpreps.com/ks/prairie-view-la-cygne/football/","https://www.maxpreps.com/ks/santa-fe-trail-carbondale/football/","https://hsfootball.net/proxy.php?url=https%3A%2F%2Fimage.maxpreps.io%2Fschool-mascot%2F9%2F9%2F9%2F9996e546-633f-4230-b803-8bc50bee886e.gif%3Fversion%3D637030966800000000%26amp%3Bwidth%3D128%26amp%3Bheight%3D128%26amp%3Bauto%3Dwebp%26amp%3Bformat%3Dpjpg","https://hsfootball.net/proxy.php?url=https%3A%2F%2Fimage.maxpreps.io%2Fschool-mascot%2Fd%2F1%2Fc%2Fd1cd3922-e265-4303-8ede-10f4c6e1d03d.gif%3Fversion%3D637085583600000000%26amp%3Bwidth%3D128%26amp%3Bheight%3D128%26amp%3Bauto%3Dwebp%26amp%3Bformat%3Dpjpg"
45,"Southeast vs Harmon",Football,"Kansas",9/18/2026,7:00pm,"The Southeast varsity football team has an away non-conference game @  Harmon (Kansas City, KS) on Friday, September 18 @ 7p.","/inter-state/football/game/harmon-kansas-city-ks-vs-southeast-kansas-city-mo/9-18-2026/?c=49240aea-f5d0-4813-9a1f-937782b4cf79","https://www.maxpreps.com/inter-state/football/game/harmon-kansas-city-ks-vs-southeast-kansas-city-mo/9-18-2026/?c=49240aea-f5d0-4813-9a1f-937782b4cf79","/football/ks/12e4?9/18/2026","Knights","Hawks","https://www.maxpreps.com/ks/harmon-kansas-city-ks/football/","https://www.maxpreps.com/ks/southeast-kansas-city-mo/football/","https://hsfootball.net/proxy.php?url=https%3A%2F%2Fimage.maxpreps.io%2Fschool-mascot%2F7%2F5%2F0%2F7503b632-c16e-4070-9789-36970ce89111.gif%3Fversion%3D637202353800000000%26amp%3Bwidth%3D128%26amp%3Bheight%3D128%26amp%3Bauto%3Dwebp%26amp%3Bformat%3Dpjpg","https://hsfootball.net/proxy.php?url=https%3A%2F%2Fimage.maxpreps.io%2Fschool-mascot%2F8%2Fb%2Fb%2F8bb4e0f0-64a1-4ffc-98d2-8094179a3a4f.gif%3Fversion%3D636715698000000000%26amp%3Bwidth%3D128%26amp%3Bheight%3D128%26amp%3Bauto%3Dwebp%26amp%3Bformat%3Dpjpg"
46,"Udall vs Stafford",Football,"Kansas",9/18/2026,7:00pm,"The Udall varsity football team has an away non-conference game @  Stafford (KS) on Friday, September 18 @ 7p.","/ks/football/game/stafford-vs-udall/9-18-2026/?c=997eb32a-0da7-478c-8329-4c025636346f","https://www.maxpreps.com/ks/football/game/stafford-vs-udall/9-18-2026/?c=997eb32a-0da7-478c-8329-4c025636346f","/football/ks/6ae?9/18/2026","Eagles","Trojans","https://www.maxpreps.com/ks/stafford/football/","https://www.maxpreps.com/ks/udall/football/","https://hsfootball.net/proxy.php?url=https%3A%2F%2Fimage.maxpreps.io%2Fschool-mascot%2Fe%2F8%2Fb%2Fe8bb546a-ae9d-4f72-a137-3bb3733dfbce.gif%3Fversion%3D633880324200000000%26amp%3Bwidth%3D128%26amp%3Bheight%3D128%26amp%3Bauto%3Dwebp%26amp%3Bformat%3Dpjpg","https://hsfootball.net/proxy.php?url=https%3A%2F%2Fimage.maxpreps.io%2Fschool-mascot%2Fb%2F5%2Fc%2Fb5c68657-042e-4c6d-9147-7fb2b830a625.gif%3Fversion%3D637966953000000000%26amp%3Bwidth%3D128%26amp%3Bheight%3D128%26amp%3Bauto%3Dwebp%26amp%3Bformat%3Dpjpg"
47,"Hillsboro vs Haven",Football,"Kansas",9/18/2026,7:00pm,"The Hillsboro varsity football team has an away non-conference game @  Haven (KS) on Friday, September 18 @ 7p.","/ks/football/game/haven-vs-hillsboro/9-18-2026/?c=09678940-c33b-468e-95a8-a2d630b299e1","https://www.maxpreps.com/ks/football/game/haven-vs-hillsboro/9-18-2026/?c=09678940-c33b-468e-95a8-a2d630b299e1","/football/ks/723?9/18/2026","Trojans","Wildcats","https://www.maxpreps.com/ks/haven/football/","https://www.maxpreps.com/ks/hillsboro/football/","https://hsfootball.net/proxy.php?url=https%3A%2F%2Fimage.maxpreps.io%2Fschool-mascot%2Ff%2Fa%2F3%2Ffa397804-2d57-4ba5-80e6-d5c6fe896e23.gif%3Fversion%3D636482364600000000%26amp%3Bwidth%3D128%26amp%3Bheight%3D128%26amp%3Bauto%3Dwebp%26amp%3Bformat%3Dpjpg","https://hsfootball.net/proxy.php?url=https%3A%2F%2Fimage.maxpreps.io%2Fschool-mascot%2Fb%2F6%2Fb%2Fb6bc4c8c-116e-49b6-8bee-b986ae04cd82.gif%3Fversion%3D637361026200000000%26amp%3Bwidth%3D128%26amp%3Bheight%3D128%26amp%3Bauto%3Dwebp%26amp%3Bformat%3Dpjpg"
48,"Lakeside vs Blue Valley",Football,"Kansas",9/18/2026,7:00pm,"The Lakeside varsity football team has an away non-conference game @  Blue Valley (Randolph, KS) on Friday, September 18 @ 7p.","/ks/football/game/blue-valley-randolph-vs-lakeside-downs/9-18-2026/?c=bde37103-9268-49ea-ac22-303cf57d66b6","https://www.maxpreps.com/ks/football/game/blue-valley-randolph-vs-lakeside-downs/9-18-2026/?c=bde37103-9268-49ea-ac22-303cf57d66b6","/football/ks/ec4?9/18/2026","Knights","Rams","https://www.maxpreps.com/ks/blue-valley-randolph/football/","https://www.maxpreps.com/ks/lakeside-downs/football/","https://hsfootball.net/proxy.php?url=https%3A%2F%2Fimage.maxpreps.io%2Fschool-mascot%2Fe%2F9%2Fe%2Fe9e0fa55-7249-42be-8d07-70643c343572.gif%3Fversion%3D636110873400000000%26amp%3Bwidth%3D128%26amp%3Bheight%3D128%26amp%3Bauto%3Dwebp%26amp%3Bformat%3Dpjpg","https://hsfootball.net/proxy.php?url=https%3A%2F%2Fimage.maxpreps.io%2Fschool-mascot%2Fa%2Fd%2Ff%2Fadf57bf4-2b09-4fdf-8fe7-867907f0ea03.gif%3Fversion%3D635543123400000000%26amp%3Bwidth%3D128%26amp%3Bheight%3D128%26amp%3Bauto%3Dwebp%26amp%3Bformat%3Dpjpg"
49,"South Sumner [Caldwell/South Haven] vs Erie",Football,"Kansas",9/18/2026,7:00pm,"The South Sumner [Caldwell/South Haven] varsity football team has an away non-conference game @  Erie (KS) on Friday, September 18 @ 7p.","/ks/football/game/erie-vs-south-sumner-caldwell-south-haven/9-18-2026/?c=0d5c9988-9753-434b-bd4e-09472da8f1a0","https://www.maxpreps.com/ks/football/game/erie-vs-south-sumner-caldwell-south-haven/9-18-2026/?c=0d5c9988-9753-434b-bd4e-09472da8f1a0","/football/ks/ff6?9/18/2026","Outlaws","Red Devils","https://www.maxpreps.com/ks/erie/football/","https://www.maxpreps.com/ks/south-sumner-caldwell-south-haven/football/","https://hsfootball.net/proxy.php?url=https%3A%2F%2Fimage.maxpreps.io%2Fschool-mascot%2Fe%2F0%2F3%2Fe03233b4-ad5b-45a6-a5b3-03079d4af266.gif%3Fversion%3D638030637600000000%26amp%3Bwidth%3D128%26amp%3Bheight%3D128%26amp%3Bauto%3Dwebp%26amp%3Bformat%3Dpjpg","https://hsfootball.net/proxy.php?url=https%3A%2F%2Fimage.maxpreps.io%2Fschool-mascot%2F8%2Fb%2F2%2F8b2a513e-6e45-4704-845a-7d523c41bd52.gif%3Fversion%3D635217052800000000%26amp%3Bwidth%3D128%26amp%3Bheight%3D128%26amp%3Bauto%3Dwebp%26amp%3Bformat%3Dpjpg"
50,"Centralia vs Doniphan West Highland",Football,"Kansas",9/18/2026,TBD,"The Doniphan West Highland varsity football team has a game @ Centralia (Kansas).","/ks/football/game/centralia-vs-doniphan-west-highland/9-18-2026/?c=0657f6bd-0d59-4baf-ad0b-2325732061ff","https://www.maxpreps.com/ks/football/game/centralia-vs-doniphan-west-highland/9-18-2026/?c=0657f6bd-0d59-4baf-ad0b-2325732061ff","/football/ks/da3?9/18/2026","Centralia","Highland","https://www.maxpreps.com/ks/centralia/football/","https://www.maxpreps.com/ks/doniphan-west-highland/football/","",""
51,"North Wichita vs South Wichita",Football,"Kansas",9/18/2026,TBD,"The South Wichita varsity football team has a game @ North Wichita (Kansas).","/ks/football/game/north-wichita-vs-south-wichita/9-18-2026/?c=db5caf3b-64de-4547-a763-5c11a9503af1","https://www.maxpreps.com/ks/football/game/north-wichita-vs-south-wichita/9-18-2026/?c=db5caf3b-64de-4547-a763-5c11a9503af1","/football/ks/bcd?9/18/2026","Wichita","Wichita","https://www.maxpreps.com/ks/north-wichita/football/","https://www.maxpreps.com/ks/south-wichita/football/","",""
52,"Hayden Topeka Ks vs St Pius X Kansas City Mo",Football,"Kansas",9/18/2026,TBD,"The St Pius X Kansas City Mo varsity football team has a game @ Hayden Topeka Ks (Kansas).","/inter-state/football/game/hayden-topeka-ks-vs-st-pius-x-kansas-city-mo/9-18-2026/?c=448871be-157f-418e-8089-a689a8f766fa","https://www.maxpreps.com/inter-state/football/game/hayden-topeka-ks-vs-st-pius-x-kansas-city-mo/9-18-2026/?c=448871be-157f-418e-8089-a689a8f766fa","/football/ks/108f?9/18/2026","Ks","Mo","https://www.maxpreps.com/ks/hayden-topeka-ks/football/","https://www.maxpreps.com/ks/st-pius-x-kansas-city-mo/football/","",""
53,"Dalhart Tx vs Liberal Ks",Football,"Kansas",9/18/2026,TBD,"The Liberal Ks varsity football team has a game @ Dalhart Tx (Kansas).","/inter-state/football/game/dalhart-tx-vs-liberal-ks/9-18-2026/?c=414cb4ce-3a22-479a-ae54-35ba3ff900dc","https://www.maxpreps.com/inter-state/football/game/dalhart-tx-vs-liberal-ks/9-18-2026/?c=414cb4ce-3a22-479a-ae54-35ba3ff900dc","/football/ks/922?9/18/2026","Tx","Ks","https://www.maxpreps.com/ks/dalhart-tx/football/","https://www.maxpreps.com/ks/liberal-ks/football/","",""
54,"Buhler vs Mcpherson",Football,"Kansas",9/18/2026,TBD,"The Mcpherson varsity football team has a game @ Buhler (Kansas).","/ks/football/game/buhler-vs-mcpherson/9-18-2026/?c=4379ef25-735f-4435-8d9d-cc18c1291686","https://www.maxpreps.com/ks/football/game/buhler-vs-mcpherson/9-18-2026/?c=4379ef25-735f-4435-8d9d-cc18c1291686","/football/ks/794?9/18/2026","Buhler","Mcpherson","https://www.maxpreps.com/ks/buhler/football/","https://www.maxpreps.com/ks/mcpherson/football/","",""
55,"Lincoln vs St Johns Tipton Catholic Beloit",Football,"Kansas",9/18/2026,TBD,"The St Johns Tipton Catholic Beloit varsity football team has a game @ Lincoln (Kansas).","/ks/football/game/lincoln-vs-st-johns-tipton-catholic-beloit/9-18-2026/?c=329210c7-0395-41fa-9ebb-094bab6d6e21","https://www.maxpreps.com/ks/football/game/lincoln-vs-st-johns-tipton-catholic-beloit/9-18-2026/?c=329210c7-0395-41fa-9ebb-094bab6d6e21","/football/ks/1053?9/18/2026","Lincoln","Beloit","https://www.maxpreps.com/ks/lincoln/football/","https://www.maxpreps.com/ks/st-johns-tipton-catholic-beloit/football/","",""
56,"Christ Prep Academy Lenexa Ks vs Savannah Mo",Football,"Kansas",9/18/2026,TBD,"The Savannah Mo varsity football team has a game @ Christ Prep Academy Lenexa Ks (Kansas).","/inter-state/football/game/christ-prep-academy-lenexa-ks-vs-savannah-mo/9-18-2026/?c=7d99c848-ad4f-41c3-9afc-231d39bc8b37","https://www.maxpreps.com/inter-state/football/game/christ-prep-academy-lenexa-ks-vs-savannah-mo/9-18-2026/?c=7d99c848-ad4f-41c3-9afc-231d39bc8b37","/football/ks/10c3?9/18/2026","Ks","Mo","https://www.maxpreps.com/ks/christ-prep-academy-lenexa-ks/football/","https://www.maxpreps.com/ks/savannah-mo/football/","",""
57,"Emporia vs Labette County Altamont",Football,"Kansas",9/18/2026,TBD,"The Labette County Altamont varsity football team has a game @ Emporia (Kansas).","/ks/football/game/emporia-vs-labette-county-altamont/9-18-2026/?c=bf907270-1d45-486d-9aca-df203e1b9bb2","https://www.maxpreps.com/ks/football/game/emporia-vs-labette-county-altamont/9-18-2026/?c=bf907270-1d45-486d-9aca-df203e1b9bb2","/football/ks/d6d?9/18/2026","Emporia","Altamont","https://www.maxpreps.com/ks/emporia/football/","https://www.maxpreps.com/ks/labette-county-altamont/football/","",""
58,"Lansing vs West Topeka",Football,"Kansas",9/18/2026,TBD,"The West Topeka varsity football team has a game @ Lansing (Kansas).","/ks/football/game/lansing-vs-west-topeka/9-18-2026/?c=ad94ed40-e6ca-4923-9f4f-783b32c8759e","https://www.maxpreps.com/ks/football/game/lansing-vs-west-topeka/9-18-2026/?c=ad94ed40-e6ca-4923-9f4f-783b32c8759e","/football/ks/8a3?9/18/2026","Lansing","Topeka","https://www.maxpreps.com/ks/lansing/football/","https://www.maxpreps.com/ks/west-topeka/football/","",""
59,"Decatur Community Oberlin vs Greeley County Tribune",Football,"Kansas",9/18/2026,TBD,"The Greeley County Tribune varsity football team has a game @ Decatur Community Oberlin (Kansas).","/ks/football/game/decatur-community-oberlin-vs-greeley-county-tribune/9-18-2026/?c=3b75ca1c-9090-475f-9ea5-da8d5eb0f2ff","https://www.maxpreps.com/ks/football/game/decatur-community-oberlin-vs-greeley-county-tribune/9-18-2026/?c=3b75ca1c-9090-475f-9ea5-da8d5eb0f2ff","/football/ks/1437?9/18/2026","Oberlin","Tribune","https://www.maxpreps.com/ks/decatur-community-oberlin/football/","https://www.maxpreps.com/ks/greeley-county-tribune/football/","",""
60,"Rawlins County Buffalos Atwood vs Wallace County Sharon Springs",Football,"Kansas",9/18/2026,TBD,"The Wallace County Sharon Springs varsity football team has a game @ Rawlins County Buffalos Atwood (Kansas).","/ks/football/game/rawlins-county-buffalos-atwood-vs-wallace-county-sharon-springs/9-18-2026/?c=3f10a6b7-d7d2-4dde-ab8f-4807d0065f0f","https://www.maxpreps.com/ks/football/game/rawlins-county-buffalos-atwood-vs-wallace-county-sharon-springs/9-18-2026/?c=3f10a6b7-d7d2-4dde-ab8f-4807d0065f0f","/football/ks/18df?9/18/2026","Atwood","Springs","https://www.maxpreps.com/ks/rawlins-county-buffalos-atwood/football/","https://www.maxpreps.com/ks/wallace-county-sharon-springs/football/","",""
61,"Marion vs Trinity Hutchinson",Football,"Kansas",9/18/2026,TBD,"The Trinity Hutchinson varsity football team has a game @ Marion (Kansas).","/ks/football/game/marion-vs-trinity-hutchinson/9-18-2026/?c=d89115eb-7ce9-488b-9157-7d109478c805","https://www.maxpreps.com/ks/football/game/marion-vs-trinity-hutchinson/9-18-2026/?c=d89115eb-7ce9-488b-9157-7d109478c805","/football/ks/b4c?9/18/2026","Marion","Hutchinson","https://www.maxpreps.com/ks/marion/football/","https://www.maxpreps.com/ks/trinity-hutchinson/football/","",""
62,"South Central Coldwater vs Sublette",Football,"Kansas",9/18/2026,TBD,"The Sublette varsity football team has a game @ South Central Coldwater (Kansas).","/ks/football/game/south-central-coldwater-vs-sublette/9-18-2026/?c=072ee213-893b-4f05-a610-42e443601ff1","https://www.maxpreps.com/ks/football/game/south-central-coldwater-vs-sublette/9-18-2026/?c=072ee213-893b-4f05-a610-42e443601ff1","/football/ks/de6?9/18/2026","Coldwater","Sublette","https://www.maxpreps.com/ks/south-central-coldwater/football/","https://www.maxpreps.com/ks/sublette/football/","",""
63,"Sedan vs West Elk Howard",Football,"Kansas",9/18/2026,TBD,"The West Elk Howard varsity football team has a game @ Sedan (Kansas).","/ks/football/game/sedan-vs-west-elk-howard/9-18-2026/?c=00d04cc4-b7a7-436e-9ace-f3b4cafecddc","https://www.maxpreps.com/ks/football/game/sedan-vs-west-elk-howard/9-18-2026/?c=00d04cc4-b7a7-436e-9ace-f3b4cafecddc","/football/ks/92c?9/18/2026","Sedan","Howard","https://www.maxpreps.com/ks/sedan/football/","https://www.maxpreps.com/ks/west-elk-howard/football/","",""
64,"Hoxie vs Trego Wakeeney",Football,"Kansas",9/18/2026,TBD,"The Trego Wakeeney varsity football team has a game @ Hoxie (Kansas).","/ks/football/game/hoxie-vs-trego-wakeeney/9-18-2026/?c=f8d98f0d-dbe1-4b2a-be39-f85323dbbbcb","https://www.maxpreps.com/ks/football/game/hoxie-vs-trego-wakeeney/9-18-2026/?c=f8d98f0d-dbe1-4b2a-be39-f85323dbbbcb","/football/ks/907?9/18/2026","Hoxie","Wakeeney","https://www.maxpreps.com/ks/hoxie/football/","https://www.maxpreps.com/ks/trego-wakeeney/football/","",""
65,"Field Kindley Coffeyville vs Parsons",Football,"Kansas",9/18/2026,TBD,"The Parsons varsity football team has a game @ Field Kindley Coffeyville (Kansas).","/ks/football/game/field-kindley-coffeyville-vs-parsons/9-18-2026/?c=28e67e2a-2b73-467f-bdda-ae9a1d51ba29","https://www.maxpreps.com/ks/football/game/field-kindley-coffeyville-vs-parsons/9-18-2026/?c=28e67e2a-2b73-467f-bdda-ae9a1d51ba29","/football/ks/e2f?9/18/2026","Coffeyville","Parsons","https://www.maxpreps.com/ks/field-kindley-coffeyville/football/","https://www.maxpreps.com/ks/parsons/football/","",""
66,"Pretty Prairie vs Skyline Pratt",Football,"Kansas",9/18/2026,TBD,"The Skyline Pratt varsity football team has a game @ Pretty Prairie (Kansas).","/ks/football/game/pretty-prairie-vs-skyline-pratt/9-18-2026/?c=2b92812b-71fd-4b63-bf87-726e3f537938","https://www.maxpreps.com/ks/football/game/pretty-prairie-vs-skyline-pratt/9-18-2026/?c=2b92812b-71fd-4b63-bf87-726e3f537938","/football/ks/c5b?9/18/2026","Prairie","Pratt","https://www.maxpreps.com/ks/pretty-prairie/football/","https://www.maxpreps.com/ks/skyline-pratt/football/","",""
67,"Leavenworth vs Spring Hill",Football,"Kansas",9/18/2026,TBD,"The Spring Hill varsity football team has a game @ Leavenworth (Kansas).","/ks/football/game/leavenworth-vs-spring-hill/9-18-2026/?c=028c508a-8315-490e-87af-5e2d05d8ddf4","https://www.maxpreps.com/ks/football/game/leavenworth-vs-spring-hill/9-18-2026/?c=028c508a-8315-490e-87af-5e2d05d8ddf4","/football/ks/a5b?9/18/2026","Leavenworth","Hill","https://www.maxpreps.com/ks/leavenworth/football/","https://www.maxpreps.com/ks/spring-hill/football/","",""
68,"Osborne vs Sylvan Lucas Sylvan Grove",Football,"Kansas",9/18/2026,TBD,"The Sylvan Lucas Sylvan Grove varsity football team has a game @ Osborne (Kansas).","/ks/football/game/osborne-vs-sylvan-lucas-sylvan-grove/9-18-2026/?c=7df48404-e1b9-461f-ab34-a7506f0358e7","https://www.maxpreps.com/ks/football/game/osborne-vs-sylvan-lucas-sylvan-grove/9-18-2026/?c=7df48404-e1b9-461f-ab34-a7506f0358e7","/football/ks/e37?9/18/2026","Osborne","Grove","https://www.maxpreps.com/ks/osborne/football/","https://www.maxpreps.com/ks/sylvan-lucas-sylvan-grove/football/","",""
69,"Clearwater vs El Dorado",Football,"Kansas",9/18/2026,TBD,"The El Dorado varsity football team has a game @ Clearwater (Kansas).","/ks/football/game/clearwater-vs-el-dorado/9-18-2026/?c=08469caa-83b3-48b8-adfb-01a6aefeca06","https://www.maxpreps.com/ks/football/game/clearwater-vs-el-dorado/9-18-2026/?c=08469caa-83b3-48b8-adfb-01a6aefeca06","/football/ks/8e4?9/18/2026","Clearwater","Dorado","https://www.maxpreps.com/ks/clearwater/football/","https://www.maxpreps.com/ks/el-dorado/football/","",""
70,"Maur Hill Prep Mount Academy Ravens Atchison vs Riverside Wathena Elwood",Football,"Kansas",9/18/2026,TBD,"The Riverside Wathena Elwood varsity football team has a game @ Maur Hill Prep Mount Academy Ravens Atchison (Kansas).","/ks/football/game/maur-hill-prep-mount-academy-ravens-atchison-vs-riverside-wathena-elwood/9-18-2026/?c=540eff47-7fef-49a0-b46a-6d47f0c05101","https://www.maxpreps.com/ks/football/game/maur-hill-prep-mount-academy-ravens-atchison-vs-riverside-wathena-elwood/9-18-2026/?c=540eff47-7fef-49a0-b46a-6d47f0c05101","/football/ks/1bee?9/18/2026","Atchison","Elwood","https://www.maxpreps.com/ks/maur-hill-prep-mount-academy-ravens-atchison/football/","https://www.maxpreps.com/ks/riverside-wathena-elwood/football/","",""
71,"Bishop Ward Kansas City vs Sumner Academy Kansas City",Football,"Kansas",9/18/2026,TBD,"The Sumner Academy Kansas City varsity football team has a game @ Bishop Ward Kansas City (Kansas).","/ks/football/game/bishop-ward-kansas-city-vs-sumner-academy-kansas-city/9-18-2026/?c=97e07d6d-51ae-4bbc-8bbf-e129c3832897","https://www.maxpreps.com/ks/football/game/bishop-ward-kansas-city-vs-sumner-academy-kansas-city/9-18-2026/?c=97e07d6d-51ae-4bbc-8bbf-e129c3832897","/football/ks/1466?9/18/2026","City","City","https://www.maxpreps.com/ks/bishop-ward-kansas-city/football/","https://www.maxpreps.com/ks/sumner-academy-kansas-city/football/","",""
72,"Gardner Edgerton vs Lawrence Free State",Football,"Kansas",9/18/2026,TBD,"The Lawrence Free State varsity football team has a game @ Gardner Edgerton (Kansas).","/ks/football/game/gardner-edgerton-vs-lawrence-free-state/9-18-2026/?c=a7496f56-4180-4150-beb6-e907487ccb89","https://www.maxpreps.com/ks/football/game/gardner-edgerton-vs-lawrence-free-state/9-18-2026/?c=a7496f56-4180-4150-beb6-e907487ccb89","/football/ks/f19?9/18/2026","Edgerton","State","https://www.maxpreps.com/ks/gardner-edgerton/football/","https://www.maxpreps.com/ks/lawrence-free-state/football/","",""
73,"Atchison vs Highland Park Topeka",Football,"Kansas",9/18/2026,TBD,"The Highland Park Topeka varsity football team has a game @ Atchison (Kansas).","/ks/football/game/atchison-vs-highland-park-topeka/9-18-2026/?c=dc6555e5-ccea-4973-ae41-e0ee3643afe7","https://www.maxpreps.com/ks/football/game/atchison-vs-highland-park-topeka/9-18-2026/?c=dc6555e5-ccea-4973-ae41-e0ee3643afe7","/football/ks/c67?9/18/2026","Atchison","Topeka","https://www.maxpreps.com/ks/atchison/football/","https://www.maxpreps.com/ks/highland-park-topeka/football/","",""
74,"Shawnee Mission North vs Shawnee Mission Northwest",Football,"Kansas",9/18/2026,TBD,"The Shawnee Mission Northwest varsity football team has a game @ Shawnee Mission North (Kansas).","/ks/football/game/shawnee-mission-north-vs-shawnee-mission-northwest/9-18-2026/?c=035d4818-0298-412c-91d1-bec8a94a54ac","https://www.maxpreps.com/ks/football/game/shawnee-mission-north-vs-shawnee-mission-northwest/9-18-2026/?c=035d4818-0298-412c-91d1-bec8a94a54ac","/football/ks/13ea?9/18/2026","North","Northwest","https://www.maxpreps.com/ks/shawnee-mission-north/football/","https://www.maxpreps.com/ks/shawnee-mission-northwest/football/","",""
75,"Ellinwood vs Moundridge",Football,"Kansas",9/18/2026,TBD,"The Moundridge varsity football team has a game @ Ellinwood (Kansas).","/ks/football/game/ellinwood-vs-moundridge/9-18-2026/?c=3f80801f-d1b7-430a-8ecb-b011d1655436","https://www.maxpreps.com/ks/football/game/ellinwood-vs-moundridge/9-18-2026/?c=3f80801f-d1b7-430a-8ecb-b011d1655436","/football/ks/93e?9/18/2026","Ellinwood","Moundridge","https://www.maxpreps.com/ks/ellinwood/football/","https://www.maxpreps.com/ks/moundridge/football/","",""
76,"Dodge City vs Manhattan",Football,"Kansas",9/18/2026,TBD,"The Manhattan varsity football team has a game @ Dodge City (Kansas).","/ks/football/game/dodge-city-vs-manhattan/9-18-2026/?c=5a58d13b-212b-490c-b54d-ce254ddba381","https://www.maxpreps.com/ks/football/game/dodge-city-vs-manhattan/9-18-2026/?c=5a58d13b-212b-490c-b54d-ce254ddba381","/football/ks/8e8?9/18/2026","City","Manhattan","https://www.maxpreps.com/ks/dodge-city/football/","https://www.maxpreps.com/ks/manhattan/football/","",""
77,"Nickerson vs Smoky Valley Lindsborg",Football,"Kansas",9/18/2026,TBD,"The Smoky Valley Lindsborg varsity football team has a game @ Nickerson (Kansas).","/ks/football/game/nickerson-vs-smoky-valley-lindsborg/9-18-2026/?c=d8935bc4-f3e5-4ea1-a6a8-2649a1a43247","https://www.maxpreps.com/ks/football/game/nickerson-vs-smoky-valley-lindsborg/9-18-2026/?c=d8935bc4-f3e5-4ea1-a6a8-2649a1a43247","/football/ks/ded?9/18/2026","Nickerson","Lindsborg","https://www.maxpreps.com/ks/nickerson/football/","https://www.maxpreps.com/ks/smoky-valley-lindsborg/football/","",""
78,"Clay Center vs Osawatomie",Football,"Kansas",9/18/2026,TBD,"The Osawatomie varsity football team has a game @ Clay Center (Kansas).","/ks/football/game/clay-center-vs-osawatomie/9-18-2026/?c=1faacc39-64da-461d-9ca9-c6bba210b42a","https://www.maxpreps.com/ks/football/game/clay-center-vs-osawatomie/9-18-2026/?c=1faacc39-64da-461d-9ca9-c6bba210b42a","/football/ks/9d3?9/18/2026","Center","Osawatomie","https://www.maxpreps.com/ks/clay-center/football/","https://www.maxpreps.com/ks/osawatomie/football/","",""
79,"Andover vs Valley Center",Football,"Kansas",9/18/2026,TBD,"The Valley Center varsity football team has a game @ Andover (Kansas).","/ks/football/game/andover-vs-valley-center/9-18-2026/?c=78d555ce-2782-4740-ab81-8d7677ccc243","https://www.maxpreps.com/ks/football/game/andover-vs-valley-center/9-18-2026/?c=78d555ce-2782-4740-ab81-8d7677ccc243","/football/ks/96d?9/18/2026","Andover","Center","https://www.maxpreps.com/ks/andover/football/","https://www.maxpreps.com/ks/valley-center/football/","",""
80,"Council Grove vs West Franklin Pomona",Football,"Kansas",9/18/2026,TBD,"The West Franklin Pomona varsity football team has a game @ Council Grove (Kansas).","/ks/football/game/council-grove-vs-west-franklin-pomona/9-18-2026/?c=5f904e2d-fb56-48fb-9b6a-d3c202034630","https://www.maxpreps.com/ks/football/game/council-grove-vs-west-franklin-pomona/9-18-2026/?c=5f904e2d-fb56-48fb-9b6a-d3c202034630","/football/ks/e7c?9/18/2026","Grove","Pomona","https://www.maxpreps.com/ks/council-grove/football/","https://www.maxpreps.com/ks/west-franklin-pomona/football/","",""
81,"Chase vs Palco",Football,"Kansas",9/18/2026,TBD,"The Palco varsity football team has a game @ Chase (Kansas).","/ks/football/game/chase-vs-palco/9-18-2026/?c=61422513-f5dc-4882-a622-bca9d1087f54","https://www.maxpreps.com/ks/football/game/chase-vs-palco/9-18-2026/?c=61422513-f5dc-4882-a622-bca9d1087f54","/football/ks/556?9/18/2026","Chase","Palco","https://www.maxpreps.com/ks/chase/football/","https://www.maxpreps.com/ks/palco/football/","",""
82,"Goodland vs Lakin",Football,"Kansas",9/18/2026,TBD,"The Lakin varsity football team has a game @ Goodland (Kansas).","/ks/football/game/goodland-vs-lakin/9-18-2026/?c=344d5d47-d4fa-491e-86da-bcfef93bf436","https://www.maxpreps.com/ks/football/game/goodland-vs-lakin/9-18-2026/?c=344d5d47-d4fa-491e-86da-bcfef93bf436","/football/ks/69a?9/18/2026","Goodland","Lakin","https://www.maxpreps.com/ks/goodland/football/","https://www.maxpreps.com/ks/lakin/football/","",""
83,"Baxter Springs Ks vs Quapaw Ok",Football,"Kansas",9/18/2026,TBD,"The Quapaw Ok varsity football team has a game @ Baxter Springs Ks (Kansas).","/inter-state/football/game/baxter-springs-ks-vs-quapaw-ok/9-18-2026/?c=b4ec6247-e3bd-46a2-b7a9-25a6beaeb8a6","https://www.maxpreps.com/inter-state/football/game/baxter-springs-ks-vs-quapaw-ok/9-18-2026/?c=b4ec6247-e3bd-46a2-b7a9-25a6beaeb8a6","/football/ks/b9d?9/18/2026","Ks","Ok","https://www.maxpreps.com/ks/baxter-springs-ks/football/","https://www.maxpreps.com/ks/quapaw-ok/football/","",""
84,"Goessel vs Hartford",Football,"Kansas",9/18/2026,TBD,"The Hartford varsity football team has a game @ Goessel (Kansas).","/ks/football/game/goessel-vs-hartford/9-18-2026/?c=4d5d9840-107b-4997-bc6b-edc824b6d65c","https://www.maxpreps.com/ks/football/game/goessel-vs-hartford/9-18-2026/?c=4d5d9840-107b-4997-bc6b-edc824b6d65c","/football/ks/78f?9/18/2026","Goessel","Hartford","https://www.maxpreps.com/ks/goessel/football/","https://www.maxpreps.com/ks/hartford/football/","",""
85,"Chetopa vs Southern Coffey County Leroy",Football,"Kansas",9/18/2026,TBD,"The Southern Coffey County Leroy varsity football team has a game @ Chetopa (Kansas).","/ks/football/game/chetopa-vs-southern-coffey-county-leroy/9-18-2026/?c=fd763cc2-0776-48e1-a8f7-196cf5890a93","https://www.maxpreps.com/ks/football/game/chetopa-vs-southern-coffey-county-leroy/9-18-2026/?c=fd763cc2-0776-48e1-a8f7-196cf5890a93","/football/ks/f6f?9/18/2026","Chetopa","Leroy","https://www.maxpreps.com/ks/chetopa/football/","https://www.maxpreps.com/ks/southern-coffey-county-leroy/football/","",""
86,"Nemaha Central Seneca vs Royal Valley Hoyt",Football,"Kansas",9/18/2026,TBD,"The Royal Valley Hoyt varsity football team has a game @ Nemaha Central Seneca (Kansas).","/ks/football/game/nemaha-central-seneca-vs-royal-valley-hoyt/9-18-2026/?c=889f2385-8257-4f8d-9417-45cafd69dab1","https://www.maxpreps.com/ks/football/game/nemaha-central-seneca-vs-royal-valley-hoyt/9-18-2026/?c=889f2385-8257-4f8d-9417-45cafd69dab1","/football/ks/1031?9/18/2026","Seneca","Hoyt","https://www.maxpreps.com/ks/nemaha-central-seneca/football/","https://www.maxpreps.com/ks/royal-valley-hoyt/football/","",""
87,"Onaga vs Wabaunsee Alma",Football,"Kansas",9/18/2026,TBD,"The Wabaunsee Alma varsity football team has a game @ Onaga (Kansas).","/ks/football/game/onaga-vs-wabaunsee-alma/9-18-2026/?c=ec53c53a-766d-4d33-b787-a78ebe223cb0","https://www.maxpreps.com/ks/football/game/onaga-vs-wabaunsee-alma/9-18-2026/?c=ec53c53a-766d-4d33-b787-a78ebe223cb0","/football/ks/8cc?9/18/2026","Onaga","Alma","https://www.maxpreps.com/ks/onaga/football/","https://www.maxpreps.com/ks/wabaunsee-alma/football/","",""
88,"Halstead vs Larned",Football,"Kansas",9/18/2026,TBD,"The Larned varsity football team has a game @ Halstead (Kansas).","/ks/football/game/halstead-vs-larned/9-18-2026/?c=9bea3321-650c-41b5-891d-a75af0edda6e","https://www.maxpreps.com/ks/football/game/halstead-vs-larned/9-18-2026/?c=9bea3321-650c-41b5-891d-a75af0edda6e","/football/ks/6ff?9/18/2026","Halstead","Larned","https://www.maxpreps.com/ks/halstead/football/","https://www.maxpreps.com/ks/larned/football/","",""
89,"Derby vs Haysville Campus Wichita",Football,"Kansas",9/18/2026,TBD,"The Haysville Campus Wichita varsity football team has a game @ Derby (Kansas).","/ks/football/game/derby-vs-haysville-campus-wichita/9-18-2026/?c=b458bda1-a9f2-4293-a0a6-61463c283fe7","https://www.maxpreps.com/ks/football/game/derby-vs-haysville-campus-wichita/9-18-2026/?c=b458bda1-a9f2-4293-a0a6-61463c283fe7","/football/ks/cf6?9/18/2026","Derby","Wichita","https://www.maxpreps.com/ks/derby/football/","https://www.maxpreps.com/ks/haysville-campus-wichita/football/","",""
90,"Caney Valley vs Humboldt",Football,"Kansas",9/18/2026,TBD,"The Humboldt varsity football team has a game @ Caney Valley (Kansas).","/ks/football/game/caney-valley-vs-humboldt/9-18-2026/?c=1811a177-082d-46a9-8c28-1dff669a84e4","https://www.maxpreps.com/ks/football/game/caney-valley-vs-humboldt/9-18-2026/?c=1811a177-082d-46a9-8c28-1dff669a84e4","/football/ks/96c?9/18/2026","Valley","Humboldt","https://www.maxpreps.com/ks/caney-valley/football/","https://www.maxpreps.com/ks/humboldt/football/","",""
91,"Inman vs Sterling",Football,"Kansas",9/18/2026,TBD,"The Sterling varsity football team has a game @ Inman (Kansas).","/ks/football/game/inman-vs-sterling/9-18-2026/?c=33056352-1e7d-4bd8-b693-3811e05530b7","https://www.maxpreps.com/ks/football/game/inman-vs-sterling/9-18-2026/?c=33056352-1e7d-4bd8-b693-3811e05530b7","/football/ks/6be?9/18/2026","Inman","Sterling","https://www.maxpreps.com/ks/inman/football/","https://www.maxpreps.com/ks/sterling/football/","",""
92,"Hutchinson vs Salina South",Football,"Kansas",9/18/2026,TBD,"The Salina South varsity football team has a game @ Hutchinson (Kansas).","/ks/football/game/hutchinson-vs-salina-south/9-18-2026/?c=bbef0ebe-d3f3-48c2-8608-aec79f795ca9","https://www.maxpreps.com/ks/football/game/hutchinson-vs-salina-south/9-18-2026/?c=bbef0ebe-d3f3-48c2-8608-aec79f795ca9","/football/ks/a5e?9/18/2026","Hutchinson","South","https://www.maxpreps.com/ks/hutchinson/football/","https://www.maxpreps.com/ks/salina-south/football/","",""
93,"Bonner Springs vs Pittsburg",Football,"Kansas",9/18/2026,TBD,"The Pittsburg varsity football team has a game @ Bonner Springs (Kansas).","/ks/football/game/bonner-springs-vs-pittsburg/9-18-2026/?c=c7aea64d-b013-4b47-9d1b-a8284354a5dd","https://www.maxpreps.com/ks/football/game/bonner-springs-vs-pittsburg/9-18-2026/?c=c7aea64d-b013-4b47-9d1b-a8284354a5dd","/football/ks/ade?9/18/2026","Springs","Pittsburg","https://www.maxpreps.com/ks/bonner-springs/football/","https://www.maxpreps.com/ks/pittsburg/football/","",""
94,"Mclouth vs Valley Falls",Football,"Kansas",9/18/2026,TBD,"The Valley Falls varsity football team has a game @ Mclouth (Kansas).","/ks/football/game/mclouth-vs-valley-falls/9-18-2026/?c=6c910afe-3c9e-487d-b6ac-6e41ab21b398","https://www.maxpreps.com/ks/football/game/mclouth-vs-valley-falls/9-18-2026/?c=6c910afe-3c9e-487d-b6ac-6e41ab21b398","/football/ks/90b?9/18/2026","Mclouth","Falls","https://www.maxpreps.com/ks/mclouth/football/","https://www.maxpreps.com/ks/valley-falls/football/","",""
95,"Washington Kansas City vs Wyandotte Kansas City",Football,"Kansas",9/18/2026,TBD,"The Wyandotte Kansas City varsity football team has a game @ Washington Kansas City (Kansas).","/ks/football/game/washington-kansas-city-vs-wyandotte-kansas-city/9-18-2026/?c=3a01ccc6-0508-4ba4-b96f-a636a72bcd5b","https://www.maxpreps.com/ks/football/game/washington-kansas-city-vs-wyandotte-kansas-city/9-18-2026/?c=3a01ccc6-0508-4ba4-b96f-a636a72bcd5b","/football/ks/128c?9/18/2026","City","City","https://www.maxpreps.com/ks/washington-kansas-city/football/","https://www.maxpreps.com/ks/wyandotte-kansas-city/football/","",""
96,"Augusta vs Circle Towanda",Football,"Kansas",9/18/2026,TBD,"The Circle Towanda varsity football team has a game @ Augusta (Kansas).","/ks/football/game/augusta-vs-circle-towanda/9-18-2026/?c=7aeec4de-a3c6-4f8c-a500-0981c8a74c82","https://www.maxpreps.com/ks/football/game/augusta-vs-circle-towanda/9-18-2026/?c=7aeec4de-a3c6-4f8c-a500-0981c8a74c82","/football/ks/9ca?9/18/2026","Augusta","Towanda","https://www.maxpreps.com/ks/augusta/football/","https://www.maxpreps.com/ks/circle-towanda/football/","",""
97,"Holcomb vs Ulysses",Football,"Kansas",9/18/2026,TBD,"The Ulysses varsity football team has a game @ Holcomb (Kansas).","/ks/football/game/holcomb-vs-ulysses/9-18-2026/?c=888e76f3-b661-473f-9ffa-63b87cfaa32a","https://www.maxpreps.com/ks/football/game/holcomb-vs-ulysses/9-18-2026/?c=888e76f3-b661-473f-9ffa-63b87cfaa32a","/football/ks/73f?9/18/2026","Holcomb","Ulysses","https://www.maxpreps.com/ks/holcomb/football/","https://www.maxpreps.com/ks/ulysses/football/","",""
98,"Perry Lecompton Bishop Seabury Academy vs St Marys",Football,"Kansas",9/18/2026,TBD,"The St Marys varsity football team has a game @ Perry Lecompton Bishop Seabury Academy (Kansas).","/ks/football/game/perry-lecompton-bishop-seabury-academy-vs-st-marys/9-18-2026/?c=ba8f3da1-dee2-4c17-ad43-9a81b3b15c75","https://www.maxpreps.com/ks/football/game/perry-lecompton-bishop-seabury-academy-vs-st-marys/9-18-2026/?c=ba8f3da1-dee2-4c17-ad43-9a81b3b15c75","/football/ks/138e?9/18/2026","Academy","Marys","https://www.maxpreps.com/ks/perry-lecompton-bishop-seabury-academy/football/","https://www.maxpreps.com/ks/st-marys/football/","",""
99,"Cimarron vs Colby",Football,"Kansas",9/18/2026,TBD,"The Colby varsity football team has a game @ Cimarron (Kansas).","/ks/football/game/cimarron-vs-colby/9-18-2026/?c=223667a6-616e-41a0-b4e2-98fd6043b144","https://www.maxpreps.com/ks/football/game/cimarron-vs-colby/9-18-2026/?c=223667a6-616e-41a0-b4e2-98fd6043b144","/football/ks/6b7?9/18/2026","Cimarron","Colby","https://www.maxpreps.com/ks/cimarron/football/","https://www.maxpreps.com/ks/colby/football/","",""
100,"Mission Valley Eskridge vs Olpe",Football,"Kansas",9/18/2026,TBD,"The Olpe varsity football team has a game @ Mission Valley Eskridge (Kansas).","/ks/football/game/mission-valley-eskridge-vs-olpe/9-18-2026/?c=45bdf1f2-26fe-47c5-b977-f9fccf793626","https://www.maxpreps.com/ks/football/game/mission-valley-eskridge-vs-olpe/9-18-2026/?c=45bdf1f2-26fe-47c5-b977-f9fccf793626","/football/ks/c2a?9/18/2026","Eskridge","Olpe","https://www.maxpreps.com/ks/mission-valley-eskridge/football/","https://www.maxpreps.com/ks/olpe/football/","",""
101,"Cornerstone Family Topeka vs Sunrise Christian Academy Bel Aire",Football,"Kansas",9/18/2026,TBD,"The Sunrise Christian Academy Bel Aire varsity football team has a game @ Cornerstone Family Topeka (Kansas).","/ks/football/game/cornerstone-family-topeka-vs-sunrise-christian-academy-bel-aire/9-18-2026/?c=233b3151-3a6a-48ca-a339-7afc5f0d7936","https://www.maxpreps.com/ks/football/game/cornerstone-family-topeka-vs-sunrise-christian-academy-bel-aire/9-18-2026/?c=233b3151-3a6a-48ca-a339-7afc5f0d7936","/football/ks/187f?9/18/2026","Topeka","Aire","https://www.maxpreps.com/ks/cornerstone-family-topeka/football/","https://www.maxpreps.com/ks/sunrise-christian-academy-bel-aire/football/","",""
102,"Central Christian Hutchinson vs Cunningham",Football,"Kansas",9/18/2026,TBD,"The Cunningham varsity football team has a game @ Central Christian Hutchinson (Kansas).","/ks/football/game/central-christian-hutchinson-vs-cunningham/9-18-2026/?c=4aeac756-ba85-4b76-b4d9-13f7553fd99d","https://www.maxpreps.com/ks/football/game/central-christian-hutchinson-vs-cunningham/9-18-2026/?c=4aeac756-ba85-4b76-b4d9-13f7553fd99d","/football/ks/10b6?9/18/2026","Hutchinson","Cunningham","https://www.maxpreps.com/ks/central-christian-hutchinson/football/","https://www.maxpreps.com/ks/cunningham/football/","",""
103,"Heights Wichita vs West Wichita",Football,"Kansas",9/18/2026,TBD,"The West Wichita varsity football team has a game @ Heights Wichita (Kansas).","/ks/football/game/heights-wichita-vs-west-wichita/9-18-2026/?c=9975bc05-fbc0-4d88-af81-7dc7070dec16","https://www.maxpreps.com/ks/football/game/heights-wichita-vs-west-wichita/9-18-2026/?c=9975bc05-fbc0-4d88-af81-7dc7070dec16","/football/ks/c1e?9/18/2026","Wichita","Wichita","https://www.maxpreps.com/ks/heights-wichita/football/","https://www.maxpreps.com/ks/west-wichita/football/","",""
104,"Mulvane vs Winfield",Football,"Kansas",9/18/2026,TBD,"The Winfield varsity football team has a game @ Mulvane (Kansas).","/ks/football/game/mulvane-vs-winfield/9-18-2026/?c=35852692-551a-4070-932d-4de9c606f8a8","https://www.maxpreps.com/ks/football/game/mulvane-vs-winfield/9-18-2026/?c=35852692-551a-4070-932d-4de9c606f8a8","/football/ks/78d?9/18/2026","Mulvane","Winfield","https://www.maxpreps.com/ks/mulvane/football/","https://www.maxpreps.com/ks/winfield/football/","",""
105,"Olathe East vs Olathe South",Football,"Kansas",9/18/2026,TBD,"The Olathe South varsity football team has a game @ Olathe East (Kansas).","/ks/football/game/olathe-east-vs-olathe-south/9-18-2026/?c=a865783c-3fa4-4512-a5b0-7b6b5b14ffc5","https://www.maxpreps.com/ks/football/game/olathe-east-vs-olathe-south/9-18-2026/?c=a865783c-3fa4-4512-a5b0-7b6b5b14ffc5","/football/ks/a77?9/18/2026","East","South","https://www.maxpreps.com/ks/olathe-east/football/","https://www.maxpreps.com/ks/olathe-south/football/","",""
106,"Olathe North vs Shawnee Mission South",Football,"Kansas",9/18/2026,TBD,"The Shawnee Mission South varsity football team has a game @ Olathe North (Kansas).","/ks/football/game/olathe-north-vs-shawnee-mission-south/9-18-2026/?c=4d4772d8-b1ff-4b1c-b08b-23a0551c782c","https://www.maxpreps.com/ks/football/game/olathe-north-vs-shawnee-mission-south/9-18-2026/?c=4d4772d8-b1ff-4b1c-b08b-23a0551c782c","/football/ks/e92?9/18/2026","North","South","https://www.maxpreps.com/ks/olathe-north/football/","https://www.maxpreps.com/ks/shawnee-mission-south/football/","",""
107,"Hugoton vs Reno County Homeschool Hutchinson",Football,"Kansas",9/18/2026,TBD,"The Reno County Homeschool Hutchinson varsity football team has a game @ Hugoton (Kansas).","/ks/football/game/hugoton-vs-reno-county-homeschool-hutchinson/9-18-2026/?c=36e8071d-d333-45b8-b741-8c5400376eb5","https://www.maxpreps.com/ks/football/game/hugoton-vs-reno-county-homeschool-hutchinson/9-18-2026/?c=36e8071d-d333-45b8-b741-8c5400376eb5","/football/ks/1198?9/18/2026","Hugoton","Hutchinson","https://www.maxpreps.com/ks/hugoton/football/","https://www.maxpreps.com/ks/reno-county-homeschool-hutchinson/football/","",""
108,"Ottawa vs Paola",Football,"Kansas",9/18/2026,TBD,"The Paola varsity football team has a game @ Ottawa (Kansas).","/ks/football/game/ottawa-vs-paola/9-18-2026/?c=ef892835-5173-4bf5-a67c-87d75f241b46","https://www.maxpreps.com/ks/football/game/ottawa-vs-paola/9-18-2026/?c=ef892835-5173-4bf5-a67c-87d75f241b46","/football/ks/5e0?9/18/2026","Ottawa","Paola","https://www.maxpreps.com/ks/ottawa/football/","https://www.maxpreps.com/ks/paola/football/","",""
109,"Junction City vs Northwest Wichita",Football,"Kansas",9/18/2026,TBD,"The Northwest Wichita varsity football team has a game @ Junction City (Kansas).","/ks/football/game/junction-city-vs-northwest-wichita/9-18-2026/?c=d53a623d-c586-410e-8fe6-de2ed382a350","https://www.maxpreps.com/ks/football/game/junction-city-vs-northwest-wichita/9-18-2026/?c=d53a623d-c586-410e-8fe6-de2ed382a350","/football/ks/d97?9/18/2026","City","Wichita","https://www.maxpreps.com/ks/junction-city/football/","https://www.maxpreps.com/ks/northwest-wichita/football/","",""
110,"Abilene vs Chapman",Football,"Kansas",9/18/2026,TBD,"The Chapman varsity football team has a game @ Abilene (Kansas).","/ks/football/game/abilene-vs-chapman/9-18-2026/?c=3045c0cf-b366-42a3-85b7-0a95d19dc9a1","https://www.maxpreps.com/ks/football/game/abilene-vs-chapman/9-18-2026/?c=3045c0cf-b366-42a3-85b7-0a95d19dc9a1","/football/ks/6eb?9/18/2026","Abilene","Chapman","https://www.maxpreps.com/ks/abilene/football/","https://www.maxpreps.com/ks/chapman/football/","",""
111,"Basehor Linwood vs De Soto",Football,"Kansas",9/18/2026,TBD,"The De Soto varsity football team has a game @ Basehor Linwood (Kansas).","/ks/football/game/basehor-linwood-vs-de-soto/9-18-2026/?c=110a8a0b-a824-4cc2-8018-e2a006d099bb","https://www.maxpreps.com/ks/football/game/basehor-linwood-vs-de-soto/9-18-2026/?c=110a8a0b-a824-4cc2-8018-e2a006d099bb","/football/ks/a0b?9/18/2026","Linwood","Soto","https://www.maxpreps.com/ks/basehor-linwood/football/","https://www.maxpreps.com/ks/de-soto/football/","",""
112,"Dighton vs Wichita County Leoti",Football,"Kansas",9/18/2026,TBD,"The Wichita County Leoti varsity football team has a game @ Dighton (Kansas).","/ks/football/game/dighton-vs-wichita-county-leoti/9-18-2026/?c=11885219-4a38-45df-bfc9-dbae50638c9d","https://www.maxpreps.com/ks/football/game/dighton-vs-wichita-county-leoti/9-18-2026/?c=11885219-4a38-45df-bfc9-dbae50638c9d","/football/ks/c32?9/18/2026","Dighton","Leoti","https://www.maxpreps.com/ks/dighton/football/","https://www.maxpreps.com/ks/wichita-county-leoti/football/","",""
113,"Fredonia Elk Valley vs Northeast Arma",Football,"Kansas",9/18/2026,TBD,"The Northeast Arma varsity football team has a game @ Fredonia Elk Valley (Kansas).","/ks/football/game/fredonia-elk-valley-vs-northeast-arma/9-18-2026/?c=773a3575-8b8e-43fc-a6a0-d35eea625c72","https://www.maxpreps.com/ks/football/game/fredonia-elk-valley-vs-northeast-arma/9-18-2026/?c=773a3575-8b8e-43fc-a6a0-d35eea625c72","/football/ks/e54?9/18/2026","Valley","Arma","https://www.maxpreps.com/ks/fredonia-elk-valley/football/","https://www.maxpreps.com/ks/northeast-arma/football/","",""
114,"Olathe Northwest vs Olathe West",Football,"Kansas",9/18/2026,TBD,"The Olathe West varsity football team has a game @ Olathe Northwest (Kansas).","/ks/football/game/olathe-northwest-vs-olathe-west/9-18-2026/?c=6a9891d7-f917-4058-a4fa-8c2bc9513908","https://www.maxpreps.com/ks/football/game/olathe-northwest-vs-olathe-west/9-18-2026/?c=6a9891d7-f917-4058-a4fa-8c2bc9513908","/football/ks/c48?9/18/2026","Northwest","West","https://www.maxpreps.com/ks/olathe-northwest/football/","https://www.maxpreps.com/ks/olathe-west/football/","",""
115,"Claremore Christian Ok vs Wichita Defenders Homeschool Ks",Football,"Kansas",9/18/2026,TBD,"The Wichita Defenders Homeschool Ks varsity football team has a game @ Claremore Christian Ok (Kansas).","/inter-state/football/game/claremore-christian-ok-vs-wichita-defenders-homeschool-ks/9-18-2026/?c=f2fb0123-141d-455a-82e6-b2f6b79bf424","https://www.maxpreps.com/inter-state/football/game/claremore-christian-ok-vs-wichita-defenders-homeschool-ks/9-18-2026/?c=f2fb0123-141d-455a-82e6-b2f6b79bf424","/football/ks/1625?9/18/2026","Ok","Ks","https://www.maxpreps.com/ks/claremore-christian-ok/football/","https://www.maxpreps.com/ks/wichita-defenders-homeschool-ks/football/","",""
116,"Blue Valley North West Huskies Overland Park vs Blue Valley Southwest Overland Park",Football,"Kansas",9/18/2026,TBD,"The Blue Valley Southwest Overland Park varsity football team has a game @ Blue Valley North West Huskies Overland Park (Kansas).","/ks/football/game/blue-valley-north-west-huskies-overland-park-vs-blue-valley-southwest-overland-park/9-18-2026/?c=084ec2f3-4963-48d4-ae75-4cef7879e886","https://www.maxpreps.com/ks/football/game/blue-valley-north-west-huskies-overland-park-vs-blue-valley-southwest-overland-park/9-18-2026/?c=084ec2f3-4963-48d4-ae75-4cef7879e886","/football/ks/2061?9/18/2026","Park","Park","https://www.maxpreps.com/ks/blue-valley-north-west-huskies-overland-park/football/","https://www.maxpreps.com/ks/blue-valley-southwest-overland-park/football/","",""
117,"Oxford vs Southeast Cherokee",Football,"Kansas",9/18/2026,TBD,"The Southeast Cherokee varsity football team has a game @ Oxford (Kansas).","/ks/football/game/oxford-vs-southeast-cherokee/9-18-2026/?c=16b9fcd7-686f-4a50-94ad-1c4673bd9185","https://www.maxpreps.com/ks/football/game/oxford-vs-southeast-cherokee/9-18-2026/?c=16b9fcd7-686f-4a50-94ad-1c4673bd9185","/football/ks/b28?9/18/2026","Oxford","Cherokee","https://www.maxpreps.com/ks/oxford/football/","https://www.maxpreps.com/ks/southeast-cherokee/football/","",""
118,"Ellis vs Hill City",Football,"Kansas",9/18/2026,TBD,"The Hill City varsity football team has a game @ Ellis (Kansas).","/ks/football/game/ellis-vs-hill-city/9-18-2026/?c=23193159-26ee-4c21-b68f-3b4f59ad4339","https://www.maxpreps.com/ks/football/game/ellis-vs-hill-city/9-18-2026/?c=23193159-26ee-4c21-b68f-3b4f59ad4339","/football/ks/6eb?9/18/2026","Ellis","City","https://www.maxpreps.com/ks/ellis/football/","https://www.maxpreps.com/ks/hill-city/football/","",""
119,"Argonia Attica vs Fairfield Langdon",Football,"Kansas",9/18/2026,TBD,"The Fairfield Langdon varsity football team has a game @ Argonia Attica (Kansas).","/ks/football/game/argonia-attica-vs-fairfield-langdon/9-18-2026/?c=404a6c93-45da-43c1-8735-c270796f78e3","https://www.maxpreps.com/ks/football/game/argonia-attica-vs-fairfield-langdon/9-18-2026/?c=404a6c93-45da-43c1-8735-c270796f78e3","/football/ks/d7d?9/18/2026","Attica","Langdon","https://www.maxpreps.com/ks/argonia-attica/football/","https://www.maxpreps.com/ks/fairfield-langdon/football/","",""
120,"Crest Colony vs Oswego",Football,"Kansas",9/18/2026,TBD,"The Oswego varsity football team has a game @ Crest Colony (Kansas).","/ks/football/game/crest-colony-vs-oswego/9-18-2026/?c=00b25f22-07af-44b5-bb32-e71fb5479c72","https://www.maxpreps.com/ks/football/game/crest-colony-vs-oswego/9-18-2026/?c=00b25f22-07af-44b5-bb32-e71fb5479c72","/football/ks/8b9?9/18/2026","Colony","Oswego","https://www.maxpreps.com/ks/crest-colony/football/","https://www.maxpreps.com/ks/oswego/football/","",""
121,"Garden Plain vs Trinity Academy Wichita",Football,"Kansas",9/18/2026,TBD,"The Trinity Academy Wichita varsity football team has a game @ Garden Plain (Kansas).","/ks/football/game/garden-plain-vs-trinity-academy-wichita/9-18-2026/?c=d7b364ab-073f-463b-b410-8a8166f9a91e","https://www.maxpreps.com/ks/football/game/garden-plain-vs-trinity-academy-wichita/9-18-2026/?c=d7b364ab-073f-463b-b410-8a8166f9a91e","/football/ks/f1f?9/18/2026","Plain","Wichita","https://www.maxpreps.com/ks/garden-plain/football/","https://www.maxpreps.com/ks/trinity-academy-wichita/football/","",""
122,"Ashland vs Ingalls",Football,"Kansas",9/18/2026,TBD,"The Ingalls varsity football team has a game @ Ashland (Kansas).","/ks/football/game/ashland-vs-ingalls/9-18-2026/?c=7de2a290-15da-4744-ae13-d7e8efc40ae7","https://www.maxpreps.com/ks/football/game/ashland-vs-ingalls/9-18-2026/?c=7de2a290-15da-4744-ae13-d7e8efc40ae7","/football/ks/708?9/18/2026","Ashland","Ingalls","https://www.maxpreps.com/ks/ashland/football/","https://www.maxpreps.com/ks/ingalls/football/","",""
123,"Lyons vs Sacred Heart Salina",Football,"Kansas",9/18/2026,TBD,"The Sacred Heart Salina varsity football team has a game @ Lyons (Kansas).","/ks/football/game/lyons-vs-sacred-heart-salina/9-18-2026/?c=46ef496b-4dab-4c68-b9fa-ae088b0f4e66","https://www.maxpreps.com/ks/football/game/lyons-vs-sacred-heart-salina/9-18-2026/?c=46ef496b-4dab-4c68-b9fa-ae088b0f4e66","/football/ks/ad0?9/18/2026","Lyons","Salina","https://www.maxpreps.com/ks/lyons/football/","https://www.maxpreps.com/ks/sacred-heart-salina/football/","",""
124,"Central Burden vs Flinthills Rosalia",Football,"Kansas",9/18/2026,TBD,"The Flinthills Rosalia varsity football team has a game @ Central Burden (Kansas).","/ks/football/game/central-burden-vs-flinthills-rosalia/9-18-2026/?c=4d63088a-b5e9-470a-bdb6-94fbf1546fd1","https://www.maxpreps.com/ks/football/game/central-burden-vs-flinthills-rosalia/9-18-2026/?c=4d63088a-b5e9-470a-bdb6-94fbf1546fd1","/football/ks/e2a?9/18/2026","Burden","Rosalia","https://www.maxpreps.com/ks/central-burden/football/","https://www.maxpreps.com/ks/flinthills-rosalia/football/","",""
125,"Phillipsburg vs Thomas More Prep Marian Hays",Football,"Kansas",9/18/2026,TBD,"The Thomas More Prep Marian Hays varsity football team has a game @ Phillipsburg (Kansas).","/ks/football/game/phillipsburg-vs-thomas-more-prep-marian-hays/9-18-2026/?c=30f3e278-af0a-47c8-a85f-360b2d584fb9","https://www.maxpreps.com/ks/football/game/phillipsburg-vs-thomas-more-prep-marian-hays/9-18-2026/?c=30f3e278-af0a-47c8-a85f-360b2d584fb9","/football/ks/112f?9/18/2026","Phillipsburg","Hays","https://www.maxpreps.com/ks/phillipsburg/football/","https://www.maxpreps.com/ks/thomas-more-prep-marian-hays/football/","",""
126,"Ellsworth vs Southeast Of Saline Gypsum",Football,"Kansas",9/18/2026,TBD,"The Southeast Of Saline Gypsum varsity football team has a game @ Ellsworth (Kansas).","/ks/football/game/ellsworth-vs-southeast-of-saline-gypsum/9-18-2026/?c=411b0191-6a18-4a57-ac2e-41ed33007f37","https://www.maxpreps.com/ks/football/game/ellsworth-vs-southeast-of-saline-gypsum/9-18-2026/?c=411b0191-6a18-4a57-ac2e-41ed33007f37","/football/ks/f84?9/18/2026","Ellsworth","Gypsum","https://www.maxpreps.com/ks/ellsworth/football/","https://www.maxpreps.com/ks/southeast-of-saline-gypsum/football/","",""
127,"Kingman vs Medicine Lodge",Football,"Kansas",9/18/2026,TBD,"The Medicine Lodge varsity football team has a game @ Kingman (Kansas).","/ks/football/game/kingman-vs-medicine-lodge/9-18-2026/?c=d719a5a5-42fa-4347-a5ab-0902d6ef62ff","https://www.maxpreps.com/ks/football/game/kingman-vs-medicine-lodge/9-18-2026/?c=d719a5a5-42fa-4347-a5ab-0902d6ef62ff","/football/ks/99e?9/18/2026","Kingman","Lodge","https://www.maxpreps.com/ks/kingman/football/","https://www.maxpreps.com/ks/medicine-lodge/football/","",""
128,"Southeast Wichita vs Topeka",Football,"Kansas",9/18/2026,TBD,"The Topeka varsity football team has a game @ Southeast Wichita (Kansas).","/ks/football/game/southeast-wichita-vs-topeka/9-18-2026/?c=d94e70c3-2d1e-4cdc-a619-38379dea8916","https://www.maxpreps.com/ks/football/game/southeast-wichita-vs-topeka/9-18-2026/?c=d94e70c3-2d1e-4cdc-a619-38379dea8916","/football/ks/abd?9/18/2026","Wichita","Topeka","https://www.maxpreps.com/ks/southeast-wichita/football/","https://www.maxpreps.com/ks/topeka/football/","",""
129,"Hesston vs Pratt",Football,"Kansas",9/18/2026,TBD,"The Pratt varsity football team has a game @ Hesston (Kansas).","/ks/football/game/hesston-vs-pratt/9-18-2026/?c=de272b71-9fce-4b48-8f38-fad5d9cf91cb","https://www.maxpreps.com/ks/football/game/hesston-vs-pratt/9-18-2026/?c=de272b71-9fce-4b48-8f38-fad5d9cf91cb","/football/ks/672?9/18/2026","Hesston","Pratt","https://www.maxpreps.com/ks/hesston/football/","https://www.maxpreps.com/ks/pratt/football/","",""
130,"Bennington vs Herington",Football,"Kansas",9/18/2026,TBD,"The Herington varsity football team has a game @ Bennington (Kansas).","/ks/football/game/bennington-vs-herington/9-18-2026/?c=fce78c8b-a22e-4925-bf81-1870f0d84a75","https://www.maxpreps.com/ks/football/game/bennington-vs-herington/9-18-2026/?c=fce78c8b-a22e-4925-bf81-1870f0d84a75","/football/ks/943?9/18/2026","Bennington","Herington","https://www.maxpreps.com/ks/bennington/football/","https://www.maxpreps.com/ks/herington/football/","",""
131,"Belle Plaine vs Douglass",Football,"Kansas",9/18/2026,TBD,"The Douglass varsity football team has a game @ Belle Plaine (Kansas).","/ks/football/game/belle-plaine-vs-douglass/9-18-2026/?c=1a5a8b29-694d-48cd-a139-a67069e38a4a","https://www.maxpreps.com/ks/football/game/belle-plaine-vs-douglass/9-18-2026/?c=1a5a8b29-694d-48cd-a139-a67069e38a4a","/football/ks/94f?9/18/2026","Plaine","Douglass","https://www.maxpreps.com/ks/belle-plaine/football/","https://www.maxpreps.com/ks/douglass/football/","",""
132,"Columbus vs Riverton",Football,"Kansas",9/18/2026,TBD,"The Riverton varsity football team has a game @ Columbus (Kansas).","/ks/football/game/columbus-vs-riverton/9-18-2026/?c=425e1c4b-dce2-44eb-b4de-c24bb67c6541","https://www.maxpreps.com/ks/football/game/columbus-vs-riverton/9-18-2026/?c=425e1c4b-dce2-44eb-b4de-c24bb67c6541","/football/ks/826?9/18/2026","Columbus","Riverton","https://www.maxpreps.com/ks/columbus/football/","https://www.maxpreps.com/ks/riverton/football/","",""
133,"Eisenhower Goddard vs Goddard",Football,"Kansas",9/18/2026,TBD,"The Goddard varsity football team has a game @ Eisenhower Goddard (Kansas).","/ks/football/game/eisenhower-goddard-vs-goddard/9-18-2026/?c=5ed48343-c7e8-458d-8d34-32a27b9c752f","https://www.maxpreps.com/ks/football/game/eisenhower-goddard-vs-goddard/9-18-2026/?c=5ed48343-c7e8-458d-8d34-32a27b9c752f","/football/ks/b53?9/18/2026","Goddard","Goddard","https://www.maxpreps.com/ks/eisenhower-goddard/football/","https://www.maxpreps.com/ks/goddard/football/","",""
134,"Norton vs Smith Center",Football,"Kansas",9/18/2026,TBD,"The Smith Center varsity football team has a game @ Norton (Kansas).","/ks/football/game/norton-vs-smith-center/9-18-2026/?c=0c96d204-0486-47ce-89fe-241b12b132a8","https://www.maxpreps.com/ks/football/game/norton-vs-smith-center/9-18-2026/?c=0c96d204-0486-47ce-89fe-241b12b132a8","/football/ks/8b6?9/18/2026","Norton","Center","https://www.maxpreps.com/ks/norton/football/","https://www.maxpreps.com/ks/smith-center/football/","",""
135,"Russell vs Scott Scott City",Football,"Kansas",9/18/2026,TBD,"The Scott Scott City varsity football team has a game @ Russell (Kansas).","/ks/football/game/russell-vs-scott-scott-city/9-18-2026/?c=6195828b-5c6d-406a-8d09-536036414280","https://www.maxpreps.com/ks/football/game/russell-vs-scott-scott-city/9-18-2026/?c=6195828b-5c6d-406a-8d09-536036414280","/football/ks/aba?9/18/2026","Russell","City","https://www.maxpreps.com/ks/russell/football/","https://www.maxpreps.com/ks/scott-scott-city/football/","",""
136,"Beloit vs Minneapolis",Football,"Kansas",9/18/2026,TBD,"The Minneapolis varsity football team has a game @ Beloit (Kansas).","/ks/football/game/beloit-vs-minneapolis/9-18-2026/?c=621e5e0c-83c4-4a0e-b971-8fbf040f95e5","https://www.maxpreps.com/ks/football/game/beloit-vs-minneapolis/9-18-2026/?c=621e5e0c-83c4-4a0e-b971-8fbf040f95e5","/football/ks/861?9/18/2026","Beloit","Minneapolis","https://www.maxpreps.com/ks/beloit/football/","https://www.maxpreps.com/ks/minneapolis/football/","",""
137,"Garden City vs Great Bend",Football,"Kansas",9/18/2026,TBD,"The Great Bend varsity football team has a game @ Garden City (Kansas).","/ks/football/game/garden-city-vs-great-bend/9-18-2026/?c=6a775bfd-16a1-4217-98db-6a16c5e5470b","https://www.maxpreps.com/ks/football/game/garden-city-vs-great-bend/9-18-2026/?c=6a775bfd-16a1-4217-98db-6a16c5e5470b","/football/ks/973?9/18/2026","City","Bend","https://www.maxpreps.com/ks/garden-city/football/","https://www.maxpreps.com/ks/great-bend/football/","",""
138,"Republic County Belleville vs Valley Heights Blue Rapids",Football,"Kansas",9/18/2026,TBD,"The Valley Heights Blue Rapids varsity football team has a game @ Republic County Belleville (Kansas).","/ks/football/game/republic-county-belleville-vs-valley-heights-blue-rapids/9-18-2026/?c=64905dff-fd4f-44f7-9f5f-a4b2a8cdadc0","https://www.maxpreps.com/ks/football/game/republic-county-belleville-vs-valley-heights-blue-rapids/9-18-2026/?c=64905dff-fd4f-44f7-9f5f-a4b2a8cdadc0","/football/ks/15e0?9/18/2026","Belleville","Rapids","https://www.maxpreps.com/ks/republic-county-belleville/football/","https://www.maxpreps.com/ks/valley-heights-blue-rapids/football/","",""
139,"Marais Des Cygnes Valley Melvern vs Weskan",Football,"Kansas",9/18/2026,TBD,"The Weskan varsity football team has a game @ Marais Des Cygnes Valley Melvern (Kansas).","/ks/football/game/marais-des-cygnes-valley-melvern-vs-weskan/9-18-2026/?c=07520d5a-c7c6-4ae5-b1b6-764bee668a36","https://www.maxpreps.com/ks/football/game/marais-des-cygnes-valley-melvern-vs-weskan/9-18-2026/?c=07520d5a-c7c6-4ae5-b1b6-764bee668a36","/football/ks/1048?9/18/2026","Melvern","Weskan","https://www.maxpreps.com/ks/marais-des-cygnes-valley-melvern/football/","https://www.maxpreps.com/ks/weskan/football/","",""
140,"Cair Paravel Topeka vs Troy",Football,"Kansas",9/18/2026,TBD,"The Troy varsity football team has a game @ Cair Paravel Topeka (Kansas).","/ks/football/game/cair-paravel-topeka-vs-troy/9-18-2026/?c=b309e183-b333-402b-820e-b7bf3e1ef5e0","https://www.maxpreps.com/ks/football/game/cair-paravel-topeka-vs-troy/9-18-2026/?c=b309e183-b333-402b-820e-b7bf3e1ef5e0","/football/ks/a79?9/18/2026","Topeka","Troy","https://www.maxpreps.com/ks/cair-paravel-topeka/football/","https://www.maxpreps.com/ks/troy/football/","",""
141,"Bishop Carroll Wichita vs Washburn Rural Jr Blues Topeka",Football,"Kansas",9/18/2026,TBD,"The Washburn Rural Jr Blues Topeka varsity football team has a game @ Bishop Carroll Wichita (Kansas).","/ks/football/game/bishop-carroll-wichita-vs-washburn-rural-jr-blues-topeka/9-18-2026/?c=647561c0-db61-4ea9-8ef0-e226a65f6bca","https://www.maxpreps.com/ks/football/game/bishop-carroll-wichita-vs-washburn-rural-jr-blues-topeka/9-18-2026/?c=647561c0-db61-4ea9-8ef0-e226a65f6bca","/football/ks/15b9?9/18/2026","Wichita","Topeka","https://www.maxpreps.com/ks/bishop-carroll-wichita/football/","https://www.maxpreps.com/ks/washburn-rural-jr-blues-topeka/football/","",""
142,"Fort Scott vs Independence",Football,"Kansas",9/18/2026,TBD,"The Independence varsity football team has a game @ Fort Scott (Kansas).","/ks/football/game/fort-scott-vs-independence/9-18-2026/?c=848d348a-cc6a-4e2c-bb1d-1970c0a06e28","https://www.maxpreps.com/ks/football/game/fort-scott-vs-independence/9-18-2026/?c=848d348a-cc6a-4e2c-bb1d-1970c0a06e28","/football/ks/a3a?9/18/2026","Scott","Independence","https://www.maxpreps.com/ks/fort-scott/football/","https://www.maxpreps.com/ks/independence/football/","",""
143,"Hodgeman County Jetmore vs Spearville",Football,"Kansas",9/18/2026,TBD,"The Spearville varsity football team has a game @ Hodgeman County Jetmore (Kansas).","/ks/football/game/hodgeman-county-jetmore-vs-spearville/9-18-2026/?c=6e362677-c56c-413d-a5a2-5b646a76b9e5","https://www.maxpreps.com/ks/football/game/hodgeman-county-jetmore-vs-spearville/9-18-2026/?c=6e362677-c56c-413d-a5a2-5b646a76b9e5","/football/ks/eaf?9/18/2026","Jetmore","Spearville","https://www.maxpreps.com/ks/hodgeman-county-jetmore/football/","https://www.maxpreps.com/ks/spearville/football/","",""
144,"Oakley vs Victoria",Football,"Kansas",9/18/2026,TBD,"The Victoria varsity football team has a game @ Oakley (Kansas).","/ks/football/game/oakley-vs-victoria/9-18-2026/?c=668c6c46-9d31-407b-88fb-f821411040a0","https://www.maxpreps.com/ks/football/game/oakley-vs-victoria/9-18-2026/?c=668c6c46-9d31-407b-88fb-f821411040a0","/football/ks/729?9/18/2026","Oakley","Victoria","https://www.maxpreps.com/ks/oakley/football/","https://www.maxpreps.com/ks/victoria/football/","",""
145,"Galena vs Girard",Football,"Kansas",9/18/2026,TBD,"The Girard varsity football team has a game @ Galena (Kansas).","/ks/football/game/galena-vs-girard/9-18-2026/?c=47edd481-e062-4ecb-ab2b-f8eac9bf54fb","https://www.maxpreps.com/ks/football/game/galena-vs-girard/9-18-2026/?c=47edd481-e062-4ecb-ab2b-f8eac9bf54fb","/football/ks/624?9/18/2026","Galena","Girard","https://www.maxpreps.com/ks/galena/football/","https://www.maxpreps.com/ks/girard/football/","",""
146,"Hiawatha vs Sabetha",Football,"Kansas",9/18/2026,TBD,"The Sabetha varsity football team has a game @ Hiawatha (Kansas).","/ks/football/game/hiawatha-vs-sabetha/9-18-2026/?c=e7393932-4cf1-4a75-b33a-31a490624222","https://www.maxpreps.com/ks/football/game/hiawatha-vs-sabetha/9-18-2026/?c=e7393932-4cf1-4a75-b33a-31a490624222","/football/ks/762?9/18/2026","Hiawatha","Sabetha","https://www.maxpreps.com/ks/hiawatha/football/","https://www.maxpreps.com/ks/sabetha/football/","",""
147,"Macksville vs Ness City",Football,"Kansas",9/18/2026,TBD,"The Ness City varsity football team has a game @ Macksville (Kansas).","/ks/football/game/macksville-vs-ness-city/9-18-2026/?c=4178b4ff-f97f-48cb-b8e7-0a480bbc6681","https://www.maxpreps.com/ks/football/game/macksville-vs-ness-city/9-18-2026/?c=4178b4ff-f97f-48cb-b8e7-0a480bbc6681","/football/ks/90d?9/18/2026","Macksville","City","https://www.maxpreps.com/ks/macksville/football/","https://www.maxpreps.com/ks/ness-city/football/","",""
148,"Frontenac vs St Marys Colgan Pittsburg",Football,"Kansas",9/18/2026,TBD,"The St Marys Colgan Pittsburg varsity football team has a game @ Frontenac (Kansas).","/ks/football/game/frontenac-vs-st-marys-colgan-pittsburg/9-18-2026/?c=c1682a25-d282-4f71-bf86-44553c754795","https://www.maxpreps.com/ks/football/game/frontenac-vs-st-marys-colgan-pittsburg/9-18-2026/?c=c1682a25-d282-4f71-bf86-44553c754795","/football/ks/ef5?9/18/2026","Frontenac","Pittsburg","https://www.maxpreps.com/ks/frontenac/football/","https://www.maxpreps.com/ks/st-marys-colgan-pittsburg/football/","",""
149,"Atchison County Effingham vs Oskaloosa",Football,"Kansas",9/18/2026,TBD,"The Oskaloosa varsity football team has a game @ Atchison County Effingham (Kansas).","/ks/football/game/atchison-county-effingham-vs-oskaloosa/9-18-2026/?c=a4e9c99c-54b9-4ca5-b832-57c223dd890c","https://www.maxpreps.com/ks/football/game/atchison-county-effingham-vs-oskaloosa/9-18-2026/?c=a4e9c99c-54b9-4ca5-b832-57c223dd890c","/football/ks/f09?9/18/2026","Effingham","Oskaloosa","https://www.maxpreps.com/ks/atchison-county-effingham/football/","https://www.maxpreps.com/ks/oskaloosa/football/","",""
150,"Moscow vs South Barber Kiowa",Football,"Kansas",9/18/2026,TBD,"The South Barber Kiowa varsity football team has a game @ Moscow (Kansas).","/ks/football/game/moscow-vs-south-barber-kiowa/9-18-2026/?c=b47e0d36-3751-401f-93f7-0eeac8f3e263","https://www.maxpreps.com/ks/football/game/moscow-vs-south-barber-kiowa/9-18-2026/?c=b47e0d36-3751-401f-93f7-0eeac8f3e263","/football/ks/af1?9/18/2026","Moscow","Kiowa","https://www.maxpreps.com/ks/moscow/football/","https://www.maxpreps.com/ks/south-barber-kiowa/football/","",""
151,"Remington Whitewater vs Sedgwick",Football,"Kansas",9/18/2026,TBD,"The Sedgwick varsity football team has a game @ Remington Whitewater (Kansas).","/ks/football/game/remington-whitewater-vs-sedgwick/9-18-2026/?c=db15de93-8d0d-4e94-b581-a7bd54917fd5","https://www.maxpreps.com/ks/football/game/remington-whitewater-vs-sedgwick/9-18-2026/?c=db15de93-8d0d-4e94-b581-a7bd54917fd5","/football/ks/cd8?9/18/2026","Whitewater","Sedgwick","https://www.maxpreps.com/ks/remington-whitewater/football/","https://www.maxpreps.com/ks/sedgwick/football/","",""
152,"Central Heights Richmond vs Uniontown",Football,"Kansas",9/18/2026,TBD,"The Uniontown varsity football team has a game @ Central Heights Richmond (Kansas).","/ks/football/game/central-heights-richmond-vs-uniontown/9-18-2026/?c=adedb2bb-83ad-44a0-903c-55719996bfc8","https://www.maxpreps.com/ks/football/game/central-heights-richmond-vs-uniontown/9-18-2026/?c=adedb2bb-83ad-44a0-903c-55719996bfc8","/football/ks/eb7?9/18/2026","Richmond","Uniontown","https://www.maxpreps.com/ks/central-heights-richmond/football/","https://www.maxpreps.com/ks/uniontown/football/","",""
153,"Pawnee Heights Rozel vs Satanta",Football,"Kansas",9/18/2026,TBD,"The Satanta varsity football team has a game @ Pawnee Heights Rozel (Kansas).","/ks/football/game/pawnee-heights-rozel-vs-satanta/9-18-2026/?c=bdd72743-44ad-403a-a096-460cbbf125b3","https://www.maxpreps.com/ks/football/game/pawnee-heights-rozel-vs-satanta/9-18-2026/?c=bdd72743-44ad-403a-a096-460cbbf125b3","/football/ks/c21?9/18/2026","Rozel","Satanta","https://www.maxpreps.com/ks/pawnee-heights-rozel/football/","https://www.maxpreps.com/ks/satanta/football/","",""
154,"Tescott vs Western Plains Ransom",Football,"Kansas",9/18/2026,TBD,"The Western Plains Ransom varsity football team has a game @ Tescott (Kansas).","/ks/football/game/tescott-vs-western-plains-ransom/9-18-2026/?c=d99dcc0f-109c-4350-a0eb-3f0aff7a50a2","https://www.maxpreps.com/ks/football/game/tescott-vs-western-plains-ransom/9-18-2026/?c=d99dcc0f-109c-4350-a0eb-3f0aff7a50a2","/football/ks/cc2?9/18/2026","Tescott","Ransom","https://www.maxpreps.com/ks/tescott/football/","https://www.maxpreps.com/ks/western-plains-ransom/football/","",""
155,"Quinter vs Stockton",Football,"Kansas",9/18/2026,TBD,"The Stockton varsity football team has a game @ Quinter (Kansas).","/ks/football/game/quinter-vs-stockton/9-18-2026/?c=9d0f1f3e-7c3a-4e9e-9b1c-9b3146c2e974","https://www.maxpreps.com/ks/football/game/quinter-vs-stockton/9-18-2026/?c=9d0f1f3e-7c3a-4e9e-9b1c-9b3146c2e974","/football/ks/7c0?9/18/2026","Quinter","Stockton","https://www.maxpreps.com/ks/quinter/football/","https://www.maxpreps.com/ks/stockton/football/","",""
156,"Jayhawk Linn Mound City vs Wellsville",Football,"Kansas",9/18/2026,TBD,"The Wellsville varsity football team has a game @ Jayhawk Linn Mound City (Kansas).","/ks/football/game/jayhawk-linn-mound-city-vs-wellsville/9-18-2026/?c=c3c5d4a3-1507-4acd-b45f-b5947fea7690","https://www.maxpreps.com/ks/football/game/jayhawk-linn-mound-city-vs-wellsville/9-18-2026/?c=c3c5d4a3-1507-4acd-b45f-b5947fea7690","/football/ks/e89?9/18/2026","City","Wellsville","https://www.maxpreps.com/ks/jayhawk-linn-mound-city/football/","https://www.maxpreps.com/ks/wellsville/football/","",""
157,"Solomon vs Wakefield",Football,"Kansas",9/18/2026,TBD,"The Wakefield varsity football team has a game @ Solomon (Kansas).","/ks/football/game/solomon-vs-wakefield/9-18-2026/?c=bfa55be7-b67b-4059-aae9-c9f180de8400","https://www.maxpreps.com/ks/football/game/solomon-vs-wakefield/9-18-2026/?c=bfa55be7-b67b-4059-aae9-c9f180de8400","/football/ks/7f6?9/18/2026","Solomon","Wakefield","https://www.maxpreps.com/ks/solomon/football/","https://www.maxpreps.com/ks/wakefield/football/","",""
158,"Golden Plains Rexford vs Triplains Brewster",Football,"Kansas",9/18/2026,TBD,"The Triplains Brewster varsity football team has a game @ Golden Plains Rexford (Kansas).","/ks/football/game/golden-plains-rexford-vs-triplains-brewster/9-18-2026/?c=37564866-8c99-40ac-af37-c580624aeeca","https://www.maxpreps.com/ks/football/game/golden-plains-rexford-vs-triplains-brewster/9-18-2026/?c=37564866-8c99-40ac-af37-c580624aeeca","/football/ks/1108?9/18/2026","Rexford","Brewster","https://www.maxpreps.com/ks/golden-plains-rexford/football/","https://www.maxpreps.com/ks/triplains-brewster/football/","",""
159,"Northern Valley Almena vs Wheatland Grinnell Grainfield",Football,"Kansas",9/18/2026,TBD,"The Wheatland Grinnell Grainfield varsity football team has a game @ Northern Valley Almena (Kansas).","/ks/football/game/northern-valley-almena-vs-wheatland-grinnell-grainfield/9-18-2026/?c=23e4b5b4-8087-40ee-8c0b-97b77a0b6c4b","https://www.maxpreps.com/ks/football/game/northern-valley-almena-vs-wheatland-grinnell-grainfield/9-18-2026/?c=23e4b5b4-8087-40ee-8c0b-97b77a0b6c4b","/football/ks/158a?9/18/2026","Almena","Grainfield","https://www.maxpreps.com/ks/northern-valley-almena/football/","https://www.maxpreps.com/ks/wheatland-grinnell-grainfield/football/","",""
160,"Ell Saline Brookville vs Hanover",Football,"Kansas",9/18/2026,TBD,"The Hanover varsity football team has a game @ Ell Saline Brookville (Kansas).","/ks/football/game/ell-saline-brookville-vs-hanover/9-18-2026/?c=13c78323-7c3c-48ac-9f61-df6220f969fa","https://www.maxpreps.com/ks/football/game/ell-saline-brookville-vs-hanover/9-18-2026/?c=13c78323-7c3c-48ac-9f61-df6220f969fa","/football/ks/c82?9/18/2026","Brookville","Hanover","https://www.maxpreps.com/ks/ell-saline-brookville/football/","https://www.maxpreps.com/ks/hanover/football/","",""
161,"Jefferson County North Winchester vs Pleasant Ridge Easton",Football,"Kansas",9/18/2026,TBD,"The Pleasant Ridge Easton varsity football team has a game @ Jefferson County North Winchester (Kansas).","/ks/football/game/jefferson-county-north-winchester-vs-pleasant-ridge-easton/9-18-2026/?c=0dd7b225-67f9-49d8-b114-954d1e186380","https://www.maxpreps.com/ks/football/game/jefferson-county-north-winchester-vs-pleasant-ridge-easton/9-18-2026/?c=0dd7b225-67f9-49d8-b114-954d1e186380","/football/ks/16dc?9/18/2026","Winchester","Easton","https://www.maxpreps.com/ks/jefferson-county-north-winchester/football/","https://www.maxpreps.com/ks/pleasant-ridge-easton/football/","",""
162,"Clifton Clyde vs Linn",Football,"Kansas",9/18/2026,TBD,"The Linn varsity football team has a game @ Clifton Clyde (Kansas).","/ks/football/game/clifton-clyde-vs-linn/9-18-2026/?c=eb5ce024-16dc-43fe-a57c-25940dcd44ac","https://www.maxpreps.com/ks/football/game/clifton-clyde-vs-linn/9-18-2026/?c=eb5ce024-16dc-43fe-a57c-25940dcd44ac","/football/ks/821?9/18/2026","Clyde","Linn","https://www.maxpreps.com/ks/clifton-clyde/football/","https://www.maxpreps.com/ks/linn/football/","",""
163,"St Johns Washington Dc vs West Boca Raton Fl",Football,"Kansas",9/18/2026,TBD,"The West Boca Raton Fl varsity football team has a game @ St Johns Washington Dc (Kansas).","/inter-state/football/game/st-johns-washington-dc-vs-west-boca-raton-fl/9-18-2026/?c=b031d257-314e-4546-8a1c-211ebbb42d62","https://www.maxpreps.com/inter-state/football/game/st-johns-washington-dc-vs-west-boca-raton-fl/9-18-2026/?c=b031d257-314e-4546-8a1c-211ebbb42d62","/football/ks/10b1?9/18/2026","Dc","Fl","https://www.maxpreps.com/ks/st-johns-washington-dc/football/","https://www.maxpreps.com/ks/west-boca-raton-fl/football/","",""
164,"Archbishop Mccarthy Southwest Ranches vs St Thomas Aquinas Fort Lauderdale",Football,"Kansas",9/18/2026,TBD,"The St Thomas Aquinas Fort Lauderdale varsity football team has a game @ Archbishop Mccarthy Southwest Ranches (Kansas).","/fl/football/game/archbishop-mccarthy-southwest-ranches-vs-st-thomas-aquinas-fort-lauderdale/9-18-2026/?c=379541df-b377-45b0-b9b5-13e901b1cd0a","https://www.maxpreps.com/fl/football/game/archbishop-mccarthy-southwest-ranches-vs-st-thomas-aquinas-fort-lauderdale/9-18-2026/?c=379541df-b377-45b0-b9b5-13e901b1cd0a","/football/ks/1d09?9/18/2026","Ranches","Lauderdale","https://www.maxpreps.com/ks/archbishop-mccarthy-southwest-ranches/football/","https://www.maxpreps.com/ks/st-thomas-aquinas-fort-lauderdale/football/","",""
165,"Brownsburg vs Fishers",Football,"Kansas",9/18/2026,TBD,"The Fishers varsity football team has a game @ Brownsburg (Kansas).","/in/football/game/brownsburg-vs-fishers/9-18-2026/?c=98d1f5d3-3458-456e-b5d4-4c3a1cde2c5c","https://www.maxpreps.com/in/football/game/brownsburg-vs-fishers/9-18-2026/?c=98d1f5d3-3458-456e-b5d4-4c3a1cde2c5c","/football/ks/882?9/18/2026","Brownsburg","Fishers","https://www.maxpreps.com/ks/brownsburg/football/","https://www.maxpreps.com/ks/fishers/football/","",""
166,"Dematha Hyattsville Md vs Loudoun Sports Academy Leesburg Va",Football,"Kansas",9/18/2026,TBD,"The Loudoun Sports Academy Leesburg Va varsity football team has a game @ Dematha Hyattsville Md (Kansas).","/inter-state/football/game/dematha-hyattsville-md-vs-loudoun-sports-academy-leesburg-va/9-18-2026/?c=4c4eab85-8b8c-4831-9856-2bd5742d0b72","https://www.maxpreps.com/inter-state/football/game/dematha-hyattsville-md-vs-loudoun-sports-academy-leesburg-va/9-18-2026/?c=4c4eab85-8b8c-4831-9856-2bd5742d0b72","/football/ks/1764?9/18/2026","Md","Va","https://www.maxpreps.com/ks/dematha-hyattsville-md/football/","https://www.maxpreps.com/ks/loudoun-sports-academy-leesburg-va/football/","",""
167,"Img Academy Bradenton vs The First Academy Orlando",Football,"Kansas",9/18/2026,TBD,"The The First Academy Orlando varsity football team has a game @ Img Academy Bradenton (Kansas).","/fl/football/game/img-academy-bradenton-vs-the-first-academy-orlando/9-18-2026/?c=230217e9-2d00-4cca-a6df-f53bdd517970","https://www.maxpreps.com/fl/football/game/img-academy-bradenton-vs-the-first-academy-orlando/9-18-2026/?c=230217e9-2d00-4cca-a6df-f53bdd517970","/football/ks/131e?9/18/2026","Bradenton","Orlando","https://www.maxpreps.com/ks/img-academy-bradenton/football/","https://www.maxpreps.com/ks/the-first-academy-orlando/football/","",""
168,"Hewlett Sports Academy Waldorf vs St Frances Academy Baltimore",Football,"Kansas",9/18/2026,TBD,"The St Frances Academy Baltimore varsity football team has a game @ Hewlett Sports Academy Waldorf (Kansas).","/md/football/game/hewlett-sports-academy-waldorf-vs-st-frances-academy-baltimore/9-18-2026/?c=0ae20b06-07e9-40e3-9a63-5f03d3f1286c","https://www.maxpreps.com/md/football/game/hewlett-sports-academy-waldorf-vs-st-frances-academy-baltimore/9-18-2026/?c=0ae20b06-07e9-40e3-9a63-5f03d3f1286c","/football/ks/1818?9/18/2026","Waldorf","Baltimore","https://www.maxpreps.com/ks/hewlett-sports-academy-waldorf/football/","https://www.maxpreps.com/ks/st-frances-academy-baltimore/football/","",""
169,"Buford vs Grayson Loganville",Football,"Kansas",9/18/2026,TBD,"The Grayson Loganville varsity football team has a game @ Buford (Kansas).","/ga/football/game/buford-vs-grayson-loganville/9-18-2026/?c=41a9b766-ad14-4ab7-bd5c-3ebea6ffeabe","https://www.maxpreps.com/ga/football/game/buford-vs-grayson-loganville/9-18-2026/?c=41a9b766-ad14-4ab7-bd5c-3ebea6ffeabe","/football/ks/b22?9/18/2026","Buford","Loganville","https://www.maxpreps.com/ks/buford/football/","https://www.maxpreps.com/ks/grayson-loganville/football/","",""
170,"Columbus Miami vs South Dade Homestead",Football,"Kansas",9/18/2026,TBD,"The South Dade Homestead varsity football team has a game @ Columbus Miami (Kansas).","/fl/football/game/columbus-miami-vs-south-dade-homestead/9-18-2026/?c=7748275e-0058-4d65-b3ad-3b5895a68335","https://www.maxpreps.com/fl/football/game/columbus-miami-vs-south-dade-homestead/9-18-2026/?c=7748275e-0058-4d65-b3ad-3b5895a68335","/football/ks/ebc?9/18/2026","Miami","Homestead","https://www.maxpreps.com/ks/columbus-miami/football/","https://www.maxpreps.com/ks/south-dade-homestead/football/","",""
171,"Brooks County Quitman vs Thomas County Central Thomasville",Football,"Kansas",9/18/2026,TBD,"The Thomas County Central Thomasville varsity football team has a game @ Brooks County Quitman (Kansas).","/ga/football/game/brooks-county-quitman-vs-thomas-county-central-thomasville/9-18-2026/?c=4f30df7d-ac26-4040-a029-bd44dc28a653","https://www.maxpreps.com/ga/football/game/brooks-county-quitman-vs-thomas-county-central-thomasville/9-18-2026/?c=4f30df7d-ac26-4040-a029-bd44dc28a653","/football/ks/1714?9/18/2026","Quitman","Thomasville","https://www.maxpreps.com/ks/brooks-county-quitman/football/","https://www.maxpreps.com/ks/thomas-county-central-thomasville/football/","",""
172,"Carrollton Ga vs West Charlotte Nc",Football,"Kansas",9/18/2026,TBD,"The West Charlotte Nc varsity football team has a game @ Carrollton Ga (Kansas).","/inter-state/football/game/carrollton-ga-vs-west-charlotte-nc/9-18-2026/?c=296ceb0a-96a2-4bd9-ab43-74400827cdc5","https://www.maxpreps.com/inter-state/football/game/carrollton-ga-vs-west-charlotte-nc/9-18-2026/?c=296ceb0a-96a2-4bd9-ab43-74400827cdc5","/football/ks/d2c?9/18/2026","Ga","Nc","https://www.maxpreps.com/ks/carrollton-ga/football/","https://www.maxpreps.com/ks/west-charlotte-nc/football/","",""
173,"Male Louisville vs Trinity Louisville",Football,"Kansas",9/18/2026,TBD,"The Trinity Louisville varsity football team has a game @ Male Louisville (Kansas).","/ky/football/game/male-louisville-vs-trinity-louisville/9-18-2026/?c=34f82ccf-0808-4de2-a884-1053b6c3b3eb","https://www.maxpreps.com/ky/football/game/male-louisville-vs-trinity-louisville/9-18-2026/?c=34f82ccf-0808-4de2-a884-1053b6c3b3eb","/football/ks/edf?9/18/2026","Louisville","Louisville","https://www.maxpreps.com/ks/male-louisville/football/","https://www.maxpreps.com/ks/trinity-louisville/football/","",""
174,"Thompson Alabaster vs Tuscaloosa County Northport",Football,"Kansas",9/18/2026,TBD,"The Tuscaloosa County Northport varsity football team has a game @ Thompson Alabaster (Kansas).","/al/football/game/thompson-alabaster-vs-tuscaloosa-county-northport/9-18-2026/?c=b6ab0140-549a-4896-880d-1f48846a612f","https://www.maxpreps.com/al/football/game/thompson-alabaster-vs-tuscaloosa-county-northport/9-18-2026/?c=b6ab0140-549a-4896-880d-1f48846a612f","/football/ks/13c1?9/18/2026","Alabaster","Northport","https://www.maxpreps.com/ks/thompson-alabaster/football/","https://www.maxpreps.com/ks/tuscaloosa-county-northport/football/","",""
175,"Duncanville Panthers And Pantherettes vs North Crowley Fort Worth",Football,"Kansas",9/18/2026,TBD,"The North Crowley Fort Worth varsity football team has a game @ Duncanville Panthers And Pantherettes (Kansas).","/tx/football/game/duncanville-panthers-and-pantherettes-vs-north-crowley-fort-worth/9-18-2026/?c=eae84978-ac1b-4dc2-8571-f65204f0dbda","https://www.maxpreps.com/tx/football/game/duncanville-panthers-and-pantherettes-vs-north-crowley-fort-worth/9-18-2026/?c=eae84978-ac1b-4dc2-8571-f65204f0dbda","/football/ks/19b4?9/18/2026","Pantherettes","Worth","https://www.maxpreps.com/ks/duncanville-panthers-and-pantherettes/football/","https://www.maxpreps.com/ks/north-crowley-fort-worth/football/","",""
176,"Baylor Chattanooga vs Christ Presbyterian Academy Nashville",Football,"Kansas",9/18/2026,TBD,"The Christ Presbyterian Academy Nashville varsity football team has a game @ Baylor Chattanooga (Kansas).","/tn/football/game/baylor-chattanooga-vs-christ-presbyterian-academy-nashville/9-18-2026/?c=275c84c1-c7b9-43ca-b8cb-dd88cc57ca0e","https://www.maxpreps.com/tn/football/game/baylor-chattanooga-vs-christ-presbyterian-academy-nashville/9-18-2026/?c=275c84c1-c7b9-43ca-b8cb-dd88cc57ca0e","/football/ks/1748?9/18/2026","Chattanooga","Nashville","https://www.maxpreps.com/ks/baylor-chattanooga/football/","https://www.maxpreps.com/ks/christ-presbyterian-academy-nashville/football/","",""
177,"Orange Lutheran vs Sierra Canyon Chatsworth",Football,"Kansas",9/18/2026,TBD,"The Sierra Canyon Chatsworth varsity football team has a game @ Orange Lutheran (Kansas).","/ca/football/game/orange-lutheran-vs-sierra-canyon-chatsworth/9-18-2026/?c=b1ac9223-f5fe-49af-a7e5-9d2ed6c81cb3","https://www.maxpreps.com/ca/football/game/orange-lutheran-vs-sierra-canyon-chatsworth/9-18-2026/?c=b1ac9223-f5fe-49af-a7e5-9d2ed6c81cb3","/football/ks/10fe?9/18/2026","Lutheran","Chatsworth","https://www.maxpreps.com/ks/orange-lutheran/football/","https://www.maxpreps.com/ks/sierra-canyon-chatsworth/football/","",""
178,"Bishop Gorman Las Vegas Nv vs Mater Dei Santa Ana Ca",Football,"Kansas",9/18/2026,TBD,"The Mater Dei Santa Ana Ca varsity football team has a game @ Bishop Gorman Las Vegas Nv (Kansas).","/inter-state/football/game/bishop-gorman-las-vegas-nv-vs-mater-dei-santa-ana-ca/9-18-2026/?c=f25afd24-e534-420a-acfe-03f654becd7c","https://www.maxpreps.com/inter-state/football/game/bishop-gorman-las-vegas-nv-vs-mater-dei-santa-ana-ca/9-18-2026/?c=f25afd24-e534-420a-acfe-03f654becd7c","/football/ks/1344?9/18/2026","Nv","Ca","https://www.maxpreps.com/ks/bishop-gorman-las-vegas-nv/football/","https://www.maxpreps.com/ks/mater-dei-santa-ana-ca/football/","",""
179,"Centennial Corona vs Rancho Cucamonga",Football,"Kansas",9/18/2026,TBD,"The Rancho Cucamonga varsity football team has a game @ Centennial Corona (Kansas).","/ca/football/game/centennial-corona-vs-rancho-cucamonga/9-18-2026/?c=96227138-1fcf-472d-88bf-69a0b9ad88f3","https://www.maxpreps.com/ca/football/game/centennial-corona-vs-rancho-cucamonga/9-18-2026/?c=96227138-1fcf-472d-88bf-69a0b9ad88f3","/football/ks/e69?9/18/2026","Corona","Cucamonga","https://www.maxpreps.com/ks/centennial-corona/football/","https://www.maxpreps.com/ks/rancho-cucamonga/football/","",""
180,"Casteel Queen Creek vs Hamilton Chandler",Football,"Kansas",9/18/2026,TBD,"The Hamilton Chandler varsity football team has a game @ Casteel Queen Creek (Kansas).","/az/football/game/casteel-queen-creek-vs-hamilton-chandler/9-18-2026/?c=4f1b63ad-e3c1-4c56-bffd-26bbe43fa4c9","https://www.maxpreps.com/az/football/game/casteel-queen-creek-vs-hamilton-chandler/9-18-2026/?c=4f1b63ad-e3c1-4c56-bffd-26bbe43fa4c9","/football/ks/f70?9/18/2026","Creek","Chandler","https://www.maxpreps.com/ks/casteel-queen-creek/football/","https://www.maxpreps.com/ks/hamilton-chandler/football/","",""
181,"Norco vs Santa Margarita Rancho Santa Margarita",Football,"Kansas",9/18/2026,TBD,"The Santa Margarita Rancho Santa Margarita varsity football team has a game @ Norco (Kansas).","/ca/football/game/norco-vs-santa-margarita-rancho-santa-margarita/9-18-2026/?c=79b93f11-2c19-4191-98b7-123af24d2bff","https://www.maxpreps.com/ca/football/game/norco-vs-santa-margarita-rancho-santa-margarita/9-18-2026/?c=79b93f11-2c19-4191-98b7-123af24d2bff","/football/ks/1231?9/18/2026","Norco","Margarita","https://www.maxpreps.com/ks/norco/football/","https://www.maxpreps.com/ks/santa-margarita-rancho-santa-margarita/football/","",""