1,"Williamson vs Pine Forest",Football,"Alabama",9/10/2026,7:00pm,"The Williamson varsity football team has an away non-conference game @  Pine Forest (Pensacola, FL) today @ 7p.","/inter-state/football/game/pine-forest-pensacola-fl-vs-williamson-mobile-al/9-10-2026/?c=b48ca10a-920f-4d26-896f-6434b1a3086b","https://www.maxpreps.com/inter-state/football/game/pine-forest-pensacola-fl-vs-williamson-mobile-al/9-10-2026/?c=b48ca10a-920f-4d26-896f-6434b1a3086b","/football/al/126f?9/10/2026","Lions","Eagles","https://www.maxpreps.com/al/pine-forest-pensacola-fl/football/","https://www.maxpreps.com/al/williamson-mobile-al/football/","https://hsfootball.net/proxy.php?url=https%3A%2F%2Fimage.maxpreps.io%2Fschool-mascot%2F3%2F5%2F5%2F355baefa-ed80-4252-8fd0-e4d9f4383788.gif%3Fversion%3D638253706200000000%26amp%3Bwidth%3D128%26amp%3Bheight%3D128%26amp%3Bauto%3Dwebp%26amp%3Bformat%3Dpjpg","https://hsfootball.net/proxy.php?url=https%3A%2F%2Fimage.maxpreps.io%2Fschool-mascot%2Ff%2F6%2F4%2Ff64eb451-c381-42d0-afd0-7e4a0143f336.gif%3Fversion%3D636391719600000000%26amp%3Bwidth%3D128%26amp%3Bheight%3D128%26amp%3Bauto%3Dwebp%26amp%3Bformat%3Dpjpg"
1,"Casteel vs Hamilton",Football,"Arizona",9/18/2026,7:00pm,"The Casteel varsity football team has an away non-conference game @  Hamilton (Chandler, AZ) on Friday, September 18 @ 7p.","/az/football/game/casteel-queen-creek-vs-hamilton-chandler/9-18-2026/?c=4f1b63ad-e3c1-4c56-bffd-26bbe43fa4c9","https://www.maxpreps.com/az/football/game/casteel-queen-creek-vs-hamilton-chandler/9-18-2026/?c=4f1b63ad-e3c1-4c56-bffd-26bbe43fa4c9","/football/az/f70?9/18/2026","Colts","Huskies","https://www.maxpreps.com/az/casteel-queen-creek/football/","https://www.maxpreps.com/az/hamilton-chandler/football/","https://hsfootball.net/proxy.php?url=https%3A%2F%2Fimage.maxpreps.io%2Fschool-mascot%2F1%2Fc%2F1%2F1c175a62-0fc6-44ff-bcb9-a9934eed3ba7.gif%3Fversion%3D639009678088582540%26amp%3Bwidth%3D128%26amp%3Bheight%3D128%26amp%3Bauto%3Dwebp%26amp%3Bformat%3Dpjpg","https://hsfootball.net/proxy.php?url=https%3A%2F%2Fimage.maxpreps.io%2Fschool-mascot%2F9%2F6%2Fe%2F96ef6983-d533-4398-807f-f0fe51088378.gif%3Fversion%3D638447241600000000%26amp%3Bwidth%3D128%26amp%3Bheight%3D128%26amp%3Bauto%3Dwebp%26amp%3Bformat%3Dpjpg"
2,"Liberty vs Basha",Football,"Arizona",9/18/2026,7:00pm,"The Liberty varsity football team has an away non-conference game @  Basha (Chandler, AZ) on Friday, September 18 @ 7p.","/az/football/game/basha-chandler-vs-liberty-peoria/9-18-2026/?c=e41d3655-4323-43e0-840c-a1acceef194e","https://www.maxpreps.com/az/football/game/basha-chandler-vs-liberty-peoria/9-18-2026/?c=e41d3655-4323-43e0-840c-a1acceef194e","/football/az/c58?9/18/2026","Lions","Bears","https://www.maxpreps.com/az/basha-chandler/football/","https://www.maxpreps.com/az/liberty-peoria/football/","https://hsfootball.net/proxy.php?url=https%3A%2F%2Fimage.maxpreps.io%2Fschool-mascot%2F6%2F6%2Fb%2F66bf0a37-d675-40af-9e43-7d07ec01fca9.gif%3Fversion%3D637977190800000000%26amp%3Bwidth%3D128%26amp%3Bheight%3D128%26amp%3Bauto%3Dwebp%26amp%3Bformat%3Dpjpg","https://hsfootball.net/proxy.php?url=https%3A%2F%2Fimage.maxpreps.io%2Fschool-mascot%2Fa%2F9%2F4%2Fa9439e73-249d-4e8c-872b-f8f4ffe9252a.gif%3Fversion%3D637716312000000000%26amp%3Bwidth%3D128%26amp%3Bheight%3D128%26amp%3Bauto%3Dwebp%26amp%3Bformat%3Dpjpg"
3,"ALA - Queen Creek vs Chandler",Football,"Arizona",9/18/2026,7:00pm,"The ALA - Queen Creek varsity football team has an away non-conference game @  Chandler (AZ) on Friday, September 18 @ 7p.","/az/football/game/ala-queen-creek-vs-chandler/9-18-2026/?c=0e85e91e-03f9-443e-ab68-8f113d87d09b","https://www.maxpreps.com/az/football/game/ala-queen-creek-vs-chandler/9-18-2026/?c=0e85e91e-03f9-443e-ab68-8f113d87d09b","/football/az/a34?9/18/2026","Patriots","Wolves","https://www.maxpreps.com/az/ala-queen-creek/football/","https://www.maxpreps.com/az/chandler/football/","https://hsfootball.net/proxy.php?url=https%3A%2F%2Fimage.maxpreps.io%2Fschool-mascot%2F4%2Fd%2Fd%2F4ddc6038-e379-40f8-ba3e-f4054d2c9f03.gif%3Fversion%3D635742969000000000%26amp%3Bwidth%3D128%26amp%3Bheight%3D128%26amp%3Bauto%3Dwebp%26amp%3Bformat%3Dpjpg","https://hsfootball.net/proxy.php?url=https%3A%2F%2Fimage.maxpreps.io%2Fschool-mascot%2Ff%2F7%2Ff%2Ff7f28f64-f921-47ae-a443-b8ae1016df79.gif%3Fversion%3D634020082200000000%26amp%3Bwidth%3D128%26amp%3Bheight%3D128%26amp%3Bauto%3Dwebp%26amp%3Bformat%3Dpjpg"
4,"Scottsdale Preparatory Academy vs ALA - Sierra Vista",Football,"Arizona",9/18/2026,7:00pm,"The Scottsdale Preparatory Academy varsity football team has an away non-conference game @  ALA - Sierra Vista (Sierra Vista, AZ) on Friday, September 18 @ 7p.","/az/football/game/ala-sierra-vista-vs-scottsdale-preparatory-academy/9-18-2026/?c=c23c766e-4745-403a-a085-26006ad2dd5f","https://www.maxpreps.com/az/football/game/ala-sierra-vista-vs-scottsdale-preparatory-academy/9-18-2026/?c=c23c766e-4745-403a-a085-26006ad2dd5f","/football/az/1395?9/18/2026","Spartans","Guardians","https://www.maxpreps.com/az/ala-sierra-vista/football/","https://www.maxpreps.com/az/scottsdale-preparatory-academy/football/","https://hsfootball.net/proxy.php?url=https%3A%2F%2Fimage.maxpreps.io%2Fschool-mascot%2F0%2F3%2F1%2F03166f3f-5090-471c-9121-f7f06dc0ecdd.gif%3Fversion%3D634831423200000000%26amp%3Bwidth%3D128%26amp%3Bheight%3D128%26amp%3Bauto%3Dwebp%26amp%3Bformat%3Dpjpg","https://hsfootball.net/proxy.php?url=https%3A%2F%2Fimage.maxpreps.io%2Fschool-mascot%2Fa%2Fe%2Fa%2Faeac495e-262d-4983-af04-b841152ab2d9.gif%3Fversion%3D639210892049470360%26amp%3Bwidth%3D128%26amp%3Bheight%3D128%26amp%3Bauto%3Dwebp%26amp%3Bformat%3Dpjpg"
5,"Scottsdale Christian Academy vs Fountain Hills",Football,"Arizona",9/18/2026,7:00pm,"The Scottsdale Christian Academy varsity football team has an away conference game @  Fountain Hills (AZ) on Friday, September 18 @ 7p.","/az/football/game/fountain-hills-vs-scottsdale-christian-academy-phoenix/9-18-2026/?c=b32fb1f1-f533-4d90-b19c-58404ea794f4","https://www.maxpreps.com/az/football/game/fountain-hills-vs-scottsdale-christian-academy-phoenix/9-18-2026/?c=b32fb1f1-f533-4d90-b19c-58404ea794f4","/football/az/1541?9/18/2026","Eagles","Falcons","https://www.maxpreps.com/az/fountain-hills/football/","https://www.maxpreps.com/az/scottsdale-christian-academy-phoenix/football/","https://hsfootball.net/proxy.php?url=https%3A%2F%2Fimage.maxpreps.io%2Fschool-mascot%2F5%2F2%2F2%2F52247721-9c23-4f17-a6ef-e3d0360c2cd0.gif%3Fversion%3D636250732200000000%26amp%3Bwidth%3D128%26amp%3Bheight%3D128%26amp%3Bauto%3Dwebp%26amp%3Bformat%3Dpjpg","https://hsfootball.net/proxy.php?url=https%3A%2F%2Fimage.maxpreps.io%2Fschool-mascot%2Fb%2Ff%2Fa%2Fbfa75249-442b-4a1d-9580-80942a2f1912.gif%3Fversion%3D638229410400000000%26amp%3Bwidth%3D128%26amp%3Bheight%3D128%26amp%3Bauto%3Dwebp%26amp%3Bformat%3Dpjpg"
6,"Flowing Wells vs Maricopa",Football,"Arizona",9/18/2026,7:00pm,"The Flowing Wells varsity football team has an away conference game @  Maricopa (AZ) on Friday, September 18 @ 7p.","/az/football/game/flowing-wells-tucson-vs-maricopa/9-18-2026/?c=aafe08fd-9aed-447d-b8fb-c312c9724dca","https://www.maxpreps.com/az/football/game/flowing-wells-tucson-vs-maricopa/9-18-2026/?c=aafe08fd-9aed-447d-b8fb-c312c9724dca","/football/az/ca2?9/18/2026","Caballeros","Rams","https://www.maxpreps.com/az/flowing-wells-tucson/football/","https://www.maxpreps.com/az/maricopa/football/","https://hsfootball.net/proxy.php?url=https%3A%2F%2Fimage.maxpreps.io%2Fschool-mascot%2F7%2F4%2F0%2F7405779b-dd9c-481f-bd39-003125667626.gif%3Fversion%3D634610880000000000%26amp%3Bwidth%3D128%26amp%3Bheight%3D128%26amp%3Bauto%3Dwebp%26amp%3Bformat%3Dpjpg","https://hsfootball.net/proxy.php?url=https%3A%2F%2Fimage.maxpreps.io%2Fschool-mascot%2Fe%2F0%2F3%2Fe0385a4e-95c1-41e8-a008-c9a370366285.gif%3Fversion%3D636777006600000000%26amp%3Bwidth%3D128%26amp%3Bheight%3D128%26amp%3Bauto%3Dwebp%26amp%3Bformat%3Dpjpg"
7,"Western SciTech vs Imagine Prep",Football,"Arizona",9/18/2026,7:00pm,"The Western SciTech varsity football team has an away non-conference game @  Imagine Prep (Surprise, AZ) on Friday, September 18 @ 7p.","/az/football/game/imagine-prep-surprise-vs-western-scitech-phoenix/9-18-2026/?c=a3beea89-f0a1-4d90-9fb2-8f38b6ae2d3a","https://www.maxpreps.com/az/football/game/imagine-prep-surprise-vs-western-scitech-phoenix/9-18-2026/?c=a3beea89-f0a1-4d90-9fb2-8f38b6ae2d3a","/football/az/12eb?9/18/2026","Aztec Warrior","Storm","https://www.maxpreps.com/az/imagine-prep-surprise/football/","https://www.maxpreps.com/az/western-scitech-phoenix/football/","https://hsfootball.net/proxy.php?url=https%3A%2F%2Fimage.maxpreps.io%2Fschool-mascot%2F5%2Fa%2Fa%2F5aa58431-7350-4db4-9446-71d4bb510534.gif%3Fversion%3D637660005000000000%26amp%3Bwidth%3D128%26amp%3Bheight%3D128%26amp%3Bauto%3Dwebp%26amp%3Bformat%3Dpjpg","https://hsfootball.net/proxy.php?url=https%3A%2F%2Fimage.maxpreps.io%2Fschool-mascot%2F7%2F8%2F9%2F789e74dc-3d86-43b4-b9e1-13a3e9fe735f.gif%3Fversion%3D639216080325546160%26amp%3Bwidth%3D128%26amp%3Bheight%3D128%26amp%3Bauto%3Dwebp%26amp%3Bformat%3Dpjpg"
8,"Alhambra vs Lake Havasu",Football,"Arizona",9/18/2026,7:00pm,"The Alhambra varsity football team has an away non-conference game @  Lake Havasu (Lake Havasu City, AZ) on Friday, September 18 @ 7p.","/az/football/game/alhambra-phoenix-vs-lake-havasu-lake-havasu-city/9-18-2026/?c=b28bea15-a00d-43e4-8813-2f287bda47c5","https://www.maxpreps.com/az/football/game/alhambra-phoenix-vs-lake-havasu-lake-havasu-city/9-18-2026/?c=b28bea15-a00d-43e4-8813-2f287bda47c5","/football/az/125a?9/18/2026","Lions","Knights","https://www.maxpreps.com/az/alhambra-phoenix/football/","https://www.maxpreps.com/az/lake-havasu-lake-havasu-city/football/","https://hsfootball.net/proxy.php?url=https%3A%2F%2Fimage.maxpreps.io%2Fschool-mascot%2F9%2Fe%2Ff%2F9ef6f64a-9281-4bcc-ba9f-5e930f26ea78.gif%3Fversion%3D635984729400000000%26amp%3Bwidth%3D128%26amp%3Bheight%3D128%26amp%3Bauto%3Dwebp%26amp%3Bformat%3Dpjpg","https://hsfootball.net/proxy.php?url=https%3A%2F%2Fimage.maxpreps.io%2Fschool-mascot%2F7%2F3%2F6%2F736c08de-8f87-4a10-a526-04899584b0f0.gif%3Fversion%3D637987463400000000%26amp%3Bwidth%3D128%26amp%3Bheight%3D128%26amp%3Bauto%3Dwebp%26amp%3Bformat%3Dpjpg"
9,"Buena vs Tucson High Magnet School",Football,"Arizona",9/18/2026,7:00pm,"The Buena varsity football team has an away conference game @  Tucson High Magnet School (Tucson, AZ) on Friday, September 18 @ 7p.","/az/football/game/buena-sierra-vista-vs-tucson-high-magnet-school/9-18-2026/?c=9c0e6bef-4092-46b9-9d01-76cc6bd8c54d","https://www.maxpreps.com/az/football/game/buena-sierra-vista-vs-tucson-high-magnet-school/9-18-2026/?c=9c0e6bef-4092-46b9-9d01-76cc6bd8c54d","/football/az/121c?9/18/2026","Colts","Badgers","https://www.maxpreps.com/az/buena-sierra-vista/football/","https://www.maxpreps.com/az/tucson-high-magnet-school/football/","https://hsfootball.net/proxy.php?url=https%3A%2F%2Fimage.maxpreps.io%2Fschool-mascot%2Fe%2F8%2Ff%2Fe8fd77e4-8166-48c6-b671-702354923b76.gif%3Fversion%3D635259811800000000%26amp%3Bwidth%3D128%26amp%3Bheight%3D128%26amp%3Bauto%3Dwebp%26amp%3Bformat%3Dpjpg","https://hsfootball.net/proxy.php?url=https%3A%2F%2Fimage.maxpreps.io%2Fschool-mascot%2F6%2F7%2F1%2F67185d63-95c9-4fd7-8758-d257c7381b4e.gif%3Fversion%3D635828347200000000%26amp%3Bwidth%3D128%26amp%3Bheight%3D128%26amp%3Bauto%3Dwebp%26amp%3Bformat%3Dpjpg"
10,"Horizon vs Sunnyslope",Football,"Arizona",9/18/2026,7:00pm,"The Horizon varsity football team has an away non-conference game @  Sunnyslope (Phoenix, AZ) on Friday, September 18 @ 7p.","/az/football/game/horizon-scottsdale-vs-sunnyslope-phoenix/9-18-2026/?c=324c2ab8-6aee-4dbd-9970-e206b07e6100","https://www.maxpreps.com/az/football/game/horizon-scottsdale-vs-sunnyslope-phoenix/9-18-2026/?c=324c2ab8-6aee-4dbd-9970-e206b07e6100","/football/az/1037?9/18/2026","Huskies","Vikings","https://www.maxpreps.com/az/horizon-scottsdale/football/","https://www.maxpreps.com/az/sunnyslope-phoenix/football/","https://hsfootball.net/proxy.php?url=https%3A%2F%2Fimage.maxpreps.io%2Fschool-mascot%2F5%2F7%2F1%2F571b3543-a3d9-472f-ab6e-207edfec3fb3.gif%3Fversion%3D635309060400000000%26amp%3Bwidth%3D128%26amp%3Bheight%3D128%26amp%3Bauto%3Dwebp%26amp%3Bformat%3Dpjpg","https://hsfootball.net/proxy.php?url=https%3A%2F%2Fimage.maxpreps.io%2Fschool-mascot%2Fe%2F6%2Fd%2Fe6db1bc3-d49a-4c73-9bf8-67ad4dcbb916.gif%3Fversion%3D635430966600000000%26amp%3Bwidth%3D128%26amp%3Bheight%3D128%26amp%3Bauto%3Dwebp%26amp%3Bformat%3Dpjpg"
11,"Shadow Mountain vs Kingman",Football,"Arizona",9/18/2026,7:00pm,"The Shadow Mountain varsity football team has an away conference game @  Kingman (AZ) on Friday, September 18 @ 7p.","/az/football/game/kingman-vs-shadow-mountain-phoenix/9-18-2026/?c=db269ed8-7537-408d-b99b-590037d8e284","https://www.maxpreps.com/az/football/game/kingman-vs-shadow-mountain-phoenix/9-18-2026/?c=db269ed8-7537-408d-b99b-590037d8e284","/football/az/d6e?9/18/2026","Matadors","Bulldogs","https://www.maxpreps.com/az/kingman/football/","https://www.maxpreps.com/az/shadow-mountain-phoenix/football/","https://hsfootball.net/proxy.php?url=https%3A%2F%2Fimage.maxpreps.io%2Fschool-mascot%2Fe%2F6%2Fd%2Fe6d3a7e2-2ed0-4955-9124-a92fae30435d.gif%3Fversion%3D635964301200000000%26amp%3Bwidth%3D128%26amp%3Bheight%3D128%26amp%3Bauto%3Dwebp%26amp%3Bformat%3Dpjpg","https://hsfootball.net/proxy.php?url=https%3A%2F%2Fimage.maxpreps.io%2Fschool-mascot%2F4%2Fb%2Fb%2F4bbe3829-347a-48e0-b9d2-edf43fda4a26.gif%3Fversion%3D637969278000000000%26amp%3Bwidth%3D128%26amp%3Bheight%3D128%26amp%3Bauto%3Dwebp%26amp%3Bformat%3Dpjpg"
12,"Harvest Prep Academy vs Ajo",Football,"Arizona",9/18/2026,7:00pm,"The Harvest Prep Academy varsity football team has an away non-conference game @  Ajo (AZ) on Friday, September 18 @ 7p.","/az/football/game/ajo-vs-harvest-prep-academy-yuma/9-18-2026/?c=85742fbf-46f8-40e4-986e-485a86e0e68c","https://www.maxpreps.com/az/football/game/ajo-vs-harvest-prep-academy-yuma/9-18-2026/?c=85742fbf-46f8-40e4-986e-485a86e0e68c","/football/az/c48?9/18/2026","Eagle","Red Raiders","https://www.maxpreps.com/az/ajo/football/","https://www.maxpreps.com/az/harvest-prep-academy-yuma/football/","https://hsfootball.net/proxy.php?url=https%3A%2F%2Fimage.maxpreps.io%2Fschool-mascot%2F8%2F1%2F1%2F8117dca3-6d17-4a31-a054-0ba6351f84f8.gif%3Fversion%3D639215103194214550%26amp%3Bwidth%3D128%26amp%3Bheight%3D128%26amp%3Bauto%3Dwebp%26amp%3Bformat%3Dpjpg","https://hsfootball.net/proxy.php?url=https%3A%2F%2Fimage.maxpreps.io%2Fschool-mascot%2F5%2F4%2Fd%2F54d3cc9c-46a3-415c-aa4b-b06cb21f7016.gif%3Fversion%3D635545038000000000%26amp%3Bwidth%3D128%26amp%3Bheight%3D128%26amp%3Bauto%3Dwebp%26amp%3Bformat%3Dpjpg"
13,"Red Rock vs Williams",Football,"Arizona",9/18/2026,7:00pm,"The Red Rock varsity football team has an away non-conference game @  Williams (AZ) on Friday, September 18 @ 7p.","/az/football/game/red-rock-sedona-vs-williams/9-18-2026/?c=19d90f19-6b69-4804-86c9-ebefe19cc782","https://www.maxpreps.com/az/football/game/red-rock-sedona-vs-williams/9-18-2026/?c=19d90f19-6b69-4804-86c9-ebefe19cc782","/football/az/a63?9/18/2026","Scorpions","Vikings","https://www.maxpreps.com/az/red-rock-sedona/football/","https://www.maxpreps.com/az/williams/football/","https://hsfootball.net/proxy.php?url=https%3A%2F%2Fimage.maxpreps.io%2Fschool-mascot%2F6%2F5%2Fa%2F65ad9fa9-fd26-4d2e-9e87-be2276d56c6f.gif%3Fversion%3D637031955600000000%26amp%3Bwidth%3D128%26amp%3Bheight%3D128%26amp%3Bauto%3Dwebp%26amp%3Bformat%3Dpjpg","https://hsfootball.net/proxy.php?url=https%3A%2F%2Fimage.maxpreps.io%2Fschool-mascot%2Fd%2F8%2F4%2Fd84e0366-5e9f-4bef-8464-7cfba4c43bab.gif%3Fversion%3D635394555000000000%26amp%3Bwidth%3D128%26amp%3Bheight%3D128%26amp%3Bauto%3Dwebp%26amp%3Bformat%3Dpjpg"
14,"Mayer vs Mogollon",Football,"Arizona",9/18/2026,7:00pm,"The Mayer varsity football team has an away non-conference game @  Mogollon (Heber, AZ) on Friday, September 18 @ 7p.","/az/football/game/mayer-vs-mogollon-heber/9-18-2026/?c=67509c42-fe3b-4a25-8772-6d9851535d7e","https://www.maxpreps.com/az/football/game/mayer-vs-mogollon-heber/9-18-2026/?c=67509c42-fe3b-4a25-8772-6d9851535d7e","/football/az/8fb?9/18/2026","Wildcats","Mustangs","https://www.maxpreps.com/az/mayer/football/","https://www.maxpreps.com/az/mogollon-heber/football/","https://hsfootball.net/proxy.php?url=https%3A%2F%2Fimage.maxpreps.io%2Fschool-mascot%2F9%2Fd%2F4%2F9d48caa8-a69d-4365-8353-85b1b2ab74ac.gif%3Fversion%3D635828347200000000%26amp%3Bwidth%3D128%26amp%3Bheight%3D128%26amp%3Bauto%3Dwebp%26amp%3Bformat%3Dpjpg","https://hsfootball.net/proxy.php?url=https%3A%2F%2Fimage.maxpreps.io%2Fschool-mascot%2F7%2F1%2F3%2F7134eadc-3fb5-495f-9bb2-43bd78f5dcc1.gif%3Fversion%3D635826574800000000%26amp%3Bwidth%3D128%26amp%3Bheight%3D128%26amp%3Bauto%3Dwebp%26amp%3Bformat%3Dpjpg"
15,"Peoria vs Cactus",Football,"Arizona",9/18/2026,7:00pm,"The Peoria varsity football team has an away non-conference game @  Cactus (Glendale, AZ) on Friday, September 18 @ 7p.","/az/football/game/cactus-glendale-vs-peoria/9-18-2026/?c=36ef7d1d-f9d9-4881-b79d-621da76b356e","https://www.maxpreps.com/az/football/game/cactus-glendale-vs-peoria/9-18-2026/?c=36ef7d1d-f9d9-4881-b79d-621da76b356e","/football/az/9af?9/18/2026","Panthers","Cobras","https://www.maxpreps.com/az/cactus-glendale/football/","https://www.maxpreps.com/az/peoria/football/","https://hsfootball.net/proxy.php?url=https%3A%2F%2Fimage.maxpreps.io%2Fschool-mascot%2F5%2Fa%2F7%2F5a71df64-5c77-4831-b73b-9fef4493bc71.gif%3Fversion%3D638992505197207120%26amp%3Bwidth%3D128%26amp%3Bheight%3D128%26amp%3Bauto%3Dwebp%26amp%3Bformat%3Dpjpg","https://hsfootball.net/proxy.php?url=https%3A%2F%2Fimage.maxpreps.io%2Fschool-mascot%2F8%2F3%2F8%2F838c2c72-e12c-4c80-9d16-3df0277b7db6.gif%3Fversion%3D637342085400000000%26amp%3Bwidth%3D128%26amp%3Bheight%3D128%26amp%3Bauto%3Dwebp%26amp%3Bformat%3Dpjpg"
16,"Sahuarita vs Sahuaro",Football,"Arizona",9/18/2026,7:00pm,"The Sahuarita varsity football team has an away non-conference game @  Sahuaro (Tucson, AZ) on Friday, September 18 @ 7p.","/az/football/game/sahuarita-vs-sahuaro-tucson/9-18-2026/?c=c395d33a-49c8-49f7-8f67-38607bed0f59","https://www.maxpreps.com/az/football/game/sahuarita-vs-sahuaro-tucson/9-18-2026/?c=c395d33a-49c8-49f7-8f67-38607bed0f59","/football/az/ac1?9/18/2026","Mustangs","Cougars","https://www.maxpreps.com/az/sahuarita/football/","https://www.maxpreps.com/az/sahuaro-tucson/football/","https://hsfootball.net/proxy.php?url=https%3A%2F%2Fimage.maxpreps.io%2Fschool-mascot%2Fe%2F9%2Fa%2Fe9a6971d-098e-492a-9fca-359a64943c42.gif%3Fversion%3D636135430200000000%26amp%3Bwidth%3D128%26amp%3Bheight%3D128%26amp%3Bauto%3Dwebp%26amp%3Bformat%3Dpjpg","https://hsfootball.net/proxy.php?url=https%3A%2F%2Fimage.maxpreps.io%2Fschool-mascot%2F7%2F5%2F5%2F755fb534-3c0d-4797-b0d5-5a6a603564b5.gif%3Fversion%3D636388205400000000%26amp%3Bwidth%3D128%26amp%3Bheight%3D128%26amp%3Bauto%3Dwebp%26amp%3Bformat%3Dpjpg"
17,"Paradise Valley Christian Prep vs Wickenburg Christian Academy",Football,"Arizona",9/18/2026,7:00pm,"The Paradise Valley Christian Prep varsity football team has an away conference game @  Wickenburg Christian Academy (Wickenburg, AZ) on Friday, September 18 @ 7p.","/az/football/game/paradise-valley-christian-prep-phoenix-vs-wickenburg-christian-academy/9-18-2026/?c=f419b0ed-1893-40c1-a9fb-f8cc84a1298a","https://www.maxpreps.com/az/football/game/paradise-valley-christian-prep-phoenix-vs-wickenburg-christian-academy/9-18-2026/?c=f419b0ed-1893-40c1-a9fb-f8cc84a1298a","/football/az/1b68?9/18/2026","Panthers","Lion","https://www.maxpreps.com/az/paradise-valley-christian-prep-phoenix/football/","https://www.maxpreps.com/az/wickenburg-christian-academy/football/","https://hsfootball.net/proxy.php?url=https%3A%2F%2Fimage.maxpreps.io%2Fschool-mascot%2F4%2F6%2F8%2F46838f45-b50f-48cc-bfa5-d49813c0b24d.gif%3Fversion%3D639217932968599950%26amp%3Bwidth%3D128%26amp%3Bheight%3D128%26amp%3Bauto%3Dwebp%26amp%3Bformat%3Dpjpg","https://hsfootball.net/proxy.php?url=https%3A%2F%2Fimage.maxpreps.io%2Fschool-mascot%2F8%2Fd%2Ff%2F8df765c4-216f-4a37-84bc-c65d189d2ee5.gif%3Fversion%3D637157260200000000%26amp%3Bwidth%3D128%26amp%3Bheight%3D128%26amp%3Bauto%3Dwebp%26amp%3Bformat%3Dpjpg"
18,"Poston Butte vs Marcos de Niza",Football,"Arizona",9/18/2026,7:00pm,"The Poston Butte varsity football team has an away non-conference game @  Marcos de Niza (Tempe, AZ) on Friday, September 18 @ 7p.","/az/football/game/marcos-de-niza-tempe-vs-poston-butte-san-tan-valley/9-18-2026/?c=f6b84e05-a51e-49b2-9075-b1b55be4dbe8","https://www.maxpreps.com/az/football/game/marcos-de-niza-tempe-vs-poston-butte-san-tan-valley/9-18-2026/?c=f6b84e05-a51e-49b2-9075-b1b55be4dbe8","/football/az/1372?9/18/2026","Broncos","Padres","https://www.maxpreps.com/az/marcos-de-niza-tempe/football/","https://www.maxpreps.com/az/poston-butte-san-tan-valley/football/","https://hsfootball.net/proxy.php?url=https%3A%2F%2Fimage.maxpreps.io%2Fschool-mascot%2F9%2Ff%2Fa%2F9fa22987-e2ec-4dd9-b321-d5184fdc56e0.gif%3Fversion%3D635973340200000000%26amp%3Bwidth%3D128%26amp%3Bheight%3D128%26amp%3Bauto%3Dwebp%26amp%3Bformat%3Dpjpg","https://hsfootball.net/proxy.php?url=https%3A%2F%2Fimage.maxpreps.io%2Fschool-mascot%2F5%2F9%2F6%2F5967a6fd-c16a-4656-82b2-f6ee19d27b52.gif%3Fversion%3D636969769200000000%26amp%3Bwidth%3D128%26amp%3Bheight%3D128%26amp%3Bauto%3Dwebp%26amp%3Bformat%3Dpjpg"
19,"ALA - Vistancia vs Dysart",Football,"Arizona",9/18/2026,7:00pm,"The ALA - Vistancia varsity football team has an away non-conference game @  Dysart (El Mirage, AZ) on Friday, September 18 @ 7p.","/az/football/game/ala-vistancia-peoria-vs-dysart-el-mirage/9-18-2026/?c=d2d4be59-7a14-45b6-9d68-361a875917a6","https://www.maxpreps.com/az/football/game/ala-vistancia-peoria-vs-dysart-el-mirage/9-18-2026/?c=d2d4be59-7a14-45b6-9d68-361a875917a6","/football/az/f44?9/18/2026","Defenders","Demons","https://www.maxpreps.com/az/ala-vistancia-peoria/football/","https://www.maxpreps.com/az/dysart-el-mirage/football/","https://hsfootball.net/proxy.php?url=https%3A%2F%2Fimage.maxpreps.io%2Fschool-mascot%2Fc%2Fd%2F2%2Fcd2b6d92-6887-46b8-b7d9-39bba31f1d00.gif%3Fversion%3D638990052373843660%26amp%3Bwidth%3D128%26amp%3Bheight%3D128%26amp%3Bauto%3Dwebp%26amp%3Bformat%3Dpjpg","https://hsfootball.net/proxy.php?url=https%3A%2F%2Fimage.maxpreps.io%2Fschool-mascot%2F5%2F2%2F2%2F522937e8-8c96-45b9-bbf6-7b25d131021a.gif%3Fversion%3D636487799400000000%26amp%3Bwidth%3D128%26amp%3Bheight%3D128%26amp%3Bauto%3Dwebp%26amp%3Bformat%3Dpjpg"
20,"O&#x27;Connor vs Salpointe Catholic",Football,"Arizona",9/18/2026,7:00pm,"The O&#x27;Connor varsity football team has an away non-conference game @  Salpointe Catholic (Tucson, AZ) on Friday, September 18 @ 7p.","/az/football/game/oconnor-phoenix-vs-salpointe-catholic-tucson/9-18-2026/?c=ff66c675-dfb5-42aa-97da-f04e9e21a6a0","https://www.maxpreps.com/az/football/game/oconnor-phoenix-vs-salpointe-catholic-tucson/9-18-2026/?c=ff66c675-dfb5-42aa-97da-f04e9e21a6a0","/football/az/1175?9/18/2026","Eagles","Lancers","https://www.maxpreps.com/az/oconnor-phoenix/football/","https://www.maxpreps.com/az/salpointe-catholic-tucson/football/","https://hsfootball.net/proxy.php?url=https%3A%2F%2Fimage.maxpreps.io%2Fschool-mascot%2F4%2Fc%2Fb%2F4cbe0876-94ab-4d4f-8bc1-85b449dff4e8.gif%3Fversion%3D635755934400000000%26amp%3Bwidth%3D128%26amp%3Bheight%3D128%26amp%3Bauto%3Dwebp%26amp%3Bformat%3Dpjpg","https://hsfootball.net/proxy.php?url=https%3A%2F%2Fimage.maxpreps.io%2Fschool-mascot%2Fd%2Fe%2Fe%2Fdee93add-e301-4e22-a8ab-1f6348eb741c.gif%3Fversion%3D636872989800000000%26amp%3Bwidth%3D128%26amp%3Bheight%3D128%26amp%3Bauto%3Dwebp%26amp%3Bformat%3Dpjpg"
21,"Payson vs ALA - Mesa North",Football,"Arizona",9/18/2026,7:00pm,"The Payson varsity football team has an away conference game @  ALA - Mesa North (Mesa, AZ) on Friday, September 18 @ 7p.","/az/football/game/ala-mesa-north-vs-payson/9-18-2026/?c=3a0090ad-c742-4c2a-88aa-dc592bab903f","https://www.maxpreps.com/az/football/game/ala-mesa-north-vs-payson/9-18-2026/?c=3a0090ad-c742-4c2a-88aa-dc592bab903f","/football/az/936?9/18/2026","Longhorns","Mavericks","https://www.maxpreps.com/az/ala-mesa-north/football/","https://www.maxpreps.com/az/payson/football/","https://hsfootball.net/proxy.php?url=https%3A%2F%2Fimage.maxpreps.io%2Fschool-mascot%2F5%2F6%2F8%2F5685b8c1-1e76-46ce-82b2-984ef7671eaf.gif%3Fversion%3D637652239200000000%26amp%3Bwidth%3D128%26amp%3Bheight%3D128%26amp%3Bauto%3Dwebp%26amp%3Bformat%3Dpjpg","https://hsfootball.net/proxy.php?url=https%3A%2F%2Fimage.maxpreps.io%2Fschool-mascot%2F7%2F9%2F8%2F79819bb2-b423-49ce-a80a-780442fe9f0d.gif%3Fversion%3D639077756413261080%26amp%3Bwidth%3D128%26amp%3Bheight%3D128%26amp%3Bauto%3Dwebp%26amp%3Bformat%3Dpjpg"
22,"Sunnyside vs Mica Mountain",Football,"Arizona",9/18/2026,7:00pm,"The Sunnyside varsity football team has an away non-conference game @  Mica Mountain (Tucson, AZ) on Friday, September 18 @ 7p.","/az/football/game/mica-mountain-tucson-vs-sunnyside-tucson/9-18-2026/?c=fe396720-8f08-4e9b-8395-dffc91e6c2ac","https://www.maxpreps.com/az/football/game/mica-mountain-tucson-vs-sunnyside-tucson/9-18-2026/?c=fe396720-8f08-4e9b-8395-dffc91e6c2ac","/football/az/fe9?9/18/2026","Blue Devils","Thunderbolts","https://www.maxpreps.com/az/mica-mountain-tucson/football/","https://www.maxpreps.com/az/sunnyside-tucson/football/","https://hsfootball.net/proxy.php?url=https%3A%2F%2Fimage.maxpreps.io%2Fschool-mascot%2F4%2Fb%2F6%2F4b6d4998-9d5d-41f9-a9fc-6fc73cfdcdd4.gif%3Fversion%3D634841893200000000%26amp%3Bwidth%3D128%26amp%3Bheight%3D128%26amp%3Bauto%3Dwebp%26amp%3Bformat%3Dpjpg","https://hsfootball.net/proxy.php?url=https%3A%2F%2Fimage.maxpreps.io%2Fschool-mascot%2F4%2F9%2Fa%2F49a3049a-ccd5-4bf7-a99d-3189838194d3.gif%3Fversion%3D637606404000000000%26amp%3Bwidth%3D128%26amp%3Bheight%3D128%26amp%3Bauto%3Dwebp%26amp%3Bformat%3Dpjpg"
23,"San Tan Foothills vs Sabino",Football,"Arizona",9/18/2026,7:00pm,"The San Tan Foothills varsity football team has an away conference game @  Sabino (Tucson, AZ) on Friday, September 18 @ 7p.","/az/football/game/sabino-tucson-vs-san-tan-foothills-queen-creek/9-18-2026/?c=b2a5f108-a4ba-4b0d-a2dc-9b21be6500af","https://www.maxpreps.com/az/football/game/sabino-tucson-vs-san-tan-foothills-queen-creek/9-18-2026/?c=b2a5f108-a4ba-4b0d-a2dc-9b21be6500af","/football/az/11bd?9/18/2026","Sabercats","Sabercats","https://www.maxpreps.com/az/sabino-tucson/football/","https://www.maxpreps.com/az/san-tan-foothills-queen-creek/football/","https://hsfootball.net/proxy.php?url=https%3A%2F%2Fimage.maxpreps.io%2Fschool-mascot%2Fa%2F7%2F6%2Fa76f315f-4ea8-4520-94b4-92211843bbfe.gif%3Fversion%3D637648293600000000%26amp%3Bwidth%3D128%26amp%3Bheight%3D128%26amp%3Bauto%3Dwebp%26amp%3Bformat%3Dpjpg","https://hsfootball.net/proxy.php?url=https%3A%2F%2Fimage.maxpreps.io%2Fschool-mascot%2F4%2Fc%2F4%2F4c45ce74-9871-4605-8615-a590c34fa0ae.gif%3Fversion%3D635237432400000000%26amp%3Bwidth%3D128%26amp%3Bheight%3D128%26amp%3Bauto%3Dwebp%26amp%3Bformat%3Dpjpg"
24,"Calipatria vs Yuma",Football,"Arizona",9/18/2026,7:00pm,"The Calipatria varsity football team has an away non-conference game @  Yuma (AZ) on Friday, September 18 @ 7p.","/inter-state/football/game/calipatria-ca-vs-yuma-az/9-18-2026/?c=8b5165aa-3741-4ed1-80b2-40b7451cec71","https://www.maxpreps.com/inter-state/football/game/calipatria-ca-vs-yuma-az/9-18-2026/?c=8b5165aa-3741-4ed1-80b2-40b7451cec71","/football/az/912?9/18/2026","Hornets","Criminals","https://www.maxpreps.com/az/calipatria-ca/football/","https://www.maxpreps.com/az/yuma-az/football/","https://hsfootball.net/proxy.php?url=https%3A%2F%2Fimage.maxpreps.io%2Fschool-mascot%2Fe%2Fa%2F3%2Fea3cb91a-99bd-4ecd-9fb7-17b9b869aa8f.gif%3Fversion%3D636288823800000000%26amp%3Bwidth%3D128%26amp%3Bheight%3D128%26amp%3Bauto%3Dwebp%26amp%3Bformat%3Dpjpg","https://hsfootball.net/proxy.php?url=https%3A%2F%2Fimage.maxpreps.io%2Fschool-mascot%2F6%2F7%2F4%2F674ffdb0-baee-45a3-a2b3-cbdb62cc4480.gif%3Fversion%3D637746539400000000%26amp%3Bwidth%3D128%26amp%3Bheight%3D128%26amp%3Bauto%3Dwebp%26amp%3Bformat%3Dpjpg"
25,"Desert Sunrise vs Glendale",Football,"Arizona",9/18/2026,7:00pm,"The Desert Sunrise varsity football team has an away non-conference game @  Glendale (AZ) on Friday, September 18 @ 7p.","/az/football/game/desert-sunrise-golden-hawks-maricopa-vs-glendale/9-18-2026/?c=434a2025-c5e4-4287-8fbe-c70ad78cfa63","https://www.maxpreps.com/az/football/game/desert-sunrise-golden-hawks-maricopa-vs-glendale/9-18-2026/?c=434a2025-c5e4-4287-8fbe-c70ad78cfa63","/football/az/12a6?9/18/2026","-","Cardinals","https://www.maxpreps.com/az/desert-sunrise-golden-hawks-maricopa/football/","https://www.maxpreps.com/az/glendale/football/","https://hsfootball.net/proxy.php?url=https%3A%2F%2Fimage.maxpreps.io%2Fschool-mascot%2Ff%2F3%2Fb%2Ff3be9350-a2b1-4058-b0e8-e3887afdacd5.gif%3Fversion%3D639212623286065480%26amp%3Bwidth%3D128%26amp%3Bheight%3D128%26amp%3Bauto%3Dwebp%26amp%3Bformat%3Dpjpg","https://hsfootball.net/proxy.php?url=https%3A%2F%2Fimage.maxpreps.io%2Fschool-mascot%2F6%2F1%2Fb%2F61b4f858-b1ae-48c4-ad89-c618b201d320.gif%3Fversion%3D637987463400000000%26amp%3Bwidth%3D128%26amp%3Bheight%3D128%26amp%3Bauto%3Dwebp%26amp%3Bformat%3Dpjpg"
26,"Bisbee vs Santa Rita",Football,"Arizona",9/18/2026,7:00pm,"The Bisbee varsity football team has an away conference game @  Santa Rita (Tucson, AZ) on Friday, September 18 @ 7p.","/az/football/game/bisbee-vs-santa-rita-tucson/9-18-2026/?c=9ca30ac1-ebcc-4e78-8f8e-c68a2c110a2b","https://www.maxpreps.com/az/football/game/bisbee-vs-santa-rita-tucson/9-18-2026/?c=9ca30ac1-ebcc-4e78-8f8e-c68a2c110a2b","/football/az/a6a?9/18/2026","Pumas","Eagles","https://www.maxpreps.com/az/bisbee/football/","https://www.maxpreps.com/az/santa-rita-tucson/football/","https://hsfootball.net/proxy.php?url=https%3A%2F%2Fimage.maxpreps.io%2Fschool-mascot%2Fd%2F1%2F0%2Fd1098828-9dc1-489b-820a-7bd97b0ec4e7.gif%3Fversion%3D635316096600000000%26amp%3Bwidth%3D128%26amp%3Bheight%3D128%26amp%3Bauto%3Dwebp%26amp%3Bformat%3Dpjpg","https://hsfootball.net/proxy.php?url=https%3A%2F%2Fimage.maxpreps.io%2Fschool-mascot%2F4%2Fa%2Fe%2F4ae1be43-c268-4a1c-bc29-bbf4ece67e61.gif%3Fversion%3D636088478400000000%26amp%3Bwidth%3D128%26amp%3Bheight%3D128%26amp%3Bauto%3Dwebp%26amp%3Bformat%3Dpjpg"
27,"ALA - Gilbert North vs Desert Edge",Football,"Arizona",9/18/2026,7:00pm,"The ALA - Gilbert North varsity football team has an away non-conference game @  Desert Edge (Goodyear, AZ) on Friday, September 18 @ 7p.","/az/football/game/ala-gilbert-north-vs-desert-edge-goodyear/9-18-2026/?c=fa644237-ae20-436f-8b5e-508df3ba6222","https://www.maxpreps.com/az/football/game/ala-gilbert-north-vs-desert-edge-goodyear/9-18-2026/?c=fa644237-ae20-436f-8b5e-508df3ba6222","/football/az/faf?9/18/2026","Eagles","Scorpions","https://www.maxpreps.com/az/ala-gilbert-north/football/","https://www.maxpreps.com/az/desert-edge-goodyear/football/","https://hsfootball.net/proxy.php?url=https%3A%2F%2Fimage.maxpreps.io%2Fschool-mascot%2F5%2F9%2F8%2F598e4976-bbf8-4688-85cf-291b9b44e04f.gif%3Fversion%3D637981407000000000%26amp%3Bwidth%3D128%26amp%3Bheight%3D128%26amp%3Bauto%3Dwebp%26amp%3Bformat%3Dpjpg","https://hsfootball.net/proxy.php?url=https%3A%2F%2Fimage.maxpreps.io%2Fschool-mascot%2F9%2F8%2F7%2F9873ca27-c113-42d6-be72-7961396eece7.gif%3Fversion%3D639151199297156130%26amp%3Bwidth%3D128%26amp%3Bheight%3D128%26amp%3Bauto%3Dwebp%26amp%3Bformat%3Dpjpg"
28,"Somerton vs Rincon/University",Football,"Arizona",9/18/2026,7:00pm,"The Somerton varsity football team has an away non-conference game @  Rincon/University (Tucson, AZ) on Friday, September 18 @ 7p.","/az/football/game/rincon-university-tucson-vs-somerton/9-18-2026/?c=effeaee2-e14c-4246-a95c-c3532340a278","https://www.maxpreps.com/az/football/game/rincon-university-tucson-vs-somerton/9-18-2026/?c=effeaee2-e14c-4246-a95c-c3532340a278","/football/az/e9b?9/18/2026","Toros","Rangers","https://www.maxpreps.com/az/rincon-university-tucson/football/","https://www.maxpreps.com/az/somerton/football/","https://hsfootball.net/proxy.php?url=https%3A%2F%2Fimage.maxpreps.io%2Fschool-mascot%2F9%2F9%2Fb%2F99bbb70b-d0c7-41df-b5fc-45d90370e864.gif%3Fversion%3D638263534200000000%26amp%3Bwidth%3D128%26amp%3Bheight%3D128%26amp%3Bauto%3Dwebp%26amp%3Bformat%3Dpjpg","https://hsfootball.net/proxy.php?url=https%3A%2F%2Fimage.maxpreps.io%2Fschool-mascot%2F7%2F6%2F2%2F76256820-f24d-441c-a173-49cb29086e57.gif%3Fversion%3D636698423400000000%26amp%3Bwidth%3D128%26amp%3Bheight%3D128%26amp%3Bauto%3Dwebp%26amp%3Bformat%3Dpjpg"
29,"Verrado vs Yuma Catholic",Football,"Arizona",9/18/2026,7:00pm,"The Verrado varsity football team has an away non-conference game @  Yuma Catholic (Yuma, AZ) on Friday, September 18 @ 7p.","/az/football/game/verrado-buckeye-vs-yuma-catholic/9-18-2026/?c=90e57180-68b8-4402-9456-7246cbebc658","https://www.maxpreps.com/az/football/game/verrado-buckeye-vs-yuma-catholic/9-18-2026/?c=90e57180-68b8-4402-9456-7246cbebc658","/football/az/c7b?9/18/2026","Vipers","Shamrocks","https://www.maxpreps.com/az/verrado-buckeye/football/","https://www.maxpreps.com/az/yuma-catholic/football/","https://hsfootball.net/proxy.php?url=https%3A%2F%2Fimage.maxpreps.io%2Fschool-mascot%2F4%2F0%2F8%2F408f4965-ed3b-449a-ac69-a7b7fb107dc9.gif%3Fversion%3D637068237000000000%26amp%3Bwidth%3D128%26amp%3Bheight%3D128%26amp%3Bauto%3Dwebp%26amp%3Bformat%3Dpjpg","https://hsfootball.net/proxy.php?url=https%3A%2F%2Fimage.maxpreps.io%2Fschool-mascot%2Fe%2F6%2F9%2Fe69e7bbc-8099-4f7e-80f8-1b4c3673689e.gif%3Fversion%3D635778205800000000%26amp%3Bwidth%3D128%26amp%3Bheight%3D128%26amp%3Bauto%3Dwebp%26amp%3Bformat%3Dpjpg"
30,"Joseph City vs Baboquivari",Football,"Arizona",9/18/2026,7:00pm,"The Joseph City varsity football team has an away non-conference game @  Baboquivari (Sells, AZ) on Friday, September 18 @ 7p.","/az/football/game/baboquivari-sells-vs-joseph-city/9-18-2026/?c=5882ecfa-7da5-4413-94e3-81e24f352ffc","https://www.maxpreps.com/az/football/game/baboquivari-sells-vs-joseph-city/9-18-2026/?c=5882ecfa-7da5-4413-94e3-81e24f352ffc","/football/az/c97?9/18/2026","Wildcats","Warriors","https://www.maxpreps.com/az/baboquivari-sells/football/","https://www.maxpreps.com/az/joseph-city/football/","https://hsfootball.net/proxy.php?url=https%3A%2F%2Fimage.maxpreps.io%2Fschool-mascot%2Fd%2F8%2F7%2Fd87da25b-d460-4096-881a-d098ce4237f3.gif%3Fversion%3D637454276400000000%26amp%3Bwidth%3D128%26amp%3Bheight%3D128%26amp%3Bauto%3Dwebp%26amp%3Bformat%3Dpjpg","https://hsfootball.net/proxy.php?url=https%3A%2F%2Fimage.maxpreps.io%2Fschool-mascot%2Fa%2F8%2Fb%2Fa8b7f50e-2712-4992-9359-1206148d5336.gif%3Fversion%3D634128295800000000%26amp%3Bwidth%3D128%26amp%3Bheight%3D128%26amp%3Bauto%3Dwebp%26amp%3Bformat%3Dpjpg"
31,"Heritage Academy Mesa vs Arizona Lutheran Academy",Football,"Arizona",9/18/2026,7:00pm,"The Heritage Academy Mesa varsity football team has an away conference game @  Arizona Lutheran Academy (Phoenix, AZ) on Friday, September 18 @ 7p.","/az/football/game/arizona-lutheran-academy-phoenix-vs-heritage-academy-mesa/9-18-2026/?c=cda87873-75fb-434b-8db8-d7a6743ddfef","https://www.maxpreps.com/az/football/game/arizona-lutheran-academy-phoenix-vs-heritage-academy-mesa/9-18-2026/?c=cda87873-75fb-434b-8db8-d7a6743ddfef","/football/az/160d?9/18/2026","Heroes","Coyotes","https://www.maxpreps.com/az/arizona-lutheran-academy-phoenix/football/","https://www.maxpreps.com/az/heritage-academy-mesa/football/","https://hsfootball.net/proxy.php?url=https%3A%2F%2Fimage.maxpreps.io%2Fschool-mascot%2F8%2F0%2Fa%2F80afbf78-7879-4d08-960d-e317819a9ae5.gif%3Fversion%3D636420109800000000%26amp%3Bwidth%3D128%26amp%3Bheight%3D128%26amp%3Bauto%3Dwebp%26amp%3Bformat%3Dpjpg","https://hsfootball.net/proxy.php?url=https%3A%2F%2Fimage.maxpreps.io%2Fschool-mascot%2Fc%2F4%2F4%2Fc44e629c-378c-4bb9-a392-1bc45dcad537.gif%3Fversion%3D635729919000000000%26amp%3Bwidth%3D128%26amp%3Bheight%3D128%26amp%3Bauto%3Dwebp%26amp%3Bformat%3Dpjpg"
32,"Valley Christian vs Crismon",Football,"Arizona",9/18/2026,7:00pm,"The Valley Christian varsity football team has an away conference game @  Crismon (Queen Creek, AZ) on Friday, September 18 @ 7p.","/az/football/game/crismon-queen-creek-vs-valley-christian-chandler/9-18-2026/?c=74cacd0f-35f4-4088-a814-14babfd5a5aa","https://www.maxpreps.com/az/football/game/crismon-queen-creek-vs-valley-christian-chandler/9-18-2026/?c=74cacd0f-35f4-4088-a814-14babfd5a5aa","/football/az/12ad?9/18/2026","Trojans","Rattlers","https://www.maxpreps.com/az/crismon-queen-creek/football/","https://www.maxpreps.com/az/valley-christian-chandler/football/","https://hsfootball.net/proxy.php?url=https%3A%2F%2Fimage.maxpreps.io%2Fschool-mascot%2Fe%2Fe%2Fb%2Feeb7a078-149b-4117-ae72-1a898749d1a1.gif%3Fversion%3D634571322600000000%26amp%3Bwidth%3D128%26amp%3Bheight%3D128%26amp%3Bauto%3Dwebp%26amp%3Bformat%3Dpjpg","https://hsfootball.net/proxy.php?url=https%3A%2F%2Fimage.maxpreps.io%2Fschool-mascot%2Ff%2F1%2Fb%2Ff1bb6ca7-c2e0-488e-8d26-529adecc7ca0.gif%3Fversion%3D638282125200000000%26amp%3Bwidth%3D128%26amp%3Bheight%3D128%26amp%3Bauto%3Dwebp%26amp%3Bformat%3Dpjpg"
33,"The St. James Performance Academy Grey vs AZ Compass Prep",Football,"Arizona",9/18/2026,7:00pm,"The The St. James Performance Academy Grey varsity football team has an away non-conference game @  AZ Compass Prep (Chandler, AZ) on Friday, September 18 @ 7p.","/inter-state/football/game/az-compass-prep-chandler-az-vs-the-st-james-performance-academy-grey-springfield-va/9-18-2026/?c=521b872f-ba4a-4789-94bd-0b9e22081fde","https://www.maxpreps.com/inter-state/football/game/az-compass-prep-chandler-az-vs-the-st-james-performance-academy-grey-springfield-va/9-18-2026/?c=521b872f-ba4a-4789-94bd-0b9e22081fde","/football/az/1f99?9/18/2026","Strivers Grey","Dragons","https://www.maxpreps.com/az/az-compass-prep-chandler-az/football/","https://www.maxpreps.com/az/the-st-james-performance-academy-grey-springfield-va/football/","https://hsfootball.net/proxy.php?url=https%3A%2F%2Fimage.maxpreps.io%2Fschool-mascot%2Fd%2Fc%2F6%2Fdc66dfdc-53af-4674-a188-c8c1a6c523b9.gif%3Fversion%3D639025964302798830%26amp%3Bwidth%3D128%26amp%3Bheight%3D128%26amp%3Bauto%3Dwebp%26amp%3Bformat%3Dpjpg","https://hsfootball.net/proxy.php?url=https%3A%2F%2Fimage.maxpreps.io%2Fschool-mascot%2Fe%2F5%2F8%2Fe581bc45-6674-4da0-95ec-d27eb08bc01b.gif%3Fversion%3D638603652755568210%26amp%3Bwidth%3D128%26amp%3Bheight%3D128%26amp%3Bauto%3Dwebp%26amp%3Bformat%3Dpjpg"
34,"San Tan Charter vs Chandler Prep",Football,"Arizona",9/18/2026,7:00pm,"The San Tan Charter varsity football team has an away conference game @  Chandler Prep (Chandler, AZ) on Friday, September 18 @ 7p.","/az/football/game/chandler-prep-vs-san-tan-charter-gilbert/9-18-2026/?c=46206aa6-564c-414a-8fd9-ec90e6d42b02","https://www.maxpreps.com/az/football/game/chandler-prep-vs-san-tan-charter-gilbert/9-18-2026/?c=46206aa6-564c-414a-8fd9-ec90e6d42b02","/football/az/f46?9/18/2026","Roadrunners","Titans","https://www.maxpreps.com/az/chandler-prep/football/","https://www.maxpreps.com/az/san-tan-charter-gilbert/football/","https://hsfootball.net/proxy.php?url=https%3A%2F%2Fimage.maxpreps.io%2Fschool-mascot%2Ff%2Fb%2Fa%2Ffbae2150-7a50-4de9-810d-1355fa4059e4.gif%3Fversion%3D636425326200000000%26amp%3Bwidth%3D128%26amp%3Bheight%3D128%26amp%3Bauto%3Dwebp%26amp%3Bformat%3Dpjpg","https://hsfootball.net/proxy.php?url=https%3A%2F%2Fimage.maxpreps.io%2Fschool-mascot%2Fc%2Fd%2F2%2Fcd2b80f0-1b4a-4eaf-bb8f-e503ef66a6fd.gif%3Fversion%3D635615802000000000%26amp%3Bwidth%3D128%26amp%3Bheight%3D128%26amp%3Bauto%3Dwebp%26amp%3Bformat%3Dpjpg"
35,"Bradshaw Mountain vs Mingus",Football,"Arizona",9/18/2026,7:00pm,"The Bradshaw Mountain varsity football team has an away conference game @  Mingus (Cottonwood, AZ) on Friday, September 18 @ 7p.","/az/football/game/bradshaw-mountain-prescott-valley-vs-mingus-cottonwood/9-18-2026/?c=de0ac88d-bd85-4438-85d2-56586a8d7246","https://www.maxpreps.com/az/football/game/bradshaw-mountain-prescott-valley-vs-mingus-cottonwood/9-18-2026/?c=de0ac88d-bd85-4438-85d2-56586a8d7246","/football/az/1592?9/18/2026","Bears","Marauders","https://www.maxpreps.com/az/bradshaw-mountain-prescott-valley/football/","https://www.maxpreps.com/az/mingus-cottonwood/football/","https://hsfootball.net/proxy.php?url=https%3A%2F%2Fimage.maxpreps.io%2Fschool-mascot%2Ff%2Fa%2Fa%2Ffaa6564f-2c83-478a-8be5-24df87d5575a.gif%3Fversion%3D635226900000000000%26amp%3Bwidth%3D128%26amp%3Bheight%3D128%26amp%3Bauto%3Dwebp%26amp%3Bformat%3Dpjpg","https://hsfootball.net/proxy.php?url=https%3A%2F%2Fimage.maxpreps.io%2Fschool-mascot%2Fb%2Ff%2F8%2Fbf815850-0711-4304-b901-6cd903ea78de.gif%3Fversion%3D636118597200000000%26amp%3Bwidth%3D128%26amp%3Bheight%3D128%26amp%3Bauto%3Dwebp%26amp%3Bformat%3Dpjpg"
36,"Williams Field vs Red Mountain",Football,"Arizona",9/18/2026,7:00pm,"The Williams Field varsity football team has an away non-conference game @  Red Mountain (Mesa, AZ) on Friday, September 18 @ 7p.","/az/football/game/red-mountain-mesa-vs-williams-field-gilbert/9-18-2026/?c=eb012162-8446-4e65-9339-420ec72f1ad0","https://www.maxpreps.com/az/football/game/red-mountain-mesa-vs-williams-field-gilbert/9-18-2026/?c=eb012162-8446-4e65-9339-420ec72f1ad0","/football/az/1092?9/18/2026","Black Hawks","Mountain Lions","https://www.maxpreps.com/az/red-mountain-mesa/football/","https://www.maxpreps.com/az/williams-field-gilbert/football/","https://hsfootball.net/proxy.php?url=https%3A%2F%2Fimage.maxpreps.io%2Fschool-mascot%2Fc%2F7%2Fb%2Fc7bcad27-f71f-4bee-8c40-c313987a24fd.gif%3Fversion%3D637977192000000000%26amp%3Bwidth%3D128%26amp%3Bheight%3D128%26amp%3Bauto%3Dwebp%26amp%3Bformat%3Dpjpg","https://hsfootball.net/proxy.php?url=https%3A%2F%2Fimage.maxpreps.io%2Fschool-mascot%2Ff%2Fb%2F4%2Ffb4704d4-ac4d-4937-81bd-94679adffca0.gif%3Fversion%3D635198328600000000%26amp%3Bwidth%3D128%26amp%3Bheight%3D128%26amp%3Bauto%3Dwebp%26amp%3Bformat%3Dpjpg"
37,"Maryvale vs Eastmark",Football,"Arizona",9/18/2026,7:00pm,"The Maryvale varsity football team has an away non-conference game @  Eastmark (Mesa, AZ) on Friday, September 18 @ 7p.","/az/football/game/eastmark-mesa-vs-maryvale-phoenix/9-18-2026/?c=dbbc1d23-ce89-47a8-a59b-78e8b5bc5e06","https://www.maxpreps.com/az/football/game/eastmark-mesa-vs-maryvale-phoenix/9-18-2026/?c=dbbc1d23-ce89-47a8-a59b-78e8b5bc5e06","/football/az/cf7?9/18/2026","Panthers","Firebirds","https://www.maxpreps.com/az/eastmark-mesa/football/","https://www.maxpreps.com/az/maryvale-phoenix/football/","https://hsfootball.net/proxy.php?url=https%3A%2F%2Fimage.maxpreps.io%2Fschool-mascot%2Fd%2Fe%2Ff%2Fdef04e6c-58ce-4a85-afff-bf5b2c4f708d.gif%3Fversion%3D636620733600000000%26amp%3Bwidth%3D128%26amp%3Bheight%3D128%26amp%3Bauto%3Dwebp%26amp%3Bformat%3Dpjpg","https://hsfootball.net/proxy.php?url=https%3A%2F%2Fimage.maxpreps.io%2Fschool-mascot%2Fc%2F2%2Fd%2Fc2d101fb-7e82-49d6-8c52-eebf86f4e023.gif%3Fversion%3D637737666600000000%26amp%3Bwidth%3D128%26amp%3Bheight%3D128%26amp%3Bauto%3Dwebp%26amp%3Bformat%3Dpjpg"
38,"Globe vs Morenci",Football,"Arizona",9/18/2026,7:00pm,"The Globe varsity football team has an away conference game @  Morenci (AZ) on Friday, September 18 @ 7p.","/az/football/game/globe-vs-morenci/9-18-2026/?c=1408db76-edbd-4ecf-8e20-ef5f9b6d8fd0","https://www.maxpreps.com/az/football/game/globe-vs-morenci/9-18-2026/?c=1408db76-edbd-4ecf-8e20-ef5f9b6d8fd0","/football/az/639?9/18/2026","Tigers","Wildcats","https://www.maxpreps.com/az/globe/football/","https://www.maxpreps.com/az/morenci/football/","https://hsfootball.net/proxy.php?url=https%3A%2F%2Fimage.maxpreps.io%2Fschool-mascot%2Fb%2F5%2Fb%2Fb5b43e38-09d5-4f20-9da1-34b2c9ec4074.gif%3Fversion%3D635999049000000000%26amp%3Bwidth%3D128%26amp%3Bheight%3D128%26amp%3Bauto%3Dwebp%26amp%3Bformat%3Dpjpg","https://hsfootball.net/proxy.php?url=https%3A%2F%2Fimage.maxpreps.io%2Fschool-mascot%2Fc%2Ff%2Fc%2Fcfc8f46f-8f32-4b10-9f1b-0f1e7b2be2eb.gif%3Fversion%3D635319443400000000%26amp%3Bwidth%3D128%26amp%3Bheight%3D128%26amp%3Bauto%3Dwebp%26amp%3Bformat%3Dpjpg"
39,"Seton Catholic vs Benjamin Franklin",Football,"Arizona",9/18/2026,7:00pm,"The Seton Catholic varsity football team has an away conference game @  Benjamin Franklin (Queen Creek, AZ) on Friday, September 18 @ 7p.","/az/football/game/benjamin-franklin-queen-creek-vs-seton-catholic-chandler/9-18-2026/?c=d9aed190-e426-4cf2-96e0-6e9e2511ff6e","https://www.maxpreps.com/az/football/game/benjamin-franklin-queen-creek-vs-seton-catholic-chandler/9-18-2026/?c=d9aed190-e426-4cf2-96e0-6e9e2511ff6e","/football/az/1596?9/18/2026","Sentinels","Chargers","https://www.maxpreps.com/az/benjamin-franklin-queen-creek/football/","https://www.maxpreps.com/az/seton-catholic-chandler/football/","https://hsfootball.net/proxy.php?url=https%3A%2F%2Fimage.maxpreps.io%2Fschool-mascot%2Fe%2F8%2F2%2Fe82314cc-9802-487f-b1d4-8dead4dac032.gif%3Fversion%3D638283926400000000%26amp%3Bwidth%3D128%26amp%3Bheight%3D128%26amp%3Bauto%3Dwebp%26amp%3Bformat%3Dpjpg","https://hsfootball.net/proxy.php?url=https%3A%2F%2Fimage.maxpreps.io%2Fschool-mascot%2Fd%2Fd%2F6%2Fdd6272c5-dda3-447d-9861-63febe28273f.gif%3Fversion%3D635871618600000000%26amp%3Bwidth%3D128%26amp%3Bheight%3D128%26amp%3Bauto%3Dwebp%26amp%3Bformat%3Dpjpg"
40,"Trivium Prep vs Tanque Verde",Football,"Arizona",9/18/2026,7:00pm,"The Trivium Prep varsity football team has an away non-conference game @  Tanque Verde (Tucson, AZ) on Friday, September 18 @ 7p.","/az/football/game/tanque-verde-tucson-vs-trivium-prep-goodyear/9-18-2026/?c=c799cb9b-27cd-4d94-99cc-323949e1c927","https://www.maxpreps.com/az/football/game/tanque-verde-tucson-vs-trivium-prep-goodyear/9-18-2026/?c=c799cb9b-27cd-4d94-99cc-323949e1c927","/football/az/1158?9/18/2026","Knights","Hawks","https://www.maxpreps.com/az/tanque-verde-tucson/football/","https://www.maxpreps.com/az/trivium-prep-goodyear/football/","https://hsfootball.net/proxy.php?url=https%3A%2F%2Fimage.maxpreps.io%2Fschool-mascot%2Fb%2Ff%2Fd%2Fbfdf5484-014c-4100-b8b9-89be177af97c.gif%3Fversion%3D637594753800000000%26amp%3Bwidth%3D128%26amp%3Bheight%3D128%26amp%3Bauto%3Dwebp%26amp%3Bformat%3Dpjpg","https://hsfootball.net/proxy.php?url=https%3A%2F%2Fimage.maxpreps.io%2Fschool-mascot%2Fc%2F2%2Fe%2Fc2e9a48b-11a5-4795-a593-3a96b187dd3d.gif%3Fversion%3D636724495800000000%26amp%3Bwidth%3D128%26amp%3Bheight%3D128%26amp%3Bauto%3Dwebp%26amp%3Bformat%3Dpjpg"
41,"Willow Canyon vs Browne",Football,"Arizona",9/18/2026,7:00pm,"The Willow Canyon varsity football team has an away non-conference game @  Browne (Phoenix, AZ) on Friday, September 18 @ 7p.","/az/football/game/browne-phoenix-vs-willow-canyon-surprise/9-18-2026/?c=02c5e888-e67b-4162-95d9-1bd60c939cf1","https://www.maxpreps.com/az/football/game/browne-phoenix-vs-willow-canyon-surprise/9-18-2026/?c=02c5e888-e67b-4162-95d9-1bd60c939cf1","/football/az/ff5?9/18/2026","Wildcats","Bruins","https://www.maxpreps.com/az/browne-phoenix/football/","https://www.maxpreps.com/az/willow-canyon-surprise/football/","https://hsfootball.net/proxy.php?url=https%3A%2F%2Fimage.maxpreps.io%2Fschool-mascot%2Fc%2F4%2F4%2Fc4454f7f-ff83-484b-b4d9-e1067914cb96.gif%3Fversion%3D636492666600000000%26amp%3Bwidth%3D128%26amp%3Bheight%3D128%26amp%3Bauto%3Dwebp%26amp%3Bformat%3Dpjpg","https://hsfootball.net/proxy.php?url=https%3A%2F%2Fimage.maxpreps.io%2Fschool-mascot%2Fc%2Fb%2Fb%2Fcbb22ff8-7305-4714-92a7-00c60ffac466.gif%3Fversion%3D635209705800000000%26amp%3Bwidth%3D128%26amp%3Bheight%3D128%26amp%3Bauto%3Dwebp%26amp%3Bformat%3Dpjpg"
42,"Mesa vs Centennial",Football,"Arizona",9/18/2026,7:00pm,"The Mesa varsity football team has an away non-conference game @  Centennial (Peoria, AZ) on Friday, September 18 @ 7p.","/az/football/game/centennial-peoria-vs-mesa/9-18-2026/?c=6f1ac717-4a27-43e2-a42c-a231a5f68935","https://www.maxpreps.com/az/football/game/centennial-peoria-vs-mesa/9-18-2026/?c=6f1ac717-4a27-43e2-a42c-a231a5f68935","/football/az/9b7?9/18/2026","Jackrabbits","Coyotes","https://www.maxpreps.com/az/centennial-peoria/football/","https://www.maxpreps.com/az/mesa/football/","https://hsfootball.net/proxy.php?url=https%3A%2F%2Fimage.maxpreps.io%2Fschool-mascot%2F9%2F2%2F8%2F92819afd-0a77-4c44-a031-f0d4f286b5a8.gif%3Fversion%3D637981407000000000%26amp%3Bwidth%3D128%26amp%3Bheight%3D128%26amp%3Bauto%3Dwebp%26amp%3Bformat%3Dpjpg","https://hsfootball.net/proxy.php?url=https%3A%2F%2Fimage.maxpreps.io%2Fschool-mascot%2Fb%2Ff%2F7%2Fbf733f50-1346-49aa-989f-0ab2fa06694c.gif%3Fversion%3D637977191400000000%26amp%3Bwidth%3D128%26amp%3Bheight%3D128%26amp%3Bauto%3Dwebp%26amp%3Bformat%3Dpjpg"
43,"Benson vs Veritas Prep",Football,"Arizona",9/18/2026,7:00pm,"The Benson varsity football team has an away non-conference game @  Veritas Prep (Phoenix, AZ) on Friday, September 18 @ 7p.","/az/football/game/benson-vs-veritas-prep-phoenix/9-18-2026/?c=75709df0-640b-422e-b8f9-490bf52f01c9","https://www.maxpreps.com/az/football/game/benson-vs-veritas-prep-phoenix/9-18-2026/?c=75709df0-640b-422e-b8f9-490bf52f01c9","/football/az/bd2?9/18/2026","Bobcats","Falcons","https://www.maxpreps.com/az/benson/football/","https://www.maxpreps.com/az/veritas-prep-phoenix/football/","https://hsfootball.net/proxy.php?url=https%3A%2F%2Fimage.maxpreps.io%2Fschool-mascot%2Fa%2F5%2F1%2Fa511071d-bb97-4868-89e3-405b38c2f16c.gif%3Fversion%3D636248700000000000%26amp%3Bwidth%3D128%26amp%3Bheight%3D128%26amp%3Bauto%3Dwebp%26amp%3Bformat%3Dpjpg","https://hsfootball.net/proxy.php?url=https%3A%2F%2Fimage.maxpreps.io%2Fschool-mascot%2Ff%2F4%2F5%2Ff45beaee-b566-4298-88ec-20aaa0014675.gif%3Fversion%3D637969277400000000%26amp%3Bwidth%3D128%26amp%3Bheight%3D128%26amp%3Bauto%3Dwebp%26amp%3Bformat%3Dpjpg"
44,"Westwood vs McClintock",Football,"Arizona",9/18/2026,7:00pm,"The Westwood varsity football team has an away non-conference game @  McClintock (Tempe, AZ) on Friday, September 18 @ 7p.","/az/football/game/mcclintock-tempe-vs-westwood-mesa/9-18-2026/?c=7df3c384-8075-4c78-b8ec-fe754fa798f1","https://www.maxpreps.com/az/football/game/mcclintock-tempe-vs-westwood-mesa/9-18-2026/?c=7df3c384-8075-4c78-b8ec-fe754fa798f1","/football/az/d01?9/18/2026","Warriors","Chargers","https://www.maxpreps.com/az/mcclintock-tempe/football/","https://www.maxpreps.com/az/westwood-mesa/football/","https://hsfootball.net/proxy.php?url=https%3A%2F%2Fimage.maxpreps.io%2Fschool-mascot%2F7%2F9%2F2%2F792d4707-faf7-4f00-b84e-1e2b69058bca.gif%3Fversion%3D637514434800000000%26amp%3Bwidth%3D128%26amp%3Bheight%3D128%26amp%3Bauto%3Dwebp%26amp%3Bformat%3Dpjpg","https://hsfootball.net/proxy.php?url=https%3A%2F%2Fimage.maxpreps.io%2Fschool-mascot%2Fc%2F5%2F0%2Fc5096148-97f7-422e-8294-f58a9972fdf8.gif%3Fversion%3D636455508000000000%26amp%3Bwidth%3D128%26amp%3Bheight%3D128%26amp%3Bauto%3Dwebp%26amp%3Bformat%3Dpjpg"
45,"Desert Star vs Mountainside",Football,"Arizona",9/18/2026,7:00pm,"The Desert Star varsity football team has an away conference game @  Mountainside (Wittmann, AZ) on Friday, September 18 @ 7p.","/az/football/game/desert-star-fort-mohave-vs-mountainside-wittmann/9-18-2026/?c=a818c887-cb6f-4337-b0d6-5b565d034908","https://www.maxpreps.com/az/football/game/desert-star-fort-mohave-vs-mountainside-wittmann/9-18-2026/?c=a818c887-cb6f-4337-b0d6-5b565d034908","/football/az/12f5?9/18/2026","Wolves","TBD","https://www.maxpreps.com/az/desert-star-fort-mohave/football/","https://www.maxpreps.com/az/mountainside-wittmann/football/","https://hsfootball.net/proxy.php?url=https%3A%2F%2Fimage.maxpreps.io%2Fschool-mascot%2Fa%2Fd%2F8%2Fad870cb3-c423-4347-b15a-1c284cb9dbbe.gif%3Fversion%3D639212623236426080%26amp%3Bwidth%3D128%26amp%3Bheight%3D128%26amp%3Bauto%3Dwebp%26amp%3Bformat%3Dpjpg","https://hsfootball.net/proxy.php?url=https%3A%2F%2Fimage.maxpreps.io%2Fschool-mascot%2Ff%2F3%2F9%2Ff3927cbc-e598-4a0e-bbff-3aac47c1304f.gif%3Fversion%3D638472344400000000%26amp%3Bwidth%3D128%26amp%3Bheight%3D128%26amp%3Bauto%3Dwebp%26amp%3Bformat%3Dpjpg"
46,"Imagine Prep Superstition vs Berean Academy",Football,"Arizona",9/18/2026,7:00pm,"The Imagine Prep Superstition varsity football team has an away non-conference game @  Berean Academy (Sierra Vista, AZ) on Friday, September 18 @ 7p.","/az/football/game/berean-academy-sierra-vista-vs-imagine-prep-superstition-apache-junction/9-18-2026/?c=b511c3ee-5778-4fb2-a779-ec54e9644740","https://www.maxpreps.com/az/football/game/berean-academy-sierra-vista-vs-imagine-prep-superstition-apache-junction/9-18-2026/?c=b511c3ee-5778-4fb2-a779-ec54e9644740","/football/az/1c02?9/18/2026","Panthers","Eagles","https://www.maxpreps.com/az/berean-academy-sierra-vista/football/","https://www.maxpreps.com/az/imagine-prep-superstition-apache-junction/football/","https://hsfootball.net/proxy.php?url=https%3A%2F%2Fimage.maxpreps.io%2Fschool-mascot%2Fa%2F7%2Fb%2Fa7b7d3e9-4590-4871-bea6-6f18df9728cc.gif%3Fversion%3D635370411600000000%26amp%3Bwidth%3D128%26amp%3Bheight%3D128%26amp%3Bauto%3Dwebp%26amp%3Bformat%3Dpjpg","https://hsfootball.net/proxy.php?url=https%3A%2F%2Fimage.maxpreps.io%2Fschool-mascot%2F7%2Fd%2F9%2F7d98112a-719d-4c56-ba07-546c3410d418.gif%3Fversion%3D637605754200000000%26amp%3Bwidth%3D128%26amp%3Bheight%3D128%26amp%3Bauto%3Dwebp%26amp%3Bformat%3Dpjpg"
47,"Maryvale Prep vs Duncan",Football,"Arizona",9/18/2026,7:00pm,"The Maryvale Prep varsity football team has an away non-conference game @  Duncan (AZ) on Friday, September 18 @ 7p.","/az/football/game/duncan-vs-maryvale-prep-phoenix/9-18-2026/?c=a74ca655-0f38-4493-9ec2-c2fd086ffa6b","https://www.maxpreps.com/az/football/game/duncan-vs-maryvale-prep-phoenix/9-18-2026/?c=a74ca655-0f38-4493-9ec2-c2fd086ffa6b","/football/az/c29?9/18/2026","Matador","Wildkats","https://www.maxpreps.com/az/duncan/football/","https://www.maxpreps.com/az/maryvale-prep-phoenix/football/","https://hsfootball.net/proxy.php?url=https%3A%2F%2Fimage.maxpreps.io%2Fschool-mascot%2F9%2Ff%2Ff%2F9ffa839f-a1f6-408d-90d7-6fb36cef943f.gif%3Fversion%3D637115839800000000%26amp%3Bwidth%3D128%26amp%3Bheight%3D128%26amp%3Bauto%3Dwebp%26amp%3Bformat%3Dpjpg","https://hsfootball.net/proxy.php?url=https%3A%2F%2Fimage.maxpreps.io%2Fschool-mascot%2Fa%2F3%2F2%2Fa325e4b4-e5ad-4b9a-b70d-a18f76c0d111.gif%3Fversion%3D637618742400000000%26amp%3Bwidth%3D128%26amp%3Bheight%3D128%26amp%3Bauto%3Dwebp%26amp%3Bformat%3Dpjpg"
48,"Willcox vs Tombstone",Football,"Arizona",9/18/2026,7:00pm,"The Willcox varsity football team has an away non-conference game @  Tombstone (AZ) on Friday, September 18 @ 7p.","/az/football/game/tombstone-vs-willcox/9-18-2026/?c=d1f9ff63-c669-4dec-b4be-dd75f5c4e5d1","https://www.maxpreps.com/az/football/game/tombstone-vs-willcox/9-18-2026/?c=d1f9ff63-c669-4dec-b4be-dd75f5c4e5d1","/football/az/820?9/18/2026","Cowboys","Yellow Jackets","https://www.maxpreps.com/az/tombstone/football/","https://www.maxpreps.com/az/willcox/football/","https://hsfootball.net/proxy.php?url=https%3A%2F%2Fimage.maxpreps.io%2Fschool-mascot%2Fe%2Fa%2Fc%2Feac1bd54-a40f-4ef0-83b9-06e5ff5f1c16.gif%3Fversion%3D634854704400000000%26amp%3Bwidth%3D128%26amp%3Bheight%3D128%26amp%3Bauto%3Dwebp%26amp%3Bformat%3Dpjpg","https://hsfootball.net/proxy.php?url=https%3A%2F%2Fimage.maxpreps.io%2Fschool-mascot%2Fb%2F2%2F2%2Fb222748c-4ca1-43be-94db-ee5fda3b132c.gif%3Fversion%3D637108803600000000%26amp%3Bwidth%3D128%26amp%3Bheight%3D128%26amp%3Bauto%3Dwebp%26amp%3Bformat%3Dpjpg"
49,"Casa Grande vs Ironwood Ridge",Football,"Arizona",9/18/2026,7:00pm,"The Casa Grande varsity football team has an away conference game @  Ironwood Ridge (Tucson, AZ) on Friday, September 18 @ 7p.","/az/football/game/casa-grande-vs-ironwood-ridge-tucson/9-18-2026/?c=d18c51b7-59dc-433e-8922-999df96e8cd3","https://www.maxpreps.com/az/football/game/casa-grande-vs-ironwood-ridge-tucson/9-18-2026/?c=d18c51b7-59dc-433e-8922-999df96e8cd3","/football/az/deb?9/18/2026","Cougars","Nighthawks","https://www.maxpreps.com/az/casa-grande/football/","https://www.maxpreps.com/az/ironwood-ridge-tucson/football/","https://hsfootball.net/proxy.php?url=https%3A%2F%2Fimage.maxpreps.io%2Fschool-mascot%2Ff%2F1%2F4%2Ff1444778-c9b7-4480-9c52-6ae78bfa4da2.gif%3Fversion%3D636491858400000000%26amp%3Bwidth%3D128%26amp%3Bheight%3D128%26amp%3Bauto%3Dwebp%26amp%3Bformat%3Dpjpg","https://hsfootball.net/proxy.php?url=https%3A%2F%2Fimage.maxpreps.io%2Fschool-mascot%2F8%2F6%2F1%2F861b4170-0c9b-4498-8bfb-bf055f3170b3.gif%3Fversion%3D637677721800000000%26amp%3Bwidth%3D128%26amp%3Bheight%3D128%26amp%3Bauto%3Dwebp%26amp%3Bformat%3Dpjpg"
50,"Gilbert Christian vs Winslow",Football,"Arizona",9/18/2026,TBD,"The Winslow varsity football team has a game @ Gilbert Christian (Arizona).","/az/football/game/gilbert-christian-vs-winslow/9-18-2026/?c=607627af-c329-45a8-8dd2-a874d7bf9019","https://www.maxpreps.com/az/football/game/gilbert-christian-vs-winslow/9-18-2026/?c=607627af-c329-45a8-8dd2-a874d7bf9019","/football/az/b31?9/18/2026","Christian","Winslow","https://www.maxpreps.com/az/gilbert-christian/football/","https://www.maxpreps.com/az/winslow/football/","",""
51,"Campo Verde Gilbert vs Goldwater Phoenix",Football,"Arizona",9/18/2026,TBD,"The Goldwater Phoenix varsity football team has a game @ Campo Verde Gilbert (Arizona).","/az/football/game/campo-verde-gilbert-vs-goldwater-phoenix/9-18-2026/?c=a4caa640-d745-4ae2-8ed3-af4b1d1f34ba","https://www.maxpreps.com/az/football/game/campo-verde-gilbert-vs-goldwater-phoenix/9-18-2026/?c=a4caa640-d745-4ae2-8ed3-af4b1d1f34ba","/football/az/f9d?9/18/2026","Gilbert","Phoenix","https://www.maxpreps.com/az/campo-verde-gilbert/football/","https://www.maxpreps.com/az/goldwater-phoenix/football/","",""
52,"Cienega Vail vs Nogales",Football,"Arizona",9/18/2026,TBD,"The Nogales varsity football team has a game @ Cienega Vail (Arizona).","/az/football/game/cienega-vail-vs-nogales/9-18-2026/?c=a9131ac9-0630-4ceb-940e-b46d00925c09","https://www.maxpreps.com/az/football/game/cienega-vail-vs-nogales/9-18-2026/?c=a9131ac9-0630-4ceb-940e-b46d00925c09","/football/az/8d1?9/18/2026","Vail","Nogales","https://www.maxpreps.com/az/cienega-vail/football/","https://www.maxpreps.com/az/nogales/football/","",""
53,"Bourgade Catholic Phoenix vs Camp Verde",Football,"Arizona",9/18/2026,TBD,"The Camp Verde varsity football team has a game @ Bourgade Catholic Phoenix (Arizona).","/az/football/game/bourgade-catholic-phoenix-vs-camp-verde/9-18-2026/?c=a777c5c9-9728-4a48-bd96-8f7f41360859","https://www.maxpreps.com/az/football/game/bourgade-catholic-phoenix-vs-camp-verde/9-18-2026/?c=a777c5c9-9728-4a48-bd96-8f7f41360859","/football/az/f0c?9/18/2026","Phoenix","Verde","https://www.maxpreps.com/az/bourgade-catholic-phoenix/football/","https://www.maxpreps.com/az/camp-verde/football/","",""
54,"Fort Thomas vs Superior",Football,"Arizona",9/18/2026,TBD,"The Superior varsity football team has a game @ Fort Thomas (Arizona).","/az/football/game/fort-thomas-vs-superior/9-18-2026/?c=7d2c12a2-e33a-419b-bc5c-6d1f75c66df7","https://www.maxpreps.com/az/football/game/fort-thomas-vs-superior/9-18-2026/?c=7d2c12a2-e33a-419b-bc5c-6d1f75c66df7","/football/az/930?9/18/2026","Thomas","Superior","https://www.maxpreps.com/az/fort-thomas/football/","https://www.maxpreps.com/az/superior/football/","",""
55,"Desert Mountain Scottsdale vs Mountain Pointe Phoenix",Football,"Arizona",9/18/2026,TBD,"The Mountain Pointe Phoenix varsity football team has a game @ Desert Mountain Scottsdale (Arizona).","/az/football/game/desert-mountain-scottsdale-vs-mountain-pointe-phoenix/9-18-2026/?c=d29dc2b7-ec4e-45a4-8542-3edc2ace4d29","https://www.maxpreps.com/az/football/game/desert-mountain-scottsdale-vs-mountain-pointe-phoenix/9-18-2026/?c=d29dc2b7-ec4e-45a4-8542-3edc2ace4d29","/football/az/1514?9/18/2026","Scottsdale","Phoenix","https://www.maxpreps.com/az/desert-mountain-scottsdale/football/","https://www.maxpreps.com/az/mountain-pointe-phoenix/football/","",""
56,"Flagstaff vs Paradise Valley Phoenix",Football,"Arizona",9/18/2026,TBD,"The Paradise Valley Phoenix varsity football team has a game @ Flagstaff (Arizona).","/az/football/game/flagstaff-vs-paradise-valley-phoenix/9-18-2026/?c=3282be0a-bc57-4cd8-a6b4-78574e45e2d2","https://www.maxpreps.com/az/football/game/flagstaff-vs-paradise-valley-phoenix/9-18-2026/?c=3282be0a-bc57-4cd8-a6b4-78574e45e2d2","/football/az/e1c?9/18/2026","Flagstaff","Phoenix","https://www.maxpreps.com/az/flagstaff/football/","https://www.maxpreps.com/az/paradise-valley-phoenix/football/","",""
57,"Gilbert vs Notre Dame Prep Scottsdale",Football,"Arizona",9/18/2026,TBD,"The Notre Dame Prep Scottsdale varsity football team has a game @ Gilbert (Arizona).","/az/football/game/gilbert-vs-notre-dame-prep-scottsdale/9-18-2026/?c=a7e3f3b0-bf49-48ac-afd0-01c33aa5d3bc","https://www.maxpreps.com/az/football/game/gilbert-vs-notre-dame-prep-scottsdale/9-18-2026/?c=a7e3f3b0-bf49-48ac-afd0-01c33aa5d3bc","/football/az/e5f?9/18/2026","Gilbert","Scottsdale","https://www.maxpreps.com/az/gilbert/football/","https://www.maxpreps.com/az/notre-dame-prep-scottsdale/football/","",""
58,"Salome vs St David",Football,"Arizona",9/18/2026,TBD,"The St David varsity football team has a game @ Salome (Arizona).","/az/football/game/salome-vs-st-david/9-18-2026/?c=1c54dd43-fc71-4901-bb55-ef91d827327a","https://www.maxpreps.com/az/football/game/salome-vs-st-david/9-18-2026/?c=1c54dd43-fc71-4901-bb55-ef91d827327a","/football/az/6e0?9/18/2026","Salome","David","https://www.maxpreps.com/az/salome/football/","https://www.maxpreps.com/az/st-david/football/","",""
59,"Monument Valley Kayenta vs Show Low",Football,"Arizona",9/18/2026,TBD,"The Show Low varsity football team has a game @ Monument Valley Kayenta (Arizona).","/az/football/game/monument-valley-kayenta-vs-show-low/9-18-2026/?c=fa0f279d-bc78-4b7d-931e-2038a5580df6","https://www.maxpreps.com/az/football/game/monument-valley-kayenta-vs-show-low/9-18-2026/?c=fa0f279d-bc78-4b7d-931e-2038a5580df6","/football/az/dca?9/18/2026","Kayenta","Low","https://www.maxpreps.com/az/monument-valley-kayenta/football/","https://www.maxpreps.com/az/show-low/football/","",""
60,"Cholla Tucson vs Kofa Yuma",Football,"Arizona",9/18/2026,TBD,"The Kofa Yuma varsity football team has a game @ Cholla Tucson (Arizona).","/az/football/game/cholla-tucson-vs-kofa-yuma/9-18-2026/?c=9e58b450-b023-4f9e-82ab-52d43d6912a6","https://www.maxpreps.com/az/football/game/cholla-tucson-vs-kofa-yuma/9-18-2026/?c=9e58b450-b023-4f9e-82ab-52d43d6912a6","/football/az/a09?9/18/2026","Tucson","Yuma","https://www.maxpreps.com/az/cholla-tucson/football/","https://www.maxpreps.com/az/kofa-yuma/football/","",""
61,"Chinle vs Pinon",Football,"Arizona",9/18/2026,TBD,"The Pinon varsity football team has a game @ Chinle (Arizona).","/az/football/game/chinle-vs-pinon/9-18-2026/?c=7fa14b36-fb60-439c-8cc2-21bec025dec6","https://www.maxpreps.com/az/football/game/chinle-vs-pinon/9-18-2026/?c=7fa14b36-fb60-439c-8cc2-21bec025dec6","/football/az/5da?9/18/2026","Chinle","Pinon","https://www.maxpreps.com/az/chinle/football/","https://www.maxpreps.com/az/pinon/football/","",""
62,"Desert Vista Phoenix vs Valley Vista Surprise",Football,"Arizona",9/18/2026,TBD,"The Valley Vista Surprise varsity football team has a game @ Desert Vista Phoenix (Arizona).","/az/football/game/desert-vista-phoenix-vs-valley-vista-surprise/9-18-2026/?c=ae4abdf1-d079-4ae2-a65a-d2f5137d0c69","https://www.maxpreps.com/az/football/game/desert-vista-phoenix-vs-valley-vista-surprise/9-18-2026/?c=ae4abdf1-d079-4ae2-a65a-d2f5137d0c69","/football/az/11d1?9/18/2026","Phoenix","Surprise","https://www.maxpreps.com/az/desert-vista-phoenix/football/","https://www.maxpreps.com/az/valley-vista-surprise/football/","",""
63,"Catalina Foothills Tucson vs Snowflake",Football,"Arizona",9/18/2026,TBD,"The Snowflake varsity football team has a game @ Catalina Foothills Tucson (Arizona).","/az/football/game/catalina-foothills-tucson-vs-snowflake/9-18-2026/?c=ad5302c5-9d7e-4774-94bc-1e9cdcd6b6eb","https://www.maxpreps.com/az/football/game/catalina-foothills-tucson-vs-snowflake/9-18-2026/?c=ad5302c5-9d7e-4774-94bc-1e9cdcd6b6eb","/football/az/f14?9/18/2026","Tucson","Snowflake","https://www.maxpreps.com/az/catalina-foothills-tucson/football/","https://www.maxpreps.com/az/snowflake/football/","",""
64,"Vista Grande Casa Grande vs Walden Grove Sahuarita",Football,"Arizona",9/18/2026,TBD,"The Walden Grove Sahuarita varsity football team has a game @ Vista Grande Casa Grande (Arizona).","/az/football/game/vista-grande-casa-grande-vs-walden-grove-sahuarita/9-18-2026/?c=78604d42-c4cf-4807-9768-c0a792b56039","https://www.maxpreps.com/az/football/game/vista-grande-casa-grande-vs-walden-grove-sahuarita/9-18-2026/?c=78604d42-c4cf-4807-9768-c0a792b56039","/football/az/1325?9/18/2026","Grande","Sahuarita","https://www.maxpreps.com/az/vista-grande-casa-grande/football/","https://www.maxpreps.com/az/walden-grove-sahuarita/football/","",""
65,"Heritage Academy Laveen vs St John Paul Ii Catholic Avondale",Football,"Arizona",9/18/2026,TBD,"The St John Paul Ii Catholic Avondale varsity football team has a game @ Heritage Academy Laveen (Arizona).","/az/football/game/heritage-academy-laveen-vs-st-john-paul-ii-catholic-avondale/9-18-2026/?c=748b1b1b-1bef-40a5-a275-98eb92340596","https://www.maxpreps.com/az/football/game/heritage-academy-laveen-vs-st-john-paul-ii-catholic-avondale/9-18-2026/?c=748b1b1b-1bef-40a5-a275-98eb92340596","/football/az/16c1?9/18/2026","Laveen","Avondale","https://www.maxpreps.com/az/heritage-academy-laveen/football/","https://www.maxpreps.com/az/st-john-paul-ii-catholic-avondale/football/","",""
66,"Desert Ridge Mesa vs Shadow Ridge Surprise",Football,"Arizona",9/18/2026,TBD,"The Shadow Ridge Surprise varsity football team has a game @ Desert Ridge Mesa (Arizona).","/az/football/game/desert-ridge-mesa-vs-shadow-ridge-surprise/9-18-2026/?c=926842f8-4423-4277-9d77-3a99fa33ded7","https://www.maxpreps.com/az/football/game/desert-ridge-mesa-vs-shadow-ridge-surprise/9-18-2026/?c=926842f8-4423-4277-9d77-3a99fa33ded7","/football/az/103d?9/18/2026","Mesa","Surprise","https://www.maxpreps.com/az/desert-ridge-mesa/football/","https://www.maxpreps.com/az/shadow-ridge-surprise/football/","",""
67,"Desert View Tucson vs Mountain View Tucson",Football,"Arizona",9/18/2026,TBD,"The Mountain View Tucson varsity football team has a game @ Desert View Tucson (Arizona).","/az/football/game/desert-view-tucson-vs-mountain-view-tucson/9-18-2026/?c=78fb982a-e4f4-41a9-ba13-4ced14f627ec","https://www.maxpreps.com/az/football/game/desert-view-tucson-vs-mountain-view-tucson/9-18-2026/?c=78fb982a-e4f4-41a9-ba13-4ced14f627ec","/football/az/1097?9/18/2026","Tucson","Tucson","https://www.maxpreps.com/az/desert-view-tucson/football/","https://www.maxpreps.com/az/mountain-view-tucson/football/","",""
68,"Estrella Foothills Goodyear vs North Canyon Phoenix",Football,"Arizona",9/18/2026,TBD,"The North Canyon Phoenix varsity football team has a game @ Estrella Foothills Goodyear (Arizona).","/az/football/game/estrella-foothills-goodyear-vs-north-canyon-phoenix/9-18-2026/?c=1eb386ce-7aaa-471c-bd0b-96ca52b41c1b","https://www.maxpreps.com/az/football/game/estrella-foothills-goodyear-vs-north-canyon-phoenix/9-18-2026/?c=1eb386ce-7aaa-471c-bd0b-96ca52b41c1b","/football/az/142f?9/18/2026","Goodyear","Phoenix","https://www.maxpreps.com/az/estrella-foothills-goodyear/football/","https://www.maxpreps.com/az/north-canyon-phoenix/football/","",""
69,"Lee Williams Kingman vs Prescott",Football,"Arizona",9/18/2026,TBD,"The Prescott varsity football team has a game @ Lee Williams Kingman (Arizona).","/az/football/game/lee-williams-kingman-vs-prescott/9-18-2026/?c=47d1f392-e840-43fc-a106-358650ee91e7","https://www.maxpreps.com/az/football/game/lee-williams-kingman-vs-prescott/9-18-2026/?c=47d1f392-e840-43fc-a106-358650ee91e7","/football/az/c8e?9/18/2026","Kingman","Prescott","https://www.maxpreps.com/az/lee-williams-kingman/football/","https://www.maxpreps.com/az/prescott/football/","",""
70,"Mountain Ridge Glendale vs Saguaro Scottsdale",Football,"Arizona",9/18/2026,TBD,"The Saguaro Scottsdale varsity football team has a game @ Mountain Ridge Glendale (Arizona).","/az/football/game/mountain-ridge-glendale-vs-saguaro-scottsdale/9-18-2026/?c=0bf211ba-543c-419e-801c-44d3fea54b1a","https://www.maxpreps.com/az/football/game/mountain-ridge-glendale-vs-saguaro-scottsdale/9-18-2026/?c=0bf211ba-543c-419e-801c-44d3fea54b1a","/football/az/11a4?9/18/2026","Glendale","Scottsdale","https://www.maxpreps.com/az/mountain-ridge-glendale/football/","https://www.maxpreps.com/az/saguaro-scottsdale/football/","",""
71,"Coronado Scottsdale vs Palo Verde Tucson",Football,"Arizona",9/18/2026,TBD,"The Palo Verde Tucson varsity football team has a game @ Coronado Scottsdale (Arizona).","/az/football/game/coronado-scottsdale-vs-palo-verde-tucson/9-18-2026/?c=99964aa8-3836-4f35-9f0a-589f99e2f455","https://www.maxpreps.com/az/football/game/coronado-scottsdale-vs-palo-verde-tucson/9-18-2026/?c=99964aa8-3836-4f35-9f0a-589f99e2f455","/football/az/fb3?9/18/2026","Scottsdale","Tucson","https://www.maxpreps.com/az/coronado-scottsdale/football/","https://www.maxpreps.com/az/palo-verde-tucson/football/","",""
72,"Combs San Tan Valley vs Paradise Honors Surprise",Football,"Arizona",9/18/2026,TBD,"The Paradise Honors Surprise varsity football team has a game @ Combs San Tan Valley (Arizona).","/az/football/game/combs-san-tan-valley-vs-paradise-honors-surprise/9-18-2026/?c=b394a741-3487-4824-a1b9-2837f8251684","https://www.maxpreps.com/az/football/game/combs-san-tan-valley-vs-paradise-honors-surprise/9-18-2026/?c=b394a741-3487-4824-a1b9-2837f8251684","/football/az/12a9?9/18/2026","Valley","Surprise","https://www.maxpreps.com/az/combs-san-tan-valley/football/","https://www.maxpreps.com/az/paradise-honors-surprise/football/","",""
73,"La Joya Community Avondale vs Tempe",Football,"Arizona",9/18/2026,TBD,"The Tempe varsity football team has a game @ La Joya Community Avondale (Arizona).","/az/football/game/la-joya-community-avondale-vs-tempe/9-18-2026/?c=60491526-521c-4fd7-8e7a-5d6fe460aac4","https://www.maxpreps.com/az/football/game/la-joya-community-avondale-vs-tempe/9-18-2026/?c=60491526-521c-4fd7-8e7a-5d6fe460aac4","/football/az/d94?9/18/2026","Avondale","Tempe","https://www.maxpreps.com/az/la-joya-community-avondale/football/","https://www.maxpreps.com/az/tempe/football/","",""
74,"Cactus Canyon Laveen vs Corona Del Sol Tempe",Football,"Arizona",9/18/2026,TBD,"The Corona Del Sol Tempe varsity football team has a game @ Cactus Canyon Laveen (Arizona).","/az/football/game/cactus-canyon-laveen-vs-corona-del-sol-tempe/9-18-2026/?c=17ae1b1f-de27-4f65-bbbc-a605a7612305","https://www.maxpreps.com/az/football/game/cactus-canyon-laveen-vs-corona-del-sol-tempe/9-18-2026/?c=17ae1b1f-de27-4f65-bbbc-a605a7612305","/football/az/10ca?9/18/2026","Laveen","Tempe","https://www.maxpreps.com/az/cactus-canyon-laveen/football/","https://www.maxpreps.com/az/corona-del-sol-tempe/football/","",""
75,"Cactus Shadows Cave Creek vs Camelback Phoenix",Football,"Arizona",9/18/2026,TBD,"The Camelback Phoenix varsity football team has a game @ Cactus Shadows Cave Creek (Arizona).","/az/football/game/cactus-shadows-cave-creek-vs-camelback-phoenix/9-18-2026/?c=c871f611-e354-41cb-a25a-c4a2ff2bf845","https://www.maxpreps.com/az/football/game/cactus-shadows-cave-creek-vs-camelback-phoenix/9-18-2026/?c=c871f611-e354-41cb-a25a-c4a2ff2bf845","/football/az/11aa?9/18/2026","Creek","Phoenix","https://www.maxpreps.com/az/cactus-shadows-cave-creek/football/","https://www.maxpreps.com/az/camelback-phoenix/football/","",""
76,"Ridgeline Academy Phoenix vs Skyline Prep Phoenix",Football,"Arizona",9/18/2026,TBD,"The Skyline Prep Phoenix varsity football team has a game @ Ridgeline Academy Phoenix (Arizona).","/az/football/game/ridgeline-academy-phoenix-vs-skyline-prep-phoenix/9-18-2026/?c=60b47f65-0138-46cd-846a-3db195aaaad8","https://www.maxpreps.com/az/football/game/ridgeline-academy-phoenix-vs-skyline-prep-phoenix/9-18-2026/?c=60b47f65-0138-46cd-846a-3db195aaaad8","/football/az/132a?9/18/2026","Phoenix","Phoenix","https://www.maxpreps.com/az/ridgeline-academy-phoenix/football/","https://www.maxpreps.com/az/skyline-prep-phoenix/football/","",""
77,"El Dorado Chandler vs Gila Bend",Football,"Arizona",9/18/2026,TBD,"The Gila Bend varsity football team has a game @ El Dorado Chandler (Arizona).","/az/football/game/el-dorado-chandler-vs-gila-bend/9-18-2026/?c=4b44cb34-e65f-418a-92f4-c408cf9a5a56","https://www.maxpreps.com/az/football/game/el-dorado-chandler-vs-gila-bend/9-18-2026/?c=4b44cb34-e65f-418a-92f4-c408cf9a5a56","/football/az/b8b?9/18/2026","Chandler","Bend","https://www.maxpreps.com/az/el-dorado-chandler/football/","https://www.maxpreps.com/az/gila-bend/football/","",""
78,"Phoenix Christian vs Santa Cruz Valley Eloy",Football,"Arizona",9/18/2026,TBD,"The Santa Cruz Valley Eloy varsity football team has a game @ Phoenix Christian (Arizona).","/az/football/game/phoenix-christian-vs-santa-cruz-valley-eloy/9-18-2026/?c=c8a27806-ba5d-40a2-b930-91a5b05dcfb7","https://www.maxpreps.com/az/football/game/phoenix-christian-vs-santa-cruz-valley-eloy/9-18-2026/?c=c8a27806-ba5d-40a2-b930-91a5b05dcfb7","/football/az/10d8?9/18/2026","Christian","Eloy","https://www.maxpreps.com/az/phoenix-christian/football/","https://www.maxpreps.com/az/santa-cruz-valley-eloy/football/","",""
79,"Canyon State Academy Queen Creek vs Maricopa Institute Of Technology Phoenix",Football,"Arizona",9/18/2026,TBD,"The Maricopa Institute Of Technology Phoenix varsity football team has a game @ Canyon State Academy Queen Creek (Arizona).","/az/football/game/canyon-state-academy-queen-creek-vs-maricopa-institute-of-technology-phoenix/9-18-2026/?c=ad0ba4e0-038f-42c2-8c00-5cca3828b5d1","https://www.maxpreps.com/az/football/game/canyon-state-academy-queen-creek-vs-maricopa-institute-of-technology-phoenix/9-18-2026/?c=ad0ba4e0-038f-42c2-8c00-5cca3828b5d1","/football/az/1d91?9/18/2026","Creek","Phoenix","https://www.maxpreps.com/az/canyon-state-academy-queen-creek/football/","https://www.maxpreps.com/az/maricopa-institute-of-technology-phoenix/football/","",""
80,"Buckeye vs Westview Avondale",Football,"Arizona",9/18/2026,TBD,"The Westview Avondale varsity football team has a game @ Buckeye (Arizona).","/az/football/game/buckeye-vs-westview-avondale/9-18-2026/?c=459463c6-9aec-4df2-a6c3-8b6bff887ae1","https://www.maxpreps.com/az/football/game/buckeye-vs-westview-avondale/9-18-2026/?c=459463c6-9aec-4df2-a6c3-8b6bff887ae1","/football/az/b20?9/18/2026","Buckeye","Avondale","https://www.maxpreps.com/az/buckeye/football/","https://www.maxpreps.com/az/westview-avondale/football/","",""
81,"Ala Anthem South Florence vs Arete Prep Gilbert",Football,"Arizona",9/18/2026,TBD,"The Arete Prep Gilbert varsity football team has a game @ Ala Anthem South Florence (Arizona).","/az/football/game/ala-anthem-south-florence-vs-arete-prep-gilbert/9-18-2026/?c=5282bfa8-1ce4-4166-860c-cd3aa03f18b1","https://www.maxpreps.com/az/football/game/ala-anthem-south-florence-vs-arete-prep-gilbert/9-18-2026/?c=5282bfa8-1ce4-4166-860c-cd3aa03f18b1","/football/az/1201?9/18/2026","Florence","Gilbert","https://www.maxpreps.com/az/ala-anthem-south-florence/football/","https://www.maxpreps.com/az/arete-prep-gilbert/football/","",""
82,"Pinnacle Phoenix vs Queen Creek",Football,"Arizona",9/18/2026,TBD,"The Queen Creek varsity football team has a game @ Pinnacle Phoenix (Arizona).","/az/football/game/pinnacle-phoenix-vs-queen-creek/9-18-2026/?c=ba20283c-8262-4ea9-8375-b47aaea2f55d","https://www.maxpreps.com/az/football/game/pinnacle-phoenix-vs-queen-creek/9-18-2026/?c=ba20283c-8262-4ea9-8375-b47aaea2f55d","/football/az/c0a?9/18/2026","Phoenix","Creek","https://www.maxpreps.com/az/pinnacle-phoenix/football/","https://www.maxpreps.com/az/queen-creek/football/","",""
83,"Agua Fria Avondale vs Carl Hayden Community Phoenix",Football,"Arizona",9/18/2026,TBD,"The Carl Hayden Community Phoenix varsity football team has a game @ Agua Fria Avondale (Arizona).","/az/football/game/agua-fria-avondale-vs-carl-hayden-community-phoenix/9-18-2026/?c=be4315dc-3766-4ff0-a137-2d23f4da3658","https://www.maxpreps.com/az/football/game/agua-fria-avondale-vs-carl-hayden-community-phoenix/9-18-2026/?c=be4315dc-3766-4ff0-a137-2d23f4da3658","/football/az/13a9?9/18/2026","Avondale","Phoenix","https://www.maxpreps.com/az/agua-fria-avondale/football/","https://www.maxpreps.com/az/carl-hayden-community-phoenix/football/","",""
84,"Moon Valley Phoenix vs Youngker Buckeye",Football,"Arizona",9/18/2026,TBD,"The Youngker Buckeye varsity football team has a game @ Moon Valley Phoenix (Arizona).","/az/football/game/moon-valley-phoenix-vs-youngker-buckeye/9-18-2026/?c=61f9e662-1cf6-4b90-972b-a59c14737234","https://www.maxpreps.com/az/football/game/moon-valley-phoenix-vs-youngker-buckeye/9-18-2026/?c=61f9e662-1cf6-4b90-972b-a59c14737234","/football/az/f67?9/18/2026","Phoenix","Buckeye","https://www.maxpreps.com/az/moon-valley-phoenix/football/","https://www.maxpreps.com/az/youngker-buckeye/football/","",""
85,"Odyssey Institute Buckeye vs River Valley Mohave Valley",Football,"Arizona",9/18/2026,TBD,"The River Valley Mohave Valley varsity football team has a game @ Odyssey Institute Buckeye (Arizona).","/az/football/game/odyssey-institute-buckeye-vs-river-valley-mohave-valley/9-18-2026/?c=c0ec307c-9b5b-444b-9b1f-86da70f1f59a","https://www.maxpreps.com/az/football/game/odyssey-institute-buckeye-vs-river-valley-mohave-valley/9-18-2026/?c=c0ec307c-9b5b-444b-9b1f-86da70f1f59a","/football/az/15c7?9/18/2026","Buckeye","Valley","https://www.maxpreps.com/az/odyssey-institute-buckeye/football/","https://www.maxpreps.com/az/river-valley-mohave-valley/football/","",""
86,"Florence vs Pusch Ridge Christian Academy Tucson",Football,"Arizona",9/18/2026,TBD,"The Pusch Ridge Christian Academy Tucson varsity football team has a game @ Florence (Arizona).","/az/football/game/florence-vs-pusch-ridge-christian-academy-tucson/9-18-2026/?c=de387f48-092a-46e1-9f63-c0a5667432df","https://www.maxpreps.com/az/football/game/florence-vs-pusch-ridge-christian-academy-tucson/9-18-2026/?c=de387f48-092a-46e1-9f63-c0a5667432df","/football/az/12a8?9/18/2026","Florence","Tucson","https://www.maxpreps.com/az/florence/football/","https://www.maxpreps.com/az/pusch-ridge-christian-academy-tucson/football/","",""
87,"Canyon Del Oro Tucson vs Marana Tucson",Football,"Arizona",9/18/2026,TBD,"The Marana Tucson varsity football team has a game @ Canyon Del Oro Tucson (Arizona).","/az/football/game/canyon-del-oro-tucson-vs-marana-tucson/9-18-2026/?c=0fa5d461-d6dc-41ea-86fe-7c2c6403808a","https://www.maxpreps.com/az/football/game/canyon-del-oro-tucson-vs-marana-tucson/9-18-2026/?c=0fa5d461-d6dc-41ea-86fe-7c2c6403808a","/football/az/eac?9/18/2026","Tucson","Tucson","https://www.maxpreps.com/az/canyon-del-oro-tucson/football/","https://www.maxpreps.com/az/marana-tucson/football/","",""
88,"Amphitheater Tucson vs Rio Rico",Football,"Arizona",9/18/2026,TBD,"The Rio Rico varsity football team has a game @ Amphitheater Tucson (Arizona).","/az/football/game/amphitheater-tucson-vs-rio-rico/9-18-2026/?c=613eb111-0875-4e77-8cb2-6c3d4b8d8819","https://www.maxpreps.com/az/football/game/amphitheater-tucson-vs-rio-rico/9-18-2026/?c=613eb111-0875-4e77-8cb2-6c3d4b8d8819","/football/az/c2c?9/18/2026","Tucson","Rico","https://www.maxpreps.com/az/amphitheater-tucson/football/","https://www.maxpreps.com/az/rio-rico/football/","",""
89,"Copper Canyon Glendale vs Pueblo Tucson",Football,"Arizona",9/18/2026,TBD,"The Pueblo Tucson varsity football team has a game @ Copper Canyon Glendale (Arizona).","/az/football/game/copper-canyon-glendale-vs-pueblo-tucson/9-18-2026/?c=e018a755-4d9c-4b02-849c-53e6c22508cc","https://www.maxpreps.com/az/football/game/copper-canyon-glendale-vs-pueblo-tucson/9-18-2026/?c=e018a755-4d9c-4b02-849c-53e6c22508cc","/football/az/f3a?9/18/2026","Glendale","Tucson","https://www.maxpreps.com/az/copper-canyon-glendale/football/","https://www.maxpreps.com/az/pueblo-tucson/football/","",""
90,"Alchesay Whiteriver vs Hopi Keams Canyon",Football,"Arizona",9/18/2026,TBD,"The Hopi Keams Canyon varsity football team has a game @ Alchesay Whiteriver (Arizona).","/az/football/game/alchesay-whiteriver-vs-hopi-keams-canyon/9-18-2026/?c=2c4bbc28-055d-4d73-b101-46319a6c2d4d","https://www.maxpreps.com/az/football/game/alchesay-whiteriver-vs-hopi-keams-canyon/9-18-2026/?c=2c4bbc28-055d-4d73-b101-46319a6c2d4d","/football/az/fa6?9/18/2026","Whiteriver","Canyon","https://www.maxpreps.com/az/alchesay-whiteriver/football/","https://www.maxpreps.com/az/hopi-keams-canyon/football/","",""
91,"Douglas vs Empire Tucson",Football,"Arizona",9/18/2026,TBD,"The Empire Tucson varsity football team has a game @ Douglas (Arizona).","/az/football/game/douglas-vs-empire-tucson/9-18-2026/?c=a5d9d14a-4b41-4b85-8d8c-2315a1f9e0cd","https://www.maxpreps.com/az/football/game/douglas-vs-empire-tucson/9-18-2026/?c=a5d9d14a-4b41-4b85-8d8c-2315a1f9e0cd","/football/az/97d?9/18/2026","Douglas","Tucson","https://www.maxpreps.com/az/douglas/football/","https://www.maxpreps.com/az/empire-tucson/football/","",""
92,"Ala West Foothills Waddell vs Independence Glendale",Football,"Arizona",9/18/2026,TBD,"The Independence Glendale varsity football team has a game @ Ala West Foothills Waddell (Arizona).","/az/football/game/ala-west-foothills-waddell-vs-independence-glendale/9-18-2026/?c=9de7ebd8-ab8d-4510-90ef-3d80f2617aaf","https://www.maxpreps.com/az/football/game/ala-west-foothills-waddell-vs-independence-glendale/9-18-2026/?c=9de7ebd8-ab8d-4510-90ef-3d80f2617aaf","/football/az/13b7?9/18/2026","Waddell","Glendale","https://www.maxpreps.com/az/ala-west-foothills-waddell/football/","https://www.maxpreps.com/az/independence-glendale/football/","",""
93,"Ala Ironwood vs Apache Junction",Football,"Arizona",9/18/2026,TBD,"The Apache Junction varsity football team has a game @ Ala Ironwood (Arizona).","/az/football/game/ala-ironwood-vs-apache-junction/9-18-2026/?c=2df1f165-941d-49e9-91e1-fc9091f03085","https://www.maxpreps.com/az/football/game/ala-ironwood-vs-apache-junction/9-18-2026/?c=2df1f165-941d-49e9-91e1-fc9091f03085","/football/az/c08?9/18/2026","Ironwood","Junction","https://www.maxpreps.com/az/ala-ironwood/football/","https://www.maxpreps.com/az/apache-junction/football/","",""
94,"Hayden Winkelman vs San Manuel",Football,"Arizona",9/18/2026,TBD,"The San Manuel varsity football team has a game @ Hayden Winkelman (Arizona).","/az/football/game/hayden-winkelman-vs-san-manuel/9-18-2026/?c=63723be3-362e-4c6d-bbdd-665fddfad961","https://www.maxpreps.com/az/football/game/hayden-winkelman-vs-san-manuel/9-18-2026/?c=63723be3-362e-4c6d-bbdd-665fddfad961","/football/az/ba0?9/18/2026","Winkelman","Manuel","https://www.maxpreps.com/az/hayden-winkelman/football/","https://www.maxpreps.com/az/san-manuel/football/","",""
95,"San Pasqual Valley Winterhaven Ca vs Tonopah Valley Az",Football,"Arizona",9/18/2026,TBD,"The Tonopah Valley Az varsity football team has a game @ San Pasqual Valley Winterhaven Ca (Arizona).","/inter-state/football/game/san-pasqual-valley-winterhaven-ca-vs-tonopah-valley-az/9-18-2026/?c=a27f7108-e11b-48a5-8e3c-3237da1fa4fd","https://www.maxpreps.com/inter-state/football/game/san-pasqual-valley-winterhaven-ca-vs-tonopah-valley-az/9-18-2026/?c=a27f7108-e11b-48a5-8e3c-3237da1fa4fd","/football/az/14e7?9/18/2026","Ca","Az","https://www.maxpreps.com/az/san-pasqual-valley-winterhaven-ca/football/","https://www.maxpreps.com/az/tonopah-valley-az/football/","",""
96,"Holbrook vs Wickenburg",Football,"Arizona",9/18/2026,TBD,"The Wickenburg varsity football team has a game @ Holbrook (Arizona).","/az/football/game/holbrook-vs-wickenburg/9-18-2026/?c=f1d11482-bacc-4add-8e6a-7eaf5d981a0e","https://www.maxpreps.com/az/football/game/holbrook-vs-wickenburg/9-18-2026/?c=f1d11482-bacc-4add-8e6a-7eaf5d981a0e","/football/az/8d4?9/18/2026","Holbrook","Wickenburg","https://www.maxpreps.com/az/holbrook/football/","https://www.maxpreps.com/az/wickenburg/football/","",""
97,"Bagdad vs Desert Heights Prep Glendale",Football,"Arizona",9/18/2026,TBD,"The Desert Heights Prep Glendale varsity football team has a game @ Bagdad (Arizona).","/az/football/game/bagdad-vs-desert-heights-prep-glendale/9-18-2026/?c=c7550c50-ec2a-4e82-8d33-2cebee7dadd4","https://www.maxpreps.com/az/football/game/bagdad-vs-desert-heights-prep-glendale/9-18-2026/?c=c7550c50-ec2a-4e82-8d33-2cebee7dadd4","/football/az/e83?9/18/2026","Bagdad","Glendale","https://www.maxpreps.com/az/bagdad/football/","https://www.maxpreps.com/az/desert-heights-prep-glendale/football/","",""
98,"Chino Valley vs Red Mesa Teec Nos Pos",Football,"Arizona",9/18/2026,TBD,"The Red Mesa Teec Nos Pos varsity football team has a game @ Chino Valley (Arizona).","/az/football/game/chino-valley-vs-red-mesa-teec-nos-pos/9-18-2026/?c=57b7b712-2d0a-450f-a602-26d2f4d652a8","https://www.maxpreps.com/az/football/game/chino-valley-vs-red-mesa-teec-nos-pos/9-18-2026/?c=57b7b712-2d0a-450f-a602-26d2f4d652a8","/football/az/de6?9/18/2026","Valley","Pos","https://www.maxpreps.com/az/chino-valley/football/","https://www.maxpreps.com/az/red-mesa-teec-nos-pos/football/","",""
99,"Highland Prep Surprise vs Highland Prep West Unknown Avondale",Football,"Arizona",9/18/2026,TBD,"The Highland Prep West Unknown Avondale varsity football team has a game @ Highland Prep Surprise (Arizona).","/az/football/game/highland-prep-surprise-vs-highland-prep-west-unknown-avondale/9-18-2026/?c=60aba903-ef4a-4b87-9f55-813b01e69c0c","https://www.maxpreps.com/az/football/game/highland-prep-surprise-vs-highland-prep-west-unknown-avondale/9-18-2026/?c=60aba903-ef4a-4b87-9f55-813b01e69c0c","/football/az/17d7?9/18/2026","Surprise","Avondale","https://www.maxpreps.com/az/highland-prep-surprise/football/","https://www.maxpreps.com/az/highland-prep-west-unknown-avondale/football/","",""
100,"Gila Ridge Yuma vs Northwest Christian Phoenix",Football,"Arizona",9/18/2026,TBD,"The Northwest Christian Phoenix varsity football team has a game @ Gila Ridge Yuma (Arizona).","/az/football/game/gila-ridge-yuma-vs-northwest-christian-phoenix/9-18-2026/?c=eb2cd61f-62aa-4ab6-9b27-d722b4b47442","https://www.maxpreps.com/az/football/game/gila-ridge-yuma-vs-northwest-christian-phoenix/9-18-2026/?c=eb2cd61f-62aa-4ab6-9b27-d722b4b47442","/football/az/1209?9/18/2026","Yuma","Phoenix","https://www.maxpreps.com/az/gila-ridge-yuma/football/","https://www.maxpreps.com/az/northwest-christian-phoenix/football/","",""
101,"Highland Gilbert vs Higley Gilbert",Football,"Arizona",9/18/2026,TBD,"The Higley Gilbert varsity football team has a game @ Highland Gilbert (Arizona).","/az/football/game/highland-gilbert-vs-higley-gilbert/9-18-2026/?c=1d6d26b1-f776-48ad-a5b5-502f11b07e20","https://www.maxpreps.com/az/football/game/highland-gilbert-vs-higley-gilbert/9-18-2026/?c=1d6d26b1-f776-48ad-a5b5-502f11b07e20","/football/az/d30?9/18/2026","Gilbert","Gilbert","https://www.maxpreps.com/az/highland-gilbert/football/","https://www.maxpreps.com/az/higley-gilbert/football/","",""
102,"Brophy College Prep Phoenix vs Mountain View Mesa",Football,"Arizona",9/18/2026,TBD,"The Mountain View Mesa varsity football team has a game @ Brophy College Prep Phoenix (Arizona).","/az/football/game/brophy-college-prep-phoenix-vs-mountain-view-mesa/9-18-2026/?c=a0f79ffd-c145-4148-95fc-a9e261a418ec","https://www.maxpreps.com/az/football/game/brophy-college-prep-phoenix-vs-mountain-view-mesa/9-18-2026/?c=a0f79ffd-c145-4148-95fc-a9e261a418ec","/football/az/1311?9/18/2026","Phoenix","Mesa","https://www.maxpreps.com/az/brophy-college-prep-phoenix/football/","https://www.maxpreps.com/az/mountain-view-mesa/football/","",""
103,"Cicero Prep Academy Scottsdale vs Ray Kearny",Football,"Arizona",9/18/2026,TBD,"The Ray Kearny varsity football team has a game @ Cicero Prep Academy Scottsdale (Arizona).","/az/football/game/cicero-prep-academy-scottsdale-vs-ray-kearny/9-18-2026/?c=994c01ed-c8bf-4daf-a94a-86df89d5e997","https://www.maxpreps.com/az/football/game/cicero-prep-academy-scottsdale-vs-ray-kearny/9-18-2026/?c=994c01ed-c8bf-4daf-a94a-86df89d5e997","/football/az/1103?9/18/2026","Scottsdale","Kearny","https://www.maxpreps.com/az/cicero-prep-academy-scottsdale/football/","https://www.maxpreps.com/az/ray-kearny/football/","",""
104,"Tuba City vs Window Rock Fort Defiance",Football,"Arizona",9/18/2026,TBD,"The Window Rock Fort Defiance varsity football team has a game @ Tuba City (Arizona).","/az/football/game/tuba-city-vs-window-rock-fort-defiance/9-18-2026/?c=6b41cd86-750b-4092-b66a-8ad52e9c43f4","https://www.maxpreps.com/az/football/game/tuba-city-vs-window-rock-fort-defiance/9-18-2026/?c=6b41cd86-750b-4092-b66a-8ad52e9c43f4","/football/az/e8d?9/18/2026","City","Defiance","https://www.maxpreps.com/az/tuba-city/football/","https://www.maxpreps.com/az/window-rock-fort-defiance/football/","",""
105,"Desert Christian Tucson vs San Carlos",Football,"Arizona",9/18/2026,TBD,"The San Carlos varsity football team has a game @ Desert Christian Tucson (Arizona).","/az/football/game/desert-christian-tucson-vs-san-carlos/9-18-2026/?c=ec280804-aba2-46e1-a848-998fff7e18fb","https://www.maxpreps.com/az/football/game/desert-christian-tucson-vs-san-carlos/9-18-2026/?c=ec280804-aba2-46e1-a848-998fff7e18fb","/football/az/e78?9/18/2026","Tucson","Carlos","https://www.maxpreps.com/az/desert-christian-tucson/football/","https://www.maxpreps.com/az/san-carlos/football/","",""
106,"North Phoenix vs West Point Avondale",Football,"Arizona",9/18/2026,TBD,"The West Point Avondale varsity football team has a game @ North Phoenix (Arizona).","/az/football/game/north-phoenix-vs-west-point-avondale/9-18-2026/?c=3ab61c05-d18b-44ad-a85f-a78fb509d7d0","https://www.maxpreps.com/az/football/game/north-phoenix-vs-west-point-avondale/9-18-2026/?c=3ab61c05-d18b-44ad-a85f-a78fb509d7d0","/football/az/e27?9/18/2026","Phoenix","Avondale","https://www.maxpreps.com/az/north-phoenix/football/","https://www.maxpreps.com/az/west-point-avondale/football/","",""
107,"Apollo Glendale vs Millennium Goodyear",Football,"Arizona",9/18/2026,TBD,"The Millennium Goodyear varsity football team has a game @ Apollo Glendale (Arizona).","/az/football/game/apollo-glendale-vs-millennium-goodyear/9-18-2026/?c=1b039bb4-7f73-410e-a02b-3f9738feab6f","https://www.maxpreps.com/az/football/game/apollo-glendale-vs-millennium-goodyear/9-18-2026/?c=1b039bb4-7f73-410e-a02b-3f9738feab6f","/football/az/ef4?9/18/2026","Glendale","Goodyear","https://www.maxpreps.com/az/apollo-glendale/football/","https://www.maxpreps.com/az/millennium-goodyear/football/","",""
108,"Catalina Tucson vs Lincoln Prep Chandler",Football,"Arizona",9/18/2026,TBD,"The Lincoln Prep Chandler varsity football team has a game @ Catalina Tucson (Arizona).","/az/football/game/catalina-tucson-vs-lincoln-prep-chandler/9-18-2026/?c=b30fe3ef-e064-439f-b254-c3059be5caf2","https://www.maxpreps.com/az/football/game/catalina-tucson-vs-lincoln-prep-chandler/9-18-2026/?c=b30fe3ef-e064-439f-b254-c3059be5caf2","/football/az/f8a?9/18/2026","Tucson","Chandler","https://www.maxpreps.com/az/catalina-tucson/football/","https://www.maxpreps.com/az/lincoln-prep-chandler/football/","",""
109,"Antelope Wellton vs Cortez Phoenix",Football,"Arizona",9/18/2026,TBD,"The Cortez Phoenix varsity football team has a game @ Antelope Wellton (Arizona).","/az/football/game/antelope-wellton-vs-cortez-phoenix/9-18-2026/?c=e32580f2-d338-48ce-88b9-108eabc12847","https://www.maxpreps.com/az/football/game/antelope-wellton-vs-cortez-phoenix/9-18-2026/?c=e32580f2-d338-48ce-88b9-108eabc12847","/football/az/d8c?9/18/2026","Wellton","Phoenix","https://www.maxpreps.com/az/antelope-wellton/football/","https://www.maxpreps.com/az/cortez-phoenix/football/","",""
110,"Boulder Creek Anthem vs Perry Gilbert",Football,"Arizona",9/18/2026,TBD,"The Perry Gilbert varsity football team has a game @ Boulder Creek Anthem (Arizona).","/az/football/game/boulder-creek-anthem-vs-perry-gilbert/9-18-2026/?c=af84f9c1-2b8d-4092-8b82-77d55788c51c","https://www.maxpreps.com/az/football/game/boulder-creek-anthem-vs-perry-gilbert/9-18-2026/?c=af84f9c1-2b8d-4092-8b82-77d55788c51c","/football/az/e59?9/18/2026","Anthem","Gilbert","https://www.maxpreps.com/az/boulder-creek-anthem/football/","https://www.maxpreps.com/az/perry-gilbert/football/","",""
111,"Central Phoenix vs Dobson Mesa",Football,"Arizona",9/18/2026,TBD,"The Dobson Mesa varsity football team has a game @ Central Phoenix (Arizona).","/az/football/game/central-phoenix-vs-dobson-mesa/9-18-2026/?c=2fbc56dc-d68b-452e-8e72-1e7aeae62514","https://www.maxpreps.com/az/football/game/central-phoenix-vs-dobson-mesa/9-18-2026/?c=2fbc56dc-d68b-452e-8e72-1e7aeae62514","/football/az/bac?9/18/2026","Phoenix","Mesa","https://www.maxpreps.com/az/central-phoenix/football/","https://www.maxpreps.com/az/dobson-mesa/football/","",""
112,"Coconino Flagstaff vs Mohave Bullhead City",Football,"Arizona",9/18/2026,TBD,"The Mohave Bullhead City varsity football team has a game @ Coconino Flagstaff (Arizona).","/az/football/game/coconino-flagstaff-vs-mohave-bullhead-city/9-18-2026/?c=c88ca046-ba96-4881-8853-619c4b860aa8","https://www.maxpreps.com/az/football/game/coconino-flagstaff-vs-mohave-bullhead-city/9-18-2026/?c=c88ca046-ba96-4881-8853-619c4b860aa8","/football/az/104a?9/18/2026","Flagstaff","City","https://www.maxpreps.com/az/coconino-flagstaff/football/","https://www.maxpreps.com/az/mohave-bullhead-city/football/","",""
113,"St Johns Washington Dc vs West Boca Raton Fl",Football,"Arizona",9/18/2026,TBD,"The West Boca Raton Fl varsity football team has a game @ St Johns Washington Dc (Arizona).","/inter-state/football/game/st-johns-washington-dc-vs-west-boca-raton-fl/9-18-2026/?c=b031d257-314e-4546-8a1c-211ebbb42d62","https://www.maxpreps.com/inter-state/football/game/st-johns-washington-dc-vs-west-boca-raton-fl/9-18-2026/?c=b031d257-314e-4546-8a1c-211ebbb42d62","/football/az/10b1?9/18/2026","Dc","Fl","https://www.maxpreps.com/az/st-johns-washington-dc/football/","https://www.maxpreps.com/az/west-boca-raton-fl/football/","",""
114,"Archbishop Mccarthy Southwest Ranches vs St Thomas Aquinas Fort Lauderdale",Football,"Arizona",9/18/2026,TBD,"The St Thomas Aquinas Fort Lauderdale varsity football team has a game @ Archbishop Mccarthy Southwest Ranches (Arizona).","/fl/football/game/archbishop-mccarthy-southwest-ranches-vs-st-thomas-aquinas-fort-lauderdale/9-18-2026/?c=379541df-b377-45b0-b9b5-13e901b1cd0a","https://www.maxpreps.com/fl/football/game/archbishop-mccarthy-southwest-ranches-vs-st-thomas-aquinas-fort-lauderdale/9-18-2026/?c=379541df-b377-45b0-b9b5-13e901b1cd0a","/football/az/1d09?9/18/2026","Ranches","Lauderdale","https://www.maxpreps.com/az/archbishop-mccarthy-southwest-ranches/football/","https://www.maxpreps.com/az/st-thomas-aquinas-fort-lauderdale/football/","",""
115,"Brownsburg vs Fishers",Football,"Arizona",9/18/2026,TBD,"The Fishers varsity football team has a game @ Brownsburg (Arizona).","/in/football/game/brownsburg-vs-fishers/9-18-2026/?c=98d1f5d3-3458-456e-b5d4-4c3a1cde2c5c","https://www.maxpreps.com/in/football/game/brownsburg-vs-fishers/9-18-2026/?c=98d1f5d3-3458-456e-b5d4-4c3a1cde2c5c","/football/az/882?9/18/2026","Brownsburg","Fishers","https://www.maxpreps.com/az/brownsburg/football/","https://www.maxpreps.com/az/fishers/football/","",""
116,"Dematha Hyattsville Md vs Loudoun Sports Academy Leesburg Va",Football,"Arizona",9/18/2026,TBD,"The Loudoun Sports Academy Leesburg Va varsity football team has a game @ Dematha Hyattsville Md (Arizona).","/inter-state/football/game/dematha-hyattsville-md-vs-loudoun-sports-academy-leesburg-va/9-18-2026/?c=4c4eab85-8b8c-4831-9856-2bd5742d0b72","https://www.maxpreps.com/inter-state/football/game/dematha-hyattsville-md-vs-loudoun-sports-academy-leesburg-va/9-18-2026/?c=4c4eab85-8b8c-4831-9856-2bd5742d0b72","/football/az/1764?9/18/2026","Md","Va","https://www.maxpreps.com/az/dematha-hyattsville-md/football/","https://www.maxpreps.com/az/loudoun-sports-academy-leesburg-va/football/","",""
117,"Img Academy Bradenton vs The First Academy Orlando",Football,"Arizona",9/18/2026,TBD,"The The First Academy Orlando varsity football team has a game @ Img Academy Bradenton (Arizona).","/fl/football/game/img-academy-bradenton-vs-the-first-academy-orlando/9-18-2026/?c=230217e9-2d00-4cca-a6df-f53bdd517970","https://www.maxpreps.com/fl/football/game/img-academy-bradenton-vs-the-first-academy-orlando/9-18-2026/?c=230217e9-2d00-4cca-a6df-f53bdd517970","/football/az/131e?9/18/2026","Bradenton","Orlando","https://www.maxpreps.com/az/img-academy-bradenton/football/","https://www.maxpreps.com/az/the-first-academy-orlando/football/","",""
118,"Hewlett Sports Academy Waldorf vs St Frances Academy Baltimore",Football,"Arizona",9/18/2026,TBD,"The St Frances Academy Baltimore varsity football team has a game @ Hewlett Sports Academy Waldorf (Arizona).","/md/football/game/hewlett-sports-academy-waldorf-vs-st-frances-academy-baltimore/9-18-2026/?c=0ae20b06-07e9-40e3-9a63-5f03d3f1286c","https://www.maxpreps.com/md/football/game/hewlett-sports-academy-waldorf-vs-st-frances-academy-baltimore/9-18-2026/?c=0ae20b06-07e9-40e3-9a63-5f03d3f1286c","/football/az/1818?9/18/2026","Waldorf","Baltimore","https://www.maxpreps.com/az/hewlett-sports-academy-waldorf/football/","https://www.maxpreps.com/az/st-frances-academy-baltimore/football/","",""
119,"Buford vs Grayson Loganville",Football,"Arizona",9/18/2026,TBD,"The Grayson Loganville varsity football team has a game @ Buford (Arizona).","/ga/football/game/buford-vs-grayson-loganville/9-18-2026/?c=41a9b766-ad14-4ab7-bd5c-3ebea6ffeabe","https://www.maxpreps.com/ga/football/game/buford-vs-grayson-loganville/9-18-2026/?c=41a9b766-ad14-4ab7-bd5c-3ebea6ffeabe","/football/az/b22?9/18/2026","Buford","Loganville","https://www.maxpreps.com/az/buford/football/","https://www.maxpreps.com/az/grayson-loganville/football/","",""
120,"Columbus Miami vs South Dade Homestead",Football,"Arizona",9/18/2026,TBD,"The South Dade Homestead varsity football team has a game @ Columbus Miami (Arizona).","/fl/football/game/columbus-miami-vs-south-dade-homestead/9-18-2026/?c=7748275e-0058-4d65-b3ad-3b5895a68335","https://www.maxpreps.com/fl/football/game/columbus-miami-vs-south-dade-homestead/9-18-2026/?c=7748275e-0058-4d65-b3ad-3b5895a68335","/football/az/ebc?9/18/2026","Miami","Homestead","https://www.maxpreps.com/az/columbus-miami/football/","https://www.maxpreps.com/az/south-dade-homestead/football/","",""
121,"Brooks County Quitman vs Thomas County Central Thomasville",Football,"Arizona",9/18/2026,TBD,"The Thomas County Central Thomasville varsity football team has a game @ Brooks County Quitman (Arizona).","/ga/football/game/brooks-county-quitman-vs-thomas-county-central-thomasville/9-18-2026/?c=4f30df7d-ac26-4040-a029-bd44dc28a653","https://www.maxpreps.com/ga/football/game/brooks-county-quitman-vs-thomas-county-central-thomasville/9-18-2026/?c=4f30df7d-ac26-4040-a029-bd44dc28a653","/football/az/1714?9/18/2026","Quitman","Thomasville","https://www.maxpreps.com/az/brooks-county-quitman/football/","https://www.maxpreps.com/az/thomas-county-central-thomasville/football/","",""
122,"Carrollton Ga vs West Charlotte Nc",Football,"Arizona",9/18/2026,TBD,"The West Charlotte Nc varsity football team has a game @ Carrollton Ga (Arizona).","/inter-state/football/game/carrollton-ga-vs-west-charlotte-nc/9-18-2026/?c=296ceb0a-96a2-4bd9-ab43-74400827cdc5","https://www.maxpreps.com/inter-state/football/game/carrollton-ga-vs-west-charlotte-nc/9-18-2026/?c=296ceb0a-96a2-4bd9-ab43-74400827cdc5","/football/az/d2c?9/18/2026","Ga","Nc","https://www.maxpreps.com/az/carrollton-ga/football/","https://www.maxpreps.com/az/west-charlotte-nc/football/","",""
123,"Male Louisville vs Trinity Louisville",Football,"Arizona",9/18/2026,TBD,"The Trinity Louisville varsity football team has a game @ Male Louisville (Arizona).","/ky/football/game/male-louisville-vs-trinity-louisville/9-18-2026/?c=34f82ccf-0808-4de2-a884-1053b6c3b3eb","https://www.maxpreps.com/ky/football/game/male-louisville-vs-trinity-louisville/9-18-2026/?c=34f82ccf-0808-4de2-a884-1053b6c3b3eb","/football/az/edf?9/18/2026","Louisville","Louisville","https://www.maxpreps.com/az/male-louisville/football/","https://www.maxpreps.com/az/trinity-louisville/football/","",""
124,"Thompson Alabaster vs Tuscaloosa County Northport",Football,"Arizona",9/18/2026,TBD,"The Tuscaloosa County Northport varsity football team has a game @ Thompson Alabaster (Arizona).","/al/football/game/thompson-alabaster-vs-tuscaloosa-county-northport/9-18-2026/?c=b6ab0140-549a-4896-880d-1f48846a612f","https://www.maxpreps.com/al/football/game/thompson-alabaster-vs-tuscaloosa-county-northport/9-18-2026/?c=b6ab0140-549a-4896-880d-1f48846a612f","/football/az/13c1?9/18/2026","Alabaster","Northport","https://www.maxpreps.com/az/thompson-alabaster/football/","https://www.maxpreps.com/az/tuscaloosa-county-northport/football/","",""
125,"Duncanville Panthers And Pantherettes vs North Crowley Fort Worth",Football,"Arizona",9/18/2026,TBD,"The North Crowley Fort Worth varsity football team has a game @ Duncanville Panthers And Pantherettes (Arizona).","/tx/football/game/duncanville-panthers-and-pantherettes-vs-north-crowley-fort-worth/9-18-2026/?c=eae84978-ac1b-4dc2-8571-f65204f0dbda","https://www.maxpreps.com/tx/football/game/duncanville-panthers-and-pantherettes-vs-north-crowley-fort-worth/9-18-2026/?c=eae84978-ac1b-4dc2-8571-f65204f0dbda","/football/az/19b4?9/18/2026","Pantherettes","Worth","https://www.maxpreps.com/az/duncanville-panthers-and-pantherettes/football/","https://www.maxpreps.com/az/north-crowley-fort-worth/football/","",""
126,"Baylor Chattanooga vs Christ Presbyterian Academy Nashville",Football,"Arizona",9/18/2026,TBD,"The Christ Presbyterian Academy Nashville varsity football team has a game @ Baylor Chattanooga (Arizona).","/tn/football/game/baylor-chattanooga-vs-christ-presbyterian-academy-nashville/9-18-2026/?c=275c84c1-c7b9-43ca-b8cb-dd88cc57ca0e","https://www.maxpreps.com/tn/football/game/baylor-chattanooga-vs-christ-presbyterian-academy-nashville/9-18-2026/?c=275c84c1-c7b9-43ca-b8cb-dd88cc57ca0e","/football/az/1748?9/18/2026","Chattanooga","Nashville","https://www.maxpreps.com/az/baylor-chattanooga/football/","https://www.maxpreps.com/az/christ-presbyterian-academy-nashville/football/","",""
127,"Orange Lutheran vs Sierra Canyon Chatsworth",Football,"Arizona",9/18/2026,TBD,"The Sierra Canyon Chatsworth varsity football team has a game @ Orange Lutheran (Arizona).","/ca/football/game/orange-lutheran-vs-sierra-canyon-chatsworth/9-18-2026/?c=b1ac9223-f5fe-49af-a7e5-9d2ed6c81cb3","https://www.maxpreps.com/ca/football/game/orange-lutheran-vs-sierra-canyon-chatsworth/9-18-2026/?c=b1ac9223-f5fe-49af-a7e5-9d2ed6c81cb3","/football/az/10fe?9/18/2026","Lutheran","Chatsworth","https://www.maxpreps.com/az/orange-lutheran/football/","https://www.maxpreps.com/az/sierra-canyon-chatsworth/football/","",""
128,"Bishop Gorman Las Vegas Nv vs Mater Dei Santa Ana Ca",Football,"Arizona",9/18/2026,TBD,"The Mater Dei Santa Ana Ca varsity football team has a game @ Bishop Gorman Las Vegas Nv (Arizona).","/inter-state/football/game/bishop-gorman-las-vegas-nv-vs-mater-dei-santa-ana-ca/9-18-2026/?c=f25afd24-e534-420a-acfe-03f654becd7c","https://www.maxpreps.com/inter-state/football/game/bishop-gorman-las-vegas-nv-vs-mater-dei-santa-ana-ca/9-18-2026/?c=f25afd24-e534-420a-acfe-03f654becd7c","/football/az/1344?9/18/2026","Nv","Ca","https://www.maxpreps.com/az/bishop-gorman-las-vegas-nv/football/","https://www.maxpreps.com/az/mater-dei-santa-ana-ca/football/","",""
129,"Centennial Corona vs Rancho Cucamonga",Football,"Arizona",9/18/2026,TBD,"The Rancho Cucamonga varsity football team has a game @ Centennial Corona (Arizona).","/ca/football/game/centennial-corona-vs-rancho-cucamonga/9-18-2026/?c=96227138-1fcf-472d-88bf-69a0b9ad88f3","https://www.maxpreps.com/ca/football/game/centennial-corona-vs-rancho-cucamonga/9-18-2026/?c=96227138-1fcf-472d-88bf-69a0b9ad88f3","/football/az/e69?9/18/2026","Corona","Cucamonga","https://www.maxpreps.com/az/centennial-corona/football/","https://www.maxpreps.com/az/rancho-cucamonga/football/","",""
130,"Norco vs Santa Margarita Rancho Santa Margarita",Football,"Arizona",9/18/2026,TBD,"The Santa Margarita Rancho Santa Margarita varsity football team has a game @ Norco (Arizona).","/ca/football/game/norco-vs-santa-margarita-rancho-santa-margarita/9-18-2026/?c=79b93f11-2c19-4191-98b7-123af24d2bff","https://www.maxpreps.com/ca/football/game/norco-vs-santa-margarita-rancho-santa-margarita/9-18-2026/?c=79b93f11-2c19-4191-98b7-123af24d2bff","/football/az/1231?9/18/2026","Norco","Margarita","https://www.maxpreps.com/az/norco/football/","https://www.maxpreps.com/az/santa-margarita-rancho-santa-margarita/football/","",""