1,"Williamson vs Pine Forest",Football,"Alabama",9/10/2026,7:00pm,"The Williamson varsity football team has an away non-conference game @  Pine Forest (Pensacola, FL) today @ 7p.","/inter-state/football/game/pine-forest-pensacola-fl-vs-williamson-mobile-al/9-10-2026/?c=b48ca10a-920f-4d26-896f-6434b1a3086b","https://www.maxpreps.com/inter-state/football/game/pine-forest-pensacola-fl-vs-williamson-mobile-al/9-10-2026/?c=b48ca10a-920f-4d26-896f-6434b1a3086b","/football/al/126f?9/10/2026","Lions","Eagles","https://www.maxpreps.com/al/pine-forest-pensacola-fl/football/","https://www.maxpreps.com/al/williamson-mobile-al/football/","https://hsfootball.net/proxy.php?url=https%3A%2F%2Fimage.maxpreps.io%2Fschool-mascot%2F3%2F5%2F5%2F355baefa-ed80-4252-8fd0-e4d9f4383788.gif%3Fversion%3D638253706200000000%26amp%3Bwidth%3D128%26amp%3Bheight%3D128%26amp%3Bauto%3Dwebp%26amp%3Bformat%3Dpjpg","https://hsfootball.net/proxy.php?url=https%3A%2F%2Fimage.maxpreps.io%2Fschool-mascot%2Ff%2F6%2F4%2Ff64eb451-c381-42d0-afd0-7e4a0143f336.gif%3Fversion%3D636391719600000000%26amp%3Bwidth%3D128%26amp%3Bheight%3D128%26amp%3Bauto%3Dwebp%26amp%3Bformat%3Dpjpg"
1,"Oconomowoc vs Muskego",Football,"Wisconsin",9/18/2026,7:00pm,"The Oconomowoc varsity football team has an away conference game @  Muskego (WI) on Friday, September 18 @ 7p.","/wi/football/game/muskego-vs-oconomowoc/9-18-2026/?c=6f27d50e-b096-4c86-b953-b95d24f8d080","https://www.maxpreps.com/wi/football/game/muskego-vs-oconomowoc/9-18-2026/?c=6f27d50e-b096-4c86-b953-b95d24f8d080","/football/wi/881?9/18/2026","Raccoons","Warriors","https://www.maxpreps.com/wi/muskego/football/","https://www.maxpreps.com/wi/oconomowoc/football/","https://hsfootball.net/proxy.php?url=https%3A%2F%2Fimage.maxpreps.io%2Fschool-mascot%2Fe%2Fe%2F7%2Fee75dcb4-5de9-4322-a76f-3c83b32e12ad.gif%3Fversion%3D635204467200000000%26amp%3Bwidth%3D128%26amp%3Bheight%3D128%26amp%3Bauto%3Dwebp%26amp%3Bformat%3Dpjpg","https://hsfootball.net/proxy.php?url=https%3A%2F%2Fimage.maxpreps.io%2Fschool-mascot%2Fd%2Fb%2Ff%2Fdbf56772-fccd-45e7-be21-579ded489a4b.gif%3Fversion%3D636241330800000000%26amp%3Bwidth%3D128%26amp%3Bheight%3D128%26amp%3Bauto%3Dwebp%26amp%3Bformat%3Dpjpg"
2,"Kettle Moraine vs Arrowhead",Football,"Wisconsin",9/18/2026,7:00pm,"The Kettle Moraine varsity football team has an away conference game @  Arrowhead (Hartland, WI) on Friday, September 18 @ 7p.","/wi/football/game/arrowhead-hartland-vs-kettle-moraine-wales/9-18-2026/?c=0ab6d26c-410d-479e-9137-3deaf3ee7f3a","https://www.maxpreps.com/wi/football/game/arrowhead-hartland-vs-kettle-moraine-wales/9-18-2026/?c=0ab6d26c-410d-479e-9137-3deaf3ee7f3a","/football/wi/1065?9/18/2026","Lasers","Warhawks","https://www.maxpreps.com/wi/arrowhead-hartland/football/","https://www.maxpreps.com/wi/kettle-moraine-wales/football/","https://hsfootball.net/proxy.php?url=https%3A%2F%2Fimage.maxpreps.io%2Fschool-mascot%2F5%2F1%2Fd%2F51da4784-1911-47ec-9be9-c834e0af4232.gif%3Fversion%3D636082470600000000%26amp%3Bwidth%3D128%26amp%3Bheight%3D128%26amp%3Bauto%3Dwebp%26amp%3Bformat%3Dpjpg","https://hsfootball.net/proxy.php?url=https%3A%2F%2Fimage.maxpreps.io%2Fschool-mascot%2F8%2Fd%2F4%2F8d416cfb-f4c7-4366-a66e-e49f56416c00.gif%3Fversion%3D636167026200000000%26amp%3Bwidth%3D128%26amp%3Bheight%3D128%26amp%3Bauto%3Dwebp%26amp%3Bformat%3Dpjpg"
3,"Hamilton vs Brookfield Central",Football,"Wisconsin",9/18/2026,7:00pm,"The Hamilton varsity football team has an away conference game @  Brookfield Central (Brookfield, WI) on Friday, September 18 @ 7p.","/wi/football/game/brookfield-central-vs-hamilton-sussex/9-18-2026/?c=4aa31a96-35a5-4a39-ad45-6cb4976b1e83","https://www.maxpreps.com/wi/football/game/brookfield-central-vs-hamilton-sussex/9-18-2026/?c=4aa31a96-35a5-4a39-ad45-6cb4976b1e83","/football/wi/eae?9/18/2026","Chargers","Lancers","https://www.maxpreps.com/wi/brookfield-central/football/","https://www.maxpreps.com/wi/hamilton-sussex/football/","https://hsfootball.net/proxy.php?url=https%3A%2F%2Fimage.maxpreps.io%2Fschool-mascot%2Fb%2F9%2F1%2Fb917bc56-f484-47fa-b97a-8a0b3ea5e5a7.gif%3Fversion%3D636249976200000000%26amp%3Bwidth%3D128%26amp%3Bheight%3D128%26amp%3Bauto%3Dwebp%26amp%3Bformat%3Dpjpg","https://hsfootball.net/proxy.php?url=https%3A%2F%2Fimage.maxpreps.io%2Fschool-mascot%2Fc%2F5%2F4%2Fc54f7229-d3fc-4bcb-a3de-721e96c18e22.gif%3Fversion%3D635618359800000000%26amp%3Bwidth%3D128%26amp%3Bheight%3D128%26amp%3Bauto%3Dwebp%26amp%3Bformat%3Dpjpg"
4,"Bowler/Gresham Community vs Port Edwards",Football,"Wisconsin",9/18/2026,4:00pm,"The Bowler/Gresham Community varsity football team has an away conference game @  Port Edwards (WI) on Friday, September 18 @ 4p.","/wi/football/game/bowler-gresham-community-vs-port-edwards/9-18-2026/?c=d29bebfd-5492-4ac2-9fbc-2e53584cb257","https://www.maxpreps.com/wi/football/game/bowler-gresham-community-vs-port-edwards/9-18-2026/?c=d29bebfd-5492-4ac2-9fbc-2e53584cb257","/football/wi/fd0?9/18/2026","Panthers","Blackhawks","https://www.maxpreps.com/wi/bowler-gresham-community/football/","https://www.maxpreps.com/wi/port-edwards/football/","https://hsfootball.net/proxy.php?url=https%3A%2F%2Fimage.maxpreps.io%2Fschool-mascot%2F6%2F5%2F9%2F65977c8f-2794-47f2-962c-bc1e1a94ddcf.gif%3Fversion%3D636075463200000000%26amp%3Bwidth%3D128%26amp%3Bheight%3D128%26amp%3Bauto%3Dwebp%26amp%3Bformat%3Dpjpg","https://hsfootball.net/proxy.php?url=https%3A%2F%2Fimage.maxpreps.io%2Fschool-mascot%2Ff%2F9%2F6%2Ff960bb38-8c02-4aed-b6a2-5863fe6ef471.gif%3Fversion%3D636241330800000000%26amp%3Bwidth%3D128%26amp%3Bheight%3D128%26amp%3Bauto%3Dwebp%26amp%3Bformat%3Dpjpg"
5,"Port Edwards vs Flambeau",Football,"Wisconsin",9/18/2026,4:00pm,"The Port Edwards varsity football team has an away non-conference game @  Flambeau (Tony, WI) on Friday, September 18 @ 4p.","/wi/football/game/flambeau-tony-vs-port-edwards/9-18-2026/?c=42595fd6-6e19-4ad6-b18f-d58f9855c6a4","https://www.maxpreps.com/wi/football/game/flambeau-tony-vs-port-edwards/9-18-2026/?c=42595fd6-6e19-4ad6-b18f-d58f9855c6a4","/football/wi/b53?9/18/2026","Blackhawks","Falcons","https://www.maxpreps.com/wi/flambeau-tony/football/","https://www.maxpreps.com/wi/port-edwards/football/","https://hsfootball.net/proxy.php?url=https%3A%2F%2Fimage.maxpreps.io%2Fschool-mascot%2Ff%2F9%2F6%2Ff960bb38-8c02-4aed-b6a2-5863fe6ef471.gif%3Fversion%3D636241330800000000%26amp%3Bwidth%3D128%26amp%3Bheight%3D128%26amp%3Bauto%3Dwebp%26amp%3Bformat%3Dpjpg","https://hsfootball.net/proxy.php?url=https%3A%2F%2Fimage.maxpreps.io%2Fschool-mascot%2F7%2Fe%2F6%2F7e676f88-4ca7-4720-8eea-2455ea0a570d.gif%3Fversion%3D633700706400000000%26amp%3Bwidth%3D128%26amp%3Bheight%3D128%26amp%3Bauto%3Dwebp%26amp%3Bformat%3Dpjpg"
6,"Wayland Academy vs Williams Bay",Football,"Wisconsin",9/18/2026,4:00pm,"The Wayland Academy varsity football team has an away conference game @  Williams Bay (WI) on Friday, September 18 @ 4p.","/wi/football/game/wayland-academy-beaver-dam-vs-williams-bay/9-18-2026/?c=bf57f272-391d-4a6f-87ac-4f35c1c0543d","https://www.maxpreps.com/wi/football/game/wayland-academy-beaver-dam-vs-williams-bay/9-18-2026/?c=bf57f272-391d-4a6f-87ac-4f35c1c0543d","/football/wi/1000?9/18/2026","Big Red","Bulldogs","https://www.maxpreps.com/wi/wayland-academy-beaver-dam/football/","https://www.maxpreps.com/wi/williams-bay/football/","https://hsfootball.net/proxy.php?url=https%3A%2F%2Fimage.maxpreps.io%2Fschool-mascot%2F2%2Fa%2F9%2F2a9aa96a-e62b-425d-8fb8-1b313efdbdc0.gif%3Fversion%3D635351466000000000%26amp%3Bwidth%3D128%26amp%3Bheight%3D128%26amp%3Bauto%3Dwebp%26amp%3Bformat%3Dpjpg","https://hsfootball.net/proxy.php?url=https%3A%2F%2Fimage.maxpreps.io%2Fschool-mascot%2F3%2Fe%2Fe%2F3ee0f335-29a6-4498-b0aa-109a0a780203.gif%3Fversion%3D638929214023608260%26amp%3Bwidth%3D128%26amp%3Bheight%3D128%26amp%3Bauto%3Dwebp%26amp%3Bformat%3Dpjpg"
7,"Barack Obama Career &amp; Tech vs Milwaukee Madison",Football,"Wisconsin",9/18/2026,4:30pm,"The Barack Obama Career &amp; Tech varsity football team has an away conference game @  Milwaukee Madison (Milwaukee, WI) on Friday, September 18 @ 4:30p.","/wi/football/game/barack-obama-career-and-tech-milwaukee-vs-milwaukee-madison/9-18-2026/?c=6cdb6385-4ccd-454b-9d3c-1b2f1465e50c","https://www.maxpreps.com/wi/football/game/barack-obama-career-and-tech-milwaukee-vs-milwaukee-madison/9-18-2026/?c=6cdb6385-4ccd-454b-9d3c-1b2f1465e50c","/football/wi/1671?9/18/2026","Cougars","Knights","https://www.maxpreps.com/wi/barack-obama-career-and-tech-milwaukee/football/","https://www.maxpreps.com/wi/milwaukee-madison/football/","https://hsfootball.net/proxy.php?url=https%3A%2F%2Fimage.maxpreps.io%2Fschool-mascot%2Fb%2F0%2F3%2Fb035a7ba-3e7d-4f54-9789-e099569f6bb7.gif%3Fversion%3D636262021800000000%26amp%3Bwidth%3D128%26amp%3Bheight%3D128%26amp%3Bauto%3Dwebp%26amp%3Bformat%3Dpjpg","https://hsfootball.net/proxy.php?url=https%3A%2F%2Fimage.maxpreps.io%2Fschool-mascot%2Fd%2F3%2Fb%2Fd3ba6905-725b-4807-86e9-47d1bcb96420.gif%3Fversion%3D637801010400000000%26amp%3Bwidth%3D128%26amp%3Bheight%3D128%26amp%3Bauto%3Dwebp%26amp%3Bformat%3Dpjpg"
8,"Bessemer vs Stephenson",Football,"Wisconsin",9/18/2026,6:00pm,"The Bessemer varsity football team has an away non-conference game @  Stephenson (MI) on Friday, September 18 @ 6p.","/mi/football/game/bessemer-vs-stephenson/9-18-2026/?c=f130c781-f426-4099-a3e9-5ba1efa9a465","https://www.maxpreps.com/mi/football/game/bessemer-vs-stephenson/9-18-2026/?c=f130c781-f426-4099-a3e9-5ba1efa9a465","/football/wi/8e0?9/18/2026","Speedboys","Eagles","https://www.maxpreps.com/wi/bessemer/football/","https://www.maxpreps.com/wi/stephenson/football/","https://hsfootball.net/proxy.php?url=https%3A%2F%2Fimage.maxpreps.io%2Fschool-mascot%2Fe%2F5%2Fb%2Fe5b1a840-e7af-47b4-ab6e-1a2046d330b9.gif%3Fversion%3D636241330800000000%26amp%3Bwidth%3D128%26amp%3Bheight%3D128%26amp%3Bauto%3Dwebp%26amp%3Bformat%3Dpjpg","https://hsfootball.net/proxy.php?url=https%3A%2F%2Fimage.maxpreps.io%2Fschool-mascot%2Fe%2F5%2Fb%2Fe5b1a840-e7af-47b4-ab6e-1a2046d330b9.gif%3Fversion%3D636241330800000000%26amp%3Bwidth%3D64%26amp%3Bheight%3D64%26amp%3Bauto%3Dwebp%26amp%3Bformat%3Dpjpg"
9,"Montello vs St. John&#x27;s Northwestern Military Academy",Football,"Wisconsin",9/18/2026,5:00pm,"The Montello varsity football team has an away conference game @  St. John&#x27;s Northwestern Military Academy (Delafield, WI) on Friday, September 18 @ 5p.","/wi/football/game/montello-vs-st-johns-northwestern-military-academy-delafield/9-18-2026/?c=8719dfef-9af2-4031-89a8-608f49896188","https://www.maxpreps.com/wi/football/game/montello-vs-st-johns-northwestern-military-academy-delafield/9-18-2026/?c=8719dfef-9af2-4031-89a8-608f49896188","/football/wi/17a3?9/18/2026","Hilltoppers","Lancers","https://www.maxpreps.com/wi/montello/football/","https://www.maxpreps.com/wi/st-johns-northwestern-military-academy-delafield/football/","https://hsfootball.net/proxy.php?url=https%3A%2F%2Fimage.maxpreps.io%2Fschool-mascot%2F8%2F3%2F6%2F836e8ae9-7be1-42f8-9a6d-824c1e233636.gif%3Fversion%3D636246738000000000%26amp%3Bwidth%3D128%26amp%3Bheight%3D128%26amp%3Bauto%3Dwebp%26amp%3Bformat%3Dpjpg","https://hsfootball.net/proxy.php?url=https%3A%2F%2Fimage.maxpreps.io%2Fschool-mascot%2F9%2F6%2Fc%2F96c01a4e-b1a7-45a7-a732-0c3eb7756edc.gif%3Fversion%3D634038374400000000%26amp%3Bwidth%3D128%26amp%3Bheight%3D128%26amp%3Bauto%3Dwebp%26amp%3Bformat%3Dpjpg"
10,"Riverside/Golda Meir vs Marshall/Carmen Science &amp; Tech Northwest/Milwaukee Juneau/Milwaukee School of Languages",Football,"Wisconsin",9/18/2026,6:00pm,"The Riverside/Golda Meir varsity football team has an away conference game @  Marshall/Carmen Science &amp; Tech Northwest/Milwaukee Juneau/Milwaukee School of Languages (Milwaukee, WI) on Friday, September 18 @ 6p.","/wi/football/game/marshall-carmen-science-and-tech-northwest-milwaukee-juneau-milwaukee-school-of-languages-vs-riverside-golda-meir-milwaukee/9-18-2026/?c=54b7c968-9575-4ff8-8f34-49f21ec39e03","https://www.maxpreps.com/wi/football/game/marshall-carmen-science-and-tech-northwest-milwaukee-juneau-milwaukee-school-of-languages-vs-riverside-golda-meir-milwaukee/9-18-2026/?c=54b7c968-9575-4ff8-8f34-49f21ec39e03","/football/wi/2f8b?9/18/2026","TBD","TBD","https://www.maxpreps.com/wi/marshall-carmen-science-and-tech-northwest-milwaukee-juneau-milwaukee-school-of-languages/football/","https://www.maxpreps.com/wi/riverside-golda-meir-milwaukee/football/","https://hsfootball.net/proxy.php?url=https%3A%2F%2Fimage.maxpreps.io%2Fschool-mascot%2Fd%2Fc%2Ff%2Fdcf7153f-754b-45f5-a9ee-4210cc3d582b.gif%3Fversion%3D638481608400000000%26amp%3Bwidth%3D128%26amp%3Bheight%3D128%26amp%3Bauto%3Dwebp%26amp%3Bformat%3Dpjpg","https://hsfootball.net/proxy.php?url=https%3A%2F%2Fimage.maxpreps.io%2Fschool-mascot%2Fd%2Fc%2Ff%2Fdcf7153f-754b-45f5-a9ee-4210cc3d582b.gif%3Fversion%3D638481608400000000%26amp%3Bwidth%3D64%26amp%3Bheight%3D64%26amp%3Bauto%3Dwebp%26amp%3Bformat%3Dpjpg"
11,"Calumet vs Menominee",Football,"Wisconsin",9/18/2026,7:00pm,"The Calumet varsity football team has an away conference game @  Menominee (MI) on Friday, September 18 @ 7p.","/mi/football/game/calumet-vs-menominee/9-18-2026/?c=1de59714-f6a0-41be-9ac8-14f3744940e0","https://www.maxpreps.com/mi/football/game/calumet-vs-menominee/9-18-2026/?c=1de59714-f6a0-41be-9ac8-14f3744940e0","/football/wi/7eb?9/18/2026","Copper Kings","Maroons","https://www.maxpreps.com/wi/calumet/football/","https://www.maxpreps.com/wi/menominee/football/","https://hsfootball.net/proxy.php?url=https%3A%2F%2Fimage.maxpreps.io%2Fschool-mascot%2F1%2F6%2F1%2F161c4fc3-964d-4d10-a2e9-7b2f5b9b0a93.gif%3Fversion%3D637037223000000000%26amp%3Bwidth%3D128%26amp%3Bheight%3D128%26amp%3Bauto%3Dwebp%26amp%3Bformat%3Dpjpg","https://hsfootball.net/proxy.php?url=https%3A%2F%2Fimage.maxpreps.io%2Fschool-mascot%2F4%2F0%2F1%2F401150df-dbab-4469-bb65-933b5e49b980.gif%3Fversion%3D635512134000000000%26amp%3Bwidth%3D128%26amp%3Bheight%3D128%26amp%3Bauto%3Dwebp%26amp%3Bformat%3Dpjpg"
12,"Kenosha Tremper vs Kenosha Bradford",Football,"Wisconsin",9/18/2026,6:00pm,"The Kenosha Tremper varsity football team has an away conference game @  Kenosha Bradford (Kenosha, WI) on Friday, September 18 @ 6p.","/wi/football/game/kenosha-bradford-vs-kenosha-tremper/9-18-2026/?c=93cf7399-f393-4532-a81b-5bead2c7b4f6","https://www.maxpreps.com/wi/football/game/kenosha-bradford-vs-kenosha-tremper/9-18-2026/?c=93cf7399-f393-4532-a81b-5bead2c7b4f6","/football/wi/db2?9/18/2026","Trojans","Devils","https://www.maxpreps.com/wi/kenosha-bradford/football/","https://www.maxpreps.com/wi/kenosha-tremper/football/","https://hsfootball.net/proxy.php?url=https%3A%2F%2Fimage.maxpreps.io%2Fschool-mascot%2Ff%2F4%2F5%2Ff4500f40-1368-438a-a19d-2598a1ba3ce9.gif%3Fversion%3D636262022400000000%26amp%3Bwidth%3D128%26amp%3Bheight%3D128%26amp%3Bauto%3Dwebp%26amp%3Bformat%3Dpjpg","https://hsfootball.net/proxy.php?url=https%3A%2F%2Fimage.maxpreps.io%2Fschool-mascot%2Fc%2F7%2F9%2Fc79c442e-7042-48c8-a4ea-29ae86c23275.gif%3Fversion%3D638642469814474050%26amp%3Bwidth%3D128%26amp%3Bheight%3D128%26amp%3Bauto%3Dwebp%26amp%3Bformat%3Dpjpg"
13,"Wisconsin Heights vs Wonewoc-Center",Football,"Wisconsin",9/18/2026,7:00pm,"The Wisconsin Heights varsity football team has an away non-conference game @  Wonewoc-Center (Wonewoc, WI) on Friday, September 18 @ 7p.","/wi/football/game/wisconsin-heights-mazomanie-vs-wonewoc-center/9-18-2026/?c=ed24d719-6bd1-4f82-9b93-c94ae893506e","https://www.maxpreps.com/wi/football/game/wisconsin-heights-mazomanie-vs-wonewoc-center/9-18-2026/?c=ed24d719-6bd1-4f82-9b93-c94ae893506e","/football/wi/11d7?9/18/2026","Vanguards","Wolves","https://www.maxpreps.com/wi/wisconsin-heights-mazomanie/football/","https://www.maxpreps.com/wi/wonewoc-center/football/","https://hsfootball.net/proxy.php?url=https%3A%2F%2Fimage.maxpreps.io%2Fschool-mascot%2F1%2F0%2Ff%2F10f9745b-01c2-4542-bb37-20a4ad9ad977.gif%3Fversion%3D635163954000000000%26amp%3Bwidth%3D128%26amp%3Bheight%3D128%26amp%3Bauto%3Dwebp%26amp%3Bformat%3Dpjpg","https://hsfootball.net/proxy.php?url=https%3A%2F%2Fimage.maxpreps.io%2Fschool-mascot%2F9%2F5%2F0%2F95078b5c-0ae6-406a-b59f-4f76ed24387d.gif%3Fversion%3D636857301600000000%26amp%3Bwidth%3D128%26amp%3Bheight%3D128%26amp%3Bauto%3Dwebp%26amp%3Bformat%3Dpjpg"
14,"Waterford vs Westosha Central",Football,"Wisconsin",9/18/2026,7:00pm,"The Waterford varsity football team has an away conference game @  Westosha Central (Salem, WI) on Friday, September 18 @ 7p.","/wi/football/game/waterford-vs-westosha-central-salem/9-18-2026/?c=b456b466-506d-4455-b495-c06500cb67bc","https://www.maxpreps.com/wi/football/game/waterford-vs-westosha-central-salem/9-18-2026/?c=b456b466-506d-4455-b495-c06500cb67bc","/football/wi/dd4?9/18/2026","Wolverines","Falcons","https://www.maxpreps.com/wi/waterford/football/","https://www.maxpreps.com/wi/westosha-central-salem/football/","https://hsfootball.net/proxy.php?url=https%3A%2F%2Fimage.maxpreps.io%2Fschool-mascot%2F5%2F7%2Fd%2F57d0cfa3-5587-41fb-9a4d-ae6746cb6f3c.gif%3Fversion%3D637625382000000000%26amp%3Bwidth%3D128%26amp%3Bheight%3D128%26amp%3Bauto%3Dwebp%26amp%3Bformat%3Dpjpg","https://hsfootball.net/proxy.php?url=https%3A%2F%2Fimage.maxpreps.io%2Fschool-mascot%2Fc%2F3%2F6%2Fc3694989-a2de-4ed5-b448-6c4d36cc2264.gif%3Fversion%3D635785875600000000%26amp%3Bwidth%3D128%26amp%3Bheight%3D128%26amp%3Bauto%3Dwebp%26amp%3Bformat%3Dpjpg"
15,"Aquinas vs Gale-Ettrick-Trempealeau",Football,"Wisconsin",9/18/2026,7:00pm,"The Aquinas varsity football team has an away conference game @  Gale-Ettrick-Trempealeau (Galesville, WI) on Friday, September 18 @ 7p.","/wi/football/game/aquinas-la-crosse-vs-gale-ettrick-trempealeau-galesville/9-18-2026/?c=94d966f8-62a6-496c-bd8c-097487adaf37","https://www.maxpreps.com/wi/football/game/aquinas-la-crosse-vs-gale-ettrick-trempealeau-galesville/9-18-2026/?c=94d966f8-62a6-496c-bd8c-097487adaf37","/football/wi/15be?9/18/2026","Blugolds","Red Hawks","https://www.maxpreps.com/wi/aquinas-la-crosse/football/","https://www.maxpreps.com/wi/gale-ettrick-trempealeau-galesville/football/","https://hsfootball.net/proxy.php?url=https%3A%2F%2Fimage.maxpreps.io%2Fschool-mascot%2F6%2F8%2Fc%2F68c31bfe-421b-46a7-a282-c4cfa42d9b67.gif%3Fversion%3D637546265400000000%26amp%3Bwidth%3D128%26amp%3Bheight%3D128%26amp%3Bauto%3Dwebp%26amp%3Bformat%3Dpjpg","https://hsfootball.net/proxy.php?url=https%3A%2F%2Fimage.maxpreps.io%2Fschool-mascot%2Fd%2Fc%2Fc%2Fdcc5e403-a013-445b-b5c2-65219f779f56.gif%3Fversion%3D636241330800000000%26amp%3Bwidth%3D128%26amp%3Bheight%3D128%26amp%3Bauto%3Dwebp%26amp%3Bformat%3Dpjpg"
16,"Pittsville vs Auburndale",Football,"Wisconsin",9/18/2026,7:00pm,"The Pittsville varsity football team has an away conference game @  Auburndale (WI) on Friday, September 18 @ 7p.","/wi/football/game/auburndale-vs-pittsville/9-18-2026/?c=f625c38b-1047-4b3f-80f9-a7404963bd0d","https://www.maxpreps.com/wi/football/game/auburndale-vs-pittsville/9-18-2026/?c=f625c38b-1047-4b3f-80f9-a7404963bd0d","/football/wi/9b6?9/18/2026","Panthers","Eagles","https://www.maxpreps.com/wi/auburndale/football/","https://www.maxpreps.com/wi/pittsville/football/","https://hsfootball.net/proxy.php?url=https%3A%2F%2Fimage.maxpreps.io%2Fschool-mascot%2Fa%2Fb%2Fd%2Fabdf92f3-1743-496e-829e-a9e114a8374f.gif%3Fversion%3D639128728106639760%26amp%3Bwidth%3D128%26amp%3Bheight%3D128%26amp%3Bauto%3Dwebp%26amp%3Bformat%3Dpjpg","https://hsfootball.net/proxy.php?url=https%3A%2F%2Fimage.maxpreps.io%2Fschool-mascot%2F6%2Ff%2Fb%2F6fb9c432-ac16-4248-99ae-09e1c242e261.gif%3Fversion%3D638924310660953940%26amp%3Bwidth%3D128%26amp%3Bheight%3D128%26amp%3Bauto%3Dwebp%26amp%3Bformat%3Dpjpg"
17,"D.C. Everest vs Eau Claire North",Football,"Wisconsin",9/18/2026,7:00pm,"The D.C. Everest varsity football team has an away conference game @  Eau Claire North (Eau Claire, WI) on Friday, September 18 @ 7p.","/wi/football/game/dc-everest-schofield-vs-eau-claire-north/9-18-2026/?c=e644e801-7eee-4aef-a945-030d285b4202","https://www.maxpreps.com/wi/football/game/dc-everest-schofield-vs-eau-claire-north/9-18-2026/?c=e644e801-7eee-4aef-a945-030d285b4202","/football/wi/f43?9/18/2026","Evergreens","Huskies","https://www.maxpreps.com/wi/dc-everest-schofield/football/","https://www.maxpreps.com/wi/eau-claire-north/football/","https://hsfootball.net/proxy.php?url=https%3A%2F%2Fimage.maxpreps.io%2Fschool-mascot%2F9%2Fd%2Fd%2F9dd08a71-7fdb-48dc-a42d-cea776c13878.gif%3Fversion%3D636093700200000000%26amp%3Bwidth%3D128%26amp%3Bheight%3D128%26amp%3Bauto%3Dwebp%26amp%3Bformat%3Dpjpg","https://hsfootball.net/proxy.php?url=https%3A%2F%2Fimage.maxpreps.io%2Fschool-mascot%2Fb%2F3%2F3%2Fb330f5d1-df70-4c22-818a-5a256bba8fa2.gif%3Fversion%3D638828180055748070%26amp%3Bwidth%3D128%26amp%3Bheight%3D128%26amp%3Bauto%3Dwebp%26amp%3Bformat%3Dpjpg"
18,"Menominee Nation vs Wild Rose",Football,"Wisconsin",9/18/2026,7:00pm,"The Menominee Nation varsity football team has an away conference game @  Wild Rose (WI) on Friday, September 18 @ 7p.","/wi/football/game/menominee-nation-keshena-vs-wild-rose/9-18-2026/?c=e4bea5dd-de74-4a17-9734-15f44bf591b6","https://www.maxpreps.com/wi/football/game/menominee-nation-keshena-vs-wild-rose/9-18-2026/?c=e4bea5dd-de74-4a17-9734-15f44bf591b6","/football/wi/e58?9/18/2026","Eagles","Wildcats","https://www.maxpreps.com/wi/menominee-nation-keshena/football/","https://www.maxpreps.com/wi/wild-rose/football/","https://hsfootball.net/proxy.php?url=https%3A%2F%2Fimage.maxpreps.io%2Fschool-mascot%2Fc%2F4%2F6%2Fc4668fa2-ea24-4f7f-9c16-2860b2b2fc9c.gif%3Fversion%3D637000907400000000%26amp%3Bwidth%3D128%26amp%3Bheight%3D128%26amp%3Bauto%3Dwebp%26amp%3Bformat%3Dpjpg","https://hsfootball.net/proxy.php?url=https%3A%2F%2Fimage.maxpreps.io%2Fschool-mascot%2F8%2F7%2F0%2F8704d89f-0178-4c1b-b4e8-5b19e862a25d.gif%3Fversion%3D634657074000000000%26amp%3Bwidth%3D128%26amp%3Bheight%3D128%26amp%3Bauto%3Dwebp%26amp%3Bformat%3Dpjpg"
19,"Turner vs Clinton",Football,"Wisconsin",9/18/2026,7:00pm,"The Turner varsity football team has an away conference game @  Clinton (WI) on Friday, September 18 @ 7p.","/wi/football/game/clinton-vs-turner-beloit/9-18-2026/?c=b62eec54-0dd7-40b0-9543-856b3eea032d","https://www.maxpreps.com/wi/football/game/clinton-vs-turner-beloit/9-18-2026/?c=b62eec54-0dd7-40b0-9543-856b3eea032d","/football/wi/986?9/18/2026","Trojans","Cougars","https://www.maxpreps.com/wi/clinton/football/","https://www.maxpreps.com/wi/turner-beloit/football/","https://hsfootball.net/proxy.php?url=https%3A%2F%2Fimage.maxpreps.io%2Fschool-mascot%2Fc%2F9%2F9%2Fc99f78b4-24bb-4c26-82de-87b28391f212.gif%3Fversion%3D636262021800000000%26amp%3Bwidth%3D128%26amp%3Bheight%3D128%26amp%3Bauto%3Dwebp%26amp%3Bformat%3Dpjpg","https://hsfootball.net/proxy.php?url=https%3A%2F%2Fimage.maxpreps.io%2Fschool-mascot%2F6%2F5%2F9%2F6595bbbc-a0fc-49ba-bcc9-d1f078f8ced9.gif%3Fversion%3D636787746000000000%26amp%3Bwidth%3D128%26amp%3Bheight%3D128%26amp%3Bauto%3Dwebp%26amp%3Bformat%3Dpjpg"
20,"Nicolet vs Plymouth",Football,"Wisconsin",9/18/2026,7:00pm,"The Nicolet varsity football team has an away conference game @  Plymouth (WI) on Friday, September 18 @ 7p.","/wi/football/game/nicolet-glendale-vs-plymouth/9-18-2026/?c=b8a447c0-8256-4b76-8ea0-73d9e969897a","https://www.maxpreps.com/wi/football/game/nicolet-glendale-vs-plymouth/9-18-2026/?c=b8a447c0-8256-4b76-8ea0-73d9e969897a","/football/wi/b1c?9/18/2026","Knights","Panthers","https://www.maxpreps.com/wi/nicolet-glendale/football/","https://www.maxpreps.com/wi/plymouth/football/","https://hsfootball.net/proxy.php?url=https%3A%2F%2Fimage.maxpreps.io%2Fschool-mascot%2F8%2F6%2Fb%2F86bdad89-7052-4694-84ef-7e7ad1d3a587.gif%3Fversion%3D636262021800000000%26amp%3Bwidth%3D128%26amp%3Bheight%3D128%26amp%3Bauto%3Dwebp%26amp%3Bformat%3Dpjpg","https://hsfootball.net/proxy.php?url=https%3A%2F%2Fimage.maxpreps.io%2Fschool-mascot%2F8%2Fd%2Fd%2F8dda82a1-256f-4993-b65a-402fb52a21cf.gif%3Fversion%3D635804260200000000%26amp%3Bwidth%3D128%26amp%3Bheight%3D128%26amp%3Bauto%3Dwebp%26amp%3Bformat%3Dpjpg"
21,"Niagara vs Sevastopol",Football,"Wisconsin",9/18/2026,7:00pm,"The Niagara varsity football team has an away non-conference game @  Sevastopol (Sturgeon Bay, WI) on Friday, September 18 @ 7p.","/wi/football/game/niagara-vs-sevastopol-sturgeon-bay/9-18-2026/?c=1cc950c5-f6de-4e91-ad18-ac37eeff796e","https://www.maxpreps.com/wi/football/game/niagara-vs-sevastopol-sturgeon-bay/9-18-2026/?c=1cc950c5-f6de-4e91-ad18-ac37eeff796e","/football/wi/d73?9/18/2026","Badgers","Pioneers","https://www.maxpreps.com/wi/niagara/football/","https://www.maxpreps.com/wi/sevastopol-sturgeon-bay/football/","https://hsfootball.net/proxy.php?url=https%3A%2F%2Fimage.maxpreps.io%2Fschool-mascot%2F8%2Ff%2Fc%2F8fc2f436-e1b6-456e-b588-b30c05f8e980.gif%3Fversion%3D636238788000000000%26amp%3Bwidth%3D128%26amp%3Bheight%3D128%26amp%3Bauto%3Dwebp%26amp%3Bformat%3Dpjpg","https://hsfootball.net/proxy.php?url=https%3A%2F%2Fimage.maxpreps.io%2Fschool-mascot%2Fd%2F8%2F1%2Fd8178770-800f-4d8a-a04f-89cf48b84f50.gif%3Fversion%3D635035473000000000%26amp%3Bwidth%3D128%26amp%3Bheight%3D128%26amp%3Bauto%3Dwebp%26amp%3Bformat%3Dpjpg"
22,"Holmen vs Reedsburg",Football,"Wisconsin",9/18/2026,7:00pm,"The Holmen varsity football team has an away conference game @  Reedsburg (WI) on Friday, September 18 @ 7p.","/wi/football/game/holmen-vs-reedsburg/9-18-2026/?c=e8d26cee-b709-4044-99bf-081d2ddc1492","https://www.maxpreps.com/wi/football/game/holmen-vs-reedsburg/9-18-2026/?c=e8d26cee-b709-4044-99bf-081d2ddc1492","/football/wi/789?9/18/2026","Vikings","Beavers","https://www.maxpreps.com/wi/holmen/football/","https://www.maxpreps.com/wi/reedsburg/football/","https://hsfootball.net/proxy.php?url=https%3A%2F%2Fimage.maxpreps.io%2Fschool-mascot%2F9%2F7%2F7%2F977709c7-c5c7-4cbb-8559-5c1a1eb1e6b2.gif%3Fversion%3D636262021800000000%26amp%3Bwidth%3D128%26amp%3Bheight%3D128%26amp%3Bauto%3Dwebp%26amp%3Bformat%3Dpjpg","https://hsfootball.net/proxy.php?url=https%3A%2F%2Fimage.maxpreps.io%2Fschool-mascot%2Fd%2Fa%2F2%2Fda244533-908c-4c27-aff2-223ddd9dfab6.gif%3Fversion%3D636238788600000000%26amp%3Bwidth%3D128%26amp%3Bheight%3D128%26amp%3Bauto%3Dwebp%26amp%3Bformat%3Dpjpg"
23,"Wisconsin Rapids Lincoln vs Marshfield",Football,"Wisconsin",9/18/2026,7:00pm,"The Wisconsin Rapids Lincoln varsity football team has an away conference game @  Marshfield (WI) on Friday, September 18 @ 7p.","/wi/football/game/marshfield-vs-wisconsin-rapids-lincoln/9-18-2026/?c=1b49e4d8-7cd0-4792-b2eb-1d028f189078","https://www.maxpreps.com/wi/football/game/marshfield-vs-wisconsin-rapids-lincoln/9-18-2026/?c=1b49e4d8-7cd0-4792-b2eb-1d028f189078","/football/wi/f0b?9/18/2026","Red Raiders","Tigers","https://www.maxpreps.com/wi/marshfield/football/","https://www.maxpreps.com/wi/wisconsin-rapids-lincoln/football/","https://hsfootball.net/proxy.php?url=https%3A%2F%2Fimage.maxpreps.io%2Fschool-mascot%2Ff%2Ff%2F6%2Fff6d6fa2-670f-4418-99ff-f07fef3dfa31.gif%3Fversion%3D636246738600000000%26amp%3Bwidth%3D128%26amp%3Bheight%3D128%26amp%3Bauto%3Dwebp%26amp%3Bformat%3Dpjpg","https://hsfootball.net/proxy.php?url=https%3A%2F%2Fimage.maxpreps.io%2Fschool-mascot%2F7%2Fd%2Fd%2F7ddc2e2e-a872-48e1-a85f-3a02d9b85d33.gif%3Fversion%3D635925280800000000%26amp%3Bwidth%3D128%26amp%3Bheight%3D128%26amp%3Bauto%3Dwebp%26amp%3Bformat%3Dpjpg"
24,"Hiawatha vs South Beloit",Football,"Wisconsin",9/18/2026,7:00pm,"The Hiawatha varsity football team has an away conference game @  South Beloit (IL) on Friday, September 18 @ 7p.","/il/football/game/hiawatha-kirkland-vs-south-beloit/9-18-2026/?c=caa1aedf-9bf3-4946-acad-fec572a42e02","https://www.maxpreps.com/il/football/game/hiawatha-kirkland-vs-south-beloit/9-18-2026/?c=caa1aedf-9bf3-4946-acad-fec572a42e02","/football/wi/ce6?9/18/2026","Hawks","Sobos","https://www.maxpreps.com/wi/hiawatha-kirkland/football/","https://www.maxpreps.com/wi/south-beloit/football/","https://hsfootball.net/proxy.php?url=https%3A%2F%2Fimage.maxpreps.io%2Fschool-mascot%2F9%2F4%2Fe%2F94e6ec31-7f74-44bb-9cf3-ee835d01d73f.gif%3Fversion%3D636142044000000000%26amp%3Bwidth%3D128%26amp%3Bheight%3D128%26amp%3Bauto%3Dwebp%26amp%3Bformat%3Dpjpg","https://hsfootball.net/proxy.php?url=https%3A%2F%2Fimage.maxpreps.io%2Fschool-mascot%2F1%2F3%2F1%2F1319063c-3d9b-4ddf-9cf5-c7aa4cc427ab.gif%3Fversion%3D636083991600000000%26amp%3Bwidth%3D128%26amp%3Bheight%3D128%26amp%3Bauto%3Dwebp%26amp%3Bformat%3Dpjpg"
25,"Wausau West vs Stevens Point",Football,"Wisconsin",9/18/2026,7:00pm,"The Wausau West varsity football team has an away conference game @  Stevens Point (WI) on Friday, September 18 @ 7p.","/wi/football/game/stevens-point-vs-wausau-west/9-18-2026/?c=4cdd4a02-7673-4fa8-8bc5-fd4b36a8a95a","https://www.maxpreps.com/wi/football/game/stevens-point-vs-wausau-west/9-18-2026/?c=4cdd4a02-7673-4fa8-8bc5-fd4b36a8a95a","/football/wi/b28?9/18/2026","Warriors","Panthers","https://www.maxpreps.com/wi/stevens-point/football/","https://www.maxpreps.com/wi/wausau-west/football/","https://hsfootball.net/proxy.php?url=https%3A%2F%2Fimage.maxpreps.io%2Fschool-mascot%2F9%2F1%2F3%2F913cf454-1ca9-4ca8-baf0-ef9cd4d92190.gif%3Fversion%3D636246738000000000%26amp%3Bwidth%3D128%26amp%3Bheight%3D128%26amp%3Bauto%3Dwebp%26amp%3Bformat%3Dpjpg","https://hsfootball.net/proxy.php?url=https%3A%2F%2Fimage.maxpreps.io%2Fschool-mascot%2Fb%2F1%2F8%2Fb18b3c83-8b00-45e5-aeab-e5baebfa04ee.gif%3Fversion%3D635584723800000000%26amp%3Bwidth%3D128%26amp%3Bheight%3D128%26amp%3Bauto%3Dwebp%26amp%3Bformat%3Dpjpg"
26,"Wonewoc-Center vs Belmont",Football,"Wisconsin",9/18/2026,7:00pm,"The Wonewoc-Center varsity football team has an away conference game @  Belmont (WI) on Friday, September 18 @ 7p.","/wi/football/game/belmont-vs-wonewoc-center/9-18-2026/?c=aab33e9f-787c-4d30-afc3-cfd8276080b8","https://www.maxpreps.com/wi/football/game/belmont-vs-wonewoc-center/9-18-2026/?c=aab33e9f-787c-4d30-afc3-cfd8276080b8","/football/wi/9e4?9/18/2026","Wolves","Braves","https://www.maxpreps.com/wi/belmont/football/","https://www.maxpreps.com/wi/wonewoc-center/football/","https://hsfootball.net/proxy.php?url=https%3A%2F%2Fimage.maxpreps.io%2Fschool-mascot%2F9%2F5%2F0%2F95078b5c-0ae6-406a-b59f-4f76ed24387d.gif%3Fversion%3D636857301600000000%26amp%3Bwidth%3D128%26amp%3Bheight%3D128%26amp%3Bauto%3Dwebp%26amp%3Bformat%3Dpjpg","https://hsfootball.net/proxy.php?url=https%3A%2F%2Fimage.maxpreps.io%2Fschool-mascot%2Fe%2F7%2Ff%2Fe7fddf71-61b9-46a7-8c81-e698d1380941.gif%3Fversion%3D636112549800000000%26amp%3Bwidth%3D128%26amp%3Bheight%3D128%26amp%3Bauto%3Dwebp%26amp%3Bformat%3Dpjpg"
27,"Mellen vs Shell Lake",Football,"Wisconsin",9/18/2026,7:00pm,"The Mellen varsity football team has an away non-conference game @  Shell Lake (WI) on Friday, September 18 @ 7p.","/wi/football/game/mellen-vs-shell-lake/9-18-2026/?c=972286d2-d172-4dbc-9016-2fd2ea03104c","https://www.maxpreps.com/wi/football/game/mellen-vs-shell-lake/9-18-2026/?c=972286d2-d172-4dbc-9016-2fd2ea03104c","/football/wi/7a2?9/18/2026","Grainte Diggers","Lakers","https://www.maxpreps.com/wi/mellen/football/","https://www.maxpreps.com/wi/shell-lake/football/","https://hsfootball.net/proxy.php?url=https%3A%2F%2Fimage.maxpreps.io%2Fschool-mascot%2Fa%2F6%2F4%2Fa64a357e-1a66-4274-be26-981a74f210cc.gif%3Fversion%3D636246738000000000%26amp%3Bwidth%3D128%26amp%3Bheight%3D128%26amp%3Bauto%3Dwebp%26amp%3Bformat%3Dpjpg","https://hsfootball.net/proxy.php?url=https%3A%2F%2Fimage.maxpreps.io%2Fschool-mascot%2F9%2Fa%2F5%2F9a5d2c8d-429b-46a7-b228-24e42b7f1b13.gif%3Fversion%3D636395037000000000%26amp%3Bwidth%3D128%26amp%3Bheight%3D128%26amp%3Bauto%3Dwebp%26amp%3Bformat%3Dpjpg"
28,"Wauwatosa East vs Wauwatosa West",Football,"Wisconsin",9/18/2026,7:00pm,"The Wauwatosa East varsity football team has an away conference game @  Wauwatosa West (Wauwatosa, WI) on Friday, September 18 @ 7p.","/wi/football/game/wauwatosa-east-vs-wauwatosa-west/9-18-2026/?c=e57832d0-4f5e-4064-9642-f0affffa42e5","https://www.maxpreps.com/wi/football/game/wauwatosa-east-vs-wauwatosa-west/9-18-2026/?c=e57832d0-4f5e-4064-9642-f0affffa42e5","/football/wi/cc5?9/18/2026","Red Raiders","Trojans","https://www.maxpreps.com/wi/wauwatosa-east/football/","https://www.maxpreps.com/wi/wauwatosa-west/football/","https://hsfootball.net/proxy.php?url=https%3A%2F%2Fimage.maxpreps.io%2Fschool-mascot%2Fb%2F7%2F6%2Fb76b7b99-8bee-498b-9ef5-390ce3839e3b.gif%3Fversion%3D636262021800000000%26amp%3Bwidth%3D128%26amp%3Bheight%3D128%26amp%3Bauto%3Dwebp%26amp%3Bformat%3Dpjpg","https://hsfootball.net/proxy.php?url=https%3A%2F%2Fimage.maxpreps.io%2Fschool-mascot%2F9%2F3%2F9%2F9392ea08-4871-43b8-b141-4b68ff84a5a9.gif%3Fversion%3D636413467800000000%26amp%3Bwidth%3D128%26amp%3Bheight%3D128%26amp%3Bauto%3Dwebp%26amp%3Bformat%3Dpjpg"
29,"Mineral Point vs New Glarus",Football,"Wisconsin",9/18/2026,7:00pm,"The Mineral Point varsity football team has an away non-conference game @  New Glarus (WI) on Friday, September 18 @ 7p.","/wi/football/game/mineral-point-vs-new-glarus/9-18-2026/?c=de0f0a34-f819-42f0-979d-b501184b314e","https://www.maxpreps.com/wi/football/game/mineral-point-vs-new-glarus/9-18-2026/?c=de0f0a34-f819-42f0-979d-b501184b314e","/football/wi/a87?9/18/2026","Pointers","Knights","https://www.maxpreps.com/wi/mineral-point/football/","https://www.maxpreps.com/wi/new-glarus/football/","https://hsfootball.net/proxy.php?url=https%3A%2F%2Fimage.maxpreps.io%2Fschool-mascot%2F6%2F2%2F9%2F629275d2-dce5-4317-a037-1a801e75358f.gif%3Fversion%3D639128704270326170%26amp%3Bwidth%3D128%26amp%3Bheight%3D128%26amp%3Bauto%3Dwebp%26amp%3Bformat%3Dpjpg","https://hsfootball.net/proxy.php?url=https%3A%2F%2Fimage.maxpreps.io%2Fschool-mascot%2F7%2F4%2F8%2F74872007-9995-43b5-9746-8bbf1655951d.gif%3Fversion%3D638924987150843930%26amp%3Bwidth%3D128%26amp%3Bheight%3D128%26amp%3Bauto%3Dwebp%26amp%3Bformat%3Dpjpg"
30,"Highland vs De Soto",Football,"Wisconsin",9/18/2026,7:00pm,"The Highland varsity football team has an away conference game @  De Soto (WI) on Friday, September 18 @ 7p.","/wi/football/game/de-soto-vs-highland/9-18-2026/?c=df7990b2-27c6-47b9-a189-00272bae0f23","https://www.maxpreps.com/wi/football/game/de-soto-vs-highland/9-18-2026/?c=df7990b2-27c6-47b9-a189-00272bae0f23","/football/wi/73d?9/18/2026","Cardinals","Pirates","https://www.maxpreps.com/wi/de-soto/football/","https://www.maxpreps.com/wi/highland/football/","https://hsfootball.net/proxy.php?url=https%3A%2F%2Fimage.maxpreps.io%2Fschool-mascot%2F5%2F7%2F1%2F57185e9d-05b9-42de-ac14-1b4139a9351f.gif%3Fversion%3D639128784380534680%26amp%3Bwidth%3D128%26amp%3Bheight%3D128%26amp%3Bauto%3Dwebp%26amp%3Bformat%3Dpjpg","https://hsfootball.net/proxy.php?url=https%3A%2F%2Fimage.maxpreps.io%2Fschool-mascot%2Ff%2Fa%2F9%2Ffa94e75e-8e8f-4cae-9072-78aa828cc7ef.gif%3Fversion%3D636700905000000000%26amp%3Bwidth%3D128%26amp%3Bheight%3D128%26amp%3Bauto%3Dwebp%26amp%3Bformat%3Dpjpg"
31,"McDonell Central vs Glenwood City",Football,"Wisconsin",9/18/2026,7:00pm,"The McDonell Central varsity football team has an away non-conference game @  Glenwood City (WI) on Friday, September 18 @ 7p.","/wi/football/game/glenwood-city-vs-mcdonell-central-chippewa-falls/9-18-2026/?c=32700a57-ecc6-4cbe-ae51-9792b82d4691","https://www.maxpreps.com/wi/football/game/glenwood-city-vs-mcdonell-central-chippewa-falls/9-18-2026/?c=32700a57-ecc6-4cbe-ae51-9792b82d4691","/football/wi/12a9?9/18/2026","Macks","Hilltoppers","https://www.maxpreps.com/wi/glenwood-city/football/","https://www.maxpreps.com/wi/mcdonell-central-chippewa-falls/football/","https://hsfootball.net/proxy.php?url=https%3A%2F%2Fimage.maxpreps.io%2Fschool-mascot%2F9%2F5%2F0%2F9508e9e7-4186-4a42-a4f2-65a44614dc3e.gif%3Fversion%3D636241330200000000%26amp%3Bwidth%3D128%26amp%3Bheight%3D128%26amp%3Bauto%3Dwebp%26amp%3Bformat%3Dpjpg","https://hsfootball.net/proxy.php?url=https%3A%2F%2Fimage.maxpreps.io%2Fschool-mascot%2Fb%2Ff%2Fa%2Fbfa69e28-54d8-4ce0-bfe0-52419a7cb155.gif%3Fversion%3D636096129000000000%26amp%3Bwidth%3D128%26amp%3Bheight%3D128%26amp%3Bauto%3Dwebp%26amp%3Bformat%3Dpjpg"
32,"Wabeno/Laona vs Phillips",Football,"Wisconsin",9/18/2026,7:00pm,"The Wabeno/Laona varsity football team has an away conference game @  Phillips (WI) on Friday, September 18 @ 7p.","/wi/football/game/phillips-vs-wabeno-laona/9-18-2026/?c=6dc633f9-a271-4316-8448-c1569b748f71","https://www.maxpreps.com/wi/football/game/phillips-vs-wabeno-laona/9-18-2026/?c=6dc633f9-a271-4316-8448-c1569b748f71","/football/wi/95c?9/18/2026","Rebels","Loggers","https://www.maxpreps.com/wi/phillips/football/","https://www.maxpreps.com/wi/wabeno-laona/football/","https://hsfootball.net/proxy.php?url=https%3A%2F%2Fimage.maxpreps.io%2Fschool-mascot%2F6%2F4%2Ff%2F64f6f660-96aa-46bd-9dc7-fb57c5f7924a.gif%3Fversion%3D637069014600000000%26amp%3Bwidth%3D128%26amp%3Bheight%3D128%26amp%3Bauto%3Dwebp%26amp%3Bformat%3Dpjpg","https://hsfootball.net/proxy.php?url=https%3A%2F%2Fimage.maxpreps.io%2Fschool-mascot%2F7%2Fa%2F4%2F7a4f9dc5-8908-4cd7-a462-df69ca9593b9.gif%3Fversion%3D639128895707732360%26amp%3Bwidth%3D128%26amp%3Bheight%3D128%26amp%3Bauto%3Dwebp%26amp%3Bformat%3Dpjpg"
33,"South Milwaukee vs West Allis Hale",Football,"Wisconsin",9/18/2026,7:00pm,"The South Milwaukee varsity football team has an away non-conference game @  West Allis Hale (West Allis, WI) on Friday, September 18 @ 7p.","/wi/football/game/south-milwaukee-vs-west-allis-hale/9-18-2026/?c=867caf08-e538-4978-b6e3-27761c82e3cf","https://www.maxpreps.com/wi/football/game/south-milwaukee-vs-west-allis-hale/9-18-2026/?c=867caf08-e538-4978-b6e3-27761c82e3cf","/football/wi/d33?9/18/2026","Rockets","Huskies","https://www.maxpreps.com/wi/south-milwaukee/football/","https://www.maxpreps.com/wi/west-allis-hale/football/","https://hsfootball.net/proxy.php?url=https%3A%2F%2Fimage.maxpreps.io%2Fschool-mascot%2F6%2F7%2Fd%2F67dc9065-1a64-4a07-927c-d9a89815f89a.gif%3Fversion%3D636246738000000000%26amp%3Bwidth%3D128%26amp%3Bheight%3D128%26amp%3Bauto%3Dwebp%26amp%3Bformat%3Dpjpg","https://hsfootball.net/proxy.php?url=https%3A%2F%2Fimage.maxpreps.io%2Fschool-mascot%2Fa%2F1%2F8%2Fa1824188-4cf2-4360-85f8-f72ecda87afa.gif%3Fversion%3D636085807200000000%26amp%3Bwidth%3D128%26amp%3Bheight%3D128%26amp%3Bauto%3Dwebp%26amp%3Bformat%3Dpjpg"
34,"Kettle Moraine Lutheran vs West Bend East",Football,"Wisconsin",9/18/2026,7:00pm,"The Kettle Moraine Lutheran varsity football team has an away non-conference game @  West Bend East (West Bend, WI) on Friday, September 18 @ 7p.","/wi/football/game/kettle-moraine-lutheran-jackson-vs-west-bend-east/9-18-2026/?c=87c00ab5-cb8f-4fad-8e22-e56669ff4263","https://www.maxpreps.com/wi/football/game/kettle-moraine-lutheran-jackson-vs-west-bend-east/9-18-2026/?c=87c00ab5-cb8f-4fad-8e22-e56669ff4263","/football/wi/12ed?9/18/2026","Chargers","Suns","https://www.maxpreps.com/wi/kettle-moraine-lutheran-jackson/football/","https://www.maxpreps.com/wi/west-bend-east/football/","https://hsfootball.net/proxy.php?url=https%3A%2F%2Fimage.maxpreps.io%2Fschool-mascot%2F7%2F1%2F9%2F71936966-d444-4d32-ab8e-a01a9793440e.gif%3Fversion%3D638924964515087250%26amp%3Bwidth%3D128%26amp%3Bheight%3D128%26amp%3Bauto%3Dwebp%26amp%3Bformat%3Dpjpg","https://hsfootball.net/proxy.php?url=https%3A%2F%2Fimage.maxpreps.io%2Fschool-mascot%2F6%2F7%2F0%2F670a1721-4177-491e-b939-55cbbbfa12f1.gif%3Fversion%3D637417444800000000%26amp%3Bwidth%3D128%26amp%3Bheight%3D128%26amp%3Bauto%3Dwebp%26amp%3Bformat%3Dpjpg"
35,"Sparta vs Tomah",Football,"Wisconsin",9/18/2026,7:00pm,"The Sparta varsity football team has an away conference game @  Tomah (WI) on Friday, September 18 @ 7p.","/wi/football/game/sparta-vs-tomah/9-18-2026/?c=902a7f93-5fbb-437f-b310-d72dc7323662","https://www.maxpreps.com/wi/football/game/sparta-vs-tomah/9-18-2026/?c=902a7f93-5fbb-437f-b310-d72dc7323662","/football/wi/5e7?9/18/2026","Spartans","Timberwolves","https://www.maxpreps.com/wi/sparta/football/","https://www.maxpreps.com/wi/tomah/football/","https://hsfootball.net/proxy.php?url=https%3A%2F%2Fimage.maxpreps.io%2Fschool-mascot%2Fd%2F9%2F2%2Fd924f716-ad48-4a52-bd65-08a30dc3bc44.gif%3Fversion%3D634684449600000000%26amp%3Bwidth%3D128%26amp%3Bheight%3D128%26amp%3Bauto%3Dwebp%26amp%3Bformat%3Dpjpg","https://hsfootball.net/proxy.php?url=https%3A%2F%2Fimage.maxpreps.io%2Fschool-mascot%2F6%2Fe%2F5%2F6e50ca29-3264-4c04-8cc1-1322bfebeff9.gif%3Fversion%3D636851381400000000%26amp%3Bwidth%3D128%26amp%3Bheight%3D128%26amp%3Bauto%3Dwebp%26amp%3Bformat%3Dpjpg"
36,"Somerset vs Osceola",Football,"Wisconsin",9/18/2026,7:00pm,"The Somerset varsity football team has an away conference game @  Osceola (WI) on Friday, September 18 @ 7p.","/wi/football/game/osceola-vs-somerset/9-18-2026/?c=e7a31aca-9be6-4890-8a7e-d5f6c579fc7e","https://www.maxpreps.com/wi/football/game/osceola-vs-somerset/9-18-2026/?c=e7a31aca-9be6-4890-8a7e-d5f6c579fc7e","/football/wi/79b?9/18/2026","Spartans","Chieftains","https://www.maxpreps.com/wi/osceola/football/","https://www.maxpreps.com/wi/somerset/football/","https://hsfootball.net/proxy.php?url=https%3A%2F%2Fimage.maxpreps.io%2Fschool-mascot%2Ff%2F5%2Fa%2Ff5a8dc4c-c782-4859-8ff8-fbd06a96de2a.gif%3Fversion%3D637171929600000000%26amp%3Bwidth%3D128%26amp%3Bheight%3D128%26amp%3Bauto%3Dwebp%26amp%3Bformat%3Dpjpg","https://hsfootball.net/proxy.php?url=https%3A%2F%2Fimage.maxpreps.io%2Fschool-mascot%2F6%2Fa%2F2%2F6a2dba4b-82ea-470a-8688-776ab749f49d.gif%3Fversion%3D636075463200000000%26amp%3Bwidth%3D128%26amp%3Bheight%3D128%26amp%3Bauto%3Dwebp%26amp%3Bformat%3Dpjpg"
37,"Unity vs Ladysmith",Football,"Wisconsin",9/18/2026,7:00pm,"The Unity varsity football team has an away conference game @  Ladysmith (WI) on Friday, September 18 @ 7p.","/wi/football/game/ladysmith-vs-unity-balsam-lake/9-18-2026/?c=c2cd3f33-02f5-45b2-8d0a-0f7539abc0a0","https://www.maxpreps.com/wi/football/game/ladysmith-vs-unity-balsam-lake/9-18-2026/?c=c2cd3f33-02f5-45b2-8d0a-0f7539abc0a0","/football/wi/bb2?9/18/2026","Eagles","Lumberjacks","https://www.maxpreps.com/wi/ladysmith/football/","https://www.maxpreps.com/wi/unity-balsam-lake/football/","https://hsfootball.net/proxy.php?url=https%3A%2F%2Fimage.maxpreps.io%2Fschool-mascot%2F7%2F9%2Fc%2F79c6966d-3c85-476f-9b21-206e5a3fe316.gif%3Fversion%3D634689534600000000%26amp%3Bwidth%3D128%26amp%3Bheight%3D128%26amp%3Bauto%3Dwebp%26amp%3Bformat%3Dpjpg","https://hsfootball.net/proxy.php?url=https%3A%2F%2Fimage.maxpreps.io%2Fschool-mascot%2Ff%2Ff%2Fa%2Fffa626bf-99a7-46c4-82dd-a39612a34d52.gif%3Fversion%3D635115030000000000%26amp%3Bwidth%3D128%26amp%3Bheight%3D128%26amp%3Bauto%3Dwebp%26amp%3Bformat%3Dpjpg"
38,"Indian Trail vs Racine Park",Football,"Wisconsin",9/18/2026,7:00pm,"The Indian Trail varsity football team has an away conference game @  Racine Park (Racine, WI) on Friday, September 18 @ 7p.","/wi/football/game/indian-trail-kenosha-vs-racine-park/9-18-2026/?c=a9364d4a-ecdf-468c-a600-53271513432e","https://www.maxpreps.com/wi/football/game/indian-trail-kenosha-vs-racine-park/9-18-2026/?c=a9364d4a-ecdf-468c-a600-53271513432e","/football/wi/d62?9/18/2026","Hawks","Panthers","https://www.maxpreps.com/wi/indian-trail-kenosha/football/","https://www.maxpreps.com/wi/racine-park/football/","https://hsfootball.net/proxy.php?url=https%3A%2F%2Fimage.maxpreps.io%2Fschool-mascot%2F6%2Fd%2Ff%2F6dfac959-2df6-43a8-afc2-6e50d17cef3d.gif%3Fversion%3D637986740400000000%26amp%3Bwidth%3D128%26amp%3Bheight%3D128%26amp%3Bauto%3Dwebp%26amp%3Bformat%3Dpjpg","https://hsfootball.net/proxy.php?url=https%3A%2F%2Fimage.maxpreps.io%2Fschool-mascot%2Fc%2F4%2F8%2Fc481166a-bfed-4d00-a3d2-426d8d09f27e.gif%3Fversion%3D637981409400000000%26amp%3Bwidth%3D128%26amp%3Bheight%3D128%26amp%3Bauto%3Dwebp%26amp%3Bformat%3Dpjpg"
39,"Melrose-Mindoro vs Whitehall",Football,"Wisconsin",9/18/2026,7:00pm,"The Melrose-Mindoro varsity football team has an away conference game @  Whitehall (WI) on Friday, September 18 @ 7p.","/wi/football/game/melrose-mindoro-vs-whitehall/9-18-2026/?c=28e069b8-2e2c-4993-b1ac-baefc09c16e6","https://www.maxpreps.com/wi/football/game/melrose-mindoro-vs-whitehall/9-18-2026/?c=28e069b8-2e2c-4993-b1ac-baefc09c16e6","/football/wi/b21?9/18/2026","Mustangs","Vikings","https://www.maxpreps.com/wi/melrose-mindoro/football/","https://www.maxpreps.com/wi/whitehall/football/","https://hsfootball.net/proxy.php?url=https%3A%2F%2Fimage.maxpreps.io%2Fschool-mascot%2F7%2F8%2F7%2F7872576f-a0db-4af1-b7fc-c4b579821de4.gif%3Fversion%3D636246738000000000%26amp%3Bwidth%3D128%26amp%3Bheight%3D128%26amp%3Bauto%3Dwebp%26amp%3Bformat%3Dpjpg","https://hsfootball.net/proxy.php?url=https%3A%2F%2Fimage.maxpreps.io%2Fschool-mascot%2F5%2F9%2Fe%2F59eb39cd-9bd8-4550-aa63-a3ada9d0f1e2.gif%3Fversion%3D636246738000000000%26amp%3Bwidth%3D128%26amp%3Bheight%3D128%26amp%3Bauto%3Dwebp%26amp%3Bformat%3Dpjpg"
40,"Winnebago Lutheran Academy vs St. Mary&#x27;s Springs",Football,"Wisconsin",9/18/2026,7:00pm,"The Winnebago Lutheran Academy varsity football team has an away conference game @  St. Mary&#x27;s Springs (Fond du Lac, WI) on Friday, September 18 @ 7p.","/wi/football/game/st-marys-springs-fond-du-lac-vs-winnebago-lutheran-academy-fond-du-lac/9-18-2026/?c=4823813a-7cfc-4d88-af73-0cbcbb722094","https://www.maxpreps.com/wi/football/game/st-marys-springs-fond-du-lac-vs-winnebago-lutheran-academy-fond-du-lac/9-18-2026/?c=4823813a-7cfc-4d88-af73-0cbcbb722094","/football/wi/1a6f?9/18/2026","Vikings","The Ledger","https://www.maxpreps.com/wi/st-marys-springs-fond-du-lac/football/","https://www.maxpreps.com/wi/winnebago-lutheran-academy-fond-du-lac/football/","https://hsfootball.net/proxy.php?url=https%3A%2F%2Fimage.maxpreps.io%2Fschool-mascot%2F6%2F8%2Fc%2F68c9d970-c21a-43a9-8de2-6fa59ab50cb9.gif%3Fversion%3D636096234600000000%26amp%3Bwidth%3D128%26amp%3Bheight%3D128%26amp%3Bauto%3Dwebp%26amp%3Bformat%3Dpjpg","https://hsfootball.net/proxy.php?url=https%3A%2F%2Fimage.maxpreps.io%2Fschool-mascot%2Fd%2F9%2F3%2Fd9352d44-7e72-44d2-af8b-4e5952cb0542.gif%3Fversion%3D635531970600000000%26amp%3Bwidth%3D128%26amp%3Bheight%3D128%26amp%3Bauto%3Dwebp%26amp%3Bformat%3Dpjpg"
41,"Marinette vs Peshtigo",Football,"Wisconsin",9/18/2026,7:00pm,"The Marinette varsity football team has an away conference game @  Peshtigo (WI) on Friday, September 18 @ 7p.","/wi/football/game/marinette-vs-peshtigo/9-18-2026/?c=03844b99-c86c-417f-9856-80d5348800c8","https://www.maxpreps.com/wi/football/game/marinette-vs-peshtigo/9-18-2026/?c=03844b99-c86c-417f-9856-80d5348800c8","/football/wi/86f?9/18/2026","Marines","Bulldogs","https://www.maxpreps.com/wi/marinette/football/","https://www.maxpreps.com/wi/peshtigo/football/","https://hsfootball.net/proxy.php?url=https%3A%2F%2Fimage.maxpreps.io%2Fschool-mascot%2F6%2F4%2F8%2F6481f559-4c03-4fb9-b63c-d8bca99204ee.gif%3Fversion%3D635987287800000000%26amp%3Bwidth%3D128%26amp%3Bheight%3D128%26amp%3Bauto%3Dwebp%26amp%3Bformat%3Dpjpg","https://hsfootball.net/proxy.php?url=https%3A%2F%2Fimage.maxpreps.io%2Fschool-mascot%2Fc%2Fe%2Fd%2Fcedd1aed-02c3-4d7c-ba5c-524b35f13b51.gif%3Fversion%3D638911031947783440%26amp%3Bwidth%3D128%26amp%3Bheight%3D128%26amp%3Bauto%3Dwebp%26amp%3Bformat%3Dpjpg"
42,"Iowa-Grant vs Potosi/Cassville",Football,"Wisconsin",9/18/2026,7:00pm,"The Iowa-Grant varsity football team has an away conference game @  Potosi/Cassville (Potosi, WI) on Friday, September 18 @ 7p.","/wi/football/game/iowa-grant-livingston-vs-potosi-cassville/9-18-2026/?c=78be2218-2b0a-4aa3-a3ab-1df889df3fc6","https://www.maxpreps.com/wi/football/game/iowa-grant-livingston-vs-potosi-cassville/9-18-2026/?c=78be2218-2b0a-4aa3-a3ab-1df889df3fc6","/football/wi/1047?9/18/2026","Panthers","TBD","https://www.maxpreps.com/wi/iowa-grant-livingston/football/","https://www.maxpreps.com/wi/potosi-cassville/football/","https://hsfootball.net/proxy.php?url=https%3A%2F%2Fimage.maxpreps.io%2Fschool-mascot%2F6%2F5%2Fd%2F65d2968b-fe5d-4a23-b963-11f91a530722.gif%3Fversion%3D636246738000000000%26amp%3Bwidth%3D128%26amp%3Bheight%3D128%26amp%3Bauto%3Dwebp%26amp%3Bformat%3Dpjpg","https://hsfootball.net/proxy.php?url=https%3A%2F%2Fimage.maxpreps.io%2Fschool-mascot%2F6%2F7%2Fe%2F67e28651-2663-43b4-a972-69bef7ddb1ec.gif%3Fversion%3D639128726656465000%26amp%3Bwidth%3D128%26amp%3Bheight%3D128%26amp%3Bauto%3Dwebp%26amp%3Bformat%3Dpjpg"
43,"Sheboygan Falls vs Little Chute",Football,"Wisconsin",9/18/2026,7:00pm,"The Sheboygan Falls varsity football team has an away conference game @  Little Chute (WI) on Friday, September 18 @ 7p.","/wi/football/game/little-chute-vs-sheboygan-falls/9-18-2026/?c=8e97b7cd-e084-466f-b5b4-9c145df8904d","https://www.maxpreps.com/wi/football/game/little-chute-vs-sheboygan-falls/9-18-2026/?c=8e97b7cd-e084-466f-b5b4-9c145df8904d","/football/wi/c16?9/18/2026","Falcons","Mustangs","https://www.maxpreps.com/wi/little-chute/football/","https://www.maxpreps.com/wi/sheboygan-falls/football/","https://hsfootball.net/proxy.php?url=https%3A%2F%2Fimage.maxpreps.io%2Fschool-mascot%2F6%2F9%2Ff%2F69fde906-e292-44f8-a3db-541f79192992.gif%3Fversion%3D636246738000000000%26amp%3Bwidth%3D128%26amp%3Bheight%3D128%26amp%3Bauto%3Dwebp%26amp%3Bformat%3Dpjpg","https://hsfootball.net/proxy.php?url=https%3A%2F%2Fimage.maxpreps.io%2Fschool-mascot%2F9%2F8%2Fb%2F98bc0367-e338-493e-a6a0-752bfdf2e569.gif%3Fversion%3D636241330200000000%26amp%3Bwidth%3D128%26amp%3Bheight%3D128%26amp%3Bauto%3Dwebp%26amp%3Bformat%3Dpjpg"
44,"Cuba City vs Fennimore",Football,"Wisconsin",9/18/2026,7:00pm,"The Cuba City varsity football team has an away conference game @  Fennimore (WI) on Friday, September 18 @ 7p.","/wi/football/game/cuba-city-vs-fennimore/9-18-2026/?c=2005bb49-ff32-43f4-83e1-8a8277056ee9","https://www.maxpreps.com/wi/football/game/cuba-city-vs-fennimore/9-18-2026/?c=2005bb49-ff32-43f4-83e1-8a8277056ee9","/football/wi/887?9/18/2026","Cubans","Golden Eagles","https://www.maxpreps.com/wi/cuba-city/football/","https://www.maxpreps.com/wi/fennimore/football/","https://hsfootball.net/proxy.php?url=https%3A%2F%2Fimage.maxpreps.io%2Fschool-mascot%2Fe%2Fc%2F2%2Fec23cba4-a203-4712-a816-a2a8744a49c5.gif%3Fversion%3D635779996800000000%26amp%3Bwidth%3D128%26amp%3Bheight%3D128%26amp%3Bauto%3Dwebp%26amp%3Bformat%3Dpjpg","https://hsfootball.net/proxy.php?url=https%3A%2F%2Fimage.maxpreps.io%2Fschool-mascot%2F6%2F9%2Fb%2F69b85622-a1d9-434b-ac9f-6183355e0a44.gif%3Fversion%3D636246738000000000%26amp%3Bwidth%3D128%26amp%3Bheight%3D128%26amp%3Bauto%3Dwebp%26amp%3Bformat%3Dpjpg"
45,"Waukesha North vs Pewaukee",Football,"Wisconsin",9/18/2026,7:00pm,"The Waukesha North varsity football team has an away conference game @  Pewaukee (WI) on Friday, September 18 @ 7p.","/wi/football/game/pewaukee-vs-waukesha-north/9-18-2026/?c=9a4d1c91-6f12-4744-816a-d844553d88c7","https://www.maxpreps.com/wi/football/game/pewaukee-vs-waukesha-north/9-18-2026/?c=9a4d1c91-6f12-4744-816a-d844553d88c7","/football/wi/a4b?9/18/2026","Northstars","Pirates","https://www.maxpreps.com/wi/pewaukee/football/","https://www.maxpreps.com/wi/waukesha-north/football/","https://hsfootball.net/proxy.php?url=https%3A%2F%2Fimage.maxpreps.io%2Fschool-mascot%2Fc%2F4%2F0%2Fc4016045-6cd9-4a7b-84d2-fea4ff057d69.gif%3Fversion%3D636241330800000000%26amp%3Bwidth%3D128%26amp%3Bheight%3D128%26amp%3Bauto%3Dwebp%26amp%3Bformat%3Dpjpg","https://hsfootball.net/proxy.php?url=https%3A%2F%2Fimage.maxpreps.io%2Fschool-mascot%2F6%2Fb%2Fb%2F6bb5d135-f2ed-4fa9-a5d4-6b41e454e6b9.gif%3Fversion%3D636053774400000000%26amp%3Bwidth%3D128%26amp%3Bheight%3D128%26amp%3Bauto%3Dwebp%26amp%3Bformat%3Dpjpg"
46,"Cambridge vs Markesan",Football,"Wisconsin",9/18/2026,7:00pm,"The Cambridge varsity football team has an away conference game @  Markesan (WI) on Friday, September 18 @ 7p.","/wi/football/game/cambridge-vs-markesan/9-18-2026/?c=a7cd21db-49d5-494a-8257-10d44892c606","https://www.maxpreps.com/wi/football/game/cambridge-vs-markesan/9-18-2026/?c=a7cd21db-49d5-494a-8257-10d44892c606","/football/wi/833?9/18/2026","Bluejays","Hornets","https://www.maxpreps.com/wi/cambridge/football/","https://www.maxpreps.com/wi/markesan/football/","https://hsfootball.net/proxy.php?url=https%3A%2F%2Fimage.maxpreps.io%2Fschool-mascot%2F6%2F9%2F5%2F69521a45-30e7-4807-b6df-28b1afc08750.gif%3Fversion%3D636246738000000000%26amp%3Bwidth%3D128%26amp%3Bheight%3D128%26amp%3Bauto%3Dwebp%26amp%3Bformat%3Dpjpg","https://hsfootball.net/proxy.php?url=https%3A%2F%2Fimage.maxpreps.io%2Fschool-mascot%2Fa%2F3%2F8%2Fa381be04-268e-4785-ab50-3990ebc07665.gif%3Fversion%3D635168899200000000%26amp%3Bwidth%3D128%26amp%3Bheight%3D128%26amp%3Bauto%3Dwebp%26amp%3Bformat%3Dpjpg"
47,"Webster vs Cameron",Football,"Wisconsin",9/18/2026,7:00pm,"The Webster varsity football team has an away conference game @  Cameron (WI) on Friday, September 18 @ 7p.","/wi/football/game/cameron-vs-webster/9-18-2026/?c=aabb869c-d94b-4d4a-aae3-956180f1474f","https://www.maxpreps.com/wi/football/game/cameron-vs-webster/9-18-2026/?c=aabb869c-d94b-4d4a-aae3-956180f1474f","/football/wi/724?9/18/2026","Tigers","Comets","https://www.maxpreps.com/wi/cameron/football/","https://www.maxpreps.com/wi/webster/football/","https://hsfootball.net/proxy.php?url=https%3A%2F%2Fimage.maxpreps.io%2Fschool-mascot%2F9%2F9%2Fc%2F99cf292d-0658-4061-a8b1-9838c8d13c52.gif%3Fversion%3D636246738000000000%26amp%3Bwidth%3D128%26amp%3Bheight%3D128%26amp%3Bauto%3Dwebp%26amp%3Bformat%3Dpjpg","https://hsfootball.net/proxy.php?url=https%3A%2F%2Fimage.maxpreps.io%2Fschool-mascot%2F6%2F2%2F0%2F62067c5a-f723-406c-a727-1715946a15ac.gif%3Fversion%3D636249976200000000%26amp%3Bwidth%3D128%26amp%3Bheight%3D128%26amp%3Bauto%3Dwebp%26amp%3Bformat%3Dpjpg"
48,"Newman Catholic vs Alma Center Lincoln",Football,"Wisconsin",9/18/2026,7:00pm,"The Newman Catholic varsity football team has an away non-conference game @  Alma Center Lincoln (Alma Center, WI) on Friday, September 18 @ 7p.","/wi/football/game/alma-center-lincoln-vs-newman-catholic-wausau/9-18-2026/?c=c251032f-07eb-42f9-8867-9f26312d34e9","https://www.maxpreps.com/wi/football/game/alma-center-lincoln-vs-newman-catholic-wausau/9-18-2026/?c=c251032f-07eb-42f9-8867-9f26312d34e9","/football/wi/1165?9/18/2026","Cardinals","Red Raiders","https://www.maxpreps.com/wi/alma-center-lincoln/football/","https://www.maxpreps.com/wi/newman-catholic-wausau/football/","https://hsfootball.net/proxy.php?url=https%3A%2F%2Fimage.maxpreps.io%2Fschool-mascot%2Fc%2F2%2F0%2Fc209b850-484d-4c6e-93c8-f9cb169655ff.gif%3Fversion%3D637030786200000000%26amp%3Bwidth%3D128%26amp%3Bheight%3D128%26amp%3Bauto%3Dwebp%26amp%3Bformat%3Dpjpg","https://hsfootball.net/proxy.php?url=https%3A%2F%2Fimage.maxpreps.io%2Fschool-mascot%2F6%2F2%2F5%2F6254cc11-1078-4742-bb80-2f16eda0cfa5.gif%3Fversion%3D636246738000000000%26amp%3Bwidth%3D128%26amp%3Bheight%3D128%26amp%3Bauto%3Dwebp%26amp%3Bformat%3Dpjpg"
49,"Columbus vs Lakeside Lutheran",Football,"Wisconsin",9/18/2026,7:00pm,"The Columbus varsity football team has an away conference game @  Lakeside Lutheran (Lake Mills, WI) on Friday, September 18 @ 7p.","/wi/football/game/columbus-vs-lakeside-lutheran-lake-mills/9-18-2026/?c=469a7b1d-9a31-4ff0-85dc-b32d247509b7","https://www.maxpreps.com/wi/football/game/columbus-vs-lakeside-lutheran-lake-mills/9-18-2026/?c=469a7b1d-9a31-4ff0-85dc-b32d247509b7","/football/wi/f97?9/18/2026","Cardinals","Warriors","https://www.maxpreps.com/wi/columbus/football/","https://www.maxpreps.com/wi/lakeside-lutheran-lake-mills/football/","https://hsfootball.net/proxy.php?url=https%3A%2F%2Fimage.maxpreps.io%2Fschool-mascot%2F9%2F2%2Fc%2F92cc3c4e-f663-409b-bfc3-7c4027232463.gif%3Fversion%3D636241330200000000%26amp%3Bwidth%3D128%26amp%3Bheight%3D128%26amp%3Bauto%3Dwebp%26amp%3Bformat%3Dpjpg","https://hsfootball.net/proxy.php?url=https%3A%2F%2Fimage.maxpreps.io%2Fschool-mascot%2F7%2F0%2Fc%2F70cbf8d6-4dc4-4e5f-8340-53bd918324bc.gif%3Fversion%3D636241330200000000%26amp%3Bwidth%3D128%26amp%3Bheight%3D128%26amp%3Bauto%3Dwebp%26amp%3Bformat%3Dpjpg"
50,"Black Hawk Warren Il South Wayne vs Wauzeka Steuben Seneca",Football,"Wisconsin",9/18/2026,TBD,"The Wauzeka Steuben Seneca varsity football team has a game @ Black Hawk Warren Il South Wayne (Wisconsin).","/wi/football/game/black-hawk-warren-il-south-wayne-vs-wauzeka-steuben-seneca/9-18-2026/?c=3a659120-1dfc-481e-8662-73c61358631b","https://www.maxpreps.com/wi/football/game/black-hawk-warren-il-south-wayne-vs-wauzeka-steuben-seneca/9-18-2026/?c=3a659120-1dfc-481e-8662-73c61358631b","/football/wi/163e?9/18/2026","Wayne","Seneca","https://www.maxpreps.com/wi/black-hawk-warren-il-south-wayne/football/","https://www.maxpreps.com/wi/wauzeka-steuben-seneca/football/","",""
51,"Boscobel vs River Ridge Patch Grove",Football,"Wisconsin",9/18/2026,TBD,"The River Ridge Patch Grove varsity football team has a game @ Boscobel (Wisconsin).","/wi/football/game/boscobel-vs-river-ridge-patch-grove/9-18-2026/?c=edf6f564-7a2d-423f-82ed-4771fdbf52ef","https://www.maxpreps.com/wi/football/game/boscobel-vs-river-ridge-patch-grove/9-18-2026/?c=edf6f564-7a2d-423f-82ed-4771fdbf52ef","/football/wi/d79?9/18/2026","Boscobel","Grove","https://www.maxpreps.com/wi/boscobel/football/","https://www.maxpreps.com/wi/river-ridge-patch-grove/football/","",""
52,"Union Grove vs Wilmot",Football,"Wisconsin",9/18/2026,TBD,"The Wilmot varsity football team has a game @ Union Grove (Wisconsin).","/wi/football/game/union-grove-vs-wilmot/9-18-2026/?c=220f7a3c-668c-4eaa-b53c-3c615c37bf8e","https://www.maxpreps.com/wi/football/game/union-grove-vs-wilmot/9-18-2026/?c=220f7a3c-668c-4eaa-b53c-3c615c37bf8e","/football/wi/858?9/18/2026","Grove","Wilmot","https://www.maxpreps.com/wi/union-grove/football/","https://www.maxpreps.com/wi/wilmot/football/","",""
53,"Cornell vs Gilman",Football,"Wisconsin",9/18/2026,TBD,"The Gilman varsity football team has a game @ Cornell (Wisconsin).","/wi/football/game/cornell-vs-gilman/9-18-2026/?c=f7e0020e-746e-429d-9bde-cd1611f10ecd","https://www.maxpreps.com/wi/football/game/cornell-vs-gilman/9-18-2026/?c=f7e0020e-746e-429d-9bde-cd1611f10ecd","/football/wi/6aa?9/18/2026","Cornell","Gilman","https://www.maxpreps.com/wi/cornell/football/","https://www.maxpreps.com/wi/gilman/football/","",""
54,"Howards Grove vs Reedsville",Football,"Wisconsin",9/18/2026,TBD,"The Reedsville varsity football team has a game @ Howards Grove (Wisconsin).","/wi/football/game/howards-grove-vs-reedsville/9-18-2026/?c=52f069ea-2eda-488f-87b7-3b57949b2d4e","https://www.maxpreps.com/wi/football/game/howards-grove-vs-reedsville/9-18-2026/?c=52f069ea-2eda-488f-87b7-3b57949b2d4e","/football/wi/aba?9/18/2026","Grove","Reedsville","https://www.maxpreps.com/wi/howards-grove/football/","https://www.maxpreps.com/wi/reedsville/football/","",""
55,"Eau Claire Memorial vs Superior",Football,"Wisconsin",9/18/2026,TBD,"The Superior varsity football team has a game @ Eau Claire Memorial (Wisconsin).","/wi/football/game/eau-claire-memorial-vs-superior/9-18-2026/?c=59247b4c-023d-492f-89d2-87fc1315e75c","https://www.maxpreps.com/wi/football/game/eau-claire-memorial-vs-superior/9-18-2026/?c=59247b4c-023d-492f-89d2-87fc1315e75c","/football/wi/c17?9/18/2026","Memorial","Superior","https://www.maxpreps.com/wi/eau-claire-memorial/football/","https://www.maxpreps.com/wi/superior/football/","",""
56,"Augusta vs Independence Gilmanton",Football,"Wisconsin",9/18/2026,TBD,"The Independence Gilmanton varsity football team has a game @ Augusta (Wisconsin).","/wi/football/game/augusta-vs-independence-gilmanton/9-18-2026/?c=cbb24010-3803-4203-9502-84755629d83b","https://www.maxpreps.com/wi/football/game/augusta-vs-independence-gilmanton/9-18-2026/?c=cbb24010-3803-4203-9502-84755629d83b","/football/wi/d15?9/18/2026","Augusta","Gilmanton","https://www.maxpreps.com/wi/augusta/football/","https://www.maxpreps.com/wi/independence-gilmanton/football/","",""
57,"Gibraltar Fish Creek vs Valley Christian Oshkosh",Football,"Wisconsin",9/18/2026,TBD,"The Valley Christian Oshkosh varsity football team has a game @ Gibraltar Fish Creek (Wisconsin).","/wi/football/game/gibraltar-fish-creek-vs-valley-christian-oshkosh/9-18-2026/?c=9e82c91b-72e1-4fa8-b0b7-d5fac61ebaa1","https://www.maxpreps.com/wi/football/game/gibraltar-fish-creek-vs-valley-christian-oshkosh/9-18-2026/?c=9e82c91b-72e1-4fa8-b0b7-d5fac61ebaa1","/football/wi/12b4?9/18/2026","Creek","Oshkosh","https://www.maxpreps.com/wi/gibraltar-fish-creek/football/","https://www.maxpreps.com/wi/valley-christian-oshkosh/football/","",""
58,"Arcadia vs Luther Onalaska",Football,"Wisconsin",9/18/2026,TBD,"The Luther Onalaska varsity football team has a game @ Arcadia (Wisconsin).","/wi/football/game/arcadia-vs-luther-onalaska/9-18-2026/?c=e933c36d-5b57-4d71-9fe6-32a619fb49fe","https://www.maxpreps.com/wi/football/game/arcadia-vs-luther-onalaska/9-18-2026/?c=e933c36d-5b57-4d71-9fe6-32a619fb49fe","/football/wi/a13?9/18/2026","Arcadia","Onalaska","https://www.maxpreps.com/wi/arcadia/football/","https://www.maxpreps.com/wi/luther-onalaska/football/","",""
59,"Boyceville vs Cadott",Football,"Wisconsin",9/18/2026,TBD,"The Cadott varsity football team has a game @ Boyceville (Wisconsin).","/wi/football/game/boyceville-vs-cadott/9-18-2026/?c=5e41bb6a-0c67-4535-ba97-91769bc5ec6b","https://www.maxpreps.com/wi/football/game/boyceville-vs-cadott/9-18-2026/?c=5e41bb6a-0c67-4535-ba97-91769bc5ec6b","/football/wi/7f0?9/18/2026","Boyceville","Cadott","https://www.maxpreps.com/wi/boyceville/football/","https://www.maxpreps.com/wi/cadott/football/","",""
60,"Deforest vs Waunakee",Football,"Wisconsin",9/18/2026,TBD,"The Waunakee varsity football team has a game @ Deforest (Wisconsin).","/wi/football/game/deforest-vs-waunakee/9-18-2026/?c=c2e02973-48c9-4080-b7de-9e04b3c486da","https://www.maxpreps.com/wi/football/game/deforest-vs-waunakee/9-18-2026/?c=c2e02973-48c9-4080-b7de-9e04b3c486da","/football/wi/7f0?9/18/2026","Deforest","Waunakee","https://www.maxpreps.com/wi/deforest/football/","https://www.maxpreps.com/wi/waunakee/football/","",""
61,"Edgerton vs Portage",Football,"Wisconsin",9/18/2026,TBD,"The Portage varsity football team has a game @ Edgerton (Wisconsin).","/wi/football/game/edgerton-vs-portage/9-18-2026/?c=4db13c4d-ee32-425c-9482-32cae1c9e247","https://www.maxpreps.com/wi/football/game/edgerton-vs-portage/9-18-2026/?c=4db13c4d-ee32-425c-9482-32cae1c9e247","/football/wi/78d?9/18/2026","Edgerton","Portage","https://www.maxpreps.com/wi/edgerton/football/","https://www.maxpreps.com/wi/portage/football/","",""
62,"Bloomer vs Hayward Lac Courte Oreilles",Football,"Wisconsin",9/18/2026,TBD,"The Hayward Lac Courte Oreilles varsity football team has a game @ Bloomer (Wisconsin).","/wi/football/game/bloomer-vs-hayward-lac-courte-oreilles/9-18-2026/?c=26670dcb-f93c-426e-ae1e-e8915d658608","https://www.maxpreps.com/wi/football/game/bloomer-vs-hayward-lac-courte-oreilles/9-18-2026/?c=26670dcb-f93c-426e-ae1e-e8915d658608","/football/wi/ecb?9/18/2026","Bloomer","Oreilles","https://www.maxpreps.com/wi/bloomer/football/","https://www.maxpreps.com/wi/hayward-lac-courte-oreilles/football/","",""
63,"Brookfield East vs Germantown",Football,"Wisconsin",9/18/2026,TBD,"The Germantown varsity football team has a game @ Brookfield East (Wisconsin).","/wi/football/game/brookfield-east-vs-germantown/9-18-2026/?c=b3693ea9-a24c-43da-9f3b-1e63c804e30a","https://www.maxpreps.com/wi/football/game/brookfield-east-vs-germantown/9-18-2026/?c=b3693ea9-a24c-43da-9f3b-1e63c804e30a","/football/wi/b80?9/18/2026","East","Germantown","https://www.maxpreps.com/wi/brookfield-east/football/","https://www.maxpreps.com/wi/germantown/football/","",""
64,"Freedom vs Kohler Sheboygan Area Lutheran Sheboygan County Christian",Football,"Wisconsin",9/18/2026,TBD,"The Kohler Sheboygan Area Lutheran Sheboygan County Christian varsity football team has a game @ Freedom (Wisconsin).","/wi/football/game/freedom-vs-kohler-sheboygan-area-lutheran-sheboygan-county-christian/9-18-2026/?c=ed5d3181-b2a5-4b39-bab8-7d1de00a9e41","https://www.maxpreps.com/wi/football/game/freedom-vs-kohler-sheboygan-area-lutheran-sheboygan-county-christian/9-18-2026/?c=ed5d3181-b2a5-4b39-bab8-7d1de00a9e41","/football/wi/1a9b?9/18/2026","Freedom","Christian","https://www.maxpreps.com/wi/freedom/football/","https://www.maxpreps.com/wi/kohler-sheboygan-area-lutheran-sheboygan-county-christian/football/","",""
65,"Newman Catholic Wausau vs Pepin Alma",Football,"Wisconsin",9/18/2026,TBD,"The Pepin Alma varsity football team has a game @ Newman Catholic Wausau (Wisconsin).","/wi/football/game/newman-catholic-wausau-vs-pepin-alma/9-18-2026/?c=a2640bff-078d-4e5e-94a1-a5ea75bab58f","https://www.maxpreps.com/wi/football/game/newman-catholic-wausau-vs-pepin-alma/9-18-2026/?c=a2640bff-078d-4e5e-94a1-a5ea75bab58f","/football/wi/de4?9/18/2026","Wausau","Alma","https://www.maxpreps.com/wi/newman-catholic-wausau/football/","https://www.maxpreps.com/wi/pepin-alma/football/","",""
66,"Abundant Life St Ambrose Academy Madison vs Princeton Green Lake Tigers",Football,"Wisconsin",9/18/2026,TBD,"The Princeton Green Lake Tigers varsity football team has a game @ Abundant Life St Ambrose Academy Madison (Wisconsin).","/wi/football/game/abundant-life-st-ambrose-academy-madison-vs-princeton-green-lake-tigers/9-18-2026/?c=a77afdc3-0a56-4b42-8eaf-ac816fa5ff4c","https://www.maxpreps.com/wi/football/game/abundant-life-st-ambrose-academy-madison-vs-princeton-green-lake-tigers/9-18-2026/?c=a77afdc3-0a56-4b42-8eaf-ac816fa5ff4c","/football/wi/1b35?9/18/2026","Madison","Tigers","https://www.maxpreps.com/wi/abundant-life-st-ambrose-academy-madison/football/","https://www.maxpreps.com/wi/princeton-green-lake-tigers/football/","",""
67,"Waupaca vs Winneconne",Football,"Wisconsin",9/18/2026,TBD,"The Winneconne varsity football team has a game @ Waupaca (Wisconsin).","/wi/football/game/waupaca-vs-winneconne/9-18-2026/?c=a38eb413-6ad2-4ced-aeb6-73a2e988582a","https://www.maxpreps.com/wi/football/game/waupaca-vs-winneconne/9-18-2026/?c=a38eb413-6ad2-4ced-aeb6-73a2e988582a","/football/wi/859?9/18/2026","Waupaca","Winneconne","https://www.maxpreps.com/wi/waupaca/football/","https://www.maxpreps.com/wi/winneconne/football/","",""
68,"Racine Case vs Racine Horlick",Football,"Wisconsin",9/18/2026,TBD,"The Racine Horlick varsity football team has a game @ Racine Case (Wisconsin).","/wi/football/game/racine-case-vs-racine-horlick/9-18-2026/?c=4cab8507-cb4b-4824-bc2f-8cc8672bf882","https://www.maxpreps.com/wi/football/game/racine-case-vs-racine-horlick/9-18-2026/?c=4cab8507-cb4b-4824-bc2f-8cc8672bf882","/football/wi/b09?9/18/2026","Case","Horlick","https://www.maxpreps.com/wi/racine-case/football/","https://www.maxpreps.com/wi/racine-horlick/football/","",""
69,"Monona Grove vs Watertown",Football,"Wisconsin",9/18/2026,TBD,"The Watertown varsity football team has a game @ Monona Grove (Wisconsin).","/wi/football/game/monona-grove-vs-watertown/9-18-2026/?c=6bf94b12-a531-4c83-a006-087495d0eb16","https://www.maxpreps.com/wi/football/game/monona-grove-vs-watertown/9-18-2026/?c=6bf94b12-a531-4c83-a006-087495d0eb16","/football/wi/a06?9/18/2026","Grove","Watertown","https://www.maxpreps.com/wi/monona-grove/football/","https://www.maxpreps.com/wi/watertown/football/","",""
70,"Clear Lake vs New Auburn",Football,"Wisconsin",9/18/2026,TBD,"The New Auburn varsity football team has a game @ Clear Lake (Wisconsin).","/wi/football/game/clear-lake-vs-new-auburn/9-18-2026/?c=ff68b11d-b9a9-488f-8fb4-0ecd8116724e","https://www.maxpreps.com/wi/football/game/clear-lake-vs-new-auburn/9-18-2026/?c=ff68b11d-b9a9-488f-8fb4-0ecd8116724e","/football/wi/918?9/18/2026","Lake","Auburn","https://www.maxpreps.com/wi/clear-lake/football/","https://www.maxpreps.com/wi/new-auburn/football/","",""
71,"Hilbert vs Mishicot",Football,"Wisconsin",9/18/2026,TBD,"The Mishicot varsity football team has a game @ Hilbert (Wisconsin).","/wi/football/game/hilbert-vs-mishicot/9-18-2026/?c=a7b127af-1e88-4458-a153-dbbe8fdb23d7","https://www.maxpreps.com/wi/football/game/hilbert-vs-mishicot/9-18-2026/?c=a7b127af-1e88-4458-a153-dbbe8fdb23d7","/football/wi/78d?9/18/2026","Hilbert","Mishicot","https://www.maxpreps.com/wi/hilbert/football/","https://www.maxpreps.com/wi/mishicot/football/","",""
72,"Brillion vs Roncalli Manitowoc",Football,"Wisconsin",9/18/2026,TBD,"The Roncalli Manitowoc varsity football team has a game @ Brillion (Wisconsin).","/wi/football/game/brillion-vs-roncalli-manitowoc/9-18-2026/?c=7ff5aacb-d2f8-492b-b955-2252bddd1f35","https://www.maxpreps.com/wi/football/game/brillion-vs-roncalli-manitowoc/9-18-2026/?c=7ff5aacb-d2f8-492b-b955-2252bddd1f35","/football/wi/bf0?9/18/2026","Brillion","Manitowoc","https://www.maxpreps.com/wi/brillion/football/","https://www.maxpreps.com/wi/roncalli-manitowoc/football/","",""
73,"Goodhue vs La Crescent",Football,"Wisconsin",9/18/2026,TBD,"The La Crescent varsity football team has a game @ Goodhue (Wisconsin).","/mn/football/game/goodhue-vs-la-crescent/9-18-2026/?c=03a2c0d9-e4b2-4c55-9220-d6640a72ce44","https://www.maxpreps.com/mn/football/game/goodhue-vs-la-crescent/9-18-2026/?c=03a2c0d9-e4b2-4c55-9220-d6640a72ce44","/football/wi/87f?9/18/2026","Goodhue","Crescent","https://www.maxpreps.com/wi/goodhue/football/","https://www.maxpreps.com/wi/la-crescent/football/","",""
74,"Oconto vs Southern Door Brussels",Football,"Wisconsin",9/18/2026,TBD,"The Southern Door Brussels varsity football team has a game @ Oconto (Wisconsin).","/wi/football/game/oconto-vs-southern-door-brussels/9-18-2026/?c=43ee0283-3411-442f-8d5c-6d854b580975","https://www.maxpreps.com/wi/football/game/oconto-vs-southern-door-brussels/9-18-2026/?c=43ee0283-3411-442f-8d5c-6d854b580975","/football/wi/cce?9/18/2026","Oconto","Brussels","https://www.maxpreps.com/wi/oconto/football/","https://www.maxpreps.com/wi/southern-door-brussels/football/","",""
75,"Durand Arkansaw vs Regis Eau Claire",Football,"Wisconsin",9/18/2026,TBD,"The Regis Eau Claire varsity football team has a game @ Durand Arkansaw (Wisconsin).","/wi/football/game/durand-arkansaw-vs-regis-eau-claire/9-18-2026/?c=9de85383-cb8b-4bdf-a50c-a2d82cd0b553","https://www.maxpreps.com/wi/football/game/durand-arkansaw-vs-regis-eau-claire/9-18-2026/?c=9de85383-cb8b-4bdf-a50c-a2d82cd0b553","/football/wi/d65?9/18/2026","Arkansaw","Claire","https://www.maxpreps.com/wi/durand-arkansaw/football/","https://www.maxpreps.com/wi/regis-eau-claire/football/","",""
76,"Franklin vs Mukwonago",Football,"Wisconsin",9/18/2026,TBD,"The Mukwonago varsity football team has a game @ Franklin (Wisconsin).","/wi/football/game/franklin-vs-mukwonago/9-18-2026/?c=516ce32d-0b09-4339-a6ff-3ed241c2c3a4","https://www.maxpreps.com/wi/football/game/franklin-vs-mukwonago/9-18-2026/?c=516ce32d-0b09-4339-a6ff-3ed241c2c3a4","/football/wi/870?9/18/2026","Franklin","Mukwonago","https://www.maxpreps.com/wi/franklin/football/","https://www.maxpreps.com/wi/mukwonago/football/","",""
77,"Beloit Memorial vs Burlington",Football,"Wisconsin",9/18/2026,TBD,"The Burlington varsity football team has a game @ Beloit Memorial (Wisconsin).","/wi/football/game/beloit-memorial-vs-burlington/9-18-2026/?c=1cda819b-d011-4088-b85c-54a63d837c03","https://www.maxpreps.com/wi/football/game/beloit-memorial-vs-burlington/9-18-2026/?c=1cda819b-d011-4088-b85c-54a63d837c03","/football/wi/b89?9/18/2026","Memorial","Burlington","https://www.maxpreps.com/wi/beloit-memorial/football/","https://www.maxpreps.com/wi/burlington/football/","",""
78,"Dodgeland Juneau vs Johnson Creek",Football,"Wisconsin",9/18/2026,TBD,"The Johnson Creek varsity football team has a game @ Dodgeland Juneau (Wisconsin).","/wi/football/game/dodgeland-juneau-vs-johnson-creek/9-18-2026/?c=025112c4-b0c6-44d3-9e01-f1710a8bcf18","https://www.maxpreps.com/wi/football/game/dodgeland-juneau-vs-johnson-creek/9-18-2026/?c=025112c4-b0c6-44d3-9e01-f1710a8bcf18","/football/wi/cd0?9/18/2026","Juneau","Creek","https://www.maxpreps.com/wi/dodgeland-juneau/football/","https://www.maxpreps.com/wi/johnson-creek/football/","",""
79,"Athens vs Thorp",Football,"Wisconsin",9/18/2026,TBD,"The Thorp varsity football team has a game @ Athens (Wisconsin).","/wi/football/game/athens-vs-thorp/9-18-2026/?c=7be9c841-5d97-4b9c-9995-6bdd7cbf039a","https://www.maxpreps.com/wi/football/game/athens-vs-thorp/9-18-2026/?c=7be9c841-5d97-4b9c-9995-6bdd7cbf039a","/football/wi/5f3?9/18/2026","Athens","Thorp","https://www.maxpreps.com/wi/athens/football/","https://www.maxpreps.com/wi/thorp/football/","",""
80,"Mondovi vs Stanley Boyd Rockets",Football,"Wisconsin",9/18/2026,TBD,"The Stanley Boyd Rockets varsity football team has a game @ Mondovi (Wisconsin).","/wi/football/game/mondovi-vs-stanley-boyd-rockets/9-18-2026/?c=e8b7565b-4e27-4181-8fa5-6e3cb15c3719","https://www.maxpreps.com/wi/football/game/mondovi-vs-stanley-boyd-rockets/9-18-2026/?c=e8b7565b-4e27-4181-8fa5-6e3cb15c3719","/football/wi/c42?9/18/2026","Mondovi","Rockets","https://www.maxpreps.com/wi/mondovi/football/","https://www.maxpreps.com/wi/stanley-boyd-rockets/football/","",""
81,"Catholic Memorial Waukesha vs Marquette University Milwaukee",Football,"Wisconsin",9/18/2026,TBD,"The Marquette University Milwaukee varsity football team has a game @ Catholic Memorial Waukesha (Wisconsin).","/wi/football/game/catholic-memorial-waukesha-vs-marquette-university-milwaukee/9-18-2026/?c=2c95dd81-7d49-4e70-ba04-84741088a6ad","https://www.maxpreps.com/wi/football/game/catholic-memorial-waukesha-vs-marquette-university-milwaukee/9-18-2026/?c=2c95dd81-7d49-4e70-ba04-84741088a6ad","/football/wi/17eb?9/18/2026","Waukesha","Milwaukee","https://www.maxpreps.com/wi/catholic-memorial-waukesha/football/","https://www.maxpreps.com/wi/marquette-university-milwaukee/football/","",""
82,"Menomonie vs Rice Lake",Football,"Wisconsin",9/18/2026,TBD,"The Rice Lake varsity football team has a game @ Menomonie (Wisconsin).","/wi/football/game/menomonie-vs-rice-lake/9-18-2026/?c=98cd7d8d-ee55-46a1-8c8f-3c1f74260582","https://www.maxpreps.com/wi/football/game/menomonie-vs-rice-lake/9-18-2026/?c=98cd7d8d-ee55-46a1-8c8f-3c1f74260582","/football/wi/877?9/18/2026","Menomonie","Lake","https://www.maxpreps.com/wi/menomonie/football/","https://www.maxpreps.com/wi/rice-lake/football/","",""
83,"East Troy vs Jefferson",Football,"Wisconsin",9/18/2026,TBD,"The Jefferson varsity football team has a game @ East Troy (Wisconsin).","/wi/football/game/east-troy-vs-jefferson/9-18-2026/?c=7f251d44-80fd-42e1-a0c2-c4dd01a17b9d","https://www.maxpreps.com/wi/football/game/east-troy-vs-jefferson/9-18-2026/?c=7f251d44-80fd-42e1-a0c2-c4dd01a17b9d","/football/wi/8ad?9/18/2026","Troy","Jefferson","https://www.maxpreps.com/wi/east-troy/football/","https://www.maxpreps.com/wi/jefferson/football/","",""
84,"Appleton North vs Kaukauna",Football,"Wisconsin",9/18/2026,TBD,"The Kaukauna varsity football team has a game @ Appleton North (Wisconsin).","/wi/football/game/appleton-north-vs-kaukauna/9-18-2026/?c=be44608e-f3c3-4159-a875-ee7a9751189e","https://www.maxpreps.com/wi/football/game/appleton-north-vs-kaukauna/9-18-2026/?c=be44608e-f3c3-4159-a875-ee7a9751189e","/football/wi/a4f?9/18/2026","North","Kaukauna","https://www.maxpreps.com/wi/appleton-north/football/","https://www.maxpreps.com/wi/kaukauna/football/","",""
85,"Beaver Dam vs Stoughton",Football,"Wisconsin",9/18/2026,TBD,"The Stoughton varsity football team has a game @ Beaver Dam (Wisconsin).","/wi/football/game/beaver-dam-vs-stoughton/9-18-2026/?c=84aadba8-f98d-4bd0-a4bb-ae956d3e5fa4","https://www.maxpreps.com/wi/football/game/beaver-dam-vs-stoughton/9-18-2026/?c=84aadba8-f98d-4bd0-a4bb-ae956d3e5fa4","/football/wi/902?9/18/2026","Dam","Stoughton","https://www.maxpreps.com/wi/beaver-dam/football/","https://www.maxpreps.com/wi/stoughton/football/","",""
86,"Fall River Rio vs Parkview Albany Orfordville",Football,"Wisconsin",9/18/2026,TBD,"The Parkview Albany Orfordville varsity football team has a game @ Fall River Rio (Wisconsin).","/wi/football/game/fall-river-rio-vs-parkview-albany-orfordville/9-18-2026/?c=62528bad-c77a-4353-ba12-cdb46f63844a","https://www.maxpreps.com/wi/football/game/fall-river-rio-vs-parkview-albany-orfordville/9-18-2026/?c=62528bad-c77a-4353-ba12-cdb46f63844a","/football/wi/1190?9/18/2026","Rio","Orfordville","https://www.maxpreps.com/wi/fall-river-rio/football/","https://www.maxpreps.com/wi/parkview-albany-orfordville/football/","",""
87,"Lake Holcombe vs Turtle Lake",Football,"Wisconsin",9/18/2026,TBD,"The Turtle Lake varsity football team has a game @ Lake Holcombe (Wisconsin).","/wi/football/game/lake-holcombe-vs-turtle-lake/9-18-2026/?c=8f5c9aee-e68b-485e-84d5-0979f2ccdeea","https://www.maxpreps.com/wi/football/game/lake-holcombe-vs-turtle-lake/9-18-2026/?c=8f5c9aee-e68b-485e-84d5-0979f2ccdeea","/football/wi/ac0?9/18/2026","Holcombe","Lake","https://www.maxpreps.com/wi/lake-holcombe/football/","https://www.maxpreps.com/wi/turtle-lake/football/","",""
88,"Sun Prairie East vs Sun Prairie West",Football,"Wisconsin",9/18/2026,TBD,"The Sun Prairie West varsity football team has a game @ Sun Prairie East (Wisconsin).","/wi/football/game/sun-prairie-east-vs-sun-prairie-west/9-18-2026/?c=658b8af3-eb90-4249-ab1c-6578066e7742","https://www.maxpreps.com/wi/football/game/sun-prairie-east-vs-sun-prairie-west/9-18-2026/?c=658b8af3-eb90-4249-ab1c-6578066e7742","/football/wi/deb?9/18/2026","East","West","https://www.maxpreps.com/wi/sun-prairie-east/football/","https://www.maxpreps.com/wi/sun-prairie-west/football/","",""
89,"Cumberland vs Northwestern Maple",Football,"Wisconsin",9/18/2026,TBD,"The Northwestern Maple varsity football team has a game @ Cumberland (Wisconsin).","/wi/football/game/cumberland-vs-northwestern-maple/9-18-2026/?c=74c92717-79f2-4d66-b27c-7d6905b15e05","https://www.maxpreps.com/wi/football/game/cumberland-vs-northwestern-maple/9-18-2026/?c=74c92717-79f2-4d66-b27c-7d6905b15e05","/football/wi/ccf?9/18/2026","Cumberland","Maple","https://www.maxpreps.com/wi/cumberland/football/","https://www.maxpreps.com/wi/northwestern-maple/football/","",""
90,"Catholic Central Burlington vs St Joseph Kenosha",Football,"Wisconsin",9/18/2026,TBD,"The St Joseph Kenosha varsity football team has a game @ Catholic Central Burlington (Wisconsin).","/wi/football/game/catholic-central-burlington-vs-st-joseph-kenosha/9-18-2026/?c=008db58f-0efa-4df9-b555-e7eac0900a4c","https://www.maxpreps.com/wi/football/game/catholic-central-burlington-vs-st-joseph-kenosha/9-18-2026/?c=008db58f-0efa-4df9-b555-e7eac0900a4c","/football/wi/12c4?9/18/2026","Burlington","Kenosha","https://www.maxpreps.com/wi/catholic-central-burlington/football/","https://www.maxpreps.com/wi/st-joseph-kenosha/football/","",""
91,"Ripon vs Wisconsin Dells",Football,"Wisconsin",9/18/2026,TBD,"The Wisconsin Dells varsity football team has a game @ Ripon (Wisconsin).","/wi/football/game/ripon-vs-wisconsin-dells/9-18-2026/?c=143217ae-043d-4f4e-943a-de5a01e4807b","https://www.maxpreps.com/wi/football/game/ripon-vs-wisconsin-dells/9-18-2026/?c=143217ae-043d-4f4e-943a-de5a01e4807b","/football/wi/989?9/18/2026","Ripon","Dells","https://www.maxpreps.com/wi/ripon/football/","https://www.maxpreps.com/wi/wisconsin-dells/football/","",""
92,"Neenah vs Oshkosh West",Football,"Wisconsin",9/18/2026,TBD,"The Oshkosh West varsity football team has a game @ Neenah (Wisconsin).","/wi/football/game/neenah-vs-oshkosh-west/9-18-2026/?c=0b57ea25-041c-42c7-87de-600ce0fc1061","https://www.maxpreps.com/wi/football/game/neenah-vs-oshkosh-west/9-18-2026/?c=0b57ea25-041c-42c7-87de-600ce0fc1061","/football/wi/8a1?9/18/2026","Neenah","West","https://www.maxpreps.com/wi/neenah/football/","https://www.maxpreps.com/wi/oshkosh-west/football/","",""
93,"Appleton East vs Fond Du Lac",Football,"Wisconsin",9/18/2026,TBD,"The Fond Du Lac varsity football team has a game @ Appleton East (Wisconsin).","/wi/football/game/appleton-east-vs-fond-du-lac/9-18-2026/?c=cb07e6c3-d737-4b15-a82b-b95b6717b730","https://www.maxpreps.com/wi/football/game/appleton-east-vs-fond-du-lac/9-18-2026/?c=cb07e6c3-d737-4b15-a82b-b95b6717b730","/football/wi/a8a?9/18/2026","East","Lac","https://www.maxpreps.com/wi/appleton-east/football/","https://www.maxpreps.com/wi/fond-du-lac/football/","",""
94,"Elkhart Lake Glenbeulah vs Oneida Nation",Football,"Wisconsin",9/18/2026,TBD,"The Oneida Nation varsity football team has a game @ Elkhart Lake Glenbeulah (Wisconsin).","/wi/football/game/elkhart-lake-glenbeulah-vs-oneida-nation/9-18-2026/?c=aba84b48-7997-40f7-b2da-8aaff78f08db","https://www.maxpreps.com/wi/football/game/elkhart-lake-glenbeulah-vs-oneida-nation/9-18-2026/?c=aba84b48-7997-40f7-b2da-8aaff78f08db","/football/wi/f62?9/18/2026","Glenbeulah","Nation","https://www.maxpreps.com/wi/elkhart-lake-glenbeulah/football/","https://www.maxpreps.com/wi/oneida-nation/football/","",""
95,"Luther Prep Watertown vs St Thomas More Milwaukee",Football,"Wisconsin",9/18/2026,TBD,"The St Thomas More Milwaukee varsity football team has a game @ Luther Prep Watertown (Wisconsin).","/wi/football/game/luther-prep-watertown-vs-st-thomas-more-milwaukee/9-18-2026/?c=f49312d8-bb9c-4679-a8b1-58c69ea97b80","https://www.maxpreps.com/wi/football/game/luther-prep-watertown-vs-st-thomas-more-milwaukee/9-18-2026/?c=f49312d8-bb9c-4679-a8b1-58c69ea97b80","/football/wi/1344?9/18/2026","Watertown","Milwaukee","https://www.maxpreps.com/wi/luther-prep-watertown/football/","https://www.maxpreps.com/wi/st-thomas-more-milwaukee/football/","",""
96,"Chequamegon Park Falls vs Rib Lake",Football,"Wisconsin",9/18/2026,TBD,"The Rib Lake varsity football team has a game @ Chequamegon Park Falls (Wisconsin).","/wi/football/game/chequamegon-park-falls-vs-rib-lake/9-18-2026/?c=309f4840-957b-467d-b39b-68b80e1109fc","https://www.maxpreps.com/wi/football/game/chequamegon-park-falls-vs-rib-lake/9-18-2026/?c=309f4840-957b-467d-b39b-68b80e1109fc","/football/wi/cf1?9/18/2026","Falls","Lake","https://www.maxpreps.com/wi/chequamegon-park-falls/football/","https://www.maxpreps.com/wi/rib-lake/football/","",""
97,"Martin Luther Greendale vs Shoreland Lutheran Somers",Football,"Wisconsin",9/18/2026,TBD,"The Shoreland Lutheran Somers varsity football team has a game @ Martin Luther Greendale (Wisconsin).","/wi/football/game/martin-luther-greendale-vs-shoreland-lutheran-somers/9-18-2026/?c=cc6a2139-541e-4ea6-a256-9ae235835026","https://www.maxpreps.com/wi/football/game/martin-luther-greendale-vs-shoreland-lutheran-somers/9-18-2026/?c=cc6a2139-541e-4ea6-a256-9ae235835026","/football/wi/1479?9/18/2026","Greendale","Somers","https://www.maxpreps.com/wi/martin-luther-greendale/football/","https://www.maxpreps.com/wi/shoreland-lutheran-somers/football/","",""
98,"Fox Valley Lutheran Appleton vs New London",Football,"Wisconsin",9/18/2026,TBD,"The New London varsity football team has a game @ Fox Valley Lutheran Appleton (Wisconsin).","/wi/football/game/fox-valley-lutheran-appleton-vs-new-london/9-18-2026/?c=01c9b4f4-936b-4e9a-b9ed-55f26bbc8af8","https://www.maxpreps.com/wi/football/game/fox-valley-lutheran-appleton-vs-new-london/9-18-2026/?c=01c9b4f4-936b-4e9a-b9ed-55f26bbc8af8","/football/wi/106b?9/18/2026","Appleton","London","https://www.maxpreps.com/wi/fox-valley-lutheran-appleton/football/","https://www.maxpreps.com/wi/new-london/football/","",""
99,"Clayton Prairie Farm vs Siren",Football,"Wisconsin",9/18/2026,TBD,"The Siren varsity football team has a game @ Clayton Prairie Farm (Wisconsin).","/wi/football/game/clayton-prairie-farm-vs-siren/9-18-2026/?c=13228b97-f2cb-4810-bf21-9f1668106c4f","https://www.maxpreps.com/wi/football/game/clayton-prairie-farm-vs-siren/9-18-2026/?c=13228b97-f2cb-4810-bf21-9f1668106c4f","/football/wi/b4a?9/18/2026","Farm","Siren","https://www.maxpreps.com/wi/clayton-prairie-farm/football/","https://www.maxpreps.com/wi/siren/football/","",""
100,"Elcho White Lake vs Hurley",Football,"Wisconsin",9/18/2026,TBD,"The Hurley varsity football team has a game @ Elcho White Lake (Wisconsin).","/wi/football/game/elcho-white-lake-vs-hurley/9-18-2026/?c=b06db263-a47b-49d0-afd3-8ed2f838bec8","https://www.maxpreps.com/wi/football/game/elcho-white-lake-vs-hurley/9-18-2026/?c=b06db263-a47b-49d0-afd3-8ed2f838bec8","/football/wi/9ff?9/18/2026","Lake","Hurley","https://www.maxpreps.com/wi/elcho-white-lake/football/","https://www.maxpreps.com/wi/hurley/football/","",""
101,"Bangor vs Necedah",Football,"Wisconsin",9/18/2026,TBD,"The Necedah varsity football team has a game @ Bangor (Wisconsin).","/wi/football/game/bangor-vs-necedah/9-18-2026/?c=e1c73af2-6e95-4c7b-b600-9d7d5141f92e","https://www.maxpreps.com/wi/football/game/bangor-vs-necedah/9-18-2026/?c=e1c73af2-6e95-4c7b-b600-9d7d5141f92e","/football/wi/684?9/18/2026","Bangor","Necedah","https://www.maxpreps.com/wi/bangor/football/","https://www.maxpreps.com/wi/necedah/football/","",""
102,"Madison La Follette vs Madison West",Football,"Wisconsin",9/18/2026,TBD,"The Madison West varsity football team has a game @ Madison La Follette (Wisconsin).","/wi/football/game/madison-la-follette-vs-madison-west/9-18-2026/?c=f9bbc8d8-cdd3-4b98-b4c9-8bf938c68bb5","https://www.maxpreps.com/wi/football/game/madison-la-follette-vs-madison-west/9-18-2026/?c=f9bbc8d8-cdd3-4b98-b4c9-8bf938c68bb5","/football/wi/d8f?9/18/2026","Follette","West","https://www.maxpreps.com/wi/madison-la-follette/football/","https://www.maxpreps.com/wi/madison-west/football/","",""
103,"Badger Lake Geneva vs Elkhorn",Football,"Wisconsin",9/18/2026,TBD,"The Elkhorn varsity football team has a game @ Badger Lake Geneva (Wisconsin).","/wi/football/game/badger-lake-geneva-vs-elkhorn/9-18-2026/?c=9ca04865-a3bc-4eb5-9b30-96a370d60dab","https://www.maxpreps.com/wi/football/game/badger-lake-geneva-vs-elkhorn/9-18-2026/?c=9ca04865-a3bc-4eb5-9b30-96a370d60dab","/football/wi/b08?9/18/2026","Geneva","Elkhorn","https://www.maxpreps.com/wi/badger-lake-geneva/football/","https://www.maxpreps.com/wi/elkhorn/football/","",""
104,"Kiel vs New Holstein",Football,"Wisconsin",9/18/2026,TBD,"The New Holstein varsity football team has a game @ Kiel (Wisconsin).","/wi/football/game/kiel-vs-new-holstein/9-18-2026/?c=1ba41d0b-e4de-4e0e-aa33-ea1b2ff04aa3","https://www.maxpreps.com/wi/football/game/kiel-vs-new-holstein/9-18-2026/?c=1ba41d0b-e4de-4e0e-aa33-ea1b2ff04aa3","/football/wi/7c5?9/18/2026","Kiel","Holstein","https://www.maxpreps.com/wi/kiel/football/","https://www.maxpreps.com/wi/new-holstein/football/","",""
105,"Milwaukee Academy Of Science vs St Francis",Football,"Wisconsin",9/18/2026,TBD,"The St Francis varsity football team has a game @ Milwaukee Academy Of Science (Wisconsin).","/wi/football/game/milwaukee-academy-of-science-vs-st-francis/9-18-2026/?c=d65a4ac3-009d-4eb1-b24e-986cc3b2cf3f","https://www.maxpreps.com/wi/football/game/milwaukee-academy-of-science-vs-st-francis/9-18-2026/?c=d65a4ac3-009d-4eb1-b24e-986cc3b2cf3f","/football/wi/100b?9/18/2026","Science","Francis","https://www.maxpreps.com/wi/milwaukee-academy-of-science/football/","https://www.maxpreps.com/wi/st-francis/football/","",""
106,"Belmont vs Monticello",Football,"Wisconsin",9/18/2026,TBD,"The Monticello varsity football team has a game @ Belmont (Wisconsin).","/wi/football/game/belmont-vs-monticello/9-18-2026/?c=d3e329e1-1354-405f-a0f7-62fdbd191ed4","https://www.maxpreps.com/wi/football/game/belmont-vs-monticello/9-18-2026/?c=d3e329e1-1354-405f-a0f7-62fdbd191ed4","/football/wi/86a?9/18/2026","Belmont","Monticello","https://www.maxpreps.com/wi/belmont/football/","https://www.maxpreps.com/wi/monticello/football/","",""
107,"Lancaster vs Richland Center",Football,"Wisconsin",9/18/2026,TBD,"The Richland Center varsity football team has a game @ Lancaster (Wisconsin).","/wi/football/game/lancaster-vs-richland-center/9-18-2026/?c=b8fc0405-87a0-4ee2-8dbd-9c12bfa69529","https://www.maxpreps.com/wi/football/game/lancaster-vs-richland-center/9-18-2026/?c=b8fc0405-87a0-4ee2-8dbd-9c12bfa69529","/football/wi/af3?9/18/2026","Lancaster","Center","https://www.maxpreps.com/wi/lancaster/football/","https://www.maxpreps.com/wi/richland-center/football/","",""
108,"Stratford vs Weyauwega Fremont",Football,"Wisconsin",9/18/2026,TBD,"The Weyauwega Fremont varsity football team has a game @ Stratford (Wisconsin).","/wi/football/game/stratford-vs-weyauwega-fremont/9-18-2026/?c=c2f99428-e76e-4d22-819f-cf4229dd24ab","https://www.maxpreps.com/wi/football/game/stratford-vs-weyauwega-fremont/9-18-2026/?c=c2f99428-e76e-4d22-819f-cf4229dd24ab","/football/wi/c13?9/18/2026","Stratford","Fremont","https://www.maxpreps.com/wi/stratford/football/","https://www.maxpreps.com/wi/weyauwega-fremont/football/","",""
109,"Hudson vs New Richmond",Football,"Wisconsin",9/18/2026,TBD,"The New Richmond varsity football team has a game @ Hudson (Wisconsin).","/wi/football/game/hudson-vs-new-richmond/9-18-2026/?c=29f78a29-b620-4073-8bf9-6d5e08257d6f","https://www.maxpreps.com/wi/football/game/hudson-vs-new-richmond/9-18-2026/?c=29f78a29-b620-4073-8bf9-6d5e08257d6f","/football/wi/89f?9/18/2026","Hudson","Richmond","https://www.maxpreps.com/wi/hudson/football/","https://www.maxpreps.com/wi/new-richmond/football/","",""
110,"Barron vs Spooner",Football,"Wisconsin",9/18/2026,TBD,"The Spooner varsity football team has a game @ Barron (Wisconsin).","/wi/football/game/barron-vs-spooner/9-18-2026/?c=34a6f9b2-c158-4d54-862a-94cd92faff10","https://www.maxpreps.com/wi/football/game/barron-vs-spooner/9-18-2026/?c=34a6f9b2-c158-4d54-862a-94cd92faff10","/football/wi/6cd?9/18/2026","Barron","Spooner","https://www.maxpreps.com/wi/barron/football/","https://www.maxpreps.com/wi/spooner/football/","",""
111,"Assumption Wisconsin Rapids vs Owen Withee",Football,"Wisconsin",9/18/2026,TBD,"The Owen Withee varsity football team has a game @ Assumption Wisconsin Rapids (Wisconsin).","/wi/football/game/assumption-wisconsin-rapids-vs-owen-withee/9-18-2026/?c=6db7b8de-f955-449a-b245-68699410515c","https://www.maxpreps.com/wi/football/game/assumption-wisconsin-rapids-vs-owen-withee/9-18-2026/?c=6db7b8de-f955-449a-b245-68699410515c","/football/wi/10bc?9/18/2026","Rapids","Withee","https://www.maxpreps.com/wi/assumption-wisconsin-rapids/football/","https://www.maxpreps.com/wi/owen-withee/football/","",""
112,"Chippewa Falls vs River Falls",Football,"Wisconsin",9/18/2026,TBD,"The River Falls varsity football team has a game @ Chippewa Falls (Wisconsin).","/wi/football/game/chippewa-falls-vs-river-falls/9-18-2026/?c=1f97d5f8-2905-4067-aebb-7db2f2144e3d","https://www.maxpreps.com/wi/football/game/chippewa-falls-vs-river-falls/9-18-2026/?c=1f97d5f8-2905-4067-aebb-7db2f2144e3d","/football/wi/b3a?9/18/2026","Falls","Falls","https://www.maxpreps.com/wi/chippewa-falls/football/","https://www.maxpreps.com/wi/river-falls/football/","",""
113,"Fort Atkinson vs Mount Horeb Barneveld",Football,"Wisconsin",9/18/2026,TBD,"The Mount Horeb Barneveld varsity football team has a game @ Fort Atkinson (Wisconsin).","/wi/football/game/fort-atkinson-vs-mount-horeb-barneveld/9-18-2026/?c=2421aad5-cec5-4428-bea2-f38aa52cb1b4","https://www.maxpreps.com/wi/football/game/fort-atkinson-vs-mount-horeb-barneveld/9-18-2026/?c=2421aad5-cec5-4428-bea2-f38aa52cb1b4","/football/wi/ee2?9/18/2026","Atkinson","Barneveld","https://www.maxpreps.com/wi/fort-atkinson/football/","https://www.maxpreps.com/wi/mount-horeb-barneveld/football/","",""
114,"Elk Mound vs Loyal Greenwood",Football,"Wisconsin",9/18/2026,TBD,"The Loyal Greenwood varsity football team has a game @ Elk Mound (Wisconsin).","/wi/football/game/elk-mound-vs-loyal-greenwood/9-18-2026/?c=7fcf4e9e-3056-4116-b622-7ddb1dcb9afd","https://www.maxpreps.com/wi/football/game/elk-mound-vs-loyal-greenwood/9-18-2026/?c=7fcf4e9e-3056-4116-b622-7ddb1dcb9afd","/football/wi/ae7?9/18/2026","Mound","Greenwood","https://www.maxpreps.com/wi/elk-mound/football/","https://www.maxpreps.com/wi/loyal-greenwood/football/","",""
115,"Marshall vs Waterloo",Football,"Wisconsin",9/18/2026,TBD,"The Waterloo varsity football team has a game @ Marshall (Wisconsin).","/wi/football/game/marshall-vs-waterloo/9-18-2026/?c=a11bfcf3-27ae-4c89-bd03-a714ade785de","https://www.maxpreps.com/wi/football/game/marshall-vs-waterloo/9-18-2026/?c=a11bfcf3-27ae-4c89-bd03-a714ade785de","/football/wi/804?9/18/2026","Marshall","Waterloo","https://www.maxpreps.com/wi/marshall/football/","https://www.maxpreps.com/wi/waterloo/football/","",""
116,"Pardeeville vs Poynette",Football,"Wisconsin",9/18/2026,TBD,"The Poynette varsity football team has a game @ Pardeeville (Wisconsin).","/wi/football/game/pardeeville-vs-poynette/9-18-2026/?c=11563266-4225-4e2e-960d-cca821d04422","https://www.maxpreps.com/wi/football/game/pardeeville-vs-poynette/9-18-2026/?c=11563266-4225-4e2e-960d-cca821d04422","/football/wi/948?9/18/2026","Pardeeville","Poynette","https://www.maxpreps.com/wi/pardeeville/football/","https://www.maxpreps.com/wi/poynette/football/","",""
117,"Adams Friendship vs Waupun",Football,"Wisconsin",9/18/2026,TBD,"The Waupun varsity football team has a game @ Adams Friendship (Wisconsin).","/wi/football/game/adams-friendship-vs-waupun/9-18-2026/?c=5e3aa9a5-70e2-4485-83cd-af516970c125","https://www.maxpreps.com/wi/football/game/adams-friendship-vs-waupun/9-18-2026/?c=5e3aa9a5-70e2-4485-83cd-af516970c125","/football/wi/a42?9/18/2026","Friendship","Waupun","https://www.maxpreps.com/wi/adams-friendship/football/","https://www.maxpreps.com/wi/waupun/football/","",""
118,"Lake Country Lutheran Hartland vs St Catherines Racine",Football,"Wisconsin",9/18/2026,TBD,"The St Catherines Racine varsity football team has a game @ Lake Country Lutheran Hartland (Wisconsin).","/wi/football/game/lake-country-lutheran-hartland-vs-st-catherines-racine/9-18-2026/?c=b01acd5d-504c-4af7-9081-085f01a5157f","https://www.maxpreps.com/wi/football/game/lake-country-lutheran-hartland-vs-st-catherines-racine/9-18-2026/?c=b01acd5d-504c-4af7-9081-085f01a5157f","/football/wi/1505?9/18/2026","Hartland","Racine","https://www.maxpreps.com/wi/lake-country-lutheran-hartland/football/","https://www.maxpreps.com/wi/st-catherines-racine/football/","",""
119,"Fall Creek vs Neillsville Granton",Football,"Wisconsin",9/18/2026,TBD,"The Neillsville Granton varsity football team has a game @ Fall Creek (Wisconsin).","/wi/football/game/fall-creek-vs-neillsville-granton/9-18-2026/?c=de4267b4-0329-40b6-8072-959287b992d6","https://www.maxpreps.com/wi/football/game/fall-creek-vs-neillsville-granton/9-18-2026/?c=de4267b4-0329-40b6-8072-959287b992d6","/football/wi/ce2?9/18/2026","Creek","Granton","https://www.maxpreps.com/wi/fall-creek/football/","https://www.maxpreps.com/wi/neillsville-granton/football/","",""
120,"Lake Mills vs Lodi",Football,"Wisconsin",9/18/2026,TBD,"The Lodi varsity football team has a game @ Lake Mills (Wisconsin).","/wi/football/game/lake-mills-vs-lodi/9-18-2026/?c=7499dc80-a6ee-4801-84a4-0f4ecb6dc7f8","https://www.maxpreps.com/wi/football/game/lake-mills-vs-lodi/9-18-2026/?c=7499dc80-a6ee-4801-84a4-0f4ecb6dc7f8","/football/wi/6d6?9/18/2026","Mills","Lodi","https://www.maxpreps.com/wi/lake-mills/football/","https://www.maxpreps.com/wi/lodi/football/","",""
121,"Milton vs Oregon",Football,"Wisconsin",9/18/2026,TBD,"The Oregon varsity football team has a game @ Milton (Wisconsin).","/wi/football/game/milton-vs-oregon/9-18-2026/?c=5fdb2ae7-f5ee-4b3b-ad38-ba9117f81510","https://www.maxpreps.com/wi/football/game/milton-vs-oregon/9-18-2026/?c=5fdb2ae7-f5ee-4b3b-ad38-ba9117f81510","/football/wi/660?9/18/2026","Milton","Oregon","https://www.maxpreps.com/wi/milton/football/","https://www.maxpreps.com/wi/oregon/football/","",""
122,"Greendale vs West Allis Central",Football,"Wisconsin",9/18/2026,TBD,"The West Allis Central varsity football team has a game @ Greendale (Wisconsin).","/wi/football/game/greendale-vs-west-allis-central/9-18-2026/?c=1342f4c4-e336-4904-a81d-0b7e47a65d67","https://www.maxpreps.com/wi/football/game/greendale-vs-west-allis-central/9-18-2026/?c=1342f4c4-e336-4904-a81d-0b7e47a65d67","/football/wi/c05?9/18/2026","Greendale","Central","https://www.maxpreps.com/wi/greendale/football/","https://www.maxpreps.com/wi/west-allis-central/football/","",""
123,"Evansville vs Whitewater",Football,"Wisconsin",9/18/2026,TBD,"The Whitewater varsity football team has a game @ Evansville (Wisconsin).","/wi/football/game/evansville-vs-whitewater/9-18-2026/?c=71cafff3-a10f-4f95-aa90-e86f012e6588","https://www.maxpreps.com/wi/football/game/evansville-vs-whitewater/9-18-2026/?c=71cafff3-a10f-4f95-aa90-e86f012e6588","/football/wi/9c0?9/18/2026","Evansville","Whitewater","https://www.maxpreps.com/wi/evansville/football/","https://www.maxpreps.com/wi/whitewater/football/","",""
124,"Colfax vs Osseo Fairchild",Football,"Wisconsin",9/18/2026,TBD,"The Osseo Fairchild varsity football team has a game @ Colfax (Wisconsin).","/wi/football/game/colfax-vs-osseo-fairchild/9-18-2026/?c=1855ef89-24a8-421d-838a-e762829c2e1a","https://www.maxpreps.com/wi/football/game/colfax-vs-osseo-fairchild/9-18-2026/?c=1855ef89-24a8-421d-838a-e762829c2e1a","/football/wi/9bc?9/18/2026","Colfax","Fairchild","https://www.maxpreps.com/wi/colfax/football/","https://www.maxpreps.com/wi/osseo-fairchild/football/","",""
125,"Luxemburg Casco vs Wrightstown",Football,"Wisconsin",9/18/2026,TBD,"The Wrightstown varsity football team has a game @ Luxemburg Casco (Wisconsin).","/wi/football/game/luxemburg-casco-vs-wrightstown/9-18-2026/?c=327549d3-2a5e-4d54-a69c-3cd2537585bc","https://www.maxpreps.com/wi/football/game/luxemburg-casco-vs-wrightstown/9-18-2026/?c=327549d3-2a5e-4d54-a69c-3cd2537585bc","/football/wi/c24?9/18/2026","Casco","Wrightstown","https://www.maxpreps.com/wi/luxemburg-casco/football/","https://www.maxpreps.com/wi/wrightstown/football/","",""
126,"Milwaukee King vs Oak Creek",Football,"Wisconsin",9/18/2026,TBD,"The Oak Creek varsity football team has a game @ Milwaukee King (Wisconsin).","/wi/football/game/milwaukee-king-vs-oak-creek/9-18-2026/?c=d975eb1d-b738-4025-b27b-76a87d1b979d","https://www.maxpreps.com/wi/football/game/milwaukee-king-vs-oak-creek/9-18-2026/?c=d975eb1d-b738-4025-b27b-76a87d1b979d","/football/wi/a4f?9/18/2026","King","Creek","https://www.maxpreps.com/wi/milwaukee-king/football/","https://www.maxpreps.com/wi/oak-creek/football/","",""
127,"Janesville Parker vs Verona",Football,"Wisconsin",9/18/2026,TBD,"The Verona varsity football team has a game @ Janesville Parker (Wisconsin).","/wi/football/game/janesville-parker-vs-verona/9-18-2026/?c=c70392ba-1048-474e-bc25-a1d770e66a7f","https://www.maxpreps.com/wi/football/game/janesville-parker-vs-verona/9-18-2026/?c=c70392ba-1048-474e-bc25-a1d770e66a7f","/football/wi/aad?9/18/2026","Parker","Verona","https://www.maxpreps.com/wi/janesville-parker/football/","https://www.maxpreps.com/wi/verona/football/","",""
128,"Cedarburg vs Homestead Mequon",Football,"Wisconsin",9/18/2026,TBD,"The Homestead Mequon varsity football team has a game @ Cedarburg (Wisconsin).","/wi/football/game/cedarburg-vs-homestead-mequon/9-18-2026/?c=632fc2b4-66e6-48b6-88aa-11f221fdc11f","https://www.maxpreps.com/wi/football/game/cedarburg-vs-homestead-mequon/9-18-2026/?c=632fc2b4-66e6-48b6-88aa-11f221fdc11f","/football/wi/b6e?9/18/2026","Cedarburg","Mequon","https://www.maxpreps.com/wi/cedarburg/football/","https://www.maxpreps.com/wi/homestead-mequon/football/","",""
129,"Florence vs Wausaukee",Football,"Wisconsin",9/18/2026,TBD,"The Wausaukee varsity football team has a game @ Florence (Wisconsin).","/wi/football/game/florence-vs-wausaukee/9-18-2026/?c=21cc7ace-7ce5-41e3-9d6f-414b2c78f452","https://www.maxpreps.com/wi/football/game/florence-vs-wausaukee/9-18-2026/?c=21cc7ace-7ce5-41e3-9d6f-414b2c78f452","/football/wi/85c?9/18/2026","Florence","Wausaukee","https://www.maxpreps.com/wi/florence/football/","https://www.maxpreps.com/wi/wausaukee/football/","",""
130,"Manawa vs Northland Pines Eagle River",Football,"Wisconsin",9/18/2026,TBD,"The Northland Pines Eagle River varsity football team has a game @ Manawa (Wisconsin).","/wi/football/game/manawa-vs-northland-pines-eagle-river/9-18-2026/?c=1534df87-89e2-405f-8c31-6bb93d79d17f","https://www.maxpreps.com/wi/football/game/manawa-vs-northland-pines-eagle-river/9-18-2026/?c=1534df87-89e2-405f-8c31-6bb93d79d17f","/football/wi/e4e?9/18/2026","Manawa","River","https://www.maxpreps.com/wi/manawa/football/","https://www.maxpreps.com/wi/northland-pines-eagle-river/football/","",""
131,"Denmark vs Shawano Community",Football,"Wisconsin",9/18/2026,TBD,"The Shawano Community varsity football team has a game @ Denmark (Wisconsin).","/wi/football/game/denmark-vs-shawano-community/9-18-2026/?c=721e5635-20b5-441a-b657-cd40118a3ec0","https://www.maxpreps.com/wi/football/game/denmark-vs-shawano-community/9-18-2026/?c=721e5635-20b5-441a-b657-cd40118a3ec0","/football/wi/b28?9/18/2026","Denmark","Community","https://www.maxpreps.com/wi/denmark/football/","https://www.maxpreps.com/wi/shawano-community/football/","",""
132,"La Crosse Central vs La Crosse Logan",Football,"Wisconsin",9/18/2026,TBD,"The La Crosse Logan varsity football team has a game @ La Crosse Central (Wisconsin).","/wi/football/game/la-crosse-central-vs-la-crosse-logan/9-18-2026/?c=9ba291a7-27b5-48b0-a911-80bcd5e440b7","https://www.maxpreps.com/wi/football/game/la-crosse-central-vs-la-crosse-logan/9-18-2026/?c=9ba291a7-27b5-48b0-a911-80bcd5e440b7","/football/wi/da9?9/18/2026","Central","Logan","https://www.maxpreps.com/wi/la-crosse-central/football/","https://www.maxpreps.com/wi/la-crosse-logan/football/","",""
133,"Kewaunee vs Sturgeon Bay",Football,"Wisconsin",9/18/2026,TBD,"The Sturgeon Bay varsity football team has a game @ Kewaunee (Wisconsin).","/wi/football/game/kewaunee-vs-sturgeon-bay/9-18-2026/?c=776d8c45-19e7-4a84-b8f3-68c6d0cba1b9","https://www.maxpreps.com/wi/football/game/kewaunee-vs-sturgeon-bay/9-18-2026/?c=776d8c45-19e7-4a84-b8f3-68c6d0cba1b9","/football/wi/978?9/18/2026","Kewaunee","Bay","https://www.maxpreps.com/wi/kewaunee/football/","https://www.maxpreps.com/wi/sturgeon-bay/football/","",""
134,"Crandon vs Shiocton",Football,"Wisconsin",9/18/2026,TBD,"The Shiocton varsity football team has a game @ Crandon (Wisconsin).","/wi/football/game/crandon-vs-shiocton/9-18-2026/?c=a304baf9-c2af-4e3e-8bbc-3019088fff0d","https://www.maxpreps.com/wi/football/game/crandon-vs-shiocton/9-18-2026/?c=a304baf9-c2af-4e3e-8bbc-3019088fff0d","/football/wi/78f?9/18/2026","Crandon","Shiocton","https://www.maxpreps.com/wi/crandon/football/","https://www.maxpreps.com/wi/shiocton/football/","",""
135,"Chilton vs Two Rivers",Football,"Wisconsin",9/18/2026,TBD,"The Two Rivers varsity football team has a game @ Chilton (Wisconsin).","/wi/football/game/chilton-vs-two-rivers/9-18-2026/?c=4b8b3dfe-2544-4d4b-92c8-02f03b990782","https://www.maxpreps.com/wi/football/game/chilton-vs-two-rivers/9-18-2026/?c=4b8b3dfe-2544-4d4b-92c8-02f03b990782","/football/wi/856?9/18/2026","Chilton","Rivers","https://www.maxpreps.com/wi/chilton/football/","https://www.maxpreps.com/wi/two-rivers/football/","",""
136,"Berlin vs Mauston",Football,"Wisconsin",9/18/2026,TBD,"The Mauston varsity football team has a game @ Berlin (Wisconsin).","/wi/football/game/berlin-vs-mauston/9-18-2026/?c=b9b6232b-b19f-4927-ae94-c0c1f60176ca","https://www.maxpreps.com/wi/football/game/berlin-vs-mauston/9-18-2026/?c=b9b6232b-b19f-4927-ae94-c0c1f60176ca","/football/wi/6c6?9/18/2026","Berlin","Mauston","https://www.maxpreps.com/wi/berlin/football/","https://www.maxpreps.com/wi/mauston/football/","",""
137,"Slinger vs Whitefish Bay",Football,"Wisconsin",9/18/2026,TBD,"The Whitefish Bay varsity football team has a game @ Slinger (Wisconsin).","/wi/football/game/slinger-vs-whitefish-bay/9-18-2026/?c=3b6d762f-ac52-4a35-96d8-ee903aca5e01","https://www.maxpreps.com/wi/football/game/slinger-vs-whitefish-bay/9-18-2026/?c=3b6d762f-ac52-4a35-96d8-ee903aca5e01","/football/wi/96b?9/18/2026","Slinger","Bay","https://www.maxpreps.com/wi/slinger/football/","https://www.maxpreps.com/wi/whitefish-bay/football/","",""
138,"Milwaukee Hamilton Audubon vs Milwaukee School Of Languages",Football,"Wisconsin",9/18/2026,TBD,"The Milwaukee School Of Languages varsity football team has a game @ Milwaukee Hamilton Audubon (Wisconsin).","/wi/football/game/milwaukee-hamilton-audubon-vs-milwaukee-school-of-languages/9-18-2026/?c=58fa44b4-1dd3-4232-b98b-9e7358f15d3d","https://www.maxpreps.com/wi/football/game/milwaukee-hamilton-audubon-vs-milwaukee-school-of-languages/9-18-2026/?c=58fa44b4-1dd3-4232-b98b-9e7358f15d3d","/football/wi/170a?9/18/2026","Audubon","Languages","https://www.maxpreps.com/wi/milwaukee-hamilton-audubon/football/","https://www.maxpreps.com/wi/milwaukee-school-of-languages/football/","",""
139,"Lena Aquinas vs Suring",Football,"Wisconsin",9/18/2026,TBD,"The Suring varsity football team has a game @ Lena Aquinas (Wisconsin).","/wi/football/game/lena-aquinas-vs-suring/9-18-2026/?c=a5fa5399-400f-4ff1-b71d-78b4e51026ee","https://www.maxpreps.com/wi/football/game/lena-aquinas-vs-suring/9-18-2026/?c=a5fa5399-400f-4ff1-b71d-78b4e51026ee","/football/wi/89a?9/18/2026","Aquinas","Suring","https://www.maxpreps.com/wi/lena-aquinas/football/","https://www.maxpreps.com/wi/suring/football/","",""
140,"Spencer Columbus vs Wittenberg Birnamwood",Football,"Wisconsin",9/18/2026,TBD,"The Wittenberg Birnamwood varsity football team has a game @ Spencer Columbus (Wisconsin).","/wi/football/game/spencer-columbus-vs-wittenberg-birnamwood/9-18-2026/?c=98167951-e0bd-40d9-acfd-e3cfad3c0769","https://www.maxpreps.com/wi/football/game/spencer-columbus-vs-wittenberg-birnamwood/9-18-2026/?c=98167951-e0bd-40d9-acfd-e3cfad3c0769","/football/wi/1064?9/18/2026","Columbus","Birnamwood","https://www.maxpreps.com/wi/spencer-columbus/football/","https://www.maxpreps.com/wi/wittenberg-birnamwood/football/","",""
141,"Grafton vs Kewaskum",Football,"Wisconsin",9/18/2026,TBD,"The Kewaskum varsity football team has a game @ Grafton (Wisconsin).","/wi/football/game/grafton-vs-kewaskum/9-18-2026/?c=9882396c-f34d-4cc7-9216-090210d8656f","https://www.maxpreps.com/wi/football/game/grafton-vs-kewaskum/9-18-2026/?c=9882396c-f34d-4cc7-9216-090210d8656f","/football/wi/79c?9/18/2026","Grafton","Kewaskum","https://www.maxpreps.com/wi/grafton/football/","https://www.maxpreps.com/wi/kewaskum/football/","",""
142,"Altoona vs Prescott",Football,"Wisconsin",9/18/2026,TBD,"The Prescott varsity football team has a game @ Altoona (Wisconsin).","/wi/football/game/altoona-vs-prescott/9-18-2026/?c=7cf6cbbd-55da-4d71-9f78-18911a601150","https://www.maxpreps.com/wi/football/game/altoona-vs-prescott/9-18-2026/?c=7cf6cbbd-55da-4d71-9f78-18911a601150","/football/wi/7a5?9/18/2026","Altoona","Prescott","https://www.maxpreps.com/wi/altoona/football/","https://www.maxpreps.com/wi/prescott/football/","",""
143,"Menomonee Falls vs Wisconsin Lutheran Milwaukee",Football,"Wisconsin",9/18/2026,TBD,"The Wisconsin Lutheran Milwaukee varsity football team has a game @ Menomonee Falls (Wisconsin).","/wi/football/game/menomonee-falls-vs-wisconsin-lutheran-milwaukee/9-18-2026/?c=cdc6bbcc-7269-413d-839a-0fc6fb824cd1","https://www.maxpreps.com/wi/football/game/menomonee-falls-vs-wisconsin-lutheran-milwaukee/9-18-2026/?c=cdc6bbcc-7269-413d-839a-0fc6fb824cd1","/football/wi/12a3?9/18/2026","Falls","Milwaukee","https://www.maxpreps.com/wi/menomonee-falls/football/","https://www.maxpreps.com/wi/wisconsin-lutheran-milwaukee/football/","",""
144,"New Berlin West vs Waukesha South",Football,"Wisconsin",9/18/2026,TBD,"The Waukesha South varsity football team has a game @ New Berlin West (Wisconsin).","/wi/football/game/new-berlin-west-vs-waukesha-south/9-18-2026/?c=3ab65018-69ab-4c1c-a786-574fd87b269d","https://www.maxpreps.com/wi/football/game/new-berlin-west-vs-waukesha-south/9-18-2026/?c=3ab65018-69ab-4c1c-a786-574fd87b269d","/football/wi/cdf?9/18/2026","West","South","https://www.maxpreps.com/wi/new-berlin-west/football/","https://www.maxpreps.com/wi/waukesha-south/football/","",""
145,"Baraboo vs Onalaska",Football,"Wisconsin",9/18/2026,TBD,"The Onalaska varsity football team has a game @ Baraboo (Wisconsin).","/wi/football/game/baraboo-vs-onalaska/9-18-2026/?c=52aefa68-4763-422a-bea1-f5ba90ee7863","https://www.maxpreps.com/wi/football/game/baraboo-vs-onalaska/9-18-2026/?c=52aefa68-4763-422a-bea1-f5ba90ee7863","/football/wi/763?9/18/2026","Baraboo","Onalaska","https://www.maxpreps.com/wi/baraboo/football/","https://www.maxpreps.com/wi/onalaska/football/","",""
146,"Green Bay West vs Menasha",Football,"Wisconsin",9/18/2026,TBD,"The Menasha varsity football team has a game @ Green Bay West (Wisconsin).","/wi/football/game/green-bay-west-vs-menasha/9-18-2026/?c=69e8f825-5fad-4f50-9b9b-aeb3b4adcf75","https://www.maxpreps.com/wi/football/game/green-bay-west-vs-menasha/9-18-2026/?c=69e8f825-5fad-4f50-9b9b-aeb3b4adcf75","/football/wi/98a?9/18/2026","West","Menasha","https://www.maxpreps.com/wi/green-bay-west/football/","https://www.maxpreps.com/wi/menasha/football/","",""
147,"St Mary Catholic Neenah vs Valders",Football,"Wisconsin",9/18/2026,TBD,"The Valders varsity football team has a game @ St Mary Catholic Neenah (Wisconsin).","/wi/football/game/st-mary-catholic-neenah-vs-valders/9-18-2026/?c=136e89ae-de97-463a-997a-e1886d092c84","https://www.maxpreps.com/wi/football/game/st-mary-catholic-neenah-vs-valders/9-18-2026/?c=136e89ae-de97-463a-997a-e1886d092c84","/football/wi/d11?9/18/2026","Neenah","Valders","https://www.maxpreps.com/wi/st-mary-catholic-neenah/football/","https://www.maxpreps.com/wi/valders/football/","",""
148,"Brodhead Juda vs Platteville",Football,"Wisconsin",9/18/2026,TBD,"The Platteville varsity football team has a game @ Brodhead Juda (Wisconsin).","/wi/football/game/brodhead-juda-vs-platteville/9-18-2026/?c=59196b78-a8cb-4f7b-98d1-12b9defde6fc","https://www.maxpreps.com/wi/football/game/brodhead-juda-vs-platteville/9-18-2026/?c=59196b78-a8cb-4f7b-98d1-12b9defde6fc","/football/wi/af3?9/18/2026","Juda","Platteville","https://www.maxpreps.com/wi/brodhead-juda/football/","https://www.maxpreps.com/wi/platteville/football/","",""
149,"New Lisbon vs Royall Elroy",Football,"Wisconsin",9/18/2026,TBD,"The Royall Elroy varsity football team has a game @ New Lisbon (Wisconsin).","/wi/football/game/new-lisbon-vs-royall-elroy/9-18-2026/?c=09348e02-672a-480b-b83f-7ac06b56f971","https://www.maxpreps.com/wi/football/game/new-lisbon-vs-royall-elroy/9-18-2026/?c=09348e02-672a-480b-b83f-7ac06b56f971","/football/wi/a2c?9/18/2026","Lisbon","Elroy","https://www.maxpreps.com/wi/new-lisbon/football/","https://www.maxpreps.com/wi/royall-elroy/football/","",""
150,"Edgewood Eddie Edgewood Madison vs Sauk Prairie Prairie Du Sac",Football,"Wisconsin",9/18/2026,TBD,"The Sauk Prairie Prairie Du Sac varsity football team has a game @ Edgewood Eddie Edgewood Madison (Wisconsin).","/wi/football/game/edgewood-eddie-edgewood-madison-vs-sauk-prairie-prairie-du-sac/9-18-2026/?c=0b364aa9-c8b5-41ff-8727-3b472f2e0fec","https://www.maxpreps.com/wi/football/game/edgewood-eddie-edgewood-madison-vs-sauk-prairie-prairie-du-sac/9-18-2026/?c=0b364aa9-c8b5-41ff-8727-3b472f2e0fec","/football/wi/179c?9/18/2026","Madison","Sac","https://www.maxpreps.com/wi/edgewood-eddie-edgewood-madison/football/","https://www.maxpreps.com/wi/sauk-prairie-prairie-du-sac/football/","",""
151,"Elmwood Plum City vs Spring Valley",Football,"Wisconsin",9/18/2026,TBD,"The Spring Valley varsity football team has a game @ Elmwood Plum City (Wisconsin).","/wi/football/game/elmwood-plum-city-vs-spring-valley/9-18-2026/?c=f409c620-bf01-45ac-9a8b-eca2baafe0a1","https://www.maxpreps.com/wi/football/game/elmwood-plum-city-vs-spring-valley/9-18-2026/?c=f409c620-bf01-45ac-9a8b-eca2baafe0a1","/football/wi/d58?9/18/2026","City","Valley","https://www.maxpreps.com/wi/elmwood-plum-city/football/","https://www.maxpreps.com/wi/spring-valley/football/","",""
152,"Greenfield vs Whitnall Greenfield",Football,"Wisconsin",9/18/2026,TBD,"The Whitnall Greenfield varsity football team has a game @ Greenfield (Wisconsin).","/wi/football/game/greenfield-vs-whitnall-greenfield/9-18-2026/?c=f9cde502-afc0-45fc-a228-7ce799d4a4d9","https://www.maxpreps.com/wi/football/game/greenfield-vs-whitnall-greenfield/9-18-2026/?c=f9cde502-afc0-45fc-a228-7ce799d4a4d9","/football/wi/cfd?9/18/2026","Greenfield","Greenfield","https://www.maxpreps.com/wi/greenfield/football/","https://www.maxpreps.com/wi/whitnall-greenfield/football/","",""
153,"Cashton vs Hillsboro",Football,"Wisconsin",9/18/2026,TBD,"The Hillsboro varsity football team has a game @ Cashton (Wisconsin).","/wi/football/game/cashton-vs-hillsboro/9-18-2026/?c=63d0fefb-effa-42ab-9342-8d02989f4070","https://www.maxpreps.com/wi/football/game/cashton-vs-hillsboro/9-18-2026/?c=63d0fefb-effa-42ab-9342-8d02989f4070","/football/wi/801?9/18/2026","Cashton","Hillsboro","https://www.maxpreps.com/wi/cashton/football/","https://www.maxpreps.com/wi/hillsboro/football/","",""
154,"Cochrane Fountain City vs Pepin Alma",Football,"Wisconsin",9/18/2026,TBD,"The Pepin Alma varsity football team has a game @ Cochrane Fountain City (Wisconsin).","/wi/football/game/cochrane-fountain-city-vs-pepin-alma/9-18-2026/?c=87b1da6c-6d22-416a-809c-45d183fc0e94","https://www.maxpreps.com/wi/football/game/cochrane-fountain-city-vs-pepin-alma/9-18-2026/?c=87b1da6c-6d22-416a-809c-45d183fc0e94","/football/wi/de1?9/18/2026","City","Alma","https://www.maxpreps.com/wi/cochrane-fountain-city/football/","https://www.maxpreps.com/wi/pepin-alma/football/","",""
155,"Darlington vs Southwestern Hazel Green",Football,"Wisconsin",9/18/2026,TBD,"The Southwestern Hazel Green varsity football team has a game @ Darlington (Wisconsin).","/wi/football/game/darlington-vs-southwestern-hazel-green/9-18-2026/?c=b8d6864e-2363-4cc0-8497-b58c9b1cc355","https://www.maxpreps.com/wi/football/game/darlington-vs-southwestern-hazel-green/9-18-2026/?c=b8d6864e-2363-4cc0-8497-b58c9b1cc355","/football/wi/f2f?9/18/2026","Darlington","Green","https://www.maxpreps.com/wi/darlington/football/","https://www.maxpreps.com/wi/southwestern-hazel-green/football/","",""
156,"Argyle Pecatonica Blanchardville vs Riverdale Muscoda",Football,"Wisconsin",9/18/2026,TBD,"The Riverdale Muscoda varsity football team has a game @ Argyle Pecatonica Blanchardville (Wisconsin).","/wi/football/game/argyle-pecatonica-blanchardville-vs-riverdale-muscoda/9-18-2026/?c=02adbcd2-3952-483f-8821-e6688a461a5e","https://www.maxpreps.com/wi/football/game/argyle-pecatonica-blanchardville-vs-riverdale-muscoda/9-18-2026/?c=02adbcd2-3952-483f-8821-e6688a461a5e","/football/wi/14ca?9/18/2026","Blanchardville","Muscoda","https://www.maxpreps.com/wi/argyle-pecatonica-blanchardville/football/","https://www.maxpreps.com/wi/riverdale-muscoda/football/","",""
157,"Mcfarland vs Monroe",Football,"Wisconsin",9/18/2026,TBD,"The Monroe varsity football team has a game @ Mcfarland (Wisconsin).","/wi/football/game/mcfarland-vs-monroe/9-18-2026/?c=39bf31e3-0147-4154-adc3-e24b92bb9ada","https://www.maxpreps.com/wi/football/game/mcfarland-vs-monroe/9-18-2026/?c=39bf31e3-0147-4154-adc3-e24b92bb9ada","/football/wi/77b?9/18/2026","Mcfarland","Monroe","https://www.maxpreps.com/wi/mcfarland/football/","https://www.maxpreps.com/wi/monroe/football/","",""
158,"Blair Taylor vs Eleva Strum",Football,"Wisconsin",9/18/2026,TBD,"The Eleva Strum varsity football team has a game @ Blair Taylor (Wisconsin).","/wi/football/game/blair-taylor-vs-eleva-strum/9-18-2026/?c=7dae3c86-fb7a-44ec-8ea4-bb1d4de2c505","https://www.maxpreps.com/wi/football/game/blair-taylor-vs-eleva-strum/9-18-2026/?c=7dae3c86-fb7a-44ec-8ea4-bb1d4de2c505","/football/wi/a8a?9/18/2026","Taylor","Strum","https://www.maxpreps.com/wi/blair-taylor/football/","https://www.maxpreps.com/wi/eleva-strum/football/","",""
159,"Viroqua vs Westby",Football,"Wisconsin",9/18/2026,TBD,"The Westby varsity football team has a game @ Viroqua (Wisconsin).","/wi/football/game/viroqua-vs-westby/9-18-2026/?c=54a85522-f81f-40f7-b85e-089b7b3ba16a","https://www.maxpreps.com/wi/football/game/viroqua-vs-westby/9-18-2026/?c=54a85522-f81f-40f7-b85e-089b7b3ba16a","/football/wi/6e8?9/18/2026","Viroqua","Westby","https://www.maxpreps.com/wi/viroqua/football/","https://www.maxpreps.com/wi/westby/football/","",""
160,"Ashland vs St Croix Falls",Football,"Wisconsin",9/18/2026,TBD,"The St Croix Falls varsity football team has a game @ Ashland (Wisconsin).","/wi/football/game/ashland-vs-st-croix-falls/9-18-2026/?c=d1a5bce9-3d93-4c13-970d-0ecae2b7de06","https://www.maxpreps.com/wi/football/game/ashland-vs-st-croix-falls/9-18-2026/?c=d1a5bce9-3d93-4c13-970d-0ecae2b7de06","/football/wi/996?9/18/2026","Ashland","Falls","https://www.maxpreps.com/wi/ashland/football/","https://www.maxpreps.com/wi/st-croix-falls/football/","",""
161,"Frederic vs Luck",Football,"Wisconsin",9/18/2026,TBD,"The Luck varsity football team has a game @ Frederic (Wisconsin).","/wi/football/game/frederic-vs-luck/9-18-2026/?c=fd458fad-7709-4a92-af94-25530f19fd32","https://www.maxpreps.com/wi/football/game/frederic-vs-luck/9-18-2026/?c=fd458fad-7709-4a92-af94-25530f19fd32","/football/wi/636?9/18/2026","Frederic","Luck","https://www.maxpreps.com/wi/frederic/football/","https://www.maxpreps.com/wi/luck/football/","",""
162,"Brookfield Academy vs Living Word Lutheran Jackson",Football,"Wisconsin",9/18/2026,TBD,"The Living Word Lutheran Jackson varsity football team has a game @ Brookfield Academy (Wisconsin).","/wi/football/game/brookfield-academy-vs-living-word-lutheran-jackson/9-18-2026/?c=dae061cb-b60e-46d9-9eae-8a79e3758f8c","https://www.maxpreps.com/wi/football/game/brookfield-academy-vs-living-word-lutheran-jackson/9-18-2026/?c=dae061cb-b60e-46d9-9eae-8a79e3758f8c","/football/wi/137d?9/18/2026","Academy","Jackson","https://www.maxpreps.com/wi/brookfield-academy/football/","https://www.maxpreps.com/wi/living-word-lutheran-jackson/football/","",""
163,"Prairie Du Chien vs River Valley Spring Green",Football,"Wisconsin",9/18/2026,TBD,"The River Valley Spring Green varsity football team has a game @ Prairie Du Chien (Wisconsin).","/wi/football/game/prairie-du-chien-vs-river-valley-spring-green/9-18-2026/?c=9b53953d-d8e4-44bb-8576-a43d63cd4111","https://www.maxpreps.com/wi/football/game/prairie-du-chien-vs-river-valley-spring-green/9-18-2026/?c=9b53953d-d8e4-44bb-8576-a43d63cd4111","/football/wi/1149?9/18/2026","Chien","Green","https://www.maxpreps.com/wi/prairie-du-chien/football/","https://www.maxpreps.com/wi/river-valley-spring-green/football/","",""
164,"Black River Falls vs West Salem",Football,"Wisconsin",9/18/2026,TBD,"The West Salem varsity football team has a game @ Black River Falls (Wisconsin).","/wi/football/game/black-river-falls-vs-west-salem/9-18-2026/?c=1e1f16cc-f180-4271-8c49-a50f522dd1dc","https://www.maxpreps.com/wi/football/game/black-river-falls-vs-west-salem/9-18-2026/?c=1e1f16cc-f180-4271-8c49-a50f522dd1dc","/football/wi/bd6?9/18/2026","Falls","Salem","https://www.maxpreps.com/wi/black-river-falls/football/","https://www.maxpreps.com/wi/west-salem/football/","",""
165,"Belleville vs Horicon Hustisford",Football,"Wisconsin",9/18/2026,TBD,"The Horicon Hustisford varsity football team has a game @ Belleville (Wisconsin).","/wi/football/game/belleville-vs-horicon-hustisford/9-18-2026/?c=50fd112c-f1c4-438f-bc3b-7fe6967b3970","https://www.maxpreps.com/wi/football/game/belleville-vs-horicon-hustisford/9-18-2026/?c=50fd112c-f1c4-438f-bc3b-7fe6967b3970","/football/wi/ccd?9/18/2026","Belleville","Hustisford","https://www.maxpreps.com/wi/belleville/football/","https://www.maxpreps.com/wi/horicon-hustisford/football/","",""
166,"Lourdes Academy Oshkosh vs Westfield Area",Football,"Wisconsin",9/18/2026,TBD,"The Westfield Area varsity football team has a game @ Lourdes Academy Oshkosh (Wisconsin).","/wi/football/game/lourdes-academy-oshkosh-vs-westfield-area/9-18-2026/?c=5e69a0f0-69ae-472f-a760-2f0188813685","https://www.maxpreps.com/wi/football/game/lourdes-academy-oshkosh-vs-westfield-area/9-18-2026/?c=5e69a0f0-69ae-472f-a760-2f0188813685","/football/wi/ffb?9/18/2026","Oshkosh","Area","https://www.maxpreps.com/wi/lourdes-academy-oshkosh/football/","https://www.maxpreps.com/wi/westfield-area/football/","",""
167,"Oakfield vs Palmyra Eagle",Football,"Wisconsin",9/18/2026,TBD,"The Palmyra Eagle varsity football team has a game @ Oakfield (Wisconsin).","/wi/football/game/oakfield-vs-palmyra-eagle/9-18-2026/?c=7e98512e-c019-4395-a4e6-5031d059b5bd","https://www.maxpreps.com/wi/football/game/oakfield-vs-palmyra-eagle/9-18-2026/?c=7e98512e-c019-4395-a4e6-5031d059b5bd","/football/wi/9a3?9/18/2026","Oakfield","Eagle","https://www.maxpreps.com/wi/oakfield/football/","https://www.maxpreps.com/wi/palmyra-eagle/football/","",""
168,"Clintonville vs Crivitz",Football,"Wisconsin",9/18/2026,TBD,"The Crivitz varsity football team has a game @ Clintonville (Wisconsin).","/wi/football/game/clintonville-vs-crivitz/9-18-2026/?c=def1d563-0788-440a-b66d-bf48be5818aa","https://www.maxpreps.com/wi/football/game/clintonville-vs-crivitz/9-18-2026/?c=def1d563-0788-440a-b66d-bf48be5818aa","/football/wi/961?9/18/2026","Clintonville","Crivitz","https://www.maxpreps.com/wi/clintonville/football/","https://www.maxpreps.com/wi/crivitz/football/","",""
169,"Hartford vs Waukesha West",Football,"Wisconsin",9/18/2026,TBD,"The Waukesha West varsity football team has a game @ Hartford (Wisconsin).","/wi/football/game/hartford-vs-waukesha-west/9-18-2026/?c=e73a176b-2362-4702-8671-ccd491480827","https://www.maxpreps.com/wi/football/game/hartford-vs-waukesha-west/9-18-2026/?c=e73a176b-2362-4702-8671-ccd491480827","/football/wi/9e6?9/18/2026","Hartford","West","https://www.maxpreps.com/wi/hartford/football/","https://www.maxpreps.com/wi/waukesha-west/football/","",""
170,"Deerfield vs Randolph Cambria Friesland",Football,"Wisconsin",9/18/2026,TBD,"The Randolph Cambria Friesland varsity football team has a game @ Deerfield (Wisconsin).","/wi/football/game/deerfield-vs-randolph-cambria-friesland/9-18-2026/?c=8425c99f-8bab-4e8f-a9ac-859a18896a04","https://www.maxpreps.com/wi/football/game/deerfield-vs-randolph-cambria-friesland/9-18-2026/?c=8425c99f-8bab-4e8f-a9ac-859a18896a04","/football/wi/f20?9/18/2026","Deerfield","Friesland","https://www.maxpreps.com/wi/deerfield/football/","https://www.maxpreps.com/wi/randolph-cambria-friesland/football/","",""
171,"Benton Scales Mound Il Shullsburg vs Dodgeville",Football,"Wisconsin",9/18/2026,TBD,"The Dodgeville varsity football team has a game @ Benton Scales Mound Il Shullsburg (Wisconsin).","/wi/football/game/benton-scales-mound-il-shullsburg-vs-dodgeville/9-18-2026/?c=fbcdcea5-9746-43f1-be5c-dbea333c9ae6","https://www.maxpreps.com/wi/football/game/benton-scales-mound-il-shullsburg-vs-dodgeville/9-18-2026/?c=fbcdcea5-9746-43f1-be5c-dbea333c9ae6","/football/wi/125a?9/18/2026","Shullsburg","Dodgeville","https://www.maxpreps.com/wi/benton-scales-mound-il-shullsburg/football/","https://www.maxpreps.com/wi/dodgeville/football/","",""
172,"Nekoosa vs Wautoma",Football,"Wisconsin",9/18/2026,TBD,"The Wautoma varsity football team has a game @ Nekoosa (Wisconsin).","/wi/football/game/nekoosa-vs-wautoma/9-18-2026/?c=57778f8d-f151-415d-aedf-bcc9d193f6b7","https://www.maxpreps.com/wi/football/game/nekoosa-vs-wautoma/9-18-2026/?c=57778f8d-f151-415d-aedf-bcc9d193f6b7","/football/wi/731?9/18/2026","Nekoosa","Wautoma","https://www.maxpreps.com/wi/nekoosa/football/","https://www.maxpreps.com/wi/wautoma/football/","",""
173,"Lakeland Minocqua vs Tomahawk",Football,"Wisconsin",9/18/2026,TBD,"The Tomahawk varsity football team has a game @ Lakeland Minocqua (Wisconsin).","/wi/football/game/lakeland-minocqua-vs-tomahawk/9-18-2026/?c=458aec68-1af0-4835-9c27-8dbf63ae956c","https://www.maxpreps.com/wi/football/game/lakeland-minocqua-vs-tomahawk/9-18-2026/?c=458aec68-1af0-4835-9c27-8dbf63ae956c","/football/wi/b65?9/18/2026","Minocqua","Tomahawk","https://www.maxpreps.com/wi/lakeland-minocqua/football/","https://www.maxpreps.com/wi/tomahawk/football/","",""
174,"Medford vs Wausau East",Football,"Wisconsin",9/18/2026,TBD,"The Wausau East varsity football team has a game @ Medford (Wisconsin).","/wi/football/game/medford-vs-wausau-east/9-18-2026/?c=ae8b29e1-7b8c-4263-bf91-11ad54412d04","https://www.maxpreps.com/wi/football/game/medford-vs-wausau-east/9-18-2026/?c=ae8b29e1-7b8c-4263-bf91-11ad54412d04","/football/wi/894?9/18/2026","Medford","East","https://www.maxpreps.com/wi/medford/football/","https://www.maxpreps.com/wi/wausau-east/football/","",""
175,"Cedar Grove Belgium vs Oostburg",Football,"Wisconsin",9/18/2026,TBD,"The Oostburg varsity football team has a game @ Cedar Grove Belgium (Wisconsin).","/wi/football/game/cedar-grove-belgium-vs-oostburg/9-18-2026/?c=8464fb0c-4b49-4342-818e-e11898e9cd44","https://www.maxpreps.com/wi/football/game/cedar-grove-belgium-vs-oostburg/9-18-2026/?c=8464fb0c-4b49-4342-818e-e11898e9cd44","/football/wi/c19?9/18/2026","Belgium","Oostburg","https://www.maxpreps.com/wi/cedar-grove-belgium/football/","https://www.maxpreps.com/wi/oostburg/football/","",""
176,"Seymour vs Xavier Appleton",Football,"Wisconsin",9/18/2026,TBD,"The Xavier Appleton varsity football team has a game @ Seymour (Wisconsin).","/wi/football/game/seymour-vs-xavier-appleton/9-18-2026/?c=01be4681-6b3c-4fa9-9712-f943ef96b09c","https://www.maxpreps.com/wi/football/game/seymour-vs-xavier-appleton/9-18-2026/?c=01be4681-6b3c-4fa9-9712-f943ef96b09c","/football/wi/a76?9/18/2026","Seymour","Appleton","https://www.maxpreps.com/wi/seymour/football/","https://www.maxpreps.com/wi/xavier-appleton/football/","",""
177,"Cudahy vs Racine Lutheran",Football,"Wisconsin",9/18/2026,TBD,"The Racine Lutheran varsity football team has a game @ Cudahy (Wisconsin).","/wi/football/game/cudahy-vs-racine-lutheran/9-18-2026/?c=d89eb5a0-8926-4099-a2b0-aad122394f03","https://www.maxpreps.com/wi/football/game/cudahy-vs-racine-lutheran/9-18-2026/?c=d89eb5a0-8926-4099-a2b0-aad122394f03","/football/wi/9c3?9/18/2026","Cudahy","Lutheran","https://www.maxpreps.com/wi/cudahy/football/","https://www.maxpreps.com/wi/racine-lutheran/football/","",""
178,"Antigo vs Rhinelander",Football,"Wisconsin",9/18/2026,TBD,"The Rhinelander varsity football team has a game @ Antigo (Wisconsin).","/wi/football/game/antigo-vs-rhinelander/9-18-2026/?c=46ae11c3-6c07-48a9-8206-b21978d297ec","https://www.maxpreps.com/wi/football/game/antigo-vs-rhinelander/9-18-2026/?c=46ae11c3-6c07-48a9-8206-b21978d297ec","/football/wi/851?9/18/2026","Antigo","Rhinelander","https://www.maxpreps.com/wi/antigo/football/","https://www.maxpreps.com/wi/rhinelander/football/","",""
179,"Big Foot Walworth vs Delavan Darien",Football,"Wisconsin",9/18/2026,TBD,"The Delavan Darien varsity football team has a game @ Big Foot Walworth (Wisconsin).","/wi/football/game/big-foot-walworth-vs-delavan-darien/9-18-2026/?c=a63ccebe-d252-4eff-a2b4-5ae830026655","https://www.maxpreps.com/wi/football/game/big-foot-walworth-vs-delavan-darien/9-18-2026/?c=a63ccebe-d252-4eff-a2b4-5ae830026655","/football/wi/d7a?9/18/2026","Walworth","Darien","https://www.maxpreps.com/wi/big-foot-walworth/football/","https://www.maxpreps.com/wi/delavan-darien/football/","",""
180,"Laconia Rosendale vs North Fond Du Lac",Football,"Wisconsin",9/18/2026,TBD,"The North Fond Du Lac varsity football team has a game @ Laconia Rosendale (Wisconsin).","/wi/football/game/laconia-rosendale-vs-north-fond-du-lac/9-18-2026/?c=710d4df8-d97f-4cf7-b4c6-2c0f9cc946c3","https://www.maxpreps.com/wi/football/game/laconia-rosendale-vs-north-fond-du-lac/9-18-2026/?c=710d4df8-d97f-4cf7-b4c6-2c0f9cc946c3","/football/wi/e66?9/18/2026","Rosendale","Lac","https://www.maxpreps.com/wi/laconia-rosendale/football/","https://www.maxpreps.com/wi/north-fond-du-lac/football/","",""
181,"Janesville Craig vs Middleton",Football,"Wisconsin",9/18/2026,TBD,"The Middleton varsity football team has a game @ Janesville Craig (Wisconsin).","/wi/football/game/janesville-craig-vs-middleton/9-18-2026/?c=dcda71c9-b6ac-4d5c-8a92-9b6737d8e429","https://www.maxpreps.com/wi/football/game/janesville-craig-vs-middleton/9-18-2026/?c=dcda71c9-b6ac-4d5c-8a92-9b6737d8e429","/football/wi/b63?9/18/2026","Craig","Middleton","https://www.maxpreps.com/wi/janesville-craig/football/","https://www.maxpreps.com/wi/middleton/football/","",""
182,"Marion Tigerton vs Rosholt",Football,"Wisconsin",9/18/2026,TBD,"The Rosholt varsity football team has a game @ Marion Tigerton (Wisconsin).","/wi/football/game/marion-tigerton-vs-rosholt/9-18-2026/?c=cef43157-2685-4b46-9ecc-852dbab033b2","https://www.maxpreps.com/wi/football/game/marion-tigerton-vs-rosholt/9-18-2026/?c=cef43157-2685-4b46-9ecc-852dbab033b2","/football/wi/a6d?9/18/2026","Tigerton","Rosholt","https://www.maxpreps.com/wi/marion-tigerton/football/","https://www.maxpreps.com/wi/rosholt/football/","",""
183,"Port Washington vs West Bend West",Football,"Wisconsin",9/18/2026,TBD,"The West Bend West varsity football team has a game @ Port Washington (Wisconsin).","/wi/football/game/port-washington-vs-west-bend-west/9-18-2026/?c=c32717d9-4bad-45e6-96dd-629d71c31b45","https://www.maxpreps.com/wi/football/game/port-washington-vs-west-bend-west/9-18-2026/?c=c32717d9-4bad-45e6-96dd-629d71c31b45","/football/wi/cf0?9/18/2026","Washington","West","https://www.maxpreps.com/wi/port-washington/football/","https://www.maxpreps.com/wi/west-bend-west/football/","",""
184,"Almond Bancroft vs Tri County Plainfield",Football,"Wisconsin",9/18/2026,TBD,"The Tri County Plainfield varsity football team has a game @ Almond Bancroft (Wisconsin).","/wi/football/game/almond-bancroft-vs-tri-county-plainfield/9-18-2026/?c=1298c47f-8cea-4d60-b01b-d1da5fcdb0f3","https://www.maxpreps.com/wi/football/game/almond-bancroft-vs-tri-county-plainfield/9-18-2026/?c=1298c47f-8cea-4d60-b01b-d1da5fcdb0f3","/football/wi/f9d?9/18/2026","Bancroft","Plainfield","https://www.maxpreps.com/wi/almond-bancroft/football/","https://www.maxpreps.com/wi/tri-county-plainfield/football/","",""
185,"Amery vs Baldwin Woodville",Football,"Wisconsin",9/18/2026,TBD,"The Baldwin Woodville varsity football team has a game @ Amery (Wisconsin).","/wi/football/game/amery-vs-baldwin-woodville/9-18-2026/?c=717672e2-3ed2-41f8-846b-05b298edf1fc","https://www.maxpreps.com/wi/football/game/amery-vs-baldwin-woodville/9-18-2026/?c=717672e2-3ed2-41f8-846b-05b298edf1fc","/football/wi/a44?9/18/2026","Amery","Woodville","https://www.maxpreps.com/wi/amery/football/","https://www.maxpreps.com/wi/baldwin-woodville/football/","",""
186,"Ellsworth vs St Croix Central Hammond",Football,"Wisconsin",9/18/2026,TBD,"The St Croix Central Hammond varsity football team has a game @ Ellsworth (Wisconsin).","/wi/football/game/ellsworth-vs-st-croix-central-hammond/9-18-2026/?c=a98cccda-aa64-4582-a106-dae695de9ba3","https://www.maxpreps.com/wi/football/game/ellsworth-vs-st-croix-central-hammond/9-18-2026/?c=a98cccda-aa64-4582-a106-dae695de9ba3","/football/wi/e87?9/18/2026","Ellsworth","Hammond","https://www.maxpreps.com/wi/ellsworth/football/","https://www.maxpreps.com/wi/st-croix-central-hammond/football/","",""
187,"Milwaukee Lutheran vs New Berlin Eisenhower",Football,"Wisconsin",9/18/2026,TBD,"The New Berlin Eisenhower varsity football team has a game @ Milwaukee Lutheran (Wisconsin).","/wi/football/game/milwaukee-lutheran-vs-new-berlin-eisenhower/9-18-2026/?c=a4fda51f-187e-4fe3-b638-7a9882890538","https://www.maxpreps.com/wi/football/game/milwaukee-lutheran-vs-new-berlin-eisenhower/9-18-2026/?c=a4fda51f-187e-4fe3-b638-7a9882890538","/football/wi/10f0?9/18/2026","Lutheran","Eisenhower","https://www.maxpreps.com/wi/milwaukee-lutheran/football/","https://www.maxpreps.com/wi/new-berlin-eisenhower/football/","",""
188,"Brown Deer vs Shorewood Messmer Dominican",Football,"Wisconsin",9/18/2026,TBD,"The Shorewood Messmer Dominican varsity football team has a game @ Brown Deer (Wisconsin).","/wi/football/game/brown-deer-vs-shorewood-messmer-dominican/9-18-2026/?c=30688630-bb39-49f3-8a99-a478e5d01d7c","https://www.maxpreps.com/wi/football/game/brown-deer-vs-shorewood-messmer-dominican/9-18-2026/?c=30688630-bb39-49f3-8a99-a478e5d01d7c","/football/wi/101a?9/18/2026","Deer","Dominican","https://www.maxpreps.com/wi/brown-deer/football/","https://www.maxpreps.com/wi/shorewood-messmer-dominican/football/","",""
189,"Manitowoc Lutheran vs Random Lake Ozaukee",Football,"Wisconsin",9/18/2026,TBD,"The Random Lake Ozaukee varsity football team has a game @ Manitowoc Lutheran (Wisconsin).","/wi/football/game/manitowoc-lutheran-vs-random-lake-ozaukee/9-18-2026/?c=f49f189c-a466-493b-85e8-8f5c5289ca3f","https://www.maxpreps.com/wi/football/game/manitowoc-lutheran-vs-random-lake-ozaukee/9-18-2026/?c=f49f189c-a466-493b-85e8-8f5c5289ca3f","/football/wi/1010?9/18/2026","Lutheran","Ozaukee","https://www.maxpreps.com/wi/manitowoc-lutheran/football/","https://www.maxpreps.com/wi/random-lake-ozaukee/football/","",""
190,"Algoma vs Green Bay New Lutheran Providence Academy",Football,"Wisconsin",9/18/2026,TBD,"The Green Bay New Lutheran Providence Academy varsity football team has a game @ Algoma (Wisconsin).","/wi/football/game/algoma-vs-green-bay-new-lutheran-providence-academy/9-18-2026/?c=67e45006-6f96-48b6-aa71-1b0bd4d313eb","https://www.maxpreps.com/wi/football/game/algoma-vs-green-bay-new-lutheran-providence-academy/9-18-2026/?c=67e45006-6f96-48b6-aa71-1b0bd4d313eb","/football/wi/1392?9/18/2026","Algoma","Academy","https://www.maxpreps.com/wi/algoma/football/","https://www.maxpreps.com/wi/green-bay-new-lutheran-providence-academy/football/","",""
191,"Campbellsport vs Mayville",Football,"Wisconsin",9/18/2026,TBD,"The Mayville varsity football team has a game @ Campbellsport (Wisconsin).","/wi/football/game/campbellsport-vs-mayville/9-18-2026/?c=ec0e4b94-b0d5-4f70-9e5c-1eff49f472cd","https://www.maxpreps.com/wi/football/game/campbellsport-vs-mayville/9-18-2026/?c=ec0e4b94-b0d5-4f70-9e5c-1eff49f472cd","/football/wi/a1e?9/18/2026","Campbellsport","Mayville","https://www.maxpreps.com/wi/campbellsport/football/","https://www.maxpreps.com/wi/mayville/football/","",""
192,"Bonduel vs Oconto Falls",Football,"Wisconsin",9/18/2026,TBD,"The Oconto Falls varsity football team has a game @ Bonduel (Wisconsin).","/wi/football/game/bonduel-vs-oconto-falls/9-18-2026/?c=2786625a-c6e6-4567-9f98-d8d0688eff43","https://www.maxpreps.com/wi/football/game/bonduel-vs-oconto-falls/9-18-2026/?c=2786625a-c6e6-4567-9f98-d8d0688eff43","/football/wi/8fd?9/18/2026","Bonduel","Falls","https://www.maxpreps.com/wi/bonduel/football/","https://www.maxpreps.com/wi/oconto-falls/football/","",""
193,"Hortonville vs Kimberly",Football,"Wisconsin",9/18/2026,TBD,"The Kimberly varsity football team has a game @ Hortonville (Wisconsin).","/wi/football/game/hortonville-vs-kimberly/9-18-2026/?c=6b5d1ed7-29f5-447e-8e75-bec2ce48176e","https://www.maxpreps.com/wi/football/game/hortonville-vs-kimberly/9-18-2026/?c=6b5d1ed7-29f5-447e-8e75-bec2ce48176e","/football/wi/958?9/18/2026","Hortonville","Kimberly","https://www.maxpreps.com/wi/hortonville/football/","https://www.maxpreps.com/wi/kimberly/football/","",""
194,"Amherst vs Coleman",Football,"Wisconsin",9/18/2026,TBD,"The Coleman varsity football team has a game @ Amherst (Wisconsin).","/wi/football/game/amherst-vs-coleman/9-18-2026/?c=5d080b03-58c1-4228-858e-42f36f4fe778","https://www.maxpreps.com/wi/football/game/amherst-vs-coleman/9-18-2026/?c=5d080b03-58c1-4228-858e-42f36f4fe778","/football/wi/716?9/18/2026","Amherst","Coleman","https://www.maxpreps.com/wi/amherst/football/","https://www.maxpreps.com/wi/coleman/football/","",""
195,"Colby vs Marathon",Football,"Wisconsin",9/18/2026,TBD,"The Marathon varsity football team has a game @ Colby (Wisconsin).","/wi/football/game/colby-vs-marathon/9-18-2026/?c=3657635e-7367-4e0e-bf1a-a31026390f56","https://www.maxpreps.com/wi/football/game/colby-vs-marathon/9-18-2026/?c=3657635e-7367-4e0e-bf1a-a31026390f56","/football/wi/6b6?9/18/2026","Colby","Marathon","https://www.maxpreps.com/wi/colby/football/","https://www.maxpreps.com/wi/marathon/football/","",""
196,"Lomira vs Omro",Football,"Wisconsin",9/18/2026,TBD,"The Omro varsity football team has a game @ Lomira (Wisconsin).","/wi/football/game/lomira-vs-omro/9-18-2026/?c=f67f1e65-3803-4c5e-9d5f-d4bdabbc3ed2","https://www.maxpreps.com/wi/football/game/lomira-vs-omro/9-18-2026/?c=f67f1e65-3803-4c5e-9d5f-d4bdabbc3ed2","/football/wi/584?9/18/2026","Lomira","Omro","https://www.maxpreps.com/wi/lomira/football/","https://www.maxpreps.com/wi/omro/football/","",""
197,"Merrill vs Mosinee",Football,"Wisconsin",9/18/2026,TBD,"The Mosinee varsity football team has a game @ Merrill (Wisconsin).","/wi/football/game/merrill-vs-mosinee/9-18-2026/?c=06e3b052-2da3-4a83-a2ae-5bf98113f658","https://www.maxpreps.com/wi/football/game/merrill-vs-mosinee/9-18-2026/?c=06e3b052-2da3-4a83-a2ae-5bf98113f658","/football/wi/72a?9/18/2026","Merrill","Mosinee","https://www.maxpreps.com/wi/merrill/football/","https://www.maxpreps.com/wi/mosinee/football/","",""
198,"Abbotsford vs Pacelli Stevens Point",Football,"Wisconsin",9/18/2026,TBD,"The Pacelli Stevens Point varsity football team has a game @ Abbotsford (Wisconsin).","/wi/football/game/abbotsford-vs-pacelli-stevens-point/9-18-2026/?c=6e27b626-4d59-4756-b474-55845cf803a0","https://www.maxpreps.com/wi/football/game/abbotsford-vs-pacelli-stevens-point/9-18-2026/?c=6e27b626-4d59-4756-b474-55845cf803a0","/football/wi/dcf?9/18/2026","Abbotsford","Point","https://www.maxpreps.com/wi/abbotsford/football/","https://www.maxpreps.com/wi/pacelli-stevens-point/football/","",""
199,"St Johns Washington Dc vs West Boca Raton Fl",Football,"Wisconsin",9/18/2026,TBD,"The West Boca Raton Fl varsity football team has a game @ St Johns Washington Dc (Wisconsin).","/inter-state/football/game/st-johns-washington-dc-vs-west-boca-raton-fl/9-18-2026/?c=b031d257-314e-4546-8a1c-211ebbb42d62","https://www.maxpreps.com/inter-state/football/game/st-johns-washington-dc-vs-west-boca-raton-fl/9-18-2026/?c=b031d257-314e-4546-8a1c-211ebbb42d62","/football/wi/10b1?9/18/2026","Dc","Fl","https://www.maxpreps.com/wi/st-johns-washington-dc/football/","https://www.maxpreps.com/wi/west-boca-raton-fl/football/","",""
200,"Archbishop Mccarthy Southwest Ranches vs St Thomas Aquinas Fort Lauderdale",Football,"Wisconsin",9/18/2026,TBD,"The St Thomas Aquinas Fort Lauderdale varsity football team has a game @ Archbishop Mccarthy Southwest Ranches (Wisconsin).","/fl/football/game/archbishop-mccarthy-southwest-ranches-vs-st-thomas-aquinas-fort-lauderdale/9-18-2026/?c=379541df-b377-45b0-b9b5-13e901b1cd0a","https://www.maxpreps.com/fl/football/game/archbishop-mccarthy-southwest-ranches-vs-st-thomas-aquinas-fort-lauderdale/9-18-2026/?c=379541df-b377-45b0-b9b5-13e901b1cd0a","/football/wi/1d09?9/18/2026","Ranches","Lauderdale","https://www.maxpreps.com/wi/archbishop-mccarthy-southwest-ranches/football/","https://www.maxpreps.com/wi/st-thomas-aquinas-fort-lauderdale/football/","",""
201,"Brownsburg vs Fishers",Football,"Wisconsin",9/18/2026,TBD,"The Fishers varsity football team has a game @ Brownsburg (Wisconsin).","/in/football/game/brownsburg-vs-fishers/9-18-2026/?c=98d1f5d3-3458-456e-b5d4-4c3a1cde2c5c","https://www.maxpreps.com/in/football/game/brownsburg-vs-fishers/9-18-2026/?c=98d1f5d3-3458-456e-b5d4-4c3a1cde2c5c","/football/wi/882?9/18/2026","Brownsburg","Fishers","https://www.maxpreps.com/wi/brownsburg/football/","https://www.maxpreps.com/wi/fishers/football/","",""
202,"Dematha Hyattsville Md vs Loudoun Sports Academy Leesburg Va",Football,"Wisconsin",9/18/2026,TBD,"The Loudoun Sports Academy Leesburg Va varsity football team has a game @ Dematha Hyattsville Md (Wisconsin).","/inter-state/football/game/dematha-hyattsville-md-vs-loudoun-sports-academy-leesburg-va/9-18-2026/?c=4c4eab85-8b8c-4831-9856-2bd5742d0b72","https://www.maxpreps.com/inter-state/football/game/dematha-hyattsville-md-vs-loudoun-sports-academy-leesburg-va/9-18-2026/?c=4c4eab85-8b8c-4831-9856-2bd5742d0b72","/football/wi/1764?9/18/2026","Md","Va","https://www.maxpreps.com/wi/dematha-hyattsville-md/football/","https://www.maxpreps.com/wi/loudoun-sports-academy-leesburg-va/football/","",""
203,"Img Academy Bradenton vs The First Academy Orlando",Football,"Wisconsin",9/18/2026,TBD,"The The First Academy Orlando varsity football team has a game @ Img Academy Bradenton (Wisconsin).","/fl/football/game/img-academy-bradenton-vs-the-first-academy-orlando/9-18-2026/?c=230217e9-2d00-4cca-a6df-f53bdd517970","https://www.maxpreps.com/fl/football/game/img-academy-bradenton-vs-the-first-academy-orlando/9-18-2026/?c=230217e9-2d00-4cca-a6df-f53bdd517970","/football/wi/131e?9/18/2026","Bradenton","Orlando","https://www.maxpreps.com/wi/img-academy-bradenton/football/","https://www.maxpreps.com/wi/the-first-academy-orlando/football/","",""
204,"Hewlett Sports Academy Waldorf vs St Frances Academy Baltimore",Football,"Wisconsin",9/18/2026,TBD,"The St Frances Academy Baltimore varsity football team has a game @ Hewlett Sports Academy Waldorf (Wisconsin).","/md/football/game/hewlett-sports-academy-waldorf-vs-st-frances-academy-baltimore/9-18-2026/?c=0ae20b06-07e9-40e3-9a63-5f03d3f1286c","https://www.maxpreps.com/md/football/game/hewlett-sports-academy-waldorf-vs-st-frances-academy-baltimore/9-18-2026/?c=0ae20b06-07e9-40e3-9a63-5f03d3f1286c","/football/wi/1818?9/18/2026","Waldorf","Baltimore","https://www.maxpreps.com/wi/hewlett-sports-academy-waldorf/football/","https://www.maxpreps.com/wi/st-frances-academy-baltimore/football/","",""
205,"Buford vs Grayson Loganville",Football,"Wisconsin",9/18/2026,TBD,"The Grayson Loganville varsity football team has a game @ Buford (Wisconsin).","/ga/football/game/buford-vs-grayson-loganville/9-18-2026/?c=41a9b766-ad14-4ab7-bd5c-3ebea6ffeabe","https://www.maxpreps.com/ga/football/game/buford-vs-grayson-loganville/9-18-2026/?c=41a9b766-ad14-4ab7-bd5c-3ebea6ffeabe","/football/wi/b22?9/18/2026","Buford","Loganville","https://www.maxpreps.com/wi/buford/football/","https://www.maxpreps.com/wi/grayson-loganville/football/","",""
206,"Columbus Miami vs South Dade Homestead",Football,"Wisconsin",9/18/2026,TBD,"The South Dade Homestead varsity football team has a game @ Columbus Miami (Wisconsin).","/fl/football/game/columbus-miami-vs-south-dade-homestead/9-18-2026/?c=7748275e-0058-4d65-b3ad-3b5895a68335","https://www.maxpreps.com/fl/football/game/columbus-miami-vs-south-dade-homestead/9-18-2026/?c=7748275e-0058-4d65-b3ad-3b5895a68335","/football/wi/ebc?9/18/2026","Miami","Homestead","https://www.maxpreps.com/wi/columbus-miami/football/","https://www.maxpreps.com/wi/south-dade-homestead/football/","",""
207,"Brooks County Quitman vs Thomas County Central Thomasville",Football,"Wisconsin",9/18/2026,TBD,"The Thomas County Central Thomasville varsity football team has a game @ Brooks County Quitman (Wisconsin).","/ga/football/game/brooks-county-quitman-vs-thomas-county-central-thomasville/9-18-2026/?c=4f30df7d-ac26-4040-a029-bd44dc28a653","https://www.maxpreps.com/ga/football/game/brooks-county-quitman-vs-thomas-county-central-thomasville/9-18-2026/?c=4f30df7d-ac26-4040-a029-bd44dc28a653","/football/wi/1714?9/18/2026","Quitman","Thomasville","https://www.maxpreps.com/wi/brooks-county-quitman/football/","https://www.maxpreps.com/wi/thomas-county-central-thomasville/football/","",""
208,"Carrollton Ga vs West Charlotte Nc",Football,"Wisconsin",9/18/2026,TBD,"The West Charlotte Nc varsity football team has a game @ Carrollton Ga (Wisconsin).","/inter-state/football/game/carrollton-ga-vs-west-charlotte-nc/9-18-2026/?c=296ceb0a-96a2-4bd9-ab43-74400827cdc5","https://www.maxpreps.com/inter-state/football/game/carrollton-ga-vs-west-charlotte-nc/9-18-2026/?c=296ceb0a-96a2-4bd9-ab43-74400827cdc5","/football/wi/d2c?9/18/2026","Ga","Nc","https://www.maxpreps.com/wi/carrollton-ga/football/","https://www.maxpreps.com/wi/west-charlotte-nc/football/","",""
209,"Male Louisville vs Trinity Louisville",Football,"Wisconsin",9/18/2026,TBD,"The Trinity Louisville varsity football team has a game @ Male Louisville (Wisconsin).","/ky/football/game/male-louisville-vs-trinity-louisville/9-18-2026/?c=34f82ccf-0808-4de2-a884-1053b6c3b3eb","https://www.maxpreps.com/ky/football/game/male-louisville-vs-trinity-louisville/9-18-2026/?c=34f82ccf-0808-4de2-a884-1053b6c3b3eb","/football/wi/edf?9/18/2026","Louisville","Louisville","https://www.maxpreps.com/wi/male-louisville/football/","https://www.maxpreps.com/wi/trinity-louisville/football/","",""
210,"Thompson Alabaster vs Tuscaloosa County Northport",Football,"Wisconsin",9/18/2026,TBD,"The Tuscaloosa County Northport varsity football team has a game @ Thompson Alabaster (Wisconsin).","/al/football/game/thompson-alabaster-vs-tuscaloosa-county-northport/9-18-2026/?c=b6ab0140-549a-4896-880d-1f48846a612f","https://www.maxpreps.com/al/football/game/thompson-alabaster-vs-tuscaloosa-county-northport/9-18-2026/?c=b6ab0140-549a-4896-880d-1f48846a612f","/football/wi/13c1?9/18/2026","Alabaster","Northport","https://www.maxpreps.com/wi/thompson-alabaster/football/","https://www.maxpreps.com/wi/tuscaloosa-county-northport/football/","",""
211,"Duncanville Panthers And Pantherettes vs North Crowley Fort Worth",Football,"Wisconsin",9/18/2026,TBD,"The North Crowley Fort Worth varsity football team has a game @ Duncanville Panthers And Pantherettes (Wisconsin).","/tx/football/game/duncanville-panthers-and-pantherettes-vs-north-crowley-fort-worth/9-18-2026/?c=eae84978-ac1b-4dc2-8571-f65204f0dbda","https://www.maxpreps.com/tx/football/game/duncanville-panthers-and-pantherettes-vs-north-crowley-fort-worth/9-18-2026/?c=eae84978-ac1b-4dc2-8571-f65204f0dbda","/football/wi/19b4?9/18/2026","Pantherettes","Worth","https://www.maxpreps.com/wi/duncanville-panthers-and-pantherettes/football/","https://www.maxpreps.com/wi/north-crowley-fort-worth/football/","",""
212,"Baylor Chattanooga vs Christ Presbyterian Academy Nashville",Football,"Wisconsin",9/18/2026,TBD,"The Christ Presbyterian Academy Nashville varsity football team has a game @ Baylor Chattanooga (Wisconsin).","/tn/football/game/baylor-chattanooga-vs-christ-presbyterian-academy-nashville/9-18-2026/?c=275c84c1-c7b9-43ca-b8cb-dd88cc57ca0e","https://www.maxpreps.com/tn/football/game/baylor-chattanooga-vs-christ-presbyterian-academy-nashville/9-18-2026/?c=275c84c1-c7b9-43ca-b8cb-dd88cc57ca0e","/football/wi/1748?9/18/2026","Chattanooga","Nashville","https://www.maxpreps.com/wi/baylor-chattanooga/football/","https://www.maxpreps.com/wi/christ-presbyterian-academy-nashville/football/","",""
213,"Orange Lutheran vs Sierra Canyon Chatsworth",Football,"Wisconsin",9/18/2026,TBD,"The Sierra Canyon Chatsworth varsity football team has a game @ Orange Lutheran (Wisconsin).","/ca/football/game/orange-lutheran-vs-sierra-canyon-chatsworth/9-18-2026/?c=b1ac9223-f5fe-49af-a7e5-9d2ed6c81cb3","https://www.maxpreps.com/ca/football/game/orange-lutheran-vs-sierra-canyon-chatsworth/9-18-2026/?c=b1ac9223-f5fe-49af-a7e5-9d2ed6c81cb3","/football/wi/10fe?9/18/2026","Lutheran","Chatsworth","https://www.maxpreps.com/wi/orange-lutheran/football/","https://www.maxpreps.com/wi/sierra-canyon-chatsworth/football/","",""
214,"Bishop Gorman Las Vegas Nv vs Mater Dei Santa Ana Ca",Football,"Wisconsin",9/18/2026,TBD,"The Mater Dei Santa Ana Ca varsity football team has a game @ Bishop Gorman Las Vegas Nv (Wisconsin).","/inter-state/football/game/bishop-gorman-las-vegas-nv-vs-mater-dei-santa-ana-ca/9-18-2026/?c=f25afd24-e534-420a-acfe-03f654becd7c","https://www.maxpreps.com/inter-state/football/game/bishop-gorman-las-vegas-nv-vs-mater-dei-santa-ana-ca/9-18-2026/?c=f25afd24-e534-420a-acfe-03f654becd7c","/football/wi/1344?9/18/2026","Nv","Ca","https://www.maxpreps.com/wi/bishop-gorman-las-vegas-nv/football/","https://www.maxpreps.com/wi/mater-dei-santa-ana-ca/football/","",""
215,"Centennial Corona vs Rancho Cucamonga",Football,"Wisconsin",9/18/2026,TBD,"The Rancho Cucamonga varsity football team has a game @ Centennial Corona (Wisconsin).","/ca/football/game/centennial-corona-vs-rancho-cucamonga/9-18-2026/?c=96227138-1fcf-472d-88bf-69a0b9ad88f3","https://www.maxpreps.com/ca/football/game/centennial-corona-vs-rancho-cucamonga/9-18-2026/?c=96227138-1fcf-472d-88bf-69a0b9ad88f3","/football/wi/e69?9/18/2026","Corona","Cucamonga","https://www.maxpreps.com/wi/centennial-corona/football/","https://www.maxpreps.com/wi/rancho-cucamonga/football/","",""
216,"Casteel Queen Creek vs Hamilton Chandler",Football,"Wisconsin",9/18/2026,TBD,"The Hamilton Chandler varsity football team has a game @ Casteel Queen Creek (Wisconsin).","/az/football/game/casteel-queen-creek-vs-hamilton-chandler/9-18-2026/?c=4f1b63ad-e3c1-4c56-bffd-26bbe43fa4c9","https://www.maxpreps.com/az/football/game/casteel-queen-creek-vs-hamilton-chandler/9-18-2026/?c=4f1b63ad-e3c1-4c56-bffd-26bbe43fa4c9","/football/wi/f70?9/18/2026","Creek","Chandler","https://www.maxpreps.com/wi/casteel-queen-creek/football/","https://www.maxpreps.com/wi/hamilton-chandler/football/","",""
217,"Norco vs Santa Margarita Rancho Santa Margarita",Football,"Wisconsin",9/18/2026,TBD,"The Santa Margarita Rancho Santa Margarita varsity football team has a game @ Norco (Wisconsin).","/ca/football/game/norco-vs-santa-margarita-rancho-santa-margarita/9-18-2026/?c=79b93f11-2c19-4191-98b7-123af24d2bff","https://www.maxpreps.com/ca/football/game/norco-vs-santa-margarita-rancho-santa-margarita/9-18-2026/?c=79b93f11-2c19-4191-98b7-123af24d2bff","/football/wi/1231?9/18/2026","Norco","Margarita","https://www.maxpreps.com/wi/norco/football/","https://www.maxpreps.com/wi/santa-margarita-rancho-santa-margarita/football/","",""