1,"Williamson vs Pine Forest",Football,"Alabama",9/10/2026,7:00pm,"The Williamson varsity football team has an away non-conference game @  Pine Forest (Pensacola, FL) today @ 7p.","/inter-state/football/game/pine-forest-pensacola-fl-vs-williamson-mobile-al/9-10-2026/?c=b48ca10a-920f-4d26-896f-6434b1a3086b","https://www.maxpreps.com/inter-state/football/game/pine-forest-pensacola-fl-vs-williamson-mobile-al/9-10-2026/?c=b48ca10a-920f-4d26-896f-6434b1a3086b","/football/al/126f?9/10/2026","Lions","Eagles","https://www.maxpreps.com/al/pine-forest-pensacola-fl/football/","https://www.maxpreps.com/al/williamson-mobile-al/football/","https://hsfootball.net/proxy.php?url=https%3A%2F%2Fimage.maxpreps.io%2Fschool-mascot%2F3%2F5%2F5%2F355baefa-ed80-4252-8fd0-e4d9f4383788.gif%3Fversion%3D638253706200000000%26amp%3Bwidth%3D128%26amp%3Bheight%3D128%26amp%3Bauto%3Dwebp%26amp%3Bformat%3Dpjpg","https://hsfootball.net/proxy.php?url=https%3A%2F%2Fimage.maxpreps.io%2Fschool-mascot%2Ff%2F6%2F4%2Ff64eb451-c381-42d0-afd0-7e4a0143f336.gif%3Fversion%3D636391719600000000%26amp%3Bwidth%3D128%26amp%3Bheight%3D128%26amp%3Bauto%3Dwebp%26amp%3Bformat%3Dpjpg"
1,"Avon vs Brownsburg",Football,"Indiana",9/11/2026,7:00pm,"The Avon varsity football team has an away conference game @  Brownsburg (IN) on Friday, September 11 @ 7p.","/in/football/game/avon-vs-brownsburg/9-11-2026/?c=fb981d1b-5b6b-4a65-88fc-783844ed5107","https://www.maxpreps.com/in/football/game/avon-vs-brownsburg/9-11-2026/?c=fb981d1b-5b6b-4a65-88fc-783844ed5107","/football/in/742?9/11/2026","Orioles","Bulldogs","https://www.maxpreps.com/in/avon/football/","https://www.maxpreps.com/in/brownsburg/football/","https://hsfootball.net/proxy.php?url=https%3A%2F%2Fimage.maxpreps.io%2Fschool-mascot%2Fc%2F7%2F0%2Fc70bc553-6c78-4714-aaec-0c28e8e44651.gif%3Fversion%3D639151212620750550%26amp%3Bwidth%3D128%26amp%3Bheight%3D128%26amp%3Bauto%3Dwebp%26amp%3Bformat%3Dpjpg","https://hsfootball.net/proxy.php?url=https%3A%2F%2Fimage.maxpreps.io%2Fschool-mascot%2Ff%2Ff%2Ff%2Ffffd75cb-8399-40ed-91b3-96f77700c51d.gif%3Fversion%3D635139768000000000%26amp%3Bwidth%3D128%26amp%3Bheight%3D128%26amp%3Bauto%3Dwebp%26amp%3Bformat%3Dpjpg"
2,"Westfield vs Noblesville",Football,"Indiana",9/11/2026,7:00pm,"The Westfield varsity football team has an away conference game @  Noblesville (IN) on Friday, September 11 @ 7p.","/in/football/game/noblesville-vs-westfield/9-11-2026/?c=a57feb49-14d0-48b3-9091-7c11f77553fc","https://www.maxpreps.com/in/football/game/noblesville-vs-westfield/9-11-2026/?c=a57feb49-14d0-48b3-9091-7c11f77553fc","/football/in/9a9?9/11/2026","Rocks","Millers","https://www.maxpreps.com/in/noblesville/football/","https://www.maxpreps.com/in/westfield/football/","https://hsfootball.net/proxy.php?url=https%3A%2F%2Fimage.maxpreps.io%2Fschool-mascot%2F0%2F1%2Fa%2F01a62a57-8f80-4967-8224-631753e67dc9.gif%3Fversion%3D639239520862568210%26amp%3Bwidth%3D128%26amp%3Bheight%3D128%26amp%3Bauto%3Dwebp%26amp%3Bformat%3Dpjpg","https://hsfootball.net/proxy.php?url=https%3A%2F%2Fimage.maxpreps.io%2Fschool-mascot%2Fc%2F0%2F5%2Fc0538976-ccbc-4ae3-b94c-0884a2ee9298.gif%3Fversion%3D638036598600000000%26amp%3Bwidth%3D128%26amp%3Bheight%3D128%26amp%3Bauto%3Dwebp%26amp%3Bformat%3Dpjpg"
3,"Pike vs Carmel",Football,"Indiana",9/11/2026,7:00pm,"The Pike varsity football team has an away conference game @  Carmel (IN) on Friday, September 11 @ 7p.","/in/football/game/carmel-vs-pike-indianapolis/9-11-2026/?c=b3229932-c746-4cd5-bd91-341b0e7bcde1","https://www.maxpreps.com/in/football/game/carmel-vs-pike-indianapolis/9-11-2026/?c=b3229932-c746-4cd5-bd91-341b0e7bcde1","/football/in/a88?9/11/2026","Red Devils","Greyhounds","https://www.maxpreps.com/in/carmel/football/","https://www.maxpreps.com/in/pike-indianapolis/football/","https://hsfootball.net/proxy.php?url=https%3A%2F%2Fimage.maxpreps.io%2Fschool-mascot%2F5%2Fd%2F1%2F5d19172b-b4db-44cc-93ba-ed573c338696.gif%3Fversion%3D637335946200000000%26amp%3Bwidth%3D128%26amp%3Bheight%3D128%26amp%3Bauto%3Dwebp%26amp%3Bformat%3Dpjpg","https://hsfootball.net/proxy.php?url=https%3A%2F%2Fimage.maxpreps.io%2Fschool-mascot%2Fa%2Fb%2F8%2Fab82e785-9fc9-4b9d-ae46-c4256bb56f34.gif%3Fversion%3D638822896503130020%26amp%3Bwidth%3D128%26amp%3Bheight%3D128%26amp%3Bauto%3Dwebp%26amp%3Bformat%3Dpjpg"
4,"Forest Park vs Tecumseh",Football,"Indiana",9/11/2026,6:30pm,"The Forest Park varsity football team has an away conference game @  Tecumseh (Lynnville, IN) on Friday, September 11 @ 6:30p.","/in/football/game/forest-park-ferdinand-vs-tecumseh-lynnville/9-11-2026/?c=223473b4-78c4-456f-96d8-088f24f30fc0","https://www.maxpreps.com/in/football/game/forest-park-ferdinand-vs-tecumseh-lynnville/9-11-2026/?c=223473b4-78c4-456f-96d8-088f24f30fc0","/football/in/10f1?9/11/2026","Rangers","Braves","https://www.maxpreps.com/in/forest-park-ferdinand/football/","https://www.maxpreps.com/in/tecumseh-lynnville/football/","https://hsfootball.net/proxy.php?url=https%3A%2F%2Fimage.maxpreps.io%2Fschool-mascot%2Fe%2F2%2Fc%2Fe2ce05b5-d4cb-4171-9cba-4ae1ace853b9.gif%3Fversion%3D638009971200000000%26amp%3Bwidth%3D128%26amp%3Bheight%3D128%26amp%3Bauto%3Dwebp%26amp%3Bformat%3Dpjpg","https://hsfootball.net/proxy.php?url=https%3A%2F%2Fimage.maxpreps.io%2Fschool-mascot%2F6%2F8%2F2%2F682925f2-cbd0-4439-905a-b36badc4f4d6.gif%3Fversion%3D637909849200000000%26amp%3Bwidth%3D128%26amp%3Bheight%3D128%26amp%3Bauto%3Dwebp%26amp%3Bformat%3Dpjpg"
5,"Evansville Memorial vs Evansville Mater Dei",Football,"Indiana",9/11/2026,6:30pm,"The Evansville Memorial varsity football team has an away conference game @  Evansville Mater Dei (Evansville, IN) on Friday, September 11 @ 6:30p.","/in/football/game/evansville-mater-dei-vs-evansville-memorial/9-11-2026/?c=2bb10218-07f7-4f83-bd4d-fff32f9c01d8","https://www.maxpreps.com/in/football/game/evansville-mater-dei-vs-evansville-memorial/9-11-2026/?c=2bb10218-07f7-4f83-bd4d-fff32f9c01d8","/football/in/10dd?9/11/2026","Tigers","Wildcats","https://www.maxpreps.com/in/evansville-mater-dei/football/","https://www.maxpreps.com/in/evansville-memorial/football/","https://hsfootball.net/proxy.php?url=https%3A%2F%2Fimage.maxpreps.io%2Fschool-mascot%2Fe%2F4%2F0%2Fe404b49c-590c-452c-9344-18945ef9571a.gif%3Fversion%3D639152135180024770%26amp%3Bwidth%3D128%26amp%3Bheight%3D128%26amp%3Bauto%3Dwebp%26amp%3Bformat%3Dpjpg","https://hsfootball.net/proxy.php?url=https%3A%2F%2Fimage.maxpreps.io%2Fschool-mascot%2Fe%2F8%2Ff%2Fe8f7c8c0-6bab-4358-b131-a46e64236306.gif%3Fversion%3D639152135218100160%26amp%3Bwidth%3D128%26amp%3Bheight%3D128%26amp%3Bauto%3Dwebp%26amp%3Bformat%3Dpjpg"
6,"Tippecanoe Valley vs Knox",Football,"Indiana",9/11/2026,6:30pm,"The Tippecanoe Valley varsity football team has an away conference game @  Knox (IN) on Friday, September 11 @ 6:30p.","/in/football/game/knox-vs-tippecanoe-valley-akron/9-11-2026/?c=2cd517ca-efba-42cb-a8e3-8aa6743918d4","https://www.maxpreps.com/in/football/game/knox-vs-tippecanoe-valley-akron/9-11-2026/?c=2cd517ca-efba-42cb-a8e3-8aa6743918d4","/football/in/c2d?9/11/2026","Vikings","Redskins","https://www.maxpreps.com/in/knox/football/","https://www.maxpreps.com/in/tippecanoe-valley-akron/football/","https://hsfootball.net/proxy.php?url=https%3A%2F%2Fimage.maxpreps.io%2Fschool-mascot%2Fd%2F2%2F1%2Fd2103cea-dd2a-44a1-9f7b-8c050cd2baf7.gif%3Fversion%3D637335958800000000%26amp%3Bwidth%3D128%26amp%3Bheight%3D128%26amp%3Bauto%3Dwebp%26amp%3Bformat%3Dpjpg","https://hsfootball.net/proxy.php?url=https%3A%2F%2Fimage.maxpreps.io%2Fschool-mascot%2F7%2Fc%2Fc%2F7cc01f6a-4c5a-4b7e-938b-a121744f0420.gif%3Fversion%3D637335976200000000%26amp%3Bwidth%3D128%26amp%3Bheight%3D128%26amp%3Bauto%3Dwebp%26amp%3Bformat%3Dpjpg"
7,"Byron Center vs Hammond Morton",Football,"Indiana",9/11/2026,6:30pm,"The Byron Center varsity football team has an away non-conference game @  Hammond Morton (Hammond, IN) on Friday, September 11 @ 6:30p.","/inter-state/football/game/byron-center-mi-vs-hammond-morton-in/9-11-2026/?c=b53d60ee-3404-4e7f-8bb0-7cbc14586d9b","https://www.maxpreps.com/inter-state/football/game/byron-center-mi-vs-hammond-morton-in/9-11-2026/?c=b53d60ee-3404-4e7f-8bb0-7cbc14586d9b","/football/in/dd2?9/11/2026","Bulldogs","Governors","https://www.maxpreps.com/in/byron-center-mi/football/","https://www.maxpreps.com/in/hammond-morton-in/football/","https://hsfootball.net/proxy.php?url=https%3A%2F%2Fimage.maxpreps.io%2Fschool-mascot%2F3%2F2%2Fb%2F32bee989-b11a-49b7-800f-919834b9c582.gif%3Fversion%3D637976324400000000%26amp%3Bwidth%3D128%26amp%3Bheight%3D128%26amp%3Bauto%3Dwebp%26amp%3Bformat%3Dpjpg","https://hsfootball.net/proxy.php?url=https%3A%2F%2Fimage.maxpreps.io%2Fschool-mascot%2F2%2F3%2Fb%2F23b7978d-f85e-45a2-96a4-ce2206da7b5b.gif%3Fversion%3D637311908400000000%26amp%3Bwidth%3D128%26amp%3Bheight%3D128%26amp%3Bauto%3Dwebp%26amp%3Bformat%3Dpjpg"
8,"Triton vs South Central",Football,"Indiana",9/11/2026,6:30pm,"The Triton varsity football team has an away conference game @  South Central (Union Mills, IN) on Friday, September 11 @ 6:30p.","/in/football/game/south-central-union-mills-vs-triton-bourbon/9-11-2026/?c=0d4dacde-273b-4888-93f1-7be036316dd1","https://www.maxpreps.com/in/football/game/south-central-union-mills-vs-triton-bourbon/9-11-2026/?c=0d4dacde-273b-4888-93f1-7be036316dd1","/football/in/10f4?9/11/2026","Trojans","Satellites","https://www.maxpreps.com/in/south-central-union-mills/football/","https://www.maxpreps.com/in/triton-bourbon/football/","https://hsfootball.net/proxy.php?url=https%3A%2F%2Fimage.maxpreps.io%2Fschool-mascot%2Fc%2Ff%2F7%2Fcf7f2fbf-a153-46a7-98d3-efa14342a94a.gif%3Fversion%3D636940237200000000%26amp%3Bwidth%3D128%26amp%3Bheight%3D128%26amp%3Bauto%3Dwebp%26amp%3Bformat%3Dpjpg","https://hsfootball.net/proxy.php?url=https%3A%2F%2Fimage.maxpreps.io%2Fschool-mascot%2F2%2F1%2Fe%2F21ec9aa5-7c26-45d1-afa2-4a2ef8e7b613.gif%3Fversion%3D636373860600000000%26amp%3Bwidth%3D128%26amp%3Bheight%3D128%26amp%3Bauto%3Dwebp%26amp%3Bformat%3Dpjpg"
9,"North Miami vs North Judson-San Pierre",Football,"Indiana",9/11/2026,6:30pm,"The North Miami varsity football team has an away non-conference game @  North Judson-San Pierre (North Judson, IN) on Friday, September 11 @ 6:30p.","/in/football/game/north-judson-san-pierre-vs-north-miami-denver/9-11-2026/?c=1b277cae-5c1f-449c-9bb4-e3e31da95b8d","https://www.maxpreps.com/in/football/game/north-judson-san-pierre-vs-north-miami-denver/9-11-2026/?c=1b277cae-5c1f-449c-9bb4-e3e31da95b8d","/football/in/1167?9/11/2026","Warriors","Bluejays","https://www.maxpreps.com/in/north-judson-san-pierre/football/","https://www.maxpreps.com/in/north-miami-denver/football/","https://hsfootball.net/proxy.php?url=https%3A%2F%2Fimage.maxpreps.io%2Fschool-mascot%2F8%2F2%2F9%2F82930fdc-60a1-445f-ad8b-36c89b1cdb6d.gif%3Fversion%3D639152135260202360%26amp%3Bwidth%3D128%26amp%3Bheight%3D128%26amp%3Bauto%3Dwebp%26amp%3Bformat%3Dpjpg","https://hsfootball.net/proxy.php?url=https%3A%2F%2Fimage.maxpreps.io%2Fschool-mascot%2F6%2Fd%2F1%2F6d1440a9-982b-4613-b3c0-101dddccb0ea.gif%3Fversion%3D637080133800000000%26amp%3Bwidth%3D128%26amp%3Bheight%3D128%26amp%3Bauto%3Dwebp%26amp%3Bformat%3Dpjpg"
10,"Boonville vs Evansville Central",Football,"Indiana",9/11/2026,6:30pm,"The Boonville varsity football team has an away non-conference game @  Evansville Central (Evansville, IN) on Friday, September 11 @ 6:30p.","/in/football/game/boonville-vs-evansville-central/9-11-2026/?c=623d8540-6c9c-490e-b265-d69836eea24d","https://www.maxpreps.com/in/football/game/boonville-vs-evansville-central/9-11-2026/?c=623d8540-6c9c-490e-b265-d69836eea24d","/football/in/c5c?9/11/2026","Pioneers","Bears","https://www.maxpreps.com/in/boonville/football/","https://www.maxpreps.com/in/evansville-central/football/","https://hsfootball.net/proxy.php?url=https%3A%2F%2Fimage.maxpreps.io%2Fschool-mascot%2Fe%2F8%2Fb%2Fe8b9d8c8-e9be-4c96-9377-3bda3a9beec5.gif%3Fversion%3D637311912600000000%26amp%3Bwidth%3D128%26amp%3Bheight%3D128%26amp%3Bauto%3Dwebp%26amp%3Bformat%3Dpjpg","https://hsfootball.net/proxy.php?url=https%3A%2F%2Fimage.maxpreps.io%2Fschool-mascot%2Fb%2F3%2Fe%2Fb3ee3409-edbb-4e6b-8d75-3a6d92a03c10.gif%3Fversion%3D636940233600000000%26amp%3Bwidth%3D128%26amp%3Bheight%3D128%26amp%3Bauto%3Dwebp%26amp%3Bformat%3Dpjpg"
11,"Evansville Harrison vs Castle",Football,"Indiana",9/11/2026,6:30pm,"The Evansville Harrison varsity football team has an away conference game @  Castle (Newburgh, IN) on Friday, September 11 @ 6:30p.","/in/football/game/castle-newburgh-vs-evansville-harrison/9-11-2026/?c=6022ccd5-e0bd-47ee-9d39-491ed6035a73","https://www.maxpreps.com/in/football/game/castle-newburgh-vs-evansville-harrison/9-11-2026/?c=6022ccd5-e0bd-47ee-9d39-491ed6035a73","/football/in/f1a?9/11/2026","Warriors","Knights","https://www.maxpreps.com/in/castle-newburgh/football/","https://www.maxpreps.com/in/evansville-harrison/football/","https://hsfootball.net/proxy.php?url=https%3A%2F%2Fimage.maxpreps.io%2Fschool-mascot%2F5%2F2%2F3%2F5233d48d-0019-4faf-90d9-799dcde0e5e5.gif%3Fversion%3D638670019054975890%26amp%3Bwidth%3D128%26amp%3Bheight%3D128%26amp%3Bauto%3Dwebp%26amp%3Bformat%3Dpjpg","https://hsfootball.net/proxy.php?url=https%3A%2F%2Fimage.maxpreps.io%2Fschool-mascot%2Ff%2F3%2F3%2Ff334e465-7657-4c57-9e9b-c4e26e14b909.gif%3Fversion%3D636940248000000000%26amp%3Bwidth%3D128%26amp%3Bheight%3D128%26amp%3Bauto%3Dwebp%26amp%3Bformat%3Dpjpg"
12,"Riverton Parke vs Seeger",Football,"Indiana",9/11/2026,7:00pm,"The Riverton Parke varsity football team has an away conference game @  Seeger (West Lebanon, IN) on Friday, September 11 @ 7p.","/in/football/game/riverton-parke-montezuma-vs-seeger-west-lebanon/9-11-2026/?c=c298e5dd-8089-40d8-b458-8b5fd0b351a3","https://www.maxpreps.com/in/football/game/riverton-parke-montezuma-vs-seeger-west-lebanon/9-11-2026/?c=c298e5dd-8089-40d8-b458-8b5fd0b351a3","/football/in/1280?9/11/2026","Panthers","Patriots","https://www.maxpreps.com/in/riverton-parke-montezuma/football/","https://www.maxpreps.com/in/seeger-west-lebanon/football/","https://hsfootball.net/proxy.php?url=https%3A%2F%2Fimage.maxpreps.io%2Fschool-mascot%2F0%2F1%2Fb%2F01b964d3-a195-4e77-bc11-06cd96dad569.gif%3Fversion%3D635454601200000000%26amp%3Bwidth%3D128%26amp%3Bheight%3D128%26amp%3Bauto%3Dwebp%26amp%3Bformat%3Dpjpg","https://hsfootball.net/proxy.php?url=https%3A%2F%2Fimage.maxpreps.io%2Fschool-mascot%2F9%2Fd%2F4%2F9d43910d-ab36-4b6b-8a15-c3c63222e5bd.gif%3Fversion%3D637304845800000000%26amp%3Bwidth%3D128%26amp%3Bheight%3D128%26amp%3Bauto%3Dwebp%26amp%3Bformat%3Dpjpg"
13,"Fort Wayne North Side vs Fort Wayne Concordia Lutheran",Football,"Indiana",9/11/2026,7:00pm,"The Fort Wayne North Side varsity football team has an away conference game @  Fort Wayne Concordia Lutheran (Fort Wayne, IN) on Friday, September 11 @ 7p.","/in/football/game/fort-wayne-concordia-lutheran-vs-fort-wayne-north-side/9-11-2026/?c=5e499e52-2f87-4692-8f24-953307be5080","https://www.maxpreps.com/in/football/game/fort-wayne-concordia-lutheran-vs-fort-wayne-north-side/9-11-2026/?c=5e499e52-2f87-4692-8f24-953307be5080","/football/in/14f4?9/11/2026","Legends","Cadets","https://www.maxpreps.com/in/fort-wayne-concordia-lutheran/football/","https://www.maxpreps.com/in/fort-wayne-north-side/football/","https://hsfootball.net/proxy.php?url=https%3A%2F%2Fimage.maxpreps.io%2Fschool-mascot%2F6%2F3%2F3%2F63383b37-313c-4b4c-a6a7-0a3d549699d6.gif%3Fversion%3D637335951000000000%26amp%3Bwidth%3D128%26amp%3Bheight%3D128%26amp%3Bauto%3Dwebp%26amp%3Bformat%3Dpjpg","https://hsfootball.net/proxy.php?url=https%3A%2F%2Fimage.maxpreps.io%2Fschool-mascot%2Fa%2F6%2F7%2Fa67a91b2-ebef-4636-8f40-4be2780aa8f4.gif%3Fversion%3D637963113600000000%26amp%3Bwidth%3D128%26amp%3Bheight%3D128%26amp%3Bauto%3Dwebp%26amp%3Bformat%3Dpjpg"
14,"South Bend Washington vs Penn",Football,"Indiana",9/11/2026,7:00pm,"The South Bend Washington varsity football team has an away conference game @  Penn (Mishawaka, IN) on Friday, September 11 @ 7p.","/in/football/game/penn-mishawaka-vs-south-bend-washington/9-11-2026/?c=28f3ce86-0a2d-415c-83b5-03d01eb59b48","https://www.maxpreps.com/in/football/game/penn-mishawaka-vs-south-bend-washington/9-11-2026/?c=28f3ce86-0a2d-415c-83b5-03d01eb59b48","/football/in/f3f?9/11/2026","Panthers","Kingsmen","https://www.maxpreps.com/in/penn-mishawaka/football/","https://www.maxpreps.com/in/south-bend-washington/football/","https://hsfootball.net/proxy.php?url=https%3A%2F%2Fimage.maxpreps.io%2Fschool-mascot%2F7%2Fa%2Fd%2F7ad49bc6-8f4a-4c60-b9b3-6c42cfc0b831.gif%3Fversion%3D637311924000000000%26amp%3Bwidth%3D128%26amp%3Bheight%3D128%26amp%3Bauto%3Dwebp%26amp%3Bformat%3Dpjpg","https://hsfootball.net/proxy.php?url=https%3A%2F%2Fimage.maxpreps.io%2Fschool-mascot%2Fb%2Fe%2F5%2Fbe5d5889-13be-4d3c-8547-0dc6c1d3f353.gif%3Fversion%3D639151212643170580%26amp%3Bwidth%3D128%26amp%3Bheight%3D128%26amp%3Bauto%3Dwebp%26amp%3Bformat%3Dpjpg"
15,"North Daviess vs Pike Central",Football,"Indiana",9/11/2026,7:00pm,"The North Daviess varsity football team has an away non-conference game @  Pike Central (Petersburg, IN) on Friday, September 11 @ 7p.","/in/football/game/north-daviess-elnora-vs-pike-central-petersburg/9-11-2026/?c=57d305b0-35ff-442c-b8e9-e4c0b2385f5d","https://www.maxpreps.com/in/football/game/north-daviess-elnora-vs-pike-central-petersburg/9-11-2026/?c=57d305b0-35ff-442c-b8e9-e4c0b2385f5d","/football/in/1267?9/11/2026","Cougars","Chargers","https://www.maxpreps.com/in/north-daviess-elnora/football/","https://www.maxpreps.com/in/pike-central-petersburg/football/","https://hsfootball.net/proxy.php?url=https%3A%2F%2Fimage.maxpreps.io%2Fschool-mascot%2Fb%2F9%2Fe%2Fb9edcace-d2c9-4572-8ad8-ba558cc861a6.gif%3Fversion%3D635421279600000000%26amp%3Bwidth%3D128%26amp%3Bheight%3D128%26amp%3Bauto%3Dwebp%26amp%3Bformat%3Dpjpg","https://hsfootball.net/proxy.php?url=https%3A%2F%2Fimage.maxpreps.io%2Fschool-mascot%2F8%2F7%2F6%2F876063ed-3feb-47b1-a730-95076a16a696.gif%3Fversion%3D637309320000000000%26amp%3Bwidth%3D128%26amp%3Bheight%3D128%26amp%3Bauto%3Dwebp%26amp%3Bformat%3Dpjpg"
16,"Huntington North vs Columbia City",Football,"Indiana",9/11/2026,7:00pm,"The Huntington North varsity football team has an away conference game @  Columbia City (IN) on Friday, September 11 @ 7p.","/in/football/game/columbia-city-vs-huntington-north/9-11-2026/?c=d1bd183b-541e-4de3-8617-2a5eb134c302","https://www.maxpreps.com/in/football/game/columbia-city-vs-huntington-north/9-11-2026/?c=d1bd183b-541e-4de3-8617-2a5eb134c302","/football/in/d1b?9/11/2026","Vikings","Eagles","https://www.maxpreps.com/in/columbia-city/football/","https://www.maxpreps.com/in/huntington-north/football/","https://hsfootball.net/proxy.php?url=https%3A%2F%2Fimage.maxpreps.io%2Fschool-mascot%2F7%2F1%2Ff%2F71f7b79e-a97c-4790-9705-5933c4e072eb.gif%3Fversion%3D638821408517820270%26amp%3Bwidth%3D128%26amp%3Bheight%3D128%26amp%3Bauto%3Dwebp%26amp%3Bformat%3Dpjpg","https://hsfootball.net/proxy.php?url=https%3A%2F%2Fimage.maxpreps.io%2Fschool-mascot%2Fe%2F5%2F1%2Fe51f7c72-2fcd-4cfb-8cf4-9ad650b42363.gif%3Fversion%3D639151212542286970%26amp%3Bwidth%3D128%26amp%3Bheight%3D128%26amp%3Bauto%3Dwebp%26amp%3Bformat%3Dpjpg"
17,"Mishawaka vs Warsaw",Football,"Indiana",9/11/2026,7:00pm,"The Mishawaka varsity football team has an away conference game @  Warsaw (IN) on Friday, September 11 @ 7p.","/in/football/game/mishawaka-vs-warsaw/9-11-2026/?c=baf9ac23-ab68-4b3e-888c-17977c083ec2","https://www.maxpreps.com/in/football/game/mishawaka-vs-warsaw/9-11-2026/?c=baf9ac23-ab68-4b3e-888c-17977c083ec2","/football/in/78e?9/11/2026","Cavemen","Tigers","https://www.maxpreps.com/in/mishawaka/football/","https://www.maxpreps.com/in/warsaw/football/","https://hsfootball.net/proxy.php?url=https%3A%2F%2Fimage.maxpreps.io%2Fschool-mascot%2F6%2F1%2Fb%2F61b17d21-dba6-4291-bb89-1ede4fa3eb14.gif%3Fversion%3D638822896443154440%26amp%3Bwidth%3D128%26amp%3Bheight%3D128%26amp%3Bauto%3Dwebp%26amp%3Bformat%3Dpjpg","https://hsfootball.net/proxy.php?url=https%3A%2F%2Fimage.maxpreps.io%2Fschool-mascot%2Ff%2Ff%2F6%2Fff6d498c-5946-4a35-842b-1e82969d7fc6.gif%3Fversion%3D638822896319675900%26amp%3Bwidth%3D128%26amp%3Bheight%3D128%26amp%3Bauto%3Dwebp%26amp%3Bformat%3Dpjpg"
18,"Munster vs Andrean",Football,"Indiana",9/11/2026,7:00pm,"The Munster varsity football team has an away conference game @  Andrean (Merrillville, IN) on Friday, September 11 @ 7p.","/in/football/game/andrean-merrillville-vs-munster/9-11-2026/?c=b87afe36-4b07-44d8-b1d1-0186e18ce61d","https://www.maxpreps.com/in/football/game/andrean-merrillville-vs-munster/9-11-2026/?c=b87afe36-4b07-44d8-b1d1-0186e18ce61d","/football/in/c6a?9/11/2026","Mustangs","Fighting 59ers","https://www.maxpreps.com/in/andrean-merrillville/football/","https://www.maxpreps.com/in/munster/football/","https://hsfootball.net/proxy.php?url=https%3A%2F%2Fimage.maxpreps.io%2Fschool-mascot%2F9%2F1%2F5%2F9158f9c1-7f1c-4dec-84df-b6cee70f9ead.gif%3Fversion%3D639151212563891370%26amp%3Bwidth%3D128%26amp%3Bheight%3D128%26amp%3Bauto%3Dwebp%26amp%3Bformat%3Dpjpg","https://hsfootball.net/proxy.php?url=https%3A%2F%2Fimage.maxpreps.io%2Fschool-mascot%2F7%2F0%2Ff%2F70f01b0f-7be1-430f-8581-b8bdf3e6b4d2.gif%3Fversion%3D639152135148028140%26amp%3Bwidth%3D128%26amp%3Bheight%3D128%26amp%3Bauto%3Dwebp%26amp%3Bformat%3Dpjpg"
19,"Hamilton Heights vs Tipton",Football,"Indiana",9/11/2026,7:00pm,"The Hamilton Heights varsity football team has an away non-conference game @  Tipton (IN) on Friday, September 11 @ 7p.","/in/football/game/hamilton-heights-arcadia-vs-tipton/9-11-2026/?c=b6374ece-3603-4ffc-b73a-85f621e213af","https://www.maxpreps.com/in/football/game/hamilton-heights-arcadia-vs-tipton/9-11-2026/?c=b6374ece-3603-4ffc-b73a-85f621e213af","/football/in/d48?9/11/2026","Huskies","Blue Devils","https://www.maxpreps.com/in/hamilton-heights-arcadia/football/","https://www.maxpreps.com/in/tipton/football/","https://hsfootball.net/proxy.php?url=https%3A%2F%2Fimage.maxpreps.io%2Fschool-mascot%2F6%2Fa%2F4%2F6a4c7181-4f18-424b-851c-0d0b15c215dc.gif%3Fversion%3D636559089000000000%26amp%3Bwidth%3D128%26amp%3Bheight%3D128%26amp%3Bauto%3Dwebp%26amp%3Bformat%3Dpjpg","https://hsfootball.net/proxy.php?url=https%3A%2F%2Fimage.maxpreps.io%2Fschool-mascot%2Fd%2F3%2F1%2Fd31c701d-7a30-41bb-bde3-f9cf2ef0fb4c.gif%3Fversion%3D638109221400000000%26amp%3Bwidth%3D128%26amp%3Bheight%3D128%26amp%3Bauto%3Dwebp%26amp%3Bformat%3Dpjpg"
20,"Goshen vs Concord",Football,"Indiana",9/11/2026,7:00pm,"The Goshen varsity football team has an away conference game @  Concord (Elkhart, IN) on Friday, September 11 @ 7p.","/in/football/game/concord-elkhart-vs-goshen/9-11-2026/?c=2b0e7eff-f190-4c91-93b4-a7efb219e5e8","https://www.maxpreps.com/in/football/game/concord-elkhart-vs-goshen/9-11-2026/?c=2b0e7eff-f190-4c91-93b4-a7efb219e5e8","/football/in/9c7?9/11/2026","RedHawks","Minutemen","https://www.maxpreps.com/in/concord-elkhart/football/","https://www.maxpreps.com/in/goshen/football/","https://hsfootball.net/proxy.php?url=https%3A%2F%2Fimage.maxpreps.io%2Fschool-mascot%2Fb%2F9%2F3%2Fb930b54e-ddcb-4c4a-a1b4-c90430d4fb17.gif%3Fversion%3D638822896306041970%26amp%3Bwidth%3D128%26amp%3Bheight%3D128%26amp%3Bauto%3Dwebp%26amp%3Bformat%3Dpjpg","https://hsfootball.net/proxy.php?url=https%3A%2F%2Fimage.maxpreps.io%2Fschool-mascot%2F7%2F8%2F9%2F789571db-9862-4d44-a4a6-92e883128af7.gif%3Fversion%3D639152135116203810%26amp%3Bwidth%3D128%26amp%3Bheight%3D128%26amp%3Bauto%3Dwebp%26amp%3Bformat%3Dpjpg"
21,"Calumet Christian vs Whiting",Football,"Indiana",9/11/2026,7:00pm,"The Calumet Christian varsity football team has an away non-conference game @  Whiting (IN) on Friday, September 11 @ 7p.","/in/football/game/calumet-christian-griffith-vs-whiting/9-11-2026/?c=f2fdb17f-0736-41c5-9582-44bfaf6eede0","https://www.maxpreps.com/in/football/game/calumet-christian-griffith-vs-whiting/9-11-2026/?c=f2fdb17f-0736-41c5-9582-44bfaf6eede0","/football/in/e9a?9/11/2026","Patriots","Oilers","https://www.maxpreps.com/in/calumet-christian-griffith/football/","https://www.maxpreps.com/in/whiting/football/","https://hsfootball.net/proxy.php?url=https%3A%2F%2Fimage.maxpreps.io%2Fschool-mascot%2F9%2F2%2F0%2F9201f732-6a8f-4f03-adf7-1b00fb456d51.gif%3Fversion%3D634478712600000000%26amp%3Bwidth%3D128%26amp%3Bheight%3D128%26amp%3Bauto%3Dwebp%26amp%3Bformat%3Dpjpg","https://hsfootball.net/proxy.php?url=https%3A%2F%2Fimage.maxpreps.io%2Fschool-mascot%2F6%2F3%2Fe%2F63ebc7dc-0b1a-47b2-8542-230aecae90d4.gif%3Fversion%3D638829805609503290%26amp%3Bwidth%3D128%26amp%3Bheight%3D128%26amp%3Bauto%3Dwebp%26amp%3Bformat%3Dpjpg"
22,"North White vs Tri-County",Football,"Indiana",9/11/2026,7:00pm,"The North White varsity football team has an away non-conference game @  Tri-County (Wolcott, IN) on Friday, September 11 @ 7p.","/in/football/game/north-white-monon-vs-tri-county-wolcott/9-11-2026/?c=c0943f24-504b-485a-97ab-737c5f319067","https://www.maxpreps.com/in/football/game/north-white-monon-vs-tri-county-wolcott/9-11-2026/?c=c0943f24-504b-485a-97ab-737c5f319067","/football/in/f67?9/11/2026","Vikings","Cavaliers","https://www.maxpreps.com/in/north-white-monon/football/","https://www.maxpreps.com/in/tri-county-wolcott/football/","https://hsfootball.net/proxy.php?url=https%3A%2F%2Fimage.maxpreps.io%2Fschool-mascot%2F6%2F8%2F3%2F68305f3e-56b8-4883-b06c-b5b427eff60f.gif%3Fversion%3D636118115400000000%26amp%3Bwidth%3D128%26amp%3Bheight%3D128%26amp%3Bauto%3Dwebp%26amp%3Bformat%3Dpjpg","https://hsfootball.net/proxy.php?url=https%3A%2F%2Fimage.maxpreps.io%2Fschool-mascot%2Ff%2Ff%2F7%2Fff776e5a-cf39-4acc-bf27-0b5d8ea7b4bd.gif%3Fversion%3D637309320000000000%26amp%3Bwidth%3D128%26amp%3Bheight%3D128%26amp%3Bauto%3Dwebp%26amp%3Bformat%3Dpjpg"
23,"Marion vs Lebanon",Football,"Indiana",9/11/2026,7:00pm,"The Marion varsity football team has an away non-conference game @  Lebanon (IN) on Friday, September 11 @ 7p.","/in/football/game/lebanon-vs-marion/9-11-2026/?c=fba6042d-b071-49b1-a34c-7b31a26bbd25","https://www.maxpreps.com/in/football/game/lebanon-vs-marion/9-11-2026/?c=fba6042d-b071-49b1-a34c-7b31a26bbd25","/football/in/6a8?9/11/2026","Giants","Tigers","https://www.maxpreps.com/in/lebanon/football/","https://www.maxpreps.com/in/marion/football/","https://hsfootball.net/proxy.php?url=https%3A%2F%2Fimage.maxpreps.io%2Fschool-mascot%2F7%2F0%2F8%2F7082b7ef-e0d7-4749-9b0c-eaab08ff2864.gif%3Fversion%3D635398973400000000%26amp%3Bwidth%3D128%26amp%3Bheight%3D128%26amp%3Bauto%3Dwebp%26amp%3Bformat%3Dpjpg","https://hsfootball.net/proxy.php?url=https%3A%2F%2Fimage.maxpreps.io%2Fschool-mascot%2F6%2F7%2F6%2F676db09c-2931-4eb7-828f-08b061cef133.gif%3Fversion%3D636009061200000000%26amp%3Bwidth%3D128%26amp%3Bheight%3D128%26amp%3Bauto%3Dwebp%26amp%3Bformat%3Dpjpg"
24,"Carroll vs Delphi Community",Football,"Indiana",9/11/2026,7:00pm,"The Carroll varsity football team has an away conference game @  Delphi Community (Delphi, IN) on Friday, September 11 @ 7p.","/in/football/game/carroll-flora-vs-delphi-community/9-11-2026/?c=0de1a954-fe43-476b-bbae-7091e86b8308","https://www.maxpreps.com/in/football/game/carroll-flora-vs-delphi-community/9-11-2026/?c=0de1a954-fe43-476b-bbae-7091e86b8308","/football/in/cfb?9/11/2026","Cougars","Oracles","https://www.maxpreps.com/in/carroll-flora/football/","https://www.maxpreps.com/in/delphi-community/football/","https://hsfootball.net/proxy.php?url=https%3A%2F%2Fimage.maxpreps.io%2Fschool-mascot%2F8%2Ff%2F1%2F8f11fd51-5ebb-41cf-97af-80aaf4e5933c.gif%3Fversion%3D637541677200000000%26amp%3Bwidth%3D128%26amp%3Bheight%3D128%26amp%3Bauto%3Dwebp%26amp%3Bformat%3Dpjpg","https://hsfootball.net/proxy.php?url=https%3A%2F%2Fimage.maxpreps.io%2Fschool-mascot%2F6%2F3%2Fc%2F63c20e8b-d73a-4f14-9ac6-cb88f7bc5c0a.gif%3Fversion%3D639229006064298510%26amp%3Bwidth%3D128%26amp%3Bheight%3D128%26amp%3Bauto%3Dwebp%26amp%3Bformat%3Dpjpg"
25,"North Central vs Lawrence North",Football,"Indiana",9/11/2026,7:00pm,"The North Central varsity football team has an away conference game @  Lawrence North (Indianapolis, IN) on Friday, September 11 @ 7p.","/in/football/game/lawrence-north-indianapolis-vs-north-central-indianapolis/9-11-2026/?c=bd090672-8aaa-43c5-8687-9cc0c77613a8","https://www.maxpreps.com/in/football/game/lawrence-north-indianapolis-vs-north-central-indianapolis/9-11-2026/?c=bd090672-8aaa-43c5-8687-9cc0c77613a8","/football/in/167d?9/11/2026","Panthers","Wildcats","https://www.maxpreps.com/in/lawrence-north-indianapolis/football/","https://www.maxpreps.com/in/north-central-indianapolis/football/","https://hsfootball.net/proxy.php?url=https%3A%2F%2Fimage.maxpreps.io%2Fschool-mascot%2Fc%2Fa%2Fb%2Fcab7fd65-eced-4681-a8fe-7f1357a820e2.gif%3Fversion%3D637335976200000000%26amp%3Bwidth%3D128%26amp%3Bheight%3D128%26amp%3Bauto%3Dwebp%26amp%3Bformat%3Dpjpg","https://hsfootball.net/proxy.php?url=https%3A%2F%2Fimage.maxpreps.io%2Fschool-mascot%2Fe%2F1%2Ff%2Fe1f254b5-cab3-48d7-8fe3-e49db955b0ea.gif%3Fversion%3D639152135080053070%26amp%3Bwidth%3D128%26amp%3Bheight%3D128%26amp%3Bauto%3Dwebp%26amp%3Bformat%3Dpjpg"
26,"Lake Central vs Crown Point",Football,"Indiana",9/11/2026,7:00pm,"The Lake Central varsity football team has an away conference game @  Crown Point (IN) on Friday, September 11 @ 7p.","/in/football/game/crown-point-vs-lake-central-st-john/9-11-2026/?c=43867f75-8493-42a8-9db1-df6a0e0702f0","https://www.maxpreps.com/in/football/game/crown-point-vs-lake-central-st-john/9-11-2026/?c=43867f75-8493-42a8-9db1-df6a0e0702f0","/football/in/d66?9/11/2026","Indians","Bulldogs","https://www.maxpreps.com/in/crown-point/football/","https://www.maxpreps.com/in/lake-central-st-john/football/","https://hsfootball.net/proxy.php?url=https%3A%2F%2Fimage.maxpreps.io%2Fschool-mascot%2F8%2F5%2F6%2F856cd935-231a-4f5c-86a1-56025474b482.gif%3Fversion%3D637407250200000000%26amp%3Bwidth%3D128%26amp%3Bheight%3D128%26amp%3Bauto%3Dwebp%26amp%3Bformat%3Dpjpg","https://hsfootball.net/proxy.php?url=https%3A%2F%2Fimage.maxpreps.io%2Fschool-mascot%2F2%2Fa%2Fd%2F2ad5f752-3086-46be-a256-b1e71b8320cd.gif%3Fversion%3D636395059800000000%26amp%3Bwidth%3D128%26amp%3Bheight%3D128%26amp%3Bauto%3Dwebp%26amp%3Bformat%3Dpjpg"
27,"Culver Community vs Winamac",Football,"Indiana",9/11/2026,7:00pm,"The Culver Community varsity football team has an away conference game @  Winamac (IN) on Friday, September 11 @ 7p.","/in/football/game/culver-community-vs-winamac/9-11-2026/?c=0f9ce846-a122-485e-8633-e7f0b5f55bea","https://www.maxpreps.com/in/football/game/culver-community-vs-winamac/9-11-2026/?c=0f9ce846-a122-485e-8633-e7f0b5f55bea","/football/in/ac6?9/11/2026","Cavaliers","Warriors","https://www.maxpreps.com/in/culver-community/football/","https://www.maxpreps.com/in/winamac/football/","https://hsfootball.net/proxy.php?url=https%3A%2F%2Fimage.maxpreps.io%2Fschool-mascot%2F3%2Fa%2F3%2F3a32201d-1a89-452f-8d53-b27969e79763.gif%3Fversion%3D637335948600000000%26amp%3Bwidth%3D128%26amp%3Bheight%3D128%26amp%3Bauto%3Dwebp%26amp%3Bformat%3Dpjpg","https://hsfootball.net/proxy.php?url=https%3A%2F%2Fimage.maxpreps.io%2Fschool-mascot%2Fe%2F1%2Fb%2Fe1b57553-6973-405d-b1f8-59d709e28586.gif%3Fversion%3D635521557600000000%26amp%3Bwidth%3D128%26amp%3Bheight%3D128%26amp%3Bauto%3Dwebp%26amp%3Bformat%3Dpjpg"
28,"Kankakee Valley vs Hobart",Football,"Indiana",9/11/2026,7:00pm,"The Kankakee Valley varsity football team has an away conference game @  Hobart (IN) on Friday, September 11 @ 7p.","/in/football/game/hobart-vs-kankakee-valley-wheatfield/9-11-2026/?c=4ab05540-ed09-4dbe-aef2-b924ccfc5473","https://www.maxpreps.com/in/football/game/hobart-vs-kankakee-valley-wheatfield/9-11-2026/?c=4ab05540-ed09-4dbe-aef2-b924ccfc5473","/football/in/e02?9/11/2026","Kougars","Brickies","https://www.maxpreps.com/in/hobart/football/","https://www.maxpreps.com/in/kankakee-valley-wheatfield/football/","https://hsfootball.net/proxy.php?url=https%3A%2F%2Fimage.maxpreps.io%2Fschool-mascot%2F4%2Fa%2F8%2F4a84220a-eb6a-4013-b738-47be5e54c6fe.gif%3Fversion%3D639168678917773770%26amp%3Bwidth%3D128%26amp%3Bheight%3D128%26amp%3Bauto%3Dwebp%26amp%3Bformat%3Dpjpg","https://hsfootball.net/proxy.php?url=https%3A%2F%2Fimage.maxpreps.io%2Fschool-mascot%2F7%2F9%2F0%2F79064eed-b0fc-4d56-ab5f-787d9e78ed04.gif%3Fversion%3D635746390200000000%26amp%3Bwidth%3D128%26amp%3Bheight%3D128%26amp%3Bauto%3Dwebp%26amp%3Bformat%3Dpjpg"
29,"Batesville vs Rushville",Football,"Indiana",9/11/2026,7:00pm,"The Batesville varsity football team has an away non-conference game @  Rushville (IN) on Friday, September 11 @ 7p.","/in/football/game/batesville-vs-rushville/9-11-2026/?c=bf7c760f-b042-4aad-9047-9df6e8adbf43","https://www.maxpreps.com/in/football/game/batesville-vs-rushville/9-11-2026/?c=bf7c760f-b042-4aad-9047-9df6e8adbf43","/football/in/94c?9/11/2026","Bulldogs","Lions","https://www.maxpreps.com/in/batesville/football/","https://www.maxpreps.com/in/rushville/football/","https://hsfootball.net/proxy.php?url=https%3A%2F%2Fimage.maxpreps.io%2Fschool-mascot%2F4%2F8%2F8%2F4882c609-c58b-42a2-b4a8-37d056aaa953.gif%3Fversion%3D635072156400000000%26amp%3Bwidth%3D128%26amp%3Bheight%3D128%26amp%3Bauto%3Dwebp%26amp%3Bformat%3Dpjpg","https://hsfootball.net/proxy.php?url=https%3A%2F%2Fimage.maxpreps.io%2Fschool-mascot%2Fd%2Ff%2F6%2Fdf6ed289-13f8-4b59-ad8f-fb10e54219e0.gif%3Fversion%3D637304844000000000%26amp%3Bwidth%3D128%26amp%3Bheight%3D128%26amp%3Bauto%3Dwebp%26amp%3Bformat%3Dpjpg"
30,"Silver Creek vs Madison",Football,"Indiana",9/11/2026,7:00pm,"The Silver Creek varsity football team has an away conference game @  Madison (IN) on Friday, September 11 @ 7p.","/in/football/game/madison-vs-silver-creek-sellersburg/9-11-2026/?c=ce75982b-1917-4628-8593-e382505f5832","https://www.maxpreps.com/in/football/game/madison-vs-silver-creek-sellersburg/9-11-2026/?c=ce75982b-1917-4628-8593-e382505f5832","/football/in/dd1?9/11/2026","Dragons","Cubs","https://www.maxpreps.com/in/madison/football/","https://www.maxpreps.com/in/silver-creek-sellersburg/football/","https://hsfootball.net/proxy.php?url=https%3A%2F%2Fimage.maxpreps.io%2Fschool-mascot%2Fc%2F5%2F1%2Fc515470c-4ad2-4027-81b6-706bf4ba8d2d.gif%3Fversion%3D637514896200000000%26amp%3Bwidth%3D128%26amp%3Bheight%3D128%26amp%3Bauto%3Dwebp%26amp%3Bformat%3Dpjpg","https://hsfootball.net/proxy.php?url=https%3A%2F%2Fimage.maxpreps.io%2Fschool-mascot%2F3%2F6%2Fd%2F36d5236a-86ea-418e-a686-de1d847efe12.gif%3Fversion%3D637690192800000000%26amp%3Bwidth%3D128%26amp%3Bheight%3D128%26amp%3Bauto%3Dwebp%26amp%3Bformat%3Dpjpg"
31,"Twin Lakes vs Benton Central",Football,"Indiana",9/11/2026,7:00pm,"The Twin Lakes varsity football team has an away non-conference game @  Benton Central (Oxford, IN) on Friday, September 11 @ 7p.","/in/football/game/benton-central-oxford-vs-twin-lakes-monticello/9-11-2026/?c=69aa1c56-a995-4fe7-ab2c-b97336c9af96","https://www.maxpreps.com/in/football/game/benton-central-oxford-vs-twin-lakes-monticello/9-11-2026/?c=69aa1c56-a995-4fe7-ab2c-b97336c9af96","/football/in/1200?9/11/2026","Indians","Bison","https://www.maxpreps.com/in/benton-central-oxford/football/","https://www.maxpreps.com/in/twin-lakes-monticello/football/","https://hsfootball.net/proxy.php?url=https%3A%2F%2Fimage.maxpreps.io%2Fschool-mascot%2F4%2F4%2Fb%2F44b7d35f-c880-4fe2-b019-da3c50ae8fba.gif%3Fversion%3D637335976200000000%26amp%3Bwidth%3D128%26amp%3Bheight%3D128%26amp%3Bauto%3Dwebp%26amp%3Bformat%3Dpjpg","https://hsfootball.net/proxy.php?url=https%3A%2F%2Fimage.maxpreps.io%2Fschool-mascot%2F8%2F8%2Fc%2F88c4a9fb-4f75-49d7-91ef-781fd514cef9.gif%3Fversion%3D638016982800000000%26amp%3Bwidth%3D128%26amp%3Bheight%3D128%26amp%3Bauto%3Dwebp%26amp%3Bformat%3Dpjpg"
32,"Shenandoah vs Connersville",Football,"Indiana",9/11/2026,7:00pm,"The Shenandoah varsity football team has an away non-conference game @  Connersville (IN) on Friday, September 11 @ 7p.","/in/football/game/connersville-vs-shenandoah-middletown/9-11-2026/?c=6b59aa79-f705-44e7-b3e1-0441b390a093","https://www.maxpreps.com/in/football/game/connersville-vs-shenandoah-middletown/9-11-2026/?c=6b59aa79-f705-44e7-b3e1-0441b390a093","/football/in/ed4?9/11/2026","Raiders","Spartans","https://www.maxpreps.com/in/connersville/football/","https://www.maxpreps.com/in/shenandoah-middletown/football/","https://hsfootball.net/proxy.php?url=https%3A%2F%2Fimage.maxpreps.io%2Fschool-mascot%2Fd%2F7%2F7%2Fd7799259-059e-4d0f-b663-99bd0174e712.gif%3Fversion%3D637159783200000000%26amp%3Bwidth%3D128%26amp%3Bheight%3D128%26amp%3Bauto%3Dwebp%26amp%3Bformat%3Dpjpg","https://hsfootball.net/proxy.php?url=https%3A%2F%2Fimage.maxpreps.io%2Fschool-mascot%2F6%2Ff%2Fa%2F6fa6769d-b7cd-41d0-9450-cc6093ea845d.gif%3Fversion%3D639151212529566420%26amp%3Bwidth%3D128%26amp%3Bheight%3D128%26amp%3Bauto%3Dwebp%26amp%3Bformat%3Dpjpg"
33,"West Washington vs Springs Valley",Football,"Indiana",9/11/2026,7:00pm,"The West Washington varsity football team has an away conference game @  Springs Valley (French Lick, IN) on Friday, September 11 @ 7p.","/in/football/game/springs-valley-french-lick-vs-west-washington-campbellsburg/9-11-2026/?c=82b29e0f-7525-4d8c-b20c-826f9deccff7","https://www.maxpreps.com/in/football/game/springs-valley-french-lick-vs-west-washington-campbellsburg/9-11-2026/?c=82b29e0f-7525-4d8c-b20c-826f9deccff7","/football/in/1738?9/11/2026","Senators","Blackhawks","https://www.maxpreps.com/in/springs-valley-french-lick/football/","https://www.maxpreps.com/in/west-washington-campbellsburg/football/","https://hsfootball.net/proxy.php?url=https%3A%2F%2Fimage.maxpreps.io%2Fschool-mascot%2Fe%2Fb%2Fa%2Febaf3aff-98e3-44f2-965d-ac214598aef2.gif%3Fversion%3D635936496600000000%26amp%3Bwidth%3D128%26amp%3Bheight%3D128%26amp%3Bauto%3Dwebp%26amp%3Bformat%3Dpjpg","https://hsfootball.net/proxy.php?url=https%3A%2F%2Fimage.maxpreps.io%2Fschool-mascot%2F5%2F9%2F0%2F590cdbc1-cca8-4880-b6f1-b04d8253818a.gif%3Fversion%3D637304823000000000%26amp%3Bwidth%3D128%26amp%3Bheight%3D128%26amp%3Bauto%3Dwebp%26amp%3Bformat%3Dpjpg"
34,"North Harrison vs Charlestown",Football,"Indiana",9/11/2026,7:00pm,"The North Harrison varsity football team has an away conference game @  Charlestown (IN) on Friday, September 11 @ 7p.","/in/football/game/charlestown-vs-north-harrison-ramsey/9-11-2026/?c=6c2bf26a-b776-4f2d-9b85-bc20abb2b83d","https://www.maxpreps.com/in/football/game/charlestown-vs-north-harrison-ramsey/9-11-2026/?c=6c2bf26a-b776-4f2d-9b85-bc20abb2b83d","/football/in/e69?9/11/2026","Cougars","Pirates","https://www.maxpreps.com/in/charlestown/football/","https://www.maxpreps.com/in/north-harrison-ramsey/football/","https://hsfootball.net/proxy.php?url=https%3A%2F%2Fimage.maxpreps.io%2Fschool-mascot%2F5%2F3%2F7%2F537bb82b-a198-4164-a466-cb3321e7742d.gif%3Fversion%3D637310098800000000%26amp%3Bwidth%3D128%26amp%3Bheight%3D128%26amp%3Bauto%3Dwebp%26amp%3Bformat%3Dpjpg","https://hsfootball.net/proxy.php?url=https%3A%2F%2Fimage.maxpreps.io%2Fschool-mascot%2F2%2Fa%2Fb%2F2ab7bea1-7033-4b85-9b48-d8fc4735c726.gif%3Fversion%3D636062009400000000%26amp%3Bwidth%3D128%26amp%3Bheight%3D128%26amp%3Bauto%3Dwebp%26amp%3Bformat%3Dpjpg"
35,"Jimtown vs Glenn",Football,"Indiana",9/11/2026,7:00pm,"The Jimtown varsity football team has an away conference game @  Glenn (Walkerton, IN) on Friday, September 11 @ 7p.","/in/football/game/glenn-walkerton-vs-jimtown-elkhart/9-11-2026/?c=c1093f68-35bb-4cba-8ae2-58c9af370af6","https://www.maxpreps.com/in/football/game/glenn-walkerton-vs-jimtown-elkhart/9-11-2026/?c=c1093f68-35bb-4cba-8ae2-58c9af370af6","/football/in/d7b?9/11/2026","Jimmies","Falcons","https://www.maxpreps.com/in/glenn-walkerton/football/","https://www.maxpreps.com/in/jimtown-elkhart/football/","https://hsfootball.net/proxy.php?url=https%3A%2F%2Fimage.maxpreps.io%2Fschool-mascot%2F7%2Fa%2F5%2F7a5f90c3-bcfc-4d7a-a516-5dc7fd4a4365.gif%3Fversion%3D635441418600000000%26amp%3Bwidth%3D128%26amp%3Bheight%3D128%26amp%3Bauto%3Dwebp%26amp%3Bformat%3Dpjpg","https://hsfootball.net/proxy.php?url=https%3A%2F%2Fimage.maxpreps.io%2Fschool-mascot%2F5%2F9%2F1%2F591580db-0294-4971-9611-b8668bb100ba.gif%3Fversion%3D635424293400000000%26amp%3Bwidth%3D128%26amp%3Bheight%3D128%26amp%3Bauto%3Dwebp%26amp%3Bformat%3Dpjpg"
36,"Northview vs West Vigo",Football,"Indiana",9/11/2026,7:00pm,"The Northview varsity football team has an away conference game @  West Vigo (West Terre Haute, IN) on Friday, September 11 @ 7p.","/in/football/game/northview-brazil-vs-west-vigo-west-terre-haute/9-11-2026/?c=1165e142-57d1-469c-b325-474b10dbc5da","https://www.maxpreps.com/in/football/game/northview-brazil-vs-west-vigo-west-terre-haute/9-11-2026/?c=1165e142-57d1-469c-b325-474b10dbc5da","/football/in/1202?9/11/2026","Knights","Vikings","https://www.maxpreps.com/in/northview-brazil/football/","https://www.maxpreps.com/in/west-vigo-west-terre-haute/football/","https://hsfootball.net/proxy.php?url=https%3A%2F%2Fimage.maxpreps.io%2Fschool-mascot%2Fb%2Ff%2F4%2Fbf4549c7-88bc-4d65-bde5-369a2a000e4f.gif%3Fversion%3D635191531200000000%26amp%3Bwidth%3D128%26amp%3Bheight%3D128%26amp%3Bauto%3Dwebp%26amp%3Bformat%3Dpjpg","https://hsfootball.net/proxy.php?url=https%3A%2F%2Fimage.maxpreps.io%2Fschool-mascot%2F5%2F5%2Ff%2F55f11e05-09e1-4c85-9bab-469d6489a300.gif%3Fversion%3D639152135264569130%26amp%3Bwidth%3D128%26amp%3Bheight%3D128%26amp%3Bauto%3Dwebp%26amp%3Bformat%3Dpjpg"
37,"Vincennes Lincoln vs South Putnam",Football,"Indiana",9/11/2026,7:00pm,"The Vincennes Lincoln varsity football team has an away conference game @  South Putnam (Greencastle, IN) on Friday, September 11 @ 7p.","/in/football/game/south-putnam-greencastle-vs-vincennes-lincoln/9-11-2026/?c=c0cac80b-f2cb-4392-a5d2-99c2acf04ab4","https://www.maxpreps.com/in/football/game/south-putnam-greencastle-vs-vincennes-lincoln/9-11-2026/?c=c0cac80b-f2cb-4392-a5d2-99c2acf04ab4","/football/in/11d7?9/11/2026","Alices","Eagles","https://www.maxpreps.com/in/south-putnam-greencastle/football/","https://www.maxpreps.com/in/vincennes-lincoln/football/","https://hsfootball.net/proxy.php?url=https%3A%2F%2Fimage.maxpreps.io%2Fschool-mascot%2F4%2Ff%2F9%2F4f95aae2-ecb0-4ba2-9329-53b0749cad40.gif%3Fversion%3D636009278400000000%26amp%3Bwidth%3D128%26amp%3Bheight%3D128%26amp%3Bauto%3Dwebp%26amp%3Bformat%3Dpjpg","https://hsfootball.net/proxy.php?url=https%3A%2F%2Fimage.maxpreps.io%2Fschool-mascot%2F3%2Fd%2F8%2F3d8a2ce1-1e9e-4146-802c-112fe379c744.gif%3Fversion%3D635962313400000000%26amp%3Bwidth%3D128%26amp%3Bheight%3D128%26amp%3Bauto%3Dwebp%26amp%3Bformat%3Dpjpg"
38,"Union County vs Hagerstown",Football,"Indiana",9/11/2026,7:00pm,"The Union County varsity football team has an away conference game @  Hagerstown (IN) on Friday, September 11 @ 7p.","/in/football/game/hagerstown-vs-union-county-liberty/9-11-2026/?c=20db8802-fbee-45ad-9959-33c7f6717823","https://www.maxpreps.com/in/football/game/hagerstown-vs-union-county-liberty/9-11-2026/?c=20db8802-fbee-45ad-9959-33c7f6717823","/football/in/da5?9/11/2026","Patriots","Tigers","https://www.maxpreps.com/in/hagerstown/football/","https://www.maxpreps.com/in/union-county-liberty/football/","https://hsfootball.net/proxy.php?url=https%3A%2F%2Fimage.maxpreps.io%2Fschool-mascot%2Fc%2Fa%2F8%2Fca8c0cf8-dbff-4200-ade4-39c4c4d64851.gif%3Fversion%3D636554023200000000%26amp%3Bwidth%3D128%26amp%3Bheight%3D128%26amp%3Bauto%3Dwebp%26amp%3Bformat%3Dpjpg","https://hsfootball.net/proxy.php?url=https%3A%2F%2Fimage.maxpreps.io%2Fschool-mascot%2F4%2Fc%2Fd%2F4cd8f48b-cdae-4b61-8c12-25dee0004bb2.gif%3Fversion%3D637304820600000000%26amp%3Bwidth%3D128%26amp%3Bheight%3D128%26amp%3Bauto%3Dwebp%26amp%3Bformat%3Dpjpg"
39,"Indianapolis Crispus Attucks vs Indianapolis Washington",Football,"Indiana",9/11/2026,7:00pm,"The Indianapolis Crispus Attucks varsity football team has an away conference game @  Indianapolis Washington (Indianapolis, IN) on Friday, September 11 @ 7p.","/in/football/game/indianapolis-crispus-attucks-vs-indianapolis-washington/9-11-2026/?c=d65e73c8-346f-4727-8cbd-3451ec5c1162","https://www.maxpreps.com/in/football/game/indianapolis-crispus-attucks-vs-indianapolis-washington/9-11-2026/?c=d65e73c8-346f-4727-8cbd-3451ec5c1162","/football/in/160a?9/11/2026","Tigers","Continentals","https://www.maxpreps.com/in/indianapolis-crispus-attucks/football/","https://www.maxpreps.com/in/indianapolis-washington/football/","https://hsfootball.net/proxy.php?url=https%3A%2F%2Fimage.maxpreps.io%2Fschool-mascot%2F5%2F8%2F6%2F586f3473-122a-4d56-99b8-9ab88d4c8ba7.gif%3Fversion%3D637955747400000000%26amp%3Bwidth%3D128%26amp%3Bheight%3D128%26amp%3Bauto%3Dwebp%26amp%3Bformat%3Dpjpg","https://hsfootball.net/proxy.php?url=https%3A%2F%2Fimage.maxpreps.io%2Fschool-mascot%2F4%2Fe%2F8%2F4e8752f9-fa74-40a6-92d0-9ac80404f6b6.gif%3Fversion%3D637335951000000000%26amp%3Bwidth%3D128%26amp%3Bheight%3D128%26amp%3Bauto%3Dwebp%26amp%3Bformat%3Dpjpg"
40,"Tindley vs Indianapolis Arsenal Technical",Football,"Indiana",9/11/2026,7:00pm,"The Tindley varsity football team has an away non-conference game @  Indianapolis Arsenal Technical (Indianapolis, IN) on Friday, September 11 @ 7p.","/in/football/game/indianapolis-arsenal-technical-vs-tindley-indianapolis/9-11-2026/?c=1798407b-03d1-44bf-9407-4b9136631b08","https://www.maxpreps.com/in/football/game/indianapolis-arsenal-technical-vs-tindley-indianapolis/9-11-2026/?c=1798407b-03d1-44bf-9407-4b9136631b08","/football/in/154a?9/11/2026","Tigers","Titans","https://www.maxpreps.com/in/indianapolis-arsenal-technical/football/","https://www.maxpreps.com/in/tindley-indianapolis/football/","https://hsfootball.net/proxy.php?url=https%3A%2F%2Fimage.maxpreps.io%2Fschool-mascot%2F8%2F3%2F8%2F838bb073-2363-459e-9b0d-144cb37e3c26.gif%3Fversion%3D639210207791508980%26amp%3Bwidth%3D128%26amp%3Bheight%3D128%26amp%3Bauto%3Dwebp%26amp%3Bformat%3Dpjpg","https://hsfootball.net/proxy.php?url=https%3A%2F%2Fimage.maxpreps.io%2Fschool-mascot%2F4%2F7%2Fa%2F47a3dc55-329a-424c-9a4f-cdca1bcb8562.gif%3Fversion%3D639244563888778750%26amp%3Bwidth%3D128%26amp%3Bheight%3D128%26amp%3Bauto%3Dwebp%26amp%3Bformat%3Dpjpg"
41,"Maconaquah vs Whitko",Football,"Indiana",9/11/2026,7:00pm,"The Maconaquah varsity football team has an away conference game @  Whitko (South Whitley, IN) on Friday, September 11 @ 7p.","/in/football/game/maconaquah-bunker-hill-vs-whitko-south-whitley/9-11-2026/?c=b4ce81eb-576f-4a80-8ac0-8dd3e995aa66","https://www.maxpreps.com/in/football/game/maconaquah-bunker-hill-vs-whitko-south-whitley/9-11-2026/?c=b4ce81eb-576f-4a80-8ac0-8dd3e995aa66","/football/in/1214?9/11/2026","Braves","Wildcats","https://www.maxpreps.com/in/maconaquah-bunker-hill/football/","https://www.maxpreps.com/in/whitko-south-whitley/football/","https://hsfootball.net/proxy.php?url=https%3A%2F%2Fimage.maxpreps.io%2Fschool-mascot%2Ff%2Fb%2Fa%2Ffba2b738-6f66-4bd0-b02c-3d571a5a4423.gif%3Fversion%3D636084138600000000%26amp%3Bwidth%3D128%26amp%3Bheight%3D128%26amp%3Bauto%3Dwebp%26amp%3Bformat%3Dpjpg","https://hsfootball.net/proxy.php?url=https%3A%2F%2Fimage.maxpreps.io%2Fschool-mascot%2F4%2Fb%2Fd%2F4bd3c754-27ca-45df-a251-93bbda50449e.gif%3Fversion%3D639152135207713110%26amp%3Bwidth%3D128%26amp%3Bheight%3D128%26amp%3Bauto%3Dwebp%26amp%3Bformat%3Dpjpg"
42,"Rensselaer Central vs North Knox",Football,"Indiana",9/11/2026,7:00pm,"The Rensselaer Central varsity football team has an away non-conference game @  North Knox (Bicknell, IN) on Friday, September 11 @ 7p.","/in/football/game/north-knox-bicknell-vs-rensselaer-central/9-11-2026/?c=6680f1af-7b11-4502-9db5-18b45603d807","https://www.maxpreps.com/in/football/game/north-knox-bicknell-vs-rensselaer-central/9-11-2026/?c=6680f1af-7b11-4502-9db5-18b45603d807","/football/in/1016?9/11/2026","Bombers","Warriors","https://www.maxpreps.com/in/north-knox-bicknell/football/","https://www.maxpreps.com/in/rensselaer-central/football/","https://hsfootball.net/proxy.php?url=https%3A%2F%2Fimage.maxpreps.io%2Fschool-mascot%2F6%2Fd%2F1%2F6d161a93-4e2e-42d5-9260-173ca6cdf751.gif%3Fversion%3D636390708600000000%26amp%3Bwidth%3D128%26amp%3Bheight%3D128%26amp%3Bauto%3Dwebp%26amp%3Bformat%3Dpjpg","https://hsfootball.net/proxy.php?url=https%3A%2F%2Fimage.maxpreps.io%2Fschool-mascot%2Fa%2Fc%2Fb%2Facb89daf-f2e5-4e63-adba-1a1c25e09a3c.gif%3Fversion%3D637311914400000000%26amp%3Bwidth%3D128%26amp%3Bheight%3D128%26amp%3Bauto%3Dwebp%26amp%3Bformat%3Dpjpg"
43,"Rochester vs Clinton Prairie",Football,"Indiana",9/11/2026,7:00pm,"The Rochester varsity football team has an away non-conference game @  Clinton Prairie (Frankfort, IN) on Friday, September 11 @ 7p.","/in/football/game/clinton-prairie-frankfort-vs-rochester/9-11-2026/?c=25f98deb-4d61-4f97-bf25-1368cc36b7bf","https://www.maxpreps.com/in/football/game/clinton-prairie-frankfort-vs-rochester/9-11-2026/?c=25f98deb-4d61-4f97-bf25-1368cc36b7bf","/football/in/f1c?9/11/2026","Zebras","Gophers","https://www.maxpreps.com/in/clinton-prairie-frankfort/football/","https://www.maxpreps.com/in/rochester/football/","https://hsfootball.net/proxy.php?url=https%3A%2F%2Fimage.maxpreps.io%2Fschool-mascot%2Fa%2Fe%2F4%2Fae41bccd-e6bd-4263-8712-0075d86df445.gif%3Fversion%3D637310098200000000%26amp%3Bwidth%3D128%26amp%3Bheight%3D128%26amp%3Bauto%3Dwebp%26amp%3Bformat%3Dpjpg","https://hsfootball.net/proxy.php?url=https%3A%2F%2Fimage.maxpreps.io%2Fschool-mascot%2F8%2F3%2F6%2F836ba193-8d0c-43a5-ab36-2ad49f3f3067.gif%3Fversion%3D639152135191178190%26amp%3Bwidth%3D128%26amp%3Bheight%3D128%26amp%3Bauto%3Dwebp%26amp%3Bformat%3Dpjpg"
44,"Shelbyville vs Tri-West Hendricks",Football,"Indiana",9/11/2026,7:00pm,"The Shelbyville varsity football team has an away conference game @  Tri-West Hendricks (Lizton, IN) on Friday, September 11 @ 7p.","/in/football/game/shelbyville-vs-tri-west-hendricks-lizton/9-11-2026/?c=ff0141c5-c9a5-4677-9729-b620a0baebfb","https://www.maxpreps.com/in/football/game/shelbyville-vs-tri-west-hendricks-lizton/9-11-2026/?c=ff0141c5-c9a5-4677-9729-b620a0baebfb","/football/in/fda?9/11/2026","Golden Bears","Bruins","https://www.maxpreps.com/in/shelbyville/football/","https://www.maxpreps.com/in/tri-west-hendricks-lizton/football/","https://hsfootball.net/proxy.php?url=https%3A%2F%2Fimage.maxpreps.io%2Fschool-mascot%2F6%2F6%2F9%2F66921636-bf7e-4c3f-968c-0dbec657983d.gif%3Fversion%3D637396443000000000%26amp%3Bwidth%3D128%26amp%3Bheight%3D128%26amp%3Bauto%3Dwebp%26amp%3Bformat%3Dpjpg","https://hsfootball.net/proxy.php?url=https%3A%2F%2Fimage.maxpreps.io%2Fschool-mascot%2F9%2F1%2Fb%2F91b68a20-f4d0-4427-94a7-0345edcb077e.gif%3Fversion%3D639007946495170370%26amp%3Bwidth%3D128%26amp%3Bheight%3D128%26amp%3Bauto%3Dwebp%26amp%3Bformat%3Dpjpg"
45,"Fort Wayne South Side vs Fort Wayne Bishop Luers",Football,"Indiana",9/11/2026,7:00pm,"The Fort Wayne South Side varsity football team has an away non-conference game @  Fort Wayne Bishop Luers (Fort Wayne, IN) on Friday, September 11 @ 7p.","/in/football/game/fort-wayne-bishop-luers-vs-fort-wayne-south-side/9-11-2026/?c=c4d8c34f-d8d4-4e94-ba4f-643d1eb7efdf","https://www.maxpreps.com/in/football/game/fort-wayne-bishop-luers-vs-fort-wayne-south-side/9-11-2026/?c=c4d8c34f-d8d4-4e94-ba4f-643d1eb7efdf","/football/in/1297?9/11/2026","Archers","Knights","https://www.maxpreps.com/in/fort-wayne-bishop-luers/football/","https://www.maxpreps.com/in/fort-wayne-south-side/football/","https://hsfootball.net/proxy.php?url=https%3A%2F%2Fimage.maxpreps.io%2Fschool-mascot%2Fc%2F4%2Fd%2Fc4d79488-f801-4446-848e-a0c1de8ab852.gif%3Fversion%3D637993369200000000%26amp%3Bwidth%3D128%26amp%3Bheight%3D128%26amp%3Bauto%3Dwebp%26amp%3Bformat%3Dpjpg","https://hsfootball.net/proxy.php?url=https%3A%2F%2Fimage.maxpreps.io%2Fschool-mascot%2Fb%2F1%2F3%2Fb13ac815-2d47-4ad6-9943-799f998dab6a.gif%3Fversion%3D638772940115304210%26amp%3Bwidth%3D128%26amp%3Bheight%3D128%26amp%3Bauto%3Dwebp%26amp%3Bformat%3Dpjpg"
46,"Milan vs Switzerland County",Football,"Indiana",9/11/2026,7:00pm,"The Milan varsity football team has an away conference game @  Switzerland County (Vevay, IN) on Friday, September 11 @ 7p.","/in/football/game/milan-vs-switzerland-county-vevay/9-11-2026/?c=53cb073e-9c5f-4fbb-9661-9e2d02ee4280","https://www.maxpreps.com/in/football/game/milan-vs-switzerland-county-vevay/9-11-2026/?c=53cb073e-9c5f-4fbb-9661-9e2d02ee4280","/football/in/d32?9/11/2026","Indians","Pacers","https://www.maxpreps.com/in/milan/football/","https://www.maxpreps.com/in/switzerland-county-vevay/football/","https://hsfootball.net/proxy.php?url=https%3A%2F%2Fimage.maxpreps.io%2Fschool-mascot%2Fb%2F2%2Fb%2Fb2b575cf-8d16-493c-9380-af66ec166b07.gif%3Fversion%3D637304821200000000%26amp%3Bwidth%3D128%26amp%3Bheight%3D128%26amp%3Bauto%3Dwebp%26amp%3Bformat%3Dpjpg","https://hsfootball.net/proxy.php?url=https%3A%2F%2Fimage.maxpreps.io%2Fschool-mascot%2F9%2Fc%2Ff%2F9cf10df3-c77f-4c5e-b7d9-a9796758b240.gif%3Fversion%3D637637676000000000%26amp%3Bwidth%3D128%26amp%3Bheight%3D128%26amp%3Bauto%3Dwebp%26amp%3Bformat%3Dpjpg"
47,"Peru vs Northwestern",Football,"Indiana",9/11/2026,7:00pm,"The Peru varsity football team has an away conference game @  Northwestern (Kokomo, IN) on Friday, September 11 @ 7p.","/in/football/game/northwestern-kokomo-vs-peru-bengal-tigers/9-11-2026/?c=b34fb577-f1cf-40ae-b8db-8d1a3826839c","https://www.maxpreps.com/in/football/game/northwestern-kokomo-vs-peru-bengal-tigers/9-11-2026/?c=b34fb577-f1cf-40ae-b8db-8d1a3826839c","/football/in/1040?9/11/2026","Tigers","Tigers","https://www.maxpreps.com/in/northwestern-kokomo/football/","https://www.maxpreps.com/in/peru-bengal-tigers/football/","https://hsfootball.net/proxy.php?url=https%3A%2F%2Fimage.maxpreps.io%2Fschool-mascot%2F8%2Fc%2F8%2F8c89adb4-fdf9-456d-aae9-875767814098.gif%3Fversion%3D639151212587807740%26amp%3Bwidth%3D128%26amp%3Bheight%3D128%26amp%3Bauto%3Dwebp%26amp%3Bformat%3Dpjpg","https://hsfootball.net/proxy.php?url=https%3A%2F%2Fimage.maxpreps.io%2Fschool-mascot%2F9%2Ff%2Fb%2F9fb9edc7-c1f8-49bb-8ae3-0ebb6af71ddc.gif%3Fversion%3D638594091561060860%26amp%3Bwidth%3D128%26amp%3Bheight%3D128%26amp%3Bauto%3Dwebp%26amp%3Bformat%3Dpjpg"
48,"North Posey vs Tell City",Football,"Indiana",9/11/2026,7:00pm,"The North Posey varsity football team has an away conference game @  Tell City (IN) on Friday, September 11 @ 7p.","/in/football/game/north-posey-poseyville-vs-tell-city/9-11-2026/?c=9b2dec30-a02c-4aa2-9e8d-68edb75bc173","https://www.maxpreps.com/in/football/game/north-posey-poseyville-vs-tell-city/9-11-2026/?c=9b2dec30-a02c-4aa2-9e8d-68edb75bc173","/football/in/ddb?9/11/2026","Vikings","Marksmen","https://www.maxpreps.com/in/north-posey-poseyville/football/","https://www.maxpreps.com/in/tell-city/football/","https://hsfootball.net/proxy.php?url=https%3A%2F%2Fimage.maxpreps.io%2Fschool-mascot%2F8%2Fa%2F1%2F8a12e9b4-33d6-4674-ba1c-f2fc54d77ae0.gif%3Fversion%3D639152135255647600%26amp%3Bwidth%3D128%26amp%3Bheight%3D128%26amp%3Bauto%3Dwebp%26amp%3Bformat%3Dpjpg","https://hsfootball.net/proxy.php?url=https%3A%2F%2Fimage.maxpreps.io%2Fschool-mascot%2Fb%2F5%2F5%2Fb5596ae4-4bb1-41c8-8536-4c738d20764b.gif%3Fversion%3D637311910800000000%26amp%3Bwidth%3D128%26amp%3Bheight%3D128%26amp%3Bauto%3Dwebp%26amp%3Bformat%3Dpjpg"
49,"Brownstown Central vs Salem",Football,"Indiana",9/11/2026,7:00pm,"The Brownstown Central varsity football team has an away conference game @  Salem (IN) on Friday, September 11 @ 7p.","/in/football/game/brownstown-central-vs-salem/9-11-2026/?c=e2827088-41aa-4ec3-8901-568ab44744c8","https://www.maxpreps.com/in/football/game/brownstown-central-vs-salem/9-11-2026/?c=e2827088-41aa-4ec3-8901-568ab44744c8","/football/in/ace?9/11/2026","Braves","Lions","https://www.maxpreps.com/in/brownstown-central/football/","https://www.maxpreps.com/in/salem/football/","https://hsfootball.net/proxy.php?url=https%3A%2F%2Fimage.maxpreps.io%2Fschool-mascot%2Fa%2F4%2F5%2Fa4594ad5-c7c4-4a3a-974b-fd2307ac93b6.gif%3Fversion%3D639152135165921440%26amp%3Bwidth%3D128%26amp%3Bheight%3D128%26amp%3Bauto%3Dwebp%26amp%3Bformat%3Dpjpg","https://hsfootball.net/proxy.php?url=https%3A%2F%2Fimage.maxpreps.io%2Fschool-mascot%2Fa%2F6%2F1%2Fa610a92b-8630-4f0a-b3c1-41e5d834f37c.gif%3Fversion%3D639165087325108920%26amp%3Bwidth%3D128%26amp%3Bheight%3D128%26amp%3Bauto%3Dwebp%26amp%3Bformat%3Dpjpg"
50,"Crawford County Marengo vs South Decatur Greensburg",Football,"Indiana",9/11/2026,TBD,"The South Decatur Greensburg varsity football team has a game @ Crawford County Marengo (Indiana).","/in/football/game/crawford-county-marengo-vs-south-decatur-greensburg/9-11-2026/?c=7dbc15b3-3ebf-481d-a6f3-eeb6fbe16794","https://www.maxpreps.com/in/football/game/crawford-county-marengo-vs-south-decatur-greensburg/9-11-2026/?c=7dbc15b3-3ebf-481d-a6f3-eeb6fbe16794","/football/in/1429?9/11/2026","Marengo","Greensburg","https://www.maxpreps.com/in/crawford-county-marengo/football/","https://www.maxpreps.com/in/south-decatur-greensburg/football/","",""
51,"Richmond vs South Dearborn Aurora",Football,"Indiana",9/11/2026,TBD,"The South Dearborn Aurora varsity football team has a game @ Richmond (Indiana).","/in/football/game/richmond-vs-south-dearborn-aurora/9-11-2026/?c=ca887f7b-19cb-4d70-a114-375d0dad96e5","https://www.maxpreps.com/in/football/game/richmond-vs-south-dearborn-aurora/9-11-2026/?c=ca887f7b-19cb-4d70-a114-375d0dad96e5","/football/in/cfb?9/11/2026","Richmond","Aurora","https://www.maxpreps.com/in/richmond/football/","https://www.maxpreps.com/in/south-dearborn-aurora/football/","",""
52,"Corydon Central vs Scottsburg",Football,"Indiana",9/11/2026,TBD,"The Scottsburg varsity football team has a game @ Corydon Central (Indiana).","/in/football/game/corydon-central-vs-scottsburg/9-11-2026/?c=fa8d47c3-a510-4b69-9d87-b20622a6cccb","https://www.maxpreps.com/in/football/game/corydon-central-vs-scottsburg/9-11-2026/?c=fa8d47c3-a510-4b69-9d87-b20622a6cccb","/football/in/ba7?9/11/2026","Central","Scottsburg","https://www.maxpreps.com/in/corydon-central/football/","https://www.maxpreps.com/in/scottsburg/football/","",""
53,"Clinton Central Michigantown vs Sheridan",Football,"Indiana",9/11/2026,TBD,"The Sheridan varsity football team has a game @ Clinton Central Michigantown (Indiana).","/in/football/game/clinton-central-michigantown-vs-sheridan/9-11-2026/?c=e342afef-3cb0-4465-afd9-1a6bf09c13f5","https://www.maxpreps.com/in/football/game/clinton-central-michigantown-vs-sheridan/9-11-2026/?c=e342afef-3cb0-4465-afd9-1a6bf09c13f5","/football/in/fd3?9/11/2026","Michigantown","Sheridan","https://www.maxpreps.com/in/clinton-central-michigantown/football/","https://www.maxpreps.com/in/sheridan/football/","",""
54,"Bluffton vs Woodlan Woodburn",Football,"Indiana",9/11/2026,TBD,"The Woodlan Woodburn varsity football team has a game @ Bluffton (Indiana).","/in/football/game/bluffton-vs-woodlan-woodburn/9-11-2026/?c=7d350c2f-256b-452c-a885-ba25279fbcf6","https://www.maxpreps.com/in/football/game/bluffton-vs-woodlan-woodburn/9-11-2026/?c=7d350c2f-256b-452c-a885-ba25279fbcf6","/football/in/b34?9/11/2026","Bluffton","Woodburn","https://www.maxpreps.com/in/bluffton/football/","https://www.maxpreps.com/in/woodlan-woodburn/football/","",""
55,"Columbus East vs Jennings County North Vernon",Football,"Indiana",9/11/2026,TBD,"The Jennings County North Vernon varsity football team has a game @ Columbus East (Indiana).","/in/football/game/columbus-east-vs-jennings-county-north-vernon/9-11-2026/?c=73cabc0c-f654-4b19-a05d-f29181bbdcf1","https://www.maxpreps.com/in/football/game/columbus-east-vs-jennings-county-north-vernon/9-11-2026/?c=73cabc0c-f654-4b19-a05d-f29181bbdcf1","/football/in/11cf?9/11/2026","East","Vernon","https://www.maxpreps.com/in/columbus-east/football/","https://www.maxpreps.com/in/jennings-county-north-vernon/football/","",""
56,"Boone Grove Valparaiso vs Griffith",Football,"Indiana",9/11/2026,TBD,"The Griffith varsity football team has a game @ Boone Grove Valparaiso (Indiana).","/in/football/game/boone-grove-valparaiso-vs-griffith/9-11-2026/?c=7a01c18e-4472-4ded-9b9f-5585b7a2d820","https://www.maxpreps.com/in/football/game/boone-grove-valparaiso-vs-griffith/9-11-2026/?c=7a01c18e-4472-4ded-9b9f-5585b7a2d820","/football/in/d58?9/11/2026","Valparaiso","Griffith","https://www.maxpreps.com/in/boone-grove-valparaiso/football/","https://www.maxpreps.com/in/griffith/football/","",""
57,"Alexandria Monroe vs Mississinewa Gas City",Football,"Indiana",9/11/2026,TBD,"The Mississinewa Gas City varsity football team has a game @ Alexandria Monroe (Indiana).","/in/football/game/alexandria-monroe-vs-mississinewa-gas-city/9-11-2026/?c=15bb1920-f377-483b-af32-236cb6028f36","https://www.maxpreps.com/in/football/game/alexandria-monroe-vs-mississinewa-gas-city/9-11-2026/?c=15bb1920-f377-483b-af32-236cb6028f36","/football/in/1086?9/11/2026","Monroe","City","https://www.maxpreps.com/in/alexandria-monroe/football/","https://www.maxpreps.com/in/mississinewa-gas-city/football/","",""
58,"Evansville Bosse vs Jasper",Football,"Indiana",9/11/2026,TBD,"The Jasper varsity football team has a game @ Evansville Bosse (Indiana).","/in/football/game/evansville-bosse-vs-jasper/9-11-2026/?c=5b836702-1fbb-4b0f-856d-930c3f25755f","https://www.maxpreps.com/in/football/game/evansville-bosse-vs-jasper/9-11-2026/?c=5b836702-1fbb-4b0f-856d-930c3f25755f","/football/in/a4a?9/11/2026","Bosse","Jasper","https://www.maxpreps.com/in/evansville-bosse/football/","https://www.maxpreps.com/in/jasper/football/","",""
59,"Bloomington South vs Muncie Central",Football,"Indiana",9/11/2026,TBD,"The Muncie Central varsity football team has a game @ Bloomington South (Indiana).","/in/football/game/bloomington-south-vs-muncie-central/9-11-2026/?c=de3806ae-3937-41a0-920d-be4b7f664dab","https://www.maxpreps.com/in/football/game/bloomington-south-vs-muncie-central/9-11-2026/?c=de3806ae-3937-41a0-920d-be4b7f664dab","/football/in/de2?9/11/2026","South","Central","https://www.maxpreps.com/in/bloomington-south/football/","https://www.maxpreps.com/in/muncie-central/football/","",""
60,"Northfield Wabash vs Southwood Wabash",Football,"Indiana",9/11/2026,TBD,"The Southwood Wabash varsity football team has a game @ Northfield Wabash (Indiana).","/in/football/game/northfield-wabash-vs-southwood-wabash/9-11-2026/?c=7b1298e5-5149-4b9b-9be1-95ccad3bbf4c","https://www.maxpreps.com/in/football/game/northfield-wabash-vs-southwood-wabash/9-11-2026/?c=7b1298e5-5149-4b9b-9be1-95ccad3bbf4c","/football/in/ea4?9/11/2026","Wabash","Wabash","https://www.maxpreps.com/in/northfield-wabash/football/","https://www.maxpreps.com/in/southwood-wabash/football/","",""
61,"Hammond Bishop Noll vs Wheeler Valparaiso",Football,"Indiana",9/11/2026,TBD,"The Wheeler Valparaiso varsity football team has a game @ Hammond Bishop Noll (Indiana).","/in/football/game/hammond-bishop-noll-vs-wheeler-valparaiso/9-11-2026/?c=fc0122e4-f232-4a93-89d8-e64ffcdc74e0","https://www.maxpreps.com/in/football/game/hammond-bishop-noll-vs-wheeler-valparaiso/9-11-2026/?c=fc0122e4-f232-4a93-89d8-e64ffcdc74e0","/football/in/1006?9/11/2026","Noll","Valparaiso","https://www.maxpreps.com/in/hammond-bishop-noll/football/","https://www.maxpreps.com/in/wheeler-valparaiso/football/","",""
62,"Merrillville vs Portage",Football,"Indiana",9/11/2026,TBD,"The Portage varsity football team has a game @ Merrillville (Indiana).","/in/football/game/merrillville-vs-portage/9-11-2026/?c=10f00a4a-2b68-4e36-bf81-25b3263619f3","https://www.maxpreps.com/in/football/game/merrillville-vs-portage/9-11-2026/?c=10f00a4a-2b68-4e36-bf81-25b3263619f3","/football/in/948?9/11/2026","Merrillville","Portage","https://www.maxpreps.com/in/merrillville/football/","https://www.maxpreps.com/in/portage/football/","",""
63,"Indianapolis Lutheran vs Indianapolis Scecina Memorial",Football,"Indiana",9/11/2026,TBD,"The Indianapolis Scecina Memorial varsity football team has a game @ Indianapolis Lutheran (Indiana).","/in/football/game/indianapolis-lutheran-vs-indianapolis-scecina-memorial/9-11-2026/?c=8ffec916-d2c2-48b8-a4ac-e5c4082cd118","https://www.maxpreps.com/in/football/game/indianapolis-lutheran-vs-indianapolis-scecina-memorial/9-11-2026/?c=8ffec916-d2c2-48b8-a4ac-e5c4082cd118","/football/in/154f?9/11/2026","Lutheran","Memorial","https://www.maxpreps.com/in/indianapolis-lutheran/football/","https://www.maxpreps.com/in/indianapolis-scecina-memorial/football/","",""
64,"Heritage Hills Lincoln City vs Southridge Huntingburg",Football,"Indiana",9/11/2026,TBD,"The Southridge Huntingburg varsity football team has a game @ Heritage Hills Lincoln City (Indiana).","/in/football/game/heritage-hills-lincoln-city-vs-southridge-huntingburg/9-11-2026/?c=1607ace5-6a46-4096-97ab-63f145298121","https://www.maxpreps.com/in/football/game/heritage-hills-lincoln-city-vs-southridge-huntingburg/9-11-2026/?c=1607ace5-6a46-4096-97ab-63f145298121","/football/in/14ef?9/11/2026","City","Huntingburg","https://www.maxpreps.com/in/heritage-hills-lincoln-city/football/","https://www.maxpreps.com/in/southridge-huntingburg/football/","",""
65,"Caston Fulton vs Pioneer Royal Center",Football,"Indiana",9/11/2026,TBD,"The Pioneer Royal Center varsity football team has a game @ Caston Fulton (Indiana).","/in/football/game/caston-fulton-vs-pioneer-royal-center/9-11-2026/?c=f0ff0ae6-ace6-44bd-9fde-29b1d079c837","https://www.maxpreps.com/in/football/game/caston-fulton-vs-pioneer-royal-center/9-11-2026/?c=f0ff0ae6-ace6-44bd-9fde-29b1d079c837","/football/in/e84?9/11/2026","Fulton","Center","https://www.maxpreps.com/in/caston-fulton/football/","https://www.maxpreps.com/in/pioneer-royal-center/football/","",""
66,"Lawrence Central Indianapolis vs Warren Central Indianapolis",Football,"Indiana",9/11/2026,TBD,"The Warren Central Indianapolis varsity football team has a game @ Lawrence Central Indianapolis (Indiana).","/in/football/game/lawrence-central-indianapolis-vs-warren-central-indianapolis/9-11-2026/?c=f7eb81d8-5204-42df-b961-2507c4119eea","https://www.maxpreps.com/in/football/game/lawrence-central-indianapolis-vs-warren-central-indianapolis/9-11-2026/?c=f7eb81d8-5204-42df-b961-2507c4119eea","/football/in/179f?9/11/2026","Indianapolis","Indianapolis","https://www.maxpreps.com/in/lawrence-central-indianapolis/football/","https://www.maxpreps.com/in/warren-central-indianapolis/football/","",""
67,"Fort Wayne Northrop vs Homestead Fort Wayne",Football,"Indiana",9/11/2026,TBD,"The Homestead Fort Wayne varsity football team has a game @ Fort Wayne Northrop (Indiana).","/in/football/game/fort-wayne-northrop-vs-homestead-fort-wayne/9-11-2026/?c=941c7db6-1606-445e-a06c-6690d2f3ebb7","https://www.maxpreps.com/in/football/game/fort-wayne-northrop-vs-homestead-fort-wayne/9-11-2026/?c=941c7db6-1606-445e-a06c-6690d2f3ebb7","/football/in/10eb?9/11/2026","Northrop","Wayne","https://www.maxpreps.com/in/fort-wayne-northrop/football/","https://www.maxpreps.com/in/homestead-fort-wayne/football/","",""
68,"Mt Vernon vs South Spencer Rockport",Football,"Indiana",9/11/2026,TBD,"The South Spencer Rockport varsity football team has a game @ Mt Vernon (Indiana).","/in/football/game/mt-vernon-vs-south-spencer-rockport/9-11-2026/?c=4da12a1c-8470-4612-9692-f474fb15cd7d","https://www.maxpreps.com/in/football/game/mt-vernon-vs-south-spencer-rockport/9-11-2026/?c=4da12a1c-8470-4612-9692-f474fb15cd7d","/football/in/dda?9/11/2026","Vernon","Rockport","https://www.maxpreps.com/in/mt-vernon/football/","https://www.maxpreps.com/in/south-spencer-rockport/football/","",""
69,"Fishers vs Hamilton Southeastern Fishers",Football,"Indiana",9/11/2026,TBD,"The Hamilton Southeastern Fishers varsity football team has a game @ Fishers (Indiana).","/in/football/game/fishers-vs-hamilton-southeastern-fishers/9-11-2026/?c=c24d7313-3a1a-4119-8f98-f369a28e4cf7","https://www.maxpreps.com/in/football/game/fishers-vs-hamilton-southeastern-fishers/9-11-2026/?c=c24d7313-3a1a-4119-8f98-f369a28e4cf7","/football/in/1006?9/11/2026","Fishers","Fishers","https://www.maxpreps.com/in/fishers/football/","https://www.maxpreps.com/in/hamilton-southeastern-fishers/football/","",""
70,"Greensburg vs Lawrenceburg",Football,"Indiana",9/11/2026,TBD,"The Lawrenceburg varsity football team has a game @ Greensburg (Indiana).","/in/football/game/greensburg-vs-lawrenceburg/9-11-2026/?c=62159178-10a9-4545-ae42-cc519c5b43dd","https://www.maxpreps.com/in/football/game/greensburg-vs-lawrenceburg/9-11-2026/?c=62159178-10a9-4545-ae42-cc519c5b43dd","/football/in/a78?9/11/2026","Greensburg","Lawrenceburg","https://www.maxpreps.com/in/greensburg/football/","https://www.maxpreps.com/in/lawrenceburg/football/","",""
71,"Decatur Central Indianapolis vs Martinsville",Football,"Indiana",9/11/2026,TBD,"The Martinsville varsity football team has a game @ Decatur Central Indianapolis (Indiana).","/in/football/game/decatur-central-indianapolis-vs-martinsville/9-11-2026/?c=41f177f4-05ea-413d-82bf-c2d5228a5f1b","https://www.maxpreps.com/in/football/game/decatur-central-indianapolis-vs-martinsville/9-11-2026/?c=41f177f4-05ea-413d-82bf-c2d5228a5f1b","/football/in/1183?9/11/2026","Indianapolis","Martinsville","https://www.maxpreps.com/in/decatur-central-indianapolis/football/","https://www.maxpreps.com/in/martinsville/football/","",""
72,"Harrison West Lafayette vs Lafayette Jefferson",Football,"Indiana",9/11/2026,TBD,"The Lafayette Jefferson varsity football team has a game @ Harrison West Lafayette (Indiana).","/in/football/game/harrison-west-lafayette-vs-lafayette-jefferson/9-11-2026/?c=e42fe089-28ab-4c01-8d93-259dd9b9ae07","https://www.maxpreps.com/in/football/game/harrison-west-lafayette-vs-lafayette-jefferson/9-11-2026/?c=e42fe089-28ab-4c01-8d93-259dd9b9ae07","/football/in/1233?9/11/2026","Lafayette","Jefferson","https://www.maxpreps.com/in/harrison-west-lafayette/football/","https://www.maxpreps.com/in/lafayette-jefferson/football/","",""
73,"Clarksville vs Providence Clarksville",Football,"Indiana",9/11/2026,TBD,"The Providence Clarksville varsity football team has a game @ Clarksville (Indiana).","/in/football/game/clarksville-vs-providence-clarksville/9-11-2026/?c=9bb74d9a-d87a-42c9-979e-d707e2a6bfb5","https://www.maxpreps.com/in/football/game/clarksville-vs-providence-clarksville/9-11-2026/?c=9bb74d9a-d87a-42c9-979e-d707e2a6bfb5","/football/in/ed7?9/11/2026","Clarksville","Clarksville","https://www.maxpreps.com/in/clarksville/football/","https://www.maxpreps.com/in/providence-clarksville/football/","",""
74,"Eastside Butler vs Fremont",Football,"Indiana",9/11/2026,TBD,"The Fremont varsity football team has a game @ Eastside Butler (Indiana).","/in/football/game/eastside-butler-vs-fremont/9-11-2026/?c=ae43b02a-7686-4eeb-901b-1d50c0b9f10f","https://www.maxpreps.com/in/football/game/eastside-butler-vs-fremont/9-11-2026/?c=ae43b02a-7686-4eeb-901b-1d50c0b9f10f","/football/in/a4b?9/11/2026","Butler","Fremont","https://www.maxpreps.com/in/eastside-butler/football/","https://www.maxpreps.com/in/fremont/football/","",""
75,"Hanover Central Cedar Lake vs Lowell",Football,"Indiana",9/11/2026,TBD,"The Lowell varsity football team has a game @ Hanover Central Cedar Lake (Indiana).","/in/football/game/hanover-central-cedar-lake-vs-lowell/9-11-2026/?c=f894a20a-d3f1-40a2-9be6-94cb15511c89","https://www.maxpreps.com/in/football/game/hanover-central-cedar-lake-vs-lowell/9-11-2026/?c=f894a20a-d3f1-40a2-9be6-94cb15511c89","/football/in/dd1?9/11/2026","Lake","Lowell","https://www.maxpreps.com/in/hanover-central-cedar-lake/football/","https://www.maxpreps.com/in/lowell/football/","",""
76,"Greencastle vs Western Boone Thorntown",Football,"Indiana",9/11/2026,TBD,"The Western Boone Thorntown varsity football team has a game @ Greencastle (Indiana).","/in/football/game/greencastle-vs-western-boone-thorntown/9-11-2026/?c=f955e5b0-f543-49db-a20b-98a4005b6f96","https://www.maxpreps.com/in/football/game/greencastle-vs-western-boone-thorntown/9-11-2026/?c=f955e5b0-f543-49db-a20b-98a4005b6f96","/football/in/f38?9/11/2026","Greencastle","Thorntown","https://www.maxpreps.com/in/greencastle/football/","https://www.maxpreps.com/in/western-boone-thorntown/football/","",""
77,"Northridge Middlebury vs Wawasee Syracuse",Football,"Indiana",9/11/2026,TBD,"The Wawasee Syracuse varsity football team has a game @ Northridge Middlebury (Indiana).","/in/football/game/northridge-middlebury-vs-wawasee-syracuse/9-11-2026/?c=45197713-8ae1-447b-b628-80939814ea3c","https://www.maxpreps.com/in/football/game/northridge-middlebury-vs-wawasee-syracuse/9-11-2026/?c=45197713-8ae1-447b-b628-80939814ea3c","/football/in/1060?9/11/2026","Middlebury","Syracuse","https://www.maxpreps.com/in/northridge-middlebury/football/","https://www.maxpreps.com/in/wawasee-syracuse/football/","",""
78,"Leo vs New Haven",Football,"Indiana",9/11/2026,TBD,"The New Haven varsity football team has a game @ Leo (Indiana).","/in/football/game/leo-vs-new-haven/9-11-2026/?c=1dc70aca-02db-4774-849f-5e5a31832e09","https://www.maxpreps.com/in/football/game/leo-vs-new-haven/9-11-2026/?c=1dc70aca-02db-4774-849f-5e5a31832e09","/football/in/60c?9/11/2026","Leo","Haven","https://www.maxpreps.com/in/leo/football/","https://www.maxpreps.com/in/new-haven/football/","",""
79,"Bowman Academy Gary vs East Chicago Central",Football,"Indiana",9/11/2026,TBD,"The East Chicago Central varsity football team has a game @ Bowman Academy Gary (Indiana).","/in/football/game/bowman-academy-gary-vs-east-chicago-central/9-11-2026/?c=bc32cf84-c03a-4c05-a0d1-76f4c800113e","https://www.maxpreps.com/in/football/game/bowman-academy-gary-vs-east-chicago-central/9-11-2026/?c=bc32cf84-c03a-4c05-a0d1-76f4c800113e","/football/in/1066?9/11/2026","Gary","Central","https://www.maxpreps.com/in/bowman-academy-gary/football/","https://www.maxpreps.com/in/east-chicago-central/football/","",""
80,"Bellmont Decatur vs Norwell Ossian",Football,"Indiana",9/11/2026,TBD,"The Norwell Ossian varsity football team has a game @ Bellmont Decatur (Indiana).","/in/football/game/bellmont-decatur-vs-norwell-ossian/9-11-2026/?c=37a876d6-11a8-4e03-b83a-74929652eda9","https://www.maxpreps.com/in/football/game/bellmont-decatur-vs-norwell-ossian/9-11-2026/?c=37a876d6-11a8-4e03-b83a-74929652eda9","/football/in/d72?9/11/2026","Decatur","Ossian","https://www.maxpreps.com/in/bellmont-decatur/football/","https://www.maxpreps.com/in/norwell-ossian/football/","",""
81,"Faith Christian Lafayette vs Frontier Chalmers",Football,"Indiana",9/11/2026,TBD,"The Frontier Chalmers varsity football team has a game @ Faith Christian Lafayette (Indiana).","/in/football/game/faith-christian-lafayette-vs-frontier-chalmers/9-11-2026/?c=bb9878fb-245b-4f3b-8a8f-c080b15e05a9","https://www.maxpreps.com/in/football/game/faith-christian-lafayette-vs-frontier-chalmers/9-11-2026/?c=bb9878fb-245b-4f3b-8a8f-c080b15e05a9","/football/in/1212?9/11/2026","Lafayette","Chalmers","https://www.maxpreps.com/in/faith-christian-lafayette/football/","https://www.maxpreps.com/in/frontier-chalmers/football/","",""
82,"Covenant Christian Indianapolis vs Heritage Christian Indianapolis",Football,"Indiana",9/11/2026,TBD,"The Heritage Christian Indianapolis varsity football team has a game @ Covenant Christian Indianapolis (Indiana).","/in/football/game/covenant-christian-indianapolis-vs-heritage-christian-indianapolis/9-11-2026/?c=0912aad2-2fe1-4610-b6f8-44ebc0a9b861","https://www.maxpreps.com/in/football/game/covenant-christian-indianapolis-vs-heritage-christian-indianapolis/9-11-2026/?c=0912aad2-2fe1-4610-b6f8-44ebc0a9b861","/football/in/1a1e?9/11/2026","Indianapolis","Indianapolis","https://www.maxpreps.com/in/covenant-christian-indianapolis/football/","https://www.maxpreps.com/in/heritage-christian-indianapolis/football/","",""
83,"Adams Central Monroe vs Jay County Portland",Football,"Indiana",9/11/2026,TBD,"The Jay County Portland varsity football team has a game @ Adams Central Monroe (Indiana).","/in/football/game/adams-central-monroe-vs-jay-county-portland/9-11-2026/?c=61a9263f-b90b-49e2-afa7-1acfc5d996dc","https://www.maxpreps.com/in/football/game/adams-central-monroe-vs-jay-county-portland/9-11-2026/?c=61a9263f-b90b-49e2-afa7-1acfc5d996dc","/football/in/10c0?9/11/2026","Monroe","Portland","https://www.maxpreps.com/in/adams-central-monroe/football/","https://www.maxpreps.com/in/jay-county-portland/football/","",""
84,"Fairfield Goshen vs Lakeland Lagrange",Football,"Indiana",9/11/2026,TBD,"The Lakeland Lagrange varsity football team has a game @ Fairfield Goshen (Indiana).","/in/football/game/fairfield-goshen-vs-lakeland-lagrange/9-11-2026/?c=63e80c15-ee28-49e5-93d0-8de143f15a26","https://www.maxpreps.com/in/football/game/fairfield-goshen-vs-lakeland-lagrange/9-11-2026/?c=63e80c15-ee28-49e5-93d0-8de143f15a26","/football/in/e44?9/11/2026","Goshen","Lagrange","https://www.maxpreps.com/in/fairfield-goshen/football/","https://www.maxpreps.com/in/lakeland-lagrange/football/","",""
85,"Cathedral Indianapolis vs Indianapolis Bishop Chatard",Football,"Indiana",9/11/2026,TBD,"The Indianapolis Bishop Chatard varsity football team has a game @ Cathedral Indianapolis (Indiana).","/in/football/game/cathedral-indianapolis-vs-indianapolis-bishop-chatard/9-11-2026/?c=b65330b2-ec89-4f21-9963-858b370e41f5","https://www.maxpreps.com/in/football/game/cathedral-indianapolis-vs-indianapolis-bishop-chatard/9-11-2026/?c=b65330b2-ec89-4f21-9963-858b370e41f5","/football/in/14c4?9/11/2026","Indianapolis","Chatard","https://www.maxpreps.com/in/cathedral-indianapolis/football/","https://www.maxpreps.com/in/indianapolis-bishop-chatard/football/","",""
86,"Bedford North Lawrence vs New Albany",Football,"Indiana",9/11/2026,TBD,"The New Albany varsity football team has a game @ Bedford North Lawrence (Indiana).","/in/football/game/bedford-north-lawrence-vs-new-albany/9-11-2026/?c=03d1ea4b-2d3f-4186-b075-2897087d5d58","https://www.maxpreps.com/in/football/game/bedford-north-lawrence-vs-new-albany/9-11-2026/?c=03d1ea4b-2d3f-4186-b075-2897087d5d58","/football/in/ddd?9/11/2026","Lawrence","Albany","https://www.maxpreps.com/in/bedford-north-lawrence/football/","https://www.maxpreps.com/in/new-albany/football/","",""
87,"Franklin Community vs Whiteland",Football,"Indiana",9/11/2026,TBD,"The Whiteland varsity football team has a game @ Franklin Community (Indiana).","/in/football/game/franklin-community-vs-whiteland/9-11-2026/?c=fef21635-5799-49db-8a76-a37ac92ab9db","https://www.maxpreps.com/in/football/game/franklin-community-vs-whiteland/9-11-2026/?c=fef21635-5799-49db-8a76-a37ac92ab9db","/football/in/c6a?9/11/2026","Community","Whiteland","https://www.maxpreps.com/in/franklin-community/football/","https://www.maxpreps.com/in/whiteland/football/","",""
88,"West Lafayette vs Western Russiaville",Football,"Indiana",9/11/2026,TBD,"The Western Russiaville varsity football team has a game @ West Lafayette (Indiana).","/in/football/game/west-lafayette-vs-western-russiaville/9-11-2026/?c=c628e9a7-983a-4991-9fb8-d85f64451f8f","https://www.maxpreps.com/in/football/game/west-lafayette-vs-western-russiaville/9-11-2026/?c=c628e9a7-983a-4991-9fb8-d85f64451f8f","/football/in/eda?9/11/2026","Lafayette","Russiaville","https://www.maxpreps.com/in/west-lafayette/football/","https://www.maxpreps.com/in/western-russiaville/football/","",""
89,"Michigan City vs Valparaiso",Football,"Indiana",9/11/2026,TBD,"The Valparaiso varsity football team has a game @ Michigan City (Indiana).","/in/football/game/michigan-city-vs-valparaiso/9-11-2026/?c=ae2a1ecf-a809-4b2d-81d2-d00470969488","https://www.maxpreps.com/in/football/game/michigan-city-vs-valparaiso/9-11-2026/?c=ae2a1ecf-a809-4b2d-81d2-d00470969488","/football/in/a9b?9/11/2026","City","Valparaiso","https://www.maxpreps.com/in/michigan-city/football/","https://www.maxpreps.com/in/valparaiso/football/","",""
90,"Cloverdale vs North Central Farmersburg",Football,"Indiana",9/11/2026,TBD,"The North Central Farmersburg varsity football team has a game @ Cloverdale (Indiana).","/in/football/game/cloverdale-vs-north-central-farmersburg/9-11-2026/?c=0866ad39-df86-498d-a38c-f298dd622f31","https://www.maxpreps.com/in/football/game/cloverdale-vs-north-central-farmersburg/9-11-2026/?c=0866ad39-df86-498d-a38c-f298dd622f31","/football/in/f72?9/11/2026","Cloverdale","Farmersburg","https://www.maxpreps.com/in/cloverdale/football/","https://www.maxpreps.com/in/north-central-farmersburg/football/","",""
91,"Gary West Side vs River Forest Hobart",Football,"Indiana",9/11/2026,TBD,"The River Forest Hobart varsity football team has a game @ Gary West Side (Indiana).","/in/football/game/gary-west-side-vs-river-forest-hobart/9-11-2026/?c=5178cc4e-4ffd-479a-bc76-ad4bebd5f320","https://www.maxpreps.com/in/football/game/gary-west-side-vs-river-forest-hobart/9-11-2026/?c=5178cc4e-4ffd-479a-bc76-ad4bebd5f320","/football/in/e4d?9/11/2026","Side","Hobart","https://www.maxpreps.com/in/gary-west-side/football/","https://www.maxpreps.com/in/river-forest-hobart/football/","",""
92,"Delta Muncie vs Yorktown",Football,"Indiana",9/11/2026,TBD,"The Yorktown varsity football team has a game @ Delta Muncie (Indiana).","/in/football/game/delta-muncie-vs-yorktown/9-11-2026/?c=496ea9d1-8b81-4735-96d9-333f06872bcc","https://www.maxpreps.com/in/football/game/delta-muncie-vs-yorktown/9-11-2026/?c=496ea9d1-8b81-4735-96d9-333f06872bcc","/football/in/988?9/11/2026","Muncie","Yorktown","https://www.maxpreps.com/in/delta-muncie/football/","https://www.maxpreps.com/in/yorktown/football/","",""
93,"North Newton Morocco vs Tri Central Sharpsville",Football,"Indiana",9/11/2026,TBD,"The Tri Central Sharpsville varsity football team has a game @ North Newton Morocco (Indiana).","/in/football/game/north-newton-morocco-vs-tri-central-sharpsville/9-11-2026/?c=a9451fb5-121f-432f-83ec-5bc4c1eca4a1","https://www.maxpreps.com/in/football/game/north-newton-morocco-vs-tri-central-sharpsville/9-11-2026/?c=a9451fb5-121f-432f-83ec-5bc4c1eca4a1","/football/in/1294?9/11/2026","Morocco","Sharpsville","https://www.maxpreps.com/in/north-newton-morocco/football/","https://www.maxpreps.com/in/tri-central-sharpsville/football/","",""
94,"Eastern Greentown vs Taylor Kokomo",Football,"Indiana",9/11/2026,TBD,"The Taylor Kokomo varsity football team has a game @ Eastern Greentown (Indiana).","/in/football/game/eastern-greentown-vs-taylor-kokomo/9-11-2026/?c=6fc05deb-0910-4ff2-adb9-b3c4faa6e714","https://www.maxpreps.com/in/football/game/eastern-greentown-vs-taylor-kokomo/9-11-2026/?c=6fc05deb-0910-4ff2-adb9-b3c4faa6e714","/football/in/d93?9/11/2026","Greentown","Kokomo","https://www.maxpreps.com/in/eastern-greentown/football/","https://www.maxpreps.com/in/taylor-kokomo/football/","",""
95,"Centerville vs Lapel",Football,"Indiana",9/11/2026,TBD,"The Lapel varsity football team has a game @ Centerville (Indiana).","/in/football/game/centerville-vs-lapel/9-11-2026/?c=59e07007-99c3-41d1-964e-e8302b7a2dfa","https://www.maxpreps.com/in/football/game/centerville-vs-lapel/9-11-2026/?c=59e07007-99c3-41d1-964e-e8302b7a2dfa","/football/in/7ee?9/11/2026","Centerville","Lapel","https://www.maxpreps.com/in/centerville/football/","https://www.maxpreps.com/in/lapel/football/","",""
96,"Edgewood Ellettsville vs Owen Valley Spencer",Football,"Indiana",9/11/2026,TBD,"The Owen Valley Spencer varsity football team has a game @ Edgewood Ellettsville (Indiana).","/in/football/game/edgewood-ellettsville-vs-owen-valley-spencer/9-11-2026/?c=f7f377ac-044e-4bac-a614-51f862308786","https://www.maxpreps.com/in/football/game/edgewood-ellettsville-vs-owen-valley-spencer/9-11-2026/?c=f7f377ac-044e-4bac-a614-51f862308786","/football/in/1167?9/11/2026","Ellettsville","Spencer","https://www.maxpreps.com/in/edgewood-ellettsville/football/","https://www.maxpreps.com/in/owen-valley-spencer/football/","",""
97,"Lewis Cass Walton vs Manchester North Manchester",Football,"Indiana",9/11/2026,TBD,"The Manchester North Manchester varsity football team has a game @ Lewis Cass Walton (Indiana).","/in/football/game/lewis-cass-walton-vs-manchester-north-manchester/9-11-2026/?c=2b52f5b2-1186-4979-a3d9-430c54af86b8","https://www.maxpreps.com/in/football/game/lewis-cass-walton-vs-manchester-north-manchester/9-11-2026/?c=2b52f5b2-1186-4979-a3d9-430c54af86b8","/football/in/12d9?9/11/2026","Walton","Manchester","https://www.maxpreps.com/in/lewis-cass-walton/football/","https://www.maxpreps.com/in/manchester-north-manchester/football/","",""
98,"Carroll Fort Wayne vs Fort Wayne Bishop Dwenger Saints Tuffy",Football,"Indiana",9/11/2026,TBD,"The Fort Wayne Bishop Dwenger Saints Tuffy varsity football team has a game @ Carroll Fort Wayne (Indiana).","/in/football/game/carroll-fort-wayne-vs-fort-wayne-bishop-dwenger-saints-tuffy/9-11-2026/?c=82bdc880-4bb9-4bc4-942a-5520671ce222","https://www.maxpreps.com/in/football/game/carroll-fort-wayne-vs-fort-wayne-bishop-dwenger-saints-tuffy/9-11-2026/?c=82bdc880-4bb9-4bc4-942a-5520671ce222","/football/in/175c?9/11/2026","Wayne","Tuffy","https://www.maxpreps.com/in/carroll-fort-wayne/football/","https://www.maxpreps.com/in/fort-wayne-bishop-dwenger-saints-tuffy/football/","",""
99,"Dekalb Waterloo vs East Noble Kendallville",Football,"Indiana",9/11/2026,TBD,"The East Noble Kendallville varsity football team has a game @ Dekalb Waterloo (Indiana).","/in/football/game/dekalb-waterloo-vs-east-noble-kendallville/9-11-2026/?c=21f7ef11-710d-49ea-b560-76cdec6564dc","https://www.maxpreps.com/in/football/game/dekalb-waterloo-vs-east-noble-kendallville/9-11-2026/?c=21f7ef11-710d-49ea-b560-76cdec6564dc","/football/in/104e?9/11/2026","Waterloo","Kendallville","https://www.maxpreps.com/in/dekalb-waterloo/football/","https://www.maxpreps.com/in/east-noble-kendallville/football/","",""
100,"Calumet New Tech Gary vs Highland",Football,"Indiana",9/11/2026,TBD,"The Highland varsity football team has a game @ Calumet New Tech Gary (Indiana).","/in/football/game/calumet-new-tech-gary-vs-highland/9-11-2026/?c=055a6148-70eb-42db-9dc5-fb1377d2a935","https://www.maxpreps.com/in/football/game/calumet-new-tech-gary-vs-highland/9-11-2026/?c=055a6148-70eb-42db-9dc5-fb1377d2a935","/football/in/c95?9/11/2026","Gary","Highland","https://www.maxpreps.com/in/calumet-new-tech-gary/football/","https://www.maxpreps.com/in/highland/football/","",""
101,"Eastern Pekin vs Edinburgh",Football,"Indiana",9/11/2026,TBD,"The Edinburgh varsity football team has a game @ Eastern Pekin (Indiana).","/in/football/game/eastern-pekin-vs-edinburgh/9-11-2026/?c=57c6cf3d-a66e-4420-8525-3139f47ebcd5","https://www.maxpreps.com/in/football/game/eastern-pekin-vs-edinburgh/9-11-2026/?c=57c6cf3d-a66e-4420-8525-3139f47ebcd5","/football/in/a31?9/11/2026","Pekin","Edinburgh","https://www.maxpreps.com/in/eastern-pekin/football/","https://www.maxpreps.com/in/edinburgh/football/","",""
102,"Fort Wayne Blackhawk Christian vs Phalen Leadership Academy Indianapolis",Football,"Indiana",9/11/2026,TBD,"The Phalen Leadership Academy Indianapolis varsity football team has a game @ Fort Wayne Blackhawk Christian (Indiana).","/in/football/game/fort-wayne-blackhawk-christian-vs-phalen-leadership-academy-indianapolis/9-11-2026/?c=94954324-1e1a-4fb3-8a4d-ab81898cbd60","https://www.maxpreps.com/in/football/game/fort-wayne-blackhawk-christian-vs-phalen-leadership-academy-indianapolis/9-11-2026/?c=94954324-1e1a-4fb3-8a4d-ab81898cbd60","/football/in/1c05?9/11/2026","Christian","Indianapolis","https://www.maxpreps.com/in/fort-wayne-blackhawk-christian/football/","https://www.maxpreps.com/in/phalen-leadership-academy-indianapolis/football/","",""
103,"Knightstown vs Union City",Football,"Indiana",9/11/2026,TBD,"The Union City varsity football team has a game @ Knightstown (Indiana).","/in/football/game/knightstown-vs-union-city/9-11-2026/?c=af7956b8-3c78-442a-88e0-ec8059abeffc","https://www.maxpreps.com/in/football/game/knightstown-vs-union-city/9-11-2026/?c=af7956b8-3c78-442a-88e0-ec8059abeffc","/football/in/a12?9/11/2026","Knightstown","City","https://www.maxpreps.com/in/knightstown/football/","https://www.maxpreps.com/in/union-city/football/","",""
104,"Greenfield Central vs Pendleton Heights",Football,"Indiana",9/11/2026,TBD,"The Pendleton Heights varsity football team has a game @ Greenfield Central (Indiana).","/in/football/game/greenfield-central-vs-pendleton-heights/9-11-2026/?c=a4cc2adb-b197-4877-8254-97ef88fd3e86","https://www.maxpreps.com/in/football/game/greenfield-central-vs-pendleton-heights/9-11-2026/?c=a4cc2adb-b197-4877-8254-97ef88fd3e86","/football/in/f50?9/11/2026","Central","Heights","https://www.maxpreps.com/in/greenfield-central/football/","https://www.maxpreps.com/in/pendleton-heights/football/","",""
105,"Attica vs Parke Heritage Rockville",Football,"Indiana",9/11/2026,TBD,"The Parke Heritage Rockville varsity football team has a game @ Attica (Indiana).","/in/football/game/attica-vs-parke-heritage-rockville/9-11-2026/?c=98155714-19f2-4602-b164-33f90d959073","https://www.maxpreps.com/in/football/game/attica-vs-parke-heritage-rockville/9-11-2026/?c=98155714-19f2-4602-b164-33f90d959073","/football/in/d3a?9/11/2026","Attica","Rockville","https://www.maxpreps.com/in/attica/football/","https://www.maxpreps.com/in/parke-heritage-rockville/football/","",""
106,"Ben Davis Indianapolis vs Center Grove Greenwood",Football,"Indiana",9/11/2026,TBD,"The Center Grove Greenwood varsity football team has a game @ Ben Davis Indianapolis (Indiana).","/in/football/game/ben-davis-indianapolis-vs-center-grove-greenwood/9-11-2026/?c=4e73ee7d-8fe9-4a86-bd76-f8751a4a7604","https://www.maxpreps.com/in/football/game/ben-davis-indianapolis-vs-center-grove-greenwood/9-11-2026/?c=4e73ee7d-8fe9-4a86-bd76-f8751a4a7604","/football/in/12ac?9/11/2026","Indianapolis","Greenwood","https://www.maxpreps.com/in/ben-davis-indianapolis/football/","https://www.maxpreps.com/in/center-grove-greenwood/football/","",""
107,"Indian Creek Trafalgar vs Monrovia",Football,"Indiana",9/11/2026,TBD,"The Monrovia varsity football team has a game @ Indian Creek Trafalgar (Indiana).","/in/football/game/indian-creek-trafalgar-vs-monrovia/9-11-2026/?c=baa91f77-1476-48dc-951d-b6befcf28db4","https://www.maxpreps.com/in/football/game/indian-creek-trafalgar-vs-monrovia/9-11-2026/?c=baa91f77-1476-48dc-951d-b6befcf28db4","/football/in/d39?9/11/2026","Trafalgar","Monrovia","https://www.maxpreps.com/in/indian-creek-trafalgar/football/","https://www.maxpreps.com/in/monrovia/football/","",""
108,"Crawfordsville vs North Putnam Roachdale",Football,"Indiana",9/11/2026,TBD,"The North Putnam Roachdale varsity football team has a game @ Crawfordsville (Indiana).","/in/football/game/crawfordsville-vs-north-putnam-roachdale/9-11-2026/?c=0676b7da-2f11-4ac3-a204-1f850607c79e","https://www.maxpreps.com/in/football/game/crawfordsville-vs-north-putnam-roachdale/9-11-2026/?c=0676b7da-2f11-4ac3-a204-1f850607c79e","/football/in/fe7?9/11/2026","Crawfordsville","Roachdale","https://www.maxpreps.com/in/crawfordsville/football/","https://www.maxpreps.com/in/north-putnam-roachdale/football/","",""
109,"Churubusco vs Prairie Heights Lagrange",Football,"Indiana",9/11/2026,TBD,"The Prairie Heights Lagrange varsity football team has a game @ Churubusco (Indiana).","/in/football/game/churubusco-vs-prairie-heights-lagrange/9-11-2026/?c=d5093eac-664d-49a8-b6f3-bf47d8f446f6","https://www.maxpreps.com/in/football/game/churubusco-vs-prairie-heights-lagrange/9-11-2026/?c=d5093eac-664d-49a8-b6f3-bf47d8f446f6","/football/in/ef9?9/11/2026","Churubusco","Lagrange","https://www.maxpreps.com/in/churubusco/football/","https://www.maxpreps.com/in/prairie-heights-lagrange/football/","",""
110,"Northwood Nappanee vs Plymouth Pilgrims Rockies",Football,"Indiana",9/11/2026,TBD,"The Plymouth Pilgrims Rockies varsity football team has a game @ Northwood Nappanee (Indiana).","/in/football/game/northwood-nappanee-vs-plymouth-pilgrims-rockies/9-11-2026/?c=a6dd6c60-575f-4ca8-8e00-b74cb98fbe31","https://www.maxpreps.com/in/football/game/northwood-nappanee-vs-plymouth-pilgrims-rockies/9-11-2026/?c=a6dd6c60-575f-4ca8-8e00-b74cb98fbe31","/football/in/12cf?9/11/2026","Nappanee","Rockies","https://www.maxpreps.com/in/northwood-nappanee/football/","https://www.maxpreps.com/in/plymouth-pilgrims-rockies/football/","",""
111,"Perry Meridian Indianapolis vs Plainfield",Football,"Indiana",9/11/2026,TBD,"The Plainfield varsity football team has a game @ Perry Meridian Indianapolis (Indiana).","/in/football/game/perry-meridian-indianapolis-vs-plainfield/9-11-2026/?c=38f11f64-5834-4633-94ed-700f473457a9","https://www.maxpreps.com/in/football/game/perry-meridian-indianapolis-vs-plainfield/9-11-2026/?c=38f11f64-5834-4633-94ed-700f473457a9","/football/in/102b?9/11/2026","Indianapolis","Plainfield","https://www.maxpreps.com/in/perry-meridian-indianapolis/football/","https://www.maxpreps.com/in/plainfield/football/","",""
112,"Eastern Hancock Charlottesville vs New Castle",Football,"Indiana",9/11/2026,TBD,"The New Castle varsity football team has a game @ Eastern Hancock Charlottesville (Indiana).","/in/football/game/eastern-hancock-charlottesville-vs-new-castle/9-11-2026/?c=e1562aa8-29cb-45a6-8a39-c4c959b4d24e","https://www.maxpreps.com/in/football/game/eastern-hancock-charlottesville-vs-new-castle/9-11-2026/?c=e1562aa8-29cb-45a6-8a39-c4c959b4d24e","/football/in/11ae?9/11/2026","Charlottesville","Castle","https://www.maxpreps.com/in/eastern-hancock-charlottesville/football/","https://www.maxpreps.com/in/new-castle/football/","",""
113,"Mishawaka Marian vs South Bend Saint Joseph",Football,"Indiana",9/11/2026,TBD,"The South Bend Saint Joseph varsity football team has a game @ Mishawaka Marian (Indiana).","/in/football/game/mishawaka-marian-vs-south-bend-saint-joseph/9-11-2026/?c=9f681f56-05fb-4a36-96bd-274f9a0f79e2","https://www.maxpreps.com/in/football/game/mishawaka-marian-vs-south-bend-saint-joseph/9-11-2026/?c=9f681f56-05fb-4a36-96bd-274f9a0f79e2","/football/in/1099?9/11/2026","Marian","Joseph","https://www.maxpreps.com/in/mishawaka-marian/football/","https://www.maxpreps.com/in/south-bend-saint-joseph/football/","",""
114,"Blackford Hartford City vs Eastbrook Marion",Football,"Indiana",9/11/2026,TBD,"The Eastbrook Marion varsity football team has a game @ Blackford Hartford City (Indiana).","/in/football/game/blackford-hartford-city-vs-eastbrook-marion/9-11-2026/?c=529c10a7-fd8a-4884-bba3-fa7959486b53","https://www.maxpreps.com/in/football/game/blackford-hartford-city-vs-eastbrook-marion/9-11-2026/?c=529c10a7-fd8a-4884-bba3-fa7959486b53","/football/in/10d5?9/11/2026","City","Marion","https://www.maxpreps.com/in/blackford-hartford-city/football/","https://www.maxpreps.com/in/eastbrook-marion/football/","",""
115,"Angola vs Garrett",Football,"Indiana",9/11/2026,TBD,"The Garrett varsity football team has a game @ Angola (Indiana).","/in/football/game/angola-vs-garrett/9-11-2026/?c=a5a7680c-e41e-4695-ba97-6e3c991803a0","https://www.maxpreps.com/in/football/game/angola-vs-garrett/9-11-2026/?c=a5a7680c-e41e-4695-ba97-6e3c991803a0","/football/in/6ae?9/11/2026","Angola","Garrett","https://www.maxpreps.com/in/angola/football/","https://www.maxpreps.com/in/garrett/football/","",""
116,"Greenwood vs Speedway",Football,"Indiana",9/11/2026,TBD,"The Speedway varsity football team has a game @ Greenwood (Indiana).","/in/football/game/greenwood-vs-speedway/9-11-2026/?c=34a88805-c6c3-4dc3-83eb-f0c2e936ee19","https://www.maxpreps.com/in/football/game/greenwood-vs-speedway/9-11-2026/?c=34a88805-c6c3-4dc3-83eb-f0c2e936ee19","/football/in/86f?9/11/2026","Greenwood","Speedway","https://www.maxpreps.com/in/greenwood/football/","https://www.maxpreps.com/in/speedway/football/","",""
117,"Lafayette Central Catholic vs Logansport",Football,"Indiana",9/11/2026,TBD,"The Logansport varsity football team has a game @ Lafayette Central Catholic (Indiana).","/in/football/game/lafayette-central-catholic-vs-logansport/9-11-2026/?c=f359d30a-9f1c-4603-8581-8af5faa02e41","https://www.maxpreps.com/in/football/game/lafayette-central-catholic-vs-logansport/9-11-2026/?c=f359d30a-9f1c-4603-8581-8af5faa02e41","/football/in/fd5?9/11/2026","Catholic","Logansport","https://www.maxpreps.com/in/lafayette-central-catholic/football/","https://www.maxpreps.com/in/logansport/football/","",""
118,"Chesterton vs La Porte",Football,"Indiana",9/11/2026,TBD,"The La Porte varsity football team has a game @ Chesterton (Indiana).","/in/football/game/chesterton-vs-la-porte/9-11-2026/?c=26cbef06-261a-4d68-93b3-5d22dabaa483","https://www.maxpreps.com/in/football/game/chesterton-vs-la-porte/9-11-2026/?c=26cbef06-261a-4d68-93b3-5d22dabaa483","/football/in/8a6?9/11/2026","Chesterton","Porte","https://www.maxpreps.com/in/chesterton/football/","https://www.maxpreps.com/in/la-porte/football/","",""
119,"Columbus North vs Roncalli Indianapolis",Football,"Indiana",9/11/2026,TBD,"The Roncalli Indianapolis varsity football team has a game @ Columbus North (Indiana).","/in/football/game/columbus-north-vs-roncalli-indianapolis/9-11-2026/?c=b423e6d5-7b94-43e8-9043-649cb7c7804d","https://www.maxpreps.com/in/football/game/columbus-north-vs-roncalli-indianapolis/9-11-2026/?c=b423e6d5-7b94-43e8-9043-649cb7c7804d","/football/in/f81?9/11/2026","North","Indianapolis","https://www.maxpreps.com/in/columbus-north/football/","https://www.maxpreps.com/in/roncalli-indianapolis/football/","",""
120,"Brown County Nashville vs North Decatur Greensburg",Football,"Indiana",9/11/2026,TBD,"The North Decatur Greensburg varsity football team has a game @ Brown County Nashville (Indiana).","/in/football/game/brown-county-nashville-vs-north-decatur-greensburg/9-11-2026/?c=26f5c28f-a4d8-4590-9751-00b32ac2780d","https://www.maxpreps.com/in/football/game/brown-county-nashville-vs-north-decatur-greensburg/9-11-2026/?c=26f5c28f-a4d8-4590-9751-00b32ac2780d","/football/in/13ce?9/11/2026","Nashville","Greensburg","https://www.maxpreps.com/in/brown-county-nashville/football/","https://www.maxpreps.com/in/north-decatur-greensburg/football/","",""
121,"Danville vs Terre Haute South Vigo",Football,"Indiana",9/11/2026,TBD,"The Terre Haute South Vigo varsity football team has a game @ Danville (Indiana).","/in/football/game/danville-vs-terre-haute-south-vigo/9-11-2026/?c=011d2a19-2405-472f-a91e-f3ab1f2cbc6c","https://www.maxpreps.com/in/football/game/danville-vs-terre-haute-south-vigo/9-11-2026/?c=011d2a19-2405-472f-a91e-f3ab1f2cbc6c","/football/in/d3a?9/11/2026","Danville","Vigo","https://www.maxpreps.com/in/danville/football/","https://www.maxpreps.com/in/terre-haute-south-vigo/football/","",""
122,"Fort Wayne Snider vs Fort Wayne Wayne",Football,"Indiana",9/11/2026,TBD,"The Fort Wayne Wayne varsity football team has a game @ Fort Wayne Snider (Indiana).","/in/football/game/fort-wayne-snider-vs-fort-wayne-wayne/9-11-2026/?c=8098ac56-799b-4e9a-8d7b-b32c5f93a2f6","https://www.maxpreps.com/in/football/game/fort-wayne-snider-vs-fort-wayne-wayne/9-11-2026/?c=8098ac56-799b-4e9a-8d7b-b32c5f93a2f6","/football/in/e5e?9/11/2026","Snider","Wayne","https://www.maxpreps.com/in/fort-wayne-snider/football/","https://www.maxpreps.com/in/fort-wayne-wayne/football/","",""
123,"North Vermillion Cayuga vs South Vermillion Clinton",Football,"Indiana",9/11/2026,TBD,"The South Vermillion Clinton varsity football team has a game @ North Vermillion Cayuga (Indiana).","/in/football/game/north-vermillion-cayuga-vs-south-vermillion-clinton/9-11-2026/?c=b5b31dc5-64df-4441-b9ff-dfc05922eaff","https://www.maxpreps.com/in/football/game/north-vermillion-cayuga-vs-south-vermillion-clinton/9-11-2026/?c=b5b31dc5-64df-4441-b9ff-dfc05922eaff","/football/in/1448?9/11/2026","Cayuga","Clinton","https://www.maxpreps.com/in/north-vermillion-cayuga/football/","https://www.maxpreps.com/in/south-vermillion-clinton/football/","",""
124,"Cambridge City Lincoln vs Christel House Indianapolis",Football,"Indiana",9/11/2026,TBD,"The Christel House Indianapolis varsity football team has a game @ Cambridge City Lincoln (Indiana).","/in/football/game/cambridge-city-lincoln-vs-christel-house-indianapolis/9-11-2026/?c=c9944665-8c54-4e51-afe2-0a3a26b82a41","https://www.maxpreps.com/in/football/game/cambridge-city-lincoln-vs-christel-house-indianapolis/9-11-2026/?c=c9944665-8c54-4e51-afe2-0a3a26b82a41","/football/in/14ba?9/11/2026","Lincoln","Indianapolis","https://www.maxpreps.com/in/cambridge-city-lincoln/football/","https://www.maxpreps.com/in/christel-house-indianapolis/football/","",""
125,"Frankton vs Oak Hill Converse",Football,"Indiana",9/11/2026,TBD,"The Oak Hill Converse varsity football team has a game @ Frankton (Indiana).","/in/football/game/frankton-vs-oak-hill-converse/9-11-2026/?c=66210182-bdf8-4b62-b8bd-a36f68298bd5","https://www.maxpreps.com/in/football/game/frankton-vs-oak-hill-converse/9-11-2026/?c=66210182-bdf8-4b62-b8bd-a36f68298bd5","/football/in/b49?9/11/2026","Frankton","Converse","https://www.maxpreps.com/in/frankton/football/","https://www.maxpreps.com/in/oak-hill-converse/football/","",""
126,"Cascade Clayton vs North Montgomery Crawfordsville",Football,"Indiana",9/11/2026,TBD,"The North Montgomery Crawfordsville varsity football team has a game @ Cascade Clayton (Indiana).","/in/football/game/cascade-clayton-vs-north-montgomery-crawfordsville/9-11-2026/?c=e966fe91-e9f3-4d6c-9744-83d7a4d19538","https://www.maxpreps.com/in/football/game/cascade-clayton-vs-north-montgomery-crawfordsville/9-11-2026/?c=e966fe91-e9f3-4d6c-9744-83d7a4d19538","/football/in/13eb?9/11/2026","Clayton","Crawfordsville","https://www.maxpreps.com/in/cascade-clayton/football/","https://www.maxpreps.com/in/north-montgomery-crawfordsville/football/","",""
127,"Elwood vs Madison Grant Fairmount",Football,"Indiana",9/11/2026,TBD,"The Madison Grant Fairmount varsity football team has a game @ Elwood (Indiana).","/in/football/game/elwood-vs-madison-grant-fairmount/9-11-2026/?c=6ac67e9c-bbf2-494b-b38e-814ccad33292","https://www.maxpreps.com/in/football/game/elwood-vs-madison-grant-fairmount/9-11-2026/?c=6ac67e9c-bbf2-494b-b38e-814ccad33292","/football/in/d03?9/11/2026","Elwood","Fairmount","https://www.maxpreps.com/in/elwood/football/","https://www.maxpreps.com/in/madison-grant-fairmount/football/","",""
128,"Frankfort vs Southmont Crawfordsville",Football,"Indiana",9/11/2026,TBD,"The Southmont Crawfordsville varsity football team has a game @ Frankfort (Indiana).","/in/football/game/frankfort-vs-southmont-crawfordsville/9-11-2026/?c=3431637d-1462-4553-8aec-64fc87333557","https://www.maxpreps.com/in/football/game/frankfort-vs-southmont-crawfordsville/9-11-2026/?c=3431637d-1462-4553-8aec-64fc87333557","/football/in/f15?9/11/2026","Frankfort","Crawfordsville","https://www.maxpreps.com/in/frankfort/football/","https://www.maxpreps.com/in/southmont-crawfordsville/football/","",""
129,"Indianapolis Shortridge vs Park Tudor Indianapolis",Football,"Indiana",9/11/2026,TBD,"The Park Tudor Indianapolis varsity football team has a game @ Indianapolis Shortridge (Indiana).","/in/football/game/indianapolis-shortridge-vs-park-tudor-indianapolis/9-11-2026/?c=d147b77c-6dec-4c9a-a5d0-cbac55dbeb43","https://www.maxpreps.com/in/football/game/indianapolis-shortridge-vs-park-tudor-indianapolis/9-11-2026/?c=d147b77c-6dec-4c9a-a5d0-cbac55dbeb43","/football/in/13d7?9/11/2026","Shortridge","Indianapolis","https://www.maxpreps.com/in/indianapolis-shortridge/football/","https://www.maxpreps.com/in/park-tudor-indianapolis/football/","",""
130,"Floyd Central Floyds Knobs vs Seymour",Football,"Indiana",9/11/2026,TBD,"The Seymour varsity football team has a game @ Floyd Central Floyds Knobs (Indiana).","/in/football/game/floyd-central-floyds-knobs-vs-seymour/9-11-2026/?c=27ccd5ba-4fbb-45eb-a5da-49f0f14d0b5b","https://www.maxpreps.com/in/football/game/floyd-central-floyds-knobs-vs-seymour/9-11-2026/?c=27ccd5ba-4fbb-45eb-a5da-49f0f14d0b5b","/football/in/e93?9/11/2026","Knobs","Seymour","https://www.maxpreps.com/in/floyd-central-floyds-knobs/football/","https://www.maxpreps.com/in/seymour/football/","",""
131,"Elkhart vs South Bend Riley",Football,"Indiana",9/11/2026,TBD,"The South Bend Riley varsity football team has a game @ Elkhart (Indiana).","/in/football/game/elkhart-vs-south-bend-riley/9-11-2026/?c=27ad9cd9-92ec-46e0-99db-093b3bf4e18b","https://www.maxpreps.com/in/football/game/elkhart-vs-south-bend-riley/9-11-2026/?c=27ad9cd9-92ec-46e0-99db-093b3bf4e18b","/football/in/a79?9/11/2026","Elkhart","Riley","https://www.maxpreps.com/in/elkhart/football/","https://www.maxpreps.com/in/south-bend-riley/football/","",""
132,"Covington vs Fountain Central Veedersburg",Football,"Indiana",9/11/2026,TBD,"The Fountain Central Veedersburg varsity football team has a game @ Covington (Indiana).","/in/football/game/covington-vs-fountain-central-veedersburg/9-11-2026/?c=40b45520-db60-41bb-8dde-e3f0fcf9884e","https://www.maxpreps.com/in/football/game/covington-vs-fountain-central-veedersburg/9-11-2026/?c=40b45520-db60-41bb-8dde-e3f0fcf9884e","/football/in/105f?9/11/2026","Covington","Veedersburg","https://www.maxpreps.com/in/covington/football/","https://www.maxpreps.com/in/fountain-central-veedersburg/football/","",""
133,"Noblesville Lions vs Purdue Poly Englewood Indianapolis",Football,"Indiana",9/11/2026,TBD,"The Purdue Poly Englewood Indianapolis varsity football team has a game @ Noblesville Lions (Indiana).","/in/football/game/noblesville-lions-vs-purdue-poly-englewood-indianapolis/9-11-2026/?c=1b88056b-dab2-4802-ac45-9e7efd2938d7","https://www.maxpreps.com/in/football/game/noblesville-lions-vs-purdue-poly-englewood-indianapolis/9-11-2026/?c=1b88056b-dab2-4802-ac45-9e7efd2938d7","/football/in/15d3?9/11/2026","Lions","Indianapolis","https://www.maxpreps.com/in/noblesville-lions/football/","https://www.maxpreps.com/in/purdue-poly-englewood-indianapolis/football/","",""
134,"Anderson vs Indianapolis Cardinal Ritter",Football,"Indiana",9/11/2026,TBD,"The Indianapolis Cardinal Ritter varsity football team has a game @ Anderson (Indiana).","/in/football/game/anderson-vs-indianapolis-cardinal-ritter/9-11-2026/?c=e014411a-9aef-48c0-afae-8bdb05269159","https://www.maxpreps.com/in/football/game/anderson-vs-indianapolis-cardinal-ritter/9-11-2026/?c=e014411a-9aef-48c0-afae-8bdb05269159","/football/in/fca?9/11/2026","Anderson","Ritter","https://www.maxpreps.com/in/anderson/football/","https://www.maxpreps.com/in/indianapolis-cardinal-ritter/football/","",""
135,"Heritage Monroeville vs South Adams Berne",Football,"Indiana",9/11/2026,TBD,"The South Adams Berne varsity football team has a game @ Heritage Monroeville (Indiana).","/in/football/game/heritage-monroeville-vs-south-adams-berne/9-11-2026/?c=29b813ec-c7f5-48ca-83fa-ddd1907c519a","https://www.maxpreps.com/in/football/game/heritage-monroeville-vs-south-adams-berne/9-11-2026/?c=29b813ec-c7f5-48ca-83fa-ddd1907c519a","/football/in/1004?9/11/2026","Monroeville","Berne","https://www.maxpreps.com/in/heritage-monroeville/football/","https://www.maxpreps.com/in/south-adams-berne/football/","",""
136,"Southern Wells Poneto vs Wes Del Gaston",Football,"Indiana",9/11/2026,TBD,"The Wes Del Gaston varsity football team has a game @ Southern Wells Poneto (Indiana).","/in/football/game/southern-wells-poneto-vs-wes-del-gaston/9-11-2026/?c=d54ce846-2299-4d74-853d-a1f74650ebe0","https://www.maxpreps.com/in/football/game/southern-wells-poneto-vs-wes-del-gaston/9-11-2026/?c=d54ce846-2299-4d74-853d-a1f74650ebe0","/football/in/f3b?9/11/2026","Poneto","Gaston","https://www.maxpreps.com/in/southern-wells-poneto/football/","https://www.maxpreps.com/in/wes-del-gaston/football/","",""
137,"Bremen vs Laville Lakeville",Football,"Indiana",9/11/2026,TBD,"The Laville Lakeville varsity football team has a game @ Bremen (Indiana).","/in/football/game/bremen-vs-laville-lakeville/9-11-2026/?c=3ff8f688-30a2-4140-a2b0-df2f25018c11","https://www.maxpreps.com/in/football/game/bremen-vs-laville-lakeville/9-11-2026/?c=3ff8f688-30a2-4140-a2b0-df2f25018c11","/football/in/a8b?9/11/2026","Bremen","Lakeville","https://www.maxpreps.com/in/bremen/football/","https://www.maxpreps.com/in/laville-lakeville/football/","",""
138,"Beech Grove vs Triton Central Fairland",Football,"Indiana",9/11/2026,TBD,"The Triton Central Fairland varsity football team has a game @ Beech Grove (Indiana).","/in/football/game/beech-grove-vs-triton-central-fairland/9-11-2026/?c=2111951b-5632-4542-bf75-045daf3d6d2e","https://www.maxpreps.com/in/football/game/beech-grove-vs-triton-central-fairland/9-11-2026/?c=2111951b-5632-4542-bf75-045daf3d6d2e","/football/in/eae?9/11/2026","Grove","Fairland","https://www.maxpreps.com/in/beech-grove/football/","https://www.maxpreps.com/in/triton-central-fairland/football/","",""
139,"Mt Vernon Fortville vs New Palestine",Football,"Indiana",9/11/2026,TBD,"The New Palestine varsity football team has a game @ Mt Vernon Fortville (Indiana).","/in/football/game/mt-vernon-fortville-vs-new-palestine/9-11-2026/?c=70ecbae0-c7c0-4416-952c-0d46180bc289","https://www.maxpreps.com/in/football/game/mt-vernon-fortville-vs-new-palestine/9-11-2026/?c=70ecbae0-c7c0-4416-952c-0d46180bc289","/football/in/e29?9/11/2026","Fortville","Palestine","https://www.maxpreps.com/in/mt-vernon-fortville/football/","https://www.maxpreps.com/in/new-palestine/football/","",""
140,"Bloomington North vs Mooresville",Football,"Indiana",9/11/2026,TBD,"The Mooresville varsity football team has a game @ Bloomington North (Indiana).","/in/football/game/bloomington-north-vs-mooresville/9-11-2026/?c=1fece0e2-8a52-4460-acd0-c83cba159661","https://www.maxpreps.com/in/football/game/bloomington-north-vs-mooresville/9-11-2026/?c=1fece0e2-8a52-4460-acd0-c83cba159661","/football/in/cf4?9/11/2026","North","Mooresville","https://www.maxpreps.com/in/bloomington-north/football/","https://www.maxpreps.com/in/mooresville/football/","",""
141,"Franklin Central Indianapolis vs Zionsville",Football,"Indiana",9/11/2026,TBD,"The Zionsville varsity football team has a game @ Franklin Central Indianapolis (Indiana).","/in/football/game/franklin-central-indianapolis-vs-zionsville/9-11-2026/?c=bbb6a493-35c9-4ee4-b8d3-6262274de43f","https://www.maxpreps.com/in/football/game/franklin-central-indianapolis-vs-zionsville/9-11-2026/?c=bbb6a493-35c9-4ee4-b8d3-6262274de43f","/football/in/1125?9/11/2026","Indianapolis","Zionsville","https://www.maxpreps.com/in/franklin-central-indianapolis/football/","https://www.maxpreps.com/in/zionsville/football/","",""
142,"Eastern Greene Bloomfield vs Mitchell",Football,"Indiana",9/11/2026,TBD,"The Mitchell varsity football team has a game @ Eastern Greene Bloomfield (Indiana).","/in/football/game/eastern-greene-bloomfield-vs-mitchell/9-11-2026/?c=147a6c5e-7a99-49c3-ae79-4aed7aabd93a","https://www.maxpreps.com/in/football/game/eastern-greene-bloomfield-vs-mitchell/9-11-2026/?c=147a6c5e-7a99-49c3-ae79-4aed7aabd93a","/football/in/e74?9/11/2026","Bloomfield","Mitchell","https://www.maxpreps.com/in/eastern-greene-bloomfield/football/","https://www.maxpreps.com/in/mitchell/football/","",""
143,"Linton Stockton vs Sullivan",Football,"Indiana",9/11/2026,TBD,"The Sullivan varsity football team has a game @ Linton Stockton (Indiana).","/in/football/game/linton-stockton-vs-sullivan/9-11-2026/?c=4b223c89-0ef3-4117-993f-39485b93d711","https://www.maxpreps.com/in/football/game/linton-stockton-vs-sullivan/9-11-2026/?c=4b223c89-0ef3-4117-993f-39485b93d711","/football/in/ae7?9/11/2026","Stockton","Sullivan","https://www.maxpreps.com/in/linton-stockton/football/","https://www.maxpreps.com/in/sullivan/football/","",""
144,"Northeastern Fountain City vs Winchester Community",Football,"Indiana",9/11/2026,TBD,"The Winchester Community varsity football team has a game @ Northeastern Fountain City (Indiana).","/in/football/game/northeastern-fountain-city-vs-winchester-community/9-11-2026/?c=a7f5362a-bb0c-4eff-863c-768a3c0d3aa7","https://www.maxpreps.com/in/football/game/northeastern-fountain-city-vs-winchester-community/9-11-2026/?c=a7f5362a-bb0c-4eff-863c-768a3c0d3aa7","/football/in/1425?9/11/2026","City","Community","https://www.maxpreps.com/in/northeastern-fountain-city/football/","https://www.maxpreps.com/in/winchester-community/football/","",""
145,"Central Noble Albion vs West Noble Ligonier",Football,"Indiana",9/11/2026,TBD,"The West Noble Ligonier varsity football team has a game @ Central Noble Albion (Indiana).","/in/football/game/central-noble-albion-vs-west-noble-ligonier/9-11-2026/?c=755ed8c5-8636-4aad-9827-0e457f089d39","https://www.maxpreps.com/in/football/game/central-noble-albion-vs-west-noble-ligonier/9-11-2026/?c=755ed8c5-8636-4aad-9827-0e457f089d39","/football/in/1091?9/11/2026","Albion","Ligonier","https://www.maxpreps.com/in/central-noble-albion/football/","https://www.maxpreps.com/in/west-noble-ligonier/football/","",""
146,"Culver Academies vs Mccutcheon Lafayette",Football,"Indiana",9/11/2026,TBD,"The Mccutcheon Lafayette varsity football team has a game @ Culver Academies (Indiana).","/in/football/game/culver-academies-vs-mccutcheon-lafayette/9-11-2026/?c=f8ab644a-6364-4d28-b749-215ba6c2562d","https://www.maxpreps.com/in/football/game/culver-academies-vs-mccutcheon-lafayette/9-11-2026/?c=f8ab644a-6364-4d28-b749-215ba6c2562d","/football/in/fb2?9/11/2026","Academies","Lafayette","https://www.maxpreps.com/in/culver-academies/football/","https://www.maxpreps.com/in/mccutcheon-lafayette/football/","",""
147,"Southport Indianapolis vs Terre Haute North Vigo",Football,"Indiana",9/11/2026,TBD,"The Terre Haute North Vigo varsity football team has a game @ Southport Indianapolis (Indiana).","/in/football/game/southport-indianapolis-vs-terre-haute-north-vigo/9-11-2026/?c=0137248b-eb73-4fcc-8553-998887c538f4","https://www.maxpreps.com/in/football/game/southport-indianapolis-vs-terre-haute-north-vigo/9-11-2026/?c=0137248b-eb73-4fcc-8553-998887c538f4","/football/in/1303?9/11/2026","Indianapolis","Vigo","https://www.maxpreps.com/in/southport-indianapolis/football/","https://www.maxpreps.com/in/terre-haute-north-vigo/football/","",""
148,"Evansville North vs Evansville Reitz",Football,"Indiana",9/11/2026,TBD,"The Evansville Reitz varsity football team has a game @ Evansville North (Indiana).","/in/football/game/evansville-north-vs-evansville-reitz/9-11-2026/?c=23958aa8-eb4a-449e-9bc5-34386c90209c","https://www.maxpreps.com/in/football/game/evansville-north-vs-evansville-reitz/9-11-2026/?c=23958aa8-eb4a-449e-9bc5-34386c90209c","/football/in/e68?9/11/2026","North","Reitz","https://www.maxpreps.com/in/evansville-north/football/","https://www.maxpreps.com/in/evansville-reitz/football/","",""
149,"South Newton Kentland vs Wabash",Football,"Indiana",9/11/2026,TBD,"The Wabash varsity football team has a game @ South Newton Kentland (Indiana).","/in/football/game/south-newton-kentland-vs-wabash/9-11-2026/?c=1068ddba-e78d-4137-91e5-528a34827eec","https://www.maxpreps.com/in/football/game/south-newton-kentland-vs-wabash/9-11-2026/?c=1068ddba-e78d-4137-91e5-528a34827eec","/football/in/c32?9/11/2026","Kentland","Wabash","https://www.maxpreps.com/in/south-newton-kentland/football/","https://www.maxpreps.com/in/wabash/football/","",""
150,"Paoli vs Perry Central Leopold",Football,"Indiana",9/11/2026,TBD,"The Perry Central Leopold varsity football team has a game @ Paoli (Indiana).","/in/football/game/paoli-vs-perry-central-leopold/9-11-2026/?c=748fcc87-f099-4744-898e-23e81ce4b7b0","https://www.maxpreps.com/in/football/game/paoli-vs-perry-central-leopold/9-11-2026/?c=748fcc87-f099-4744-898e-23e81ce4b7b0","/football/in/bbc?9/11/2026","Paoli","Leopold","https://www.maxpreps.com/in/paoli/football/","https://www.maxpreps.com/in/perry-central-leopold/football/","",""
151,"New Prairie New Carlisle vs South Bend Adams",Football,"Indiana",9/11/2026,TBD,"The South Bend Adams varsity football team has a game @ New Prairie New Carlisle (Indiana).","/in/football/game/new-prairie-new-carlisle-vs-south-bend-adams/9-11-2026/?c=3391b40e-583b-4d86-8655-63cfcf78d5bf","https://www.maxpreps.com/in/football/game/new-prairie-new-carlisle-vs-south-bend-adams/9-11-2026/?c=3391b40e-583b-4d86-8655-63cfcf78d5bf","/football/in/10c5?9/11/2026","Carlisle","Adams","https://www.maxpreps.com/in/new-prairie-new-carlisle/football/","https://www.maxpreps.com/in/south-bend-adams/football/","",""
152,"Jeffersonville vs Kokomo",Football,"Indiana",9/11/2026,TBD,"The Kokomo varsity football team has a game @ Jeffersonville (Indiana).","/in/football/game/jeffersonville-vs-kokomo/9-11-2026/?c=056527fd-e0ba-4630-aacb-bfa764e0211f","https://www.maxpreps.com/in/football/game/jeffersonville-vs-kokomo/9-11-2026/?c=056527fd-e0ba-4630-aacb-bfa764e0211f","/football/in/9b1?9/11/2026","Jeffersonville","Kokomo","https://www.maxpreps.com/in/jeffersonville/football/","https://www.maxpreps.com/in/kokomo/football/","",""
153,"Lake Station Edison vs West Central Francesville",Football,"Indiana",9/11/2026,TBD,"The West Central Francesville varsity football team has a game @ Lake Station Edison (Indiana).","/in/football/game/lake-station-edison-vs-west-central-francesville/9-11-2026/?c=8b9b6bc4-258d-4966-a9a7-edad8e47e8d2","https://www.maxpreps.com/in/football/game/lake-station-edison-vs-west-central-francesville/9-11-2026/?c=8b9b6bc4-258d-4966-a9a7-edad8e47e8d2","/football/in/12c2?9/11/2026","Edison","Francesville","https://www.maxpreps.com/in/lake-station-edison/football/","https://www.maxpreps.com/in/west-central-francesville/football/","",""
154,"Monroe Central Parker City vs Tri Straughn",Football,"Indiana",9/11/2026,TBD,"The Tri Straughn varsity football team has a game @ Monroe Central Parker City (Indiana).","/in/football/game/monroe-central-parker-city-vs-tri-straughn/9-11-2026/?c=863a528a-e868-4803-8795-eefdee39febe","https://www.maxpreps.com/in/football/game/monroe-central-parker-city-vs-tri-straughn/9-11-2026/?c=863a528a-e868-4803-8795-eefdee39febe","/football/in/1069?9/11/2026","City","Straughn","https://www.maxpreps.com/in/monroe-central-parker-city/football/","https://www.maxpreps.com/in/tri-straughn/football/","",""
155,"East Central St Leon vs Franklin County Brookville",Football,"Indiana",9/11/2026,TBD,"The Franklin County Brookville varsity football team has a game @ East Central St Leon (Indiana).","/in/football/game/east-central-st-leon-vs-franklin-county-brookville/9-11-2026/?c=e05bf76f-22c8-4bfa-9a31-eaafc273850b","https://www.maxpreps.com/in/football/game/east-central-st-leon-vs-franklin-county-brookville/9-11-2026/?c=e05bf76f-22c8-4bfa-9a31-eaafc273850b","/football/in/137f?9/11/2026","Leon","Brookville","https://www.maxpreps.com/in/east-central-st-leon/football/","https://www.maxpreps.com/in/franklin-county-brookville/football/","",""
156,"Princeton vs Washington Hatch",Football,"Indiana",9/11/2026,TBD,"The Washington Hatch varsity football team has a game @ Princeton (Indiana).","/in/football/game/princeton-vs-washington-hatch/9-11-2026/?c=c8d92743-3712-45ba-a2c3-aa21a5aebdc1","https://www.maxpreps.com/in/football/game/princeton-vs-washington-hatch/9-11-2026/?c=c8d92743-3712-45ba-a2c3-aa21a5aebdc1","/football/in/b8c?9/11/2026","Princeton","Hatch","https://www.maxpreps.com/in/princeton/football/","https://www.maxpreps.com/in/washington-hatch/football/","",""
157,"Brebeuf Jesuit Preparatory Indianapolis vs Guerin Catholic Noblesville",Football,"Indiana",9/11/2026,TBD,"The Guerin Catholic Noblesville varsity football team has a game @ Brebeuf Jesuit Preparatory Indianapolis (Indiana).","/in/football/game/brebeuf-jesuit-preparatory-indianapolis-vs-guerin-catholic-noblesville/9-11-2026/?c=659981f3-6ac0-42bb-a684-7b8a141fe758","https://www.maxpreps.com/in/football/game/brebeuf-jesuit-preparatory-indianapolis-vs-guerin-catholic-noblesville/9-11-2026/?c=659981f3-6ac0-42bb-a684-7b8a141fe758","/football/in/1bb7?9/11/2026","Indianapolis","Noblesville","https://www.maxpreps.com/in/brebeuf-jesuit-preparatory-indianapolis/football/","https://www.maxpreps.com/in/guerin-catholic-noblesville/football/","",""
158,"Gibson Southern Fort Branch In vs Henderson County Ky",Football,"Indiana",9/11/2026,TBD,"The Henderson County Ky varsity football team has a game @ Gibson Southern Fort Branch In (Indiana).","/inter-state/football/game/gibson-southern-fort-branch-in-vs-henderson-county-ky/9-11-2026/?c=f4a594a3-e999-482a-bb81-4afac26404c4","https://www.maxpreps.com/inter-state/football/game/gibson-southern-fort-branch-in-vs-henderson-county-ky/9-11-2026/?c=f4a594a3-e999-482a-bb81-4afac26404c4","/football/in/1497?9/11/2026","In","Ky","https://www.maxpreps.com/in/gibson-southern-fort-branch-in/football/","https://www.maxpreps.com/in/henderson-county-ky/football/","",""
159,"Kankakee Trinity Academy vs St Thomas More Champaign",Football,"Indiana",9/11/2026,TBD,"The St Thomas More Champaign varsity football team has a game @ Kankakee Trinity Academy (Indiana).","/il/football/game/kankakee-trinity-academy-vs-st-thomas-more-champaign/9-11-2026/?c=c752f393-fa80-48d7-87b9-8d5e3206387e","https://www.maxpreps.com/il/football/game/kankakee-trinity-academy-vs-st-thomas-more-champaign/9-11-2026/?c=c752f393-fa80-48d7-87b9-8d5e3206387e","/football/in/1414?9/11/2026","Academy","Champaign","https://www.maxpreps.com/in/kankakee-trinity-academy/football/","https://www.maxpreps.com/in/st-thomas-more-champaign/football/","",""
160,"Allen vs Prosper",Football,"Indiana",9/17/2026,TBD,"The Prosper varsity football team has a game @ Allen (Indiana).","/tx/football/game/allen-vs-prosper/9-17-2026/?c=f143e3b2-a934-4418-9fc7-b8e5d3921058","https://www.maxpreps.com/tx/football/game/allen-vs-prosper/9-17-2026/?c=f143e3b2-a934-4418-9fc7-b8e5d3921058","/football/in/65a?9/17/2026","Allen","Prosper","https://www.maxpreps.com/in/allen/football/","https://www.maxpreps.com/in/prosper/football/","",""