1,"Williamson vs Pine Forest",Football,"Alabama",9/10/2026,7:00pm,"The Williamson varsity football team has an away non-conference game @  Pine Forest (Pensacola, FL) on Thursday, September 10 @ 7p.","/inter-state/football/game/pine-forest-pensacola-fl-vs-williamson-mobile-al/9-10-2026/?c=b48ca10a-920f-4d26-896f-6434b1a3086b","https://www.maxpreps.com/inter-state/football/game/pine-forest-pensacola-fl-vs-williamson-mobile-al/9-10-2026/?c=b48ca10a-920f-4d26-896f-6434b1a3086b","/football/al/126f?9/10/2026","Lions","Eagles","https://www.maxpreps.com/al/pine-forest-pensacola-fl/football/","https://www.maxpreps.com/al/williamson-mobile-al/football/","https://hsfootball.net/proxy.php?url=https%3A%2F%2Fimage.maxpreps.io%2Fschool-mascot%2F3%2F5%2F5%2F355baefa-ed80-4252-8fd0-e4d9f4383788.gif%3Fversion%3D638253706200000000%26amp%3Bwidth%3D128%26amp%3Bheight%3D128%26amp%3Bauto%3Dwebp%26amp%3Bformat%3Dpjpg","https://hsfootball.net/proxy.php?url=https%3A%2F%2Fimage.maxpreps.io%2Fschool-mascot%2Ff%2F6%2F4%2Ff64eb451-c381-42d0-afd0-7e4a0143f336.gif%3Fversion%3D636391719600000000%26amp%3Bwidth%3D128%26amp%3Bheight%3D128%26amp%3Bauto%3Dwebp%26amp%3Bformat%3Dpjpg"
101,"Landmark Christian Fairburn vs Morrow",Boys Softball,"Georgia",9/22/2026,TBD,"The Morrow varsity softball team has a game @ Landmark Christian Fairburn (Georgia).","/ga/softball/game/landmark-christian-fairburn-vs-morrow/9-22-2026/?c=cabfa775-f8a3-44a6-8ea3-3fef35a742fd","https://www.maxpreps.com/ga/softball/game/landmark-christian-fairburn-vs-morrow/9-22-2026/?c=cabfa775-f8a3-44a6-8ea3-3fef35a742fd","/softball/ga/eab?9/22/2026","Fairburn","Morrow","https://www.maxpreps.com/ga/landmark-christian-fairburn/boys-softball/","https://www.maxpreps.com/ga/morrow/boys-softball/","",""
102,"Cedartown vs Woodland Cartersville",Boys Softball,"Georgia",9/22/2026,TBD,"The Woodland Cartersville varsity softball team has a game @ Cedartown (Georgia).","/ga/softball/game/cedartown-vs-woodland-cartersville/9-22-2026/?c=6dc0b67f-a5c5-461b-b727-bed0191d5f36","https://www.maxpreps.com/ga/softball/game/cedartown-vs-woodland-cartersville/9-22-2026/?c=6dc0b67f-a5c5-461b-b727-bed0191d5f36","/softball/ga/d9f?9/22/2026","Cedartown","Cartersville","https://www.maxpreps.com/ga/cedartown/boys-softball/","https://www.maxpreps.com/ga/woodland-cartersville/boys-softball/","",""
103,"Chamblee vs Midtown Atlanta",Boys Softball,"Georgia",9/22/2026,TBD,"The Midtown Atlanta varsity softball team has a game @ Chamblee (Georgia).","/ga/softball/game/chamblee-vs-midtown-atlanta/9-22-2026/?c=dd3c695b-63c8-4745-8c83-2fcd23978027","https://www.maxpreps.com/ga/softball/game/chamblee-vs-midtown-atlanta/9-22-2026/?c=dd3c695b-63c8-4745-8c83-2fcd23978027","/softball/ga/a88?9/22/2026","Chamblee","Atlanta","https://www.maxpreps.com/ga/chamblee/boys-softball/","https://www.maxpreps.com/ga/midtown-atlanta/boys-softball/","",""
104,"Bacon County Alma vs Berrien Nashville",Boys Softball,"Georgia",9/22/2026,TBD,"The Berrien Nashville varsity softball team has a game @ Bacon County Alma (Georgia).","/ga/softball/game/bacon-county-alma-vs-berrien-nashville/9-22-2026/?c=b774b89c-a04c-4095-8574-718208bdbbb3","https://www.maxpreps.com/ga/softball/game/bacon-county-alma-vs-berrien-nashville/9-22-2026/?c=b774b89c-a04c-4095-8574-718208bdbbb3","/softball/ga/eb7?9/22/2026","Alma","Nashville","https://www.maxpreps.com/ga/bacon-county-alma/boys-softball/","https://www.maxpreps.com/ga/berrien-nashville/boys-softball/","",""
105,"Berkmar Lilburn vs West Hall Oakwood",Boys Softball,"Georgia",9/22/2026,TBD,"The West Hall Oakwood varsity softball team has a game @ Berkmar Lilburn (Georgia).","/ga/softball/game/berkmar-lilburn-vs-west-hall-oakwood/9-22-2026/?c=fa0ab6a8-7513-4a79-99dd-6bfa26098bf5","https://www.maxpreps.com/ga/softball/game/berkmar-lilburn-vs-west-hall-oakwood/9-22-2026/?c=fa0ab6a8-7513-4a79-99dd-6bfa26098bf5","/softball/ga/dfe?9/22/2026","Lilburn","Oakwood","https://www.maxpreps.com/ga/berkmar-lilburn/boys-softball/","https://www.maxpreps.com/ga/west-hall-oakwood/boys-softball/","",""
106,"Banneker College Park vs Druid Hills Atlanta",Boys Softball,"Georgia",9/22/2026,TBD,"The Druid Hills Atlanta varsity softball team has a game @ Banneker College Park (Georgia).","/ga/softball/game/banneker-college-park-vs-druid-hills-atlanta/9-22-2026/?c=c9794968-0878-418d-8a81-de3a2c05fba4","https://www.maxpreps.com/ga/softball/game/banneker-college-park-vs-druid-hills-atlanta/9-22-2026/?c=c9794968-0878-418d-8a81-de3a2c05fba4","/softball/ga/10df?9/22/2026","Park","Atlanta","https://www.maxpreps.com/ga/banneker-college-park/boys-softball/","https://www.maxpreps.com/ga/druid-hills-atlanta/boys-softball/","",""
107,"Murray County Chatsworth vs Union County Blairsville",Boys Softball,"Georgia",9/22/2026,TBD,"The Union County Blairsville varsity softball team has a game @ Murray County Chatsworth (Georgia).","/ga/softball/game/murray-county-chatsworth-vs-union-county-blairsville/9-22-2026/?c=4078dbe3-df56-44a4-91b2-f0586374a382","https://www.maxpreps.com/ga/softball/game/murray-county-chatsworth-vs-union-county-blairsville/9-22-2026/?c=4078dbe3-df56-44a4-91b2-f0586374a382","/softball/ga/14e4?9/22/2026","Chatsworth","Blairsville","https://www.maxpreps.com/ga/murray-county-chatsworth/boys-softball/","https://www.maxpreps.com/ga/union-county-blairsville/boys-softball/","",""
108,"Westminster Atlanta vs Whitefield Academy Mableton",Boys Softball,"Georgia",9/22/2026,TBD,"The Whitefield Academy Mableton varsity softball team has a game @ Westminster Atlanta (Georgia).","/ga/softball/game/westminster-atlanta-vs-whitefield-academy-mableton/9-22-2026/?c=3e06cd83-35a3-4692-b589-a97ef48bcdea","https://www.maxpreps.com/ga/softball/game/westminster-atlanta-vs-whitefield-academy-mableton/9-22-2026/?c=3e06cd83-35a3-4692-b589-a97ef48bcdea","/softball/ga/13bf?9/22/2026","Atlanta","Mableton","https://www.maxpreps.com/ga/westminster-atlanta/boys-softball/","https://www.maxpreps.com/ga/whitefield-academy-mableton/boys-softball/","",""
109,"Metter vs Savannah Christian",Boys Softball,"Georgia",9/22/2026,TBD,"The Savannah Christian varsity softball team has a game @ Metter (Georgia).","/ga/softball/game/metter-vs-savannah-christian/9-22-2026/?c=18e6f0cd-4610-457c-80cd-ca8013bd819c","https://www.maxpreps.com/ga/softball/game/metter-vs-savannah-christian/9-22-2026/?c=18e6f0cd-4610-457c-80cd-ca8013bd819c","/softball/ga/b16?9/22/2026","Metter","Christian","https://www.maxpreps.com/ga/metter/boys-softball/","https://www.maxpreps.com/ga/savannah-christian/boys-softball/","",""
110,"Lithonia vs Southwest Dekalb Decatur",Boys Softball,"Georgia",9/22/2026,TBD,"The Southwest Dekalb Decatur varsity softball team has a game @ Lithonia (Georgia).","/ga/softball/game/lithonia-vs-southwest-dekalb-decatur/9-22-2026/?c=8721c062-16a6-40e4-a212-df2fb531b6da","https://www.maxpreps.com/ga/softball/game/lithonia-vs-southwest-dekalb-decatur/9-22-2026/?c=8721c062-16a6-40e4-a212-df2fb531b6da","/softball/ga/e36?9/22/2026","Lithonia","Decatur","https://www.maxpreps.com/ga/lithonia/boys-softball/","https://www.maxpreps.com/ga/southwest-dekalb-decatur/boys-softball/","",""
111,"Newnan vs Woodward Academy College Park",Boys Softball,"Georgia",9/22/2026,TBD,"The Woodward Academy College Park varsity softball team has a game @ Newnan (Georgia).","/ga/softball/game/newnan-vs-woodward-academy-college-park/9-22-2026/?c=fc19e086-f0cd-421c-ab99-a5b1dd5a09f4","https://www.maxpreps.com/ga/softball/game/newnan-vs-woodward-academy-college-park/9-22-2026/?c=fc19e086-f0cd-421c-ab99-a5b1dd5a09f4","/softball/ga/f15?9/22/2026","Newnan","Park","https://www.maxpreps.com/ga/newnan/boys-softball/","https://www.maxpreps.com/ga/woodward-academy-college-park/boys-softball/","",""
112,"Gordon Lee Chickamauga vs Lakeview Fort Oglethorpe",Boys Softball,"Georgia",9/22/2026,TBD,"The Lakeview Fort Oglethorpe varsity softball team has a game @ Gordon Lee Chickamauga (Georgia).","/ga/softball/game/gordon-lee-chickamauga-vs-lakeview-fort-oglethorpe/9-22-2026/?c=dd43dfb4-4b92-4cc7-bfaf-3231cfc94b12","https://www.maxpreps.com/ga/softball/game/gordon-lee-chickamauga-vs-lakeview-fort-oglethorpe/9-22-2026/?c=dd43dfb4-4b92-4cc7-bfaf-3231cfc94b12","/softball/ga/1370?9/22/2026","Chickamauga","Oglethorpe","https://www.maxpreps.com/ga/gordon-lee-chickamauga/boys-softball/","https://www.maxpreps.com/ga/lakeview-fort-oglethorpe/boys-softball/","",""
113,"East Jackson Commerce vs Monroe Area",Boys Softball,"Georgia",9/22/2026,TBD,"The Monroe Area varsity softball team has a game @ East Jackson Commerce (Georgia).","/ga/softball/game/east-jackson-commerce-vs-monroe-area/9-22-2026/?c=1d375613-aa55-4066-bf02-08609165aa16","https://www.maxpreps.com/ga/softball/game/east-jackson-commerce-vs-monroe-area/9-22-2026/?c=1d375613-aa55-4066-bf02-08609165aa16","/softball/ga/dd4?9/22/2026","Commerce","Area","https://www.maxpreps.com/ga/east-jackson-commerce/boys-softball/","https://www.maxpreps.com/ga/monroe-area/boys-softball/","",""
114,"Dodge County Eastman vs Schley County Ellaville",Boys Softball,"Georgia",9/22/2026,TBD,"The Schley County Ellaville varsity softball team has a game @ Dodge County Eastman (Georgia).","/ga/softball/game/dodge-county-eastman-vs-schley-county-ellaville/9-22-2026/?c=b6ab7d41-c60e-4f8d-910d-ea71d20cc23a","https://www.maxpreps.com/ga/softball/game/dodge-county-eastman-vs-schley-county-ellaville/9-22-2026/?c=b6ab7d41-c60e-4f8d-910d-ea71d20cc23a","/softball/ga/1269?9/22/2026","Eastman","Ellaville","https://www.maxpreps.com/ga/dodge-county-eastman/boys-softball/","https://www.maxpreps.com/ga/schley-county-ellaville/boys-softball/","",""
115,"Griffin vs Starrs Mill Fayetteville",Boys Softball,"Georgia",9/22/2026,TBD,"The Starrs Mill Fayetteville varsity softball team has a game @ Griffin (Georgia).","/ga/softball/game/griffin-vs-starrs-mill-fayetteville/9-22-2026/?c=5dc4c325-e96c-4783-b4cc-787fb4c95f80","https://www.maxpreps.com/ga/softball/game/griffin-vs-starrs-mill-fayetteville/9-22-2026/?c=5dc4c325-e96c-4783-b4cc-787fb4c95f80","/softball/ga/ddd?9/22/2026","Griffin","Fayetteville","https://www.maxpreps.com/ga/griffin/boys-softball/","https://www.maxpreps.com/ga/starrs-mill-fayetteville/boys-softball/","",""
116,"Callaway Hogansville vs Jackson",Boys Softball,"Georgia",9/22/2026,TBD,"The Jackson varsity softball team has a game @ Callaway Hogansville (Georgia).","/ga/softball/game/callaway-hogansville-vs-jackson/9-22-2026/?c=01c57fc4-3175-4774-a63a-1e4558a2627a","https://www.maxpreps.com/ga/softball/game/callaway-hogansville-vs-jackson/9-22-2026/?c=01c57fc4-3175-4774-a63a-1e4558a2627a","/softball/ga/c43?9/22/2026","Hogansville","Jackson","https://www.maxpreps.com/ga/callaway-hogansville/boys-softball/","https://www.maxpreps.com/ga/jackson/boys-softball/","",""
117,"Carver Atlanta vs Columbia Decatur",Boys Softball,"Georgia",9/22/2026,TBD,"The Columbia Decatur varsity softball team has a game @ Carver Atlanta (Georgia).","/ga/softball/game/carver-atlanta-vs-columbia-decatur/9-22-2026/?c=93da6d3a-4e02-4572-9a1a-7dc443b5449b","https://www.maxpreps.com/ga/softball/game/carver-atlanta-vs-columbia-decatur/9-22-2026/?c=93da6d3a-4e02-4572-9a1a-7dc443b5449b","/softball/ga/d39?9/22/2026","Atlanta","Decatur","https://www.maxpreps.com/ga/carver-atlanta/boys-softball/","https://www.maxpreps.com/ga/columbia-decatur/boys-softball/","",""
118,"Forsyth Central Cumming vs Lambert Suwanee",Boys Softball,"Georgia",9/22/2026,TBD,"The Lambert Suwanee varsity softball team has a game @ Forsyth Central Cumming (Georgia).","/ga/softball/game/forsyth-central-cumming-vs-lambert-suwanee/9-22-2026/?c=bc7ed324-4d26-4b2b-9265-f6794636abc3","https://www.maxpreps.com/ga/softball/game/forsyth-central-cumming-vs-lambert-suwanee/9-22-2026/?c=bc7ed324-4d26-4b2b-9265-f6794636abc3","/softball/ga/1091?9/22/2026","Cumming","Suwanee","https://www.maxpreps.com/ga/forsyth-central-cumming/boys-softball/","https://www.maxpreps.com/ga/lambert-suwanee/boys-softball/","",""
119,"Brantley County Nahunta vs Toombs County Lyons",Boys Softball,"Georgia",9/22/2026,TBD,"The Toombs County Lyons varsity softball team has a game @ Brantley County Nahunta (Georgia).","/ga/softball/game/brantley-county-nahunta-vs-toombs-county-lyons/9-22-2026/?c=568c5d45-bbcf-48be-a35a-245e51a1dfaf","https://www.maxpreps.com/ga/softball/game/brantley-county-nahunta-vs-toombs-county-lyons/9-22-2026/?c=568c5d45-bbcf-48be-a35a-245e51a1dfaf","/softball/ga/1254?9/22/2026","Nahunta","Lyons","https://www.maxpreps.com/ga/brantley-county-nahunta/boys-softball/","https://www.maxpreps.com/ga/toombs-county-lyons/boys-softball/","",""
120,"Eastside Covington vs Jonesboro",Boys Softball,"Georgia",9/22/2026,TBD,"The Jonesboro varsity softball team has a game @ Eastside Covington (Georgia).","/ga/softball/game/eastside-covington-vs-jonesboro/9-22-2026/?c=818f8523-2286-4bec-8cbe-4a104d9a6864","https://www.maxpreps.com/ga/softball/game/eastside-covington-vs-jonesboro/9-22-2026/?c=818f8523-2286-4bec-8cbe-4a104d9a6864","/softball/ga/c6a?9/22/2026","Covington","Jonesboro","https://www.maxpreps.com/ga/eastside-covington/boys-softball/","https://www.maxpreps.com/ga/jonesboro/boys-softball/","",""
121,"East Coweta Sharpsburg vs Northgate Newnan",Boys Softball,"Georgia",9/22/2026,TBD,"The Northgate Newnan varsity softball team has a game @ East Coweta Sharpsburg (Georgia).","/ga/softball/game/east-coweta-sharpsburg-vs-northgate-newnan/9-22-2026/?c=ad9dd14e-b9fd-4708-afa5-eba07795ef05","https://www.maxpreps.com/ga/softball/game/east-coweta-sharpsburg-vs-northgate-newnan/9-22-2026/?c=ad9dd14e-b9fd-4708-afa5-eba07795ef05","/softball/ga/108e?9/22/2026","Sharpsburg","Newnan","https://www.maxpreps.com/ga/east-coweta-sharpsburg/boys-softball/","https://www.maxpreps.com/ga/northgate-newnan/boys-softball/","",""
122,"Tiftarea Academy Chula vs Westfield School Perry",Boys Softball,"Georgia",9/22/2026,TBD,"The Westfield School Perry varsity softball team has a game @ Tiftarea Academy Chula (Georgia).","/ga/softball/game/tiftarea-academy-chula-vs-westfield-school-perry/9-22-2026/?c=3a3aad57-a747-40b4-a48e-f01e22d8f41f","https://www.maxpreps.com/ga/softball/game/tiftarea-academy-chula-vs-westfield-school-perry/9-22-2026/?c=3a3aad57-a747-40b4-a48e-f01e22d8f41f","/softball/ga/12a9?9/22/2026","Chula","Perry","https://www.maxpreps.com/ga/tiftarea-academy-chula/boys-softball/","https://www.maxpreps.com/ga/westfield-school-perry/boys-softball/","",""
123,"Jones County Gray vs Perry",Boys Softball,"Georgia",9/22/2026,TBD,"The Perry varsity softball team has a game @ Jones County Gray (Georgia).","/ga/softball/game/jones-county-gray-vs-perry/9-22-2026/?c=e26cb0cd-af20-4d64-acad-5c31765a6114","https://www.maxpreps.com/ga/softball/game/jones-county-gray-vs-perry/9-22-2026/?c=e26cb0cd-af20-4d64-acad-5c31765a6114","/softball/ga/a43?9/22/2026","Gray","Perry","https://www.maxpreps.com/ga/jones-county-gray/boys-softball/","https://www.maxpreps.com/ga/perry/boys-softball/","",""
124,"Chapel Hill Douglasville vs Hiram",Boys Softball,"Georgia",9/22/2026,TBD,"The Hiram varsity softball team has a game @ Chapel Hill Douglasville (Georgia).","/ga/softball/game/chapel-hill-douglasville-vs-hiram/9-22-2026/?c=a86d2485-0cde-445c-af63-766c8354f176","https://www.maxpreps.com/ga/softball/game/chapel-hill-douglasville-vs-hiram/9-22-2026/?c=a86d2485-0cde-445c-af63-766c8354f176","/softball/ga/ccf?9/22/2026","Douglasville","Hiram","https://www.maxpreps.com/ga/chapel-hill-douglasville/boys-softball/","https://www.maxpreps.com/ga/hiram/boys-softball/","",""
125,"Dawson County Dawsonville vs Gilmer Ellijay",Boys Softball,"Georgia",9/22/2026,TBD,"The Gilmer Ellijay varsity softball team has a game @ Dawson County Dawsonville (Georgia).","/ga/softball/game/dawson-county-dawsonville-vs-gilmer-ellijay/9-22-2026/?c=5df3aa15-77e0-4687-a4e3-7b89911a17ae","https://www.maxpreps.com/ga/softball/game/dawson-county-dawsonville-vs-gilmer-ellijay/9-22-2026/?c=5df3aa15-77e0-4687-a4e3-7b89911a17ae","/softball/ga/110a?9/22/2026","Dawsonville","Ellijay","https://www.maxpreps.com/ga/dawson-county-dawsonville/boys-softball/","https://www.maxpreps.com/ga/gilmer-ellijay/boys-softball/","",""
126,"Hampton vs Mcdonough",Boys Softball,"Georgia",9/22/2026,TBD,"The Mcdonough varsity softball team has a game @ Hampton (Georgia).","/ga/softball/game/hampton-vs-mcdonough/9-22-2026/?c=c52a4b17-bdc4-44a9-8b21-898094b29fe6","https://www.maxpreps.com/ga/softball/game/hampton-vs-mcdonough/9-22-2026/?c=c52a4b17-bdc4-44a9-8b21-898094b29fe6","/softball/ga/7fe?9/22/2026","Hampton","Mcdonough","https://www.maxpreps.com/ga/hampton/boys-softball/","https://www.maxpreps.com/ga/mcdonough/boys-softball/","",""
127,"Mt Zion Jonesboro vs Woodland Stockbridge",Boys Softball,"Georgia",9/22/2026,TBD,"The Woodland Stockbridge varsity softball team has a game @ Mt Zion Jonesboro (Georgia).","/ga/softball/game/mt-zion-jonesboro-vs-woodland-stockbridge/9-22-2026/?c=07d8bfe2-5e61-4304-aba9-fbad78327036","https://www.maxpreps.com/ga/softball/game/mt-zion-jonesboro-vs-woodland-stockbridge/9-22-2026/?c=07d8bfe2-5e61-4304-aba9-fbad78327036","/softball/ga/1025?9/22/2026","Jonesboro","Stockbridge","https://www.maxpreps.com/ga/mt-zion-jonesboro/boys-softball/","https://www.maxpreps.com/ga/woodland-stockbridge/boys-softball/","",""
128,"Charlton County Folkston vs Lanier County Lakeland",Boys Softball,"Georgia",9/22/2026,TBD,"The Lanier County Lakeland varsity softball team has a game @ Charlton County Folkston (Georgia).","/ga/softball/game/charlton-county-folkston-vs-lanier-county-lakeland/9-22-2026/?c=685cee08-7f32-4ed1-9c71-0778c4e5e39d","https://www.maxpreps.com/ga/softball/game/charlton-county-folkston-vs-lanier-county-lakeland/9-22-2026/?c=685cee08-7f32-4ed1-9c71-0778c4e5e39d","/softball/ga/13bd?9/22/2026","Folkston","Lakeland","https://www.maxpreps.com/ga/charlton-county-folkston/boys-softball/","https://www.maxpreps.com/ga/lanier-county-lakeland/boys-softball/","",""
129,"Academy For Classical Education Macon vs East Laurens East Dublin",Boys Softball,"Georgia",9/22/2026,TBD,"The East Laurens East Dublin varsity softball team has a game @ Academy For Classical Education Macon (Georgia).","/ga/softball/game/academy-for-classical-education-macon-vs-east-laurens-east-dublin/9-22-2026/?c=7d3ec0e3-8688-4254-9f24-9bf9a51ee8fc","https://www.maxpreps.com/ga/softball/game/academy-for-classical-education-macon-vs-east-laurens-east-dublin/9-22-2026/?c=7d3ec0e3-8688-4254-9f24-9bf9a51ee8fc","/softball/ga/18e4?9/22/2026","Macon","Dublin","https://www.maxpreps.com/ga/academy-for-classical-education-macon/boys-softball/","https://www.maxpreps.com/ga/east-laurens-east-dublin/boys-softball/","",""
130,"Atkinson County Pearson vs Echols County Statenville",Boys Softball,"Georgia",9/22/2026,TBD,"The Echols County Statenville varsity softball team has a game @ Atkinson County Pearson (Georgia).","/ga/softball/game/atkinson-county-pearson-vs-echols-county-statenville/9-22-2026/?c=c84933b1-2ca8-409a-847c-0fb36820c3e4","https://www.maxpreps.com/ga/softball/game/atkinson-county-pearson-vs-echols-county-statenville/9-22-2026/?c=c84933b1-2ca8-409a-847c-0fb36820c3e4","/softball/ga/14c3?9/22/2026","Pearson","Statenville","https://www.maxpreps.com/ga/atkinson-county-pearson/boys-softball/","https://www.maxpreps.com/ga/echols-county-statenville/boys-softball/","",""
131,"Houston County Warner Robins vs Northside Warner Robins",Boys Softball,"Georgia",9/22/2026,TBD,"The Northside Warner Robins varsity softball team has a game @ Houston County Warner Robins (Georgia).","/ga/softball/game/houston-county-warner-robins-vs-northside-warner-robins/9-22-2026/?c=b98cd2e7-5bde-4805-9280-3951f6568c54","https://www.maxpreps.com/ga/softball/game/houston-county-warner-robins-vs-northside-warner-robins/9-22-2026/?c=b98cd2e7-5bde-4805-9280-3951f6568c54","/softball/ga/15de?9/22/2026","Robins","Robins","https://www.maxpreps.com/ga/houston-county-warner-robins/boys-softball/","https://www.maxpreps.com/ga/northside-warner-robins/boys-softball/","",""
132,"Riverdale vs Sandy Creek Tyrone",Boys Softball,"Georgia",9/22/2026,TBD,"The Sandy Creek Tyrone varsity softball team has a game @ Riverdale (Georgia).","/ga/softball/game/riverdale-vs-sandy-creek-tyrone/9-22-2026/?c=cc3f3992-0b38-4d67-9474-4ef751aa6d5e","https://www.maxpreps.com/ga/softball/game/riverdale-vs-sandy-creek-tyrone/9-22-2026/?c=cc3f3992-0b38-4d67-9474-4ef751aa6d5e","/softball/ga/c25?9/22/2026","Riverdale","Tyrone","https://www.maxpreps.com/ga/riverdale/boys-softball/","https://www.maxpreps.com/ga/sandy-creek-tyrone/boys-softball/","",""
133,"Habersham Central Mt Airy vs Walnut Grove",Boys Softball,"Georgia",9/22/2026,TBD,"The Walnut Grove varsity softball team has a game @ Habersham Central Mt Airy (Georgia).","/ga/softball/game/habersham-central-mt-airy-vs-walnut-grove/9-22-2026/?c=6182b5b9-6e78-4673-a20a-1fd8b4871776","https://www.maxpreps.com/ga/softball/game/habersham-central-mt-airy-vs-walnut-grove/9-22-2026/?c=6182b5b9-6e78-4673-a20a-1fd8b4871776","/softball/ga/fdf?9/22/2026","Airy","Grove","https://www.maxpreps.com/ga/habersham-central-mt-airy/boys-softball/","https://www.maxpreps.com/ga/walnut-grove/boys-softball/","",""
134,"Clinch County Homerville vs Irwin County Ocilla",Boys Softball,"Georgia",9/22/2026,TBD,"The Irwin County Ocilla varsity softball team has a game @ Clinch County Homerville (Georgia).","/ga/softball/game/clinch-county-homerville-vs-irwin-county-ocilla/9-22-2026/?c=0889e040-7b8f-4b11-b6e4-6f39bf6f48be","https://www.maxpreps.com/ga/softball/game/clinch-county-homerville-vs-irwin-county-ocilla/9-22-2026/?c=0889e040-7b8f-4b11-b6e4-6f39bf6f48be","/softball/ga/1280?9/22/2026","Homerville","Ocilla","https://www.maxpreps.com/ga/clinch-county-homerville/boys-softball/","https://www.maxpreps.com/ga/irwin-county-ocilla/boys-softball/","",""
135,"Franklin County Carnesville vs Hebron Christian Dacula",Boys Softball,"Georgia",9/22/2026,TBD,"The Hebron Christian Dacula varsity softball team has a game @ Franklin County Carnesville (Georgia).","/ga/softball/game/franklin-county-carnesville-vs-hebron-christian-dacula/9-22-2026/?c=cd7fb405-2376-4cb3-ad99-964750038dcd","https://www.maxpreps.com/ga/softball/game/franklin-county-carnesville-vs-hebron-christian-dacula/9-22-2026/?c=cd7fb405-2376-4cb3-ad99-964750038dcd","/softball/ga/1533?9/22/2026","Carnesville","Dacula","https://www.maxpreps.com/ga/franklin-county-carnesville/boys-softball/","https://www.maxpreps.com/ga/hebron-christian-dacula/boys-softball/","",""
136,"East Forsyth Gainesville vs Flowery Branch",Boys Softball,"Georgia",9/22/2026,TBD,"The Flowery Branch varsity softball team has a game @ East Forsyth Gainesville (Georgia).","/ga/softball/game/east-forsyth-gainesville-vs-flowery-branch/9-22-2026/?c=677bd466-36ec-4eef-b1eb-de3ee24b24c0","https://www.maxpreps.com/ga/softball/game/east-forsyth-gainesville-vs-flowery-branch/9-22-2026/?c=677bd466-36ec-4eef-b1eb-de3ee24b24c0","/softball/ga/108f?9/22/2026","Gainesville","Branch","https://www.maxpreps.com/ga/east-forsyth-gainesville/boys-softball/","https://www.maxpreps.com/ga/flowery-branch/boys-softball/","",""
137,"Robert Toombs Christian Academy Lyons vs Vidalia Heritage Academy",Boys Softball,"Georgia",9/22/2026,TBD,"The Vidalia Heritage Academy varsity softball team has a game @ Robert Toombs Christian Academy Lyons (Georgia).","/ga/softball/game/robert-toombs-christian-academy-lyons-vs-vidalia-heritage-academy/9-22-2026/?c=92e45048-ca37-48fc-9bd9-4bacf21402f2","https://www.maxpreps.com/ga/softball/game/robert-toombs-christian-academy-lyons-vs-vidalia-heritage-academy/9-22-2026/?c=92e45048-ca37-48fc-9bd9-4bacf21402f2","/softball/ga/1938?9/22/2026","Lyons","Academy","https://www.maxpreps.com/ga/robert-toombs-christian-academy-lyons/boys-softball/","https://www.maxpreps.com/ga/vidalia-heritage-academy/boys-softball/","",""
138,"North Hall Gainesville vs Pickens Jasper",Boys Softball,"Georgia",9/22/2026,TBD,"The Pickens Jasper varsity softball team has a game @ North Hall Gainesville (Georgia).","/ga/softball/game/north-hall-gainesville-vs-pickens-jasper/9-22-2026/?c=b7778d4b-6b5e-4354-b273-478297f48723","https://www.maxpreps.com/ga/softball/game/north-hall-gainesville-vs-pickens-jasper/9-22-2026/?c=b7778d4b-6b5e-4354-b273-478297f48723","/softball/ga/f9b?9/22/2026","Gainesville","Jasper","https://www.maxpreps.com/ga/north-hall-gainesville/boys-softball/","https://www.maxpreps.com/ga/pickens-jasper/boys-softball/","",""
139,"John Milledge Academy Milledgeville vs Strong Rock Christian Locust Grove",Boys Softball,"Georgia",9/22/2026,TBD,"The Strong Rock Christian Locust Grove varsity softball team has a game @ John Milledge Academy Milledgeville (Georgia).","/ga/softball/game/john-milledge-academy-milledgeville-vs-strong-rock-christian-locust-grove/9-22-2026/?c=7691376a-c216-458d-8e5b-794cad049d0a","https://www.maxpreps.com/ga/softball/game/john-milledge-academy-milledgeville-vs-strong-rock-christian-locust-grove/9-22-2026/?c=7691376a-c216-458d-8e5b-794cad049d0a","/softball/ga/1c71?9/22/2026","Milledgeville","Grove","https://www.maxpreps.com/ga/john-milledge-academy-milledgeville/boys-softball/","https://www.maxpreps.com/ga/strong-rock-christian-locust-grove/boys-softball/","",""
140,"Athens Christian vs Bethlehem Christian Academy",Boys Softball,"Georgia",9/22/2026,TBD,"The Bethlehem Christian Academy varsity softball team has a game @ Athens Christian (Georgia).","/ga/softball/game/athens-christian-vs-bethlehem-christian-academy/9-22-2026/?c=9f497fc4-ac92-43c8-ae77-3de81445d77e","https://www.maxpreps.com/ga/softball/game/athens-christian-vs-bethlehem-christian-academy/9-22-2026/?c=9f497fc4-ac92-43c8-ae77-3de81445d77e","/softball/ga/1259?9/22/2026","Christian","Academy","https://www.maxpreps.com/ga/athens-christian/boys-softball/","https://www.maxpreps.com/ga/bethlehem-christian-academy/boys-softball/","",""
141,"Collins Hill Suwanee vs Dacula",Boys Softball,"Georgia",9/22/2026,TBD,"The Dacula varsity softball team has a game @ Collins Hill Suwanee (Georgia).","/ga/softball/game/collins-hill-suwanee-vs-dacula/9-22-2026/?c=14351147-e54b-4f9a-b7d7-83ea6dffcbd5","https://www.maxpreps.com/ga/softball/game/collins-hill-suwanee-vs-dacula/9-22-2026/?c=14351147-e54b-4f9a-b7d7-83ea6dffcbd5","/softball/ga/b9c?9/22/2026","Suwanee","Dacula","https://www.maxpreps.com/ga/collins-hill-suwanee/boys-softball/","https://www.maxpreps.com/ga/dacula/boys-softball/","",""
142,"Buford vs Mill Creek Hoschton",Boys Softball,"Georgia",9/22/2026,TBD,"The Mill Creek Hoschton varsity softball team has a game @ Buford (Georgia).","/ga/softball/game/buford-vs-mill-creek-hoschton/9-22-2026/?c=cfaae857-6b45-4e45-b9d8-b5278c23cafc","https://www.maxpreps.com/ga/softball/game/buford-vs-mill-creek-hoschton/9-22-2026/?c=cfaae857-6b45-4e45-b9d8-b5278c23cafc","/softball/ga/b3d?9/22/2026","Buford","Hoschton","https://www.maxpreps.com/ga/buford/boys-softball/","https://www.maxpreps.com/ga/mill-creek-hoschton/boys-softball/","",""
143,"Brookwood Snellville vs Peachtree Ridge Suwanee",Boys Softball,"Georgia",9/22/2026,TBD,"The Peachtree Ridge Suwanee varsity softball team has a game @ Brookwood Snellville (Georgia).","/ga/softball/game/brookwood-snellville-vs-peachtree-ridge-suwanee/9-22-2026/?c=2c8ba0f0-ce58-46cc-8f98-0b3e7055599f","https://www.maxpreps.com/ga/softball/game/brookwood-snellville-vs-peachtree-ridge-suwanee/9-22-2026/?c=2c8ba0f0-ce58-46cc-8f98-0b3e7055599f","/softball/ga/128e?9/22/2026","Snellville","Suwanee","https://www.maxpreps.com/ga/brookwood-snellville/boys-softball/","https://www.maxpreps.com/ga/peachtree-ridge-suwanee/boys-softball/","",""
144,"Mundys Mill Jonesboro vs Stockbridge",Boys Softball,"Georgia",9/22/2026,TBD,"The Stockbridge varsity softball team has a game @ Mundys Mill Jonesboro (Georgia).","/ga/softball/game/mundys-mill-jonesboro-vs-stockbridge/9-22-2026/?c=3d282e27-88d4-4f8d-8517-c34795e94301","https://www.maxpreps.com/ga/softball/game/mundys-mill-jonesboro-vs-stockbridge/9-22-2026/?c=3d282e27-88d4-4f8d-8517-c34795e94301","/softball/ga/e4d?9/22/2026","Jonesboro","Stockbridge","https://www.maxpreps.com/ga/mundys-mill-jonesboro/boys-softball/","https://www.maxpreps.com/ga/stockbridge/boys-softball/","",""
145,"Mary Persons Forsyth vs Peach County Fort Valley",Boys Softball,"Georgia",9/22/2026,TBD,"The Peach County Fort Valley varsity softball team has a game @ Mary Persons Forsyth (Georgia).","/ga/softball/game/mary-persons-forsyth-vs-peach-county-fort-valley/9-22-2026/?c=26291cb5-aa19-458d-bfc7-61153e2f41b0","https://www.maxpreps.com/ga/softball/game/mary-persons-forsyth-vs-peach-county-fort-valley/9-22-2026/?c=26291cb5-aa19-458d-bfc7-61153e2f41b0","/softball/ga/12e1?9/22/2026","Forsyth","Valley","https://www.maxpreps.com/ga/mary-persons-forsyth/boys-softball/","https://www.maxpreps.com/ga/peach-county-fort-valley/boys-softball/","",""
146,"Apalachee Winder vs Jackson County Jefferson",Boys Softball,"Georgia",9/22/2026,TBD,"The Jackson County Jefferson varsity softball team has a game @ Apalachee Winder (Georgia).","/ga/softball/game/apalachee-winder-vs-jackson-county-jefferson/9-22-2026/?c=e76f77b0-6fa0-43f5-923a-6f2a3acee509","https://www.maxpreps.com/ga/softball/game/apalachee-winder-vs-jackson-county-jefferson/9-22-2026/?c=e76f77b0-6fa0-43f5-923a-6f2a3acee509","/softball/ga/1134?9/22/2026","Winder","Jefferson","https://www.maxpreps.com/ga/apalachee-winder/boys-softball/","https://www.maxpreps.com/ga/jackson-county-jefferson/boys-softball/","",""
147,"Effingham County Springfield vs South Effingham Guyton",Boys Softball,"Georgia",9/22/2026,TBD,"The South Effingham Guyton varsity softball team has a game @ Effingham County Springfield (Georgia).","/ga/softball/game/effingham-county-springfield-vs-south-effingham-guyton/9-22-2026/?c=47cd72f0-52f3-4912-835f-fb8cd297f0d8","https://www.maxpreps.com/ga/softball/game/effingham-county-springfield-vs-south-effingham-guyton/9-22-2026/?c=47cd72f0-52f3-4912-835f-fb8cd297f0d8","/softball/ga/1553?9/22/2026","Springfield","Guyton","https://www.maxpreps.com/ga/effingham-county-springfield/boys-softball/","https://www.maxpreps.com/ga/south-effingham-guyton/boys-softball/","",""
148,"Flint River Academy Woodbury vs Piedmont Academy Monticello",Boys Softball,"Georgia",9/22/2026,TBD,"The Piedmont Academy Monticello varsity softball team has a game @ Flint River Academy Woodbury (Georgia).","/ga/softball/game/flint-river-academy-woodbury-vs-piedmont-academy-monticello/9-22-2026/?c=17921fc7-2f32-482d-acbf-c9b8a9895162","https://www.maxpreps.com/ga/softball/game/flint-river-academy-woodbury-vs-piedmont-academy-monticello/9-22-2026/?c=17921fc7-2f32-482d-acbf-c9b8a9895162","/softball/ga/1722?9/22/2026","Woodbury","Monticello","https://www.maxpreps.com/ga/flint-river-academy-woodbury/boys-softball/","https://www.maxpreps.com/ga/piedmont-academy-monticello/boys-softball/","",""
149,"Lumpkin County Dahlonega vs Morgan County Madison",Boys Softball,"Georgia",9/22/2026,TBD,"The Morgan County Madison varsity softball team has a game @ Lumpkin County Dahlonega (Georgia).","/ga/softball/game/lumpkin-county-dahlonega-vs-morgan-county-madison/9-22-2026/?c=c9498d77-c91d-497b-8512-efec00b8db69","https://www.maxpreps.com/ga/softball/game/lumpkin-county-dahlonega-vs-morgan-county-madison/9-22-2026/?c=c9498d77-c91d-497b-8512-efec00b8db69","/softball/ga/134d?9/22/2026","Dahlonega","Madison","https://www.maxpreps.com/ga/lumpkin-county-dahlonega/boys-softball/","https://www.maxpreps.com/ga/morgan-county-madison/boys-softball/","",""
150,"Carrollton vs North Paulding Dallas",Boys Softball,"Georgia",9/22/2026,TBD,"The North Paulding Dallas varsity softball team has a game @ Carrollton (Georgia).","/ga/softball/game/carrollton-vs-north-paulding-dallas/9-22-2026/?c=1e3387b2-7fbe-478b-9549-ddc9a8386ccf","https://www.maxpreps.com/ga/softball/game/carrollton-vs-north-paulding-dallas/9-22-2026/?c=1e3387b2-7fbe-478b-9549-ddc9a8386ccf","/softball/ga/dcd?9/22/2026","Carrollton","Dallas","https://www.maxpreps.com/ga/carrollton/boys-softball/","https://www.maxpreps.com/ga/north-paulding-dallas/boys-softball/","",""
151,"East Paulding Dallas vs South Paulding Douglasville",Boys Softball,"Georgia",9/22/2026,TBD,"The South Paulding Douglasville varsity softball team has a game @ East Paulding Dallas (Georgia).","/ga/softball/game/east-paulding-dallas-vs-south-paulding-douglasville/9-22-2026/?c=5ae33cf9-1130-4079-9dc5-48f5b923bfa2","https://www.maxpreps.com/ga/softball/game/east-paulding-dallas-vs-south-paulding-douglasville/9-22-2026/?c=5ae33cf9-1130-4079-9dc5-48f5b923bfa2","/softball/ga/13fb?9/22/2026","Dallas","Douglasville","https://www.maxpreps.com/ga/east-paulding-dallas/boys-softball/","https://www.maxpreps.com/ga/south-paulding-douglasville/boys-softball/","",""
152,"Randolph Clay Cuthbert vs Southwest Georgia Stem Charter Shellman",Boys Softball,"Georgia",9/22/2026,TBD,"The Southwest Georgia Stem Charter Shellman varsity softball team has a game @ Randolph Clay Cuthbert (Georgia).","/ga/softball/game/randolph-clay-cuthbert-vs-southwest-georgia-stem-charter-shellman/9-22-2026/?c=c41f81b9-f68a-4b1b-bb71-6651f435f09b","https://www.maxpreps.com/ga/softball/game/randolph-clay-cuthbert-vs-southwest-georgia-stem-charter-shellman/9-22-2026/?c=c41f81b9-f68a-4b1b-bb71-6651f435f09b","/softball/ga/197d?9/22/2026","Cuthbert","Shellman","https://www.maxpreps.com/ga/randolph-clay-cuthbert/boys-softball/","https://www.maxpreps.com/ga/southwest-georgia-stem-charter-shellman/boys-softball/","",""
153,"Chestatee Gainesville vs White County Cleveland",Boys Softball,"Georgia",9/22/2026,TBD,"The White County Cleveland varsity softball team has a game @ Chestatee Gainesville (Georgia).","/ga/softball/game/chestatee-gainesville-vs-white-county-cleveland/9-22-2026/?c=8058270f-640e-446a-8eca-c94f5ce7e5ea","https://www.maxpreps.com/ga/softball/game/chestatee-gainesville-vs-white-county-cleveland/9-22-2026/?c=8058270f-640e-446a-8eca-c94f5ce7e5ea","/softball/ga/1284?9/22/2026","Gainesville","Cleveland","https://www.maxpreps.com/ga/chestatee-gainesville/boys-softball/","https://www.maxpreps.com/ga/white-county-cleveland/boys-softball/","",""
154,"Bryan County Pembroke vs Calvary Day Savannah",Boys Softball,"Georgia",9/22/2026,TBD,"The Calvary Day Savannah varsity softball team has a game @ Bryan County Pembroke (Georgia).","/ga/softball/game/bryan-county-pembroke-vs-calvary-day-savannah/9-22-2026/?c=61ba58b6-93d1-4914-91cc-9c9e5fefcb1d","https://www.maxpreps.com/ga/softball/game/bryan-county-pembroke-vs-calvary-day-savannah/9-22-2026/?c=61ba58b6-93d1-4914-91cc-9c9e5fefcb1d","/softball/ga/118a?9/22/2026","Pembroke","Savannah","https://www.maxpreps.com/ga/bryan-county-pembroke/boys-softball/","https://www.maxpreps.com/ga/calvary-day-savannah/boys-softball/","",""
155,"Appling County Baxley vs Pierce County Blackshear",Boys Softball,"Georgia",9/22/2026,TBD,"The Pierce County Blackshear varsity softball team has a game @ Appling County Baxley (Georgia).","/ga/softball/game/appling-county-baxley-vs-pierce-county-blackshear/9-22-2026/?c=bbba298b-9398-4436-82aa-c7d4ac528c13","https://www.maxpreps.com/ga/softball/game/appling-county-baxley-vs-pierce-county-blackshear/9-22-2026/?c=bbba298b-9398-4436-82aa-c7d4ac528c13","/softball/ga/1333?9/22/2026","Baxley","Blackshear","https://www.maxpreps.com/ga/appling-county-baxley/boys-softball/","https://www.maxpreps.com/ga/pierce-county-blackshear/boys-softball/","",""
156,"Baconton Charter vs Calhoun County Edison",Boys Softball,"Georgia",9/22/2026,TBD,"The Calhoun County Edison varsity softball team has a game @ Baconton Charter (Georgia).","/ga/softball/game/baconton-charter-vs-calhoun-county-edison/9-22-2026/?c=cb80a06a-b5c7-4de5-80f2-acd6804803c3","https://www.maxpreps.com/ga/softball/game/baconton-charter-vs-calhoun-county-edison/9-22-2026/?c=cb80a06a-b5c7-4de5-80f2-acd6804803c3","/softball/ga/1015?9/22/2026","Charter","Edison","https://www.maxpreps.com/ga/baconton-charter/boys-softball/","https://www.maxpreps.com/ga/calhoun-county-edison/boys-softball/","",""
157,"Eagles Landing Mcdonough vs Union Grove Mcdonough",Boys Softball,"Georgia",9/22/2026,TBD,"The Union Grove Mcdonough varsity softball team has a game @ Eagles Landing Mcdonough (Georgia).","/ga/softball/game/eagles-landing-mcdonough-vs-union-grove-mcdonough/9-22-2026/?c=ed883509-77d8-4f49-a3ab-7a1d58bf9eb4","https://www.maxpreps.com/ga/softball/game/eagles-landing-mcdonough-vs-union-grove-mcdonough/9-22-2026/?c=ed883509-77d8-4f49-a3ab-7a1d58bf9eb4","/softball/ga/1319?9/22/2026","Mcdonough","Mcdonough","https://www.maxpreps.com/ga/eagles-landing-mcdonough/boys-softball/","https://www.maxpreps.com/ga/union-grove-mcdonough/boys-softball/","",""
158,"Holy Innocents Episcopal Atlanta vs Temple",Boys Softball,"Georgia",9/22/2026,TBD,"The Temple varsity softball team has a game @ Holy Innocents Episcopal Atlanta (Georgia).","/ga/softball/game/holy-innocents-episcopal-atlanta-vs-temple/9-22-2026/?c=8a39dfec-5a53-40fb-8600-3d7ffc2c7a12","https://www.maxpreps.com/ga/softball/game/holy-innocents-episcopal-atlanta-vs-temple/9-22-2026/?c=8a39dfec-5a53-40fb-8600-3d7ffc2c7a12","/softball/ga/1083?9/22/2026","Atlanta","Temple","https://www.maxpreps.com/ga/holy-innocents-episcopal-atlanta/boys-softball/","https://www.maxpreps.com/ga/temple/boys-softball/","",""
159,"Lafayette vs Ringgold",Boys Softball,"Georgia",9/22/2026,TBD,"The Ringgold varsity softball team has a game @ Lafayette (Georgia).","/ga/softball/game/lafayette-vs-ringgold/9-22-2026/?c=74c2f06d-d712-42bf-9693-a536654e110a","https://www.maxpreps.com/ga/softball/game/lafayette-vs-ringgold/9-22-2026/?c=74c2f06d-d712-42bf-9693-a536654e110a","/softball/ga/858?9/22/2026","Lafayette","Ringgold","https://www.maxpreps.com/ga/lafayette/boys-softball/","https://www.maxpreps.com/ga/ringgold/boys-softball/","",""
160,"Barrow Arts And Sciences Academy Winder vs Hart County Hartwell",Boys Softball,"Georgia",9/22/2026,TBD,"The Hart County Hartwell varsity softball team has a game @ Barrow Arts And Sciences Academy Winder (Georgia).","/ga/softball/game/barrow-arts-and-sciences-academy-winder-vs-hart-county-hartwell/9-22-2026/?c=48ab6551-5f82-4d7e-949c-d1037d4fa6f0","https://www.maxpreps.com/ga/softball/game/barrow-arts-and-sciences-academy-winder-vs-hart-county-hartwell/9-22-2026/?c=48ab6551-5f82-4d7e-949c-d1037d4fa6f0","/softball/ga/1856?9/22/2026","Winder","Hartwell","https://www.maxpreps.com/ga/barrow-arts-and-sciences-academy-winder/boys-softball/","https://www.maxpreps.com/ga/hart-county-hartwell/boys-softball/","",""
161,"South Atlanta vs Towers Decatur",Boys Softball,"Georgia",9/22/2026,TBD,"The Towers Decatur varsity softball team has a game @ South Atlanta (Georgia).","/ga/softball/game/south-atlanta-vs-towers-decatur/9-22-2026/?c=87984726-0c88-4300-aa43-e3db2670465e","https://www.maxpreps.com/ga/softball/game/south-atlanta-vs-towers-decatur/9-22-2026/?c=87984726-0c88-4300-aa43-e3db2670465e","/softball/ga/c41?9/22/2026","Atlanta","Decatur","https://www.maxpreps.com/ga/south-atlanta/boys-softball/","https://www.maxpreps.com/ga/towers-decatur/boys-softball/","",""
162,"East Hall Gainesville vs Gainesville",Boys Softball,"Georgia",9/22/2026,TBD,"The Gainesville varsity softball team has a game @ East Hall Gainesville (Georgia).","/ga/softball/game/east-hall-gainesville-vs-gainesville/9-22-2026/?c=62d2e40a-9267-488d-89f4-8f1e10df34ff","https://www.maxpreps.com/ga/softball/game/east-hall-gainesville-vs-gainesville/9-22-2026/?c=62d2e40a-9267-488d-89f4-8f1e10df34ff","/softball/ga/e11?9/22/2026","Gainesville","Gainesville","https://www.maxpreps.com/ga/east-hall-gainesville/boys-softball/","https://www.maxpreps.com/ga/gainesville/boys-softball/","",""
163,"Swainsboro vs Vidalia",Boys Softball,"Georgia",9/22/2026,TBD,"The Vidalia varsity softball team has a game @ Swainsboro (Georgia).","/ga/softball/game/swainsboro-vs-vidalia/9-22-2026/?c=62007ad4-c95a-4c43-a39c-5fc895290804","https://www.maxpreps.com/ga/softball/game/swainsboro-vs-vidalia/9-22-2026/?c=62007ad4-c95a-4c43-a39c-5fc895290804","/softball/ga/864?9/22/2026","Swainsboro","Vidalia","https://www.maxpreps.com/ga/swainsboro/boys-softball/","https://www.maxpreps.com/ga/vidalia/boys-softball/","",""
164,"Eagles Landing Christian Academy Mcdonough vs Washington Atlanta",Boys Softball,"Georgia",9/22/2026,TBD,"The Washington Atlanta varsity softball team has a game @ Eagles Landing Christian Academy Mcdonough (Georgia).","/ga/softball/game/eagles-landing-christian-academy-mcdonough-vs-washington-atlanta/9-22-2026/?c=6410067e-1ece-42cf-b110-a68330dd2a5c","https://www.maxpreps.com/ga/softball/game/eagles-landing-christian-academy-mcdonough-vs-washington-atlanta/9-22-2026/?c=6410067e-1ece-42cf-b110-a68330dd2a5c","/softball/ga/18f6?9/22/2026","Mcdonough","Atlanta","https://www.maxpreps.com/ga/eagles-landing-christian-academy-mcdonough/boys-softball/","https://www.maxpreps.com/ga/washington-atlanta/boys-softball/","",""
1,"Southwest vs Westside",Boys Softball,"Georgia",9/23/2026,4:30pm,"The Southwest varsity softball team has an away non-conference game @  Westside (Macon, GA) on Wednesday, September 23 @ 4:30p.","/ga/softball/game/southwest-macon-vs-westside-macon/9-23-2026/?c=0a129b6b-13da-4974-95e6-1cdbbb6b707b","https://www.maxpreps.com/ga/softball/game/southwest-macon-vs-westside-macon/9-23-2026/?c=0a129b6b-13da-4974-95e6-1cdbbb6b707b","/softball/ga/d17?9/23/2026","Patriots","Seminoles","https://www.maxpreps.com/ga/southwest-macon/boys-softball/","https://www.maxpreps.com/ga/westside-macon/boys-softball/","https://hsfootball.net/proxy.php?url=https%3A%2F%2Fimage.maxpreps.io%2Fschool-mascot%2Fa%2F6%2Fd%2Fa6d300ed-0bde-4c90-b724-ae93f173b442.gif%3Fversion%3D639132503959421450%26amp%3Bwidth%3D128%26amp%3Bheight%3D128%26amp%3Bauto%3Dwebp%26amp%3Bformat%3Dpjpg","https://hsfootball.net/proxy.php?url=https%3A%2F%2Fimage.maxpreps.io%2Fschool-mascot%2Fa%2F4%2F4%2Fa448d76a-1bdb-4f9f-b744-d6ba97004696.gif%3Fversion%3D639134131059729480%26amp%3Bwidth%3D128%26amp%3Bheight%3D128%26amp%3Bauto%3Dwebp%26amp%3Bformat%3Dpjpg"
2,"Screven County vs Edmund Burke Academy",Boys Softball,"Georgia",9/23/2026,4:30pm,"The Screven County varsity softball team has an away non-conference game @  Edmund Burke Academy (Waynesboro, GA) on Wednesday, September 23 @ 4:30p.","/ga/softball/game/edmund-burke-academy-waynesboro-vs-screven-county-sylvania/9-23-2026/?c=8ae14d70-52da-4a9c-9d81-8f559df7e96a","https://www.maxpreps.com/ga/softball/game/edmund-burke-academy-waynesboro-vs-screven-county-sylvania/9-23-2026/?c=8ae14d70-52da-4a9c-9d81-8f559df7e96a","/softball/ga/16d6?9/23/2026","Gamecocks","Spartans","https://www.maxpreps.com/ga/edmund-burke-academy-waynesboro/boys-softball/","https://www.maxpreps.com/ga/screven-county-sylvania/boys-softball/","https://hsfootball.net/proxy.php?url=https%3A%2F%2Fimage.maxpreps.io%2Fschool-mascot%2F7%2F7%2Fa%2F77ae3fd1-e8b6-4531-9bca-42ddb200cd2a.gif%3Fversion%3D639183171821119790%26amp%3Bwidth%3D128%26amp%3Bheight%3D128%26amp%3Bauto%3Dwebp%26amp%3Bformat%3Dpjpg","https://hsfootball.net/proxy.php?url=https%3A%2F%2Fimage.maxpreps.io%2Fschool-mascot%2F9%2F4%2F0%2F940bc57f-39f3-4af2-9d43-f4c8d80d115f.gif%3Fversion%3D639188602569511790%26amp%3Bwidth%3D128%26amp%3Bheight%3D128%26amp%3Bauto%3Dwebp%26amp%3Bformat%3Dpjpg"
3,"Early County vs Spring Creek Charter Academy",Boys Softball,"Georgia",9/23/2026,5:00pm,"The Early County varsity softball team has an away non-conference game @  Spring Creek Charter Academy (Bainbridge, GA) on Wednesday, September 23 @ 5p.","/ga/softball/game/early-county-blakely-vs-spring-creek-charter-academy-bainbridge/9-23-2026/?c=37f4faf2-d9e1-465d-806b-263ea8fc9019","https://www.maxpreps.com/ga/softball/game/early-county-blakely-vs-spring-creek-charter-academy-bainbridge/9-23-2026/?c=37f4faf2-d9e1-465d-806b-263ea8fc9019","/softball/ga/1855?9/23/2026","Bobcats","Stallions","https://www.maxpreps.com/ga/early-county-blakely/boys-softball/","https://www.maxpreps.com/ga/spring-creek-charter-academy-bainbridge/boys-softball/","https://hsfootball.net/proxy.php?url=https%3A%2F%2Fimage.maxpreps.io%2Fschool-mascot%2Fd%2Fc%2F6%2Fdc688429-6635-46c5-b2b9-02bf72c126f1.gif%3Fversion%3D638642466618247070%26amp%3Bwidth%3D128%26amp%3Bheight%3D128%26amp%3Bauto%3Dwebp%26amp%3Bformat%3Dpjpg","https://hsfootball.net/proxy.php?url=https%3A%2F%2Fimage.maxpreps.io%2Fschool-mascot%2F4%2F9%2F1%2F49165171-0dac-4505-b131-505ad726b8b4.gif%3Fversion%3D639180161664620270%26amp%3Bwidth%3D128%26amp%3Bheight%3D128%26amp%3Bauto%3Dwebp%26amp%3Bformat%3Dpjpg"
4,"Randolph-Clay vs Webster County",Boys Softball,"Georgia",9/23/2026,5:00pm,"The Randolph-Clay varsity softball team has an away non-conference game @  Webster County (Preston, GA) on Wednesday, September 23 @ 5p.","/ga/softball/game/randolph-clay-cuthbert-vs-webster-county-preston/9-23-2026/?c=3a78b35a-10aa-4c65-9c5a-f6dee3a86bf7","https://www.maxpreps.com/ga/softball/game/randolph-clay-cuthbert-vs-webster-county-preston/9-23-2026/?c=3a78b35a-10aa-4c65-9c5a-f6dee3a86bf7","/softball/ga/1302?9/23/2026","Red Devils","Bobcats","https://www.maxpreps.com/ga/randolph-clay-cuthbert/boys-softball/","https://www.maxpreps.com/ga/webster-county-preston/boys-softball/","https://hsfootball.net/proxy.php?url=https%3A%2F%2Fimage.maxpreps.io%2Fschool-mascot%2F2%2Fc%2F9%2F2c9a258f-f90d-473f-bcb3-504c569409f2.gif%3Fversion%3D637060500000000000%26amp%3Bwidth%3D128%26amp%3Bheight%3D128%26amp%3Bauto%3Dwebp%26amp%3Bformat%3Dpjpg","https://hsfootball.net/proxy.php?url=https%3A%2F%2Fimage.maxpreps.io%2Fschool-mascot%2F7%2F6%2F4%2F7648cbd8-a839-4aa2-813e-1173f0d7bf24.gif%3Fversion%3D639132504011017830%26amp%3Bwidth%3D128%26amp%3Bheight%3D128%26amp%3Bauto%3Dwebp%26amp%3Bformat%3Dpjpg"
5,"Christian Heritage vs Walker",Boys Softball,"Georgia",9/23/2026,5:00pm,"The Christian Heritage varsity softball team has an away non-conference game @  Walker (Marietta, GA) on Wednesday, September 23 @ 5p.","/ga/softball/game/christian-heritage-dalton-vs-walker-marietta/9-23-2026/?c=6523335c-1727-4cb9-a37a-d92a19638e89","https://www.maxpreps.com/ga/softball/game/christian-heritage-dalton-vs-walker-marietta/9-23-2026/?c=6523335c-1727-4cb9-a37a-d92a19638e89","/softball/ga/1137?9/23/2026","Lions","Wolverines","https://www.maxpreps.com/ga/christian-heritage-dalton/boys-softball/","https://www.maxpreps.com/ga/walker-marietta/boys-softball/","https://hsfootball.net/proxy.php?url=https%3A%2F%2Fimage.maxpreps.io%2Fschool-mascot%2Fc%2Fb%2F9%2Fcb90bc08-daf2-403f-a8aa-7fbffffed296.gif%3Fversion%3D634839435600000000%26amp%3Bwidth%3D128%26amp%3Bheight%3D128%26amp%3Bauto%3Dwebp%26amp%3Bformat%3Dpjpg","https://hsfootball.net/proxy.php?url=https%3A%2F%2Fimage.maxpreps.io%2Fschool-mascot%2F5%2F9%2F4%2F594776af-9858-4139-9393-4378a0426f51.gif%3Fversion%3D636385078200000000%26amp%3Bwidth%3D128%26amp%3Bheight%3D128%26amp%3Bauto%3Dwebp%26amp%3Bformat%3Dpjpg"
6,"South Forsyth vs Forsyth Central",Boys Softball,"Georgia",9/23/2026,5:00pm,"The South Forsyth varsity softball team has an away conference game @  Forsyth Central (Cumming, GA) on Wednesday, September 23 @ 5p.","/ga/softball/game/forsyth-central-cumming-vs-south-forsyth-cumming/9-23-2026/?c=3bfec28b-30cb-4721-90f3-215af1029366","https://www.maxpreps.com/ga/softball/game/forsyth-central-cumming-vs-south-forsyth-cumming/9-23-2026/?c=3bfec28b-30cb-4721-90f3-215af1029366","/softball/ga/1311?9/23/2026","War Eagles","Bulldogs","https://www.maxpreps.com/ga/forsyth-central-cumming/boys-softball/","https://www.maxpreps.com/ga/south-forsyth-cumming/boys-softball/","https://hsfootball.net/proxy.php?url=https%3A%2F%2Fimage.maxpreps.io%2Fschool-mascot%2F9%2Fa%2F9%2F9a9d2cb5-7dd0-4d58-b9d0-22452ede9ea3.gif%3Fversion%3D636796816200000000%26amp%3Bwidth%3D128%26amp%3Bheight%3D128%26amp%3Bauto%3Dwebp%26amp%3Bformat%3Dpjpg","https://hsfootball.net/proxy.php?url=https%3A%2F%2Fimage.maxpreps.io%2Fschool-mascot%2F2%2F6%2Fa%2F26acd6e3-59fa-4dd2-bf4b-95923c0fa333.gif%3Fversion%3D639188602613971000%26amp%3Bwidth%3D128%26amp%3Bheight%3D128%26amp%3Bauto%3Dwebp%26amp%3Bformat%3Dpjpg"
7,"Statesboro vs Bryan County",Boys Softball,"Georgia",9/23/2026,5:00pm,"The Statesboro varsity softball team has an away non-conference game @  Bryan County (Pembroke, GA) on Wednesday, September 23 @ 5p.","/ga/softball/game/bryan-county-pembroke-vs-statesboro/9-23-2026/?c=a676cd1e-405c-40e0-9062-b3da7c5f53e2","https://www.maxpreps.com/ga/softball/game/bryan-county-pembroke-vs-statesboro/9-23-2026/?c=a676cd1e-405c-40e0-9062-b3da7c5f53e2","/softball/ga/df6?9/23/2026","Blue Devils","Redskins","https://www.maxpreps.com/ga/bryan-county-pembroke/boys-softball/","https://www.maxpreps.com/ga/statesboro/boys-softball/","https://hsfootball.net/proxy.php?url=https%3A%2F%2Fimage.maxpreps.io%2Fschool-mascot%2Fb%2Ff%2Fb%2Fbfb48afb-1384-4d03-9904-40218a76df89.gif%3Fversion%3D635182095000000000%26amp%3Bwidth%3D128%26amp%3Bheight%3D128%26amp%3Bauto%3Dwebp%26amp%3Bformat%3Dpjpg","https://hsfootball.net/proxy.php?url=https%3A%2F%2Fimage.maxpreps.io%2Fschool-mascot%2F8%2F1%2F8%2F8187d186-926f-4754-a33f-e064640065b9.gif%3Fversion%3D638645938262869010%26amp%3Bwidth%3D128%26amp%3Bheight%3D128%26amp%3Bauto%3Dwebp%26amp%3Bformat%3Dpjpg"
8,"LaFayette vs Armuchee",Boys Softball,"Georgia",9/23/2026,5:00pm,"The LaFayette varsity softball team has an away non-conference game @  Armuchee (Rome, GA) on Wednesday, September 23 @ 5p.","/ga/softball/game/armuchee-rome-vs-lafayette/9-23-2026/?c=fbe3f185-5967-45cf-bd12-d720a42622eb","https://www.maxpreps.com/ga/softball/game/armuchee-rome-vs-lafayette/9-23-2026/?c=fbe3f185-5967-45cf-bd12-d720a42622eb","/softball/ga/a2c?9/23/2026","Ramblers","Indians","https://www.maxpreps.com/ga/armuchee-rome/boys-softball/","https://www.maxpreps.com/ga/lafayette/boys-softball/","https://hsfootball.net/proxy.php?url=https%3A%2F%2Fimage.maxpreps.io%2Fschool-mascot%2F2%2Ff%2Fd%2F2fdcfc19-b608-418a-a73e-c7456e4885bb.gif%3Fversion%3D639195280143823320%26amp%3Bwidth%3D128%26amp%3Bheight%3D128%26amp%3Bauto%3Dwebp%26amp%3Bformat%3Dpjpg","https://hsfootball.net/proxy.php?url=https%3A%2F%2Fimage.maxpreps.io%2Fschool-mascot%2Fb%2Fb%2Fa%2Fbba1c931-3cba-4a45-bc9c-006b4f34cfbd.gif%3Fversion%3D639195280155258510%26amp%3Bwidth%3D128%26amp%3Bheight%3D128%26amp%3Bauto%3Dwebp%26amp%3Bformat%3Dpjpg"
9,"Howard vs Rutland",Boys Softball,"Georgia",9/23/2026,5:00pm,"The Howard varsity softball team has an away non-conference game @  Rutland (Macon, GA) on Wednesday, September 23 @ 5p.","/ga/softball/game/howard-macon-vs-rutland-macon/9-23-2026/?c=5b193c97-6bc0-4f53-9324-9dd9780bd3ca","https://www.maxpreps.com/ga/softball/game/howard-macon-vs-rutland-macon/9-23-2026/?c=5b193c97-6bc0-4f53-9324-9dd9780bd3ca","/softball/ga/b38?9/23/2026","Huskies","Hurricanes","https://www.maxpreps.com/ga/howard-macon/boys-softball/","https://www.maxpreps.com/ga/rutland-macon/boys-softball/","https://hsfootball.net/proxy.php?url=https%3A%2F%2Fimage.maxpreps.io%2Fschool-mascot%2F5%2F5%2F4%2F554ba6ba-e5f2-41f3-809b-2de0c9a182a0.gif%3Fversion%3D639207415001109460%26amp%3Bwidth%3D128%26amp%3Bheight%3D128%26amp%3Bauto%3Dwebp%26amp%3Bformat%3Dpjpg","https://hsfootball.net/proxy.php?url=https%3A%2F%2Fimage.maxpreps.io%2Fschool-mascot%2Fa%2Ff%2Fb%2Fafb74465-d973-4719-ab90-5a036df4ac67.gif%3Fversion%3D638759936219864750%26amp%3Bwidth%3D128%26amp%3Bheight%3D128%26amp%3Bauto%3Dwebp%26amp%3Bformat%3Dpjpg"
10,"Discovery vs Mountain View",Boys Softball,"Georgia",9/23/2026,5:00pm,"The Discovery varsity softball team has an away non-conference game @  Mountain View (Lawrenceville, GA) on Wednesday, September 23 @ 5p.","/ga/softball/game/discovery-lawrenceville-vs-mountain-view-lawrenceville/9-23-2026/?c=3b8e22e7-8354-4567-9be2-bd5caafe0839","https://www.maxpreps.com/ga/softball/game/discovery-lawrenceville-vs-mountain-view-lawrenceville/9-23-2026/?c=3b8e22e7-8354-4567-9be2-bd5caafe0839","/softball/ga/15a2?9/23/2026","Titans","Bears","https://www.maxpreps.com/ga/discovery-lawrenceville/boys-softball/","https://www.maxpreps.com/ga/mountain-view-lawrenceville/boys-softball/","https://hsfootball.net/proxy.php?url=https%3A%2F%2Fimage.maxpreps.io%2Fschool-mascot%2F7%2F5%2F6%2F756e2db2-dde7-4f61-a262-930f6c24aa03.gif%3Fversion%3D639126368801531370%26amp%3Bwidth%3D128%26amp%3Bheight%3D128%26amp%3Bauto%3Dwebp%26amp%3Bformat%3Dpjpg","https://hsfootball.net/proxy.php?url=https%3A%2F%2Fimage.maxpreps.io%2Fschool-mascot%2Fa%2Fd%2F1%2Fad1a87e8-0889-4370-8a61-9f78928b99fe.gif%3Fversion%3D639126369454016180%26amp%3Bwidth%3D128%26amp%3Bheight%3D128%26amp%3Bauto%3Dwebp%26amp%3Bformat%3Dpjpg"
11,"Burke County vs Thomson",Boys Softball,"Georgia",9/23/2026,5:00pm,"The Burke County varsity softball team has an away conference game @  Thomson (GA) on Wednesday, September 23 @ 5p.","/ga/softball/game/burke-county-waynesboro-vs-thomson/9-23-2026/?c=cef02920-9b91-4098-b4d4-f20e3d14b0a1","https://www.maxpreps.com/ga/softball/game/burke-county-waynesboro-vs-thomson/9-23-2026/?c=cef02920-9b91-4098-b4d4-f20e3d14b0a1","/softball/ga/da9?9/23/2026","Bears","Bulldogs","https://www.maxpreps.com/ga/burke-county-waynesboro/boys-softball/","https://www.maxpreps.com/ga/thomson/boys-softball/","https://hsfootball.net/proxy.php?url=https%3A%2F%2Fimage.maxpreps.io%2Fschool-mascot%2F5%2F1%2F4%2F514d1bea-eab7-4190-b979-94b031027931.gif%3Fversion%3D637634791200000000%26amp%3Bwidth%3D128%26amp%3Bheight%3D128%26amp%3Bauto%3Dwebp%26amp%3Bformat%3Dpjpg","https://hsfootball.net/proxy.php?url=https%3A%2F%2Fimage.maxpreps.io%2Fschool-mascot%2F0%2F6%2Fb%2F06b08f6f-f034-4b37-be88-457e06f13c26.gif%3Fversion%3D639179251269283720%26amp%3Bwidth%3D128%26amp%3Bheight%3D128%26amp%3Bauto%3Dwebp%26amp%3Bformat%3Dpjpg"
12,"Marion County vs Crisp County",Boys Softball,"Georgia",9/23/2026,5:00pm,"The Marion County varsity softball team has an away non-conference game @  Crisp County (Cordele, GA) on Wednesday, September 23 @ 5p.","/ga/softball/game/crisp-county-cordele-vs-marion-county-buena-vista/9-23-2026/?c=7def327b-4fd9-4ee7-9156-c5306065af25","https://www.maxpreps.com/ga/softball/game/crisp-county-cordele-vs-marion-county-buena-vista/9-23-2026/?c=7def327b-4fd9-4ee7-9156-c5306065af25","/softball/ga/131f?9/23/2026","Eagles","Cougars","https://www.maxpreps.com/ga/crisp-county-cordele/boys-softball/","https://www.maxpreps.com/ga/marion-county-buena-vista/boys-softball/","https://hsfootball.net/proxy.php?url=https%3A%2F%2Fimage.maxpreps.io%2Fschool-mascot%2F8%2Fd%2Fd%2F8dd288d4-a24b-453f-98bb-d1c8c346e0e3.gif%3Fversion%3D635532037800000000%26amp%3Bwidth%3D128%26amp%3Bheight%3D128%26amp%3Bauto%3Dwebp%26amp%3Bformat%3Dpjpg","https://hsfootball.net/proxy.php?url=https%3A%2F%2Fimage.maxpreps.io%2Fschool-mascot%2F0%2F9%2F4%2F094845c5-194e-4966-9c7c-ca74b9a2c81d.gif%3Fversion%3D638883467608159350%26amp%3Bwidth%3D128%26amp%3Bheight%3D128%26amp%3Bauto%3Dwebp%26amp%3Bformat%3Dpjpg"
13,"Georgia Military College vs Washington County",Boys Softball,"Georgia",9/23/2026,5:00pm,"The Georgia Military College varsity softball team has an away non-conference game @  Washington County (Sandersville, GA) on Wednesday, September 23 @ 5p.","/ga/softball/game/georgia-military-college-milledgeville-vs-washington-county-sandersville/9-23-2026/?c=c5d9f3b0-95c6-4ab6-8a8f-2c682f46c523","https://www.maxpreps.com/ga/softball/game/georgia-military-college-milledgeville-vs-washington-county-sandersville/9-23-2026/?c=c5d9f3b0-95c6-4ab6-8a8f-2c682f46c523","/softball/ga/1c97?9/23/2026","Bulldogs","Golden Hawks","https://www.maxpreps.com/ga/georgia-military-college-milledgeville/boys-softball/","https://www.maxpreps.com/ga/washington-county-sandersville/boys-softball/","https://hsfootball.net/proxy.php?url=https%3A%2F%2Fimage.maxpreps.io%2Fschool-mascot%2Fb%2Fe%2F2%2Fbe2ab9ba-f8e2-451a-b189-2915ddb8779f.gif%3Fversion%3D639128739316771410%26amp%3Bwidth%3D128%26amp%3Bheight%3D128%26amp%3Bauto%3Dwebp%26amp%3Bformat%3Dpjpg","https://hsfootball.net/proxy.php?url=https%3A%2F%2Fimage.maxpreps.io%2Fschool-mascot%2F6%2F6%2Fa%2F66a05d5f-32c8-4823-8935-41c178477822.gif%3Fversion%3D636282865800000000%26amp%3Bwidth%3D128%26amp%3Bheight%3D128%26amp%3Bauto%3Dwebp%26amp%3Bformat%3Dpjpg"
14,"Ware County vs Brunswick",Boys Softball,"Georgia",9/23/2026,5:00pm,"The Ware County varsity softball team has an away non-conference game @  Brunswick (GA) on Wednesday, September 23 @ 5p.","/ga/softball/game/brunswick-vs-ware-county-waycross/9-23-2026/?c=6e1cb245-d6f9-452f-a79d-4c540d9ad8fc","https://www.maxpreps.com/ga/softball/game/brunswick-vs-ware-county-waycross/9-23-2026/?c=6e1cb245-d6f9-452f-a79d-4c540d9ad8fc","/softball/ga/d41?9/23/2026","Gators","Pirates","https://www.maxpreps.com/ga/brunswick/boys-softball/","https://www.maxpreps.com/ga/ware-county-waycross/boys-softball/","https://hsfootball.net/proxy.php?url=https%3A%2F%2Fimage.maxpreps.io%2Fschool-mascot%2F2%2F1%2F2%2F21250a23-a21f-47c8-a5c4-21dc2518747c.gif%3Fversion%3D639129168562805030%26amp%3Bwidth%3D128%26amp%3Bheight%3D128%26amp%3Bauto%3Dwebp%26amp%3Bformat%3Dpjpg","https://hsfootball.net/proxy.php?url=https%3A%2F%2Fimage.maxpreps.io%2Fschool-mascot%2Fa%2F9%2F7%2Fa9793872-42b8-4e06-9b67-7e39be1d80fd.gif%3Fversion%3D639134131081672380%26amp%3Bwidth%3D128%26amp%3Bheight%3D128%26amp%3Bauto%3Dwebp%26amp%3Bformat%3Dpjpg"
15,"Wesleyan vs Haralson County",Boys Softball,"Georgia",9/23/2026,5:00pm,"The Wesleyan varsity softball team has an away conference game @  Haralson County (Tallapoosa, GA) on Wednesday, September 23 @ 5p.","/ga/softball/game/haralson-county-tallapoosa-vs-wesleyan-norcross/9-23-2026/?c=a0a948e7-260a-454f-8b41-f5c1d142cade","https://www.maxpreps.com/ga/softball/game/haralson-county-tallapoosa-vs-wesleyan-norcross/9-23-2026/?c=a0a948e7-260a-454f-8b41-f5c1d142cade","/softball/ga/12d5?9/23/2026","Wolves","Rebels","https://www.maxpreps.com/ga/haralson-county-tallapoosa/boys-softball/","https://www.maxpreps.com/ga/wesleyan-norcross/boys-softball/","https://hsfootball.net/proxy.php?url=https%3A%2F%2Fimage.maxpreps.io%2Fschool-mascot%2Fd%2F7%2F1%2Fd7130fa9-71ec-443a-86c7-d834c24b0498.gif%3Fversion%3D636717411600000000%26amp%3Bwidth%3D128%26amp%3Bheight%3D128%26amp%3Bauto%3Dwebp%26amp%3Bformat%3Dpjpg","https://hsfootball.net/proxy.php?url=https%3A%2F%2Fimage.maxpreps.io%2Fschool-mascot%2Fb%2Fe%2F8%2Fbe810ab5-44d0-49f5-8c83-9877522282e0.gif%3Fversion%3D639127247748010330%26amp%3Bwidth%3D128%26amp%3Bheight%3D128%26amp%3Bauto%3Dwebp%26amp%3Bformat%3Dpjpg"
16,"Colquitt County vs Cook",Boys Softball,"Georgia",9/23/2026,5:00pm,"The Colquitt County varsity softball team has an away non-conference game @  Cook (Adel, GA) on Wednesday, September 23 @ 5p.","/ga/softball/game/colquitt-county-norman-park-vs-cook-adel/9-23-2026/?c=044a42f7-3b0b-4e6b-b66e-d96623be33e9","https://www.maxpreps.com/ga/softball/game/colquitt-county-norman-park-vs-cook-adel/9-23-2026/?c=044a42f7-3b0b-4e6b-b66e-d96623be33e9","/softball/ga/f89?9/23/2026","Packers","Hornets","https://www.maxpreps.com/ga/colquitt-county-norman-park/boys-softball/","https://www.maxpreps.com/ga/cook-adel/boys-softball/","https://hsfootball.net/proxy.php?url=https%3A%2F%2Fimage.maxpreps.io%2Fschool-mascot%2Fd%2Fe%2F6%2Fde6f3056-8b06-4f72-8a53-83cd06b87e47.gif%3Fversion%3D639127247862111580%26amp%3Bwidth%3D128%26amp%3Bheight%3D128%26amp%3Bauto%3Dwebp%26amp%3Bformat%3Dpjpg","https://hsfootball.net/proxy.php?url=https%3A%2F%2Fimage.maxpreps.io%2Fschool-mascot%2Fd%2Fb%2F6%2Fdb60a833-9089-4914-9086-613c64b43f67.gif%3Fversion%3D639132504028560650%26amp%3Bwidth%3D128%26amp%3Bheight%3D128%26amp%3Bauto%3Dwebp%26amp%3Bformat%3Dpjpg"
17,"Denmark vs West Forsyth",Boys Softball,"Georgia",9/23/2026,5:00pm,"The Denmark varsity softball team has an away conference game @  West Forsyth (Cumming, GA) on Wednesday, September 23 @ 5p.","/ga/softball/game/denmark-alpharetta-vs-west-forsyth-cumming/9-23-2026/?c=ac9bab20-82e6-446b-b4fd-5ed06e1cad70","https://www.maxpreps.com/ga/softball/game/denmark-alpharetta-vs-west-forsyth-cumming/9-23-2026/?c=ac9bab20-82e6-446b-b4fd-5ed06e1cad70","/softball/ga/1094?9/23/2026","Wolverines","TBD","https://www.maxpreps.com/ga/denmark-alpharetta/boys-softball/","https://www.maxpreps.com/ga/west-forsyth-cumming/boys-softball/","https://hsfootball.net/proxy.php?url=https%3A%2F%2Fimage.maxpreps.io%2Fschool-mascot%2Ff%2Ff%2F1%2Fff1b45ca-7b8e-4f53-babb-401d2a4cdd9f.gif%3Fversion%3D636644187600000000%26amp%3Bwidth%3D128%26amp%3Bheight%3D128%26amp%3Bauto%3Dwebp%26amp%3Bformat%3Dpjpg","https://hsfootball.net/proxy.php?url=https%3A%2F%2Fimage.maxpreps.io%2Fschool-mascot%2F0%2Fb%2Fb%2F0bb7f5e0-2d47-4bad-82f4-c4fb1ac73fc8.gif%3Fversion%3D639126199918035280%26amp%3Bwidth%3D128%26amp%3Bheight%3D128%26amp%3Bauto%3Dwebp%26amp%3Bformat%3Dpjpg"
18,"North Atlanta vs Woodward Academy",Boys Softball,"Georgia",9/23/2026,5:00pm,"The North Atlanta varsity softball team has an away non-conference game @  Woodward Academy (College Park, GA) on Wednesday, September 23 @ 5p.","/ga/softball/game/north-atlanta-vs-woodward-academy-college-park/9-23-2026/?c=3603c9ae-a933-4497-9f60-586c3cab1242","https://www.maxpreps.com/ga/softball/game/north-atlanta-vs-woodward-academy-college-park/9-23-2026/?c=3603c9ae-a933-4497-9f60-586c3cab1242","/softball/ga/11cb?9/23/2026","Warriors","War Eagles","https://www.maxpreps.com/ga/north-atlanta/boys-softball/","https://www.maxpreps.com/ga/woodward-academy-college-park/boys-softball/","https://hsfootball.net/proxy.php?url=https%3A%2F%2Fimage.maxpreps.io%2Fschool-mascot%2Ff%2F7%2F3%2Ff732444a-0c15-491f-b99f-bdda4104ec5c.gif%3Fversion%3D637671159600000000%26amp%3Bwidth%3D128%26amp%3Bheight%3D128%26amp%3Bauto%3Dwebp%26amp%3Bformat%3Dpjpg","https://hsfootball.net/proxy.php?url=https%3A%2F%2Fimage.maxpreps.io%2Fschool-mascot%2Fe%2F8%2F3%2Fe83d5a99-e5ca-4c28-ae36-5a1197811dc2.gif%3Fversion%3D639188602856692940%26amp%3Bwidth%3D128%26amp%3Bheight%3D128%26amp%3Bauto%3Dwebp%26amp%3Bformat%3Dpjpg"
19,"Emanuel County Institute vs Wayne County",Boys Softball,"Georgia",9/23/2026,5:00pm,"The Emanuel County Institute varsity softball team has an away non-conference game @  Wayne County (Jesup, GA) on Wednesday, September 23 @ 5p.","/ga/softball/game/emanuel-county-institute-twin-city-vs-wayne-county-jesup/9-23-2026/?c=2cb13b14-0f90-405d-9c32-9f462f431722","https://www.maxpreps.com/ga/softball/game/emanuel-county-institute-twin-city-vs-wayne-county-jesup/9-23-2026/?c=2cb13b14-0f90-405d-9c32-9f462f431722","/softball/ga/162b?9/23/2026","Bulldogs","Yellow Jackets","https://www.maxpreps.com/ga/emanuel-county-institute-twin-city/boys-softball/","https://www.maxpreps.com/ga/wayne-county-jesup/boys-softball/","https://hsfootball.net/proxy.php?url=https%3A%2F%2Fimage.maxpreps.io%2Fschool-mascot%2F6%2Fa%2Fc%2F6acc6d67-bf07-4dd9-ab71-92b99f198fca.gif%3Fversion%3D639128739323898130%26amp%3Bwidth%3D128%26amp%3Bheight%3D128%26amp%3Bauto%3Dwebp%26amp%3Bformat%3Dpjpg","https://hsfootball.net/proxy.php?url=https%3A%2F%2Fimage.maxpreps.io%2Fschool-mascot%2F3%2F8%2F1%2F381916fa-afbc-44eb-9457-13213ae27264.gif%3Fversion%3D639134131052049780%26amp%3Bwidth%3D128%26amp%3Bheight%3D128%26amp%3Bauto%3Dwebp%26amp%3Bformat%3Dpjpg"
20,"Jefferson County vs Richmond Academy",Boys Softball,"Georgia",9/23/2026,5:00pm,"The Jefferson County varsity softball team has an away non-conference game @  Richmond Academy (Augusta, GA) on Wednesday, September 23 @ 5p.","/ga/softball/game/jefferson-county-louisville-vs-richmond-academy-augusta/9-23-2026/?c=9a9f1a75-e2dc-4805-adf2-5cdfcbc6d882","https://www.maxpreps.com/ga/softball/game/jefferson-county-louisville-vs-richmond-academy-augusta/9-23-2026/?c=9a9f1a75-e2dc-4805-adf2-5cdfcbc6d882","/softball/ga/15c5?9/23/2026","Warriors","Musketeers","https://www.maxpreps.com/ga/jefferson-county-louisville/boys-softball/","https://www.maxpreps.com/ga/richmond-academy-augusta/boys-softball/","https://hsfootball.net/proxy.php?url=https%3A%2F%2Fimage.maxpreps.io%2Fschool-mascot%2F2%2F8%2F1%2F281c89ce-4591-46d5-aa20-620b82e7b732.gif%3Fversion%3D639132504082419910%26amp%3Bwidth%3D128%26amp%3Bheight%3D128%26amp%3Bauto%3Dwebp%26amp%3Bformat%3Dpjpg","https://hsfootball.net/proxy.php?url=https%3A%2F%2Fimage.maxpreps.io%2Fschool-mascot%2Fb%2Fd%2F6%2Fbd63d5ed-3a33-4ca4-97cd-3f26c5187578.gif%3Fversion%3D638731313150070710%26amp%3Bwidth%3D128%26amp%3Bheight%3D128%26amp%3Bauto%3Dwebp%26amp%3Bformat%3Dpjpg"
21,"Rockdale County vs Lithonia",Boys Softball,"Georgia",9/23/2026,5:30pm,"The Rockdale County varsity softball team has an away non-conference game @  Lithonia (GA) on Wednesday, September 23 @ 5:30p.","/ga/softball/game/lithonia-vs-rockdale-county-conyers/9-23-2026/?c=3c41a4fe-4085-47aa-9cc7-b0611f61eae9","https://www.maxpreps.com/ga/softball/game/lithonia-vs-rockdale-county-conyers/9-23-2026/?c=3c41a4fe-4085-47aa-9cc7-b0611f61eae9","/softball/ga/ddf?9/23/2026","Bulldogs","Bulldogs","https://www.maxpreps.com/ga/lithonia/boys-softball/","https://www.maxpreps.com/ga/rockdale-county-conyers/boys-softball/","https://hsfootball.net/proxy.php?url=https%3A%2F%2Fimage.maxpreps.io%2Fschool-mascot%2F5%2F0%2F2%2F5020fee1-5344-4884-8d30-1b04617b0725.gif%3Fversion%3D638779690561406820%26amp%3Bwidth%3D128%26amp%3Bheight%3D128%26amp%3Bauto%3Dwebp%26amp%3Bformat%3Dpjpg","https://hsfootball.net/proxy.php?url=https%3A%2F%2Fimage.maxpreps.io%2Fschool-mascot%2F3%2F2%2F8%2F328d0115-e5d8-47cf-abcc-f108268bd426.gif%3Fversion%3D639126198376433110%26amp%3Bwidth%3D128%26amp%3Bheight%3D128%26amp%3Bauto%3Dwebp%26amp%3Bformat%3Dpjpg"
22,"Telfair County vs Bleckley County",Boys Softball,"Georgia",9/23/2026,5:30pm,"The Telfair County varsity softball team has an away non-conference game @  Bleckley County (Cochran, GA) on Wednesday, September 23 @ 5:30p.","/ga/softball/game/bleckley-county-cochran-vs-telfair-county-mcrae/9-23-2026/?c=249ad01e-91c8-42d4-9212-820c609f8788","https://www.maxpreps.com/ga/softball/game/bleckley-county-cochran-vs-telfair-county-mcrae/9-23-2026/?c=249ad01e-91c8-42d4-9212-820c609f8788","/softball/ga/1253?9/23/2026","Trojans","Royals","https://www.maxpreps.com/ga/bleckley-county-cochran/boys-softball/","https://www.maxpreps.com/ga/telfair-county-mcrae/boys-softball/","https://hsfootball.net/proxy.php?url=https%3A%2F%2Fimage.maxpreps.io%2Fschool-mascot%2F7%2F3%2F8%2F7380c108-0751-4920-9306-2588116acf80.gif%3Fversion%3D639134131119074510%26amp%3Bwidth%3D128%26amp%3Bheight%3D128%26amp%3Bauto%3Dwebp%26amp%3Bformat%3Dpjpg","https://hsfootball.net/proxy.php?url=https%3A%2F%2Fimage.maxpreps.io%2Fschool-mascot%2Fd%2F9%2F6%2Fd96091be-1837-47f5-9bb4-d670793cfc36.gif%3Fversion%3D636700885800000000%26amp%3Bwidth%3D128%26amp%3Bheight%3D128%26amp%3Bauto%3Dwebp%26amp%3Bformat%3Dpjpg"
23,"Putnam County vs Oglethorpe County",Boys Softball,"Georgia",9/23/2026,5:30pm,"The Putnam County varsity softball team has an away non-conference game @  Oglethorpe County (Lexington, GA) on Wednesday, September 23 @ 5:30p.","/ga/softball/game/oglethorpe-county-lexington-vs-putnam-county-eatonton/9-23-2026/?c=3bcf7eb5-1fc5-445b-8b36-a25dbe3ff87e","https://www.maxpreps.com/ga/softball/game/oglethorpe-county-lexington-vs-putnam-county-eatonton/9-23-2026/?c=3bcf7eb5-1fc5-445b-8b36-a25dbe3ff87e","/softball/ga/1549?9/23/2026","War Eagles","Patriots","https://www.maxpreps.com/ga/oglethorpe-county-lexington/boys-softball/","https://www.maxpreps.com/ga/putnam-county-eatonton/boys-softball/","https://hsfootball.net/proxy.php?url=https%3A%2F%2Fimage.maxpreps.io%2Fschool-mascot%2F9%2F7%2F3%2F973ac72c-51f2-4d68-b8fe-9a5dd621de53.gif%3Fversion%3D639179658355479240%26amp%3Bwidth%3D128%26amp%3Bheight%3D128%26amp%3Bauto%3Dwebp%26amp%3Bformat%3Dpjpg","https://hsfootball.net/proxy.php?url=https%3A%2F%2Fimage.maxpreps.io%2Fschool-mascot%2F8%2F2%2Fb%2F82b9da18-3bdc-4aa5-8be1-0c02a53e4a76.gif%3Fversion%3D639179658387090520%26amp%3Bwidth%3D128%26amp%3Bheight%3D128%26amp%3Bauto%3Dwebp%26amp%3Bformat%3Dpjpg"
24,"Taylor County vs Lamar County",Boys Softball,"Georgia",9/23/2026,5:30pm,"The Taylor County varsity softball team has an away non-conference game @  Lamar County (Barnesville, GA) on Wednesday, September 23 @ 5:30p.","/ga/softball/game/lamar-county-barnesville-vs-taylor-county-butler/9-23-2026/?c=16c789e4-e695-4abd-9754-a716430178e0","https://www.maxpreps.com/ga/softball/game/lamar-county-barnesville-vs-taylor-county-butler/9-23-2026/?c=16c789e4-e695-4abd-9754-a716430178e0","/softball/ga/1308?9/23/2026","Vikings","Trojans","https://www.maxpreps.com/ga/lamar-county-barnesville/boys-softball/","https://www.maxpreps.com/ga/taylor-county-butler/boys-softball/","https://hsfootball.net/proxy.php?url=https%3A%2F%2Fimage.maxpreps.io%2Fschool-mascot%2F4%2Fb%2F7%2F4b723e55-2e7e-487e-a277-8711f1e1fc9e.gif%3Fversion%3D639178400972825300%26amp%3Bwidth%3D128%26amp%3Bheight%3D128%26amp%3Bauto%3Dwebp%26amp%3Bformat%3Dpjpg","https://hsfootball.net/proxy.php?url=https%3A%2F%2Fimage.maxpreps.io%2Fschool-mascot%2Fb%2F6%2F8%2Fb6857b5a-e78d-4e3c-a0f2-843ebb099314.gif%3Fversion%3D638681212784581290%26amp%3Bwidth%3D128%26amp%3Bheight%3D128%26amp%3Bauto%3Dwebp%26amp%3Bformat%3Dpjpg"
25,"Manchester vs Bowdon",Boys Softball,"Georgia",9/23/2026,5:30pm,"The Manchester varsity softball team has an away conference game @  Bowdon (GA) on Wednesday, September 23 @ 5:30p.","/ga/softball/game/bowdon-vs-manchester/9-23-2026/?c=20d8eeb3-8218-4631-92f1-dfb8c3a19603","https://www.maxpreps.com/ga/softball/game/bowdon-vs-manchester/9-23-2026/?c=20d8eeb3-8218-4631-92f1-dfb8c3a19603","/softball/ga/7f6?9/23/2026","Blue Devils","Red Devils","https://www.maxpreps.com/ga/bowdon/boys-softball/","https://www.maxpreps.com/ga/manchester/boys-softball/","https://hsfootball.net/proxy.php?url=https%3A%2F%2Fimage.maxpreps.io%2Fschool-mascot%2Fb%2F9%2F7%2Fb976380b-5e87-44a1-ab2f-1188b0c9dae9.gif%3Fversion%3D638645941457543290%26amp%3Bwidth%3D128%26amp%3Bheight%3D128%26amp%3Bauto%3Dwebp%26amp%3Bformat%3Dpjpg","https://hsfootball.net/proxy.php?url=https%3A%2F%2Fimage.maxpreps.io%2Fschool-mascot%2F7%2F3%2F0%2F7309d87e-742e-4b74-93c2-b47b240e133d.gif%3Fversion%3D639128739338769470%26amp%3Bwidth%3D128%26amp%3Bheight%3D128%26amp%3Bauto%3Dwebp%26amp%3Bformat%3Dpjpg"
26,"McIntosh vs Upson-Lee",Boys Softball,"Georgia",9/23/2026,5:30pm,"The McIntosh varsity softball team has an away non-conference game @  Upson-Lee (Thomaston, GA) on Wednesday, September 23 @ 5:30p.","/ga/softball/game/mcintosh-peachtree-city-vs-upson-lee-thomaston/9-23-2026/?c=a2a6b91b-dd7e-4d5a-acba-69e0faaca2cb","https://www.maxpreps.com/ga/softball/game/mcintosh-peachtree-city-vs-upson-lee-thomaston/9-23-2026/?c=a2a6b91b-dd7e-4d5a-acba-69e0faaca2cb","/softball/ga/120e?9/23/2026","Chiefs","Knights","https://www.maxpreps.com/ga/mcintosh-peachtree-city/boys-softball/","https://www.maxpreps.com/ga/upson-lee-thomaston/boys-softball/","https://hsfootball.net/proxy.php?url=https%3A%2F%2Fimage.maxpreps.io%2Fschool-mascot%2F9%2F2%2F0%2F9209e7f4-47f4-4bf5-8ecc-cd9e2cf24d6a.gif%3Fversion%3D639129576261103190%26amp%3Bwidth%3D128%26amp%3Bheight%3D128%26amp%3Bauto%3Dwebp%26amp%3Bformat%3Dpjpg","https://hsfootball.net/proxy.php?url=https%3A%2F%2Fimage.maxpreps.io%2Fschool-mascot%2Fa%2F4%2F7%2Fa472928c-b3f6-42cb-a173-bb7d06edd0b6.gif%3Fversion%3D639188602604044670%26amp%3Bwidth%3D128%26amp%3Bheight%3D128%26amp%3Bauto%3Dwebp%26amp%3Bformat%3Dpjpg"
27,"Lincoln County vs Hephzibah",Boys Softball,"Georgia",9/23/2026,5:30pm,"The Lincoln County varsity softball team has an away non-conference game @  Hephzibah (GA) on Wednesday, September 23 @ 5:30p.","/ga/softball/game/hephzibah-vs-lincoln-county-lincolnton/9-23-2026/?c=db423017-61b4-4145-9728-d5bc0ab9ec81","https://www.maxpreps.com/ga/softball/game/hephzibah-vs-lincoln-county-lincolnton/9-23-2026/?c=db423017-61b4-4145-9728-d5bc0ab9ec81","/softball/ga/f21?9/23/2026","Red Devils","Rebels","https://www.maxpreps.com/ga/hephzibah/boys-softball/","https://www.maxpreps.com/ga/lincoln-county-lincolnton/boys-softball/","https://hsfootball.net/proxy.php?url=https%3A%2F%2Fimage.maxpreps.io%2Fschool-mascot%2F9%2F1%2Fc%2F91cf39f6-7342-4d0b-8479-7d51dd881d5c.gif%3Fversion%3D638742694985783080%26amp%3Bwidth%3D128%26amp%3Bheight%3D128%26amp%3Bauto%3Dwebp%26amp%3Bformat%3Dpjpg","https://hsfootball.net/proxy.php?url=https%3A%2F%2Fimage.maxpreps.io%2Fschool-mascot%2Fe%2F8%2Fd%2Fe8d2a608-579b-4006-b699-f46b6acc3608.gif%3Fversion%3D639179658518902480%26amp%3Bwidth%3D128%26amp%3Bheight%3D128%26amp%3Bauto%3Dwebp%26amp%3Bformat%3Dpjpg"
28,"Columbia vs Miller Grove",Boys Softball,"Georgia",9/23/2026,5:30pm,"The Columbia varsity softball team has an away conference game @  Miller Grove (Lithonia, GA) on Wednesday, September 23 @ 5:30p.","/ga/softball/game/columbia-decatur-vs-miller-grove-lithonia/9-23-2026/?c=fbd7cdd4-9bf1-4b06-8102-ab6a70e3e820","https://www.maxpreps.com/ga/softball/game/columbia-decatur-vs-miller-grove-lithonia/9-23-2026/?c=fbd7cdd4-9bf1-4b06-8102-ab6a70e3e820","/softball/ga/ffe?9/23/2026","Eagles","Wolverines","https://www.maxpreps.com/ga/columbia-decatur/boys-softball/","https://www.maxpreps.com/ga/miller-grove-lithonia/boys-softball/","https://hsfootball.net/proxy.php?url=https%3A%2F%2Fimage.maxpreps.io%2Fschool-mascot%2Fb%2F1%2F6%2Fb16b592d-1dc3-4bf7-b8df-1806cc40fbe5.gif%3Fversion%3D633910170600000000%26amp%3Bwidth%3D128%26amp%3Bheight%3D128%26amp%3Bauto%3Dwebp%26amp%3Bformat%3Dpjpg","https://hsfootball.net/proxy.php?url=https%3A%2F%2Fimage.maxpreps.io%2Fschool-mascot%2Fa%2F4%2F5%2Fa454aeed-206d-45f7-8aa1-5fcc185f9dbd.gif%3Fversion%3D639134131043540920%26amp%3Bwidth%3D128%26amp%3Bheight%3D128%26amp%3Bauto%3Dwebp%26amp%3Bformat%3Dpjpg"
29,"Commerce vs Jasper County",Boys Softball,"Georgia",9/23/2026,5:30pm,"The Commerce varsity softball team has an away non-conference game @  Jasper County (Monticello, GA) on Wednesday, September 23 @ 5:30p.","/ga/softball/game/commerce-vs-jasper-county-monticello/9-23-2026/?c=4cf08536-1596-4880-8ddd-d7e730c5bb09","https://www.maxpreps.com/ga/softball/game/commerce-vs-jasper-county-monticello/9-23-2026/?c=4cf08536-1596-4880-8ddd-d7e730c5bb09","/softball/ga/e45?9/23/2026","Tigers","Hurricanes","https://www.maxpreps.com/ga/commerce/boys-softball/","https://www.maxpreps.com/ga/jasper-county-monticello/boys-softball/","https://hsfootball.net/proxy.php?url=https%3A%2F%2Fimage.maxpreps.io%2Fschool-mascot%2F6%2Ff%2F7%2F6f77a858-d9fe-4ab4-aaf4-0e4b884b5679.gif%3Fversion%3D639179251195372520%26amp%3Bwidth%3D128%26amp%3Bheight%3D128%26amp%3Bauto%3Dwebp%26amp%3Bformat%3Dpjpg","https://hsfootball.net/proxy.php?url=https%3A%2F%2Fimage.maxpreps.io%2Fschool-mascot%2Fc%2F7%2F4%2Fc741714b-86d7-43e9-a264-44ee91d89131.gif%3Fversion%3D635303214000000000%26amp%3Bwidth%3D128%26amp%3Bheight%3D128%26amp%3Bauto%3Dwebp%26amp%3Bformat%3Dpjpg"
30,"Redan vs Cedar Grove",Boys Softball,"Georgia",9/23/2026,5:30pm,"The Redan varsity softball team has an away conference game @  Cedar Grove (Ellenwood, GA) on Wednesday, September 23 @ 5:30p.","/ga/softball/game/cedar-grove-ellenwood-vs-redan-stone-mountain/9-23-2026/?c=08b285e1-40ab-4746-8179-6a8709cf3e0b","https://www.maxpreps.com/ga/softball/game/cedar-grove-ellenwood-vs-redan-stone-mountain/9-23-2026/?c=08b285e1-40ab-4746-8179-6a8709cf3e0b","/softball/ga/1180?9/23/2026","Raiders","Saints","https://www.maxpreps.com/ga/cedar-grove-ellenwood/boys-softball/","https://www.maxpreps.com/ga/redan-stone-mountain/boys-softball/","https://hsfootball.net/proxy.php?url=https%3A%2F%2Fimage.maxpreps.io%2Fschool-mascot%2F0%2Fc%2F3%2F0c319af1-7b70-44ef-87fc-d0e090f30f76.gif%3Fversion%3D638685072587636920%26amp%3Bwidth%3D128%26amp%3Bheight%3D128%26amp%3Bauto%3Dwebp%26amp%3Bformat%3Dpjpg","https://hsfootball.net/proxy.php?url=https%3A%2F%2Fimage.maxpreps.io%2Fschool-mascot%2F9%2F0%2F5%2F9057865e-82c0-4da7-a775-d3f219e37794.gif%3Fversion%3D639188602833371580%26amp%3Bwidth%3D128%26amp%3Bheight%3D128%26amp%3Bauto%3Dwebp%26amp%3Bformat%3Dpjpg"
31,"Northside vs Warner Robins",Boys Softball,"Georgia",9/23/2026,5:30pm,"The Northside varsity softball team has an away non-conference game @  Warner Robins (GA) on Wednesday, September 23 @ 5:30p.","/ga/softball/game/northside-warner-robins-vs-warner-robins/9-23-2026/?c=cba4dc13-4462-4b5c-b0ef-2c1e53b79e7b","https://www.maxpreps.com/ga/softball/game/northside-warner-robins-vs-warner-robins/9-23-2026/?c=cba4dc13-4462-4b5c-b0ef-2c1e53b79e7b","/softball/ga/fd2?9/23/2026","Eagles","Demons","https://www.maxpreps.com/ga/northside-warner-robins/boys-softball/","https://www.maxpreps.com/ga/warner-robins/boys-softball/","https://hsfootball.net/proxy.php?url=https%3A%2F%2Fimage.maxpreps.io%2Fschool-mascot%2Fd%2F3%2F2%2Fd323dc2c-7c2d-4664-8f80-0d3f76c10162.gif%3Fversion%3D637856051400000000%26amp%3Bwidth%3D128%26amp%3Bheight%3D128%26amp%3Bauto%3Dwebp%26amp%3Bformat%3Dpjpg","https://hsfootball.net/proxy.php?url=https%3A%2F%2Fimage.maxpreps.io%2Fschool-mascot%2Fd%2F0%2F5%2Fd0534032-a520-465e-8a2f-868f665c22a3.gif%3Fversion%3D639129168539279150%26amp%3Bwidth%3D128%26amp%3Bheight%3D128%26amp%3Bauto%3Dwebp%26amp%3Bformat%3Dpjpg"
32,"Mt. Zion vs Jonesboro",Boys Softball,"Georgia",9/23/2026,5:30pm,"The Mt. Zion varsity softball team has an away non-conference game @  Jonesboro (GA) on Wednesday, September 23 @ 5:30p.","/ga/softball/game/jonesboro-vs-mt-zion-jonesboro/9-23-2026/?c=c1123a84-f5aa-4a84-87ab-eb21b79c0014","https://www.maxpreps.com/ga/softball/game/jonesboro-vs-mt-zion-jonesboro/9-23-2026/?c=c1123a84-f5aa-4a84-87ab-eb21b79c0014","/softball/ga/be0?9/23/2026","Bulldogs","Cardinals","https://www.maxpreps.com/ga/jonesboro/boys-softball/","https://www.maxpreps.com/ga/mt-zion-jonesboro/boys-softball/","https://hsfootball.net/proxy.php?url=https%3A%2F%2Fimage.maxpreps.io%2Fschool-mascot%2Fc%2Fc%2Fc%2Fccc881bb-f3e2-4ad9-9b82-1347ddd41aae.gif%3Fversion%3D639188602743539530%26amp%3Bwidth%3D128%26amp%3Bheight%3D128%26amp%3Bauto%3Dwebp%26amp%3Bformat%3Dpjpg","https://hsfootball.net/proxy.php?url=https%3A%2F%2Fimage.maxpreps.io%2Fschool-mascot%2F4%2F6%2F7%2F46765488-1d71-4df6-97ff-c0de1caa7cf4.gif%3Fversion%3D637816321800000000%26amp%3Bwidth%3D128%26amp%3Bheight%3D128%26amp%3Bauto%3Dwebp%26amp%3Bformat%3Dpjpg"
33,"Spalding vs Crawford County",Boys Softball,"Georgia",9/23/2026,5:30pm,"The Spalding varsity softball team has an away non-conference game @  Crawford County (Roberta, GA) on Wednesday, September 23 @ 5:30p.","/ga/softball/game/crawford-county-roberta-vs-spalding-griffin/9-23-2026/?c=d6cff362-70ac-4d5c-ab0c-1d2ba0403043","https://www.maxpreps.com/ga/softball/game/crawford-county-roberta-vs-spalding-griffin/9-23-2026/?c=d6cff362-70ac-4d5c-ab0c-1d2ba0403043","/softball/ga/10ea?9/23/2026","Jaguars","Eagles","https://www.maxpreps.com/ga/crawford-county-roberta/boys-softball/","https://www.maxpreps.com/ga/spalding-griffin/boys-softball/","https://hsfootball.net/proxy.php?url=https%3A%2F%2Fimage.maxpreps.io%2Fschool-mascot%2F8%2F0%2Fa%2F80a5b0ba-affb-44e5-a5e5-b73b88d6eace.gif%3Fversion%3D639179658407543310%26amp%3Bwidth%3D128%26amp%3Bheight%3D128%26amp%3Bauto%3Dwebp%26amp%3Bformat%3Dpjpg","https://hsfootball.net/proxy.php?url=https%3A%2F%2Fimage.maxpreps.io%2Fschool-mascot%2F3%2F4%2F4%2F3441597f-b6bd-4ffa-bfc3-9f17af848b53.gif%3Fversion%3D639132504000349560%26amp%3Bwidth%3D128%26amp%3Bheight%3D128%26amp%3Bauto%3Dwebp%26amp%3Bformat%3Dpjpg"
34,"Galloway vs Morrow",Boys Softball,"Georgia",9/23/2026,5:30pm,"The Galloway varsity softball team has an away non-conference game @  Morrow (GA) on Wednesday, September 23 @ 5:30p.","/ga/softball/game/galloway-atlanta-vs-morrow/9-23-2026/?c=111f9a3d-fee0-4cff-90ed-5e7b0250d1f2","https://www.maxpreps.com/ga/softball/game/galloway-atlanta-vs-morrow/9-23-2026/?c=111f9a3d-fee0-4cff-90ed-5e7b0250d1f2","/softball/ga/a5b?9/23/2026","Scots","Mustangs","https://www.maxpreps.com/ga/galloway-atlanta/boys-softball/","https://www.maxpreps.com/ga/morrow/boys-softball/","https://hsfootball.net/proxy.php?url=https%3A%2F%2Fimage.maxpreps.io%2Fschool-mascot%2Fb%2F2%2F5%2Fb25134c6-9a0a-48bb-b87a-2cc630311082.gif%3Fversion%3D639127906913168870%26amp%3Bwidth%3D128%26amp%3Bheight%3D128%26amp%3Bauto%3Dwebp%26amp%3Bformat%3Dpjpg","https://hsfootball.net/proxy.php?url=https%3A%2F%2Fimage.maxpreps.io%2Fschool-mascot%2F1%2F8%2F3%2F1839f8cd-d5a1-49cf-874e-19978c647bbb.gif%3Fversion%3D634873081200000000%26amp%3Bwidth%3D128%26amp%3Bheight%3D128%26amp%3Bauto%3Dwebp%26amp%3Bformat%3Dpjpg"
35,"North Oconee vs Rabun County",Boys Softball,"Georgia",9/23/2026,5:30pm,"The North Oconee varsity softball team has an away non-conference game @  Rabun County (Tiger, GA) on Wednesday, September 23 @ 5:30p.","/ga/softball/game/north-oconee-bogart-vs-rabun-county-tiger/9-23-2026/?c=4c077cf7-e039-495d-b095-89d469db7a2f","https://www.maxpreps.com/ga/softball/game/north-oconee-bogart-vs-rabun-county-tiger/9-23-2026/?c=4c077cf7-e039-495d-b095-89d469db7a2f","/softball/ga/fef?9/23/2026","Titans","Wildcats","https://www.maxpreps.com/ga/north-oconee-bogart/boys-softball/","https://www.maxpreps.com/ga/rabun-county-tiger/boys-softball/","https://hsfootball.net/proxy.php?url=https%3A%2F%2Fimage.maxpreps.io%2Fschool-mascot%2F2%2F6%2F4%2F26435306-46d6-40d0-bd29-2b76356925b5.gif%3Fversion%3D637651652400000000%26amp%3Bwidth%3D128%26amp%3Bheight%3D128%26amp%3Bauto%3Dwebp%26amp%3Bformat%3Dpjpg","https://hsfootball.net/proxy.php?url=https%3A%2F%2Fimage.maxpreps.io%2Fschool-mascot%2F1%2Fc%2F0%2F1c0bb365-c902-417e-8976-56848ad0b882.gif%3Fversion%3D639126208683177360%26amp%3Bwidth%3D128%26amp%3Bheight%3D128%26amp%3Bauto%3Dwebp%26amp%3Bformat%3Dpjpg"
36,"Cedar Shoals vs Central Gwinnett",Boys Softball,"Georgia",9/23/2026,5:30pm,"The Cedar Shoals varsity softball team has an away non-conference game @  Central Gwinnett (Lawrenceville, GA) on Wednesday, September 23 @ 5:30p.","/ga/softball/game/cedar-shoals-athens-vs-central-gwinnett-knights-lawrenceville/9-23-2026/?c=94a454e7-dae3-4669-85bb-2f085fe75977","https://www.maxpreps.com/ga/softball/game/cedar-shoals-athens-vs-central-gwinnett-knights-lawrenceville/9-23-2026/?c=94a454e7-dae3-4669-85bb-2f085fe75977","/softball/ga/17ee?9/23/2026","Jaguars","Black Knights","https://www.maxpreps.com/ga/cedar-shoals-athens/boys-softball/","https://www.maxpreps.com/ga/central-gwinnett-knights-lawrenceville/boys-softball/","https://hsfootball.net/proxy.php?url=https%3A%2F%2Fimage.maxpreps.io%2Fschool-mascot%2F1%2Fb%2Fc%2F1bc4a6f4-3cea-4328-8670-4802a7c054a7.gif%3Fversion%3D638961299119122020%26amp%3Bwidth%3D128%26amp%3Bheight%3D128%26amp%3Bauto%3Dwebp%26amp%3Bformat%3Dpjpg","https://hsfootball.net/proxy.php?url=https%3A%2F%2Fimage.maxpreps.io%2Fschool-mascot%2Fa%2F3%2F5%2Fa35f4106-31a9-4603-b5f6-b9d649346eff.gif%3Fversion%3D635799769200000000%26amp%3Bwidth%3D128%26amp%3Bheight%3D128%26amp%3Bauto%3Dwebp%26amp%3Bformat%3Dpjpg"
37,"Barrow Arts and Sciences Academy vs Newton",Boys Softball,"Georgia",9/23/2026,5:30pm,"The Barrow Arts and Sciences Academy varsity softball team has an away non-conference game @  Newton (Covington, GA) on Wednesday, September 23 @ 5:30p.","/ga/softball/game/barrow-arts-and-sciences-academy-winder-vs-newton-covington/9-23-2026/?c=965fecf0-ef85-4ce1-b74c-264373c6aab4","https://www.maxpreps.com/ga/softball/game/barrow-arts-and-sciences-academy-winder-vs-newton-covington/9-23-2026/?c=965fecf0-ef85-4ce1-b74c-264373c6aab4","/softball/ga/16e7?9/23/2026","Blazers","Rams","https://www.maxpreps.com/ga/barrow-arts-and-sciences-academy-winder/boys-softball/","https://www.maxpreps.com/ga/newton-covington/boys-softball/","https://hsfootball.net/proxy.php?url=https%3A%2F%2Fimage.maxpreps.io%2Fschool-mascot%2F3%2F7%2Ff%2F37f9631d-4bab-4b5a-aa0b-1e23469da773.gif%3Fversion%3D637856074200000000%26amp%3Bwidth%3D128%26amp%3Bheight%3D128%26amp%3Bauto%3Dwebp%26amp%3Bformat%3Dpjpg","https://hsfootball.net/proxy.php?url=https%3A%2F%2Fimage.maxpreps.io%2Fschool-mascot%2Fd%2F0%2F7%2Fd07bd2a4-115f-40fc-852f-612c908497eb.gif%3Fversion%3D635513055600000000%26amp%3Bwidth%3D128%26amp%3Bheight%3D128%26amp%3Bauto%3Dwebp%26amp%3Bformat%3Dpjpg"
38,"Midtown vs Shiloh",Boys Softball,"Georgia",9/23/2026,5:30pm,"The Midtown varsity softball team has an away conference game @  Shiloh (Snellville, GA) on Wednesday, September 23 @ 5:30p.","/ga/softball/game/midtown-atlanta-vs-shiloh-snellville/9-23-2026/?c=ecd7fd49-a2a4-4641-974b-906aabe14447","https://www.maxpreps.com/ga/softball/game/midtown-atlanta-vs-shiloh-snellville/9-23-2026/?c=ecd7fd49-a2a4-4641-974b-906aabe14447","/softball/ga/e45?9/23/2026","Knights","Generals","https://www.maxpreps.com/ga/midtown-atlanta/boys-softball/","https://www.maxpreps.com/ga/shiloh-snellville/boys-softball/","https://hsfootball.net/proxy.php?url=https%3A%2F%2Fimage.maxpreps.io%2Fschool-mascot%2F1%2Fd%2Fb%2F1db16208-7051-440f-845c-de618617f520.gif%3Fversion%3D638779673366573870%26amp%3Bwidth%3D128%26amp%3Bheight%3D128%26amp%3Bauto%3Dwebp%26amp%3Bformat%3Dpjpg","https://hsfootball.net/proxy.php?url=https%3A%2F%2Fimage.maxpreps.io%2Fschool-mascot%2F5%2Fc%2Fe%2F5ced43a2-3f4f-4ca4-923a-1bfb5f941713.gif%3Fversion%3D635826574800000000%26amp%3Bwidth%3D128%26amp%3Bheight%3D128%26amp%3Bauto%3Dwebp%26amp%3Bformat%3Dpjpg"
39,"Worth County vs Berrien",Boys Softball,"Georgia",9/23/2026,5:30pm,"The Worth County varsity softball team has an away non-conference game @  Berrien (Nashville, GA) on Wednesday, September 23 @ 5:30p.","/ga/softball/game/berrien-nashville-vs-worth-county-sylvester/9-23-2026/?c=5cf57fd5-26a4-4ece-bbe0-ffa33b27d77d","https://www.maxpreps.com/ga/softball/game/berrien-nashville-vs-worth-county-sylvester/9-23-2026/?c=5cf57fd5-26a4-4ece-bbe0-ffa33b27d77d","/softball/ga/113e?9/23/2026","Rams","Rebels","https://www.maxpreps.com/ga/berrien-nashville/boys-softball/","https://www.maxpreps.com/ga/worth-county-sylvester/boys-softball/","https://hsfootball.net/proxy.php?url=https%3A%2F%2Fimage.maxpreps.io%2Fschool-mascot%2F3%2F1%2F8%2F31850ec2-e320-43a3-a10f-47ff7e2ee7de.gif%3Fversion%3D636595548000000000%26amp%3Bwidth%3D128%26amp%3Bheight%3D128%26amp%3Bauto%3Dwebp%26amp%3Bformat%3Dpjpg","https://hsfootball.net/proxy.php?url=https%3A%2F%2Fimage.maxpreps.io%2Fschool-mascot%2F4%2Fb%2F9%2F4b9a4fe8-f341-4c89-abe6-29d1e33cebae.gif%3Fversion%3D639180161685392210%26amp%3Bwidth%3D128%26amp%3Bheight%3D128%26amp%3Bauto%3Dwebp%26amp%3Bformat%3Dpjpg"
40,"East Coweta vs Jackson",Boys Softball,"Georgia",9/23/2026,5:30pm,"The East Coweta varsity softball team has an away non-conference game @  Jackson (GA) on Wednesday, September 23 @ 5:30p.","/ga/softball/game/east-coweta-sharpsburg-vs-jackson/9-23-2026/?c=502b67b2-b27e-4304-adf3-e6e692c6a167","https://www.maxpreps.com/ga/softball/game/east-coweta-sharpsburg-vs-jackson/9-23-2026/?c=502b67b2-b27e-4304-adf3-e6e692c6a167","/softball/ga/cf7?9/23/2026","Indians","Red Devils","https://www.maxpreps.com/ga/east-coweta-sharpsburg/boys-softball/","https://www.maxpreps.com/ga/jackson/boys-softball/","https://hsfootball.net/proxy.php?url=https%3A%2F%2Fimage.maxpreps.io%2Fschool-mascot%2F2%2F1%2Fa%2F21adb76d-a477-4d4a-8ae3-d59f9d3baaab.gif%3Fversion%3D637856065800000000%26amp%3Bwidth%3D128%26amp%3Bheight%3D128%26amp%3Bauto%3Dwebp%26amp%3Bformat%3Dpjpg","https://hsfootball.net/proxy.php?url=https%3A%2F%2Fimage.maxpreps.io%2Fschool-mascot%2Fa%2Ff%2Fd%2Fafdb2b07-2248-40f6-998b-2f92ba5f504e.gif%3Fversion%3D638757262948047240%26amp%3Bwidth%3D128%26amp%3Bheight%3D128%26amp%3Bauto%3Dwebp%26amp%3Bformat%3Dpjpg"
41,"Fitzgerald vs Valdosta",Boys Softball,"Georgia",9/23/2026,5:30pm,"The Fitzgerald varsity softball team has an away non-conference game @  Valdosta (GA) on Wednesday, September 23 @ 5:30p.","/ga/softball/game/fitzgerald-vs-valdosta/9-23-2026/?c=7ed56302-d9a4-437d-abfb-4f2e5cc06979","https://www.maxpreps.com/ga/softball/game/fitzgerald-vs-valdosta/9-23-2026/?c=7ed56302-d9a4-437d-abfb-4f2e5cc06979","/softball/ga/8cd?9/23/2026","Hurricane","Wildcats","https://www.maxpreps.com/ga/fitzgerald/boys-softball/","https://www.maxpreps.com/ga/valdosta/boys-softball/","https://hsfootball.net/proxy.php?url=https%3A%2F%2Fimage.maxpreps.io%2Fschool-mascot%2F6%2Fc%2F7%2F6c70d859-1343-4c8d-a93a-176bc0ca4325.gif%3Fversion%3D639106504815008260%26amp%3Bwidth%3D128%26amp%3Bheight%3D128%26amp%3Bauto%3Dwebp%26amp%3Bformat%3Dpjpg","https://hsfootball.net/proxy.php?url=https%3A%2F%2Fimage.maxpreps.io%2Fschool-mascot%2F3%2F4%2F3%2F34394634-0bb0-41ca-84e5-c7b5f49d0072.gif%3Fversion%3D639183171835888400%26amp%3Bwidth%3D128%26amp%3Bheight%3D128%26amp%3Bauto%3Dwebp%26amp%3Bformat%3Dpjpg"
42,"Thomasville vs Pelham",Boys Softball,"Georgia",9/23/2026,6:00pm,"The Thomasville varsity softball team has an away non-conference game @  Pelham (GA) on Wednesday, September 23 @ 6p.","/ga/softball/game/pelham-vs-thomasville/9-23-2026/?c=cb1b0d3e-51a3-4c38-9de7-24ab911332ee","https://www.maxpreps.com/ga/softball/game/pelham-vs-thomasville/9-23-2026/?c=cb1b0d3e-51a3-4c38-9de7-24ab911332ee","/softball/ga/862?9/23/2026","Bulldogs","Hornets","https://www.maxpreps.com/ga/pelham/boys-softball/","https://www.maxpreps.com/ga/thomasville/boys-softball/","https://hsfootball.net/proxy.php?url=https%3A%2F%2Fimage.maxpreps.io%2Fschool-mascot%2Ff%2F5%2Fb%2Ff5b39d8f-b944-4b2a-b597-0851b9c1d852.gif%3Fversion%3D638621716413442070%26amp%3Bwidth%3D128%26amp%3Bheight%3D128%26amp%3Bauto%3Dwebp%26amp%3Bformat%3Dpjpg","https://hsfootball.net/proxy.php?url=https%3A%2F%2Fimage.maxpreps.io%2Fschool-mascot%2Ff%2F6%2Fd%2Ff6d6fe23-7d0a-4897-9c26-a773aa7a214f.gif%3Fversion%3D639132244424027970%26amp%3Bwidth%3D128%26amp%3Bheight%3D128%26amp%3Bauto%3Dwebp%26amp%3Bformat%3Dpjpg"
43,"First Preparatory Christian Academy vs Bradwell Institute",Boys Softball,"Georgia",9/23/2026,6:00pm,"The First Preparatory Christian Academy varsity softball team has an away non-conference game @  Bradwell Institute (Hinesville, GA) on Wednesday, September 23 @ 6p.","/ga/softball/game/bradwell-institute-hinesville-vs-first-preparatory-christian-academy-hinesville/9-23-2026/?c=ae6b944e-7dce-4077-91fb-e84f1f290093","https://www.maxpreps.com/ga/softball/game/bradwell-institute-hinesville-vs-first-preparatory-christian-academy-hinesville/9-23-2026/?c=ae6b944e-7dce-4077-91fb-e84f1f290093","/softball/ga/1f67?9/23/2026","Highlanders","Tigers","https://www.maxpreps.com/ga/bradwell-institute-hinesville/boys-softball/","https://www.maxpreps.com/ga/first-preparatory-christian-academy-hinesville/boys-softball/","https://hsfootball.net/proxy.php?url=https%3A%2F%2Fimage.maxpreps.io%2Fschool-mascot%2Fe%2F5%2F6%2Fe564dd67-1e6d-4d4f-b481-d07932105fba.gif%3Fversion%3D638737341250966090%26amp%3Bwidth%3D128%26amp%3Bheight%3D128%26amp%3Bauto%3Dwebp%26amp%3Bformat%3Dpjpg","https://hsfootball.net/proxy.php?url=https%3A%2F%2Fimage.maxpreps.io%2Fschool-mascot%2Fb%2F1%2F3%2Fb1363aad-d0ae-44bd-b892-13e1a0a85886.gif%3Fversion%3D639197980095454410%26amp%3Bwidth%3D128%26amp%3Bheight%3D128%26amp%3Bauto%3Dwebp%26amp%3Bformat%3Dpjpg"
44,"North Forsyth vs Lambert",Boys Softball,"Georgia",9/23/2026,6:00pm,"The North Forsyth varsity softball team has an away conference game @  Lambert (Suwanee, GA) on Wednesday, September 23 @ 6p.","/ga/softball/game/lambert-suwanee-vs-north-forsyth-cumming/9-23-2026/?c=0d2f304a-26f6-49d0-9145-f501dfdd71d4","https://www.maxpreps.com/ga/softball/game/lambert-suwanee-vs-north-forsyth-cumming/9-23-2026/?c=0d2f304a-26f6-49d0-9145-f501dfdd71d4","/softball/ga/fd3?9/23/2026","Raiders","Longhorns","https://www.maxpreps.com/ga/lambert-suwanee/boys-softball/","https://www.maxpreps.com/ga/north-forsyth-cumming/boys-softball/","https://hsfootball.net/proxy.php?url=https%3A%2F%2Fimage.maxpreps.io%2Fschool-mascot%2Fb%2Fc%2F5%2Fbc5aae2e-2ae6-47a3-bd42-dde4f2749853.gif%3Fversion%3D639134131025512340%26amp%3Bwidth%3D128%26amp%3Bheight%3D128%26amp%3Bauto%3Dwebp%26amp%3Bformat%3Dpjpg","https://hsfootball.net/proxy.php?url=https%3A%2F%2Fimage.maxpreps.io%2Fschool-mascot%2Fe%2F6%2F6%2Fe6666d93-91b4-48bd-a850-f95734fee7c7.gif%3Fversion%3D637240096200000000%26amp%3Bwidth%3D128%26amp%3Bheight%3D128%26amp%3Bauto%3Dwebp%26amp%3Bformat%3Dpjpg"
45,"Eastside vs Dacula",Boys Softball,"Georgia",9/23/2026,6:00pm,"The Eastside varsity softball team has an away non-conference game @  Dacula (GA) on Wednesday, September 23 @ 6p.","/ga/softball/game/dacula-vs-eastside-covington/9-23-2026/?c=8f749095-2091-446b-957e-504260955761","https://www.maxpreps.com/ga/softball/game/dacula-vs-eastside-covington/9-23-2026/?c=8f749095-2091-446b-957e-504260955761","/softball/ga/b03?9/23/2026","Eagles","Falcons","https://www.maxpreps.com/ga/dacula/boys-softball/","https://www.maxpreps.com/ga/eastside-covington/boys-softball/","https://hsfootball.net/proxy.php?url=https%3A%2F%2Fimage.maxpreps.io%2Fschool-mascot%2F2%2Fd%2F2%2F2d232e8f-2033-4e14-a847-79b3e5f1ed04.gif%3Fversion%3D639127247785539870%26amp%3Bwidth%3D128%26amp%3Bheight%3D128%26amp%3Bauto%3Dwebp%26amp%3Bformat%3Dpjpg","https://hsfootball.net/proxy.php?url=https%3A%2F%2Fimage.maxpreps.io%2Fschool-mascot%2F1%2F1%2F5%2F115dd2c6-7851-4c40-a73f-d1abd9647c51.gif%3Fversion%3D639129576270457780%26amp%3Bwidth%3D128%26amp%3Bheight%3D128%26amp%3Bauto%3Dwebp%26amp%3Bformat%3Dpjpg"
46,"Pike County Zebulon vs Whitewater Fayetteville",Boys Softball,"Georgia",9/23/2026,TBD,"The Whitewater Fayetteville varsity softball team has a game @ Pike County Zebulon (Georgia).","/ga/softball/game/pike-county-zebulon-vs-whitewater-fayetteville/9-23-2026/?c=c074c101-4b87-4c86-aa46-cd135aa2bdcc","https://www.maxpreps.com/ga/softball/game/pike-county-zebulon-vs-whitewater-fayetteville/9-23-2026/?c=c074c101-4b87-4c86-aa46-cd135aa2bdcc","/softball/ga/1266?9/23/2026","Zebulon","Fayetteville","https://www.maxpreps.com/ga/pike-county-zebulon/boys-softball/","https://www.maxpreps.com/ga/whitewater-fayetteville/boys-softball/","",""
47,"Jones County Gray vs Perry",Boys Softball,"Georgia",9/23/2026,TBD,"The Perry varsity softball team has a game @ Jones County Gray (Georgia).","/ga/softball/game/jones-county-gray-vs-perry/9-23-2026/?c=6650307a-f83c-4aa4-8bd1-8420afdd3a0a","https://www.maxpreps.com/ga/softball/game/jones-county-gray-vs-perry/9-23-2026/?c=6650307a-f83c-4aa4-8bd1-8420afdd3a0a","/softball/ga/a43?9/23/2026","Gray","Perry","https://www.maxpreps.com/ga/jones-county-gray/boys-softball/","https://www.maxpreps.com/ga/perry/boys-softball/","",""
48,"Mays Atlanta vs Therrell Atlanta",Boys Softball,"Georgia",9/23/2026,TBD,"The Therrell Atlanta varsity softball team has a game @ Mays Atlanta (Georgia).","/ga/softball/game/mays-atlanta-vs-therrell-atlanta/9-23-2026/?c=72092a8a-03f8-4d57-b904-04a262429133","https://www.maxpreps.com/ga/softball/game/mays-atlanta-vs-therrell-atlanta/9-23-2026/?c=72092a8a-03f8-4d57-b904-04a262429133","/softball/ga/c83?9/23/2026","Atlanta","Atlanta","https://www.maxpreps.com/ga/mays-atlanta/boys-softball/","https://www.maxpreps.com/ga/therrell-atlanta/boys-softball/","",""
49,"Clinch County Homerville vs Lanier County Lakeland",Boys Softball,"Georgia",9/23/2026,TBD,"The Lanier County Lakeland varsity softball team has a game @ Clinch County Homerville (Georgia).","/ga/softball/game/clinch-county-homerville-vs-lanier-county-lakeland/9-23-2026/?c=b3627467-679c-48a1-91ee-53234795b277","https://www.maxpreps.com/ga/softball/game/clinch-county-homerville-vs-lanier-county-lakeland/9-23-2026/?c=b3627467-679c-48a1-91ee-53234795b277","/softball/ga/139a?9/23/2026","Homerville","Lakeland","https://www.maxpreps.com/ga/clinch-county-homerville/boys-softball/","https://www.maxpreps.com/ga/lanier-county-lakeland/boys-softball/","",""
50,"Hebron Christian Dacula vs Oconee County Watkinsville",Boys Softball,"Georgia",9/23/2026,TBD,"The Oconee County Watkinsville varsity softball team has a game @ Hebron Christian Dacula (Georgia).","/ga/softball/game/hebron-christian-dacula-vs-oconee-county-watkinsville/9-23-2026/?c=dd31475a-3817-49db-9f07-3f35648f9eac","https://www.maxpreps.com/ga/softball/game/hebron-christian-dacula-vs-oconee-county-watkinsville/9-23-2026/?c=dd31475a-3817-49db-9f07-3f35648f9eac","/softball/ga/14dc?9/23/2026","Dacula","Watkinsville","https://www.maxpreps.com/ga/hebron-christian-dacula/boys-softball/","https://www.maxpreps.com/ga/oconee-county-watkinsville/boys-softball/","",""
51,"Archer Lawrenceville vs Collins Hill Suwanee",Boys Softball,"Georgia",9/23/2026,TBD,"The Collins Hill Suwanee varsity softball team has a game @ Archer Lawrenceville (Georgia).","/ga/softball/game/archer-lawrenceville-vs-collins-hill-suwanee/9-23-2026/?c=c06c648a-2334-49c2-a56f-dde317db472e","https://www.maxpreps.com/ga/softball/game/archer-lawrenceville-vs-collins-hill-suwanee/9-23-2026/?c=c06c648a-2334-49c2-a56f-dde317db472e","/softball/ga/1141?9/23/2026","Lawrenceville","Suwanee","https://www.maxpreps.com/ga/archer-lawrenceville/boys-softball/","https://www.maxpreps.com/ga/collins-hill-suwanee/boys-softball/","",""
52,"Creekside Fairburn vs Eagles Landing Mcdonough",Boys Softball,"Georgia",9/23/2026,TBD,"The Eagles Landing Mcdonough varsity softball team has a game @ Creekside Fairburn (Georgia).","/ga/softball/game/creekside-fairburn-vs-eagles-landing-mcdonough/9-23-2026/?c=850faf14-6563-404e-aa4f-c8b3e045ddf9","https://www.maxpreps.com/ga/softball/game/creekside-fairburn-vs-eagles-landing-mcdonough/9-23-2026/?c=850faf14-6563-404e-aa4f-c8b3e045ddf9","/softball/ga/11e4?9/23/2026","Fairburn","Mcdonough","https://www.maxpreps.com/ga/creekside-fairburn/boys-softball/","https://www.maxpreps.com/ga/eagles-landing-mcdonough/boys-softball/","",""
53,"Alexander Douglasville vs Marist Atlanta",Boys Softball,"Georgia",9/23/2026,TBD,"The Marist Atlanta varsity softball team has a game @ Alexander Douglasville (Georgia).","/ga/softball/game/alexander-douglasville-vs-marist-atlanta/9-23-2026/?c=f15bfd18-6ac7-4f07-be2c-58db55acbacd","https://www.maxpreps.com/ga/softball/game/alexander-douglasville-vs-marist-atlanta/9-23-2026/?c=f15bfd18-6ac7-4f07-be2c-58db55acbacd","/softball/ga/fd1?9/23/2026","Douglasville","Atlanta","https://www.maxpreps.com/ga/alexander-douglasville/boys-softball/","https://www.maxpreps.com/ga/marist-atlanta/boys-softball/","",""
54,"Forest Park vs Stephenson Stone Mountain",Boys Softball,"Georgia",9/23/2026,TBD,"The Stephenson Stone Mountain varsity softball team has a game @ Forest Park (Georgia).","/ga/softball/game/forest-park-vs-stephenson-stone-mountain/9-23-2026/?c=a70ca2eb-e620-4985-abf9-87552cdb5abb","https://www.maxpreps.com/ga/softball/game/forest-park-vs-stephenson-stone-mountain/9-23-2026/?c=a70ca2eb-e620-4985-abf9-87552cdb5abb","/softball/ga/fe6?9/23/2026","Park","Mountain","https://www.maxpreps.com/ga/forest-park/boys-softball/","https://www.maxpreps.com/ga/stephenson-stone-mountain/boys-softball/","",""
55,"Bulloch Academy Statesboro vs Thomas Jefferson Academy Louisville",Boys Softball,"Georgia",9/23/2026,TBD,"The Thomas Jefferson Academy Louisville varsity softball team has a game @ Bulloch Academy Statesboro (Georgia).","/ga/softball/game/bulloch-academy-statesboro-vs-thomas-jefferson-academy-louisville/9-23-2026/?c=6feba9e5-bb3a-41f3-a73c-ff5f42076938","https://www.maxpreps.com/ga/softball/game/bulloch-academy-statesboro-vs-thomas-jefferson-academy-louisville/9-23-2026/?c=6feba9e5-bb3a-41f3-a73c-ff5f42076938","/softball/ga/1991?9/23/2026","Statesboro","Louisville","https://www.maxpreps.com/ga/bulloch-academy-statesboro/boys-softball/","https://www.maxpreps.com/ga/thomas-jefferson-academy-louisville/boys-softball/","",""
56,"Cherokee Bluff Flowery Branch vs Seckinger Buford",Boys Softball,"Georgia",9/23/2026,TBD,"The Seckinger Buford varsity softball team has a game @ Cherokee Bluff Flowery Branch (Georgia).","/ga/softball/game/cherokee-bluff-flowery-branch-vs-seckinger-buford/9-23-2026/?c=527739fd-ba41-436e-ad63-80957fb53022","https://www.maxpreps.com/ga/softball/game/cherokee-bluff-flowery-branch-vs-seckinger-buford/9-23-2026/?c=527739fd-ba41-436e-ad63-80957fb53022","/softball/ga/12ff?9/23/2026","Branch","Buford","https://www.maxpreps.com/ga/cherokee-bluff-flowery-branch/boys-softball/","https://www.maxpreps.com/ga/seckinger-buford/boys-softball/","",""
57,"Lanier Sugar Hill vs Loganville",Boys Softball,"Georgia",9/23/2026,TBD,"The Loganville varsity softball team has a game @ Lanier Sugar Hill (Georgia).","/ga/softball/game/lanier-sugar-hill-vs-loganville/9-23-2026/?c=ad12d18f-7cc3-47b0-b046-a0dd7fceda61","https://www.maxpreps.com/ga/softball/game/lanier-sugar-hill-vs-loganville/9-23-2026/?c=ad12d18f-7cc3-47b0-b046-a0dd7fceda61","/softball/ga/c10?9/23/2026","Hill","Loganville","https://www.maxpreps.com/ga/lanier-sugar-hill/boys-softball/","https://www.maxpreps.com/ga/loganville/boys-softball/","",""
58,"Apalachee Winder vs Jefferson",Boys Softball,"Georgia",9/23/2026,TBD,"The Jefferson varsity softball team has a game @ Apalachee Winder (Georgia).","/ga/softball/game/apalachee-winder-vs-jefferson/9-23-2026/?c=57107f7d-8a49-48cc-841c-aa5011fb64db","https://www.maxpreps.com/ga/softball/game/apalachee-winder-vs-jefferson/9-23-2026/?c=57107f7d-8a49-48cc-841c-aa5011fb64db","/softball/ga/b4f?9/23/2026","Winder","Jefferson","https://www.maxpreps.com/ga/apalachee-winder/boys-softball/","https://www.maxpreps.com/ga/jefferson/boys-softball/","",""
59,"New Manchester Douglasville vs Sandy Creek Tyrone",Boys Softball,"Georgia",9/23/2026,TBD,"The Sandy Creek Tyrone varsity softball team has a game @ New Manchester Douglasville (Georgia).","/ga/softball/game/new-manchester-douglasville-vs-sandy-creek-tyrone/9-23-2026/?c=edc286f4-8bc7-4912-aa50-863e57118601","https://www.maxpreps.com/ga/softball/game/new-manchester-douglasville-vs-sandy-creek-tyrone/9-23-2026/?c=edc286f4-8bc7-4912-aa50-863e57118601","/softball/ga/1340?9/23/2026","Douglasville","Tyrone","https://www.maxpreps.com/ga/new-manchester-douglasville/boys-softball/","https://www.maxpreps.com/ga/sandy-creek-tyrone/boys-softball/","",""
60,"Newnan vs Starrs Mill Fayetteville",Boys Softball,"Georgia",9/23/2026,TBD,"The Starrs Mill Fayetteville varsity softball team has a game @ Newnan (Georgia).","/ga/softball/game/newnan-vs-starrs-mill-fayetteville/9-23-2026/?c=60971367-250a-4b7a-8a5d-cb74b971d804","https://www.maxpreps.com/ga/softball/game/newnan-vs-starrs-mill-fayetteville/9-23-2026/?c=60971367-250a-4b7a-8a5d-cb74b971d804","/softball/ga/d7f?9/23/2026","Newnan","Fayetteville","https://www.maxpreps.com/ga/newnan/boys-softball/","https://www.maxpreps.com/ga/starrs-mill-fayetteville/boys-softball/","",""
61,"Montgomery County Mt Vernon vs Swainsboro",Boys Softball,"Georgia",9/23/2026,TBD,"The Swainsboro varsity softball team has a game @ Montgomery County Mt Vernon (Georgia).","/ga/softball/game/montgomery-county-mt-vernon-vs-swainsboro/9-23-2026/?c=13c780d7-1060-4b2a-bafd-d63f60a73e18","https://www.maxpreps.com/ga/softball/game/montgomery-county-mt-vernon-vs-swainsboro/9-23-2026/?c=13c780d7-1060-4b2a-bafd-d63f60a73e18","/softball/ga/107d?9/23/2026","Vernon","Swainsboro","https://www.maxpreps.com/ga/montgomery-county-mt-vernon/boys-softball/","https://www.maxpreps.com/ga/swainsboro/boys-softball/","",""
62,"Mcnair Atlanta vs Tri Cities East Point",Boys Softball,"Georgia",9/23/2026,TBD,"The Tri Cities East Point varsity softball team has a game @ Mcnair Atlanta (Georgia).","/ga/softball/game/mcnair-atlanta-vs-tri-cities-east-point/9-23-2026/?c=eef1de91-3126-44fc-8308-5281140683a8","https://www.maxpreps.com/ga/softball/game/mcnair-atlanta-vs-tri-cities-east-point/9-23-2026/?c=eef1de91-3126-44fc-8308-5281140683a8","/softball/ga/efd?9/23/2026","Atlanta","Point","https://www.maxpreps.com/ga/mcnair-atlanta/boys-softball/","https://www.maxpreps.com/ga/tri-cities-east-point/boys-softball/","",""
63,"Arabia Mountain Lithonia vs Tucker",Boys Softball,"Georgia",9/23/2026,TBD,"The Tucker varsity softball team has a game @ Arabia Mountain Lithonia (Georgia).","/ga/softball/game/arabia-mountain-lithonia-vs-tucker/9-23-2026/?c=90a5ffd9-9496-4c6d-b626-655c71c31fef","https://www.maxpreps.com/ga/softball/game/arabia-mountain-lithonia-vs-tucker/9-23-2026/?c=90a5ffd9-9496-4c6d-b626-655c71c31fef","/softball/ga/d4e?9/23/2026","Lithonia","Tucker","https://www.maxpreps.com/ga/arabia-mountain-lithonia/boys-softball/","https://www.maxpreps.com/ga/tucker/boys-softball/","",""
64,"Douglas County Douglasville vs Rome",Boys Softball,"Georgia",9/23/2026,TBD,"The Rome varsity softball team has a game @ Douglas County Douglasville (Georgia).","/ga/softball/game/douglas-county-douglasville-vs-rome/9-23-2026/?c=c36d3100-fc70-4e4e-8f94-0e1b14c21747","https://www.maxpreps.com/ga/softball/game/douglas-county-douglasville-vs-rome/9-23-2026/?c=c36d3100-fc70-4e4e-8f94-0e1b14c21747","/softball/ga/dec?9/23/2026","Douglasville","Rome","https://www.maxpreps.com/ga/douglas-county-douglasville/boys-softball/","https://www.maxpreps.com/ga/rome/boys-softball/","",""
65,"Kipp Atlanta Collegiate vs South Atlanta",Boys Softball,"Georgia",9/23/2026,TBD,"The South Atlanta varsity softball team has a game @ Kipp Atlanta Collegiate (Georgia).","/ga/softball/game/kipp-atlanta-collegiate-vs-south-atlanta/9-23-2026/?c=ccbfdb81-c847-4ca0-b94a-102e933c142e","https://www.maxpreps.com/ga/softball/game/kipp-atlanta-collegiate-vs-south-atlanta/9-23-2026/?c=ccbfdb81-c847-4ca0-b94a-102e933c142e","/softball/ga/f94?9/23/2026","Collegiate","Atlanta","https://www.maxpreps.com/ga/kipp-atlanta-collegiate/boys-softball/","https://www.maxpreps.com/ga/south-atlanta/boys-softball/","",""
1,"Lowndes vs Camden County",Boys Softball,"Georgia",9/24/2026,4:00pm,"The Lowndes varsity softball team has an away conference game @  Camden County (Kingsland, GA) on Thursday, September 24 @ 4p.","/ga/softball/game/camden-county-kingsland-vs-lowndes-valdosta/9-24-2026/?c=385fc395-db96-40fa-b7cd-6d35d170d50d","https://www.maxpreps.com/ga/softball/game/camden-county-kingsland-vs-lowndes-valdosta/9-24-2026/?c=385fc395-db96-40fa-b7cd-6d35d170d50d","/softball/ga/10e9?9/24/2026","Vikings","Wildcats","https://www.maxpreps.com/ga/camden-county-kingsland/boys-softball/","https://www.maxpreps.com/ga/lowndes-valdosta/boys-softball/","https://hsfootball.net/proxy.php?url=https%3A%2F%2Fimage.maxpreps.io%2Fschool-mascot%2Fe%2Fc%2F0%2Fec00d511-6c9c-47c8-92e7-eb4fcc9fc46d.gif%3Fversion%3D639129168590406540%26amp%3Bwidth%3D128%26amp%3Bheight%3D128%26amp%3Bauto%3Dwebp%26amp%3Bformat%3Dpjpg","https://hsfootball.net/proxy.php?url=https%3A%2F%2Fimage.maxpreps.io%2Fschool-mascot%2F3%2Fb%2F6%2F3b6a0f01-78b7-40b6-ad40-447c2588d34f.gif%3Fversion%3D639129168615960400%26amp%3Bwidth%3D128%26amp%3Bheight%3D128%26amp%3Bauto%3Dwebp%26amp%3Bformat%3Dpjpg"
2,"Colquitt County vs Valdosta",Boys Softball,"Georgia",9/24/2026,4:00pm,"The Colquitt County varsity softball team has an away conference game @  Valdosta (GA) on Thursday, September 24 @ 4p.","/ga/softball/game/colquitt-county-norman-park-vs-valdosta/9-24-2026/?c=953e23a1-9760-4dec-8760-7267d9f2bef7","https://www.maxpreps.com/ga/softball/game/colquitt-county-norman-park-vs-valdosta/9-24-2026/?c=953e23a1-9760-4dec-8760-7267d9f2bef7","/softball/ga/f78?9/24/2026","Packers","Wildcats","https://www.maxpreps.com/ga/colquitt-county-norman-park/boys-softball/","https://www.maxpreps.com/ga/valdosta/boys-softball/","https://hsfootball.net/proxy.php?url=https%3A%2F%2Fimage.maxpreps.io%2Fschool-mascot%2Fd%2Fe%2F6%2Fde6f3056-8b06-4f72-8a53-83cd06b87e47.gif%3Fversion%3D639127247862111580%26amp%3Bwidth%3D128%26amp%3Bheight%3D128%26amp%3Bauto%3Dwebp%26amp%3Bformat%3Dpjpg","https://hsfootball.net/proxy.php?url=https%3A%2F%2Fimage.maxpreps.io%2Fschool-mascot%2F3%2F4%2F3%2F34394634-0bb0-41ca-84e5-c7b5f49d0072.gif%3Fversion%3D639183171835888400%26amp%3Bwidth%3D128%26amp%3Bheight%3D128%26amp%3Bauto%3Dwebp%26amp%3Bformat%3Dpjpg"
3,"Glynn Academy vs Grovetown",Boys Softball,"Georgia",9/24/2026,4:00pm,"The Glynn Academy varsity softball team has an away conference game @  Grovetown (GA) on Thursday, September 24 @ 4p.","/ga/softball/game/glynn-academy-brunswick-vs-grovetown/9-24-2026/?c=27744c28-053e-4d27-b5d0-a8ebdc2723d0","https://www.maxpreps.com/ga/softball/game/glynn-academy-brunswick-vs-grovetown/9-24-2026/?c=27744c28-053e-4d27-b5d0-a8ebdc2723d0","/softball/ga/e5c?9/24/2026","Terrors","Warriors","https://www.maxpreps.com/ga/glynn-academy-brunswick/boys-softball/","https://www.maxpreps.com/ga/grovetown/boys-softball/","https://hsfootball.net/proxy.php?url=https%3A%2F%2Fimage.maxpreps.io%2Fschool-mascot%2F4%2F0%2F5%2F4054c07f-06d4-4b29-abfe-b7d98ed625c5.gif%3Fversion%3D639129168686151680%26amp%3Bwidth%3D128%26amp%3Bheight%3D128%26amp%3Bauto%3Dwebp%26amp%3Bformat%3Dpjpg","https://hsfootball.net/proxy.php?url=https%3A%2F%2Fimage.maxpreps.io%2Fschool-mascot%2Fb%2F8%2F4%2Fb847f913-e565-48e8-a1ca-1319f75be210.gif%3Fversion%3D639188602575819170%26amp%3Bwidth%3D128%26amp%3Bheight%3D128%26amp%3Bauto%3Dwebp%26amp%3Bformat%3Dpjpg"
4,"Southwest Georgia Academy vs Brookwood",Boys Softball,"Georgia",9/24/2026,4:00pm,"The Southwest Georgia Academy varsity softball team has an away conference game @  Brookwood (Thomasville, GA) on Thursday, September 24 @ 4p.","/ga/softball/game/brookwood-thomasville-vs-southwest-georgia-academy-damascus/9-24-2026/?c=d3b1390a-13b6-4b1f-9445-e1d3dce0c51f","https://www.maxpreps.com/ga/softball/game/brookwood-thomasville-vs-southwest-georgia-academy-damascus/9-24-2026/?c=d3b1390a-13b6-4b1f-9445-e1d3dce0c51f","/softball/ga/176e?9/24/2026","Warriors","Warriors","https://www.maxpreps.com/ga/brookwood-thomasville/boys-softball/","https://www.maxpreps.com/ga/southwest-georgia-academy-damascus/boys-softball/","https://hsfootball.net/proxy.php?url=https%3A%2F%2Fimage.maxpreps.io%2Fschool-mascot%2Fb%2Fb%2F4%2Fbb4a4426-4779-4d55-9ea1-91ad269e2d67.gif%3Fversion%3D638695910661274970%26amp%3Bwidth%3D128%26amp%3Bheight%3D128%26amp%3Bauto%3Dwebp%26amp%3Bformat%3Dpjpg","https://hsfootball.net/proxy.php?url=https%3A%2F%2Fimage.maxpreps.io%2Fschool-mascot%2F2%2F8%2F8%2F2883f91a-4d42-4daa-88d2-ef7928dffb0f.gif%3Fversion%3D639178401009624870%26amp%3Bwidth%3D128%26amp%3Bheight%3D128%26amp%3Bauto%3Dwebp%26amp%3Bformat%3Dpjpg"
5,"Lee County vs Coffee",Boys Softball,"Georgia",9/24/2026,4:00pm,"The Lee County varsity softball team has an away conference game @  Coffee (Douglas, GA) on Thursday, September 24 @ 4p.","/ga/softball/game/coffee-douglas-vs-lee-county-leesburg/9-24-2026/?c=8d1db210-d98f-4b61-b635-89c29f0616d1","https://www.maxpreps.com/ga/softball/game/coffee-douglas-vs-lee-county-leesburg/9-24-2026/?c=8d1db210-d98f-4b61-b635-89c29f0616d1","/softball/ga/e52?9/24/2026","Trojans","Trojans","https://www.maxpreps.com/ga/coffee-douglas/boys-softball/","https://www.maxpreps.com/ga/lee-county-leesburg/boys-softball/","https://hsfootball.net/proxy.php?url=https%3A%2F%2Fimage.maxpreps.io%2Fschool-mascot%2F5%2F2%2Fd%2F52d89642-6d2d-4bbb-b0a3-d0484800936c.gif%3Fversion%3D639180703263995690%26amp%3Bwidth%3D128%26amp%3Bheight%3D128%26amp%3Bauto%3Dwebp%26amp%3Bformat%3Dpjpg","https://hsfootball.net/proxy.php?url=https%3A%2F%2Fimage.maxpreps.io%2Fschool-mascot%2F3%2Fe%2Fe%2F3ee34731-b5f5-4b87-ae98-82e31bffa5cd.gif%3Fversion%3D639129168568649200%26amp%3Bwidth%3D128%26amp%3Bheight%3D128%26amp%3Bauto%3Dwebp%26amp%3Bformat%3Dpjpg"
6,"Forsyth Central vs Pickens",Boys Softball,"Georgia",9/24/2026,4:00pm,"The Forsyth Central varsity softball team has an away non-conference game @  Pickens (Jasper, GA) on Thursday, September 24 @ 4p.","/ga/softball/game/forsyth-central-cumming-vs-pickens-jasper/9-24-2026/?c=5b859786-128c-4c34-b592-47914fde0f74","https://www.maxpreps.com/ga/softball/game/forsyth-central-cumming-vs-pickens-jasper/9-24-2026/?c=5b859786-128c-4c34-b592-47914fde0f74","/softball/ga/1024?9/24/2026","Bulldogs","Dragons","https://www.maxpreps.com/ga/forsyth-central-cumming/boys-softball/","https://www.maxpreps.com/ga/pickens-jasper/boys-softball/","https://hsfootball.net/proxy.php?url=https%3A%2F%2Fimage.maxpreps.io%2Fschool-mascot%2F2%2F6%2Fa%2F26acd6e3-59fa-4dd2-bf4b-95923c0fa333.gif%3Fversion%3D639188602613971000%26amp%3Bwidth%3D128%26amp%3Bheight%3D128%26amp%3Bauto%3Dwebp%26amp%3Bformat%3Dpjpg","https://hsfootball.net/proxy.php?url=https%3A%2F%2Fimage.maxpreps.io%2Fschool-mascot%2F0%2Fe%2Fb%2F0ebd8bb1-a358-4d89-907c-e5bb3db9b5c3.gif%3Fversion%3D636761427000000000%26amp%3Bwidth%3D128%26amp%3Bheight%3D128%26amp%3Bauto%3Dwebp%26amp%3Bformat%3Dpjpg"
7,"Centennial vs Roswell",Boys Softball,"Georgia",9/24/2026,4:00pm,"The Centennial varsity softball team has an away non-conference game @  Roswell (GA) on Thursday, September 24 @ 4p.","/ga/softball/game/centennial-roswell-vs-roswell/9-24-2026/?c=aecae0d6-6d53-4660-9800-35b4ca4bd80a","https://www.maxpreps.com/ga/softball/game/centennial-roswell-vs-roswell/9-24-2026/?c=aecae0d6-6d53-4660-9800-35b4ca4bd80a","/softball/ga/ba1?9/24/2026","Knights","Hornets","https://www.maxpreps.com/ga/centennial-roswell/boys-softball/","https://www.maxpreps.com/ga/roswell/boys-softball/","https://hsfootball.net/proxy.php?url=https%3A%2F%2Fimage.maxpreps.io%2Fschool-mascot%2F5%2F2%2Fd%2F52dea55b-3988-4979-b5fd-20376058997f.gif%3Fversion%3D638883757819641160%26amp%3Bwidth%3D128%26amp%3Bheight%3D128%26amp%3Bauto%3Dwebp%26amp%3Bformat%3Dpjpg","https://hsfootball.net/proxy.php?url=https%3A%2F%2Fimage.maxpreps.io%2Fschool-mascot%2F3%2Fb%2F8%2F3b8420d2-102a-46cf-80e1-afef0ff020af.gif%3Fversion%3D636693427800000000%26amp%3Bwidth%3D128%26amp%3Bheight%3D128%26amp%3Bauto%3Dwebp%26amp%3Bformat%3Dpjpg"
8,"Hardaway vs Bainbridge",Boys Softball,"Georgia",9/24/2026,4:00pm,"The Hardaway varsity softball team has an away conference game @  Bainbridge (GA) on Thursday, September 24 @ 4p.","/ga/softball/game/bainbridge-vs-hardaway-columbus/9-24-2026/?c=34ee8007-4906-48a6-9d0f-18db56174864","https://www.maxpreps.com/ga/softball/game/bainbridge-vs-hardaway-columbus/9-24-2026/?c=34ee8007-4906-48a6-9d0f-18db56174864","/softball/ga/c32?9/24/2026","Hawks","Bearcats","https://www.maxpreps.com/ga/bainbridge/boys-softball/","https://www.maxpreps.com/ga/hardaway-columbus/boys-softball/","https://hsfootball.net/proxy.php?url=https%3A%2F%2Fimage.maxpreps.io%2Fschool-mascot%2F5%2Fb%2Fb%2F5bbb1c9d-34c2-44a9-99df-ac5c00312de2.gif%3Fversion%3D639183594889275490%26amp%3Bwidth%3D128%26amp%3Bheight%3D128%26amp%3Bauto%3Dwebp%26amp%3Bformat%3Dpjpg","https://hsfootball.net/proxy.php?url=https%3A%2F%2Fimage.maxpreps.io%2Fschool-mascot%2Fc%2Fc%2F2%2Fcc2897b8-106d-45b3-a9cf-5e2aca708668.gif%3Fversion%3D639183171857015660%26amp%3Bwidth%3D128%26amp%3Bheight%3D128%26amp%3Bauto%3Dwebp%26amp%3Bformat%3Dpjpg"
9,"Crisp Academy vs Fullington Academy",Boys Softball,"Georgia",9/24/2026,4:00pm,"The Crisp Academy varsity softball team has an away conference game @  Fullington Academy (Pinehurst, GA) on Thursday, September 24 @ 4p.","/ga/softball/game/crisp-academy-cordele-vs-fullington-academy-pinehurst/9-24-2026/?c=d458aa30-c623-4632-b282-f27bbeeb6865","https://www.maxpreps.com/ga/softball/game/crisp-academy-cordele-vs-fullington-academy-pinehurst/9-24-2026/?c=d458aa30-c623-4632-b282-f27bbeeb6865","/softball/ga/14c2?9/24/2026","Wildcats","Trojans","https://www.maxpreps.com/ga/crisp-academy-cordele/boys-softball/","https://www.maxpreps.com/ga/fullington-academy-pinehurst/boys-softball/","https://hsfootball.net/proxy.php?url=https%3A%2F%2Fimage.maxpreps.io%2Fschool-mascot%2Fb%2Fe%2F6%2Fbe69a99a-dc61-4a95-81de-d8916d2bc322.gif%3Fversion%3D638695905407952920%26amp%3Bwidth%3D128%26amp%3Bheight%3D128%26amp%3Bauto%3Dwebp%26amp%3Bformat%3Dpjpg","https://hsfootball.net/proxy.php?url=https%3A%2F%2Fimage.maxpreps.io%2Fschool-mascot%2F5%2F9%2F0%2F59075602-3e46-47d4-a603-3960ea3d4398.gif%3Fversion%3D637418067000000000%26amp%3Bwidth%3D128%26amp%3Bheight%3D128%26amp%3Bauto%3Dwebp%26amp%3Bformat%3Dpjpg"
10,"Houston County vs Northside",Boys Softball,"Georgia",9/24/2026,4:00pm,"The Houston County varsity softball team has an away conference game @  Northside (Warner Robins, GA) on Thursday, September 24 @ 4p.","/ga/softball/game/houston-county-warner-robins-vs-northside-warner-robins/9-24-2026/?c=8b9b2ec8-b9b3-4927-a7c9-f9def5f96a7c","https://www.maxpreps.com/ga/softball/game/houston-county-warner-robins-vs-northside-warner-robins/9-24-2026/?c=8b9b2ec8-b9b3-4927-a7c9-f9def5f96a7c","/softball/ga/15de?9/24/2026","Bears","Eagles","https://www.maxpreps.com/ga/houston-county-warner-robins/boys-softball/","https://www.maxpreps.com/ga/northside-warner-robins/boys-softball/","https://hsfootball.net/proxy.php?url=https%3A%2F%2Fimage.maxpreps.io%2Fschool-mascot%2F6%2F3%2F5%2F635c23cd-1fc4-449f-a973-f06e6fcc9248.gif%3Fversion%3D639126287992367480%26amp%3Bwidth%3D128%26amp%3Bheight%3D128%26amp%3Bauto%3Dwebp%26amp%3Bformat%3Dpjpg","https://hsfootball.net/proxy.php?url=https%3A%2F%2Fimage.maxpreps.io%2Fschool-mascot%2Fd%2F3%2F2%2Fd323dc2c-7c2d-4664-8f80-0d3f76c10162.gif%3Fversion%3D637856051400000000%26amp%3Bwidth%3D128%26amp%3Bheight%3D128%26amp%3Bauto%3Dwebp%26amp%3Bformat%3Dpjpg"
11,"Tiftarea Academy vs Terrell Academy",Boys Softball,"Georgia",9/24/2026,4:00pm,"The Tiftarea Academy varsity softball team has an away conference game @  Terrell Academy (Dawson, GA) on Thursday, September 24 @ 4p.","/ga/softball/game/terrell-academy-dawson-vs-tiftarea-academy-chula/9-24-2026/?c=30697313-9a57-4c6e-af44-bdd4479bfdf3","https://www.maxpreps.com/ga/softball/game/terrell-academy-dawson-vs-tiftarea-academy-chula/9-24-2026/?c=30697313-9a57-4c6e-af44-bdd4479bfdf3","/softball/ga/1282?9/24/2026","Panthers","Eagles","https://www.maxpreps.com/ga/terrell-academy-dawson/boys-softball/","https://www.maxpreps.com/ga/tiftarea-academy-chula/boys-softball/","https://hsfootball.net/proxy.php?url=https%3A%2F%2Fimage.maxpreps.io%2Fschool-mascot%2Fd%2Fb%2F2%2Fdb246534-e346-4eaa-aade-291979830920.gif%3Fversion%3D639188602547398120%26amp%3Bwidth%3D128%26amp%3Bheight%3D128%26amp%3Bauto%3Dwebp%26amp%3Bformat%3Dpjpg","https://hsfootball.net/proxy.php?url=https%3A%2F%2Fimage.maxpreps.io%2Fschool-mascot%2Fb%2F6%2Fd%2Fb6d2853d-08f0-4a57-b14e-49cd1b6f4240.gif%3Fversion%3D639126285724647580%26amp%3Bwidth%3D128%26amp%3Bheight%3D128%26amp%3Bauto%3Dwebp%26amp%3Bformat%3Dpjpg"
12,"Thomas Jefferson Academy vs David Emanuel Academy",Boys Softball,"Georgia",9/24/2026,4:00pm,"The Thomas Jefferson Academy varsity softball team has an away conference game @  David Emanuel Academy (Stillmore, GA) on Thursday, September 24 @ 4p.","/ga/softball/game/david-emanuel-academy-stillmore-vs-thomas-jefferson-academy-louisville/9-24-2026/?c=6c7cd310-4484-4adb-af5b-51a928f8f5e1","https://www.maxpreps.com/ga/softball/game/david-emanuel-academy-stillmore-vs-thomas-jefferson-academy-louisville/9-24-2026/?c=6c7cd310-4484-4adb-af5b-51a928f8f5e1","/softball/ga/1b59?9/24/2026","Jaguars","Eagles","https://www.maxpreps.com/ga/david-emanuel-academy-stillmore/boys-softball/","https://www.maxpreps.com/ga/thomas-jefferson-academy-louisville/boys-softball/","https://hsfootball.net/proxy.php?url=https%3A%2F%2Fimage.maxpreps.io%2Fschool-mascot%2Fb%2Fd%2F5%2Fbd591009-7af2-4b8f-b320-a6bdf8558210.gif%3Fversion%3D638606061597992500%26amp%3Bwidth%3D128%26amp%3Bheight%3D128%26amp%3Bauto%3Dwebp%26amp%3Bformat%3Dpjpg","https://hsfootball.net/proxy.php?url=https%3A%2F%2Fimage.maxpreps.io%2Fschool-mascot%2F7%2F4%2Fc%2F74c332e2-16e4-4bb8-ae5f-033600010f05.gif%3Fversion%3D639180161694946150%26amp%3Bwidth%3D128%26amp%3Bheight%3D128%26amp%3Bauto%3Dwebp%26amp%3Bformat%3Dpjpg"
13,"Shaw vs Cairo",Boys Softball,"Georgia",9/24/2026,4:30pm,"The Shaw varsity softball team has an away conference game @  Cairo (GA) on Thursday, September 24 @ 4:30p.","/ga/softball/game/cairo-vs-shaw-columbus/9-24-2026/?c=16f852fc-6eb5-442b-aa29-ca4b07b4d32e","https://www.maxpreps.com/ga/softball/game/cairo-vs-shaw-columbus/9-24-2026/?c=16f852fc-6eb5-442b-aa29-ca4b07b4d32e","/softball/ga/89b?9/24/2026","Raiders","Syrupmakers","https://www.maxpreps.com/ga/cairo/boys-softball/","https://www.maxpreps.com/ga/shaw-columbus/boys-softball/","https://hsfootball.net/proxy.php?url=https%3A%2F%2Fimage.maxpreps.io%2Fschool-mascot%2F1%2F6%2F2%2F162b980a-38db-4236-8744-080fc544cb7f.gif%3Fversion%3D639101236510604430%26amp%3Bwidth%3D128%26amp%3Bheight%3D128%26amp%3Bauto%3Dwebp%26amp%3Bformat%3Dpjpg","https://hsfootball.net/proxy.php?url=https%3A%2F%2Fimage.maxpreps.io%2Fschool-mascot%2F0%2Fd%2F9%2F0d9305bf-13dc-4957-a5ed-22052eada89d.gif%3Fversion%3D639126289580815430%26amp%3Bwidth%3D128%26amp%3Bheight%3D128%26amp%3Bauto%3Dwebp%26amp%3Bformat%3Dpjpg"
14,"Valwood vs Southland Academy",Boys Softball,"Georgia",9/24/2026,4:30pm,"The Valwood varsity softball team has an away conference game @  Southland Academy (Americus, GA) on Thursday, September 24 @ 4:30p.","/ga/softball/game/southland-academy-americus-vs-valwood-valdosta/9-24-2026/?c=c3bcc2f9-2780-47e5-882e-7e9491b0a1cf","https://www.maxpreps.com/ga/softball/game/southland-academy-americus-vs-valwood-valdosta/9-24-2026/?c=c3bcc2f9-2780-47e5-882e-7e9491b0a1cf","/softball/ga/1223?9/24/2026","Valiants","Raiders","https://www.maxpreps.com/ga/southland-academy-americus/boys-softball/","https://www.maxpreps.com/ga/valwood-valdosta/boys-softball/","https://hsfootball.net/proxy.php?url=https%3A%2F%2Fimage.maxpreps.io%2Fschool-mascot%2F3%2F5%2F7%2F3579138e-11b8-4668-8fdb-4f82c8c3d85f.gif%3Fversion%3D639231548265512940%26amp%3Bwidth%3D128%26amp%3Bheight%3D128%26amp%3Bauto%3Dwebp%26amp%3Bformat%3Dpjpg","https://hsfootball.net/proxy.php?url=https%3A%2F%2Fimage.maxpreps.io%2Fschool-mascot%2Fc%2F0%2F6%2Fc06875d3-d6da-4857-91f0-3a5d0c693776.gif%3Fversion%3D639126286728797440%26amp%3Bwidth%3D128%26amp%3Bheight%3D128%26amp%3Bauto%3Dwebp%26amp%3Bformat%3Dpjpg"
15,"Briarwood Academy vs Trinity Christian",Boys Softball,"Georgia",9/24/2026,4:30pm,"The Briarwood Academy varsity softball team has an away conference game @  Trinity Christian (Dublin, GA) on Thursday, September 24 @ 4:30p.","/ga/softball/game/briarwood-academy-warrenton-vs-trinity-christian-dublin/9-24-2026/?c=331e743e-df6e-4116-b1ff-ad6740ecba22","https://www.maxpreps.com/ga/softball/game/briarwood-academy-warrenton-vs-trinity-christian-dublin/9-24-2026/?c=331e743e-df6e-4116-b1ff-ad6740ecba22","/softball/ga/15ca?9/24/2026","Buccaneers","Crusaders","https://www.maxpreps.com/ga/briarwood-academy-warrenton/boys-softball/","https://www.maxpreps.com/ga/trinity-christian-dublin/boys-softball/","https://hsfootball.net/proxy.php?url=https%3A%2F%2Fimage.maxpreps.io%2Fschool-mascot%2F7%2Fa%2F8%2F7a8a0983-cb03-46e2-b09d-3cc87d8133e7.gif%3Fversion%3D639127906954574880%26amp%3Bwidth%3D128%26amp%3Bheight%3D128%26amp%3Bauto%3Dwebp%26amp%3Bformat%3Dpjpg","https://hsfootball.net/proxy.php?url=https%3A%2F%2Fimage.maxpreps.io%2Fschool-mascot%2Fc%2F2%2F8%2Fc286ab09-09ea-490c-bc4e-8503f7f8a118.gif%3Fversion%3D639157332206771090%26amp%3Bwidth%3D128%26amp%3Bheight%3D128%26amp%3Bauto%3Dwebp%26amp%3Bformat%3Dpjpg"
16,"Pelham vs Seminole County",Boys Softball,"Georgia",9/24/2026,4:30pm,"The Pelham varsity softball team has an away conference game @  Seminole County (Donalsonville, GA) on Thursday, September 24 @ 4:30p.","/ga/softball/game/pelham-vs-seminole-county-donalsonville/9-24-2026/?c=51afa7df-433f-4905-a314-be0a08934b82","https://www.maxpreps.com/ga/softball/game/pelham-vs-seminole-county-donalsonville/9-24-2026/?c=51afa7df-433f-4905-a314-be0a08934b82","/softball/ga/f8c?9/24/2026","Hornets","Indians","https://www.maxpreps.com/ga/pelham/boys-softball/","https://www.maxpreps.com/ga/seminole-county-donalsonville/boys-softball/","https://hsfootball.net/proxy.php?url=https%3A%2F%2Fimage.maxpreps.io%2Fschool-mascot%2Ff%2F6%2Fd%2Ff6d6fe23-7d0a-4897-9c26-a773aa7a214f.gif%3Fversion%3D639132244424027970%26amp%3Bwidth%3D128%26amp%3Bheight%3D128%26amp%3Bauto%3Dwebp%26amp%3Bformat%3Dpjpg","https://hsfootball.net/proxy.php?url=https%3A%2F%2Fimage.maxpreps.io%2Fschool-mascot%2F5%2F0%2Fe%2F50ecc87a-a849-44eb-ae8f-44b084911fab.gif%3Fversion%3D638642454312091360%26amp%3Bwidth%3D128%26amp%3Bheight%3D128%26amp%3Bauto%3Dwebp%26amp%3Bformat%3Dpjpg"
17,"Spring Creek Charter Academy vs Webster County",Boys Softball,"Georgia",9/24/2026,4:30pm,"The Spring Creek Charter Academy varsity softball team has an away non-conference game @  Webster County (Preston, GA) on Thursday, September 24 @ 4:30p.","/ga/softball/game/spring-creek-charter-academy-bainbridge-vs-webster-county-preston/9-24-2026/?c=32b45a62-8596-43a3-a216-4e06a6b9308e","https://www.maxpreps.com/ga/softball/game/spring-creek-charter-academy-bainbridge-vs-webster-county-preston/9-24-2026/?c=32b45a62-8596-43a3-a216-4e06a6b9308e","/softball/ga/195b?9/24/2026","Stallions","Bobcats","https://www.maxpreps.com/ga/spring-creek-charter-academy-bainbridge/boys-softball/","https://www.maxpreps.com/ga/webster-county-preston/boys-softball/","https://hsfootball.net/proxy.php?url=https%3A%2F%2Fimage.maxpreps.io%2Fschool-mascot%2F4%2F9%2F1%2F49165171-0dac-4505-b131-505ad726b8b4.gif%3Fversion%3D639180161664620270%26amp%3Bwidth%3D128%26amp%3Bheight%3D128%26amp%3Bauto%3Dwebp%26amp%3Bformat%3Dpjpg","https://hsfootball.net/proxy.php?url=https%3A%2F%2Fimage.maxpreps.io%2Fschool-mascot%2F7%2F6%2F4%2F7648cbd8-a839-4aa2-813e-1173f0d7bf24.gif%3Fversion%3D639132504011017830%26amp%3Bwidth%3D128%26amp%3Bheight%3D128%26amp%3Bauto%3Dwebp%26amp%3Bformat%3Dpjpg"
18,"Southwest vs Northeast",Boys Softball,"Georgia",9/24/2026,4:30pm,"The Southwest varsity softball team has an away conference game @  Northeast (Macon, GA) on Thursday, September 24 @ 4:30p.","/ga/softball/game/northeast-macon-vs-southwest-macon/9-24-2026/?c=6e81f65b-ffd2-4e86-9e61-30807709a8ef","https://www.maxpreps.com/ga/softball/game/northeast-macon-vs-southwest-macon/9-24-2026/?c=6e81f65b-ffd2-4e86-9e61-30807709a8ef","/softball/ga/d87?9/24/2026","Patriots","Raiders","https://www.maxpreps.com/ga/northeast-macon/boys-softball/","https://www.maxpreps.com/ga/southwest-macon/boys-softball/","https://hsfootball.net/proxy.php?url=https%3A%2F%2Fimage.maxpreps.io%2Fschool-mascot%2Fa%2F6%2Fd%2Fa6d300ed-0bde-4c90-b724-ae93f173b442.gif%3Fversion%3D639132503959421450%26amp%3Bwidth%3D128%26amp%3Bheight%3D128%26amp%3Bauto%3Dwebp%26amp%3Bformat%3Dpjpg","https://hsfootball.net/proxy.php?url=https%3A%2F%2Fimage.maxpreps.io%2Fschool-mascot%2F2%2Fe%2Fc%2F2ec66267-0098-4e40-9500-a8404dea8398.gif%3Fversion%3D639132503979752660%26amp%3Bwidth%3D128%26amp%3Bheight%3D128%26amp%3Bauto%3Dwebp%26amp%3Bformat%3Dpjpg"
19,"Tift County vs Veterans",Boys Softball,"Georgia",9/24/2026,4:30pm,"The Tift County varsity softball team has an away non-conference game @  Veterans (Kathleen, GA) on Thursday, September 24 @ 4:30p.","/ga/softball/game/tift-county-tifton-vs-veterans-kathleen/9-24-2026/?c=8d66a7cf-aafa-4214-875a-d2233796ca71","https://www.maxpreps.com/ga/softball/game/tift-county-tifton-vs-veterans-kathleen/9-24-2026/?c=8d66a7cf-aafa-4214-875a-d2233796ca71","/softball/ga/f6b?9/24/2026","Blue Devils","Warhawks","https://www.maxpreps.com/ga/tift-county-tifton/boys-softball/","https://www.maxpreps.com/ga/veterans-kathleen/boys-softball/","https://hsfootball.net/proxy.php?url=https%3A%2F%2Fimage.maxpreps.io%2Fschool-mascot%2Ff%2F1%2F5%2Ff153cfb6-943e-4950-9205-e44a8bb1f858.gif%3Fversion%3D639134131007260490%26amp%3Bwidth%3D128%26amp%3Bheight%3D128%26amp%3Bauto%3Dwebp%26amp%3Bformat%3Dpjpg","https://hsfootball.net/proxy.php?url=https%3A%2F%2Fimage.maxpreps.io%2Fschool-mascot%2F2%2F8%2F3%2F2837b96b-5194-4559-b761-87a88b39b256.gif%3Fversion%3D638930283942908570%26amp%3Bwidth%3D128%26amp%3Bheight%3D128%26amp%3Bauto%3Dwebp%26amp%3Bformat%3Dpjpg"
20,"River Ridge vs Denmark",Boys Softball,"Georgia",9/24/2026,5:00pm,"The River Ridge varsity softball team has an away non-conference game @  Denmark (Alpharetta, GA) on Thursday, September 24 @ 5p.","/ga/softball/game/denmark-alpharetta-vs-river-ridge-woodstock/9-24-2026/?c=aa2bfb4e-7ebe-462c-aa11-69d1df2339bc","https://www.maxpreps.com/ga/softball/game/denmark-alpharetta-vs-river-ridge-woodstock/9-24-2026/?c=aa2bfb4e-7ebe-462c-aa11-69d1df2339bc","/softball/ga/10e2?9/24/2026","Knights","TBD","https://www.maxpreps.com/ga/denmark-alpharetta/boys-softball/","https://www.maxpreps.com/ga/river-ridge-woodstock/boys-softball/","https://hsfootball.net/proxy.php?url=https%3A%2F%2Fimage.maxpreps.io%2Fschool-mascot%2Fc%2Fc%2F4%2Fcc4ebd07-e191-4b4a-8064-b5c76525a88a.gif%3Fversion%3D639183171887595610%26amp%3Bwidth%3D128%26amp%3Bheight%3D128%26amp%3Bauto%3Dwebp%26amp%3Bformat%3Dpjpg","https://hsfootball.net/proxy.php?url=https%3A%2F%2Fimage.maxpreps.io%2Fschool-mascot%2Ff%2Ff%2F1%2Fff1b45ca-7b8e-4f53-babb-401d2a4cdd9f.gif%3Fversion%3D636644187600000000%26amp%3Bwidth%3D128%26amp%3Bheight%3D128%26amp%3Bauto%3Dwebp%26amp%3Bformat%3Dpjpg"
21,"Gilmer vs White County",Boys Softball,"Georgia",9/24/2026,5:00pm,"The Gilmer varsity softball team has an away non-conference game @  White County (Cleveland, GA) on Thursday, September 24 @ 5p.","/ga/softball/game/gilmer-ellijay-vs-white-county-cleveland/9-24-2026/?c=ffa906e4-2042-43a8-baa8-15f082976981","https://www.maxpreps.com/ga/softball/game/gilmer-ellijay-vs-white-county-cleveland/9-24-2026/?c=ffa906e4-2042-43a8-baa8-15f082976981","/softball/ga/fa5?9/24/2026","Bobcats","Warriors","https://www.maxpreps.com/ga/gilmer-ellijay/boys-softball/","https://www.maxpreps.com/ga/white-county-cleveland/boys-softball/","https://hsfootball.net/proxy.php?url=https%3A%2F%2Fimage.maxpreps.io%2Fschool-mascot%2F4%2F1%2F6%2F41600115-e7fe-43f5-857e-54d9077ce342.gif%3Fversion%3D639188602697772280%26amp%3Bwidth%3D128%26amp%3Bheight%3D128%26amp%3Bauto%3Dwebp%26amp%3Bformat%3Dpjpg","https://hsfootball.net/proxy.php?url=https%3A%2F%2Fimage.maxpreps.io%2Fschool-mascot%2Ff%2F7%2F1%2Ff71d8844-7048-4155-98f3-e8954862e98b.gif%3Fversion%3D639188602688196980%26amp%3Bwidth%3D128%26amp%3Bheight%3D128%26amp%3Bauto%3Dwebp%26amp%3Bformat%3Dpjpg"
22,"Model vs Pepperell",Boys Softball,"Georgia",9/24/2026,5:00pm,"The Model varsity softball team has an away conference game @  Pepperell (Lindale, GA) on Thursday, September 24 @ 5p.","/ga/softball/game/model-rome-vs-pepperell-lindale/9-24-2026/?c=bb9ba517-caec-4d8c-99bf-d9d3b6844b5f","https://www.maxpreps.com/ga/softball/game/model-rome-vs-pepperell-lindale/9-24-2026/?c=bb9ba517-caec-4d8c-99bf-d9d3b6844b5f","/softball/ga/c03?9/24/2026","Blue Devils","Dragons","https://www.maxpreps.com/ga/model-rome/boys-softball/","https://www.maxpreps.com/ga/pepperell-lindale/boys-softball/","https://hsfootball.net/proxy.php?url=https%3A%2F%2Fimage.maxpreps.io%2Fschool-mascot%2Ff%2Fe%2F4%2Ffe4668fc-2d47-4061-8597-3ac6cba1e932.gif%3Fversion%3D637497082800000000%26amp%3Bwidth%3D128%26amp%3Bheight%3D128%26amp%3Bauto%3Dwebp%26amp%3Bformat%3Dpjpg","https://hsfootball.net/proxy.php?url=https%3A%2F%2Fimage.maxpreps.io%2Fschool-mascot%2Ff%2Fa%2F8%2Ffa894b94-9451-49ed-98bd-589b91772f7c.gif%3Fversion%3D639198765069886110%26amp%3Bwidth%3D128%26amp%3Bheight%3D128%26amp%3Bauto%3Dwebp%26amp%3Bformat%3Dpjpg"
23,"Darlington vs Armuchee",Boys Softball,"Georgia",9/24/2026,5:00pm,"The Darlington varsity softball team has an away conference game @  Armuchee (Rome, GA) on Thursday, September 24 @ 5p.","/ga/softball/game/armuchee-rome-vs-darlington-rome/9-24-2026/?c=ecf23fb0-ec4a-4eb2-afa8-7daec7654ece","https://www.maxpreps.com/ga/softball/game/armuchee-rome-vs-darlington-rome/9-24-2026/?c=ecf23fb0-ec4a-4eb2-afa8-7daec7654ece","/softball/ga/c7f?9/24/2026","Tigers","Indians","https://www.maxpreps.com/ga/armuchee-rome/boys-softball/","https://www.maxpreps.com/ga/darlington-rome/boys-softball/","https://hsfootball.net/proxy.php?url=https%3A%2F%2Fimage.maxpreps.io%2Fschool-mascot%2Fa%2F2%2F2%2Fa22c520b-cd1a-40c2-bd7a-9bec4e4a324f.gif%3Fversion%3D635749780800000000%26amp%3Bwidth%3D128%26amp%3Bheight%3D128%26amp%3Bauto%3Dwebp%26amp%3Bformat%3Dpjpg","https://hsfootball.net/proxy.php?url=https%3A%2F%2Fimage.maxpreps.io%2Fschool-mascot%2Fb%2Fb%2Fa%2Fbba1c931-3cba-4a45-bc9c-006b4f34cfbd.gif%3Fversion%3D639195280155258510%26amp%3Bwidth%3D128%26amp%3Bheight%3D128%26amp%3Bauto%3Dwebp%26amp%3Bformat%3Dpjpg"
24,"Howard vs Baldwin",Boys Softball,"Georgia",9/24/2026,5:00pm,"The Howard varsity softball team has an away conference game @  Baldwin (Milledgeville, GA) on Thursday, September 24 @ 5p.","/ga/softball/game/baldwin-milledgeville-vs-howard-macon/9-24-2026/?c=667339b4-5df4-41bc-87f8-0c2f0f1764db","https://www.maxpreps.com/ga/softball/game/baldwin-milledgeville-vs-howard-macon/9-24-2026/?c=667339b4-5df4-41bc-87f8-0c2f0f1764db","/softball/ga/e70?9/24/2026","Huskies","Braves","https://www.maxpreps.com/ga/baldwin-milledgeville/boys-softball/","https://www.maxpreps.com/ga/howard-macon/boys-softball/","https://hsfootball.net/proxy.php?url=https%3A%2F%2Fimage.maxpreps.io%2Fschool-mascot%2F5%2F5%2F4%2F554ba6ba-e5f2-41f3-809b-2de0c9a182a0.gif%3Fversion%3D639207415001109460%26amp%3Bwidth%3D128%26amp%3Bheight%3D128%26amp%3Bauto%3Dwebp%26amp%3Bformat%3Dpjpg","https://hsfootball.net/proxy.php?url=https%3A%2F%2Fimage.maxpreps.io%2Fschool-mascot%2F4%2Fe%2F9%2F4e970278-e8a3-4275-9de5-261971629eaf.gif%3Fversion%3D638779741620762120%26amp%3Bwidth%3D128%26amp%3Bheight%3D128%26amp%3Bauto%3Dwebp%26amp%3Bformat%3Dpjpg"
25,"Pike County vs Rutland",Boys Softball,"Georgia",9/24/2026,5:00pm,"The Pike County varsity softball team has an away conference game @  Rutland (Macon, GA) on Thursday, September 24 @ 5p.","/ga/softball/game/pike-county-zebulon-vs-rutland-macon/9-24-2026/?c=3a2ea669-a172-45a2-8c77-73396651f501","https://www.maxpreps.com/ga/softball/game/pike-county-zebulon-vs-rutland-macon/9-24-2026/?c=3a2ea669-a172-45a2-8c77-73396651f501","/softball/ga/e1c?9/24/2026","Pirates","Hurricanes","https://www.maxpreps.com/ga/pike-county-zebulon/boys-softball/","https://www.maxpreps.com/ga/rutland-macon/boys-softball/","https://hsfootball.net/proxy.php?url=https%3A%2F%2Fimage.maxpreps.io%2Fschool-mascot%2F8%2F4%2Fd%2F84dd878e-671b-40d4-83de-e73ab301f92e.gif%3Fversion%3D635804514000000000%26amp%3Bwidth%3D128%26amp%3Bheight%3D128%26amp%3Bauto%3Dwebp%26amp%3Bformat%3Dpjpg","https://hsfootball.net/proxy.php?url=https%3A%2F%2Fimage.maxpreps.io%2Fschool-mascot%2Fa%2Ff%2Fb%2Fafb74465-d973-4719-ab90-5a036df4ac67.gif%3Fversion%3D638759936219864750%26amp%3Bwidth%3D128%26amp%3Bheight%3D128%26amp%3Bauto%3Dwebp%26amp%3Bformat%3Dpjpg"
26,"Tallulah Falls vs Athens Christian",Boys Softball,"Georgia",9/24/2026,5:00pm,"The Tallulah Falls varsity softball team has an away conference game @  Athens Christian (Athens, GA) on Thursday, September 24 @ 5p.","/ga/softball/game/athens-christian-vs-tallulah-falls/9-24-2026/?c=359f9a82-20e1-4114-ac7e-70d96bee5893","https://www.maxpreps.com/ga/softball/game/athens-christian-vs-tallulah-falls/9-24-2026/?c=359f9a82-20e1-4114-ac7e-70d96bee5893","/softball/ga/d4e?9/24/2026","Indians","Eagles","https://www.maxpreps.com/ga/athens-christian/boys-softball/","https://www.maxpreps.com/ga/tallulah-falls/boys-softball/","https://hsfootball.net/proxy.php?url=https%3A%2F%2Fimage.maxpreps.io%2Fschool-mascot%2F3%2F3%2F2%2F332a064a-d30d-418f-8513-8c843d1396e0.gif%3Fversion%3D639128739358632400%26amp%3Bwidth%3D128%26amp%3Bheight%3D128%26amp%3Bauto%3Dwebp%26amp%3Bformat%3Dpjpg","https://hsfootball.net/proxy.php?url=https%3A%2F%2Fimage.maxpreps.io%2Fschool-mascot%2Fe%2F8%2Ff%2Fe8f69dda-50d5-48b9-8c5d-a384db2288a7.gif%3Fversion%3D637786179600000000%26amp%3Bwidth%3D128%26amp%3Bheight%3D128%26amp%3Bauto%3Dwebp%26amp%3Bformat%3Dpjpg"
27,"Southeast Bulloch vs Long County",Boys Softball,"Georgia",9/24/2026,5:00pm,"The Southeast Bulloch varsity softball team has an away conference game @  Long County (Ludowici, GA) on Thursday, September 24 @ 5p.","/ga/softball/game/long-county-ludowici-vs-southeast-bulloch-brooklet/9-24-2026/?c=3a09c1ba-bb89-4c86-9236-16bb9cb983d2","https://www.maxpreps.com/ga/softball/game/long-county-ludowici-vs-southeast-bulloch-brooklet/9-24-2026/?c=3a09c1ba-bb89-4c86-9236-16bb9cb983d2","/softball/ga/13d4?9/24/2026","Yellow Jackets","Blue Tide","https://www.maxpreps.com/ga/long-county-ludowici/boys-softball/","https://www.maxpreps.com/ga/southeast-bulloch-brooklet/boys-softball/","https://hsfootball.net/proxy.php?url=https%3A%2F%2Fimage.maxpreps.io%2Fschool-mascot%2Fd%2F9%2Fb%2Fd9bf2525-d16b-48ff-bd3f-85546aa9f4d6.gif%3Fversion%3D638646804429332780%26amp%3Bwidth%3D128%26amp%3Bheight%3D128%26amp%3Bauto%3Dwebp%26amp%3Bformat%3Dpjpg","https://hsfootball.net/proxy.php?url=https%3A%2F%2Fimage.maxpreps.io%2Fschool-mascot%2Fc%2Fd%2F9%2Fcd989ae1-f746-4a93-8719-77d0caa7a1fa.gif%3Fversion%3D639127247857894650%26amp%3Bwidth%3D128%26amp%3Bheight%3D128%26amp%3Bauto%3Dwebp%26amp%3Bformat%3Dpjpg"
28,"Rockdale County vs South Gwinnett",Boys Softball,"Georgia",9/24/2026,5:00pm,"The Rockdale County varsity softball team has an away conference game @  South Gwinnett (Snellville, GA) on Thursday, September 24 @ 5p.","/ga/softball/game/rockdale-county-conyers-vs-south-gwinnett-snellville/9-24-2026/?c=9b0c0dac-b5ff-4592-b819-7eff2bf8e78d","https://www.maxpreps.com/ga/softball/game/rockdale-county-conyers-vs-south-gwinnett-snellville/9-24-2026/?c=9b0c0dac-b5ff-4592-b819-7eff2bf8e78d","/softball/ga/14be?9/24/2026","Bulldogs","Comets","https://www.maxpreps.com/ga/rockdale-county-conyers/boys-softball/","https://www.maxpreps.com/ga/south-gwinnett-snellville/boys-softball/","https://hsfootball.net/proxy.php?url=https%3A%2F%2Fimage.maxpreps.io%2Fschool-mascot%2F5%2F0%2F2%2F5020fee1-5344-4884-8d30-1b04617b0725.gif%3Fversion%3D638779690561406820%26amp%3Bwidth%3D128%26amp%3Bheight%3D128%26amp%3Bauto%3Dwebp%26amp%3Bformat%3Dpjpg","https://hsfootball.net/proxy.php?url=https%3A%2F%2Fimage.maxpreps.io%2Fschool-mascot%2Fa%2F4%2F1%2Fa4135e0f-41f4-43dd-9786-632bb6bdbeef.gif%3Fversion%3D639134131012704110%26amp%3Bwidth%3D128%26amp%3Bheight%3D128%26amp%3Bauto%3Dwebp%26amp%3Bformat%3Dpjpg"
29,"Jackson vs Southwest DeKalb",Boys Softball,"Georgia",9/24/2026,5:00pm,"The Jackson varsity softball team has an away conference game @  Southwest DeKalb (Decatur, GA) on Thursday, September 24 @ 5p.","/ga/softball/game/jackson-atlanta-vs-southwest-dekalb-decatur/9-24-2026/?c=e495814a-6294-4dda-bfea-fc4671afb84b","https://www.maxpreps.com/ga/softball/game/jackson-atlanta-vs-southwest-dekalb-decatur/9-24-2026/?c=e495814a-6294-4dda-bfea-fc4671afb84b","/softball/ga/10d9?9/24/2026","Jaguars","Panthers","https://www.maxpreps.com/ga/jackson-atlanta/boys-softball/","https://www.maxpreps.com/ga/southwest-dekalb-decatur/boys-softball/","https://hsfootball.net/proxy.php?url=https%3A%2F%2Fimage.maxpreps.io%2Fschool-mascot%2F8%2F7%2F9%2F8793f72a-bd2e-46ff-9332-5dc9e14c88f2.gif%3Fversion%3D636886806000000000%26amp%3Bwidth%3D128%26amp%3Bheight%3D128%26amp%3Bauto%3Dwebp%26amp%3Bformat%3Dpjpg","https://hsfootball.net/proxy.php?url=https%3A%2F%2Fimage.maxpreps.io%2Fschool-mascot%2Fb%2F0%2F7%2Fb070d4a6-0cef-4a4f-a5b5-91e231d6544a.gif%3Fversion%3D637723471200000000%26amp%3Bwidth%3D128%26amp%3Bheight%3D128%26amp%3Bauto%3Dwebp%26amp%3Bformat%3Dpjpg"
30,"Taylor County vs Brookstone",Boys Softball,"Georgia",9/24/2026,5:00pm,"The Taylor County varsity softball team has an away non-conference game @  Brookstone (Columbus, GA) on Thursday, September 24 @ 5p.","/ga/softball/game/brookstone-columbus-vs-taylor-county-butler/9-24-2026/?c=465a66bd-b482-4821-9049-cf926a11019c","https://www.maxpreps.com/ga/softball/game/brookstone-columbus-vs-taylor-county-butler/9-24-2026/?c=465a66bd-b482-4821-9049-cf926a11019c","/softball/ga/1145?9/24/2026","Vikings","Cougars","https://www.maxpreps.com/ga/brookstone-columbus/boys-softball/","https://www.maxpreps.com/ga/taylor-county-butler/boys-softball/","https://hsfootball.net/proxy.php?url=https%3A%2F%2Fimage.maxpreps.io%2Fschool-mascot%2F4%2Fb%2F7%2F4b723e55-2e7e-487e-a277-8711f1e1fc9e.gif%3Fversion%3D639178400972825300%26amp%3Bwidth%3D128%26amp%3Bheight%3D128%26amp%3Bauto%3Dwebp%26amp%3Bformat%3Dpjpg","https://hsfootball.net/proxy.php?url=https%3A%2F%2Fimage.maxpreps.io%2Fschool-mascot%2F4%2Fb%2Fc%2F4bce29e4-736a-4ac6-a690-7c06287656f3.gif%3Fversion%3D636219945000000000%26amp%3Bwidth%3D128%26amp%3Bheight%3D128%26amp%3Bauto%3Dwebp%26amp%3Bformat%3Dpjpg"
31,"Walker vs Galloway",Boys Softball,"Georgia",9/24/2026,5:00pm,"The Walker varsity softball team has an away conference game @  Galloway (Atlanta, GA) on Thursday, September 24 @ 5p.","/ga/softball/game/galloway-atlanta-vs-walker-marietta/9-24-2026/?c=7152ca9f-7a76-4486-9fa3-e5242055cae6","https://www.maxpreps.com/ga/softball/game/galloway-atlanta-vs-walker-marietta/9-24-2026/?c=7152ca9f-7a76-4486-9fa3-e5242055cae6","/softball/ga/dbf?9/24/2026","Wolverines","Scots","https://www.maxpreps.com/ga/galloway-atlanta/boys-softball/","https://www.maxpreps.com/ga/walker-marietta/boys-softball/","https://hsfootball.net/proxy.php?url=https%3A%2F%2Fimage.maxpreps.io%2Fschool-mascot%2F5%2F9%2F4%2F594776af-9858-4139-9393-4378a0426f51.gif%3Fversion%3D636385078200000000%26amp%3Bwidth%3D128%26amp%3Bheight%3D128%26amp%3Bauto%3Dwebp%26amp%3Bformat%3Dpjpg","https://hsfootball.net/proxy.php?url=https%3A%2F%2Fimage.maxpreps.io%2Fschool-mascot%2Fb%2F2%2F5%2Fb25134c6-9a0a-48bb-b87a-2cc630311082.gif%3Fversion%3D639127906913168870%26amp%3Bwidth%3D128%26amp%3Bheight%3D128%26amp%3Bauto%3Dwebp%26amp%3Bformat%3Dpjpg"
32,"First Presbyterian Day vs Mount de Sales Academy",Boys Softball,"Georgia",9/24/2026,5:00pm,"The First Presbyterian Day varsity softball team has an away conference game @  Mount de Sales Academy (Macon, GA) on Thursday, September 24 @ 5p.","/ga/softball/game/first-presbyterian-day-macon-vs-mount-de-sales-academy-macon/9-24-2026/?c=61c5b80a-238c-4e66-b76c-e637cd133d68","https://www.maxpreps.com/ga/softball/game/first-presbyterian-day-macon-vs-mount-de-sales-academy-macon/9-24-2026/?c=61c5b80a-238c-4e66-b76c-e637cd133d68","/softball/ga/1700?9/24/2026","Vikings","Cavaliers","https://www.maxpreps.com/ga/first-presbyterian-day-macon/boys-softball/","https://www.maxpreps.com/ga/mount-de-sales-academy-macon/boys-softball/","https://hsfootball.net/proxy.php?url=https%3A%2F%2Fimage.maxpreps.io%2Fschool-mascot%2F7%2F4%2F9%2F7499e810-127e-44a2-b526-02e7684e779f.gif%3Fversion%3D639129168665795330%26amp%3Bwidth%3D128%26amp%3Bheight%3D128%26amp%3Bauto%3Dwebp%26amp%3Bformat%3Dpjpg","https://hsfootball.net/proxy.php?url=https%3A%2F%2Fimage.maxpreps.io%2Fschool-mascot%2F7%2Fa%2F1%2F7a139b94-ae84-469c-8127-a7225bc1eb02.gif%3Fversion%3D639180967334421860%26amp%3Bwidth%3D128%26amp%3Bheight%3D128%26amp%3Bauto%3Dwebp%26amp%3Bformat%3Dpjpg"
33,"Statesboro vs Ware County",Boys Softball,"Georgia",9/24/2026,5:00pm,"The Statesboro varsity softball team has an away conference game @  Ware County (Waycross, GA) on Thursday, September 24 @ 5p.","/ga/softball/game/statesboro-vs-ware-county-waycross/9-24-2026/?c=96acdd56-c536-477b-a009-0a25272a1d73","https://www.maxpreps.com/ga/softball/game/statesboro-vs-ware-county-waycross/9-24-2026/?c=96acdd56-c536-477b-a009-0a25272a1d73","/softball/ga/daf?9/24/2026","Blue Devils","Gators","https://www.maxpreps.com/ga/statesboro/boys-softball/","https://www.maxpreps.com/ga/ware-county-waycross/boys-softball/","https://hsfootball.net/proxy.php?url=https%3A%2F%2Fimage.maxpreps.io%2Fschool-mascot%2Fb%2Ff%2Fb%2Fbfb48afb-1384-4d03-9904-40218a76df89.gif%3Fversion%3D635182095000000000%26amp%3Bwidth%3D128%26amp%3Bheight%3D128%26amp%3Bauto%3Dwebp%26amp%3Bformat%3Dpjpg","https://hsfootball.net/proxy.php?url=https%3A%2F%2Fimage.maxpreps.io%2Fschool-mascot%2F2%2F1%2F2%2F21250a23-a21f-47c8-a5c4-21dc2518747c.gif%3Fversion%3D639129168562805030%26amp%3Bwidth%3D128%26amp%3Bheight%3D128%26amp%3Bauto%3Dwebp%26amp%3Bformat%3Dpjpg"
34,"West Laurens vs Harlem",Boys Softball,"Georgia",9/24/2026,5:00pm,"The West Laurens varsity softball team has an away conference game @  Harlem (GA) on Thursday, September 24 @ 5p.","/ga/softball/game/harlem-vs-west-laurens-dexter/9-24-2026/?c=9eb4ee41-8766-4f1b-a7a5-e3b6c1acf1cc","https://www.maxpreps.com/ga/softball/game/harlem-vs-west-laurens-dexter/9-24-2026/?c=9eb4ee41-8766-4f1b-a7a5-e3b6c1acf1cc","/softball/ga/b5f?9/24/2026","Raiders","Bulldogs","https://www.maxpreps.com/ga/harlem/boys-softball/","https://www.maxpreps.com/ga/west-laurens-dexter/boys-softball/","https://hsfootball.net/proxy.php?url=https%3A%2F%2Fimage.maxpreps.io%2Fschool-mascot%2F6%2Fc%2F9%2F6c9a39bd-f84f-4351-bbe9-4011c9341a09.gif%3Fversion%3D639180161648439300%26amp%3Bwidth%3D128%26amp%3Bheight%3D128%26amp%3Bauto%3Dwebp%26amp%3Bformat%3Dpjpg","https://hsfootball.net/proxy.php?url=https%3A%2F%2Fimage.maxpreps.io%2Fschool-mascot%2F5%2Fe%2Fc%2F5ec496f8-17a3-4836-b343-196154ce1b2a.gif%3Fversion%3D637667837400000000%26amp%3Bwidth%3D128%26amp%3Bheight%3D128%26amp%3Bauto%3Dwebp%26amp%3Bformat%3Dpjpg"
35,"Butler vs Washington County",Boys Softball,"Georgia",9/24/2026,5:00pm,"The Butler varsity softball team has an away conference game @  Washington County (Sandersville, GA) on Thursday, September 24 @ 5p.","/ga/softball/game/butler-augusta-vs-washington-county-sandersville/9-24-2026/?c=03cb903a-9cad-495f-8ae5-9c17cad07391","https://www.maxpreps.com/ga/softball/game/butler-augusta-vs-washington-county-sandersville/9-24-2026/?c=03cb903a-9cad-495f-8ae5-9c17cad07391","/softball/ga/1342?9/24/2026","Bulldogs","Golden Hawks","https://www.maxpreps.com/ga/butler-augusta/boys-softball/","https://www.maxpreps.com/ga/washington-county-sandersville/boys-softball/","https://hsfootball.net/proxy.php?url=https%3A%2F%2Fimage.maxpreps.io%2Fschool-mascot%2Fe%2F5%2Fd%2Fe5ddc338-f95c-4d33-9a5f-273705ab566a.gif%3Fversion%3D639178764214790340%26amp%3Bwidth%3D128%26amp%3Bheight%3D128%26amp%3Bauto%3Dwebp%26amp%3Bformat%3Dpjpg","https://hsfootball.net/proxy.php?url=https%3A%2F%2Fimage.maxpreps.io%2Fschool-mascot%2F6%2F6%2Fa%2F66a05d5f-32c8-4823-8935-41c178477822.gif%3Fversion%3D636282865800000000%26amp%3Bwidth%3D128%26amp%3Bheight%3D128%26amp%3Bauto%3Dwebp%26amp%3Bformat%3Dpjpg"
36,"Meadowcreek vs Lakeside",Boys Softball,"Georgia",9/24/2026,5:00pm,"The Meadowcreek varsity softball team has an away conference game @  Lakeside (Atlanta, GA) on Thursday, September 24 @ 5p.","/ga/softball/game/lakeside-atlanta-vs-meadowcreek-norcross/9-24-2026/?c=14dc9251-0753-44c1-9b25-77a1c2cba00e","https://www.maxpreps.com/ga/softball/game/lakeside-atlanta-vs-meadowcreek-norcross/9-24-2026/?c=14dc9251-0753-44c1-9b25-77a1c2cba00e","/softball/ga/fc4?9/24/2026","Mustangs","Vikings","https://www.maxpreps.com/ga/lakeside-atlanta/boys-softball/","https://www.maxpreps.com/ga/meadowcreek-norcross/boys-softball/","https://hsfootball.net/proxy.php?url=https%3A%2F%2Fimage.maxpreps.io%2Fschool-mascot%2Ff%2F6%2F4%2Ff64cada6-f13b-43b9-b5f1-81ad2a6e3c75.gif%3Fversion%3D639134130995355230%26amp%3Bwidth%3D128%26amp%3Bheight%3D128%26amp%3Bauto%3Dwebp%26amp%3Bformat%3Dpjpg","https://hsfootball.net/proxy.php?url=https%3A%2F%2Fimage.maxpreps.io%2Fschool-mascot%2F6%2F3%2F1%2F631c05fe-ec43-47f4-b8d6-d801154ff7c8.gif%3Fversion%3D637856048400000000%26amp%3Bwidth%3D128%26amp%3Bheight%3D128%26amp%3Bauto%3Dwebp%26amp%3Bformat%3Dpjpg"
37,"Shiloh vs Dunwoody",Boys Softball,"Georgia",9/24/2026,5:00pm,"The Shiloh varsity softball team has an away conference game @  Dunwoody (GA) on Thursday, September 24 @ 5p.","/ga/softball/game/dunwoody-vs-shiloh-snellville/9-24-2026/?c=f1788671-9394-4c57-98e5-a9d8c90bea09","https://www.maxpreps.com/ga/softball/game/dunwoody-vs-shiloh-snellville/9-24-2026/?c=f1788671-9394-4c57-98e5-a9d8c90bea09","/softball/ga/baa?9/24/2026","Generals","Wildcats","https://www.maxpreps.com/ga/dunwoody/boys-softball/","https://www.maxpreps.com/ga/shiloh-snellville/boys-softball/","https://hsfootball.net/proxy.php?url=https%3A%2F%2Fimage.maxpreps.io%2Fschool-mascot%2F5%2Fc%2Fe%2F5ced43a2-3f4f-4ca4-923a-1bfb5f941713.gif%3Fversion%3D635826574800000000%26amp%3Bwidth%3D128%26amp%3Bheight%3D128%26amp%3Bauto%3Dwebp%26amp%3Bformat%3Dpjpg","https://hsfootball.net/proxy.php?url=https%3A%2F%2Fimage.maxpreps.io%2Fschool-mascot%2F6%2Ff%2F1%2F6f1efacb-8150-4f51-a6db-a6fc00f84f2f.gif%3Fversion%3D638685085606285270%26amp%3Bwidth%3D128%26amp%3Bheight%3D128%26amp%3Bauto%3Dwebp%26amp%3Bformat%3Dpjpg"
38,"First Preparatory Christian Academy vs Robert Toombs Christian Academy",Boys Softball,"Georgia",9/24/2026,5:00pm,"The First Preparatory Christian Academy varsity softball team has an away conference game @  Robert Toombs Christian Academy (Lyons, GA) on Thursday, September 24 @ 5p.","/ga/softball/game/first-preparatory-christian-academy-hinesville-vs-robert-toombs-christian-academy-lyons/9-24-2026/?c=f0336550-8681-4788-a40f-3f42ba75554e","https://www.maxpreps.com/ga/softball/game/first-preparatory-christian-academy-hinesville-vs-robert-toombs-christian-academy-lyons/9-24-2026/?c=f0336550-8681-4788-a40f-3f42ba75554e","/softball/ga/2248?9/24/2026","Highlanders","Crusaders","https://www.maxpreps.com/ga/first-preparatory-christian-academy-hinesville/boys-softball/","https://www.maxpreps.com/ga/robert-toombs-christian-academy-lyons/boys-softball/","https://hsfootball.net/proxy.php?url=https%3A%2F%2Fimage.maxpreps.io%2Fschool-mascot%2Fe%2F5%2F6%2Fe564dd67-1e6d-4d4f-b481-d07932105fba.gif%3Fversion%3D638737341250966090%26amp%3Bwidth%3D128%26amp%3Bheight%3D128%26amp%3Bauto%3Dwebp%26amp%3Bformat%3Dpjpg","https://hsfootball.net/proxy.php?url=https%3A%2F%2Fimage.maxpreps.io%2Fschool-mascot%2F5%2F5%2Fb%2F55bd94b9-86da-470c-b844-fedbeec7514d.gif%3Fversion%3D639180967310897520%26amp%3Bwidth%3D128%26amp%3Bheight%3D128%26amp%3Bauto%3Dwebp%26amp%3Bformat%3Dpjpg"
39,"Norcross vs North Gwinnett",Boys Softball,"Georgia",9/24/2026,5:00pm,"The Norcross varsity softball team has an away conference game @  North Gwinnett (Suwanee, GA) on Thursday, September 24 @ 5p.","/ga/softball/game/norcross-vs-north-gwinnett-suwanee/9-24-2026/?c=2f283679-e8bb-4a1a-b60d-8f018e15ef38","https://www.maxpreps.com/ga/softball/game/norcross-vs-north-gwinnett-suwanee/9-24-2026/?c=2f283679-e8bb-4a1a-b60d-8f018e15ef38","/softball/ga/da9?9/24/2026","Blue Devils","Bulldogs","https://www.maxpreps.com/ga/norcross/boys-softball/","https://www.maxpreps.com/ga/north-gwinnett-suwanee/boys-softball/","https://hsfootball.net/proxy.php?url=https%3A%2F%2Fimage.maxpreps.io%2Fschool-mascot%2F9%2Fa%2Fd%2F9ad035ba-8f76-4027-a133-7578bea9b9df.gif%3Fversion%3D637856065200000000%26amp%3Bwidth%3D128%26amp%3Bheight%3D128%26amp%3Bauto%3Dwebp%26amp%3Bformat%3Dpjpg","https://hsfootball.net/proxy.php?url=https%3A%2F%2Fimage.maxpreps.io%2Fschool-mascot%2F7%2F4%2Ff%2F74f4574f-bb69-4568-a3e6-861d0b4b6551.gif%3Fversion%3D639129168680513380%26amp%3Bwidth%3D128%26amp%3Bheight%3D128%26amp%3Bauto%3Dwebp%26amp%3Bformat%3Dpjpg"
40,"Jenkins County vs Wilkinson County",Boys Softball,"Georgia",9/24/2026,5:00pm,"The Jenkins County varsity softball team has an away conference game @  Wilkinson County (Irwinton, GA) on Thursday, September 24 @ 5p.","/ga/softball/game/jenkins-county-millen-vs-wilkinson-county-irwinton/9-24-2026/?c=cbd0eb9a-7f2c-4f85-9425-829080123a32","https://www.maxpreps.com/ga/softball/game/jenkins-county-millen-vs-wilkinson-county-irwinton/9-24-2026/?c=cbd0eb9a-7f2c-4f85-9425-829080123a32","/softball/ga/1406?9/24/2026","War Eagles","Warriors","https://www.maxpreps.com/ga/jenkins-county-millen/boys-softball/","https://www.maxpreps.com/ga/wilkinson-county-irwinton/boys-softball/","https://hsfootball.net/proxy.php?url=https%3A%2F%2Fimage.maxpreps.io%2Fschool-mascot%2F8%2Fb%2Fd%2F8bd431c4-32d0-4932-9fc3-c47db514c467.gif%3Fversion%3D639177538184114320%26amp%3Bwidth%3D128%26amp%3Bheight%3D128%26amp%3Bauto%3Dwebp%26amp%3Bformat%3Dpjpg","https://hsfootball.net/proxy.php?url=https%3A%2F%2Fimage.maxpreps.io%2Fschool-mascot%2F7%2F3%2Ff%2F73f5027b-cf17-4ebb-a719-123bdad47913.gif%3Fversion%3D639132244379483270%26amp%3Bwidth%3D128%26amp%3Bheight%3D128%26amp%3Bauto%3Dwebp%26amp%3Bformat%3Dpjpg"
41,"Whitewater vs Central",Boys Softball,"Georgia",9/24/2026,5:00pm,"The Whitewater varsity softball team has an away conference game @  Central (Carrollton, GA) on Thursday, September 24 @ 5p.","/ga/softball/game/central-carrollton-vs-whitewater-fayetteville/9-24-2026/?c=cf2f11de-a443-4663-b1af-c479eb33d8de","https://www.maxpreps.com/ga/softball/game/central-carrollton-vs-whitewater-fayetteville/9-24-2026/?c=cf2f11de-a443-4663-b1af-c479eb33d8de","/softball/ga/1218?9/24/2026","Wildcats","Lions","https://www.maxpreps.com/ga/central-carrollton/boys-softball/","https://www.maxpreps.com/ga/whitewater-fayetteville/boys-softball/","https://hsfootball.net/proxy.php?url=https%3A%2F%2Fimage.maxpreps.io%2Fschool-mascot%2F7%2F0%2F8%2F708855e3-bc80-4888-a9f8-6f99fcaaebda.gif%3Fversion%3D635591774400000000%26amp%3Bwidth%3D128%26amp%3Bheight%3D128%26amp%3Bauto%3Dwebp%26amp%3Bformat%3Dpjpg","https://hsfootball.net/proxy.php?url=https%3A%2F%2Fimage.maxpreps.io%2Fschool-mascot%2Fb%2F0%2F7%2Fb0715c3d-4a8c-4a51-87d6-18b87a218acc.gif%3Fversion%3D634859007000000000%26amp%3Bwidth%3D128%26amp%3Bheight%3D128%26amp%3Bauto%3Dwebp%26amp%3Bformat%3Dpjpg"
42,"Gatewood vs Flint River Academy",Boys Softball,"Georgia",9/24/2026,5:00pm,"The Gatewood varsity softball team has an away conference game @  Flint River Academy (Woodbury, GA) on Thursday, September 24 @ 5p.","/ga/softball/game/flint-river-academy-woodbury-vs-gatewood-eatonton/9-24-2026/?c=4dc59ce2-bc68-4e78-a85c-dc58e6d9b41d","https://www.maxpreps.com/ga/softball/game/flint-river-academy-woodbury-vs-gatewood-eatonton/9-24-2026/?c=4dc59ce2-bc68-4e78-a85c-dc58e6d9b41d","/softball/ga/134d?9/24/2026","Gators","Wildcats","https://www.maxpreps.com/ga/flint-river-academy-woodbury/boys-softball/","https://www.maxpreps.com/ga/gatewood-eatonton/boys-softball/","https://hsfootball.net/proxy.php?url=https%3A%2F%2Fimage.maxpreps.io%2Fschool-mascot%2F9%2F1%2F2%2F912a2a02-b79d-44d0-a978-421885d0dcb3.gif%3Fversion%3D638720077192125300%26amp%3Bwidth%3D128%26amp%3Bheight%3D128%26amp%3Bauto%3Dwebp%26amp%3Bformat%3Dpjpg","https://hsfootball.net/proxy.php?url=https%3A%2F%2Fimage.maxpreps.io%2Fschool-mascot%2F7%2F8%2Fd%2F78dcc023-2fc7-4340-ad63-b79c132606fa.gif%3Fversion%3D639127906904162700%26amp%3Bwidth%3D128%26amp%3Bheight%3D128%26amp%3Bauto%3Dwebp%26amp%3Bformat%3Dpjpg"
43,"Cambridge vs Blessed Trinity",Boys Softball,"Georgia",9/24/2026,5:00pm,"The Cambridge varsity softball team has an away conference game @  Blessed Trinity (Roswell, GA) on Thursday, September 24 @ 5p.","/ga/softball/game/blessed-trinity-roswell-vs-cambridge-milton/9-24-2026/?c=0863641c-a9f4-4f15-bf02-8a72559189a1","https://www.maxpreps.com/ga/softball/game/blessed-trinity-roswell-vs-cambridge-milton/9-24-2026/?c=0863641c-a9f4-4f15-bf02-8a72559189a1","/softball/ga/10f8?9/24/2026","Bears","Titans","https://www.maxpreps.com/ga/blessed-trinity-roswell/boys-softball/","https://www.maxpreps.com/ga/cambridge-milton/boys-softball/","https://hsfootball.net/proxy.php?url=https%3A%2F%2Fimage.maxpreps.io%2Fschool-mascot%2F3%2Fd%2F5%2F3d552001-e99e-4595-bbe0-d2638353ebc0.gif%3Fversion%3D637856058000000000%26amp%3Bwidth%3D128%26amp%3Bheight%3D128%26amp%3Bauto%3Dwebp%26amp%3Bformat%3Dpjpg","https://hsfootball.net/proxy.php?url=https%3A%2F%2Fimage.maxpreps.io%2Fschool-mascot%2F7%2F6%2Fd%2F76d9c5f9-e46c-4a1d-a130-d1e47281bf7a.gif%3Fversion%3D639223136534488210%26amp%3Bwidth%3D128%26amp%3Bheight%3D128%26amp%3Bauto%3Dwebp%26amp%3Bformat%3Dpjpg"
44,"Northgate vs Carrollton",Boys Softball,"Georgia",9/24/2026,5:00pm,"The Northgate varsity softball team has an away conference game @  Carrollton (GA) on Thursday, September 24 @ 5p.","/ga/softball/game/carrollton-vs-northgate-newnan/9-24-2026/?c=8507d25e-bd62-4c5f-ac0c-e26c0f978672","https://www.maxpreps.com/ga/softball/game/carrollton-vs-northgate-newnan/9-24-2026/?c=8507d25e-bd62-4c5f-ac0c-e26c0f978672","/softball/ga/c03?9/24/2026","Vikings","Trojans","https://www.maxpreps.com/ga/carrollton/boys-softball/","https://www.maxpreps.com/ga/northgate-newnan/boys-softball/","https://hsfootball.net/proxy.php?url=https%3A%2F%2Fimage.maxpreps.io%2Fschool-mascot%2F5%2F9%2Fb%2F59b5978a-ca52-436b-a7a6-ef619517fbdd.gif%3Fversion%3D639183171871446440%26amp%3Bwidth%3D128%26amp%3Bheight%3D128%26amp%3Bauto%3Dwebp%26amp%3Bformat%3Dpjpg","https://hsfootball.net/proxy.php?url=https%3A%2F%2Fimage.maxpreps.io%2Fschool-mascot%2F2%2Fc%2F6%2F2c66e977-fcec-48c5-9f86-062a506b700c.gif%3Fversion%3D639183171975290540%26amp%3Bwidth%3D128%26amp%3Bheight%3D128%26amp%3Bauto%3Dwebp%26amp%3Bformat%3Dpjpg"
45,"Peachtree Ridge vs Duluth",Boys Softball,"Georgia",9/24/2026,5:00pm,"The Peachtree Ridge varsity softball team has an away conference game @  Duluth (GA) on Thursday, September 24 @ 5p.","/ga/softball/game/duluth-vs-peachtree-ridge-suwanee/9-24-2026/?c=3911b315-632f-4b49-97ce-01e8f965e359","https://www.maxpreps.com/ga/softball/game/duluth-vs-peachtree-ridge-suwanee/9-24-2026/?c=3911b315-632f-4b49-97ce-01e8f965e359","/softball/ga/ce7?9/24/2026","Lions","Wildcats","https://www.maxpreps.com/ga/duluth/boys-softball/","https://www.maxpreps.com/ga/peachtree-ridge-suwanee/boys-softball/","https://hsfootball.net/proxy.php?url=https%3A%2F%2Fimage.maxpreps.io%2Fschool-mascot%2Fc%2F0%2F9%2Fc090a04c-91b8-429b-b003-e951f1fd2e79.gif%3Fversion%3D639134131019734700%26amp%3Bwidth%3D128%26amp%3Bheight%3D128%26amp%3Bauto%3Dwebp%26amp%3Bformat%3Dpjpg","https://hsfootball.net/proxy.php?url=https%3A%2F%2Fimage.maxpreps.io%2Fschool-mascot%2F0%2F7%2Fd%2F07d0f0e4-9fea-4b37-b46d-5407574780fe.gif%3Fversion%3D635126803800000000%26amp%3Bwidth%3D128%26amp%3Bheight%3D128%26amp%3Bauto%3Dwebp%26amp%3Bformat%3Dpjpg"
46,"Lambert Suwanee vs Pope Marietta",Boys Softball,"Georgia",9/24/2026,TBD,"The Pope Marietta varsity softball team has a game @ Lambert Suwanee (Georgia).","/ga/softball/game/lambert-suwanee-vs-pope-marietta/9-24-2026/?c=ad62ff9d-33f5-45c7-ae57-481e8243e2a1","https://www.maxpreps.com/ga/softball/game/lambert-suwanee-vs-pope-marietta/9-24-2026/?c=ad62ff9d-33f5-45c7-ae57-481e8243e2a1","/softball/ga/c87?9/24/2026","Suwanee","Marietta","https://www.maxpreps.com/ga/lambert-suwanee/boys-softball/","https://www.maxpreps.com/ga/pope-marietta/boys-softball/","",""
47,"Bremen vs Heard County Franklin",Boys Softball,"Georgia",9/24/2026,TBD,"The Heard County Franklin varsity softball team has a game @ Bremen (Georgia).","/ga/softball/game/bremen-vs-heard-county-franklin/9-24-2026/?c=b55928ab-68d8-474f-a503-901d11a6e0bd","https://www.maxpreps.com/ga/softball/game/bremen-vs-heard-county-franklin/9-24-2026/?c=b55928ab-68d8-474f-a503-901d11a6e0bd","/softball/ga/c11?9/24/2026","Bremen","Franklin","https://www.maxpreps.com/ga/bremen/boys-softball/","https://www.maxpreps.com/ga/heard-county-franklin/boys-softball/","",""
48,"Pinewood Christian Bellville vs Richmond Hill",Boys Softball,"Georgia",9/24/2026,TBD,"The Richmond Hill varsity softball team has a game @ Pinewood Christian Bellville (Georgia).","/ga/softball/game/pinewood-christian-bellville-vs-richmond-hill/9-24-2026/?c=8b180f9e-3227-418f-87de-f100a76ddde0","https://www.maxpreps.com/ga/softball/game/pinewood-christian-bellville-vs-richmond-hill/9-24-2026/?c=8b180f9e-3227-418f-87de-f100a76ddde0","/softball/ga/11ac?9/24/2026","Bellville","Hill","https://www.maxpreps.com/ga/pinewood-christian-bellville/boys-softball/","https://www.maxpreps.com/ga/richmond-hill/boys-softball/","",""
49,"Cross Creek Augusta vs Thomson",Boys Softball,"Georgia",9/24/2026,TBD,"The Thomson varsity softball team has a game @ Cross Creek Augusta (Georgia).","/ga/softball/game/cross-creek-augusta-vs-thomson/9-24-2026/?c=a4ba92f0-a120-480b-afca-70e880afeac8","https://www.maxpreps.com/ga/softball/game/cross-creek-augusta-vs-thomson/9-24-2026/?c=a4ba92f0-a120-480b-afca-70e880afeac8","/softball/ga/bd3?9/24/2026","Augusta","Thomson","https://www.maxpreps.com/ga/cross-creek-augusta/boys-softball/","https://www.maxpreps.com/ga/thomson/boys-softball/","",""
50,"Marion County Buena Vista vs Schley County Ellaville",Boys Softball,"Georgia",9/24/2026,TBD,"The Schley County Ellaville varsity softball team has a game @ Marion County Buena Vista (Georgia).","/ga/softball/game/marion-county-buena-vista-vs-schley-county-ellaville/9-24-2026/?c=f19101de-a53e-4001-ac4a-86f47c358654","https://www.maxpreps.com/ga/softball/game/marion-county-buena-vista-vs-schley-county-ellaville/9-24-2026/?c=f19101de-a53e-4001-ac4a-86f47c358654","/softball/ga/1462?9/24/2026","Vista","Ellaville","https://www.maxpreps.com/ga/marion-county-buena-vista/boys-softball/","https://www.maxpreps.com/ga/schley-county-ellaville/boys-softball/","",""
51,"Barrow Arts And Sciences Academy Winder vs Stephens County Toccoa",Boys Softball,"Georgia",9/24/2026,TBD,"The Stephens County Toccoa varsity softball team has a game @ Barrow Arts And Sciences Academy Winder (Georgia).","/ga/softball/game/barrow-arts-and-sciences-academy-winder-vs-stephens-county-toccoa/9-24-2026/?c=58e63d9f-5dae-4f69-8ec1-c739375eaaaa","https://www.maxpreps.com/ga/softball/game/barrow-arts-and-sciences-academy-winder-vs-stephens-county-toccoa/9-24-2026/?c=58e63d9f-5dae-4f69-8ec1-c739375eaaaa","/softball/ga/1927?9/24/2026","Winder","Toccoa","https://www.maxpreps.com/ga/barrow-arts-and-sciences-academy-winder/boys-softball/","https://www.maxpreps.com/ga/stephens-county-toccoa/boys-softball/","",""
52,"John Milledge Academy Milledgeville vs Stratford Academy Macon",Boys Softball,"Georgia",9/24/2026,TBD,"The Stratford Academy Macon varsity softball team has a game @ John Milledge Academy Milledgeville (Georgia).","/ga/softball/game/john-milledge-academy-milledgeville-vs-stratford-academy-macon/9-24-2026/?c=f254ff13-be7e-4fe0-8923-8a560234ef53","https://www.maxpreps.com/ga/softball/game/john-milledge-academy-milledgeville-vs-stratford-academy-macon/9-24-2026/?c=f254ff13-be7e-4fe0-8923-8a560234ef53","/softball/ga/1804?9/24/2026","Milledgeville","Macon","https://www.maxpreps.com/ga/john-milledge-academy-milledgeville/boys-softball/","https://www.maxpreps.com/ga/stratford-academy-macon/boys-softball/","",""
53,"Coosa Rome vs Mt Zion",Boys Softball,"Georgia",9/24/2026,TBD,"The Mt Zion varsity softball team has a game @ Coosa Rome (Georgia).","/ga/softball/game/coosa-rome-vs-mt-zion/9-24-2026/?c=52a8138e-bd39-4ebd-b1e3-62fdf3ff8cc4","https://www.maxpreps.com/ga/softball/game/coosa-rome-vs-mt-zion/9-24-2026/?c=52a8138e-bd39-4ebd-b1e3-62fdf3ff8cc4","/softball/ga/806?9/24/2026","Rome","Zion","https://www.maxpreps.com/ga/coosa-rome/boys-softball/","https://www.maxpreps.com/ga/mt-zion/boys-softball/","",""
54,"Lincoln County Lincolnton vs Washington Wilkes",Boys Softball,"Georgia",9/24/2026,TBD,"The Washington Wilkes varsity softball team has a game @ Lincoln County Lincolnton (Georgia).","/ga/softball/game/lincoln-county-lincolnton-vs-washington-wilkes/9-24-2026/?c=9465f598-4922-4ead-a946-83096eed63f1","https://www.maxpreps.com/ga/softball/game/lincoln-county-lincolnton-vs-washington-wilkes/9-24-2026/?c=9465f598-4922-4ead-a946-83096eed63f1","/softball/ga/126c?9/24/2026","Lincolnton","Wilkes","https://www.maxpreps.com/ga/lincoln-county-lincolnton/boys-softball/","https://www.maxpreps.com/ga/washington-wilkes/boys-softball/","",""
55,"Evans vs Richmond Academy Augusta",Boys Softball,"Georgia",9/24/2026,TBD,"The Richmond Academy Augusta varsity softball team has a game @ Evans (Georgia).","/ga/softball/game/evans-vs-richmond-academy-augusta/9-24-2026/?c=dd757556-dd7a-47c6-9094-5d20b9d28f5e","https://www.maxpreps.com/ga/softball/game/evans-vs-richmond-academy-augusta/9-24-2026/?c=dd757556-dd7a-47c6-9094-5d20b9d28f5e","/softball/ga/cdc?9/24/2026","Evans","Augusta","https://www.maxpreps.com/ga/evans/boys-softball/","https://www.maxpreps.com/ga/richmond-academy-augusta/boys-softball/","",""
56,"Lithonia vs Tucker",Boys Softball,"Georgia",9/24/2026,TBD,"The Tucker varsity softball team has a game @ Lithonia (Georgia).","/ga/softball/game/lithonia-vs-tucker/9-24-2026/?c=c009e127-6eac-49cc-82ff-0aa3f849cb99","https://www.maxpreps.com/ga/softball/game/lithonia-vs-tucker/9-24-2026/?c=c009e127-6eac-49cc-82ff-0aa3f849cb99","/softball/ga/729?9/24/2026","Lithonia","Tucker","https://www.maxpreps.com/ga/lithonia/boys-softball/","https://www.maxpreps.com/ga/tucker/boys-softball/","",""
57,"Lagrange vs Lithia Springs Leo The Lion",Boys Softball,"Georgia",9/24/2026,TBD,"The Lithia Springs Leo The Lion varsity softball team has a game @ Lagrange (Georgia).","/ga/softball/game/lagrange-vs-lithia-springs-leo-the-lion/9-24-2026/?c=5a5613dc-56ea-4cb8-9ec0-b706427a2f45","https://www.maxpreps.com/ga/softball/game/lagrange-vs-lithia-springs-leo-the-lion/9-24-2026/?c=5a5613dc-56ea-4cb8-9ec0-b706427a2f45","/softball/ga/eec?9/24/2026","Lagrange","Lion","https://www.maxpreps.com/ga/lagrange/boys-softball/","https://www.maxpreps.com/ga/lithia-springs-leo-the-lion/boys-softball/","",""
58,"Greenbrier Evans vs Lakeside Evans",Boys Softball,"Georgia",9/24/2026,TBD,"The Lakeside Evans varsity softball team has a game @ Greenbrier Evans (Georgia).","/ga/softball/game/greenbrier-evans-vs-lakeside-evans/9-24-2026/?c=be8f9d77-576e-45e9-be89-87759d7f05a1","https://www.maxpreps.com/ga/softball/game/greenbrier-evans-vs-lakeside-evans/9-24-2026/?c=be8f9d77-576e-45e9-be89-87759d7f05a1","/softball/ga/d3e?9/24/2026","Evans","Evans","https://www.maxpreps.com/ga/greenbrier-evans/boys-softball/","https://www.maxpreps.com/ga/lakeside-evans/boys-softball/","",""
59,"Carver Atlanta vs Mcnair Atlanta",Boys Softball,"Georgia",9/24/2026,TBD,"The Mcnair Atlanta varsity softball team has a game @ Carver Atlanta (Georgia).","/ga/softball/game/carver-atlanta-vs-mcnair-atlanta/9-24-2026/?c=6bde6a1c-576c-4652-a14a-60fa4314efab","https://www.maxpreps.com/ga/softball/game/carver-atlanta-vs-mcnair-atlanta/9-24-2026/?c=6bde6a1c-576c-4652-a14a-60fa4314efab","/softball/ga/c64?9/24/2026","Atlanta","Atlanta","https://www.maxpreps.com/ga/carver-atlanta/boys-softball/","https://www.maxpreps.com/ga/mcnair-atlanta/boys-softball/","",""
60,"Metter vs St Vincents Savannah",Boys Softball,"Georgia",9/24/2026,TBD,"The St Vincents Savannah varsity softball team has a game @ Metter (Georgia).","/ga/softball/game/metter-vs-st-vincents-savannah/9-24-2026/?c=f20da07d-2a87-41d6-b847-461f474edf5d","https://www.maxpreps.com/ga/softball/game/metter-vs-st-vincents-savannah/9-24-2026/?c=f20da07d-2a87-41d6-b847-461f474edf5d","/softball/ga/bcf?9/24/2026","Metter","Savannah","https://www.maxpreps.com/ga/metter/boys-softball/","https://www.maxpreps.com/ga/st-vincents-savannah/boys-softball/","",""
61,"Drew Charter Atlanta vs Washington Atlanta",Boys Softball,"Georgia",9/24/2026,TBD,"The Washington Atlanta varsity softball team has a game @ Drew Charter Atlanta (Georgia).","/ga/softball/game/drew-charter-atlanta-vs-washington-atlanta/9-24-2026/?c=83a9da68-b021-43fb-b433-27102282615a","https://www.maxpreps.com/ga/softball/game/drew-charter-atlanta-vs-washington-atlanta/9-24-2026/?c=83a9da68-b021-43fb-b433-27102282615a","/softball/ga/1071?9/24/2026","Atlanta","Atlanta","https://www.maxpreps.com/ga/drew-charter-atlanta/boys-softball/","https://www.maxpreps.com/ga/washington-atlanta/boys-softball/","",""
62,"Callaway Hogansville vs Jackson",Boys Softball,"Georgia",9/24/2026,TBD,"The Jackson varsity softball team has a game @ Callaway Hogansville (Georgia).","/ga/softball/game/callaway-hogansville-vs-jackson/9-24-2026/?c=5e8f6a46-1eef-4282-a7da-23145ba77ce6","https://www.maxpreps.com/ga/softball/game/callaway-hogansville-vs-jackson/9-24-2026/?c=5e8f6a46-1eef-4282-a7da-23145ba77ce6","/softball/ga/c43?9/24/2026","Hogansville","Jackson","https://www.maxpreps.com/ga/callaway-hogansville/boys-softball/","https://www.maxpreps.com/ga/jackson/boys-softball/","",""
63,"Hawkinsville vs Treutlen Soperton",Boys Softball,"Georgia",9/24/2026,TBD,"The Treutlen Soperton varsity softball team has a game @ Hawkinsville (Georgia).","/ga/softball/game/hawkinsville-vs-treutlen-soperton/9-24-2026/?c=36e4f9f8-2aba-4283-bdcc-908fd14c4c91","https://www.maxpreps.com/ga/softball/game/hawkinsville-vs-treutlen-soperton/9-24-2026/?c=36e4f9f8-2aba-4283-bdcc-908fd14c4c91","/softball/ga/d6e?9/24/2026","Hawkinsville","Soperton","https://www.maxpreps.com/ga/hawkinsville/boys-softball/","https://www.maxpreps.com/ga/treutlen-soperton/boys-softball/","",""
64,"Calvary Christian Columbus vs St Anne Pacelli Columbus",Boys Softball,"Georgia",9/24/2026,TBD,"The St Anne Pacelli Columbus varsity softball team has a game @ Calvary Christian Columbus (Georgia).","/ga/softball/game/calvary-christian-columbus-vs-st-anne-pacelli-columbus/9-24-2026/?c=f5cb49c0-744a-4fa7-a7a2-c961be34fd46","https://www.maxpreps.com/ga/softball/game/calvary-christian-columbus-vs-st-anne-pacelli-columbus/9-24-2026/?c=f5cb49c0-744a-4fa7-a7a2-c961be34fd46","/softball/ga/1512?9/24/2026","Columbus","Columbus","https://www.maxpreps.com/ga/calvary-christian-columbus/boys-softball/","https://www.maxpreps.com/ga/st-anne-pacelli-columbus/boys-softball/","",""
65,"Griffin vs Locust Grove",Boys Softball,"Georgia",9/24/2026,TBD,"The Locust Grove varsity softball team has a game @ Griffin (Georgia).","/ga/softball/game/griffin-vs-locust-grove/9-24-2026/?c=cb6d3111-969c-4b4c-9221-7eefffc3794e","https://www.maxpreps.com/ga/softball/game/griffin-vs-locust-grove/9-24-2026/?c=cb6d3111-969c-4b4c-9221-7eefffc3794e","/softball/ga/912?9/24/2026","Griffin","Grove","https://www.maxpreps.com/ga/griffin/boys-softball/","https://www.maxpreps.com/ga/locust-grove/boys-softball/","",""
66,"Morrow vs Woodward Academy College Park",Boys Softball,"Georgia",9/24/2026,TBD,"The Woodward Academy College Park varsity softball team has a game @ Morrow (Georgia).","/ga/softball/game/morrow-vs-woodward-academy-college-park/9-24-2026/?c=4913f318-fdf7-4007-854c-b0bee3852d68","https://www.maxpreps.com/ga/softball/game/morrow-vs-woodward-academy-college-park/9-24-2026/?c=4913f318-fdf7-4007-854c-b0bee3852d68","/softball/ga/f34?9/24/2026","Morrow","Park","https://www.maxpreps.com/ga/morrow/boys-softball/","https://www.maxpreps.com/ga/woodward-academy-college-park/boys-softball/","",""
67,"North Atlanta vs Pace Academy Atlanta",Boys Softball,"Georgia",9/24/2026,TBD,"The Pace Academy Atlanta varsity softball team has a game @ North Atlanta (Georgia).","/ga/softball/game/north-atlanta-vs-pace-academy-atlanta/9-24-2026/?c=77a7962f-9211-489b-bd22-05d3d8eac1ea","https://www.maxpreps.com/ga/softball/game/north-atlanta-vs-pace-academy-atlanta/9-24-2026/?c=77a7962f-9211-489b-bd22-05d3d8eac1ea","/softball/ga/e2c?9/24/2026","Atlanta","Atlanta","https://www.maxpreps.com/ga/north-atlanta/boys-softball/","https://www.maxpreps.com/ga/pace-academy-atlanta/boys-softball/","",""
68,"Bulloch Academy Statesboro vs Twiggs Academy Jeffersonville",Boys Softball,"Georgia",9/24/2026,TBD,"The Twiggs Academy Jeffersonville varsity softball team has a game @ Bulloch Academy Statesboro (Georgia).","/ga/softball/game/bulloch-academy-statesboro-vs-twiggs-academy-jeffersonville/9-24-2026/?c=01592839-ed3d-4824-a29c-77e318b64f69","https://www.maxpreps.com/ga/softball/game/bulloch-academy-statesboro-vs-twiggs-academy-jeffersonville/9-24-2026/?c=01592839-ed3d-4824-a29c-77e318b64f69","/softball/ga/1741?9/24/2026","Statesboro","Jeffersonville","https://www.maxpreps.com/ga/bulloch-academy-statesboro/boys-softball/","https://www.maxpreps.com/ga/twiggs-academy-jeffersonville/boys-softball/","",""
69,"Cartersville vs Dalton",Boys Softball,"Georgia",9/24/2026,TBD,"The Dalton varsity softball team has a game @ Cartersville (Georgia).","/ga/softball/game/cartersville-vs-dalton/9-24-2026/?c=2962020e-4115-4d22-a6a0-53a8b1f657fb","https://www.maxpreps.com/ga/softball/game/cartersville-vs-dalton/9-24-2026/?c=2962020e-4115-4d22-a6a0-53a8b1f657fb","/softball/ga/8d5?9/24/2026","Cartersville","Dalton","https://www.maxpreps.com/ga/cartersville/boys-softball/","https://www.maxpreps.com/ga/dalton/boys-softball/","",""
70,"Bryan County Pembroke vs Savannah Christian",Boys Softball,"Georgia",9/24/2026,TBD,"The Savannah Christian varsity softball team has a game @ Bryan County Pembroke (Georgia).","/ga/softball/game/bryan-county-pembroke-vs-savannah-christian/9-24-2026/?c=45b3d93c-1dde-4cfb-8ff0-361c3a42540d","https://www.maxpreps.com/ga/softball/game/bryan-county-pembroke-vs-savannah-christian/9-24-2026/?c=45b3d93c-1dde-4cfb-8ff0-361c3a42540d","/softball/ga/10f2?9/24/2026","Pembroke","Christian","https://www.maxpreps.com/ga/bryan-county-pembroke/boys-softball/","https://www.maxpreps.com/ga/savannah-christian/boys-softball/","",""
71,"Clarke Central Athens vs Jackson County Jefferson",Boys Softball,"Georgia",9/24/2026,TBD,"The Jackson County Jefferson varsity softball team has a game @ Clarke Central Athens (Georgia).","/ga/softball/game/clarke-central-athens-vs-jackson-county-jefferson/9-24-2026/?c=38231037-70e5-436f-a7c7-bac65a391dd8","https://www.maxpreps.com/ga/softball/game/clarke-central-athens-vs-jackson-county-jefferson/9-24-2026/?c=38231037-70e5-436f-a7c7-bac65a391dd8","/softball/ga/1322?9/24/2026","Athens","Jefferson","https://www.maxpreps.com/ga/clarke-central-athens/boys-softball/","https://www.maxpreps.com/ga/jackson-county-jefferson/boys-softball/","",""
72,"Creekside Fairburn vs Lovejoy",Boys Softball,"Georgia",9/24/2026,TBD,"The Lovejoy varsity softball team has a game @ Creekside Fairburn (Georgia).","/ga/softball/game/creekside-fairburn-vs-lovejoy/9-24-2026/?c=055ca139-37a5-4338-8743-f01bcfc5fa7f","https://www.maxpreps.com/ga/softball/game/creekside-fairburn-vs-lovejoy/9-24-2026/?c=055ca139-37a5-4338-8743-f01bcfc5fa7f","/softball/ga/b80?9/24/2026","Fairburn","Lovejoy","https://www.maxpreps.com/ga/creekside-fairburn/boys-softball/","https://www.maxpreps.com/ga/lovejoy/boys-softball/","",""
73,"Heritage Newnan vs Landmark Christian Fairburn",Boys Softball,"Georgia",9/24/2026,TBD,"The Landmark Christian Fairburn varsity softball team has a game @ Heritage Newnan (Georgia).","/ga/softball/game/heritage-newnan-vs-landmark-christian-fairburn/9-24-2026/?c=4bf803af-e5b4-43c0-b35a-a2f0a388d2a3","https://www.maxpreps.com/ga/softball/game/heritage-newnan-vs-landmark-christian-fairburn/9-24-2026/?c=4bf803af-e5b4-43c0-b35a-a2f0a388d2a3","/softball/ga/1202?9/24/2026","Newnan","Fairburn","https://www.maxpreps.com/ga/heritage-newnan/boys-softball/","https://www.maxpreps.com/ga/landmark-christian-fairburn/boys-softball/","",""
74,"Islands Savannah vs Tattnall County Reidsville",Boys Softball,"Georgia",9/24/2026,TBD,"The Tattnall County Reidsville varsity softball team has a game @ Islands Savannah (Georgia).","/ga/softball/game/islands-savannah-vs-tattnall-county-reidsville/9-24-2026/?c=133168d9-6bdf-448e-b195-d503d6f2fd29","https://www.maxpreps.com/ga/softball/game/islands-savannah-vs-tattnall-county-reidsville/9-24-2026/?c=133168d9-6bdf-448e-b195-d503d6f2fd29","/softball/ga/1241?9/24/2026","Savannah","Reidsville","https://www.maxpreps.com/ga/islands-savannah/boys-softball/","https://www.maxpreps.com/ga/tattnall-county-reidsville/boys-softball/","",""
75,"Dade County Trenton vs Gordon Lee Chickamauga",Boys Softball,"Georgia",9/24/2026,TBD,"The Gordon Lee Chickamauga varsity softball team has a game @ Dade County Trenton (Georgia).","/ga/softball/game/dade-county-trenton-vs-gordon-lee-chickamauga/9-24-2026/?c=7f99afd8-d6a9-4492-9e81-e76447c6409b","https://www.maxpreps.com/ga/softball/game/dade-county-trenton-vs-gordon-lee-chickamauga/9-24-2026/?c=7f99afd8-d6a9-4492-9e81-e76447c6409b","/softball/ga/115e?9/24/2026","Trenton","Chickamauga","https://www.maxpreps.com/ga/dade-county-trenton/boys-softball/","https://www.maxpreps.com/ga/gordon-lee-chickamauga/boys-softball/","",""
76,"Miller Grove Lithonia vs South Atlanta",Boys Softball,"Georgia",9/24/2026,TBD,"The South Atlanta varsity softball team has a game @ Miller Grove Lithonia (Georgia).","/ga/softball/game/miller-grove-lithonia-vs-south-atlanta/9-24-2026/?c=d403207b-7a02-41c4-bf18-c7b21ad03417","https://www.maxpreps.com/ga/softball/game/miller-grove-lithonia-vs-south-atlanta/9-24-2026/?c=d403207b-7a02-41c4-bf18-c7b21ad03417","/softball/ga/ee2?9/24/2026","Lithonia","Atlanta","https://www.maxpreps.com/ga/miller-grove-lithonia/boys-softball/","https://www.maxpreps.com/ga/south-atlanta/boys-softball/","",""
77,"Heritage Ringgold vs Southeast Whitfield Dalton",Boys Softball,"Georgia",9/24/2026,TBD,"The Southeast Whitfield Dalton varsity softball team has a game @ Heritage Ringgold (Georgia).","/ga/softball/game/heritage-ringgold-vs-southeast-whitfield-dalton/9-24-2026/?c=9f57369b-2a26-4373-ae0e-71d95e02f10a","https://www.maxpreps.com/ga/softball/game/heritage-ringgold-vs-southeast-whitfield-dalton/9-24-2026/?c=9f57369b-2a26-4373-ae0e-71d95e02f10a","/softball/ga/128b?9/24/2026","Ringgold","Dalton","https://www.maxpreps.com/ga/heritage-ringgold/boys-softball/","https://www.maxpreps.com/ga/southeast-whitfield-dalton/boys-softball/","",""
78,"Central Talbotton vs Lamar County Barnesville",Boys Softball,"Georgia",9/24/2026,TBD,"The Lamar County Barnesville varsity softball team has a game @ Central Talbotton (Georgia).","/ga/softball/game/central-talbotton-vs-lamar-county-barnesville/9-24-2026/?c=1e4ffb3f-c079-4062-beba-0dd3a2eeb906","https://www.maxpreps.com/ga/softball/game/central-talbotton-vs-lamar-county-barnesville/9-24-2026/?c=1e4ffb3f-c079-4062-beba-0dd3a2eeb906","/softball/ga/11d0?9/24/2026","Talbotton","Barnesville","https://www.maxpreps.com/ga/central-talbotton/boys-softball/","https://www.maxpreps.com/ga/lamar-county-barnesville/boys-softball/","",""
79,"Eagles Landing Mcdonough vs Jones County Gray",Boys Softball,"Georgia",9/24/2026,TBD,"The Jones County Gray varsity softball team has a game @ Eagles Landing Mcdonough (Georgia).","/ga/softball/game/eagles-landing-mcdonough-vs-jones-county-gray/9-24-2026/?c=6dcd8e48-1bf5-4b9f-8ee1-a41570bf852c","https://www.maxpreps.com/ga/softball/game/eagles-landing-mcdonough-vs-jones-county-gray/9-24-2026/?c=6dcd8e48-1bf5-4b9f-8ee1-a41570bf852c","/softball/ga/117d?9/24/2026","Mcdonough","Gray","https://www.maxpreps.com/ga/eagles-landing-mcdonough/boys-softball/","https://www.maxpreps.com/ga/jones-county-gray/boys-softball/","",""
80,"Calhoun vs Northwest Whitfield Tunnel Hill",Boys Softball,"Georgia",9/24/2026,TBD,"The Northwest Whitfield Tunnel Hill varsity softball team has a game @ Calhoun (Georgia).","/ga/softball/game/calhoun-vs-northwest-whitfield-tunnel-hill/9-24-2026/?c=9d06ac66-0a73-4169-910c-ee90b1f224be","https://www.maxpreps.com/ga/softball/game/calhoun-vs-northwest-whitfield-tunnel-hill/9-24-2026/?c=9d06ac66-0a73-4169-910c-ee90b1f224be","/softball/ga/10a1?9/24/2026","Calhoun","Hill","https://www.maxpreps.com/ga/calhoun/boys-softball/","https://www.maxpreps.com/ga/northwest-whitfield-tunnel-hill/boys-softball/","",""
81,"Apalachee Winder vs Mountain View Lawrenceville",Boys Softball,"Georgia",9/24/2026,TBD,"The Mountain View Lawrenceville varsity softball team has a game @ Apalachee Winder (Georgia).","/ga/softball/game/apalachee-winder-vs-mountain-view-lawrenceville/9-24-2026/?c=171cb3b7-b89d-4934-8a84-e7cfada79ff9","https://www.maxpreps.com/ga/softball/game/apalachee-winder-vs-mountain-view-lawrenceville/9-24-2026/?c=171cb3b7-b89d-4934-8a84-e7cfada79ff9","/softball/ga/127a?9/24/2026","Winder","Lawrenceville","https://www.maxpreps.com/ga/apalachee-winder/boys-softball/","https://www.maxpreps.com/ga/mountain-view-lawrenceville/boys-softball/","",""
82,"Telfair County Mcrae vs Turner County Ashburn",Boys Softball,"Georgia",9/24/2026,TBD,"The Turner County Ashburn varsity softball team has a game @ Telfair County Mcrae (Georgia).","/ga/softball/game/telfair-county-mcrae-vs-turner-county-ashburn/9-24-2026/?c=c2784d09-fba7-46a2-90ea-a7b1e95870bb","https://www.maxpreps.com/ga/softball/game/telfair-county-mcrae-vs-turner-county-ashburn/9-24-2026/?c=c2784d09-fba7-46a2-90ea-a7b1e95870bb","/softball/ga/11bd?9/24/2026","Mcrae","Ashburn","https://www.maxpreps.com/ga/telfair-county-mcrae/boys-softball/","https://www.maxpreps.com/ga/turner-county-ashburn/boys-softball/","",""
83,"Habersham Central Mt Airy vs Oglethorpe County Lexington",Boys Softball,"Georgia",9/24/2026,TBD,"The Oglethorpe County Lexington varsity softball team has a game @ Habersham Central Mt Airy (Georgia).","/ga/softball/game/habersham-central-mt-airy-vs-oglethorpe-county-lexington/9-24-2026/?c=80f37168-9d75-47b7-b090-bb441c1a1a75","https://www.maxpreps.com/ga/softball/game/habersham-central-mt-airy-vs-oglethorpe-county-lexington/9-24-2026/?c=80f37168-9d75-47b7-b090-bb441c1a1a75","/softball/ga/1601?9/24/2026","Airy","Lexington","https://www.maxpreps.com/ga/habersham-central-mt-airy/boys-softball/","https://www.maxpreps.com/ga/oglethorpe-county-lexington/boys-softball/","",""
84,"Bacon County Alma vs Brooks County Quitman",Boys Softball,"Georgia",9/24/2026,TBD,"The Brooks County Quitman varsity softball team has a game @ Bacon County Alma (Georgia).","/ga/softball/game/bacon-county-alma-vs-brooks-county-quitman/9-24-2026/?c=24780e4f-7891-499c-a509-7edb4a1776a2","https://www.maxpreps.com/ga/softball/game/bacon-county-alma-vs-brooks-county-quitman/9-24-2026/?c=24780e4f-7891-499c-a509-7edb4a1776a2","/softball/ga/1068?9/24/2026","Alma","Quitman","https://www.maxpreps.com/ga/bacon-county-alma/boys-softball/","https://www.maxpreps.com/ga/brooks-county-quitman/boys-softball/","",""
85,"Emanuel County Institute Twin City vs Portal",Boys Softball,"Georgia",9/24/2026,TBD,"The Portal varsity softball team has a game @ Emanuel County Institute Twin City (Georgia).","/ga/softball/game/emanuel-county-institute-twin-city-vs-portal/9-24-2026/?c=2c53b7d7-dd61-49e5-b0a0-73d0a88dab5a","https://www.maxpreps.com/ga/softball/game/emanuel-county-institute-twin-city-vs-portal/9-24-2026/?c=2c53b7d7-dd61-49e5-b0a0-73d0a88dab5a","/softball/ga/1176?9/24/2026","City","Portal","https://www.maxpreps.com/ga/emanuel-county-institute-twin-city/boys-softball/","https://www.maxpreps.com/ga/portal/boys-softball/","",""
86,"Upson Lee Thomaston vs Westside Macon",Boys Softball,"Georgia",9/24/2026,TBD,"The Westside Macon varsity softball team has a game @ Upson Lee Thomaston (Georgia).","/ga/softball/game/upson-lee-thomaston-vs-westside-macon/9-24-2026/?c=3f5d947b-5e2d-4aea-8258-4c1c8d916db3","https://www.maxpreps.com/ga/softball/game/upson-lee-thomaston-vs-westside-macon/9-24-2026/?c=3f5d947b-5e2d-4aea-8258-4c1c8d916db3","/softball/ga/e88?9/24/2026","Thomaston","Macon","https://www.maxpreps.com/ga/upson-lee-thomaston/boys-softball/","https://www.maxpreps.com/ga/westside-macon/boys-softball/","",""
87,"Georgia Military College Milledgeville vs Glascock County Gibson",Boys Softball,"Georgia",9/24/2026,TBD,"The Glascock County Gibson varsity softball team has a game @ Georgia Military College Milledgeville (Georgia).","/ga/softball/game/georgia-military-college-milledgeville-vs-glascock-county-gibson/9-24-2026/?c=71869f0d-c8d9-4c08-9e4c-2c174c644256","https://www.maxpreps.com/ga/softball/game/georgia-military-college-milledgeville-vs-glascock-county-gibson/9-24-2026/?c=71869f0d-c8d9-4c08-9e4c-2c174c644256","/softball/ga/1912?9/24/2026","Milledgeville","Gibson","https://www.maxpreps.com/ga/georgia-military-college-milledgeville/boys-softball/","https://www.maxpreps.com/ga/glascock-county-gibson/boys-softball/","",""
88,"Calvary Day Savannah vs Screven County Sylvania",Boys Softball,"Georgia",9/24/2026,TBD,"The Screven County Sylvania varsity softball team has a game @ Calvary Day Savannah (Georgia).","/ga/softball/game/calvary-day-savannah-vs-screven-county-sylvania/9-24-2026/?c=64f44c8b-3ac3-4648-a072-4db5e896ecb6","https://www.maxpreps.com/ga/softball/game/calvary-day-savannah-vs-screven-county-sylvania/9-24-2026/?c=64f44c8b-3ac3-4648-a072-4db5e896ecb6","/softball/ga/1276?9/24/2026","Savannah","Sylvania","https://www.maxpreps.com/ga/calvary-day-savannah/boys-softball/","https://www.maxpreps.com/ga/screven-county-sylvania/boys-softball/","",""
89,"Adairsville vs Ridgeland Rossville",Boys Softball,"Georgia",9/24/2026,TBD,"The Ridgeland Rossville varsity softball team has a game @ Adairsville (Georgia).","/ga/softball/game/adairsville-vs-ridgeland-rossville/9-24-2026/?c=4afe255e-a0a7-458a-9cfb-0437d60909e3","https://www.maxpreps.com/ga/softball/game/adairsville-vs-ridgeland-rossville/9-24-2026/?c=4afe255e-a0a7-458a-9cfb-0437d60909e3","/softball/ga/d8d?9/24/2026","Adairsville","Rossville","https://www.maxpreps.com/ga/adairsville/boys-softball/","https://www.maxpreps.com/ga/ridgeland-rossville/boys-softball/","",""
90,"Spalding Griffin vs Troup County Lagrange",Boys Softball,"Georgia",9/24/2026,TBD,"The Troup County Lagrange varsity softball team has a game @ Spalding Griffin (Georgia).","/ga/softball/game/spalding-griffin-vs-troup-county-lagrange/9-24-2026/?c=72acc459-b6c0-4ba4-8a2a-d1a90d35344f","https://www.maxpreps.com/ga/softball/game/spalding-griffin-vs-troup-county-lagrange/9-24-2026/?c=72acc459-b6c0-4ba4-8a2a-d1a90d35344f","/softball/ga/101e?9/24/2026","Griffin","Lagrange","https://www.maxpreps.com/ga/spalding-griffin/boys-softball/","https://www.maxpreps.com/ga/troup-county-lagrange/boys-softball/","",""
91,"East Forsyth Gainesville vs Jefferson",Boys Softball,"Georgia",9/24/2026,TBD,"The Jefferson varsity softball team has a game @ East Forsyth Gainesville (Georgia).","/ga/softball/game/east-forsyth-gainesville-vs-jefferson/9-24-2026/?c=9ee3de9c-aafb-4157-bd53-05bb16e0e79f","https://www.maxpreps.com/ga/softball/game/east-forsyth-gainesville-vs-jefferson/9-24-2026/?c=9ee3de9c-aafb-4157-bd53-05bb16e0e79f","/softball/ga/eae?9/24/2026","Gainesville","Jefferson","https://www.maxpreps.com/ga/east-forsyth-gainesville/boys-softball/","https://www.maxpreps.com/ga/jefferson/boys-softball/","",""
92,"Madison County Danielsville vs Winder Barrow Bulldoggs",Boys Softball,"Georgia",9/24/2026,TBD,"The Winder Barrow Bulldoggs varsity softball team has a game @ Madison County Danielsville (Georgia).","/ga/softball/game/madison-county-danielsville-vs-winder-barrow-bulldoggs/9-24-2026/?c=9627d9a7-4819-4d9a-803d-0f25594aca37","https://www.maxpreps.com/ga/softball/game/madison-county-danielsville-vs-winder-barrow-bulldoggs/9-24-2026/?c=9627d9a7-4819-4d9a-803d-0f25594aca37","/softball/ga/1559?9/24/2026","Danielsville","Bulldoggs","https://www.maxpreps.com/ga/madison-county-danielsville/boys-softball/","https://www.maxpreps.com/ga/winder-barrow-bulldoggs/boys-softball/","",""
93,"Georgia School For Innovation And Classics Hephzibah vs Johnson County Wrightsville",Boys Softball,"Georgia",9/24/2026,TBD,"The Johnson County Wrightsville varsity softball team has a game @ Georgia School For Innovation And Classics Hephzibah (Georgia).","/ga/softball/game/georgia-school-for-innovation-and-classics-hephzibah-vs-johnson-county-wrightsville/9-24-2026/?c=138385b0-3269-41a3-b728-86201e64d03a","https://www.maxpreps.com/ga/softball/game/georgia-school-for-innovation-and-classics-hephzibah-vs-johnson-county-wrightsville/9-24-2026/?c=138385b0-3269-41a3-b728-86201e64d03a","/softball/ga/209d?9/24/2026","Hephzibah","Wrightsville","https://www.maxpreps.com/ga/georgia-school-for-innovation-and-classics-hephzibah/boys-softball/","https://www.maxpreps.com/ga/johnson-county-wrightsville/boys-softball/","",""
94,"Marist Atlanta vs North Cobb Kennesaw",Boys Softball,"Georgia",9/24/2026,TBD,"The North Cobb Kennesaw varsity softball team has a game @ Marist Atlanta (Georgia).","/ga/softball/game/marist-atlanta-vs-north-cobb-kennesaw/9-24-2026/?c=424af795-2fa1-421c-946c-09c3f817a4c6","https://www.maxpreps.com/ga/softball/game/marist-atlanta-vs-north-cobb-kennesaw/9-24-2026/?c=424af795-2fa1-421c-946c-09c3f817a4c6","/softball/ga/e5c?9/24/2026","Atlanta","Kennesaw","https://www.maxpreps.com/ga/marist-atlanta/boys-softball/","https://www.maxpreps.com/ga/north-cobb-kennesaw/boys-softball/","",""
95,"Mcintosh County Academy Darien vs Montgomery County Mt Vernon",Boys Softball,"Georgia",9/24/2026,TBD,"The Montgomery County Mt Vernon varsity softball team has a game @ Mcintosh County Academy Darien (Georgia).","/ga/softball/game/mcintosh-county-academy-darien-vs-montgomery-county-mt-vernon/9-24-2026/?c=f3804f0b-4cfc-4f52-a49f-b71e7093ae8b","https://www.maxpreps.com/ga/softball/game/mcintosh-county-academy-darien-vs-montgomery-county-mt-vernon/9-24-2026/?c=f3804f0b-4cfc-4f52-a49f-b71e7093ae8b","/softball/ga/180b?9/24/2026","Darien","Vernon","https://www.maxpreps.com/ga/mcintosh-county-academy-darien/boys-softball/","https://www.maxpreps.com/ga/montgomery-county-mt-vernon/boys-softball/","",""
96,"Flowery Branch vs North Oconee Bogart",Boys Softball,"Georgia",9/24/2026,TBD,"The North Oconee Bogart varsity softball team has a game @ Flowery Branch (Georgia).","/ga/softball/game/flowery-branch-vs-north-oconee-bogart/9-24-2026/?c=59e570ee-d5e3-4123-99e8-290025bb3842","https://www.maxpreps.com/ga/softball/game/flowery-branch-vs-north-oconee-bogart/9-24-2026/?c=59e570ee-d5e3-4123-99e8-290025bb3842","/softball/ga/e63?9/24/2026","Branch","Bogart","https://www.maxpreps.com/ga/flowery-branch/boys-softball/","https://www.maxpreps.com/ga/north-oconee-bogart/boys-softball/","",""
97,"Whitefield Academy Mableton vs Woodland Cartersville",Boys Softball,"Georgia",9/24/2026,TBD,"The Woodland Cartersville varsity softball team has a game @ Whitefield Academy Mableton (Georgia).","/ga/softball/game/whitefield-academy-mableton-vs-woodland-cartersville/9-24-2026/?c=4076f523-0141-4506-8708-a8cc52ac8efb","https://www.maxpreps.com/ga/softball/game/whitefield-academy-mableton-vs-woodland-cartersville/9-24-2026/?c=4076f523-0141-4506-8708-a8cc52ac8efb","/softball/ga/147d?9/24/2026","Mableton","Cartersville","https://www.maxpreps.com/ga/whitefield-academy-mableton/boys-softball/","https://www.maxpreps.com/ga/woodland-cartersville/boys-softball/","",""
98,"Central Macon vs Lamar County Barnesville",Boys Softball,"Georgia",9/24/2026,TBD,"The Lamar County Barnesville varsity softball team has a game @ Central Macon (Georgia).","/ga/softball/game/central-macon-vs-lamar-county-barnesville/9-24-2026/?c=41c78b8e-bdb0-400f-9ce4-cf07b939534d","https://www.maxpreps.com/ga/softball/game/central-macon-vs-lamar-county-barnesville/9-24-2026/?c=41c78b8e-bdb0-400f-9ce4-cf07b939534d","/softball/ga/1007?9/24/2026","Macon","Barnesville","https://www.maxpreps.com/ga/central-macon/boys-softball/","https://www.maxpreps.com/ga/lamar-county-barnesville/boys-softball/","",""
99,"Lafayette vs Union County Blairsville",Boys Softball,"Georgia",9/24/2026,TBD,"The Union County Blairsville varsity softball team has a game @ Lafayette (Georgia).","/ga/softball/game/lafayette-vs-union-county-blairsville/9-24-2026/?c=58bf6173-a9c8-4e18-b1b7-b5b96d4cd875","https://www.maxpreps.com/ga/softball/game/lafayette-vs-union-county-blairsville/9-24-2026/?c=58bf6173-a9c8-4e18-b1b7-b5b96d4cd875","/softball/ga/ec0?9/24/2026","Lafayette","Blairsville","https://www.maxpreps.com/ga/lafayette/boys-softball/","https://www.maxpreps.com/ga/union-county-blairsville/boys-softball/","",""
100,"Coahulla Creek Dalton vs Sonoraville Calhoun",Boys Softball,"Georgia",9/24/2026,TBD,"The Sonoraville Calhoun varsity softball team has a game @ Coahulla Creek Dalton (Georgia).","/ga/softball/game/coahulla-creek-dalton-vs-sonoraville-calhoun/9-24-2026/?c=00f601fd-4135-43f6-9fc2-5d08523088bb","https://www.maxpreps.com/ga/softball/game/coahulla-creek-dalton-vs-sonoraville-calhoun/9-24-2026/?c=00f601fd-4135-43f6-9fc2-5d08523088bb","/softball/ga/1137?9/24/2026","Dalton","Calhoun","https://www.maxpreps.com/ga/coahulla-creek-dalton/boys-softball/","https://www.maxpreps.com/ga/sonoraville-calhoun/boys-softball/","",""
101,"Hiram vs New Manchester Douglasville",Boys Softball,"Georgia",9/24/2026,TBD,"The New Manchester Douglasville varsity softball team has a game @ Hiram (Georgia).","/ga/softball/game/hiram-vs-new-manchester-douglasville/9-24-2026/?c=ad9fcbc0-9a2a-49b4-8ee5-9063efab81db","https://www.maxpreps.com/ga/softball/game/hiram-vs-new-manchester-douglasville/9-24-2026/?c=ad9fcbc0-9a2a-49b4-8ee5-9063efab81db","/softball/ga/e2d?9/24/2026","Hiram","Douglasville","https://www.maxpreps.com/ga/hiram/boys-softball/","https://www.maxpreps.com/ga/new-manchester-douglasville/boys-softball/","",""
102,"North Murray Chatsworth vs Rockmart",Boys Softball,"Georgia",9/24/2026,TBD,"The Rockmart varsity softball team has a game @ North Murray Chatsworth (Georgia).","/ga/softball/game/north-murray-chatsworth-vs-rockmart/9-24-2026/?c=6969fa84-31e3-465d-84ac-2859a3886ef3","https://www.maxpreps.com/ga/softball/game/north-murray-chatsworth-vs-rockmart/9-24-2026/?c=6969fa84-31e3-465d-84ac-2859a3886ef3","/softball/ga/e12?9/24/2026","Chatsworth","Rockmart","https://www.maxpreps.com/ga/north-murray-chatsworth/boys-softball/","https://www.maxpreps.com/ga/rockmart/boys-softball/","",""
103,"Elbert County Elberton vs Hebron Christian Dacula",Boys Softball,"Georgia",9/24/2026,TBD,"The Hebron Christian Dacula varsity softball team has a game @ Elbert County Elberton (Georgia).","/ga/softball/game/elbert-county-elberton-vs-hebron-christian-dacula/9-24-2026/?c=e98500cc-164a-4ce2-a349-371c34bd73d5","https://www.maxpreps.com/ga/softball/game/elbert-county-elberton-vs-hebron-christian-dacula/9-24-2026/?c=e98500cc-164a-4ce2-a349-371c34bd73d5","/softball/ga/131f?9/24/2026","Elberton","Dacula","https://www.maxpreps.com/ga/elbert-county-elberton/boys-softball/","https://www.maxpreps.com/ga/hebron-christian-dacula/boys-softball/","",""
104,"Heritage Conyers vs Midtown Atlanta",Boys Softball,"Georgia",9/24/2026,TBD,"The Midtown Atlanta varsity softball team has a game @ Heritage Conyers (Georgia).","/ga/softball/game/heritage-conyers-vs-midtown-atlanta/9-24-2026/?c=de692234-4e9c-4824-be00-618c2cc303ac","https://www.maxpreps.com/ga/softball/game/heritage-conyers-vs-midtown-atlanta/9-24-2026/?c=de692234-4e9c-4824-be00-618c2cc303ac","/softball/ga/dd0?9/24/2026","Conyers","Atlanta","https://www.maxpreps.com/ga/heritage-conyers/boys-softball/","https://www.maxpreps.com/ga/midtown-atlanta/boys-softball/","",""
105,"Berkmar Lilburn vs West Hall Oakwood",Boys Softball,"Georgia",9/24/2026,TBD,"The West Hall Oakwood varsity softball team has a game @ Berkmar Lilburn (Georgia).","/ga/softball/game/berkmar-lilburn-vs-west-hall-oakwood/9-24-2026/?c=ef82f14c-6027-41d9-bf8e-fe0621a97355","https://www.maxpreps.com/ga/softball/game/berkmar-lilburn-vs-west-hall-oakwood/9-24-2026/?c=ef82f14c-6027-41d9-bf8e-fe0621a97355","/softball/ga/dfe?9/24/2026","Lilburn","Oakwood","https://www.maxpreps.com/ga/berkmar-lilburn/boys-softball/","https://www.maxpreps.com/ga/west-hall-oakwood/boys-softball/","",""
106,"Christian Heritage Dalton vs Fannin County Blue Ridge",Boys Softball,"Georgia",9/24/2026,TBD,"The Fannin County Blue Ridge varsity softball team has a game @ Christian Heritage Dalton (Georgia).","/ga/softball/game/christian-heritage-dalton-vs-fannin-county-blue-ridge/9-24-2026/?c=893635b3-c5ee-4b3c-aa47-683584fc4ac6","https://www.maxpreps.com/ga/softball/game/christian-heritage-dalton-vs-fannin-county-blue-ridge/9-24-2026/?c=893635b3-c5ee-4b3c-aa47-683584fc4ac6","/softball/ga/1483?9/24/2026","Dalton","Ridge","https://www.maxpreps.com/ga/christian-heritage-dalton/boys-softball/","https://www.maxpreps.com/ga/fannin-county-blue-ridge/boys-softball/","",""
107,"Bethlehem Christian Academy vs Piedmont Academy Monticello",Boys Softball,"Georgia",9/24/2026,TBD,"The Piedmont Academy Monticello varsity softball team has a game @ Bethlehem Christian Academy (Georgia).","/ga/softball/game/bethlehem-christian-academy-vs-piedmont-academy-monticello/9-24-2026/?c=34f68a35-2074-45ed-9f16-78cbf84d6350","https://www.maxpreps.com/ga/softball/game/bethlehem-christian-academy-vs-piedmont-academy-monticello/9-24-2026/?c=34f68a35-2074-45ed-9f16-78cbf84d6350","/softball/ga/16a8?9/24/2026","Academy","Monticello","https://www.maxpreps.com/ga/bethlehem-christian-academy/boys-softball/","https://www.maxpreps.com/ga/piedmont-academy-monticello/boys-softball/","",""
108,"Carver Columbus vs Sumter County Americus",Boys Softball,"Georgia",9/24/2026,TBD,"The Sumter County Americus varsity softball team has a game @ Carver Columbus (Georgia).","/ga/softball/game/carver-columbus-vs-sumter-county-americus/9-24-2026/?c=9c745134-9abe-45de-9a71-3921f6494c3b","https://www.maxpreps.com/ga/softball/game/carver-columbus-vs-sumter-county-americus/9-24-2026/?c=9c745134-9abe-45de-9a71-3921f6494c3b","/softball/ga/1052?9/24/2026","Columbus","Americus","https://www.maxpreps.com/ga/carver-columbus/boys-softball/","https://www.maxpreps.com/ga/sumter-county-americus/boys-softball/","",""
109,"Dodge County Eastman vs East Laurens East Dublin",Boys Softball,"Georgia",9/24/2026,TBD,"The East Laurens East Dublin varsity softball team has a game @ Dodge County Eastman (Georgia).","/ga/softball/game/dodge-county-eastman-vs-east-laurens-east-dublin/9-24-2026/?c=863c28b7-c4c3-4037-9bb4-b5c9731751e3","https://www.maxpreps.com/ga/softball/game/dodge-county-eastman-vs-east-laurens-east-dublin/9-24-2026/?c=863c28b7-c4c3-4037-9bb4-b5c9731751e3","/softball/ga/1284?9/24/2026","Eastman","Dublin","https://www.maxpreps.com/ga/dodge-county-eastman/boys-softball/","https://www.maxpreps.com/ga/east-laurens-east-dublin/boys-softball/","",""
110,"Chattooga Summerville vs Lakeview Fort Oglethorpe",Boys Softball,"Georgia",9/24/2026,TBD,"The Lakeview Fort Oglethorpe varsity softball team has a game @ Chattooga Summerville (Georgia).","/ga/softball/game/chattooga-summerville-vs-lakeview-fort-oglethorpe/9-24-2026/?c=4403cb4a-a1e6-4bfa-b598-353b9131a7a0","https://www.maxpreps.com/ga/softball/game/chattooga-summerville-vs-lakeview-fort-oglethorpe/9-24-2026/?c=4403cb4a-a1e6-4bfa-b598-353b9131a7a0","/softball/ga/1385?9/24/2026","Summerville","Oglethorpe","https://www.maxpreps.com/ga/chattooga-summerville/boys-softball/","https://www.maxpreps.com/ga/lakeview-fort-oglethorpe/boys-softball/","",""
111,"Bleckley County Cochran vs Crawford County Roberta",Boys Softball,"Georgia",9/24/2026,TBD,"The Crawford County Roberta varsity softball team has a game @ Bleckley County Cochran (Georgia).","/ga/softball/game/bleckley-county-cochran-vs-crawford-county-roberta/9-24-2026/?c=0b6ec6b3-85e9-476b-960e-e23c00b62bfb","https://www.maxpreps.com/ga/softball/game/bleckley-county-cochran-vs-crawford-county-roberta/9-24-2026/?c=0b6ec6b3-85e9-476b-960e-e23c00b62bfb","/softball/ga/13ab?9/24/2026","Cochran","Roberta","https://www.maxpreps.com/ga/bleckley-county-cochran/boys-softball/","https://www.maxpreps.com/ga/crawford-county-roberta/boys-softball/","",""
112,"Mcintosh Peachtree City vs Tri Cities East Point",Boys Softball,"Georgia",9/24/2026,TBD,"The Tri Cities East Point varsity softball team has a game @ Mcintosh Peachtree City (Georgia).","/ga/softball/game/mcintosh-peachtree-city-vs-tri-cities-east-point/9-24-2026/?c=f8a789a3-012b-4d93-8c5e-039e4e06060f","https://www.maxpreps.com/ga/softball/game/mcintosh-peachtree-city-vs-tri-cities-east-point/9-24-2026/?c=f8a789a3-012b-4d93-8c5e-039e4e06060f","/softball/ga/129a?9/24/2026","City","Point","https://www.maxpreps.com/ga/mcintosh-peachtree-city/boys-softball/","https://www.maxpreps.com/ga/tri-cities-east-point/boys-softball/","",""
113,"Dawson County Dawsonville vs North Hall Gainesville",Boys Softball,"Georgia",9/24/2026,TBD,"The North Hall Gainesville varsity softball team has a game @ Dawson County Dawsonville (Georgia).","/ga/softball/game/dawson-county-dawsonville-vs-north-hall-gainesville/9-24-2026/?c=61b1603f-44cf-4a5b-b34b-8b1ff97e80ef","https://www.maxpreps.com/ga/softball/game/dawson-county-dawsonville-vs-north-hall-gainesville/9-24-2026/?c=61b1603f-44cf-4a5b-b34b-8b1ff97e80ef","/softball/ga/142c?9/24/2026","Dawsonville","Gainesville","https://www.maxpreps.com/ga/dawson-county-dawsonville/boys-softball/","https://www.maxpreps.com/ga/north-hall-gainesville/boys-softball/","",""
114,"Wheeler County Alamo vs Wilcox County Rochelle",Boys Softball,"Georgia",9/24/2026,TBD,"The Wilcox County Rochelle varsity softball team has a game @ Wheeler County Alamo (Georgia).","/ga/softball/game/wheeler-county-alamo-vs-wilcox-county-rochelle/9-24-2026/?c=e1391e8b-c69e-444d-b9fa-8a7870d4afec","https://www.maxpreps.com/ga/softball/game/wheeler-county-alamo-vs-wilcox-county-rochelle/9-24-2026/?c=e1391e8b-c69e-444d-b9fa-8a7870d4afec","/softball/ga/1215?9/24/2026","Alamo","Rochelle","https://www.maxpreps.com/ga/wheeler-county-alamo/boys-softball/","https://www.maxpreps.com/ga/wilcox-county-rochelle/boys-softball/","",""
115,"Monroe Golden Tornadoes Albany vs Westover Albany",Boys Softball,"Georgia",9/24/2026,TBD,"The Westover Albany varsity softball team has a game @ Monroe Golden Tornadoes Albany (Georgia).","/ga/softball/game/monroe-golden-tornadoes-albany-vs-westover-albany/9-24-2026/?c=28214bdb-f4c6-491d-81b1-142d3baa3fb6","https://www.maxpreps.com/ga/softball/game/monroe-golden-tornadoes-albany-vs-westover-albany/9-24-2026/?c=28214bdb-f4c6-491d-81b1-142d3baa3fb6","/softball/ga/133c?9/24/2026","Albany","Albany","https://www.maxpreps.com/ga/monroe-golden-tornadoes-albany/boys-softball/","https://www.maxpreps.com/ga/westover-albany/boys-softball/","",""
116,"Grayson Loganville vs Newton Covington",Boys Softball,"Georgia",9/24/2026,TBD,"The Newton Covington varsity softball team has a game @ Grayson Loganville (Georgia).","/ga/softball/game/grayson-loganville-vs-newton-covington/9-24-2026/?c=eebe61b2-5b8c-44c3-9827-3e233f6e7952","https://www.maxpreps.com/ga/softball/game/grayson-loganville-vs-newton-covington/9-24-2026/?c=eebe61b2-5b8c-44c3-9827-3e233f6e7952","/softball/ga/f3f?9/24/2026","Loganville","Covington","https://www.maxpreps.com/ga/grayson-loganville/boys-softball/","https://www.maxpreps.com/ga/newton-covington/boys-softball/","",""
117,"Brookwood Snellville vs Parkview Lilburn",Boys Softball,"Georgia",9/24/2026,TBD,"The Parkview Lilburn varsity softball team has a game @ Brookwood Snellville (Georgia).","/ga/softball/game/brookwood-snellville-vs-parkview-lilburn/9-24-2026/?c=2a5a3aa8-63a6-4eb4-9e79-b417f302b2fc","https://www.maxpreps.com/ga/softball/game/brookwood-snellville-vs-parkview-lilburn/9-24-2026/?c=2a5a3aa8-63a6-4eb4-9e79-b417f302b2fc","/softball/ga/100e?9/24/2026","Snellville","Lilburn","https://www.maxpreps.com/ga/brookwood-snellville/boys-softball/","https://www.maxpreps.com/ga/parkview-lilburn/boys-softball/","",""
118,"Franklin County Carnesville vs Morgan County Madison",Boys Softball,"Georgia",9/24/2026,TBD,"The Morgan County Madison varsity softball team has a game @ Franklin County Carnesville (Georgia).","/ga/softball/game/franklin-county-carnesville-vs-morgan-county-madison/9-24-2026/?c=c08ba9ac-5698-4dfa-ae20-229b911d32b8","https://www.maxpreps.com/ga/softball/game/franklin-county-carnesville-vs-morgan-county-madison/9-24-2026/?c=c08ba9ac-5698-4dfa-ae20-229b911d32b8","/softball/ga/1497?9/24/2026","Carnesville","Madison","https://www.maxpreps.com/ga/franklin-county-carnesville/boys-softball/","https://www.maxpreps.com/ga/morgan-county-madison/boys-softball/","",""
119,"Ml King Lithonia vs Mundys Mill Jonesboro",Boys Softball,"Georgia",9/24/2026,TBD,"The Mundys Mill Jonesboro varsity softball team has a game @ Ml King Lithonia (Georgia).","/ga/softball/game/ml-king-lithonia-vs-mundys-mill-jonesboro/9-24-2026/?c=81deb46a-1c44-4957-bac7-953d6183752b","https://www.maxpreps.com/ga/softball/game/ml-king-lithonia-vs-mundys-mill-jonesboro/9-24-2026/?c=81deb46a-1c44-4957-bac7-953d6183752b","/softball/ga/ff0?9/24/2026","Lithonia","Jonesboro","https://www.maxpreps.com/ga/ml-king-lithonia/boys-softball/","https://www.maxpreps.com/ga/mundys-mill-jonesboro/boys-softball/","",""
120,"Collins Hill Suwanee vs Mill Creek Hoschton",Boys Softball,"Georgia",9/24/2026,TBD,"The Mill Creek Hoschton varsity softball team has a game @ Collins Hill Suwanee (Georgia).","/ga/softball/game/collins-hill-suwanee-vs-mill-creek-hoschton/9-24-2026/?c=8c1162f2-c6b7-4d2d-94f9-2890200da8d1","https://www.maxpreps.com/ga/softball/game/collins-hill-suwanee-vs-mill-creek-hoschton/9-24-2026/?c=8c1162f2-c6b7-4d2d-94f9-2890200da8d1","/softball/ga/10aa?9/24/2026","Suwanee","Hoschton","https://www.maxpreps.com/ga/collins-hill-suwanee/boys-softball/","https://www.maxpreps.com/ga/mill-creek-hoschton/boys-softball/","",""
121,"Pataula Charter Academy Edison vs Southwest Georgia Stem Charter Shellman",Boys Softball,"Georgia",9/24/2026,TBD,"The Southwest Georgia Stem Charter Shellman varsity softball team has a game @ Pataula Charter Academy Edison (Georgia).","/ga/softball/game/pataula-charter-academy-edison-vs-southwest-georgia-stem-charter-shellman/9-24-2026/?c=174873bd-bb3b-42a3-85c1-10f1ce683f85","https://www.maxpreps.com/ga/softball/game/pataula-charter-academy-edison-vs-southwest-georgia-stem-charter-shellman/9-24-2026/?c=174873bd-bb3b-42a3-85c1-10f1ce683f85","/softball/ga/1c6f?9/24/2026","Edison","Shellman","https://www.maxpreps.com/ga/pataula-charter-academy-edison/boys-softball/","https://www.maxpreps.com/ga/southwest-georgia-stem-charter-shellman/boys-softball/","",""
122,"Atkinson County Pearson vs Irwin County Ocilla",Boys Softball,"Georgia",9/24/2026,TBD,"The Irwin County Ocilla varsity softball team has a game @ Atkinson County Pearson (Georgia).","/ga/softball/game/atkinson-county-pearson-vs-irwin-county-ocilla/9-24-2026/?c=3cb81158-cb66-48ab-9ff1-e7d090e45785","https://www.maxpreps.com/ga/softball/game/atkinson-county-pearson-vs-irwin-county-ocilla/9-24-2026/?c=3cb81158-cb66-48ab-9ff1-e7d090e45785","/softball/ga/1237?9/24/2026","Pearson","Ocilla","https://www.maxpreps.com/ga/atkinson-county-pearson/boys-softball/","https://www.maxpreps.com/ga/irwin-county-ocilla/boys-softball/","",""
123,"Brantley County Nahunta vs Toombs County Lyons",Boys Softball,"Georgia",9/24/2026,TBD,"The Toombs County Lyons varsity softball team has a game @ Brantley County Nahunta (Georgia).","/ga/softball/game/brantley-county-nahunta-vs-toombs-county-lyons/9-24-2026/?c=c486ce70-c4a2-4c4d-a4a1-05cea24ae55a","https://www.maxpreps.com/ga/softball/game/brantley-county-nahunta-vs-toombs-county-lyons/9-24-2026/?c=c486ce70-c4a2-4c4d-a4a1-05cea24ae55a","/softball/ga/1254?9/24/2026","Nahunta","Lyons","https://www.maxpreps.com/ga/brantley-county-nahunta/boys-softball/","https://www.maxpreps.com/ga/toombs-county-lyons/boys-softball/","",""
124,"Hampton vs Woodland Stockbridge",Boys Softball,"Georgia",9/24/2026,TBD,"The Woodland Stockbridge varsity softball team has a game @ Hampton (Georgia).","/ga/softball/game/hampton-vs-woodland-stockbridge/9-24-2026/?c=1aee8dea-619f-4abc-8d7c-44a7895c71fe","https://www.maxpreps.com/ga/softball/game/hampton-vs-woodland-stockbridge/9-24-2026/?c=1aee8dea-619f-4abc-8d7c-44a7895c71fe","/softball/ga/c50?9/24/2026","Hampton","Stockbridge","https://www.maxpreps.com/ga/hampton/boys-softball/","https://www.maxpreps.com/ga/woodland-stockbridge/boys-softball/","",""
125,"Mcdonough vs Riverdale",Boys Softball,"Georgia",9/24/2026,TBD,"The Riverdale varsity softball team has a game @ Mcdonough (Georgia).","/ga/softball/game/mcdonough-vs-riverdale/9-24-2026/?c=6c0dfd54-e9a6-4c50-be35-3082b1a0f5c8","https://www.maxpreps.com/ga/softball/game/mcdonough-vs-riverdale/9-24-2026/?c=6c0dfd54-e9a6-4c50-be35-3082b1a0f5c8","/softball/ga/8c5?9/24/2026","Mcdonough","Riverdale","https://www.maxpreps.com/ga/mcdonough/boys-softball/","https://www.maxpreps.com/ga/riverdale/boys-softball/","",""
126,"Buford vs Seckinger Buford",Boys Softball,"Georgia",9/24/2026,TBD,"The Seckinger Buford varsity softball team has a game @ Buford (Georgia).","/ga/softball/game/buford-vs-seckinger-buford/9-24-2026/?c=172570d1-73f4-4c92-ad06-00316f599b8c","https://www.maxpreps.com/ga/softball/game/buford-vs-seckinger-buford/9-24-2026/?c=172570d1-73f4-4c92-ad06-00316f599b8c","/softball/ga/a2f?9/24/2026","Buford","Buford","https://www.maxpreps.com/ga/buford/boys-softball/","https://www.maxpreps.com/ga/seckinger-buford/boys-softball/","",""
127,"Academy For Classical Education Macon vs Swainsboro",Boys Softball,"Georgia",9/24/2026,TBD,"The Swainsboro varsity softball team has a game @ Academy For Classical Education Macon (Georgia).","/ga/softball/game/academy-for-classical-education-macon-vs-swainsboro/9-24-2026/?c=2fa1138e-002d-4637-931c-b7e5eff38b7f","https://www.maxpreps.com/ga/softball/game/academy-for-classical-education-macon-vs-swainsboro/9-24-2026/?c=2fa1138e-002d-4637-931c-b7e5eff38b7f","/softball/ga/13d2?9/24/2026","Macon","Swainsboro","https://www.maxpreps.com/ga/academy-for-classical-education-macon/boys-softball/","https://www.maxpreps.com/ga/swainsboro/boys-softball/","",""
128,"Charlton County Folkston vs Clinch County Homerville",Boys Softball,"Georgia",9/24/2026,TBD,"The Clinch County Homerville varsity softball team has a game @ Charlton County Folkston (Georgia).","/ga/softball/game/charlton-county-folkston-vs-clinch-county-homerville/9-24-2026/?c=a4ee6bfe-c6c0-4c5d-a029-7a57ee286ee8","https://www.maxpreps.com/ga/softball/game/charlton-county-folkston-vs-clinch-county-homerville/9-24-2026/?c=a4ee6bfe-c6c0-4c5d-a029-7a57ee286ee8","/softball/ga/14ae?9/24/2026","Folkston","Homerville","https://www.maxpreps.com/ga/charlton-county-folkston/boys-softball/","https://www.maxpreps.com/ga/clinch-county-homerville/boys-softball/","",""
129,"Fayette County Fayetteville vs Luella",Boys Softball,"Georgia",9/24/2026,TBD,"The Luella varsity softball team has a game @ Fayette County Fayetteville (Georgia).","/ga/softball/game/fayette-county-fayetteville-vs-luella/9-24-2026/?c=e1545dba-9514-47df-b235-bca21f4d1ef9","https://www.maxpreps.com/ga/softball/game/fayette-county-fayetteville-vs-luella/9-24-2026/?c=e1545dba-9514-47df-b235-bca21f4d1ef9","/softball/ga/ebe?9/24/2026","Fayetteville","Luella","https://www.maxpreps.com/ga/fayette-county-fayetteville/boys-softball/","https://www.maxpreps.com/ga/luella/boys-softball/","",""
130,"Cherokee Bluff Flowery Branch vs Monroe Area",Boys Softball,"Georgia",9/24/2026,TBD,"The Monroe Area varsity softball team has a game @ Cherokee Bluff Flowery Branch (Georgia).","/ga/softball/game/cherokee-bluff-flowery-branch-vs-monroe-area/9-24-2026/?c=672886e5-f85e-4e93-8703-5122340449d2","https://www.maxpreps.com/ga/softball/game/cherokee-bluff-flowery-branch-vs-monroe-area/9-24-2026/?c=672886e5-f85e-4e93-8703-5122340449d2","/softball/ga/10eb?9/24/2026","Branch","Area","https://www.maxpreps.com/ga/cherokee-bluff-flowery-branch/boys-softball/","https://www.maxpreps.com/ga/monroe-area/boys-softball/","",""
131,"Central Fellowship Christian Academy Macon vs Westfield School Perry",Boys Softball,"Georgia",9/24/2026,TBD,"The Westfield School Perry varsity softball team has a game @ Central Fellowship Christian Academy Macon (Georgia).","/ga/softball/game/central-fellowship-christian-academy-macon-vs-westfield-school-perry/9-24-2026/?c=6fa37173-e891-437e-99a4-d77595b8bf58","https://www.maxpreps.com/ga/softball/game/central-fellowship-christian-academy-macon-vs-westfield-school-perry/9-24-2026/?c=6fa37173-e891-437e-99a4-d77595b8bf58","/softball/ga/1a9f?9/24/2026","Macon","Perry","https://www.maxpreps.com/ga/central-fellowship-christian-academy-macon/boys-softball/","https://www.maxpreps.com/ga/westfield-school-perry/boys-softball/","",""
132,"Citizens Christian Academy Douglas vs Vidalia Heritage Academy",Boys Softball,"Georgia",9/24/2026,TBD,"The Vidalia Heritage Academy varsity softball team has a game @ Citizens Christian Academy Douglas (Georgia).","/ga/softball/game/citizens-christian-academy-douglas-vs-vidalia-heritage-academy/9-24-2026/?c=ef489c94-87c2-4172-b07a-9b307df0c989","https://www.maxpreps.com/ga/softball/game/citizens-christian-academy-douglas-vs-vidalia-heritage-academy/9-24-2026/?c=ef489c94-87c2-4172-b07a-9b307df0c989","/softball/ga/180c?9/24/2026","Douglas","Academy","https://www.maxpreps.com/ga/citizens-christian-academy-douglas/boys-softball/","https://www.maxpreps.com/ga/vidalia-heritage-academy/boys-softball/","",""
133,"Bradwell Institute Hinesville vs Brunswick",Boys Softball,"Georgia",9/24/2026,TBD,"The Brunswick varsity softball team has a game @ Bradwell Institute Hinesville (Georgia).","/ga/softball/game/bradwell-institute-hinesville-vs-brunswick/9-24-2026/?c=3763e7b9-5c69-4d29-9176-382500ba4e41","https://www.maxpreps.com/ga/softball/game/bradwell-institute-hinesville-vs-brunswick/9-24-2026/?c=3763e7b9-5c69-4d29-9176-382500ba4e41","/softball/ga/10de?9/24/2026","Hinesville","Brunswick","https://www.maxpreps.com/ga/bradwell-institute-hinesville/boys-softball/","https://www.maxpreps.com/ga/brunswick/boys-softball/","",""
134,"Lovett Atlanta vs Wesleyan Norcross",Boys Softball,"Georgia",9/24/2026,TBD,"The Wesleyan Norcross varsity softball team has a game @ Lovett Atlanta (Georgia).","/ga/softball/game/lovett-atlanta-vs-wesleyan-norcross/9-24-2026/?c=a81e9f69-de25-43ce-9abe-703d24b84d52","https://www.maxpreps.com/ga/softball/game/lovett-atlanta-vs-wesleyan-norcross/9-24-2026/?c=a81e9f69-de25-43ce-9abe-703d24b84d52","/softball/ga/e01?9/24/2026","Atlanta","Norcross","https://www.maxpreps.com/ga/lovett-atlanta/boys-softball/","https://www.maxpreps.com/ga/wesleyan-norcross/boys-softball/","",""
135,"Baconton Charter vs Miller County Colquitt",Boys Softball,"Georgia",9/24/2026,TBD,"The Miller County Colquitt varsity softball team has a game @ Baconton Charter (Georgia).","/ga/softball/game/baconton-charter-vs-miller-county-colquitt/9-24-2026/?c=de0264d6-c668-4ec6-b6e5-9abc95ad5f7e","https://www.maxpreps.com/ga/softball/game/baconton-charter-vs-miller-county-colquitt/9-24-2026/?c=de0264d6-c668-4ec6-b6e5-9abc95ad5f7e","/softball/ga/10a3?9/24/2026","Charter","Colquitt","https://www.maxpreps.com/ga/baconton-charter/boys-softball/","https://www.maxpreps.com/ga/miller-county-colquitt/boys-softball/","",""
136,"Cook Adel vs Jeff Davis Hazlehurst",Boys Softball,"Georgia",9/24/2026,TBD,"The Jeff Davis Hazlehurst varsity softball team has a game @ Cook Adel (Georgia).","/ga/softball/game/cook-adel-vs-jeff-davis-hazlehurst/9-24-2026/?c=0e8d523b-2323-480f-acb0-2a1fc6248aac","https://www.maxpreps.com/ga/softball/game/cook-adel-vs-jeff-davis-hazlehurst/9-24-2026/?c=0e8d523b-2323-480f-acb0-2a1fc6248aac","/softball/ga/d08?9/24/2026","Adel","Hazlehurst","https://www.maxpreps.com/ga/cook-adel/boys-softball/","https://www.maxpreps.com/ga/jeff-davis-hazlehurst/boys-softball/","",""
137,"Chapel Hill Douglasville vs South Paulding Douglasville",Boys Softball,"Georgia",9/24/2026,TBD,"The South Paulding Douglasville varsity softball team has a game @ Chapel Hill Douglasville (Georgia).","/ga/softball/game/chapel-hill-douglasville-vs-south-paulding-douglasville/9-24-2026/?c=9ae0ace0-7b16-45d3-b8c9-a25994f4e349","https://www.maxpreps.com/ga/softball/game/chapel-hill-douglasville-vs-south-paulding-douglasville/9-24-2026/?c=9ae0ace0-7b16-45d3-b8c9-a25994f4e349","/softball/ga/15aa?9/24/2026","Douglasville","Douglasville","https://www.maxpreps.com/ga/chapel-hill-douglasville/boys-softball/","https://www.maxpreps.com/ga/south-paulding-douglasville/boys-softball/","",""
138,"Oconee County Watkinsville vs Social Circle",Boys Softball,"Georgia",9/24/2026,TBD,"The Social Circle varsity softball team has a game @ Oconee County Watkinsville (Georgia).","/ga/softball/game/oconee-county-watkinsville-vs-social-circle/9-24-2026/?c=7e5ec638-4aac-43b3-9fd6-db74181b199a","https://www.maxpreps.com/ga/softball/game/oconee-county-watkinsville-vs-social-circle/9-24-2026/?c=7e5ec638-4aac-43b3-9fd6-db74181b199a","/softball/ga/10ef?9/24/2026","Watkinsville","Circle","https://www.maxpreps.com/ga/oconee-county-watkinsville/boys-softball/","https://www.maxpreps.com/ga/social-circle/boys-softball/","",""
139,"Cedartown vs Villa Rica",Boys Softball,"Georgia",9/24/2026,TBD,"The Villa Rica varsity softball team has a game @ Cedartown (Georgia).","/ga/softball/game/cedartown-vs-villa-rica/9-24-2026/?c=def8d3bf-9c8a-4bbb-be9b-2a86d1067ad2","https://www.maxpreps.com/ga/softball/game/cedartown-vs-villa-rica/9-24-2026/?c=def8d3bf-9c8a-4bbb-be9b-2a86d1067ad2","/softball/ga/8ee?9/24/2026","Cedartown","Rica","https://www.maxpreps.com/ga/cedartown/boys-softball/","https://www.maxpreps.com/ga/villa-rica/boys-softball/","",""
140,"Hart County Hartwell vs Lumpkin County Dahlonega",Boys Softball,"Georgia",9/24/2026,TBD,"The Lumpkin County Dahlonega varsity softball team has a game @ Hart County Hartwell (Georgia).","/ga/softball/game/hart-county-hartwell-vs-lumpkin-county-dahlonega/9-24-2026/?c=20d502ba-07b7-4d69-9d7a-2a9346a0f7b2","https://www.maxpreps.com/ga/softball/game/hart-county-hartwell-vs-lumpkin-county-dahlonega/9-24-2026/?c=20d502ba-07b7-4d69-9d7a-2a9346a0f7b2","/softball/ga/12f0?9/24/2026","Hartwell","Dahlonega","https://www.maxpreps.com/ga/hart-county-hartwell/boys-softball/","https://www.maxpreps.com/ga/lumpkin-county-dahlonega/boys-softball/","",""
141,"Lanier Sugar Hill vs South Forsyth Cumming",Boys Softball,"Georgia",9/24/2026,TBD,"The South Forsyth Cumming varsity softball team has a game @ Lanier Sugar Hill (Georgia).","/ga/softball/game/lanier-sugar-hill-vs-south-forsyth-cumming/9-24-2026/?c=68842c04-bcb1-4396-b491-85c3049eb6e3","https://www.maxpreps.com/ga/softball/game/lanier-sugar-hill-vs-south-forsyth-cumming/9-24-2026/?c=68842c04-bcb1-4396-b491-85c3049eb6e3","/softball/ga/106f?9/24/2026","Hill","Cumming","https://www.maxpreps.com/ga/lanier-sugar-hill/boys-softball/","https://www.maxpreps.com/ga/south-forsyth-cumming/boys-softball/","",""
142,"Mary Persons Forsyth vs Peach County Fort Valley",Boys Softball,"Georgia",9/24/2026,TBD,"The Peach County Fort Valley varsity softball team has a game @ Mary Persons Forsyth (Georgia).","/ga/softball/game/mary-persons-forsyth-vs-peach-county-fort-valley/9-24-2026/?c=951956da-b619-4b3c-9d15-583b320e7806","https://www.maxpreps.com/ga/softball/game/mary-persons-forsyth-vs-peach-county-fort-valley/9-24-2026/?c=951956da-b619-4b3c-9d15-583b320e7806","/softball/ga/12e1?9/24/2026","Forsyth","Valley","https://www.maxpreps.com/ga/mary-persons-forsyth/boys-softball/","https://www.maxpreps.com/ga/peach-county-fort-valley/boys-softball/","",""
143,"Effingham County Springfield vs South Effingham Guyton",Boys Softball,"Georgia",9/24/2026,TBD,"The South Effingham Guyton varsity softball team has a game @ Effingham County Springfield (Georgia).","/ga/softball/game/effingham-county-springfield-vs-south-effingham-guyton/9-24-2026/?c=723d7660-96ef-4e96-ba17-548299e332bf","https://www.maxpreps.com/ga/softball/game/effingham-county-springfield-vs-south-effingham-guyton/9-24-2026/?c=723d7660-96ef-4e96-ba17-548299e332bf","/softball/ga/1553?9/24/2026","Springfield","Guyton","https://www.maxpreps.com/ga/effingham-county-springfield/boys-softball/","https://www.maxpreps.com/ga/south-effingham-guyton/boys-softball/","",""
144,"Loganville vs Walnut Grove",Boys Softball,"Georgia",9/24/2026,TBD,"The Walnut Grove varsity softball team has a game @ Loganville (Georgia).","/ga/softball/game/loganville-vs-walnut-grove/9-24-2026/?c=8ab3b07e-06e9-4a23-b693-6b835c14450d","https://www.maxpreps.com/ga/softball/game/loganville-vs-walnut-grove/9-24-2026/?c=8ab3b07e-06e9-4a23-b693-6b835c14450d","/softball/ga/a5b?9/24/2026","Loganville","Grove","https://www.maxpreps.com/ga/loganville/boys-softball/","https://www.maxpreps.com/ga/walnut-grove/boys-softball/","",""
145,"Strong Rock Christian Locust Grove vs Tattnall Square Academy Macon",Boys Softball,"Georgia",9/24/2026,TBD,"The Tattnall Square Academy Macon varsity softball team has a game @ Strong Rock Christian Locust Grove (Georgia).","/ga/softball/game/strong-rock-christian-locust-grove-vs-tattnall-square-academy-macon/9-24-2026/?c=78a9563f-f660-4687-b2c6-17737c39997f","https://www.maxpreps.com/ga/softball/game/strong-rock-christian-locust-grove-vs-tattnall-square-academy-macon/9-24-2026/?c=78a9563f-f660-4687-b2c6-17737c39997f","/softball/ga/1a23?9/24/2026","Grove","Macon","https://www.maxpreps.com/ga/strong-rock-christian-locust-grove/boys-softball/","https://www.maxpreps.com/ga/tattnall-square-academy-macon/boys-softball/","",""
146,"Banneker College Park vs Mays Atlanta",Boys Softball,"Georgia",9/24/2026,TBD,"The Mays Atlanta varsity softball team has a game @ Banneker College Park (Georgia).","/ga/softball/game/banneker-college-park-vs-mays-atlanta/9-24-2026/?c=097e3e9b-b224-4a00-86f0-1b543b857e77","https://www.maxpreps.com/ga/softball/game/banneker-college-park-vs-mays-atlanta/9-24-2026/?c=097e3e9b-b224-4a00-86f0-1b543b857e77","/softball/ga/e38?9/24/2026","Park","Atlanta","https://www.maxpreps.com/ga/banneker-college-park/boys-softball/","https://www.maxpreps.com/ga/mays-atlanta/boys-softball/","",""
147,"Dutchtown Hampton vs Forest Park",Boys Softball,"Georgia",9/24/2026,TBD,"The Forest Park varsity softball team has a game @ Dutchtown Hampton (Georgia).","/ga/softball/game/dutchtown-hampton-vs-forest-park/9-24-2026/?c=29a53727-854a-4e41-b10b-b6111f192ca9","https://www.maxpreps.com/ga/softball/game/dutchtown-hampton-vs-forest-park/9-24-2026/?c=29a53727-854a-4e41-b10b-b6111f192ca9","/softball/ga/cb5?9/24/2026","Hampton","Park","https://www.maxpreps.com/ga/dutchtown-hampton/boys-softball/","https://www.maxpreps.com/ga/forest-park/boys-softball/","",""
148,"Alexander Douglasville vs Temple",Boys Softball,"Georgia",9/24/2026,TBD,"The Temple varsity softball team has a game @ Alexander Douglasville (Georgia).","/ga/softball/game/alexander-douglasville-vs-temple/9-24-2026/?c=f50da3f8-db0b-489b-9950-ae1d847c51ba","https://www.maxpreps.com/ga/softball/game/alexander-douglasville-vs-temple/9-24-2026/?c=f50da3f8-db0b-489b-9950-ae1d847c51ba","/softball/ga/cb6?9/24/2026","Douglasville","Temple","https://www.maxpreps.com/ga/alexander-douglasville/boys-softball/","https://www.maxpreps.com/ga/temple/boys-softball/","",""
149,"North Paulding Dallas vs Paulding County Dallas",Boys Softball,"Georgia",9/24/2026,TBD,"The Paulding County Dallas varsity softball team has a game @ North Paulding Dallas (Georgia).","/ga/softball/game/north-paulding-dallas-vs-paulding-county-dallas/9-24-2026/?c=71301817-55ed-4099-9931-a58ecf46769a","https://www.maxpreps.com/ga/softball/game/north-paulding-dallas-vs-paulding-county-dallas/9-24-2026/?c=71301817-55ed-4099-9931-a58ecf46769a","/softball/ga/124e?9/24/2026","Dallas","Dallas","https://www.maxpreps.com/ga/north-paulding-dallas/boys-softball/","https://www.maxpreps.com/ga/paulding-county-dallas/boys-softball/","",""
150,"Harris County Hamilton vs Starrs Mill Fayetteville",Boys Softball,"Georgia",9/24/2026,TBD,"The Starrs Mill Fayetteville varsity softball team has a game @ Harris County Hamilton (Georgia).","/ga/softball/game/harris-county-hamilton-vs-starrs-mill-fayetteville/9-24-2026/?c=59492662-cc26-457a-a9ff-92544dfb6b1f","https://www.maxpreps.com/ga/softball/game/harris-county-hamilton-vs-starrs-mill-fayetteville/9-24-2026/?c=59492662-cc26-457a-a9ff-92544dfb6b1f","/softball/ga/13d9?9/24/2026","Hamilton","Fayetteville","https://www.maxpreps.com/ga/harris-county-hamilton/boys-softball/","https://www.maxpreps.com/ga/starrs-mill-fayetteville/boys-softball/","",""
151,"East Hall Gainesville vs East Jackson Commerce",Boys Softball,"Georgia",9/24/2026,TBD,"The East Jackson Commerce varsity softball team has a game @ East Hall Gainesville (Georgia).","/ga/softball/game/east-hall-gainesville-vs-east-jackson-commerce/9-24-2026/?c=3e5bdd30-d075-472d-9e49-d379d7b96ede","https://www.maxpreps.com/ga/softball/game/east-hall-gainesville-vs-east-jackson-commerce/9-24-2026/?c=3e5bdd30-d075-472d-9e49-d379d7b96ede","/softball/ga/11b9?9/24/2026","Gainesville","Commerce","https://www.maxpreps.com/ga/east-hall-gainesville/boys-softball/","https://www.maxpreps.com/ga/east-jackson-commerce/boys-softball/","",""
152,"Archer Lawrenceville vs Loganville Christian Academy",Boys Softball,"Georgia",9/24/2026,TBD,"The Loganville Christian Academy varsity softball team has a game @ Archer Lawrenceville (Georgia).","/ga/softball/game/archer-lawrenceville-vs-loganville-christian-academy/9-24-2026/?c=3ec32a37-2a04-4712-b598-bb807c214fd9","https://www.maxpreps.com/ga/softball/game/archer-lawrenceville-vs-loganville-christian-academy/9-24-2026/?c=3ec32a37-2a04-4712-b598-bb807c214fd9","/softball/ga/1472?9/24/2026","Lawrenceville","Academy","https://www.maxpreps.com/ga/archer-lawrenceville/boys-softball/","https://www.maxpreps.com/ga/loganville-christian-academy/boys-softball/","",""
153,"Calhoun County Edison vs Randolph Clay Cuthbert",Boys Softball,"Georgia",9/24/2026,TBD,"The Randolph Clay Cuthbert varsity softball team has a game @ Calhoun County Edison (Georgia).","/ga/softball/game/calhoun-county-edison-vs-randolph-clay-cuthbert/9-24-2026/?c=724b58b7-2dd2-4995-a6f2-a3b77b736afe","https://www.maxpreps.com/ga/softball/game/calhoun-county-edison-vs-randolph-clay-cuthbert/9-24-2026/?c=724b58b7-2dd2-4995-a6f2-a3b77b736afe","/softball/ga/1267?9/24/2026","Edison","Cuthbert","https://www.maxpreps.com/ga/calhoun-county-edison/boys-softball/","https://www.maxpreps.com/ga/randolph-clay-cuthbert/boys-softball/","",""
154,"East Coweta Sharpsburg vs Trinity Christian Sharpsburg",Boys Softball,"Georgia",9/24/2026,TBD,"The Trinity Christian Sharpsburg varsity softball team has a game @ East Coweta Sharpsburg (Georgia).","/ga/softball/game/east-coweta-sharpsburg-vs-trinity-christian-sharpsburg/9-24-2026/?c=b2a79e63-347a-4336-a3f2-01e14486094e","https://www.maxpreps.com/ga/softball/game/east-coweta-sharpsburg-vs-trinity-christian-sharpsburg/9-24-2026/?c=b2a79e63-347a-4336-a3f2-01e14486094e","/softball/ga/1581?9/24/2026","Sharpsburg","Sharpsburg","https://www.maxpreps.com/ga/east-coweta-sharpsburg/boys-softball/","https://www.maxpreps.com/ga/trinity-christian-sharpsburg/boys-softball/","",""
155,"Columbia Decatur vs Towers Decatur",Boys Softball,"Georgia",9/24/2026,TBD,"The Towers Decatur varsity softball team has a game @ Columbia Decatur (Georgia).","/ga/softball/game/columbia-decatur-vs-towers-decatur/9-24-2026/?c=19640d77-d185-4c27-8d39-fa26fcea84eb","https://www.maxpreps.com/ga/softball/game/columbia-decatur-vs-towers-decatur/9-24-2026/?c=19640d77-d185-4c27-8d39-fa26fcea84eb","/softball/ga/d5d?9/24/2026","Decatur","Decatur","https://www.maxpreps.com/ga/columbia-decatur/boys-softball/","https://www.maxpreps.com/ga/towers-decatur/boys-softball/","",""
156,"Coretta Scott King Ywla Soaring Eagle Atlanta vs Salem Conyers",Boys Softball,"Georgia",9/24/2026,TBD,"The Salem Conyers varsity softball team has a game @ Coretta Scott King Ywla Soaring Eagle Atlanta (Georgia).","/ga/softball/game/coretta-scott-king-ywla-soaring-eagle-atlanta-vs-salem-conyers/9-24-2026/?c=316ed07d-75c2-444e-b97e-0cff265cdb50","https://www.maxpreps.com/ga/softball/game/coretta-scott-king-ywla-soaring-eagle-atlanta-vs-salem-conyers/9-24-2026/?c=316ed07d-75c2-444e-b97e-0cff265cdb50","/softball/ga/17ee?9/24/2026","Atlanta","Conyers","https://www.maxpreps.com/ga/coretta-scott-king-ywla-soaring-eagle-atlanta/boys-softball/","https://www.maxpreps.com/ga/salem-conyers/boys-softball/","",""
157,"Appling County Baxley vs Pierce County Blackshear",Boys Softball,"Georgia",9/24/2026,TBD,"The Pierce County Blackshear varsity softball team has a game @ Appling County Baxley (Georgia).","/ga/softball/game/appling-county-baxley-vs-pierce-county-blackshear/9-24-2026/?c=01c4bf48-2ea3-4b54-a554-6c65c2da71b4","https://www.maxpreps.com/ga/softball/game/appling-county-baxley-vs-pierce-county-blackshear/9-24-2026/?c=01c4bf48-2ea3-4b54-a554-6c65c2da71b4","/softball/ga/1333?9/24/2026","Baxley","Blackshear","https://www.maxpreps.com/ga/appling-county-baxley/boys-softball/","https://www.maxpreps.com/ga/pierce-county-blackshear/boys-softball/","",""
158,"Dublin vs Vidalia",Boys Softball,"Georgia",9/24/2026,TBD,"The Vidalia varsity softball team has a game @ Dublin (Georgia).","/ga/softball/game/dublin-vs-vidalia/9-24-2026/?c=7817c152-9cdf-4a47-85d3-be408a1e2aaa","https://www.maxpreps.com/ga/softball/game/dublin-vs-vidalia/9-24-2026/?c=7817c152-9cdf-4a47-85d3-be408a1e2aaa","/softball/ga/69b?9/24/2026","Dublin","Vidalia","https://www.maxpreps.com/ga/dublin/boys-softball/","https://www.maxpreps.com/ga/vidalia/boys-softball/","",""
159,"Chestatee Gainesville vs Gainesville",Boys Softball,"Georgia",9/24/2026,TBD,"The Gainesville varsity softball team has a game @ Chestatee Gainesville (Georgia).","/ga/softball/game/chestatee-gainesville-vs-gainesville/9-24-2026/?c=c93c4975-7ba9-4ef6-aea5-28320aec5890","https://www.maxpreps.com/ga/softball/game/chestatee-gainesville-vs-gainesville/9-24-2026/?c=c93c4975-7ba9-4ef6-aea5-28320aec5890","/softball/ga/e4c?9/24/2026","Gainesville","Gainesville","https://www.maxpreps.com/ga/chestatee-gainesville/boys-softball/","https://www.maxpreps.com/ga/gainesville/boys-softball/","",""
160,"Cass White vs Mount Vernon Atlanta",Boys Softball,"Georgia",9/24/2026,TBD,"The Mount Vernon Atlanta varsity softball team has a game @ Cass White (Georgia).","/ga/softball/game/cass-white-vs-mount-vernon-atlanta/9-24-2026/?c=e45667d8-6975-4812-9e15-1dd1e80a7de9","https://www.maxpreps.com/ga/softball/game/cass-white-vs-mount-vernon-atlanta/9-24-2026/?c=e45667d8-6975-4812-9e15-1dd1e80a7de9","/softball/ga/d45?9/24/2026","White","Atlanta","https://www.maxpreps.com/ga/cass-white/boys-softball/","https://www.maxpreps.com/ga/mount-vernon-atlanta/boys-softball/","",""
161,"Cedar Grove Ellenwood vs Stephenson Stone Mountain",Boys Softball,"Georgia",9/24/2026,TBD,"The Stephenson Stone Mountain varsity softball team has a game @ Cedar Grove Ellenwood (Georgia).","/ga/softball/game/cedar-grove-ellenwood-vs-stephenson-stone-mountain/9-24-2026/?c=d4489c92-2c72-4632-9f50-5882f4367df0","https://www.maxpreps.com/ga/softball/game/cedar-grove-ellenwood-vs-stephenson-stone-mountain/9-24-2026/?c=d4489c92-2c72-4632-9f50-5882f4367df0","/softball/ga/13bd?9/24/2026","Ellenwood","Mountain","https://www.maxpreps.com/ga/cedar-grove-ellenwood/boys-softball/","https://www.maxpreps.com/ga/stephenson-stone-mountain/boys-softball/","",""
162,"Arabia Mountain Lithonia vs Stephenson Stone Mountain",Boys Softball,"Georgia",9/24/2026,TBD,"The Stephenson Stone Mountain varsity softball team has a game @ Arabia Mountain Lithonia (Georgia).","/ga/softball/game/arabia-mountain-lithonia-vs-stephenson-stone-mountain/9-24-2026/?c=2bd113fc-b27f-446b-a2cc-28fa9dbf58a2","https://www.maxpreps.com/ga/softball/game/arabia-mountain-lithonia-vs-stephenson-stone-mountain/9-24-2026/?c=2bd113fc-b27f-446b-a2cc-28fa9dbf58a2","/softball/ga/14f5?9/24/2026","Lithonia","Mountain","https://www.maxpreps.com/ga/arabia-mountain-lithonia/boys-softball/","https://www.maxpreps.com/ga/stephenson-stone-mountain/boys-softball/","",""
163,"Douglass Atlanta vs Kipp Atlanta Collegiate",Boys Softball,"Georgia",9/24/2026,TBD,"The Kipp Atlanta Collegiate varsity softball team has a game @ Douglass Atlanta (Georgia).","/ga/softball/game/douglass-atlanta-vs-kipp-atlanta-collegiate/9-24-2026/?c=2e32597a-a6c0-496a-b755-f153f7e7abaf","https://www.maxpreps.com/ga/softball/game/douglass-atlanta-vs-kipp-atlanta-collegiate/9-24-2026/?c=2e32597a-a6c0-496a-b755-f153f7e7abaf","/softball/ga/10c3?9/24/2026","Atlanta","Collegiate","https://www.maxpreps.com/ga/douglass-atlanta/boys-softball/","https://www.maxpreps.com/ga/kipp-atlanta-collegiate/boys-softball/","",""
164,"Perry vs Union Grove Mcdonough",Boys Softball,"Georgia",9/24/2026,TBD,"The Union Grove Mcdonough varsity softball team has a game @ Perry (Georgia).","/ga/softball/game/perry-vs-union-grove-mcdonough/9-24-2026/?c=2adb1741-3c76-4f01-a8f5-6fb8b3bceb67","https://www.maxpreps.com/ga/softball/game/perry-vs-union-grove-mcdonough/9-24-2026/?c=2adb1741-3c76-4f01-a8f5-6fb8b3bceb67","/softball/ga/bdf?9/24/2026","Perry","Mcdonough","https://www.maxpreps.com/ga/perry/boys-softball/","https://www.maxpreps.com/ga/union-grove-mcdonough/boys-softball/","",""
165,"Murray County Chatsworth vs Ringgold",Boys Softball,"Georgia",9/24/2026,TBD,"The Ringgold varsity softball team has a game @ Murray County Chatsworth (Georgia).","/ga/softball/game/murray-county-chatsworth-vs-ringgold/9-24-2026/?c=948807d1-0c24-473a-b1ae-21b051e4b836","https://www.maxpreps.com/ga/softball/game/murray-county-chatsworth-vs-ringgold/9-24-2026/?c=948807d1-0c24-473a-b1ae-21b051e4b836","/softball/ga/e7c?9/24/2026","Chatsworth","Ringgold","https://www.maxpreps.com/ga/murray-county-chatsworth/boys-softball/","https://www.maxpreps.com/ga/ringgold/boys-softball/","",""
1,"Hillgrove vs Lassiter",Boys Softball,"Georgia",9/25/2026,12:00pm,"The Hillgrove varsity softball team has an away non-conference game @  Lassiter (Marietta, GA) on Friday, September 25 @ 12p.","/ga/softball/game/hillgrove-powder-springs-vs-lassiter-marietta/9-25-2026/?c=b9ba383b-5d11-421d-94ec-4b0d64f9f7f4","https://www.maxpreps.com/ga/softball/game/hillgrove-powder-springs-vs-lassiter-marietta/9-25-2026/?c=b9ba383b-5d11-421d-94ec-4b0d64f9f7f4","/softball/ga/11eb?9/25/2026","Hawks","Trojans","https://www.maxpreps.com/ga/hillgrove-powder-springs/boys-softball/","https://www.maxpreps.com/ga/lassiter-marietta/boys-softball/","https://hsfootball.net/proxy.php?url=https%3A%2F%2Fimage.maxpreps.io%2Fschool-mascot%2F1%2Fb%2F3%2F1b393966-c3c8-4baa-b106-b003d0542630.gif%3Fversion%3D637856062200000000%26amp%3Bwidth%3D128%26amp%3Bheight%3D128%26amp%3Bauto%3Dwebp%26amp%3Bformat%3Dpjpg","https://hsfootball.net/proxy.php?url=https%3A%2F%2Fimage.maxpreps.io%2Fschool-mascot%2Fb%2F3%2F0%2Fb3018919-6e98-41bf-92a8-46813d18963c.gif%3Fversion%3D636211012200000000%26amp%3Bwidth%3D128%26amp%3Bheight%3D128%26amp%3Bauto%3Dwebp%26amp%3Bformat%3Dpjpg"
2,"Kell vs North Cobb",Boys Softball,"Georgia",9/25/2026,12:00pm,"The Kell varsity softball team has an away non-conference game @  North Cobb (Kennesaw, GA) on Friday, September 25 @ 12p.","/ga/softball/game/kell-marietta-vs-north-cobb-kennesaw/9-25-2026/?c=8db805ea-6ea8-4d55-bb73-644f225a0626","https://www.maxpreps.com/ga/softball/game/kell-marietta-vs-north-cobb-kennesaw/9-25-2026/?c=8db805ea-6ea8-4d55-bb73-644f225a0626","/softball/ga/de6?9/25/2026","Longhorns","Warriors","https://www.maxpreps.com/ga/kell-marietta/boys-softball/","https://www.maxpreps.com/ga/north-cobb-kennesaw/boys-softball/","https://hsfootball.net/proxy.php?url=https%3A%2F%2Fimage.maxpreps.io%2Fschool-mascot%2F9%2F1%2Fb%2F91b3e908-c4fb-446b-93fe-743d976e09bd.gif%3Fversion%3D637939985400000000%26amp%3Bwidth%3D128%26amp%3Bheight%3D128%26amp%3Bauto%3Dwebp%26amp%3Bformat%3Dpjpg","https://hsfootball.net/proxy.php?url=https%3A%2F%2Fimage.maxpreps.io%2Fschool-mascot%2F1%2Fe%2F1%2F1e109b8b-57df-406a-9b8d-6e1e9bdf6ee3.gif%3Fversion%3D637643586600000000%26amp%3Bwidth%3D128%26amp%3Bheight%3D128%26amp%3Bauto%3Dwebp%26amp%3Bformat%3Dpjpg"
3,"Calvary Christian vs LaGrange",Boys Softball,"Georgia",9/25/2026,3:00pm,"The Calvary Christian varsity softball team has an away non-conference game @  LaGrange (GA) on Friday, September 25 @ 3p.","/ga/softball/game/calvary-christian-columbus-vs-lagrange/9-25-2026/?c=e8afae97-0826-46f8-80b6-cf77fd6531d6","https://www.maxpreps.com/ga/softball/game/calvary-christian-columbus-vs-lagrange/9-25-2026/?c=e8afae97-0826-46f8-80b6-cf77fd6531d6","/softball/ga/eff?9/25/2026","Knights","Grangers","https://www.maxpreps.com/ga/calvary-christian-columbus/boys-softball/","https://www.maxpreps.com/ga/lagrange/boys-softball/","https://hsfootball.net/proxy.php?url=https%3A%2F%2Fimage.maxpreps.io%2Fschool-mascot%2F6%2F5%2F5%2F6559ecd9-7656-46f0-ba73-e0d13eebfb35.gif%3Fversion%3D639179595956366380%26amp%3Bwidth%3D128%26amp%3Bheight%3D128%26amp%3Bauto%3Dwebp%26amp%3Bformat%3Dpjpg","https://hsfootball.net/proxy.php?url=https%3A%2F%2Fimage.maxpreps.io%2Fschool-mascot%2F1%2F6%2Fe%2F16e17221-c5df-4bf5-b60d-fde574f4bcec.gif%3Fversion%3D638685078022604090%26amp%3Bwidth%3D128%26amp%3Bheight%3D128%26amp%3Bauto%3Dwebp%26amp%3Bformat%3Dpjpg"
4,"Woodward Academy vs Jefferson",Boys Softball,"Georgia",9/25/2026,4:30pm,"The Woodward Academy varsity softball team has an away non-conference game @  Jefferson (GA) on Friday, September 25 @ 4:30p.","/ga/softball/game/jefferson-vs-woodward-academy-college-park/9-25-2026/?c=43e74ddd-eb25-41fd-bae6-87772cfcc2a8","https://www.maxpreps.com/ga/softball/game/jefferson-vs-woodward-academy-college-park/9-25-2026/?c=43e74ddd-eb25-41fd-bae6-87772cfcc2a8","/softball/ga/1050?9/25/2026","War Eagles","Dragons","https://www.maxpreps.com/ga/jefferson/boys-softball/","https://www.maxpreps.com/ga/woodward-academy-college-park/boys-softball/","https://hsfootball.net/proxy.php?url=https%3A%2F%2Fimage.maxpreps.io%2Fschool-mascot%2Fe%2F8%2F3%2Fe83d5a99-e5ca-4c28-ae36-5a1197811dc2.gif%3Fversion%3D639188602856692940%26amp%3Bwidth%3D128%26amp%3Bheight%3D128%26amp%3Bauto%3Dwebp%26amp%3Bformat%3Dpjpg","https://hsfootball.net/proxy.php?url=https%3A%2F%2Fimage.maxpreps.io%2Fschool-mascot%2F0%2F6%2Fb%2F06b5fa75-0cbb-4f09-8417-b955e2fb19f7.gif%3Fversion%3D637816336800000000%26amp%3Bwidth%3D128%26amp%3Bheight%3D128%26amp%3Bauto%3Dwebp%26amp%3Bformat%3Dpjpg"
5,"Echols County vs Crisp County",Boys Softball,"Georgia",9/25/2026,4:30pm,"The Echols County varsity softball team has an away non-conference game @  Crisp County (Cordele, GA) on Friday, September 25 @ 4:30p.","/ga/softball/game/crisp-county-cordele-vs-echols-county-statenville/9-25-2026/?c=feb42c38-efd3-410b-b5ca-6512e7d2a9f2","https://www.maxpreps.com/ga/softball/game/crisp-county-cordele-vs-echols-county-statenville/9-25-2026/?c=feb42c38-efd3-410b-b5ca-6512e7d2a9f2","/softball/ga/1363?9/25/2026","Wildcats","Cougars","https://www.maxpreps.com/ga/crisp-county-cordele/boys-softball/","https://www.maxpreps.com/ga/echols-county-statenville/boys-softball/","https://hsfootball.net/proxy.php?url=https%3A%2F%2Fimage.maxpreps.io%2Fschool-mascot%2Fd%2F1%2Fb%2Fd1b5e31a-35d5-4112-9f68-6e8b2df6ccf6.gif%3Fversion%3D637085628000000000%26amp%3Bwidth%3D128%26amp%3Bheight%3D128%26amp%3Bauto%3Dwebp%26amp%3Bformat%3Dpjpg","https://hsfootball.net/proxy.php?url=https%3A%2F%2Fimage.maxpreps.io%2Fschool-mascot%2F0%2F9%2F4%2F094845c5-194e-4966-9c7c-ca74b9a2c81d.gif%3Fversion%3D638883467608159350%26amp%3Bwidth%3D128%26amp%3Bheight%3D128%26amp%3Bauto%3Dwebp%26amp%3Bformat%3Dpjpg"
6,"Archer vs Dacula",Boys Softball,"Georgia",9/25/2026,5:00pm,"The Archer varsity softball team has an away non-conference game @  Dacula (GA) on Friday, September 25 @ 5p.","/ga/softball/game/archer-lawrenceville-vs-dacula/9-25-2026/?c=22b2186c-072b-4cce-bb1c-0faa45018005","https://www.maxpreps.com/ga/softball/game/archer-lawrenceville-vs-dacula/9-25-2026/?c=22b2186c-072b-4cce-bb1c-0faa45018005","/softball/ga/bbc?9/25/2026","Tigers","Falcons","https://www.maxpreps.com/ga/archer-lawrenceville/boys-softball/","https://www.maxpreps.com/ga/dacula/boys-softball/","https://hsfootball.net/proxy.php?url=https%3A%2F%2Fimage.maxpreps.io%2Fschool-mascot%2F2%2Fb%2Fa%2F2bab8320-786d-4cbc-9605-db7ac46fed55.gif%3Fversion%3D638779692397509910%26amp%3Bwidth%3D128%26amp%3Bheight%3D128%26amp%3Bauto%3Dwebp%26amp%3Bformat%3Dpjpg","https://hsfootball.net/proxy.php?url=https%3A%2F%2Fimage.maxpreps.io%2Fschool-mascot%2F1%2F1%2F5%2F115dd2c6-7851-4c40-a73f-d1abd9647c51.gif%3Fversion%3D639129576270457780%26amp%3Bwidth%3D128%26amp%3Bheight%3D128%26amp%3Bauto%3Dwebp%26amp%3Bformat%3Dpjpg"
7,"Lanier County vs Southeast Bulloch",Boys Softball,"Georgia",9/25/2026,5:00pm,"The Lanier County varsity softball team has an away non-conference game @  Southeast Bulloch (Brooklet, GA) on Friday, September 25 @ 5p.","/ga/softball/game/lanier-county-lakeland-vs-southeast-bulloch-brooklet/9-25-2026/?c=4d5146a7-56d9-4f4b-acfd-15589e0c5a8e","https://www.maxpreps.com/ga/softball/game/lanier-county-lakeland-vs-southeast-bulloch-brooklet/9-25-2026/?c=4d5146a7-56d9-4f4b-acfd-15589e0c5a8e","/softball/ga/147b?9/25/2026","Bulldogs","Yellow Jackets","https://www.maxpreps.com/ga/lanier-county-lakeland/boys-softball/","https://www.maxpreps.com/ga/southeast-bulloch-brooklet/boys-softball/","https://hsfootball.net/proxy.php?url=https%3A%2F%2Fimage.maxpreps.io%2Fschool-mascot%2F4%2Fa%2F1%2F4a12b792-cab7-440d-ab51-3c50291bc7d2.gif%3Fversion%3D639157332196367050%26amp%3Bwidth%3D128%26amp%3Bheight%3D128%26amp%3Bauto%3Dwebp%26amp%3Bformat%3Dpjpg","https://hsfootball.net/proxy.php?url=https%3A%2F%2Fimage.maxpreps.io%2Fschool-mascot%2Fd%2F9%2Fb%2Fd9bf2525-d16b-48ff-bd3f-85546aa9f4d6.gif%3Fversion%3D638646804429332780%26amp%3Bwidth%3D128%26amp%3Bheight%3D128%26amp%3Bauto%3Dwebp%26amp%3Bformat%3Dpjpg"
8,"Calvary Christian vs Central",Boys Softball,"Georgia",9/25/2026,5:00pm,"The Calvary Christian varsity softball team has a neutral non-conference game vs.  Central (Carrollton, GA) on Friday, September 25 @ 5p.","/ga/softball/game/calvary-christian-columbus-vs-central-carrollton/9-25-2026/?c=4ee3dfb8-983c-4337-befa-48487901819c","https://www.maxpreps.com/ga/softball/game/calvary-christian-columbus-vs-central-carrollton/9-25-2026/?c=4ee3dfb8-983c-4337-befa-48487901819c","/softball/ga/1314?9/25/2026","Knights","Lions","https://www.maxpreps.com/ga/calvary-christian-columbus/boys-softball/","https://www.maxpreps.com/ga/central-carrollton/boys-softball/","https://hsfootball.net/proxy.php?url=https%3A%2F%2Fimage.maxpreps.io%2Fschool-mascot%2F6%2F5%2F5%2F6559ecd9-7656-46f0-ba73-e0d13eebfb35.gif%3Fversion%3D639179595956366380%26amp%3Bwidth%3D128%26amp%3Bheight%3D128%26amp%3Bauto%3Dwebp%26amp%3Bformat%3Dpjpg","https://hsfootball.net/proxy.php?url=https%3A%2F%2Fimage.maxpreps.io%2Fschool-mascot%2Fb%2F0%2F7%2Fb0715c3d-4a8c-4a51-87d6-18b87a218acc.gif%3Fversion%3D634859007000000000%26amp%3Bwidth%3D128%26amp%3Bheight%3D128%26amp%3Bauto%3Dwebp%26amp%3Bformat%3Dpjpg"
9,"White County vs Stephens County",Boys Softball,"Georgia",9/25/2026,5:00pm,"The White County varsity softball team has an away non-conference game @  Stephens County (Toccoa, GA) on Friday, September 25 @ 5p.","/ga/softball/game/stephens-county-toccoa-vs-white-county-cleveland/9-25-2026/?c=378bba0b-6ac8-4068-a6bf-431374e6fa6c","https://www.maxpreps.com/ga/softball/game/stephens-county-toccoa-vs-white-county-cleveland/9-25-2026/?c=378bba0b-6ac8-4068-a6bf-431374e6fa6c","/softball/ga/12ed?9/25/2026","Warriors","Indians","https://www.maxpreps.com/ga/stephens-county-toccoa/boys-softball/","https://www.maxpreps.com/ga/white-county-cleveland/boys-softball/","https://hsfootball.net/proxy.php?url=https%3A%2F%2Fimage.maxpreps.io%2Fschool-mascot%2Ff%2F7%2F1%2Ff71d8844-7048-4155-98f3-e8954862e98b.gif%3Fversion%3D639188602688196980%26amp%3Bwidth%3D128%26amp%3Bheight%3D128%26amp%3Bauto%3Dwebp%26amp%3Bformat%3Dpjpg","https://hsfootball.net/proxy.php?url=https%3A%2F%2Fimage.maxpreps.io%2Fschool-mascot%2Fd%2Fd%2F5%2Fdd533c0e-52d8-4fb5-b884-77f6fa73bd13.gif%3Fversion%3D639228910254843100%26amp%3Bwidth%3D128%26amp%3Bheight%3D128%26amp%3Bauto%3Dwebp%26amp%3Bformat%3Dpjpg"
10,"Thomas County Central vs Central",Boys Softball,"Georgia",9/25/2026,7:00pm,"The Thomas County Central varsity softball team has an away non-conference game @  Central (Carrollton, GA) on Friday, September 25 @ 7p.","/ga/softball/game/central-carrollton-vs-thomas-county-central-thomasville/9-25-2026/?c=e9c3b0f4-fbe4-4e34-a697-f0f870e60697","https://www.maxpreps.com/ga/softball/game/central-carrollton-vs-thomas-county-central-thomasville/9-25-2026/?c=e9c3b0f4-fbe4-4e34-a697-f0f870e60697","/softball/ga/15df?9/25/2026","Yellow Jackets","Lions","https://www.maxpreps.com/ga/central-carrollton/boys-softball/","https://www.maxpreps.com/ga/thomas-county-central-thomasville/boys-softball/","https://hsfootball.net/proxy.php?url=https%3A%2F%2Fimage.maxpreps.io%2Fschool-mascot%2Fa%2F1%2Fe%2Fa1ebf8be-9abc-48be-a64f-f29630826189.gif%3Fversion%3D639180703332485220%26amp%3Bwidth%3D128%26amp%3Bheight%3D128%26amp%3Bauto%3Dwebp%26amp%3Bformat%3Dpjpg","https://hsfootball.net/proxy.php?url=https%3A%2F%2Fimage.maxpreps.io%2Fschool-mascot%2Fb%2F0%2F7%2Fb0715c3d-4a8c-4a51-87d6-18b87a218acc.gif%3Fversion%3D634859007000000000%26amp%3Bwidth%3D128%26amp%3Bheight%3D128%26amp%3Bauto%3Dwebp%26amp%3Bformat%3Dpjpg"
11,"Commerce vs Putnam County",Boys Softball,"Georgia",9/25/2026,12:00am,"The Commerce varsity softball team has an away non-conference game @  Putnam County (Eatonton, GA) on Friday, September 25.","/ga/softball/game/commerce-vs-putnam-county-eatonton/9-25-2026/?c=6e9cddcd-bd1b-474a-8210-4bd75bceab35","https://www.maxpreps.com/ga/softball/game/commerce-vs-putnam-county-eatonton/9-25-2026/?c=6e9cddcd-bd1b-474a-8210-4bd75bceab35","/softball/ga/d87?9/25/2026","Tigers","War Eagles","https://www.maxpreps.com/ga/commerce/boys-softball/","https://www.maxpreps.com/ga/putnam-county-eatonton/boys-softball/","https://hsfootball.net/proxy.php?url=https%3A%2F%2Fimage.maxpreps.io%2Fschool-mascot%2F6%2Ff%2F7%2F6f77a858-d9fe-4ab4-aaf4-0e4b884b5679.gif%3Fversion%3D639179251195372520%26amp%3Bwidth%3D128%26amp%3Bheight%3D128%26amp%3Bauto%3Dwebp%26amp%3Bformat%3Dpjpg","https://hsfootball.net/proxy.php?url=https%3A%2F%2Fimage.maxpreps.io%2Fschool-mascot%2F9%2F7%2F3%2F973ac72c-51f2-4d68-b8fe-9a5dd621de53.gif%3Fversion%3D639179658355479240%26amp%3Bwidth%3D128%26amp%3Bheight%3D128%26amp%3Bauto%3Dwebp%26amp%3Bformat%3Dpjpg"
1,"Elbert County vs Prince Avenue Christian",Boys Softball,"Georgia",9/26/2026,9:00am,"The Elbert County varsity softball team has an away non-conference game @  Prince Avenue Christian (Athens, GA) on Saturday, September 26 @ 9a.","/ga/softball/game/elbert-county-elberton-vs-prince-avenue-christian-athens/9-26-2026/?c=2177506a-c09d-4c34-9a7e-6ed5d8138ea6","https://www.maxpreps.com/ga/softball/game/elbert-county-elberton-vs-prince-avenue-christian-athens/9-26-2026/?c=2177506a-c09d-4c34-9a7e-6ed5d8138ea6","/softball/ga/15ec?9/26/2026","Blue Devils","Wolverines","https://www.maxpreps.com/ga/elbert-county-elberton/boys-softball/","https://www.maxpreps.com/ga/prince-avenue-christian-athens/boys-softball/","https://hsfootball.net/proxy.php?url=https%3A%2F%2Fimage.maxpreps.io%2Fschool-mascot%2F3%2F3%2F1%2F331eaa9b-a0c7-4a07-b289-38563f244e2d.gif%3Fversion%3D636392661600000000%26amp%3Bwidth%3D128%26amp%3Bheight%3D128%26amp%3Bauto%3Dwebp%26amp%3Bformat%3Dpjpg","https://hsfootball.net/proxy.php?url=https%3A%2F%2Fimage.maxpreps.io%2Fschool-mascot%2F3%2Fa%2F9%2F3a98606b-041c-4df4-b129-a34e2c29123a.gif%3Fversion%3D639179251295442690%26amp%3Bwidth%3D128%26amp%3Bheight%3D128%26amp%3Bauto%3Dwebp%26amp%3Bformat%3Dpjpg"
2,"Islands vs Bradwell Institute",Boys Softball,"Georgia",9/26/2026,9:30am,"The Islands varsity softball team has an away non-conference game @  Bradwell Institute (Hinesville, GA) on Saturday, September 26 @ 9:30a.","/ga/softball/game/bradwell-institute-hinesville-vs-islands-savannah/9-26-2026/?c=d933696b-58eb-4f56-8a3e-71183a744063","https://www.maxpreps.com/ga/softball/game/bradwell-institute-hinesville-vs-islands-savannah/9-26-2026/?c=d933696b-58eb-4f56-8a3e-71183a744063","/softball/ga/1371?9/26/2026","Sharks","Tigers","https://www.maxpreps.com/ga/bradwell-institute-hinesville/boys-softball/","https://www.maxpreps.com/ga/islands-savannah/boys-softball/","https://hsfootball.net/proxy.php?url=https%3A%2F%2Fimage.maxpreps.io%2Fschool-mascot%2Fc%2F3%2F0%2Fc30a3523-c4e2-4053-9bb9-cfdb29830d30.gif%3Fversion%3D639178400988234160%26amp%3Bwidth%3D128%26amp%3Bheight%3D128%26amp%3Bauto%3Dwebp%26amp%3Bformat%3Dpjpg","https://hsfootball.net/proxy.php?url=https%3A%2F%2Fimage.maxpreps.io%2Fschool-mascot%2Fb%2F1%2F3%2Fb1363aad-d0ae-44bd-b892-13e1a0a85886.gif%3Fversion%3D639197980095454410%26amp%3Bwidth%3D128%26amp%3Bheight%3D128%26amp%3Bauto%3Dwebp%26amp%3Bformat%3Dpjpg"
3,"Tallulah Falls vs East Jackson",Boys Softball,"Georgia",9/26/2026,10:00am,"The Tallulah Falls varsity softball team has an away non-conference game @  East Jackson (Commerce, GA) on Saturday, September 26 @ 10a.","/ga/softball/game/east-jackson-commerce-vs-tallulah-falls/9-26-2026/?c=8f1abc41-f17e-4af3-9a31-1252b1d6ee7c","https://www.maxpreps.com/ga/softball/game/east-jackson-commerce-vs-tallulah-falls/9-26-2026/?c=8f1abc41-f17e-4af3-9a31-1252b1d6ee7c","/softball/ga/f14?9/26/2026","Indians","Eagles","https://www.maxpreps.com/ga/east-jackson-commerce/boys-softball/","https://www.maxpreps.com/ga/tallulah-falls/boys-softball/","https://hsfootball.net/proxy.php?url=https%3A%2F%2Fimage.maxpreps.io%2Fschool-mascot%2F3%2F3%2F2%2F332a064a-d30d-418f-8513-8c843d1396e0.gif%3Fversion%3D639128739358632400%26amp%3Bwidth%3D128%26amp%3Bheight%3D128%26amp%3Bauto%3Dwebp%26amp%3Bformat%3Dpjpg","https://hsfootball.net/proxy.php?url=https%3A%2F%2Fimage.maxpreps.io%2Fschool-mascot%2F9%2F1%2Fb%2F91b19f87-ebaf-4128-935d-6d82da6ad3d1.gif%3Fversion%3D638731357777982300%26amp%3Bwidth%3D128%26amp%3Bheight%3D128%26amp%3Bauto%3Dwebp%26amp%3Bformat%3Dpjpg"
4,"Dougherty vs Valdosta",Boys Softball,"Georgia",9/26/2026,10:00am,"The Dougherty varsity softball team has an away non-conference game @  Valdosta (GA) on Saturday, September 26 @ 10a.","/ga/softball/game/dougherty-albany-vs-valdosta/9-26-2026/?c=55c2ecd1-d5e5-4eb8-9e80-ce09604a7ea0","https://www.maxpreps.com/ga/softball/game/dougherty-albany-vs-valdosta/9-26-2026/?c=55c2ecd1-d5e5-4eb8-9e80-ce09604a7ea0","/softball/ga/b20?9/26/2026","Trojans","Wildcats","https://www.maxpreps.com/ga/dougherty-albany/boys-softball/","https://www.maxpreps.com/ga/valdosta/boys-softball/","https://hsfootball.net/proxy.php?url=https%3A%2F%2Fimage.maxpreps.io%2Fschool-mascot%2F7%2F4%2F0%2F74042cf1-c008-4cb7-a92f-03761f1156b3.gif%3Fversion%3D639129168621601770%26amp%3Bwidth%3D128%26amp%3Bheight%3D128%26amp%3Bauto%3Dwebp%26amp%3Bformat%3Dpjpg","https://hsfootball.net/proxy.php?url=https%3A%2F%2Fimage.maxpreps.io%2Fschool-mascot%2F3%2F4%2F3%2F34394634-0bb0-41ca-84e5-c7b5f49d0072.gif%3Fversion%3D639183171835888400%26amp%3Bwidth%3D128%26amp%3Bheight%3D128%26amp%3Bauto%3Dwebp%26amp%3Bformat%3Dpjpg"
5,"Banneker vs North Clayton",Boys Softball,"Georgia",9/26/2026,10:00am,"The Banneker varsity softball team has an away non-conference game @  North Clayton (College Park, GA) on Saturday, September 26 @ 10a.","/ga/softball/game/banneker-college-park-vs-north-clayton-college-park/9-26-2026/?c=e7374060-9b1c-4997-8b4f-70c18060fbc9","https://www.maxpreps.com/ga/softball/game/banneker-college-park-vs-north-clayton-college-park/9-26-2026/?c=e7374060-9b1c-4997-8b4f-70c18060fbc9","/softball/ga/13a1?9/26/2026","Trojans","Eagles","https://www.maxpreps.com/ga/banneker-college-park/boys-softball/","https://www.maxpreps.com/ga/north-clayton-college-park/boys-softball/","https://hsfootball.net/proxy.php?url=https%3A%2F%2Fimage.maxpreps.io%2Fschool-mascot%2F2%2F8%2F3%2F28340751-a006-43f6-b29d-b5fd9c6417c7.gif%3Fversion%3D637159928400000000%26amp%3Bwidth%3D128%26amp%3Bheight%3D128%26amp%3Bauto%3Dwebp%26amp%3Bformat%3Dpjpg","https://hsfootball.net/proxy.php?url=https%3A%2F%2Fimage.maxpreps.io%2Fschool-mascot%2Fb%2F8%2Fd%2Fb8d5f8c6-9c87-479b-98c6-cb305deb542b.gif%3Fversion%3D639183171811601770%26amp%3Bwidth%3D128%26amp%3Bheight%3D128%26amp%3Bauto%3Dwebp%26amp%3Bformat%3Dpjpg"
6,"Bremen vs Harris County",Boys Softball,"Georgia",9/26/2026,10:00am,"The Bremen varsity softball team has a neutral tournament game vs.  Harris County (Hamilton, GA) on Saturday, September 26 @ 10a.","/ga/softball/game/bremen-vs-harris-county-hamilton/9-26-2026/?c=e79ab742-7fba-45b6-9100-a9612e3d7a10","https://www.maxpreps.com/ga/softball/game/bremen-vs-harris-county-hamilton/9-26-2026/?c=e79ab742-7fba-45b6-9100-a9612e3d7a10","/softball/ga/c9d?9/26/2026","Blue Devils","Tigers","https://www.maxpreps.com/ga/bremen/boys-softball/","https://www.maxpreps.com/ga/harris-county-hamilton/boys-softball/","https://hsfootball.net/proxy.php?url=https%3A%2F%2Fimage.maxpreps.io%2Fschool-mascot%2F9%2F6%2F3%2F963cdd4b-18df-44c2-ba32-ec0f5900e219.gif%3Fversion%3D639100295551622540%26amp%3Bwidth%3D128%26amp%3Bheight%3D128%26amp%3Bauto%3Dwebp%26amp%3Bformat%3Dpjpg","https://hsfootball.net/proxy.php?url=https%3A%2F%2Fimage.maxpreps.io%2Fschool-mascot%2F4%2F7%2F9%2F479e3018-d135-4bdb-8c50-c539cd94bd97.gif%3Fversion%3D635412141600000000%26amp%3Bwidth%3D128%26amp%3Bheight%3D128%26amp%3Bauto%3Dwebp%26amp%3Bformat%3Dpjpg"
7,"Mount Vernon vs Walton",Boys Softball,"Georgia",9/26/2026,10:00am,"The Mount Vernon varsity softball team has an away non-conference game @  Walton (Marietta, GA) on Saturday, September 26 @ 10a.","/ga/softball/game/mount-vernon-atlanta-vs-walton-marietta/9-26-2026/?c=5573e69c-47d7-458f-a0de-afaee39de454","https://www.maxpreps.com/ga/softball/game/mount-vernon-atlanta-vs-walton-marietta/9-26-2026/?c=5573e69c-47d7-458f-a0de-afaee39de454","/softball/ga/f66?9/26/2026","Mustangs","Raiders","https://www.maxpreps.com/ga/mount-vernon-atlanta/boys-softball/","https://www.maxpreps.com/ga/walton-marietta/boys-softball/","https://hsfootball.net/proxy.php?url=https%3A%2F%2Fimage.maxpreps.io%2Fschool-mascot%2F5%2F8%2F3%2F5839dcaa-281e-4660-879a-3aed0d909343.gif%3Fversion%3D636382953600000000%26amp%3Bwidth%3D128%26amp%3Bheight%3D128%26amp%3Bauto%3Dwebp%26amp%3Bformat%3Dpjpg","https://hsfootball.net/proxy.php?url=https%3A%2F%2Fimage.maxpreps.io%2Fschool-mascot%2F2%2Ff%2Fa%2F2fa97fcb-ebf2-40d0-b407-bfc2f0f9d996.gif%3Fversion%3D635303207400000000%26amp%3Bwidth%3D128%26amp%3Bheight%3D128%26amp%3Bauto%3Dwebp%26amp%3Bformat%3Dpjpg"
8,"Westminster vs Denmark",Boys Softball,"Georgia",9/26/2026,10:00am,"The Westminster varsity softball team has a neutral non-conference game vs.  Denmark (Alpharetta, GA) on Saturday, September 26 @ 10a.","/ga/softball/game/denmark-alpharetta-vs-westminster-atlanta/9-26-2026/?c=8a9d410b-cb17-4381-b874-a5e93785e261","https://www.maxpreps.com/ga/softball/game/denmark-alpharetta-vs-westminster-atlanta/9-26-2026/?c=8a9d410b-cb17-4381-b874-a5e93785e261","/softball/ga/104f?9/26/2026","Wildcats","TBD","https://www.maxpreps.com/ga/denmark-alpharetta/boys-softball/","https://www.maxpreps.com/ga/westminster-atlanta/boys-softball/","https://hsfootball.net/proxy.php?url=https%3A%2F%2Fimage.maxpreps.io%2Fschool-mascot%2F3%2F1%2Fb%2F31b1eb3d-903a-4d37-a2a4-21f5ddb8ff4d.gif%3Fversion%3D637874159400000000%26amp%3Bwidth%3D128%26amp%3Bheight%3D128%26amp%3Bauto%3Dwebp%26amp%3Bformat%3Dpjpg","https://hsfootball.net/proxy.php?url=https%3A%2F%2Fimage.maxpreps.io%2Fschool-mascot%2Ff%2Ff%2F1%2Fff1b45ca-7b8e-4f53-babb-401d2a4cdd9f.gif%3Fversion%3D636644187600000000%26amp%3Bwidth%3D128%26amp%3Bheight%3D128%26amp%3Bauto%3Dwebp%26amp%3Bformat%3Dpjpg"
9,"Creekview vs Buford",Boys Softball,"Georgia",9/26/2026,10:00am,"The Creekview varsity softball team has an away non-conference game @  Buford (GA) on Saturday, September 26 @ 10a.","/ga/softball/game/buford-vs-creekview-canton/9-26-2026/?c=3a6d6258-49af-409f-bdac-397a21187470","https://www.maxpreps.com/ga/softball/game/buford-vs-creekview-canton/9-26-2026/?c=3a6d6258-49af-409f-bdac-397a21187470","/softball/ga/a3a?9/26/2026","Grizzlies","Wolves","https://www.maxpreps.com/ga/buford/boys-softball/","https://www.maxpreps.com/ga/creekview-canton/boys-softball/","https://hsfootball.net/proxy.php?url=https%3A%2F%2Fimage.maxpreps.io%2Fschool-mascot%2F5%2Fb%2F8%2F5b83aa92-f4d2-4e04-85e9-c04eaa28880b.gif%3Fversion%3D639127247800580750%26amp%3Bwidth%3D128%26amp%3Bheight%3D128%26amp%3Bauto%3Dwebp%26amp%3Bformat%3Dpjpg","https://hsfootball.net/proxy.php?url=https%3A%2F%2Fimage.maxpreps.io%2Fschool-mascot%2F6%2Fd%2F0%2F6d00b044-607e-4dee-aa9b-e1fc2c6a87bc.gif%3Fversion%3D637816301400000000%26amp%3Bwidth%3D128%26amp%3Bheight%3D128%26amp%3Bauto%3Dwebp%26amp%3Bformat%3Dpjpg"
10,"Brantley County vs Wayne County",Boys Softball,"Georgia",9/26/2026,10:00am,"The Brantley County varsity softball team has an away non-conference game @  Wayne County (Jesup, GA) on Saturday, September 26 @ 10a.","/ga/softball/game/brantley-county-nahunta-vs-wayne-county-jesup/9-26-2026/?c=2f5a212a-bb98-4a2c-9b3a-5dfb2b11edfc","https://www.maxpreps.com/ga/softball/game/brantley-county-nahunta-vs-wayne-county-jesup/9-26-2026/?c=2f5a212a-bb98-4a2c-9b3a-5dfb2b11edfc","/softball/ga/11d6?9/26/2026","Herons","Yellow Jackets","https://www.maxpreps.com/ga/brantley-county-nahunta/boys-softball/","https://www.maxpreps.com/ga/wayne-county-jesup/boys-softball/","https://hsfootball.net/proxy.php?url=https%3A%2F%2Fimage.maxpreps.io%2Fschool-mascot%2Fb%2Fe%2F9%2Fbe9cb034-e911-4b56-87f7-6b8ddb23c0e3.gif%3Fversion%3D639126345599974350%26amp%3Bwidth%3D128%26amp%3Bheight%3D128%26amp%3Bauto%3Dwebp%26amp%3Bformat%3Dpjpg","https://hsfootball.net/proxy.php?url=https%3A%2F%2Fimage.maxpreps.io%2Fschool-mascot%2F3%2F8%2F1%2F381916fa-afbc-44eb-9457-13213ae27264.gif%3Fversion%3D639134131052049780%26amp%3Bwidth%3D128%26amp%3Bheight%3D128%26amp%3Bauto%3Dwebp%26amp%3Bformat%3Dpjpg"
11,"Harrison vs North Cobb Christian",Boys Softball,"Georgia",9/26/2026,11:00am,"The Harrison varsity softball team has an away non-conference game @  North Cobb Christian (Kennesaw, GA) on Saturday, September 26 @ 11a.","/ga/softball/game/harrison-kennesaw-vs-north-cobb-christian-kennesaw/9-26-2026/?c=debeaf33-9288-43a4-9a50-8df4aef9ff90","https://www.maxpreps.com/ga/softball/game/harrison-kennesaw-vs-north-cobb-christian-kennesaw/9-26-2026/?c=debeaf33-9288-43a4-9a50-8df4aef9ff90","/softball/ga/139b?9/26/2026","Hoyas","Eagles","https://www.maxpreps.com/ga/harrison-kennesaw/boys-softball/","https://www.maxpreps.com/ga/north-cobb-christian-kennesaw/boys-softball/","https://hsfootball.net/proxy.php?url=https%3A%2F%2Fimage.maxpreps.io%2Fschool-mascot%2Fe%2Ff%2F9%2Fef9ea845-7b35-4fa0-aa32-08f1f70e8791.gif%3Fversion%3D639183171881956440%26amp%3Bwidth%3D128%26amp%3Bheight%3D128%26amp%3Bauto%3Dwebp%26amp%3Bformat%3Dpjpg","https://hsfootball.net/proxy.php?url=https%3A%2F%2Fimage.maxpreps.io%2Fschool-mascot%2Fd%2F5%2Fe%2Fd5eccd84-e874-4a81-a89d-1d7e761b7ef0.gif%3Fversion%3D637816376400000000%26amp%3Bwidth%3D128%26amp%3Bheight%3D128%26amp%3Bauto%3Dwebp%26amp%3Bformat%3Dpjpg"
12,"Bethlehem Christian Academy vs Mount de Sales Academy",Boys Softball,"Georgia",9/26/2026,11:00am,"The Bethlehem Christian Academy varsity softball team has an away non-conference game @  Mount de Sales Academy (Macon, GA) on Saturday, September 26 @ 11a.","/ga/softball/game/bethlehem-christian-academy-vs-mount-de-sales-academy-macon/9-26-2026/?c=09a189cd-74a5-4d31-907e-b56d09e79c26","https://www.maxpreps.com/ga/softball/game/bethlehem-christian-academy-vs-mount-de-sales-academy-macon/9-26-2026/?c=09a189cd-74a5-4d31-907e-b56d09e79c26","/softball/ga/168e?9/26/2026","Knights","Cavaliers","https://www.maxpreps.com/ga/bethlehem-christian-academy/boys-softball/","https://www.maxpreps.com/ga/mount-de-sales-academy-macon/boys-softball/","https://hsfootball.net/proxy.php?url=https%3A%2F%2Fimage.maxpreps.io%2Fschool-mascot%2Ff%2F8%2Fa%2Ff8a36ec6-bdf3-4a11-bc90-742fbe48e754.gif%3Fversion%3D638604263896693830%26amp%3Bwidth%3D128%26amp%3Bheight%3D128%26amp%3Bauto%3Dwebp%26amp%3Bformat%3Dpjpg","https://hsfootball.net/proxy.php?url=https%3A%2F%2Fimage.maxpreps.io%2Fschool-mascot%2F7%2Fa%2F1%2F7a139b94-ae84-469c-8127-a7225bc1eb02.gif%3Fversion%3D639180967334421860%26amp%3Bwidth%3D128%26amp%3Bheight%3D128%26amp%3Bauto%3Dwebp%26amp%3Bformat%3Dpjpg"
13,"Chestatee vs Liberty County",Boys Softball,"Georgia",9/26/2026,11:00am,"The Chestatee varsity softball team has an away non-conference game @  Liberty County (Hinesville, GA) on Saturday, September 26 @ 11a.","/ga/softball/game/chestatee-gainesville-vs-liberty-county-hinesville/9-26-2026/?c=16aff3b1-27e2-402f-956b-a773445916e1","https://www.maxpreps.com/ga/softball/game/chestatee-gainesville-vs-liberty-county-hinesville/9-26-2026/?c=16aff3b1-27e2-402f-956b-a773445916e1","/softball/ga/13e3?9/26/2026","War Eagles","Panthers","https://www.maxpreps.com/ga/chestatee-gainesville/boys-softball/","https://www.maxpreps.com/ga/liberty-county-hinesville/boys-softball/","https://hsfootball.net/proxy.php?url=https%3A%2F%2Fimage.maxpreps.io%2Fschool-mascot%2F9%2F0%2F8%2F90859826-449c-471c-8a0f-a4e0216f6812.gif%3Fversion%3D639127906947679850%26amp%3Bwidth%3D128%26amp%3Bheight%3D128%26amp%3Bauto%3Dwebp%26amp%3Bformat%3Dpjpg","https://hsfootball.net/proxy.php?url=https%3A%2F%2Fimage.maxpreps.io%2Fschool-mascot%2F0%2F1%2Fd%2F01d88cb6-e142-44d8-a3fa-d1afd1903c9c.gif%3Fversion%3D639126203220696390%26amp%3Bwidth%3D128%26amp%3Bheight%3D128%26amp%3Bauto%3Dwebp%26amp%3Bformat%3Dpjpg"
14,"Chattooga vs Model",Boys Softball,"Georgia",9/26/2026,11:00am,"The Chattooga varsity softball team has an away non-conference game @  Model (Rome, GA) on Saturday, September 26 @ 11a.","/ga/softball/game/chattooga-summerville-vs-model-rome/9-26-2026/?c=d64f42c8-a2dd-405d-beba-6d1855362d77","https://www.maxpreps.com/ga/softball/game/chattooga-summerville-vs-model-rome/9-26-2026/?c=d64f42c8-a2dd-405d-beba-6d1855362d77","/softball/ga/dd0?9/26/2026","Indians","Blue Devils","https://www.maxpreps.com/ga/chattooga-summerville/boys-softball/","https://www.maxpreps.com/ga/model-rome/boys-softball/","https://hsfootball.net/proxy.php?url=https%3A%2F%2Fimage.maxpreps.io%2Fschool-mascot%2F5%2F2%2F9%2F52916cd3-4e86-49d1-8993-653177b61a92.gif%3Fversion%3D639188602443078840%26amp%3Bwidth%3D128%26amp%3Bheight%3D128%26amp%3Bauto%3Dwebp%26amp%3Bformat%3Dpjpg","https://hsfootball.net/proxy.php?url=https%3A%2F%2Fimage.maxpreps.io%2Fschool-mascot%2Ff%2Fe%2F4%2Ffe4668fc-2d47-4061-8597-3ac6cba1e932.gif%3Fversion%3D637497082800000000%26amp%3Bwidth%3D128%26amp%3Bheight%3D128%26amp%3Bauto%3Dwebp%26amp%3Bformat%3Dpjpg"
15,"Lakeside vs South Effingham",Boys Softball,"Georgia",9/26/2026,12:00pm,"The Lakeside varsity softball team has an away conference game @  South Effingham (Guyton, GA) on Saturday, September 26 @ 12p.","/ga/softball/game/lakeside-evans-vs-south-effingham-guyton/9-26-2026/?c=dc9b5d9d-22f6-4807-bae2-677192e5cd67","https://www.maxpreps.com/ga/softball/game/lakeside-evans-vs-south-effingham-guyton/9-26-2026/?c=dc9b5d9d-22f6-4807-bae2-677192e5cd67","/softball/ga/fa7?9/26/2026","Panthers","Mustangs","https://www.maxpreps.com/ga/lakeside-evans/boys-softball/","https://www.maxpreps.com/ga/south-effingham-guyton/boys-softball/","https://hsfootball.net/proxy.php?url=https%3A%2F%2Fimage.maxpreps.io%2Fschool-mascot%2F6%2F5%2Fd%2F65d102bf-978b-4f5e-829d-9b5bd5a0ad2f.gif%3Fversion%3D637856049600000000%26amp%3Bwidth%3D128%26amp%3Bheight%3D128%26amp%3Bauto%3Dwebp%26amp%3Bformat%3Dpjpg","https://hsfootball.net/proxy.php?url=https%3A%2F%2Fimage.maxpreps.io%2Fschool-mascot%2F3%2F2%2F0%2F320b823d-2e92-4b64-9b4c-4dd7d9a7fba6.gif%3Fversion%3D637172688000000000%26amp%3Bwidth%3D128%26amp%3Bheight%3D128%26amp%3Bauto%3Dwebp%26amp%3Bformat%3Dpjpg"
16,"Thomas County Central vs Harris County",Boys Softball,"Georgia",9/26/2026,12:00pm,"The Thomas County Central varsity softball team has a neutral tournament game vs.  Harris County (Hamilton, GA) on Saturday, September 26 @ 12p.","/ga/softball/game/harris-county-hamilton-vs-thomas-county-central-thomasville/9-26-2026/?c=c7535499-a053-40f9-9e09-c55137d51dce","https://www.maxpreps.com/ga/softball/game/harris-county-hamilton-vs-thomas-county-central-thomasville/9-26-2026/?c=c7535499-a053-40f9-9e09-c55137d51dce","/softball/ga/176a?9/26/2026","Yellow Jackets","Tigers","https://www.maxpreps.com/ga/harris-county-hamilton/boys-softball/","https://www.maxpreps.com/ga/thomas-county-central-thomasville/boys-softball/","https://hsfootball.net/proxy.php?url=https%3A%2F%2Fimage.maxpreps.io%2Fschool-mascot%2Fa%2F1%2Fe%2Fa1ebf8be-9abc-48be-a64f-f29630826189.gif%3Fversion%3D639180703332485220%26amp%3Bwidth%3D128%26amp%3Bheight%3D128%26amp%3Bauto%3Dwebp%26amp%3Bformat%3Dpjpg","https://hsfootball.net/proxy.php?url=https%3A%2F%2Fimage.maxpreps.io%2Fschool-mascot%2F4%2F7%2F9%2F479e3018-d135-4bdb-8c50-c539cd94bd97.gif%3Fversion%3D635412141600000000%26amp%3Bwidth%3D128%26amp%3Bheight%3D128%26amp%3Bauto%3Dwebp%26amp%3Bformat%3Dpjpg"
17,"George Walton Academy vs John Milledge Academy",Boys Softball,"Georgia",9/26/2026,12:00pm,"The George Walton Academy varsity softball team has an away non-conference game @  John Milledge Academy (Milledgeville, GA) on Saturday, September 26 @ 12p.","/ga/softball/game/george-walton-academy-monroe-vs-john-milledge-academy-milledgeville/9-26-2026/?c=83dbf332-97b8-4d2e-bfbe-d21057f2d21d","https://www.maxpreps.com/ga/softball/game/george-walton-academy-monroe-vs-john-milledge-academy-milledgeville/9-26-2026/?c=83dbf332-97b8-4d2e-bfbe-d21057f2d21d","/softball/ga/19e8?9/26/2026","Bulldogs","Trojans","https://www.maxpreps.com/ga/george-walton-academy-monroe/boys-softball/","https://www.maxpreps.com/ga/john-milledge-academy-milledgeville/boys-softball/","https://hsfootball.net/proxy.php?url=https%3A%2F%2Fimage.maxpreps.io%2Fschool-mascot%2Fa%2Fb%2F9%2Fab9f3800-d586-47d0-abb7-afaa07fec0be.gif%3Fversion%3D639129576298611090%26amp%3Bwidth%3D128%26amp%3Bheight%3D128%26amp%3Bauto%3Dwebp%26amp%3Bformat%3Dpjpg","https://hsfootball.net/proxy.php?url=https%3A%2F%2Fimage.maxpreps.io%2Fschool-mascot%2F1%2F9%2Fe%2F19e7fc56-83f8-4204-8d54-6ee17f8eadfc.gif%3Fversion%3D638610447624302710%26amp%3Bwidth%3D128%26amp%3Bheight%3D128%26amp%3Bauto%3Dwebp%26amp%3Bformat%3Dpjpg"
18,"Denmark vs Pope",Boys Softball,"Georgia",9/26/2026,12:00pm,"The Denmark varsity softball team has an away non-conference game @  Pope (Marietta, GA) on Saturday, September 26 @ 12p.","/ga/softball/game/denmark-alpharetta-vs-pope-marietta/9-26-2026/?c=6b7e9990-add5-4220-8558-187cb2441df3","https://www.maxpreps.com/ga/softball/game/denmark-alpharetta-vs-pope-marietta/9-26-2026/?c=6b7e9990-add5-4220-8558-187cb2441df3","/softball/ga/db0?9/26/2026","Greyhounds","TBD","https://www.maxpreps.com/ga/denmark-alpharetta/boys-softball/","https://www.maxpreps.com/ga/pope-marietta/boys-softball/","https://hsfootball.net/proxy.php?url=https%3A%2F%2Fimage.maxpreps.io%2Fschool-mascot%2Ff%2Ff%2F1%2Fff1b45ca-7b8e-4f53-babb-401d2a4cdd9f.gif%3Fversion%3D636644187600000000%26amp%3Bwidth%3D128%26amp%3Bheight%3D128%26amp%3Bauto%3Dwebp%26amp%3Bformat%3Dpjpg","https://hsfootball.net/proxy.php?url=https%3A%2F%2Fimage.maxpreps.io%2Fschool-mascot%2F0%2F7%2F5%2F075c4adc-c581-4992-861a-53e4d70a25e7.gif%3Fversion%3D639134131090013120%26amp%3Bwidth%3D128%26amp%3Bheight%3D128%26amp%3Bauto%3Dwebp%26amp%3Bformat%3Dpjpg"
19,"Mount Vernon vs Lassiter",Boys Softball,"Georgia",9/26/2026,12:00pm,"The Mount Vernon varsity softball team has an away non-conference game @  Lassiter (Marietta, GA) on Saturday, September 26 @ 12p.","/ga/softball/game/lassiter-marietta-vs-mount-vernon-atlanta/9-26-2026/?c=e039742c-9aba-4d05-9fca-39c4bc246534","https://www.maxpreps.com/ga/softball/game/lassiter-marietta-vs-mount-vernon-atlanta/9-26-2026/?c=e039742c-9aba-4d05-9fca-39c4bc246534","/softball/ga/1038?9/26/2026","Mustangs","Trojans","https://www.maxpreps.com/ga/lassiter-marietta/boys-softball/","https://www.maxpreps.com/ga/mount-vernon-atlanta/boys-softball/","https://hsfootball.net/proxy.php?url=https%3A%2F%2Fimage.maxpreps.io%2Fschool-mascot%2F5%2F8%2F3%2F5839dcaa-281e-4660-879a-3aed0d909343.gif%3Fversion%3D636382953600000000%26amp%3Bwidth%3D128%26amp%3Bheight%3D128%26amp%3Bauto%3Dwebp%26amp%3Bformat%3Dpjpg","https://hsfootball.net/proxy.php?url=https%3A%2F%2Fimage.maxpreps.io%2Fschool-mascot%2Fb%2F3%2F0%2Fb3018919-6e98-41bf-92a8-46813d18963c.gif%3Fversion%3D636211012200000000%26amp%3Bwidth%3D128%26amp%3Bheight%3D128%26amp%3Bauto%3Dwebp%26amp%3Bformat%3Dpjpg"
20,"St. Vincent&#x27;s vs Brantley County",Boys Softball,"Georgia",9/26/2026,12:30pm,"The St. Vincent&#x27;s varsity softball team has an away non-conference game @  Brantley County (Nahunta, GA) on Saturday, September 26 @ 12:30p.","/ga/softball/game/brantley-county-nahunta-vs-st-vincents-savannah/9-26-2026/?c=13701a50-06d9-47b1-bd49-942d85ffee0b","https://www.maxpreps.com/ga/softball/game/brantley-county-nahunta-vs-st-vincents-savannah/9-26-2026/?c=13701a50-06d9-47b1-bd49-942d85ffee0b","/softball/ga/128a?9/26/2026","Saints","Herons","https://www.maxpreps.com/ga/brantley-county-nahunta/boys-softball/","https://www.maxpreps.com/ga/st-vincents-savannah/boys-softball/","https://hsfootball.net/proxy.php?url=https%3A%2F%2Fimage.maxpreps.io%2Fschool-mascot%2F5%2F3%2Fb%2F53b8e1d1-f3e5-4a98-a04e-cc8838fdc6f9.gif%3Fversion%3D638908544512110740%26amp%3Bwidth%3D128%26amp%3Bheight%3D128%26amp%3Bauto%3Dwebp%26amp%3Bformat%3Dpjpg","https://hsfootball.net/proxy.php?url=https%3A%2F%2Fimage.maxpreps.io%2Fschool-mascot%2Fb%2Fe%2F9%2Fbe9cb034-e911-4b56-87f7-6b8ddb23c0e3.gif%3Fversion%3D639126345599974350%26amp%3Bwidth%3D128%26amp%3Bheight%3D128%26amp%3Bauto%3Dwebp%26amp%3Bformat%3Dpjpg"
21,"Harrison vs Ringgold",Boys Softball,"Georgia",9/26/2026,1:00pm,"The Harrison varsity softball team has an away non-conference game @  Ringgold (GA) on Saturday, September 26 @ 1p.","/ga/softball/game/harrison-kennesaw-vs-ringgold/9-26-2026/?c=018eeada-f405-4e23-b61d-3b59957c6ff9","https://www.maxpreps.com/ga/softball/game/harrison-kennesaw-vs-ringgold/9-26-2026/?c=018eeada-f405-4e23-b61d-3b59957c6ff9","/softball/ga/b88?9/26/2026","Hoyas","Tigers","https://www.maxpreps.com/ga/harrison-kennesaw/boys-softball/","https://www.maxpreps.com/ga/ringgold/boys-softball/","https://hsfootball.net/proxy.php?url=https%3A%2F%2Fimage.maxpreps.io%2Fschool-mascot%2Fe%2Ff%2F9%2Fef9ea845-7b35-4fa0-aa32-08f1f70e8791.gif%3Fversion%3D639183171881956440%26amp%3Bwidth%3D128%26amp%3Bheight%3D128%26amp%3Bauto%3Dwebp%26amp%3Bformat%3Dpjpg","https://hsfootball.net/proxy.php?url=https%3A%2F%2Fimage.maxpreps.io%2Fschool-mascot%2F3%2F9%2F8%2F398b75a6-8977-4e78-9735-6fb209a71f65.gif%3Fversion%3D639178764111936880%26amp%3Bwidth%3D128%26amp%3Bheight%3D128%26amp%3Bauto%3Dwebp%26amp%3Bformat%3Dpjpg"
22,"Pike County vs Prince Avenue Christian",Boys Softball,"Georgia",9/26/2026,1:00pm,"The Pike County varsity softball team has an away non-conference game @  Prince Avenue Christian (Athens, GA) on Saturday, September 26 @ 1p.","/ga/softball/game/pike-county-zebulon-vs-prince-avenue-christian-athens/9-26-2026/?c=5801690c-8523-4f83-88c3-7697ca70a399","https://www.maxpreps.com/ga/softball/game/pike-county-zebulon-vs-prince-avenue-christian-athens/9-26-2026/?c=5801690c-8523-4f83-88c3-7697ca70a399","/softball/ga/14bb?9/26/2026","Pirates","Wolverines","https://www.maxpreps.com/ga/pike-county-zebulon/boys-softball/","https://www.maxpreps.com/ga/prince-avenue-christian-athens/boys-softball/","https://hsfootball.net/proxy.php?url=https%3A%2F%2Fimage.maxpreps.io%2Fschool-mascot%2F8%2F4%2Fd%2F84dd878e-671b-40d4-83de-e73ab301f92e.gif%3Fversion%3D635804514000000000%26amp%3Bwidth%3D128%26amp%3Bheight%3D128%26amp%3Bauto%3Dwebp%26amp%3Bformat%3Dpjpg","https://hsfootball.net/proxy.php?url=https%3A%2F%2Fimage.maxpreps.io%2Fschool-mascot%2F3%2Fa%2F9%2F3a98606b-041c-4df4-b129-a34e2c29123a.gif%3Fversion%3D639179251295442690%26amp%3Bwidth%3D128%26amp%3Bheight%3D128%26amp%3Bauto%3Dwebp%26amp%3Bformat%3Dpjpg"
23,"Washington-Wilkes vs Rabun County",Boys Softball,"Georgia",9/26/2026,1:00pm,"The Washington-Wilkes varsity softball team has an away non-conference game @  Rabun County (Tiger, GA) on Saturday, September 26 @ 1p.","/ga/softball/game/rabun-county-tiger-vs-washington-wilkes/9-26-2026/?c=76ebabc3-f447-485a-9a6c-e309cff617b4","https://www.maxpreps.com/ga/softball/game/rabun-county-tiger-vs-washington-wilkes/9-26-2026/?c=76ebabc3-f447-485a-9a6c-e309cff617b4","/softball/ga/f70?9/26/2026","Tigers","Wildcats","https://www.maxpreps.com/ga/rabun-county-tiger/boys-softball/","https://www.maxpreps.com/ga/washington-wilkes/boys-softball/","https://hsfootball.net/proxy.php?url=https%3A%2F%2Fimage.maxpreps.io%2Fschool-mascot%2F0%2F1%2F6%2F0165d86c-5af0-4235-a73c-d55e0e95a32c.gif%3Fversion%3D639127906933256420%26amp%3Bwidth%3D128%26amp%3Bheight%3D128%26amp%3Bauto%3Dwebp%26amp%3Bformat%3Dpjpg","https://hsfootball.net/proxy.php?url=https%3A%2F%2Fimage.maxpreps.io%2Fschool-mascot%2F1%2Fc%2F0%2F1c0bb365-c902-417e-8976-56848ad0b882.gif%3Fversion%3D639126208683177360%26amp%3Bwidth%3D128%26amp%3Bheight%3D128%26amp%3Bauto%3Dwebp%26amp%3Bformat%3Dpjpg"
24,"Holy Innocents Episcopal vs St. Pius X Catholic",Boys Softball,"Georgia",9/26/2026,1:00pm,"The Holy Innocents Episcopal varsity softball team has an away non-conference game @  St. Pius X Catholic (Atlanta, GA) on Saturday, September 26 @ 1p.","/ga/softball/game/holy-innocents-episcopal-atlanta-vs-st-pius-x-catholic-atlanta/9-26-2026/?c=c8fbfe56-28a7-4ab5-a46f-5311bc841135","https://www.maxpreps.com/ga/softball/game/holy-innocents-episcopal-atlanta-vs-st-pius-x-catholic-atlanta/9-26-2026/?c=c8fbfe56-28a7-4ab5-a46f-5311bc841135","/softball/ga/17fc?9/26/2026","Bears","Golden Lions","https://www.maxpreps.com/ga/holy-innocents-episcopal-atlanta/boys-softball/","https://www.maxpreps.com/ga/st-pius-x-catholic-atlanta/boys-softball/","https://hsfootball.net/proxy.php?url=https%3A%2F%2Fimage.maxpreps.io%2Fschool-mascot%2F3%2Fa%2Fa%2F3aa19fdd-4268-4b67-b17a-614c002f0c16.gif%3Fversion%3D638659635210921410%26amp%3Bwidth%3D128%26amp%3Bheight%3D128%26amp%3Bauto%3Dwebp%26amp%3Bformat%3Dpjpg","https://hsfootball.net/proxy.php?url=https%3A%2F%2Fimage.maxpreps.io%2Fschool-mascot%2F1%2Fd%2F4%2F1d429384-9be7-40a6-b642-814036949d54.gif%3Fversion%3D637498396800000000%26amp%3Bwidth%3D128%26amp%3Bheight%3D128%26amp%3Bauto%3Dwebp%26amp%3Bformat%3Dpjpg"
25,"Roswell vs Blessed Trinity",Boys Softball,"Georgia",9/26/2026,1:00pm,"The Roswell varsity softball team has an away non-conference game @  Blessed Trinity (Roswell, GA) on Saturday, September 26 @ 1p.","/ga/softball/game/blessed-trinity-roswell-vs-roswell/9-26-2026/?c=1e1a8723-8b40-4f10-8bae-cdb960572843","https://www.maxpreps.com/ga/softball/game/blessed-trinity-roswell-vs-roswell/9-26-2026/?c=1e1a8723-8b40-4f10-8bae-cdb960572843","/softball/ga/da2?9/26/2026","Hornets","Titans","https://www.maxpreps.com/ga/blessed-trinity-roswell/boys-softball/","https://www.maxpreps.com/ga/roswell/boys-softball/","https://hsfootball.net/proxy.php?url=https%3A%2F%2Fimage.maxpreps.io%2Fschool-mascot%2F3%2Fb%2F8%2F3b8420d2-102a-46cf-80e1-afef0ff020af.gif%3Fversion%3D636693427800000000%26amp%3Bwidth%3D128%26amp%3Bheight%3D128%26amp%3Bauto%3Dwebp%26amp%3Bformat%3Dpjpg","https://hsfootball.net/proxy.php?url=https%3A%2F%2Fimage.maxpreps.io%2Fschool-mascot%2F7%2F6%2Fd%2F76d9c5f9-e46c-4a1d-a130-d1e47281bf7a.gif%3Fversion%3D639223136534488210%26amp%3Bwidth%3D128%26amp%3Bheight%3D128%26amp%3Bauto%3Dwebp%26amp%3Bformat%3Dpjpg"
26,"Lassiter vs Walton",Boys Softball,"Georgia",9/26/2026,2:00pm,"The Lassiter varsity softball team has an away non-conference game @  Walton (Marietta, GA) on Saturday, September 26 @ 2p.","/ga/softball/game/lassiter-marietta-vs-walton-marietta/9-26-2026/?c=8124e7a6-ddd2-413f-8eef-2652f91cc882","https://www.maxpreps.com/ga/softball/game/lassiter-marietta-vs-walton-marietta/9-26-2026/?c=8124e7a6-ddd2-413f-8eef-2652f91cc882","/softball/ga/e47?9/26/2026","Trojans","Raiders","https://www.maxpreps.com/ga/lassiter-marietta/boys-softball/","https://www.maxpreps.com/ga/walton-marietta/boys-softball/","https://hsfootball.net/proxy.php?url=https%3A%2F%2Fimage.maxpreps.io%2Fschool-mascot%2Fb%2F3%2F0%2Fb3018919-6e98-41bf-92a8-46813d18963c.gif%3Fversion%3D636211012200000000%26amp%3Bwidth%3D128%26amp%3Bheight%3D128%26amp%3Bauto%3Dwebp%26amp%3Bformat%3Dpjpg","https://hsfootball.net/proxy.php?url=https%3A%2F%2Fimage.maxpreps.io%2Fschool-mascot%2F2%2Ff%2Fa%2F2fa97fcb-ebf2-40d0-b407-bfc2f0f9d996.gif%3Fversion%3D635303207400000000%26amp%3Bwidth%3D128%26amp%3Bheight%3D128%26amp%3Bauto%3Dwebp%26amp%3Bformat%3Dpjpg"
27,"Westminster vs Pope",Boys Softball,"Georgia",9/26/2026,2:30pm,"The Westminster varsity softball team has an away non-conference game @  Pope (Marietta, GA) on Saturday, September 26 @ 2:30p.","/ga/softball/game/pope-marietta-vs-westminster-atlanta/9-26-2026/?c=f3ee698c-ed45-433d-82d3-389e2008da07","https://www.maxpreps.com/ga/softball/game/pope-marietta-vs-westminster-atlanta/9-26-2026/?c=f3ee698c-ed45-433d-82d3-389e2008da07","/softball/ga/e52?9/26/2026","Wildcats","Greyhounds","https://www.maxpreps.com/ga/pope-marietta/boys-softball/","https://www.maxpreps.com/ga/westminster-atlanta/boys-softball/","https://hsfootball.net/proxy.php?url=https%3A%2F%2Fimage.maxpreps.io%2Fschool-mascot%2F3%2F1%2Fb%2F31b1eb3d-903a-4d37-a2a4-21f5ddb8ff4d.gif%3Fversion%3D637874159400000000%26amp%3Bwidth%3D128%26amp%3Bheight%3D128%26amp%3Bauto%3Dwebp%26amp%3Bformat%3Dpjpg","https://hsfootball.net/proxy.php?url=https%3A%2F%2Fimage.maxpreps.io%2Fschool-mascot%2F0%2F7%2F5%2F075c4adc-c581-4992-861a-53e4d70a25e7.gif%3Fversion%3D639134131090013120%26amp%3Bwidth%3D128%26amp%3Bheight%3D128%26amp%3Bauto%3Dwebp%26amp%3Bformat%3Dpjpg"
28,"St. Vincent&#x27;s vs Wayne County",Boys Softball,"Georgia",9/26/2026,3:00pm,"The St. Vincent&#x27;s varsity softball team has an away non-conference game @  Wayne County (Jesup, GA) on Saturday, September 26 @ 3p.","/ga/softball/game/st-vincents-savannah-vs-wayne-county-jesup/9-26-2026/?c=09d868f8-165d-453d-af34-a565a35316dd","https://www.maxpreps.com/ga/softball/game/st-vincents-savannah-vs-wayne-county-jesup/9-26-2026/?c=09d868f8-165d-453d-af34-a565a35316dd","/softball/ga/1085?9/26/2026","Saints","Yellow Jackets","https://www.maxpreps.com/ga/st-vincents-savannah/boys-softball/","https://www.maxpreps.com/ga/wayne-county-jesup/boys-softball/","https://hsfootball.net/proxy.php?url=https%3A%2F%2Fimage.maxpreps.io%2Fschool-mascot%2F5%2F3%2Fb%2F53b8e1d1-f3e5-4a98-a04e-cc8838fdc6f9.gif%3Fversion%3D638908544512110740%26amp%3Bwidth%3D128%26amp%3Bheight%3D128%26amp%3Bauto%3Dwebp%26amp%3Bformat%3Dpjpg","https://hsfootball.net/proxy.php?url=https%3A%2F%2Fimage.maxpreps.io%2Fschool-mascot%2F3%2F8%2F1%2F381916fa-afbc-44eb-9457-13213ae27264.gif%3Fversion%3D639134131052049780%26amp%3Bwidth%3D128%26amp%3Bheight%3D128%26amp%3Bauto%3Dwebp%26amp%3Bformat%3Dpjpg"
29,"Ringgold vs North Cobb Christian",Boys Softball,"Georgia",9/26/2026,3:00pm,"The Ringgold varsity softball team has an away non-conference game @  North Cobb Christian (Kennesaw, GA) on Saturday, September 26 @ 3p.","/ga/softball/game/north-cobb-christian-kennesaw-vs-ringgold/9-26-2026/?c=f785ee2c-767c-4811-9f5e-fe00a5167897","https://www.maxpreps.com/ga/softball/game/north-cobb-christian-kennesaw-vs-ringgold/9-26-2026/?c=f785ee2c-767c-4811-9f5e-fe00a5167897","/softball/ga/1002?9/26/2026","Tigers","Eagles","https://www.maxpreps.com/ga/north-cobb-christian-kennesaw/boys-softball/","https://www.maxpreps.com/ga/ringgold/boys-softball/","https://hsfootball.net/proxy.php?url=https%3A%2F%2Fimage.maxpreps.io%2Fschool-mascot%2F3%2F9%2F8%2F398b75a6-8977-4e78-9735-6fb209a71f65.gif%3Fversion%3D639178764111936880%26amp%3Bwidth%3D128%26amp%3Bheight%3D128%26amp%3Bauto%3Dwebp%26amp%3Bformat%3Dpjpg","https://hsfootball.net/proxy.php?url=https%3A%2F%2Fimage.maxpreps.io%2Fschool-mascot%2Fd%2F5%2Fe%2Fd5eccd84-e874-4a81-a89d-1d7e761b7ef0.gif%3Fversion%3D637816376400000000%26amp%3Bwidth%3D128%26amp%3Bheight%3D128%26amp%3Bauto%3Dwebp%26amp%3Bformat%3Dpjpg"
30,"Carrollton vs LaGrange",Boys Softball,"Georgia",9/26/2026,4:00pm,"The Carrollton varsity softball team has an away non-conference game @  LaGrange (GA) on Saturday, September 26 @ 4p.","/ga/softball/game/carrollton-vs-lagrange/9-26-2026/?c=2a430734-f960-4c2d-97fe-f8f99607f42f","https://www.maxpreps.com/ga/softball/game/carrollton-vs-lagrange/9-26-2026/?c=2a430734-f960-4c2d-97fe-f8f99607f42f","/softball/ga/8c4?9/26/2026","Trojans","Grangers","https://www.maxpreps.com/ga/carrollton/boys-softball/","https://www.maxpreps.com/ga/lagrange/boys-softball/","https://hsfootball.net/proxy.php?url=https%3A%2F%2Fimage.maxpreps.io%2Fschool-mascot%2F2%2Fc%2F6%2F2c66e977-fcec-48c5-9f86-062a506b700c.gif%3Fversion%3D639183171975290540%26amp%3Bwidth%3D128%26amp%3Bheight%3D128%26amp%3Bauto%3Dwebp%26amp%3Bformat%3Dpjpg","https://hsfootball.net/proxy.php?url=https%3A%2F%2Fimage.maxpreps.io%2Fschool-mascot%2F1%2F6%2Fe%2F16e17221-c5df-4bf5-b60d-fde574f4bcec.gif%3Fversion%3D638685078022604090%26amp%3Bwidth%3D128%26amp%3Bheight%3D128%26amp%3Bauto%3Dwebp%26amp%3Bformat%3Dpjpg"
31,"Charlton County vs Atkinson County",Boys Softball,"Georgia",9/26/2026,6:00pm,"The Charlton County varsity softball team has an away conference game @  Atkinson County (Pearson, GA) on Saturday, September 26 @ 6p.","/ga/softball/game/atkinson-county-pearson-vs-charlton-county-folkston/9-26-2026/?c=55ce339c-5f27-4686-80fe-b7967f6d7fb2","https://www.maxpreps.com/ga/softball/game/atkinson-county-pearson-vs-charlton-county-folkston/9-26-2026/?c=55ce339c-5f27-4686-80fe-b7967f6d7fb2","/softball/ga/1465?9/26/2026","Indians","Rebels","https://www.maxpreps.com/ga/atkinson-county-pearson/boys-softball/","https://www.maxpreps.com/ga/charlton-county-folkston/boys-softball/","https://hsfootball.net/proxy.php?url=https%3A%2F%2Fimage.maxpreps.io%2Fschool-mascot%2Fe%2F6%2F7%2Fe6701801-5185-4646-bd26-ed1e8dfe60da.gif%3Fversion%3D639177538167615640%26amp%3Bwidth%3D128%26amp%3Bheight%3D128%26amp%3Bauto%3Dwebp%26amp%3Bformat%3Dpjpg","https://hsfootball.net/proxy.php?url=https%3A%2F%2Fimage.maxpreps.io%2Fschool-mascot%2F5%2Fc%2Fb%2F5cbd6ef8-864b-4b83-993c-100056cfca36.gif%3Fversion%3D639177538145413670%26amp%3Bwidth%3D128%26amp%3Bheight%3D128%26amp%3Bauto%3Dwebp%26amp%3Bformat%3Dpjpg"
32,"Pike County vs Elbert County",Boys Softball,"Georgia",9/26/2026,11:00pm,"The Pike County varsity softball team has a neutral non-conference game vs.  Elbert County (Elberton, GA) on Saturday, September 26 @ 11p.","/ga/softball/game/elbert-county-elberton-vs-pike-county-zebulon/9-26-2026/?c=dd169b2c-c060-4576-9dd3-754002ce9c87","https://www.maxpreps.com/ga/softball/game/elbert-county-elberton-vs-pike-county-zebulon/9-26-2026/?c=dd169b2c-c060-4576-9dd3-754002ce9c87","/softball/ga/11bc?9/26/2026","Pirates","Blue Devils","https://www.maxpreps.com/ga/elbert-county-elberton/boys-softball/","https://www.maxpreps.com/ga/pike-county-zebulon/boys-softball/","https://hsfootball.net/proxy.php?url=https%3A%2F%2Fimage.maxpreps.io%2Fschool-mascot%2F8%2F4%2Fd%2F84dd878e-671b-40d4-83de-e73ab301f92e.gif%3Fversion%3D635804514000000000%26amp%3Bwidth%3D128%26amp%3Bheight%3D128%26amp%3Bauto%3Dwebp%26amp%3Bformat%3Dpjpg","https://hsfootball.net/proxy.php?url=https%3A%2F%2Fimage.maxpreps.io%2Fschool-mascot%2F3%2F3%2F1%2F331eaa9b-a0c7-4a07-b289-38563f244e2d.gif%3Fversion%3D636392661600000000%26amp%3Bwidth%3D128%26amp%3Bheight%3D128%26amp%3Bauto%3Dwebp%26amp%3Bformat%3Dpjpg"
33,"Carrollton vs Bremen",Boys Softball,"Georgia",9/26/2026,12:00am,"The Carrollton varsity softball team has a neutral non-conference game vs.  Bremen (GA) on Saturday, September 26.","/ga/softball/game/bremen-vs-carrollton/9-26-2026/?c=cd231ca3-12b2-46a9-baa4-7b73ba0a7f0e","https://www.maxpreps.com/ga/softball/game/bremen-vs-carrollton/9-26-2026/?c=cd231ca3-12b2-46a9-baa4-7b73ba0a7f0e","/softball/ga/7fc?9/26/2026","Trojans","Blue Devils","https://www.maxpreps.com/ga/bremen/boys-softball/","https://www.maxpreps.com/ga/carrollton/boys-softball/","https://hsfootball.net/proxy.php?url=https%3A%2F%2Fimage.maxpreps.io%2Fschool-mascot%2F2%2Fc%2F6%2F2c66e977-fcec-48c5-9f86-062a506b700c.gif%3Fversion%3D639183171975290540%26amp%3Bwidth%3D128%26amp%3Bheight%3D128%26amp%3Bauto%3Dwebp%26amp%3Bformat%3Dpjpg","https://hsfootball.net/proxy.php?url=https%3A%2F%2Fimage.maxpreps.io%2Fschool-mascot%2F9%2F6%2F3%2F963cdd4b-18df-44c2-ba32-ec0f5900e219.gif%3Fversion%3D639100295551622540%26amp%3Bwidth%3D128%26amp%3Bheight%3D128%26amp%3Bauto%3Dwebp%26amp%3Bformat%3Dpjpg"
34,"Chestatee vs East Hall",Boys Softball,"Georgia",9/26/2026,12:00am,"The Chestatee varsity softball team has an away non-conference game @  East Hall (Gainesville, GA) on Saturday, September 26.","/ga/softball/game/chestatee-gainesville-vs-east-hall-gainesville/9-26-2026/?c=15fa06d1-d068-48e9-a2c0-1e543a6b649a","https://www.maxpreps.com/ga/softball/game/chestatee-gainesville-vs-east-hall-gainesville/9-26-2026/?c=15fa06d1-d068-48e9-a2c0-1e543a6b649a","/softball/ga/11f4?9/26/2026","War Eagles","Vikings","https://www.maxpreps.com/ga/chestatee-gainesville/boys-softball/","https://www.maxpreps.com/ga/east-hall-gainesville/boys-softball/","https://hsfootball.net/proxy.php?url=https%3A%2F%2Fimage.maxpreps.io%2Fschool-mascot%2F9%2F0%2F8%2F90859826-449c-471c-8a0f-a4e0216f6812.gif%3Fversion%3D639127906947679850%26amp%3Bwidth%3D128%26amp%3Bheight%3D128%26amp%3Bauto%3Dwebp%26amp%3Bformat%3Dpjpg","https://hsfootball.net/proxy.php?url=https%3A%2F%2Fimage.maxpreps.io%2Fschool-mascot%2Fe%2F7%2Fc%2Fe7c7b8be-b9ef-426b-b053-2b3ffe3af915.gif%3Fversion%3D637856043600000000%26amp%3Bwidth%3D128%26amp%3Bheight%3D128%26amp%3Bauto%3Dwebp%26amp%3Bformat%3Dpjpg"
35,"St. Francis vs Holy Innocents Episcopal",Boys Softball,"Georgia",9/26/2026,12:00am,"The St. Francis varsity softball team has a neutral non-conference game vs.  Holy Innocents Episcopal (Atlanta, GA) on Saturday, September 26.","/ga/softball/game/holy-innocents-episcopal-atlanta-vs-st-francis-alpharetta/9-26-2026/?c=aa257b76-3916-44d6-9438-b3247987a040","https://www.maxpreps.com/ga/softball/game/holy-innocents-episcopal-atlanta-vs-st-francis-alpharetta/9-26-2026/?c=aa257b76-3916-44d6-9438-b3247987a040","/softball/ga/1649?9/26/2026","Knights","Bears","https://www.maxpreps.com/ga/holy-innocents-episcopal-atlanta/boys-softball/","https://www.maxpreps.com/ga/st-francis-alpharetta/boys-softball/","https://hsfootball.net/proxy.php?url=https%3A%2F%2Fimage.maxpreps.io%2Fschool-mascot%2F7%2Fc%2Ff%2F7cf1d0fc-de32-4bb1-9814-4b46bf5ec0cc.gif%3Fversion%3D636522159600000000%26amp%3Bwidth%3D128%26amp%3Bheight%3D128%26amp%3Bauto%3Dwebp%26amp%3Bformat%3Dpjpg","https://hsfootball.net/proxy.php?url=https%3A%2F%2Fimage.maxpreps.io%2Fschool-mascot%2F3%2Fa%2Fa%2F3aa19fdd-4268-4b67-b17a-614c002f0c16.gif%3Fversion%3D638659635210921410%26amp%3Bwidth%3D128%26amp%3Bheight%3D128%26amp%3Bauto%3Dwebp%26amp%3Bformat%3Dpjpg"
36,"Liberty County vs East Hall",Boys Softball,"Georgia",9/26/2026,12:00am,"The Liberty County varsity softball team has an away non-conference game @  East Hall (Gainesville, GA) on Saturday, September 26.","/ga/softball/game/east-hall-gainesville-vs-liberty-county-hinesville/9-26-2026/?c=4e9720c0-816d-4536-add7-dba83ed1883f","https://www.maxpreps.com/ga/softball/game/east-hall-gainesville-vs-liberty-county-hinesville/9-26-2026/?c=4e9720c0-816d-4536-add7-dba83ed1883f","/softball/ga/13a8?9/26/2026","Panthers","Vikings","https://www.maxpreps.com/ga/east-hall-gainesville/boys-softball/","https://www.maxpreps.com/ga/liberty-county-hinesville/boys-softball/","https://hsfootball.net/proxy.php?url=https%3A%2F%2Fimage.maxpreps.io%2Fschool-mascot%2F0%2F1%2Fd%2F01d88cb6-e142-44d8-a3fa-d1afd1903c9c.gif%3Fversion%3D639126203220696390%26amp%3Bwidth%3D128%26amp%3Bheight%3D128%26amp%3Bauto%3Dwebp%26amp%3Bformat%3Dpjpg","https://hsfootball.net/proxy.php?url=https%3A%2F%2Fimage.maxpreps.io%2Fschool-mascot%2Fe%2F7%2Fc%2Fe7c7b8be-b9ef-426b-b053-2b3ffe3af915.gif%3Fversion%3D637856043600000000%26amp%3Bwidth%3D128%26amp%3Bheight%3D128%26amp%3Bauto%3Dwebp%26amp%3Bformat%3Dpjpg"
1,"McIntosh County Academy vs Jenkins",Boys Softball,"Georgia",9/9/2026,4:00pm,"The McIntosh County Academy varsity softball team has an away non-conference game @  Jenkins (Savannah, GA) today @ 4p.","/ga/softball/game/jenkins-savannah-vs-mcintosh-county-academy-darien/9-9-2026/?c=56e275e0-921c-4b11-9bef-08fad97d1037","https://www.maxpreps.com/ga/softball/game/jenkins-savannah-vs-mcintosh-county-academy-darien/9-9-2026/?c=56e275e0-921c-4b11-9bef-08fad97d1037","/softball/ga/1387?9/9/2026","Buccaneers","Warriors","https://www.maxpreps.com/ga/jenkins-savannah/boys-softball/","https://www.maxpreps.com/ga/mcintosh-county-academy-darien/boys-softball/","https://hsfootball.net/proxy.php?url=https%3A%2F%2Fimage.maxpreps.io%2Fschool-mascot%2F2%2Ff%2F6%2F2f689846-4a7e-4dbc-b31d-0a9239f239fb.gif%3Fversion%3D639177538224448800%26amp%3Bwidth%3D128%26amp%3Bheight%3D128%26amp%3Bauto%3Dwebp%26amp%3Bformat%3Dpjpg","https://hsfootball.net/proxy.php?url=https%3A%2F%2Fimage.maxpreps.io%2Fschool-mascot%2F9%2Fe%2Fe%2F9ee5c536-341a-4f7e-971c-6bf03eafa77d.gif%3Fversion%3D638651944221198650%26amp%3Bwidth%3D128%26amp%3Bheight%3D128%26amp%3Bauto%3Dwebp%26amp%3Bformat%3Dpjpg"
2,"Lowndes vs Coffee",Boys Softball,"Georgia",9/9/2026,4:00pm,"The Lowndes varsity softball team has an away non-conference game @  Coffee (Douglas, GA) today @ 4p.","/ga/softball/game/coffee-douglas-vs-lowndes-valdosta/9-9-2026/?c=0477a771-1567-4432-8182-bd517d4db52d","https://www.maxpreps.com/ga/softball/game/coffee-douglas-vs-lowndes-valdosta/9-9-2026/?c=0477a771-1567-4432-8182-bd517d4db52d","/softball/ga/d4e?9/9/2026","Vikings","Trojans","https://www.maxpreps.com/ga/coffee-douglas/boys-softball/","https://www.maxpreps.com/ga/lowndes-valdosta/boys-softball/","https://hsfootball.net/proxy.php?url=https%3A%2F%2Fimage.maxpreps.io%2Fschool-mascot%2Fe%2Fc%2F0%2Fec00d511-6c9c-47c8-92e7-eb4fcc9fc46d.gif%3Fversion%3D639129168590406540%26amp%3Bwidth%3D128%26amp%3Bheight%3D128%26amp%3Bauto%3Dwebp%26amp%3Bformat%3Dpjpg","https://hsfootball.net/proxy.php?url=https%3A%2F%2Fimage.maxpreps.io%2Fschool-mascot%2F3%2Fe%2Fe%2F3ee34731-b5f5-4b87-ae98-82e31bffa5cd.gif%3Fversion%3D639129168568649200%26amp%3Bwidth%3D128%26amp%3Bheight%3D128%26amp%3Bauto%3Dwebp%26amp%3Bformat%3Dpjpg"
3,"Bulloch Academy vs Thomas Jefferson Academy",Boys Softball,"Georgia",9/9/2026,4:00pm,"The Bulloch Academy varsity softball team has an away non-conference game @  Thomas Jefferson Academy (Louisville, GA) today @ 4p.","/ga/softball/game/bulloch-academy-statesboro-vs-thomas-jefferson-academy-louisville/9-9-2026/?c=9fde75f7-5878-452d-8b51-654a78e7f777","https://www.maxpreps.com/ga/softball/game/bulloch-academy-statesboro-vs-thomas-jefferson-academy-louisville/9-9-2026/?c=9fde75f7-5878-452d-8b51-654a78e7f777","/softball/ga/1991?9/9/2026","Gators","Jaguars","https://www.maxpreps.com/ga/bulloch-academy-statesboro/boys-softball/","https://www.maxpreps.com/ga/thomas-jefferson-academy-louisville/boys-softball/","https://hsfootball.net/proxy.php?url=https%3A%2F%2Fimage.maxpreps.io%2Fschool-mascot%2F6%2Fc%2F6%2F6c6df1f2-7956-4e0e-8b26-6c347ca6bd9f.gif%3Fversion%3D638620981694099970%26amp%3Bwidth%3D128%26amp%3Bheight%3D128%26amp%3Bauto%3Dwebp%26amp%3Bformat%3Dpjpg","https://hsfootball.net/proxy.php?url=https%3A%2F%2Fimage.maxpreps.io%2Fschool-mascot%2Fb%2Fd%2F5%2Fbd591009-7af2-4b8f-b320-a6bdf8558210.gif%3Fversion%3D638606061597992500%26amp%3Bwidth%3D128%26amp%3Bheight%3D128%26amp%3Bauto%3Dwebp%26amp%3Bformat%3Dpjpg"
4,"Creekside vs Northside",Boys Softball,"Georgia",9/9/2026,4:30pm,"The Creekside varsity softball team has an away conference game @  Northside (Columbus, GA) today @ 4:30p.","/ga/softball/game/creekside-fairburn-vs-northside-columbus/9-9-2026/?c=a778906c-66c0-4157-9c81-c59dfd2c5516","https://www.maxpreps.com/ga/softball/game/creekside-fairburn-vs-northside-columbus/9-9-2026/?c=a778906c-66c0-4157-9c81-c59dfd2c5516","/softball/ga/fdf?9/9/2026","Seminoles","Patriots","https://www.maxpreps.com/ga/creekside-fairburn/boys-softball/","https://www.maxpreps.com/ga/northside-columbus/boys-softball/","https://hsfootball.net/proxy.php?url=https%3A%2F%2Fimage.maxpreps.io%2Fschool-mascot%2F8%2F2%2F7%2F827f16df-20c0-4157-99da-c39633b66ae9.gif%3Fversion%3D639211030623622690%26amp%3Bwidth%3D128%26amp%3Bheight%3D128%26amp%3Bauto%3Dwebp%26amp%3Bformat%3Dpjpg","https://hsfootball.net/proxy.php?url=https%3A%2F%2Fimage.maxpreps.io%2Fschool-mascot%2Fc%2F3%2Fc%2Fc3c45eff-7e7f-45ef-9990-22d7e49142de.gif%3Fversion%3D635913114000000000%26amp%3Bwidth%3D128%26amp%3Bheight%3D128%26amp%3Bauto%3Dwebp%26amp%3Bformat%3Dpjpg"
5,"Richmond Academy vs Hephzibah",Boys Softball,"Georgia",9/9/2026,4:30pm,"The Richmond Academy varsity softball team has an away non-conference game @  Hephzibah (GA) today @ 4:30p.","/ga/softball/game/hephzibah-vs-richmond-academy-augusta/9-9-2026/?c=6e8e9b01-8d1a-4e92-91e2-a129b88d3f65","https://www.maxpreps.com/ga/softball/game/hephzibah-vs-richmond-academy-augusta/9-9-2026/?c=6e8e9b01-8d1a-4e92-91e2-a129b88d3f65","/softball/ga/e72?9/9/2026","Musketeers","Rebels","https://www.maxpreps.com/ga/hephzibah/boys-softball/","https://www.maxpreps.com/ga/richmond-academy-augusta/boys-softball/","https://hsfootball.net/proxy.php?url=https%3A%2F%2Fimage.maxpreps.io%2Fschool-mascot%2Fb%2Fd%2F6%2Fbd63d5ed-3a33-4ca4-97cd-3f26c5187578.gif%3Fversion%3D638731313150070710%26amp%3Bwidth%3D128%26amp%3Bheight%3D128%26amp%3Bauto%3Dwebp%26amp%3Bformat%3Dpjpg","https://hsfootball.net/proxy.php?url=https%3A%2F%2Fimage.maxpreps.io%2Fschool-mascot%2Fe%2F8%2Fd%2Fe8d2a608-579b-4006-b699-f46b6acc3608.gif%3Fversion%3D639179658518902480%26amp%3Bwidth%3D128%26amp%3Bheight%3D128%26amp%3Bauto%3Dwebp%26amp%3Bformat%3Dpjpg"
6,"Central vs Howard",Boys Softball,"Georgia",9/9/2026,4:30pm,"The Central varsity softball team has an away non-conference game @  Howard (Macon, GA) today @ 4:30p.","/ga/softball/game/central-macon-vs-howard-macon/9-9-2026/?c=76f2055f-38ef-45ce-a49b-3ec6e61ab724","https://www.maxpreps.com/ga/softball/game/central-macon-vs-howard-macon/9-9-2026/?c=76f2055f-38ef-45ce-a49b-3ec6e61ab724","/softball/ga/b27?9/9/2026","Chargers","Huskies","https://www.maxpreps.com/ga/central-macon/boys-softball/","https://www.maxpreps.com/ga/howard-macon/boys-softball/","https://hsfootball.net/proxy.php?url=https%3A%2F%2Fimage.maxpreps.io%2Fschool-mascot%2Fd%2F2%2F0%2Fd2000171-b90c-4d92-81c6-300d4cca306a.gif%3Fversion%3D639132503950325920%26amp%3Bwidth%3D128%26amp%3Bheight%3D128%26amp%3Bauto%3Dwebp%26amp%3Bformat%3Dpjpg","https://hsfootball.net/proxy.php?url=https%3A%2F%2Fimage.maxpreps.io%2Fschool-mascot%2F5%2F5%2F4%2F554ba6ba-e5f2-41f3-809b-2de0c9a182a0.gif%3Fversion%3D639207415001109460%26amp%3Bwidth%3D128%26amp%3Bheight%3D128%26amp%3Bauto%3Dwebp%26amp%3Bformat%3Dpjpg"
7,"Islands vs Calvary Day",Boys Softball,"Georgia",9/9/2026,4:30pm,"The Islands varsity softball team has an away non-conference game @  Calvary Day (Savannah, GA) today @ 4:30p.","/ga/softball/game/calvary-day-savannah-vs-islands-savannah/9-9-2026/?c=a6b8ffc9-1b34-4e1d-acfc-c6d619df6276","https://www.maxpreps.com/ga/softball/game/calvary-day-savannah-vs-islands-savannah/9-9-2026/?c=a6b8ffc9-1b34-4e1d-acfc-c6d619df6276","/softball/ga/f88?9/9/2026","Sharks","Cavaliers","https://www.maxpreps.com/ga/calvary-day-savannah/boys-softball/","https://www.maxpreps.com/ga/islands-savannah/boys-softball/","https://hsfootball.net/proxy.php?url=https%3A%2F%2Fimage.maxpreps.io%2Fschool-mascot%2Fc%2F3%2F0%2Fc30a3523-c4e2-4053-9bb9-cfdb29830d30.gif%3Fversion%3D639178400988234160%26amp%3Bwidth%3D128%26amp%3Bheight%3D128%26amp%3Bauto%3Dwebp%26amp%3Bformat%3Dpjpg","https://hsfootball.net/proxy.php?url=https%3A%2F%2Fimage.maxpreps.io%2Fschool-mascot%2F8%2Fd%2Fb%2F8dbc6283-d3a5-4582-b594-4ee541f2e7aa.gif%3Fversion%3D638623303595710510%26amp%3Bwidth%3D128%26amp%3Bheight%3D128%26amp%3Bauto%3Dwebp%26amp%3Bformat%3Dpjpg"
8,"Bacon County vs Thomasville",Boys Softball,"Georgia",9/9/2026,4:30pm,"The Bacon County varsity softball team has an away conference game @  Thomasville (GA) today @ 4:30p.","/ga/softball/game/bacon-county-alma-vs-thomasville/9-9-2026/?c=7bc0309b-f6c5-4751-9418-e3c1d71c7575","https://www.maxpreps.com/ga/softball/game/bacon-county-alma-vs-thomasville/9-9-2026/?c=7bc0309b-f6c5-4751-9418-e3c1d71c7575","/softball/ga/c85?9/9/2026","Raiders","Bulldogs","https://www.maxpreps.com/ga/bacon-county-alma/boys-softball/","https://www.maxpreps.com/ga/thomasville/boys-softball/","https://hsfootball.net/proxy.php?url=https%3A%2F%2Fimage.maxpreps.io%2Fschool-mascot%2Fd%2F0%2F1%2Fd011cde4-02c3-4da3-951d-5776eff55b36.gif%3Fversion%3D639183594807481780%26amp%3Bwidth%3D128%26amp%3Bheight%3D128%26amp%3Bauto%3Dwebp%26amp%3Bformat%3Dpjpg","https://hsfootball.net/proxy.php?url=https%3A%2F%2Fimage.maxpreps.io%2Fschool-mascot%2Ff%2F5%2Fb%2Ff5b39d8f-b944-4b2a-b597-0851b9c1d852.gif%3Fversion%3D638621716413442070%26amp%3Bwidth%3D128%26amp%3Bheight%3D128%26amp%3Bauto%3Dwebp%26amp%3Bformat%3Dpjpg"
9,"Jefferson County vs Glascock County",Boys Softball,"Georgia",9/9/2026,5:00pm,"The Jefferson County varsity softball team has an away non-conference game @  Glascock County (Gibson, GA) today @ 5p.","/ga/softball/game/glascock-county-gibson-vs-jefferson-county-louisville/9-9-2026/?c=9f25cfd0-949e-4164-bb97-88043bf951cb","https://www.maxpreps.com/ga/softball/game/glascock-county-gibson-vs-jefferson-county-louisville/9-9-2026/?c=9f25cfd0-949e-4164-bb97-88043bf951cb","/softball/ga/150e?9/9/2026","Warriors","Panthers","https://www.maxpreps.com/ga/glascock-county-gibson/boys-softball/","https://www.maxpreps.com/ga/jefferson-county-louisville/boys-softball/","https://hsfootball.net/proxy.php?url=https%3A%2F%2Fimage.maxpreps.io%2Fschool-mascot%2F2%2F8%2F1%2F281c89ce-4591-46d5-aa20-620b82e7b732.gif%3Fversion%3D639132504082419910%26amp%3Bwidth%3D128%26amp%3Bheight%3D128%26amp%3Bauto%3Dwebp%26amp%3Bformat%3Dpjpg","https://hsfootball.net/proxy.php?url=https%3A%2F%2Fimage.maxpreps.io%2Fschool-mascot%2F8%2Fb%2F2%2F8b25fc41-d48e-4e20-a6b4-10e8b6555497.gif%3Fversion%3D639177538092388450%26amp%3Bwidth%3D128%26amp%3Bheight%3D128%26amp%3Bauto%3Dwebp%26amp%3Bformat%3Dpjpg"
10,"Savannah Christian vs Liberty County",Boys Softball,"Georgia",9/9/2026,5:00pm,"The Savannah Christian varsity softball team has an away non-conference game @  Liberty County (Hinesville, GA) today @ 5p.","/ga/softball/game/liberty-county-hinesville-vs-savannah-christian/9-9-2026/?c=850b9b6e-3da7-4b3e-95f3-817192224572","https://www.maxpreps.com/ga/softball/game/liberty-county-hinesville-vs-savannah-christian/9-9-2026/?c=850b9b6e-3da7-4b3e-95f3-817192224572","/softball/ga/12af?9/9/2026","Raiders","Panthers","https://www.maxpreps.com/ga/liberty-county-hinesville/boys-softball/","https://www.maxpreps.com/ga/savannah-christian/boys-softball/","https://hsfootball.net/proxy.php?url=https%3A%2F%2Fimage.maxpreps.io%2Fschool-mascot%2Ff%2F0%2F9%2Ff09c5064-4a3c-406d-86c5-afb05d2c8c11.gif%3Fversion%3D639237687059832040%26amp%3Bwidth%3D128%26amp%3Bheight%3D128%26amp%3Bauto%3Dwebp%26amp%3Bformat%3Dpjpg","https://hsfootball.net/proxy.php?url=https%3A%2F%2Fimage.maxpreps.io%2Fschool-mascot%2F0%2F1%2Fd%2F01d88cb6-e142-44d8-a3fa-d1afd1903c9c.gif%3Fversion%3D639126203220696390%26amp%3Bwidth%3D128%26amp%3Bheight%3D128%26amp%3Bauto%3Dwebp%26amp%3Bformat%3Dpjpg"
11,"Marion County vs Pataula Charter Academy",Boys Softball,"Georgia",9/9/2026,5:00pm,"The Marion County varsity softball team has an away non-conference game @  Pataula Charter Academy (Edison, GA) today @ 5p.","/ga/softball/game/marion-county-buena-vista-vs-pataula-charter-academy-edison/9-9-2026/?c=392f76f5-fecd-4e40-be10-358bfbd61661","https://www.maxpreps.com/ga/softball/game/marion-county-buena-vista-vs-pataula-charter-academy-edison/9-9-2026/?c=392f76f5-fecd-4e40-be10-358bfbd61661","/softball/ga/16d2?9/9/2026","Eagles","Panthers","https://www.maxpreps.com/ga/marion-county-buena-vista/boys-softball/","https://www.maxpreps.com/ga/pataula-charter-academy-edison/boys-softball/","https://hsfootball.net/proxy.php?url=https%3A%2F%2Fimage.maxpreps.io%2Fschool-mascot%2F8%2Fd%2Fd%2F8dd288d4-a24b-453f-98bb-d1c8c346e0e3.gif%3Fversion%3D635532037800000000%26amp%3Bwidth%3D128%26amp%3Bheight%3D128%26amp%3Bauto%3Dwebp%26amp%3Bformat%3Dpjpg","https://hsfootball.net/proxy.php?url=https%3A%2F%2Fimage.maxpreps.io%2Fschool-mascot%2Fa%2F2%2F1%2Fa2146808-c685-435b-9eef-89f0c2c1c5b5.gif%3Fversion%3D638761543029080220%26amp%3Bwidth%3D128%26amp%3Bheight%3D128%26amp%3Bauto%3Dwebp%26amp%3Bformat%3Dpjpg"
12,"Pike County vs Northgate",Boys Softball,"Georgia",9/9/2026,5:00pm,"The Pike County varsity softball team has an away non-conference game @  Northgate (Newnan, GA) today @ 5p.","/ga/softball/game/northgate-newnan-vs-pike-county-zebulon/9-9-2026/?c=66b18394-281c-4854-99f5-e02546ac94a9","https://www.maxpreps.com/ga/softball/game/northgate-newnan-vs-pike-county-zebulon/9-9-2026/?c=66b18394-281c-4854-99f5-e02546ac94a9","/softball/ga/f67?9/9/2026","Pirates","Vikings","https://www.maxpreps.com/ga/northgate-newnan/boys-softball/","https://www.maxpreps.com/ga/pike-county-zebulon/boys-softball/","https://hsfootball.net/proxy.php?url=https%3A%2F%2Fimage.maxpreps.io%2Fschool-mascot%2F8%2F4%2Fd%2F84dd878e-671b-40d4-83de-e73ab301f92e.gif%3Fversion%3D635804514000000000%26amp%3Bwidth%3D128%26amp%3Bheight%3D128%26amp%3Bauto%3Dwebp%26amp%3Bformat%3Dpjpg","https://hsfootball.net/proxy.php?url=https%3A%2F%2Fimage.maxpreps.io%2Fschool-mascot%2F5%2F9%2Fb%2F59b5978a-ca52-436b-a7a6-ef619517fbdd.gif%3Fversion%3D639183171871446440%26amp%3Bwidth%3D128%26amp%3Bheight%3D128%26amp%3Bauto%3Dwebp%26amp%3Bformat%3Dpjpg"
13,"Stephenson vs M.L. King",Boys Softball,"Georgia",9/9/2026,5:00pm,"The Stephenson varsity softball team has an away non-conference game @  M.L. King (Lithonia, GA) today @ 5p.","/ga/softball/game/ml-king-lithonia-vs-stephenson-stone-mountain/9-9-2026/?c=e6f628fc-8dc2-493b-baa9-af69f0a647bb","https://www.maxpreps.com/ga/softball/game/ml-king-lithonia-vs-stephenson-stone-mountain/9-9-2026/?c=e6f628fc-8dc2-493b-baa9-af69f0a647bb","/softball/ga/11ac?9/9/2026","Jaguars","Lions","https://www.maxpreps.com/ga/ml-king-lithonia/boys-softball/","https://www.maxpreps.com/ga/stephenson-stone-mountain/boys-softball/","https://hsfootball.net/proxy.php?url=https%3A%2F%2Fimage.maxpreps.io%2Fschool-mascot%2F7%2F7%2F9%2F779382ef-d3ac-4559-b68b-c8ab1115a548.gif%3Fversion%3D639221424463988530%26amp%3Bwidth%3D128%26amp%3Bheight%3D128%26amp%3Bauto%3Dwebp%26amp%3Bformat%3Dpjpg","https://hsfootball.net/proxy.php?url=https%3A%2F%2Fimage.maxpreps.io%2Fschool-mascot%2F8%2F1%2Fb%2F81b84f0d-be77-46c4-8ee9-fe08784a6247.gif%3Fversion%3D639127906921262580%26amp%3Bwidth%3D128%26amp%3Bheight%3D128%26amp%3Bauto%3Dwebp%26amp%3Bformat%3Dpjpg"
14,"Pelham vs Schley County",Boys Softball,"Georgia",9/9/2026,5:00pm,"The Pelham varsity softball team has an away non-conference game @  Schley County (Ellaville, GA) today @ 5p.","/ga/softball/game/pelham-vs-schley-county-ellaville/9-9-2026/?c=6f3c89b9-b135-4d05-8bb8-e65f2bbc0688","https://www.maxpreps.com/ga/softball/game/pelham-vs-schley-county-ellaville/9-9-2026/?c=6f3c89b9-b135-4d05-8bb8-e65f2bbc0688","/softball/ga/cf8?9/9/2026","Hornets","Wildcats","https://www.maxpreps.com/ga/pelham/boys-softball/","https://www.maxpreps.com/ga/schley-county-ellaville/boys-softball/","https://hsfootball.net/proxy.php?url=https%3A%2F%2Fimage.maxpreps.io%2Fschool-mascot%2Ff%2F6%2Fd%2Ff6d6fe23-7d0a-4897-9c26-a773aa7a214f.gif%3Fversion%3D639132244424027970%26amp%3Bwidth%3D128%26amp%3Bheight%3D128%26amp%3Bauto%3Dwebp%26amp%3Bformat%3Dpjpg","https://hsfootball.net/proxy.php?url=https%3A%2F%2Fimage.maxpreps.io%2Fschool-mascot%2F0%2Fc%2F8%2F0c80f67e-4ff7-4f34-b6a1-00dee62a2bd4.gif%3Fversion%3D639132503969234320%26amp%3Bwidth%3D128%26amp%3Bheight%3D128%26amp%3Bauto%3Dwebp%26amp%3Bformat%3Dpjpg"
15,"Southwest Georgia Academy vs Westfield School",Boys Softball,"Georgia",9/9/2026,5:00pm,"The Southwest Georgia Academy varsity softball team has an away non-conference game @  Westfield School (Perry, GA) today @ 5p.","/ga/softball/game/southwest-georgia-academy-damascus-vs-westfield-school-perry/9-9-2026/?c=64be42a3-c2a7-47e7-bd9c-6bbcfbe98cd7","https://www.maxpreps.com/ga/softball/game/southwest-georgia-academy-damascus-vs-westfield-school-perry/9-9-2026/?c=64be42a3-c2a7-47e7-bd9c-6bbcfbe98cd7","/softball/ga/179e?9/9/2026","Warriors","Hornets","https://www.maxpreps.com/ga/southwest-georgia-academy-damascus/boys-softball/","https://www.maxpreps.com/ga/westfield-school-perry/boys-softball/","https://hsfootball.net/proxy.php?url=https%3A%2F%2Fimage.maxpreps.io%2Fschool-mascot%2Fb%2Fb%2F4%2Fbb4a4426-4779-4d55-9ea1-91ad269e2d67.gif%3Fversion%3D638695910661274970%26amp%3Bwidth%3D128%26amp%3Bheight%3D128%26amp%3Bauto%3Dwebp%26amp%3Bformat%3Dpjpg","https://hsfootball.net/proxy.php?url=https%3A%2F%2Fimage.maxpreps.io%2Fschool-mascot%2F1%2F9%2F0%2F190b0cae-a34d-4c03-b816-5564d4bdf14f.gif%3Fversion%3D638621652075991160%26amp%3Bwidth%3D128%26amp%3Bheight%3D128%26amp%3Bauto%3Dwebp%26amp%3Bformat%3Dpjpg"
16,"Wilcox County vs West Laurens",Boys Softball,"Georgia",9/9/2026,5:00pm,"The Wilcox County varsity softball team has an away non-conference game @  West Laurens (Dexter, GA) today @ 5p.","/ga/softball/game/west-laurens-dexter-vs-wilcox-county-rochelle/9-9-2026/?c=2bb05cb2-aa26-42bd-aa22-2f0b104db0af","https://www.maxpreps.com/ga/softball/game/west-laurens-dexter-vs-wilcox-county-rochelle/9-9-2026/?c=2bb05cb2-aa26-42bd-aa22-2f0b104db0af","/softball/ga/11c6?9/9/2026","Patriots","Raiders","https://www.maxpreps.com/ga/west-laurens-dexter/boys-softball/","https://www.maxpreps.com/ga/wilcox-county-rochelle/boys-softball/","https://hsfootball.net/proxy.php?url=https%3A%2F%2Fimage.maxpreps.io%2Fschool-mascot%2F4%2F4%2F6%2F446979b4-a145-4d37-9156-696940dd067c.gif%3Fversion%3D639132244463149300%26amp%3Bwidth%3D128%26amp%3Bheight%3D128%26amp%3Bauto%3Dwebp%26amp%3Bformat%3Dpjpg","https://hsfootball.net/proxy.php?url=https%3A%2F%2Fimage.maxpreps.io%2Fschool-mascot%2F6%2Fc%2F9%2F6c9a39bd-f84f-4351-bbe9-4011c9341a09.gif%3Fversion%3D639180161648439300%26amp%3Bwidth%3D128%26amp%3Bheight%3D128%26amp%3Bauto%3Dwebp%26amp%3Bformat%3Dpjpg"
17,"Lakeside vs Galloway",Boys Softball,"Georgia",9/9/2026,5:00pm,"The Lakeside varsity softball team has an away non-conference game @  Galloway (Atlanta, GA) today @ 5p.","/ga/softball/game/galloway-atlanta-vs-lakeside-atlanta/9-9-2026/?c=4b5b2f77-8cf0-4020-84ff-42c9d978cc72","https://www.maxpreps.com/ga/softball/game/galloway-atlanta-vs-lakeside-atlanta/9-9-2026/?c=4b5b2f77-8cf0-4020-84ff-42c9d978cc72","/softball/ga/e09?9/9/2026","Vikings","Scots","https://www.maxpreps.com/ga/galloway-atlanta/boys-softball/","https://www.maxpreps.com/ga/lakeside-atlanta/boys-softball/","https://hsfootball.net/proxy.php?url=https%3A%2F%2Fimage.maxpreps.io%2Fschool-mascot%2F6%2F3%2F1%2F631c05fe-ec43-47f4-b8d6-d801154ff7c8.gif%3Fversion%3D637856048400000000%26amp%3Bwidth%3D128%26amp%3Bheight%3D128%26amp%3Bauto%3Dwebp%26amp%3Bformat%3Dpjpg","https://hsfootball.net/proxy.php?url=https%3A%2F%2Fimage.maxpreps.io%2Fschool-mascot%2Fb%2F2%2F5%2Fb25134c6-9a0a-48bb-b87a-2cc630311082.gif%3Fversion%3D639127906913168870%26amp%3Bwidth%3D128%26amp%3Bheight%3D128%26amp%3Bauto%3Dwebp%26amp%3Bformat%3Dpjpg"
18,"Armuchee vs Trion",Boys Softball,"Georgia",9/9/2026,5:00pm,"The Armuchee varsity softball team has an away non-conference game @  Trion (GA) today @ 5p.","/ga/softball/game/armuchee-rome-vs-trion/9-9-2026/?c=482c7c06-7468-4fc7-ae51-0f9a9f47364d","https://www.maxpreps.com/ga/softball/game/armuchee-rome-vs-trion/9-9-2026/?c=482c7c06-7468-4fc7-ae51-0f9a9f47364d","/softball/ga/899?9/9/2026","Indians","Bulldogs","https://www.maxpreps.com/ga/armuchee-rome/boys-softball/","https://www.maxpreps.com/ga/trion/boys-softball/","https://hsfootball.net/proxy.php?url=https%3A%2F%2Fimage.maxpreps.io%2Fschool-mascot%2Fb%2Fb%2Fa%2Fbba1c931-3cba-4a45-bc9c-006b4f34cfbd.gif%3Fversion%3D639195280155258510%26amp%3Bwidth%3D128%26amp%3Bheight%3D128%26amp%3Bauto%3Dwebp%26amp%3Bformat%3Dpjpg","https://hsfootball.net/proxy.php?url=https%3A%2F%2Fimage.maxpreps.io%2Fschool-mascot%2F2%2Fc%2Fc%2F2cce9353-67fd-44b2-bf30-5d4f4f1cfdcd.gif%3Fversion%3D638645940193258730%26amp%3Bwidth%3D128%26amp%3Bheight%3D128%26amp%3Bauto%3Dwebp%26amp%3Bformat%3Dpjpg"
19,"Whitefield Academy vs Wesleyan",Boys Softball,"Georgia",9/9/2026,5:00pm,"The Whitefield Academy varsity softball team has an away non-conference game @  Wesleyan (Norcross, GA) today @ 5p.","/ga/softball/game/wesleyan-norcross-vs-whitefield-academy-mableton/9-9-2026/?c=51485482-93e9-41b7-9135-0d1414e74d65","https://www.maxpreps.com/ga/softball/game/wesleyan-norcross-vs-whitefield-academy-mableton/9-9-2026/?c=51485482-93e9-41b7-9135-0d1414e74d65","/softball/ga/12f6?9/9/2026","WolfPack","Wolves","https://www.maxpreps.com/ga/wesleyan-norcross/boys-softball/","https://www.maxpreps.com/ga/whitefield-academy-mableton/boys-softball/","https://hsfootball.net/proxy.php?url=https%3A%2F%2Fimage.maxpreps.io%2Fschool-mascot%2F1%2Fd%2F1%2F1d144a62-7faa-4469-a82f-ef5f62cb37d4.gif%3Fversion%3D636891921000000000%26amp%3Bwidth%3D128%26amp%3Bheight%3D128%26amp%3Bauto%3Dwebp%26amp%3Bformat%3Dpjpg","https://hsfootball.net/proxy.php?url=https%3A%2F%2Fimage.maxpreps.io%2Fschool-mascot%2Fd%2F7%2F1%2Fd7130fa9-71ec-443a-86c7-d834c24b0498.gif%3Fversion%3D636717411600000000%26amp%3Bwidth%3D128%26amp%3Bheight%3D128%26amp%3Bauto%3Dwebp%26amp%3Bformat%3Dpjpg"
20,"Troup County vs Harris County",Boys Softball,"Georgia",9/9/2026,5:00pm,"The Troup County varsity softball team has an away non-conference game @  Harris County (Hamilton, GA) today @ 5p.","/ga/softball/game/harris-county-hamilton-vs-troup-county-lagrange/9-9-2026/?c=5825a9e8-f57a-46b0-a310-f54b3fa025f4","https://www.maxpreps.com/ga/softball/game/harris-county-hamilton-vs-troup-county-lagrange/9-9-2026/?c=5825a9e8-f57a-46b0-a310-f54b3fa025f4","/softball/ga/129b?9/9/2026","Tigers","Tigers","https://www.maxpreps.com/ga/harris-county-hamilton/boys-softball/","https://www.maxpreps.com/ga/troup-county-lagrange/boys-softball/","https://hsfootball.net/proxy.php?url=https%3A%2F%2Fimage.maxpreps.io%2Fschool-mascot%2Fd%2Fa%2Ff%2Fdaf5542a-e813-4017-af8c-9bd780e61b1f.gif%3Fversion%3D635513649000000000%26amp%3Bwidth%3D128%26amp%3Bheight%3D128%26amp%3Bauto%3Dwebp%26amp%3Bformat%3Dpjpg","https://hsfootball.net/proxy.php?url=https%3A%2F%2Fimage.maxpreps.io%2Fschool-mascot%2F4%2F7%2F9%2F479e3018-d135-4bdb-8c50-c539cd94bd97.gif%3Fversion%3D635412141600000000%26amp%3Bwidth%3D128%26amp%3Bheight%3D128%26amp%3Bauto%3Dwebp%26amp%3Bformat%3Dpjpg"
21,"Clinch County vs Colquitt County",Boys Softball,"Georgia",9/9/2026,5:00pm,"The Clinch County varsity softball team has an away non-conference game @  Colquitt County (Norman Park, GA) today @ 5p.","/ga/softball/game/clinch-county-homerville-vs-colquitt-county-norman-park/9-9-2026/?c=a809bde2-b85a-4f47-a7a3-2509c8809252","https://www.maxpreps.com/ga/softball/game/clinch-county-homerville-vs-colquitt-county-norman-park/9-9-2026/?c=a809bde2-b85a-4f47-a7a3-2509c8809252","/softball/ga/15be?9/9/2026","Panthers","Packers","https://www.maxpreps.com/ga/clinch-county-homerville/boys-softball/","https://www.maxpreps.com/ga/colquitt-county-norman-park/boys-softball/","https://hsfootball.net/proxy.php?url=https%3A%2F%2Fimage.maxpreps.io%2Fschool-mascot%2F4%2F0%2Fa%2F40a309d3-3c78-4d09-9bfd-9cdcee7a2dad.gif%3Fversion%3D639207373489869980%26amp%3Bwidth%3D128%26amp%3Bheight%3D128%26amp%3Bauto%3Dwebp%26amp%3Bformat%3Dpjpg","https://hsfootball.net/proxy.php?url=https%3A%2F%2Fimage.maxpreps.io%2Fschool-mascot%2Fd%2Fe%2F6%2Fde6f3056-8b06-4f72-8a53-83cd06b87e47.gif%3Fversion%3D639127247862111580%26amp%3Bwidth%3D128%26amp%3Bheight%3D128%26amp%3Bauto%3Dwebp%26amp%3Bformat%3Dpjpg"
22,"Cedar Shoals vs Barrow Arts and Sciences Academy",Boys Softball,"Georgia",9/9/2026,5:00pm,"The Cedar Shoals varsity softball team has an away non-conference game @  Barrow Arts and Sciences Academy (Winder, GA) today @ 5p.","/ga/softball/game/barrow-arts-and-sciences-academy-winder-vs-cedar-shoals-athens/9-9-2026/?c=6da1f916-3990-4fec-a60f-ecc458bc0a87","https://www.maxpreps.com/ga/softball/game/barrow-arts-and-sciences-academy-winder-vs-cedar-shoals-athens/9-9-2026/?c=6da1f916-3990-4fec-a60f-ecc458bc0a87","/softball/ga/17ae?9/9/2026","Jaguars","Blazers","https://www.maxpreps.com/ga/barrow-arts-and-sciences-academy-winder/boys-softball/","https://www.maxpreps.com/ga/cedar-shoals-athens/boys-softball/","https://hsfootball.net/proxy.php?url=https%3A%2F%2Fimage.maxpreps.io%2Fschool-mascot%2F1%2Fb%2Fc%2F1bc4a6f4-3cea-4328-8670-4802a7c054a7.gif%3Fversion%3D638961299119122020%26amp%3Bwidth%3D128%26amp%3Bheight%3D128%26amp%3Bauto%3Dwebp%26amp%3Bformat%3Dpjpg","https://hsfootball.net/proxy.php?url=https%3A%2F%2Fimage.maxpreps.io%2Fschool-mascot%2F3%2F7%2Ff%2F37f9631d-4bab-4b5a-aa0b-1e23469da773.gif%3Fversion%3D637856074200000000%26amp%3Bwidth%3D128%26amp%3Bheight%3D128%26amp%3Bauto%3Dwebp%26amp%3Bformat%3Dpjpg"
23,"Archer vs Loganville",Boys Softball,"Georgia",9/9/2026,5:00pm,"The Archer varsity softball team has a neutral non-conference game vs.  Loganville (GA) today @ 5p.","/ga/softball/game/archer-lawrenceville-vs-loganville/9-9-2026/?c=ec9e8e55-ac5a-431f-ad13-66f73f8f4c8c","https://www.maxpreps.com/ga/softball/game/archer-lawrenceville-vs-loganville/9-9-2026/?c=ec9e8e55-ac5a-431f-ad13-66f73f8f4c8c","/softball/ga/d7f?9/9/2026","Tigers","Red Devils","https://www.maxpreps.com/ga/archer-lawrenceville/boys-softball/","https://www.maxpreps.com/ga/loganville/boys-softball/","https://hsfootball.net/proxy.php?url=https%3A%2F%2Fimage.maxpreps.io%2Fschool-mascot%2F2%2Fb%2Fa%2F2bab8320-786d-4cbc-9605-db7ac46fed55.gif%3Fversion%3D638779692397509910%26amp%3Bwidth%3D128%26amp%3Bheight%3D128%26amp%3Bauto%3Dwebp%26amp%3Bformat%3Dpjpg","https://hsfootball.net/proxy.php?url=https%3A%2F%2Fimage.maxpreps.io%2Fschool-mascot%2F2%2Fb%2Fa%2F2bab8320-786d-4cbc-9605-db7ac46fed55.gif%3Fversion%3D638779692397509910%26amp%3Bwidth%3D32%26amp%3Bheight%3D32%26amp%3Bauto%3Dwebp%26amp%3Bformat%3Dpjpg"
24,"Dacula vs Peachtree Ridge",Boys Softball,"Georgia",9/9/2026,5:00pm,"The Dacula varsity softball team has an away non-conference game @  Peachtree Ridge (Suwanee, GA) today @ 5p.","/ga/softball/game/dacula-vs-peachtree-ridge-suwanee/9-9-2026/?c=d58f4296-b8b4-40f4-9d2d-9e15992b45e6","https://www.maxpreps.com/ga/softball/game/dacula-vs-peachtree-ridge-suwanee/9-9-2026/?c=d58f4296-b8b4-40f4-9d2d-9e15992b45e6","/softball/ga/cbb?9/9/2026","Falcons","Lions","https://www.maxpreps.com/ga/dacula/boys-softball/","https://www.maxpreps.com/ga/peachtree-ridge-suwanee/boys-softball/","https://hsfootball.net/proxy.php?url=https%3A%2F%2Fimage.maxpreps.io%2Fschool-mascot%2F1%2F1%2F5%2F115dd2c6-7851-4c40-a73f-d1abd9647c51.gif%3Fversion%3D639129576270457780%26amp%3Bwidth%3D128%26amp%3Bheight%3D128%26amp%3Bauto%3Dwebp%26amp%3Bformat%3Dpjpg","https://hsfootball.net/proxy.php?url=https%3A%2F%2Fimage.maxpreps.io%2Fschool-mascot%2Fc%2F0%2F9%2Fc090a04c-91b8-429b-b003-e951f1fd2e79.gif%3Fversion%3D639134131019734700%26amp%3Bwidth%3D128%26amp%3Bheight%3D128%26amp%3Bauto%3Dwebp%26amp%3Bformat%3Dpjpg"
25,"Dunwoody vs North Springs",Boys Softball,"Georgia",9/9/2026,5:00pm,"The Dunwoody varsity softball team has an away non-conference game @  North Springs (Atlanta, GA) today @ 5p.","/ga/softball/game/dunwoody-vs-north-springs-atlanta/9-9-2026/?c=46aa141f-4512-479f-9dd2-79b7e71a085f","https://www.maxpreps.com/ga/softball/game/dunwoody-vs-north-springs-atlanta/9-9-2026/?c=46aa141f-4512-479f-9dd2-79b7e71a085f","/softball/ga/d2c?9/9/2026","Wildcats","Spartans","https://www.maxpreps.com/ga/dunwoody/boys-softball/","https://www.maxpreps.com/ga/north-springs-atlanta/boys-softball/","https://hsfootball.net/proxy.php?url=https%3A%2F%2Fimage.maxpreps.io%2Fschool-mascot%2F6%2Ff%2F1%2F6f1efacb-8150-4f51-a6db-a6fc00f84f2f.gif%3Fversion%3D638685085606285270%26amp%3Bwidth%3D128%26amp%3Bheight%3D128%26amp%3Bauto%3Dwebp%26amp%3Bformat%3Dpjpg","https://hsfootball.net/proxy.php?url=https%3A%2F%2Fimage.maxpreps.io%2Fschool-mascot%2F3%2Ff%2F4%2F3f4bd651-d07f-4853-aee2-487033bdbe39.gif%3Fversion%3D639180519068190670%26amp%3Bwidth%3D128%26amp%3Bheight%3D128%26amp%3Bauto%3Dwebp%26amp%3Bformat%3Dpjpg"
26,"Duluth vs Shiloh",Boys Softball,"Georgia",9/9/2026,5:00pm,"The Duluth varsity softball team has an away non-conference game @  Shiloh (Snellville, GA) today @ 5p.","/ga/softball/game/duluth-vs-shiloh-snellville/9-9-2026/?c=b4085876-5e5b-469f-a2a4-91602dea5925","https://www.maxpreps.com/ga/softball/game/duluth-vs-shiloh-snellville/9-9-2026/?c=b4085876-5e5b-469f-a2a4-91602dea5925","/softball/ga/ac7?9/9/2026","Wildcats","Generals","https://www.maxpreps.com/ga/duluth/boys-softball/","https://www.maxpreps.com/ga/shiloh-snellville/boys-softball/","https://hsfootball.net/proxy.php?url=https%3A%2F%2Fimage.maxpreps.io%2Fschool-mascot%2F0%2F7%2Fd%2F07d0f0e4-9fea-4b37-b46d-5407574780fe.gif%3Fversion%3D635126803800000000%26amp%3Bwidth%3D128%26amp%3Bheight%3D128%26amp%3Bauto%3Dwebp%26amp%3Bformat%3Dpjpg","https://hsfootball.net/proxy.php?url=https%3A%2F%2Fimage.maxpreps.io%2Fschool-mascot%2F5%2Fc%2Fe%2F5ced43a2-3f4f-4ca4-923a-1bfb5f941713.gif%3Fversion%3D635826574800000000%26amp%3Bwidth%3D128%26amp%3Bheight%3D128%26amp%3Bauto%3Dwebp%26amp%3Bformat%3Dpjpg"
27,"Heard County vs Callaway",Boys Softball,"Georgia",9/9/2026,5:00pm,"The Heard County varsity softball team has an away non-conference game @  Callaway (Hogansville, GA) today @ 5p.","/ga/softball/game/callaway-hogansville-vs-heard-county-franklin/9-9-2026/?c=858c5c94-82c0-4dfa-91fa-1b96cc3ab91c","https://www.maxpreps.com/ga/softball/game/callaway-hogansville-vs-heard-county-franklin/9-9-2026/?c=858c5c94-82c0-4dfa-91fa-1b96cc3ab91c","/softball/ga/11af?9/9/2026","Braves","Cavaliers","https://www.maxpreps.com/ga/callaway-hogansville/boys-softball/","https://www.maxpreps.com/ga/heard-county-franklin/boys-softball/","https://hsfootball.net/proxy.php?url=https%3A%2F%2Fimage.maxpreps.io%2Fschool-mascot%2F1%2Fa%2F1%2F1a155073-46ef-44c8-ad38-730c8187c3b0.gif%3Fversion%3D639183171985901300%26amp%3Bwidth%3D128%26amp%3Bheight%3D128%26amp%3Bauto%3Dwebp%26amp%3Bformat%3Dpjpg","https://hsfootball.net/proxy.php?url=https%3A%2F%2Fimage.maxpreps.io%2Fschool-mascot%2Ff%2F7%2F1%2Ff7121feb-b3f1-460a-80a3-1323babacd24.gif%3Fversion%3D639134131067490170%26amp%3Bwidth%3D128%26amp%3Bheight%3D128%26amp%3Bauto%3Dwebp%26amp%3Bformat%3Dpjpg"
28,"Flowery Branch vs Lanier",Boys Softball,"Georgia",9/9/2026,TBD,"On 9/9, the Flowery Branch varsity softball team lost by double forfeit in their away non-conference game against Lanier (Sugar Hill, GA).","/ga/softball/game/flowery-branch-vs-lanier-sugar-hill/9-9-2026/?c=f59efe09-8fc4-4c16-a7b1-a7a11fdcc9a7","https://www.maxpreps.com/ga/softball/game/flowery-branch-vs-lanier-sugar-hill/9-9-2026/?c=f59efe09-8fc4-4c16-a7b1-a7a11fdcc9a7","/softball/ga/d86?9/9/2026","Falcons","Longhorns","https://www.maxpreps.com/ga/flowery-branch/boys-softball/","https://www.maxpreps.com/ga/lanier-sugar-hill/boys-softball/","https://hsfootball.net/proxy.php?url=https%3A%2F%2Fimage.maxpreps.io%2Fschool-mascot%2F2%2F0%2F0%2F200feae2-00ab-4a39-92c6-defffde07b6d.gif%3Fversion%3D636150435600000000%26amp%3Bwidth%3D128%26amp%3Bheight%3D128%26amp%3Bauto%3Dwebp%26amp%3Bformat%3Dpjpg","https://hsfootball.net/proxy.php?url=https%3A%2F%2Fimage.maxpreps.io%2Fschool-mascot%2F2%2F0%2F0%2F200feae2-00ab-4a39-92c6-defffde07b6d.gif%3Fversion%3D636150435600000000%26amp%3Bwidth%3D32%26amp%3Bheight%3D32%26amp%3Bauto%3Dwebp%26amp%3Bformat%3Dpjpg"
29,"Westside vs Rutland",Boys Softball,"Georgia",9/9/2026,5:00pm,"The Westside varsity softball team has an away non-conference game @  Rutland (Macon, GA) today @ 5p.","/ga/softball/game/rutland-macon-vs-westside-macon/9-9-2026/?c=bf511178-66c6-4964-8353-5d4620435f26","https://www.maxpreps.com/ga/softball/game/rutland-macon-vs-westside-macon/9-9-2026/?c=bf511178-66c6-4964-8353-5d4620435f26","/softball/ga/c1b?9/9/2026","Seminoles","Hurricanes","https://www.maxpreps.com/ga/rutland-macon/boys-softball/","https://www.maxpreps.com/ga/westside-macon/boys-softball/","https://hsfootball.net/proxy.php?url=https%3A%2F%2Fimage.maxpreps.io%2Fschool-mascot%2Fa%2F4%2F4%2Fa448d76a-1bdb-4f9f-b744-d6ba97004696.gif%3Fversion%3D639134131059729480%26amp%3Bwidth%3D128%26amp%3Bheight%3D128%26amp%3Bauto%3Dwebp%26amp%3Bformat%3Dpjpg","https://hsfootball.net/proxy.php?url=https%3A%2F%2Fimage.maxpreps.io%2Fschool-mascot%2Fa%2Ff%2Fb%2Fafb74465-d973-4719-ab90-5a036df4ac67.gif%3Fversion%3D638759936219864750%26amp%3Bwidth%3D128%26amp%3Bheight%3D128%26amp%3Bauto%3Dwebp%26amp%3Bformat%3Dpjpg"
30,"North Cobb Christian vs Haralson County",Boys Softball,"Georgia",9/9/2026,5:00pm,"The North Cobb Christian varsity softball team has an away conference game @  Haralson County (Tallapoosa, GA) today @ 5p.","/ga/softball/game/haralson-county-tallapoosa-vs-north-cobb-christian-kennesaw/9-9-2026/?c=49da1296-75e6-4343-93dc-2327f2600ec4","https://www.maxpreps.com/ga/softball/game/haralson-county-tallapoosa-vs-north-cobb-christian-kennesaw/9-9-2026/?c=49da1296-75e6-4343-93dc-2327f2600ec4","/softball/ga/1730?9/9/2026","Eagles","Rebels","https://www.maxpreps.com/ga/haralson-county-tallapoosa/boys-softball/","https://www.maxpreps.com/ga/north-cobb-christian-kennesaw/boys-softball/","https://hsfootball.net/proxy.php?url=https%3A%2F%2Fimage.maxpreps.io%2Fschool-mascot%2Fd%2F5%2Fe%2Fd5eccd84-e874-4a81-a89d-1d7e761b7ef0.gif%3Fversion%3D637816376400000000%26amp%3Bwidth%3D128%26amp%3Bheight%3D128%26amp%3Bauto%3Dwebp%26amp%3Bformat%3Dpjpg","https://hsfootball.net/proxy.php?url=https%3A%2F%2Fimage.maxpreps.io%2Fschool-mascot%2Fb%2Fe%2F8%2Fbe810ab5-44d0-49f5-8c83-9877522282e0.gif%3Fversion%3D639127247748010330%26amp%3Bwidth%3D128%26amp%3Bheight%3D128%26amp%3Bauto%3Dwebp%26amp%3Bformat%3Dpjpg"
31,"Glynn Academy vs Brunswick",Boys Softball,"Georgia",9/9/2026,5:00pm,"The Glynn Academy varsity softball team has an away conference game @  Brunswick (GA) today @ 5p.","/ga/softball/game/brunswick-vs-glynn-academy-brunswick/9-9-2026/?c=7d175f59-12f7-43bb-91da-538fe23341dc","https://www.maxpreps.com/ga/softball/game/brunswick-vs-glynn-academy-brunswick/9-9-2026/?c=7d175f59-12f7-43bb-91da-538fe23341dc","/softball/ga/e49?9/9/2026","Terrors","Pirates","https://www.maxpreps.com/ga/brunswick/boys-softball/","https://www.maxpreps.com/ga/glynn-academy-brunswick/boys-softball/","https://hsfootball.net/proxy.php?url=https%3A%2F%2Fimage.maxpreps.io%2Fschool-mascot%2F4%2F0%2F5%2F4054c07f-06d4-4b29-abfe-b7d98ed625c5.gif%3Fversion%3D639129168686151680%26amp%3Bwidth%3D128%26amp%3Bheight%3D128%26amp%3Bauto%3Dwebp%26amp%3Bformat%3Dpjpg","https://hsfootball.net/proxy.php?url=https%3A%2F%2Fimage.maxpreps.io%2Fschool-mascot%2Fa%2F9%2F7%2Fa9793872-42b8-4e06-9b67-7e39be1d80fd.gif%3Fversion%3D639134131081672380%26amp%3Bwidth%3D128%26amp%3Bheight%3D128%26amp%3Bauto%3Dwebp%26amp%3Bformat%3Dpjpg"
32,"Adairsville vs Walker",Boys Softball,"Georgia",9/9/2026,5:00pm,"The Adairsville varsity softball team has an away non-conference game @  Walker (Marietta, GA) today @ 5p.","/ga/softball/game/adairsville-vs-walker-marietta/9-9-2026/?c=bbc4bad2-e4c4-415d-8209-4e6b8b79a1ad","https://www.maxpreps.com/ga/softball/game/adairsville-vs-walker-marietta/9-9-2026/?c=bbc4bad2-e4c4-415d-8209-4e6b8b79a1ad","/softball/ga/bdd?9/9/2026","Tigers","Wolverines","https://www.maxpreps.com/ga/adairsville/boys-softball/","https://www.maxpreps.com/ga/walker-marietta/boys-softball/","https://hsfootball.net/proxy.php?url=https%3A%2F%2Fimage.maxpreps.io%2Fschool-mascot%2Fb%2F4%2F0%2Fb40ff112-5214-4f71-8eef-06e42229deb8.gif%3Fversion%3D639178764285611820%26amp%3Bwidth%3D128%26amp%3Bheight%3D128%26amp%3Bauto%3Dwebp%26amp%3Bformat%3Dpjpg","https://hsfootball.net/proxy.php?url=https%3A%2F%2Fimage.maxpreps.io%2Fschool-mascot%2F5%2F9%2F4%2F594776af-9858-4139-9393-4378a0426f51.gif%3Fversion%3D636385078200000000%26amp%3Bwidth%3D128%26amp%3Bheight%3D128%26amp%3Bauto%3Dwebp%26amp%3Bformat%3Dpjpg"
33,"River Ridge vs Cartersville",Boys Softball,"Georgia",9/9/2026,5:20pm,"The River Ridge varsity softball team has an away non-conference game @  Cartersville (GA) today @ 5:20p.","/ga/softball/game/cartersville-vs-river-ridge-woodstock/9-9-2026/?c=887bcc6e-6020-46b9-b683-27d3e1d18288","https://www.maxpreps.com/ga/softball/game/cartersville-vs-river-ridge-woodstock/9-9-2026/?c=887bcc6e-6020-46b9-b683-27d3e1d18288","/softball/ga/ebd?9/9/2026","Knights","Purple Hurricanes","https://www.maxpreps.com/ga/cartersville/boys-softball/","https://www.maxpreps.com/ga/river-ridge-woodstock/boys-softball/","https://hsfootball.net/proxy.php?url=https%3A%2F%2Fimage.maxpreps.io%2Fschool-mascot%2Fc%2Fc%2F4%2Fcc4ebd07-e191-4b4a-8064-b5c76525a88a.gif%3Fversion%3D639183171887595610%26amp%3Bwidth%3D128%26amp%3Bheight%3D128%26amp%3Bauto%3Dwebp%26amp%3Bformat%3Dpjpg","https://hsfootball.net/proxy.php?url=https%3A%2F%2Fimage.maxpreps.io%2Fschool-mascot%2Fb%2F7%2F5%2Fb75cc25d-69cc-4a68-8fad-f5226095c0ec.gif%3Fversion%3D638685069334709640%26amp%3Bwidth%3D128%26amp%3Bheight%3D128%26amp%3Bauto%3Dwebp%26amp%3Bformat%3Dpjpg"
34,"Baldwin vs Georgia Military College",Boys Softball,"Georgia",9/9/2026,5:30pm,"The Baldwin varsity softball team has an away non-conference game @  Georgia Military College (Milledgeville, GA) today @ 5:30p.","/ga/softball/game/baldwin-milledgeville-vs-georgia-military-college-milledgeville/9-9-2026/?c=13a7a0ed-fef5-42b2-95c5-64741029d1dc","https://www.maxpreps.com/ga/softball/game/baldwin-milledgeville-vs-georgia-military-college-milledgeville/9-9-2026/?c=13a7a0ed-fef5-42b2-95c5-64741029d1dc","/softball/ga/18ba?9/9/2026","Braves","Bulldogs","https://www.maxpreps.com/ga/baldwin-milledgeville/boys-softball/","https://www.maxpreps.com/ga/georgia-military-college-milledgeville/boys-softball/","https://hsfootball.net/proxy.php?url=https%3A%2F%2Fimage.maxpreps.io%2Fschool-mascot%2F4%2Fe%2F9%2F4e970278-e8a3-4275-9de5-261971629eaf.gif%3Fversion%3D638779741620762120%26amp%3Bwidth%3D128%26amp%3Bheight%3D128%26amp%3Bauto%3Dwebp%26amp%3Bformat%3Dpjpg","https://hsfootball.net/proxy.php?url=https%3A%2F%2Fimage.maxpreps.io%2Fschool-mascot%2Fb%2Fe%2F2%2Fbe2ab9ba-f8e2-451a-b189-2915ddb8779f.gif%3Fversion%3D639128739316771410%26amp%3Bwidth%3D128%26amp%3Bheight%3D128%26amp%3Bauto%3Dwebp%26amp%3Bformat%3Dpjpg"
35,"Swainsboro vs Wheeler County",Boys Softball,"Georgia",9/9/2026,5:30pm,"The Swainsboro varsity softball team has an away non-conference game @  Wheeler County (Alamo, GA) today @ 5:30p.","/ga/softball/game/swainsboro-vs-wheeler-county-alamo/9-9-2026/?c=fca17ea7-ceaf-442a-92b9-bfd6d5341e22","https://www.maxpreps.com/ga/softball/game/swainsboro-vs-wheeler-county-alamo/9-9-2026/?c=fca17ea7-ceaf-442a-92b9-bfd6d5341e22","/softball/ga/d7c?9/9/2026","Tigers","Bulldogs","https://www.maxpreps.com/ga/swainsboro/boys-softball/","https://www.maxpreps.com/ga/wheeler-county-alamo/boys-softball/","https://hsfootball.net/proxy.php?url=https%3A%2F%2Fimage.maxpreps.io%2Fschool-mascot%2Fb%2F8%2Fb%2Fb8b41794-0591-4b7e-8760-ddbe242a27c7.gif%3Fversion%3D639132503893528590%26amp%3Bwidth%3D128%26amp%3Bheight%3D128%26amp%3Bauto%3Dwebp%26amp%3Bformat%3Dpjpg","https://hsfootball.net/proxy.php?url=https%3A%2F%2Fimage.maxpreps.io%2Fschool-mascot%2F7%2F9%2Fe%2F79e60f32-b77f-408e-8db2-48e649960ad1.gif%3Fversion%3D639132244439179410%26amp%3Bwidth%3D128%26amp%3Bheight%3D128%26amp%3Bauto%3Dwebp%26amp%3Bformat%3Dpjpg"
36,"Randolph-Clay vs Sumter County",Boys Softball,"Georgia",9/9/2026,5:30pm,"The Randolph-Clay varsity softball team has an away non-conference game @  Sumter County (Americus, GA) today @ 5:30p.","/ga/softball/game/randolph-clay-cuthbert-vs-sumter-county-americus/9-9-2026/?c=acb3f8b7-11eb-408d-bdcc-08d9aca3c15b","https://www.maxpreps.com/ga/softball/game/randolph-clay-cuthbert-vs-sumter-county-americus/9-9-2026/?c=acb3f8b7-11eb-408d-bdcc-08d9aca3c15b","/softball/ga/12f4?9/9/2026","Red Devils","Panthers","https://www.maxpreps.com/ga/randolph-clay-cuthbert/boys-softball/","https://www.maxpreps.com/ga/sumter-county-americus/boys-softball/","https://hsfootball.net/proxy.php?url=https%3A%2F%2Fimage.maxpreps.io%2Fschool-mascot%2F2%2Fc%2F9%2F2c9a258f-f90d-473f-bcb3-504c569409f2.gif%3Fversion%3D637060500000000000%26amp%3Bwidth%3D128%26amp%3Bheight%3D128%26amp%3Bauto%3Dwebp%26amp%3Bformat%3Dpjpg","https://hsfootball.net/proxy.php?url=https%3A%2F%2Fimage.maxpreps.io%2Fschool-mascot%2F2%2Fc%2F1%2F2c167ee3-f31f-4898-a886-160cbf155e88.gif%3Fversion%3D637660119600000000%26amp%3Bwidth%3D128%26amp%3Bheight%3D128%26amp%3Bauto%3Dwebp%26amp%3Bformat%3Dpjpg"
37,"Meadowcreek vs Alcovy",Boys Softball,"Georgia",9/9/2026,5:30pm,"The Meadowcreek varsity softball team has an away conference game @  Alcovy (Covington, GA) today @ 5:30p.","/ga/softball/game/alcovy-covington-vs-meadowcreek-norcross/9-9-2026/?c=037ae687-7e64-47dd-99af-ba5e7114d3af","https://www.maxpreps.com/ga/softball/game/alcovy-covington-vs-meadowcreek-norcross/9-9-2026/?c=037ae687-7e64-47dd-99af-ba5e7114d3af","/softball/ga/1002?9/9/2026","Mustangs","Tigers","https://www.maxpreps.com/ga/alcovy-covington/boys-softball/","https://www.maxpreps.com/ga/meadowcreek-norcross/boys-softball/","https://hsfootball.net/proxy.php?url=https%3A%2F%2Fimage.maxpreps.io%2Fschool-mascot%2Ff%2F6%2F4%2Ff64cada6-f13b-43b9-b5f1-81ad2a6e3c75.gif%3Fversion%3D639134130995355230%26amp%3Bwidth%3D128%26amp%3Bheight%3D128%26amp%3Bauto%3Dwebp%26amp%3Bformat%3Dpjpg","https://hsfootball.net/proxy.php?url=https%3A%2F%2Fimage.maxpreps.io%2Fschool-mascot%2F4%2F6%2F3%2F4639f800-4b1e-46a6-9875-160e08ce83f2.gif%3Fversion%3D636063362400000000%26amp%3Bwidth%3D128%26amp%3Bheight%3D128%26amp%3Bauto%3Dwebp%26amp%3Bformat%3Dpjpg"
38,"Dodge County vs Hawkinsville",Boys Softball,"Georgia",9/9/2026,5:30pm,"The Dodge County varsity softball team has an away non-conference game @  Hawkinsville (GA) today @ 5:30p.","/ga/softball/game/dodge-county-eastman-vs-hawkinsville/9-9-2026/?c=4511f444-888d-44d2-ae9b-022a0714c3bf","https://www.maxpreps.com/ga/softball/game/dodge-county-eastman-vs-hawkinsville/9-9-2026/?c=4511f444-888d-44d2-ae9b-022a0714c3bf","/softball/ga/e3c?9/9/2026","Indians","Red Devils","https://www.maxpreps.com/ga/dodge-county-eastman/boys-softball/","https://www.maxpreps.com/ga/hawkinsville/boys-softball/","https://hsfootball.net/proxy.php?url=https%3A%2F%2Fimage.maxpreps.io%2Fschool-mascot%2Ff%2F3%2F5%2Ff3558777-c5af-4102-bc29-47332ba3fb22.gif%3Fversion%3D639183594797809980%26amp%3Bwidth%3D128%26amp%3Bheight%3D128%26amp%3Bauto%3Dwebp%26amp%3Bformat%3Dpjpg","https://hsfootball.net/proxy.php?url=https%3A%2F%2Fimage.maxpreps.io%2Fschool-mascot%2F3%2F7%2F6%2F3766c6f8-4ce9-4cce-b34d-d2bf62ce13c5.gif%3Fversion%3D639132244481409620%26amp%3Bwidth%3D128%26amp%3Bheight%3D128%26amp%3Bauto%3Dwebp%26amp%3Bformat%3Dpjpg"
39,"Marietta vs Sprayberry",Boys Softball,"Georgia",9/9/2026,5:30pm,"The Marietta varsity softball team has an away non-conference game @  Sprayberry (Marietta, GA) today @ 5:30p.","/ga/softball/game/marietta-vs-sprayberry-marietta/9-9-2026/?c=19c8c68f-0298-4772-b34e-8cef3fe33990","https://www.maxpreps.com/ga/softball/game/marietta-vs-sprayberry-marietta/9-9-2026/?c=19c8c68f-0298-4772-b34e-8cef3fe33990","/softball/ga/c71?9/9/2026","Blue Devils","Yellow Jackets","https://www.maxpreps.com/ga/marietta/boys-softball/","https://www.maxpreps.com/ga/sprayberry-marietta/boys-softball/","https://hsfootball.net/proxy.php?url=https%3A%2F%2Fimage.maxpreps.io%2Fschool-mascot%2F5%2F0%2F7%2F507880c6-4e36-43b6-b375-e2a2fdee5ec3.gif%3Fversion%3D637012828200000000%26amp%3Bwidth%3D128%26amp%3Bheight%3D128%26amp%3Bauto%3Dwebp%26amp%3Bformat%3Dpjpg","https://hsfootball.net/proxy.php?url=https%3A%2F%2Fimage.maxpreps.io%2Fschool-mascot%2Fd%2Fc%2F8%2Fdc80efab-7457-4f96-8de3-e32cc7cd607e.gif%3Fversion%3D635761585800000000%26amp%3Bwidth%3D128%26amp%3Bheight%3D128%26amp%3Bauto%3Dwebp%26amp%3Bformat%3Dpjpg"
40,"Mount Vernon vs Marist",Boys Softball,"Georgia",9/9/2026,5:30pm,"The Mount Vernon varsity softball team has an away non-conference game @  Marist (Atlanta, GA) today @ 5:30p.","/ga/softball/game/marist-atlanta-vs-mount-vernon-atlanta/9-9-2026/?c=ca5a85a8-8d19-4190-87d2-d43645d62db7","https://www.maxpreps.com/ga/softball/game/marist-atlanta-vs-mount-vernon-atlanta/9-9-2026/?c=ca5a85a8-8d19-4190-87d2-d43645d62db7","/softball/ga/eef?9/9/2026","Mustangs","War Eagles","https://www.maxpreps.com/ga/marist-atlanta/boys-softball/","https://www.maxpreps.com/ga/mount-vernon-atlanta/boys-softball/","https://hsfootball.net/proxy.php?url=https%3A%2F%2Fimage.maxpreps.io%2Fschool-mascot%2F5%2F8%2F3%2F5839dcaa-281e-4660-879a-3aed0d909343.gif%3Fversion%3D636382953600000000%26amp%3Bwidth%3D128%26amp%3Bheight%3D128%26amp%3Bauto%3Dwebp%26amp%3Bformat%3Dpjpg","https://hsfootball.net/proxy.php?url=https%3A%2F%2Fimage.maxpreps.io%2Fschool-mascot%2F9%2Fa%2Fa%2F9aa5cd7e-c52d-450d-9997-02abc6820f2e.gif%3Fversion%3D639188602852112770%26amp%3Bwidth%3D128%26amp%3Bheight%3D128%26amp%3Bauto%3Dwebp%26amp%3Bformat%3Dpjpg"
41,"Carver vs Kendrick",Boys Softball,"Georgia",9/9/2026,5:30pm,"The Carver varsity softball team has an away conference game @  Kendrick (Columbus, GA) today @ 5:30p.","/ga/softball/game/carver-columbus-vs-kendrick-columbus/9-9-2026/?c=acf56cd7-a162-4454-8f89-70f501951c06","https://www.maxpreps.com/ga/softball/game/carver-columbus-vs-kendrick-columbus/9-9-2026/?c=acf56cd7-a162-4454-8f89-70f501951c06","/softball/ga/e3f?9/9/2026","Tigers","Cherokees","https://www.maxpreps.com/ga/carver-columbus/boys-softball/","https://www.maxpreps.com/ga/kendrick-columbus/boys-softball/","https://hsfootball.net/proxy.php?url=https%3A%2F%2Fimage.maxpreps.io%2Fschool-mascot%2F5%2F7%2F9%2F57925ae3-0f2f-4967-914b-769736e816c3.gif%3Fversion%3D638685075709253800%26amp%3Bwidth%3D128%26amp%3Bheight%3D128%26amp%3Bauto%3Dwebp%26amp%3Bformat%3Dpjpg","https://hsfootball.net/proxy.php?url=https%3A%2F%2Fimage.maxpreps.io%2Fschool-mascot%2Fd%2F4%2F7%2Fd472e58f-34c6-4d87-b1c9-b57b7076428b.gif%3Fversion%3D639132244449960860%26amp%3Bwidth%3D128%26amp%3Bheight%3D128%26amp%3Bauto%3Dwebp%26amp%3Bformat%3Dpjpg"
42,"Monroe Area vs Winder-Barrow",Boys Softball,"Georgia",9/9/2026,5:30pm,"The Monroe Area varsity softball team has an away non-conference game @  Winder-Barrow (Winder, GA) today @ 5:30p.","/ga/softball/game/monroe-area-vs-winder-barrow-bulldoggs/9-9-2026/?c=496584ea-9759-4454-b3c6-2317604e8aa2","https://www.maxpreps.com/ga/softball/game/monroe-area-vs-winder-barrow-bulldoggs/9-9-2026/?c=496584ea-9759-4454-b3c6-2317604e8aa2","/softball/ga/ecc?9/9/2026","Purple Hurricanes","Bulldogs","https://www.maxpreps.com/ga/monroe-area/boys-softball/","https://www.maxpreps.com/ga/winder-barrow-bulldoggs/boys-softball/","https://hsfootball.net/proxy.php?url=https%3A%2F%2Fimage.maxpreps.io%2Fschool-mascot%2F3%2Fc%2F3%2F3c33dd96-e701-4df1-ac48-3b7ee976db5a.gif%3Fversion%3D637950518400000000%26amp%3Bwidth%3D128%26amp%3Bheight%3D128%26amp%3Bauto%3Dwebp%26amp%3Bformat%3Dpjpg","https://hsfootball.net/proxy.php?url=https%3A%2F%2Fimage.maxpreps.io%2Fschool-mascot%2Ff%2F2%2F5%2Ff25b890c-bcbe-4510-8682-aa30074432da.gif%3Fversion%3D639127247789625980%26amp%3Bwidth%3D128%26amp%3Bheight%3D128%26amp%3Bauto%3Dwebp%26amp%3Bformat%3Dpjpg"
43,"Upson-Lee vs Griffin",Boys Softball,"Georgia",9/9/2026,5:30pm,"The Upson-Lee varsity softball team has an away non-conference game @  Griffin (GA) today @ 5:30p.","/ga/softball/game/griffin-vs-upson-lee-thomaston/9-9-2026/?c=16dbccd0-a6a2-4ebb-b5df-fe0ae2aa0f8c","https://www.maxpreps.com/ga/softball/game/griffin-vs-upson-lee-thomaston/9-9-2026/?c=16dbccd0-a6a2-4ebb-b5df-fe0ae2aa0f8c","/softball/ga/bca?9/9/2026","Knights","Bears","https://www.maxpreps.com/ga/griffin/boys-softball/","https://www.maxpreps.com/ga/upson-lee-thomaston/boys-softball/","https://hsfootball.net/proxy.php?url=https%3A%2F%2Fimage.maxpreps.io%2Fschool-mascot%2Fa%2F4%2F7%2Fa472928c-b3f6-42cb-a173-bb7d06edd0b6.gif%3Fversion%3D639188602604044670%26amp%3Bwidth%3D128%26amp%3Bheight%3D128%26amp%3Bauto%3Dwebp%26amp%3Bformat%3Dpjpg","https://hsfootball.net/proxy.php?url=https%3A%2F%2Fimage.maxpreps.io%2Fschool-mascot%2F3%2Fa%2F9%2F3a957a39-cabe-4a81-9562-c72d988313e5.gif%3Fversion%3D635410138200000000%26amp%3Bwidth%3D128%26amp%3Bheight%3D128%26amp%3Bauto%3Dwebp%26amp%3Bformat%3Dpjpg"
44,"Mary Persons vs Union Grove",Boys Softball,"Georgia",9/9/2026,5:30pm,"The Mary Persons varsity softball team has an away non-conference game @  Union Grove (McDonough, GA) today @ 5:30p.","/ga/softball/game/mary-persons-forsyth-vs-union-grove-mcdonough/9-9-2026/?c=fabca8d1-9100-405b-b4fb-4e0bda67b3bc","https://www.maxpreps.com/ga/softball/game/mary-persons-forsyth-vs-union-grove-mcdonough/9-9-2026/?c=fabca8d1-9100-405b-b4fb-4e0bda67b3bc","/softball/ga/11d9?9/9/2026","Bulldogs","Wolverines","https://www.maxpreps.com/ga/mary-persons-forsyth/boys-softball/","https://www.maxpreps.com/ga/union-grove-mcdonough/boys-softball/","https://hsfootball.net/proxy.php?url=https%3A%2F%2Fimage.maxpreps.io%2Fschool-mascot%2Fe%2Fd%2F1%2Fed1fe847-b24e-4d8e-bd69-ad18489a9f3d.gif%3Fversion%3D639179658463992400%26amp%3Bwidth%3D128%26amp%3Bheight%3D128%26amp%3Bauto%3Dwebp%26amp%3Bformat%3Dpjpg","https://hsfootball.net/proxy.php?url=https%3A%2F%2Fimage.maxpreps.io%2Fschool-mascot%2F3%2Fc%2F7%2F3c7b0402-992a-4f83-b074-f4f583c63b7f.gif%3Fversion%3D639128739300149360%26amp%3Bwidth%3D128%26amp%3Bheight%3D128%26amp%3Bauto%3Dwebp%26amp%3Bformat%3Dpjpg"
45,"Lakeside vs Grovetown",Boys Softball,"Georgia",9/9/2026,5:30pm,"The Lakeside varsity softball team has an away conference game @  Grovetown (GA) today @ 5:30p.","/ga/softball/game/grovetown-vs-lakeside-evans/9-9-2026/?c=5c4495e2-1636-4510-a25a-6ec610e4e2ae","https://www.maxpreps.com/ga/softball/game/grovetown-vs-lakeside-evans/9-9-2026/?c=5c4495e2-1636-4510-a25a-6ec610e4e2ae","/softball/ga/aba?9/9/2026","Panthers","Warriors","https://www.maxpreps.com/ga/grovetown/boys-softball/","https://www.maxpreps.com/ga/lakeside-evans/boys-softball/","https://hsfootball.net/proxy.php?url=https%3A%2F%2Fimage.maxpreps.io%2Fschool-mascot%2F6%2F5%2Fd%2F65d102bf-978b-4f5e-829d-9b5bd5a0ad2f.gif%3Fversion%3D637856049600000000%26amp%3Bwidth%3D128%26amp%3Bheight%3D128%26amp%3Bauto%3Dwebp%26amp%3Bformat%3Dpjpg","https://hsfootball.net/proxy.php?url=https%3A%2F%2Fimage.maxpreps.io%2Fschool-mascot%2Fb%2F8%2F4%2Fb847f913-e565-48e8-a1ca-1319f75be210.gif%3Fversion%3D639188602575819170%26amp%3Bwidth%3D128%26amp%3Bheight%3D128%26amp%3Bauto%3Dwebp%26amp%3Bformat%3Dpjpg"
46,"Douglass Atlanta vs Lithonia",Boys Softball,"Georgia",9/9/2026,TBD,"The Lithonia varsity softball team has a game @ Douglass Atlanta (Georgia).","/ga/softball/game/douglass-atlanta-vs-lithonia/9-9-2026/?c=80cd804b-ea89-4275-aa3a-5e79b0178a1b","https://www.maxpreps.com/ga/softball/game/douglass-atlanta-vs-lithonia/9-9-2026/?c=80cd804b-ea89-4275-aa3a-5e79b0178a1b","/softball/ga/b0f?9/9/2026","Atlanta","Lithonia","https://www.maxpreps.com/ga/douglass-atlanta/boys-softball/","https://www.maxpreps.com/ga/lithonia/boys-softball/","",""
47,"Clarke Central Athens vs Commerce",Boys Softball,"Georgia",9/9/2026,TBD,"The Commerce varsity softball team has a game @ Clarke Central Athens (Georgia).","/ga/softball/game/clarke-central-athens-vs-commerce/9-9-2026/?c=6df28eb6-2da2-4d35-b683-f202a26bf610","https://www.maxpreps.com/ga/softball/game/clarke-central-athens-vs-commerce/9-9-2026/?c=6df28eb6-2da2-4d35-b683-f202a26bf610","/softball/ga/cc6?9/9/2026","Athens","Commerce","https://www.maxpreps.com/ga/clarke-central-athens/boys-softball/","https://www.maxpreps.com/ga/commerce/boys-softball/","",""
48,"Coosa Rome vs Douglas County Douglasville",Boys Softball,"Georgia",9/9/2026,TBD,"The Douglas County Douglasville varsity softball team has a game @ Coosa Rome (Georgia).","/ga/softball/game/coosa-rome-vs-douglas-county-douglasville/9-9-2026/?c=7df80cf5-35e0-40ad-9659-5e7ff5d06cc0","https://www.maxpreps.com/ga/softball/game/coosa-rome-vs-douglas-county-douglasville/9-9-2026/?c=7df80cf5-35e0-40ad-9659-5e7ff5d06cc0","/softball/ga/102e?9/9/2026","Rome","Douglasville","https://www.maxpreps.com/ga/coosa-rome/boys-softball/","https://www.maxpreps.com/ga/douglas-county-douglasville/boys-softball/","",""
49,"Locust Grove vs Spalding Griffin",Boys Softball,"Georgia",9/9/2026,TBD,"The Spalding Griffin varsity softball team has a game @ Locust Grove (Georgia).","/ga/softball/game/locust-grove-vs-spalding-griffin/9-9-2026/?c=aee5836f-0278-4c71-874b-a2d6fec4d372","https://www.maxpreps.com/ga/softball/game/locust-grove-vs-spalding-griffin/9-9-2026/?c=aee5836f-0278-4c71-874b-a2d6fec4d372","/softball/ga/c91?9/9/2026","Grove","Griffin","https://www.maxpreps.com/ga/locust-grove/boys-softball/","https://www.maxpreps.com/ga/spalding-griffin/boys-softball/","",""
50,"Mcintosh Peachtree City vs Morrow",Boys Softball,"Georgia",9/9/2026,TBD,"The Morrow varsity softball team has a game @ Mcintosh Peachtree City (Georgia).","/ga/softball/game/mcintosh-peachtree-city-vs-morrow/9-9-2026/?c=aaed993f-98b2-4502-be75-7fc3aed991e8","https://www.maxpreps.com/ga/softball/game/mcintosh-peachtree-city-vs-morrow/9-9-2026/?c=aaed993f-98b2-4502-be75-7fc3aed991e8","/softball/ga/d12?9/9/2026","City","Morrow","https://www.maxpreps.com/ga/mcintosh-peachtree-city/boys-softball/","https://www.maxpreps.com/ga/morrow/boys-softball/","",""
51,"New Manchester Douglasville vs Paulding County Dallas",Boys Softball,"Georgia",9/9/2026,TBD,"The Paulding County Dallas varsity softball team has a game @ New Manchester Douglasville (Georgia).","/ga/softball/game/new-manchester-douglasville-vs-paulding-county-dallas/9-9-2026/?c=42f464c3-08a2-4fd6-b298-fa118cfdd006","https://www.maxpreps.com/ga/softball/game/new-manchester-douglasville-vs-paulding-county-dallas/9-9-2026/?c=42f464c3-08a2-4fd6-b298-fa118cfdd006","/softball/ga/14dd?9/9/2026","Douglasville","Dallas","https://www.maxpreps.com/ga/new-manchester-douglasville/boys-softball/","https://www.maxpreps.com/ga/paulding-county-dallas/boys-softball/","",""
52,"Jordan Columbus vs Manchester",Boys Softball,"Georgia",9/9/2026,TBD,"The Manchester varsity softball team has a game @ Jordan Columbus (Georgia).","/ga/softball/game/jordan-columbus-vs-manchester/9-9-2026/?c=d70631d4-d50a-4cb7-a30b-093d4150f282","https://www.maxpreps.com/ga/softball/game/jordan-columbus-vs-manchester/9-9-2026/?c=d70631d4-d50a-4cb7-a30b-093d4150f282","/softball/ga/b82?9/9/2026","Columbus","Manchester","https://www.maxpreps.com/ga/jordan-columbus/boys-softball/","https://www.maxpreps.com/ga/manchester/boys-softball/","",""
53,"Columbia Decatur vs Southwest Dekalb Decatur",Boys Softball,"Georgia",9/9/2026,TBD,"The Southwest Dekalb Decatur varsity softball team has a game @ Columbia Decatur (Georgia).","/ga/softball/game/columbia-decatur-vs-southwest-dekalb-decatur/9-9-2026/?c=ae3669aa-a7b9-41a7-8c71-37ccad1e8f59","https://www.maxpreps.com/ga/softball/game/columbia-decatur-vs-southwest-dekalb-decatur/9-9-2026/?c=ae3669aa-a7b9-41a7-8c71-37ccad1e8f59","/softball/ga/113f?9/9/2026","Decatur","Decatur","https://www.maxpreps.com/ga/columbia-decatur/boys-softball/","https://www.maxpreps.com/ga/southwest-dekalb-decatur/boys-softball/","",""
54,"Grayson Loganville vs Mountain View Lawrenceville",Boys Softball,"Georgia",9/9/2026,TBD,"The Mountain View Lawrenceville varsity softball team has a game @ Grayson Loganville (Georgia).","/ga/softball/game/grayson-loganville-vs-mountain-view-lawrenceville/9-9-2026/?c=334be9e6-d7e0-4aed-8847-d7ae8b41de6c","https://www.maxpreps.com/ga/softball/game/grayson-loganville-vs-mountain-view-lawrenceville/9-9-2026/?c=334be9e6-d7e0-4aed-8847-d7ae8b41de6c","/softball/ga/138d?9/9/2026","Loganville","Lawrenceville","https://www.maxpreps.com/ga/grayson-loganville/boys-softball/","https://www.maxpreps.com/ga/mountain-view-lawrenceville/boys-softball/","",""
55,"Lovejoy vs Whitewater Fayetteville",Boys Softball,"Georgia",9/9/2026,TBD,"The Whitewater Fayetteville varsity softball team has a game @ Lovejoy (Georgia).","/ga/softball/game/lovejoy-vs-whitewater-fayetteville/9-9-2026/?c=b7a0a899-1194-4a97-a295-4b832641c89d","https://www.maxpreps.com/ga/softball/game/lovejoy-vs-whitewater-fayetteville/9-9-2026/?c=b7a0a899-1194-4a97-a295-4b832641c89d","/softball/ga/dca?9/9/2026","Lovejoy","Fayetteville","https://www.maxpreps.com/ga/lovejoy/boys-softball/","https://www.maxpreps.com/ga/whitewater-fayetteville/boys-softball/","",""
56,"Dublin vs Portal",Boys Softball,"Georgia",9/9/2026,TBD,"The Portal varsity softball team has a game @ Dublin (Georgia).","/ga/softball/game/dublin-vs-portal/9-9-2026/?c=ac257023-63fa-40cf-bea9-574f566984f0","https://www.maxpreps.com/ga/softball/game/dublin-vs-portal/9-9-2026/?c=ac257023-63fa-40cf-bea9-574f566984f0","/softball/ga/653?9/9/2026","Dublin","Portal","https://www.maxpreps.com/ga/dublin/boys-softball/","https://www.maxpreps.com/ga/portal/boys-softball/","",""
57,"Lakeview Fort Oglethorpe vs Northwest Whitfield Tunnel Hill",Boys Softball,"Georgia",9/9/2026,TBD,"The Northwest Whitfield Tunnel Hill varsity softball team has a game @ Lakeview Fort Oglethorpe (Georgia).","/ga/softball/game/lakeview-fort-oglethorpe-vs-northwest-whitfield-tunnel-hill/9-9-2026/?c=c465bd70-438e-4a46-808f-ec90ff5de004","https://www.maxpreps.com/ga/softball/game/lakeview-fort-oglethorpe-vs-northwest-whitfield-tunnel-hill/9-9-2026/?c=c465bd70-438e-4a46-808f-ec90ff5de004","/softball/ga/175d?9/9/2026","Oglethorpe","Hill","https://www.maxpreps.com/ga/lakeview-fort-oglethorpe/boys-softball/","https://www.maxpreps.com/ga/northwest-whitfield-tunnel-hill/boys-softball/","",""
58,"Bremen vs Temple",Boys Softball,"Georgia",9/9/2026,TBD,"The Temple varsity softball team has a game @ Bremen (Georgia).","/ga/softball/game/bremen-vs-temple/9-9-2026/?c=639a7b67-d102-45bc-9e5f-82fba024bc3d","https://www.maxpreps.com/ga/softball/game/bremen-vs-temple/9-9-2026/?c=639a7b67-d102-45bc-9e5f-82fba024bc3d","/softball/ga/643?9/9/2026","Bremen","Temple","https://www.maxpreps.com/ga/bremen/boys-softball/","https://www.maxpreps.com/ga/temple/boys-softball/","",""
59,"Central Gwinnett Knights Lawrenceville vs South Gwinnett Snellville",Boys Softball,"Georgia",9/9/2026,TBD,"The South Gwinnett Snellville varsity softball team has a game @ Central Gwinnett Knights Lawrenceville (Georgia).","/ga/softball/game/central-gwinnett-knights-lawrenceville-vs-south-gwinnett-snellville/9-9-2026/?c=fa7cc84b-7c6c-4fd5-94d5-b40bc63311c3","https://www.maxpreps.com/ga/softball/game/central-gwinnett-knights-lawrenceville-vs-south-gwinnett-snellville/9-9-2026/?c=fa7cc84b-7c6c-4fd5-94d5-b40bc63311c3","/softball/ga/1abf?9/9/2026","Lawrenceville","Snellville","https://www.maxpreps.com/ga/central-gwinnett-knights-lawrenceville/boys-softball/","https://www.maxpreps.com/ga/south-gwinnett-snellville/boys-softball/","",""
60,"Etowah Woodstock vs Sequoyah Canton",Boys Softball,"Georgia",9/9/2026,TBD,"The Sequoyah Canton varsity softball team has a game @ Etowah Woodstock (Georgia).","/ga/softball/game/etowah-woodstock-vs-sequoyah-canton/9-9-2026/?c=dbeaa141-0c12-4916-803c-1b3308327b14","https://www.maxpreps.com/ga/softball/game/etowah-woodstock-vs-sequoyah-canton/9-9-2026/?c=dbeaa141-0c12-4916-803c-1b3308327b14","/softball/ga/df4?9/9/2026","Woodstock","Canton","https://www.maxpreps.com/ga/etowah-woodstock/boys-softball/","https://www.maxpreps.com/ga/sequoyah-canton/boys-softball/","",""
61,"Fayette County Fayetteville vs Riverdale",Boys Softball,"Georgia",9/9/2026,TBD,"The Riverdale varsity softball team has a game @ Fayette County Fayetteville (Georgia).","/ga/softball/game/fayette-county-fayetteville-vs-riverdale/9-9-2026/?c=f4d7b3e2-efd5-4646-8e86-d3de9b501c7c","https://www.maxpreps.com/ga/softball/game/fayette-county-fayetteville-vs-riverdale/9-9-2026/?c=f4d7b3e2-efd5-4646-8e86-d3de9b501c7c","/softball/ga/ffd?9/9/2026","Fayetteville","Riverdale","https://www.maxpreps.com/ga/fayette-county-fayetteville/boys-softball/","https://www.maxpreps.com/ga/riverdale/boys-softball/","",""
62,"Cross Creek Augusta vs Lincoln County Lincolnton",Boys Softball,"Georgia",9/9/2026,TBD,"The Lincoln County Lincolnton varsity softball team has a game @ Cross Creek Augusta (Georgia).","/ga/softball/game/cross-creek-augusta-vs-lincoln-county-lincolnton/9-9-2026/?c=ab4f7c8e-420f-434e-88b4-b2048a764e59","https://www.maxpreps.com/ga/softball/game/cross-creek-augusta-vs-lincoln-county-lincolnton/9-9-2026/?c=ab4f7c8e-420f-434e-88b4-b2048a764e59","/softball/ga/12f6?9/9/2026","Augusta","Lincolnton","https://www.maxpreps.com/ga/cross-creek-augusta/boys-softball/","https://www.maxpreps.com/ga/lincoln-county-lincolnton/boys-softball/","",""
63,"Bowdon vs Model Rome",Boys Softball,"Georgia",9/9/2026,TBD,"The Model Rome varsity softball team has a game @ Bowdon (Georgia).","/ga/softball/game/bowdon-vs-model-rome/9-9-2026/?c=50e127b3-d18b-4b50-b922-4515252b2826","https://www.maxpreps.com/ga/softball/game/bowdon-vs-model-rome/9-9-2026/?c=50e127b3-d18b-4b50-b922-4515252b2826","/softball/ga/7bd?9/9/2026","Bowdon","Rome","https://www.maxpreps.com/ga/bowdon/boys-softball/","https://www.maxpreps.com/ga/model-rome/boys-softball/","",""
64,"Lovett Atlanta vs Therrell Atlanta",Boys Softball,"Georgia",9/9/2026,TBD,"The Therrell Atlanta varsity softball team has a game @ Lovett Atlanta (Georgia).","/ga/softball/game/lovett-atlanta-vs-therrell-atlanta/9-9-2026/?c=8feed7d4-d357-4641-974b-fbd82209c0e1","https://www.maxpreps.com/ga/softball/game/lovett-atlanta-vs-therrell-atlanta/9-9-2026/?c=8feed7d4-d357-4641-974b-fbd82209c0e1","/softball/ga/d67?9/9/2026","Atlanta","Atlanta","https://www.maxpreps.com/ga/lovett-atlanta/boys-softball/","https://www.maxpreps.com/ga/therrell-atlanta/boys-softball/","",""
65,"Jenkins County Millen vs Metter",Boys Softball,"Georgia",9/9/2026,TBD,"The Metter varsity softball team has a game @ Jenkins County Millen (Georgia).","/ga/softball/game/jenkins-county-millen-vs-metter/9-9-2026/?c=22ddeb22-58e7-443b-acdc-f8a347583f89","https://www.maxpreps.com/ga/softball/game/jenkins-county-millen-vs-metter/9-9-2026/?c=22ddeb22-58e7-443b-acdc-f8a347583f89","/softball/ga/c43?9/9/2026","Millen","Metter","https://www.maxpreps.com/ga/jenkins-county-millen/boys-softball/","https://www.maxpreps.com/ga/metter/boys-softball/","",""
66,"Chattooga Summerville vs Mt Zion",Boys Softball,"Georgia",9/9/2026,TBD,"The Mt Zion varsity softball team has a game @ Chattooga Summerville (Georgia).","/ga/softball/game/chattooga-summerville-vs-mt-zion/9-9-2026/?c=5341a59f-cd77-40fe-981f-33d61c2f6535","https://www.maxpreps.com/ga/softball/game/chattooga-summerville-vs-mt-zion/9-9-2026/?c=5341a59f-cd77-40fe-981f-33d61c2f6535","/softball/ga/cad?9/9/2026","Summerville","Zion","https://www.maxpreps.com/ga/chattooga-summerville/boys-softball/","https://www.maxpreps.com/ga/mt-zion/boys-softball/","",""
67,"Dade County Trenton vs Lafayette",Boys Softball,"Georgia",9/9/2026,TBD,"The Lafayette varsity softball team has a game @ Dade County Trenton (Georgia).","/ga/softball/game/dade-county-trenton-vs-lafayette/9-9-2026/?c=f8da306d-5006-43c1-9e7d-854d73f6aa97","https://www.maxpreps.com/ga/softball/game/dade-county-trenton-vs-lafayette/9-9-2026/?c=f8da306d-5006-43c1-9e7d-854d73f6aa97","/softball/ga/c96?9/9/2026","Trenton","Lafayette","https://www.maxpreps.com/ga/dade-county-trenton/boys-softball/","https://www.maxpreps.com/ga/lafayette/boys-softball/","",""
68,"Appling County Baxley vs Wayne County Jesup",Boys Softball,"Georgia",9/9/2026,TBD,"The Wayne County Jesup varsity softball team has a game @ Appling County Baxley (Georgia).","/ga/softball/game/appling-county-baxley-vs-wayne-county-jesup/9-9-2026/?c=8d4c518b-1f09-4358-8795-cb176bc96173","https://www.maxpreps.com/ga/softball/game/appling-county-baxley-vs-wayne-county-jesup/9-9-2026/?c=8d4c518b-1f09-4358-8795-cb176bc96173","/softball/ga/10f6?9/9/2026","Baxley","Jesup","https://www.maxpreps.com/ga/appling-county-baxley/boys-softball/","https://www.maxpreps.com/ga/wayne-county-jesup/boys-softball/","",""
69,"Dalton vs Southeast Whitfield Dalton",Boys Softball,"Georgia",9/9/2026,TBD,"The Southeast Whitfield Dalton varsity softball team has a game @ Dalton (Georgia).","/ga/softball/game/dalton-vs-southeast-whitfield-dalton/9-9-2026/?c=e630d2b5-05a5-4384-9bff-78835727ad2d","https://www.maxpreps.com/ga/softball/game/dalton-vs-southeast-whitfield-dalton/9-9-2026/?c=e630d2b5-05a5-4384-9bff-78835727ad2d","/softball/ga/e41?9/9/2026","Dalton","Dalton","https://www.maxpreps.com/ga/dalton/boys-softball/","https://www.maxpreps.com/ga/southeast-whitfield-dalton/boys-softball/","",""
70,"Carver Atlanta vs Washington Atlanta",Boys Softball,"Georgia",9/9/2026,TBD,"The Washington Atlanta varsity softball team has a game @ Carver Atlanta (Georgia).","/ga/softball/game/carver-atlanta-vs-washington-atlanta/9-9-2026/?c=3bb34867-79ca-4f27-9101-f9ffae6faea7","https://www.maxpreps.com/ga/softball/game/carver-atlanta-vs-washington-atlanta/9-9-2026/?c=3bb34867-79ca-4f27-9101-f9ffae6faea7","/softball/ga/e2c?9/9/2026","Atlanta","Atlanta","https://www.maxpreps.com/ga/carver-atlanta/boys-softball/","https://www.maxpreps.com/ga/washington-atlanta/boys-softball/","",""
71,"Citizens Christian Academy Douglas vs Pinewood Christian Bellville",Boys Softball,"Georgia",9/9/2026,TBD,"The Pinewood Christian Bellville varsity softball team has a game @ Citizens Christian Academy Douglas (Georgia).","/ga/softball/game/citizens-christian-academy-douglas-vs-pinewood-christian-bellville/9-9-2026/?c=0d754a10-3b88-406b-97ac-b54ceb4df971","https://www.maxpreps.com/ga/softball/game/citizens-christian-academy-douglas-vs-pinewood-christian-bellville/9-9-2026/?c=0d754a10-3b88-406b-97ac-b54ceb4df971","/softball/ga/19fa?9/9/2026","Douglas","Bellville","https://www.maxpreps.com/ga/citizens-christian-academy-douglas/boys-softball/","https://www.maxpreps.com/ga/pinewood-christian-bellville/boys-softball/","",""
72,"Berrien Nashville vs Irwin County Ocilla",Boys Softball,"Georgia",9/9/2026,TBD,"The Irwin County Ocilla varsity softball team has a game @ Berrien Nashville (Georgia).","/ga/softball/game/berrien-nashville-vs-irwin-county-ocilla/9-9-2026/?c=886e1382-f835-4f47-b003-12fb8cc64161","https://www.maxpreps.com/ga/softball/game/berrien-nashville-vs-irwin-county-ocilla/9-9-2026/?c=886e1382-f835-4f47-b003-12fb8cc64161","/softball/ga/fb6?9/9/2026","Nashville","Ocilla","https://www.maxpreps.com/ga/berrien-nashville/boys-softball/","https://www.maxpreps.com/ga/irwin-county-ocilla/boys-softball/","",""
73,"Eagles Landing Mcdonough vs Hampton",Boys Softball,"Georgia",9/9/2026,TBD,"The Hampton varsity softball team has a game @ Eagles Landing Mcdonough (Georgia).","/ga/softball/game/eagles-landing-mcdonough-vs-hampton/9-9-2026/?c=3ab4dd2c-4e25-44e6-8e89-3cb94bf36030","https://www.maxpreps.com/ga/softball/game/eagles-landing-mcdonough-vs-hampton/9-9-2026/?c=3ab4dd2c-4e25-44e6-8e89-3cb94bf36030","/softball/ga/da6?9/9/2026","Mcdonough","Hampton","https://www.maxpreps.com/ga/eagles-landing-mcdonough/boys-softball/","https://www.maxpreps.com/ga/hampton/boys-softball/","",""
74,"Forest Park vs Salem Conyers",Boys Softball,"Georgia",9/9/2026,TBD,"The Salem Conyers varsity softball team has a game @ Forest Park (Georgia).","/ga/softball/game/forest-park-vs-salem-conyers/9-9-2026/?c=3ff468d7-138b-4e00-bd4e-6406cf69b42e","https://www.maxpreps.com/ga/softball/game/forest-park-vs-salem-conyers/9-9-2026/?c=3ff468d7-138b-4e00-bd4e-6406cf69b42e","/softball/ga/af3?9/9/2026","Park","Conyers","https://www.maxpreps.com/ga/forest-park/boys-softball/","https://www.maxpreps.com/ga/salem-conyers/boys-softball/","",""
75,"Mill Creek Hoschton vs West Forsyth Cumming",Boys Softball,"Georgia",9/9/2026,TBD,"The West Forsyth Cumming varsity softball team has a game @ Mill Creek Hoschton (Georgia).","/ga/softball/game/mill-creek-hoschton-vs-west-forsyth-cumming/9-9-2026/?c=220a674d-49bc-4626-9b50-d056cef5cfc2","https://www.maxpreps.com/ga/softball/game/mill-creek-hoschton-vs-west-forsyth-cumming/9-9-2026/?c=220a674d-49bc-4626-9b50-d056cef5cfc2","/softball/ga/10d7?9/9/2026","Hoschton","Cumming","https://www.maxpreps.com/ga/mill-creek-hoschton/boys-softball/","https://www.maxpreps.com/ga/west-forsyth-cumming/boys-softball/","",""
76,"Newton Covington vs North Forsyth Cumming",Boys Softball,"Georgia",9/9/2026,TBD,"The North Forsyth Cumming varsity softball team has a game @ Newton Covington (Georgia).","/ga/softball/game/newton-covington-vs-north-forsyth-cumming/9-9-2026/?c=ddc40fb1-74be-436a-bc50-24cb93e54efd","https://www.maxpreps.com/ga/softball/game/newton-covington-vs-north-forsyth-cumming/9-9-2026/?c=ddc40fb1-74be-436a-bc50-24cb93e54efd","/softball/ga/1066?9/9/2026","Covington","Cumming","https://www.maxpreps.com/ga/newton-covington/boys-softball/","https://www.maxpreps.com/ga/north-forsyth-cumming/boys-softball/","",""
77,"Cairo vs Worth County Sylvester",Boys Softball,"Georgia",9/9/2026,TBD,"The Worth County Sylvester varsity softball team has a game @ Cairo (Georgia).","/ga/softball/game/cairo-vs-worth-county-sylvester/9-9-2026/?c=5c0fe8ed-7bb8-4dbe-a6ba-d3c9bbaf9f03","https://www.maxpreps.com/ga/softball/game/cairo-vs-worth-county-sylvester/9-9-2026/?c=5c0fe8ed-7bb8-4dbe-a6ba-d3c9bbaf9f03","/softball/ga/c72?9/9/2026","Cairo","Sylvester","https://www.maxpreps.com/ga/cairo/boys-softball/","https://www.maxpreps.com/ga/worth-county-sylvester/boys-softball/","",""
78,"Perry vs Taylor County Butler",Boys Softball,"Georgia",9/9/2026,TBD,"The Taylor County Butler varsity softball team has a game @ Perry (Georgia).","/ga/softball/game/perry-vs-taylor-county-butler/9-9-2026/?c=0ab786a4-410f-48b5-846d-9bd41e1b54b1","https://www.maxpreps.com/ga/softball/game/perry-vs-taylor-county-butler/9-9-2026/?c=0ab786a4-410f-48b5-846d-9bd41e1b54b1","/softball/ga/b9a?9/9/2026","Perry","Butler","https://www.maxpreps.com/ga/perry/boys-softball/","https://www.maxpreps.com/ga/taylor-county-butler/boys-softball/","",""
79,"Arabia Mountain Lithonia vs Jackson Atlanta",Boys Softball,"Georgia",9/9/2026,TBD,"The Jackson Atlanta varsity softball team has a game @ Arabia Mountain Lithonia (Georgia).","/ga/softball/game/arabia-mountain-lithonia-vs-jackson-atlanta/9-9-2026/?c=6d6de37d-b3f6-44fe-ae3f-fe00ced4c12c","https://www.maxpreps.com/ga/softball/game/arabia-mountain-lithonia-vs-jackson-atlanta/9-9-2026/?c=6d6de37d-b3f6-44fe-ae3f-fe00ced4c12c","/softball/ga/10bb?9/9/2026","Lithonia","Atlanta","https://www.maxpreps.com/ga/arabia-mountain-lithonia/boys-softball/","https://www.maxpreps.com/ga/jackson-atlanta/boys-softball/","",""
80,"Centennial Roswell vs Midtown Atlanta",Boys Softball,"Georgia",9/9/2026,TBD,"The Midtown Atlanta varsity softball team has a game @ Centennial Roswell (Georgia).","/ga/softball/game/centennial-roswell-vs-midtown-atlanta/9-9-2026/?c=c9a9e396-51bb-418e-bc58-340ac1fdcdc2","https://www.maxpreps.com/ga/softball/game/centennial-roswell-vs-midtown-atlanta/9-9-2026/?c=c9a9e396-51bb-418e-bc58-340ac1fdcdc2","/softball/ga/ead?9/9/2026","Roswell","Atlanta","https://www.maxpreps.com/ga/centennial-roswell/boys-softball/","https://www.maxpreps.com/ga/midtown-atlanta/boys-softball/","",""
81,"Greater Atlanta Christian Norcross vs Stephenson Stone Mountain",Boys Softball,"Georgia",9/9/2026,TBD,"The Stephenson Stone Mountain varsity softball team has a game @ Greater Atlanta Christian Norcross (Georgia).","/ga/softball/game/greater-atlanta-christian-norcross-vs-stephenson-stone-mountain/9-9-2026/?c=93d02d52-2de6-41d9-bcdf-c863d29ace61","https://www.maxpreps.com/ga/softball/game/greater-atlanta-christian-norcross-vs-stephenson-stone-mountain/9-9-2026/?c=93d02d52-2de6-41d9-bcdf-c863d29ace61","/softball/ga/190c?9/9/2026","Norcross","Mountain","https://www.maxpreps.com/ga/greater-atlanta-christian-norcross/boys-softball/","https://www.maxpreps.com/ga/stephenson-stone-mountain/boys-softball/","",""
82,"Langston Hughes Fairburn vs Woodward Academy College Park",Boys Softball,"Georgia",9/9/2026,TBD,"The Woodward Academy College Park varsity softball team has a game @ Langston Hughes Fairburn (Georgia).","/ga/softball/game/langston-hughes-fairburn-vs-woodward-academy-college-park/9-9-2026/?c=0ada8df4-abdc-40c2-b3f0-4aafb2a13205","https://www.maxpreps.com/ga/softball/game/langston-hughes-fairburn-vs-woodward-academy-college-park/9-9-2026/?c=0ada8df4-abdc-40c2-b3f0-4aafb2a13205","/softball/ga/162b?9/9/2026","Fairburn","Park","https://www.maxpreps.com/ga/langston-hughes-fairburn/boys-softball/","https://www.maxpreps.com/ga/woodward-academy-college-park/boys-softball/","",""
83,"Jones County Gray vs Veterans Kathleen",Boys Softball,"Georgia",9/9/2026,TBD,"The Veterans Kathleen varsity softball team has a game @ Jones County Gray (Georgia).","/ga/softball/game/jones-county-gray-vs-veterans-kathleen/9-9-2026/?c=6ba4ae8a-cd15-46a5-a022-ecd357ba8de8","https://www.maxpreps.com/ga/softball/game/jones-county-gray-vs-veterans-kathleen/9-9-2026/?c=6ba4ae8a-cd15-46a5-a022-ecd357ba8de8","/softball/ga/ef2?9/9/2026","Gray","Kathleen","https://www.maxpreps.com/ga/jones-county-gray/boys-softball/","https://www.maxpreps.com/ga/veterans-kathleen/boys-softball/","",""
84,"Toombs County Lyons vs Treutlen Soperton",Boys Softball,"Georgia",9/9/2026,TBD,"The Treutlen Soperton varsity softball team has a game @ Toombs County Lyons (Georgia).","/ga/softball/game/toombs-county-lyons-vs-treutlen-soperton/9-9-2026/?c=def5776e-9680-4506-8748-9e5598a95359","https://www.maxpreps.com/ga/softball/game/toombs-county-lyons-vs-treutlen-soperton/9-9-2026/?c=def5776e-9680-4506-8748-9e5598a95359","/softball/ga/1022?9/9/2026","Lyons","Soperton","https://www.maxpreps.com/ga/toombs-county-lyons/boys-softball/","https://www.maxpreps.com/ga/treutlen-soperton/boys-softball/","",""
85,"Effingham County Springfield vs Richmond Hill",Boys Softball,"Georgia",9/9/2026,TBD,"The Richmond Hill varsity softball team has a game @ Effingham County Springfield (Georgia).","/ga/softball/game/effingham-county-springfield-vs-richmond-hill/9-9-2026/?c=db88a13d-6256-4467-88a8-bd0368be329c","https://www.maxpreps.com/ga/softball/game/effingham-county-springfield-vs-richmond-hill/9-9-2026/?c=db88a13d-6256-4467-88a8-bd0368be329c","/softball/ga/11a5?9/9/2026","Springfield","Hill","https://www.maxpreps.com/ga/effingham-county-springfield/boys-softball/","https://www.maxpreps.com/ga/richmond-hill/boys-softball/","",""
86,"Osborne Marietta vs Pebblebrook Mableton",Boys Softball,"Georgia",9/9/2026,TBD,"The Pebblebrook Mableton varsity softball team has a game @ Osborne Marietta (Georgia).","/ga/softball/game/osborne-marietta-vs-pebblebrook-mableton/9-9-2026/?c=1d4a6258-39bd-4a84-8aa3-d0b9fa853ba1","https://www.maxpreps.com/ga/softball/game/osborne-marietta-vs-pebblebrook-mableton/9-9-2026/?c=1d4a6258-39bd-4a84-8aa3-d0b9fa853ba1","/softball/ga/fc5?9/9/2026","Marietta","Mableton","https://www.maxpreps.com/ga/osborne-marietta/boys-softball/","https://www.maxpreps.com/ga/pebblebrook-mableton/boys-softball/","",""
87,"Luella vs Rockdale County Conyers",Boys Softball,"Georgia",9/9/2026,TBD,"The Rockdale County Conyers varsity softball team has a game @ Luella (Georgia).","/ga/softball/game/luella-vs-rockdale-county-conyers/9-9-2026/?c=0399ce0d-8134-42ef-ba9f-25413f1d8b5e","https://www.maxpreps.com/ga/softball/game/luella-vs-rockdale-county-conyers/9-9-2026/?c=0399ce0d-8134-42ef-ba9f-25413f1d8b5e","/softball/ga/d06?9/9/2026","Luella","Conyers","https://www.maxpreps.com/ga/luella/boys-softball/","https://www.maxpreps.com/ga/rockdale-county-conyers/boys-softball/","",""
88,"Parkview Lilburn vs Seckinger Buford",Boys Softball,"Georgia",9/9/2026,TBD,"The Seckinger Buford varsity softball team has a game @ Parkview Lilburn (Georgia).","/ga/softball/game/parkview-lilburn-vs-seckinger-buford/9-9-2026/?c=be11ebee-5639-462a-809f-fa8a7aae703d","https://www.maxpreps.com/ga/softball/game/parkview-lilburn-vs-seckinger-buford/9-9-2026/?c=be11ebee-5639-462a-809f-fa8a7aae703d","/softball/ga/e3b?9/9/2026","Lilburn","Buford","https://www.maxpreps.com/ga/parkview-lilburn/boys-softball/","https://www.maxpreps.com/ga/seckinger-buford/boys-softball/","",""
89,"Campbell Smyrna vs Mceachern Powder Springs",Boys Softball,"Georgia",9/9/2026,TBD,"The Mceachern Powder Springs varsity softball team has a game @ Campbell Smyrna (Georgia).","/ga/softball/game/campbell-smyrna-vs-mceachern-powder-springs/9-9-2026/?c=e20d4685-b336-421a-8c48-365ab144f0df","https://www.maxpreps.com/ga/softball/game/campbell-smyrna-vs-mceachern-powder-springs/9-9-2026/?c=e20d4685-b336-421a-8c48-365ab144f0df","/softball/ga/10e1?9/9/2026","Smyrna","Springs","https://www.maxpreps.com/ga/campbell-smyrna/boys-softball/","https://www.maxpreps.com/ga/mceachern-powder-springs/boys-softball/","",""
90,"Cambridge Milton vs South Forsyth Cumming",Boys Softball,"Georgia",9/9/2026,TBD,"The South Forsyth Cumming varsity softball team has a game @ Cambridge Milton (Georgia).","/ga/softball/game/cambridge-milton-vs-south-forsyth-cumming/9-9-2026/?c=ddcd203b-101d-4169-ade8-669d4071e380","https://www.maxpreps.com/ga/softball/game/cambridge-milton-vs-south-forsyth-cumming/9-9-2026/?c=ddcd203b-101d-4169-ade8-669d4071e380","/softball/ga/102d?9/9/2026","Milton","Cumming","https://www.maxpreps.com/ga/cambridge-milton/boys-softball/","https://www.maxpreps.com/ga/south-forsyth-cumming/boys-softball/","",""
91,"Northside Warner Robins vs Warner Robins",Boys Softball,"Georgia",9/9/2026,TBD,"The Warner Robins varsity softball team has a game @ Northside Warner Robins (Georgia).","/ga/softball/game/northside-warner-robins-vs-warner-robins/9-9-2026/?c=c8e37cbc-a45f-4650-b32e-60f54a28bdf1","https://www.maxpreps.com/ga/softball/game/northside-warner-robins-vs-warner-robins/9-9-2026/?c=c8e37cbc-a45f-4650-b32e-60f54a28bdf1","/softball/ga/fd2?9/9/2026","Robins","Robins","https://www.maxpreps.com/ga/northside-warner-robins/boys-softball/","https://www.maxpreps.com/ga/warner-robins/boys-softball/","",""
92,"Buford vs Walnut Grove",Boys Softball,"Georgia",9/9/2026,TBD,"The Walnut Grove varsity softball team has a game @ Buford (Georgia).","/ga/softball/game/buford-vs-walnut-grove/9-9-2026/?c=2cec73d7-cce3-4dc4-bae9-ad8fa3ce74f4","https://www.maxpreps.com/ga/softball/game/buford-vs-walnut-grove/9-9-2026/?c=2cec73d7-cce3-4dc4-bae9-ad8fa3ce74f4","/softball/ga/8b0?9/9/2026","Buford","Grove","https://www.maxpreps.com/ga/buford/boys-softball/","https://www.maxpreps.com/ga/walnut-grove/boys-softball/","",""
93,"Hebron Christian Dacula vs Madison County Danielsville",Boys Softball,"Georgia",9/9/2026,TBD,"The Madison County Danielsville varsity softball team has a game @ Hebron Christian Dacula (Georgia).","/ga/softball/game/hebron-christian-dacula-vs-madison-county-danielsville/9-9-2026/?c=caf29442-ef01-45ff-88f9-ea1577c085c5","https://www.maxpreps.com/ga/softball/game/hebron-christian-dacula-vs-madison-county-danielsville/9-9-2026/?c=caf29442-ef01-45ff-88f9-ea1577c085c5","/softball/ga/152d?9/9/2026","Dacula","Danielsville","https://www.maxpreps.com/ga/hebron-christian-dacula/boys-softball/","https://www.maxpreps.com/ga/madison-county-danielsville/boys-softball/","",""
94,"Franklin County Carnesville vs Oconee County Watkinsville",Boys Softball,"Georgia",9/9/2026,TBD,"The Oconee County Watkinsville varsity softball team has a game @ Franklin County Carnesville (Georgia).","/ga/softball/game/franklin-county-carnesville-vs-oconee-county-watkinsville/9-9-2026/?c=d48c0cc1-5c8e-4c2d-8317-4345b74f8923","https://www.maxpreps.com/ga/softball/game/franklin-county-carnesville-vs-oconee-county-watkinsville/9-9-2026/?c=d48c0cc1-5c8e-4c2d-8317-4345b74f8923","/softball/ga/16be?9/9/2026","Carnesville","Watkinsville","https://www.maxpreps.com/ga/franklin-county-carnesville/boys-softball/","https://www.maxpreps.com/ga/oconee-county-watkinsville/boys-softball/","",""
95,"Cherokee Canton vs Milton",Boys Softball,"Georgia",9/9/2026,TBD,"The Milton varsity softball team has a game @ Cherokee Canton (Georgia).","/ga/softball/game/cherokee-canton-vs-milton/9-9-2026/?c=730dc9fc-7e18-45ff-8636-684a859c4b0a","https://www.maxpreps.com/ga/softball/game/cherokee-canton-vs-milton/9-9-2026/?c=730dc9fc-7e18-45ff-8636-684a859c4b0a","/softball/ga/9cc?9/9/2026","Canton","Milton","https://www.maxpreps.com/ga/cherokee-canton/boys-softball/","https://www.maxpreps.com/ga/milton/boys-softball/","",""
96,"Collins Hill Suwanee vs Jefferson",Boys Softball,"Georgia",9/9/2026,TBD,"The Jefferson varsity softball team has a game @ Collins Hill Suwanee (Georgia).","/ga/softball/game/collins-hill-suwanee-vs-jefferson/9-9-2026/?c=c86c98cc-233a-4d36-8ab9-5e6172e93903","https://www.maxpreps.com/ga/softball/game/collins-hill-suwanee-vs-jefferson/9-9-2026/?c=c86c98cc-233a-4d36-8ab9-5e6172e93903","/softball/ga/cf4?9/9/2026","Suwanee","Jefferson","https://www.maxpreps.com/ga/collins-hill-suwanee/boys-softball/","https://www.maxpreps.com/ga/jefferson/boys-softball/","",""
97,"John Milledge Academy Milledgeville vs Piedmont Academy Monticello",Boys Softball,"Georgia",9/9/2026,TBD,"The Piedmont Academy Monticello varsity softball team has a game @ John Milledge Academy Milledgeville (Georgia).","/ga/softball/game/john-milledge-academy-milledgeville-vs-piedmont-academy-monticello/9-9-2026/?c=8f022b76-6eaf-4cc6-9f60-11897b22d9ce","https://www.maxpreps.com/ga/softball/game/john-milledge-academy-milledgeville-vs-piedmont-academy-monticello/9-9-2026/?c=8f022b76-6eaf-4cc6-9f60-11897b22d9ce","/softball/ga/19b3?9/9/2026","Milledgeville","Monticello","https://www.maxpreps.com/ga/john-milledge-academy-milledgeville/boys-softball/","https://www.maxpreps.com/ga/piedmont-academy-monticello/boys-softball/","",""
98,"Academy For Classical Education Macon vs Vidalia",Boys Softball,"Georgia",9/9/2026,TBD,"The Vidalia varsity softball team has a game @ Academy For Classical Education Macon (Georgia).","/ga/softball/game/academy-for-classical-education-macon-vs-vidalia/9-9-2026/?c=616f92b1-4cf3-46ca-a315-61ae3b6d7bc4","https://www.maxpreps.com/ga/softball/game/academy-for-classical-education-macon-vs-vidalia/9-9-2026/?c=616f92b1-4cf3-46ca-a315-61ae3b6d7bc4","/softball/ga/1265?9/9/2026","Macon","Vidalia","https://www.maxpreps.com/ga/academy-for-classical-education-macon/boys-softball/","https://www.maxpreps.com/ga/vidalia/boys-softball/","",""
99,"Habersham Central Mt Airy vs Stephens County Toccoa",Boys Softball,"Georgia",9/9/2026,TBD,"The Stephens County Toccoa varsity softball team has a game @ Habersham Central Mt Airy (Georgia).","/ga/softball/game/habersham-central-mt-airy-vs-stephens-county-toccoa/9-9-2026/?c=fea8c4a9-5e9a-45dd-99a9-74baeb624672","https://www.maxpreps.com/ga/softball/game/habersham-central-mt-airy-vs-stephens-county-toccoa/9-9-2026/?c=fea8c4a9-5e9a-45dd-99a9-74baeb624672","/softball/ga/13d3?9/9/2026","Airy","Toccoa","https://www.maxpreps.com/ga/habersham-central-mt-airy/boys-softball/","https://www.maxpreps.com/ga/stephens-county-toccoa/boys-softball/","",""
100,"Dawson County Dawsonville vs North Hall Gainesville",Boys Softball,"Georgia",9/9/2026,TBD,"The North Hall Gainesville varsity softball team has a game @ Dawson County Dawsonville (Georgia).","/ga/softball/game/dawson-county-dawsonville-vs-north-hall-gainesville/9-9-2026/?c=fff00faa-96b7-4e02-ab87-f97d6108fc91","https://www.maxpreps.com/ga/softball/game/dawson-county-dawsonville-vs-north-hall-gainesville/9-9-2026/?c=fff00faa-96b7-4e02-ab87-f97d6108fc91","/softball/ga/142c?9/9/2026","Dawsonville","Gainesville","https://www.maxpreps.com/ga/dawson-county-dawsonville/boys-softball/","https://www.maxpreps.com/ga/north-hall-gainesville/boys-softball/","",""
101,"North Oconee Bogart vs Social Circle",Boys Softball,"Georgia",9/9/2026,TBD,"The Social Circle varsity softball team has a game @ North Oconee Bogart (Georgia).","/ga/softball/game/north-oconee-bogart-vs-social-circle/9-9-2026/?c=05415880-d5c5-4c23-8638-560726468400","https://www.maxpreps.com/ga/softball/game/north-oconee-bogart-vs-social-circle/9-9-2026/?c=05415880-d5c5-4c23-8638-560726468400","/softball/ga/dda?9/9/2026","Bogart","Circle","https://www.maxpreps.com/ga/north-oconee-bogart/boys-softball/","https://www.maxpreps.com/ga/social-circle/boys-softball/","",""
102,"Jackson County Jefferson vs North Gwinnett Suwanee",Boys Softball,"Georgia",9/9/2026,TBD,"The North Gwinnett Suwanee varsity softball team has a game @ Jackson County Jefferson (Georgia).","/ga/softball/game/jackson-county-jefferson-vs-north-gwinnett-suwanee/9-9-2026/?c=2a1a0be0-555c-41a4-87ab-5bbd58575427","https://www.maxpreps.com/ga/softball/game/jackson-county-jefferson-vs-north-gwinnett-suwanee/9-9-2026/?c=2a1a0be0-555c-41a4-87ab-5bbd58575427","/softball/ga/13d7?9/9/2026","Jefferson","Suwanee","https://www.maxpreps.com/ga/jackson-county-jefferson/boys-softball/","https://www.maxpreps.com/ga/north-gwinnett-suwanee/boys-softball/","",""
103,"Eastside Covington vs Greenbrier Evans",Boys Softball,"Georgia",9/9/2026,TBD,"The Greenbrier Evans varsity softball team has a game @ Eastside Covington (Georgia).","/ga/softball/game/eastside-covington-vs-greenbrier-evans/9-9-2026/?c=f3811ca5-222b-4a60-9ce6-65aa082933b4","https://www.maxpreps.com/ga/softball/game/eastside-covington-vs-greenbrier-evans/9-9-2026/?c=f3811ca5-222b-4a60-9ce6-65aa082933b4","/softball/ga/f08?9/9/2026","Covington","Evans","https://www.maxpreps.com/ga/eastside-covington/boys-softball/","https://www.maxpreps.com/ga/greenbrier-evans/boys-softball/","",""
104,"Hillgrove Powder Springs vs North Paulding Dallas",Boys Softball,"Georgia",9/9/2026,TBD,"The North Paulding Dallas varsity softball team has a game @ Hillgrove Powder Springs (Georgia).","/ga/softball/game/hillgrove-powder-springs-vs-north-paulding-dallas/9-9-2026/?c=61d3946f-6e6d-414a-a567-68fcb5d06781","https://www.maxpreps.com/ga/softball/game/hillgrove-powder-springs-vs-north-paulding-dallas/9-9-2026/?c=61d3946f-6e6d-414a-a567-68fcb5d06781","/softball/ga/134a?9/9/2026","Springs","Dallas","https://www.maxpreps.com/ga/hillgrove-powder-springs/boys-softball/","https://www.maxpreps.com/ga/north-paulding-dallas/boys-softball/","",""
105,"Harrison Kennesaw vs North Cobb Kennesaw",Boys Softball,"Georgia",9/9/2026,TBD,"The North Cobb Kennesaw varsity softball team has a game @ Harrison Kennesaw (Georgia).","/ga/softball/game/harrison-kennesaw-vs-north-cobb-kennesaw/9-9-2026/?c=685bd03f-7be5-4f45-ab00-ee95ff5f6bc4","https://www.maxpreps.com/ga/softball/game/harrison-kennesaw-vs-north-cobb-kennesaw/9-9-2026/?c=685bd03f-7be5-4f45-ab00-ee95ff5f6bc4","/softball/ga/fa9?9/9/2026","Kennesaw","Kennesaw","https://www.maxpreps.com/ga/harrison-kennesaw/boys-softball/","https://www.maxpreps.com/ga/north-cobb-kennesaw/boys-softball/","",""
106,"Druid Hills Atlanta vs Tucker",Boys Softball,"Georgia",9/9/2026,TBD,"The Tucker varsity softball team has a game @ Druid Hills Atlanta (Georgia).","/ga/softball/game/druid-hills-atlanta-vs-tucker/9-9-2026/?c=de404ecd-0bf7-4e28-8769-a5bf5a776ad4","https://www.maxpreps.com/ga/softball/game/druid-hills-atlanta-vs-tucker/9-9-2026/?c=de404ecd-0bf7-4e28-8769-a5bf5a776ad4","/softball/ga/b44?9/9/2026","Atlanta","Tucker","https://www.maxpreps.com/ga/druid-hills-atlanta/boys-softball/","https://www.maxpreps.com/ga/tucker/boys-softball/","",""
107,"Central Carrollton vs Lamar County Barnesville",Boys Softball,"Georgia",9/9/2026,TBD,"The Lamar County Barnesville varsity softball team has a game @ Central Carrollton (Georgia).","/ga/softball/game/central-carrollton-vs-lamar-county-barnesville/9-9-2026/?c=eff92edf-798b-431f-a4fd-ec0fe9564205","https://www.maxpreps.com/ga/softball/game/central-carrollton-vs-lamar-county-barnesville/9-9-2026/?c=eff92edf-798b-431f-a4fd-ec0fe9564205","/softball/ga/1239?9/9/2026","Carrollton","Barnesville","https://www.maxpreps.com/ga/central-carrollton/boys-softball/","https://www.maxpreps.com/ga/lamar-county-barnesville/boys-softball/","",""
108,"Cherokee Bluff Flowery Branch vs East Forsyth Gainesville",Boys Softball,"Georgia",9/9/2026,TBD,"The East Forsyth Gainesville varsity softball team has a game @ Cherokee Bluff Flowery Branch (Georgia).","/ga/softball/game/cherokee-bluff-flowery-branch-vs-east-forsyth-gainesville/9-9-2026/?c=e71c5f43-f62f-41a9-aa1f-ee2b64560688","https://www.maxpreps.com/ga/softball/game/cherokee-bluff-flowery-branch-vs-east-forsyth-gainesville/9-9-2026/?c=e71c5f43-f62f-41a9-aa1f-ee2b64560688","/softball/ga/163e?9/9/2026","Branch","Gainesville","https://www.maxpreps.com/ga/cherokee-bluff-flowery-branch/boys-softball/","https://www.maxpreps.com/ga/east-forsyth-gainesville/boys-softball/","",""
109,"Chestatee Gainesville vs Pickens Jasper",Boys Softball,"Georgia",9/9/2026,TBD,"The Pickens Jasper varsity softball team has a game @ Chestatee Gainesville (Georgia).","/ga/softball/game/chestatee-gainesville-vs-pickens-jasper/9-9-2026/?c=6b437cd0-ca2e-44fe-b83f-8ef1a8faa4ed","https://www.maxpreps.com/ga/softball/game/chestatee-gainesville-vs-pickens-jasper/9-9-2026/?c=6b437cd0-ca2e-44fe-b83f-8ef1a8faa4ed","/softball/ga/f58?9/9/2026","Gainesville","Jasper","https://www.maxpreps.com/ga/chestatee-gainesville/boys-softball/","https://www.maxpreps.com/ga/pickens-jasper/boys-softball/","",""
110,"Bryan County Pembroke vs Tattnall County Reidsville",Boys Softball,"Georgia",9/9/2026,TBD,"The Tattnall County Reidsville varsity softball team has a game @ Bryan County Pembroke (Georgia).","/ga/softball/game/bryan-county-pembroke-vs-tattnall-county-reidsville/9-9-2026/?c=909c55a3-f6fa-4a42-82ad-5c212bca9f09","https://www.maxpreps.com/ga/softball/game/bryan-county-pembroke-vs-tattnall-county-reidsville/9-9-2026/?c=909c55a3-f6fa-4a42-82ad-5c212bca9f09","/softball/ga/1443?9/9/2026","Pembroke","Reidsville","https://www.maxpreps.com/ga/bryan-county-pembroke/boys-softball/","https://www.maxpreps.com/ga/tattnall-county-reidsville/boys-softball/","",""
111,"Clarkston vs Towers Decatur",Boys Softball,"Georgia",9/9/2026,TBD,"The Towers Decatur varsity softball team has a game @ Clarkston (Georgia).","/ga/softball/game/clarkston-vs-towers-decatur/9-9-2026/?c=9b6ffe25-7f0e-4d0e-b8c9-2727368f2001","https://www.maxpreps.com/ga/softball/game/clarkston-vs-towers-decatur/9-9-2026/?c=9b6ffe25-7f0e-4d0e-b8c9-2727368f2001","/softball/ga/acd?9/9/2026","Clarkston","Decatur","https://www.maxpreps.com/ga/clarkston/boys-softball/","https://www.maxpreps.com/ga/towers-decatur/boys-softball/","",""
112,"Kipp Atlanta Collegiate vs South Cobb Austell",Boys Softball,"Georgia",9/9/2026,TBD,"The South Cobb Austell varsity softball team has a game @ Kipp Atlanta Collegiate (Georgia).","/ga/softball/game/kipp-atlanta-collegiate-vs-south-cobb-austell/9-9-2026/?c=76b00000-0c58-4a7b-a243-3e273a0676b4","https://www.maxpreps.com/ga/softball/game/kipp-atlanta-collegiate-vs-south-cobb-austell/9-9-2026/?c=76b00000-0c58-4a7b-a243-3e273a0676b4","/softball/ga/116c?9/9/2026","Collegiate","Austell","https://www.maxpreps.com/ga/kipp-atlanta-collegiate/boys-softball/","https://www.maxpreps.com/ga/south-cobb-austell/boys-softball/","",""
113,"Berkmar Lilburn vs Forsyth Central Cumming",Boys Softball,"Georgia",9/9/2026,TBD,"The Forsyth Central Cumming varsity softball team has a game @ Berkmar Lilburn (Georgia).","/ga/softball/game/berkmar-lilburn-vs-forsyth-central-cumming/9-9-2026/?c=66c4e24a-1eae-4403-b2d2-119aad1e1e56","https://www.maxpreps.com/ga/softball/game/berkmar-lilburn-vs-forsyth-central-cumming/9-9-2026/?c=66c4e24a-1eae-4403-b2d2-119aad1e1e56","/softball/ga/108e?9/9/2026","Lilburn","Cumming","https://www.maxpreps.com/ga/berkmar-lilburn/boys-softball/","https://www.maxpreps.com/ga/forsyth-central-cumming/boys-softball/","",""
1,"Gilmer vs Lumpkin County",Boys Softball,"Georgia",9/28/2026,3:00pm,"The Gilmer varsity softball team has an away non-conference game @  Lumpkin County (Dahlonega, GA) on Monday, September 28 @ 3p.","/ga/softball/game/gilmer-ellijay-vs-lumpkin-county-dahlonega/9-28-2026/?c=f8abafe5-f04b-4c10-8476-dcfc5a899a50","https://www.maxpreps.com/ga/softball/game/gilmer-ellijay-vs-lumpkin-county-dahlonega/9-28-2026/?c=f8abafe5-f04b-4c10-8476-dcfc5a899a50","/softball/ga/1079?9/28/2026","Bobcats","Indians","https://www.maxpreps.com/ga/gilmer-ellijay/boys-softball/","https://www.maxpreps.com/ga/lumpkin-county-dahlonega/boys-softball/","https://hsfootball.net/proxy.php?url=https%3A%2F%2Fimage.maxpreps.io%2Fschool-mascot%2F4%2F1%2F6%2F41600115-e7fe-43f5-857e-54d9077ce342.gif%3Fversion%3D639188602697772280%26amp%3Bwidth%3D128%26amp%3Bheight%3D128%26amp%3Bauto%3Dwebp%26amp%3Bformat%3Dpjpg","https://hsfootball.net/proxy.php?url=https%3A%2F%2Fimage.maxpreps.io%2Fschool-mascot%2F0%2F9%2F8%2F098add16-b91b-4a8c-94d4-8375ecd46ba2.gif%3Fversion%3D637609737600000000%26amp%3Bwidth%3D128%26amp%3Bheight%3D128%26amp%3Bauto%3Dwebp%26amp%3Bformat%3Dpjpg"
2,"David Emanuel Academy vs Fullington Academy",Boys Softball,"Georgia",9/28/2026,4:00pm,"The David Emanuel Academy varsity softball team has an away non-conference game @  Fullington Academy (Pinehurst, GA) on Monday, September 28 @ 4p.","/ga/softball/game/david-emanuel-academy-stillmore-vs-fullington-academy-pinehurst/9-28-2026/?c=f4d32034-b0a6-4503-b374-0b459677b402","https://www.maxpreps.com/ga/softball/game/david-emanuel-academy-stillmore-vs-fullington-academy-pinehurst/9-28-2026/?c=f4d32034-b0a6-4503-b374-0b459677b402","/softball/ga/18ba?9/28/2026","Eagles","Trojans","https://www.maxpreps.com/ga/david-emanuel-academy-stillmore/boys-softball/","https://www.maxpreps.com/ga/fullington-academy-pinehurst/boys-softball/","https://hsfootball.net/proxy.php?url=https%3A%2F%2Fimage.maxpreps.io%2Fschool-mascot%2F7%2F4%2Fc%2F74c332e2-16e4-4bb8-ae5f-033600010f05.gif%3Fversion%3D639180161694946150%26amp%3Bwidth%3D128%26amp%3Bheight%3D128%26amp%3Bauto%3Dwebp%26amp%3Bformat%3Dpjpg","https://hsfootball.net/proxy.php?url=https%3A%2F%2Fimage.maxpreps.io%2Fschool-mascot%2F5%2F9%2F0%2F59075602-3e46-47d4-a603-3960ea3d4398.gif%3Fversion%3D637418067000000000%26amp%3Bwidth%3D128%26amp%3Bheight%3D128%26amp%3Bauto%3Dwebp%26amp%3Bformat%3Dpjpg"
3,"Jenkins vs Liberty County",Boys Softball,"Georgia",9/28/2026,4:00pm,"The Jenkins varsity softball team has an away non-conference game @  Liberty County (Hinesville, GA) on Monday, September 28 @ 4p.","/ga/softball/game/jenkins-savannah-vs-liberty-county-hinesville/9-28-2026/?c=b82d6166-521f-4869-93d0-2e8c396486b2","https://www.maxpreps.com/ga/softball/game/jenkins-savannah-vs-liberty-county-hinesville/9-28-2026/?c=b82d6166-521f-4869-93d0-2e8c396486b2","/softball/ga/11dc?9/28/2026","Warriors","Panthers","https://www.maxpreps.com/ga/jenkins-savannah/boys-softball/","https://www.maxpreps.com/ga/liberty-county-hinesville/boys-softball/","https://hsfootball.net/proxy.php?url=https%3A%2F%2Fimage.maxpreps.io%2Fschool-mascot%2F9%2Fe%2Fe%2F9ee5c536-341a-4f7e-971c-6bf03eafa77d.gif%3Fversion%3D638651944221198650%26amp%3Bwidth%3D128%26amp%3Bheight%3D128%26amp%3Bauto%3Dwebp%26amp%3Bformat%3Dpjpg","https://hsfootball.net/proxy.php?url=https%3A%2F%2Fimage.maxpreps.io%2Fschool-mascot%2F0%2F1%2Fd%2F01d88cb6-e142-44d8-a3fa-d1afd1903c9c.gif%3Fversion%3D639126203220696390%26amp%3Bwidth%3D128%26amp%3Bheight%3D128%26amp%3Bauto%3Dwebp%26amp%3Bformat%3Dpjpg"
4,"Charlton County vs Ware County",Boys Softball,"Georgia",9/28/2026,4:00pm,"The Charlton County varsity softball team has an away non-conference game @  Ware County (Waycross, GA) on Monday, September 28 @ 4p.","/ga/softball/game/charlton-county-folkston-vs-ware-county-waycross/9-28-2026/?c=8b44f942-0905-4a2c-a13a-72717f6c80d5","https://www.maxpreps.com/ga/softball/game/charlton-county-folkston-vs-ware-county-waycross/9-28-2026/?c=8b44f942-0905-4a2c-a13a-72717f6c80d5","/softball/ga/1330?9/28/2026","Indians","Gators","https://www.maxpreps.com/ga/charlton-county-folkston/boys-softball/","https://www.maxpreps.com/ga/ware-county-waycross/boys-softball/","https://hsfootball.net/proxy.php?url=https%3A%2F%2Fimage.maxpreps.io%2Fschool-mascot%2Fe%2F6%2F7%2Fe6701801-5185-4646-bd26-ed1e8dfe60da.gif%3Fversion%3D639177538167615640%26amp%3Bwidth%3D128%26amp%3Bheight%3D128%26amp%3Bauto%3Dwebp%26amp%3Bformat%3Dpjpg","https://hsfootball.net/proxy.php?url=https%3A%2F%2Fimage.maxpreps.io%2Fschool-mascot%2F2%2F1%2F2%2F21250a23-a21f-47c8-a5c4-21dc2518747c.gif%3Fversion%3D639129168562805030%26amp%3Bwidth%3D128%26amp%3Bheight%3D128%26amp%3Bauto%3Dwebp%26amp%3Bformat%3Dpjpg"
5,"Gatewood vs Trinity Christian",Boys Softball,"Georgia",9/28/2026,4:30pm,"The Gatewood varsity softball team has an away non-conference game @  Trinity Christian (Dublin, GA) on Monday, September 28 @ 4:30p.","/ga/softball/game/gatewood-eatonton-vs-trinity-christian-dublin/9-28-2026/?c=0c1fa6b3-5b95-4ae4-b6be-5f3b86479d9d","https://www.maxpreps.com/ga/softball/game/gatewood-eatonton-vs-trinity-christian-dublin/9-28-2026/?c=0c1fa6b3-5b95-4ae4-b6be-5f3b86479d9d","/softball/ga/11e2?9/28/2026","Gators","Crusaders","https://www.maxpreps.com/ga/gatewood-eatonton/boys-softball/","https://www.maxpreps.com/ga/trinity-christian-dublin/boys-softball/","https://hsfootball.net/proxy.php?url=https%3A%2F%2Fimage.maxpreps.io%2Fschool-mascot%2F9%2F1%2F2%2F912a2a02-b79d-44d0-a978-421885d0dcb3.gif%3Fversion%3D638720077192125300%26amp%3Bwidth%3D128%26amp%3Bheight%3D128%26amp%3Bauto%3Dwebp%26amp%3Bformat%3Dpjpg","https://hsfootball.net/proxy.php?url=https%3A%2F%2Fimage.maxpreps.io%2Fschool-mascot%2Fc%2F2%2F8%2Fc286ab09-09ea-490c-bc4e-8503f7f8a118.gif%3Fversion%3D639157332206771090%26amp%3Bwidth%3D128%26amp%3Bheight%3D128%26amp%3Bauto%3Dwebp%26amp%3Bformat%3Dpjpg"
6,"St. Vincent&#x27;s vs Calvary Day",Boys Softball,"Georgia",9/28/2026,4:30pm,"The St. Vincent&#x27;s varsity softball team has an away conference game @  Calvary Day (Savannah, GA) on Monday, September 28 @ 4:30p.","/ga/softball/game/calvary-day-savannah-vs-st-vincents-savannah/9-28-2026/?c=622908ed-ea33-477c-aa34-33643d86f96e","https://www.maxpreps.com/ga/softball/game/calvary-day-savannah-vs-st-vincents-savannah/9-28-2026/?c=622908ed-ea33-477c-aa34-33643d86f96e","/softball/ga/1118?9/28/2026","Saints","Cavaliers","https://www.maxpreps.com/ga/calvary-day-savannah/boys-softball/","https://www.maxpreps.com/ga/st-vincents-savannah/boys-softball/","https://hsfootball.net/proxy.php?url=https%3A%2F%2Fimage.maxpreps.io%2Fschool-mascot%2F5%2F3%2Fb%2F53b8e1d1-f3e5-4a98-a04e-cc8838fdc6f9.gif%3Fversion%3D638908544512110740%26amp%3Bwidth%3D128%26amp%3Bheight%3D128%26amp%3Bauto%3Dwebp%26amp%3Bformat%3Dpjpg","https://hsfootball.net/proxy.php?url=https%3A%2F%2Fimage.maxpreps.io%2Fschool-mascot%2F8%2Fd%2Fb%2F8dbc6283-d3a5-4582-b594-4ee541f2e7aa.gif%3Fversion%3D638623303595710510%26amp%3Bwidth%3D128%26amp%3Bheight%3D128%26amp%3Bauto%3Dwebp%26amp%3Bformat%3Dpjpg"
7,"Atkinson County vs Turner County",Boys Softball,"Georgia",9/28/2026,4:30pm,"The Atkinson County varsity softball team has an away non-conference game @  Turner County (Ashburn, GA) on Monday, September 28 @ 4:30p.","/ga/softball/game/atkinson-county-pearson-vs-turner-county-ashburn/9-28-2026/?c=33eac724-9913-4d86-92b2-7c09ffb2d410","https://www.maxpreps.com/ga/softball/game/atkinson-county-pearson-vs-turner-county-ashburn/9-28-2026/?c=33eac724-9913-4d86-92b2-7c09ffb2d410","/softball/ga/132d?9/28/2026","Rebels","Titans","https://www.maxpreps.com/ga/atkinson-county-pearson/boys-softball/","https://www.maxpreps.com/ga/turner-county-ashburn/boys-softball/","https://hsfootball.net/proxy.php?url=https%3A%2F%2Fimage.maxpreps.io%2Fschool-mascot%2F5%2Fc%2Fb%2F5cbd6ef8-864b-4b83-993c-100056cfca36.gif%3Fversion%3D639177538145413670%26amp%3Bwidth%3D128%26amp%3Bheight%3D128%26amp%3Bauto%3Dwebp%26amp%3Bformat%3Dpjpg","https://hsfootball.net/proxy.php?url=https%3A%2F%2Fimage.maxpreps.io%2Fschool-mascot%2F8%2F3%2F9%2F839df42c-79d8-48ed-987e-b04c25546f7d.gif%3Fversion%3D639132504051783880%26amp%3Bwidth%3D128%26amp%3Bheight%3D128%26amp%3Bauto%3Dwebp%26amp%3Bformat%3Dpjpg"
8,"Athens Christian vs Briarwood Academy",Boys Softball,"Georgia",9/28/2026,4:30pm,"The Athens Christian varsity softball team has an away non-conference game @  Briarwood Academy (Warrenton, GA) on Monday, September 28 @ 4:30p.","/ga/softball/game/athens-christian-vs-briarwood-academy-warrenton/9-28-2026/?c=dfed4b87-2734-4eae-917d-2b57f62750ef","https://www.maxpreps.com/ga/softball/game/athens-christian-vs-briarwood-academy-warrenton/9-28-2026/?c=dfed4b87-2734-4eae-917d-2b57f62750ef","/softball/ga/128f?9/28/2026","Eagles","Buccaneers","https://www.maxpreps.com/ga/athens-christian/boys-softball/","https://www.maxpreps.com/ga/briarwood-academy-warrenton/boys-softball/","https://hsfootball.net/proxy.php?url=https%3A%2F%2Fimage.maxpreps.io%2Fschool-mascot%2Fe%2F8%2Ff%2Fe8f69dda-50d5-48b9-8c5d-a384db2288a7.gif%3Fversion%3D637786179600000000%26amp%3Bwidth%3D128%26amp%3Bheight%3D128%26amp%3Bauto%3Dwebp%26amp%3Bformat%3Dpjpg","https://hsfootball.net/proxy.php?url=https%3A%2F%2Fimage.maxpreps.io%2Fschool-mascot%2F7%2Fa%2F8%2F7a8a0983-cb03-46e2-b09d-3cc87d8133e7.gif%3Fversion%3D639127906954574880%26amp%3Bwidth%3D128%26amp%3Bheight%3D128%26amp%3Bauto%3Dwebp%26amp%3Bformat%3Dpjpg"
9,"Westwood vs Brookwood",Boys Softball,"Georgia",9/28/2026,4:30pm,"The Westwood varsity softball team has an away conference game @  Brookwood (Thomasville, GA) on Monday, September 28 @ 4:30p.","/ga/softball/game/brookwood-thomasville-vs-westwood-camilla/9-28-2026/?c=964ef8e1-3105-4bd4-9dd7-2172e98cc7b2","https://www.maxpreps.com/ga/softball/game/brookwood-thomasville-vs-westwood-camilla/9-28-2026/?c=964ef8e1-3105-4bd4-9dd7-2172e98cc7b2","/softball/ga/106a?9/28/2026","Wildcats","Warriors","https://www.maxpreps.com/ga/brookwood-thomasville/boys-softball/","https://www.maxpreps.com/ga/westwood-camilla/boys-softball/","https://hsfootball.net/proxy.php?url=https%3A%2F%2Fimage.maxpreps.io%2Fschool-mascot%2F3%2Ff%2Fc%2F3fc8721e-c527-460e-9fce-72d6a314faeb.gif%3Fversion%3D638726329198560340%26amp%3Bwidth%3D128%26amp%3Bheight%3D128%26amp%3Bauto%3Dwebp%26amp%3Bformat%3Dpjpg","https://hsfootball.net/proxy.php?url=https%3A%2F%2Fimage.maxpreps.io%2Fschool-mascot%2F2%2F8%2F8%2F2883f91a-4d42-4daa-88d2-ef7928dffb0f.gif%3Fversion%3D639178401009624870%26amp%3Bwidth%3D128%26amp%3Bheight%3D128%26amp%3Bauto%3Dwebp%26amp%3Bformat%3Dpjpg"
10,"Webster County vs Spring Creek Charter Academy",Boys Softball,"Georgia",9/28/2026,4:30pm,"The Webster County varsity softball team has an away non-conference game @  Spring Creek Charter Academy (Bainbridge, GA) on Monday, September 28 @ 4:30p.","/ga/softball/game/spring-creek-charter-academy-bainbridge-vs-webster-county-preston/9-28-2026/?c=ddfbc923-b1c7-4e04-99a4-89cba5fbd56f","https://www.maxpreps.com/ga/softball/game/spring-creek-charter-academy-bainbridge-vs-webster-county-preston/9-28-2026/?c=ddfbc923-b1c7-4e04-99a4-89cba5fbd56f","/softball/ga/195b?9/28/2026","Bobcats","Stallions","https://www.maxpreps.com/ga/spring-creek-charter-academy-bainbridge/boys-softball/","https://www.maxpreps.com/ga/webster-county-preston/boys-softball/","https://hsfootball.net/proxy.php?url=https%3A%2F%2Fimage.maxpreps.io%2Fschool-mascot%2F7%2F6%2F4%2F7648cbd8-a839-4aa2-813e-1173f0d7bf24.gif%3Fversion%3D639132504011017830%26amp%3Bwidth%3D128%26amp%3Bheight%3D128%26amp%3Bauto%3Dwebp%26amp%3Bformat%3Dpjpg","https://hsfootball.net/proxy.php?url=https%3A%2F%2Fimage.maxpreps.io%2Fschool-mascot%2F4%2F9%2F1%2F49165171-0dac-4505-b131-505ad726b8b4.gif%3Fversion%3D639180161664620270%26amp%3Bwidth%3D128%26amp%3Bheight%3D128%26amp%3Bauto%3Dwebp%26amp%3Bformat%3Dpjpg"
11,"Toombs County vs Savannah Christian",Boys Softball,"Georgia",9/28/2026,4:30pm,"The Toombs County varsity softball team has an away non-conference game @  Savannah Christian (Savannah, GA) on Monday, September 28 @ 4:30p.","/ga/softball/game/savannah-christian-vs-toombs-county-lyons/9-28-2026/?c=36ab5558-9426-4e26-a3cc-d396da169691","https://www.maxpreps.com/ga/softball/game/savannah-christian-vs-toombs-county-lyons/9-28-2026/?c=36ab5558-9426-4e26-a3cc-d396da169691","/softball/ga/104a?9/28/2026","Bulldogs","Raiders","https://www.maxpreps.com/ga/savannah-christian/boys-softball/","https://www.maxpreps.com/ga/toombs-county-lyons/boys-softball/","https://hsfootball.net/proxy.php?url=https%3A%2F%2Fimage.maxpreps.io%2Fschool-mascot%2Ff%2Fd%2Fd%2Ffdd99285-354c-438a-81a3-4c8afd7fe081.gif%3Fversion%3D639126206567123530%26amp%3Bwidth%3D128%26amp%3Bheight%3D128%26amp%3Bauto%3Dwebp%26amp%3Bformat%3Dpjpg","https://hsfootball.net/proxy.php?url=https%3A%2F%2Fimage.maxpreps.io%2Fschool-mascot%2Ff%2F0%2F9%2Ff09c5064-4a3c-406d-86c5-afb05d2c8c11.gif%3Fversion%3D639237687059832040%26amp%3Bwidth%3D128%26amp%3Bheight%3D128%26amp%3Bauto%3Dwebp%26amp%3Bformat%3Dpjpg"
12,"Southwest Georgia STEM Charter vs Deerfield-Windsor",Boys Softball,"Georgia",9/28/2026,4:30pm,"The Southwest Georgia STEM Charter varsity softball team has an away non-conference game @  Deerfield-Windsor (Albany, GA) on Monday, September 28 @ 4:30p.","/ga/softball/game/deerfield-windsor-albany-vs-southwest-georgia-stem-charter-shellman/9-28-2026/?c=c7d504ac-2ca1-44b6-bb3f-662f9651eb38","https://www.maxpreps.com/ga/softball/game/deerfield-windsor-albany-vs-southwest-georgia-stem-charter-shellman/9-28-2026/?c=c7d504ac-2ca1-44b6-bb3f-662f9651eb38","/softball/ga/1a3c?9/28/2026","Aggies","Knights","https://www.maxpreps.com/ga/deerfield-windsor-albany/boys-softball/","https://www.maxpreps.com/ga/southwest-georgia-stem-charter-shellman/boys-softball/","https://hsfootball.net/proxy.php?url=https%3A%2F%2Fimage.maxpreps.io%2Fschool-mascot%2F0%2Fe%2F1%2F0e1dc7d1-a2eb-4398-b57d-813118848846.gif%3Fversion%3D638695155442941200%26amp%3Bwidth%3D128%26amp%3Bheight%3D128%26amp%3Bauto%3Dwebp%26amp%3Bformat%3Dpjpg","https://hsfootball.net/proxy.php?url=https%3A%2F%2Fimage.maxpreps.io%2Fschool-mascot%2F1%2F7%2F8%2F178c6223-1438-4cb7-954a-730552ba7557.gif%3Fversion%3D639183171842270610%26amp%3Bwidth%3D128%26amp%3Bheight%3D128%26amp%3Bauto%3Dwebp%26amp%3Bformat%3Dpjpg"
13,"St. Vincent&#x27;s vs Calvary Baptist",Boys Softball,"Georgia",9/28/2026,4:30pm,"The St. Vincent&#x27;s varsity softball team has an away non-conference game @  Calvary Baptist (Savannah, GA) on Monday, September 28 @ 4:30p.","/ga/softball/game/calvary-baptist-savannah-vs-st-vincents-savannah/9-28-2026/?c=df0ec419-d3a0-47ed-80c7-ed0acb33efe1","https://www.maxpreps.com/ga/softball/game/calvary-baptist-savannah-vs-st-vincents-savannah/9-28-2026/?c=df0ec419-d3a0-47ed-80c7-ed0acb33efe1","/softball/ga/12d1?9/28/2026","Saints","Cavaliers","https://www.maxpreps.com/ga/calvary-baptist-savannah/boys-softball/","https://www.maxpreps.com/ga/st-vincents-savannah/boys-softball/","https://hsfootball.net/proxy.php?url=https%3A%2F%2Fimage.maxpreps.io%2Fschool-mascot%2F5%2F3%2Fb%2F53b8e1d1-f3e5-4a98-a04e-cc8838fdc6f9.gif%3Fversion%3D638908544512110740%26amp%3Bwidth%3D128%26amp%3Bheight%3D128%26amp%3Bauto%3Dwebp%26amp%3Bformat%3Dpjpg","https://hsfootball.net/proxy.php?url=https%3A%2F%2Fimage.maxpreps.io%2Fschool-mascot%2F5%2F3%2Fb%2F53b8e1d1-f3e5-4a98-a04e-cc8838fdc6f9.gif%3Fversion%3D638908544512110740%26amp%3Bwidth%3D32%26amp%3Bheight%3D32%26amp%3Bauto%3Dwebp%26amp%3Bformat%3Dpjpg"
14,"Monroe Area vs Prince Avenue Christian",Boys Softball,"Georgia",9/28/2026,4:45pm,"The Monroe Area varsity softball team has an away non-conference game @  Prince Avenue Christian (Athens, GA) on Monday, September 28 @ 4:45p.","/ga/softball/game/monroe-area-vs-prince-avenue-christian-athens/9-28-2026/?c=4d2d5b0d-f5b2-4948-9afe-134a43130a29","https://www.maxpreps.com/ga/softball/game/monroe-area-vs-prince-avenue-christian-athens/9-28-2026/?c=4d2d5b0d-f5b2-4948-9afe-134a43130a29","/softball/ga/116d?9/28/2026","Purple Hurricanes","Wolverines","https://www.maxpreps.com/ga/monroe-area/boys-softball/","https://www.maxpreps.com/ga/prince-avenue-christian-athens/boys-softball/","https://hsfootball.net/proxy.php?url=https%3A%2F%2Fimage.maxpreps.io%2Fschool-mascot%2F3%2Fc%2F3%2F3c33dd96-e701-4df1-ac48-3b7ee976db5a.gif%3Fversion%3D637950518400000000%26amp%3Bwidth%3D128%26amp%3Bheight%3D128%26amp%3Bauto%3Dwebp%26amp%3Bformat%3Dpjpg","https://hsfootball.net/proxy.php?url=https%3A%2F%2Fimage.maxpreps.io%2Fschool-mascot%2F3%2Fa%2F9%2F3a98606b-041c-4df4-b129-a34e2c29123a.gif%3Fversion%3D639179251295442690%26amp%3Bwidth%3D128%26amp%3Bheight%3D128%26amp%3Bauto%3Dwebp%26amp%3Bformat%3Dpjpg"
15,"Berrien vs Lowndes",Boys Softball,"Georgia",9/28/2026,5:00pm,"The Berrien varsity softball team has an away non-conference game @  Lowndes (Valdosta, GA) on Monday, September 28 @ 5p.","/ga/softball/game/berrien-nashville-vs-lowndes-valdosta/9-28-2026/?c=c605c80d-1528-49d9-b841-2dc854f26bdb","https://www.maxpreps.com/ga/softball/game/berrien-nashville-vs-lowndes-valdosta/9-28-2026/?c=c605c80d-1528-49d9-b841-2dc854f26bdb","/softball/ga/ea4?9/28/2026","Rebels","Vikings","https://www.maxpreps.com/ga/berrien-nashville/boys-softball/","https://www.maxpreps.com/ga/lowndes-valdosta/boys-softball/","https://hsfootball.net/proxy.php?url=https%3A%2F%2Fimage.maxpreps.io%2Fschool-mascot%2F4%2Fb%2F9%2F4b9a4fe8-f341-4c89-abe6-29d1e33cebae.gif%3Fversion%3D639180161685392210%26amp%3Bwidth%3D128%26amp%3Bheight%3D128%26amp%3Bauto%3Dwebp%26amp%3Bformat%3Dpjpg","https://hsfootball.net/proxy.php?url=https%3A%2F%2Fimage.maxpreps.io%2Fschool-mascot%2Fe%2Fc%2F0%2Fec00d511-6c9c-47c8-92e7-eb4fcc9fc46d.gif%3Fversion%3D639129168590406540%26amp%3Bwidth%3D128%26amp%3Bheight%3D128%26amp%3Bauto%3Dwebp%26amp%3Bformat%3Dpjpg"
16,"Marion County vs Hardaway",Boys Softball,"Georgia",9/28/2026,5:00pm,"The Marion County varsity softball team has an away non-conference game @  Hardaway (Columbus, GA) on Monday, September 28 @ 5p.","/ga/softball/game/hardaway-columbus-vs-marion-county-buena-vista/9-28-2026/?c=683c0814-00c4-48e3-8df7-8284afb8ce27","https://www.maxpreps.com/ga/softball/game/hardaway-columbus-vs-marion-county-buena-vista/9-28-2026/?c=683c0814-00c4-48e3-8df7-8284afb8ce27","/softball/ga/120c?9/28/2026","Eagles","Hawks","https://www.maxpreps.com/ga/hardaway-columbus/boys-softball/","https://www.maxpreps.com/ga/marion-county-buena-vista/boys-softball/","https://hsfootball.net/proxy.php?url=https%3A%2F%2Fimage.maxpreps.io%2Fschool-mascot%2F8%2Fd%2Fd%2F8dd288d4-a24b-453f-98bb-d1c8c346e0e3.gif%3Fversion%3D635532037800000000%26amp%3Bwidth%3D128%26amp%3Bheight%3D128%26amp%3Bauto%3Dwebp%26amp%3Bformat%3Dpjpg","https://hsfootball.net/proxy.php?url=https%3A%2F%2Fimage.maxpreps.io%2Fschool-mascot%2F5%2Fb%2Fb%2F5bbb1c9d-34c2-44a9-99df-ac5c00312de2.gif%3Fversion%3D639183594889275490%26amp%3Bwidth%3D128%26amp%3Bheight%3D128%26amp%3Bauto%3Dwebp%26amp%3Bformat%3Dpjpg"
17,"Pelham vs Brooks County",Boys Softball,"Georgia",9/28/2026,5:00pm,"The Pelham varsity softball team has an away non-conference game @  Brooks County (Quitman, GA) on Monday, September 28 @ 5p.","/ga/softball/game/brooks-county-quitman-vs-pelham/9-28-2026/?c=fb18fc82-a286-4908-8a28-d40ec9b9cb02","https://www.maxpreps.com/ga/softball/game/brooks-county-quitman-vs-pelham/9-28-2026/?c=fb18fc82-a286-4908-8a28-d40ec9b9cb02","/softball/ga/c45?9/28/2026","Hornets","Trojans","https://www.maxpreps.com/ga/brooks-county-quitman/boys-softball/","https://www.maxpreps.com/ga/pelham/boys-softball/","https://hsfootball.net/proxy.php?url=https%3A%2F%2Fimage.maxpreps.io%2Fschool-mascot%2Ff%2F6%2Fd%2Ff6d6fe23-7d0a-4897-9c26-a773aa7a214f.gif%3Fversion%3D639132244424027970%26amp%3Bwidth%3D128%26amp%3Bheight%3D128%26amp%3Bauto%3Dwebp%26amp%3Bformat%3Dpjpg","https://hsfootball.net/proxy.php?url=https%3A%2F%2Fimage.maxpreps.io%2Fschool-mascot%2F7%2F2%2F4%2F7247b9b8-233c-45d4-9f7b-170c8699e05e.gif%3Fversion%3D639183594823920970%26amp%3Bwidth%3D128%26amp%3Bheight%3D128%26amp%3Bauto%3Dwebp%26amp%3Bformat%3Dpjpg"
18,"Twiggs Academy vs Crisp Academy",Boys Softball,"Georgia",9/28/2026,5:00pm,"The Twiggs Academy varsity softball team has an away non-conference game @  Crisp Academy (Cordele, GA) on Monday, September 28 @ 5p.","/ga/softball/game/crisp-academy-cordele-vs-twiggs-academy-jeffersonville/9-28-2026/?c=aa59b994-c702-4445-a737-485eacdb7a0b","https://www.maxpreps.com/ga/softball/game/crisp-academy-cordele-vs-twiggs-academy-jeffersonville/9-28-2026/?c=aa59b994-c702-4445-a737-485eacdb7a0b","/softball/ga/1511?9/28/2026","Trojans","Wildcats","https://www.maxpreps.com/ga/crisp-academy-cordele/boys-softball/","https://www.maxpreps.com/ga/twiggs-academy-jeffersonville/boys-softball/","https://hsfootball.net/proxy.php?url=https%3A%2F%2Fimage.maxpreps.io%2Fschool-mascot%2F6%2Ff%2Fc%2F6fca2690-3a60-4a0e-9b6c-05172f7e0b7b.gif%3Fversion%3D638720938454754930%26amp%3Bwidth%3D128%26amp%3Bheight%3D128%26amp%3Bauto%3Dwebp%26amp%3Bformat%3Dpjpg","https://hsfootball.net/proxy.php?url=https%3A%2F%2Fimage.maxpreps.io%2Fschool-mascot%2Fb%2Fe%2F6%2Fbe69a99a-dc61-4a95-81de-d8916d2bc322.gif%3Fversion%3D638695905407952920%26amp%3Bwidth%3D128%26amp%3Bheight%3D128%26amp%3Bauto%3Dwebp%26amp%3Bformat%3Dpjpg"
19,"Westover vs Calhoun County",Boys Softball,"Georgia",9/28/2026,5:00pm,"The Westover varsity softball team has an away non-conference game @  Calhoun County (Edison, GA) on Monday, September 28 @ 5p.","/ga/softball/game/calhoun-county-edison-vs-westover-albany/9-28-2026/?c=8947aeea-bbe3-4ee8-921e-d5451b59aab9","https://www.maxpreps.com/ga/softball/game/calhoun-county-edison-vs-westover-albany/9-28-2026/?c=8947aeea-bbe3-4ee8-921e-d5451b59aab9","/softball/ga/fce?9/28/2026","Patriots","Cougars","https://www.maxpreps.com/ga/calhoun-county-edison/boys-softball/","https://www.maxpreps.com/ga/westover-albany/boys-softball/","https://hsfootball.net/proxy.php?url=https%3A%2F%2Fimage.maxpreps.io%2Fschool-mascot%2Fa%2F0%2F0%2Fa002aa9e-9098-4f41-8472-80b49caf3ce5.gif%3Fversion%3D639183594771729440%26amp%3Bwidth%3D128%26amp%3Bheight%3D128%26amp%3Bauto%3Dwebp%26amp%3Bformat%3Dpjpg","https://hsfootball.net/proxy.php?url=https%3A%2F%2Fimage.maxpreps.io%2Fschool-mascot%2F4%2F2%2F7%2F42756a0a-c505-4c60-97f5-e065ecd5ae4a.gif%3Fversion%3D639132244505111470%26amp%3Bwidth%3D128%26amp%3Bheight%3D128%26amp%3Bauto%3Dwebp%26amp%3Bformat%3Dpjpg"
20,"Providence Christian Academy vs Holy Innocents Episcopal",Boys Softball,"Georgia",9/28/2026,5:00pm,"The Providence Christian Academy varsity softball team has an away non-conference game @  Holy Innocents Episcopal (Atlanta, GA) on Monday, September 28 @ 5p.","/ga/softball/game/holy-innocents-episcopal-atlanta-vs-providence-christian-academy-lilburn/9-28-2026/?c=3183f180-0ec3-465f-a7f1-99b3c4581690","https://www.maxpreps.com/ga/softball/game/holy-innocents-episcopal-atlanta-vs-providence-christian-academy-lilburn/9-28-2026/?c=3183f180-0ec3-465f-a7f1-99b3c4581690","/softball/ga/1c43?9/28/2026","Storm","Bears","https://www.maxpreps.com/ga/holy-innocents-episcopal-atlanta/boys-softball/","https://www.maxpreps.com/ga/providence-christian-academy-lilburn/boys-softball/","https://hsfootball.net/proxy.php?url=https%3A%2F%2Fimage.maxpreps.io%2Fschool-mascot%2F1%2F6%2F3%2F163f0dcc-a7d9-49be-a9c1-70129fcd5b6a.gif%3Fversion%3D634811532600000000%26amp%3Bwidth%3D128%26amp%3Bheight%3D128%26amp%3Bauto%3Dwebp%26amp%3Bformat%3Dpjpg","https://hsfootball.net/proxy.php?url=https%3A%2F%2Fimage.maxpreps.io%2Fschool-mascot%2F3%2Fa%2Fa%2F3aa19fdd-4268-4b67-b17a-614c002f0c16.gif%3Fversion%3D638659635210921410%26amp%3Bwidth%3D128%26amp%3Bheight%3D128%26amp%3Bauto%3Dwebp%26amp%3Bformat%3Dpjpg"
21,"Dublin vs Wilkinson County",Boys Softball,"Georgia",9/28/2026,5:00pm,"The Dublin varsity softball team has an away non-conference game @  Wilkinson County (Irwinton, GA) on Monday, September 28 @ 5p.","/ga/softball/game/dublin-vs-wilkinson-county-irwinton/9-28-2026/?c=bacc55c6-023e-4df6-a892-01306a13e009","https://www.maxpreps.com/ga/softball/game/dublin-vs-wilkinson-county-irwinton/9-28-2026/?c=bacc55c6-023e-4df6-a892-01306a13e009","/softball/ga/e15?9/28/2026","Fighting Irish","Warriors","https://www.maxpreps.com/ga/dublin/boys-softball/","https://www.maxpreps.com/ga/wilkinson-county-irwinton/boys-softball/","https://hsfootball.net/proxy.php?url=https%3A%2F%2Fimage.maxpreps.io%2Fschool-mascot%2Ff%2Fd%2F0%2Ffd0a20ed-f4d4-4eff-bd79-d2cb61c8ed95.gif%3Fversion%3D639183594879800330%26amp%3Bwidth%3D128%26amp%3Bheight%3D128%26amp%3Bauto%3Dwebp%26amp%3Bformat%3Dpjpg","https://hsfootball.net/proxy.php?url=https%3A%2F%2Fimage.maxpreps.io%2Fschool-mascot%2F7%2F3%2Ff%2F73f5027b-cf17-4ebb-a719-123bdad47913.gif%3Fversion%3D639132244379483270%26amp%3Bwidth%3D128%26amp%3Bheight%3D128%26amp%3Bauto%3Dwebp%26amp%3Bformat%3Dpjpg"
22,"Tallulah Falls vs Gainesville",Boys Softball,"Georgia",9/28/2026,5:00pm,"The Tallulah Falls varsity softball team has an away non-conference game @  Gainesville (GA) on Monday, September 28 @ 5p.","/ga/softball/game/gainesville-vs-tallulah-falls/9-28-2026/?c=f3c8ec7c-7422-42fb-8cef-7ce9d8eb2b2b","https://www.maxpreps.com/ga/softball/game/gainesville-vs-tallulah-falls/9-28-2026/?c=f3c8ec7c-7422-42fb-8cef-7ce9d8eb2b2b","/softball/ga/b6c?9/28/2026","Indians","Red Elephants","https://www.maxpreps.com/ga/gainesville/boys-softball/","https://www.maxpreps.com/ga/tallulah-falls/boys-softball/","https://hsfootball.net/proxy.php?url=https%3A%2F%2Fimage.maxpreps.io%2Fschool-mascot%2F3%2F3%2F2%2F332a064a-d30d-418f-8513-8c843d1396e0.gif%3Fversion%3D639128739358632400%26amp%3Bwidth%3D128%26amp%3Bheight%3D128%26amp%3Bauto%3Dwebp%26amp%3Bformat%3Dpjpg","https://hsfootball.net/proxy.php?url=https%3A%2F%2Fimage.maxpreps.io%2Fschool-mascot%2F0%2F4%2Fc%2F04c16894-2bc7-41de-ad3f-a9ff7110fc09.gif%3Fversion%3D638289033000000000%26amp%3Bwidth%3D128%26amp%3Bheight%3D128%26amp%3Bauto%3Dwebp%26amp%3Bformat%3Dpjpg"
23,"Stratford Academy vs Westfield School",Boys Softball,"Georgia",9/28/2026,5:00pm,"The Stratford Academy varsity softball team has an away non-conference game @  Westfield School (Perry, GA) on Monday, September 28 @ 5p.","/ga/softball/game/stratford-academy-macon-vs-westfield-school-perry/9-28-2026/?c=133ca9b3-075e-4806-8fac-4a8461e9923f","https://www.maxpreps.com/ga/softball/game/stratford-academy-macon-vs-westfield-school-perry/9-28-2026/?c=133ca9b3-075e-4806-8fac-4a8461e9923f","/softball/ga/1333?9/28/2026","Eagles","Hornets","https://www.maxpreps.com/ga/stratford-academy-macon/boys-softball/","https://www.maxpreps.com/ga/westfield-school-perry/boys-softball/","https://hsfootball.net/proxy.php?url=https%3A%2F%2Fimage.maxpreps.io%2Fschool-mascot%2Fc%2Fa%2F7%2Fca7bafb2-f583-4598-9d6b-10d10b5a04d8.gif%3Fversion%3D635483645400000000%26amp%3Bwidth%3D128%26amp%3Bheight%3D128%26amp%3Bauto%3Dwebp%26amp%3Bformat%3Dpjpg","https://hsfootball.net/proxy.php?url=https%3A%2F%2Fimage.maxpreps.io%2Fschool-mascot%2F1%2F9%2F0%2F190b0cae-a34d-4c03-b816-5564d4bdf14f.gif%3Fversion%3D638621652075991160%26amp%3Bwidth%3D128%26amp%3Bheight%3D128%26amp%3Bauto%3Dwebp%26amp%3Bformat%3Dpjpg"
24,"Telfair County vs Montgomery County",Boys Softball,"Georgia",9/28/2026,5:30pm,"The Telfair County varsity softball team has an away non-conference game @  Montgomery County (Mt. Vernon, GA) on Monday, September 28 @ 5:30p.","/ga/softball/game/montgomery-county-mt-vernon-vs-telfair-county-mcrae/9-28-2026/?c=1a21409b-bff7-43e4-8624-d7ad36b78954","https://www.maxpreps.com/ga/softball/game/montgomery-county-mt-vernon-vs-telfair-county-mcrae/9-28-2026/?c=1a21409b-bff7-43e4-8624-d7ad36b78954","/softball/ga/1421?9/28/2026","Trojans","Eagles","https://www.maxpreps.com/ga/montgomery-county-mt-vernon/boys-softball/","https://www.maxpreps.com/ga/telfair-county-mcrae/boys-softball/","https://hsfootball.net/proxy.php?url=https%3A%2F%2Fimage.maxpreps.io%2Fschool-mascot%2F7%2F3%2F8%2F7380c108-0751-4920-9306-2588116acf80.gif%3Fversion%3D639134131119074510%26amp%3Bwidth%3D128%26amp%3Bheight%3D128%26amp%3Bauto%3Dwebp%26amp%3Bformat%3Dpjpg","https://hsfootball.net/proxy.php?url=https%3A%2F%2Fimage.maxpreps.io%2Fschool-mascot%2F8%2Fc%2F2%2F8c23bdc8-da38-4026-b7e0-f20d6300b44b.gif%3Fversion%3D639128739266779970%26amp%3Bwidth%3D128%26amp%3Bheight%3D128%26amp%3Bauto%3Dwebp%26amp%3Bformat%3Dpjpg"
25,"Etowah vs Woodstock",Boys Softball,"Georgia",9/28/2026,5:30pm,"The Etowah varsity softball team has an away non-conference game @  Woodstock (GA) on Monday, September 28 @ 5:30p.","/ga/softball/game/etowah-woodstock-vs-woodstock/9-28-2026/?c=853a4488-079b-4b94-a60f-0b927565cba4","https://www.maxpreps.com/ga/softball/game/etowah-woodstock-vs-woodstock/9-28-2026/?c=853a4488-079b-4b94-a60f-0b927565cba4","/softball/ga/bb2?9/28/2026","Eagles","Wolverines","https://www.maxpreps.com/ga/etowah-woodstock/boys-softball/","https://www.maxpreps.com/ga/woodstock/boys-softball/","https://hsfootball.net/proxy.php?url=https%3A%2F%2Fimage.maxpreps.io%2Fschool-mascot%2Fa%2Fb%2F1%2Fab1e8a19-8ecf-4bde-8057-cb74c141a990.gif%3Fversion%3D639129168671785970%26amp%3Bwidth%3D128%26amp%3Bheight%3D128%26amp%3Bauto%3Dwebp%26amp%3Bformat%3Dpjpg","https://hsfootball.net/proxy.php?url=https%3A%2F%2Fimage.maxpreps.io%2Fschool-mascot%2F4%2F2%2F6%2F42638fd9-b7b9-4881-8731-fbace350d5d9.gif%3Fversion%3D638685082908854270%26amp%3Bwidth%3D128%26amp%3Bheight%3D128%26amp%3Bauto%3Dwebp%26amp%3Bformat%3Dpjpg"
26,"Pepperell vs Christian Heritage",Boys Softball,"Georgia",9/28/2026,5:30pm,"The Pepperell varsity softball team has an away non-conference game @  Christian Heritage (Dalton, GA) on Monday, September 28 @ 5:30p.","/ga/softball/game/christian-heritage-dalton-vs-pepperell-lindale/9-28-2026/?c=26e71a15-2851-47a1-b229-4d6cf80babf1","https://www.maxpreps.com/ga/softball/game/christian-heritage-dalton-vs-pepperell-lindale/9-28-2026/?c=26e71a15-2851-47a1-b229-4d6cf80babf1","/softball/ga/11fc?9/28/2026","Dragons","Lions","https://www.maxpreps.com/ga/christian-heritage-dalton/boys-softball/","https://www.maxpreps.com/ga/pepperell-lindale/boys-softball/","https://hsfootball.net/proxy.php?url=https%3A%2F%2Fimage.maxpreps.io%2Fschool-mascot%2Ff%2Fa%2F8%2Ffa894b94-9451-49ed-98bd-589b91772f7c.gif%3Fversion%3D639198765069886110%26amp%3Bwidth%3D128%26amp%3Bheight%3D128%26amp%3Bauto%3Dwebp%26amp%3Bformat%3Dpjpg","https://hsfootball.net/proxy.php?url=https%3A%2F%2Fimage.maxpreps.io%2Fschool-mascot%2Fc%2Fb%2F9%2Fcb90bc08-daf2-403f-a8aa-7fbffffed296.gif%3Fversion%3D634839435600000000%26amp%3Bwidth%3D128%26amp%3Bheight%3D128%26amp%3Bauto%3Dwebp%26amp%3Bformat%3Dpjpg"
27,"Rockdale County vs Mundy&#x27;s Mill",Boys Softball,"Georgia",9/28/2026,5:30pm,"The Rockdale County varsity softball team has an away non-conference game @  Mundy&#x27;s Mill (Jonesboro, GA) on Monday, September 28 @ 5:30p.","/ga/softball/game/mundys-mill-jonesboro-vs-rockdale-county-conyers/9-28-2026/?c=c1a57787-3fe2-4345-89a3-d71be4551c02","https://www.maxpreps.com/ga/softball/game/mundys-mill-jonesboro-vs-rockdale-county-conyers/9-28-2026/?c=c1a57787-3fe2-4345-89a3-d71be4551c02","/softball/ga/1300?9/28/2026","Bulldogs","Tigers","https://www.maxpreps.com/ga/mundys-mill-jonesboro/boys-softball/","https://www.maxpreps.com/ga/rockdale-county-conyers/boys-softball/","https://hsfootball.net/proxy.php?url=https%3A%2F%2Fimage.maxpreps.io%2Fschool-mascot%2F5%2F0%2F2%2F5020fee1-5344-4884-8d30-1b04617b0725.gif%3Fversion%3D638779690561406820%26amp%3Bwidth%3D128%26amp%3Bheight%3D128%26amp%3Bauto%3Dwebp%26amp%3Bformat%3Dpjpg","https://hsfootball.net/proxy.php?url=https%3A%2F%2Fimage.maxpreps.io%2Fschool-mascot%2Fd%2F1%2F1%2Fd1122053-b4a3-4afc-9f9d-1901b468d5d1.gif%3Fversion%3D634918040400000000%26amp%3Bwidth%3D128%26amp%3Bheight%3D128%26amp%3Bauto%3Dwebp%26amp%3Bformat%3Dpjpg"
28,"Cass vs Calhoun",Boys Softball,"Georgia",9/28/2026,5:30pm,"The Cass varsity softball team has an away non-conference game @  Calhoun (GA) on Monday, September 28 @ 5:30p.","/ga/softball/game/calhoun-vs-cass-white/9-28-2026/?c=086cfce8-c898-4975-9313-78b50a4f4fbe","https://www.maxpreps.com/ga/softball/game/calhoun-vs-cass-white/9-28-2026/?c=086cfce8-c898-4975-9313-78b50a4f4fbe","/softball/ga/825?9/28/2026","Colonels","Yellow Jackets","https://www.maxpreps.com/ga/calhoun/boys-softball/","https://www.maxpreps.com/ga/cass-white/boys-softball/","https://hsfootball.net/proxy.php?url=https%3A%2F%2Fimage.maxpreps.io%2Fschool-mascot%2Fc%2Ff%2F6%2Fcf603253-9217-442b-a0cc-e5745c4ec91c.gif%3Fversion%3D636740021400000000%26amp%3Bwidth%3D128%26amp%3Bheight%3D128%26amp%3Bauto%3Dwebp%26amp%3Bformat%3Dpjpg","https://hsfootball.net/proxy.php?url=https%3A%2F%2Fimage.maxpreps.io%2Fschool-mascot%2Fb%2F9%2F1%2Fb91cf08a-e0ab-43ac-b886-a3f118096927.gif%3Fversion%3D638685077309879620%26amp%3Bwidth%3D128%26amp%3Bheight%3D128%26amp%3Bauto%3Dwebp%26amp%3Bformat%3Dpjpg"
29,"Manchester vs Kendrick",Boys Softball,"Georgia",9/28/2026,5:30pm,"The Manchester varsity softball team has an away non-conference game @  Kendrick (Columbus, GA) on Monday, September 28 @ 5:30p.","/ga/softball/game/kendrick-columbus-vs-manchester/9-28-2026/?c=99ff0249-646e-41ff-bc02-0bf58377bcd2","https://www.maxpreps.com/ga/softball/game/kendrick-columbus-vs-manchester/9-28-2026/?c=99ff0249-646e-41ff-bc02-0bf58377bcd2","/softball/ga/c4f?9/28/2026","Blue Devils","Cherokees","https://www.maxpreps.com/ga/kendrick-columbus/boys-softball/","https://www.maxpreps.com/ga/manchester/boys-softball/","https://hsfootball.net/proxy.php?url=https%3A%2F%2Fimage.maxpreps.io%2Fschool-mascot%2Fb%2F9%2F7%2Fb976380b-5e87-44a1-ab2f-1188b0c9dae9.gif%3Fversion%3D638645941457543290%26amp%3Bwidth%3D128%26amp%3Bheight%3D128%26amp%3Bauto%3Dwebp%26amp%3Bformat%3Dpjpg","https://hsfootball.net/proxy.php?url=https%3A%2F%2Fimage.maxpreps.io%2Fschool-mascot%2Fd%2F4%2F7%2Fd472e58f-34c6-4d87-b1c9-b57b7076428b.gif%3Fversion%3D639132244449960860%26amp%3Bwidth%3D128%26amp%3Bheight%3D128%26amp%3Bauto%3Dwebp%26amp%3Bformat%3Dpjpg"
30,"Dunwoody vs Alcovy",Boys Softball,"Georgia",9/28/2026,5:30pm,"The Dunwoody varsity softball team has an away conference game @  Alcovy (Covington, GA) on Monday, September 28 @ 5:30p.","/ga/softball/game/alcovy-covington-vs-dunwoody/9-28-2026/?c=98bd48cc-84a3-4d09-929d-e9c171c55a05","https://www.maxpreps.com/ga/softball/game/alcovy-covington-vs-dunwoody/9-28-2026/?c=98bd48cc-84a3-4d09-929d-e9c171c55a05","/softball/ga/b4e?9/28/2026","Wildcats","Tigers","https://www.maxpreps.com/ga/alcovy-covington/boys-softball/","https://www.maxpreps.com/ga/dunwoody/boys-softball/","https://hsfootball.net/proxy.php?url=https%3A%2F%2Fimage.maxpreps.io%2Fschool-mascot%2F6%2Ff%2F1%2F6f1efacb-8150-4f51-a6db-a6fc00f84f2f.gif%3Fversion%3D638685085606285270%26amp%3Bwidth%3D128%26amp%3Bheight%3D128%26amp%3Bauto%3Dwebp%26amp%3Bformat%3Dpjpg","https://hsfootball.net/proxy.php?url=https%3A%2F%2Fimage.maxpreps.io%2Fschool-mascot%2F4%2F6%2F3%2F4639f800-4b1e-46a6-9875-160e08ce83f2.gif%3Fversion%3D636063362400000000%26amp%3Bwidth%3D128%26amp%3Bheight%3D128%26amp%3Bauto%3Dwebp%26amp%3Bformat%3Dpjpg"
31,"Cambridge vs Northview",Boys Softball,"Georgia",9/28/2026,5:30pm,"The Cambridge varsity softball team has an away conference game @  Northview (Johns Creek, GA) on Monday, September 28 @ 5:30p.","/ga/softball/game/cambridge-milton-vs-northview-johns-creek/9-28-2026/?c=6c3ca9a6-a6d6-40c6-b1ef-bdc457481a67","https://www.maxpreps.com/ga/softball/game/cambridge-milton-vs-northview-johns-creek/9-28-2026/?c=6c3ca9a6-a6d6-40c6-b1ef-bdc457481a67","/softball/ga/100d?9/28/2026","Bears","Titans","https://www.maxpreps.com/ga/cambridge-milton/boys-softball/","https://www.maxpreps.com/ga/northview-johns-creek/boys-softball/","https://hsfootball.net/proxy.php?url=https%3A%2F%2Fimage.maxpreps.io%2Fschool-mascot%2F3%2Fd%2F5%2F3d552001-e99e-4595-bbe0-d2638353ebc0.gif%3Fversion%3D637856058000000000%26amp%3Bwidth%3D128%26amp%3Bheight%3D128%26amp%3Bauto%3Dwebp%26amp%3Bformat%3Dpjpg","https://hsfootball.net/proxy.php?url=https%3A%2F%2Fimage.maxpreps.io%2Fschool-mascot%2F5%2Fb%2F3%2F5b34cfbd-4e21-408c-89db-fc5d034e641d.gif%3Fversion%3D636795036600000000%26amp%3Bwidth%3D128%26amp%3Bheight%3D128%26amp%3Bauto%3Dwebp%26amp%3Bformat%3Dpjpg"
32,"Bainbridge vs Miller County",Boys Softball,"Georgia",9/28/2026,5:30pm,"The Bainbridge varsity softball team has an away non-conference game @  Miller County (Colquitt, GA) on Monday, September 28 @ 5:30p.","/ga/softball/game/bainbridge-vs-miller-county-colquitt/9-28-2026/?c=cf0b0cde-1600-40d7-90e1-8c063abe8c72","https://www.maxpreps.com/ga/softball/game/bainbridge-vs-miller-county-colquitt/9-28-2026/?c=cf0b0cde-1600-40d7-90e1-8c063abe8c72","/softball/ga/e40?9/28/2026","Bearcats","Pirates","https://www.maxpreps.com/ga/bainbridge/boys-softball/","https://www.maxpreps.com/ga/miller-county-colquitt/boys-softball/","https://hsfootball.net/proxy.php?url=https%3A%2F%2Fimage.maxpreps.io%2Fschool-mascot%2Fc%2Fc%2F2%2Fcc2897b8-106d-45b3-a9cf-5e2aca708668.gif%3Fversion%3D639183171857015660%26amp%3Bwidth%3D128%26amp%3Bheight%3D128%26amp%3Bauto%3Dwebp%26amp%3Bformat%3Dpjpg","https://hsfootball.net/proxy.php?url=https%3A%2F%2Fimage.maxpreps.io%2Fschool-mascot%2Fa%2F4%2F5%2Fa45aa899-e567-4140-807f-0971701222f7.gif%3Fversion%3D639177538112302410%26amp%3Bwidth%3D128%26amp%3Bheight%3D128%26amp%3Bauto%3Dwebp%26amp%3Bformat%3Dpjpg"
33,"Wheeler vs Osborne",Boys Softball,"Georgia",9/28/2026,5:30pm,"The Wheeler varsity softball team has an away non-conference game @  Osborne (Marietta, GA) on Monday, September 28 @ 5:30p.","/ga/softball/game/osborne-marietta-vs-wheeler-marietta/9-28-2026/?c=b55dc0e1-1f62-4144-93e8-ba0fd1d2794e","https://www.maxpreps.com/ga/softball/game/osborne-marietta-vs-wheeler-marietta/9-28-2026/?c=b55dc0e1-1f62-4144-93e8-ba0fd1d2794e","/softball/ga/e2f?9/28/2026","Wildcats","Cardinals","https://www.maxpreps.com/ga/osborne-marietta/boys-softball/","https://www.maxpreps.com/ga/wheeler-marietta/boys-softball/","https://hsfootball.net/proxy.php?url=https%3A%2F%2Fimage.maxpreps.io%2Fschool-mascot%2F5%2F8%2F3%2F583c5a88-20b9-43cb-be65-4ff8eda079b5.gif%3Fversion%3D635878607400000000%26amp%3Bwidth%3D128%26amp%3Bheight%3D128%26amp%3Bauto%3Dwebp%26amp%3Bformat%3Dpjpg","https://hsfootball.net/proxy.php?url=https%3A%2F%2Fimage.maxpreps.io%2Fschool-mascot%2F7%2Fa%2F6%2F7a6aa4ce-736b-483e-ac37-f6a7776db778.gif%3Fversion%3D637379185200000000%26amp%3Bwidth%3D128%26amp%3Bheight%3D128%26amp%3Bauto%3Dwebp%26amp%3Bformat%3Dpjpg"
34,"Dougherty vs Carver",Boys Softball,"Georgia",9/28/2026,5:30pm,"The Dougherty varsity softball team has an away non-conference game @  Carver (Columbus, GA) on Monday, September 28 @ 5:30p.","/ga/softball/game/carver-columbus-vs-dougherty-albany/9-28-2026/?c=5435e141-14c4-4393-bd3d-8e07b5dd7c68","https://www.maxpreps.com/ga/softball/game/carver-columbus-vs-dougherty-albany/9-28-2026/?c=5435e141-14c4-4393-bd3d-8e07b5dd7c68","/softball/ga/ddc?9/28/2026","Trojans","Tigers","https://www.maxpreps.com/ga/carver-columbus/boys-softball/","https://www.maxpreps.com/ga/dougherty-albany/boys-softball/","https://hsfootball.net/proxy.php?url=https%3A%2F%2Fimage.maxpreps.io%2Fschool-mascot%2F7%2F4%2F0%2F74042cf1-c008-4cb7-a92f-03761f1156b3.gif%3Fversion%3D639129168621601770%26amp%3Bwidth%3D128%26amp%3Bheight%3D128%26amp%3Bauto%3Dwebp%26amp%3Bformat%3Dpjpg","https://hsfootball.net/proxy.php?url=https%3A%2F%2Fimage.maxpreps.io%2Fschool-mascot%2F5%2F7%2F9%2F57925ae3-0f2f-4967-914b-769736e816c3.gif%3Fversion%3D638685075709253800%26amp%3Bwidth%3D128%26amp%3Bheight%3D128%26amp%3Bauto%3Dwebp%26amp%3Bformat%3Dpjpg"
35,"Dade County vs Lakeview-Fort Oglethorpe",Boys Softball,"Georgia",9/28/2026,5:30pm,"The Dade County varsity softball team has an away conference game @  Lakeview-Fort Oglethorpe (Fort Oglethorpe, GA) on Monday, September 28 @ 5:30p.","/ga/softball/game/dade-county-trenton-vs-lakeview-fort-oglethorpe/9-28-2026/?c=3672be94-f8e6-4d81-ae47-d6d4bdc86821","https://www.maxpreps.com/ga/softball/game/dade-county-trenton-vs-lakeview-fort-oglethorpe/9-28-2026/?c=3672be94-f8e6-4d81-ae47-d6d4bdc86821","/softball/ga/127d?9/28/2026","Wolverines","Warriors","https://www.maxpreps.com/ga/dade-county-trenton/boys-softball/","https://www.maxpreps.com/ga/lakeview-fort-oglethorpe/boys-softball/","https://hsfootball.net/proxy.php?url=https%3A%2F%2Fimage.maxpreps.io%2Fschool-mascot%2F9%2F6%2F1%2F96101eda-d3fa-411b-92cd-7c003d4f755a.gif%3Fversion%3D637418083200000000%26amp%3Bwidth%3D128%26amp%3Bheight%3D128%26amp%3Bauto%3Dwebp%26amp%3Bformat%3Dpjpg","https://hsfootball.net/proxy.php?url=https%3A%2F%2Fimage.maxpreps.io%2Fschool-mascot%2Fb%2F1%2F1%2Fb110a4c7-9a8b-43e5-9bb5-5e3dec67dda0.gif%3Fversion%3D639126201057185400%26amp%3Bwidth%3D128%26amp%3Bheight%3D128%26amp%3Bauto%3Dwebp%26amp%3Bformat%3Dpjpg"
36,"Flint River Academy vs Windsor Academy",Boys Softball,"Georgia",9/28/2026,5:30pm,"The Flint River Academy varsity softball team has an away conference game @  Windsor Academy (Macon, GA) on Monday, September 28 @ 5:30p.","/ga/softball/game/flint-river-academy-woodbury-vs-windsor-academy-macon/9-28-2026/?c=cbb4e705-0454-45b1-b80b-740815c2435c","https://www.maxpreps.com/ga/softball/game/flint-river-academy-woodbury-vs-windsor-academy-macon/9-28-2026/?c=cbb4e705-0454-45b1-b80b-740815c2435c","/softball/ga/14a0?9/28/2026","Wildcats","Knights","https://www.maxpreps.com/ga/flint-river-academy-woodbury/boys-softball/","https://www.maxpreps.com/ga/windsor-academy-macon/boys-softball/","https://hsfootball.net/proxy.php?url=https%3A%2F%2Fimage.maxpreps.io%2Fschool-mascot%2F7%2F8%2Fd%2F78dcc023-2fc7-4340-ad63-b79c132606fa.gif%3Fversion%3D639127906904162700%26amp%3Bwidth%3D128%26amp%3Bheight%3D128%26amp%3Bauto%3Dwebp%26amp%3Bformat%3Dpjpg","https://hsfootball.net/proxy.php?url=https%3A%2F%2Fimage.maxpreps.io%2Fschool-mascot%2F9%2F8%2F6%2F986e639b-443f-4df8-9e4e-9273f872253f.gif%3Fversion%3D638610447192580390%26amp%3Bwidth%3D128%26amp%3Bheight%3D128%26amp%3Bauto%3Dwebp%26amp%3Bformat%3Dpjpg"
37,"McIntosh vs Shiloh",Boys Softball,"Georgia",9/28/2026,5:30pm,"The McIntosh varsity softball team has an away non-conference game @  Shiloh (Snellville, GA) on Monday, September 28 @ 5:30p.","/ga/softball/game/mcintosh-peachtree-city-vs-shiloh-snellville/9-28-2026/?c=b9a2625a-6554-4580-8448-6bebd72921f1","https://www.maxpreps.com/ga/softball/game/mcintosh-peachtree-city-vs-shiloh-snellville/9-28-2026/?c=b9a2625a-6554-4580-8448-6bebd72921f1","/softball/ga/115a?9/28/2026","Chiefs","Generals","https://www.maxpreps.com/ga/mcintosh-peachtree-city/boys-softball/","https://www.maxpreps.com/ga/shiloh-snellville/boys-softball/","https://hsfootball.net/proxy.php?url=https%3A%2F%2Fimage.maxpreps.io%2Fschool-mascot%2F9%2F2%2F0%2F9209e7f4-47f4-4bf5-8ecc-cd9e2cf24d6a.gif%3Fversion%3D639129576261103190%26amp%3Bwidth%3D128%26amp%3Bheight%3D128%26amp%3Bauto%3Dwebp%26amp%3Bformat%3Dpjpg","https://hsfootball.net/proxy.php?url=https%3A%2F%2Fimage.maxpreps.io%2Fschool-mascot%2F5%2Fc%2Fe%2F5ced43a2-3f4f-4ca4-923a-1bfb5f941713.gif%3Fversion%3D635826574800000000%26amp%3Bwidth%3D128%26amp%3Bheight%3D128%26amp%3Bauto%3Dwebp%26amp%3Bformat%3Dpjpg"
38,"Jenkins County vs Georgia Military College",Boys Softball,"Georgia",9/28/2026,5:30pm,"The Jenkins County varsity softball team has an away conference game @  Georgia Military College (Milledgeville, GA) on Monday, September 28 @ 5:30p.","/ga/softball/game/georgia-military-college-milledgeville-vs-jenkins-county-millen/9-28-2026/?c=c419ff65-8ce0-4e73-a4dd-5ff47640d4b9","https://www.maxpreps.com/ga/softball/game/georgia-military-college-milledgeville-vs-jenkins-county-millen/9-28-2026/?c=c419ff65-8ce0-4e73-a4dd-5ff47640d4b9","/softball/ga/18bc?9/28/2026","War Eagles","Bulldogs","https://www.maxpreps.com/ga/georgia-military-college-milledgeville/boys-softball/","https://www.maxpreps.com/ga/jenkins-county-millen/boys-softball/","https://hsfootball.net/proxy.php?url=https%3A%2F%2Fimage.maxpreps.io%2Fschool-mascot%2F8%2Fb%2Fd%2F8bd431c4-32d0-4932-9fc3-c47db514c467.gif%3Fversion%3D639177538184114320%26amp%3Bwidth%3D128%26amp%3Bheight%3D128%26amp%3Bauto%3Dwebp%26amp%3Bformat%3Dpjpg","https://hsfootball.net/proxy.php?url=https%3A%2F%2Fimage.maxpreps.io%2Fschool-mascot%2Fb%2Fe%2F2%2Fbe2ab9ba-f8e2-451a-b189-2915ddb8779f.gif%3Fversion%3D639128739316771410%26amp%3Bwidth%3D128%26amp%3Bheight%3D128%26amp%3Bauto%3Dwebp%26amp%3Bformat%3Dpjpg"
39,"Heritage vs Sonoraville",Boys Softball,"Georgia",9/28/2026,5:30pm,"The Heritage varsity softball team has an away non-conference game @  Sonoraville (Calhoun, GA) on Monday, September 28 @ 5:30p.","/ga/softball/game/heritage-ringgold-vs-sonoraville-calhoun/9-28-2026/?c=5888f8ae-2d75-4707-b465-6c7e0ccd0927","https://www.maxpreps.com/ga/softball/game/heritage-ringgold-vs-sonoraville-calhoun/9-28-2026/?c=5888f8ae-2d75-4707-b465-6c7e0ccd0927","/softball/ga/fd4?9/28/2026","Generals","Phoenix","https://www.maxpreps.com/ga/heritage-ringgold/boys-softball/","https://www.maxpreps.com/ga/sonoraville-calhoun/boys-softball/","https://hsfootball.net/proxy.php?url=https%3A%2F%2Fimage.maxpreps.io%2Fschool-mascot%2F9%2Fe%2F7%2F9e79d796-20df-45f8-8fb1-66a36e9cc365.gif%3Fversion%3D639178764275828660%26amp%3Bwidth%3D128%26amp%3Bheight%3D128%26amp%3Bauto%3Dwebp%26amp%3Bformat%3Dpjpg","https://hsfootball.net/proxy.php?url=https%3A%2F%2Fimage.maxpreps.io%2Fschool-mascot%2F8%2Fb%2Fb%2F8bb9607d-f501-43b8-a98b-673e645aaaa7.gif%3Fversion%3D639178764270447160%26amp%3Bwidth%3D128%26amp%3Bheight%3D128%26amp%3Bauto%3Dwebp%26amp%3Bformat%3Dpjpg"
40,"Baldwin vs Northside",Boys Softball,"Georgia",9/28/2026,5:30pm,"The Baldwin varsity softball team has an away non-conference game @  Northside (Warner Robins, GA) on Monday, September 28 @ 5:30p.","/ga/softball/game/baldwin-milledgeville-vs-northside-warner-robins/9-28-2026/?c=ba762754-e3b7-40bd-bf4b-81c017042438","https://www.maxpreps.com/ga/softball/game/baldwin-milledgeville-vs-northside-warner-robins/9-28-2026/?c=ba762754-e3b7-40bd-bf4b-81c017042438","/softball/ga/12f6?9/28/2026","Braves","Eagles","https://www.maxpreps.com/ga/baldwin-milledgeville/boys-softball/","https://www.maxpreps.com/ga/northside-warner-robins/boys-softball/","https://hsfootball.net/proxy.php?url=https%3A%2F%2Fimage.maxpreps.io%2Fschool-mascot%2F4%2Fe%2F9%2F4e970278-e8a3-4275-9de5-261971629eaf.gif%3Fversion%3D638779741620762120%26amp%3Bwidth%3D128%26amp%3Bheight%3D128%26amp%3Bauto%3Dwebp%26amp%3Bformat%3Dpjpg","https://hsfootball.net/proxy.php?url=https%3A%2F%2Fimage.maxpreps.io%2Fschool-mascot%2Fd%2F3%2F2%2Fd323dc2c-7c2d-4664-8f80-0d3f76c10162.gif%3Fversion%3D637856051400000000%26amp%3Bwidth%3D128%26amp%3Bheight%3D128%26amp%3Bauto%3Dwebp%26amp%3Bformat%3Dpjpg"
41,"Miller Grove vs Clarkston",Boys Softball,"Georgia",9/28/2026,5:30pm,"The Miller Grove varsity softball team has an away non-conference game @  Clarkston (GA) on Monday, September 28 @ 5:30p.","/ga/softball/game/clarkston-vs-miller-grove-lithonia/9-28-2026/?c=99c72106-07c0-49c0-9b7f-b59bfa0714b0","https://www.maxpreps.com/ga/softball/game/clarkston-vs-miller-grove-lithonia/9-28-2026/?c=99c72106-07c0-49c0-9b7f-b59bfa0714b0","/softball/ga/d6e?9/28/2026","Wolverines","Angoras","https://www.maxpreps.com/ga/clarkston/boys-softball/","https://www.maxpreps.com/ga/miller-grove-lithonia/boys-softball/","https://hsfootball.net/proxy.php?url=https%3A%2F%2Fimage.maxpreps.io%2Fschool-mascot%2Fa%2F4%2F5%2Fa454aeed-206d-45f7-8aa1-5fcc185f9dbd.gif%3Fversion%3D639134131043540920%26amp%3Bwidth%3D128%26amp%3Bheight%3D128%26amp%3Bauto%3Dwebp%26amp%3Bformat%3Dpjpg","https://hsfootball.net/proxy.php?url=https%3A%2F%2Fimage.maxpreps.io%2Fschool-mascot%2Ff%2Fb%2Fc%2Ffbcaab40-43ed-4291-bfe0-1e0200e4c98a.gif%3Fversion%3D639180161700553100%26amp%3Bwidth%3D128%26amp%3Bheight%3D128%26amp%3Bauto%3Dwebp%26amp%3Bformat%3Dpjpg"
42,"Evans vs Thomson",Boys Softball,"Georgia",9/28/2026,5:30pm,"The Evans varsity softball team has an away non-conference game @  Thomson (GA) on Monday, September 28 @ 5:30p.","/ga/softball/game/evans-vs-thomson/9-28-2026/?c=aff3e7a9-39fc-4509-bb53-6f112662aed6","https://www.maxpreps.com/ga/softball/game/evans-vs-thomson/9-28-2026/?c=aff3e7a9-39fc-4509-bb53-6f112662aed6","/softball/ga/668?9/28/2026","Knights","Bulldogs","https://www.maxpreps.com/ga/evans/boys-softball/","https://www.maxpreps.com/ga/thomson/boys-softball/","https://hsfootball.net/proxy.php?url=https%3A%2F%2Fimage.maxpreps.io%2Fschool-mascot%2F4%2F0%2Ff%2F40fe0c22-b4b2-4861-beb2-9d40b658f883.gif%3Fversion%3D637170920400000000%26amp%3Bwidth%3D128%26amp%3Bheight%3D128%26amp%3Bauto%3Dwebp%26amp%3Bformat%3Dpjpg","https://hsfootball.net/proxy.php?url=https%3A%2F%2Fimage.maxpreps.io%2Fschool-mascot%2F0%2F6%2Fb%2F06b08f6f-f034-4b37-be88-457e06f13c26.gif%3Fversion%3D639179251269283720%26amp%3Bwidth%3D128%26amp%3Bheight%3D128%26amp%3Bauto%3Dwebp%26amp%3Bformat%3Dpjpg"
43,"Glynn Academy vs Long County",Boys Softball,"Georgia",9/28/2026,5:30pm,"The Glynn Academy varsity softball team has an away non-conference game @  Long County (Ludowici, GA) on Monday, September 28 @ 5:30p.","/ga/softball/game/glynn-academy-brunswick-vs-long-county-ludowici/9-28-2026/?c=8d63d5ad-aaa1-44eb-8e99-58ba8b076625","https://www.maxpreps.com/ga/softball/game/glynn-academy-brunswick-vs-long-county-ludowici/9-28-2026/?c=8d63d5ad-aaa1-44eb-8e99-58ba8b076625","/softball/ga/127d?9/28/2026","Terrors","Blue Tide","https://www.maxpreps.com/ga/glynn-academy-brunswick/boys-softball/","https://www.maxpreps.com/ga/long-county-ludowici/boys-softball/","https://hsfootball.net/proxy.php?url=https%3A%2F%2Fimage.maxpreps.io%2Fschool-mascot%2F4%2F0%2F5%2F4054c07f-06d4-4b29-abfe-b7d98ed625c5.gif%3Fversion%3D639129168686151680%26amp%3Bwidth%3D128%26amp%3Bheight%3D128%26amp%3Bauto%3Dwebp%26amp%3Bformat%3Dpjpg","https://hsfootball.net/proxy.php?url=https%3A%2F%2Fimage.maxpreps.io%2Fschool-mascot%2Fc%2Fd%2F9%2Fcd989ae1-f746-4a93-8719-77d0caa7a1fa.gif%3Fversion%3D639127247857894650%26amp%3Bwidth%3D128%26amp%3Bheight%3D128%26amp%3Bauto%3Dwebp%26amp%3Bformat%3Dpjpg"
44,"Douglass vs Cedar Grove",Boys Softball,"Georgia",9/28/2026,5:30pm,"The Douglass varsity softball team has an away non-conference game @  Cedar Grove (Ellenwood, GA) on Monday, September 28 @ 5:30p.","/ga/softball/game/cedar-grove-ellenwood-vs-douglass-atlanta/9-28-2026/?c=f7e4ae68-3631-4d5f-ad6b-47a6f30956bb","https://www.maxpreps.com/ga/softball/game/cedar-grove-ellenwood-vs-douglass-atlanta/9-28-2026/?c=f7e4ae68-3631-4d5f-ad6b-47a6f30956bb","/softball/ga/ffc?9/28/2026","Astros","Saints","https://www.maxpreps.com/ga/cedar-grove-ellenwood/boys-softball/","https://www.maxpreps.com/ga/douglass-atlanta/boys-softball/","https://hsfootball.net/proxy.php?url=https%3A%2F%2Fimage.maxpreps.io%2Fschool-mascot%2Ff%2Fd%2Fe%2Ffdea45ee-f728-4951-9eb0-3966020ca04c.gif%3Fversion%3D639179251213732670%26amp%3Bwidth%3D128%26amp%3Bheight%3D128%26amp%3Bauto%3Dwebp%26amp%3Bformat%3Dpjpg","https://hsfootball.net/proxy.php?url=https%3A%2F%2Fimage.maxpreps.io%2Fschool-mascot%2F9%2F0%2F5%2F9057865e-82c0-4da7-a775-d3f219e37794.gif%3Fversion%3D639188602833371580%26amp%3Bwidth%3D128%26amp%3Bheight%3D128%26amp%3Bauto%3Dwebp%26amp%3Bformat%3Dpjpg"
45,"Cedartown vs Allatoona",Boys Softball,"Georgia",9/28/2026,5:30pm,"The Cedartown varsity softball team has an away conference game @  Allatoona (Acworth, GA) on Monday, September 28 @ 5:30p.","/ga/softball/game/allatoona-acworth-vs-cedartown/9-28-2026/?c=e334a67b-4bd2-4940-aefd-e54d98ccaeb6","https://www.maxpreps.com/ga/softball/game/allatoona-acworth-vs-cedartown/9-28-2026/?c=e334a67b-4bd2-4940-aefd-e54d98ccaeb6","/softball/ga/bea?9/28/2026","Bulldogs","Buccaneers","https://www.maxpreps.com/ga/allatoona-acworth/boys-softball/","https://www.maxpreps.com/ga/cedartown/boys-softball/","https://hsfootball.net/proxy.php?url=https%3A%2F%2Fimage.maxpreps.io%2Fschool-mascot%2F2%2F6%2Fb%2F26bd515a-2796-4a32-9c2b-6dd9107b74f5.gif%3Fversion%3D639223223495800790%26amp%3Bwidth%3D128%26amp%3Bheight%3D128%26amp%3Bauto%3Dwebp%26amp%3Bformat%3Dpjpg","https://hsfootball.net/proxy.php?url=https%3A%2F%2Fimage.maxpreps.io%2Fschool-mascot%2F2%2Fa%2F6%2F2a6b07f4-5938-4091-8b54-9df7ec4d1f58.gif%3Fversion%3D639129168656555700%26amp%3Bwidth%3D128%26amp%3Bheight%3D128%26amp%3Bauto%3Dwebp%26amp%3Bformat%3Dpjpg"
46,"Chattooga Summerville vs Coosa Rome",Boys Softball,"Georgia",9/28/2026,TBD,"The Coosa Rome varsity softball team has a game @ Chattooga Summerville (Georgia).","/ga/softball/game/chattooga-summerville-vs-coosa-rome/9-28-2026/?c=e98b153e-62f5-49c9-9e1a-e920482298af","https://www.maxpreps.com/ga/softball/game/chattooga-summerville-vs-coosa-rome/9-28-2026/?c=e98b153e-62f5-49c9-9e1a-e920482298af","/softball/ga/dd4?9/28/2026","Summerville","Rome","https://www.maxpreps.com/ga/chattooga-summerville/boys-softball/","https://www.maxpreps.com/ga/coosa-rome/boys-softball/","",""