1,"Williamson vs Pine Forest",Football,"Alabama",9/10/2026,7:00pm,"The Williamson varsity football team has an away non-conference game @  Pine Forest (Pensacola, FL) on Thursday, September 10 @ 7p.","/inter-state/football/game/pine-forest-pensacola-fl-vs-williamson-mobile-al/9-10-2026/?c=b48ca10a-920f-4d26-896f-6434b1a3086b","https://www.maxpreps.com/inter-state/football/game/pine-forest-pensacola-fl-vs-williamson-mobile-al/9-10-2026/?c=b48ca10a-920f-4d26-896f-6434b1a3086b","/football/al/126f?9/10/2026","Lions","Eagles","https://www.maxpreps.com/al/pine-forest-pensacola-fl/football/","https://www.maxpreps.com/al/williamson-mobile-al/football/","https://hsfootball.net/proxy.php?url=https%3A%2F%2Fimage.maxpreps.io%2Fschool-mascot%2F3%2F5%2F5%2F355baefa-ed80-4252-8fd0-e4d9f4383788.gif%3Fversion%3D638253706200000000%26amp%3Bwidth%3D128%26amp%3Bheight%3D128%26amp%3Bauto%3Dwebp%26amp%3Bformat%3Dpjpg","https://hsfootball.net/proxy.php?url=https%3A%2F%2Fimage.maxpreps.io%2Fschool-mascot%2Ff%2F6%2F4%2Ff64eb451-c381-42d0-afd0-7e4a0143f336.gif%3Fversion%3D636391719600000000%26amp%3Bwidth%3D128%26amp%3Bheight%3D128%26amp%3Bauto%3Dwebp%26amp%3Bformat%3Dpjpg"
1,"Poland vs Winthrop",Football,"Maine",9/24/2026,6:00pm,"The Poland varsity football team has an away conference game @  Winthrop (ME) on Thursday, September 24 @ 6p.","/me/football/game/poland-vs-winthrop/9-24-2026/?c=c18a1eaa-b107-4083-82cf-565c0cd0ba91","https://www.maxpreps.com/me/football/game/poland-vs-winthrop/9-24-2026/?c=c18a1eaa-b107-4083-82cf-565c0cd0ba91","/football/me/73c?9/24/2026","Knights","Ramblers","https://www.maxpreps.com/me/poland/football/","https://www.maxpreps.com/me/winthrop/football/","https://hsfootball.net/proxy.php?url=https%3A%2F%2Fimage.maxpreps.io%2Fschool-mascot%2F6%2F0%2Fe%2F60e29dfb-d4ff-469d-84c0-954c1bd04d4d.gif%3Fversion%3D639088179365269530%26amp%3Bwidth%3D128%26amp%3Bheight%3D128%26amp%3Bauto%3Dwebp%26amp%3Bformat%3Dpjpg","https://hsfootball.net/proxy.php?url=https%3A%2F%2Fimage.maxpreps.io%2Fschool-mascot%2F6%2Fd%2Fb%2F6dbc58fd-d1da-4088-bb69-b68ed39af9fd.gif%3Fversion%3D637804372200000000%26amp%3Bwidth%3D128%26amp%3Bheight%3D128%26amp%3Bauto%3Dwebp%26amp%3Bformat%3Dpjpg"
2,"Old Orchard Beach vs Old Town",Football,"Maine",9/24/2026,6:00pm,"The Old Orchard Beach varsity football team has an away non-conference game @  Old Town (ME) on Thursday, September 24 @ 6p.","/me/football/game/old-orchard-beach-vs-old-town/9-24-2026/?c=90bddbb6-4c0b-47e1-b3b2-0cff24f8ed5f","https://www.maxpreps.com/me/football/game/old-orchard-beach-vs-old-town/9-24-2026/?c=90bddbb6-4c0b-47e1-b3b2-0cff24f8ed5f","/football/me/ae6?9/24/2026","Seagulls","Indians","https://www.maxpreps.com/me/old-orchard-beach/football/","https://www.maxpreps.com/me/old-town/football/","https://hsfootball.net/proxy.php?url=https%3A%2F%2Fimage.maxpreps.io%2Fschool-mascot%2Fe%2F1%2F7%2Fe17c41e2-4fbf-4756-aae3-4ae49405dd31.gif%3Fversion%3D637804372800000000%26amp%3Bwidth%3D128%26amp%3Bheight%3D128%26amp%3Bauto%3Dwebp%26amp%3Bformat%3Dpjpg","https://hsfootball.net/proxy.php?url=https%3A%2F%2Fimage.maxpreps.io%2Fschool-mascot%2Fa%2F1%2F2%2Fa12561eb-6262-4717-99fd-c614fbe75f71.gif%3Fversion%3D635131746600000000%26amp%3Bwidth%3D128%26amp%3Bheight%3D128%26amp%3Bauto%3Dwebp%26amp%3Bformat%3Dpjpg"
3,"Homestead vs Columbus",Football,"Maine",9/24/2026,6:00pm,"The Homestead varsity football team has an away conference game @  Columbus (Miami, FL) on Thursday, September 24 @ 6p.","/fl/football/game/columbus-miami-vs-homestead/9-24-2026/?c=300d79e0-4d1d-49e5-9fc2-4225bd35136e","https://www.maxpreps.com/fl/football/game/columbus-miami-vs-homestead/9-24-2026/?c=300d79e0-4d1d-49e5-9fc2-4225bd35136e","/football/me/aa1?9/24/2026","Broncos","Explorers","https://www.maxpreps.com/me/columbus-miami/football/","https://www.maxpreps.com/me/homestead/football/","https://hsfootball.net/proxy.php?url=https%3A%2F%2Fimage.maxpreps.io%2Fschool-mascot%2F1%2F0%2F8%2F10803795-fd5a-4502-952a-a20e3296e09f.gif%3Fversion%3D638364474600000000%26amp%3Bwidth%3D128%26amp%3Bheight%3D128%26amp%3Bauto%3Dwebp%26amp%3Bformat%3Dpjpg","https://hsfootball.net/proxy.php?url=https%3A%2F%2Fimage.maxpreps.io%2Fschool-mascot%2F5%2Fc%2Fe%2F5ce85d4b-4ce3-48ca-8b24-2a304bba4853.gif%3Fversion%3D637698085200000000%26amp%3Bwidth%3D128%26amp%3Bheight%3D128%26amp%3Bauto%3Dwebp%26amp%3Bformat%3Dpjpg"
4,"Olympic Heights vs West Boca Raton",Football,"Maine",9/24/2026,6:30pm,"The Olympic Heights varsity football team has an away conference game @  West Boca Raton (Boca Raton, FL) on Thursday, September 24 @ 6:30p.","/fl/football/game/olympic-heights-boca-raton-vs-west-boca-raton/9-24-2026/?c=1b86378d-c7d7-4f2b-9c93-ff8001e44a54","https://www.maxpreps.com/fl/football/game/olympic-heights-boca-raton-vs-west-boca-raton/9-24-2026/?c=1b86378d-c7d7-4f2b-9c93-ff8001e44a54","/football/me/1142?9/24/2026","Lions","Bulls","https://www.maxpreps.com/me/olympic-heights-boca-raton/football/","https://www.maxpreps.com/me/west-boca-raton/football/","https://hsfootball.net/proxy.php?url=https%3A%2F%2Fimage.maxpreps.io%2Fschool-mascot%2Ff%2F1%2F6%2Ff16a8050-1ca8-410f-806b-e0ed8863662b.gif%3Fversion%3D636969628800000000%26amp%3Bwidth%3D128%26amp%3Bheight%3D128%26amp%3Bauto%3Dwebp%26amp%3Bformat%3Dpjpg","https://hsfootball.net/proxy.php?url=https%3A%2F%2Fimage.maxpreps.io%2Fschool-mascot%2Fe%2F7%2F9%2Fe7903dfb-37a9-4b3b-af93-19f0569f5114.gif%3Fversion%3D638296082400000000%26amp%3Bwidth%3D128%26amp%3Bheight%3D128%26amp%3Bauto%3Dwebp%26amp%3Bformat%3Dpjpg"
1,"North vs Como Park/Washington Tech",Football,"Minnesota",9/12/2026,1:00pm,"The North varsity football team has an away non-conference game @  Como Park/Washington Tech (St. Paul, MN) on Saturday, September 12 @ 1p.","/mn/football/game/como-park-washington-tech-st-paul-vs-north-north-st-paul/9-12-2026/?c=59109b80-d76c-4cf7-918f-02998661c638","https://www.maxpreps.com/mn/football/game/como-park-washington-tech-st-paul-vs-north-north-st-paul/9-12-2026/?c=59109b80-d76c-4cf7-918f-02998661c638","/football/mn/1575?9/12/2026","Polars","TBD","https://www.maxpreps.com/mn/como-park-washington-tech-st-paul/football/","https://www.maxpreps.com/mn/north-north-st-paul/football/","https://hsfootball.net/proxy.php?url=https%3A%2F%2Fimage.maxpreps.io%2Fschool-mascot%2Ff%2F3%2F9%2Ff398b7c5-7246-470b-86bb-8cbc67dd89b2.gif%3Fversion%3D634813338600000000%26amp%3Bwidth%3D128%26amp%3Bheight%3D128%26amp%3Bauto%3Dwebp%26amp%3Bformat%3Dpjpg","https://hsfootball.net/proxy.php?url=https%3A%2F%2Fimage.maxpreps.io%2Fschool-mascot%2Ff%2F3%2F9%2Ff398b7c5-7246-470b-86bb-8cbc67dd89b2.gif%3Fversion%3D634813338600000000%26amp%3Bwidth%3D64%26amp%3Bheight%3D64%26amp%3Bauto%3Dwebp%26amp%3Bformat%3Dpjpg"
2,"Inderkum vs Santa Margarita",Football,"Minnesota",9/12/2026,8:10pm,"The Inderkum varsity football team has a neutral non-conference game vs.  Santa Margarita (Rancho Santa Margarita, CA) on Saturday, September 12 @ 8:10p.","/ca/football/game/inderkum-sacramento-vs-santa-margarita-rancho-santa-margarita/9-12-2026/?c=21fdf804-b7af-4df0-8cbb-f3095027368d","https://www.maxpreps.com/ca/football/game/inderkum-sacramento-vs-santa-margarita-rancho-santa-margarita/9-12-2026/?c=21fdf804-b7af-4df0-8cbb-f3095027368d","/football/mn/17c9?9/12/2026","Tigers","Eagles","https://www.maxpreps.com/mn/inderkum-sacramento/football/","https://www.maxpreps.com/mn/santa-margarita-rancho-santa-margarita/football/","https://hsfootball.net/proxy.php?url=https%3A%2F%2Fimage.maxpreps.io%2Fschool-mascot%2F4%2F6%2F6%2F4661f37c-4ffa-40cf-b937-9f7590b1a6a0.gif%3Fversion%3D635887127400000000%26amp%3Bwidth%3D128%26amp%3Bheight%3D128%26amp%3Bauto%3Dwebp%26amp%3Bformat%3Dpjpg","https://hsfootball.net/proxy.php?url=https%3A%2F%2Fimage.maxpreps.io%2Fschool-mascot%2Ff%2Ff%2F4%2Fff429903-681b-4ad1-abd7-356a7492395e.gif%3Fversion%3D636830746200000000%26amp%3Bwidth%3D128%26amp%3Bheight%3D128%26amp%3Bauto%3Dwebp%26amp%3Bformat%3Dpjpg"
1,"Mahnomen/Waubun vs Red Lake",Football,"Minnesota",9/17/2026,6:30pm,"The Mahnomen/Waubun varsity football team has an away conference game @  Red Lake (MN) on Thursday, September 17 @ 6:30p.","/mn/football/game/mahnomen-waubun-vs-red-lake/9-17-2026/?c=86bb3830-c955-40fe-acb7-d00c18f2ffe9","https://www.maxpreps.com/mn/football/game/mahnomen-waubun-vs-red-lake/9-17-2026/?c=86bb3830-c955-40fe-acb7-d00c18f2ffe9","/football/mn/a5a?9/17/2026","Thunderbirds","Warriors","https://www.maxpreps.com/mn/mahnomen-waubun/football/","https://www.maxpreps.com/mn/red-lake/football/","https://hsfootball.net/proxy.php?url=https%3A%2F%2Fimage.maxpreps.io%2Fschool-mascot%2F5%2Fe%2F2%2F5e265696-9f7a-4e32-bc32-dc798b59d3d3.gif%3Fversion%3D636685603200000000%26amp%3Bwidth%3D128%26amp%3Bheight%3D128%26amp%3Bauto%3Dwebp%26amp%3Bformat%3Dpjpg","https://hsfootball.net/proxy.php?url=https%3A%2F%2Fimage.maxpreps.io%2Fschool-mascot%2F9%2Fd%2Fe%2F9de7141f-bbb0-4b37-be5d-1a0bdd0dcc05.gif%3Fversion%3D637183066800000000%26amp%3Bwidth%3D128%26amp%3Bheight%3D128%26amp%3Bauto%3Dwebp%26amp%3Bformat%3Dpjpg"
2,"Dover-Eyota vs Lourdes",Football,"Minnesota",9/17/2026,7:00pm,"The Dover-Eyota varsity football team has an away conference game @  Lourdes (Rochester, MN) on Thursday, September 17 @ 7p.","/mn/football/game/dover-eyota-vs-lourdes-rochester/9-17-2026/?c=fc03c4ad-2b82-41d2-a6d0-3698be112faa","https://www.maxpreps.com/mn/football/game/dover-eyota-vs-lourdes-rochester/9-17-2026/?c=fc03c4ad-2b82-41d2-a6d0-3698be112faa","/football/mn/cac?9/17/2026","Eagles","Eagles","https://www.maxpreps.com/mn/dover-eyota/football/","https://www.maxpreps.com/mn/lourdes-rochester/football/","https://hsfootball.net/proxy.php?url=https%3A%2F%2Fimage.maxpreps.io%2Fschool-mascot%2F4%2Fc%2F0%2F4c070ea4-8aef-4344-bfef-04a0f9d1340a.gif%3Fversion%3D636763989000000000%26amp%3Bwidth%3D128%26amp%3Bheight%3D128%26amp%3Bauto%3Dwebp%26amp%3Bformat%3Dpjpg","https://hsfootball.net/proxy.php?url=https%3A%2F%2Fimage.maxpreps.io%2Fschool-mascot%2F6%2Ff%2F9%2F6f94da0d-7dec-4593-bfa0-8546ceb20257.gif%3Fversion%3D637976340000000000%26amp%3Bwidth%3D128%26amp%3Bheight%3D128%26amp%3Bauto%3Dwebp%26amp%3Bformat%3Dpjpg"
3,"Allen vs Prosper",Football,"Minnesota",9/17/2026,7:00pm,"The Allen varsity football team has an away conference game @  Prosper (TX) on Thursday, September 17 @ 7p.","/tx/football/game/allen-vs-prosper/9-17-2026/?c=f143e3b2-a934-4418-9fc7-b8e5d3921058","https://www.maxpreps.com/tx/football/game/allen-vs-prosper/9-17-2026/?c=f143e3b2-a934-4418-9fc7-b8e5d3921058","/football/mn/65a?9/17/2026","Eagles","Eagles","https://www.maxpreps.com/mn/allen/football/","https://www.maxpreps.com/mn/prosper/football/","https://hsfootball.net/proxy.php?url=https%3A%2F%2Fimage.maxpreps.io%2Fschool-mascot%2F0%2Fb%2Fa%2F0bad373d-33a2-45b6-b1d4-6c55e876344c.gif%3Fversion%3D639215103242455420%26amp%3Bwidth%3D128%26amp%3Bheight%3D128%26amp%3Bauto%3Dwebp%26amp%3Bformat%3Dpjpg","https://hsfootball.net/proxy.php?url=https%3A%2F%2Fimage.maxpreps.io%2Fschool-mascot%2Fb%2F6%2Fc%2Fb6c18ae1-e940-4b17-ae18-b8796459c260.gif%3Fversion%3D634861629600000000%26amp%3Bwidth%3D128%26amp%3Bheight%3D128%26amp%3Bauto%3Dwebp%26amp%3Bformat%3Dpjpg"
1,"Kelley vs South Ridge",Football,"Minnesota",9/24/2026,7:00pm,"The Kelley varsity football team has an away conference game @  South Ridge (Culver, MN) on Thursday, September 24 @ 7p.","/mn/football/game/kelley-silver-bay-vs-south-ridge-culver/9-24-2026/?c=fedadbd8-db40-4b4d-a510-711075e1930d","https://www.maxpreps.com/mn/football/game/kelley-silver-bay-vs-south-ridge-culver/9-24-2026/?c=fedadbd8-db40-4b4d-a510-711075e1930d","/football/mn/f1d?9/24/2026","Mariners","Panthers","https://www.maxpreps.com/mn/kelley-silver-bay/football/","https://www.maxpreps.com/mn/south-ridge-culver/football/","https://hsfootball.net/proxy.php?url=https%3A%2F%2Fimage.maxpreps.io%2Fschool-mascot%2F3%2F4%2F5%2F345220a5-654d-460d-af8d-d74bfc86ad05.gif%3Fversion%3D637729166400000000%26amp%3Bwidth%3D128%26amp%3Bheight%3D128%26amp%3Bauto%3Dwebp%26amp%3Bformat%3Dpjpg","https://hsfootball.net/proxy.php?url=https%3A%2F%2Fimage.maxpreps.io%2Fschool-mascot%2F3%2F4%2F5%2F345220a5-654d-460d-af8d-d74bfc86ad05.gif%3Fversion%3D637729166400000000%26amp%3Bwidth%3D64%26amp%3Bheight%3D64%26amp%3Bauto%3Dwebp%26amp%3Bformat%3Dpjpg"
2,"North Woods vs Littlefork-Big Falls",Football,"Minnesota",9/24/2026,7:00pm,"The North Woods varsity football team has an away conference game @  Littlefork-Big Falls (Littlefork, MN) on Thursday, September 24 @ 7p.","/mn/football/game/littlefork-big-falls-vs-north-woods-cook/9-24-2026/?c=dfb0db19-6a43-4dfd-a433-cb8f93f97bac","https://www.maxpreps.com/mn/football/game/littlefork-big-falls-vs-north-woods-cook/9-24-2026/?c=dfb0db19-6a43-4dfd-a433-cb8f93f97bac","/football/mn/f7e?9/24/2026","grizzlies","Vikings","https://www.maxpreps.com/mn/littlefork-big-falls/football/","https://www.maxpreps.com/mn/north-woods-cook/football/","https://hsfootball.net/proxy.php?url=https%3A%2F%2Fimage.maxpreps.io%2Fschool-mascot%2F3%2F5%2F4%2F354c69ff-e75b-4870-9552-9b44691062ca.gif%3Fversion%3D636803038200000000%26amp%3Bwidth%3D128%26amp%3Bheight%3D128%26amp%3Bauto%3Dwebp%26amp%3Bformat%3Dpjpg","https://hsfootball.net/proxy.php?url=https%3A%2F%2Fimage.maxpreps.io%2Fschool-mascot%2F3%2F5%2F4%2F354c69ff-e75b-4870-9552-9b44691062ca.gif%3Fversion%3D636803038200000000%26amp%3Bwidth%3D64%26amp%3Bheight%3D64%26amp%3Bauto%3Dwebp%26amp%3Bformat%3Dpjpg"
3,"Pine Island vs Cotter/Hope Lutheran/Riverway/Meinke HomeSchool",Football,"Minnesota",9/24/2026,7:00pm,"The Pine Island varsity football team has an away conference game @  Cotter/Hope Lutheran/Riverway/Meinke HomeSchool (Winona, MN) on Thursday, September 24 @ 7p.","/mn/football/game/cotter-hope-lutheran-riverway-meinke-homeschool-winona-vs-pine-island/9-24-2026/?c=a88c68bc-8a39-41de-b009-091cfb9e963f","https://www.maxpreps.com/mn/football/game/cotter-hope-lutheran-riverway-meinke-homeschool-winona-vs-pine-island/9-24-2026/?c=a88c68bc-8a39-41de-b009-091cfb9e963f","/football/mn/1af4?9/24/2026","Panthers","TBD","https://www.maxpreps.com/mn/cotter-hope-lutheran-riverway-meinke-homeschool-winona/football/","https://www.maxpreps.com/mn/pine-island/football/","https://hsfootball.net/proxy.php?url=https%3A%2F%2Fimage.maxpreps.io%2Fschool-mascot%2F6%2F9%2F8%2F69863e88-b0a3-45cf-93eb-36757d860a51.gif%3Fversion%3D636269980200000000%26amp%3Bwidth%3D128%26amp%3Bheight%3D128%26amp%3Bauto%3Dwebp%26amp%3Bformat%3Dpjpg","https://hsfootball.net/proxy.php?url=https%3A%2F%2Fimage.maxpreps.io%2Fschool-mascot%2F6%2F9%2F8%2F69863e88-b0a3-45cf-93eb-36757d860a51.gif%3Fversion%3D636269980200000000%26amp%3Bwidth%3D64%26amp%3Bheight%3D64%26amp%3Bauto%3Dwebp%26amp%3Bformat%3Dpjpg"
4,"Homestead vs Columbus",Football,"Minnesota",9/24/2026,6:00pm,"The Homestead varsity football team has an away conference game @  Columbus (Miami, FL) on Thursday, September 24 @ 6p.","/fl/football/game/columbus-miami-vs-homestead/9-24-2026/?c=300d79e0-4d1d-49e5-9fc2-4225bd35136e","https://www.maxpreps.com/fl/football/game/columbus-miami-vs-homestead/9-24-2026/?c=300d79e0-4d1d-49e5-9fc2-4225bd35136e","/football/mn/aa1?9/24/2026","Broncos","Explorers","https://www.maxpreps.com/mn/columbus-miami/football/","https://www.maxpreps.com/mn/homestead/football/","https://hsfootball.net/proxy.php?url=https%3A%2F%2Fimage.maxpreps.io%2Fschool-mascot%2F1%2F0%2F8%2F10803795-fd5a-4502-952a-a20e3296e09f.gif%3Fversion%3D638364474600000000%26amp%3Bwidth%3D128%26amp%3Bheight%3D128%26amp%3Bauto%3Dwebp%26amp%3Bformat%3Dpjpg","https://hsfootball.net/proxy.php?url=https%3A%2F%2Fimage.maxpreps.io%2Fschool-mascot%2F5%2Fc%2Fe%2F5ce85d4b-4ce3-48ca-8b24-2a304bba4853.gif%3Fversion%3D637698085200000000%26amp%3Bwidth%3D128%26amp%3Bheight%3D128%26amp%3Bauto%3Dwebp%26amp%3Bformat%3Dpjpg"
5,"Olympic Heights vs West Boca Raton",Football,"Minnesota",9/24/2026,6:30pm,"The Olympic Heights varsity football team has an away conference game @  West Boca Raton (Boca Raton, FL) on Thursday, September 24 @ 6:30p.","/fl/football/game/olympic-heights-boca-raton-vs-west-boca-raton/9-24-2026/?c=1b86378d-c7d7-4f2b-9c93-ff8001e44a54","https://www.maxpreps.com/fl/football/game/olympic-heights-boca-raton-vs-west-boca-raton/9-24-2026/?c=1b86378d-c7d7-4f2b-9c93-ff8001e44a54","/football/mn/1142?9/24/2026","Lions","Bulls","https://www.maxpreps.com/mn/olympic-heights-boca-raton/football/","https://www.maxpreps.com/mn/west-boca-raton/football/","https://hsfootball.net/proxy.php?url=https%3A%2F%2Fimage.maxpreps.io%2Fschool-mascot%2Ff%2F1%2F6%2Ff16a8050-1ca8-410f-806b-e0ed8863662b.gif%3Fversion%3D636969628800000000%26amp%3Bwidth%3D128%26amp%3Bheight%3D128%26amp%3Bauto%3Dwebp%26amp%3Bformat%3Dpjpg","https://hsfootball.net/proxy.php?url=https%3A%2F%2Fimage.maxpreps.io%2Fschool-mascot%2Fe%2F7%2F9%2Fe7903dfb-37a9-4b3b-af93-19f0569f5114.gif%3Fversion%3D638296082400000000%26amp%3Bwidth%3D128%26amp%3Bheight%3D128%26amp%3Bauto%3Dwebp%26amp%3Bformat%3Dpjpg"
1,"Alexandria vs Elk River",Football,"Minnesota",9/25/2026,6:00pm,"The Alexandria varsity football team has an away non-conference game @  Elk River (MN) on Friday, September 25 @ 6p.","/mn/football/game/alexandria-vs-elk-river/9-25-2026/?c=2224d4aa-505f-489c-b970-94274e570e5c","https://www.maxpreps.com/mn/football/game/alexandria-vs-elk-river/9-25-2026/?c=2224d4aa-505f-489c-b970-94274e570e5c","/football/mn/8ed?9/25/2026","Cardinals","Elks","https://www.maxpreps.com/mn/alexandria/football/","https://www.maxpreps.com/mn/elk-river/football/","https://hsfootball.net/proxy.php?url=https%3A%2F%2Fimage.maxpreps.io%2Fschool-mascot%2Fe%2F6%2Fa%2Fe6abd9dc-c3bd-4036-a27d-af0ac013247d.gif%3Fversion%3D635844775200000000%26amp%3Bwidth%3D128%26amp%3Bheight%3D128%26amp%3Bauto%3Dwebp%26amp%3Bformat%3Dpjpg","https://hsfootball.net/proxy.php?url=https%3A%2F%2Fimage.maxpreps.io%2Fschool-mascot%2Fb%2F4%2Ff%2Fb4f9e132-39a7-41ad-bc7c-bdbf6b58bfd7.gif%3Fversion%3D636211116000000000%26amp%3Bwidth%3D128%26amp%3Bheight%3D128%26amp%3Bauto%3Dwebp%26amp%3Bformat%3Dpjpg"
2,"Chanhassen vs St. Thomas Academy",Football,"Minnesota",9/25/2026,6:00pm,"The Chanhassen varsity football team has an away non-conference game @  St. Thomas Academy (Mendota Heights, MN) on Friday, September 25 @ 6p.","/mn/football/game/chanhassen-vs-st-thomas-academy-mendota-heights/9-25-2026/?c=69b593dd-ddd3-4fb8-9655-57d0416568c4","https://www.maxpreps.com/mn/football/game/chanhassen-vs-st-thomas-academy-mendota-heights/9-25-2026/?c=69b593dd-ddd3-4fb8-9655-57d0416568c4","/football/mn/122e?9/25/2026","Storm","Cadets","https://www.maxpreps.com/mn/chanhassen/football/","https://www.maxpreps.com/mn/st-thomas-academy-mendota-heights/football/","https://hsfootball.net/proxy.php?url=https%3A%2F%2Fimage.maxpreps.io%2Fschool-mascot%2F8%2Fa%2F3%2F8a3216a6-2b84-4dd4-ab02-825ffb5754ca.gif%3Fversion%3D635779839000000000%26amp%3Bwidth%3D128%26amp%3Bheight%3D128%26amp%3Bauto%3Dwebp%26amp%3Bformat%3Dpjpg","https://hsfootball.net/proxy.php?url=https%3A%2F%2Fimage.maxpreps.io%2Fschool-mascot%2Fb%2Fd%2F8%2Fbd80a03d-97f1-485f-aed3-1d12de3eb225.gif%3Fversion%3D637037099400000000%26amp%3Bwidth%3D128%26amp%3Bheight%3D128%26amp%3Bauto%3Dwebp%26amp%3Bformat%3Dpjpg"
3,"St. Francis vs Monticello",Football,"Minnesota",9/25/2026,7:00pm,"The St. Francis varsity football team has an away conference game @  Monticello (MN) on Friday, September 25 @ 7p.","/mn/football/game/monticello-vs-st-francis/9-25-2026/?c=a404a443-23bf-4cd8-9df8-d945692b4858","https://www.maxpreps.com/mn/football/game/monticello-vs-st-francis/9-25-2026/?c=a404a443-23bf-4cd8-9df8-d945692b4858","/football/mn/973?9/25/2026","Saints","Magic","https://www.maxpreps.com/mn/monticello/football/","https://www.maxpreps.com/mn/st-francis/football/","https://hsfootball.net/proxy.php?url=https%3A%2F%2Fimage.maxpreps.io%2Fschool-mascot%2F0%2Fb%2Fc%2F0bc3f8f5-ab66-4cea-b6e5-3ab6b894fb05.gif%3Fversion%3D637993375200000000%26amp%3Bwidth%3D128%26amp%3Bheight%3D128%26amp%3Bauto%3Dwebp%26amp%3Bformat%3Dpjpg","https://hsfootball.net/proxy.php?url=https%3A%2F%2Fimage.maxpreps.io%2Fschool-mascot%2F3%2F0%2Fd%2F30d837f6-0502-4b57-aab7-70983628ee8f.gif%3Fversion%3D638010945600000000%26amp%3Bwidth%3D128%26amp%3Bheight%3D128%26amp%3Bauto%3Dwebp%26amp%3Bformat%3Dpjpg"
4,"Minneapolis Southwest vs St. Paul Central",Football,"Minnesota",9/25/2026,4:30pm,"The Minneapolis Southwest varsity football team has an away non-conference game @  St. Paul Central (St. Paul, MN) on Friday, September 25 @ 4:30p.","/mn/football/game/minneapolis-southwest-vs-st-paul-central/9-25-2026/?c=4b8351b5-c17c-46ad-8562-a0bd9a353992","https://www.maxpreps.com/mn/football/game/minneapolis-southwest-vs-st-paul-central/9-25-2026/?c=4b8351b5-c17c-46ad-8562-a0bd9a353992","/football/mn/fe1?9/25/2026","Lakers","Minutemen","https://www.maxpreps.com/mn/minneapolis-southwest/football/","https://www.maxpreps.com/mn/st-paul-central/football/","https://hsfootball.net/proxy.php?url=https%3A%2F%2Fimage.maxpreps.io%2Fschool-mascot%2Fa%2Fe%2F8%2Fae89705a-742e-4677-9bb7-b648a0af6a34.gif%3Fversion%3D636162669000000000%26amp%3Bwidth%3D128%26amp%3Bheight%3D128%26amp%3Bauto%3Dwebp%26amp%3Bformat%3Dpjpg","https://hsfootball.net/proxy.php?url=https%3A%2F%2Fimage.maxpreps.io%2Fschool-mascot%2F1%2F6%2F0%2F1604c7c9-8256-4653-bc98-a3905830efbd.gif%3Fversion%3D636286219200000000%26amp%3Bwidth%3D128%26amp%3Bheight%3D128%26amp%3Bauto%3Dwebp%26amp%3Bformat%3Dpjpg"
5,"Pine River-Backus vs Red Lake",Football,"Minnesota",9/25/2026,5:00pm,"The Pine River-Backus varsity football team has an away non-conference game @  Red Lake (MN) on Friday, September 25 @ 5p.","/mn/football/game/pine-river-backus-vs-red-lake/9-25-2026/?c=a4ed89f7-bcf7-4da0-9ca3-44326037ec77","https://www.maxpreps.com/mn/football/game/pine-river-backus-vs-red-lake/9-25-2026/?c=a4ed89f7-bcf7-4da0-9ca3-44326037ec77","/football/mn/aef?9/25/2026","Tigers","Warriors","https://www.maxpreps.com/mn/pine-river-backus/football/","https://www.maxpreps.com/mn/red-lake/football/","https://hsfootball.net/proxy.php?url=https%3A%2F%2Fimage.maxpreps.io%2Fschool-mascot%2F9%2Fd%2Fe%2F9de7141f-bbb0-4b37-be5d-1a0bdd0dcc05.gif%3Fversion%3D637183066800000000%26amp%3Bwidth%3D128%26amp%3Bheight%3D128%26amp%3Bauto%3Dwebp%26amp%3Bformat%3Dpjpg","https://hsfootball.net/proxy.php?url=https%3A%2F%2Fimage.maxpreps.io%2Fschool-mascot%2F9%2Fd%2Fe%2F9de7141f-bbb0-4b37-be5d-1a0bdd0dcc05.gif%3Fversion%3D637183066800000000%26amp%3Bwidth%3D64%26amp%3Bheight%3D64%26amp%3Bauto%3Dwebp%26amp%3Bformat%3Dpjpg"
6,"Richfield vs Brooklyn Center/Parnassus Prep",Football,"Minnesota",9/25/2026,5:00pm,"The Richfield varsity football team has an away non-conference game @  Brooklyn Center/Parnassus Prep (Brooklyn Center, MN) on Friday, September 25 @ 5p.","/mn/football/game/brooklyn-center-parnassus-prep-vs-richfield/9-25-2026/?c=0b1b6321-96a9-433e-bdcd-d8d9726e4cff","https://www.maxpreps.com/mn/football/game/brooklyn-center-parnassus-prep-vs-richfield/9-25-2026/?c=0b1b6321-96a9-433e-bdcd-d8d9726e4cff","/football/mn/10fc?9/25/2026","Spartans","Centaur","https://www.maxpreps.com/mn/brooklyn-center-parnassus-prep/football/","https://www.maxpreps.com/mn/richfield/football/","https://hsfootball.net/proxy.php?url=https%3A%2F%2Fimage.maxpreps.io%2Fschool-mascot%2F9%2F6%2F2%2F9625d853-ec06-4cab-a9a8-eaec22a22244.gif%3Fversion%3D637195255800000000%26amp%3Bwidth%3D128%26amp%3Bheight%3D128%26amp%3Bauto%3Dwebp%26amp%3Bformat%3Dpjpg","https://hsfootball.net/proxy.php?url=https%3A%2F%2Fimage.maxpreps.io%2Fschool-mascot%2F3%2F1%2F8%2F318a62bc-b045-4551-91bf-b74e91ed3a8f.gif%3Fversion%3D637378313400000000%26amp%3Bwidth%3D128%26amp%3Bheight%3D128%26amp%3Bauto%3Dwebp%26amp%3Bformat%3Dpjpg"
7,"Century vs John Marshall",Football,"Minnesota",9/25/2026,5:30pm,"The Century varsity football team has an away conference game @  John Marshall (Rochester, MN) on Friday, September 25 @ 5:30p.","/mn/football/game/century-rochester-vs-john-marshall-rochester/9-25-2026/?c=19627652-6e38-492c-bd60-2b6d056700b2","https://www.maxpreps.com/mn/football/game/century-rochester-vs-john-marshall-rochester/9-25-2026/?c=19627652-6e38-492c-bd60-2b6d056700b2","/football/mn/1175?9/25/2026","Panthers","Rockets","https://www.maxpreps.com/mn/century-rochester/football/","https://www.maxpreps.com/mn/john-marshall-rochester/football/","https://hsfootball.net/proxy.php?url=https%3A%2F%2Fimage.maxpreps.io%2Fschool-mascot%2F7%2F0%2F8%2F708b71c7-fc77-4071-a8b9-f43ba757226d.gif%3Fversion%3D635809513200000000%26amp%3Bwidth%3D128%26amp%3Bheight%3D128%26amp%3Bauto%3Dwebp%26amp%3Bformat%3Dpjpg","https://hsfootball.net/proxy.php?url=https%3A%2F%2Fimage.maxpreps.io%2Fschool-mascot%2F1%2F3%2F2%2F132f5a60-2661-410b-b1e4-aff231ae5a30.gif%3Fversion%3D635590818000000000%26amp%3Bwidth%3D128%26amp%3Bheight%3D128%26amp%3Bauto%3Dwebp%26amp%3Bformat%3Dpjpg"
8,"Kittson Central/Lancaster vs Goodridge/Grygla",Football,"Minnesota",9/25/2026,6:00pm,"The Kittson Central/Lancaster varsity football team has an away non-conference game @  Goodridge/Grygla (Goodridge, MN) on Friday, September 25 @ 6p.","/mn/football/game/goodridge-grygla-vs-kittson-central-lancaster-hallock/9-25-2026/?c=8ff035ea-78cd-4390-8a81-45f8fd044f8c","https://www.maxpreps.com/mn/football/game/goodridge-grygla-vs-kittson-central-lancaster-hallock/9-25-2026/?c=8ff035ea-78cd-4390-8a81-45f8fd044f8c","/football/mn/14c1?9/25/2026","Bearcats","Chargers","https://www.maxpreps.com/mn/goodridge-grygla/football/","https://www.maxpreps.com/mn/kittson-central-lancaster-hallock/football/","https://hsfootball.net/proxy.php?url=https%3A%2F%2Fimage.maxpreps.io%2Fschool-mascot%2F7%2F4%2F1%2F7410e1b7-e9a4-4264-b258-c10916a80929.gif%3Fversion%3D637727458800000000%26amp%3Bwidth%3D128%26amp%3Bheight%3D128%26amp%3Bauto%3Dwebp%26amp%3Bformat%3Dpjpg","https://hsfootball.net/proxy.php?url=https%3A%2F%2Fimage.maxpreps.io%2Fschool-mascot%2F8%2Ff%2F5%2F8f56f76c-e139-4e90-9936-13d25361a32f.gif%3Fversion%3D636091033200000000%26amp%3Bwidth%3D128%26amp%3Bheight%3D128%26amp%3Bauto%3Dwebp%26amp%3Bformat%3Dpjpg"
9,"Fergus Falls vs Zimmerman",Football,"Minnesota",9/25/2026,6:00pm,"The Fergus Falls varsity football team has an away non-conference game @  Zimmerman (MN) on Friday, September 25 @ 6p.","/mn/football/game/fergus-falls-vs-zimmerman/9-25-2026/?c=c00730a7-1276-46cc-b7c8-8c842adc9237","https://www.maxpreps.com/mn/football/game/fergus-falls-vs-zimmerman/9-25-2026/?c=c00730a7-1276-46cc-b7c8-8c842adc9237","/football/mn/9de?9/25/2026","Otters","Thunder","https://www.maxpreps.com/mn/fergus-falls/football/","https://www.maxpreps.com/mn/zimmerman/football/","https://hsfootball.net/proxy.php?url=https%3A%2F%2Fimage.maxpreps.io%2Fschool-mascot%2F7%2F9%2F0%2F79058661-f08b-4c8a-9a4d-5a1dec59e8a3.gif%3Fversion%3D634521208200000000%26amp%3Bwidth%3D128%26amp%3Bheight%3D128%26amp%3Bauto%3Dwebp%26amp%3Bformat%3Dpjpg","https://hsfootball.net/proxy.php?url=https%3A%2F%2Fimage.maxpreps.io%2Fschool-mascot%2F3%2Fa%2Fe%2F3ae9c062-c8a1-4f1a-aaaf-89f4037ab9d6.gif%3Fversion%3D634178379000000000%26amp%3Bwidth%3D128%26amp%3Bheight%3D128%26amp%3Bauto%3Dwebp%26amp%3Bformat%3Dpjpg"
10,"Roseau vs Thief River Falls",Football,"Minnesota",9/25/2026,6:00pm,"The Roseau varsity football team has an away conference game @  Thief River Falls (MN) on Friday, September 25 @ 6p.","/mn/football/game/roseau-vs-thief-river-falls/9-25-2026/?c=9aa30b3c-9e93-49fc-9e90-2883f18a7ec7","https://www.maxpreps.com/mn/football/game/roseau-vs-thief-river-falls/9-25-2026/?c=9aa30b3c-9e93-49fc-9e90-2883f18a7ec7","/football/mn/a76?9/25/2026","Rams","Prowlers","https://www.maxpreps.com/mn/roseau/football/","https://www.maxpreps.com/mn/thief-river-falls/football/","https://hsfootball.net/proxy.php?url=https%3A%2F%2Fasset.maxpreps.io%2Fincludes%2Fimages%2Flogos%2Fmaxpreps-logo-white-2025.png","https://hsfootball.net/proxy.php?url=https%3A%2F%2Fasset.maxpreps.io%2Fincludes%2Freact%2Fplay-on-logo.png"
11,"Mahtomedi vs Kennedy",Football,"Minnesota",9/25/2026,6:00pm,"The Mahtomedi varsity football team has an away conference game @  Kennedy (Bloomington, MN) on Friday, September 25 @ 6p.","/mn/football/game/kennedy-bloomington-vs-mahtomedi/9-25-2026/?c=0d05e787-3012-4cc2-9cb0-cb4012a85fd7","https://www.maxpreps.com/mn/football/game/kennedy-bloomington-vs-mahtomedi/9-25-2026/?c=0d05e787-3012-4cc2-9cb0-cb4012a85fd7","/football/mn/cbe?9/25/2026","Zephyrs","Eagles","https://www.maxpreps.com/mn/kennedy-bloomington/football/","https://www.maxpreps.com/mn/mahtomedi/football/","https://hsfootball.net/proxy.php?url=https%3A%2F%2Fimage.maxpreps.io%2Fschool-mascot%2Ff%2F9%2Fd%2Ff9d5ab0d-3949-4dd6-aa94-b99136303159.gif%3Fversion%3D637976340000000000%26amp%3Bwidth%3D128%26amp%3Bheight%3D128%26amp%3Bauto%3Dwebp%26amp%3Bformat%3Dpjpg","https://hsfootball.net/proxy.php?url=https%3A%2F%2Fimage.maxpreps.io%2Fschool-mascot%2F2%2Fd%2F1%2F2d1f5dcc-5e3d-429a-a162-12c5b94bc35c.gif%3Fversion%3D634588034400000000%26amp%3Bwidth%3D128%26amp%3Bheight%3D128%26amp%3Bauto%3Dwebp%26amp%3Bformat%3Dpjpg"
12,"Washburn vs North Community",Football,"Minnesota",9/25/2026,6:00pm,"The Washburn varsity football team has an away conference game @  North Community (Minneapolis, MN) on Friday, September 25 @ 6p.","/mn/football/game/north-community-minneapolis-vs-washburn-minneapolis/9-25-2026/?c=bbed015e-9769-4cba-8ad1-9374979026da","https://www.maxpreps.com/mn/football/game/north-community-minneapolis-vs-washburn-minneapolis/9-25-2026/?c=bbed015e-9769-4cba-8ad1-9374979026da","/football/mn/1482?9/25/2026","Millers","Polars","https://www.maxpreps.com/mn/north-community-minneapolis/football/","https://www.maxpreps.com/mn/washburn-minneapolis/football/","https://hsfootball.net/proxy.php?url=https%3A%2F%2Fimage.maxpreps.io%2Fschool-mascot%2F2%2F2%2Fb%2F22b211cf-02f7-45d5-8de0-9361c625165b.gif%3Fversion%3D634712854200000000%26amp%3Bwidth%3D128%26amp%3Bheight%3D128%26amp%3Bauto%3Dwebp%26amp%3Bformat%3Dpjpg","https://hsfootball.net/proxy.php?url=https%3A%2F%2Fimage.maxpreps.io%2Fschool-mascot%2F4%2Fc%2Fe%2F4cef07a8-50bf-46ed-8614-d6e57369b4d1.gif%3Fversion%3D635261542200000000%26amp%3Bwidth%3D128%26amp%3Bheight%3D128%26amp%3Bauto%3Dwebp%26amp%3Bformat%3Dpjpg"
13,"Apple Valley vs Hastings",Football,"Minnesota",9/25/2026,6:00pm,"The Apple Valley varsity football team has an away conference game @  Hastings (MN) on Friday, September 25 @ 6p.","/mn/football/game/apple-valley-vs-hastings/9-25-2026/?c=da3dbc73-6d38-4c41-8c83-b5189e3969d5","https://www.maxpreps.com/mn/football/game/apple-valley-vs-hastings/9-25-2026/?c=da3dbc73-6d38-4c41-8c83-b5189e3969d5","/football/mn/970?9/25/2026","Eagles","Raiders","https://www.maxpreps.com/mn/apple-valley/football/","https://www.maxpreps.com/mn/hastings/football/","https://hsfootball.net/proxy.php?url=https%3A%2F%2Fimage.maxpreps.io%2Fschool-mascot%2F3%2F9%2Fe%2F39e2de21-02f2-46da-a731-2f51a911da8a.gif%3Fversion%3D635881888800000000%26amp%3Bwidth%3D128%26amp%3Bheight%3D128%26amp%3Bauto%3Dwebp%26amp%3Bformat%3Dpjpg","https://hsfootball.net/proxy.php?url=https%3A%2F%2Fimage.maxpreps.io%2Fschool-mascot%2F9%2Fc%2Fc%2F9cc574fc-35b0-48ba-bd44-e67865032767.gif%3Fversion%3D637976339400000000%26amp%3Bwidth%3D128%26amp%3Bheight%3D128%26amp%3Bauto%3Dwebp%26amp%3Bformat%3Dpjpg"
14,"St. Agnes vs Breck",Football,"Minnesota",9/25/2026,6:00pm,"The St. Agnes varsity football team has an away conference game @  Breck (Minneapolis, MN) on Friday, September 25 @ 6p.","/mn/football/game/breck-minneapolis-vs-st-agnes-st-paul/9-25-2026/?c=756895e6-914e-4cb1-9782-00c6cb28525e","https://www.maxpreps.com/mn/football/game/breck-minneapolis-vs-st-agnes-st-paul/9-25-2026/?c=756895e6-914e-4cb1-9782-00c6cb28525e","/football/mn/e2b?9/25/2026","Aggies","Mustangs","https://www.maxpreps.com/mn/breck-minneapolis/football/","https://www.maxpreps.com/mn/st-agnes-st-paul/football/","https://hsfootball.net/proxy.php?url=https%3A%2F%2Fimage.maxpreps.io%2Fschool-mascot%2Fd%2F8%2F7%2Fd873aafe-9d8c-4615-9a20-dc6d86c2ddd0.gif%3Fversion%3D636839236200000000%26amp%3Bwidth%3D128%26amp%3Bheight%3D128%26amp%3Bauto%3Dwebp%26amp%3Bformat%3Dpjpg","https://hsfootball.net/proxy.php?url=https%3A%2F%2Fimage.maxpreps.io%2Fschool-mascot%2F9%2Fc%2Fc%2F9ccc7922-87b7-4698-906f-1497d65a18b3.gif%3Fversion%3D634068321600000000%26amp%3Bwidth%3D128%26amp%3Bheight%3D128%26amp%3Bauto%3Dwebp%26amp%3Bformat%3Dpjpg"
15,"North vs Hill-Murray",Football,"Minnesota",9/25/2026,6:00pm,"The North varsity football team has an away conference game @  Hill-Murray (Maplewood, MN) on Friday, September 25 @ 6p.","/mn/football/game/hill-murray-maplewood-vs-north-north-st-paul/9-25-2026/?c=cba1052f-2f1a-40cb-a566-dd1c61ef7fd9","https://www.maxpreps.com/mn/football/game/hill-murray-maplewood-vs-north-north-st-paul/9-25-2026/?c=cba1052f-2f1a-40cb-a566-dd1c61ef7fd9","/football/mn/1124?9/25/2026","Polars","Pioneers","https://www.maxpreps.com/mn/hill-murray-maplewood/football/","https://www.maxpreps.com/mn/north-north-st-paul/football/","https://hsfootball.net/proxy.php?url=https%3A%2F%2Fimage.maxpreps.io%2Fschool-mascot%2Ff%2F3%2F9%2Ff398b7c5-7246-470b-86bb-8cbc67dd89b2.gif%3Fversion%3D634813338600000000%26amp%3Bwidth%3D128%26amp%3Bheight%3D128%26amp%3Bauto%3Dwebp%26amp%3Bformat%3Dpjpg","https://hsfootball.net/proxy.php?url=https%3A%2F%2Fimage.maxpreps.io%2Fschool-mascot%2F9%2Fd%2F5%2F9d57d054-e35c-407b-91bc-58542e819fc3.gif%3Fversion%3D635451084600000000%26amp%3Bwidth%3D128%26amp%3Bheight%3D128%26amp%3Bauto%3Dwebp%26amp%3Bformat%3Dpjpg"
16,"Totino-Grace vs Columbia Heights",Football,"Minnesota",9/25/2026,6:00pm,"The Totino-Grace varsity football team has an away conference game @  Columbia Heights (MN) on Friday, September 25 @ 6p.","/mn/football/game/columbia-heights-vs-totino-grace-fridley/9-25-2026/?c=93e16e21-0055-4a25-9b8e-9f132636986d","https://www.maxpreps.com/mn/football/game/columbia-heights-vs-totino-grace-fridley/9-25-2026/?c=93e16e21-0055-4a25-9b8e-9f132636986d","/football/mn/f90?9/25/2026","Eagles","Hylanders","https://www.maxpreps.com/mn/columbia-heights/football/","https://www.maxpreps.com/mn/totino-grace-fridley/football/","https://hsfootball.net/proxy.php?url=https%3A%2F%2Fimage.maxpreps.io%2Fschool-mascot%2Ff%2F4%2Fa%2Ff4ae2689-83f4-4457-9ece-4c4d819f0edc.gif%3Fversion%3D635972689200000000%26amp%3Bwidth%3D128%26amp%3Bheight%3D128%26amp%3Bauto%3Dwebp%26amp%3Bformat%3Dpjpg","https://hsfootball.net/proxy.php?url=https%3A%2F%2Fimage.maxpreps.io%2Fschool-mascot%2F6%2F3%2F0%2F63067e7e-b8a2-4395-bd58-7d722890bdff.gif%3Fversion%3D633656893800000000%26amp%3Bwidth%3D128%26amp%3Bheight%3D128%26amp%3Bauto%3Dwebp%26amp%3Bformat%3Dpjpg"
17,"Delano vs Big Lake",Football,"Minnesota",9/25/2026,6:00pm,"The Delano varsity football team has an away conference game @  Big Lake (MN) on Friday, September 25 @ 6p.","/mn/football/game/big-lake-vs-delano/9-25-2026/?c=56e8f4c4-d991-4e5f-b86b-de8857ff1f18","https://www.maxpreps.com/mn/football/game/big-lake-vs-delano/9-25-2026/?c=56e8f4c4-d991-4e5f-b86b-de8857ff1f18","/football/mn/6b2?9/25/2026","Tigers","Hornets","https://www.maxpreps.com/mn/big-lake/football/","https://www.maxpreps.com/mn/delano/football/","https://hsfootball.net/proxy.php?url=https%3A%2F%2Fimage.maxpreps.io%2Fschool-mascot%2Fc%2F1%2F2%2Fc12d1198-c159-40ab-9a64-69d20d11474c.gif%3Fversion%3D636219945000000000%26amp%3Bwidth%3D128%26amp%3Bheight%3D128%26amp%3Bauto%3Dwebp%26amp%3Bformat%3Dpjpg","https://hsfootball.net/proxy.php?url=https%3A%2F%2Fimage.maxpreps.io%2Fschool-mascot%2Fd%2Ff%2F6%2Fdf65fca6-4bd5-4a66-b374-f5604bc30e8e.gif%3Fversion%3D637999505400000000%26amp%3Bwidth%3D128%26amp%3Bheight%3D128%26amp%3Bauto%3Dwebp%26amp%3Bformat%3Dpjpg"
18,"New York Mills vs Frazee",Football,"Minnesota",9/25/2026,6:00pm,"The New York Mills varsity football team has an away conference game @  Frazee (MN) on Friday, September 25 @ 6p.","/mn/football/game/frazee-vs-new-york-mills/9-25-2026/?c=19f575d8-a6c0-4160-996e-039726bf261e","https://www.maxpreps.com/mn/football/game/frazee-vs-new-york-mills/9-25-2026/?c=19f575d8-a6c0-4160-996e-039726bf261e","/football/mn/94a?9/25/2026","Eagles","Hornets","https://www.maxpreps.com/mn/frazee/football/","https://www.maxpreps.com/mn/new-york-mills/football/","https://hsfootball.net/proxy.php?url=https%3A%2F%2Fimage.maxpreps.io%2Fschool-mascot%2F9%2F3%2F8%2F9389685f-637e-4222-b14e-cc014f779518.gif%3Fversion%3D638875606721440190%26amp%3Bwidth%3D128%26amp%3Bheight%3D128%26amp%3Bauto%3Dwebp%26amp%3Bformat%3Dpjpg","https://hsfootball.net/proxy.php?url=https%3A%2F%2Fimage.maxpreps.io%2Fschool-mascot%2F9%2F3%2F8%2F9389685f-637e-4222-b14e-cc014f779518.gif%3Fversion%3D638875606721440190%26amp%3Bwidth%3D64%26amp%3Bheight%3D64%26amp%3Bauto%3Dwebp%26amp%3Bformat%3Dpjpg"
19,"Warroad vs East Grand Forks",Football,"Minnesota",9/25/2026,6:00pm,"The Warroad varsity football team has an away conference game @  East Grand Forks (MN) on Friday, September 25 @ 6p.","/mn/football/game/east-grand-forks-vs-warroad/9-25-2026/?c=43e72e11-684f-45ce-9c1e-46f6f28c98ad","https://www.maxpreps.com/mn/football/game/east-grand-forks-vs-warroad/9-25-2026/?c=43e72e11-684f-45ce-9c1e-46f6f28c98ad","/football/mn/a6b?9/25/2026","Warriors","Green Wave","https://www.maxpreps.com/mn/east-grand-forks/football/","https://www.maxpreps.com/mn/warroad/football/","https://hsfootball.net/proxy.php?url=https%3A%2F%2Fimage.maxpreps.io%2Fschool-mascot%2F5%2F5%2F5%2F555329f5-ff58-4b44-a5ea-475f3ed270e5.gif%3Fversion%3D638875606701817650%26amp%3Bwidth%3D128%26amp%3Bheight%3D128%26amp%3Bauto%3Dwebp%26amp%3Bformat%3Dpjpg","https://hsfootball.net/proxy.php?url=https%3A%2F%2Fimage.maxpreps.io%2Fschool-mascot%2F5%2Fb%2Fb%2F5bbe4ff7-87bb-4d4c-927c-0686f74ad2a1.gif%3Fversion%3D637448287200000000%26amp%3Bwidth%3D128%26amp%3Bheight%3D128%26amp%3Bauto%3Dwebp%26amp%3Bformat%3Dpjpg"
20,"Grand Rapids vs Duluth East",Football,"Minnesota",9/25/2026,6:00pm,"The Grand Rapids varsity football team has an away conference game @  Duluth East (Duluth, MN) on Friday, September 25 @ 6p.","/mn/football/game/duluth-east-vs-grand-rapids/9-25-2026/?c=ca7d8642-42c0-4fd4-bf79-b01fbd885c95","https://www.maxpreps.com/mn/football/game/duluth-east-vs-grand-rapids/9-25-2026/?c=ca7d8642-42c0-4fd4-bf79-b01fbd885c95","/football/mn/a6f?9/25/2026","Thunderhawks","Greyhounds","https://www.maxpreps.com/mn/duluth-east/football/","https://www.maxpreps.com/mn/grand-rapids/football/","https://hsfootball.net/proxy.php?url=https%3A%2F%2Fimage.maxpreps.io%2Fschool-mascot%2F8%2Fe%2F6%2F8e6c76f3-dd60-49f3-b446-b5bd8213f38a.gif%3Fversion%3D638790005841140970%26amp%3Bwidth%3D128%26amp%3Bheight%3D128%26amp%3Bauto%3Dwebp%26amp%3Bformat%3Dpjpg","https://hsfootball.net/proxy.php?url=https%3A%2F%2Fimage.maxpreps.io%2Fschool-mascot%2F7%2F9%2Fb%2F79b1ef58-e7ad-4ea3-aa99-edd4b86ddf46.gif%3Fversion%3D635448152400000000%26amp%3Bwidth%3D128%26amp%3Bheight%3D128%26amp%3Bauto%3Dwebp%26amp%3Bformat%3Dpjpg"
21,"Moorhead vs Wayzata",Football,"Minnesota",9/25/2026,6:00pm,"The Moorhead varsity football team has an away conference game @  Wayzata (Plymouth, MN) on Friday, September 25 @ 6p.","/mn/football/game/moorhead-vs-wayzata-plymouth/9-25-2026/?c=52c83a73-cbf5-49d1-bf8e-0c87a6a80a00","https://www.maxpreps.com/mn/football/game/moorhead-vs-wayzata-plymouth/9-25-2026/?c=52c83a73-cbf5-49d1-bf8e-0c87a6a80a00","/football/mn/b42?9/25/2026","Spuds","Trojans","https://www.maxpreps.com/mn/moorhead/football/","https://www.maxpreps.com/mn/wayzata-plymouth/football/","https://hsfootball.net/proxy.php?url=https%3A%2F%2Fimage.maxpreps.io%2Fschool-mascot%2F5%2Fc%2Fd%2F5cdbfda2-d2a5-445d-beb5-80f255673f47.gif%3Fversion%3D638004993600000000%26amp%3Bwidth%3D128%26amp%3Bheight%3D128%26amp%3Bauto%3Dwebp%26amp%3Bformat%3Dpjpg","https://hsfootball.net/proxy.php?url=https%3A%2F%2Fimage.maxpreps.io%2Fschool-mascot%2F8%2Fc%2F9%2F8c93978d-c1b9-4e0d-b831-e104111e88da.gif%3Fversion%3D637976341800000000%26amp%3Bwidth%3D128%26amp%3Bheight%3D128%26amp%3Bauto%3Dwebp%26amp%3Bformat%3Dpjpg"
22,"Johnson vs Highland Park",Football,"Minnesota",9/25/2026,6:00pm,"The Johnson varsity football team has an away conference game @  Highland Park (St. Paul, MN) on Friday, September 25 @ 6p.","/mn/football/game/highland-park-st-paul-vs-johnson-st-paul/9-25-2026/?c=c86d36ee-ab88-4d05-85f5-d088389a5582","https://www.maxpreps.com/mn/football/game/highland-park-st-paul-vs-johnson-st-paul/9-25-2026/?c=c86d36ee-ab88-4d05-85f5-d088389a5582","/football/mn/f42?9/25/2026","Governors","Scots","https://www.maxpreps.com/mn/highland-park-st-paul/football/","https://www.maxpreps.com/mn/johnson-st-paul/football/","https://hsfootball.net/proxy.php?url=https%3A%2F%2Fimage.maxpreps.io%2Fschool-mascot%2Fb%2F7%2F4%2Fb749befa-30cb-4756-9fa2-16d52154ca49.gif%3Fversion%3D637054384200000000%26amp%3Bwidth%3D128%26amp%3Bheight%3D128%26amp%3Bauto%3Dwebp%26amp%3Bformat%3Dpjpg","https://hsfootball.net/proxy.php?url=https%3A%2F%2Fimage.maxpreps.io%2Fschool-mascot%2F5%2F2%2F0%2F520a42c3-2cac-42b1-bd54-de08170020a7.gif%3Fversion%3D634012602600000000%26amp%3Bwidth%3D128%26amp%3Bheight%3D128%26amp%3Bauto%3Dwebp%26amp%3Bformat%3Dpjpg"
23,"Irondale vs Fridley",Football,"Minnesota",9/25/2026,6:00pm,"The Irondale varsity football team has an away non-conference game @  Fridley (MN) on Friday, September 25 @ 6p.","/mn/football/game/fridley-vs-irondale-new-brighton/9-25-2026/?c=024ff543-b564-4980-a0a6-527ebf8ff980","https://www.maxpreps.com/mn/football/game/fridley-vs-irondale-new-brighton/9-25-2026/?c=024ff543-b564-4980-a0a6-527ebf8ff980","/football/mn/c81?9/25/2026","Knights","Tigers","https://www.maxpreps.com/mn/fridley/football/","https://www.maxpreps.com/mn/irondale-new-brighton/football/","https://hsfootball.net/proxy.php?url=https%3A%2F%2Fimage.maxpreps.io%2Fschool-mascot%2Fc%2F3%2F6%2Fc36de7da-baf0-404d-821d-2e61d3144352.gif%3Fversion%3D635446309200000000%26amp%3Bwidth%3D128%26amp%3Bheight%3D128%26amp%3Bauto%3Dwebp%26amp%3Bformat%3Dpjpg","https://hsfootball.net/proxy.php?url=https%3A%2F%2Fimage.maxpreps.io%2Fschool-mascot%2Fa%2F5%2F7%2Fa578607a-9215-448f-98df-c9b44a1ad925.gif%3Fversion%3D635415420000000000%26amp%3Bwidth%3D128%26amp%3Bheight%3D128%26amp%3Bauto%3Dwebp%26amp%3Bformat%3Dpjpg"
24,"Robbinsdale Cooper vs Park Center",Football,"Minnesota",9/25/2026,6:00pm,"The Robbinsdale Cooper varsity football team has an away conference game @  Park Center (Brooklyn Park, MN) on Friday, September 25 @ 6p.","/mn/football/game/park-center-brooklyn-park-vs-robbinsdale-cooper-new-hope/9-25-2026/?c=7e91c809-6c79-4540-81dd-a34158fcaa0c","https://www.maxpreps.com/mn/football/game/park-center-brooklyn-park-vs-robbinsdale-cooper-new-hope/9-25-2026/?c=7e91c809-6c79-4540-81dd-a34158fcaa0c","/football/mn/15a1?9/25/2026","Hawks","Pirates","https://www.maxpreps.com/mn/park-center-brooklyn-park/football/","https://www.maxpreps.com/mn/robbinsdale-cooper-new-hope/football/","https://hsfootball.net/proxy.php?url=https%3A%2F%2Fimage.maxpreps.io%2Fschool-mascot%2F6%2F8%2F5%2F685e8af6-b182-4524-9e51-984c1aae4fd5.gif%3Fversion%3D637976341200000000%26amp%3Bwidth%3D128%26amp%3Bheight%3D128%26amp%3Bauto%3Dwebp%26amp%3Bformat%3Dpjpg","https://hsfootball.net/proxy.php?url=https%3A%2F%2Fimage.maxpreps.io%2Fschool-mascot%2F0%2Fd%2Fd%2F0dd9e736-9d6e-4ec5-be8e-9785458292d1.gif%3Fversion%3D634067373600000000%26amp%3Bwidth%3D128%26amp%3Bheight%3D128%26amp%3Bauto%3Dwebp%26amp%3Bformat%3Dpjpg"
25,"Blackduck vs Cook County",Football,"Minnesota",9/25/2026,6:00pm,"The Blackduck varsity football team has an away conference game @  Cook County (Grand Marais, MN) on Friday, September 25 @ 6p.","/mn/football/game/blackduck-vs-cook-county-grand-marais/9-25-2026/?c=19825920-1b9e-4eb4-9e16-a1e4778d7c95","https://www.maxpreps.com/mn/football/game/blackduck-vs-cook-county-grand-marais/9-25-2026/?c=19825920-1b9e-4eb4-9e16-a1e4778d7c95","/football/mn/e45?9/25/2026","Drakes","Vikings","https://www.maxpreps.com/mn/blackduck/football/","https://www.maxpreps.com/mn/cook-county-grand-marais/football/","https://hsfootball.net/proxy.php?url=https%3A%2F%2Fimage.maxpreps.io%2Fschool-mascot%2F4%2F8%2Ff%2F48f41292-1e76-44f1-b773-0c146271ec4d.gif%3Fversion%3D636782353800000000%26amp%3Bwidth%3D128%26amp%3Bheight%3D128%26amp%3Bauto%3Dwebp%26amp%3Bformat%3Dpjpg","https://hsfootball.net/proxy.php?url=https%3A%2F%2Fimage.maxpreps.io%2Fschool-mascot%2F0%2Fa%2F3%2F0a3a1875-9fde-432c-b1f1-40cc39403693.gif%3Fversion%3D637962421200000000%26amp%3Bwidth%3D128%26amp%3Bheight%3D128%26amp%3Bauto%3Dwebp%26amp%3Bformat%3Dpjpg"
26,"Lakeville North vs Eagan",Football,"Minnesota",9/25/2026,6:30pm,"The Lakeville North varsity football team has an away conference game @  Eagan (MN) on Friday, September 25 @ 6:30p.","/mn/football/game/eagan-vs-lakeville-north/9-25-2026/?c=7bd2f78a-5b77-45e9-9458-c231b534feea","https://www.maxpreps.com/mn/football/game/eagan-vs-lakeville-north/9-25-2026/?c=7bd2f78a-5b77-45e9-9458-c231b534feea","/football/mn/950?9/25/2026","Panthers","Wildcats","https://www.maxpreps.com/mn/eagan/football/","https://www.maxpreps.com/mn/lakeville-north/football/","https://hsfootball.net/proxy.php?url=https%3A%2F%2Fimage.maxpreps.io%2Fschool-mascot%2Fd%2F7%2Ff%2Fd7f2a69f-c9df-4c97-90c5-ae8389d9a9c4.gif%3Fversion%3D637976339400000000%26amp%3Bwidth%3D128%26amp%3Bheight%3D128%26amp%3Bauto%3Dwebp%26amp%3Bformat%3Dpjpg","https://hsfootball.net/proxy.php?url=https%3A%2F%2Fimage.maxpreps.io%2Fschool-mascot%2Ff%2Fe%2F8%2Ffe8f2743-0e57-4694-bcf3-960933b2ae8f.gif%3Fversion%3D638301231000000000%26amp%3Bwidth%3D128%26amp%3Bheight%3D128%26amp%3Bauto%3Dwebp%26amp%3Bformat%3Dpjpg"
27,"Tartan vs Jefferson",Football,"Minnesota",9/25/2026,6:30pm,"The Tartan varsity football team has an away conference game @  Jefferson (Bloomington, MN) on Friday, September 25 @ 6:30p.","/mn/football/game/jefferson-senior-jaguars-bloomington-vs-tartan-oakdale/9-25-2026/?c=8fc732d6-1b16-4e13-ad01-420d91eb9ed5","https://www.maxpreps.com/mn/football/game/jefferson-senior-jaguars-bloomington-vs-tartan-oakdale/9-25-2026/?c=8fc732d6-1b16-4e13-ad01-420d91eb9ed5","/football/mn/1539?9/25/2026","Titans","Jaguars","https://www.maxpreps.com/mn/jefferson-senior-jaguars-bloomington/football/","https://www.maxpreps.com/mn/tartan-oakdale/football/","https://hsfootball.net/proxy.php?url=https%3A%2F%2Fimage.maxpreps.io%2Fschool-mascot%2F4%2F3%2Fb%2F43b8be3c-a1cd-4b09-b5e4-bf8e9251d25f.gif%3Fversion%3D636477218400000000%26amp%3Bwidth%3D128%26amp%3Bheight%3D128%26amp%3Bauto%3Dwebp%26amp%3Bformat%3Dpjpg","https://hsfootball.net/proxy.php?url=https%3A%2F%2Fimage.maxpreps.io%2Fschool-mascot%2Fa%2F4%2F5%2Fa450c4aa-32f4-42e9-a165-d64dcfc7a2bc.gif%3Fversion%3D635696931000000000%26amp%3Bwidth%3D128%26amp%3Bheight%3D128%26amp%3Bauto%3Dwebp%26amp%3Bformat%3Dpjpg"
28,"Burnsville vs Two Rivers",Football,"Minnesota",9/25/2026,6:30pm,"The Burnsville varsity football team has an away conference game @  Two Rivers (Mendota Heights, MN) on Friday, September 25 @ 6:30p.","/mn/football/game/burnsville-vs-two-rivers-mendota-heights/9-25-2026/?c=c0b6bcaa-f8f8-44c9-9e66-69c980daab32","https://www.maxpreps.com/mn/football/game/burnsville-vs-two-rivers-mendota-heights/9-25-2026/?c=c0b6bcaa-f8f8-44c9-9e66-69c980daab32","/football/mn/fd9?9/25/2026","Blaze","Warriors","https://www.maxpreps.com/mn/burnsville/football/","https://www.maxpreps.com/mn/two-rivers-mendota-heights/football/","https://hsfootball.net/proxy.php?url=https%3A%2F%2Fimage.maxpreps.io%2Fschool-mascot%2F5%2Fa%2F9%2F5a93e22e-c14a-43c9-92d5-2c0d30b674fd.gif%3Fversion%3D637462924200000000%26amp%3Bwidth%3D128%26amp%3Bheight%3D128%26amp%3Bauto%3Dwebp%26amp%3Bformat%3Dpjpg","https://hsfootball.net/proxy.php?url=https%3A%2F%2Fimage.maxpreps.io%2Fschool-mascot%2Fd%2Fd%2F3%2Fdd342da6-f4c2-4d42-a60d-cdb8c5a80c62.gif%3Fversion%3D639035653999612610%26amp%3Bwidth%3D128%26amp%3Bheight%3D128%26amp%3Bauto%3Dwebp%26amp%3Bformat%3Dpjpg"
29,"Tracy-Milroy-Balaton vs Sleepy Eye/St. Mary&#x27;s",Football,"Minnesota",9/25/2026,7:00pm,"The Tracy-Milroy-Balaton varsity football team has an away conference game @  Sleepy Eye/St. Mary&#x27;s (Sleepy Eye, MN) on Friday, September 25 @ 7p.","/mn/football/game/sleepy-eye-st-marys-vs-tracy-milroy-balaton/9-25-2026/?c=0272fed0-cb8f-4d1a-a7f5-af7d6f60a466","https://www.maxpreps.com/mn/football/game/sleepy-eye-st-marys-vs-tracy-milroy-balaton/9-25-2026/?c=0272fed0-cb8f-4d1a-a7f5-af7d6f60a466","/football/mn/10ac?9/25/2026","Panthers","TBD","https://www.maxpreps.com/mn/sleepy-eye-st-marys/football/","https://www.maxpreps.com/mn/tracy-milroy-balaton/football/","https://hsfootball.net/proxy.php?url=https%3A%2F%2Fimage.maxpreps.io%2Fschool-mascot%2F5%2Fd%2F7%2F5d79f7f9-4b63-4122-b323-5e2497efacea.gif%3Fversion%3D634750856400000000%26amp%3Bwidth%3D128%26amp%3Bheight%3D128%26amp%3Bauto%3Dwebp%26amp%3Bformat%3Dpjpg","https://hsfootball.net/proxy.php?url=https%3A%2F%2Fimage.maxpreps.io%2Fschool-mascot%2F5%2Fd%2F7%2F5d79f7f9-4b63-4122-b323-5e2497efacea.gif%3Fversion%3D634750856400000000%26amp%3Bwidth%3D64%26amp%3Bheight%3D64%26amp%3Bauto%3Dwebp%26amp%3Bformat%3Dpjpg"
30,"Blooming Prairie vs Maple River",Football,"Minnesota",9/25/2026,7:00pm,"The Blooming Prairie varsity football team has an away conference game @  Maple River (Mapleton, MN) on Friday, September 25 @ 7p.","/mn/football/game/blooming-prairie-vs-maple-river-mapleton/9-25-2026/?c=b8a6746b-2491-4eef-8234-3b8097e61ce8","https://www.maxpreps.com/mn/football/game/blooming-prairie-vs-maple-river-mapleton/9-25-2026/?c=b8a6746b-2491-4eef-8234-3b8097e61ce8","/football/mn/fa4?9/25/2026","Blossoms","Eagles","https://www.maxpreps.com/mn/blooming-prairie/football/","https://www.maxpreps.com/mn/maple-river-mapleton/football/","https://hsfootball.net/proxy.php?url=https%3A%2F%2Fimage.maxpreps.io%2Fschool-mascot%2Fc%2Fa%2F2%2Fca27e2ca-b361-4d91-bcf8-fe306a56a829.gif%3Fversion%3D637036162200000000%26amp%3Bwidth%3D128%26amp%3Bheight%3D128%26amp%3Bauto%3Dwebp%26amp%3Bformat%3Dpjpg","https://hsfootball.net/proxy.php?url=https%3A%2F%2Fimage.maxpreps.io%2Fschool-mascot%2F7%2F9%2Fe%2F79e20bdb-d587-4032-8e9e-35b13ac1e9bf.gif%3Fversion%3D638874766193004140%26amp%3Bwidth%3D128%26amp%3Bheight%3D128%26amp%3Bauto%3Dwebp%26amp%3Bformat%3Dpjpg"
31,"Nevis vs Mahnomen/Waubun",Football,"Minnesota",9/25/2026,7:00pm,"The Nevis varsity football team has an away non-conference game @  Mahnomen/Waubun (Mahnomen, MN) on Friday, September 25 @ 7p.","/mn/football/game/mahnomen-waubun-vs-nevis/9-25-2026/?c=cfefa798-2eed-4681-a09f-473201016247","https://www.maxpreps.com/mn/football/game/mahnomen-waubun-vs-nevis/9-25-2026/?c=cfefa798-2eed-4681-a09f-473201016247","/football/mn/97a?9/25/2026","Tigers","Thunderbirds","https://www.maxpreps.com/mn/mahnomen-waubun/football/","https://www.maxpreps.com/mn/nevis/football/","https://hsfootball.net/proxy.php?url=https%3A%2F%2Fimage.maxpreps.io%2Fschool-mascot%2Fe%2F7%2Ff%2Fe7f057c8-f439-4314-8564-5be02341d10c.gif%3Fversion%3D636082471200000000%26amp%3Bwidth%3D128%26amp%3Bheight%3D128%26amp%3Bauto%3Dwebp%26amp%3Bformat%3Dpjpg","https://hsfootball.net/proxy.php?url=https%3A%2F%2Fimage.maxpreps.io%2Fschool-mascot%2F5%2Fe%2F2%2F5e265696-9f7a-4e32-bc32-dc798b59d3d3.gif%3Fversion%3D636685603200000000%26amp%3Bwidth%3D128%26amp%3Bheight%3D128%26amp%3Bauto%3Dwebp%26amp%3Bformat%3Dpjpg"
32,"Cloquet vs Hermantown",Football,"Minnesota",9/25/2026,7:00pm,"The Cloquet varsity football team has an away conference game @  Hermantown (MN) on Friday, September 25 @ 7p.","/mn/football/game/cloquet-vs-hermantown/9-25-2026/?c=50316ed8-d41d-4728-88b4-04ba7d4b88c8","https://www.maxpreps.com/mn/football/game/cloquet-vs-hermantown/9-25-2026/?c=50316ed8-d41d-4728-88b4-04ba7d4b88c8","/football/mn/883?9/25/2026","Lumberjacks","Hawks","https://www.maxpreps.com/mn/cloquet/football/","https://www.maxpreps.com/mn/hermantown/football/","https://hsfootball.net/proxy.php?url=https%3A%2F%2Fimage.maxpreps.io%2Fschool-mascot%2Fa%2F2%2Fb%2Fa2bf88ef-7d0b-45a3-a739-2f5e53dd84d7.gif%3Fversion%3D633900190200000000%26amp%3Bwidth%3D128%26amp%3Bheight%3D128%26amp%3Bauto%3Dwebp%26amp%3Bformat%3Dpjpg","https://hsfootball.net/proxy.php?url=https%3A%2F%2Fimage.maxpreps.io%2Fschool-mascot%2F5%2Fe%2Ff%2F5ef01a98-834e-4e04-b509-8e136501b791.gif%3Fversion%3D636734711400000000%26amp%3Bwidth%3D128%26amp%3Bheight%3D128%26amp%3Bauto%3Dwebp%26amp%3Bformat%3Dpjpg"
33,"Byron vs Faribault",Football,"Minnesota",9/25/2026,7:00pm,"The Byron varsity football team has an away conference game @  Faribault (MN) on Friday, September 25 @ 7p.","/mn/football/game/byron-vs-faribault/9-25-2026/?c=61893440-cf85-4daa-ac67-e519e9581206","https://www.maxpreps.com/mn/football/game/byron-vs-faribault/9-25-2026/?c=61893440-cf85-4daa-ac67-e519e9581206","/football/mn/727?9/25/2026","Bears","Falcons","https://www.maxpreps.com/mn/byron/football/","https://www.maxpreps.com/mn/faribault/football/","https://hsfootball.net/proxy.php?url=https%3A%2F%2Fimage.maxpreps.io%2Fschool-mascot%2Fa%2F7%2Fe%2Fa7ebdb9b-3535-4437-b563-03cd207f6693.gif%3Fversion%3D637976338200000000%26amp%3Bwidth%3D128%26amp%3Bheight%3D128%26amp%3Bauto%3Dwebp%26amp%3Bformat%3Dpjpg","https://hsfootball.net/proxy.php?url=https%3A%2F%2Fimage.maxpreps.io%2Fschool-mascot%2F5%2F5%2F9%2F559ab904-0f2b-4e02-819a-82e794f814bd.gif%3Fversion%3D637987465200000000%26amp%3Bwidth%3D128%26amp%3Bheight%3D128%26amp%3Bauto%3Dwebp%26amp%3Bformat%3Dpjpg"
34,"Providence Academy/Heritage Christian Academy/Maranatha Christian Academy/West Lutheran vs Kasson-Mantorville",Football,"Minnesota",9/25/2026,7:00pm,"The Providence Academy/Heritage Christian Academy/Maranatha Christian Academy/West Lutheran varsity football team has an away conference game @  Kasson-Mantorville (Kasson, MN) on Friday, September 25 @ 7p.","/mn/football/game/kasson-mantorville-vs-providence-academy-heritage-christian-academy-maranatha-christian-academy-west-lutheran-plymouth/9-25-2026/?c=ee562089-cad5-4fbd-b431-cb33fca06ee2","https://www.maxpreps.com/mn/football/game/kasson-mantorville-vs-providence-academy-heritage-christian-academy-maranatha-christian-academy-west-lutheran-plymouth/9-25-2026/?c=ee562089-cad5-4fbd-b431-cb33fca06ee2","/football/mn/2e41?9/25/2026","Komets","TBD","https://www.maxpreps.com/mn/kasson-mantorville/football/","https://www.maxpreps.com/mn/providence-academy-heritage-christian-academy-maranatha-christian-academy-west-lutheran-plymouth/football/","https://hsfootball.net/proxy.php?url=https%3A%2F%2Fimage.maxpreps.io%2Fschool-mascot%2F6%2F7%2F7%2F67794d08-6dca-46cd-9a67-0ad03c5c522c.gif%3Fversion%3D635984019000000000%26amp%3Bwidth%3D128%26amp%3Bheight%3D128%26amp%3Bauto%3Dwebp%26amp%3Bformat%3Dpjpg","https://hsfootball.net/proxy.php?url=https%3A%2F%2Fimage.maxpreps.io%2Fschool-mascot%2F6%2F7%2F7%2F67794d08-6dca-46cd-9a67-0ad03c5c522c.gif%3Fversion%3D635984019000000000%26amp%3Bwidth%3D64%26amp%3Bheight%3D64%26amp%3Bauto%3Dwebp%26amp%3Bformat%3Dpjpg"
35,"North Branch vs Rock Ridge co-op [Eveleth-Gilbert/Virginia]",Football,"Minnesota",9/25/2026,7:00pm,"The North Branch varsity football team has an away conference game @  Rock Ridge co-op [Eveleth-Gilbert/Virginia] (Eveleth, MN) on Friday, September 25 @ 7p.","/mn/football/game/north-branch-vs-rock-ridge-co-op-eveleth-gilbert-virginia-wolverines-eveleth/9-25-2026/?c=8697aea1-abfd-491e-bf1a-1339bd30f5a0","https://www.maxpreps.com/mn/football/game/north-branch-vs-rock-ridge-co-op-eveleth-gilbert-virginia-wolverines-eveleth/9-25-2026/?c=8697aea1-abfd-491e-bf1a-1339bd30f5a0","/football/mn/1d46?9/25/2026","Vikings","Wolverines","https://www.maxpreps.com/mn/north-branch/football/","https://www.maxpreps.com/mn/rock-ridge-co-op-eveleth-gilbert-virginia-wolverines-eveleth/football/","https://hsfootball.net/proxy.php?url=https%3A%2F%2Fimage.maxpreps.io%2Fschool-mascot%2F7%2F4%2Fc%2F74cb7ed5-b527-4126-8cab-01649702279b.gif%3Fversion%3D635766449400000000%26amp%3Bwidth%3D128%26amp%3Bheight%3D128%26amp%3Bauto%3Dwebp%26amp%3Bformat%3Dpjpg","https://hsfootball.net/proxy.php?url=https%3A%2F%2Fimage.maxpreps.io%2Fschool-mascot%2Fd%2Fa%2F4%2Fda4f02d2-281e-4c59-bd2f-e70ba3444892.gif%3Fversion%3D638018677800000000%26amp%3Bwidth%3D128%26amp%3Bheight%3D128%26amp%3Bauto%3Dwebp%26amp%3Bformat%3Dpjpg"
36,"Rogers vs Champlin Park",Football,"Minnesota",9/25/2026,7:00pm,"The Rogers varsity football team has an away conference game @  Champlin Park (Champlin, MN) on Friday, September 25 @ 7p.","/mn/football/game/champlin-park-vs-rogers/9-25-2026/?c=9e1707d4-48b2-4cdf-915d-32d12738ccac","https://www.maxpreps.com/mn/football/game/champlin-park-vs-rogers/9-25-2026/?c=9e1707d4-48b2-4cdf-915d-32d12738ccac","/football/mn/8fc?9/25/2026","Royals","Rebels","https://www.maxpreps.com/mn/champlin-park/football/","https://www.maxpreps.com/mn/rogers/football/","https://hsfootball.net/proxy.php?url=https%3A%2F%2Fimage.maxpreps.io%2Fschool-mascot%2F5%2Fa%2Fa%2F5aa3c10c-35a9-41b4-b199-e8d61909d7b9.gif%3Fversion%3D635319420000000000%26amp%3Bwidth%3D128%26amp%3Bheight%3D128%26amp%3Bauto%3Dwebp%26amp%3Bformat%3Dpjpg","https://hsfootball.net/proxy.php?url=https%3A%2F%2Fimage.maxpreps.io%2Fschool-mascot%2F7%2Fd%2F9%2F7d9f5983-563e-494b-ad9b-8d49647a8c79.gif%3Fversion%3D634568692800000000%26amp%3Bwidth%3D128%26amp%3Bheight%3D128%26amp%3Bauto%3Dwebp%26amp%3Bformat%3Dpjpg"
37,"Simley vs South St. Paul",Football,"Minnesota",9/25/2026,7:00pm,"The Simley varsity football team has an away conference game @  South St. Paul (MN) on Friday, September 25 @ 7p.","/mn/football/game/simley-inver-grove-heights-vs-south-st-paul/9-25-2026/?c=b862aa67-3f8e-46fc-96c0-4cd6595052b6","https://www.maxpreps.com/mn/football/game/simley-inver-grove-heights-vs-south-st-paul/9-25-2026/?c=b862aa67-3f8e-46fc-96c0-4cd6595052b6","/football/mn/10b6?9/25/2026","Spartans","Packers","https://www.maxpreps.com/mn/simley-inver-grove-heights/football/","https://www.maxpreps.com/mn/south-st-paul/football/","https://hsfootball.net/proxy.php?url=https%3A%2F%2Fimage.maxpreps.io%2Fschool-mascot%2F7%2Fd%2F3%2F7d3989b5-8432-440f-9f9c-2df10f33e022.gif%3Fversion%3D636071073000000000%26amp%3Bwidth%3D128%26amp%3Bheight%3D128%26amp%3Bauto%3Dwebp%26amp%3Bformat%3Dpjpg","https://hsfootball.net/proxy.php?url=https%3A%2F%2Fimage.maxpreps.io%2Fschool-mascot%2F4%2F3%2F5%2F43577e6f-38b5-42e5-9271-e6e191833256.gif%3Fversion%3D637616936400000000%26amp%3Bwidth%3D128%26amp%3Bheight%3D128%26amp%3Bauto%3Dwebp%26amp%3Bformat%3Dpjpg"
38,"Cannon Falls vs Kenyon-Wanamingo",Football,"Minnesota",9/25/2026,7:00pm,"The Cannon Falls varsity football team has an away non-conference game @  Kenyon-Wanamingo (Kenyon, MN) on Friday, September 25 @ 7p.","/mn/football/game/cannon-falls-vs-kenyon-wanamingo/9-25-2026/?c=8d5bc0a5-22fb-407b-ab4b-4f4b6317282c","https://www.maxpreps.com/mn/football/game/cannon-falls-vs-kenyon-wanamingo/9-25-2026/?c=8d5bc0a5-22fb-407b-ab4b-4f4b6317282c","/football/mn/c81?9/25/2026","Bombers","Knights","https://www.maxpreps.com/mn/cannon-falls/football/","https://www.maxpreps.com/mn/kenyon-wanamingo/football/","https://hsfootball.net/proxy.php?url=https%3A%2F%2Fimage.maxpreps.io%2Fschool-mascot%2F4%2F8%2Fe%2F48e4ccc1-68aa-4ed9-8ff6-eee28b70b913.gif%3Fversion%3D637727473200000000%26amp%3Bwidth%3D128%26amp%3Bheight%3D128%26amp%3Bauto%3Dwebp%26amp%3Bformat%3Dpjpg","https://hsfootball.net/proxy.php?url=https%3A%2F%2Fimage.maxpreps.io%2Fschool-mascot%2Fc%2F3%2Fc%2Fc3c2cbe3-586a-458d-b36d-129180fde55e.gif%3Fversion%3D633645176400000000%26amp%3Bwidth%3D128%26amp%3Bheight%3D128%26amp%3Bauto%3Dwebp%26amp%3Bformat%3Dpjpg"
39,"East Central vs Mountain Iron-Buhl",Football,"Minnesota",9/25/2026,7:00pm,"The East Central varsity football team has an away conference game @  Mountain Iron-Buhl (Mountain Iron, MN) on Friday, September 25 @ 7p.","/mn/football/game/east-central-finlayson-vs-mountain-iron-buhl/9-25-2026/?c=33bdd0e4-f57f-43e0-84f0-5b9684a4bdc2","https://www.maxpreps.com/mn/football/game/east-central-finlayson-vs-mountain-iron-buhl/9-25-2026/?c=33bdd0e4-f57f-43e0-84f0-5b9684a4bdc2","/football/mn/112e?9/25/2026","Eagles","Rangers","https://www.maxpreps.com/mn/east-central-finlayson/football/","https://www.maxpreps.com/mn/mountain-iron-buhl/football/","https://hsfootball.net/proxy.php?url=https%3A%2F%2Fimage.maxpreps.io%2Fschool-mascot%2F4%2F8%2F3%2F48339edb-56b5-4f6a-a4bb-894e384fa441.gif%3Fversion%3D636783854400000000%26amp%3Bwidth%3D128%26amp%3Bheight%3D128%26amp%3Bauto%3Dwebp%26amp%3Bformat%3Dpjpg","https://hsfootball.net/proxy.php?url=https%3A%2F%2Fimage.maxpreps.io%2Fschool-mascot%2F4%2F8%2F3%2F48339edb-56b5-4f6a-a4bb-894e384fa441.gif%3Fversion%3D636783854400000000%26amp%3Bwidth%3D64%26amp%3Bheight%3D64%26amp%3Bauto%3Dwebp%26amp%3Bformat%3Dpjpg"
40,"Cretin-Derham Hall vs St. Louis Park",Football,"Minnesota",9/25/2026,7:00pm,"The Cretin-Derham Hall varsity football team has an away conference game @  St. Louis Park (MN) on Friday, September 25 @ 7p.","/mn/football/game/cretin-derham-hall-st-paul-vs-st-louis-park/9-25-2026/?c=757ac7f6-771b-4ddd-8bc4-495f50b4cd30","https://www.maxpreps.com/mn/football/game/cretin-derham-hall-st-paul-vs-st-louis-park/9-25-2026/?c=757ac7f6-771b-4ddd-8bc4-495f50b4cd30","/football/mn/1042?9/25/2026","Raiders","Orioles","https://www.maxpreps.com/mn/cretin-derham-hall-st-paul/football/","https://www.maxpreps.com/mn/st-louis-park/football/","https://hsfootball.net/proxy.php?url=https%3A%2F%2Fimage.maxpreps.io%2Fschool-mascot%2F4%2F9%2F4%2F49444f68-5b0b-466d-99db-940577ec7e17.gif%3Fversion%3D637976338800000000%26amp%3Bwidth%3D128%26amp%3Bheight%3D128%26amp%3Bauto%3Dwebp%26amp%3Bformat%3Dpjpg","https://hsfootball.net/proxy.php?url=https%3A%2F%2Fimage.maxpreps.io%2Fschool-mascot%2Fd%2F0%2Fa%2Fd0a855ac-63df-485d-a332-9d59948d8030.gif%3Fversion%3D634191027600000000%26amp%3Bwidth%3D128%26amp%3Bheight%3D128%26amp%3Bauto%3Dwebp%26amp%3Bformat%3Dpjpg"
41,"St. Charles vs Lourdes",Football,"Minnesota",9/25/2026,7:00pm,"The St. Charles varsity football team has an away conference game @  Lourdes (Rochester, MN) on Friday, September 25 @ 7p.","/mn/football/game/lourdes-rochester-vs-st-charles/9-25-2026/?c=38e2f07b-4b39-4c77-859a-009943f053b6","https://www.maxpreps.com/mn/football/game/lourdes-rochester-vs-st-charles/9-25-2026/?c=38e2f07b-4b39-4c77-859a-009943f053b6","/football/mn/c33?9/25/2026","Saints","Eagles","https://www.maxpreps.com/mn/lourdes-rochester/football/","https://www.maxpreps.com/mn/st-charles/football/","https://hsfootball.net/proxy.php?url=https%3A%2F%2Fimage.maxpreps.io%2Fschool-mascot%2F9%2F3%2F1%2F9317554f-5a54-4b23-ade0-348d87b9e652.gif%3Fversion%3D637987464600000000%26amp%3Bwidth%3D128%26amp%3Bheight%3D128%26amp%3Bauto%3Dwebp%26amp%3Bformat%3Dpjpg","https://hsfootball.net/proxy.php?url=https%3A%2F%2Fimage.maxpreps.io%2Fschool-mascot%2F6%2Ff%2F9%2F6f94da0d-7dec-4593-bfa0-8546ceb20257.gif%3Fversion%3D637976340000000000%26amp%3Bwidth%3D128%26amp%3Bheight%3D128%26amp%3Bauto%3Dwebp%26amp%3Bformat%3Dpjpg"
42,"Barnesville vs Hawley",Football,"Minnesota",9/25/2026,7:00pm,"The Barnesville varsity football team has an away conference game @  Hawley (MN) on Friday, September 25 @ 7p.","/mn/football/game/barnesville-vs-hawley/9-25-2026/?c=c65138fd-441d-4307-b3e0-054c08fc260e","https://www.maxpreps.com/mn/football/game/barnesville-vs-hawley/9-25-2026/?c=c65138fd-441d-4307-b3e0-054c08fc260e","/football/mn/864?9/25/2026","Trojans","Nuggets","https://www.maxpreps.com/mn/barnesville/football/","https://www.maxpreps.com/mn/hawley/football/","https://hsfootball.net/proxy.php?url=https%3A%2F%2Fimage.maxpreps.io%2Fschool-mascot%2F7%2F0%2F7%2F70775df1-c3a3-43ee-8c83-bf3e4bd620e8.gif%3Fversion%3D637986741600000000%26amp%3Bwidth%3D128%26amp%3Bheight%3D128%26amp%3Bauto%3Dwebp%26amp%3Bformat%3Dpjpg","https://hsfootball.net/proxy.php?url=https%3A%2F%2Fimage.maxpreps.io%2Fschool-mascot%2Fa%2Fc%2F0%2Fac02f320-5f79-4422-ba85-f01f4bc0546c.gif%3Fversion%3D636936034200000000%26amp%3Bwidth%3D128%26amp%3Bheight%3D128%26amp%3Bauto%3Dwebp%26amp%3Bformat%3Dpjpg"
43,"Gibbon-Fairfax-Winthrop vs Cleveland/Immanuel Lutheran",Football,"Minnesota",9/25/2026,7:00pm,"The Gibbon-Fairfax-Winthrop varsity football team has an away conference game @  Cleveland/Immanuel Lutheran (Cleveland, MN) on Friday, September 25 @ 7p.","/mn/football/game/cleveland-immanuel-lutheran-vs-gibbon-fairfax-winthrop/9-25-2026/?c=654e286e-b440-40b8-ad09-8e1978698317","https://www.maxpreps.com/mn/football/game/cleveland-immanuel-lutheran-vs-gibbon-fairfax-winthrop/9-25-2026/?c=654e286e-b440-40b8-ad09-8e1978698317","/football/mn/152d?9/25/2026","Thunderbirds","TBD","https://www.maxpreps.com/mn/cleveland-immanuel-lutheran/football/","https://www.maxpreps.com/mn/gibbon-fairfax-winthrop/football/","https://hsfootball.net/proxy.php?url=https%3A%2F%2Fimage.maxpreps.io%2Fschool-mascot%2F7%2Ff%2F2%2F7f2cd5da-988e-44a1-a179-17b48f568417.gif%3Fversion%3D636003024000000000%26amp%3Bwidth%3D128%26amp%3Bheight%3D128%26amp%3Bauto%3Dwebp%26amp%3Bformat%3Dpjpg","https://hsfootball.net/proxy.php?url=https%3A%2F%2Fimage.maxpreps.io%2Fschool-mascot%2F7%2Ff%2F2%2F7f2cd5da-988e-44a1-a179-17b48f568417.gif%3Fversion%3D636003024000000000%26amp%3Bwidth%3D64%26amp%3Bheight%3D64%26amp%3Bauto%3Dwebp%26amp%3Bformat%3Dpjpg"
44,"Staples-Motley vs Perham",Football,"Minnesota",9/25/2026,7:00pm,"The Staples-Motley varsity football team has an away conference game @  Perham (MN) on Friday, September 25 @ 7p.","/mn/football/game/perham-vs-staples-motley/9-25-2026/?c=2eac3dba-bccb-4bbb-b24f-2ec4e71a91bd","https://www.maxpreps.com/mn/football/game/perham-vs-staples-motley/9-25-2026/?c=2eac3dba-bccb-4bbb-b24f-2ec4e71a91bd","/football/mn/983?9/25/2026","Cardinals","Yellowjackets","https://www.maxpreps.com/mn/perham/football/","https://www.maxpreps.com/mn/staples-motley/football/","https://hsfootball.net/proxy.php?url=https%3A%2F%2Fimage.maxpreps.io%2Fschool-mascot%2F9%2F3%2F3%2F93322783-e293-402d-81f4-6bb47a562f40.gif%3Fversion%3D638010945600000000%26amp%3Bwidth%3D128%26amp%3Bheight%3D128%26amp%3Bauto%3Dwebp%26amp%3Bformat%3Dpjpg","https://hsfootball.net/proxy.php?url=https%3A%2F%2Fimage.maxpreps.io%2Fschool-mascot%2F5%2Fb%2F0%2F5b0ac1f6-4c54-4b30-bd41-e2fabede68d4.gif%3Fversion%3D636482307600000000%26amp%3Bwidth%3D128%26amp%3Bheight%3D128%26amp%3Bauto%3Dwebp%26amp%3Bformat%3Dpjpg"
45,"Grand Meadow vs Lanesboro",Football,"Minnesota",9/25/2026,7:00pm,"The Grand Meadow varsity football team has an away conference game @  Lanesboro (MN) on Friday, September 25 @ 7p.","/mn/football/game/grand-meadow-vs-lanesboro/9-25-2026/?c=2768dc04-2ac0-42b1-818a-e955deb30f55","https://www.maxpreps.com/mn/football/game/grand-meadow-vs-lanesboro/9-25-2026/?c=2768dc04-2ac0-42b1-818a-e955deb30f55","/football/mn/9be?9/25/2026","Superlarks","Burros","https://www.maxpreps.com/mn/grand-meadow/football/","https://www.maxpreps.com/mn/lanesboro/football/","https://hsfootball.net/proxy.php?url=https%3A%2F%2Fasset.maxpreps.io%2Fincludes%2Fimages%2Flogos%2Fmaxpreps-logo-white-2025.png","https://hsfootball.net/proxy.php?url=https%3A%2F%2Fasset.maxpreps.io%2Fincludes%2Freact%2Fplay-on-logo.png"
46,"Verndale vs Ogilvie",Football,"Minnesota",9/25/2026,7:00pm,"The Verndale varsity football team has an away conference game @  Ogilvie (MN) on Friday, September 25 @ 7p.","/mn/football/game/ogilvie-vs-verndale/9-25-2026/?c=564ca336-b663-47b9-80bf-454396382f22","https://www.maxpreps.com/mn/football/game/ogilvie-vs-verndale/9-25-2026/?c=564ca336-b663-47b9-80bf-454396382f22","/football/mn/783?9/25/2026","Pirates","Lions","https://www.maxpreps.com/mn/ogilvie/football/","https://www.maxpreps.com/mn/verndale/football/","https://hsfootball.net/proxy.php?url=https%3A%2F%2Fimage.maxpreps.io%2Fschool-mascot%2F6%2Fa%2F8%2F6a8f2859-ad21-4bbd-943b-f82815c723f4.gif%3Fversion%3D635498148600000000%26amp%3Bwidth%3D128%26amp%3Bheight%3D128%26amp%3Bauto%3Dwebp%26amp%3Bformat%3Dpjpg","https://hsfootball.net/proxy.php?url=https%3A%2F%2Fimage.maxpreps.io%2Fschool-mascot%2F6%2Fc%2Fd%2F6cd7115b-51d4-47ab-b15e-ba2cfd329b2e.gif%3Fversion%3D637729172400000000%26amp%3Bwidth%3D128%26amp%3Bheight%3D128%26amp%3Bauto%3Dwebp%26amp%3Bformat%3Dpjpg"
47,"Anoka vs Osseo",Football,"Minnesota",9/25/2026,7:00pm,"The Anoka varsity football team has an away conference game @  Osseo (MN) on Friday, September 25 @ 7p.","/mn/football/game/anoka-vs-osseo/9-25-2026/?c=eca87644-96f6-4d6d-9b07-c32704fc5f4f","https://www.maxpreps.com/mn/football/game/anoka-vs-osseo/9-25-2026/?c=eca87644-96f6-4d6d-9b07-c32704fc5f4f","/football/mn/576?9/25/2026","Tornadoes","Orioles","https://www.maxpreps.com/mn/anoka/football/","https://www.maxpreps.com/mn/osseo/football/","https://hsfootball.net/proxy.php?url=https%3A%2F%2Fimage.maxpreps.io%2Fschool-mascot%2F5%2F9%2F9%2F599c5848-7d0a-4e3a-a961-06f6f569cc2d.gif%3Fversion%3D638531722325357310%26amp%3Bwidth%3D128%26amp%3Bheight%3D128%26amp%3Bauto%3Dwebp%26amp%3Bformat%3Dpjpg","https://hsfootball.net/proxy.php?url=https%3A%2F%2Fimage.maxpreps.io%2Fschool-mascot%2F9%2Fd%2Fa%2F9da35d8d-9a71-47da-9b1a-06700c81dc13.gif%3Fversion%3D637976340600000000%26amp%3Bwidth%3D128%26amp%3Bheight%3D128%26amp%3Bauto%3Dwebp%26amp%3Bformat%3Dpjpg"
48,"St. Peter vs Tri-City United [Montgomery-Lonsdale/Le Center]",Football,"Minnesota",9/25/2026,7:00pm,"The St. Peter varsity football team has an away conference game @  Tri-City United [Montgomery-Lonsdale/Le Center] (Montgomery, MN) on Friday, September 25 @ 7p.","/mn/football/game/st-peter-vs-tri-city-united-montgomery-lonsdale-le-center/9-25-2026/?c=ed3f4b50-681d-4c79-8327-f4277c903bcd","https://www.maxpreps.com/mn/football/game/st-peter-vs-tri-city-united-montgomery-lonsdale-le-center/9-25-2026/?c=ed3f4b50-681d-4c79-8327-f4277c903bcd","/football/mn/160b?9/25/2026","Saints","Titans","https://www.maxpreps.com/mn/st-peter/football/","https://www.maxpreps.com/mn/tri-city-united-montgomery-lonsdale-le-center/football/","https://hsfootball.net/proxy.php?url=https%3A%2F%2Fimage.maxpreps.io%2Fschool-mascot%2F9%2Fe%2F2%2F9e2263f6-1c07-4f76-923d-55a413791b1e.gif%3Fversion%3D637447398000000000%26amp%3Bwidth%3D128%26amp%3Bheight%3D128%26amp%3Bauto%3Dwebp%26amp%3Bformat%3Dpjpg","https://hsfootball.net/proxy.php?url=https%3A%2F%2Fimage.maxpreps.io%2Fschool-mascot%2F9%2Fe%2F2%2F9e2263f6-1c07-4f76-923d-55a413791b1e.gif%3Fversion%3D637447398000000000%26amp%3Bwidth%3D64%26amp%3Bheight%3D64%26amp%3Bauto%3Dwebp%26amp%3Bformat%3Dpjpg"
49,"Jordan vs Rockford",Football,"Minnesota",9/25/2026,7:00pm,"The Jordan varsity football team has an away conference game @  Rockford (MN) on Friday, September 25 @ 7p.","/mn/football/game/jordan-vs-rockford/9-25-2026/?c=0d11b01d-aa8a-44fb-8fda-90b847a96e05","https://www.maxpreps.com/mn/football/game/jordan-vs-rockford/9-25-2026/?c=0d11b01d-aa8a-44fb-8fda-90b847a96e05","/football/mn/71b?9/25/2026","Hubmen &amp; Jaguars","Rockets","https://www.maxpreps.com/mn/jordan/football/","https://www.maxpreps.com/mn/rockford/football/","https://hsfootball.net/proxy.php?url=https%3A%2F%2Fimage.maxpreps.io%2Fschool-mascot%2F7%2Fb%2F7%2F7b7f0e8f-e084-4967-8086-dbaf43b52d13.gif%3Fversion%3D637188336000000000%26amp%3Bwidth%3D128%26amp%3Bheight%3D128%26amp%3Bauto%3Dwebp%26amp%3Bformat%3Dpjpg","https://hsfootball.net/proxy.php?url=https%3A%2F%2Fimage.maxpreps.io%2Fschool-mascot%2F5%2F5%2F8%2F558613d5-c08b-463d-9f0b-73340208bbdf.gif%3Fversion%3D633786196200000000%26amp%3Bwidth%3D128%26amp%3Bheight%3D128%26amp%3Bauto%3Dwebp%26amp%3Bformat%3Dpjpg"
50,"Belle Plaine vs New Ulm",Football,"Minnesota",9/25/2026,TBD,"The New Ulm varsity football team has a game @ Belle Plaine (Minnesota).","/mn/football/game/belle-plaine-vs-new-ulm/9-25-2026/?c=65d8f4a0-5c13-4c69-89d7-4428d197b6cc","https://www.maxpreps.com/mn/football/game/belle-plaine-vs-new-ulm/9-25-2026/?c=65d8f4a0-5c13-4c69-89d7-4428d197b6cc","/football/mn/8b2?9/25/2026","Plaine","Ulm","https://www.maxpreps.com/mn/belle-plaine/football/","https://www.maxpreps.com/mn/new-ulm/football/","",""
51,"Lakeview Cottonwood vs Minneota",Football,"Minnesota",9/25/2026,TBD,"The Minneota varsity football team has a game @ Lakeview Cottonwood (Minnesota).","/mn/football/game/lakeview-cottonwood-vs-minneota/9-25-2026/?c=94dcf753-6436-4f0e-bd00-bb7c7ce60932","https://www.maxpreps.com/mn/football/game/lakeview-cottonwood-vs-minneota/9-25-2026/?c=94dcf753-6436-4f0e-bd00-bb7c7ce60932","/football/mn/c73?9/25/2026","Cottonwood","Minneota","https://www.maxpreps.com/mn/lakeview-cottonwood/football/","https://www.maxpreps.com/mn/minneota/football/","",""
52,"Brainerd vs Sartell St Stephen",Football,"Minnesota",9/25/2026,TBD,"The Sartell St Stephen varsity football team has a game @ Brainerd (Minnesota).","/mn/football/game/brainerd-vs-sartell-st-stephen/9-25-2026/?c=7bc7bb20-200c-4a1f-8000-1abbae6b76ab","https://www.maxpreps.com/mn/football/game/brainerd-vs-sartell-st-stephen/9-25-2026/?c=7bc7bb20-200c-4a1f-8000-1abbae6b76ab","/football/mn/bb9?9/25/2026","Brainerd","Stephen","https://www.maxpreps.com/mn/brainerd/football/","https://www.maxpreps.com/mn/sartell-st-stephen/football/","",""
53,"Janesville Waldorf Pemberton vs Waterville Elysian Morristown",Football,"Minnesota",9/25/2026,TBD,"The Waterville Elysian Morristown varsity football team has a game @ Janesville Waldorf Pemberton (Minnesota).","/mn/football/game/janesville-waldorf-pemberton-vs-waterville-elysian-morristown/9-25-2026/?c=7dc6bacf-7ef2-48bf-a58e-e3174db0b7e8","https://www.maxpreps.com/mn/football/game/janesville-waldorf-pemberton-vs-waterville-elysian-morristown/9-25-2026/?c=7dc6bacf-7ef2-48bf-a58e-e3174db0b7e8","/football/mn/1877?9/25/2026","Pemberton","Morristown","https://www.maxpreps.com/mn/janesville-waldorf-pemberton/football/","https://www.maxpreps.com/mn/waterville-elysian-morristown/football/","",""
54,"Fertile Beltrami vs Win E Mac Erskine",Football,"Minnesota",9/25/2026,TBD,"The Win E Mac Erskine varsity football team has a game @ Fertile Beltrami (Minnesota).","/mn/football/game/fertile-beltrami-vs-win-e-mac-erskine/9-25-2026/?c=532abf4f-98ec-4764-a616-40dd95f070b0","https://www.maxpreps.com/mn/football/game/fertile-beltrami-vs-win-e-mac-erskine/9-25-2026/?c=532abf4f-98ec-4764-a616-40dd95f070b0","/football/mn/e07?9/25/2026","Beltrami","Erskine","https://www.maxpreps.com/mn/fertile-beltrami/football/","https://www.maxpreps.com/mn/win-e-mac-erskine/football/","",""
55,"Fosston vs Stephen Argyle Central",Football,"Minnesota",9/25/2026,TBD,"The Stephen Argyle Central varsity football team has a game @ Fosston (Minnesota).","/mn/football/game/fosston-vs-stephen-argyle-central/9-25-2026/?c=0bdc7b9c-4cab-4ed1-8ea2-e40012d8f55a","https://www.maxpreps.com/mn/football/game/fosston-vs-stephen-argyle-central/9-25-2026/?c=0bdc7b9c-4cab-4ed1-8ea2-e40012d8f55a","/football/mn/d0d?9/25/2026","Fosston","Central","https://www.maxpreps.com/mn/fosston/football/","https://www.maxpreps.com/mn/stephen-argyle-central/football/","",""
56,"Lake Of The Woods Rainy River Baudette vs Northern Freeze Co Op Marshall County Central Tri County Newfolden",Football,"Minnesota",9/25/2026,TBD,"The Northern Freeze Co Op Marshall County Central Tri County Newfolden varsity football team has a game @ Lake Of The Woods Rainy River Baudette (Minnesota).","/mn/football/game/lake-of-the-woods-rainy-river-baudette-vs-northern-freeze-co-op-marshall-county-central-tri-county-newfolden/9-25-2026/?c=6ec3a47b-4c5c-445c-b3dd-240e35af9746","https://www.maxpreps.com/mn/football/game/lake-of-the-woods-rainy-river-baudette-vs-northern-freeze-co-op-marshall-county-central-tri-county-newfolden/9-25-2026/?c=6ec3a47b-4c5c-445c-b3dd-240e35af9746","/football/mn/2992?9/25/2026","Baudette","Newfolden","https://www.maxpreps.com/mn/lake-of-the-woods-rainy-river-baudette/football/","https://www.maxpreps.com/mn/northern-freeze-co-op-marshall-county-central-tri-county-newfolden/football/","",""
57,"Lake Park Audubon vs Otter Tail Central Co Op Battle Lake Henning",Football,"Minnesota",9/25/2026,TBD,"The Otter Tail Central Co Op Battle Lake Henning varsity football team has a game @ Lake Park Audubon (Minnesota).","/mn/football/game/lake-park-audubon-vs-otter-tail-central-co-op-battle-lake-henning/9-25-2026/?c=20b153b4-975f-43dc-900c-549048c140ce","https://www.maxpreps.com/mn/football/game/lake-park-audubon-vs-otter-tail-central-co-op-battle-lake-henning/9-25-2026/?c=20b153b4-975f-43dc-900c-549048c140ce","/football/mn/1883?9/25/2026","Audubon","Henning","https://www.maxpreps.com/mn/lake-park-audubon/football/","https://www.maxpreps.com/mn/otter-tail-central-co-op-battle-lake-henning/football/","",""
58,"Becker vs Princeton",Football,"Minnesota",9/25/2026,TBD,"The Princeton varsity football team has a game @ Becker (Minnesota).","/mn/football/game/becker-vs-princeton/9-25-2026/?c=c8ab0967-551e-47a0-b7ad-351340f52513","https://www.maxpreps.com/mn/football/game/becker-vs-princeton/9-25-2026/?c=c8ab0967-551e-47a0-b7ad-351340f52513","/football/mn/781?9/25/2026","Becker","Princeton","https://www.maxpreps.com/mn/becker/football/","https://www.maxpreps.com/mn/princeton/football/","",""
59,"Spring Grove vs Wabasha Kellogg",Football,"Minnesota",9/25/2026,TBD,"The Wabasha Kellogg varsity football team has a game @ Spring Grove (Minnesota).","/mn/football/game/spring-grove-vs-wabasha-kellogg/9-25-2026/?c=3ad92ee3-a20c-4adc-b78b-d9a5a87ec6e6","https://www.maxpreps.com/mn/football/game/spring-grove-vs-wabasha-kellogg/9-25-2026/?c=3ad92ee3-a20c-4adc-b78b-d9a5a87ec6e6","/football/mn/c0f?9/25/2026","Grove","Kellogg","https://www.maxpreps.com/mn/spring-grove/football/","https://www.maxpreps.com/mn/wabasha-kellogg/football/","",""
60,"Menahga vs Parkers Prairie",Football,"Minnesota",9/25/2026,TBD,"The Parkers Prairie varsity football team has a game @ Menahga (Minnesota).","/mn/football/game/menahga-vs-parkers-prairie/9-25-2026/?c=32b411bf-44cd-4f16-92c1-a55c72299ec7","https://www.maxpreps.com/mn/football/game/menahga-vs-parkers-prairie/9-25-2026/?c=32b411bf-44cd-4f16-92c1-a55c72299ec7","/football/mn/a25?9/25/2026","Menahga","Prairie","https://www.maxpreps.com/mn/menahga/football/","https://www.maxpreps.com/mn/parkers-prairie/football/","",""
61,"Esko vs Mora",Football,"Minnesota",9/25/2026,TBD,"The Mora varsity football team has a game @ Esko (Minnesota).","/mn/football/game/esko-vs-mora/9-25-2026/?c=bfdf1750-13f3-4e85-a520-2e2702e66780","https://www.maxpreps.com/mn/football/game/esko-vs-mora/9-25-2026/?c=bfdf1750-13f3-4e85-a520-2e2702e66780","/football/mn/4a4?9/25/2026","Esko","Mora","https://www.maxpreps.com/mn/esko/football/","https://www.maxpreps.com/mn/mora/football/","",""
62,"Rocori Cold Spring vs Willmar",Football,"Minnesota",9/25/2026,TBD,"The Willmar varsity football team has a game @ Rocori Cold Spring (Minnesota).","/mn/football/game/rocori-cold-spring-vs-willmar/9-25-2026/?c=3a500365-f81e-4e9a-8f44-9d8fbfc9ebaf","https://www.maxpreps.com/mn/football/game/rocori-cold-spring-vs-willmar/9-25-2026/?c=3a500365-f81e-4e9a-8f44-9d8fbfc9ebaf","/football/mn/b58?9/25/2026","Spring","Willmar","https://www.maxpreps.com/mn/rocori-cold-spring/football/","https://www.maxpreps.com/mn/willmar/football/","",""
63,"Lester Prairie Holy Trinity vs Martin County West Sherburn",Football,"Minnesota",9/25/2026,TBD,"The Martin County West Sherburn varsity football team has a game @ Lester Prairie Holy Trinity (Minnesota).","/mn/football/game/lester-prairie-holy-trinity-vs-martin-county-west-sherburn/9-25-2026/?c=b470b0c5-c373-4aac-9f1d-8f004fb346b1","https://www.maxpreps.com/mn/football/game/lester-prairie-holy-trinity-vs-martin-county-west-sherburn/9-25-2026/?c=b470b0c5-c373-4aac-9f1d-8f004fb346b1","/football/mn/16f4?9/25/2026","Trinity","Sherburn","https://www.maxpreps.com/mn/lester-prairie-holy-trinity/football/","https://www.maxpreps.com/mn/martin-county-west-sherburn/football/","",""
64,"Dilworth Glyndon Felton vs Pillager",Football,"Minnesota",9/25/2026,TBD,"The Pillager varsity football team has a game @ Dilworth Glyndon Felton (Minnesota).","/mn/football/game/dilworth-glyndon-felton-vs-pillager/9-25-2026/?c=0ee0a6ab-50a5-4463-af86-370c14fa5329","https://www.maxpreps.com/mn/football/game/dilworth-glyndon-felton-vs-pillager/9-25-2026/?c=0ee0a6ab-50a5-4463-af86-370c14fa5329","/football/mn/ddd?9/25/2026","Felton","Pillager","https://www.maxpreps.com/mn/dilworth-glyndon-felton/football/","https://www.maxpreps.com/mn/pillager/football/","",""
65,"Lewiston Altura vs New Richland Hartland Ellendale Geneva",Football,"Minnesota",9/25/2026,TBD,"The New Richland Hartland Ellendale Geneva varsity football team has a game @ Lewiston Altura (Minnesota).","/mn/football/game/lewiston-altura-vs-new-richland-hartland-ellendale-geneva/9-25-2026/?c=4daa3292-8631-40ee-bf0d-f5fddc0cc150","https://www.maxpreps.com/mn/football/game/lewiston-altura-vs-new-richland-hartland-ellendale-geneva/9-25-2026/?c=4daa3292-8631-40ee-bf0d-f5fddc0cc150","/football/mn/161b?9/25/2026","Altura","Geneva","https://www.maxpreps.com/mn/lewiston-altura/football/","https://www.maxpreps.com/mn/new-richland-hartland-ellendale-geneva/football/","",""
66,"Blue Earth vs Hayfield",Football,"Minnesota",9/25/2026,TBD,"The Hayfield varsity football team has a game @ Blue Earth (Minnesota).","/mn/football/game/blue-earth-vs-hayfield/9-25-2026/?c=51f7a3d1-079e-4739-8940-5fbe55ad2dca","https://www.maxpreps.com/mn/football/game/blue-earth-vs-hayfield/9-25-2026/?c=51f7a3d1-079e-4739-8940-5fbe55ad2dca","/football/mn/872?9/25/2026","Earth","Hayfield","https://www.maxpreps.com/mn/blue-earth/football/","https://www.maxpreps.com/mn/hayfield/football/","",""
67,"Murray County Central Slayton vs Russell Tyler Ruthton",Football,"Minnesota",9/25/2026,TBD,"The Russell Tyler Ruthton varsity football team has a game @ Murray County Central Slayton (Minnesota).","/mn/football/game/murray-county-central-slayton-vs-russell-tyler-ruthton/9-25-2026/?c=4d792278-bf01-4414-9823-aa674d37a135","https://www.maxpreps.com/mn/football/game/murray-county-central-slayton-vs-russell-tyler-ruthton/9-25-2026/?c=4d792278-bf01-4414-9823-aa674d37a135","/football/mn/15a7?9/25/2026","Slayton","Ruthton","https://www.maxpreps.com/mn/murray-county-central-slayton/football/","https://www.maxpreps.com/mn/russell-tyler-ruthton/football/","",""
68,"Albany vs Pierz",Football,"Minnesota",9/25/2026,TBD,"The Pierz varsity football team has a game @ Albany (Minnesota).","/mn/football/game/albany-vs-pierz/9-25-2026/?c=e6a68297-22b4-47de-97e1-6b5a52e05f5f","https://www.maxpreps.com/mn/football/game/albany-vs-pierz/9-25-2026/?c=e6a68297-22b4-47de-97e1-6b5a52e05f5f","/football/mn/5e4?9/25/2026","Albany","Pierz","https://www.maxpreps.com/mn/albany/football/","https://www.maxpreps.com/mn/pierz/football/","",""
69,"Minnesota Valley Lutheran New Ulm vs Windom",Football,"Minnesota",9/25/2026,TBD,"The Windom varsity football team has a game @ Minnesota Valley Lutheran New Ulm (Minnesota).","/mn/football/game/minnesota-valley-lutheran-new-ulm-vs-windom/9-25-2026/?c=80e5b713-4df1-4032-b45b-8538ca99952f","https://www.maxpreps.com/mn/football/game/minnesota-valley-lutheran-new-ulm-vs-windom/9-25-2026/?c=80e5b713-4df1-4032-b45b-8538ca99952f","/football/mn/10db?9/25/2026","Ulm","Windom","https://www.maxpreps.com/mn/minnesota-valley-lutheran-new-ulm/football/","https://www.maxpreps.com/mn/windom/football/","",""
70,"Mayo Rochester vs Northfield",Football,"Minnesota",9/25/2026,TBD,"The Northfield varsity football team has a game @ Mayo Rochester (Minnesota).","/mn/football/game/mayo-rochester-vs-northfield/9-25-2026/?c=f1c928a6-23dc-4a3b-8209-9c3f8d684651","https://www.maxpreps.com/mn/football/game/mayo-rochester-vs-northfield/9-25-2026/?c=f1c928a6-23dc-4a3b-8209-9c3f8d684651","/football/mn/b24?9/25/2026","Rochester","Northfield","https://www.maxpreps.com/mn/mayo-rochester/football/","https://www.maxpreps.com/mn/northfield/football/","",""
71,"Lake Crystal Wellcome Memorial vs Sibley East Arlington",Football,"Minnesota",9/25/2026,TBD,"The Sibley East Arlington varsity football team has a game @ Lake Crystal Wellcome Memorial (Minnesota).","/mn/football/game/lake-crystal-wellcome-memorial-vs-sibley-east-arlington/9-25-2026/?c=25ac4630-b6cc-4acb-83b0-493bec047c77","https://www.maxpreps.com/mn/football/game/lake-crystal-wellcome-memorial-vs-sibley-east-arlington/9-25-2026/?c=25ac4630-b6cc-4acb-83b0-493bec047c77","/football/mn/1574?9/25/2026","Memorial","Arlington","https://www.maxpreps.com/mn/lake-crystal-wellcome-memorial/football/","https://www.maxpreps.com/mn/sibley-east-arlington/football/","",""
72,"Foley vs Little Falls",Football,"Minnesota",9/25/2026,TBD,"The Little Falls varsity football team has a game @ Foley (Minnesota).","/mn/football/game/foley-vs-little-falls/9-25-2026/?c=ab876904-8502-40ee-b91e-296859437ae4","https://www.maxpreps.com/mn/football/game/foley-vs-little-falls/9-25-2026/?c=ab876904-8502-40ee-b91e-296859437ae4","/football/mn/82f?9/25/2026","Foley","Falls","https://www.maxpreps.com/mn/foley/football/","https://www.maxpreps.com/mn/little-falls/football/","",""
73,"Barnum vs Deer River",Football,"Minnesota",9/25/2026,TBD,"The Deer River varsity football team has a game @ Barnum (Minnesota).","/mn/football/game/barnum-vs-deer-river/9-25-2026/?c=8b2f2cec-801b-43bd-9550-4958e91a72a8","https://www.maxpreps.com/mn/football/game/barnum-vs-deer-river/9-25-2026/?c=8b2f2cec-801b-43bd-9550-4958e91a72a8","/football/mn/7bd?9/25/2026","Barnum","River","https://www.maxpreps.com/mn/barnum/football/","https://www.maxpreps.com/mn/deer-river/football/","",""
74,"Pine City vs Two Harbors Marshall Kelley",Football,"Minnesota",9/25/2026,TBD,"The Two Harbors Marshall Kelley varsity football team has a game @ Pine City (Minnesota).","/mn/football/game/pine-city-vs-two-harbors-marshall-kelley/9-25-2026/?c=1fc36880-997f-4b93-8f97-dfe4576b8540","https://www.maxpreps.com/mn/football/game/pine-city-vs-two-harbors-marshall-kelley/9-25-2026/?c=1fc36880-997f-4b93-8f97-dfe4576b8540","/football/mn/f81?9/25/2026","City","Kelley","https://www.maxpreps.com/mn/pine-city/football/","https://www.maxpreps.com/mn/two-harbors-marshall-kelley/football/","",""
75,"New Prague vs Owatonna",Football,"Minnesota",9/25/2026,TBD,"The Owatonna varsity football team has a game @ New Prague (Minnesota).","/mn/football/game/new-prague-vs-owatonna/9-25-2026/?c=6fc80e75-5edf-4ad2-b6c1-436637993a6d","https://www.maxpreps.com/mn/football/game/new-prague-vs-owatonna/9-25-2026/?c=6fc80e75-5edf-4ad2-b6c1-436637993a6d","/football/mn/8a5?9/25/2026","Prague","Owatonna","https://www.maxpreps.com/mn/new-prague/football/","https://www.maxpreps.com/mn/owatonna/football/","",""
76,"Hibbing vs Proctor Maris Academy",Football,"Minnesota",9/25/2026,TBD,"The Proctor Maris Academy varsity football team has a game @ Hibbing (Minnesota).","/mn/football/game/hibbing-vs-proctor-maris-academy/9-25-2026/?c=41178b34-d6e6-4519-913c-8a4472af8aed","https://www.maxpreps.com/mn/football/game/hibbing-vs-proctor-maris-academy/9-25-2026/?c=41178b34-d6e6-4519-913c-8a4472af8aed","/football/mn/c69?9/25/2026","Hibbing","Academy","https://www.maxpreps.com/mn/hibbing/football/","https://www.maxpreps.com/mn/proctor-maris-academy/football/","",""
77,"Cedar Mountain Morgan vs Nicollet",Football,"Minnesota",9/25/2026,TBD,"The Nicollet varsity football team has a game @ Cedar Mountain Morgan (Minnesota).","/mn/football/game/cedar-mountain-morgan-vs-nicollet/9-25-2026/?c=81595921-6958-46d1-8b09-7d9b750e3a83","https://www.maxpreps.com/mn/football/game/cedar-mountain-morgan-vs-nicollet/9-25-2026/?c=81595921-6958-46d1-8b09-7d9b750e3a83","/football/mn/ce5?9/25/2026","Morgan","Nicollet","https://www.maxpreps.com/mn/cedar-mountain-morgan/football/","https://www.maxpreps.com/mn/nicollet/football/","",""
78,"Goodhue vs Lake City",Football,"Minnesota",9/25/2026,TBD,"The Lake City varsity football team has a game @ Goodhue (Minnesota).","/mn/football/game/goodhue-vs-lake-city/9-25-2026/?c=5e4e6c46-7016-463f-85bd-9084c09e5af2","https://www.maxpreps.com/mn/football/game/goodhue-vs-lake-city/9-25-2026/?c=5e4e6c46-7016-463f-85bd-9084c09e5af2","/football/mn/7b1?9/25/2026","Goodhue","City","https://www.maxpreps.com/mn/goodhue/football/","https://www.maxpreps.com/mn/lake-city/football/","",""
79,"Central Norwood Young America vs Waseca",Football,"Minnesota",9/25/2026,TBD,"The Waseca varsity football team has a game @ Central Norwood Young America (Minnesota).","/mn/football/game/central-norwood-young-america-vs-waseca/9-25-2026/?c=f1c6e6db-bf60-4279-964c-a28888d03f7d","https://www.maxpreps.com/mn/football/game/central-norwood-young-america-vs-waseca/9-25-2026/?c=f1c6e6db-bf60-4279-964c-a28888d03f7d","/football/mn/f33?9/25/2026","America","Waseca","https://www.maxpreps.com/mn/central-norwood-young-america/football/","https://www.maxpreps.com/mn/waseca/football/","",""
80,"Hutchinson vs Marshall",Football,"Minnesota",9/25/2026,TBD,"The Marshall varsity football team has a game @ Hutchinson (Minnesota).","/mn/football/game/hutchinson-vs-marshall/9-25-2026/?c=765f0e13-cd49-4b2d-bcbf-362489f59ea7","https://www.maxpreps.com/mn/football/game/hutchinson-vs-marshall/9-25-2026/?c=765f0e13-cd49-4b2d-bcbf-362489f59ea7","/football/mn/8da?9/25/2026","Hutchinson","Marshall","https://www.maxpreps.com/mn/hutchinson/football/","https://www.maxpreps.com/mn/marshall/football/","",""
81,"Eastview Apple Valley vs Roseville",Football,"Minnesota",9/25/2026,TBD,"The Roseville varsity football team has a game @ Eastview Apple Valley (Minnesota).","/mn/football/game/eastview-apple-valley-vs-roseville/9-25-2026/?c=bb6816d8-42e0-4154-a094-cd096c07256d","https://www.maxpreps.com/mn/football/game/eastview-apple-valley-vs-roseville/9-25-2026/?c=bb6816d8-42e0-4154-a094-cd096c07256d","/football/mn/d79?9/25/2026","Valley","Roseville","https://www.maxpreps.com/mn/eastview-apple-valley/football/","https://www.maxpreps.com/mn/roseville/football/","",""
82,"Farmington vs Lakeville South",Football,"Minnesota",9/25/2026,TBD,"The Lakeville South varsity football team has a game @ Farmington (Minnesota).","/mn/football/game/farmington-vs-lakeville-south/9-25-2026/?c=c74e8b86-1936-4a39-b69b-113a2e124686","https://www.maxpreps.com/mn/football/game/farmington-vs-lakeville-south/9-25-2026/?c=c74e8b86-1936-4a39-b69b-113a2e124686","/football/mn/b91?9/25/2026","Farmington","South","https://www.maxpreps.com/mn/farmington/football/","https://www.maxpreps.com/mn/lakeville-south/football/","",""
83,"Cherry Iron vs Ely Northeast Range Vermillion Country",Football,"Minnesota",9/25/2026,TBD,"The Ely Northeast Range Vermillion Country varsity football team has a game @ Cherry Iron (Minnesota).","/mn/football/game/cherry-iron-vs-ely-northeast-range-vermillion-country/9-25-2026/?c=01e10c1e-0964-4f74-b3a4-48d93b8156db","https://www.maxpreps.com/mn/football/game/cherry-iron-vs-ely-northeast-range-vermillion-country/9-25-2026/?c=01e10c1e-0964-4f74-b3a4-48d93b8156db","/football/mn/14ed?9/25/2026","Iron","Country","https://www.maxpreps.com/mn/cherry-iron/football/","https://www.maxpreps.com/mn/ely-northeast-range-vermillion-country/football/","",""
84,"Cannon Falls Learning For Life Homeschool vs Kenyon Wanamingo",Football,"Minnesota",9/25/2026,TBD,"The Kenyon Wanamingo varsity football team has a game @ Cannon Falls Learning For Life Homeschool (Minnesota).","/mn/football/game/cannon-falls-learning-for-life-homeschool-vs-kenyon-wanamingo/9-25-2026/?c=ca5667f5-ecf4-4314-b492-edacbe2a525c","https://www.maxpreps.com/mn/football/game/cannon-falls-learning-for-life-homeschool-vs-kenyon-wanamingo/9-25-2026/?c=ca5667f5-ecf4-4314-b492-edacbe2a525c","/football/mn/179d?9/25/2026","Homeschool","Wanamingo","https://www.maxpreps.com/mn/cannon-falls-learning-for-life-homeschool/football/","https://www.maxpreps.com/mn/kenyon-wanamingo/football/","",""
85,"Rosemount vs Shakopee",Football,"Minnesota",9/25/2026,TBD,"The Shakopee varsity football team has a game @ Rosemount (Minnesota).","/mn/football/game/rosemount-vs-shakopee/9-25-2026/?c=6aa78a9b-1d19-4f80-8198-f3f12aea83cb","https://www.maxpreps.com/mn/football/game/rosemount-vs-shakopee/9-25-2026/?c=6aa78a9b-1d19-4f80-8198-f3f12aea83cb","/football/mn/87f?9/25/2026","Rosemount","Shakopee","https://www.maxpreps.com/mn/rosemount/football/","https://www.maxpreps.com/mn/shakopee/football/","",""
86,"Medford vs St Clair Loyola",Football,"Minnesota",9/25/2026,TBD,"The St Clair Loyola varsity football team has a game @ Medford (Minnesota).","/mn/football/game/medford-vs-st-clair-loyola/9-25-2026/?c=d36530c0-2bb0-4e25-aba2-181b5317c628","https://www.maxpreps.com/mn/football/game/medford-vs-st-clair-loyola/9-25-2026/?c=d36530c0-2bb0-4e25-aba2-181b5317c628","/football/mn/a00?9/25/2026","Medford","Loyola","https://www.maxpreps.com/mn/medford/football/","https://www.maxpreps.com/mn/st-clair-loyola/football/","",""
87,"Crosby Ironton vs Mesabi East Aurora",Football,"Minnesota",9/25/2026,TBD,"The Mesabi East Aurora varsity football team has a game @ Crosby Ironton (Minnesota).","/mn/football/game/crosby-ironton-vs-mesabi-east-aurora/9-25-2026/?c=e8c1e592-16a9-48c9-92ce-ce4fbcb7f483","https://www.maxpreps.com/mn/football/game/crosby-ironton-vs-mesabi-east-aurora/9-25-2026/?c=e8c1e592-16a9-48c9-92ce-ce4fbcb7f483","/football/mn/e0d?9/25/2026","Ironton","Aurora","https://www.maxpreps.com/mn/crosby-ironton/football/","https://www.maxpreps.com/mn/mesabi-east-aurora/football/","",""
88,"Chatfield vs Triton Dodge Center",Football,"Minnesota",9/25/2026,TBD,"The Triton Dodge Center varsity football team has a game @ Chatfield (Minnesota).","/mn/football/game/chatfield-vs-triton-dodge-center/9-25-2026/?c=3210a094-e966-4ada-9111-23d19cdbb24c","https://www.maxpreps.com/mn/football/game/chatfield-vs-triton-dodge-center/9-25-2026/?c=3210a094-e966-4ada-9111-23d19cdbb24c","/football/mn/c65?9/25/2026","Chatfield","Center","https://www.maxpreps.com/mn/chatfield/football/","https://www.maxpreps.com/mn/triton-dodge-center/football/","",""
89,"Stewartville vs Winona",Football,"Minnesota",9/25/2026,TBD,"The Winona varsity football team has a game @ Stewartville (Minnesota).","/mn/football/game/stewartville-vs-winona/9-25-2026/?c=013e4eb6-24e6-4c1e-80d4-8e98878d209d","https://www.maxpreps.com/mn/football/game/stewartville-vs-winona/9-25-2026/?c=013e4eb6-24e6-4c1e-80d4-8e98878d209d","/football/mn/8f5?9/25/2026","Stewartville","Winona","https://www.maxpreps.com/mn/stewartville/football/","https://www.maxpreps.com/mn/winona/football/","",""
90,"Clearbrook Gonvick vs Norman County East Ulen Hitterdal Twin Valley",Football,"Minnesota",9/25/2026,TBD,"The Norman County East Ulen Hitterdal Twin Valley varsity football team has a game @ Clearbrook Gonvick (Minnesota).","/mn/football/game/clearbrook-gonvick-vs-norman-county-east-ulen-hitterdal-twin-valley/9-25-2026/?c=c9e5acbb-9654-4a54-a948-08844995b24a","https://www.maxpreps.com/mn/football/game/clearbrook-gonvick-vs-norman-county-east-ulen-hitterdal-twin-valley/9-25-2026/?c=c9e5acbb-9654-4a54-a948-08844995b24a","/football/mn/1a31?9/25/2026","Gonvick","Valley","https://www.maxpreps.com/mn/clearbrook-gonvick/football/","https://www.maxpreps.com/mn/norman-county-east-ulen-hitterdal-twin-valley/football/","",""
91,"Albert Lea vs Worthington",Football,"Minnesota",9/25/2026,TBD,"The Worthington varsity football team has a game @ Albert Lea (Minnesota).","/mn/football/game/albert-lea-vs-worthington/9-25-2026/?c=20185759-69e4-4a11-8cdf-fdd56bb076b7","https://www.maxpreps.com/mn/football/game/albert-lea-vs-worthington/9-25-2026/?c=20185759-69e4-4a11-8cdf-fdd56bb076b7","/football/mn/9df?9/25/2026","Lea","Worthington","https://www.maxpreps.com/mn/albert-lea/football/","https://www.maxpreps.com/mn/worthington/football/","",""
92,"Cambridge Isanti vs Spring Lake Park",Football,"Minnesota",9/25/2026,TBD,"The Spring Lake Park varsity football team has a game @ Cambridge Isanti (Minnesota).","/mn/football/game/cambridge-isanti-vs-spring-lake-park/9-25-2026/?c=5df82e2a-6c15-4ca7-bb9b-e0319ce1962e","https://www.maxpreps.com/mn/football/game/cambridge-isanti-vs-spring-lake-park/9-25-2026/?c=5df82e2a-6c15-4ca7-bb9b-e0319ce1962e","/football/mn/dce?9/25/2026","Isanti","Park","https://www.maxpreps.com/mn/cambridge-isanti/football/","https://www.maxpreps.com/mn/spring-lake-park/football/","",""
93,"Atwater Cosmos Grove City vs Kerkhoven Murdock Sunburg",Football,"Minnesota",9/25/2026,TBD,"The Kerkhoven Murdock Sunburg varsity football team has a game @ Atwater Cosmos Grove City (Minnesota).","/mn/football/game/atwater-cosmos-grove-city-vs-kerkhoven-murdock-sunburg/9-25-2026/?c=6d0c0ccb-b072-4119-80a9-954a0ebe98ac","https://www.maxpreps.com/mn/football/game/atwater-cosmos-grove-city-vs-kerkhoven-murdock-sunburg/9-25-2026/?c=6d0c0ccb-b072-4119-80a9-954a0ebe98ac","/football/mn/1554?9/25/2026","City","Sunburg","https://www.maxpreps.com/mn/atwater-cosmos-grove-city/football/","https://www.maxpreps.com/mn/kerkhoven-murdock-sunburg/football/","",""
94,"Mounds View Arden Hills vs Stillwater",Football,"Minnesota",9/25/2026,TBD,"The Stillwater varsity football team has a game @ Mounds View Arden Hills (Minnesota).","/mn/football/game/mounds-view-arden-hills-vs-stillwater/9-25-2026/?c=e60f2a22-0ed0-4a9a-aecb-9eca7d011245","https://www.maxpreps.com/mn/football/game/mounds-view-arden-hills-vs-stillwater/9-25-2026/?c=e60f2a22-0ed0-4a9a-aecb-9eca7d011245","/football/mn/e8c?9/25/2026","Hills","Stillwater","https://www.maxpreps.com/mn/mounds-view-arden-hills/football/","https://www.maxpreps.com/mn/stillwater/football/","",""
95,"Forest Lake vs Woodbury",Football,"Minnesota",9/25/2026,TBD,"The Woodbury varsity football team has a game @ Forest Lake (Minnesota).","/mn/football/game/forest-lake-vs-woodbury/9-25-2026/?c=2e3f64d8-ad95-4309-bb23-5f008a89e52e","https://www.maxpreps.com/mn/football/game/forest-lake-vs-woodbury/9-25-2026/?c=2e3f64d8-ad95-4309-bb23-5f008a89e52e","/football/mn/91b?9/25/2026","Lake","Woodbury","https://www.maxpreps.com/mn/forest-lake/football/","https://www.maxpreps.com/mn/woodbury/football/","",""
96,"Denfeld Duluth vs Pequot Lakes",Football,"Minnesota",9/25/2026,TBD,"The Pequot Lakes varsity football team has a game @ Denfeld Duluth (Minnesota).","/mn/football/game/denfeld-duluth-vs-pequot-lakes/9-25-2026/?c=8e6983e4-4303-49be-95cf-7a8889f9b379","https://www.maxpreps.com/mn/football/game/denfeld-duluth-vs-pequot-lakes/9-25-2026/?c=8e6983e4-4303-49be-95cf-7a8889f9b379","/football/mn/bb3?9/25/2026","Duluth","Lakes","https://www.maxpreps.com/mn/denfeld-duluth/football/","https://www.maxpreps.com/mn/pequot-lakes/football/","",""
97,"Mille Lacs Co Op Isle Onamia vs Sebeka",Football,"Minnesota",9/25/2026,TBD,"The Sebeka varsity football team has a game @ Mille Lacs Co Op Isle Onamia (Minnesota).","/mn/football/game/mille-lacs-co-op-isle-onamia-vs-sebeka/9-25-2026/?c=a29f2e46-4957-4031-9907-a77dd5f31fb4","https://www.maxpreps.com/mn/football/game/mille-lacs-co-op-isle-onamia-vs-sebeka/9-25-2026/?c=a29f2e46-4957-4031-9907-a77dd5f31fb4","/football/mn/e18?9/25/2026","Onamia","Sebeka","https://www.maxpreps.com/mn/mille-lacs-co-op-isle-onamia/football/","https://www.maxpreps.com/mn/sebeka/football/","",""
98,"East Ridge Woodbury vs White Bear Lake",Football,"Minnesota",9/25/2026,TBD,"The White Bear Lake varsity football team has a game @ East Ridge Woodbury (Minnesota).","/mn/football/game/east-ridge-woodbury-vs-white-bear-lake/9-25-2026/?c=9f81b25e-60e5-4468-8bf8-428124b22778","https://www.maxpreps.com/mn/football/game/east-ridge-woodbury-vs-white-bear-lake/9-25-2026/?c=9f81b25e-60e5-4468-8bf8-428124b22778","/football/mn/e82?9/25/2026","Woodbury","Lake","https://www.maxpreps.com/mn/east-ridge-woodbury/football/","https://www.maxpreps.com/mn/white-bear-lake/football/","",""
99,"Eden Prairie vs St Michael Albertville",Football,"Minnesota",9/25/2026,TBD,"The St Michael Albertville varsity football team has a game @ Eden Prairie (Minnesota).","/mn/football/game/eden-prairie-vs-st-michael-albertville/9-25-2026/?c=8e44f813-a205-4523-bec1-b787430030ae","https://www.maxpreps.com/mn/football/game/eden-prairie-vs-st-michael-albertville/9-25-2026/?c=8e44f813-a205-4523-bec1-b787430030ae","/football/mn/ea2?9/25/2026","Prairie","Albertville","https://www.maxpreps.com/mn/eden-prairie/football/","https://www.maxpreps.com/mn/st-michael-albertville/football/","",""
100,"Andover vs Centennial Circle Pines",Football,"Minnesota",9/25/2026,TBD,"The Centennial Circle Pines varsity football team has a game @ Andover (Minnesota).","/mn/football/game/andover-vs-centennial-circle-pines/9-25-2026/?c=a85cf645-9b6d-4a02-886b-a915660970c6","https://www.maxpreps.com/mn/football/game/andover-vs-centennial-circle-pines/9-25-2026/?c=a85cf645-9b6d-4a02-886b-a915660970c6","/football/mn/d3e?9/25/2026","Andover","Pines","https://www.maxpreps.com/mn/andover/football/","https://www.maxpreps.com/mn/centennial-circle-pines/football/","",""
101,"Ashby Brandon Evansville vs West Central Area Barrett",Football,"Minnesota",9/25/2026,TBD,"The West Central Area Barrett varsity football team has a game @ Ashby Brandon Evansville (Minnesota).","/mn/football/game/ashby-brandon-evansville-vs-west-central-area-barrett/9-25-2026/?c=5a2bded8-43d0-4ea6-8908-6a564762c487","https://www.maxpreps.com/mn/football/game/ashby-brandon-evansville-vs-west-central-area-barrett/9-25-2026/?c=5a2bded8-43d0-4ea6-8908-6a564762c487","/football/mn/1491?9/25/2026","Evansville","Barrett","https://www.maxpreps.com/mn/ashby-brandon-evansville/football/","https://www.maxpreps.com/mn/west-central-area-barrett/football/","",""
102,"Kimball vs St Cloud Cathedral",Football,"Minnesota",9/25/2026,TBD,"The St Cloud Cathedral varsity football team has a game @ Kimball (Minnesota).","/mn/football/game/kimball-vs-st-cloud-cathedral/9-25-2026/?c=d01f1314-287f-40db-a878-0e66ad2b0676","https://www.maxpreps.com/mn/football/game/kimball-vs-st-cloud-cathedral/9-25-2026/?c=d01f1314-287f-40db-a878-0e66ad2b0676","/football/mn/b1f?9/25/2026","Kimball","Cathedral","https://www.maxpreps.com/mn/kimball/football/","https://www.maxpreps.com/mn/st-cloud-cathedral/football/","",""
103,"Melrose vs Minnewaska Area Glenwood",Football,"Minnesota",9/25/2026,TBD,"The Minnewaska Area Glenwood varsity football team has a game @ Melrose (Minnesota).","/mn/football/game/melrose-vs-minnewaska-area-glenwood/9-25-2026/?c=00d4922b-2bc4-4ef7-9903-a7f005c595c0","https://www.maxpreps.com/mn/football/game/melrose-vs-minnewaska-area-glenwood/9-25-2026/?c=00d4922b-2bc4-4ef7-9903-a7f005c595c0","/football/mn/dba?9/25/2026","Melrose","Glenwood","https://www.maxpreps.com/mn/melrose/football/","https://www.maxpreps.com/mn/minnewaska-area-glenwood/football/","",""
104,"Alden Conger vs Houston",Football,"Minnesota",9/25/2026,TBD,"The Houston varsity football team has a game @ Alden Conger (Minnesota).","/mn/football/game/alden-conger-vs-houston/9-25-2026/?c=d3e0c6a9-0c1e-4d43-b990-945ac0d8a1f6","https://www.maxpreps.com/mn/football/game/alden-conger-vs-houston/9-25-2026/?c=d3e0c6a9-0c1e-4d43-b990-945ac0d8a1f6","/football/mn/902?9/25/2026","Conger","Houston","https://www.maxpreps.com/mn/alden-conger/football/","https://www.maxpreps.com/mn/houston/football/","",""
105,"Dawson Boyd vs Springfield Comfrey",Football,"Minnesota",9/25/2026,TBD,"The Springfield Comfrey varsity football team has a game @ Dawson Boyd (Minnesota).","/mn/football/game/dawson-boyd-vs-springfield-comfrey/9-25-2026/?c=65f7575c-c7fe-4afb-b01c-3525aefc3c70","https://www.maxpreps.com/mn/football/game/dawson-boyd-vs-springfield-comfrey/9-25-2026/?c=65f7575c-c7fe-4afb-b01c-3525aefc3c70","/football/mn/d63?9/25/2026","Boyd","Comfrey","https://www.maxpreps.com/mn/dawson-boyd/football/","https://www.maxpreps.com/mn/springfield-comfrey/football/","",""
106,"Kingsland Spring Valley vs Leroy Ostrander Lyle Pacelli",Football,"Minnesota",9/25/2026,TBD,"The Leroy Ostrander Lyle Pacelli varsity football team has a game @ Kingsland Spring Valley (Minnesota).","/mn/football/game/kingsland-spring-valley-vs-leroy-ostrander-lyle-pacelli/9-25-2026/?c=f68e7511-82e7-421c-b7de-4cecaf691ad8","https://www.maxpreps.com/mn/football/game/kingsland-spring-valley-vs-leroy-ostrander-lyle-pacelli/9-25-2026/?c=f68e7511-82e7-421c-b7de-4cecaf691ad8","/football/mn/158c?9/25/2026","Valley","Pacelli","https://www.maxpreps.com/mn/kingsland-spring-valley/football/","https://www.maxpreps.com/mn/leroy-ostrander-lyle-pacelli/football/","",""
107,"Concordia Academy St Croix Prep Hand In Hand Christian Montessori Roseville vs St Croix Lutheran New Life Academy Unity Meadow Lake Woods Academy West St Paul",Football,"Minnesota",9/25/2026,TBD,"The St Croix Lutheran New Life Academy Unity Meadow Lake Woods Academy West St Paul varsity football team has a game @ Concordia Academy St Croix Prep Hand In Hand Christian Montessori Roseville (Minnesota).","/mn/football/game/concordia-academy-st-croix-prep-hand-in-hand-christian-montessori-roseville-vs-st-croix-lutheran-new-life-academy-unity-meadow-lake-woods-academy-west-st-paul/9-25-2026/?c=d620a079-c00c-4998-86f1-bec376c21a2c","https://www.maxpreps.com/mn/football/game/concordia-academy-st-croix-prep-hand-in-hand-christian-montessori-roseville-vs-st-croix-lutheran-new-life-academy-unity-meadow-lake-woods-academy-west-st-paul/9-25-2026/?c=d620a079-c00c-4998-86f1-bec376c21a2c","/football/mn/3c6d?9/25/2026","Roseville","Paul","https://www.maxpreps.com/mn/concordia-academy-st-croix-prep-hand-in-hand-christian-montessori-roseville/football/","https://www.maxpreps.com/mn/st-croix-lutheran-new-life-academy-unity-meadow-lake-woods-academy-west-st-paul/football/","",""
108,"Rothsay vs Underwood",Football,"Minnesota",9/25/2026,TBD,"The Underwood varsity football team has a game @ Rothsay (Minnesota).","/mn/football/game/rothsay-vs-underwood/9-25-2026/?c=104101c2-3fbc-41de-979c-0c6b6b140963","https://www.maxpreps.com/mn/football/game/rothsay-vs-underwood/9-25-2026/?c=104101c2-3fbc-41de-979c-0c6b6b140963","/football/mn/824?9/25/2026","Rothsay","Underwood","https://www.maxpreps.com/mn/rothsay/football/","https://www.maxpreps.com/mn/underwood/football/","",""
109,"Braham Rysdam Academy vs Chisholm",Football,"Minnesota",9/25/2026,TBD,"The Chisholm varsity football team has a game @ Braham Rysdam Academy (Minnesota).","/mn/football/game/braham-rysdam-academy-vs-chisholm/9-25-2026/?c=19be6a0d-0a77-4d91-9a16-80ca555a5d36","https://www.maxpreps.com/mn/football/game/braham-rysdam-academy-vs-chisholm/9-25-2026/?c=19be6a0d-0a77-4d91-9a16-80ca555a5d36","/football/mn/cc3?9/25/2026","Academy","Chisholm","https://www.maxpreps.com/mn/braham-rysdam-academy/football/","https://www.maxpreps.com/mn/chisholm/football/","",""
110,"Apollo St Cloud vs Milaca",Football,"Minnesota",9/25/2026,TBD,"The Milaca varsity football team has a game @ Apollo St Cloud (Minnesota).","/mn/football/game/apollo-st-cloud-vs-milaca/9-25-2026/?c=9d3b2f6b-048f-4680-acb2-b5ad5d0deffb","https://www.maxpreps.com/mn/football/game/apollo-st-cloud-vs-milaca/9-25-2026/?c=9d3b2f6b-048f-4680-acb2-b5ad5d0deffb","/football/mn/989?9/25/2026","Cloud","Milaca","https://www.maxpreps.com/mn/apollo-st-cloud/football/","https://www.maxpreps.com/mn/milaca/football/","",""
111,"Buffalo Lake Hector Stewart vs Renville County West",Football,"Minnesota",9/25/2026,TBD,"The Renville County West varsity football team has a game @ Buffalo Lake Hector Stewart (Minnesota).","/mn/football/game/buffalo-lake-hector-stewart-vs-renville-county-west/9-25-2026/?c=baacd5f4-6544-413e-a331-fb9afc576631","https://www.maxpreps.com/mn/football/game/buffalo-lake-hector-stewart-vs-renville-county-west/9-25-2026/?c=baacd5f4-6544-413e-a331-fb9afc576631","/football/mn/13f5?9/25/2026","Stewart","West","https://www.maxpreps.com/mn/buffalo-lake-hector-stewart/football/","https://www.maxpreps.com/mn/renville-county-west/football/","",""
112,"Chaska vs Mankato East",Football,"Minnesota",9/25/2026,TBD,"The Mankato East varsity football team has a game @ Chaska (Minnesota).","/mn/football/game/chaska-vs-mankato-east/9-25-2026/?c=1af0fcc6-94e8-4e5d-815a-18d8a592111f","https://www.maxpreps.com/mn/football/game/chaska-vs-mankato-east/9-25-2026/?c=1af0fcc6-94e8-4e5d-815a-18d8a592111f","/football/mn/873?9/25/2026","Chaska","East","https://www.maxpreps.com/mn/chaska/football/","https://www.maxpreps.com/mn/mankato-east/football/","",""
113,"Howard Lake Waverly Winsted vs Morris Area Chokio Alberta",Football,"Minnesota",9/25/2026,TBD,"The Morris Area Chokio Alberta varsity football team has a game @ Howard Lake Waverly Winsted (Minnesota).","/mn/football/game/howard-lake-waverly-winsted-vs-morris-area-chokio-alberta/9-25-2026/?c=a44aaae5-c5ed-49fd-9d27-46e5f707b912","https://www.maxpreps.com/mn/football/game/howard-lake-waverly-winsted-vs-morris-area-chokio-alberta/9-25-2026/?c=a44aaae5-c5ed-49fd-9d27-46e5f707b912","/football/mn/1608?9/25/2026","Winsted","Alberta","https://www.maxpreps.com/mn/howard-lake-waverly-winsted/football/","https://www.maxpreps.com/mn/morris-area-chokio-alberta/football/","",""
114,"Bigfork vs Northome Kelliher",Football,"Minnesota",9/25/2026,TBD,"The Northome Kelliher varsity football team has a game @ Bigfork (Minnesota).","/mn/football/game/bigfork-vs-northome-kelliher/9-25-2026/?c=6eaa6aab-1145-4a59-863e-fa745bdaf42a","https://www.maxpreps.com/mn/football/game/bigfork-vs-northome-kelliher/9-25-2026/?c=6eaa6aab-1145-4a59-863e-fa745bdaf42a","/football/mn/b10?9/25/2026","Bigfork","Kelliher","https://www.maxpreps.com/mn/bigfork/football/","https://www.maxpreps.com/mn/northome-kelliher/football/","",""
115,"Ada Borup Norman County West vs Park Christian Synstelien Homeschool Pettys Homeschool Moorhead",Football,"Minnesota",9/25/2026,TBD,"The Park Christian Synstelien Homeschool Pettys Homeschool Moorhead varsity football team has a game @ Ada Borup Norman County West (Minnesota).","/mn/football/game/ada-borup-norman-county-west-vs-park-christian-synstelien-homeschool-pettys-homeschool-moorhead/9-25-2026/?c=06b49af1-2805-4209-9687-57763265ee29","https://www.maxpreps.com/mn/football/game/ada-borup-norman-county-west-vs-park-christian-synstelien-homeschool-pettys-homeschool-moorhead/9-25-2026/?c=06b49af1-2805-4209-9687-57763265ee29","/football/mn/255e?9/25/2026","West","Moorhead","https://www.maxpreps.com/mn/ada-borup-norman-county-west/football/","https://www.maxpreps.com/mn/park-christian-synstelien-homeschool-pettys-homeschool-moorhead/football/","",""
116,"Bemidji vs Sauk Rapids Rice",Football,"Minnesota",9/25/2026,TBD,"The Sauk Rapids Rice varsity football team has a game @ Bemidji (Minnesota).","/mn/football/game/bemidji-vs-sauk-rapids-rice/9-25-2026/?c=2560f788-876a-4dda-ad54-9b38ec1b6523","https://www.maxpreps.com/mn/football/game/bemidji-vs-sauk-rapids-rice/9-25-2026/?c=2560f788-876a-4dda-ad54-9b38ec1b6523","/football/mn/a4b?9/25/2026","Bemidji","Rice","https://www.maxpreps.com/mn/bemidji/football/","https://www.maxpreps.com/mn/sauk-rapids-rice/football/","",""
117,"Detroit Lakes vs St Cloud Tech St Johns Prep",Football,"Minnesota",9/25/2026,TBD,"The St Cloud Tech St Johns Prep varsity football team has a game @ Detroit Lakes (Minnesota).","/mn/football/game/detroit-lakes-vs-st-cloud-tech-st-johns-prep/9-25-2026/?c=42fe6719-5f03-4e9b-a89e-2f6f4d6a6426","https://www.maxpreps.com/mn/football/game/detroit-lakes-vs-st-cloud-tech-st-johns-prep/9-25-2026/?c=42fe6719-5f03-4e9b-a89e-2f6f4d6a6426","/football/mn/10be?9/25/2026","Lakes","Prep","https://www.maxpreps.com/mn/detroit-lakes/football/","https://www.maxpreps.com/mn/st-cloud-tech-st-johns-prep/football/","",""
118,"Jackson County Central vs Pipestone",Football,"Minnesota",9/25/2026,TBD,"The Pipestone varsity football team has a game @ Jackson County Central (Minnesota).","/mn/football/game/jackson-county-central-vs-pipestone/9-25-2026/?c=8b77b329-62cd-45a5-92d7-cb63ec14c23a","https://www.maxpreps.com/mn/football/game/jackson-county-central-vs-pipestone/9-25-2026/?c=8b77b329-62cd-45a5-92d7-cb63ec14c23a","/football/mn/de8?9/25/2026","Central","Pipestone","https://www.maxpreps.com/mn/jackson-county-central/football/","https://www.maxpreps.com/mn/pipestone/football/","",""
119,"Long Prairie Grey Eagle vs Upsala Swanville",Football,"Minnesota",9/25/2026,TBD,"The Upsala Swanville varsity football team has a game @ Long Prairie Grey Eagle (Minnesota).","/mn/football/game/long-prairie-grey-eagle-vs-upsala-swanville/9-25-2026/?c=aa9bfa03-24a0-496a-a1ca-e173742bb535","https://www.maxpreps.com/mn/football/game/long-prairie-grey-eagle-vs-upsala-swanville/9-25-2026/?c=aa9bfa03-24a0-496a-a1ca-e173742bb535","/football/mn/10a3?9/25/2026","Eagle","Swanville","https://www.maxpreps.com/mn/long-prairie-grey-eagle/football/","https://www.maxpreps.com/mn/upsala-swanville/football/","",""
120,"Dassel Cokato vs New London Spicer",Football,"Minnesota",9/25/2026,TBD,"The New London Spicer varsity football team has a game @ Dassel Cokato (Minnesota).","/mn/football/game/dassel-cokato-vs-new-london-spicer/9-25-2026/?c=9ec1bf14-bed3-4c64-96c7-4e81ff3a6dec","https://www.maxpreps.com/mn/football/game/dassel-cokato-vs-new-london-spicer/9-25-2026/?c=9ec1bf14-bed3-4c64-96c7-4e81ff3a6dec","/football/mn/d21?9/25/2026","Cokato","Spicer","https://www.maxpreps.com/mn/dassel-cokato/football/","https://www.maxpreps.com/mn/new-london-spicer/football/","",""
121,"Madelia vs Mayer Lutheran",Football,"Minnesota",9/25/2026,TBD,"The Mayer Lutheran varsity football team has a game @ Madelia (Minnesota).","/mn/football/game/madelia-vs-mayer-lutheran/9-25-2026/?c=ff068c56-b013-4280-9936-a356ff76141b","https://www.maxpreps.com/mn/football/game/madelia-vs-mayer-lutheran/9-25-2026/?c=ff068c56-b013-4280-9936-a356ff76141b","/football/mn/9be?9/25/2026","Madelia","Lutheran","https://www.maxpreps.com/mn/madelia/football/","https://www.maxpreps.com/mn/mayer-lutheran/football/","",""
122,"Belgrade Brooten Elrosa vs Browerville Lafreniere Homeschool",Football,"Minnesota",9/25/2026,TBD,"The Browerville Lafreniere Homeschool varsity football team has a game @ Belgrade Brooten Elrosa (Minnesota).","/mn/football/game/belgrade-brooten-elrosa-vs-browerville-lafreniere-homeschool/9-25-2026/?c=91744032-1278-430b-9386-490c4eb7ef40","https://www.maxpreps.com/mn/football/game/belgrade-brooten-elrosa-vs-browerville-lafreniere-homeschool/9-25-2026/?c=91744032-1278-430b-9386-490c4eb7ef40","/football/mn/17a7?9/25/2026","Elrosa","Homeschool","https://www.maxpreps.com/mn/belgrade-brooten-elrosa/football/","https://www.maxpreps.com/mn/browerville-lafreniere-homeschool/football/","",""
123,"Cass Lake Bena Bug O Nay Ge Shig vs Crookston",Football,"Minnesota",9/25/2026,TBD,"The Crookston varsity football team has a game @ Cass Lake Bena Bug O Nay Ge Shig (Minnesota).","/mn/football/game/cass-lake-bena-bug-o-nay-ge-shig-vs-crookston/9-25-2026/?c=9010144a-f312-4682-9f56-9559038cc87f","https://www.maxpreps.com/mn/football/game/cass-lake-bena-bug-o-nay-ge-shig-vs-crookston/9-25-2026/?c=9010144a-f312-4682-9f56-9559038cc87f","/football/mn/10a9?9/25/2026","Shig","Crookston","https://www.maxpreps.com/mn/cass-lake-bena-bug-o-nay-ge-shig/football/","https://www.maxpreps.com/mn/crookston/football/","",""
124,"Randolph Fit Academy Charter vs Rushford Peterson",Football,"Minnesota",9/25/2026,TBD,"The Rushford Peterson varsity football team has a game @ Randolph Fit Academy Charter (Minnesota).","/mn/football/game/randolph-fit-academy-charter-vs-rushford-peterson/9-25-2026/?c=2ba2c92d-3648-4099-908e-ded7d1579235","https://www.maxpreps.com/mn/football/game/randolph-fit-academy-charter-vs-rushford-peterson/9-25-2026/?c=2ba2c92d-3648-4099-908e-ded7d1579235","/football/mn/132c?9/25/2026","Charter","Peterson","https://www.maxpreps.com/mn/randolph-fit-academy-charter/football/","https://www.maxpreps.com/mn/rushford-peterson/football/","",""
125,"Buffalo vs Robbinsdale Armstrong Plymouth",Football,"Minnesota",9/25/2026,TBD,"The Robbinsdale Armstrong Plymouth varsity football team has a game @ Buffalo (Minnesota).","/mn/football/game/buffalo-vs-robbinsdale-armstrong-plymouth/9-25-2026/?c=e88d3016-dabc-4b17-8ad0-8d4b8b1a1fa9","https://www.maxpreps.com/mn/football/game/buffalo-vs-robbinsdale-armstrong-plymouth/9-25-2026/?c=e88d3016-dabc-4b17-8ad0-8d4b8b1a1fa9","/football/mn/1060?9/25/2026","Buffalo","Plymouth","https://www.maxpreps.com/mn/buffalo/football/","https://www.maxpreps.com/mn/robbinsdale-armstrong-plymouth/football/","",""
126,"Chisago Lakes Area Lindstrom vs St Anthony Village Minneapolis",Football,"Minnesota",9/25/2026,TBD,"The St Anthony Village Minneapolis varsity football team has a game @ Chisago Lakes Area Lindstrom (Minnesota).","/mn/football/game/chisago-lakes-area-lindstrom-vs-st-anthony-village-minneapolis/9-25-2026/?c=fdc316ea-fd1d-4620-bc89-6948f590b9a9","https://www.maxpreps.com/mn/football/game/chisago-lakes-area-lindstrom-vs-st-anthony-village-minneapolis/9-25-2026/?c=fdc316ea-fd1d-4620-bc89-6948f590b9a9","/football/mn/181f?9/25/2026","Lindstrom","Minneapolis","https://www.maxpreps.com/mn/chisago-lakes-area-lindstrom/football/","https://www.maxpreps.com/mn/st-anthony-village-minneapolis/football/","",""
127,"Academy Of Holy Angels Richfield vs Delasalle Minneapolis",Football,"Minnesota",9/25/2026,TBD,"The Delasalle Minneapolis varsity football team has a game @ Academy Of Holy Angels Richfield (Minnesota).","/mn/football/game/academy-of-holy-angels-richfield-vs-delasalle-minneapolis/9-25-2026/?c=b1004311-0b69-4f96-897e-3dbdeb7b6b5e","https://www.maxpreps.com/mn/football/game/academy-of-holy-angels-richfield-vs-delasalle-minneapolis/9-25-2026/?c=b1004311-0b69-4f96-897e-3dbdeb7b6b5e","/football/mn/15f3?9/25/2026","Richfield","Minneapolis","https://www.maxpreps.com/mn/academy-of-holy-angels-richfield/football/","https://www.maxpreps.com/mn/delasalle-minneapolis/football/","",""
128,"Hopkins Minnetonka vs Park Cottage Grove",Football,"Minnesota",9/25/2026,TBD,"The Park Cottage Grove varsity football team has a game @ Hopkins Minnetonka (Minnesota).","/mn/football/game/hopkins-minnetonka-vs-park-cottage-grove/9-25-2026/?c=91b65fc8-244d-47d2-8931-9c4b4c80df5d","https://www.maxpreps.com/mn/football/game/hopkins-minnetonka-vs-park-cottage-grove/9-25-2026/?c=91b65fc8-244d-47d2-8931-9c4b4c80df5d","/football/mn/fb2?9/25/2026","Minnetonka","Grove","https://www.maxpreps.com/mn/hopkins-minnetonka/football/","https://www.maxpreps.com/mn/park-cottage-grove/football/","",""
129,"Plainview Elgin Millville vs Zumbrota Mazeppa",Football,"Minnesota",9/25/2026,TBD,"The Zumbrota Mazeppa varsity football team has a game @ Plainview Elgin Millville (Minnesota).","/mn/football/game/plainview-elgin-millville-vs-zumbrota-mazeppa/9-25-2026/?c=ddfe259b-fdde-45d1-bec8-3b936ce27b62","https://www.maxpreps.com/mn/football/game/plainview-elgin-millville-vs-zumbrota-mazeppa/9-25-2026/?c=ddfe259b-fdde-45d1-bec8-3b936ce27b62","/football/mn/11d4?9/25/2026","Millville","Mazeppa","https://www.maxpreps.com/mn/plainview-elgin-millville/football/","https://www.maxpreps.com/mn/zumbrota-mazeppa/football/","",""
130,"La Crescent La Crescent Montessori And Stem vs Red Wing",Football,"Minnesota",9/25/2026,TBD,"The Red Wing varsity football team has a game @ La Crescent La Crescent Montessori And Stem (Minnesota).","/mn/football/game/la-crescent-la-crescent-montessori-and-stem-vs-red-wing/9-25-2026/?c=bde08a7c-5897-4e2d-8214-390288ea78fe","https://www.maxpreps.com/mn/football/game/la-crescent-la-crescent-montessori-and-stem-vs-red-wing/9-25-2026/?c=bde08a7c-5897-4e2d-8214-390288ea78fe","/football/mn/14f5?9/25/2026","Stem","Wing","https://www.maxpreps.com/mn/la-crescent-la-crescent-montessori-and-stem/football/","https://www.maxpreps.com/mn/red-wing/football/","",""
131,"Bagley vs Red Lake County Central Red Lake Falls Oklee",Football,"Minnesota",9/25/2026,TBD,"The Red Lake County Central Red Lake Falls Oklee varsity football team has a game @ Bagley (Minnesota).","/mn/football/game/bagley-vs-red-lake-county-central-red-lake-falls-oklee/9-25-2026/?c=215627b0-f91a-4358-a57b-ad6734d1bcb2","https://www.maxpreps.com/mn/football/game/bagley-vs-red-lake-county-central-red-lake-falls-oklee/9-25-2026/?c=215627b0-f91a-4358-a57b-ad6734d1bcb2","/football/mn/144f?9/25/2026","Bagley","Oklee","https://www.maxpreps.com/mn/bagley/football/","https://www.maxpreps.com/mn/red-lake-county-central-red-lake-falls-oklee/football/","",""
132,"Breckenridge vs Wadena Deer Creek",Football,"Minnesota",9/25/2026,TBD,"The Wadena Deer Creek varsity football team has a game @ Breckenridge (Minnesota).","/mn/football/game/breckenridge-vs-wadena-deer-creek/9-25-2026/?c=472502aa-1a1d-484d-bacc-6a3e5fd0f300","https://www.maxpreps.com/mn/football/game/breckenridge-vs-wadena-deer-creek/9-25-2026/?c=472502aa-1a1d-484d-bacc-6a3e5fd0f300","/football/mn/c9c?9/25/2026","Breckenridge","Creek","https://www.maxpreps.com/mn/breckenridge/football/","https://www.maxpreps.com/mn/wadena-deer-creek/football/","",""
133,"Greenway Nashwauk Keewatin Coleraine vs Rush City",Football,"Minnesota",9/25/2026,TBD,"The Rush City varsity football team has a game @ Greenway Nashwauk Keewatin Coleraine (Minnesota).","/mn/football/game/greenway-nashwauk-keewatin-coleraine-vs-rush-city/9-25-2026/?c=b5342874-bf89-4e53-bac8-4f0dba449d04","https://www.maxpreps.com/mn/football/game/greenway-nashwauk-keewatin-coleraine-vs-rush-city/9-25-2026/?c=b5342874-bf89-4e53-bac8-4f0dba449d04","/football/mn/1340?9/25/2026","Coleraine","City","https://www.maxpreps.com/mn/greenway-nashwauk-keewatin-coleraine/football/","https://www.maxpreps.com/mn/rush-city/football/","",""
134,"Canby vs Yellow Medicine East The Sting Granite Falls",Football,"Minnesota",9/25/2026,TBD,"The Yellow Medicine East The Sting Granite Falls varsity football team has a game @ Canby (Minnesota).","/mn/football/game/canby-vs-yellow-medicine-east-the-sting-granite-falls/9-25-2026/?c=b6b7a654-43b5-4786-b884-196a2c5e45c9","https://www.maxpreps.com/mn/football/game/canby-vs-yellow-medicine-east-the-sting-granite-falls/9-25-2026/?c=b6b7a654-43b5-4786-b884-196a2c5e45c9","/football/mn/1447?9/25/2026","Canby","Falls","https://www.maxpreps.com/mn/canby/football/","https://www.maxpreps.com/mn/yellow-medicine-east-the-sting-granite-falls/football/","",""
135,"Edina vs Maple Grove",Football,"Minnesota",9/25/2026,TBD,"The Maple Grove varsity football team has a game @ Edina (Minnesota).","/mn/football/game/edina-vs-maple-grove/9-25-2026/?c=37dabfca-a300-4731-91a3-3b0fe46c67e3","https://www.maxpreps.com/mn/football/game/edina-vs-maple-grove/9-25-2026/?c=37dabfca-a300-4731-91a3-3b0fe46c67e3","/football/mn/7a3?9/25/2026","Edina","Grove","https://www.maxpreps.com/mn/edina/football/","https://www.maxpreps.com/mn/maple-grove/football/","",""
136,"Camden Fair Downtown Minneapolis vs Roosevelt Minneapolis",Football,"Minnesota",9/25/2026,TBD,"The Roosevelt Minneapolis varsity football team has a game @ Camden Fair Downtown Minneapolis (Minnesota).","/mn/football/game/camden-fair-downtown-minneapolis-vs-roosevelt-minneapolis/9-25-2026/?c=0d377443-97e6-4fa4-b652-5a42975a252b","https://www.maxpreps.com/mn/football/game/camden-fair-downtown-minneapolis-vs-roosevelt-minneapolis/9-25-2026/?c=0d377443-97e6-4fa4-b652-5a42975a252b","/football/mn/16a2?9/25/2026","Minneapolis","Minneapolis","https://www.maxpreps.com/mn/camden-fair-downtown-minneapolis/football/","https://www.maxpreps.com/mn/roosevelt-minneapolis/football/","",""
137,"Benilde St Margarets St Louis Park vs Blake Hope Academy Minnehaha Academy St Paul Academy Summit Minneapolis",Football,"Minnesota",9/25/2026,TBD,"The Blake Hope Academy Minnehaha Academy St Paul Academy Summit Minneapolis varsity football team has a game @ Benilde St Margarets St Louis Park (Minnesota).","/mn/football/game/benilde-st-margarets-st-louis-park-vs-blake-hope-academy-minnehaha-academy-st-paul-academy-summit-minneapolis/9-25-2026/?c=137d9594-6f1d-4567-9a2f-866d1f466947","https://www.maxpreps.com/mn/football/game/benilde-st-margarets-st-louis-park-vs-blake-hope-academy-minnehaha-academy-st-paul-academy-summit-minneapolis/9-25-2026/?c=137d9594-6f1d-4567-9a2f-866d1f466947","/football/mn/29a1?9/25/2026","Park","Minneapolis","https://www.maxpreps.com/mn/benilde-st-margarets-st-louis-park/football/","https://www.maxpreps.com/mn/blake-hope-academy-minnehaha-academy-st-paul-academy-summit-minneapolis/football/","",""
138,"Eden Valley Watkins vs Redwood Valley Redwood Falls",Football,"Minnesota",9/25/2026,TBD,"The Redwood Valley Redwood Falls varsity football team has a game @ Eden Valley Watkins (Minnesota).","/mn/football/game/eden-valley-watkins-vs-redwood-valley-redwood-falls/9-25-2026/?c=ea5d8075-3e5a-4961-9fd2-2d8254a4d292","https://www.maxpreps.com/mn/football/game/eden-valley-watkins-vs-redwood-valley-redwood-falls/9-25-2026/?c=ea5d8075-3e5a-4961-9fd2-2d8254a4d292","/football/mn/13d5?9/25/2026","Watkins","Falls","https://www.maxpreps.com/mn/eden-valley-watkins/football/","https://www.maxpreps.com/mn/redwood-valley-redwood-falls/football/","",""
139,"Park Rapids vs Pelican Rapids",Football,"Minnesota",9/25/2026,TBD,"The Pelican Rapids varsity football team has a game @ Park Rapids (Minnesota).","/mn/football/game/park-rapids-vs-pelican-rapids/9-25-2026/?c=15333739-4dee-46c5-ad04-5a8e1e6d16ed","https://www.maxpreps.com/mn/football/game/park-rapids-vs-pelican-rapids/9-25-2026/?c=15333739-4dee-46c5-ad04-5a8e1e6d16ed","/football/mn/b2d?9/25/2026","Rapids","Rapids","https://www.maxpreps.com/mn/park-rapids/football/","https://www.maxpreps.com/mn/pelican-rapids/football/","",""
140,"Hinckley Finlayson vs Moose Lake Willow River",Football,"Minnesota",9/25/2026,TBD,"The Moose Lake Willow River varsity football team has a game @ Hinckley Finlayson (Minnesota).","/mn/football/game/hinckley-finlayson-vs-moose-lake-willow-river/9-25-2026/?c=c527cd89-9d81-4732-8a01-48075bba4668","https://www.maxpreps.com/mn/football/game/hinckley-finlayson-vs-moose-lake-willow-river/9-25-2026/?c=c527cd89-9d81-4732-8a01-48075bba4668","/football/mn/11a7?9/25/2026","Finlayson","River","https://www.maxpreps.com/mn/hinckley-finlayson/football/","https://www.maxpreps.com/mn/moose-lake-willow-river/football/","",""
141,"Glencoe Silver Lake vs Holy Family Catholic Victoria",Football,"Minnesota",9/25/2026,TBD,"The Holy Family Catholic Victoria varsity football team has a game @ Glencoe Silver Lake (Minnesota).","/mn/football/game/glencoe-silver-lake-vs-holy-family-catholic-victoria/9-25-2026/?c=00be9c78-0f81-4033-95e4-a40764c5e8b7","https://www.maxpreps.com/mn/football/game/glencoe-silver-lake-vs-holy-family-catholic-victoria/9-25-2026/?c=00be9c78-0f81-4033-95e4-a40764c5e8b7","/football/mn/1419?9/25/2026","Lake","Victoria","https://www.maxpreps.com/mn/glencoe-silver-lake/football/","https://www.maxpreps.com/mn/holy-family-catholic-victoria/football/","",""
142,"Minnetonka vs Prior Lake",Football,"Minnesota",9/25/2026,TBD,"The Prior Lake varsity football team has a game @ Minnetonka (Minnesota).","/mn/football/game/minnetonka-vs-prior-lake/9-25-2026/?c=09f2fd29-60c3-4a79-aa62-4c9fff72ab5d","https://www.maxpreps.com/mn/football/game/minnetonka-vs-prior-lake/9-25-2026/?c=09f2fd29-60c3-4a79-aa62-4c9fff72ab5d","/football/mn/96d?9/25/2026","Minnetonka","Lake","https://www.maxpreps.com/mn/minnetonka/football/","https://www.maxpreps.com/mn/prior-lake/football/","",""
143,"B O L D Olivia vs Paynesville",Football,"Minnesota",9/25/2026,TBD,"The Paynesville varsity football team has a game @ B O L D Olivia (Minnesota).","/mn/football/game/b-o-l-d-olivia-vs-paynesville/9-25-2026/?c=70d968de-31f9-48a8-8173-3df29be19538","https://www.maxpreps.com/mn/football/game/b-o-l-d-olivia-vs-paynesville/9-25-2026/?c=70d968de-31f9-48a8-8173-3df29be19538","/football/mn/ac8?9/25/2026","Olivia","Paynesville","https://www.maxpreps.com/mn/b-o-l-d-olivia/football/","https://www.maxpreps.com/mn/paynesville/football/","",""
144,"Border West Wheaton vs Hillcrest Lutheran Academy Fergus Falls",Football,"Minnesota",9/25/2026,TBD,"The Hillcrest Lutheran Academy Fergus Falls varsity football team has a game @ Border West Wheaton (Minnesota).","/mn/football/game/border-west-wheaton-vs-hillcrest-lutheran-academy-fergus-falls/9-25-2026/?c=9026f289-ba75-4bb9-9b18-30a731826a54","https://www.maxpreps.com/mn/football/game/border-west-wheaton-vs-hillcrest-lutheran-academy-fergus-falls/9-25-2026/?c=9026f289-ba75-4bb9-9b18-30a731826a54","/football/mn/1827?9/25/2026","Wheaton","Falls","https://www.maxpreps.com/mn/border-west-wheaton/football/","https://www.maxpreps.com/mn/hillcrest-lutheran-academy-fergus-falls/football/","",""
145,"Lac Qui Parle Valley Madison vs Maccray Clara City",Football,"Minnesota",9/25/2026,TBD,"The Maccray Clara City varsity football team has a game @ Lac Qui Parle Valley Madison (Minnesota).","/mn/football/game/lac-qui-parle-valley-madison-vs-maccray-clara-city/9-25-2026/?c=e1ed04b0-f4c8-43ef-847e-5800b235b5cb","https://www.maxpreps.com/mn/football/game/lac-qui-parle-valley-madison-vs-maccray-clara-city/9-25-2026/?c=e1ed04b0-f4c8-43ef-847e-5800b235b5cb","/football/mn/12f8?9/25/2026","Madison","City","https://www.maxpreps.com/mn/lac-qui-parle-valley-madison/football/","https://www.maxpreps.com/mn/maccray-clara-city/football/","",""
146,"Fillmore Central Harmony vs United South Central Genesis Classical Academy Wells",Football,"Minnesota",9/25/2026,TBD,"The United South Central Genesis Classical Academy Wells varsity football team has a game @ Fillmore Central Harmony (Minnesota).","/mn/football/game/fillmore-central-harmony-vs-united-south-central-genesis-classical-academy-wells/9-25-2026/?c=53d36d71-8c10-45eb-8f87-1eca02f56e9b","https://www.maxpreps.com/mn/football/game/fillmore-central-harmony-vs-united-south-central-genesis-classical-academy-wells/9-25-2026/?c=53d36d71-8c10-45eb-8f87-1eca02f56e9b","/football/mn/1f29?9/25/2026","Harmony","Wells","https://www.maxpreps.com/mn/fillmore-central-harmony/football/","https://www.maxpreps.com/mn/united-south-central-genesis-classical-academy-wells/football/","",""
147,"Hancock vs Ortonville",Football,"Minnesota",9/25/2026,TBD,"The Ortonville varsity football team has a game @ Hancock (Minnesota).","/mn/football/game/hancock-vs-ortonville/9-25-2026/?c=7439c790-7664-4f71-aaeb-17703f9a35ca","https://www.maxpreps.com/mn/football/game/hancock-vs-ortonville/9-25-2026/?c=7439c790-7664-4f71-aaeb-17703f9a35ca","/football/mn/868?9/25/2026","Hancock","Ortonville","https://www.maxpreps.com/mn/hancock/football/","https://www.maxpreps.com/mn/ortonville/football/","",""
148,"Mankato West vs Waconia",Football,"Minnesota",9/25/2026,TBD,"The Waconia varsity football team has a game @ Mankato West (Minnesota).","/mn/football/game/mankato-west-vs-waconia/9-25-2026/?c=1389b9fd-9b27-4af5-bbe9-29306ea264fe","https://www.maxpreps.com/mn/football/game/mankato-west-vs-waconia/9-25-2026/?c=1389b9fd-9b27-4af5-bbe9-29306ea264fe","/football/mn/900?9/25/2026","West","Waconia","https://www.maxpreps.com/mn/mankato-west/football/","https://www.maxpreps.com/mn/waconia/football/","",""
149,"Polk County West Climax Fisher vs Walker Hackensack Akeley",Football,"Minnesota",9/25/2026,TBD,"The Walker Hackensack Akeley varsity football team has a game @ Polk County West Climax Fisher (Minnesota).","/mn/football/game/polk-county-west-climax-fisher-vs-walker-hackensack-akeley/9-25-2026/?c=7b588319-6896-4ed3-9da8-7de97e7b97ce","https://www.maxpreps.com/mn/football/game/polk-county-west-climax-fisher-vs-walker-hackensack-akeley/9-25-2026/?c=7b588319-6896-4ed3-9da8-7de97e7b97ce","/football/mn/1678?9/25/2026","Fisher","Akeley","https://www.maxpreps.com/mn/polk-county-west-climax-fisher/football/","https://www.maxpreps.com/mn/walker-hackensack-akeley/football/","",""
150,"Aitkin vs International Falls",Football,"Minnesota",9/25/2026,TBD,"The International Falls varsity football team has a game @ Aitkin (Minnesota).","/mn/football/game/aitkin-vs-international-falls/9-25-2026/?c=5037a7e2-c980-4eb5-b2aa-379cf732b711","https://www.maxpreps.com/mn/football/game/aitkin-vs-international-falls/9-25-2026/?c=5037a7e2-c980-4eb5-b2aa-379cf732b711","/football/mn/b7a?9/25/2026","Aitkin","Falls","https://www.maxpreps.com/mn/aitkin/football/","https://www.maxpreps.com/mn/international-falls/football/","",""
151,"Austin vs Fairmont Martin Luther",Football,"Minnesota",9/25/2026,TBD,"The Fairmont Martin Luther varsity football team has a game @ Austin (Minnesota).","/mn/football/game/austin-vs-fairmont-martin-luther/9-25-2026/?c=f171e9e5-2bb3-4428-b3e3-240ff31904e6","https://www.maxpreps.com/mn/football/game/austin-vs-fairmont-martin-luther/9-25-2026/?c=f171e9e5-2bb3-4428-b3e3-240ff31904e6","/football/mn/cb0?9/25/2026","Austin","Luther","https://www.maxpreps.com/mn/austin/football/","https://www.maxpreps.com/mn/fairmont-martin-luther/football/","",""
152,"Southland Adams vs St James",Football,"Minnesota",9/25/2026,TBD,"The St James varsity football team has a game @ Southland Adams (Minnesota).","/mn/football/game/southland-adams-vs-st-james/9-25-2026/?c=2e4a185c-a15f-4dbf-b194-f4c5a5b477b7","https://www.maxpreps.com/mn/football/game/southland-adams-vs-st-james/9-25-2026/?c=2e4a185c-a15f-4dbf-b194-f4c5a5b477b7","/football/mn/a6c?9/25/2026","Adams","James","https://www.maxpreps.com/mn/southland-adams/football/","https://www.maxpreps.com/mn/st-james/football/","",""
153,"Holdingford vs Osakis",Football,"Minnesota",9/25/2026,TBD,"The Osakis varsity football team has a game @ Holdingford (Minnesota).","/mn/football/game/holdingford-vs-osakis/9-25-2026/?c=de3e7a8a-d806-43a8-8b85-d7530e4189c7","https://www.maxpreps.com/mn/football/game/holdingford-vs-osakis/9-25-2026/?c=de3e7a8a-d806-43a8-8b85-d7530e4189c7","/football/mn/85d?9/25/2026","Holdingford","Osakis","https://www.maxpreps.com/mn/holdingford/football/","https://www.maxpreps.com/mn/osakis/football/","",""
154,"Royalton vs Sauk Centre",Football,"Minnesota",9/25/2026,TBD,"The Sauk Centre varsity football team has a game @ Royalton (Minnesota).","/mn/football/game/royalton-vs-sauk-centre/9-25-2026/?c=fc5bd071-a547-460b-a19f-a911dd260c83","https://www.maxpreps.com/mn/football/game/royalton-vs-sauk-centre/9-25-2026/?c=fc5bd071-a547-460b-a19f-a911dd260c83","/football/mn/91d?9/25/2026","Royalton","Centre","https://www.maxpreps.com/mn/royalton/football/","https://www.maxpreps.com/mn/sauk-centre/football/","",""
155,"Granada Huntley East Chain Truman vs Mountain Lake Mountain Lake Christian",Football,"Minnesota",9/25/2026,TBD,"The Mountain Lake Mountain Lake Christian varsity football team has a game @ Granada Huntley East Chain Truman (Minnesota).","/mn/football/game/granada-huntley-east-chain-truman-vs-mountain-lake-mountain-lake-christian/9-25-2026/?c=c625debf-fea7-4540-8b33-5bd5aa90cbc6","https://www.maxpreps.com/mn/football/game/granada-huntley-east-chain-truman-vs-mountain-lake-mountain-lake-christian/9-25-2026/?c=c625debf-fea7-4540-8b33-5bd5aa90cbc6","/football/mn/1c9e?9/25/2026","Truman","Christian","https://www.maxpreps.com/mn/granada-huntley-east-chain-truman/football/","https://www.maxpreps.com/mn/mountain-lake-mountain-lake-christian/football/","",""
156,"Blaine vs Coon Rapids",Football,"Minnesota",9/25/2026,TBD,"The Coon Rapids varsity football team has a game @ Blaine (Minnesota).","/mn/football/game/blaine-vs-coon-rapids/9-25-2026/?c=84d346fd-afcd-4d90-b277-eaa4f69b02fe","https://www.maxpreps.com/mn/football/game/blaine-vs-coon-rapids/9-25-2026/?c=84d346fd-afcd-4d90-b277-eaa4f69b02fe","/football/mn/80d?9/25/2026","Blaine","Rapids","https://www.maxpreps.com/mn/blaine/football/","https://www.maxpreps.com/mn/coon-rapids/football/","",""
157,"Adrian Ellsworth vs Edgerton",Football,"Minnesota",9/25/2026,TBD,"The Edgerton varsity football team has a game @ Adrian Ellsworth (Minnesota).","/mn/football/game/adrian-ellsworth-vs-edgerton/9-25-2026/?c=6c019860-65d9-4867-99a7-85e2d52625af","https://www.maxpreps.com/mn/football/game/adrian-ellsworth-vs-edgerton/9-25-2026/?c=6c019860-65d9-4867-99a7-85e2d52625af","/football/mn/b1b?9/25/2026","Ellsworth","Edgerton","https://www.maxpreps.com/mn/adrian-ellsworth/football/","https://www.maxpreps.com/mn/edgerton/football/","",""
158,"Hills Beaver Creek vs Westbrook Walnut Grove",Football,"Minnesota",9/25/2026,TBD,"The Westbrook Walnut Grove varsity football team has a game @ Hills Beaver Creek (Minnesota).","/mn/football/game/hills-beaver-creek-vs-westbrook-walnut-grove/9-25-2026/?c=cf11ef44-d419-42b0-9b5f-957a890d153d","https://www.maxpreps.com/mn/football/game/hills-beaver-creek-vs-westbrook-walnut-grove/9-25-2026/?c=cf11ef44-d419-42b0-9b5f-957a890d153d","/football/mn/1130?9/25/2026","Creek","Grove","https://www.maxpreps.com/mn/hills-beaver-creek/football/","https://www.maxpreps.com/mn/westbrook-walnut-grove/football/","",""
159,"Orono Long Lake vs Westonka Mound",Football,"Minnesota",9/25/2026,TBD,"The Westonka Mound varsity football team has a game @ Orono Long Lake (Minnesota).","/mn/football/game/orono-long-lake-vs-westonka-mound/9-25-2026/?c=b22aa899-95dd-494d-88ee-d8eab6aa488d","https://www.maxpreps.com/mn/football/game/orono-long-lake-vs-westonka-mound/9-25-2026/?c=b22aa899-95dd-494d-88ee-d8eab6aa488d","/football/mn/cd3?9/25/2026","Lake","Mound","https://www.maxpreps.com/mn/orono-long-lake/football/","https://www.maxpreps.com/mn/westonka-mound/football/","",""
160,"Benson vs Maple Lake Holy Spirit Academy Aasen Homeschool",Football,"Minnesota",9/25/2026,TBD,"The Maple Lake Holy Spirit Academy Aasen Homeschool varsity football team has a game @ Benson (Minnesota).","/mn/football/game/benson-vs-maple-lake-holy-spirit-academy-aasen-homeschool/9-25-2026/?c=0b018d4f-485a-48a0-beda-da61709adefe","https://www.maxpreps.com/mn/football/game/benson-vs-maple-lake-holy-spirit-academy-aasen-homeschool/9-25-2026/?c=0b018d4f-485a-48a0-beda-da61709adefe","/football/mn/15e6?9/25/2026","Benson","Homeschool","https://www.maxpreps.com/mn/benson/football/","https://www.maxpreps.com/mn/maple-lake-holy-spirit-academy-aasen-homeschool/football/","",""
161,"Annandale vs Watertown Mayer",Football,"Minnesota",9/25/2026,TBD,"The Watertown Mayer varsity football team has a game @ Annandale (Minnesota).","/mn/football/game/annandale-vs-watertown-mayer/9-25-2026/?c=46acad77-95ad-4220-9c70-d9bbdfd49865","https://www.maxpreps.com/mn/football/game/annandale-vs-watertown-mayer/9-25-2026/?c=46acad77-95ad-4220-9c70-d9bbdfd49865","/football/mn/b1b?9/25/2026","Annandale","Mayer","https://www.maxpreps.com/mn/annandale/football/","https://www.maxpreps.com/mn/watertown-mayer/football/","",""
162,"Le Sueur Henderson Minnesota New Country vs Luverne",Football,"Minnesota",9/25/2026,TBD,"The Luverne varsity football team has a game @ Le Sueur Henderson Minnesota New Country (Minnesota).","/mn/football/game/le-sueur-henderson-minnesota-new-country-vs-luverne/9-25-2026/?c=cc5bba21-2fe6-4b64-a75d-7d4a61fa3b92","https://www.maxpreps.com/mn/football/game/le-sueur-henderson-minnesota-new-country-vs-luverne/9-25-2026/?c=cc5bba21-2fe6-4b64-a75d-7d4a61fa3b92","/football/mn/141c?9/25/2026","Country","Luverne","https://www.maxpreps.com/mn/le-sueur-henderson-minnesota-new-country/football/","https://www.maxpreps.com/mn/luverne/football/","",""
163,"Heron Lake Okabena Fulda vs Red Rock Central Lamberton",Football,"Minnesota",9/25/2026,TBD,"The Red Rock Central Lamberton varsity football team has a game @ Heron Lake Okabena Fulda (Minnesota).","/mn/football/game/heron-lake-okabena-fulda-vs-red-rock-central-lamberton/9-25-2026/?c=4cf37aaa-6dbc-4257-aacc-34851bda3bc9","https://www.maxpreps.com/mn/football/game/heron-lake-okabena-fulda-vs-red-rock-central-lamberton/9-25-2026/?c=4cf37aaa-6dbc-4257-aacc-34851bda3bc9","/football/mn/147e?9/25/2026","Fulda","Lamberton","https://www.maxpreps.com/mn/heron-lake-okabena-fulda/football/","https://www.maxpreps.com/mn/red-rock-central-lamberton/football/","",""
164,"Caledonia vs Dover Eyota",Football,"Minnesota",9/25/2026,TBD,"The Dover Eyota varsity football team has a game @ Caledonia (Minnesota).","/mn/football/game/caledonia-vs-dover-eyota/9-25-2026/?c=e00369ed-57f6-4668-8370-705e73fab27c","https://www.maxpreps.com/mn/football/game/caledonia-vs-dover-eyota/9-25-2026/?c=e00369ed-57f6-4668-8370-705e73fab27c","/football/mn/952?9/25/2026","Caledonia","Eyota","https://www.maxpreps.com/mn/caledonia/football/","https://www.maxpreps.com/mn/dover-eyota/football/","",""
165,"Litchfield vs Montevideo",Football,"Minnesota",9/25/2026,TBD,"The Montevideo varsity football team has a game @ Litchfield (Minnesota).","/mn/football/game/litchfield-vs-montevideo/9-25-2026/?c=06d753b0-7ebc-45e9-94a7-f2499fd977ab","https://www.maxpreps.com/mn/football/game/litchfield-vs-montevideo/9-25-2026/?c=06d753b0-7ebc-45e9-94a7-f2499fd977ab","/football/mn/995?9/25/2026","Litchfield","Montevideo","https://www.maxpreps.com/mn/litchfield/football/","https://www.maxpreps.com/mn/montevideo/football/","",""
166,"Cromwell vs Mcgregor",Football,"Minnesota",9/25/2026,TBD,"The Mcgregor varsity football team has a game @ Cromwell (Minnesota).","/mn/football/game/cromwell-vs-mcgregor/9-25-2026/?c=25b55944-343b-4f05-a385-9f297f7d5b62","https://www.maxpreps.com/mn/football/game/cromwell-vs-mcgregor/9-25-2026/?c=25b55944-343b-4f05-a385-9f297f7d5b62","/football/mn/7fe?9/25/2026","Cromwell","Mcgregor","https://www.maxpreps.com/mn/cromwell/football/","https://www.maxpreps.com/mn/mcgregor/football/","",""
167,"King Drew Los Angeles Ca vs St Frances Academy Baltimore Md",Football,"Minnesota",9/25/2026,TBD,"The St Frances Academy Baltimore Md varsity football team has a game @ King Drew Los Angeles Ca (Minnesota).","/inter-state/football/game/king-drew-los-angeles-ca-vs-st-frances-academy-baltimore-md/9-25-2026/?c=d1e141f7-0d4d-4a07-b113-368d66ffd2d1","https://www.maxpreps.com/inter-state/football/game/king-drew-los-angeles-ca-vs-st-frances-academy-baltimore-md/9-25-2026/?c=d1e141f7-0d4d-4a07-b113-368d66ffd2d1","/football/mn/1624?9/25/2026","Ca","Md","https://www.maxpreps.com/mn/king-drew-los-angeles-ca/football/","https://www.maxpreps.com/mn/st-frances-academy-baltimore-md/football/","",""
168,"Img Academy Bradenton Fl vs Legacy School Of Sport Sciences Spring Tx",Football,"Minnesota",9/25/2026,TBD,"The Legacy School Of Sport Sciences Spring Tx varsity football team has a game @ Img Academy Bradenton Fl (Minnesota).","/inter-state/football/game/img-academy-bradenton-fl-vs-legacy-school-of-sport-sciences-spring-tx/9-25-2026/?c=e160fa34-0c43-47d8-a4a0-f8fe83ccb2aa","https://www.maxpreps.com/inter-state/football/game/img-academy-bradenton-fl-vs-legacy-school-of-sport-sciences-spring-tx/9-25-2026/?c=e160fa34-0c43-47d8-a4a0-f8fe83ccb2aa","/football/mn/1a4e?9/25/2026","Fl","Tx","https://www.maxpreps.com/mn/img-academy-bradenton-fl/football/","https://www.maxpreps.com/mn/legacy-school-of-sport-sciences-spring-tx/football/","",""
169,"Buford vs Seckinger Buford",Football,"Minnesota",9/25/2026,TBD,"The Seckinger Buford varsity football team has a game @ Buford (Minnesota).","/ga/football/game/buford-vs-seckinger-buford/9-25-2026/?c=3bab75de-5cd2-475e-a6d4-20dee585b972","https://www.maxpreps.com/ga/football/game/buford-vs-seckinger-buford/9-25-2026/?c=3bab75de-5cd2-475e-a6d4-20dee585b972","/football/mn/a2f?9/25/2026","Buford","Buford","https://www.maxpreps.com/mn/buford/football/","https://www.maxpreps.com/mn/seckinger-buford/football/","",""
170,"Hough Cornelius vs West Mecklenburg Charlotte",Football,"Minnesota",9/25/2026,TBD,"The West Mecklenburg Charlotte varsity football team has a game @ Hough Cornelius (Minnesota).","/nc/football/game/hough-cornelius-vs-west-mecklenburg-charlotte/9-25-2026/?c=fe4d871d-0ba6-4ed2-a7fa-c54b5d882e04","https://www.maxpreps.com/nc/football/game/hough-cornelius-vs-west-mecklenburg-charlotte/9-25-2026/?c=fe4d871d-0ba6-4ed2-a7fa-c54b5d882e04","/football/mn/11d1?9/25/2026","Cornelius","Charlotte","https://www.maxpreps.com/mn/hough-cornelius/football/","https://www.maxpreps.com/mn/west-mecklenburg-charlotte/football/","",""
171,"Brownsburg vs Westfield",Football,"Minnesota",9/25/2026,TBD,"The Westfield varsity football team has a game @ Brownsburg (Minnesota).","/in/football/game/brownsburg-vs-westfield/9-25-2026/?c=dbda6e6d-bfa2-49a1-863f-b890cb0f74e4","https://www.maxpreps.com/in/football/game/brownsburg-vs-westfield/9-25-2026/?c=dbda6e6d-bfa2-49a1-863f-b890cb0f74e4","/football/mn/955?9/25/2026","Brownsburg","Westfield","https://www.maxpreps.com/mn/brownsburg/football/","https://www.maxpreps.com/mn/westfield/football/","",""
172,"Dematha Hyattsville vs Riverdale Baptist Rbs Upper Marlboro",Football,"Minnesota",9/25/2026,TBD,"The Riverdale Baptist Rbs Upper Marlboro varsity football team has a game @ Dematha Hyattsville (Minnesota).","/md/football/game/dematha-hyattsville-vs-riverdale-baptist-rbs-upper-marlboro/9-25-2026/?c=592af09f-10a1-431b-91d3-801a5311bbe0","https://www.maxpreps.com/md/football/game/dematha-hyattsville-vs-riverdale-baptist-rbs-upper-marlboro/9-25-2026/?c=592af09f-10a1-431b-91d3-801a5311bbe0","/football/mn/1737?9/25/2026","Hyattsville","Marlboro","https://www.maxpreps.com/mn/dematha-hyattsville/football/","https://www.maxpreps.com/mn/riverdale-baptist-rbs-upper-marlboro/football/","",""
173,"Archer Lawrenceville vs Carrollton",Football,"Minnesota",9/25/2026,TBD,"The Carrollton varsity football team has a game @ Archer Lawrenceville (Minnesota).","/ga/football/game/archer-lawrenceville-vs-carrollton/9-25-2026/?c=e3e7ed71-b7e0-498e-bd65-3669007df1d8","https://www.maxpreps.com/ga/football/game/archer-lawrenceville-vs-carrollton/9-25-2026/?c=e3e7ed71-b7e0-498e-bd65-3669007df1d8","/football/mn/d92?9/25/2026","Lawrenceville","Carrollton","https://www.maxpreps.com/mn/archer-lawrenceville/football/","https://www.maxpreps.com/mn/carrollton/football/","",""
174,"Lee County Leesburg vs Thomas County Central Thomasville",Football,"Minnesota",9/25/2026,TBD,"The Thomas County Central Thomasville varsity football team has a game @ Lee County Leesburg (Minnesota).","/ga/football/game/lee-county-leesburg-vs-thomas-county-central-thomasville/9-25-2026/?c=ee448b92-d509-4869-b394-34778792c5c5","https://www.maxpreps.com/ga/football/game/lee-county-leesburg-vs-thomas-county-central-thomasville/9-25-2026/?c=ee448b92-d509-4869-b394-34778792c5c5","/football/mn/1614?9/25/2026","Leesburg","Thomasville","https://www.maxpreps.com/mn/lee-county-leesburg/football/","https://www.maxpreps.com/mn/thomas-county-central-thomasville/football/","",""
175,"Central Miami vs Northwestern Miami",Football,"Minnesota",9/25/2026,TBD,"The Northwestern Miami varsity football team has a game @ Central Miami (Minnesota).","/fl/football/game/central-miami-vs-northwestern-miami/9-25-2026/?c=3c4ff2da-ebde-4648-b2db-7bb0f404b365","https://www.maxpreps.com/fl/football/game/central-miami-vs-northwestern-miami/9-25-2026/?c=3c4ff2da-ebde-4648-b2db-7bb0f404b365","/football/mn/dd3?9/25/2026","Miami","Miami","https://www.maxpreps.com/mn/central-miami/football/","https://www.maxpreps.com/mn/northwestern-miami/football/","",""
176,"Allen vs Princeton",Football,"Minnesota",9/25/2026,TBD,"The Princeton varsity football team has a game @ Allen (Minnesota).","/tx/football/game/allen-vs-princeton/9-25-2026/?c=7aa5c33e-a09e-46f0-8e90-fb16879307f1","https://www.maxpreps.com/tx/football/game/allen-vs-princeton/9-25-2026/?c=7aa5c33e-a09e-46f0-8e90-fb16879307f1","/football/mn/721?9/25/2026","Allen","Princeton","https://www.maxpreps.com/mn/allen/football/","https://www.maxpreps.com/mn/princeton/football/","",""
177,"Crowley vs North Crowley Fort Worth",Football,"Minnesota",9/25/2026,TBD,"The North Crowley Fort Worth varsity football team has a game @ Crowley (Minnesota).","/tx/football/game/crowley-vs-north-crowley-fort-worth/9-25-2026/?c=154b9004-87e5-444b-bdd1-431064bf293f","https://www.maxpreps.com/tx/football/game/crowley-vs-north-crowley-fort-worth/9-25-2026/?c=154b9004-87e5-444b-bdd1-431064bf293f","/football/mn/dee?9/25/2026","Crowley","Worth","https://www.maxpreps.com/mn/crowley/football/","https://www.maxpreps.com/mn/north-crowley-fort-worth/football/","",""
178,"Baylor Chattanooga vs Montgomery Bell Academy Nashville",Football,"Minnesota",9/25/2026,TBD,"The Montgomery Bell Academy Nashville varsity football team has a game @ Baylor Chattanooga (Minnesota).","/tn/football/game/baylor-chattanooga-vs-montgomery-bell-academy-nashville/9-25-2026/?c=d5134526-da4f-41fb-8dcc-ccda7310df17","https://www.maxpreps.com/tn/football/game/baylor-chattanooga-vs-montgomery-bell-academy-nashville/9-25-2026/?c=d5134526-da4f-41fb-8dcc-ccda7310df17","/football/mn/1593?9/25/2026","Chattanooga","Nashville","https://www.maxpreps.com/mn/baylor-chattanooga/football/","https://www.maxpreps.com/mn/montgomery-bell-academy-nashville/football/","",""
179,"St Xavier Louisville vs Trinity Louisville",Football,"Minnesota",9/25/2026,TBD,"The Trinity Louisville varsity football team has a game @ St Xavier Louisville (Minnesota).","/ky/football/game/st-xavier-louisville-vs-trinity-louisville/9-25-2026/?c=50c48504-f592-434e-8064-20d784dcefcf","https://www.maxpreps.com/ky/football/game/st-xavier-louisville-vs-trinity-louisville/9-25-2026/?c=50c48504-f592-434e-8064-20d784dcefcf","/football/mn/10e3?9/25/2026","Louisville","Louisville","https://www.maxpreps.com/mn/st-xavier-louisville/football/","https://www.maxpreps.com/mn/trinity-louisville/football/","",""
180,"Pacifica Oxnard vs Sierra Canyon Chatsworth",Football,"Minnesota",9/25/2026,TBD,"The Sierra Canyon Chatsworth varsity football team has a game @ Pacifica Oxnard (Minnesota).","/ca/football/game/pacifica-oxnard-vs-sierra-canyon-chatsworth/9-25-2026/?c=8de11ef1-b55b-46fe-b1c8-2d9eebfc2975","https://www.maxpreps.com/ca/football/game/pacifica-oxnard-vs-sierra-canyon-chatsworth/9-25-2026/?c=8de11ef1-b55b-46fe-b1c8-2d9eebfc2975","/football/mn/10db?9/25/2026","Oxnard","Chatsworth","https://www.maxpreps.com/mn/pacifica-oxnard/football/","https://www.maxpreps.com/mn/sierra-canyon-chatsworth/football/","",""
181,"Bishop Gorman Las Vegas vs Faith Lutheran Las Vegas",Football,"Minnesota",9/25/2026,TBD,"The Faith Lutheran Las Vegas varsity football team has a game @ Bishop Gorman Las Vegas (Minnesota).","/nv/football/game/bishop-gorman-las-vegas-vs-faith-lutheran-las-vegas/9-25-2026/?c=2504f665-1849-4ee9-9120-9bb7d151c214","https://www.maxpreps.com/nv/football/game/bishop-gorman-las-vegas-vs-faith-lutheran-las-vegas/9-25-2026/?c=2504f665-1849-4ee9-9120-9bb7d151c214","/football/mn/1375?9/25/2026","Vegas","Vegas","https://www.maxpreps.com/mn/bishop-gorman-las-vegas/football/","https://www.maxpreps.com/mn/faith-lutheran-las-vegas/football/","",""
182,"Hamilton Chandler vs Williams Field Gilbert",Football,"Minnesota",9/25/2026,TBD,"The Williams Field Gilbert varsity football team has a game @ Hamilton Chandler (Minnesota).","/az/football/game/hamilton-chandler-vs-williams-field-gilbert/9-25-2026/?c=48860962-02da-46ea-86af-aa362a38ab7b","https://www.maxpreps.com/az/football/game/hamilton-chandler-vs-williams-field-gilbert/9-25-2026/?c=48860962-02da-46ea-86af-aa362a38ab7b","/football/mn/10b6?9/25/2026","Chandler","Gilbert","https://www.maxpreps.com/mn/hamilton-chandler/football/","https://www.maxpreps.com/mn/williams-field-gilbert/football/","",""
1,"Harding/Humboldt/Open World Learning vs Como Park/Washington Tech",Football,"Minnesota",9/26/2026,1:00pm,"The Harding/Humboldt/Open World Learning varsity football team has an away conference game @  Como Park/Washington Tech (St. Paul, MN) on Saturday, September 26 @ 1p.","/mn/football/game/como-park-washington-tech-st-paul-vs-harding-humboldt-open-world-learning-st-paul/9-26-2026/?c=725d52d2-6b78-4f6d-92da-a05a4c076220","https://www.maxpreps.com/mn/football/game/como-park-washington-tech-st-paul-vs-harding-humboldt-open-world-learning-st-paul/9-26-2026/?c=725d52d2-6b78-4f6d-92da-a05a4c076220","/football/mn/1f0c?9/26/2026","TBD","TBD","https://www.maxpreps.com/mn/como-park-washington-tech-st-paul/football/","https://www.maxpreps.com/mn/harding-humboldt-open-world-learning-st-paul/football/","https://hsfootball.net/proxy.php?url=https%3A%2F%2Fasset.maxpreps.io%2Fincludes%2Fimages%2Flogos%2Fmaxpreps-logo-white-2025.png","https://hsfootball.net/proxy.php?url=https%3A%2F%2Fasset.maxpreps.io%2Fincludes%2Freact%2Fplay-on-logo.png"
2,"Bethlehem Academy vs Mabel-Canton",Football,"Minnesota",9/26/2026,1:30pm,"The Bethlehem Academy varsity football team has an away conference game @  Mabel-Canton (Mabel, MN) on Saturday, September 26 @ 1:30p.","/mn/football/game/bethlehem-academy-faribault-vs-mabel-canton/9-26-2026/?c=aa7a6524-91d8-4148-a446-9be9a5c67ed7","https://www.maxpreps.com/mn/football/game/bethlehem-academy-faribault-vs-mabel-canton/9-26-2026/?c=aa7a6524-91d8-4148-a446-9be9a5c67ed7","/football/mn/108a?9/26/2026","Cardinals","Cougars","https://www.maxpreps.com/mn/bethlehem-academy-faribault/football/","https://www.maxpreps.com/mn/mabel-canton/football/","https://hsfootball.net/proxy.php?url=https%3A%2F%2Fasset.maxpreps.io%2Fincludes%2Fimages%2Flogos%2Fmaxpreps-logo-white-2025.png","https://hsfootball.net/proxy.php?url=https%3A%2F%2Fasset.maxpreps.io%2Fincludes%2Freact%2Fplay-on-logo.png"
3,"New Ulm Cathedral vs Wabasso",Football,"Minnesota",9/26/2026,3:00pm,"The New Ulm Cathedral varsity football team has an away conference game @  Wabasso (MN) on Saturday, September 26 @ 3p.","/mn/football/game/new-ulm-cathedral-vs-wabasso/9-26-2026/?c=2862546d-22ce-44fe-b2bf-7b23d5a0ec62","https://www.maxpreps.com/mn/football/game/new-ulm-cathedral-vs-wabasso/9-26-2026/?c=2862546d-22ce-44fe-b2bf-7b23d5a0ec62","/football/mn/acd?9/26/2026","Greyhounds","Rabbits","https://www.maxpreps.com/mn/new-ulm-cathedral/football/","https://www.maxpreps.com/mn/wabasso/football/","https://hsfootball.net/proxy.php?url=https%3A%2F%2Fasset.maxpreps.io%2Fincludes%2Fimages%2Flogos%2Fmaxpreps-logo-white-2025.png","https://hsfootball.net/proxy.php?url=https%3A%2F%2Fasset.maxpreps.io%2Fincludes%2Freact%2Fplay-on-logo.png"
4,"Centennial vs De La Salle",Football,"Minnesota",9/26/2026,2:00pm,"The Centennial varsity football team has an away non-conference game @  De La Salle (Concord, CA) on Saturday, September 26 @ 2p.","/ca/football/game/centennial-corona-vs-de-la-salle-concord/9-26-2026/?c=32915450-cba9-471b-a62b-55e041798827","https://www.maxpreps.com/ca/football/game/centennial-corona-vs-de-la-salle-concord/9-26-2026/?c=32915450-cba9-471b-a62b-55e041798827","/football/mn/f29?9/26/2026","Huskies","Spartans","https://www.maxpreps.com/mn/centennial-corona/football/","https://www.maxpreps.com/mn/de-la-salle-concord/football/","https://hsfootball.net/proxy.php?url=https%3A%2F%2Fimage.maxpreps.io%2Fschool-mascot%2Fb%2F7%2F0%2Fb700374b-e564-4aee-a01b-f5d363d642b9.gif%3Fversion%3D635853845400000000%26amp%3Bwidth%3D128%26amp%3Bheight%3D128%26amp%3Bauto%3Dwebp%26amp%3Bformat%3Dpjpg","https://hsfootball.net/proxy.php?url=https%3A%2F%2Fimage.maxpreps.io%2Fschool-mascot%2Fc%2F5%2F1%2Fc510b298-3a73-4bcf-8855-96c998d8e26e.gif%3Fversion%3D634129029600000000%26amp%3Bwidth%3D128%26amp%3Bheight%3D128%26amp%3Bauto%3Dwebp%26amp%3Bformat%3Dpjpg"
1,"South Jones vs West Jones",Football,"Mississippi",9/10/2026,7:00pm,"The South Jones varsity football team has an away non-conference game @  West Jones (Laurel, MS) on Thursday, September 10 @ 7p.","/ms/football/game/south-jones-ellisville-vs-west-jones-laurel/9-10-2026/?c=2dc3a397-f027-4473-a1fa-ce24ea5b8fe6","https://www.maxpreps.com/ms/football/game/south-jones-ellisville-vs-west-jones-laurel/9-10-2026/?c=2dc3a397-f027-4473-a1fa-ce24ea5b8fe6","/football/ms/10e5?9/10/2026","Braves","Mustangs","https://www.maxpreps.com/ms/south-jones-ellisville/football/","https://www.maxpreps.com/ms/west-jones-laurel/football/","https://hsfootball.net/proxy.php?url=https%3A%2F%2Fimage.maxpreps.io%2Fschool-mascot%2F3%2Fb%2F6%2F3b646a4f-21fc-47ea-a706-1cce5dda9672.gif%3Fversion%3D636749373600000000%26amp%3Bwidth%3D128%26amp%3Bheight%3D128%26amp%3Bauto%3Dwebp%26amp%3Bformat%3Dpjpg","https://hsfootball.net/proxy.php?url=https%3A%2F%2Fimage.maxpreps.io%2Fschool-mascot%2Fe%2F1%2F7%2Fe17c9fe6-9893-4855-a975-5c8ffd2da982.gif%3Fversion%3D635520099000000000%26amp%3Bwidth%3D128%26amp%3Bheight%3D128%26amp%3Bauto%3Dwebp%26amp%3Bformat%3Dpjpg"
2,"Glenbrook vs Bossier",Football,"Mississippi",9/10/2026,7:00pm,"The Glenbrook varsity football team has an away non-conference game @  Bossier (Bossier City, LA) on Thursday, September 10 @ 7p.","/la/football/game/bossier-bossier-city-vs-glenbrook-minden/9-10-2026/?c=cf25fc87-039d-4ea7-b641-5211d610ba90","https://www.maxpreps.com/la/football/game/bossier-bossier-city-vs-glenbrook-minden/9-10-2026/?c=cf25fc87-039d-4ea7-b641-5211d610ba90","/football/ms/faf?9/10/2026","Apaches","Bearkats","https://www.maxpreps.com/ms/bossier-bossier-city/football/","https://www.maxpreps.com/ms/glenbrook-minden/football/","https://hsfootball.net/proxy.php?url=https%3A%2F%2Fimage.maxpreps.io%2Fschool-mascot%2Ff%2Fa%2F8%2Ffa8b5d30-b477-4062-b7aa-f1421a38d0eb.gif%3Fversion%3D636501384000000000%26amp%3Bwidth%3D128%26amp%3Bheight%3D128%26amp%3Bauto%3Dwebp%26amp%3Bformat%3Dpjpg","https://hsfootball.net/proxy.php?url=https%3A%2F%2Fimage.maxpreps.io%2Fschool-mascot%2F1%2Ff%2F0%2F1f074d1b-cce9-4c97-8268-b4d0e6704f46.gif%3Fversion%3D635889675600000000%26amp%3Bwidth%3D128%26amp%3Bheight%3D128%26amp%3Bauto%3Dwebp%26amp%3Bformat%3Dpjpg"
3,"Cardinal Newman vs West Boca Raton",Football,"Mississippi",9/10/2026,6:30pm,"The Cardinal Newman varsity football team has an away non-conference game @  West Boca Raton (Boca Raton, FL) on Thursday, September 10 @ 6:30p.","/fl/football/game/cardinal-newman-west-palm-beach-vs-west-boca-raton/9-10-2026/?c=ce82a3f7-e6bd-44fa-9427-6220ab01a04d","https://www.maxpreps.com/fl/football/game/cardinal-newman-west-palm-beach-vs-west-boca-raton/9-10-2026/?c=ce82a3f7-e6bd-44fa-9427-6220ab01a04d","/football/ms/12f1?9/10/2026","Crusaders","Bulls","https://www.maxpreps.com/ms/cardinal-newman-west-palm-beach/football/","https://www.maxpreps.com/ms/west-boca-raton/football/","https://hsfootball.net/proxy.php?url=https%3A%2F%2Fimage.maxpreps.io%2Fschool-mascot%2Fb%2Fc%2F5%2Fbc5120f5-7344-46ef-acc1-53e9d36b4e75.gif%3Fversion%3D639234067563693670%26amp%3Bwidth%3D128%26amp%3Bheight%3D128%26amp%3Bauto%3Dwebp%26amp%3Bformat%3Dpjpg","https://hsfootball.net/proxy.php?url=https%3A%2F%2Fimage.maxpreps.io%2Fschool-mascot%2Fe%2F7%2F9%2Fe7903dfb-37a9-4b3b-af93-19f0569f5114.gif%3Fversion%3D638296082400000000%26amp%3Bwidth%3D128%26amp%3Bheight%3D128%26amp%3Bauto%3Dwebp%26amp%3Bformat%3Dpjpg"
4,"St. Thomas Aquinas vs Dillard",Football,"Mississippi",9/10/2026,7:00pm,"The St. Thomas Aquinas varsity football team has an away non-conference game @  Dillard (Fort Lauderdale, FL) on Thursday, September 10 @ 7p.","/fl/football/game/dillard-fort-lauderdale-vs-st-thomas-aquinas-fort-lauderdale/9-10-2026/?c=e35a9df9-5440-4c87-b93b-714d5dcb3da0","https://www.maxpreps.com/fl/football/game/dillard-fort-lauderdale-vs-st-thomas-aquinas-fort-lauderdale/9-10-2026/?c=e35a9df9-5440-4c87-b93b-714d5dcb3da0","/football/ms/172e?9/10/2026","Raiders","Panthers","https://www.maxpreps.com/ms/dillard-fort-lauderdale/football/","https://www.maxpreps.com/ms/st-thomas-aquinas-fort-lauderdale/football/","https://hsfootball.net/proxy.php?url=https%3A%2F%2Fimage.maxpreps.io%2Fschool-mascot%2Fb%2Fd%2F1%2Fbd12f619-3d60-413e-a9ef-5742cd4a21bb.gif%3Fversion%3D637743744600000000%26amp%3Bwidth%3D128%26amp%3Bheight%3D128%26amp%3Bauto%3Dwebp%26amp%3Bformat%3Dpjpg","https://hsfootball.net/proxy.php?url=https%3A%2F%2Fimage.maxpreps.io%2Fschool-mascot%2Ff%2F5%2F7%2Ff577ddab-0e0f-42f9-a932-5eacd4fe4be1.gif%3Fversion%3D635930128800000000%26amp%3Bwidth%3D128%26amp%3Bheight%3D128%26amp%3Bauto%3Dwebp%26amp%3Bformat%3Dpjpg"
5,"Columbus vs Palmetto",Football,"Mississippi",9/10/2026,7:00pm,"The Columbus varsity football team has an away conference game @  Palmetto (Miami, FL) on Thursday, September 10 @ 7p.","/fl/football/game/columbus-miami-vs-palmetto-miami/9-10-2026/?c=633eaaa1-8c2e-43fd-ba9d-7af8cce4fb67","https://www.maxpreps.com/fl/football/game/columbus-miami-vs-palmetto-miami/9-10-2026/?c=633eaaa1-8c2e-43fd-ba9d-7af8cce4fb67","/football/ms/c87?9/10/2026","Explorers","Panthers","https://www.maxpreps.com/ms/columbus-miami/football/","https://www.maxpreps.com/ms/palmetto-miami/football/","https://hsfootball.net/proxy.php?url=https%3A%2F%2Fimage.maxpreps.io%2Fschool-mascot%2F5%2Fc%2Fe%2F5ce85d4b-4ce3-48ca-8b24-2a304bba4853.gif%3Fversion%3D637698085200000000%26amp%3Bwidth%3D128%26amp%3Bheight%3D128%26amp%3Bauto%3Dwebp%26amp%3Bformat%3Dpjpg","https://hsfootball.net/proxy.php?url=https%3A%2F%2Fimage.maxpreps.io%2Fschool-mascot%2F7%2F4%2F6%2F7462bf25-2a90-49bc-a1e0-d434c9036255.gif%3Fversion%3D637726704000000000%26amp%3Bwidth%3D128%26amp%3Bheight%3D128%26amp%3Bauto%3Dwebp%26amp%3Bformat%3Dpjpg"
6,"St. John Bosco vs Narbonne",Football,"Mississippi",9/10/2026,4:00pm,"The St. John Bosco varsity football team has an away non-conference game @  Narbonne (Harbor City, CA) on Thursday, September 10 @ 4p.","/ca/football/game/narbonne-harbor-city-vs-st-john-bosco-bellflower/9-10-2026/?c=4d5f8972-15ef-4eed-95f0-f8177d7e6d70","https://www.maxpreps.com/ca/football/game/narbonne-harbor-city-vs-st-john-bosco-bellflower/9-10-2026/?c=4d5f8972-15ef-4eed-95f0-f8177d7e6d70","/football/ms/1288?9/10/2026","Braves","Gauchos","https://www.maxpreps.com/ms/narbonne-harbor-city/football/","https://www.maxpreps.com/ms/st-john-bosco-bellflower/football/","https://hsfootball.net/proxy.php?url=https%3A%2F%2Fimage.maxpreps.io%2Fschool-mascot%2F2%2F2%2F9%2F229cf8e5-737c-418e-8f4e-f3ac3d566af4.gif%3Fversion%3D635307417600000000%26amp%3Bwidth%3D128%26amp%3Bheight%3D128%26amp%3Bauto%3Dwebp%26amp%3Bformat%3Dpjpg","https://hsfootball.net/proxy.php?url=https%3A%2F%2Fimage.maxpreps.io%2Fschool-mascot%2F2%2F3%2F3%2F2336e4f9-fbda-43b7-9767-395aca2ace78.gif%3Fversion%3D638089450800000000%26amp%3Bwidth%3D128%26amp%3Bheight%3D128%26amp%3Bauto%3Dwebp%26amp%3Bformat%3Dpjpg"
7,"Central vs Buford",Football,"Mississippi",9/10/2026,7:30pm,"The Central varsity football team has an away non-conference game @  Buford (GA) on Thursday, September 10 @ 7:30p.","/inter-state/football/game/buford-ga-vs-central-miami-fl/9-10-2026/?c=400f88d0-7913-4a5c-8b78-4263b9103daf","https://www.maxpreps.com/inter-state/football/game/buford-ga-vs-central-miami-fl/9-10-2026/?c=400f88d0-7913-4a5c-8b78-4263b9103daf","/football/ms/adc?9/10/2026","Rockets","Wolves","https://www.maxpreps.com/ms/buford-ga/football/","https://www.maxpreps.com/ms/central-miami-fl/football/","https://hsfootball.net/proxy.php?url=https%3A%2F%2Fimage.maxpreps.io%2Fschool-mascot%2Fb%2Fb%2F6%2Fbb694921-d3fe-43ae-95b9-2e8d83844fd4.gif%3Fversion%3D638036831400000000%26amp%3Bwidth%3D128%26amp%3Bheight%3D128%26amp%3Bauto%3Dwebp%26amp%3Bformat%3Dpjpg","https://hsfootball.net/proxy.php?url=https%3A%2F%2Fimage.maxpreps.io%2Fschool-mascot%2F6%2Fd%2F0%2F6d00b044-607e-4dee-aa9b-e1fc2c6a87bc.gif%3Fversion%3D637816301400000000%26amp%3Bwidth%3D128%26amp%3Bheight%3D128%26amp%3Bauto%3Dwebp%26amp%3Bformat%3Dpjpg"
8,"Saint Louis vs Sierra Canyon",Football,"Mississippi",9/10/2026,7:00pm,"The Saint Louis varsity football team has an away non-conference game @  Sierra Canyon (Chatsworth, CA) on Thursday, September 10 @ 7p.","/inter-state/football/game/sierra-canyon-chatsworth-ca-vs-st-louis-honolulu-hi/9-10-2026/?c=a3e07f02-0eae-49fe-951f-8e724af299e7","https://www.maxpreps.com/inter-state/football/game/sierra-canyon-chatsworth-ca-vs-st-louis-honolulu-hi/9-10-2026/?c=a3e07f02-0eae-49fe-951f-8e724af299e7","/football/ms/13c4?9/10/2026","Crusaders","Trailblazers","https://www.maxpreps.com/ms/sierra-canyon-chatsworth-ca/football/","https://www.maxpreps.com/ms/st-louis-honolulu-hi/football/","https://hsfootball.net/proxy.php?url=https%3A%2F%2Fimage.maxpreps.io%2Fschool-mascot%2Fd%2F1%2F0%2Fd10f0c90-8f07-4476-85f6-191f4a2f4a17.gif%3Fversion%3D636694056600000000%26amp%3Bwidth%3D128%26amp%3Bheight%3D128%26amp%3Bauto%3Dwebp%26amp%3Bformat%3Dpjpg","https://hsfootball.net/proxy.php?url=https%3A%2F%2Fimage.maxpreps.io%2Fschool-mascot%2F3%2Fe%2F6%2F3e6d32d9-9a21-4391-aba1-d59804bf82e6.gif%3Fversion%3D637776576000000000%26amp%3Bwidth%3D128%26amp%3Bheight%3D128%26amp%3Bauto%3Dwebp%26amp%3Bformat%3Dpjpg"
1,"Tupelo vs Houston",Football,"Mississippi",9/11/2026,7:00pm,"The Tupelo varsity football team has an away non-conference game @  Houston (Germantown, TN) on Friday, September 11 @ 7p.","/inter-state/football/game/houston-germantown-tn-vs-tupelo-ms/9-11-2026/?c=0221b4ea-a9e2-40d5-b1fc-789c5888271b","https://www.maxpreps.com/inter-state/football/game/houston-germantown-tn-vs-tupelo-ms/9-11-2026/?c=0221b4ea-a9e2-40d5-b1fc-789c5888271b","/football/ms/d77?9/11/2026","Golden Wave","Mustangs","https://www.maxpreps.com/ms/houston-germantown-tn/football/","https://www.maxpreps.com/ms/tupelo-ms/football/","https://hsfootball.net/proxy.php?url=https%3A%2F%2Fimage.maxpreps.io%2Fschool-mascot%2F2%2F4%2F5%2F245f1463-3aed-41d1-89b7-9cdef961d52e.gif%3Fversion%3D638935262596773850%26amp%3Bwidth%3D128%26amp%3Bheight%3D128%26amp%3Bauto%3Dwebp%26amp%3Bformat%3Dpjpg","https://hsfootball.net/proxy.php?url=https%3A%2F%2Fimage.maxpreps.io%2Fschool-mascot%2F5%2F3%2Fc%2F53c5de5d-ee12-427b-a2b8-385afb8c275e.gif%3Fversion%3D636058952400000000%26amp%3Bwidth%3D128%26amp%3Bheight%3D128%26amp%3Bauto%3Dwebp%26amp%3Bformat%3Dpjpg"
2,"Laurel vs Gulfport",Football,"Mississippi",9/11/2026,7:00pm,"The Laurel varsity football team has an away non-conference game @  Gulfport (MS) on Friday, September 11 @ 7p.","/ms/football/game/gulfport-vs-laurel/9-11-2026/?c=09813f31-cec4-41dd-bcfe-ab107235f1d4","https://www.maxpreps.com/ms/football/game/gulfport-vs-laurel/9-11-2026/?c=09813f31-cec4-41dd-bcfe-ab107235f1d4","/football/ms/73b?9/11/2026","Tornadoes","Admirals","https://www.maxpreps.com/ms/gulfport/football/","https://www.maxpreps.com/ms/laurel/football/","https://hsfootball.net/proxy.php?url=https%3A%2F%2Fimage.maxpreps.io%2Fschool-mascot%2Fd%2F9%2Ff%2Fd9f8a56f-3099-458b-8f68-b399a0bcde7c.gif%3Fversion%3D635309971200000000%26amp%3Bwidth%3D128%26amp%3Bheight%3D128%26amp%3Bauto%3Dwebp%26amp%3Bformat%3Dpjpg","https://hsfootball.net/proxy.php?url=https%3A%2F%2Fimage.maxpreps.io%2Fschool-mascot%2Fe%2F0%2F7%2Fe07287db-fa1c-46b1-9d5a-664da415b117.gif%3Fversion%3D635935422600000000%26amp%3Bwidth%3D128%26amp%3Bheight%3D128%26amp%3Bauto%3Dwebp%26amp%3Bformat%3Dpjpg"
3,"Meridian vs Starkville",Football,"Mississippi",9/11/2026,7:00pm,"The Meridian varsity football team has an away non-conference game @  Starkville (MS) on Friday, September 11 @ 7p.","/ms/football/game/meridian-vs-starkville/9-11-2026/?c=97d9cb38-2c5c-40ff-88d2-47bbf153779b","https://www.maxpreps.com/ms/football/game/meridian-vs-starkville/9-11-2026/?c=97d9cb38-2c5c-40ff-88d2-47bbf153779b","/football/ms/8cd?9/11/2026","Wildcats","Yellowjackets","https://www.maxpreps.com/ms/meridian/football/","https://www.maxpreps.com/ms/starkville/football/","https://hsfootball.net/proxy.php?url=https%3A%2F%2Fimage.maxpreps.io%2Fschool-mascot%2Ff%2F9%2Fa%2Ff9a81206-af4b-4ccb-9e0b-be45d746d87e.gif%3Fversion%3D636453370800000000%26amp%3Bwidth%3D128%26amp%3Bheight%3D128%26amp%3Bauto%3Dwebp%26amp%3Bformat%3Dpjpg","https://hsfootball.net/proxy.php?url=https%3A%2F%2Fimage.maxpreps.io%2Fschool-mascot%2Ff%2F0%2F4%2Ff04c912e-3eeb-4692-b9f4-796b479183b9.gif%3Fversion%3D635533645200000000%26amp%3Bwidth%3D128%26amp%3Bheight%3D128%26amp%3Bauto%3Dwebp%26amp%3Bformat%3Dpjpg"
4,"Central Hinds Academy vs North Delta",Football,"Mississippi",9/11/2026,7:00pm,"The Central Hinds Academy varsity football team has an away non-conference game @  North Delta (Batesville, MS) on Friday, September 11 @ 7p.","/ms/football/game/central-hinds-academy-raymond-vs-north-delta-batesville/9-11-2026/?c=c8e711e8-14dd-405a-8120-2cf3a242a9c2","https://www.maxpreps.com/ms/football/game/central-hinds-academy-raymond-vs-north-delta-batesville/9-11-2026/?c=c8e711e8-14dd-405a-8120-2cf3a242a9c2","/football/ms/1551?9/11/2026","Cougars","Green Wave","https://www.maxpreps.com/ms/central-hinds-academy-raymond/football/","https://www.maxpreps.com/ms/north-delta-batesville/football/","https://hsfootball.net/proxy.php?url=https%3A%2F%2Fimage.maxpreps.io%2Fschool-mascot%2Fa%2Ff%2Fb%2Fafba6475-8ac9-4519-9546-d6e905bd134b.gif%3Fversion%3D634349093400000000%26amp%3Bwidth%3D128%26amp%3Bheight%3D128%26amp%3Bauto%3Dwebp%26amp%3Bformat%3Dpjpg","https://hsfootball.net/proxy.php?url=https%3A%2F%2Fimage.maxpreps.io%2Fschool-mascot%2F2%2F9%2F7%2F297bc3a3-9895-4044-9090-e69e21561915.gif%3Fversion%3D636726945600000000%26amp%3Bwidth%3D128%26amp%3Bheight%3D128%26amp%3Bauto%3Dwebp%26amp%3Bformat%3Dpjpg"
5,"Tylertown vs East Marion",Football,"Mississippi",9/11/2026,7:00pm,"The Tylertown varsity football team has an away non-conference game @  East Marion (Columbia, MS) on Friday, September 11 @ 7p.","/ms/football/game/east-marion-columbia-vs-tylertown/9-11-2026/?c=47936ff2-a18e-4025-9414-5a4001dda0ae","https://www.maxpreps.com/ms/football/game/east-marion-columbia-vs-tylertown/9-11-2026/?c=47936ff2-a18e-4025-9414-5a4001dda0ae","/football/ms/d14?9/11/2026","Chiefs","Eagles","https://www.maxpreps.com/ms/east-marion-columbia/football/","https://www.maxpreps.com/ms/tylertown/football/","https://hsfootball.net/proxy.php?url=https%3A%2F%2Fimage.maxpreps.io%2Fschool-mascot%2F6%2F7%2Fe%2F67e24124-ebb4-413b-aaf1-0b2d94f207f1.gif%3Fversion%3D635522571000000000%26amp%3Bwidth%3D128%26amp%3Bheight%3D128%26amp%3Bauto%3Dwebp%26amp%3Bformat%3Dpjpg","https://hsfootball.net/proxy.php?url=https%3A%2F%2Fimage.maxpreps.io%2Fschool-mascot%2Fb%2F0%2Fe%2Fb0ed8718-35b7-4220-b994-ffc0a556775e.gif%3Fversion%3D634776890400000000%26amp%3Bwidth%3D128%26amp%3Bheight%3D128%26amp%3Bauto%3Dwebp%26amp%3Bformat%3Dpjpg"
6,"Philadelphia vs Choctaw Central",Football,"Mississippi",9/11/2026,7:00pm,"The Philadelphia varsity football team has an away non-conference game @  Choctaw Central (Philadelphia, MS) on Friday, September 11 @ 7p.","/ms/football/game/choctaw-central-philadelphia-vs-philadelphia/9-11-2026/?c=5176d02c-ec58-4086-b849-1298b5f3f3fb","https://www.maxpreps.com/ms/football/game/choctaw-central-philadelphia-vs-philadelphia/9-11-2026/?c=5176d02c-ec58-4086-b849-1298b5f3f3fb","/football/ms/1139?9/11/2026","Tornadoes","Ftng Warriors","https://www.maxpreps.com/ms/choctaw-central-philadelphia/football/","https://www.maxpreps.com/ms/philadelphia/football/","https://hsfootball.net/proxy.php?url=https%3A%2F%2Fimage.maxpreps.io%2Fschool-mascot%2F8%2Fa%2F9%2F8a9bebea-718f-448b-a628-2b8b7a73585d.gif%3Fversion%3D636462574800000000%26amp%3Bwidth%3D128%26amp%3Bheight%3D128%26amp%3Bauto%3Dwebp%26amp%3Bformat%3Dpjpg","https://hsfootball.net/proxy.php?url=https%3A%2F%2Fimage.maxpreps.io%2Fschool-mascot%2F6%2F9%2Fe%2F69e9f700-1723-4522-b3ff-f8160d97a000.gif%3Fversion%3D638937044618471700%26amp%3Bwidth%3D128%26amp%3Bheight%3D128%26amp%3Bauto%3Dwebp%26amp%3Bformat%3Dpjpg"
7,"John Curtis Christian vs Louisville",Football,"Mississippi",9/11/2026,7:00pm,"The John Curtis Christian varsity football team has an away non-conference game @  Louisville (MS) on Friday, September 11 @ 7p.","/inter-state/football/game/john-curtis-christian-river-ridge-la-vs-louisville-ms/9-11-2026/?c=381bc11d-850b-4921-842c-713ee4f49e22","https://www.maxpreps.com/inter-state/football/game/john-curtis-christian-river-ridge-la-vs-louisville-ms/9-11-2026/?c=381bc11d-850b-4921-842c-713ee4f49e22","/football/ms/1487?9/11/2026","Patriots","Wildcats","https://www.maxpreps.com/ms/john-curtis-christian-river-ridge-la/football/","https://www.maxpreps.com/ms/louisville-ms/football/","https://hsfootball.net/proxy.php?url=https%3A%2F%2Fimage.maxpreps.io%2Fschool-mascot%2Ff%2F5%2F5%2Ff55981a3-76ac-4070-811c-2132dc209af4.gif%3Fversion%3D635969970600000000%26amp%3Bwidth%3D128%26amp%3Bheight%3D128%26amp%3Bauto%3Dwebp%26amp%3Bformat%3Dpjpg","https://hsfootball.net/proxy.php?url=https%3A%2F%2Fimage.maxpreps.io%2Fschool-mascot%2F9%2F2%2F8%2F928b6881-f994-4427-bca1-a49dc339f892.gif%3Fversion%3D634856311200000000%26amp%3Bwidth%3D128%26amp%3Bheight%3D128%26amp%3Bauto%3Dwebp%26amp%3Bformat%3Dpjpg"
8,"Claiborne Academy vs Lee Academy",Football,"Mississippi",9/11/2026,7:00pm,"The Claiborne Academy varsity football team has an away non-conference game @  Lee Academy (Marianna, AR) on Friday, September 11 @ 7p.","/inter-state/football/game/claiborne-academy-haynesville-la-vs-lee-academy-marianna-ar/9-11-2026/?c=9970a583-77aa-4eb9-bf68-d4cd80cf2f9d","https://www.maxpreps.com/inter-state/football/game/claiborne-academy-haynesville-la-vs-lee-academy-marianna-ar/9-11-2026/?c=9970a583-77aa-4eb9-bf68-d4cd80cf2f9d","/football/ms/1669?9/11/2026","Rebels","Cougars","https://www.maxpreps.com/ms/claiborne-academy-haynesville-la/football/","https://www.maxpreps.com/ms/lee-academy-marianna-ar/football/","https://hsfootball.net/proxy.php?url=https%3A%2F%2Fimage.maxpreps.io%2Fschool-mascot%2Fb%2F5%2F7%2Fb5701bff-5dd3-4c63-9f23-8eae6d2251f1.gif%3Fversion%3D636501384000000000%26amp%3Bwidth%3D128%26amp%3Bheight%3D128%26amp%3Bauto%3Dwebp%26amp%3Bformat%3Dpjpg","https://hsfootball.net/proxy.php?url=https%3A%2F%2Fimage.maxpreps.io%2Fschool-mascot%2F8%2F9%2F2%2F8920390f-b219-40b4-a3f8-f84904d6c3e5.gif%3Fversion%3D636477260400000000%26amp%3Bwidth%3D128%26amp%3Bheight%3D128%26amp%3Bauto%3Dwebp%26amp%3Bformat%3Dpjpg"
9,"Forest vs Perry Central",Football,"Mississippi",9/11/2026,7:00pm,"The Forest varsity football team has an away non-conference game @  Perry Central (New Augusta, MS) on Friday, September 11 @ 7p.","/ms/football/game/forest-vs-perry-central-new-augusta/9-11-2026/?c=2f948d42-424a-4e48-a132-7e486d7e44fd","https://www.maxpreps.com/ms/football/game/forest-vs-perry-central-new-augusta/9-11-2026/?c=2f948d42-424a-4e48-a132-7e486d7e44fd","/football/ms/dbc?9/11/2026","Bearcats","Bulldogs","https://www.maxpreps.com/ms/forest/football/","https://www.maxpreps.com/ms/perry-central-new-augusta/football/","https://hsfootball.net/proxy.php?url=https%3A%2F%2Fimage.maxpreps.io%2Fschool-mascot%2F8%2Fe%2Fc%2F8ec44015-6df6-4cdc-b30c-a69c88857f68.gif%3Fversion%3D636572004600000000%26amp%3Bwidth%3D128%26amp%3Bheight%3D128%26amp%3Bauto%3Dwebp%26amp%3Bformat%3Dpjpg","https://hsfootball.net/proxy.php?url=https%3A%2F%2Fimage.maxpreps.io%2Fschool-mascot%2Fb%2Fb%2Fa%2Fbba160e2-3cdc-4813-9e97-9af723c99340.gif%3Fversion%3D638598273260620650%26amp%3Bwidth%3D128%26amp%3Bheight%3D128%26amp%3Bauto%3Dwebp%26amp%3Bformat%3Dpjpg"
10,"Richland vs McLaurin",Football,"Mississippi",9/11/2026,7:00pm,"The Richland varsity football team has an away non-conference game @  McLaurin (Florence, MS) on Friday, September 11 @ 7p.","/ms/football/game/mclaurin-florence-vs-richland/9-11-2026/?c=51d9a93b-981d-4544-8b25-8fbb1ee53d92","https://www.maxpreps.com/ms/football/game/mclaurin-florence-vs-richland/9-11-2026/?c=51d9a93b-981d-4544-8b25-8fbb1ee53d92","/football/ms/b5e?9/11/2026","Rangers","Tigers","https://www.maxpreps.com/ms/mclaurin-florence/football/","https://www.maxpreps.com/ms/richland/football/","https://hsfootball.net/proxy.php?url=https%3A%2F%2Fimage.maxpreps.io%2Fschool-mascot%2Fc%2F4%2Ff%2Fc4fda9f0-239e-4c79-a8c7-1e3077e2f024.gif%3Fversion%3D635294252400000000%26amp%3Bwidth%3D128%26amp%3Bheight%3D128%26amp%3Bauto%3Dwebp%26amp%3Bformat%3Dpjpg","https://hsfootball.net/proxy.php?url=https%3A%2F%2Fimage.maxpreps.io%2Fschool-mascot%2F7%2Fe%2Fb%2F7eb70c04-7352-44d3-ba94-ae3d01fb7a69.gif%3Fversion%3D636375683400000000%26amp%3Bwidth%3D128%26amp%3Bheight%3D128%26amp%3Bauto%3Dwebp%26amp%3Bformat%3Dpjpg"
11,"Wayne Academy vs Simpson Academy",Football,"Mississippi",9/11/2026,7:00pm,"The Wayne Academy varsity football team has an away non-conference game @  Simpson Academy (Mendenhall, MS) on Friday, September 11 @ 7p.","/ms/football/game/simpson-academy-mendenhall-vs-wayne-academy-waynesboro/9-11-2026/?c=90689dbc-108e-49bb-9143-5c200eacde9e","https://www.maxpreps.com/ms/football/game/simpson-academy-mendenhall-vs-wayne-academy-waynesboro/9-11-2026/?c=90689dbc-108e-49bb-9143-5c200eacde9e","/football/ms/152d?9/11/2026","Jaguars","Cougars","https://www.maxpreps.com/ms/simpson-academy-mendenhall/football/","https://www.maxpreps.com/ms/wayne-academy-waynesboro/football/","https://hsfootball.net/proxy.php?url=https%3A%2F%2Fimage.maxpreps.io%2Fschool-mascot%2F8%2F0%2F6%2F8065dfc5-8e22-427e-8aaf-a2b5eebe856e.gif%3Fversion%3D638312334600000000%26amp%3Bwidth%3D128%26amp%3Bheight%3D128%26amp%3Bauto%3Dwebp%26amp%3Bformat%3Dpjpg","https://hsfootball.net/proxy.php?url=https%3A%2F%2Fimage.maxpreps.io%2Fschool-mascot%2Fc%2F7%2F1%2Fc71d071e-0f68-44b7-b701-534694cf1097.gif%3Fversion%3D637465092000000000%26amp%3Bwidth%3D128%26amp%3Bheight%3D128%26amp%3Bauto%3Dwebp%26amp%3Bformat%3Dpjpg"
12,"Sacred Heart vs Crystal Springs",Football,"Mississippi",9/11/2026,7:00pm,"The Sacred Heart varsity football team has an away non-conference game @  Crystal Springs (MS) on Friday, September 11 @ 7p.","/ms/football/game/crystal-springs-vs-sacred-heart-hattiesburg/9-11-2026/?c=f400192e-51e7-46f0-89be-c96161f0806f","https://www.maxpreps.com/ms/football/game/crystal-springs-vs-sacred-heart-hattiesburg/9-11-2026/?c=f400192e-51e7-46f0-89be-c96161f0806f","/football/ms/10fa?9/11/2026","Crusaders","Tigers","https://www.maxpreps.com/ms/crystal-springs/football/","https://www.maxpreps.com/ms/sacred-heart-hattiesburg/football/","https://hsfootball.net/proxy.php?url=https%3A%2F%2Fimage.maxpreps.io%2Fschool-mascot%2Fd%2Fb%2Fa%2Fdba829c6-f5c3-47a7-aa5b-ac66ccf97ef5.gif%3Fversion%3D635653152600000000%26amp%3Bwidth%3D128%26amp%3Bheight%3D128%26amp%3Bauto%3Dwebp%26amp%3Bformat%3Dpjpg","https://hsfootball.net/proxy.php?url=https%3A%2F%2Fimage.maxpreps.io%2Fschool-mascot%2F7%2Fc%2Fa%2F7cad9910-cb84-4e74-afbf-bde4d66e9b17.gif%3Fversion%3D635337563400000000%26amp%3Bwidth%3D128%26amp%3Bheight%3D128%26amp%3Bauto%3Dwebp%26amp%3Bformat%3Dpjpg"
13,"Strong vs River Oaks",Football,"Mississippi",9/11/2026,7:00pm,"The Strong varsity football team has an away non-conference game @  River Oaks (Monroe, LA) on Friday, September 11 @ 7p.","/inter-state/football/game/river-oaks-monroe-la-vs-strong-ar/9-11-2026/?c=352ccba9-506b-4876-bd98-bebaf5428a94","https://www.maxpreps.com/inter-state/football/game/river-oaks-monroe-la-vs-strong-ar/9-11-2026/?c=352ccba9-506b-4876-bd98-bebaf5428a94","/football/ms/c9a?9/11/2026","Bulldogs","Mustangs","https://www.maxpreps.com/ms/river-oaks-monroe-la/football/","https://www.maxpreps.com/ms/strong-ar/football/","https://hsfootball.net/proxy.php?url=https%3A%2F%2Fimage.maxpreps.io%2Fschool-mascot%2F6%2F6%2F2%2F662b9375-45ca-4be5-ad51-3a19a8997b9a.gif%3Fversion%3D636947194800000000%26amp%3Bwidth%3D128%26amp%3Bheight%3D128%26amp%3Bauto%3Dwebp%26amp%3Bformat%3Dpjpg","https://hsfootball.net/proxy.php?url=https%3A%2F%2Fimage.maxpreps.io%2Fschool-mascot%2F7%2Fe%2F2%2F7e287296-2d61-4485-97ba-42eaa984f447.gif%3Fversion%3D635581248000000000%26amp%3Bwidth%3D128%26amp%3Bheight%3D128%26amp%3Bauto%3Dwebp%26amp%3Bformat%3Dpjpg"
14,"Yazoo City vs Yazoo County",Football,"Mississippi",9/11/2026,7:00pm,"The Yazoo City varsity football team has an away non-conference game @  Yazoo County (Yazoo City, MS) on Friday, September 11 @ 7p.","/ms/football/game/yazoo-city-vs-yazoo-county-yazoo-city/9-11-2026/?c=2612e3b5-54d2-4cae-a479-ebad615ea219","https://www.maxpreps.com/ms/football/game/yazoo-city-vs-yazoo-county-yazoo-city/9-11-2026/?c=2612e3b5-54d2-4cae-a479-ebad615ea219","/football/ms/ea1?9/11/2026","Indians","Panthers","https://www.maxpreps.com/ms/yazoo-city/football/","https://www.maxpreps.com/ms/yazoo-county-yazoo-city/football/","https://hsfootball.net/proxy.php?url=https%3A%2F%2Fimage.maxpreps.io%2Fschool-mascot%2Fb%2F5%2F8%2Fb58dd613-1059-41e3-83e1-f44c1e249b04.gif%3Fversion%3D638265609600000000%26amp%3Bwidth%3D128%26amp%3Bheight%3D128%26amp%3Bauto%3Dwebp%26amp%3Bformat%3Dpjpg","https://hsfootball.net/proxy.php?url=https%3A%2F%2Fimage.maxpreps.io%2Fschool-mascot%2F8%2Fa%2F5%2F8a507a78-cfbf-4a82-a8aa-29be105352e9.gif%3Fversion%3D637048242600000000%26amp%3Bwidth%3D128%26amp%3Bheight%3D128%26amp%3Bauto%3Dwebp%26amp%3Bformat%3Dpjpg"
15,"Puckett vs Noxapater",Football,"Mississippi",9/11/2026,7:00pm,"The Puckett varsity football team has an away non-conference game @  Noxapater (MS) on Friday, September 11 @ 7p.","/ms/football/game/noxapater-vs-puckett/9-11-2026/?c=9a491c96-6cf5-45ff-84e8-949c3a411f5c","https://www.maxpreps.com/ms/football/game/noxapater-vs-puckett/9-11-2026/?c=9a491c96-6cf5-45ff-84e8-949c3a411f5c","/football/ms/815?9/11/2026","Wolves","Tigers","https://www.maxpreps.com/ms/noxapater/football/","https://www.maxpreps.com/ms/puckett/football/","https://hsfootball.net/proxy.php?url=https%3A%2F%2Fimage.maxpreps.io%2Fschool-mascot%2F9%2F5%2Ff%2F95f1dc4a-39de-40e6-b1ca-01a93e55eddc.gif%3Fversion%3D636548841000000000%26amp%3Bwidth%3D128%26amp%3Bheight%3D128%26amp%3Bauto%3Dwebp%26amp%3Bformat%3Dpjpg","https://hsfootball.net/proxy.php?url=https%3A%2F%2Fimage.maxpreps.io%2Fschool-mascot%2F7%2F5%2F6%2F7569c794-eb91-4cc5-a66a-146ced58939c.gif%3Fversion%3D635757672600000000%26amp%3Bwidth%3D128%26amp%3Bheight%3D128%26amp%3Bauto%3Dwebp%26amp%3Bformat%3Dpjpg"
16,"Southeast Lauderdale vs Northeast Lauderdale",Football,"Mississippi",9/11/2026,7:00pm,"The Southeast Lauderdale varsity football team has an away non-conference game @  Northeast Lauderdale (Meridian, MS) on Friday, September 11 @ 7p.","/ms/football/game/northeast-lauderdale-meridian-vs-southeast-lauderdale-meridian/9-11-2026/?c=6051ae1a-1e74-4d1e-a9f7-300b1ae2e943","https://www.maxpreps.com/ms/football/game/northeast-lauderdale-meridian-vs-southeast-lauderdale-meridian/9-11-2026/?c=6051ae1a-1e74-4d1e-a9f7-300b1ae2e943","/football/ms/1867?9/11/2026","Tigers","Trojans","https://www.maxpreps.com/ms/northeast-lauderdale-meridian/football/","https://www.maxpreps.com/ms/southeast-lauderdale-meridian/football/","https://hsfootball.net/proxy.php?url=https%3A%2F%2Fimage.maxpreps.io%2Fschool-mascot%2Fa%2Fa%2F7%2Faa731eae-5bbd-4a14-9459-33f24bd8e7a2.gif%3Fversion%3D634049349000000000%26amp%3Bwidth%3D128%26amp%3Bheight%3D128%26amp%3Bauto%3Dwebp%26amp%3Bformat%3Dpjpg","https://hsfootball.net/proxy.php?url=https%3A%2F%2Fimage.maxpreps.io%2Fschool-mascot%2F6%2Fa%2F9%2F6a90bc31-060f-42e6-8d16-29d6e132fe38.gif%3Fversion%3D635906088600000000%26amp%3Bwidth%3D128%26amp%3Bheight%3D128%26amp%3Bauto%3Dwebp%26amp%3Bformat%3Dpjpg"
17,"Calhoun City vs Winona",Football,"Mississippi",9/11/2026,7:00pm,"The Calhoun City varsity football team has an away non-conference game @  Winona (MS) on Friday, September 11 @ 7p.","/ms/football/game/calhoun-city-vs-winona/9-11-2026/?c=200f3775-f603-4705-85be-2e7a8ae791a3","https://www.maxpreps.com/ms/football/game/calhoun-city-vs-winona/9-11-2026/?c=200f3775-f603-4705-85be-2e7a8ae791a3","/football/ms/89f?9/11/2026","Wildcats","Tigers","https://www.maxpreps.com/ms/calhoun-city/football/","https://www.maxpreps.com/ms/winona/football/","https://hsfootball.net/proxy.php?url=https%3A%2F%2Fimage.maxpreps.io%2Fschool-mascot%2Fc%2Fa%2Fd%2Fcad74abe-f827-475b-b8db-76ed46a8fe01.gif%3Fversion%3D635930247000000000%26amp%3Bwidth%3D128%26amp%3Bheight%3D128%26amp%3Bauto%3Dwebp%26amp%3Bformat%3Dpjpg","https://hsfootball.net/proxy.php?url=https%3A%2F%2Fimage.maxpreps.io%2Fschool-mascot%2F6%2F7%2F6%2F67646bfc-0728-496f-8e4b-0a72e8c8a282.gif%3Fversion%3D638935407593461650%26amp%3Bwidth%3D128%26amp%3Bheight%3D128%26amp%3Bauto%3Dwebp%26amp%3Bformat%3Dpjpg"
18,"Heritage Christian Academy vs Ben&#x27;s Ford Christian",Football,"Mississippi",9/11/2026,7:00pm,"The Heritage Christian Academy varsity football team has an away non-conference game @  Ben&#x27;s Ford Christian (Bogalusa, LA) on Friday, September 11 @ 7p.","/inter-state/football/game/bens-ford-christian-bogalusa-la-vs-heritage-christian-academy-picayune-ms/9-11-2026/?c=ee9349c9-b731-458b-b972-92d62a5f4481","https://www.maxpreps.com/inter-state/football/game/bens-ford-christian-bogalusa-la-vs-heritage-christian-academy-picayune-ms/9-11-2026/?c=ee9349c9-b731-458b-b972-92d62a5f4481","/football/ms/1bfe?9/11/2026","Warriors","Eagles","https://www.maxpreps.com/ms/bens-ford-christian-bogalusa-la/football/","https://www.maxpreps.com/ms/heritage-christian-academy-picayune-ms/football/","https://hsfootball.net/proxy.php?url=https%3A%2F%2Fimage.maxpreps.io%2Fschool-mascot%2Fa%2F7%2F4%2Fa7408213-9bb9-4c15-b3af-c8010b81c096.gif%3Fversion%3D638295911400000000%26amp%3Bwidth%3D128%26amp%3Bheight%3D128%26amp%3Bauto%3Dwebp%26amp%3Bformat%3Dpjpg","https://hsfootball.net/proxy.php?url=https%3A%2F%2Fimage.maxpreps.io%2Fschool-mascot%2F7%2F0%2F2%2F70226d9c-307a-404f-90d6-01a96873ed3f.gif%3Fversion%3D638670162634732130%26amp%3Bwidth%3D128%26amp%3Bheight%3D128%26amp%3Bauto%3Dwebp%26amp%3Bformat%3Dpjpg"
19,"Indianola Academy vs West Memphis Christian",Football,"Mississippi",9/11/2026,7:00pm,"The Indianola Academy varsity football team has an away non-conference game @  West Memphis Christian (West Memphis, AR) on Friday, September 11 @ 7p.","/inter-state/football/game/indianola-academy-ms-vs-west-memphis-christian-ar/9-11-2026/?c=56567b67-ba17-4fc0-8c73-67a65fd18bd6","https://www.maxpreps.com/inter-state/football/game/indianola-academy-ms-vs-west-memphis-christian-ar/9-11-2026/?c=56567b67-ba17-4fc0-8c73-67a65fd18bd6","/football/ms/12d5?9/11/2026","Colonels","Black Knights","https://www.maxpreps.com/ms/indianola-academy-ms/football/","https://www.maxpreps.com/ms/west-memphis-christian-ar/football/","https://hsfootball.net/proxy.php?url=https%3A%2F%2Fimage.maxpreps.io%2Fschool-mascot%2F6%2F6%2Ff%2F66fbee51-9f14-477b-a6ea-db9d1e74ba71.gif%3Fversion%3D638592361946381910%26amp%3Bwidth%3D128%26amp%3Bheight%3D128%26amp%3Bauto%3Dwebp%26amp%3Bformat%3Dpjpg","https://hsfootball.net/proxy.php?url=https%3A%2F%2Fimage.maxpreps.io%2Fschool-mascot%2F6%2F6%2Ff%2F66fbee51-9f14-477b-a6ea-db9d1e74ba71.gif%3Fversion%3D638592361946381910%26amp%3Bwidth%3D64%26amp%3Bheight%3D64%26amp%3Bauto%3Dwebp%26amp%3Bformat%3Dpjpg"
20,"Sylva Bay Academy vs Delta Academy",Football,"Mississippi",9/11/2026,7:00pm,"The Sylva Bay Academy varsity football team has an away non-conference game @  Delta Academy (Marks, MS) on Friday, September 11 @ 7p.","/ms/football/game/delta-academy-marks-vs-sylva-bay-academy-bay-springs/9-11-2026/?c=a8996336-6d20-4fac-afd9-07daaa7b6c24","https://www.maxpreps.com/ms/football/game/delta-academy-marks-vs-sylva-bay-academy-bay-springs/9-11-2026/?c=a8996336-6d20-4fac-afd9-07daaa7b6c24","/football/ms/13ce?9/11/2026","Saints","Raiders","https://www.maxpreps.com/ms/delta-academy-marks/football/","https://www.maxpreps.com/ms/sylva-bay-academy-bay-springs/football/","https://hsfootball.net/proxy.php?url=https%3A%2F%2Fimage.maxpreps.io%2Fschool-mascot%2F6%2F8%2F3%2F683fd462-3f90-4f70-9278-31e20ea18b13.gif%3Fversion%3D636554008200000000%26amp%3Bwidth%3D128%26amp%3Bheight%3D128%26amp%3Bauto%3Dwebp%26amp%3Bformat%3Dpjpg","https://hsfootball.net/proxy.php?url=https%3A%2F%2Fimage.maxpreps.io%2Fschool-mascot%2Fd%2Fd%2F5%2Fdd5b6087-f2f3-4a5c-ae98-646d61f06bbe.gif%3Fversion%3D635787757200000000%26amp%3Bwidth%3D128%26amp%3Bheight%3D128%26amp%3Bauto%3Dwebp%26amp%3Bformat%3Dpjpg"
21,"Heritage Academy vs Kemper County",Football,"Mississippi",9/11/2026,7:00pm,"The Heritage Academy varsity football team has an away non-conference game @  Kemper County (DeKalb, MS) on Friday, September 11 @ 7p.","/ms/football/game/heritage-academy-columbus-vs-kemper-county-dekalb/9-11-2026/?c=f351b025-7cff-45e4-8b5a-fcd781d6aba7","https://www.maxpreps.com/ms/football/game/heritage-academy-columbus-vs-kemper-county-dekalb/9-11-2026/?c=f351b025-7cff-45e4-8b5a-fcd781d6aba7","/football/ms/1307?9/11/2026","Patriots","Wildcats","https://www.maxpreps.com/ms/heritage-academy-columbus/football/","https://www.maxpreps.com/ms/kemper-county-dekalb/football/","https://hsfootball.net/proxy.php?url=https%3A%2F%2Fimage.maxpreps.io%2Fschool-mascot%2F6%2F8%2F0%2F68069163-9182-4c40-9e53-3af1b7078fa2.gif%3Fversion%3D634515012000000000%26amp%3Bwidth%3D128%26amp%3Bheight%3D128%26amp%3Bauto%3Dwebp%26amp%3Bformat%3Dpjpg","https://hsfootball.net/proxy.php?url=https%3A%2F%2Fimage.maxpreps.io%2Fschool-mascot%2F7%2F5%2F5%2F755da55f-2aa1-4081-a27a-f107c0432dce.gif%3Fversion%3D636353616600000000%26amp%3Bwidth%3D128%26amp%3Bheight%3D128%26amp%3Bauto%3Dwebp%26amp%3Bformat%3Dpjpg"
22,"Park Place Christian Academy vs Stringer",Football,"Mississippi",9/11/2026,7:00pm,"The Park Place Christian Academy varsity football team has an away non-conference game @  Stringer (MS) on Friday, September 11 @ 7p.","/ms/football/game/park-place-christian-academy-pearl-vs-stringer/9-11-2026/?c=1d67fd2b-5e6a-478d-854e-78af745191a5","https://www.maxpreps.com/ms/football/game/park-place-christian-academy-pearl-vs-stringer/9-11-2026/?c=1d67fd2b-5e6a-478d-854e-78af745191a5","/football/ms/11c5?9/11/2026","Crusaders","Red Devils","https://www.maxpreps.com/ms/park-place-christian-academy-pearl/football/","https://www.maxpreps.com/ms/stringer/football/","https://hsfootball.net/proxy.php?url=https%3A%2F%2Fimage.maxpreps.io%2Fschool-mascot%2Fc%2F0%2Ff%2Fc0f0316a-0518-4098-910d-86ed7a193395.gif%3Fversion%3D635985918600000000%26amp%3Bwidth%3D128%26amp%3Bheight%3D128%26amp%3Bauto%3Dwebp%26amp%3Bformat%3Dpjpg","https://hsfootball.net/proxy.php?url=https%3A%2F%2Fimage.maxpreps.io%2Fschool-mascot%2F5%2F6%2F0%2F5605c8b8-5e0d-41dd-b7cf-18f3bcdb5692.gif%3Fversion%3D635836097400000000%26amp%3Bwidth%3D128%26amp%3Bheight%3D128%26amp%3Bauto%3Dwebp%26amp%3Bformat%3Dpjpg"
23,"Bogue Chitto vs St. Andrew&#x27;s Episcopal",Football,"Mississippi",9/11/2026,7:00pm,"The Bogue Chitto varsity football team has an away non-conference game @  St. Andrew&#x27;s Episcopal (Ridgeland, MS) on Friday, September 11 @ 7p.","/ms/football/game/bogue-chitto-vs-st-andrews-episcopal-ridgeland/9-11-2026/?c=93274ff7-914b-4bac-ba64-f1a3cffe01a8","https://www.maxpreps.com/ms/football/game/bogue-chitto-vs-st-andrews-episcopal-ridgeland/9-11-2026/?c=93274ff7-914b-4bac-ba64-f1a3cffe01a8","/football/ms/11d9?9/11/2026","Bobcats","Saints","https://www.maxpreps.com/ms/bogue-chitto/football/","https://www.maxpreps.com/ms/st-andrews-episcopal-ridgeland/football/","https://hsfootball.net/proxy.php?url=https%3A%2F%2Fimage.maxpreps.io%2Fschool-mascot%2F5%2F5%2Fc%2F55cd5a58-7855-4ec3-876a-fd5514990def.gif%3Fversion%3D634690821000000000%26amp%3Bwidth%3D128%26amp%3Bheight%3D128%26amp%3Bauto%3Dwebp%26amp%3Bformat%3Dpjpg","https://hsfootball.net/proxy.php?url=https%3A%2F%2Fimage.maxpreps.io%2Fschool-mascot%2F3%2F6%2Fc%2F36c697a2-dd87-4d32-a9d3-1d535206cda2.gif%3Fversion%3D637570357800000000%26amp%3Bwidth%3D128%26amp%3Bheight%3D128%26amp%3Bauto%3Dwebp%26amp%3Bformat%3Dpjpg"
24,"Pascagoula vs Ocean Springs",Football,"Mississippi",9/11/2026,7:00pm,"The Pascagoula varsity football team has an away non-conference game @  Ocean Springs (MS) on Friday, September 11 @ 7p.","/ms/football/game/ocean-springs-vs-pascagoula/9-11-2026/?c=bbd6452f-ac45-4db3-b99f-8f15b8efc479","https://www.maxpreps.com/ms/football/game/ocean-springs-vs-pascagoula/9-11-2026/?c=bbd6452f-ac45-4db3-b99f-8f15b8efc479","/football/ms/a9c?9/11/2026","Panthers","Greyhounds","https://www.maxpreps.com/ms/ocean-springs/football/","https://www.maxpreps.com/ms/pascagoula/football/","https://hsfootball.net/proxy.php?url=https%3A%2F%2Fimage.maxpreps.io%2Fschool-mascot%2F4%2F0%2F5%2F4054356c-5208-462e-8565-8c416c5b49f2.gif%3Fversion%3D635834451600000000%26amp%3Bwidth%3D128%26amp%3Bheight%3D128%26amp%3Bauto%3Dwebp%26amp%3Bformat%3Dpjpg","https://hsfootball.net/proxy.php?url=https%3A%2F%2Fimage.maxpreps.io%2Fschool-mascot%2Fc%2F9%2F0%2Fc90b95c1-ff55-4300-b208-ea702476484d.gif%3Fversion%3D638963201333524200%26amp%3Bwidth%3D128%26amp%3Bheight%3D128%26amp%3Bauto%3Dwebp%26amp%3Bformat%3Dpjpg"
25,"Clarksdale vs Charleston",Football,"Mississippi",9/11/2026,7:00pm,"The Clarksdale varsity football team has an away non-conference game @  Charleston (MS) on Friday, September 11 @ 7p.","/ms/football/game/charleston-vs-clarksdale/9-11-2026/?c=72608be6-93e4-4747-870f-f5712fd2e9ed","https://www.maxpreps.com/ms/football/game/charleston-vs-clarksdale/9-11-2026/?c=72608be6-93e4-4747-870f-f5712fd2e9ed","/football/ms/98c?9/11/2026","Wildcats","Tigers","https://www.maxpreps.com/ms/charleston/football/","https://www.maxpreps.com/ms/clarksdale/football/","https://hsfootball.net/proxy.php?url=https%3A%2F%2Fimage.maxpreps.io%2Fschool-mascot%2F5%2F5%2F4%2F554e5a37-c4ad-41b6-8ee5-e1e373dbfb98.gif%3Fversion%3D635919166200000000%26amp%3Bwidth%3D128%26amp%3Bheight%3D128%26amp%3Bauto%3Dwebp%26amp%3Bformat%3Dpjpg","https://hsfootball.net/proxy.php?url=https%3A%2F%2Fimage.maxpreps.io%2Fschool-mascot%2Fe%2Fb%2Fd%2Febd37d05-5f4a-4f2e-a1cb-581d8329b5c5.gif%3Fversion%3D638610332283171640%26amp%3Bwidth%3D128%26amp%3Bheight%3D128%26amp%3Bauto%3Dwebp%26amp%3Bformat%3Dpjpg"
26,"Mooreville vs South Pontotoc",Football,"Mississippi",9/11/2026,7:00pm,"The Mooreville varsity football team has an away non-conference game @  South Pontotoc (Pontotoc, MS) on Friday, September 11 @ 7p.","/ms/football/game/mooreville-vs-south-pontotoc/9-11-2026/?c=d309b4c6-4fa6-4ad7-b6b5-0da149f3e232","https://www.maxpreps.com/ms/football/game/mooreville-vs-south-pontotoc/9-11-2026/?c=d309b4c6-4fa6-4ad7-b6b5-0da149f3e232","/football/ms/b57?9/11/2026","Troopers","Cougars","https://www.maxpreps.com/ms/mooreville/football/","https://www.maxpreps.com/ms/south-pontotoc/football/","https://hsfootball.net/proxy.php?url=https%3A%2F%2Fimage.maxpreps.io%2Fschool-mascot%2Fc%2F3%2Fa%2Fc3a47683-dbc5-46db-b872-bfcc5deafb4e.gif%3Fversion%3D637344556800000000%26amp%3Bwidth%3D128%26amp%3Bheight%3D128%26amp%3Bauto%3Dwebp%26amp%3Bformat%3Dpjpg","https://hsfootball.net/proxy.php?url=https%3A%2F%2Fimage.maxpreps.io%2Fschool-mascot%2F5%2Fa%2Fd%2F5add26ed-9cb4-489e-bd18-dc77f4c1d878.gif%3Fversion%3D637308407400000000%26amp%3Bwidth%3D128%26amp%3Bheight%3D128%26amp%3Bauto%3Dwebp%26amp%3Bformat%3Dpjpg"
27,"Oak Forest Academy vs East Rankin Academy",Football,"Mississippi",9/11/2026,7:00pm,"The Oak Forest Academy varsity football team has an away conference game @  East Rankin Academy (Pelahatchie, MS) on Friday, September 11 @ 7p.","/inter-state/football/game/east-rankin-academy-pelahatchie-ms-vs-oak-forest-academy-amite-la/9-11-2026/?c=0c716246-308d-4f18-859c-b10dde6176b5","https://www.maxpreps.com/inter-state/football/game/east-rankin-academy-pelahatchie-ms-vs-oak-forest-academy-amite-la/9-11-2026/?c=0c716246-308d-4f18-859c-b10dde6176b5","/football/ms/1886?9/11/2026","Yellowjackets","Patriots","https://www.maxpreps.com/ms/east-rankin-academy-pelahatchie-ms/football/","https://www.maxpreps.com/ms/oak-forest-academy-amite-la/football/","https://hsfootball.net/proxy.php?url=https%3A%2F%2Fimage.maxpreps.io%2Fschool-mascot%2F5%2F6%2Fe%2F56eab146-00a5-40f2-b6c5-bc17f7382b14.gif%3Fversion%3D636501384000000000%26amp%3Bwidth%3D128%26amp%3Bheight%3D128%26amp%3Bauto%3Dwebp%26amp%3Bformat%3Dpjpg","https://hsfootball.net/proxy.php?url=https%3A%2F%2Fimage.maxpreps.io%2Fschool-mascot%2F6%2F1%2F3%2F61317921-e014-4126-8c86-a9fa0da9cedc.gif%3Fversion%3D637075063800000000%26amp%3Bwidth%3D128%26amp%3Bheight%3D128%26amp%3Bauto%3Dwebp%26amp%3Bformat%3Dpjpg"
28,"Jim Hill vs Lanier",Football,"Mississippi",9/11/2026,7:00pm,"The Jim Hill varsity football team has an away non-conference game @  Lanier (Jackson, MS) on Friday, September 11 @ 7p.","/ms/football/game/jim-hill-jackson-vs-lanier-jackson/9-11-2026/?c=77f729ae-cc39-4385-8613-ae6fb0980540","https://www.maxpreps.com/ms/football/game/jim-hill-jackson-vs-lanier-jackson/9-11-2026/?c=77f729ae-cc39-4385-8613-ae6fb0980540","/football/ms/d00?9/11/2026","Tigers","Bulldogs","https://www.maxpreps.com/ms/jim-hill-jackson/football/","https://www.maxpreps.com/ms/lanier-jackson/football/","https://hsfootball.net/proxy.php?url=https%3A%2F%2Fimage.maxpreps.io%2Fschool-mascot%2F5%2Fc%2F2%2F5c24c9b5-daab-47a3-bb9b-db09f463c6c1.gif%3Fversion%3D639215224584816470%26amp%3Bwidth%3D128%26amp%3Bheight%3D128%26amp%3Bauto%3Dwebp%26amp%3Bformat%3Dpjpg","https://hsfootball.net/proxy.php?url=https%3A%2F%2Fimage.maxpreps.io%2Fschool-mascot%2F8%2F8%2F9%2F8893d855-53f3-46b8-8873-2102b32a5b05.gif%3Fversion%3D633987418800000000%26amp%3Bwidth%3D128%26amp%3Bheight%3D128%26amp%3Bauto%3Dwebp%26amp%3Bformat%3Dpjpg"
29,"Amory vs Saltillo",Football,"Mississippi",9/11/2026,7:00pm,"The Amory varsity football team has an away non-conference game @  Saltillo (MS) on Friday, September 11 @ 7p.","/ms/football/game/amory-vs-saltillo/9-11-2026/?c=eb3fdac4-bd13-4efe-ba9a-73d69a9e48fb","https://www.maxpreps.com/ms/football/game/amory-vs-saltillo/9-11-2026/?c=eb3fdac4-bd13-4efe-ba9a-73d69a9e48fb","/football/ms/6cf?9/11/2026","Panthers","Tigers","https://www.maxpreps.com/ms/amory/football/","https://www.maxpreps.com/ms/saltillo/football/","https://hsfootball.net/proxy.php?url=https%3A%2F%2Fimage.maxpreps.io%2Fschool-mascot%2F9%2F1%2Fd%2F91dc711e-ddfc-4354-9576-16c8af3a41d6.gif%3Fversion%3D636723361800000000%26amp%3Bwidth%3D128%26amp%3Bheight%3D128%26amp%3Bauto%3Dwebp%26amp%3Bformat%3Dpjpg","https://hsfootball.net/proxy.php?url=https%3A%2F%2Fimage.maxpreps.io%2Fschool-mascot%2F4%2F1%2F4%2F4147c619-80d3-4755-953e-0b8b3c6b2799.gif%3Fversion%3D636063367800000000%26amp%3Bwidth%3D128%26amp%3Bheight%3D128%26amp%3Bauto%3Dwebp%26amp%3Bformat%3Dpjpg"
30,"Velma Jackson vs Jefferson County",Football,"Mississippi",9/11/2026,7:00pm,"The Velma Jackson varsity football team has an away non-conference game @  Jefferson County (Fayette, MS) on Friday, September 11 @ 7p.","/ms/football/game/jefferson-county-fayette-vs-velma-jackson-camden/9-11-2026/?c=7a679905-140d-4ac5-8f92-36e7bc9ce225","https://www.maxpreps.com/ms/football/game/jefferson-county-fayette-vs-velma-jackson-camden/9-11-2026/?c=7a679905-140d-4ac5-8f92-36e7bc9ce225","/football/ms/12b3?9/11/2026","Falcons","Jchs","https://www.maxpreps.com/ms/jefferson-county-fayette/football/","https://www.maxpreps.com/ms/velma-jackson-camden/football/","https://hsfootball.net/proxy.php?url=https%3A%2F%2Fimage.maxpreps.io%2Fschool-mascot%2Fa%2F5%2Ff%2Fa5f0fb6e-9c40-4aa8-82b0-b4ce95b8fdc2.gif%3Fversion%3D637394056800000000%26amp%3Bwidth%3D128%26amp%3Bheight%3D128%26amp%3Bauto%3Dwebp%26amp%3Bformat%3Dpjpg","https://hsfootball.net/proxy.php?url=https%3A%2F%2Fimage.maxpreps.io%2Fschool-mascot%2Fa%2F5%2Ff%2Fa5f0fb6e-9c40-4aa8-82b0-b4ce95b8fdc2.gif%3Fversion%3D637394056800000000%26amp%3Bwidth%3D64%26amp%3Bheight%3D64%26amp%3Bauto%3Dwebp%26amp%3Bformat%3Dpjpg"
31,"Greenwood vs Greenville",Football,"Mississippi",9/11/2026,7:00pm,"The Greenwood varsity football team has an away non-conference game @  Greenville (MS) on Friday, September 11 @ 7p.","/ms/football/game/greenville-vs-greenwood/9-11-2026/?c=fff0726b-ba4d-409d-9057-a2bc007655b5","https://www.maxpreps.com/ms/football/game/greenville-vs-greenwood/9-11-2026/?c=fff0726b-ba4d-409d-9057-a2bc007655b5","/football/ms/93a?9/11/2026","Bulldogs","Hornets","https://www.maxpreps.com/ms/greenville/football/","https://www.maxpreps.com/ms/greenwood/football/","https://hsfootball.net/proxy.php?url=https%3A%2F%2Fimage.maxpreps.io%2Fschool-mascot%2Fc%2Fa%2F2%2Fca21370c-262e-4ac9-b6ee-ad87df32e823.gif%3Fversion%3D634116080400000000%26amp%3Bwidth%3D128%26amp%3Bheight%3D128%26amp%3Bauto%3Dwebp%26amp%3Bformat%3Dpjpg","https://hsfootball.net/proxy.php?url=https%3A%2F%2Fimage.maxpreps.io%2Fschool-mascot%2F4%2F4%2F0%2F440932a3-485d-44ce-9abe-54adb7ac4581.gif%3Fversion%3D637188216000000000%26amp%3Bwidth%3D128%26amp%3Bheight%3D128%26amp%3Bauto%3Dwebp%26amp%3Bformat%3Dpjpg"
32,"Collierville vs Madison-Ridgeland Academy",Football,"Mississippi",9/11/2026,7:00pm,"The Collierville varsity football team has an away non-conference game @  Madison-Ridgeland Academy (Madison, MS) on Friday, September 11 @ 7p.","/inter-state/football/game/collierville-tn-vs-madison-ridgeland-academy-ms/9-11-2026/?c=7c670b32-a814-4ea7-9fd8-cf762e236a0d","https://www.maxpreps.com/inter-state/football/game/collierville-tn-vs-madison-ridgeland-academy-ms/9-11-2026/?c=7c670b32-a814-4ea7-9fd8-cf762e236a0d","/football/ms/1228?9/11/2026","Dragons","Patriots","https://www.maxpreps.com/ms/collierville-tn/football/","https://www.maxpreps.com/ms/madison-ridgeland-academy-ms/football/","https://hsfootball.net/proxy.php?url=https%3A%2F%2Fimage.maxpreps.io%2Fschool-mascot%2F2%2F0%2F7%2F20778ab8-8562-4a34-9e46-179a8771973d.gif%3Fversion%3D637448292600000000%26amp%3Bwidth%3D128%26amp%3Bheight%3D128%26amp%3Bauto%3Dwebp%26amp%3Bformat%3Dpjpg","https://hsfootball.net/proxy.php?url=https%3A%2F%2Fimage.maxpreps.io%2Fschool-mascot%2F6%2F7%2F6%2F676cc31e-d246-4c35-8d67-02e129b0d222.gif%3Fversion%3D637092390000000000%26amp%3Bwidth%3D128%26amp%3Bheight%3D128%26amp%3Bauto%3Dwebp%26amp%3Bformat%3Dpjpg"
33,"Ripley vs Lewisburg",Football,"Mississippi",9/11/2026,7:00pm,"The Ripley varsity football team has an away non-conference game @  Lewisburg (Olive Branch, MS) on Friday, September 11 @ 7p.","/ms/football/game/lewisburg-olive-branch-vs-ripley/9-11-2026/?c=1d8ab117-2fb7-493d-8dc9-7e114ac87de1","https://www.maxpreps.com/ms/football/game/lewisburg-olive-branch-vs-ripley/9-11-2026/?c=1d8ab117-2fb7-493d-8dc9-7e114ac87de1","/football/ms/c93?9/11/2026","Tigers","Patriots","https://www.maxpreps.com/ms/lewisburg-olive-branch/football/","https://www.maxpreps.com/ms/ripley/football/","https://hsfootball.net/proxy.php?url=https%3A%2F%2Fimage.maxpreps.io%2Fschool-mascot%2F7%2Fc%2F1%2F7c1d9c53-f907-42da-bd64-502a02b66609.gif%3Fversion%3D636383862600000000%26amp%3Bwidth%3D128%26amp%3Bheight%3D128%26amp%3Bauto%3Dwebp%26amp%3Bformat%3Dpjpg","https://hsfootball.net/proxy.php?url=https%3A%2F%2Fimage.maxpreps.io%2Fschool-mascot%2Fc%2F6%2F2%2Fc627de47-f6c2-42c7-b02a-07b2e7a38234.gif%3Fversion%3D637086399000000000%26amp%3Bwidth%3D128%26amp%3Bheight%3D128%26amp%3Bauto%3Dwebp%26amp%3Bformat%3Dpjpg"
34,"Benton Academy vs Calhoun Academy",Football,"Mississippi",9/11/2026,7:00pm,"The Benton Academy varsity football team has an away non-conference game @  Calhoun Academy (Calhoun City, MS) on Friday, September 11 @ 7p.","/ms/football/game/benton-academy-vs-calhoun-academy-calhoun-city/9-11-2026/?c=48087222-88d8-4904-8fe8-67fd8815564c","https://www.maxpreps.com/ms/football/game/benton-academy-vs-calhoun-academy-calhoun-city/9-11-2026/?c=48087222-88d8-4904-8fe8-67fd8815564c","/football/ms/11b2?9/11/2026","Raiders","Cougars","https://www.maxpreps.com/ms/benton-academy/football/","https://www.maxpreps.com/ms/calhoun-academy-calhoun-city/football/","https://hsfootball.net/proxy.php?url=https%3A%2F%2Fimage.maxpreps.io%2Fschool-mascot%2F7%2F4%2Ff%2F74f50d1f-b3a6-46be-88eb-550a244c4640.gif%3Fversion%3D635819591400000000%26amp%3Bwidth%3D128%26amp%3Bheight%3D128%26amp%3Bauto%3Dwebp%26amp%3Bformat%3Dpjpg","https://hsfootball.net/proxy.php?url=https%3A%2F%2Fimage.maxpreps.io%2Fschool-mascot%2Fc%2F2%2Fd%2Fc2d91b6a-456b-4386-ba00-9fb15b9a5d2c.gif%3Fversion%3D635509602000000000%26amp%3Bwidth%3D128%26amp%3Bheight%3D128%26amp%3Bauto%3Dwebp%26amp%3Bformat%3Dpjpg"
35,"Greenville Christian vs Kirk Academy",Football,"Mississippi",9/11/2026,7:00pm,"The Greenville Christian varsity football team has an away non-conference game @  Kirk Academy (Grenada, MS) on Friday, September 11 @ 7p.","/ms/football/game/greenville-christian-vs-kirk-academy-grenada/9-11-2026/?c=9d4141b9-19c5-4002-8a54-838e2aa68615","https://www.maxpreps.com/ms/football/game/greenville-christian-vs-kirk-academy-grenada/9-11-2026/?c=9d4141b9-19c5-4002-8a54-838e2aa68615","/football/ms/1113?9/11/2026","Saints","Raiders","https://www.maxpreps.com/ms/greenville-christian/football/","https://www.maxpreps.com/ms/kirk-academy-grenada/football/","https://hsfootball.net/proxy.php?url=https%3A%2F%2Fasset.maxpreps.io%2Fincludes%2Fimages%2Flogos%2Fmaxpreps-logo-white-2025.png","https://hsfootball.net/proxy.php?url=https%3A%2F%2Fasset.maxpreps.io%2Fincludes%2Freact%2Fplay-on-logo.png"
36,"Lee Academy vs Pillow Academy",Football,"Mississippi",9/11/2026,7:00pm,"The Lee Academy varsity football team has an away non-conference game @  Pillow Academy (Greenwood, MS) on Friday, September 11 @ 7p.","/ms/football/game/lee-academy-clarksdale-vs-pillow-academy-greenwood/9-11-2026/?c=0bb96e7a-4474-4e44-900a-97c628f46c74","https://www.maxpreps.com/ms/football/game/lee-academy-clarksdale-vs-pillow-academy-greenwood/9-11-2026/?c=0bb96e7a-4474-4e44-900a-97c628f46c74","/football/ms/134c?9/11/2026","Colts","Mustangs","https://www.maxpreps.com/ms/lee-academy-clarksdale/football/","https://www.maxpreps.com/ms/pillow-academy-greenwood/football/","https://hsfootball.net/proxy.php?url=https%3A%2F%2Fimage.maxpreps.io%2Fschool-mascot%2Fd%2F8%2F0%2Fd80f0909-c0b3-41c9-8a93-8d4b4f247119.gif%3Fversion%3D634632633600000000%26amp%3Bwidth%3D128%26amp%3Bheight%3D128%26amp%3Bauto%3Dwebp%26amp%3Bformat%3Dpjpg","https://hsfootball.net/proxy.php?url=https%3A%2F%2Fimage.maxpreps.io%2Fschool-mascot%2Fd%2F8%2F0%2Fd80f0909-c0b3-41c9-8a93-8d4b4f247119.gif%3Fversion%3D634632633600000000%26amp%3Bwidth%3D64%26amp%3Bheight%3D64%26amp%3Bauto%3Dwebp%26amp%3Bformat%3Dpjpg"
37,"Columbus Christian Academy vs Russell Christian Academy",Football,"Mississippi",9/11/2026,7:00pm,"The Columbus Christian Academy varsity football team has an away non-conference game @  Russell Christian Academy (Meridian, MS) on Friday, September 11 @ 7p.","/ms/football/game/columbus-christian-academy-steens-vs-russell-christian-academy-meridian/9-11-2026/?c=64a5d41f-9fe6-4055-8468-e572a9920b88","https://www.maxpreps.com/ms/football/game/columbus-christian-academy-steens-vs-russell-christian-academy-meridian/9-11-2026/?c=64a5d41f-9fe6-4055-8468-e572a9920b88","/football/ms/1bd2?9/11/2026","rams","Warriors","https://www.maxpreps.com/ms/columbus-christian-academy-steens/football/","https://www.maxpreps.com/ms/russell-christian-academy-meridian/football/","https://hsfootball.net/proxy.php?url=https%3A%2F%2Fimage.maxpreps.io%2Fschool-mascot%2Fd%2F1%2F5%2Fd1519d39-e6d3-4477-9956-66ab632c78ef.gif%3Fversion%3D636082470600000000%26amp%3Bwidth%3D128%26amp%3Bheight%3D128%26amp%3Bauto%3Dwebp%26amp%3Bformat%3Dpjpg","https://hsfootball.net/proxy.php?url=https%3A%2F%2Fimage.maxpreps.io%2Fschool-mascot%2F6%2F9%2F7%2F6973376b-06ce-40ee-88ee-2c6feb8302be.gif%3Fversion%3D634482712800000000%26amp%3Bwidth%3D128%26amp%3Bheight%3D128%26amp%3Bauto%3Dwebp%26amp%3Bformat%3Dpjpg"
38,"Tensas Academy vs Briarfield Academy",Football,"Mississippi",9/11/2026,7:00pm,"The Tensas Academy varsity football team has an away non-conference game @  Briarfield Academy (Lake Providence, LA) on Friday, September 11 @ 7p.","/la/football/game/briarfield-academy-lake-providence-vs-tensas-academy-st-joseph/9-11-2026/?c=8ca3e0cd-5359-4889-9b03-00c9149e0728","https://www.maxpreps.com/la/football/game/briarfield-academy-lake-providence-vs-tensas-academy-st-joseph/9-11-2026/?c=8ca3e0cd-5359-4889-9b03-00c9149e0728","/football/ms/17d7?9/11/2026","Chiefs","Rebels","https://www.maxpreps.com/ms/briarfield-academy-lake-providence/football/","https://www.maxpreps.com/ms/tensas-academy-st-joseph/football/","https://hsfootball.net/proxy.php?url=https%3A%2F%2Fimage.maxpreps.io%2Fschool-mascot%2F5%2F7%2Fb%2F57b856fb-346c-4684-b612-3386eb3d8b33.gif%3Fversion%3D638626846117434720%26amp%3Bwidth%3D128%26amp%3Bheight%3D128%26amp%3Bauto%3Dwebp%26amp%3Bformat%3Dpjpg","https://hsfootball.net/proxy.php?url=https%3A%2F%2Fimage.maxpreps.io%2Fschool-mascot%2Fc%2Fb%2Fc%2Fcbc93901-4688-4283-a52e-903fa3727a90.gif%3Fversion%3D639237801305715100%26amp%3Bwidth%3D128%26amp%3Bheight%3D128%26amp%3Bauto%3Dwebp%26amp%3Bformat%3Dpjpg"
39,"Grenada vs Callaway",Football,"Mississippi",9/11/2026,7:00pm,"The Grenada varsity football team has an away non-conference game @  Callaway (Jackson, MS) on Friday, September 11 @ 7p.","/ms/football/game/callaway-jackson-vs-grenada/9-11-2026/?c=3a4e7ba6-55e9-4381-b38b-a8e95881f430","https://www.maxpreps.com/ms/football/game/callaway-jackson-vs-grenada/9-11-2026/?c=3a4e7ba6-55e9-4381-b38b-a8e95881f430","/football/ms/a79?9/11/2026","Chargers","Chargers","https://www.maxpreps.com/ms/callaway-jackson/football/","https://www.maxpreps.com/ms/grenada/football/","https://hsfootball.net/proxy.php?url=https%3A%2F%2Fimage.maxpreps.io%2Fschool-mascot%2F7%2Fc%2F6%2F7c6d6045-1198-44bd-a4e5-01a0ee8b6a30.gif%3Fversion%3D637093254000000000%26amp%3Bwidth%3D128%26amp%3Bheight%3D128%26amp%3Bauto%3Dwebp%26amp%3Bformat%3Dpjpg","https://hsfootball.net/proxy.php?url=https%3A%2F%2Fimage.maxpreps.io%2Fschool-mascot%2F6%2F8%2Fb%2F68b2dfcc-79f5-462e-be43-bd7deba13268.gif%3Fversion%3D635926245600000000%26amp%3Bwidth%3D128%26amp%3Bheight%3D128%26amp%3Bauto%3Dwebp%26amp%3Bformat%3Dpjpg"
40,"Brookhaven Academy vs St. Joseph Catholic",Football,"Mississippi",9/11/2026,7:00pm,"The Brookhaven Academy varsity football team has an away non-conference game @  St. Joseph Catholic (Madison, MS) on Friday, September 11 @ 7p.","/ms/football/game/brookhaven-academy-vs-st-joseph-catholic-madison/9-11-2026/?c=963b3eff-b494-4edb-9d43-17d56a4b306f","https://www.maxpreps.com/ms/football/game/brookhaven-academy-vs-st-joseph-catholic-madison/9-11-2026/?c=963b3eff-b494-4edb-9d43-17d56a4b306f","/football/ms/129c?9/11/2026","Cougars","Bruins","https://www.maxpreps.com/ms/brookhaven-academy/football/","https://www.maxpreps.com/ms/st-joseph-catholic-madison/football/","https://hsfootball.net/proxy.php?url=https%3A%2F%2Fimage.maxpreps.io%2Fschool-mascot%2F8%2F7%2Fd%2F87d38fcc-50fc-4019-b6bc-83fd955d74ab.gif%3Fversion%3D635938197600000000%26amp%3Bwidth%3D128%26amp%3Bheight%3D128%26amp%3Bauto%3Dwebp%26amp%3Bformat%3Dpjpg","https://hsfootball.net/proxy.php?url=https%3A%2F%2Fimage.maxpreps.io%2Fschool-mascot%2F8%2F7%2Fd%2F87d38fcc-50fc-4019-b6bc-83fd955d74ab.gif%3Fversion%3D635938197600000000%26amp%3Bwidth%3D64%26amp%3Bheight%3D64%26amp%3Bauto%3Dwebp%26amp%3Bformat%3Dpjpg"
41,"Tishomingo County vs Kossuth",Football,"Mississippi",9/11/2026,7:00pm,"The Tishomingo County varsity football team has an away non-conference game @  Kossuth (MS) on Friday, September 11 @ 7p.","/ms/football/game/kossuth-vs-tishomingo-county-iuka/9-11-2026/?c=f21872a2-84cb-4970-a8af-3ddf4fa56ef2","https://www.maxpreps.com/ms/football/game/kossuth-vs-tishomingo-county-iuka/9-11-2026/?c=f21872a2-84cb-4970-a8af-3ddf4fa56ef2","/football/ms/d3b?9/11/2026","Braves","Aggies","https://www.maxpreps.com/ms/kossuth/football/","https://www.maxpreps.com/ms/tishomingo-county-iuka/football/","https://hsfootball.net/proxy.php?url=https%3A%2F%2Fimage.maxpreps.io%2Fschool-mascot%2Fb%2Fd%2F6%2Fbd637b55-96a9-4c46-9f90-a1b9601f1e5d.gif%3Fversion%3D638004991200000000%26amp%3Bwidth%3D128%26amp%3Bheight%3D128%26amp%3Bauto%3Dwebp%26amp%3Bformat%3Dpjpg","https://hsfootball.net/proxy.php?url=https%3A%2F%2Fimage.maxpreps.io%2Fschool-mascot%2Fd%2F0%2Ff%2Fd0fd53e0-3bdd-4062-9626-a62e4ea854d4.gif%3Fversion%3D637698355800000000%26amp%3Bwidth%3D128%26amp%3Bheight%3D128%26amp%3Bauto%3Dwebp%26amp%3Bformat%3Dpjpg"
42,"Picayune vs Biloxi",Football,"Mississippi",9/11/2026,7:00pm,"The Picayune varsity football team has an away non-conference game @  Biloxi (MS) on Friday, September 11 @ 7p.","/ms/football/game/biloxi-vs-picayune/9-11-2026/?c=b30100ae-9378-4ea8-af41-89f2e8afe385","https://www.maxpreps.com/ms/football/game/biloxi-vs-picayune/9-11-2026/?c=b30100ae-9378-4ea8-af41-89f2e8afe385","/football/ms/728?9/11/2026","Maroon Tide","Indians","https://www.maxpreps.com/ms/biloxi/football/","https://www.maxpreps.com/ms/picayune/football/","https://hsfootball.net/proxy.php?url=https%3A%2F%2Fimage.maxpreps.io%2Fschool-mascot%2Fc%2F3%2F3%2Fc3364e4f-a785-47dd-b2d1-69ed86823aa0.gif%3Fversion%3D634255821600000000%26amp%3Bwidth%3D128%26amp%3Bheight%3D128%26amp%3Bauto%3Dwebp%26amp%3Bformat%3Dpjpg","https://hsfootball.net/proxy.php?url=https%3A%2F%2Fimage.maxpreps.io%2Fschool-mascot%2Fc%2Fa%2F1%2Fca1c9c0e-493c-452a-9996-425400b04293.gif%3Fversion%3D635708134800000000%26amp%3Bwidth%3D128%26amp%3Bheight%3D128%26amp%3Bauto%3Dwebp%26amp%3Bformat%3Dpjpg"
43,"Hancock vs Poplarville",Football,"Mississippi",9/11/2026,7:00pm,"The Hancock varsity football team has an away non-conference game @  Poplarville (MS) on Friday, September 11 @ 7p.","/ms/football/game/hancock-kiln-vs-poplarville/9-11-2026/?c=5ea3b614-5433-4008-9a80-bda5e9282152","https://www.maxpreps.com/ms/football/game/hancock-kiln-vs-poplarville/9-11-2026/?c=5ea3b614-5433-4008-9a80-bda5e9282152","/football/ms/a9f?9/11/2026","Hawks","Hornets","https://www.maxpreps.com/ms/hancock-kiln/football/","https://www.maxpreps.com/ms/poplarville/football/","https://hsfootball.net/proxy.php?url=https%3A%2F%2Fimage.maxpreps.io%2Fschool-mascot%2Ff%2Fb%2F7%2Ffb730a85-c9b3-4514-9bb9-3974614c6136.gif%3Fversion%3D634760604600000000%26amp%3Bwidth%3D128%26amp%3Bheight%3D128%26amp%3Bauto%3Dwebp%26amp%3Bformat%3Dpjpg","https://hsfootball.net/proxy.php?url=https%3A%2F%2Fimage.maxpreps.io%2Fschool-mascot%2Fa%2Fe%2F5%2Fae5e538e-9e7b-488e-b481-afb7261a902e.gif%3Fversion%3D638330487600000000%26amp%3Bwidth%3D128%26amp%3Bheight%3D128%26amp%3Bauto%3Dwebp%26amp%3Bformat%3Dpjpg"
44,"Prairie View Academy vs Riverdale Academy",Football,"Mississippi",9/11/2026,7:00pm,"The Prairie View Academy varsity football team has an away non-conference game @  Riverdale Academy (Coushatta, LA) on Friday, September 11 @ 7p.","/la/football/game/prairie-view-academy-bastrop-vs-riverdale-academy-coushatta/9-11-2026/?c=a34512dc-d0db-47c2-b4ec-ed39bd73da18","https://www.maxpreps.com/la/football/game/prairie-view-academy-bastrop-vs-riverdale-academy-coushatta/9-11-2026/?c=a34512dc-d0db-47c2-b4ec-ed39bd73da18","/football/ms/16f8?9/11/2026","Spartans","Rebels","https://www.maxpreps.com/ms/prairie-view-academy-bastrop/football/","https://www.maxpreps.com/ms/riverdale-academy-coushatta/football/","https://hsfootball.net/proxy.php?url=https%3A%2F%2Fimage.maxpreps.io%2Fschool-mascot%2Ff%2F5%2F9%2Ff59d2195-4754-4103-9dd3-06720ffc534f.gif%3Fversion%3D638730458393006420%26amp%3Bwidth%3D128%26amp%3Bheight%3D128%26amp%3Bauto%3Dwebp%26amp%3Bformat%3Dpjpg","https://hsfootball.net/proxy.php?url=https%3A%2F%2Fimage.maxpreps.io%2Fschool-mascot%2F9%2F9%2F0%2F99022793-5dd4-4f2c-8283-ce4f967c7ee2.gif%3Fversion%3D636391719600000000%26amp%3Bwidth%3D128%26amp%3Bheight%3D128%26amp%3Bauto%3Dwebp%26amp%3Bformat%3Dpjpg"
45,"Harding Academy vs Tupelo Christian Prep",Football,"Mississippi",9/11/2026,7:00pm,"The Harding Academy varsity football team has an away non-conference game @  Tupelo Christian Prep (Belden, MS) on Friday, September 11 @ 7p.","/inter-state/football/game/harding-academy-memphis-tn-vs-tupelo-christian-prep-belden-ms/9-11-2026/?c=8185760a-b229-44c6-884a-6b847a76ae42","https://www.maxpreps.com/inter-state/football/game/harding-academy-memphis-tn-vs-tupelo-christian-prep-belden-ms/9-11-2026/?c=8185760a-b229-44c6-884a-6b847a76ae42","/football/ms/1763?9/11/2026","Lions","Eagles","https://www.maxpreps.com/ms/harding-academy-memphis-tn/football/","https://www.maxpreps.com/ms/tupelo-christian-prep-belden-ms/football/","https://hsfootball.net/proxy.php?url=https%3A%2F%2Fimage.maxpreps.io%2Fschool-mascot%2F6%2Fb%2F1%2F6b1d8b45-37b3-4ca4-b6cb-db2fb3b026ee.gif%3Fversion%3D637054456800000000%26amp%3Bwidth%3D128%26amp%3Bheight%3D128%26amp%3Bauto%3Dwebp%26amp%3Bformat%3Dpjpg","https://hsfootball.net/proxy.php?url=https%3A%2F%2Fimage.maxpreps.io%2Fschool-mascot%2Fd%2F4%2F4%2Fd44de310-a348-483a-a25e-db48b49dab8e.gif%3Fversion%3D635505484200000000%26amp%3Bwidth%3D128%26amp%3Bheight%3D128%26amp%3Bauto%3Dwebp%26amp%3Bformat%3Dpjpg"
46,"Mendenhall vs South Pike",Football,"Mississippi",9/11/2026,7:00pm,"The Mendenhall varsity football team has an away non-conference game @  South Pike (Magnolia, MS) on Friday, September 11 @ 7p.","/ms/football/game/mendenhall-vs-south-pike-magnolia/9-11-2026/?c=69af7999-94f0-4278-b514-8db4b358b380","https://www.maxpreps.com/ms/football/game/mendenhall-vs-south-pike-magnolia/9-11-2026/?c=69af7999-94f0-4278-b514-8db4b358b380","/football/ms/cd9?9/11/2026","Tigers","Eagles","https://www.maxpreps.com/ms/mendenhall/football/","https://www.maxpreps.com/ms/south-pike-magnolia/football/","https://hsfootball.net/proxy.php?url=https%3A%2F%2Fimage.maxpreps.io%2Fschool-mascot%2Fa%2F5%2Fe%2Fa5eb913a-d549-4600-ae3f-02848e22bd54.gif%3Fversion%3D637966072800000000%26amp%3Bwidth%3D128%26amp%3Bheight%3D128%26amp%3Bauto%3Dwebp%26amp%3Bformat%3Dpjpg","https://hsfootball.net/proxy.php?url=https%3A%2F%2Fimage.maxpreps.io%2Fschool-mascot%2Fa%2F5%2Fe%2Fa5eb913a-d549-4600-ae3f-02848e22bd54.gif%3Fversion%3D637966072800000000%26amp%3Bwidth%3D64%26amp%3Bheight%3D64%26amp%3Bauto%3Dwebp%26amp%3Bformat%3Dpjpg"
47,"Central Private vs Ascension Christian",Football,"Mississippi",9/11/2026,7:00pm,"The Central Private varsity football team has an away non-conference game @  Ascension Christian (Gonzales, LA) on Friday, September 11 @ 7p.","/la/football/game/ascension-christian-gonzales-vs-central-private-baker/9-11-2026/?c=acf30874-cb07-43de-87ea-1bf5fe6347ca","https://www.maxpreps.com/la/football/game/ascension-christian-gonzales-vs-central-private-baker/9-11-2026/?c=acf30874-cb07-43de-87ea-1bf5fe6347ca","/football/ms/14cb?9/11/2026","Redhawks","TBD","https://www.maxpreps.com/ms/ascension-christian-gonzales/football/","https://www.maxpreps.com/ms/central-private-baker/football/","https://hsfootball.net/proxy.php?url=https%3A%2F%2Fimage.maxpreps.io%2Fschool-mascot%2Fe%2Fd%2Fb%2Fedb97412-571e-420a-b851-a38f9bb56b80.gif%3Fversion%3D636501384000000000%26amp%3Bwidth%3D128%26amp%3Bheight%3D128%26amp%3Bauto%3Dwebp%26amp%3Bformat%3Dpjpg","https://hsfootball.net/proxy.php?url=https%3A%2F%2Fimage.maxpreps.io%2Fschool-mascot%2Fb%2F0%2F7%2Fb0744b76-f186-4116-a674-5b322f77fb68.gif%3Fversion%3D635861106600000000%26amp%3Bwidth%3D128%26amp%3Bheight%3D128%26amp%3Bauto%3Dwebp%26amp%3Bformat%3Dpjpg"
48,"Greene County vs George County",Football,"Mississippi",9/11/2026,7:00pm,"The Greene County varsity football team has an away non-conference game @  George County (Lucedale, MS) on Friday, September 11 @ 7p.","/ms/football/game/george-county-lucedale-vs-greene-county-leakesville/9-11-2026/?c=dba3fad1-cb98-4ec1-a628-ee9b5ab0ac7f","https://www.maxpreps.com/ms/football/game/george-county-lucedale-vs-greene-county-leakesville/9-11-2026/?c=dba3fad1-cb98-4ec1-a628-ee9b5ab0ac7f","/football/ms/13fa?9/11/2026","Wildcats","Rebels","https://www.maxpreps.com/ms/george-county-lucedale/football/","https://www.maxpreps.com/ms/greene-county-leakesville/football/","https://hsfootball.net/proxy.php?url=https%3A%2F%2Fimage.maxpreps.io%2Fschool-mascot%2Ff%2Fc%2F0%2Ffc0176b4-10e9-46c0-b7b2-40e18198cf14.gif%3Fversion%3D636794350800000000%26amp%3Bwidth%3D128%26amp%3Bheight%3D128%26amp%3Bauto%3Dwebp%26amp%3Bformat%3Dpjpg","https://hsfootball.net/proxy.php?url=https%3A%2F%2Fimage.maxpreps.io%2Fschool-mascot%2Ff%2F5%2F2%2Ff52e253d-9730-485b-b4d4-6615995f8751.gif%3Fversion%3D637290160800000000%26amp%3Bwidth%3D128%26amp%3Bheight%3D128%26amp%3Bauto%3Dwebp%26amp%3Bformat%3Dpjpg"
49,"Newton County Academy vs Discovery Christian",Football,"Mississippi",9/11/2026,7:00pm,"The Newton County Academy varsity football team has an away conference game @  Discovery Christian (Florence, MS) on Friday, September 11 @ 7p.","/ms/football/game/discovery-christian-florence-vs-newton-county-academy-decatur/9-11-2026/?c=25318955-7f84-4d0d-9c0e-935e0ae1c527","https://www.maxpreps.com/ms/football/game/discovery-christian-florence-vs-newton-county-academy-decatur/9-11-2026/?c=25318955-7f84-4d0d-9c0e-935e0ae1c527","/football/ms/1808?9/11/2026","Generals","TBD","https://www.maxpreps.com/ms/discovery-christian-florence/football/","https://www.maxpreps.com/ms/newton-county-academy-decatur/football/","https://hsfootball.net/proxy.php?url=https%3A%2F%2Fimage.maxpreps.io%2Fschool-mascot%2Fe%2F1%2Fe%2Fe1e1c06d-e761-48db-a573-441cb664f28d.gif%3Fversion%3D635889785400000000%26amp%3Bwidth%3D128%26amp%3Bheight%3D128%26amp%3Bauto%3Dwebp%26amp%3Bformat%3Dpjpg","https://hsfootball.net/proxy.php?url=https%3A%2F%2Fimage.maxpreps.io%2Fschool-mascot%2Ff%2F2%2F0%2Ff20989f8-d0f0-44d9-84c3-932a56fe706b.gif%3Fversion%3D639226773163902310%26amp%3Bwidth%3D128%26amp%3Bheight%3D128%26amp%3Bauto%3Dwebp%26amp%3Bformat%3Dpjpg"
50,"Center Hill Olive Branch Ms vs Memphis Academy Of Science And Engineering Tn",Football,"Mississippi",9/11/2026,TBD,"The Memphis Academy Of Science And Engineering Tn varsity football team has a game @ Center Hill Olive Branch Ms (Mississippi).","/inter-state/football/game/center-hill-olive-branch-ms-vs-memphis-academy-of-science-and-engineering-tn/9-11-2026/?c=058afbda-9979-4c7e-bdd3-2b910455e573","https://www.maxpreps.com/inter-state/football/game/center-hill-olive-branch-ms-vs-memphis-academy-of-science-and-engineering-tn/9-11-2026/?c=058afbda-9979-4c7e-bdd3-2b910455e573","/football/ms/1cb2?9/11/2026","Ms","Tn","https://www.maxpreps.com/ms/center-hill-olive-branch-ms/football/","https://www.maxpreps.com/ms/memphis-academy-of-science-and-engineering-tn/football/","",""
51,"Adams County Christian Natchez Ms vs Christian Home Educators Fellowship Baton Rouge La",Football,"Mississippi",9/11/2026,TBD,"The Christian Home Educators Fellowship Baton Rouge La varsity football team has a game @ Adams County Christian Natchez Ms (Mississippi).","/inter-state/football/game/adams-county-christian-natchez-ms-vs-christian-home-educators-fellowship-baton-rouge-la/9-11-2026/?c=6c237aab-0d0b-436d-af91-bf495314495f","https://www.maxpreps.com/inter-state/football/game/adams-county-christian-natchez-ms-vs-christian-home-educators-fellowship-baton-rouge-la/9-11-2026/?c=6c237aab-0d0b-436d-af91-bf495314495f","/football/ms/21b7?9/11/2026","Ms","La","https://www.maxpreps.com/ms/adams-county-christian-natchez-ms/football/","https://www.maxpreps.com/ms/christian-home-educators-fellowship-baton-rouge-la/football/","",""
52,"Loyd Star Brookhaven vs North Forrest Hattiesburg",Football,"Mississippi",9/11/2026,TBD,"The North Forrest Hattiesburg varsity football team has a game @ Loyd Star Brookhaven (Mississippi).","/ms/football/game/loyd-star-brookhaven-vs-north-forrest-hattiesburg/9-11-2026/?c=e673e93c-5a31-41c5-ae52-f6000d8040c0","https://www.maxpreps.com/ms/football/game/loyd-star-brookhaven-vs-north-forrest-hattiesburg/9-11-2026/?c=e673e93c-5a31-41c5-ae52-f6000d8040c0","/football/ms/136a?9/11/2026","Brookhaven","Hattiesburg","https://www.maxpreps.com/ms/loyd-star-brookhaven/football/","https://www.maxpreps.com/ms/north-forrest-hattiesburg/football/","",""
53,"Florence vs Pearl",Football,"Mississippi",9/11/2026,TBD,"The Pearl varsity football team has a game @ Florence (Mississippi).","/ms/football/game/florence-vs-pearl/9-11-2026/?c=817aa35a-6f50-4495-bbcf-d32da92fdc86","https://www.maxpreps.com/ms/football/game/florence-vs-pearl/9-11-2026/?c=817aa35a-6f50-4495-bbcf-d32da92fdc86","/football/ms/6a5?9/11/2026","Florence","Pearl","https://www.maxpreps.com/ms/florence/football/","https://www.maxpreps.com/ms/pearl/football/","",""
54,"Leland vs Riverside Avon",Football,"Mississippi",9/11/2026,TBD,"The Riverside Avon varsity football team has a game @ Leland (Mississippi).","/ms/football/game/leland-vs-riverside-avon/9-11-2026/?c=5dff2aa2-2b2b-4e9f-941b-a8bb1f93aa24","https://www.maxpreps.com/ms/football/game/leland-vs-riverside-avon/9-11-2026/?c=5dff2aa2-2b2b-4e9f-941b-a8bb1f93aa24","/football/ms/961?9/11/2026","Leland","Avon","https://www.maxpreps.com/ms/leland/football/","https://www.maxpreps.com/ms/riverside-avon/football/","",""
55,"Morton vs Scott Central Forest",Football,"Mississippi",9/11/2026,TBD,"The Scott Central Forest varsity football team has a game @ Morton (Mississippi).","/ms/football/game/morton-vs-scott-central-forest/9-11-2026/?c=7d426a5a-0ce2-458f-9205-5d68f74aa7df","https://www.maxpreps.com/ms/football/game/morton-vs-scott-central-forest/9-11-2026/?c=7d426a5a-0ce2-458f-9205-5d68f74aa7df","/football/ms/be5?9/11/2026","Morton","Forest","https://www.maxpreps.com/ms/morton/football/","https://www.maxpreps.com/ms/scott-central-forest/football/","",""
56,"New Hope Columbus vs Oxford",Football,"Mississippi",9/11/2026,TBD,"The Oxford varsity football team has a game @ New Hope Columbus (Mississippi).","/ms/football/game/new-hope-columbus-vs-oxford/9-11-2026/?c=82bf8375-12da-429b-b9e9-4ff3c8a02072","https://www.maxpreps.com/ms/football/game/new-hope-columbus-vs-oxford/9-11-2026/?c=82bf8375-12da-429b-b9e9-4ff3c8a02072","/football/ms/a8f?9/11/2026","Columbus","Oxford","https://www.maxpreps.com/ms/new-hope-columbus/football/","https://www.maxpreps.com/ms/oxford/football/","",""
57,"Amite County Liberty vs Resurrection Catholic Pascagoula",Football,"Mississippi",9/11/2026,TBD,"The Resurrection Catholic Pascagoula varsity football team has a game @ Amite County Liberty (Mississippi).","/ms/football/game/amite-county-liberty-vs-resurrection-catholic-pascagoula/9-11-2026/?c=f3186624-631d-40f0-87db-9cb11a007618","https://www.maxpreps.com/ms/football/game/amite-county-liberty-vs-resurrection-catholic-pascagoula/9-11-2026/?c=f3186624-631d-40f0-87db-9cb11a007618","/football/ms/1630?9/11/2026","Liberty","Pascagoula","https://www.maxpreps.com/ms/amite-county-liberty/football/","https://www.maxpreps.com/ms/resurrection-catholic-pascagoula/football/","",""
58,"Magee vs Mize",Football,"Mississippi",9/11/2026,TBD,"The Mize varsity football team has a game @ Magee (Mississippi).","/ms/football/game/magee-vs-mize/9-11-2026/?c=98fdfc0e-ec83-4959-b203-417832857e34","https://www.maxpreps.com/ms/football/game/magee-vs-mize/9-11-2026/?c=98fdfc0e-ec83-4959-b203-417832857e34","/football/ms/4f7?9/11/2026","Magee","Mize","https://www.maxpreps.com/ms/magee/football/","https://www.maxpreps.com/ms/mize/football/","",""
59,"Smithville vs Strayhorn Sarah",Football,"Mississippi",9/11/2026,TBD,"The Strayhorn Sarah varsity football team has a game @ Smithville (Mississippi).","/ms/football/game/smithville-vs-strayhorn-sarah/9-11-2026/?c=b8ac8239-1767-4e5f-a7c7-d5297f35c391","https://www.maxpreps.com/ms/football/game/smithville-vs-strayhorn-sarah/9-11-2026/?c=b8ac8239-1767-4e5f-a7c7-d5297f35c391","/football/ms/baa?9/11/2026","Smithville","Sarah","https://www.maxpreps.com/ms/smithville/football/","https://www.maxpreps.com/ms/strayhorn-sarah/football/","",""
60,"Mccomb vs Provine Jackson",Football,"Mississippi",9/11/2026,TBD,"The Provine Jackson varsity football team has a game @ Mccomb (Mississippi).","/ms/football/game/mccomb-vs-provine-jackson/9-11-2026/?c=34e82aa9-95e3-447f-8c51-cd2b2aa5f80c","https://www.maxpreps.com/ms/football/game/mccomb-vs-provine-jackson/9-11-2026/?c=34e82aa9-95e3-447f-8c51-cd2b2aa5f80c","/football/ms/9cd?9/11/2026","Mccomb","Jackson","https://www.maxpreps.com/ms/mccomb/football/","https://www.maxpreps.com/ms/provine-jackson/football/","",""
61,"Amanda Elzy Greenwood vs Cleveland Central",Football,"Mississippi",9/11/2026,TBD,"The Cleveland Central varsity football team has a game @ Amanda Elzy Greenwood (Mississippi).","/ms/football/game/amanda-elzy-greenwood-vs-cleveland-central/9-11-2026/?c=c10d5f06-526b-44c1-bc26-f7814be06d75","https://www.maxpreps.com/ms/football/game/amanda-elzy-greenwood-vs-cleveland-central/9-11-2026/?c=c10d5f06-526b-44c1-bc26-f7814be06d75","/football/ms/1051?9/11/2026","Greenwood","Central","https://www.maxpreps.com/ms/amanda-elzy-greenwood/football/","https://www.maxpreps.com/ms/cleveland-central/football/","",""
62,"Leflore County Itta Bena vs South Delta Rolling Fork",Football,"Mississippi",9/11/2026,TBD,"The South Delta Rolling Fork varsity football team has a game @ Leflore County Itta Bena (Mississippi).","/ms/football/game/leflore-county-itta-bena-vs-south-delta-rolling-fork/9-11-2026/?c=81c8338b-9433-46c8-b433-da7c51e77587","https://www.maxpreps.com/ms/football/game/leflore-county-itta-bena-vs-south-delta-rolling-fork/9-11-2026/?c=81c8338b-9433-46c8-b433-da7c51e77587","/football/ms/140a?9/11/2026","Bena","Fork","https://www.maxpreps.com/ms/leflore-county-itta-bena/football/","https://www.maxpreps.com/ms/south-delta-rolling-fork/football/","",""
63,"Bayou Academy Cleveland vs Northpoint Christian Southaven",Football,"Mississippi",9/11/2026,TBD,"The Northpoint Christian Southaven varsity football team has a game @ Bayou Academy Cleveland (Mississippi).","/ms/football/game/bayou-academy-cleveland-vs-northpoint-christian-southaven/9-11-2026/?c=207e8074-64d7-49ab-bc2f-7a7adfa42dea","https://www.maxpreps.com/ms/football/game/bayou-academy-cleveland-vs-northpoint-christian-southaven/9-11-2026/?c=207e8074-64d7-49ab-bc2f-7a7adfa42dea","/football/ms/1690?9/11/2026","Cleveland","Southaven","https://www.maxpreps.com/ms/bayou-academy-cleveland/football/","https://www.maxpreps.com/ms/northpoint-christian-southaven/football/","",""
64,"East Central Moss Point vs Pearl River Central Carriere",Football,"Mississippi",9/11/2026,TBD,"The Pearl River Central Carriere varsity football team has a game @ East Central Moss Point (Mississippi).","/ms/football/game/east-central-moss-point-vs-pearl-river-central-carriere/9-11-2026/?c=da15fa19-097d-4345-b916-a34be045bd96","https://www.maxpreps.com/ms/football/game/east-central-moss-point-vs-pearl-river-central-carriere/9-11-2026/?c=da15fa19-097d-4345-b916-a34be045bd96","/football/ms/1545?9/11/2026","Point","Carriere","https://www.maxpreps.com/ms/east-central-moss-point/football/","https://www.maxpreps.com/ms/pearl-river-central-carriere/football/","",""
65,"Northwest Rankin Brandon vs Wayne County War Eagleslady War Eagles Waynesboro",Football,"Mississippi",9/11/2026,TBD,"The Wayne County War Eagleslady War Eagles Waynesboro varsity football team has a game @ Northwest Rankin Brandon (Mississippi).","/ms/football/game/northwest-rankin-brandon-vs-wayne-county-war-eagleslady-war-eagles-waynesboro/9-11-2026/?c=5bcdfa2a-3010-4c8a-90ad-f4ed4fc640f3","https://www.maxpreps.com/ms/football/game/northwest-rankin-brandon-vs-wayne-county-war-eagleslady-war-eagles-waynesboro/9-11-2026/?c=5bcdfa2a-3010-4c8a-90ad-f4ed4fc640f3","/football/ms/1e2f?9/11/2026","Brandon","Waynesboro","https://www.maxpreps.com/ms/northwest-rankin-brandon/football/","https://www.maxpreps.com/ms/wayne-county-war-eagleslady-war-eagles-waynesboro/football/","",""
66,"Gautier vs West Harrison Gulfport",Football,"Mississippi",9/11/2026,TBD,"The West Harrison Gulfport varsity football team has a game @ Gautier (Mississippi).","/ms/football/game/gautier-vs-west-harrison-gulfport/9-11-2026/?c=b493f7c4-0db1-415f-a0db-c473d50108ee","https://www.maxpreps.com/ms/football/game/gautier-vs-west-harrison-gulfport/9-11-2026/?c=b493f7c4-0db1-415f-a0db-c473d50108ee","/football/ms/d2a?9/11/2026","Gautier","Gulfport","https://www.maxpreps.com/ms/gautier/football/","https://www.maxpreps.com/ms/west-harrison-gulfport/football/","",""
67,"Bowling Green Franklinton La vs Christian Collegiate Academy Gulfport Ms",Football,"Mississippi",9/11/2026,TBD,"The Christian Collegiate Academy Gulfport Ms varsity football team has a game @ Bowling Green Franklinton La (Mississippi).","/inter-state/football/game/bowling-green-franklinton-la-vs-christian-collegiate-academy-gulfport-ms/9-11-2026/?c=c3c67df9-a6df-47d6-b86e-a80e8b46bc81","https://www.maxpreps.com/inter-state/football/game/bowling-green-franklinton-la-vs-christian-collegiate-academy-gulfport-ms/9-11-2026/?c=c3c67df9-a6df-47d6-b86e-a80e8b46bc81","/football/ms/1bf9?9/11/2026","La","Ms","https://www.maxpreps.com/ms/bowling-green-franklinton-la/football/","https://www.maxpreps.com/ms/christian-collegiate-academy-gulfport-ms/football/","",""
68,"St Joseph Greenville vs Washington Greenville",Football,"Mississippi",9/11/2026,TBD,"The Washington Greenville varsity football team has a game @ St Joseph Greenville (Mississippi).","/ms/football/game/st-joseph-greenville-vs-washington-greenville/9-11-2026/?c=bc503488-b000-4794-8b4e-ce0c141b0324","https://www.maxpreps.com/ms/football/game/st-joseph-greenville-vs-washington-greenville/9-11-2026/?c=bc503488-b000-4794-8b4e-ce0c141b0324","/football/ms/11d6?9/11/2026","Greenville","Greenville","https://www.maxpreps.com/ms/st-joseph-greenville/football/","https://www.maxpreps.com/ms/washington-greenville/football/","",""
69,"Noxubee County Macon vs West Point",Football,"Mississippi",9/11/2026,TBD,"The West Point varsity football team has a game @ Noxubee County Macon (Mississippi).","/ms/football/game/noxubee-county-macon-vs-west-point/9-11-2026/?c=2a9e29d3-1417-482e-a088-d11fee524964","https://www.maxpreps.com/ms/football/game/noxubee-county-macon-vs-west-point/9-11-2026/?c=2a9e29d3-1417-482e-a088-d11fee524964","/football/ms/d5d?9/11/2026","Macon","Point","https://www.maxpreps.com/ms/noxubee-county-macon/football/","https://www.maxpreps.com/ms/west-point/football/","",""
70,"Jefferson Davis County Bassfield vs Lawrence County Monticello",Football,"Mississippi",9/11/2026,TBD,"The Lawrence County Monticello varsity football team has a game @ Jefferson Davis County Bassfield (Mississippi).","/ms/football/game/jefferson-davis-county-bassfield-vs-lawrence-county-monticello/9-11-2026/?c=ce58ac43-ca47-4571-a72e-6db6fcef1b18","https://www.maxpreps.com/ms/football/game/jefferson-davis-county-bassfield-vs-lawrence-county-monticello/9-11-2026/?c=ce58ac43-ca47-4571-a72e-6db6fcef1b18","/football/ms/1875?9/11/2026","Bassfield","Monticello","https://www.maxpreps.com/ms/jefferson-davis-county-bassfield/football/","https://www.maxpreps.com/ms/lawrence-county-monticello/football/","",""
71,"Independence vs Senatobia",Football,"Mississippi",9/11/2026,TBD,"The Senatobia varsity football team has a game @ Independence (Mississippi).","/ms/football/game/independence-vs-senatobia/9-11-2026/?c=2a0fba49-7a75-496a-99ee-9ff7b0d0e253","https://www.maxpreps.com/ms/football/game/independence-vs-senatobia/9-11-2026/?c=2a0fba49-7a75-496a-99ee-9ff7b0d0e253","/football/ms/9db?9/11/2026","Independence","Senatobia","https://www.maxpreps.com/ms/independence/football/","https://www.maxpreps.com/ms/senatobia/football/","",""
72,"Choctaw County Ackerman vs Rosa Fort Tunica",Football,"Mississippi",9/11/2026,TBD,"The Rosa Fort Tunica varsity football team has a game @ Choctaw County Ackerman (Mississippi).","/ms/football/game/choctaw-county-ackerman-vs-rosa-fort-tunica/9-11-2026/?c=b67225b7-66f8-4bbb-a8ef-47d62bafc15c","https://www.maxpreps.com/ms/football/game/choctaw-county-ackerman-vs-rosa-fort-tunica/9-11-2026/?c=b67225b7-66f8-4bbb-a8ef-47d62bafc15c","/football/ms/10b8?9/11/2026","Ackerman","Tunica","https://www.maxpreps.com/ms/choctaw-county-ackerman/football/","https://www.maxpreps.com/ms/rosa-fort-tunica/football/","",""
73,"South Panola Batesville vs Southaven",Football,"Mississippi",9/11/2026,TBD,"The Southaven varsity football team has a game @ South Panola Batesville (Mississippi).","/ms/football/game/south-panola-batesville-vs-southaven/9-11-2026/?c=326965bd-a475-4cf9-b496-c82673cf072c","https://www.maxpreps.com/ms/football/game/south-panola-batesville-vs-southaven/9-11-2026/?c=326965bd-a475-4cf9-b496-c82673cf072c","/football/ms/e53?9/11/2026","Batesville","Southaven","https://www.maxpreps.com/ms/south-panola-batesville/football/","https://www.maxpreps.com/ms/southaven/football/","",""
74,"Raleigh vs Taylorsville",Football,"Mississippi",9/11/2026,TBD,"The Taylorsville varsity football team has a game @ Raleigh (Mississippi).","/ms/football/game/raleigh-vs-taylorsville/9-11-2026/?c=df8014c2-377f-464d-8882-52f7af896678","https://www.maxpreps.com/ms/football/game/raleigh-vs-taylorsville/9-11-2026/?c=df8014c2-377f-464d-8882-52f7af896678","/football/ms/949?9/11/2026","Raleigh","Taylorsville","https://www.maxpreps.com/ms/raleigh/football/","https://www.maxpreps.com/ms/taylorsville/football/","",""
75,"Okolona vs Shannon",Football,"Mississippi",9/11/2026,TBD,"The Shannon varsity football team has a game @ Okolona (Mississippi).","/ms/football/game/okolona-vs-shannon/9-11-2026/?c=1be8afce-27f1-4e7e-aac7-6ba8f1f39f96","https://www.maxpreps.com/ms/football/game/okolona-vs-shannon/9-11-2026/?c=1be8afce-27f1-4e7e-aac7-6ba8f1f39f96","/football/ms/72b?9/11/2026","Okolona","Shannon","https://www.maxpreps.com/ms/okolona/football/","https://www.maxpreps.com/ms/shannon/football/","",""
76,"Ashland vs Byhalia",Football,"Mississippi",9/11/2026,TBD,"The Byhalia varsity football team has a game @ Ashland (Mississippi).","/ms/football/game/ashland-vs-byhalia/9-11-2026/?c=dc4e31be-2860-4b16-99bd-5d82b836965e","https://www.maxpreps.com/ms/football/game/ashland-vs-byhalia/9-11-2026/?c=dc4e31be-2860-4b16-99bd-5d82b836965e","/football/ms/6f8?9/11/2026","Ashland","Byhalia","https://www.maxpreps.com/ms/ashland/football/","https://www.maxpreps.com/ms/byhalia/football/","",""
77,"Bay Bay St Louis vs Long Beach",Football,"Mississippi",9/11/2026,TBD,"The Long Beach varsity football team has a game @ Bay Bay St Louis (Mississippi).","/ms/football/game/bay-bay-st-louis-vs-long-beach/9-11-2026/?c=5e918acf-89ea-4f26-bc9d-0fbc06bf13aa","https://www.maxpreps.com/ms/football/game/bay-bay-st-louis-vs-long-beach/9-11-2026/?c=5e918acf-89ea-4f26-bc9d-0fbc06bf13aa","/football/ms/b25?9/11/2026","Louis","Beach","https://www.maxpreps.com/ms/bay-bay-st-louis/football/","https://www.maxpreps.com/ms/long-beach/football/","",""
78,"Bay Springs vs Forest Hill Jackson",Football,"Mississippi",9/11/2026,TBD,"The Forest Hill Jackson varsity football team has a game @ Bay Springs (Mississippi).","/ms/football/game/bay-springs-vs-forest-hill-jackson/9-11-2026/?c=bc519990-5e3d-4f81-8afe-6bd4e6cb7bfa","https://www.maxpreps.com/ms/football/game/bay-springs-vs-forest-hill-jackson/9-11-2026/?c=bc519990-5e3d-4f81-8afe-6bd4e6cb7bfa","/football/ms/d31?9/11/2026","Springs","Jackson","https://www.maxpreps.com/ms/bay-springs/football/","https://www.maxpreps.com/ms/forest-hill-jackson/football/","",""
79,"Corinth vs Houston",Football,"Mississippi",9/11/2026,TBD,"The Houston varsity football team has a game @ Corinth (Mississippi).","/ms/football/game/corinth-vs-houston/9-11-2026/?c=bfde57cf-3256-4486-af7f-d9e7ddcc4376","https://www.maxpreps.com/ms/football/game/corinth-vs-houston/9-11-2026/?c=bfde57cf-3256-4486-af7f-d9e7ddcc4376","/football/ms/74a?9/11/2026","Corinth","Houston","https://www.maxpreps.com/ms/corinth/football/","https://www.maxpreps.com/ms/houston/football/","",""
80,"Collins vs Mount Olive",Football,"Mississippi",9/11/2026,TBD,"The Mount Olive varsity football team has a game @ Collins (Mississippi).","/ms/football/game/collins-vs-mount-olive/9-11-2026/?c=3548aada-f2eb-48e9-b977-84ce815527a1","https://www.maxpreps.com/ms/football/game/collins-vs-mount-olive/9-11-2026/?c=3548aada-f2eb-48e9-b977-84ce815527a1","/football/ms/8b6?9/11/2026","Collins","Olive","https://www.maxpreps.com/ms/collins/football/","https://www.maxpreps.com/ms/mount-olive/football/","",""
81,"Hernando vs Kosciusko",Football,"Mississippi",9/11/2026,TBD,"The Kosciusko varsity football team has a game @ Hernando (Mississippi).","/ms/football/game/hernando-vs-kosciusko/9-11-2026/?c=26abf791-59b2-4d12-a4ec-a86bf2f971f2","https://www.maxpreps.com/ms/football/game/hernando-vs-kosciusko/9-11-2026/?c=26abf791-59b2-4d12-a4ec-a86bf2f971f2","/football/ms/86d?9/11/2026","Hernando","Kosciusko","https://www.maxpreps.com/ms/hernando/football/","https://www.maxpreps.com/ms/kosciusko/football/","",""
82,"Aberdeen vs West Lowndes Columbus",Football,"Mississippi",9/11/2026,TBD,"The West Lowndes Columbus varsity football team has a game @ Aberdeen (Mississippi).","/ms/football/game/aberdeen-vs-west-lowndes-columbus/9-11-2026/?c=9f16460a-bc4f-48bb-9ec4-3dcac92ce22e","https://www.maxpreps.com/ms/football/game/aberdeen-vs-west-lowndes-columbus/9-11-2026/?c=9f16460a-bc4f-48bb-9ec4-3dcac92ce22e","/football/ms/cfc?9/11/2026","Aberdeen","Columbus","https://www.maxpreps.com/ms/aberdeen/football/","https://www.maxpreps.com/ms/west-lowndes-columbus/football/","",""
83,"Franklin County Meadville vs Wesson",Football,"Mississippi",9/11/2026,TBD,"The Wesson varsity football team has a game @ Franklin County Meadville (Mississippi).","/ms/football/game/franklin-county-meadville-vs-wesson/9-11-2026/?c=40139fba-9942-45cf-9637-5e44d7318610","https://www.maxpreps.com/ms/football/game/franklin-county-meadville-vs-wesson/9-11-2026/?c=40139fba-9942-45cf-9637-5e44d7318610","/football/ms/de6?9/11/2026","Meadville","Wesson","https://www.maxpreps.com/ms/franklin-county-meadville/football/","https://www.maxpreps.com/ms/wesson/football/","",""
84,"Edwards Ruleville vs West Tallahatchie Webb",Football,"Mississippi",9/11/2026,TBD,"The West Tallahatchie Webb varsity football team has a game @ Edwards Ruleville (Mississippi).","/ms/football/game/edwards-ruleville-vs-west-tallahatchie-webb/9-11-2026/?c=9d1cd1b3-52dd-493c-9184-00ba81a51da9","https://www.maxpreps.com/ms/football/game/edwards-ruleville-vs-west-tallahatchie-webb/9-11-2026/?c=9d1cd1b3-52dd-493c-9184-00ba81a51da9","/football/ms/10cf?9/11/2026","Ruleville","Webb","https://www.maxpreps.com/ms/edwards-ruleville/football/","https://www.maxpreps.com/ms/west-tallahatchie-webb/football/","",""
85,"Diberville vs Seminary",Football,"Mississippi",9/11/2026,TBD,"The Seminary varsity football team has a game @ Diberville (Mississippi).","/ms/football/game/diberville-vs-seminary/9-11-2026/?c=21e61e44-580f-4194-bffb-c9f224cc8636","https://www.maxpreps.com/ms/football/game/diberville-vs-seminary/9-11-2026/?c=21e61e44-580f-4194-bffb-c9f224cc8636","/football/ms/8cd?9/11/2026","Diberville","Seminary","https://www.maxpreps.com/ms/diberville/football/","https://www.maxpreps.com/ms/seminary/football/","",""
86,"Belmont vs Myrtle",Football,"Mississippi",9/11/2026,TBD,"The Myrtle varsity football team has a game @ Belmont (Mississippi).","/ms/football/game/belmont-vs-myrtle/9-11-2026/?c=53bf96a8-30ab-4ea7-9c0d-c41f3155ad67","https://www.maxpreps.com/ms/football/game/belmont-vs-myrtle/9-11-2026/?c=53bf96a8-30ab-4ea7-9c0d-c41f3155ad67","/football/ms/6d1?9/11/2026","Belmont","Myrtle","https://www.maxpreps.com/ms/belmont/football/","https://www.maxpreps.com/ms/myrtle/football/","",""
87,"Bruce vs Falkner",Football,"Mississippi",9/11/2026,TBD,"The Falkner varsity football team has a game @ Bruce (Mississippi).","/ms/football/game/bruce-vs-falkner/9-11-2026/?c=22cb8ae2-615e-4242-8472-d76a783d9f6f","https://www.maxpreps.com/ms/football/game/bruce-vs-falkner/9-11-2026/?c=22cb8ae2-615e-4242-8472-d76a783d9f6f","/football/ms/637?9/11/2026","Bruce","Falkner","https://www.maxpreps.com/ms/bruce/football/","https://www.maxpreps.com/ms/falkner/football/","",""
88,"Canton vs Murrah Jackson",Football,"Mississippi",9/11/2026,TBD,"The Murrah Jackson varsity football team has a game @ Canton (Mississippi).","/ms/football/game/canton-vs-murrah-jackson/9-11-2026/?c=7e158225-cdfd-44a9-bef1-a894458167dd","https://www.maxpreps.com/ms/football/game/canton-vs-murrah-jackson/9-11-2026/?c=7e158225-cdfd-44a9-bef1-a894458167dd","/football/ms/96b?9/11/2026","Canton","Jackson","https://www.maxpreps.com/ms/canton/football/","https://www.maxpreps.com/ms/murrah-jackson/football/","",""
89,"Purvis vs Sumrall",Football,"Mississippi",9/11/2026,TBD,"The Sumrall varsity football team has a game @ Purvis (Mississippi).","/ms/football/game/purvis-vs-sumrall/9-11-2026/?c=2540931a-4b97-4a48-8877-905b81bd9357","https://www.maxpreps.com/ms/football/game/purvis-vs-sumrall/9-11-2026/?c=2540931a-4b97-4a48-8877-905b81bd9357","/football/ms/6ec?9/11/2026","Purvis","Sumrall","https://www.maxpreps.com/ms/purvis/football/","https://www.maxpreps.com/ms/sumrall/football/","",""
90,"Deer Creek Arcola Ms vs Tallulah Academy La",Football,"Mississippi",9/11/2026,TBD,"The Tallulah Academy La varsity football team has a game @ Deer Creek Arcola Ms (Mississippi).","/inter-state/football/game/deer-creek-arcola-ms-vs-tallulah-academy-la/9-11-2026/?c=35d97e6f-4f44-4852-bd20-15ad0168d70b","https://www.maxpreps.com/inter-state/football/game/deer-creek-arcola-ms-vs-tallulah-academy-la/9-11-2026/?c=35d97e6f-4f44-4852-bd20-15ad0168d70b","/football/ms/1018?9/11/2026","Ms","La","https://www.maxpreps.com/ms/deer-creek-arcola-ms/football/","https://www.maxpreps.com/ms/tallulah-academy-la/football/","",""
91,"Lafayette Oxford vs Port Gibson",Football,"Mississippi",9/11/2026,TBD,"The Port Gibson varsity football team has a game @ Lafayette Oxford (Mississippi).","/ms/football/game/lafayette-oxford-vs-port-gibson/9-11-2026/?c=eee86a4e-3bd1-4082-8599-a35620352326","https://www.maxpreps.com/ms/football/game/lafayette-oxford-vs-port-gibson/9-11-2026/?c=eee86a4e-3bd1-4082-8599-a35620352326","/football/ms/c35?9/11/2026","Oxford","Gibson","https://www.maxpreps.com/ms/lafayette-oxford/football/","https://www.maxpreps.com/ms/port-gibson/football/","",""
92,"Columbia vs Petal",Football,"Mississippi",9/11/2026,TBD,"The Petal varsity football team has a game @ Columbia (Mississippi).","/ms/football/game/columbia-vs-petal/9-11-2026/?c=a0a268c6-bf1d-45bc-b331-b35a1968b2be","https://www.maxpreps.com/ms/football/game/columbia-vs-petal/9-11-2026/?c=a0a268c6-bf1d-45bc-b331-b35a1968b2be","/football/ms/6a5?9/11/2026","Columbia","Petal","https://www.maxpreps.com/ms/columbia/football/","https://www.maxpreps.com/ms/petal/football/","",""
93,"Regents Oxford Ms vs Rossville Christian Academy Tn",Football,"Mississippi",9/11/2026,TBD,"The Rossville Christian Academy Tn varsity football team has a game @ Regents Oxford Ms (Mississippi).","/inter-state/football/game/regents-oxford-ms-vs-rossville-christian-academy-tn/9-11-2026/?c=eb70ffbb-b668-4829-95c1-29641d8c4b7e","https://www.maxpreps.com/inter-state/football/game/regents-oxford-ms-vs-rossville-christian-academy-tn/9-11-2026/?c=eb70ffbb-b668-4829-95c1-29641d8c4b7e","/football/ms/13ec?9/11/2026","Ms","Tn","https://www.maxpreps.com/ms/regents-oxford-ms/football/","https://www.maxpreps.com/ms/rossville-christian-academy-tn/football/","",""
94,"Enterprise vs Union",Football,"Mississippi",9/11/2026,TBD,"The Union varsity football team has a game @ Enterprise (Mississippi).","/ms/football/game/enterprise-vs-union/9-11-2026/?c=f8a25690-8ee7-4c89-a4d1-8d67d0e81273","https://www.maxpreps.com/ms/football/game/enterprise-vs-union/9-11-2026/?c=f8a25690-8ee7-4c89-a4d1-8d67d0e81273","/football/ms/7ad?9/11/2026","Enterprise","Union","https://www.maxpreps.com/ms/enterprise/football/","https://www.maxpreps.com/ms/union/football/","",""
95,"Centreville Academy vs West Lincoln Brookhaven",Football,"Mississippi",9/11/2026,TBD,"The West Lincoln Brookhaven varsity football team has a game @ Centreville Academy (Mississippi).","/ms/football/game/centreville-academy-vs-west-lincoln-brookhaven/9-11-2026/?c=bad1da1e-f9b9-4b0a-ada7-9fa073c418fa","https://www.maxpreps.com/ms/football/game/centreville-academy-vs-west-lincoln-brookhaven/9-11-2026/?c=bad1da1e-f9b9-4b0a-ada7-9fa073c418fa","/football/ms/121c?9/11/2026","Academy","Brookhaven","https://www.maxpreps.com/ms/centreville-academy/football/","https://www.maxpreps.com/ms/west-lincoln-brookhaven/football/","",""
96,"Carroll Academy Carrollton vs Oak Hill Academy West Point",Football,"Mississippi",9/11/2026,TBD,"The Oak Hill Academy West Point varsity football team has a game @ Carroll Academy Carrollton (Mississippi).","/ms/football/game/carroll-academy-carrollton-vs-oak-hill-academy-west-point/9-11-2026/?c=f3890cef-a1eb-4bd0-aa67-47d35d795c10","https://www.maxpreps.com/ms/football/game/carroll-academy-carrollton-vs-oak-hill-academy-west-point/9-11-2026/?c=f3890cef-a1eb-4bd0-aa67-47d35d795c10","/football/ms/15f9?9/11/2026","Carrollton","Point","https://www.maxpreps.com/ms/carroll-academy-carrollton/football/","https://www.maxpreps.com/ms/oak-hill-academy-west-point/football/","",""
97,"Magnolia Heights Senatobia vs Marshall Academy Holly Springs",Football,"Mississippi",9/11/2026,TBD,"The Marshall Academy Holly Springs varsity football team has a game @ Magnolia Heights Senatobia (Mississippi).","/ms/football/game/magnolia-heights-senatobia-vs-marshall-academy-holly-springs/9-11-2026/?c=e8922480-7d0b-4417-8de5-c2f555a0856e","https://www.maxpreps.com/ms/football/game/magnolia-heights-senatobia-vs-marshall-academy-holly-springs/9-11-2026/?c=e8922480-7d0b-4417-8de5-c2f555a0856e","/football/ms/1764?9/11/2026","Senatobia","Springs","https://www.maxpreps.com/ms/magnolia-heights-senatobia/football/","https://www.maxpreps.com/ms/marshall-academy-holly-springs/football/","",""
98,"Humphreys Academy Belzoni vs Porters Chapel Academy Vicksburg",Football,"Mississippi",9/11/2026,TBD,"The Porters Chapel Academy Vicksburg varsity football team has a game @ Humphreys Academy Belzoni (Mississippi).","/ms/football/game/humphreys-academy-belzoni-vs-porters-chapel-academy-vicksburg/9-11-2026/?c=216ecf6a-9f58-4239-a56f-8b426634c0eb","https://www.maxpreps.com/ms/football/game/humphreys-academy-belzoni-vs-porters-chapel-academy-vicksburg/9-11-2026/?c=216ecf6a-9f58-4239-a56f-8b426634c0eb","/football/ms/17f0?9/11/2026","Belzoni","Vicksburg","https://www.maxpreps.com/ms/humphreys-academy-belzoni/football/","https://www.maxpreps.com/ms/porters-chapel-academy-vicksburg/football/","",""
99,"Copiah Academy Gallman vs Raymond",Football,"Mississippi",9/11/2026,TBD,"The Raymond varsity football team has a game @ Copiah Academy Gallman (Mississippi).","/ms/football/game/copiah-academy-gallman-vs-raymond/9-11-2026/?c=0b2804c3-5537-4ab0-b9ae-140ed821fa47","https://www.maxpreps.com/ms/football/game/copiah-academy-gallman-vs-raymond/9-11-2026/?c=0b2804c3-5537-4ab0-b9ae-140ed821fa47","/football/ms/cbb?9/11/2026","Gallman","Raymond","https://www.maxpreps.com/ms/copiah-academy-gallman/football/","https://www.maxpreps.com/ms/raymond/football/","",""
100,"Desoto West Helena Ar vs North Sunflower Academy Drew Ms",Football,"Mississippi",9/11/2026,TBD,"The North Sunflower Academy Drew Ms varsity football team has a game @ Desoto West Helena Ar (Mississippi).","/inter-state/football/game/desoto-west-helena-ar-vs-north-sunflower-academy-drew-ms/9-11-2026/?c=c7d6ceba-3a36-470a-97e1-20fe11f1797f","https://www.maxpreps.com/inter-state/football/game/desoto-west-helena-ar-vs-north-sunflower-academy-drew-ms/9-11-2026/?c=c7d6ceba-3a36-470a-97e1-20fe11f1797f","/football/ms/1585?9/11/2026","Ar","Ms","https://www.maxpreps.com/ms/desoto-west-helena-ar/football/","https://www.maxpreps.com/ms/north-sunflower-academy-drew-ms/football/","",""
101,"Delta Streets Academy Greenwood vs Tunica Academy",Football,"Mississippi",9/11/2026,TBD,"The Tunica Academy varsity football team has a game @ Delta Streets Academy Greenwood (Mississippi).","/ms/football/game/delta-streets-academy-greenwood-vs-tunica-academy/9-11-2026/?c=14bb105c-ab20-4f65-aca1-caaf2a72867e","https://www.maxpreps.com/ms/football/game/delta-streets-academy-greenwood-vs-tunica-academy/9-11-2026/?c=14bb105c-ab20-4f65-aca1-caaf2a72867e","/football/ms/1301?9/11/2026","Greenwood","Academy","https://www.maxpreps.com/ms/delta-streets-academy-greenwood/football/","https://www.maxpreps.com/ms/tunica-academy/football/","",""
102,"Central Holmes Christian Lexington vs Kemper Academy Dekalb",Football,"Mississippi",9/11/2026,TBD,"The Kemper Academy Dekalb varsity football team has a game @ Central Holmes Christian Lexington (Mississippi).","/ms/football/game/central-holmes-christian-lexington-vs-kemper-academy-dekalb/9-11-2026/?c=372d796f-1e61-464c-8b46-3a32ecf88bff","https://www.maxpreps.com/ms/football/game/central-holmes-christian-lexington-vs-kemper-academy-dekalb/9-11-2026/?c=372d796f-1e61-464c-8b46-3a32ecf88bff","/football/ms/16ed?9/11/2026","Lexington","Dekalb","https://www.maxpreps.com/ms/central-holmes-christian-lexington/football/","https://www.maxpreps.com/ms/kemper-academy-dekalb/football/","",""
103,"Moss Point vs St Stanislaus Bay St Louis",Football,"Mississippi",9/11/2026,TBD,"The St Stanislaus Bay St Louis varsity football team has a game @ Moss Point (Mississippi).","/ms/football/game/moss-point-vs-st-stanislaus-bay-st-louis/9-11-2026/?c=c5ccfaff-3bee-47c2-b4c2-bec34665f380","https://www.maxpreps.com/ms/football/game/moss-point-vs-st-stanislaus-bay-st-louis/9-11-2026/?c=c5ccfaff-3bee-47c2-b4c2-bec34665f380","/football/ms/f8d?9/11/2026","Point","Louis","https://www.maxpreps.com/ms/moss-point/football/","https://www.maxpreps.com/ms/st-stanislaus-bay-st-louis/football/","",""
104,"St Martin Ocean Springs vs Stone Wiggins",Football,"Mississippi",9/11/2026,TBD,"The Stone Wiggins varsity football team has a game @ St Martin Ocean Springs (Mississippi).","/ms/football/game/st-martin-ocean-springs-vs-stone-wiggins/9-11-2026/?c=00c7d516-688c-40a0-a799-9eeb1004ed35","https://www.maxpreps.com/ms/football/game/st-martin-ocean-springs-vs-stone-wiggins/9-11-2026/?c=00c7d516-688c-40a0-a799-9eeb1004ed35","/football/ms/f96?9/11/2026","Springs","Wiggins","https://www.maxpreps.com/ms/st-martin-ocean-springs/football/","https://www.maxpreps.com/ms/stone-wiggins/football/","",""
105,"Ethel vs Eupora",Football,"Mississippi",9/11/2026,TBD,"The Eupora varsity football team has a game @ Ethel (Mississippi).","/ms/football/game/ethel-vs-eupora/9-11-2026/?c=e3e753b3-8d3b-4988-b63d-ce32396fcb30","https://www.maxpreps.com/ms/football/game/ethel-vs-eupora/9-11-2026/?c=e3e753b3-8d3b-4988-b63d-ce32396fcb30","/football/ms/5e1?9/11/2026","Ethel","Eupora","https://www.maxpreps.com/ms/ethel/football/","https://www.maxpreps.com/ms/eupora/football/","",""
106,"Neshoba Central Philadelphia vs West Lauderdale Collinsville",Football,"Mississippi",9/11/2026,TBD,"The West Lauderdale Collinsville varsity football team has a game @ Neshoba Central Philadelphia (Mississippi).","/ms/football/game/neshoba-central-philadelphia-vs-west-lauderdale-collinsville/9-11-2026/?c=77db717e-f3ed-41e4-9a3f-0ac326236aa0","https://www.maxpreps.com/ms/football/game/neshoba-central-philadelphia-vs-west-lauderdale-collinsville/9-11-2026/?c=77db717e-f3ed-41e4-9a3f-0ac326236aa0","/football/ms/178b?9/11/2026","Philadelphia","Collinsville","https://www.maxpreps.com/ms/neshoba-central-philadelphia/football/","https://www.maxpreps.com/ms/west-lauderdale-collinsville/football/","",""
107,"Columbus vs Lake Cormorant",Football,"Mississippi",9/11/2026,TBD,"The Lake Cormorant varsity football team has a game @ Columbus (Mississippi).","/ms/football/game/columbus-vs-lake-cormorant/9-11-2026/?c=73fc397a-30a7-4035-ab66-3ef5ebc60872","https://www.maxpreps.com/ms/football/game/columbus-vs-lake-cormorant/9-11-2026/?c=73fc397a-30a7-4035-ab66-3ef5ebc60872","/football/ms/a4c?9/11/2026","Columbus","Cormorant","https://www.maxpreps.com/ms/columbus/football/","https://www.maxpreps.com/ms/lake-cormorant/football/","",""
108,"Caledonia vs Lamar Meridian",Football,"Mississippi",9/11/2026,TBD,"The Lamar Meridian varsity football team has a game @ Caledonia (Mississippi).","/ms/football/game/caledonia-vs-lamar-meridian/9-11-2026/?c=b858cc82-2041-45de-aaef-d8b34dae8f85","https://www.maxpreps.com/ms/football/game/caledonia-vs-lamar-meridian/9-11-2026/?c=b858cc82-2041-45de-aaef-d8b34dae8f85","/football/ms/a66?9/11/2026","Caledonia","Meridian","https://www.maxpreps.com/ms/caledonia/football/","https://www.maxpreps.com/ms/lamar-meridian/football/","",""
109,"Starkville Academy vs Winston Academy Louisville",Football,"Mississippi",9/11/2026,TBD,"The Winston Academy Louisville varsity football team has a game @ Starkville Academy (Mississippi).","/ms/football/game/starkville-academy-vs-winston-academy-louisville/9-11-2026/?c=7c18daec-c1f1-435e-81c5-63606d09a23c","https://www.maxpreps.com/ms/football/game/starkville-academy-vs-winston-academy-louisville/9-11-2026/?c=7c18daec-c1f1-435e-81c5-63606d09a23c","/football/ms/130d?9/11/2026","Academy","Louisville","https://www.maxpreps.com/ms/starkville-academy/football/","https://www.maxpreps.com/ms/winston-academy-louisville/football/","",""
110,"Hatley Amory vs Mantachie",Football,"Mississippi",9/11/2026,TBD,"The Mantachie varsity football team has a game @ Hatley Amory (Mississippi).","/ms/football/game/hatley-amory-vs-mantachie/9-11-2026/?c=4c1e497b-9081-49ab-a5dd-c091c162f22d","https://www.maxpreps.com/ms/football/game/hatley-amory-vs-mantachie/9-11-2026/?c=4c1e497b-9081-49ab-a5dd-c091c162f22d","/football/ms/9c9?9/11/2026","Amory","Mantachie","https://www.maxpreps.com/ms/hatley-amory/football/","https://www.maxpreps.com/ms/mantachie/football/","",""
111,"Holly Springs vs Walnut",Football,"Mississippi",9/11/2026,TBD,"The Walnut varsity football team has a game @ Holly Springs (Mississippi).","/ms/football/game/holly-springs-vs-walnut/9-11-2026/?c=01ed2fdf-c73e-4088-9e28-2b5a15d44e41","https://www.maxpreps.com/ms/football/game/holly-springs-vs-walnut/9-11-2026/?c=01ed2fdf-c73e-4088-9e28-2b5a15d44e41","/football/ms/939?9/11/2026","Springs","Walnut","https://www.maxpreps.com/ms/holly-springs/football/","https://www.maxpreps.com/ms/walnut/football/","",""
112,"Baldwyn vs Nettleton",Football,"Mississippi",9/11/2026,TBD,"The Nettleton varsity football team has a game @ Baldwyn (Mississippi).","/ms/football/game/baldwyn-vs-nettleton/9-11-2026/?c=b3dab012-8c07-4533-b81b-b12296ddbeb6","https://www.maxpreps.com/ms/football/game/baldwyn-vs-nettleton/9-11-2026/?c=b3dab012-8c07-4533-b81b-b12296ddbeb6","/football/ms/811?9/11/2026","Baldwyn","Nettleton","https://www.maxpreps.com/ms/baldwyn/football/","https://www.maxpreps.com/ms/nettleton/football/","",""
113,"Hazlehurst vs Natchez",Football,"Mississippi",9/11/2026,TBD,"The Natchez varsity football team has a game @ Hazlehurst (Mississippi).","/ms/football/game/hazlehurst-vs-natchez/9-11-2026/?c=27fe87e0-0733-427e-a61d-8a1dd6dc6f79","https://www.maxpreps.com/ms/football/game/hazlehurst-vs-natchez/9-11-2026/?c=27fe87e0-0733-427e-a61d-8a1dd6dc6f79","/football/ms/87a?9/11/2026","Hazlehurst","Natchez","https://www.maxpreps.com/ms/hazlehurst/football/","https://www.maxpreps.com/ms/natchez/football/","",""
114,"Forrest County Agricultural Brooklyn vs Vancleave",Football,"Mississippi",9/11/2026,TBD,"The Vancleave varsity football team has a game @ Forrest County Agricultural Brooklyn (Mississippi).","/ms/football/game/forrest-county-agricultural-brooklyn-vs-vancleave/9-11-2026/?c=f65428a3-0479-4957-8ce1-f83cc84363b3","https://www.maxpreps.com/ms/football/game/forrest-county-agricultural-brooklyn-vs-vancleave/9-11-2026/?c=f65428a3-0479-4957-8ce1-f83cc84363b3","/football/ms/13a5?9/11/2026","Brooklyn","Vancleave","https://www.maxpreps.com/ms/forrest-county-agricultural-brooklyn/football/","https://www.maxpreps.com/ms/vancleave/football/","",""
115,"Cathedral Natchez vs Enterprise Brookhaven",Football,"Mississippi",9/11/2026,TBD,"The Enterprise Brookhaven varsity football team has a game @ Cathedral Natchez (Mississippi).","/ms/football/game/cathedral-natchez-vs-enterprise-brookhaven/9-11-2026/?c=6b915e5b-d580-4bf1-bb93-8451e9dc44b4","https://www.maxpreps.com/ms/football/game/cathedral-natchez-vs-enterprise-brookhaven/9-11-2026/?c=6b915e5b-d580-4bf1-bb93-8451e9dc44b4","/football/ms/10a2?9/11/2026","Natchez","Brookhaven","https://www.maxpreps.com/ms/cathedral-natchez/football/","https://www.maxpreps.com/ms/enterprise-brookhaven/football/","",""
116,"Newton County Decatur vs Northeast Jones Laurel",Football,"Mississippi",9/11/2026,TBD,"The Northeast Jones Laurel varsity football team has a game @ Newton County Decatur (Mississippi).","/ms/football/game/newton-county-decatur-vs-northeast-jones-laurel/9-11-2026/?c=39ae2099-7609-4445-8972-1d927a57b5b8","https://www.maxpreps.com/ms/football/game/newton-county-decatur-vs-northeast-jones-laurel/9-11-2026/?c=39ae2099-7609-4445-8972-1d927a57b5b8","/football/ms/1298?9/11/2026","Decatur","Laurel","https://www.maxpreps.com/ms/newton-county-decatur/football/","https://www.maxpreps.com/ms/northeast-jones-laurel/football/","",""
117,"Pass Christian vs Presbyterian Christian Hattiesburg",Football,"Mississippi",9/11/2026,TBD,"The Presbyterian Christian Hattiesburg varsity football team has a game @ Pass Christian (Mississippi).","/ms/football/game/pass-christian-vs-presbyterian-christian-hattiesburg/9-11-2026/?c=2a6af43c-5411-482e-a875-670df154a3e2","https://www.maxpreps.com/ms/football/game/pass-christian-vs-presbyterian-christian-hattiesburg/9-11-2026/?c=2a6af43c-5411-482e-a875-670df154a3e2","/football/ms/14c5?9/11/2026","Christian","Hattiesburg","https://www.maxpreps.com/ms/pass-christian/football/","https://www.maxpreps.com/ms/presbyterian-christian-hattiesburg/football/","",""
118,"Hattiesburg vs Oak Grove Hattiesburg",Football,"Mississippi",9/11/2026,TBD,"The Oak Grove Hattiesburg varsity football team has a game @ Hattiesburg (Mississippi).","/ms/football/game/hattiesburg-vs-oak-grove-hattiesburg/9-11-2026/?c=b9e5c0e5-d39b-417c-9c3b-58307337288b","https://www.maxpreps.com/ms/football/game/hattiesburg-vs-oak-grove-hattiesburg/9-11-2026/?c=b9e5c0e5-d39b-417c-9c3b-58307337288b","/football/ms/e3f?9/11/2026","Hattiesburg","Hattiesburg","https://www.maxpreps.com/ms/hattiesburg/football/","https://www.maxpreps.com/ms/oak-grove-hattiesburg/football/","",""
119,"Brandon vs Clinton",Football,"Mississippi",9/11/2026,TBD,"The Clinton varsity football team has a game @ Brandon (Mississippi).","/ms/football/game/brandon-vs-clinton/9-11-2026/?c=c33cd798-4ca8-4997-8ac1-06579271031c","https://www.maxpreps.com/ms/football/game/brandon-vs-clinton/9-11-2026/?c=c33cd798-4ca8-4997-8ac1-06579271031c","/football/ms/71e?9/11/2026","Brandon","Clinton","https://www.maxpreps.com/ms/brandon/football/","https://www.maxpreps.com/ms/clinton/football/","",""
120,"Biggersville Corinth vs East Webster Maben",Football,"Mississippi",9/11/2026,TBD,"The East Webster Maben varsity football team has a game @ Biggersville Corinth (Mississippi).","/ms/football/game/biggersville-corinth-vs-east-webster-maben/9-11-2026/?c=8dbf694a-2223-4031-8da0-598887e9ef14","https://www.maxpreps.com/ms/football/game/biggersville-corinth-vs-east-webster-maben/9-11-2026/?c=8dbf694a-2223-4031-8da0-598887e9ef14","/football/ms/106c?9/11/2026","Corinth","Maben","https://www.maxpreps.com/ms/biggersville-corinth/football/","https://www.maxpreps.com/ms/east-webster-maben/football/","",""
121,"Booneville vs North Panola Sardis",Football,"Mississippi",9/11/2026,TBD,"The North Panola Sardis varsity football team has a game @ Booneville (Mississippi).","/ms/football/game/booneville-vs-north-panola-sardis/9-11-2026/?c=79c40edd-4dc3-4787-9241-dcd05aceaaf6","https://www.maxpreps.com/ms/football/game/booneville-vs-north-panola-sardis/9-11-2026/?c=79c40edd-4dc3-4787-9241-dcd05aceaaf6","/football/ms/cf8?9/11/2026","Booneville","Sardis","https://www.maxpreps.com/ms/booneville/football/","https://www.maxpreps.com/ms/north-panola-sardis/football/","",""
122,"Germantown Madison vs Warren Central Vicksburg",Football,"Mississippi",9/11/2026,TBD,"The Warren Central Vicksburg varsity football team has a game @ Germantown Madison (Mississippi).","/ms/football/game/germantown-madison-vs-warren-central-vicksburg/9-11-2026/?c=011ab1b0-814b-4413-858e-883ff2837559","https://www.maxpreps.com/ms/football/game/germantown-madison-vs-warren-central-vicksburg/9-11-2026/?c=011ab1b0-814b-4413-858e-883ff2837559","/football/ms/123f?9/11/2026","Madison","Vicksburg","https://www.maxpreps.com/ms/germantown-madison/football/","https://www.maxpreps.com/ms/warren-central-vicksburg/football/","",""
123,"Alcorn Central Glen vs North Pontotoc Ecru",Football,"Mississippi",9/11/2026,TBD,"The North Pontotoc Ecru varsity football team has a game @ Alcorn Central Glen (Mississippi).","/ms/football/game/alcorn-central-glen-vs-north-pontotoc-ecru/9-11-2026/?c=6e77383f-de44-4037-9501-d9f1ad329a37","https://www.maxpreps.com/ms/football/game/alcorn-central-glen-vs-north-pontotoc-ecru/9-11-2026/?c=6e77383f-de44-4037-9501-d9f1ad329a37","/football/ms/1055?9/11/2026","Glen","Ecru","https://www.maxpreps.com/ms/alcorn-central-glen/football/","https://www.maxpreps.com/ms/north-pontotoc-ecru/football/","",""
124,"North Pike Summit vs Terry",Football,"Mississippi",9/11/2026,TBD,"The Terry varsity football team has a game @ North Pike Summit (Mississippi).","/ms/football/game/north-pike-summit-vs-terry/9-11-2026/?c=3ba918c7-887d-47e9-9e1b-3342caa78e1f","https://www.maxpreps.com/ms/football/game/north-pike-summit-vs-terry/9-11-2026/?c=3ba918c7-887d-47e9-9e1b-3342caa78e1f","/football/ms/a46?9/11/2026","Summit","Terry","https://www.maxpreps.com/ms/north-pike-summit/football/","https://www.maxpreps.com/ms/terry/football/","",""
125,"Coahoma County Red Panthers Clarksdale vs Palmer Marks",Football,"Mississippi",9/11/2026,TBD,"The Palmer Marks varsity football team has a game @ Coahoma County Red Panthers Clarksdale (Mississippi).","/ms/football/game/coahoma-county-red-panthers-clarksdale-vs-palmer-marks/9-11-2026/?c=1632f238-8959-4a3c-a8ac-d3e0fa36cc4a","https://www.maxpreps.com/ms/football/game/coahoma-county-red-panthers-clarksdale-vs-palmer-marks/9-11-2026/?c=1632f238-8959-4a3c-a8ac-d3e0fa36cc4a","/football/ms/14f3?9/11/2026","Clarksdale","Marks","https://www.maxpreps.com/ms/coahoma-county-red-panthers-clarksdale/football/","https://www.maxpreps.com/ms/palmer-marks/football/","",""
126,"French Camp Academy vs Vardaman",Football,"Mississippi",9/11/2026,TBD,"The Vardaman varsity football team has a game @ French Camp Academy (Mississippi).","/ms/football/game/french-camp-academy-vs-vardaman/9-11-2026/?c=e402b610-c8e5-4ba2-b900-6466c102b7c6","https://www.maxpreps.com/ms/football/game/french-camp-academy-vs-vardaman/9-11-2026/?c=e402b610-c8e5-4ba2-b900-6466c102b7c6","/football/ms/bd2?9/11/2026","Academy","Vardaman","https://www.maxpreps.com/ms/french-camp-academy/football/","https://www.maxpreps.com/ms/vardaman/football/","",""
127,"Hamilton vs Nanih Waiya Louisville",Football,"Mississippi",9/11/2026,TBD,"The Nanih Waiya Louisville varsity football team has a game @ Hamilton (Mississippi).","/ms/football/game/hamilton-vs-nanih-waiya-louisville/9-11-2026/?c=4aa7d38c-6a5e-400c-bf71-0804ae53541e","https://www.maxpreps.com/ms/football/game/hamilton-vs-nanih-waiya-louisville/9-11-2026/?c=4aa7d38c-6a5e-400c-bf71-0804ae53541e","/football/ms/d6a?9/11/2026","Hamilton","Louisville","https://www.maxpreps.com/ms/hamilton/football/","https://www.maxpreps.com/ms/nanih-waiya-louisville/football/","",""
128,"Horn Lake vs Olive Branch",Football,"Mississippi",9/11/2026,TBD,"The Olive Branch varsity football team has a game @ Horn Lake (Mississippi).","/ms/football/game/horn-lake-vs-olive-branch/9-11-2026/?c=bed691c8-03ec-4b63-8564-a3d1e9019ef3","https://www.maxpreps.com/ms/football/game/horn-lake-vs-olive-branch/9-11-2026/?c=bed691c8-03ec-4b63-8564-a3d1e9019ef3","/football/ms/97e?9/11/2026","Lake","Branch","https://www.maxpreps.com/ms/horn-lake/football/","https://www.maxpreps.com/ms/olive-branch/football/","",""
129,"Byers Holly Springs vs East Union Blue Springs",Football,"Mississippi",9/11/2026,TBD,"The East Union Blue Springs varsity football team has a game @ Byers Holly Springs (Mississippi).","/ms/football/game/byers-holly-springs-vs-east-union-blue-springs/9-11-2026/?c=bbb36693-7124-4a52-b387-43d2672ce4b1","https://www.maxpreps.com/ms/football/game/byers-holly-springs-vs-east-union-blue-springs/9-11-2026/?c=bbb36693-7124-4a52-b387-43d2672ce4b1","/football/ms/11fb?9/11/2026","Springs","Springs","https://www.maxpreps.com/ms/byers-holly-springs/football/","https://www.maxpreps.com/ms/east-union-blue-springs/football/","",""
130,"Amite School Center Liberty vs St Patrick Biloxi",Football,"Mississippi",9/11/2026,TBD,"The St Patrick Biloxi varsity football team has a game @ Amite School Center Liberty (Mississippi).","/ms/football/game/amite-school-center-liberty-vs-st-patrick-biloxi/9-11-2026/?c=1f8e5f49-fb1a-4449-a477-b372b3042e8d","https://www.maxpreps.com/ms/football/game/amite-school-center-liberty-vs-st-patrick-biloxi/9-11-2026/?c=1f8e5f49-fb1a-4449-a477-b372b3042e8d","/football/ms/1294?9/11/2026","Liberty","Biloxi","https://www.maxpreps.com/ms/amite-school-center-liberty/football/","https://www.maxpreps.com/ms/st-patrick-biloxi/football/","",""
131,"Parklane Academy Mccomb Ms vs Silliman Institute Clinton La",Football,"Mississippi",9/11/2026,TBD,"The Silliman Institute Clinton La varsity football team has a game @ Parklane Academy Mccomb Ms (Mississippi).","/inter-state/football/game/parklane-academy-mccomb-ms-vs-silliman-institute-clinton-la/9-11-2026/?c=a9f30aee-274e-49ae-91a7-2396d33c063e","https://www.maxpreps.com/inter-state/football/game/parklane-academy-mccomb-ms-vs-silliman-institute-clinton-la/9-11-2026/?c=a9f30aee-274e-49ae-91a7-2396d33c063e","/football/ms/16ca?9/11/2026","Ms","La","https://www.maxpreps.com/ms/parklane-academy-mccomb-ms/football/","https://www.maxpreps.com/ms/silliman-institute-clinton-la/football/","",""
132,"North Side Shelby vs Shaw",Football,"Mississippi",9/11/2026,TBD,"The Shaw varsity football team has a game @ North Side Shelby (Mississippi).","/ms/football/game/north-side-shelby-vs-shaw/9-11-2026/?c=7842b146-b92c-4cf2-960b-fcc3adee5c5c","https://www.maxpreps.com/ms/football/game/north-side-shelby-vs-shaw/9-11-2026/?c=7842b146-b92c-4cf2-960b-fcc3adee5c5c","/football/ms/9a7?9/11/2026","Shelby","Shaw","https://www.maxpreps.com/ms/north-side-shelby/football/","https://www.maxpreps.com/ms/shaw/football/","",""
133,"Clarkdale Meridian vs Pelahatchie",Football,"Mississippi",9/11/2026,TBD,"The Pelahatchie varsity football team has a game @ Clarkdale Meridian (Mississippi).","/ms/football/game/clarkdale-meridian-vs-pelahatchie/9-11-2026/?c=ed9d6db7-a431-48d5-8a16-4736db270a70","https://www.maxpreps.com/ms/football/game/clarkdale-meridian-vs-pelahatchie/9-11-2026/?c=ed9d6db7-a431-48d5-8a16-4736db270a70","/football/ms/cd4?9/11/2026","Meridian","Pelahatchie","https://www.maxpreps.com/ms/clarkdale-meridian/football/","https://www.maxpreps.com/ms/pelahatchie/football/","",""
134,"Pisgah Sandhill vs Sebastopol",Football,"Mississippi",9/11/2026,TBD,"The Sebastopol varsity football team has a game @ Pisgah Sandhill (Mississippi).","/ms/football/game/pisgah-sandhill-vs-sebastopol/9-11-2026/?c=847c47fc-d08d-4c28-88b5-d286e65e9793","https://www.maxpreps.com/ms/football/game/pisgah-sandhill-vs-sebastopol/9-11-2026/?c=847c47fc-d08d-4c28-88b5-d286e65e9793","/football/ms/b77?9/11/2026","Sandhill","Sebastopol","https://www.maxpreps.com/ms/pisgah-sandhill/football/","https://www.maxpreps.com/ms/sebastopol/football/","",""
135,"Gentry Indianola vs Humphreys County Belzoni",Football,"Mississippi",9/11/2026,TBD,"The Humphreys County Belzoni varsity football team has a game @ Gentry Indianola (Mississippi).","/ms/football/game/gentry-indianola-vs-humphreys-county-belzoni/9-11-2026/?c=0ac94e3a-567a-44c1-b179-d24888504380","https://www.maxpreps.com/ms/football/game/gentry-indianola-vs-humphreys-county-belzoni/9-11-2026/?c=0ac94e3a-567a-44c1-b179-d24888504380","/football/ms/118c?9/11/2026","Indianola","Belzoni","https://www.maxpreps.com/ms/gentry-indianola/football/","https://www.maxpreps.com/ms/humphreys-county-belzoni/football/","",""
136,"Lumberton vs West Marion Foxworth",Football,"Mississippi",9/11/2026,TBD,"The West Marion Foxworth varsity football team has a game @ Lumberton (Mississippi).","/ms/football/game/lumberton-vs-west-marion-foxworth/9-11-2026/?c=5e2767bc-6f21-4707-bb61-248c5321fe3a","https://www.maxpreps.com/ms/football/game/lumberton-vs-west-marion-foxworth/9-11-2026/?c=5e2767bc-6f21-4707-bb61-248c5321fe3a","/football/ms/d3f?9/11/2026","Lumberton","Foxworth","https://www.maxpreps.com/ms/lumberton/football/","https://www.maxpreps.com/ms/west-marion-foxworth/football/","",""
137,"Ridgeland vs Vicksburg",Football,"Mississippi",9/11/2026,TBD,"The Vicksburg varsity football team has a game @ Ridgeland (Mississippi).","/ms/football/game/ridgeland-vs-vicksburg/9-11-2026/?c=ca5703dc-409e-4bc5-8afe-aad9805b5822","https://www.maxpreps.com/ms/football/game/ridgeland-vs-vicksburg/9-11-2026/?c=ca5703dc-409e-4bc5-8afe-aad9805b5822","/football/ms/8bd?9/11/2026","Ridgeland","Vicksburg","https://www.maxpreps.com/ms/ridgeland/football/","https://www.maxpreps.com/ms/vicksburg/football/","",""
138,"Jackson Prep vs Tri County Academy Flora",Football,"Mississippi",9/11/2026,TBD,"The Tri County Academy Flora varsity football team has a game @ Jackson Prep (Mississippi).","/ms/football/game/jackson-prep-vs-tri-county-academy-flora/9-11-2026/?c=4505a773-eb22-43cd-935a-3ebcf4b9ec1c","https://www.maxpreps.com/ms/football/game/jackson-prep-vs-tri-county-academy-flora/9-11-2026/?c=4505a773-eb22-43cd-935a-3ebcf4b9ec1c","/football/ms/f70?9/11/2026","Prep","Flora","https://www.maxpreps.com/ms/jackson-prep/football/","https://www.maxpreps.com/ms/tri-county-academy-flora/football/","",""
139,"Brookhaven vs Madison Central",Football,"Mississippi",9/11/2026,TBD,"The Madison Central varsity football team has a game @ Brookhaven (Mississippi).","/ms/football/game/brookhaven-vs-madison-central/9-11-2026/?c=6a04d110-d8ab-44b1-9990-2faa838c1c28","https://www.maxpreps.com/ms/football/game/brookhaven-vs-madison-central/9-11-2026/?c=6a04d110-d8ab-44b1-9990-2faa838c1c28","/football/ms/b73?9/11/2026","Brookhaven","Central","https://www.maxpreps.com/ms/brookhaven/football/","https://www.maxpreps.com/ms/madison-central/football/","",""
140,"Richton vs Salem Tylertown",Football,"Mississippi",9/11/2026,TBD,"The Salem Tylertown varsity football team has a game @ Richton (Mississippi).","/ms/football/game/richton-vs-salem-tylertown/9-11-2026/?c=d52e6fc0-741f-4ac9-bb34-ccbc5ab88301","https://www.maxpreps.com/ms/football/game/richton-vs-salem-tylertown/9-11-2026/?c=d52e6fc0-741f-4ac9-bb34-ccbc5ab88301","/football/ms/a71?9/11/2026","Richton","Tylertown","https://www.maxpreps.com/ms/richton/football/","https://www.maxpreps.com/ms/salem-tylertown/football/","",""
141,"Jz George North Carrollton vs Mcadams",Football,"Mississippi",9/11/2026,TBD,"The Mcadams varsity football team has a game @ Jz George North Carrollton (Mississippi).","/ms/football/game/jz-george-north-carrollton-vs-mcadams/9-11-2026/?c=f0aa5fd7-b37e-4713-a419-89aac05d5e8d","https://www.maxpreps.com/ms/football/game/jz-george-north-carrollton-vs-mcadams/9-11-2026/?c=f0aa5fd7-b37e-4713-a419-89aac05d5e8d","/football/ms/e68?9/11/2026","Carrollton","Mcadams","https://www.maxpreps.com/ms/jz-george-north-carrollton/football/","https://www.maxpreps.com/ms/mcadams/football/","",""
142,"Newton vs Quitman",Football,"Mississippi",9/11/2026,TBD,"The Quitman varsity football team has a game @ Newton (Mississippi).","/ms/football/game/newton-vs-quitman/9-11-2026/?c=1bbce272-3d6c-4d4c-bb33-26e45716090e","https://www.maxpreps.com/ms/football/game/newton-vs-quitman/9-11-2026/?c=1bbce272-3d6c-4d4c-bb33-26e45716090e","/football/ms/6dd?9/11/2026","Newton","Quitman","https://www.maxpreps.com/ms/newton/football/","https://www.maxpreps.com/ms/quitman/football/","",""
143,"Obannon Greenville vs West Bolivar Rosedale",Football,"Mississippi",9/11/2026,TBD,"The West Bolivar Rosedale varsity football team has a game @ Obannon Greenville (Mississippi).","/ms/football/game/obannon-greenville-vs-west-bolivar-rosedale/9-11-2026/?c=4f44b6ac-9739-4f55-9584-93b1a63f1f1c","https://www.maxpreps.com/ms/football/game/obannon-greenville-vs-west-bolivar-rosedale/9-11-2026/?c=4f44b6ac-9739-4f55-9584-93b1a63f1f1c","/football/ms/10e3?9/11/2026","Greenville","Rosedale","https://www.maxpreps.com/ms/obannon-greenville/football/","https://www.maxpreps.com/ms/west-bolivar-rosedale/football/","",""
144,"Canton Academy vs Manchester Academy Yazoo City",Football,"Mississippi",9/11/2026,TBD,"The Manchester Academy Yazoo City varsity football team has a game @ Canton Academy (Mississippi).","/ms/football/game/canton-academy-vs-manchester-academy-yazoo-city/9-11-2026/?c=a8759bdc-7800-4e34-ae2a-054f362b83c6","https://www.maxpreps.com/ms/football/game/canton-academy-vs-manchester-academy-yazoo-city/9-11-2026/?c=a8759bdc-7800-4e34-ae2a-054f362b83c6","/football/ms/1237?9/11/2026","Academy","City","https://www.maxpreps.com/ms/canton-academy/football/","https://www.maxpreps.com/ms/manchester-academy-yazoo-city/football/","",""
145,"Riverfield Academy Rayville La vs St Aloysius Vicksburg Ms",Football,"Mississippi",9/11/2026,TBD,"The St Aloysius Vicksburg Ms varsity football team has a game @ Riverfield Academy Rayville La (Mississippi).","/inter-state/football/game/riverfield-academy-rayville-la-vs-st-aloysius-vicksburg-ms/9-11-2026/?c=7b7793f8-9f21-4807-aed7-a7cdfe1ca60b","https://www.maxpreps.com/inter-state/football/game/riverfield-academy-rayville-la-vs-st-aloysius-vicksburg-ms/9-11-2026/?c=7b7793f8-9f21-4807-aed7-a7cdfe1ca60b","/football/ms/1696?9/11/2026","La","Ms","https://www.maxpreps.com/ms/riverfield-academy-rayville-la/football/","https://www.maxpreps.com/ms/st-aloysius-vicksburg-ms/football/","",""
146,"Christ Covenant Ridgeland vs Prentiss Christian",Football,"Mississippi",9/11/2026,TBD,"The Prentiss Christian varsity football team has a game @ Christ Covenant Ridgeland (Mississippi).","/ms/football/game/christ-covenant-ridgeland-vs-prentiss-christian/9-11-2026/?c=9e62affa-b1ba-4600-bf5d-f2367a587484","https://www.maxpreps.com/ms/football/game/christ-covenant-ridgeland-vs-prentiss-christian/9-11-2026/?c=9e62affa-b1ba-4600-bf5d-f2367a587484","/football/ms/129c?9/11/2026","Ridgeland","Christian","https://www.maxpreps.com/ms/christ-covenant-ridgeland/football/","https://www.maxpreps.com/ms/prentiss-christian/football/","",""
147,"Itawamba Agricultural Fulton vs New Albany",Football,"Mississippi",9/11/2026,TBD,"The New Albany varsity football team has a game @ Itawamba Agricultural Fulton (Mississippi).","/ms/football/game/itawamba-agricultural-fulton-vs-new-albany/9-11-2026/?c=c32eeb05-8c55-485b-9415-4e73366c7313","https://www.maxpreps.com/ms/football/game/itawamba-agricultural-fulton-vs-new-albany/9-11-2026/?c=c32eeb05-8c55-485b-9415-4e73366c7313","/football/ms/1078?9/11/2026","Fulton","Albany","https://www.maxpreps.com/ms/itawamba-agricultural-fulton/football/","https://www.maxpreps.com/ms/new-albany/football/","",""
148,"Clinton Christian Academy vs Faithful Explorers Alc Byram",Football,"Mississippi",9/11/2026,TBD,"The Faithful Explorers Alc Byram varsity football team has a game @ Clinton Christian Academy (Mississippi).","/ms/football/game/clinton-christian-academy-vs-faithful-explorers-alc-byram/9-11-2026/?c=2bf8f29f-e26b-4b26-8551-e0c5d6ae3518","https://www.maxpreps.com/ms/football/game/clinton-christian-academy-vs-faithful-explorers-alc-byram/9-11-2026/?c=2bf8f29f-e26b-4b26-8551-e0c5d6ae3518","/football/ms/1636?9/11/2026","Academy","Byram","https://www.maxpreps.com/ms/clinton-christian-academy/football/","https://www.maxpreps.com/ms/faithful-explorers-alc-byram/football/","",""
149,"Coffeeville vs Water Valley",Football,"Mississippi",9/11/2026,TBD,"The Water Valley varsity football team has a game @ Coffeeville (Mississippi).","/ms/football/game/coffeeville-vs-water-valley/9-11-2026/?c=1a16f821-777c-4a74-9480-a54c3aaee137","https://www.maxpreps.com/ms/football/game/coffeeville-vs-water-valley/9-11-2026/?c=1a16f821-777c-4a74-9480-a54c3aaee137","/football/ms/aa4?9/11/2026","Coffeeville","Valley","https://www.maxpreps.com/ms/coffeeville/football/","https://www.maxpreps.com/ms/water-valley/football/","",""
150,"Hough Cornelius vs Mooresville",Football,"Mississippi",9/11/2026,TBD,"The Mooresville varsity football team has a game @ Hough Cornelius (Mississippi).","/nc/football/game/hough-cornelius-vs-mooresville/9-11-2026/?c=78fdc4c3-598d-4cd1-bd56-8c33179f662f","https://www.maxpreps.com/nc/football/game/hough-cornelius-vs-mooresville/9-11-2026/?c=78fdc4c3-598d-4cd1-bd56-8c33179f662f","/football/ms/c10?9/11/2026","Cornelius","Mooresville","https://www.maxpreps.com/ms/hough-cornelius/football/","https://www.maxpreps.com/ms/mooresville/football/","",""
151,"Avon vs Brownsburg",Football,"Mississippi",9/11/2026,TBD,"The Brownsburg varsity football team has a game @ Avon (Mississippi).","/in/football/game/avon-vs-brownsburg/9-11-2026/?c=fb981d1b-5b6b-4a65-88fc-783844ed5107","https://www.maxpreps.com/in/football/game/avon-vs-brownsburg/9-11-2026/?c=fb981d1b-5b6b-4a65-88fc-783844ed5107","/football/ms/742?9/11/2026","Avon","Brownsburg","https://www.maxpreps.com/ms/avon/football/","https://www.maxpreps.com/ms/brownsburg/football/","",""
152,"Dematha Hyattsville Md vs Roman Catholic Philadelphia Pa",Football,"Mississippi",9/11/2026,TBD,"The Roman Catholic Philadelphia Pa varsity football team has a game @ Dematha Hyattsville Md (Mississippi).","/inter-state/football/game/dematha-hyattsville-md-vs-roman-catholic-philadelphia-pa/9-11-2026/?c=d46ffe06-9487-4a7d-a83a-8a091959205b","https://www.maxpreps.com/inter-state/football/game/dematha-hyattsville-md-vs-roman-catholic-philadelphia-pa/9-11-2026/?c=d46ffe06-9487-4a7d-a83a-8a091959205b","/football/ms/159c?9/11/2026","Md","Pa","https://www.maxpreps.com/ms/dematha-hyattsville-md/football/","https://www.maxpreps.com/ms/roman-catholic-philadelphia-pa/football/","",""
153,"Carrollton vs Hapeville Charter Stingers Atlanta",Football,"Mississippi",9/11/2026,TBD,"The Hapeville Charter Stingers Atlanta varsity football team has a game @ Carrollton (Mississippi).","/ga/football/game/carrollton-vs-hapeville-charter-stingers-atlanta/9-11-2026/?c=7c401b1a-e6da-48d9-823e-40255e31cd31","https://www.maxpreps.com/ga/football/game/carrollton-vs-hapeville-charter-stingers-atlanta/9-11-2026/?c=7c401b1a-e6da-48d9-823e-40255e31cd31","/football/ms/1301?9/11/2026","Carrollton","Atlanta","https://www.maxpreps.com/ms/carrollton/football/","https://www.maxpreps.com/ms/hapeville-charter-stingers-atlanta/football/","",""
154,"Lithonia vs Thomas County Central Thomasville",Football,"Mississippi",9/11/2026,TBD,"The Thomas County Central Thomasville varsity football team has a game @ Lithonia (Mississippi).","/ga/football/game/lithonia-vs-thomas-county-central-thomasville/9-11-2026/?c=09299464-00ae-4a9a-a79a-0771949f1008","https://www.maxpreps.com/ga/football/game/lithonia-vs-thomas-county-central-thomasville/9-11-2026/?c=09299464-00ae-4a9a-a79a-0771949f1008","/football/ms/11e1?9/11/2026","Lithonia","Thomasville","https://www.maxpreps.com/ms/lithonia/football/","https://www.maxpreps.com/ms/thomas-county-central-thomasville/football/","",""
155,"Colquitt County Norman Park vs Lee County Leesburg",Football,"Mississippi",9/11/2026,TBD,"The Lee County Leesburg varsity football team has a game @ Colquitt County Norman Park (Mississippi).","/ga/football/game/colquitt-county-norman-park-vs-lee-county-leesburg/9-11-2026/?c=b49fec66-3b05-43bc-bb7e-daa1c88ac2c6","https://www.maxpreps.com/ga/football/game/colquitt-county-norman-park-vs-lee-county-leesburg/9-11-2026/?c=b49fec66-3b05-43bc-bb7e-daa1c88ac2c6","/football/ms/13a5?9/11/2026","Park","Leesburg","https://www.maxpreps.com/ms/colquitt-county-norman-park/football/","https://www.maxpreps.com/ms/lee-county-leesburg/football/","",""
156,"Bryant Ar vs St Frances Academy Baltimore Md",Football,"Mississippi",9/11/2026,TBD,"The St Frances Academy Baltimore Md varsity football team has a game @ Bryant Ar (Mississippi).","/inter-state/football/game/bryant-ar-vs-st-frances-academy-baltimore-md/9-11-2026/?c=1d33d517-765b-4f3c-ab59-08df8a7f9623","https://www.maxpreps.com/inter-state/football/game/bryant-ar-vs-st-frances-academy-baltimore-md/9-11-2026/?c=1d33d517-765b-4f3c-ab59-08df8a7f9623","/football/ms/10b4?9/11/2026","Ar","Md","https://www.maxpreps.com/ms/bryant-ar/football/","https://www.maxpreps.com/ms/st-frances-academy-baltimore-md/football/","",""
157,"Allen vs Southlake Carroll",Football,"Mississippi",9/11/2026,TBD,"The Southlake Carroll varsity football team has a game @ Allen (Mississippi).","/tx/football/game/allen-vs-southlake-carroll/9-11-2026/?c=98b7834d-8d9e-499b-8220-fb83722f7794","https://www.maxpreps.com/tx/football/game/allen-vs-southlake-carroll/9-11-2026/?c=98b7834d-8d9e-499b-8220-fb83722f7794","/football/ms/a3b?9/11/2026","Allen","Carroll","https://www.maxpreps.com/ms/allen/football/","https://www.maxpreps.com/ms/southlake-carroll/football/","",""
158,"Baylor Chattanooga Tn vs Trinity Louisville Ky",Football,"Mississippi",9/11/2026,TBD,"The Trinity Louisville Ky varsity football team has a game @ Baylor Chattanooga Tn (Mississippi).","/inter-state/football/game/baylor-chattanooga-tn-vs-trinity-louisville-ky/9-11-2026/?c=359fcfc4-764a-4672-9fe9-4297aa2d4f75","https://www.maxpreps.com/inter-state/football/game/baylor-chattanooga-tn-vs-trinity-louisville-ky/9-11-2026/?c=359fcfc4-764a-4672-9fe9-4297aa2d4f75","/football/ms/122a?9/11/2026","Tn","Ky","https://www.maxpreps.com/ms/baylor-chattanooga-tn/football/","https://www.maxpreps.com/ms/trinity-louisville-ky/football/","",""
159,"Spain Park Hoover vs Thompson Alabaster",Football,"Mississippi",9/11/2026,TBD,"The Thompson Alabaster varsity football team has a game @ Spain Park Hoover (Mississippi).","/al/football/game/spain-park-hoover-vs-thompson-alabaster/9-11-2026/?c=84bd3eb2-7393-499d-98f7-8fd8456e89b7","https://www.maxpreps.com/al/football/game/spain-park-hoover-vs-thompson-alabaster/9-11-2026/?c=84bd3eb2-7393-499d-98f7-8fd8456e89b7","/football/ms/f4d?9/11/2026","Hoover","Alabaster","https://www.maxpreps.com/ms/spain-park-hoover/football/","https://www.maxpreps.com/ms/thompson-alabaster/football/","",""
160,"North Crowley Fort Worth vs Summer Creek Houston",Football,"Mississippi",9/11/2026,TBD,"The Summer Creek Houston varsity football team has a game @ North Crowley Fort Worth (Mississippi).","/tx/football/game/north-crowley-fort-worth-vs-summer-creek-houston/9-11-2026/?c=5d4c54cf-2deb-4093-8ef1-206a0a37f850","https://www.maxpreps.com/tx/football/game/north-crowley-fort-worth-vs-summer-creek-houston/9-11-2026/?c=5d4c54cf-2deb-4093-8ef1-206a0a37f850","/football/ms/12f6?9/11/2026","Worth","Houston","https://www.maxpreps.com/ms/north-crowley-fort-worth/football/","https://www.maxpreps.com/ms/summer-creek-houston/football/","",""
161,"Kahuku Hi vs St John Bosco Bellflower Ca",Football,"Mississippi",9/11/2026,TBD,"The St John Bosco Bellflower Ca varsity football team has a game @ Kahuku Hi (Mississippi).","/inter-state/football/game/kahuku-hi-vs-st-john-bosco-bellflower-ca/9-11-2026/?c=a5b8b7f2-7082-4369-a81f-62bc5f4a08b3","https://www.maxpreps.com/inter-state/football/game/kahuku-hi-vs-st-john-bosco-bellflower-ca/9-11-2026/?c=a5b8b7f2-7082-4369-a81f-62bc5f4a08b3","/football/ms/f1c?9/11/2026","Hi","Ca","https://www.maxpreps.com/ms/kahuku-hi/football/","https://www.maxpreps.com/ms/st-john-bosco-bellflower-ca/football/","",""
162,"Centennial Corona vs Mater Dei Santa Ana",Football,"Mississippi",9/11/2026,TBD,"The Mater Dei Santa Ana varsity football team has a game @ Centennial Corona (Mississippi).","/ca/football/game/centennial-corona-vs-mater-dei-santa-ana/9-11-2026/?c=603cf5d1-bc89-4ad9-83a8-572c9ec5de87","https://www.maxpreps.com/ca/football/game/centennial-corona-vs-mater-dei-santa-ana/9-11-2026/?c=603cf5d1-bc89-4ad9-83a8-572c9ec5de87","/football/ms/f2c?9/11/2026","Corona","Ana","https://www.maxpreps.com/ms/centennial-corona/football/","https://www.maxpreps.com/ms/mater-dei-santa-ana/football/","",""
163,"Hamilton Chandler vs Perry Gilbert",Football,"Mississippi",9/11/2026,TBD,"The Perry Gilbert varsity football team has a game @ Hamilton Chandler (Mississippi).","/az/football/game/hamilton-chandler-vs-perry-gilbert/9-11-2026/?c=18a76e1d-c1da-42fe-b8b5-ff164e21d187","https://www.maxpreps.com/az/football/game/hamilton-chandler-vs-perry-gilbert/9-11-2026/?c=18a76e1d-c1da-42fe-b8b5-ff164e21d187","/football/ms/d55?9/11/2026","Chandler","Gilbert","https://www.maxpreps.com/ms/hamilton-chandler/football/","https://www.maxpreps.com/ms/perry-gilbert/football/","",""
1,"Unity Christian Academy vs SAHE",Football,"Mississippi",9/12/2026,7:00pm,"The Unity Christian Academy varsity football team has an away conference game @  SAHE (Brandon, MS) on Saturday, September 12 @ 7p.","/ms/football/game/sahe-brandon-vs-unity-christian-academy-leland/9-12-2026/?c=3f0896fe-abb5-4b07-8ee3-e96b6751b03a","https://www.maxpreps.com/ms/football/game/sahe-brandon-vs-unity-christian-academy-leland/9-12-2026/?c=3f0896fe-abb5-4b07-8ee3-e96b6751b03a","/football/ms/11be?9/12/2026","Soldiers","Warriors","https://www.maxpreps.com/ms/sahe-brandon/football/","https://www.maxpreps.com/ms/unity-christian-academy-leland/football/","https://hsfootball.net/proxy.php?url=https%3A%2F%2Fimage.maxpreps.io%2Fschool-mascot%2F1%2F5%2F2%2F152805af-6191-4fbe-883b-916a6202a521.gif%3Fversion%3D636957671400000000%26amp%3Bwidth%3D128%26amp%3Bheight%3D128%26amp%3Bauto%3Dwebp%26amp%3Bformat%3Dpjpg","https://hsfootball.net/proxy.php?url=https%3A%2F%2Fimage.maxpreps.io%2Fschool-mascot%2F1%2F5%2F2%2F152805af-6191-4fbe-883b-916a6202a521.gif%3Fversion%3D636957671400000000%26amp%3Bwidth%3D64%26amp%3Bheight%3D64%26amp%3Bauto%3Dwebp%26amp%3Bformat%3Dpjpg"
2,"Gulf Coast Elite Homeschool vs Meridian HomeSchool",Football,"Mississippi",9/12/2026,7:00pm,"The Gulf Coast Elite Homeschool varsity football team has an away conference game @  Meridian HomeSchool (Meridian, MS) on Saturday, September 12 @ 7p.","/ms/football/game/gulf-coast-elite-homeschool-pascagoula-vs-meridian-homeschool/9-12-2026/?c=d5474bfe-b31d-4532-8fe7-5092f3a767f1","https://www.maxpreps.com/ms/football/game/gulf-coast-elite-homeschool-pascagoula-vs-meridian-homeschool/9-12-2026/?c=d5474bfe-b31d-4532-8fe7-5092f3a767f1","/football/ms/17ca?9/12/2026","Elite","FLYERS","https://www.maxpreps.com/ms/gulf-coast-elite-homeschool-pascagoula/football/","https://www.maxpreps.com/ms/meridian-homeschool/football/","https://hsfootball.net/proxy.php?url=https%3A%2F%2Fimage.maxpreps.io%2Fschool-mascot%2F3%2F1%2Fb%2F31bdfaa6-2b9e-444d-bcd2-debe0293cebe.gif%3Fversion%3D639207387183606690%26amp%3Bwidth%3D128%26amp%3Bheight%3D128%26amp%3Bauto%3Dwebp%26amp%3Bformat%3Dpjpg","https://hsfootball.net/proxy.php?url=https%3A%2F%2Fimage.maxpreps.io%2Fschool-mascot%2F2%2F6%2F7%2F267c5d90-7f68-4fac-b84d-39e6adaa3391.gif%3Fversion%3D639165913724812710%26amp%3Bwidth%3D128%26amp%3Bheight%3D128%26amp%3Bauto%3Dwebp%26amp%3Bformat%3Dpjpg"
3,"Magnolia vs Pine Belt",Football,"Mississippi",9/12/2026,7:00pm,"The Magnolia varsity football team has an away conference game @  Pine Belt (Hattiesburg, MS) on Saturday, September 12 @ 7p.","/ms/football/game/magnolia-terry-vs-pine-belt-hattiesburg/9-12-2026/?c=1c817e9a-fdde-4498-b2ca-7447e48da61a","https://www.maxpreps.com/ms/football/game/magnolia-terry-vs-pine-belt-hattiesburg/9-12-2026/?c=1c817e9a-fdde-4498-b2ca-7447e48da61a","/football/ms/f3d?9/12/2026","Wildcats","Spartans","https://www.maxpreps.com/ms/magnolia-terry/football/","https://www.maxpreps.com/ms/pine-belt-hattiesburg/football/","https://hsfootball.net/proxy.php?url=https%3A%2F%2Fimage.maxpreps.io%2Fschool-mascot%2Fb%2F3%2F3%2Fb33f05db-9ce1-43f2-b77a-ffdee2509a8e.gif%3Fversion%3D638488129200000000%26amp%3Bwidth%3D128%26amp%3Bheight%3D128%26amp%3Bauto%3Dwebp%26amp%3Bformat%3Dpjpg","https://hsfootball.net/proxy.php?url=https%3A%2F%2Fimage.maxpreps.io%2Fschool-mascot%2F3%2Fe%2Fb%2F3ebfd6a5-7ab9-4f3a-a48e-73e6d25a6de9.gif%3Fversion%3D638735651789623290%26amp%3Bwidth%3D128%26amp%3Bheight%3D128%26amp%3Bauto%3Dwebp%26amp%3Bformat%3Dpjpg"
4,"Inderkum vs Santa Margarita",Football,"Mississippi",9/12/2026,8:10pm,"The Inderkum varsity football team has a neutral non-conference game vs.  Santa Margarita (Rancho Santa Margarita, CA) on Saturday, September 12 @ 8:10p.","/ca/football/game/inderkum-sacramento-vs-santa-margarita-rancho-santa-margarita/9-12-2026/?c=21fdf804-b7af-4df0-8cbb-f3095027368d","https://www.maxpreps.com/ca/football/game/inderkum-sacramento-vs-santa-margarita-rancho-santa-margarita/9-12-2026/?c=21fdf804-b7af-4df0-8cbb-f3095027368d","/football/ms/17c9?9/12/2026","Tigers","Eagles","https://www.maxpreps.com/ms/inderkum-sacramento/football/","https://www.maxpreps.com/ms/santa-margarita-rancho-santa-margarita/football/","https://hsfootball.net/proxy.php?url=https%3A%2F%2Fimage.maxpreps.io%2Fschool-mascot%2F4%2F6%2F6%2F4661f37c-4ffa-40cf-b937-9f7590b1a6a0.gif%3Fversion%3D635887127400000000%26amp%3Bwidth%3D128%26amp%3Bheight%3D128%26amp%3Bauto%3Dwebp%26amp%3Bformat%3Dpjpg","https://hsfootball.net/proxy.php?url=https%3A%2F%2Fimage.maxpreps.io%2Fschool-mascot%2Ff%2Ff%2F4%2Fff429903-681b-4ad1-abd7-356a7492395e.gif%3Fversion%3D636830746200000000%26amp%3Bwidth%3D128%26amp%3Bheight%3D128%26amp%3Bauto%3Dwebp%26amp%3Bformat%3Dpjpg"
1,"Canton vs Forest Hill",Football,"Mississippi",9/17/2026,7:00pm,"The Canton varsity football team has an away non-conference game @  Forest Hill (Jackson, MS) on Thursday, September 17 @ 7p.","/ms/football/game/canton-vs-forest-hill-jackson/9-17-2026/?c=814c8518-f2a0-4740-8754-606ed7cf96f8","https://www.maxpreps.com/ms/football/game/canton-vs-forest-hill-jackson/9-17-2026/?c=814c8518-f2a0-4740-8754-606ed7cf96f8","/football/ms/b45?9/17/2026","Tigers","Patriots","https://www.maxpreps.com/ms/canton/football/","https://www.maxpreps.com/ms/forest-hill-jackson/football/","https://hsfootball.net/proxy.php?url=https%3A%2F%2Fimage.maxpreps.io%2Fschool-mascot%2F0%2Fa%2F5%2F0a53dd15-3b6d-4cd0-9869-a734151f86ab.gif%3Fversion%3D635763582600000000%26amp%3Bwidth%3D128%26amp%3Bheight%3D128%26amp%3Bauto%3Dwebp%26amp%3Bformat%3Dpjpg","https://hsfootball.net/proxy.php?url=https%3A%2F%2Fimage.maxpreps.io%2Fschool-mascot%2F3%2F0%2F6%2F3061af74-89dd-4a0e-ac7c-5f5088265376.gif%3Fversion%3D639046017516678560%26amp%3Bwidth%3D128%26amp%3Bheight%3D128%26amp%3Bauto%3Dwebp%26amp%3Bformat%3Dpjpg"
2,"Wesson vs Lumberton",Football,"Mississippi",9/17/2026,7:00pm,"The Wesson varsity football team has an away non-conference game @  Lumberton (MS) on Thursday, September 17 @ 7p.","/ms/football/game/lumberton-vs-wesson/9-17-2026/?c=6f6a4aa5-6002-4a22-be6b-4abe8c8daff9","https://www.maxpreps.com/ms/football/game/lumberton-vs-wesson/9-17-2026/?c=6f6a4aa5-6002-4a22-be6b-4abe8c8daff9","/football/ms/7ba?9/17/2026","Cobras","Panthers","https://www.maxpreps.com/ms/lumberton/football/","https://www.maxpreps.com/ms/wesson/football/","https://hsfootball.net/proxy.php?url=https%3A%2F%2Fimage.maxpreps.io%2Fschool-mascot%2F3%2F9%2F9%2F3990e29f-74d8-4656-9e58-0170450179e3.gif%3Fversion%3D635193226200000000%26amp%3Bwidth%3D128%26amp%3Bheight%3D128%26amp%3Bauto%3Dwebp%26amp%3Bformat%3Dpjpg","https://hsfootball.net/proxy.php?url=https%3A%2F%2Fimage.maxpreps.io%2Fschool-mascot%2F3%2Fc%2Fa%2F3ca892b0-76be-4ec4-a80c-83c2fbbf3bf0.gif%3Fversion%3D634184086200000000%26amp%3Bwidth%3D128%26amp%3Bheight%3D128%26amp%3Bauto%3Dwebp%26amp%3Bformat%3Dpjpg"
3,"Allen vs Prosper",Football,"Mississippi",9/17/2026,7:00pm,"The Allen varsity football team has an away conference game @  Prosper (TX) on Thursday, September 17 @ 7p.","/tx/football/game/allen-vs-prosper/9-17-2026/?c=f143e3b2-a934-4418-9fc7-b8e5d3921058","https://www.maxpreps.com/tx/football/game/allen-vs-prosper/9-17-2026/?c=f143e3b2-a934-4418-9fc7-b8e5d3921058","/football/ms/65a?9/17/2026","Eagles","Eagles","https://www.maxpreps.com/ms/allen/football/","https://www.maxpreps.com/ms/prosper/football/","https://hsfootball.net/proxy.php?url=https%3A%2F%2Fimage.maxpreps.io%2Fschool-mascot%2F0%2Fb%2Fa%2F0bad373d-33a2-45b6-b1d4-6c55e876344c.gif%3Fversion%3D639215103242455420%26amp%3Bwidth%3D128%26amp%3Bheight%3D128%26amp%3Bauto%3Dwebp%26amp%3Bformat%3Dpjpg","https://hsfootball.net/proxy.php?url=https%3A%2F%2Fimage.maxpreps.io%2Fschool-mascot%2Fb%2F6%2Fc%2Fb6c18ae1-e940-4b17-ae18-b8796459c260.gif%3Fversion%3D634861629600000000%26amp%3Bwidth%3D128%26amp%3Bheight%3D128%26amp%3Bauto%3Dwebp%26amp%3Bformat%3Dpjpg"
1,"Oxford vs Tupelo",Football,"Mississippi",9/18/2026,7:00pm,"The Oxford varsity football team has an away non-conference game @  Tupelo (MS) on Friday, September 18 @ 7p.","/ms/football/game/oxford-vs-tupelo/9-18-2026/?c=cc675c29-1419-432a-87dc-40f14e849840","https://www.maxpreps.com/ms/football/game/oxford-vs-tupelo/9-18-2026/?c=cc675c29-1419-432a-87dc-40f14e849840","/football/ms/66e?9/18/2026","Chargers","Golden Wave","https://www.maxpreps.com/ms/oxford/football/","https://www.maxpreps.com/ms/tupelo/football/","https://hsfootball.net/proxy.php?url=https%3A%2F%2Fimage.maxpreps.io%2Fschool-mascot%2Fc%2F2%2F4%2Fc24e746b-8172-4ea1-b2cb-192526e0ad82.gif%3Fversion%3D636168715800000000%26amp%3Bwidth%3D128%26amp%3Bheight%3D128%26amp%3Bauto%3Dwebp%26amp%3Bformat%3Dpjpg","https://hsfootball.net/proxy.php?url=https%3A%2F%2Fimage.maxpreps.io%2Fschool-mascot%2F2%2F4%2F5%2F245f1463-3aed-41d1-89b7-9cdef961d52e.gif%3Fversion%3D638935262596773850%26amp%3Bwidth%3D128%26amp%3Bheight%3D128%26amp%3Bauto%3Dwebp%26amp%3Bformat%3Dpjpg"
2,"Gulfport vs Petal",Football,"Mississippi",9/18/2026,7:00pm,"The Gulfport varsity football team has an away non-conference game @  Petal (MS) on Friday, September 18 @ 7p.","/ms/football/game/gulfport-vs-petal/9-18-2026/?c=b9012bca-37c8-4cb6-b5bb-0d3e6dcaa2d1","https://www.maxpreps.com/ms/football/game/gulfport-vs-petal/9-18-2026/?c=b9012bca-37c8-4cb6-b5bb-0d3e6dcaa2d1","/football/ms/6cc?9/18/2026","Admirals","Panthers","https://www.maxpreps.com/ms/gulfport/football/","https://www.maxpreps.com/ms/petal/football/","https://hsfootball.net/proxy.php?url=https%3A%2F%2Fimage.maxpreps.io%2Fschool-mascot%2Fe%2F0%2F7%2Fe07287db-fa1c-46b1-9d5a-664da415b117.gif%3Fversion%3D635935422600000000%26amp%3Bwidth%3D128%26amp%3Bheight%3D128%26amp%3Bauto%3Dwebp%26amp%3Bformat%3Dpjpg","https://hsfootball.net/proxy.php?url=https%3A%2F%2Fimage.maxpreps.io%2Fschool-mascot%2F2%2F5%2F6%2F2569141b-ceb8-45b5-957a-116f5f2978cc.gif%3Fversion%3D635140900200000000%26amp%3Bwidth%3D128%26amp%3Bheight%3D128%26amp%3Bauto%3Dwebp%26amp%3Bformat%3Dpjpg"
3,"Starkville vs Louisville",Football,"Mississippi",9/18/2026,7:00pm,"The Starkville varsity football team has an away non-conference game @  Louisville (MS) on Friday, September 18 @ 7p.","/ms/football/game/louisville-vs-starkville/9-18-2026/?c=e6403dce-495f-4548-9aaf-3b1c7f41b2f3","https://www.maxpreps.com/ms/football/game/louisville-vs-starkville/9-18-2026/?c=e6403dce-495f-4548-9aaf-3b1c7f41b2f3","/football/ms/9cc?9/18/2026","Yellowjackets","Wildcats","https://www.maxpreps.com/ms/louisville/football/","https://www.maxpreps.com/ms/starkville/football/","https://hsfootball.net/proxy.php?url=https%3A%2F%2Fimage.maxpreps.io%2Fschool-mascot%2Ff%2F0%2F4%2Ff04c912e-3eeb-4692-b9f4-796b479183b9.gif%3Fversion%3D635533645200000000%26amp%3Bwidth%3D128%26amp%3Bheight%3D128%26amp%3Bauto%3Dwebp%26amp%3Bformat%3Dpjpg","https://hsfootball.net/proxy.php?url=https%3A%2F%2Fimage.maxpreps.io%2Fschool-mascot%2F9%2F2%2F8%2F928b6881-f994-4427-bca1-a49dc339f892.gif%3Fversion%3D634856311200000000%26amp%3Bwidth%3D128%26amp%3Bheight%3D128%26amp%3Bauto%3Dwebp%26amp%3Bformat%3Dpjpg"
4,"Tensas Academy vs Tallulah Academy",Football,"Mississippi",9/18/2026,7:00pm,"The Tensas Academy varsity football team has an away non-conference game @  Tallulah Academy (Tallulah, LA) on Friday, September 18 @ 7p.","/la/football/game/tallulah-academy-vs-tensas-academy-st-joseph/9-18-2026/?c=2be1849f-68b4-4ae6-8fed-e9d4d6e380ea","https://www.maxpreps.com/la/football/game/tallulah-academy-vs-tensas-academy-st-joseph/9-18-2026/?c=2be1849f-68b4-4ae6-8fed-e9d4d6e380ea","/football/ms/10f4?9/18/2026","Chiefs","Trojans","https://www.maxpreps.com/ms/tallulah-academy/football/","https://www.maxpreps.com/ms/tensas-academy-st-joseph/football/","https://hsfootball.net/proxy.php?url=https%3A%2F%2Fimage.maxpreps.io%2Fschool-mascot%2F5%2F7%2Fb%2F57b856fb-346c-4684-b612-3386eb3d8b33.gif%3Fversion%3D638626846117434720%26amp%3Bwidth%3D128%26amp%3Bheight%3D128%26amp%3Bauto%3Dwebp%26amp%3Bformat%3Dpjpg","https://hsfootball.net/proxy.php?url=https%3A%2F%2Fimage.maxpreps.io%2Fschool-mascot%2F1%2Ff%2Fe%2F1fe9d7a7-6c46-4c8e-9267-7d7468ef44d9.gif%3Fversion%3D639236954106347770%26amp%3Bwidth%3D128%26amp%3Bheight%3D128%26amp%3Bauto%3Dwebp%26amp%3Bformat%3Dpjpg"
5,"Cleveland Central vs Grenada",Football,"Mississippi",9/18/2026,7:00pm,"The Cleveland Central varsity football team has an away non-conference game @  Grenada (MS) on Friday, September 18 @ 7p.","/ms/football/game/cleveland-central-vs-grenada/9-18-2026/?c=b85a3b89-b57d-459f-adfb-2a10db83160c","https://www.maxpreps.com/ms/football/game/cleveland-central-vs-grenada/9-18-2026/?c=b85a3b89-b57d-459f-adfb-2a10db83160c","/football/ms/ad9?9/18/2026","Wolves","Chargers","https://www.maxpreps.com/ms/cleveland-central/football/","https://www.maxpreps.com/ms/grenada/football/","https://hsfootball.net/proxy.php?url=https%3A%2F%2Fimage.maxpreps.io%2Fschool-mascot%2F7%2F3%2Fe%2F73e8a4dc-12e7-48c0-b762-cdf832944371.gif%3Fversion%3D636389262000000000%26amp%3Bwidth%3D128%26amp%3Bheight%3D128%26amp%3Bauto%3Dwebp%26amp%3Bformat%3Dpjpg","https://hsfootball.net/proxy.php?url=https%3A%2F%2Fimage.maxpreps.io%2Fschool-mascot%2F7%2Fc%2F6%2F7c6d6045-1198-44bd-a4e5-01a0ee8b6a30.gif%3Fversion%3D637093254000000000%26amp%3Bwidth%3D128%26amp%3Bheight%3D128%26amp%3Bauto%3Dwebp%26amp%3Bformat%3Dpjpg"
6,"Resurrection Catholic vs Sacred Heart",Football,"Mississippi",9/18/2026,7:00pm,"The Resurrection Catholic varsity football team has an away non-conference game @  Sacred Heart (Hattiesburg, MS) on Friday, September 18 @ 7p.","/ms/football/game/resurrection-catholic-pascagoula-vs-sacred-heart-hattiesburg/9-18-2026/?c=175d1729-a555-43a8-a310-2454edcfb60b","https://www.maxpreps.com/ms/football/game/resurrection-catholic-pascagoula-vs-sacred-heart-hattiesburg/9-18-2026/?c=175d1729-a555-43a8-a310-2454edcfb60b","/football/ms/17ab?9/18/2026","Eagles","Crusaders","https://www.maxpreps.com/ms/resurrection-catholic-pascagoula/football/","https://www.maxpreps.com/ms/sacred-heart-hattiesburg/football/","https://hsfootball.net/proxy.php?url=https%3A%2F%2Fimage.maxpreps.io%2Fschool-mascot%2F6%2Fb%2F2%2F6b2d4a65-4940-4cc4-a655-c3e455618fe3.gif%3Fversion%3D637353210000000000%26amp%3Bwidth%3D128%26amp%3Bheight%3D128%26amp%3Bauto%3Dwebp%26amp%3Bformat%3Dpjpg","https://hsfootball.net/proxy.php?url=https%3A%2F%2Fimage.maxpreps.io%2Fschool-mascot%2Fd%2Fb%2Fa%2Fdba829c6-f5c3-47a7-aa5b-ac66ccf97ef5.gif%3Fversion%3D635653152600000000%26amp%3Bwidth%3D128%26amp%3Bheight%3D128%26amp%3Bauto%3Dwebp%26amp%3Bformat%3Dpjpg"
7,"Cathedral vs Adams County Christian",Football,"Mississippi",9/18/2026,7:00pm,"The Cathedral varsity football team has an away conference game @  Adams County Christian (Natchez, MS) on Friday, September 18 @ 7p.","/ms/football/game/adams-county-christian-natchez-vs-cathedral-natchez/9-18-2026/?c=548ba25f-1265-4e06-94d3-0b6c691c7cd7","https://www.maxpreps.com/ms/football/game/adams-county-christian-natchez-vs-cathedral-natchez/9-18-2026/?c=548ba25f-1265-4e06-94d3-0b6c691c7cd7","/football/ms/13e6?9/18/2026","Green Wave","Rebels","https://www.maxpreps.com/ms/adams-county-christian-natchez/football/","https://www.maxpreps.com/ms/cathedral-natchez/football/","https://hsfootball.net/proxy.php?url=https%3A%2F%2Fimage.maxpreps.io%2Fschool-mascot%2F6%2F7%2F7%2F6773cbc8-384b-4383-a180-405ef6147e0c.gif%3Fversion%3D637085550600000000%26amp%3Bwidth%3D128%26amp%3Bheight%3D128%26amp%3Bauto%3Dwebp%26amp%3Bformat%3Dpjpg","https://hsfootball.net/proxy.php?url=https%3A%2F%2Fimage.maxpreps.io%2Fschool-mascot%2Fd%2Fc%2F1%2Fdc1986c3-55b4-4110-952a-c6858aec67a6.gif%3Fversion%3D636075463200000000%26amp%3Bwidth%3D128%26amp%3Bheight%3D128%26amp%3Bauto%3Dwebp%26amp%3Bformat%3Dpjpg"
8,"Crystal Springs vs East Marion",Football,"Mississippi",9/18/2026,7:00pm,"The Crystal Springs varsity football team has an away non-conference game @  East Marion (Columbia, MS) on Friday, September 18 @ 7p.","/ms/football/game/crystal-springs-vs-east-marion-columbia/9-18-2026/?c=2e1123d2-c030-4368-867b-151a7105fb2f","https://www.maxpreps.com/ms/football/game/crystal-springs-vs-east-marion-columbia/9-18-2026/?c=2e1123d2-c030-4368-867b-151a7105fb2f","/football/ms/f51?9/18/2026","Tigers","Eagles","https://www.maxpreps.com/ms/crystal-springs/football/","https://www.maxpreps.com/ms/east-marion-columbia/football/","https://hsfootball.net/proxy.php?url=https%3A%2F%2Fimage.maxpreps.io%2Fschool-mascot%2F7%2Fc%2Fa%2F7cad9910-cb84-4e74-afbf-bde4d66e9b17.gif%3Fversion%3D635337563400000000%26amp%3Bwidth%3D128%26amp%3Bheight%3D128%26amp%3Bauto%3Dwebp%26amp%3Bformat%3Dpjpg","https://hsfootball.net/proxy.php?url=https%3A%2F%2Fimage.maxpreps.io%2Fschool-mascot%2Fb%2F0%2Fe%2Fb0ed8718-35b7-4220-b994-ffc0a556775e.gif%3Fversion%3D634776890400000000%26amp%3Bwidth%3D128%26amp%3Bheight%3D128%26amp%3Bauto%3Dwebp%26amp%3Bformat%3Dpjpg"
9,"Faithful Explorers ALC vs Prentiss Christian",Football,"Mississippi",9/18/2026,7:00pm,"The Faithful Explorers ALC varsity football team has an away non-conference game @  Prentiss Christian (Prentiss, MS) on Friday, September 18 @ 7p.","/ms/football/game/faithful-explorers-alc-byram-vs-prentiss-christian/9-18-2026/?c=eb55c1f3-f183-44a5-ba5b-20dffc88c2f4","https://www.maxpreps.com/ms/football/game/faithful-explorers-alc-byram-vs-prentiss-christian/9-18-2026/?c=eb55c1f3-f183-44a5-ba5b-20dffc88c2f4","/football/ms/13b6?9/18/2026","Warriors","Saints","https://www.maxpreps.com/ms/faithful-explorers-alc-byram/football/","https://www.maxpreps.com/ms/prentiss-christian/football/","https://hsfootball.net/proxy.php?url=https%3A%2F%2Fimage.maxpreps.io%2Fschool-mascot%2Fa%2Fa%2Fc%2Faac40fad-1d97-46b9-9fd3-30ce831c57fe.gif%3Fversion%3D636389893800000000%26amp%3Bwidth%3D128%26amp%3Bheight%3D128%26amp%3Bauto%3Dwebp%26amp%3Bformat%3Dpjpg","https://hsfootball.net/proxy.php?url=https%3A%2F%2Fimage.maxpreps.io%2Fschool-mascot%2Fa%2Fa%2Fc%2Faac40fad-1d97-46b9-9fd3-30ce831c57fe.gif%3Fversion%3D636389893800000000%26amp%3Bwidth%3D64%26amp%3Bheight%3D64%26amp%3Bauto%3Dwebp%26amp%3Bformat%3Dpjpg"
10,"West Memphis Christian vs Washington",Football,"Mississippi",9/18/2026,7:00pm,"The West Memphis Christian varsity football team has an away conference game @  Washington (Greenville, MS) on Friday, September 18 @ 7p.","/inter-state/football/game/washington-greenville-ms-vs-west-memphis-christian-ar/9-18-2026/?c=dc5c4553-9064-4a72-bb71-4206468d0225","https://www.maxpreps.com/inter-state/football/game/washington-greenville-ms-vs-west-memphis-christian-ar/9-18-2026/?c=dc5c4553-9064-4a72-bb71-4206468d0225","/football/ms/14c1?9/18/2026","Black Knights","Generals","https://www.maxpreps.com/ms/washington-greenville-ms/football/","https://www.maxpreps.com/ms/west-memphis-christian-ar/football/","https://hsfootball.net/proxy.php?url=https%3A%2F%2Fimage.maxpreps.io%2Fschool-mascot%2F6%2F6%2Ff%2F66fbee51-9f14-477b-a6ea-db9d1e74ba71.gif%3Fversion%3D638592361946381910%26amp%3Bwidth%3D128%26amp%3Bheight%3D128%26amp%3Bauto%3Dwebp%26amp%3Bformat%3Dpjpg","https://hsfootball.net/proxy.php?url=https%3A%2F%2Fimage.maxpreps.io%2Fschool-mascot%2Fa%2F4%2Fd%2Fa4d8aa83-b1f5-4b4e-a963-5cfd01fd5692.gif%3Fversion%3D638906726537936210%26amp%3Bwidth%3D128%26amp%3Bheight%3D128%26amp%3Bauto%3Dwebp%26amp%3Bformat%3Dpjpg"
11,"Yazoo County vs Shaw",Football,"Mississippi",9/18/2026,7:00pm,"The Yazoo County varsity football team has an away non-conference game @  Shaw (MS) on Friday, September 18 @ 7p.","/ms/football/game/shaw-vs-yazoo-county-yazoo-city/9-18-2026/?c=13d78497-8795-4db9-ac95-a841637432f6","https://www.maxpreps.com/ms/football/game/shaw-vs-yazoo-county-yazoo-city/9-18-2026/?c=13d78497-8795-4db9-ac95-a841637432f6","/football/ms/c3c?9/18/2026","Panthers","Warriors","https://www.maxpreps.com/ms/shaw/football/","https://www.maxpreps.com/ms/yazoo-county-yazoo-city/football/","https://hsfootball.net/proxy.php?url=https%3A%2F%2Fimage.maxpreps.io%2Fschool-mascot%2F8%2Fa%2F5%2F8a507a78-cfbf-4a82-a8aa-29be105352e9.gif%3Fversion%3D637048242600000000%26amp%3Bwidth%3D128%26amp%3Bheight%3D128%26amp%3Bauto%3Dwebp%26amp%3Bformat%3Dpjpg","https://hsfootball.net/proxy.php?url=https%3A%2F%2Fimage.maxpreps.io%2Fschool-mascot%2Fa%2Fc%2F2%2Fac2d6c13-d508-4259-993b-a30c7a29595c.gif%3Fversion%3D638742683508402980%26amp%3Bwidth%3D128%26amp%3Bheight%3D128%26amp%3Bauto%3Dwebp%26amp%3Bformat%3Dpjpg"
12,"Baldwyn vs Mooreville",Football,"Mississippi",9/18/2026,7:00pm,"The Baldwyn varsity football team has an away non-conference game @  Mooreville (MS) on Friday, September 18 @ 7p.","/ms/football/game/baldwyn-vs-mooreville/9-18-2026/?c=d9370682-05f7-438f-951c-667226142251","https://www.maxpreps.com/ms/football/game/baldwyn-vs-mooreville/9-18-2026/?c=d9370682-05f7-438f-951c-667226142251","/football/ms/872?9/18/2026","Bearcats","Troopers","https://www.maxpreps.com/ms/baldwyn/football/","https://www.maxpreps.com/ms/mooreville/football/","https://hsfootball.net/proxy.php?url=https%3A%2F%2Fimage.maxpreps.io%2Fschool-mascot%2F7%2F0%2Ff%2F70f1f207-1e13-4af6-817f-acf863d4842c.gif%3Fversion%3D634048593000000000%26amp%3Bwidth%3D128%26amp%3Bheight%3D128%26amp%3Bauto%3Dwebp%26amp%3Bformat%3Dpjpg","https://hsfootball.net/proxy.php?url=https%3A%2F%2Fimage.maxpreps.io%2Fschool-mascot%2Fc%2F3%2Fa%2Fc3a47683-dbc5-46db-b872-bfcc5deafb4e.gif%3Fversion%3D637344556800000000%26amp%3Bwidth%3D128%26amp%3Bheight%3D128%26amp%3Bauto%3Dwebp%26amp%3Bformat%3Dpjpg"
13,"Northwest Rankin vs Madison Central",Football,"Mississippi",9/18/2026,7:00pm,"The Northwest Rankin varsity football team has an away non-conference game @  Madison Central (Madison, MS) on Friday, September 18 @ 7p.","/ms/football/game/madison-central-vs-northwest-rankin-brandon/9-18-2026/?c=4b7e1f51-d132-4f41-bf23-71fdf285b11c","https://www.maxpreps.com/ms/football/game/madison-central-vs-northwest-rankin-brandon/9-18-2026/?c=4b7e1f51-d132-4f41-bf23-71fdf285b11c","/football/ms/10f3?9/18/2026","Cougars","Jaguars","https://www.maxpreps.com/ms/madison-central/football/","https://www.maxpreps.com/ms/northwest-rankin-brandon/football/","https://hsfootball.net/proxy.php?url=https%3A%2F%2Fimage.maxpreps.io%2Fschool-mascot%2Fb%2F2%2F5%2Fb256e2a0-429f-465a-b28e-1d98a4bb49f7.gif%3Fversion%3D636549286800000000%26amp%3Bwidth%3D128%26amp%3Bheight%3D128%26amp%3Bauto%3Dwebp%26amp%3Bformat%3Dpjpg","https://hsfootball.net/proxy.php?url=https%3A%2F%2Fimage.maxpreps.io%2Fschool-mascot%2F6%2Fe%2F9%2F6e9faa9c-51e7-488a-87b3-0921bda07669.gif%3Fversion%3D636918717000000000%26amp%3Bwidth%3D128%26amp%3Bheight%3D128%26amp%3Bauto%3Dwebp%26amp%3Bformat%3Dpjpg"
14,"West Lincoln vs McLaurin",Football,"Mississippi",9/18/2026,7:00pm,"The West Lincoln varsity football team has an away non-conference game @  McLaurin (Florence, MS) on Friday, September 18 @ 7p.","/ms/football/game/mclaurin-florence-vs-west-lincoln-brookhaven/9-18-2026/?c=869efe1d-8759-4a5c-9553-8cda60ffd89a","https://www.maxpreps.com/ms/football/game/mclaurin-florence-vs-west-lincoln-brookhaven/9-18-2026/?c=869efe1d-8759-4a5c-9553-8cda60ffd89a","/football/ms/1154?9/18/2026","Bears","Tigers","https://www.maxpreps.com/ms/mclaurin-florence/football/","https://www.maxpreps.com/ms/west-lincoln-brookhaven/football/","https://hsfootball.net/proxy.php?url=https%3A%2F%2Fimage.maxpreps.io%2Fschool-mascot%2Fb%2Ff%2Ff%2Fbff77bbe-e6cd-4fcd-8be7-dcc23e4ae79f.gif%3Fversion%3D639221240051957990%26amp%3Bwidth%3D128%26amp%3Bheight%3D128%26amp%3Bauto%3Dwebp%26amp%3Bformat%3Dpjpg","https://hsfootball.net/proxy.php?url=https%3A%2F%2Fimage.maxpreps.io%2Fschool-mascot%2F7%2Fe%2Fb%2F7eb70c04-7352-44d3-ba94-ae3d01fb7a69.gif%3Fversion%3D636375683400000000%26amp%3Bwidth%3D128%26amp%3Bheight%3D128%26amp%3Bauto%3Dwebp%26amp%3Bformat%3Dpjpg"
15,"Callaway vs Terry",Football,"Mississippi",9/18/2026,7:00pm,"The Callaway varsity football team has an away non-conference game @  Terry (MS) on Friday, September 18 @ 7p.","/ms/football/game/callaway-jackson-vs-terry/9-18-2026/?c=78f11299-36e2-49d1-bfa4-253d93ec998a","https://www.maxpreps.com/ms/football/game/callaway-jackson-vs-terry/9-18-2026/?c=78f11299-36e2-49d1-bfa4-253d93ec998a","/football/ms/9dd?9/18/2026","Chargers","Bulldogs","https://www.maxpreps.com/ms/callaway-jackson/football/","https://www.maxpreps.com/ms/terry/football/","https://hsfootball.net/proxy.php?url=https%3A%2F%2Fimage.maxpreps.io%2Fschool-mascot%2F6%2F8%2Fb%2F68b2dfcc-79f5-462e-be43-bd7deba13268.gif%3Fversion%3D635926245600000000%26amp%3Bwidth%3D128%26amp%3Bheight%3D128%26amp%3Bauto%3Dwebp%26amp%3Bformat%3Dpjpg","https://hsfootball.net/proxy.php?url=https%3A%2F%2Fimage.maxpreps.io%2Fschool-mascot%2F7%2F6%2F2%2F762b66de-c272-4b89-a76c-0adc0c7aa9d1.gif%3Fversion%3D636700005000000000%26amp%3Bwidth%3D128%26amp%3Bheight%3D128%26amp%3Bauto%3Dwebp%26amp%3Bformat%3Dpjpg"
16,"Raleigh vs Mize",Football,"Mississippi",9/18/2026,7:00pm,"The Raleigh varsity football team has an away non-conference game @  Mize (MS) on Friday, September 18 @ 7p.","/ms/football/game/mize-vs-raleigh/9-18-2026/?c=61aca8d5-59f7-4437-9d43-e683e62cfbc2","https://www.maxpreps.com/ms/football/game/mize-vs-raleigh/9-18-2026/?c=61aca8d5-59f7-4437-9d43-e683e62cfbc2","/football/ms/5d4?9/18/2026","Lions","Bulldogs","https://www.maxpreps.com/ms/mize/football/","https://www.maxpreps.com/ms/raleigh/football/","https://hsfootball.net/proxy.php?url=https%3A%2F%2Fimage.maxpreps.io%2Fschool-mascot%2Fb%2F3%2F7%2Fb37277fe-036a-4ff6-94ea-14c5ff4e94b6.gif%3Fversion%3D638034066600000000%26amp%3Bwidth%3D128%26amp%3Bheight%3D128%26amp%3Bauto%3Dwebp%26amp%3Bformat%3Dpjpg","https://hsfootball.net/proxy.php?url=https%3A%2F%2Fimage.maxpreps.io%2Fschool-mascot%2F8%2F7%2F1%2F871469eb-0151-4c25-9115-19808178fee6.gif%3Fversion%3D635608961400000000%26amp%3Bwidth%3D128%26amp%3Bheight%3D128%26amp%3Bauto%3Dwebp%26amp%3Bformat%3Dpjpg"
17,"Purvis vs Long Beach",Football,"Mississippi",9/18/2026,7:00pm,"The Purvis varsity football team has an away non-conference game @  Long Beach (MS) on Friday, September 18 @ 7p.","/ms/football/game/long-beach-vs-purvis/9-18-2026/?c=91646ecd-4125-40c7-b2f6-bbd89cfb1bcd","https://www.maxpreps.com/ms/football/game/long-beach-vs-purvis/9-18-2026/?c=91646ecd-4125-40c7-b2f6-bbd89cfb1bcd","/football/ms/7bc?9/18/2026","Tornadoes","Bearcats","https://www.maxpreps.com/ms/long-beach/football/","https://www.maxpreps.com/ms/purvis/football/","https://hsfootball.net/proxy.php?url=https%3A%2F%2Fimage.maxpreps.io%2Fschool-mascot%2F6%2F7%2F6%2F6761dc12-5c18-4524-98b0-007c8713d1c9.gif%3Fversion%3D639231541346931460%26amp%3Bwidth%3D128%26amp%3Bheight%3D128%26amp%3Bauto%3Dwebp%26amp%3Bformat%3Dpjpg","https://hsfootball.net/proxy.php?url=https%3A%2F%2Fimage.maxpreps.io%2Fschool-mascot%2Fd%2F6%2F5%2Fd656a14a-3425-4117-8ce8-38d7725f0f2b.gif%3Fversion%3D636389262000000000%26amp%3Bwidth%3D128%26amp%3Bheight%3D128%26amp%3Bauto%3Dwebp%26amp%3Bformat%3Dpjpg"
18,"Holmes County Central vs Murrah",Football,"Mississippi",9/18/2026,7:00pm,"The Holmes County Central varsity football team has an away non-conference game @  Murrah (Jackson, MS) on Friday, September 18 @ 7p.","/ms/football/game/holmes-county-central-lexington-vs-murrah-jackson/9-18-2026/?c=2c0e68ca-68af-4596-a3ac-d90c11e373b1","https://www.maxpreps.com/ms/football/game/holmes-county-central-lexington-vs-murrah-jackson/9-18-2026/?c=2c0e68ca-68af-4596-a3ac-d90c11e373b1","/football/ms/135a?9/18/2026","Jaguars","Mustangs","https://www.maxpreps.com/ms/holmes-county-central-lexington/football/","https://www.maxpreps.com/ms/murrah-jackson/football/","https://hsfootball.net/proxy.php?url=https%3A%2F%2Fimage.maxpreps.io%2Fschool-mascot%2F9%2F3%2F1%2F931a825e-bc6e-4198-9ebe-c1665eda58b5.gif%3Fversion%3D635757672600000000%26amp%3Bwidth%3D128%26amp%3Bheight%3D128%26amp%3Bauto%3Dwebp%26amp%3Bformat%3Dpjpg","https://hsfootball.net/proxy.php?url=https%3A%2F%2Fimage.maxpreps.io%2Fschool-mascot%2Fd%2F9%2Ff%2Fd9fb6da9-afa9-4465-9bc0-801d30cbf115.gif%3Fversion%3D638937023072163610%26amp%3Bwidth%3D128%26amp%3Bheight%3D128%26amp%3Bauto%3Dwebp%26amp%3Bformat%3Dpjpg"
19,"Carroll Academy vs Winona Christian",Football,"Mississippi",9/18/2026,7:00pm,"The Carroll Academy varsity football team has an away non-conference game @  Winona Christian (Winona, MS) on Friday, September 18 @ 7p.","/ms/football/game/carroll-academy-carrollton-vs-winona-christian/9-18-2026/?c=4af1a1c6-71e2-4ce0-aad0-46a61970f827","https://www.maxpreps.com/ms/football/game/carroll-academy-carrollton-vs-winona-christian/9-18-2026/?c=4af1a1c6-71e2-4ce0-aad0-46a61970f827","/football/ms/121e?9/18/2026","Rebels","Stars","https://www.maxpreps.com/ms/carroll-academy-carrollton/football/","https://www.maxpreps.com/ms/winona-christian/football/","https://hsfootball.net/proxy.php?url=https%3A%2F%2Fimage.maxpreps.io%2Fschool-mascot%2Fc%2Fc%2F0%2Fcc0d364a-115d-4140-9e4b-191028deeede.gif%3Fversion%3D637701649800000000%26amp%3Bwidth%3D128%26amp%3Bheight%3D128%26amp%3Bauto%3Dwebp%26amp%3Bformat%3Dpjpg","https://hsfootball.net/proxy.php?url=https%3A%2F%2Fimage.maxpreps.io%2Fschool-mascot%2F8%2Ff%2Ff%2F8ff803ad-1011-4bbd-9525-3b56a5672ae3.gif%3Fversion%3D635344461000000000%26amp%3Bwidth%3D128%26amp%3Bheight%3D128%26amp%3Bauto%3Dwebp%26amp%3Bformat%3Dpjpg"
20,"Lee Academy vs Kirk Academy",Football,"Mississippi",9/18/2026,7:00pm,"The Lee Academy varsity football team has an away conference game @  Kirk Academy (Grenada, MS) on Friday, September 18 @ 7p.","/ms/football/game/kirk-academy-grenada-vs-lee-academy-clarksdale/9-18-2026/?c=f66c933f-401b-45e9-aac1-03d1d43f52d4","https://www.maxpreps.com/ms/football/game/kirk-academy-grenada-vs-lee-academy-clarksdale/9-18-2026/?c=f66c933f-401b-45e9-aac1-03d1d43f52d4","/football/ms/116e?9/18/2026","Colts","Raiders","https://www.maxpreps.com/ms/kirk-academy-grenada/football/","https://www.maxpreps.com/ms/lee-academy-clarksdale/football/","https://hsfootball.net/proxy.php?url=https%3A%2F%2Fasset.maxpreps.io%2Fincludes%2Fimages%2Flogos%2Fmaxpreps-logo-white-2025.png","https://hsfootball.net/proxy.php?url=https%3A%2F%2Fasset.maxpreps.io%2Fincludes%2Freact%2Fplay-on-logo.png"
21,"Manchester Academy vs Park Place Christian Academy",Football,"Mississippi",9/18/2026,7:00pm,"The Manchester Academy varsity football team has an away non-conference game @  Park Place Christian Academy (Pearl, MS) on Friday, September 18 @ 7p.","/ms/football/game/manchester-academy-yazoo-city-vs-park-place-christian-academy-pearl/9-18-2026/?c=21fc2135-ed4d-4a20-9568-8ea1bf70be2b","https://www.maxpreps.com/ms/football/game/manchester-academy-yazoo-city-vs-park-place-christian-academy-pearl/9-18-2026/?c=21fc2135-ed4d-4a20-9568-8ea1bf70be2b","/football/ms/19c7?9/18/2026","Mavericks","Crusaders","https://www.maxpreps.com/ms/manchester-academy-yazoo-city/football/","https://www.maxpreps.com/ms/park-place-christian-academy-pearl/football/","https://hsfootball.net/proxy.php?url=https%3A%2F%2Fimage.maxpreps.io%2Fschool-mascot%2F7%2F0%2Fe%2F70e9d9ae-e6f5-47dc-a010-168406f22085.gif%3Fversion%3D635384580000000000%26amp%3Bwidth%3D128%26amp%3Bheight%3D128%26amp%3Bauto%3Dwebp%26amp%3Bformat%3Dpjpg","https://hsfootball.net/proxy.php?url=https%3A%2F%2Fimage.maxpreps.io%2Fschool-mascot%2Fc%2F0%2Ff%2Fc0f0316a-0518-4098-910d-86ed7a193395.gif%3Fversion%3D635985918600000000%26amp%3Bwidth%3D128%26amp%3Bheight%3D128%26amp%3Bauto%3Dwebp%26amp%3Bformat%3Dpjpg"
22,"Aberdeen vs Amory",Football,"Mississippi",9/18/2026,7:00pm,"The Aberdeen varsity football team has an away non-conference game @  Amory (MS) on Friday, September 18 @ 7p.","/ms/football/game/aberdeen-vs-amory/9-18-2026/?c=ba659432-7de2-4eb1-8fbd-0284cc85ba7c","https://www.maxpreps.com/ms/football/game/aberdeen-vs-amory/9-18-2026/?c=ba659432-7de2-4eb1-8fbd-0284cc85ba7c","/football/ms/6a1?9/18/2026","Bulldogs","Panthers","https://www.maxpreps.com/ms/aberdeen/football/","https://www.maxpreps.com/ms/amory/football/","https://hsfootball.net/proxy.php?url=https%3A%2F%2Fimage.maxpreps.io%2Fschool-mascot%2F4%2F7%2F2%2F472d8593-9099-4925-81e0-ae97cae44e43.gif%3Fversion%3D635919166200000000%26amp%3Bwidth%3D128%26amp%3Bheight%3D128%26amp%3Bauto%3Dwebp%26amp%3Bformat%3Dpjpg","https://hsfootball.net/proxy.php?url=https%3A%2F%2Fimage.maxpreps.io%2Fschool-mascot%2F9%2F1%2Fd%2F91dc711e-ddfc-4354-9576-16c8af3a41d6.gif%3Fversion%3D636723361800000000%26amp%3Bwidth%3D128%26amp%3Bheight%3D128%26amp%3Bauto%3Dwebp%26amp%3Bformat%3Dpjpg"
23,"Biggersville vs Booneville",Football,"Mississippi",9/18/2026,7:00pm,"The Biggersville varsity football team has an away non-conference game @  Booneville (MS) on Friday, September 18 @ 7p.","/ms/football/game/biggersville-corinth-vs-booneville/9-18-2026/?c=3dceccb7-85ea-4447-8b23-9335aab27b3e","https://www.maxpreps.com/ms/football/game/biggersville-corinth-vs-booneville/9-18-2026/?c=3dceccb7-85ea-4447-8b23-9335aab27b3e","/football/ms/d95?9/18/2026","Lions","Blue Devils","https://www.maxpreps.com/ms/biggersville-corinth/football/","https://www.maxpreps.com/ms/booneville/football/","https://hsfootball.net/proxy.php?url=https%3A%2F%2Fimage.maxpreps.io%2Fschool-mascot%2F5%2F1%2F7%2F517d1cbd-cc8f-47b1-b89d-84fe62aef16d.gif%3Fversion%3D637363153800000000%26amp%3Bwidth%3D128%26amp%3Bheight%3D128%26amp%3Bauto%3Dwebp%26amp%3Bformat%3Dpjpg","https://hsfootball.net/proxy.php?url=https%3A%2F%2Fimage.maxpreps.io%2Fschool-mascot%2F3%2F6%2F8%2F368a8699-09cc-47e8-bb60-80a6bc43fdb4.gif%3Fversion%3D638932829788701110%26amp%3Bwidth%3D128%26amp%3Bheight%3D128%26amp%3Bauto%3Dwebp%26amp%3Bformat%3Dpjpg"
24,"Mount Olive vs Amite County",Football,"Mississippi",9/18/2026,7:00pm,"The Mount Olive varsity football team has an away non-conference game @  Amite County (Liberty, MS) on Friday, September 18 @ 7p.","/ms/football/game/amite-county-liberty-vs-mount-olive/9-18-2026/?c=ec2fa393-c991-464d-9b23-5c940df62e8d","https://www.maxpreps.com/ms/football/game/amite-county-liberty-vs-mount-olive/9-18-2026/?c=ec2fa393-c991-464d-9b23-5c940df62e8d","/football/ms/dc9?9/18/2026","Pirates","Trojans","https://www.maxpreps.com/ms/amite-county-liberty/football/","https://www.maxpreps.com/ms/mount-olive/football/","https://hsfootball.net/proxy.php?url=https%3A%2F%2Fimage.maxpreps.io%2Fschool-mascot%2F3%2Ff%2F5%2F3f5929ef-6d1a-431e-b23c-10335211daf0.gif%3Fversion%3D634925413200000000%26amp%3Bwidth%3D128%26amp%3Bheight%3D128%26amp%3Bauto%3Dwebp%26amp%3Bformat%3Dpjpg","https://hsfootball.net/proxy.php?url=https%3A%2F%2Fimage.maxpreps.io%2Fschool-mascot%2Fe%2Ff%2F3%2Fef3d3a42-0fbb-4108-b279-95d46395391f.gif%3Fversion%3D638138685600000000%26amp%3Bwidth%3D128%26amp%3Bheight%3D128%26amp%3Bauto%3Dwebp%26amp%3Bformat%3Dpjpg"
25,"Charleston vs West Tallahatchie",Football,"Mississippi",9/18/2026,7:00pm,"The Charleston varsity football team has an away non-conference game @  West Tallahatchie (Webb, MS) on Friday, September 18 @ 7p.","/ms/football/game/charleston-vs-west-tallahatchie-webb/9-18-2026/?c=84553fb4-23da-49a7-96df-52c2a67989a8","https://www.maxpreps.com/ms/football/game/charleston-vs-west-tallahatchie-webb/9-18-2026/?c=84553fb4-23da-49a7-96df-52c2a67989a8","/football/ms/e17?9/18/2026","Tigers","Choctaws","https://www.maxpreps.com/ms/charleston/football/","https://www.maxpreps.com/ms/west-tallahatchie-webb/football/","https://hsfootball.net/proxy.php?url=https%3A%2F%2Fimage.maxpreps.io%2Fschool-mascot%2Fe%2Fb%2Fd%2Febd37d05-5f4a-4f2e-a1cb-581d8329b5c5.gif%3Fversion%3D638610332283171640%26amp%3Bwidth%3D128%26amp%3Bheight%3D128%26amp%3Bauto%3Dwebp%26amp%3Bformat%3Dpjpg","https://hsfootball.net/proxy.php?url=https%3A%2F%2Fimage.maxpreps.io%2Fschool-mascot%2F3%2F2%2Fa%2F32a83917-b842-4c18-a62e-d900fc3ce6a9.gif%3Fversion%3D635525533200000000%26amp%3Bwidth%3D128%26amp%3Bheight%3D128%26amp%3Bauto%3Dwebp%26amp%3Bformat%3Dpjpg"
26,"East Central vs Forrest County Agricultural",Football,"Mississippi",9/18/2026,7:00pm,"The East Central varsity football team has an away non-conference game @  Forrest County Agricultural (Brooklyn, MS) on Friday, September 18 @ 7p.","/ms/football/game/east-central-moss-point-vs-forrest-county-agricultural-brooklyn/9-18-2026/?c=a73c6786-f2a4-4b43-8a9a-06c210e2cac7","https://www.maxpreps.com/ms/football/game/east-central-moss-point-vs-forrest-county-agricultural-brooklyn/9-18-2026/?c=a73c6786-f2a4-4b43-8a9a-06c210e2cac7","/football/ms/18f9?9/18/2026","Hornets","Aggies","https://www.maxpreps.com/ms/east-central-moss-point/football/","https://www.maxpreps.com/ms/forrest-county-agricultural-brooklyn/football/","https://hsfootball.net/proxy.php?url=https%3A%2F%2Fimage.maxpreps.io%2Fschool-mascot%2Fe%2F8%2Fd%2Fe8d0e819-13e9-4f3b-a126-a89837764e81.gif%3Fversion%3D638726179037949440%26amp%3Bwidth%3D128%26amp%3Bheight%3D128%26amp%3Bauto%3Dwebp%26amp%3Bformat%3Dpjpg","https://hsfootball.net/proxy.php?url=https%3A%2F%2Fimage.maxpreps.io%2Fschool-mascot%2F6%2F4%2Fd%2F64d3f2e0-36b6-40bd-94f6-a3367db34935.gif%3Fversion%3D635442168000000000%26amp%3Bwidth%3D128%26amp%3Bheight%3D128%26amp%3Bauto%3Dwebp%26amp%3Bformat%3Dpjpg"
27,"Noxapater vs Enterprise",Football,"Mississippi",9/18/2026,7:00pm,"The Noxapater varsity football team has an away non-conference game @  Enterprise (Brookhaven, MS) on Friday, September 18 @ 7p.","/ms/football/game/enterprise-brookhaven-vs-noxapater/9-18-2026/?c=6fb5de62-daa6-44e6-9d7e-78778d726539","https://www.maxpreps.com/ms/football/game/enterprise-brookhaven-vs-noxapater/9-18-2026/?c=6fb5de62-daa6-44e6-9d7e-78778d726539","/football/ms/db2?9/18/2026","Tigers","Yellowjackets","https://www.maxpreps.com/ms/enterprise-brookhaven/football/","https://www.maxpreps.com/ms/noxapater/football/","https://hsfootball.net/proxy.php?url=https%3A%2F%2Fimage.maxpreps.io%2Fschool-mascot%2F7%2F5%2F6%2F7569c794-eb91-4cc5-a66a-146ced58939c.gif%3Fversion%3D635757672600000000%26amp%3Bwidth%3D128%26amp%3Bheight%3D128%26amp%3Bauto%3Dwebp%26amp%3Bformat%3Dpjpg","https://hsfootball.net/proxy.php?url=https%3A%2F%2Fimage.maxpreps.io%2Fschool-mascot%2F3%2Ff%2F6%2F3f65740f-066b-46ea-8caf-b18300d12ca4.gif%3Fversion%3D635324622000000000%26amp%3Bwidth%3D128%26amp%3Bheight%3D128%26amp%3Bauto%3Dwebp%26amp%3Bformat%3Dpjpg"
28,"Newton County vs Scott Central",Football,"Mississippi",9/18/2026,7:00pm,"The Newton County varsity football team has an away non-conference game @  Scott Central (Forest, MS) on Friday, September 18 @ 7p.","/ms/football/game/newton-county-decatur-vs-scott-central-forest/9-18-2026/?c=10eaa53e-8c45-4ef2-a593-4e0c9fc03851","https://www.maxpreps.com/ms/football/game/newton-county-decatur-vs-scott-central-forest/9-18-2026/?c=10eaa53e-8c45-4ef2-a593-4e0c9fc03851","/football/ms/11c5?9/18/2026","Cougars","Rebels","https://www.maxpreps.com/ms/newton-county-decatur/football/","https://www.maxpreps.com/ms/scott-central-forest/football/","https://hsfootball.net/proxy.php?url=https%3A%2F%2Fimage.maxpreps.io%2Fschool-mascot%2F5%2F1%2F1%2F511d39de-2dd1-4919-8b57-138e74a94755.gif%3Fversion%3D634715698200000000%26amp%3Bwidth%3D128%26amp%3Bheight%3D128%26amp%3Bauto%3Dwebp%26amp%3Bformat%3Dpjpg","https://hsfootball.net/proxy.php?url=https%3A%2F%2Fimage.maxpreps.io%2Fschool-mascot%2Fa%2F2%2Fc%2Fa2c67521-b419-4dfb-9aad-c304f305549b.gif%3Fversion%3D637977261000000000%26amp%3Bwidth%3D128%26amp%3Bheight%3D128%26amp%3Bauto%3Dwebp%26amp%3Bformat%3Dpjpg"
29,"Jefferson County vs Natchez",Football,"Mississippi",9/18/2026,7:00pm,"The Jefferson County varsity football team has an away non-conference game @  Natchez (MS) on Friday, September 18 @ 7p.","/ms/football/game/jefferson-county-fayette-vs-natchez/9-18-2026/?c=5092dcd3-e3ea-491e-9ba2-2d13e9550dda","https://www.maxpreps.com/ms/football/game/jefferson-county-fayette-vs-natchez/9-18-2026/?c=5092dcd3-e3ea-491e-9ba2-2d13e9550dda","/football/ms/de0?9/18/2026","Jchs","Bulldogs","https://www.maxpreps.com/ms/jefferson-county-fayette/football/","https://www.maxpreps.com/ms/natchez/football/","https://hsfootball.net/proxy.php?url=https%3A%2F%2Fimage.maxpreps.io%2Fschool-mascot%2Fa%2F5%2Ff%2Fa5f0fb6e-9c40-4aa8-82b0-b4ce95b8fdc2.gif%3Fversion%3D637394056800000000%26amp%3Bwidth%3D128%26amp%3Bheight%3D128%26amp%3Bauto%3Dwebp%26amp%3Bformat%3Dpjpg","https://hsfootball.net/proxy.php?url=https%3A%2F%2Fimage.maxpreps.io%2Fschool-mascot%2F4%2Fc%2Fd%2F4cd5c3c5-e8dd-4274-9d53-59861a84b439.gif%3Fversion%3D636513711000000000%26amp%3Bwidth%3D128%26amp%3Bheight%3D128%26amp%3Bauto%3Dwebp%26amp%3Bformat%3Dpjpg"
30,"Germantown vs Neshoba Central",Football,"Mississippi",9/18/2026,7:00pm,"The Germantown varsity football team has an away non-conference game @  Neshoba Central (Philadelphia, MS) on Friday, September 18 @ 7p.","/ms/football/game/germantown-madison-vs-neshoba-central-philadelphia/9-18-2026/?c=6621c567-008f-4855-a509-715f85191367","https://www.maxpreps.com/ms/football/game/germantown-madison-vs-neshoba-central-philadelphia/9-18-2026/?c=6621c567-008f-4855-a509-715f85191367","/football/ms/13a5?9/18/2026","Mavericks","Rockets","https://www.maxpreps.com/ms/germantown-madison/football/","https://www.maxpreps.com/ms/neshoba-central-philadelphia/football/","https://hsfootball.net/proxy.php?url=https%3A%2F%2Fimage.maxpreps.io%2Fschool-mascot%2F4%2F6%2Fd%2F46db9155-ea44-4147-b288-af8866cca5a4.gif%3Fversion%3D638157782400000000%26amp%3Bwidth%3D128%26amp%3Bheight%3D128%26amp%3Bauto%3Dwebp%26amp%3Bformat%3Dpjpg","https://hsfootball.net/proxy.php?url=https%3A%2F%2Fimage.maxpreps.io%2Fschool-mascot%2F9%2Fb%2F1%2F9b108055-1cb7-458f-95f6-8b55b2841a0b.gif%3Fversion%3D638983699241450960%26amp%3Bwidth%3D128%26amp%3Bheight%3D128%26amp%3Bauto%3Dwebp%26amp%3Bformat%3Dpjpg"
31,"South Panola vs Clarksdale",Football,"Mississippi",9/18/2026,7:00pm,"The South Panola varsity football team has an away non-conference game @  Clarksdale (MS) on Friday, September 18 @ 7p.","/ms/football/game/clarksdale-vs-south-panola-batesville/9-18-2026/?c=d38ccce4-9659-46dd-8878-e5d79c713519","https://www.maxpreps.com/ms/football/game/clarksdale-vs-south-panola-batesville/9-18-2026/?c=d38ccce4-9659-46dd-8878-e5d79c713519","/football/ms/e8c?9/18/2026","Tigers","Wildcats","https://www.maxpreps.com/ms/clarksdale/football/","https://www.maxpreps.com/ms/south-panola-batesville/football/","https://hsfootball.net/proxy.php?url=https%3A%2F%2Fimage.maxpreps.io%2Fschool-mascot%2Fe%2Fe%2Fc%2Feec52fe9-95d0-49d6-bf3c-5269600716df.gif%3Fversion%3D639065914293422020%26amp%3Bwidth%3D128%26amp%3Bheight%3D128%26amp%3Bauto%3Dwebp%26amp%3Bformat%3Dpjpg","https://hsfootball.net/proxy.php?url=https%3A%2F%2Fimage.maxpreps.io%2Fschool-mascot%2F5%2F5%2F4%2F554e5a37-c4ad-41b6-8ee5-e1e373dbfb98.gif%3Fversion%3D635919166200000000%26amp%3Bwidth%3D128%26amp%3Bheight%3D128%26amp%3Bauto%3Dwebp%26amp%3Bformat%3Dpjpg"
32,"North Panola vs St. George&#x27;s",Football,"Mississippi",9/18/2026,7:00pm,"The North Panola varsity football team has an away non-conference game @  St. George&#x27;s (Collierville, TN) on Friday, September 18 @ 7p.","/inter-state/football/game/north-panola-sardis-ms-vs-st-georges-collierville-tn/9-18-2026/?c=691b6e86-e49c-4904-9422-128436576df5","https://www.maxpreps.com/inter-state/football/game/north-panola-sardis-ms-vs-st-georges-collierville-tn/9-18-2026/?c=691b6e86-e49c-4904-9422-128436576df5","/football/ms/1418?9/18/2026","Fightn Cougars","Gryphons","https://www.maxpreps.com/ms/north-panola-sardis-ms/football/","https://www.maxpreps.com/ms/st-georges-collierville-tn/football/","https://hsfootball.net/proxy.php?url=https%3A%2F%2Fimage.maxpreps.io%2Fschool-mascot%2F6%2F4%2F8%2F6481ef5c-57ea-454c-9e14-bff36db49b07.gif%3Fversion%3D638833179232709300%26amp%3Bwidth%3D128%26amp%3Bheight%3D128%26amp%3Bauto%3Dwebp%26amp%3Bformat%3Dpjpg","https://hsfootball.net/proxy.php?url=https%3A%2F%2Fimage.maxpreps.io%2Fschool-mascot%2F4%2Ff%2F2%2F4f26f02e-b772-486f-842a-085bdf027aaf.gif%3Fversion%3D638756424078704490%26amp%3Bwidth%3D128%26amp%3Bheight%3D128%26amp%3Bauto%3Dwebp%26amp%3Bformat%3Dpjpg"
33,"Clinton vs Pearl",Football,"Mississippi",9/18/2026,7:00pm,"The Clinton varsity football team has an away non-conference game @  Pearl (MS) on Friday, September 18 @ 7p.","/ms/football/game/clinton-vs-pearl/9-18-2026/?c=cc1de47d-982b-4d56-920f-0dcd32888642","https://www.maxpreps.com/ms/football/game/clinton-vs-pearl/9-18-2026/?c=cc1de47d-982b-4d56-920f-0dcd32888642","/football/ms/64e?9/18/2026","Arrows","Pirates","https://www.maxpreps.com/ms/clinton/football/","https://www.maxpreps.com/ms/pearl/football/","https://hsfootball.net/proxy.php?url=https%3A%2F%2Fimage.maxpreps.io%2Fschool-mascot%2Fd%2F6%2F4%2Fd64af848-4762-4e5f-ace6-9cb8bb234f02.gif%3Fversion%3D635919166200000000%26amp%3Bwidth%3D128%26amp%3Bheight%3D128%26amp%3Bauto%3Dwebp%26amp%3Bformat%3Dpjpg","https://hsfootball.net/proxy.php?url=https%3A%2F%2Fimage.maxpreps.io%2Fschool-mascot%2Fd%2F6%2F4%2Fd64af848-4762-4e5f-ace6-9cb8bb234f02.gif%3Fversion%3D635919166200000000%26amp%3Bwidth%3D64%26amp%3Bheight%3D64%26amp%3Bauto%3Dwebp%26amp%3Bformat%3Dpjpg"
34,"North Sunflower Academy vs Lee Academy",Football,"Mississippi",9/18/2026,7:00pm,"The North Sunflower Academy varsity football team has an away non-conference game @  Lee Academy (Marianna, AR) on Friday, September 18 @ 7p.","/inter-state/football/game/lee-academy-marianna-ar-vs-north-sunflower-academy-drew-ms/9-18-2026/?c=259e282c-7c62-4769-9bc1-a9114c473c3a","https://www.maxpreps.com/inter-state/football/game/lee-academy-marianna-ar-vs-north-sunflower-academy-drew-ms/9-18-2026/?c=259e282c-7c62-4769-9bc1-a9114c473c3a","/football/ms/1618?9/18/2026","Rebels","Cougars","https://www.maxpreps.com/ms/lee-academy-marianna-ar/football/","https://www.maxpreps.com/ms/north-sunflower-academy-drew-ms/football/","https://hsfootball.net/proxy.php?url=https%3A%2F%2Fimage.maxpreps.io%2Fschool-mascot%2F8%2F9%2F2%2F8920390f-b219-40b4-a3f8-f84904d6c3e5.gif%3Fversion%3D636477260400000000%26amp%3Bwidth%3D128%26amp%3Bheight%3D128%26amp%3Bauto%3Dwebp%26amp%3Bformat%3Dpjpg","https://hsfootball.net/proxy.php?url=https%3A%2F%2Fimage.maxpreps.io%2Fschool-mascot%2F8%2F9%2F2%2F8920390f-b219-40b4-a3f8-f84904d6c3e5.gif%3Fversion%3D636477260400000000%26amp%3Bwidth%3D64%26amp%3Bheight%3D64%26amp%3Bauto%3Dwebp%26amp%3Bformat%3Dpjpg"
35,"River Oaks vs Riverfield Academy",Football,"Mississippi",9/18/2026,7:00pm,"The River Oaks varsity football team has an away non-conference game @  Riverfield Academy (Rayville, LA) on Friday, September 18 @ 7p.","/la/football/game/river-oaks-monroe-vs-riverfield-academy-rayville/9-18-2026/?c=5bcbed9f-5ed1-4cbb-9d2a-53726a2f970c","https://www.maxpreps.com/la/football/game/river-oaks-monroe-vs-riverfield-academy-rayville/9-18-2026/?c=5bcbed9f-5ed1-4cbb-9d2a-53726a2f970c","/football/ms/12c5?9/18/2026","Mustangs","Raiders","https://www.maxpreps.com/ms/river-oaks-monroe/football/","https://www.maxpreps.com/ms/riverfield-academy-rayville/football/","https://hsfootball.net/proxy.php?url=https%3A%2F%2Fimage.maxpreps.io%2Fschool-mascot%2F7%2Fe%2F2%2F7e287296-2d61-4485-97ba-42eaa984f447.gif%3Fversion%3D635581248000000000%26amp%3Bwidth%3D128%26amp%3Bheight%3D128%26amp%3Bauto%3Dwebp%26amp%3Bformat%3Dpjpg","https://hsfootball.net/proxy.php?url=https%3A%2F%2Fimage.maxpreps.io%2Fschool-mascot%2F9%2F4%2F4%2F9447b082-a83a-4b28-97f5-d441e8a4c999.gif%3Fversion%3D635805826200000000%26amp%3Bwidth%3D128%26amp%3Bheight%3D128%26amp%3Bauto%3Dwebp%26amp%3Bformat%3Dpjpg"
36,"Sylva Bay Academy vs Kemper Academy",Football,"Mississippi",9/18/2026,7:00pm,"The Sylva Bay Academy varsity football team has an away non-conference game @  Kemper Academy (DeKalb, MS) on Friday, September 18 @ 7p.","/ms/football/game/kemper-academy-dekalb-vs-sylva-bay-academy-bay-springs/9-18-2026/?c=99ccc8de-e836-4624-85ca-6b2fc241c392","https://www.maxpreps.com/ms/football/game/kemper-academy-dekalb-vs-sylva-bay-academy-bay-springs/9-18-2026/?c=99ccc8de-e836-4624-85ca-6b2fc241c392","/football/ms/148d?9/18/2026","Saints","Rams","https://www.maxpreps.com/ms/kemper-academy-dekalb/football/","https://www.maxpreps.com/ms/sylva-bay-academy-bay-springs/football/","https://hsfootball.net/proxy.php?url=https%3A%2F%2Fimage.maxpreps.io%2Fschool-mascot%2F6%2F8%2F3%2F683fd462-3f90-4f70-9278-31e20ea18b13.gif%3Fversion%3D636554008200000000%26amp%3Bwidth%3D128%26amp%3Bheight%3D128%26amp%3Bauto%3Dwebp%26amp%3Bformat%3Dpjpg","https://hsfootball.net/proxy.php?url=https%3A%2F%2Fimage.maxpreps.io%2Fschool-mascot%2F6%2F8%2F3%2F683fd462-3f90-4f70-9278-31e20ea18b13.gif%3Fversion%3D636554008200000000%26amp%3Bwidth%3D64%26amp%3Bheight%3D64%26amp%3Bauto%3Dwebp%26amp%3Bformat%3Dpjpg"
37,"Northeast Jones vs Lawrence County",Football,"Mississippi",9/18/2026,7:00pm,"The Northeast Jones varsity football team has an away non-conference game @  Lawrence County (Monticello, MS) on Friday, September 18 @ 7p.","/ms/football/game/lawrence-county-monticello-vs-northeast-jones-laurel/9-18-2026/?c=ddefbdda-0122-4dac-b01c-332cdf1f3513","https://www.maxpreps.com/ms/football/game/lawrence-county-monticello-vs-northeast-jones-laurel/9-18-2026/?c=ddefbdda-0122-4dac-b01c-332cdf1f3513","/football/ms/149c?9/18/2026","Tigers","Cougars","https://www.maxpreps.com/ms/lawrence-county-monticello/football/","https://www.maxpreps.com/ms/northeast-jones-laurel/football/","https://hsfootball.net/proxy.php?url=https%3A%2F%2Fimage.maxpreps.io%2Fschool-mascot%2F9%2F2%2F1%2F9214db03-91a2-4648-88fa-795dfdf7d543.gif%3Fversion%3D638460895800000000%26amp%3Bwidth%3D128%26amp%3Bheight%3D128%26amp%3Bauto%3Dwebp%26amp%3Bformat%3Dpjpg","https://hsfootball.net/proxy.php?url=https%3A%2F%2Fimage.maxpreps.io%2Fschool-mascot%2Ff%2Fa%2F6%2Ffa67321c-b584-4163-aa4b-8dca0ebf7d7a.gif%3Fversion%3D635392989600000000%26amp%3Bwidth%3D128%26amp%3Bheight%3D128%26amp%3Bauto%3Dwebp%26amp%3Bformat%3Dpjpg"
38,"Gautier vs Moss Point",Football,"Mississippi",9/18/2026,7:00pm,"The Gautier varsity football team has an away non-conference game @  Moss Point (MS) on Friday, September 18 @ 7p.","/ms/football/game/gautier-vs-moss-point/9-18-2026/?c=658d359c-ca75-4ca0-ba6f-363292505542","https://www.maxpreps.com/ms/football/game/gautier-vs-moss-point/9-18-2026/?c=658d359c-ca75-4ca0-ba6f-363292505542","/football/ms/84d?9/18/2026","Gators","Tigers","https://www.maxpreps.com/ms/gautier/football/","https://www.maxpreps.com/ms/moss-point/football/","https://hsfootball.net/proxy.php?url=https%3A%2F%2Fimage.maxpreps.io%2Fschool-mascot%2F7%2Fd%2Fb%2F7dbcebb6-f0e0-43a5-a4bd-d7d0951d28ff.gif%3Fversion%3D636772669800000000%26amp%3Bwidth%3D128%26amp%3Bheight%3D128%26amp%3Bauto%3Dwebp%26amp%3Bformat%3Dpjpg","https://hsfootball.net/proxy.php?url=https%3A%2F%2Fimage.maxpreps.io%2Fschool-mascot%2F7%2Fd%2Fb%2F7dbcebb6-f0e0-43a5-a4bd-d7d0951d28ff.gif%3Fversion%3D636772669800000000%26amp%3Bwidth%3D64%26amp%3Bheight%3D64%26amp%3Bauto%3Dwebp%26amp%3Bformat%3Dpjpg"
39,"West Monroe vs Brandon",Football,"Mississippi",9/18/2026,7:00pm,"The West Monroe varsity football team has an away non-conference game @  Brandon (MS) on Friday, September 18 @ 7p.","/inter-state/football/game/brandon-ms-vs-west-monroe-la/9-18-2026/?c=6c20deaa-340a-4ec7-8547-a1786d01c910","https://www.maxpreps.com/inter-state/football/game/brandon-ms-vs-west-monroe-la/9-18-2026/?c=6c20deaa-340a-4ec7-8547-a1786d01c910","/football/ms/aae?9/18/2026","Rebels","Bulldogs","https://www.maxpreps.com/ms/brandon-ms/football/","https://www.maxpreps.com/ms/west-monroe-la/football/","https://hsfootball.net/proxy.php?url=https%3A%2F%2Fimage.maxpreps.io%2Fschool-mascot%2Fd%2F3%2Fe%2Fd3ec4c8c-9e8a-45dc-812f-e0233c6ffffb.gif%3Fversion%3D636592053000000000%26amp%3Bwidth%3D128%26amp%3Bheight%3D128%26amp%3Bauto%3Dwebp%26amp%3Bformat%3Dpjpg","https://hsfootball.net/proxy.php?url=https%3A%2F%2Fimage.maxpreps.io%2Fschool-mascot%2F8%2F2%2F4%2F82407d21-d248-4423-9d13-86eea015e20c.gif%3Fversion%3D639136579105634540%26amp%3Bwidth%3D128%26amp%3Bheight%3D128%26amp%3Bauto%3Dwebp%26amp%3Bformat%3Dpjpg"
40,"Ridgeland vs Yazoo City",Football,"Mississippi",9/18/2026,7:00pm,"The Ridgeland varsity football team has an away non-conference game @  Yazoo City (MS) on Friday, September 18 @ 7p.","/ms/football/game/ridgeland-vs-yazoo-city/9-18-2026/?c=b5436888-1d96-4fcb-a4ec-d6a6656b78ba","https://www.maxpreps.com/ms/football/game/ridgeland-vs-yazoo-city/9-18-2026/?c=b5436888-1d96-4fcb-a4ec-d6a6656b78ba","/football/ms/905?9/18/2026","Titans","Indians","https://www.maxpreps.com/ms/ridgeland/football/","https://www.maxpreps.com/ms/yazoo-city/football/","https://hsfootball.net/proxy.php?url=https%3A%2F%2Fimage.maxpreps.io%2Fschool-mascot%2Fe%2Fb%2Ff%2Febf7092b-77c4-4acb-877a-ada8673637e0.gif%3Fversion%3D637007248800000000%26amp%3Bwidth%3D128%26amp%3Bheight%3D128%26amp%3Bauto%3Dwebp%26amp%3Bformat%3Dpjpg","https://hsfootball.net/proxy.php?url=https%3A%2F%2Fimage.maxpreps.io%2Fschool-mascot%2Fb%2F5%2F8%2Fb58dd613-1059-41e3-83e1-f44c1e249b04.gif%3Fversion%3D638265609600000000%26amp%3Bwidth%3D128%26amp%3Bheight%3D128%26amp%3Bauto%3Dwebp%26amp%3Bformat%3Dpjpg"
41,"Franklin Academy vs Briarfield Academy",Football,"Mississippi",9/18/2026,7:00pm,"The Franklin Academy varsity football team has an away non-conference game @  Briarfield Academy (Lake Providence, LA) on Friday, September 18 @ 7p.","/la/football/game/briarfield-academy-lake-providence-vs-franklin-academy-winnsboro/9-18-2026/?c=fe82decd-78f4-469e-88ff-00087ca067fe","https://www.maxpreps.com/la/football/game/briarfield-academy-lake-providence-vs-franklin-academy-winnsboro/9-18-2026/?c=fe82decd-78f4-469e-88ff-00087ca067fe","/football/ms/18e2?9/18/2026","Cougars","Rebels","https://www.maxpreps.com/ms/briarfield-academy-lake-providence/football/","https://www.maxpreps.com/ms/franklin-academy-winnsboro/football/","https://hsfootball.net/proxy.php?url=https%3A%2F%2Fimage.maxpreps.io%2Fschool-mascot%2Ff%2F1%2Fb%2Ff1be0990-19ab-41e4-bae5-ced7af56c73d.gif%3Fversion%3D636501384000000000%26amp%3Bwidth%3D128%26amp%3Bheight%3D128%26amp%3Bauto%3Dwebp%26amp%3Bformat%3Dpjpg","https://hsfootball.net/proxy.php?url=https%3A%2F%2Fimage.maxpreps.io%2Fschool-mascot%2Fc%2Fb%2Fc%2Fcbc93901-4688-4283-a52e-903fa3727a90.gif%3Fversion%3D639237801305715100%26amp%3Bwidth%3D128%26amp%3Bheight%3D128%26amp%3Bauto%3Dwebp%26amp%3Bformat%3Dpjpg"
42,"Greenwood vs Morton",Football,"Mississippi",9/18/2026,7:00pm,"The Greenwood varsity football team has a neutral non-conference game vs.  Morton (MS) on Friday, September 18 @ 7p.","/ms/football/game/greenwood-vs-morton/9-18-2026/?c=014d1d4a-fee8-43ec-b869-5550452036b8","https://www.maxpreps.com/ms/football/game/greenwood-vs-morton/9-18-2026/?c=014d1d4a-fee8-43ec-b869-5550452036b8","/football/ms/7ac?9/18/2026","Bulldogs","Panthers","https://www.maxpreps.com/ms/greenwood/football/","https://www.maxpreps.com/ms/morton/football/","https://hsfootball.net/proxy.php?url=https%3A%2F%2Fimage.maxpreps.io%2Fschool-mascot%2Fc%2Fa%2F2%2Fca21370c-262e-4ac9-b6ee-ad87df32e823.gif%3Fversion%3D634116080400000000%26amp%3Bwidth%3D128%26amp%3Bheight%3D128%26amp%3Bauto%3Dwebp%26amp%3Bformat%3Dpjpg","https://hsfootball.net/proxy.php?url=https%3A%2F%2Fimage.maxpreps.io%2Fschool-mascot%2Fb%2Fe%2F2%2Fbe281e33-b325-446c-a968-138f6db8573c.gif%3Fversion%3D636572292000000000%26amp%3Bwidth%3D128%26amp%3Bheight%3D128%26amp%3Bauto%3Dwebp%26amp%3Bformat%3Dpjpg"
43,"Mendenhall vs Florence",Football,"Mississippi",9/18/2026,7:00pm,"The Mendenhall varsity football team has an away non-conference game @  Florence (MS) on Friday, September 18 @ 7p.","/ms/football/game/florence-vs-mendenhall/9-18-2026/?c=3fb1671b-a513-4238-aafb-b2ff6e2e9167","https://www.maxpreps.com/ms/football/game/florence-vs-mendenhall/9-18-2026/?c=3fb1671b-a513-4238-aafb-b2ff6e2e9167","/football/ms/8a9?9/18/2026","Tigers","Eagles","https://www.maxpreps.com/ms/florence/football/","https://www.maxpreps.com/ms/mendenhall/football/","https://hsfootball.net/proxy.php?url=https%3A%2F%2Fimage.maxpreps.io%2Fschool-mascot%2Ff%2Fa%2Fb%2Ffabb0f26-2f0b-46ac-86b1-9f3d0f4fe147.gif%3Fversion%3D636887616600000000%26amp%3Bwidth%3D128%26amp%3Bheight%3D128%26amp%3Bauto%3Dwebp%26amp%3Bformat%3Dpjpg","https://hsfootball.net/proxy.php?url=https%3A%2F%2Fimage.maxpreps.io%2Fschool-mascot%2Ff%2Fa%2Fb%2Ffabb0f26-2f0b-46ac-86b1-9f3d0f4fe147.gif%3Fversion%3D636887616600000000%26amp%3Bwidth%3D64%26amp%3Bheight%3D64%26amp%3Bauto%3Dwebp%26amp%3Bformat%3Dpjpg"
44,"New Albany vs Caledonia",Football,"Mississippi",9/18/2026,7:00pm,"The New Albany varsity football team has an away non-conference game @  Caledonia (MS) on Friday, September 18 @ 7p.","/ms/football/game/caledonia-vs-new-albany/9-18-2026/?c=7a287689-ee8d-4c9c-bbcd-ab1560796cbb","https://www.maxpreps.com/ms/football/game/caledonia-vs-new-albany/9-18-2026/?c=7a287689-ee8d-4c9c-bbcd-ab1560796cbb","/football/ms/8d1?9/18/2026","Bulldogs","Cavaliers","https://www.maxpreps.com/ms/caledonia/football/","https://www.maxpreps.com/ms/new-albany/football/","https://hsfootball.net/proxy.php?url=https%3A%2F%2Fimage.maxpreps.io%2Fschool-mascot%2Ff%2Fe%2F1%2Ffe12837a-23c5-4a8d-a168-3ee1acd6fb7c.gif%3Fversion%3D636246493200000000%26amp%3Bwidth%3D128%26amp%3Bheight%3D128%26amp%3Bauto%3Dwebp%26amp%3Bformat%3Dpjpg","https://hsfootball.net/proxy.php?url=https%3A%2F%2Fimage.maxpreps.io%2Fschool-mascot%2Fc%2Fc%2Fa%2Fccacf04a-508c-41a6-b6ae-12daaba50246.gif%3Fversion%3D637739823600000000%26amp%3Bwidth%3D128%26amp%3Bheight%3D128%26amp%3Bauto%3Dwebp%26amp%3Bformat%3Dpjpg"
45,"Discovery Christian vs Prairie View Academy",Football,"Mississippi",9/18/2026,7:00pm,"The Discovery Christian varsity football team has an away non-conference game @  Prairie View Academy (Bastrop, LA) on Friday, September 18 @ 7p.","/inter-state/football/game/discovery-christian-florence-ms-vs-prairie-view-academy-bastrop-la/9-18-2026/?c=42828458-101a-4684-824f-b93177c00a0c","https://www.maxpreps.com/inter-state/football/game/discovery-christian-florence-ms-vs-prairie-view-academy-bastrop-la/9-18-2026/?c=42828458-101a-4684-824f-b93177c00a0c","/football/ms/198c?9/18/2026","Spartans","TBD","https://www.maxpreps.com/ms/discovery-christian-florence-ms/football/","https://www.maxpreps.com/ms/prairie-view-academy-bastrop-la/football/","https://hsfootball.net/proxy.php?url=https%3A%2F%2Fimage.maxpreps.io%2Fschool-mascot%2Ff%2F2%2F0%2Ff20989f8-d0f0-44d9-84c3-932a56fe706b.gif%3Fversion%3D639226773163902310%26amp%3Bwidth%3D128%26amp%3Bheight%3D128%26amp%3Bauto%3Dwebp%26amp%3Bformat%3Dpjpg","https://hsfootball.net/proxy.php?url=https%3A%2F%2Fimage.maxpreps.io%2Fschool-mascot%2Ff%2F5%2F9%2Ff59d2195-4754-4103-9dd3-06720ffc534f.gif%3Fversion%3D638730458393006420%26amp%3Bwidth%3D128%26amp%3Bheight%3D128%26amp%3Bauto%3Dwebp%26amp%3Bformat%3Dpjpg"
46,"Columbus Christian Academy vs Delta Streets Academy",Football,"Mississippi",9/18/2026,7:00pm,"The Columbus Christian Academy varsity football team has an away non-conference game @  Delta Streets Academy (Greenwood, MS) on Friday, September 18 @ 7p.","/ms/football/game/columbus-christian-academy-steens-vs-delta-streets-academy-greenwood/9-18-2026/?c=3d0f868b-e280-4c5a-8d38-a578d4f6afc0","https://www.maxpreps.com/ms/football/game/columbus-christian-academy-steens-vs-delta-streets-academy-greenwood/9-18-2026/?c=3d0f868b-e280-4c5a-8d38-a578d4f6afc0","/football/ms/1a98?9/18/2026","rams","Lions","https://www.maxpreps.com/ms/columbus-christian-academy-steens/football/","https://www.maxpreps.com/ms/delta-streets-academy-greenwood/football/","https://hsfootball.net/proxy.php?url=https%3A%2F%2Fimage.maxpreps.io%2Fschool-mascot%2Fd%2F1%2F5%2Fd1519d39-e6d3-4477-9956-66ab632c78ef.gif%3Fversion%3D636082470600000000%26amp%3Bwidth%3D128%26amp%3Bheight%3D128%26amp%3Bauto%3Dwebp%26amp%3Bformat%3Dpjpg","https://hsfootball.net/proxy.php?url=https%3A%2F%2Fimage.maxpreps.io%2Fschool-mascot%2Fd%2Fa%2F9%2Fda9b3509-706d-47cc-81e6-f6e96d12d5c6.gif%3Fversion%3D637438776000000000%26amp%3Bwidth%3D128%26amp%3Bheight%3D128%26amp%3Bauto%3Dwebp%26amp%3Bformat%3Dpjpg"
47,"Mitchell vs Northpoint Christian",Football,"Mississippi",9/18/2026,7:00pm,"The Mitchell varsity football team has an away non-conference game @  Northpoint Christian (Southaven, MS) on Friday, September 18 @ 7p.","/inter-state/football/game/mitchell-memphis-tn-vs-northpoint-christian-southaven-ms/9-18-2026/?c=90c4004f-9bef-48e3-b4bd-ed7ce884f50f","https://www.maxpreps.com/inter-state/football/game/mitchell-memphis-tn-vs-northpoint-christian-southaven-ms/9-18-2026/?c=90c4004f-9bef-48e3-b4bd-ed7ce884f50f","/football/ms/1622?9/18/2026","Tigers","Trojans","https://www.maxpreps.com/ms/mitchell-memphis-tn/football/","https://www.maxpreps.com/ms/northpoint-christian-southaven-ms/football/","https://hsfootball.net/proxy.php?url=https%3A%2F%2Fimage.maxpreps.io%2Fschool-mascot%2F2%2F2%2Ff%2F22f79ee5-adaf-4f67-b27c-509a0eba97ae.gif%3Fversion%3D634728340800000000%26amp%3Bwidth%3D128%26amp%3Bheight%3D128%26amp%3Bauto%3Dwebp%26amp%3Bformat%3Dpjpg","https://hsfootball.net/proxy.php?url=https%3A%2F%2Fimage.maxpreps.io%2Fschool-mascot%2Fe%2Fa%2F4%2Fea4f9d44-73ff-4f6d-bf85-ca5fac320f92.gif%3Fversion%3D636402042600000000%26amp%3Bwidth%3D128%26amp%3Bheight%3D128%26amp%3Bauto%3Dwebp%26amp%3Bformat%3Dpjpg"
48,"Wilkinson County Christian Academy vs Union Christian Academy",Football,"Mississippi",9/18/2026,7:00pm,"The Wilkinson County Christian Academy varsity football team has an away non-conference game @  Union Christian Academy (Farmerville, LA) on Friday, September 18 @ 7p.","/inter-state/football/game/union-christian-academy-farmerville-la-vs-wilkinson-county-christian-academy-woodville-ms/9-18-2026/?c=3aa80648-0800-4600-bafc-de1c1b85cc2d","https://www.maxpreps.com/inter-state/football/game/union-christian-academy-farmerville-la-vs-wilkinson-county-christian-academy-woodville-ms/9-18-2026/?c=3aa80648-0800-4600-bafc-de1c1b85cc2d","/football/ms/22ce?9/18/2026","Rams","Lions","https://www.maxpreps.com/ms/union-christian-academy-farmerville-la/football/","https://www.maxpreps.com/ms/wilkinson-county-christian-academy-woodville-ms/football/","https://hsfootball.net/proxy.php?url=https%3A%2F%2Fimage.maxpreps.io%2Fschool-mascot%2Ff%2F4%2F7%2Ff47d6dd5-69e2-474e-92b8-e4a722b100b6.gif%3Fversion%3D636869679000000000%26amp%3Bwidth%3D128%26amp%3Bheight%3D128%26amp%3Bauto%3Dwebp%26amp%3Bformat%3Dpjpg","https://hsfootball.net/proxy.php?url=https%3A%2F%2Fimage.maxpreps.io%2Fschool-mascot%2Fd%2F9%2Fb%2Fd9b5ee09-33a5-47bf-ab2f-5fc46cdbeec5.gif%3Fversion%3D637081285800000000%26amp%3Bwidth%3D128%26amp%3Bheight%3D128%26amp%3Bauto%3Dwebp%26amp%3Bformat%3Dpjpg"
49,"George County vs Wayne County",Football,"Mississippi",9/18/2026,7:00pm,"The George County varsity football team has an away non-conference game @  Wayne County (Waynesboro, MS) on Friday, September 18 @ 7p.","/ms/football/game/george-county-lucedale-vs-wayne-county-war-eagleslady-war-eagles-waynesboro/9-18-2026/?c=40e28a61-c85f-4d69-a00e-f549f25195f8","https://www.maxpreps.com/ms/football/game/george-county-lucedale-vs-wayne-county-war-eagleslady-war-eagles-waynesboro/9-18-2026/?c=40e28a61-c85f-4d69-a00e-f549f25195f8","/football/ms/1d34?9/18/2026","Rebels","War Eagles","https://www.maxpreps.com/ms/george-county-lucedale/football/","https://www.maxpreps.com/ms/wayne-county-war-eagleslady-war-eagles-waynesboro/football/","https://hsfootball.net/proxy.php?url=https%3A%2F%2Fimage.maxpreps.io%2Fschool-mascot%2Ff%2F5%2F2%2Ff52e253d-9730-485b-b4d4-6615995f8751.gif%3Fversion%3D637290160800000000%26amp%3Bwidth%3D128%26amp%3Bheight%3D128%26amp%3Bauto%3Dwebp%26amp%3Bformat%3Dpjpg","https://hsfootball.net/proxy.php?url=https%3A%2F%2Fimage.maxpreps.io%2Fschool-mascot%2Ff%2F5%2Ff%2Ff5ff40a8-2d4a-4224-ab3a-c1b33e6b6c40.gif%3Fversion%3D634538338800000000%26amp%3Bwidth%3D128%26amp%3Bheight%3D128%26amp%3Bauto%3Dwebp%26amp%3Bformat%3Dpjpg"
50,"Glenbrook Minden vs Haughton",Football,"Mississippi",9/18/2026,TBD,"The Haughton varsity football team has a game @ Glenbrook Minden (Mississippi).","/la/football/game/glenbrook-minden-vs-haughton/9-18-2026/?c=6d720f38-4c4d-443c-b560-0ed03d95b5ab","https://www.maxpreps.com/la/football/game/glenbrook-minden-vs-haughton/9-18-2026/?c=6d720f38-4c4d-443c-b560-0ed03d95b5ab","/football/ms/b0c?9/18/2026","Minden","Haughton","https://www.maxpreps.com/ms/glenbrook-minden/football/","https://www.maxpreps.com/ms/haughton/football/","",""
51,"Greene County Leakesville vs Vancleave",Football,"Mississippi",9/18/2026,TBD,"The Vancleave varsity football team has a game @ Greene County Leakesville (Mississippi).","/ms/football/game/greene-county-leakesville-vs-vancleave/9-18-2026/?c=dc3dae90-4398-4132-86b8-2f9c9d54da10","https://www.maxpreps.com/ms/football/game/greene-county-leakesville-vs-vancleave/9-18-2026/?c=dc3dae90-4398-4132-86b8-2f9c9d54da10","/football/ms/efb?9/18/2026","Leakesville","Vancleave","https://www.maxpreps.com/ms/greene-county-leakesville/football/","https://www.maxpreps.com/ms/vancleave/football/","",""
52,"Central Private Baker vs St John Plaquemine",Football,"Mississippi",9/18/2026,TBD,"The St John Plaquemine varsity football team has a game @ Central Private Baker (Mississippi).","/la/football/game/central-private-baker-vs-st-john-plaquemine/9-18-2026/?c=ec48543b-f3ee-42eb-bd35-0554d5715e8f","https://www.maxpreps.com/la/football/game/central-private-baker-vs-st-john-plaquemine/9-18-2026/?c=ec48543b-f3ee-42eb-bd35-0554d5715e8f","/football/ms/10a7?9/18/2026","Baker","Plaquemine","https://www.maxpreps.com/ms/central-private-baker/football/","https://www.maxpreps.com/ms/st-john-plaquemine/football/","",""
53,"Strayhorn Sarah vs Tupelo Christian Prep Belden",Football,"Mississippi",9/18/2026,TBD,"The Tupelo Christian Prep Belden varsity football team has a game @ Strayhorn Sarah (Mississippi).","/ms/football/game/strayhorn-sarah-vs-tupelo-christian-prep-belden/9-18-2026/?c=308aa188-606d-45d0-8d0a-6dfe05b113c3","https://www.maxpreps.com/ms/football/game/strayhorn-sarah-vs-tupelo-christian-prep-belden/9-18-2026/?c=308aa188-606d-45d0-8d0a-6dfe05b113c3","/football/ms/126f?9/18/2026","Sarah","Belden","https://www.maxpreps.com/ms/strayhorn-sarah/football/","https://www.maxpreps.com/ms/tupelo-christian-prep-belden/football/","",""
54,"Laurel vs West Harrison Gulfport",Football,"Mississippi",9/18/2026,TBD,"The West Harrison Gulfport varsity football team has a game @ Laurel (Mississippi).","/ms/football/game/laurel-vs-west-harrison-gulfport/9-18-2026/?c=be9ffdea-839b-4d61-80c8-21872d8eae54","https://www.maxpreps.com/ms/football/game/laurel-vs-west-harrison-gulfport/9-18-2026/?c=be9ffdea-839b-4d61-80c8-21872d8eae54","/football/ms/cbe?9/18/2026","Laurel","Gulfport","https://www.maxpreps.com/ms/laurel/football/","https://www.maxpreps.com/ms/west-harrison-gulfport/football/","",""
55,"Ocean Springs vs Picayune",Football,"Mississippi",9/18/2026,TBD,"The Picayune varsity football team has a game @ Ocean Springs (Mississippi).","/ms/football/game/ocean-springs-vs-picayune/9-18-2026/?c=51b2f8d8-6735-4ce9-b8fa-5ef3f7dd3230","https://www.maxpreps.com/ms/football/game/ocean-springs-vs-picayune/9-18-2026/?c=51b2f8d8-6735-4ce9-b8fa-5ef3f7dd3230","/football/ms/9da?9/18/2026","Springs","Picayune","https://www.maxpreps.com/ms/ocean-springs/football/","https://www.maxpreps.com/ms/picayune/football/","",""
56,"Amanda Elzy Greenwood vs North Pontotoc Ecru",Football,"Mississippi",9/18/2026,TBD,"The North Pontotoc Ecru varsity football team has a game @ Amanda Elzy Greenwood (Mississippi).","/ms/football/game/amanda-elzy-greenwood-vs-north-pontotoc-ecru/9-18-2026/?c=6778af46-6ccf-4d29-8d40-f7b0d65d8ce7","https://www.maxpreps.com/ms/football/game/amanda-elzy-greenwood-vs-north-pontotoc-ecru/9-18-2026/?c=6778af46-6ccf-4d29-8d40-f7b0d65d8ce7","/football/ms/1137?9/18/2026","Greenwood","Ecru","https://www.maxpreps.com/ms/amanda-elzy-greenwood/football/","https://www.maxpreps.com/ms/north-pontotoc-ecru/football/","",""
57,"Calhoun City vs Senatobia",Football,"Mississippi",9/18/2026,TBD,"The Senatobia varsity football team has a game @ Calhoun City (Mississippi).","/ms/football/game/calhoun-city-vs-senatobia/9-18-2026/?c=2f3b0015-1169-411e-9364-7dd9b8da955d","https://www.maxpreps.com/ms/football/game/calhoun-city-vs-senatobia/9-18-2026/?c=2f3b0015-1169-411e-9364-7dd9b8da955d","/football/ms/9c9?9/18/2026","City","Senatobia","https://www.maxpreps.com/ms/calhoun-city/football/","https://www.maxpreps.com/ms/senatobia/football/","",""
58,"Pearl River Central Carriere vs Poplarville",Football,"Mississippi",9/18/2026,TBD,"The Poplarville varsity football team has a game @ Pearl River Central Carriere (Mississippi).","/ms/football/game/pearl-river-central-carriere-vs-poplarville/9-18-2026/?c=e651fd2e-1bae-435c-9f84-1f603af1b634","https://www.maxpreps.com/ms/football/game/pearl-river-central-carriere-vs-poplarville/9-18-2026/?c=e651fd2e-1bae-435c-9f84-1f603af1b634","/football/ms/10e6?9/18/2026","Carriere","Poplarville","https://www.maxpreps.com/ms/pearl-river-central-carriere/football/","https://www.maxpreps.com/ms/poplarville/football/","",""
59,"Forest vs Northeast Lauderdale Meridian",Football,"Mississippi",9/18/2026,TBD,"The Northeast Lauderdale Meridian varsity football team has a game @ Forest (Mississippi).","/ms/football/game/forest-vs-northeast-lauderdale-meridian/9-18-2026/?c=b2233164-9852-4b5c-8e62-ee6814796209","https://www.maxpreps.com/ms/football/game/forest-vs-northeast-lauderdale-meridian/9-18-2026/?c=b2233164-9852-4b5c-8e62-ee6814796209","/football/ms/f64?9/18/2026","Forest","Meridian","https://www.maxpreps.com/ms/forest/football/","https://www.maxpreps.com/ms/northeast-lauderdale-meridian/football/","",""
60,"Houston vs Winona",Football,"Mississippi",9/18/2026,TBD,"The Winona varsity football team has a game @ Houston (Mississippi).","/ms/football/game/houston-vs-winona/9-18-2026/?c=c7839193-7a93-46d4-a832-1b15cac4e646","https://www.maxpreps.com/ms/football/game/houston-vs-winona/9-18-2026/?c=c7839193-7a93-46d4-a832-1b15cac4e646","/football/ms/6df?9/18/2026","Houston","Winona","https://www.maxpreps.com/ms/houston/football/","https://www.maxpreps.com/ms/winona/football/","",""
61,"Russell Christian Academy Meridian Ms vs Tuscaloosa Christian Cottondale Al",Football,"Mississippi",9/18/2026,TBD,"The Tuscaloosa Christian Cottondale Al varsity football team has a game @ Russell Christian Academy Meridian Ms (Mississippi).","/inter-state/football/game/russell-christian-academy-meridian-ms-vs-tuscaloosa-christian-cottondale-al/9-18-2026/?c=bac9adb8-dc90-4d69-9709-42d26857f19c","https://www.maxpreps.com/inter-state/football/game/russell-christian-academy-meridian-ms-vs-tuscaloosa-christian-cottondale-al/9-18-2026/?c=bac9adb8-dc90-4d69-9709-42d26857f19c","/football/ms/1d47?9/18/2026","Ms","Al","https://www.maxpreps.com/ms/russell-christian-academy-meridian-ms/football/","https://www.maxpreps.com/ms/tuscaloosa-christian-cottondale-al/football/","",""
62,"Ethel vs Greenville Christian",Football,"Mississippi",9/18/2026,TBD,"The Greenville Christian varsity football team has a game @ Ethel (Mississippi).","/ms/football/game/ethel-vs-greenville-christian/9-18-2026/?c=de76432e-d86a-4e8e-9471-f8b6bb5a6e3e","https://www.maxpreps.com/ms/football/game/ethel-vs-greenville-christian/9-18-2026/?c=de76432e-d86a-4e8e-9471-f8b6bb5a6e3e","/football/ms/b74?9/18/2026","Ethel","Christian","https://www.maxpreps.com/ms/ethel/football/","https://www.maxpreps.com/ms/greenville-christian/football/","",""
63,"Bayou Academy Cleveland vs St Joseph Catholic Madison",Football,"Mississippi",9/18/2026,TBD,"The St Joseph Catholic Madison varsity football team has a game @ Bayou Academy Cleveland (Mississippi).","/ms/football/game/bayou-academy-cleveland-vs-st-joseph-catholic-madison/9-18-2026/?c=e1287b07-d40b-4bf4-86b9-b6c331bdbaa6","https://www.maxpreps.com/ms/football/game/bayou-academy-cleveland-vs-st-joseph-catholic-madison/9-18-2026/?c=e1287b07-d40b-4bf4-86b9-b6c331bdbaa6","/football/ms/1468?9/18/2026","Cleveland","Madison","https://www.maxpreps.com/ms/bayou-academy-cleveland/football/","https://www.maxpreps.com/ms/st-joseph-catholic-madison/football/","",""
64,"Choctaw County Ackerman vs Kemper County Dekalb",Football,"Mississippi",9/18/2026,TBD,"The Kemper County Dekalb varsity football team has a game @ Choctaw County Ackerman (Mississippi).","/ms/football/game/choctaw-county-ackerman-vs-kemper-county-dekalb/9-18-2026/?c=ef5a4ef5-2263-4ac0-a10b-afc9554022c0","https://www.maxpreps.com/ms/football/game/choctaw-county-ackerman-vs-kemper-county-dekalb/9-18-2026/?c=ef5a4ef5-2263-4ac0-a10b-afc9554022c0","/football/ms/124d?9/18/2026","Ackerman","Dekalb","https://www.maxpreps.com/ms/choctaw-county-ackerman/football/","https://www.maxpreps.com/ms/kemper-county-dekalb/football/","",""
65,"Greenville Christian vs South Pike Magnolia",Football,"Mississippi",9/18/2026,TBD,"The South Pike Magnolia varsity football team has a game @ Greenville Christian (Mississippi).","/ms/football/game/greenville-christian-vs-south-pike-magnolia/9-18-2026/?c=573d1571-16a9-4e49-87ea-41e836739cc3","https://www.maxpreps.com/ms/football/game/greenville-christian-vs-south-pike-magnolia/9-18-2026/?c=573d1571-16a9-4e49-87ea-41e836739cc3","/football/ms/10e0?9/18/2026","Christian","Magnolia","https://www.maxpreps.com/ms/greenville-christian/football/","https://www.maxpreps.com/ms/south-pike-magnolia/football/","",""
66,"Leland vs South Delta Rolling Fork",Football,"Mississippi",9/18/2026,TBD,"The South Delta Rolling Fork varsity football team has a game @ Leland (Mississippi).","/ms/football/game/leland-vs-south-delta-rolling-fork/9-18-2026/?c=4e231c2b-7e22-475f-b790-f7094a691940","https://www.maxpreps.com/ms/football/game/leland-vs-south-delta-rolling-fork/9-18-2026/?c=4e231c2b-7e22-475f-b790-f7094a691940","/football/ms/d20?9/18/2026","Leland","Fork","https://www.maxpreps.com/ms/leland/football/","https://www.maxpreps.com/ms/south-delta-rolling-fork/football/","",""
67,"Palmer Marks vs Rosa Fort Tunica",Football,"Mississippi",9/18/2026,TBD,"The Rosa Fort Tunica varsity football team has a game @ Palmer Marks (Mississippi).","/ms/football/game/palmer-marks-vs-rosa-fort-tunica/9-18-2026/?c=f2e6f56a-18b6-4849-980a-aaf1a37e1302","https://www.maxpreps.com/ms/football/game/palmer-marks-vs-rosa-fort-tunica/9-18-2026/?c=f2e6f56a-18b6-4849-980a-aaf1a37e1302","/football/ms/c5d?9/18/2026","Marks","Tunica","https://www.maxpreps.com/ms/palmer-marks/football/","https://www.maxpreps.com/ms/rosa-fort-tunica/football/","",""
68,"Choctaw Central Philadelphia vs Lake",Football,"Mississippi",9/18/2026,TBD,"The Lake varsity football team has a game @ Choctaw Central Philadelphia (Mississippi).","/ms/football/game/choctaw-central-philadelphia-vs-lake/9-18-2026/?c=06333c2b-35f0-4b08-933c-8f185cc49040","https://www.maxpreps.com/ms/football/game/choctaw-central-philadelphia-vs-lake/9-18-2026/?c=06333c2b-35f0-4b08-933c-8f185cc49040","/football/ms/df1?9/18/2026","Philadelphia","Lake","https://www.maxpreps.com/ms/choctaw-central-philadelphia/football/","https://www.maxpreps.com/ms/lake/football/","",""
69,"Harrison Central Gulfport vs Tylertown",Football,"Mississippi",9/18/2026,TBD,"The Tylertown varsity football team has a game @ Harrison Central Gulfport (Mississippi).","/ms/football/game/harrison-central-gulfport-vs-tylertown/9-18-2026/?c=be015342-8021-4b03-bda2-31c38c244dde","https://www.maxpreps.com/ms/football/game/harrison-central-gulfport-vs-tylertown/9-18-2026/?c=be015342-8021-4b03-bda2-31c38c244dde","/football/ms/f57?9/18/2026","Gulfport","Tylertown","https://www.maxpreps.com/ms/harrison-central-gulfport/football/","https://www.maxpreps.com/ms/tylertown/football/","",""
70,"Independence vs West Bolivar Rosedale",Football,"Mississippi",9/18/2026,TBD,"The West Bolivar Rosedale varsity football team has a game @ Independence (Mississippi).","/ms/football/game/independence-vs-west-bolivar-rosedale/9-18-2026/?c=ed4a34f1-2fdd-4ee3-a1ed-5c1e4e459917","https://www.maxpreps.com/ms/football/game/independence-vs-west-bolivar-rosedale/9-18-2026/?c=ed4a34f1-2fdd-4ee3-a1ed-5c1e4e459917","/football/ms/e80?9/18/2026","Independence","Rosedale","https://www.maxpreps.com/ms/independence/football/","https://www.maxpreps.com/ms/west-bolivar-rosedale/football/","",""
71,"Porters Chapel Academy Vicksburg Ms vs Riverdale Academy Coushatta La",Football,"Mississippi",9/18/2026,TBD,"The Riverdale Academy Coushatta La varsity football team has a game @ Porters Chapel Academy Vicksburg Ms (Mississippi).","/inter-state/football/game/porters-chapel-academy-vicksburg-ms-vs-riverdale-academy-coushatta-la/9-18-2026/?c=8d76558a-051a-4a2d-a904-b1cfbc8068dc","https://www.maxpreps.com/inter-state/football/game/porters-chapel-academy-vicksburg-ms-vs-riverdale-academy-coushatta-la/9-18-2026/?c=8d76558a-051a-4a2d-a904-b1cfbc8068dc","/football/ms/1aa9?9/18/2026","Ms","La","https://www.maxpreps.com/ms/porters-chapel-academy-vicksburg-ms/football/","https://www.maxpreps.com/ms/riverdale-academy-coushatta-la/football/","",""
72,"Calhoun Academy Calhoun City vs Delta Academy Marks",Football,"Mississippi",9/18/2026,TBD,"The Delta Academy Marks varsity football team has a game @ Calhoun Academy Calhoun City (Mississippi).","/ms/football/game/calhoun-academy-calhoun-city-vs-delta-academy-marks/9-18-2026/?c=82a88e9d-0143-4954-a9da-8075394eeeeb","https://www.maxpreps.com/ms/football/game/calhoun-academy-calhoun-city-vs-delta-academy-marks/9-18-2026/?c=82a88e9d-0143-4954-a9da-8075394eeeeb","/football/ms/1381?9/18/2026","City","Marks","https://www.maxpreps.com/ms/calhoun-academy-calhoun-city/football/","https://www.maxpreps.com/ms/delta-academy-marks/football/","",""
73,"Columbia Academy Ms vs Silliman Institute Clinton La",Football,"Mississippi",9/18/2026,TBD,"The Silliman Institute Clinton La varsity football team has a game @ Columbia Academy Ms (Mississippi).","/inter-state/football/game/columbia-academy-ms-vs-silliman-institute-clinton-la/9-18-2026/?c=339f4021-d1cd-487e-bd53-9efedbe393b8","https://www.maxpreps.com/inter-state/football/game/columbia-academy-ms-vs-silliman-institute-clinton-la/9-18-2026/?c=339f4021-d1cd-487e-bd53-9efedbe393b8","/football/ms/142a?9/18/2026","Ms","La","https://www.maxpreps.com/ms/columbia-academy-ms/football/","https://www.maxpreps.com/ms/silliman-institute-clinton-la/football/","",""
74,"Indianola Academy vs St Joseph Greenville",Football,"Mississippi",9/18/2026,TBD,"The St Joseph Greenville varsity football team has a game @ Indianola Academy (Mississippi).","/ms/football/game/indianola-academy-vs-st-joseph-greenville/9-18-2026/?c=cd19e41c-ce8f-4ce8-8d5b-5941926321cd","https://www.maxpreps.com/ms/football/game/indianola-academy-vs-st-joseph-greenville/9-18-2026/?c=cd19e41c-ce8f-4ce8-8d5b-5941926321cd","/football/ms/fea?9/18/2026","Academy","Greenville","https://www.maxpreps.com/ms/indianola-academy/football/","https://www.maxpreps.com/ms/st-joseph-greenville/football/","",""
75,"Bens Ford Christian Bogalusa La vs Christ Covenant Ridgeland Ms",Football,"Mississippi",9/18/2026,TBD,"The Christ Covenant Ridgeland Ms varsity football team has a game @ Bens Ford Christian Bogalusa La (Mississippi).","/inter-state/football/game/bens-ford-christian-bogalusa-la-vs-christ-covenant-ridgeland-ms/9-18-2026/?c=8736ab6f-b2c1-4b41-8d57-13bdb921b835","https://www.maxpreps.com/inter-state/football/game/bens-ford-christian-bogalusa-la-vs-christ-covenant-ridgeland-ms/9-18-2026/?c=8736ab6f-b2c1-4b41-8d57-13bdb921b835","/football/ms/1826?9/18/2026","La","Ms","https://www.maxpreps.com/ms/bens-ford-christian-bogalusa-la/football/","https://www.maxpreps.com/ms/christ-covenant-ridgeland-ms/football/","",""
76,"Alcorn Central Glen vs Walnut",Football,"Mississippi",9/18/2026,TBD,"The Walnut varsity football team has a game @ Alcorn Central Glen (Mississippi).","/ms/football/game/alcorn-central-glen-vs-walnut/9-18-2026/?c=bfe86600-e63f-41f5-9a6a-ea25040a0cf0","https://www.maxpreps.com/ms/football/game/alcorn-central-glen-vs-walnut/9-18-2026/?c=bfe86600-e63f-41f5-9a6a-ea25040a0cf0","/football/ms/b46?9/18/2026","Glen","Walnut","https://www.maxpreps.com/ms/alcorn-central-glen/football/","https://www.maxpreps.com/ms/walnut/football/","",""
77,"Gentry Indianola vs Hazlehurst",Football,"Mississippi",9/18/2026,TBD,"The Hazlehurst varsity football team has a game @ Gentry Indianola (Mississippi).","/ms/football/game/gentry-indianola-vs-hazlehurst/9-18-2026/?c=4a57bcec-bd0b-49df-b2fe-cf403fdff45c","https://www.maxpreps.com/ms/football/game/gentry-indianola-vs-hazlehurst/9-18-2026/?c=4a57bcec-bd0b-49df-b2fe-cf403fdff45c","/football/ms/c02?9/18/2026","Indianola","Hazlehurst","https://www.maxpreps.com/ms/gentry-indianola/football/","https://www.maxpreps.com/ms/hazlehurst/football/","",""
78,"Franklin County Meadville vs Perry Central New Augusta",Football,"Mississippi",9/18/2026,TBD,"The Perry Central New Augusta varsity football team has a game @ Franklin County Meadville (Mississippi).","/ms/football/game/franklin-county-meadville-vs-perry-central-new-augusta/9-18-2026/?c=40ac0c7b-5656-4d31-b343-b00172bf675e","https://www.maxpreps.com/ms/football/game/franklin-county-meadville-vs-perry-central-new-augusta/9-18-2026/?c=40ac0c7b-5656-4d31-b343-b00172bf675e","/football/ms/152d?9/18/2026","Meadville","Augusta","https://www.maxpreps.com/ms/franklin-county-meadville/football/","https://www.maxpreps.com/ms/perry-central-new-augusta/football/","",""
79,"Pass Christian vs St Stanislaus Bay St Louis",Football,"Mississippi",9/18/2026,TBD,"The St Stanislaus Bay St Louis varsity football team has a game @ Pass Christian (Mississippi).","/ms/football/game/pass-christian-vs-st-stanislaus-bay-st-louis/9-18-2026/?c=e5cacf7e-3626-4983-bfe6-ff38a85094a8","https://www.maxpreps.com/ms/football/game/pass-christian-vs-st-stanislaus-bay-st-louis/9-18-2026/?c=e5cacf7e-3626-4983-bfe6-ff38a85094a8","/football/ms/111d?9/18/2026","Christian","Louis","https://www.maxpreps.com/ms/pass-christian/football/","https://www.maxpreps.com/ms/st-stanislaus-bay-st-louis/football/","",""
80,"Sumrall vs West Marion Foxworth",Football,"Mississippi",9/18/2026,TBD,"The West Marion Foxworth varsity football team has a game @ Sumrall (Mississippi).","/ms/football/game/sumrall-vs-west-marion-foxworth/9-18-2026/?c=dbca4235-a7dd-4f9a-b640-d36e61c29513","https://www.maxpreps.com/ms/football/game/sumrall-vs-west-marion-foxworth/9-18-2026/?c=dbca4235-a7dd-4f9a-b640-d36e61c29513","/football/ms/c67?9/18/2026","Sumrall","Foxworth","https://www.maxpreps.com/ms/sumrall/football/","https://www.maxpreps.com/ms/west-marion-foxworth/football/","",""
81,"Corinth vs Pontotoc",Football,"Mississippi",9/18/2026,TBD,"The Pontotoc varsity football team has a game @ Corinth (Mississippi).","/ms/football/game/corinth-vs-pontotoc/9-18-2026/?c=be718937-2116-4e1e-bcd2-3c6cbac503fe","https://www.maxpreps.com/ms/football/game/corinth-vs-pontotoc/9-18-2026/?c=be718937-2116-4e1e-bcd2-3c6cbac503fe","/football/ms/7b0?9/18/2026","Corinth","Pontotoc","https://www.maxpreps.com/ms/corinth/football/","https://www.maxpreps.com/ms/pontotoc/football/","",""
82,"Richton vs St Patrick Biloxi",Football,"Mississippi",9/18/2026,TBD,"The St Patrick Biloxi varsity football team has a game @ Richton (Mississippi).","/ms/football/game/richton-vs-st-patrick-biloxi/9-18-2026/?c=5b62454e-feb6-4a20-b2de-9b1f8dd67938","https://www.maxpreps.com/ms/football/game/richton-vs-st-patrick-biloxi/9-18-2026/?c=5b62454e-feb6-4a20-b2de-9b1f8dd67938","/football/ms/af0?9/18/2026","Richton","Biloxi","https://www.maxpreps.com/ms/richton/football/","https://www.maxpreps.com/ms/st-patrick-biloxi/football/","",""
83,"Belmont vs Tishomingo County Iuka",Football,"Mississippi",9/18/2026,TBD,"The Tishomingo County Iuka varsity football team has a game @ Belmont (Mississippi).","/ms/football/game/belmont-vs-tishomingo-county-iuka/9-18-2026/?c=1cd98257-2a5a-45d2-b2ff-008f9714d0c1","https://www.maxpreps.com/ms/football/game/belmont-vs-tishomingo-county-iuka/9-18-2026/?c=1cd98257-2a5a-45d2-b2ff-008f9714d0c1","/football/ms/d1b?9/18/2026","Belmont","Iuka","https://www.maxpreps.com/ms/belmont/football/","https://www.maxpreps.com/ms/tishomingo-county-iuka/football/","",""
84,"Ashland vs Hatley Amory",Football,"Mississippi",9/18/2026,TBD,"The Hatley Amory varsity football team has a game @ Ashland (Mississippi).","/ms/football/game/ashland-vs-hatley-amory/9-18-2026/?c=59718083-74d7-440b-ab67-1fbf5a1dc5e0","https://www.maxpreps.com/ms/football/game/ashland-vs-hatley-amory/9-18-2026/?c=59718083-74d7-440b-ab67-1fbf5a1dc5e0","/football/ms/8fa?9/18/2026","Ashland","Amory","https://www.maxpreps.com/ms/ashland/football/","https://www.maxpreps.com/ms/hatley-amory/football/","",""
85,"Bay Springs vs Philadelphia",Football,"Mississippi",9/18/2026,TBD,"The Philadelphia varsity football team has a game @ Bay Springs (Mississippi).","/ms/football/game/bay-springs-vs-philadelphia/9-18-2026/?c=f725b384-2b3c-43f8-9859-2fc8a8dd8d42","https://www.maxpreps.com/ms/football/game/bay-springs-vs-philadelphia/9-18-2026/?c=f725b384-2b3c-43f8-9859-2fc8a8dd8d42","/football/ms/a97?9/18/2026","Springs","Philadelphia","https://www.maxpreps.com/ms/bay-springs/football/","https://www.maxpreps.com/ms/philadelphia/football/","",""
86,"Kosciusko vs Olive Branch",Football,"Mississippi",9/18/2026,TBD,"The Olive Branch varsity football team has a game @ Kosciusko (Mississippi).","/ms/football/game/kosciusko-vs-olive-branch/9-18-2026/?c=2ca4972f-eeac-4c3c-a6b6-6b5756a53866","https://www.maxpreps.com/ms/football/game/kosciusko-vs-olive-branch/9-18-2026/?c=2ca4972f-eeac-4c3c-a6b6-6b5756a53866","/football/ms/9d8?9/18/2026","Kosciusko","Branch","https://www.maxpreps.com/ms/kosciusko/football/","https://www.maxpreps.com/ms/olive-branch/football/","",""
87,"East Union Blue Springs vs Hamilton",Football,"Mississippi",9/18/2026,TBD,"The Hamilton varsity football team has a game @ East Union Blue Springs (Mississippi).","/ms/football/game/east-union-blue-springs-vs-hamilton/9-18-2026/?c=90762a8c-5b34-4ef8-af64-faea20d340a1","https://www.maxpreps.com/ms/football/game/east-union-blue-springs-vs-hamilton/9-18-2026/?c=90762a8c-5b34-4ef8-af64-faea20d340a1","/football/ms/daa?9/18/2026","Springs","Hamilton","https://www.maxpreps.com/ms/east-union-blue-springs/football/","https://www.maxpreps.com/ms/hamilton/football/","",""
88,"Edwards Ruleville vs Greenville",Football,"Mississippi",9/18/2026,TBD,"The Greenville varsity football team has a game @ Edwards Ruleville (Mississippi).","/ms/football/game/edwards-ruleville-vs-greenville/9-18-2026/?c=411fa367-0f7e-405e-8c9b-fe5325768a7f","https://www.maxpreps.com/ms/football/game/edwards-ruleville-vs-greenville/9-18-2026/?c=411fa367-0f7e-405e-8c9b-fe5325768a7f","/football/ms/c5b?9/18/2026","Ruleville","Greenville","https://www.maxpreps.com/ms/edwards-ruleville/football/","https://www.maxpreps.com/ms/greenville/football/","",""
89,"Pisgah Sandhill vs Puckett",Football,"Mississippi",9/18/2026,TBD,"The Puckett varsity football team has a game @ Pisgah Sandhill (Mississippi).","/ms/football/game/pisgah-sandhill-vs-puckett/9-18-2026/?c=e171a280-7236-4872-879b-a4dc1f0a1011","https://www.maxpreps.com/ms/football/game/pisgah-sandhill-vs-puckett/9-18-2026/?c=e171a280-7236-4872-879b-a4dc1f0a1011","/football/ms/a3b?9/18/2026","Sandhill","Puckett","https://www.maxpreps.com/ms/pisgah-sandhill/football/","https://www.maxpreps.com/ms/puckett/football/","",""
90,"Kossuth vs Nettleton",Football,"Mississippi",9/18/2026,TBD,"The Nettleton varsity football team has a game @ Kossuth (Mississippi).","/ms/football/game/kossuth-vs-nettleton/9-18-2026/?c=9d03865e-afcb-4390-8fc2-9ddd46bf28e1","https://www.maxpreps.com/ms/football/game/kossuth-vs-nettleton/9-18-2026/?c=9d03865e-afcb-4390-8fc2-9ddd46bf28e1","/football/ms/831?9/18/2026","Kossuth","Nettleton","https://www.maxpreps.com/ms/kossuth/football/","https://www.maxpreps.com/ms/nettleton/football/","",""
91,"Jz George North Carrollton vs Riverside Avon",Football,"Mississippi",9/18/2026,TBD,"The Riverside Avon varsity football team has a game @ Jz George North Carrollton (Mississippi).","/ms/football/game/jz-george-north-carrollton-vs-riverside-avon/9-18-2026/?c=3499c04a-c60b-44d1-9571-640507e1ca56","https://www.maxpreps.com/ms/football/game/jz-george-north-carrollton-vs-riverside-avon/9-18-2026/?c=3499c04a-c60b-44d1-9571-640507e1ca56","/football/ms/1140?9/18/2026","Carrollton","Avon","https://www.maxpreps.com/ms/jz-george-north-carrollton/football/","https://www.maxpreps.com/ms/riverside-avon/football/","",""
92,"Columbus vs Meridian",Football,"Mississippi",9/18/2026,TBD,"The Meridian varsity football team has a game @ Columbus (Mississippi).","/ms/football/game/columbus-vs-meridian/9-18-2026/?c=5ebfbd02-4596-43cd-b0e5-e94dd7bf75ac","https://www.maxpreps.com/ms/football/game/columbus-vs-meridian/9-18-2026/?c=5ebfbd02-4596-43cd-b0e5-e94dd7bf75ac","/football/ms/7f6?9/18/2026","Columbus","Meridian","https://www.maxpreps.com/ms/columbus/football/","https://www.maxpreps.com/ms/meridian/football/","",""
93,"Oak Hill Academy West Point Ms vs Rossville Christian Academy Tn",Football,"Mississippi",9/18/2026,TBD,"The Rossville Christian Academy Tn varsity football team has a game @ Oak Hill Academy West Point Ms (Mississippi).","/inter-state/football/game/oak-hill-academy-west-point-ms-vs-rossville-christian-academy-tn/9-18-2026/?c=be35c524-1867-427a-ad8c-be0823caedc3","https://www.maxpreps.com/inter-state/football/game/oak-hill-academy-west-point-ms-vs-rossville-christian-academy-tn/9-18-2026/?c=be35c524-1867-427a-ad8c-be0823caedc3","/football/ms/188e?9/18/2026","Ms","Tn","https://www.maxpreps.com/ms/oak-hill-academy-west-point-ms/football/","https://www.maxpreps.com/ms/rossville-christian-academy-tn/football/","",""
94,"Enterprise vs North Forrest Hattiesburg",Football,"Mississippi",9/18/2026,TBD,"The North Forrest Hattiesburg varsity football team has a game @ Enterprise (Mississippi).","/ms/football/game/enterprise-vs-north-forrest-hattiesburg/9-18-2026/?c=670bc34a-b680-4fd3-a2a8-03450e15f1cc","https://www.maxpreps.com/ms/football/game/enterprise-vs-north-forrest-hattiesburg/9-18-2026/?c=670bc34a-b680-4fd3-a2a8-03450e15f1cc","/football/ms/fb0?9/18/2026","Enterprise","Hattiesburg","https://www.maxpreps.com/ms/enterprise/football/","https://www.maxpreps.com/ms/north-forrest-hattiesburg/football/","",""
95,"Centreville Academy vs Christian Collegiate Academy Gulfport",Football,"Mississippi",9/18/2026,TBD,"The Christian Collegiate Academy Gulfport varsity football team has a game @ Centreville Academy (Mississippi).","/ms/football/game/centreville-academy-vs-christian-collegiate-academy-gulfport/9-18-2026/?c=a3c8a144-bde0-42b3-8cf8-488d3c982e1e","https://www.maxpreps.com/ms/football/game/centreville-academy-vs-christian-collegiate-academy-gulfport/9-18-2026/?c=a3c8a144-bde0-42b3-8cf8-488d3c982e1e","/football/ms/178d?9/18/2026","Academy","Gulfport","https://www.maxpreps.com/ms/centreville-academy/football/","https://www.maxpreps.com/ms/christian-collegiate-academy-gulfport/football/","",""
96,"Canton Academy vs Winston Academy Louisville",Football,"Mississippi",9/18/2026,TBD,"The Winston Academy Louisville varsity football team has a game @ Canton Academy (Mississippi).","/ms/football/game/canton-academy-vs-winston-academy-louisville/9-18-2026/?c=4967d0d7-2aab-4fbf-8a4d-d6d7822d0102","https://www.maxpreps.com/ms/football/game/canton-academy-vs-winston-academy-louisville/9-18-2026/?c=4967d0d7-2aab-4fbf-8a4d-d6d7822d0102","/football/ms/114f?9/18/2026","Academy","Louisville","https://www.maxpreps.com/ms/canton-academy/football/","https://www.maxpreps.com/ms/winston-academy-louisville/football/","",""
97,"Humphreys Academy Belzoni vs Tunica Academy",Football,"Mississippi",9/18/2026,TBD,"The Tunica Academy varsity football team has a game @ Humphreys Academy Belzoni (Mississippi).","/ms/football/game/humphreys-academy-belzoni-vs-tunica-academy/9-18-2026/?c=8256af07-61b1-4660-b4a6-7adef76dc8c3","https://www.maxpreps.com/ms/football/game/humphreys-academy-belzoni-vs-tunica-academy/9-18-2026/?c=8256af07-61b1-4660-b4a6-7adef76dc8c3","/football/ms/10ce?9/18/2026","Belzoni","Academy","https://www.maxpreps.com/ms/humphreys-academy-belzoni/football/","https://www.maxpreps.com/ms/tunica-academy/football/","",""
98,"Magnolia Heights Senatobia vs Pillow Academy Greenwood",Football,"Mississippi",9/18/2026,TBD,"The Pillow Academy Greenwood varsity football team has a game @ Magnolia Heights Senatobia (Mississippi).","/ms/football/game/magnolia-heights-senatobia-vs-pillow-academy-greenwood/9-18-2026/?c=8743eb5e-97dd-40be-97e8-82dc614e0f3e","https://www.maxpreps.com/ms/football/game/magnolia-heights-senatobia-vs-pillow-academy-greenwood/9-18-2026/?c=8743eb5e-97dd-40be-97e8-82dc614e0f3e","/football/ms/1516?9/18/2026","Senatobia","Greenwood","https://www.maxpreps.com/ms/magnolia-heights-senatobia/football/","https://www.maxpreps.com/ms/pillow-academy-greenwood/football/","",""
99,"Presbyterian Christian Hattiesburg vs Seminary",Football,"Mississippi",9/18/2026,TBD,"The Seminary varsity football team has a game @ Presbyterian Christian Hattiesburg (Mississippi).","/ms/football/game/presbyterian-christian-hattiesburg-vs-seminary/9-18-2026/?c=de2717eb-e618-453f-9ddd-d40e3de42847","https://www.maxpreps.com/ms/football/game/presbyterian-christian-hattiesburg-vs-seminary/9-18-2026/?c=de2717eb-e618-453f-9ddd-d40e3de42847","/football/ms/1284?9/18/2026","Hattiesburg","Seminary","https://www.maxpreps.com/ms/presbyterian-christian-hattiesburg/football/","https://www.maxpreps.com/ms/seminary/football/","",""
100,"Newton vs Southeast Lauderdale Meridian",Football,"Mississippi",9/18/2026,TBD,"The Southeast Lauderdale Meridian varsity football team has a game @ Newton (Mississippi).","/ms/football/game/newton-vs-southeast-lauderdale-meridian/9-18-2026/?c=eb7355ef-7bba-43c1-a96e-bde4ad36268c","https://www.maxpreps.com/ms/football/game/newton-vs-southeast-lauderdale-meridian/9-18-2026/?c=eb7355ef-7bba-43c1-a96e-bde4ad36268c","/football/ms/f74?9/18/2026","Newton","Meridian","https://www.maxpreps.com/ms/newton/football/","https://www.maxpreps.com/ms/southeast-lauderdale-meridian/football/","",""
101,"Hartfield Academy Flowood vs Jackson Academy",Football,"Mississippi",9/18/2026,TBD,"The Jackson Academy varsity football team has a game @ Hartfield Academy Flowood (Mississippi).","/ms/football/game/hartfield-academy-flowood-vs-jackson-academy/9-18-2026/?c=b28aa66d-f2de-4b3d-937b-3826548021c8","https://www.maxpreps.com/ms/football/game/hartfield-academy-flowood-vs-jackson-academy/9-18-2026/?c=b28aa66d-f2de-4b3d-937b-3826548021c8","/football/ms/1108?9/18/2026","Flowood","Academy","https://www.maxpreps.com/ms/hartfield-academy-flowood/football/","https://www.maxpreps.com/ms/jackson-academy/football/","",""
102,"Union vs West Lauderdale Collinsville",Football,"Mississippi",9/18/2026,TBD,"The West Lauderdale Collinsville varsity football team has a game @ Union (Mississippi).","/ms/football/game/union-vs-west-lauderdale-collinsville/9-18-2026/?c=af58caed-02c4-47ea-8299-330e97934dde","https://www.maxpreps.com/ms/football/game/union-vs-west-lauderdale-collinsville/9-18-2026/?c=af58caed-02c4-47ea-8299-330e97934dde","/football/ms/eac?9/18/2026","Union","Collinsville","https://www.maxpreps.com/ms/union/football/","https://www.maxpreps.com/ms/west-lauderdale-collinsville/football/","",""
103,"Hancock Kiln vs St Martin Ocean Springs",Football,"Mississippi",9/18/2026,TBD,"The St Martin Ocean Springs varsity football team has a game @ Hancock Kiln (Mississippi).","/ms/football/game/hancock-kiln-vs-st-martin-ocean-springs/9-18-2026/?c=8fece453-0579-49fc-8d82-8ddfc0b9570a","https://www.maxpreps.com/ms/football/game/hancock-kiln-vs-st-martin-ocean-springs/9-18-2026/?c=8fece453-0579-49fc-8d82-8ddfc0b9570a","/football/ms/efa?9/18/2026","Kiln","Springs","https://www.maxpreps.com/ms/hancock-kiln/football/","https://www.maxpreps.com/ms/st-martin-ocean-springs/football/","",""
104,"Marshall Academy Holly Springs vs Regents Oxford",Football,"Mississippi",9/18/2026,TBD,"The Regents Oxford varsity football team has a game @ Marshall Academy Holly Springs (Mississippi).","/ms/football/game/marshall-academy-holly-springs-vs-regents-oxford/9-18-2026/?c=ce0b438d-7c76-4927-9145-a1b752678a20","https://www.maxpreps.com/ms/football/game/marshall-academy-holly-springs-vs-regents-oxford/9-18-2026/?c=ce0b438d-7c76-4927-9145-a1b752678a20","/football/ms/12d7?9/18/2026","Springs","Oxford","https://www.maxpreps.com/ms/marshall-academy-holly-springs/football/","https://www.maxpreps.com/ms/regents-oxford/football/","",""
105,"Clinton Christian Academy vs Meridian Homeschool",Football,"Mississippi",9/18/2026,TBD,"The Meridian Homeschool varsity football team has a game @ Clinton Christian Academy (Mississippi).","/ms/football/game/clinton-christian-academy-vs-meridian-homeschool/9-18-2026/?c=35e1144d-f934-46da-8330-f50bc019d4ba","https://www.maxpreps.com/ms/football/game/clinton-christian-academy-vs-meridian-homeschool/9-18-2026/?c=35e1144d-f934-46da-8330-f50bc019d4ba","/football/ms/12d4?9/18/2026","Academy","Homeschool","https://www.maxpreps.com/ms/clinton-christian-academy/football/","https://www.maxpreps.com/ms/meridian-homeschool/football/","",""
106,"Lamar Meridian vs Starkville Academy",Football,"Mississippi",9/18/2026,TBD,"The Starkville Academy varsity football team has a game @ Lamar Meridian (Mississippi).","/ms/football/game/lamar-meridian-vs-starkville-academy/9-18-2026/?c=a9156f2d-6b84-42d9-9417-d095bdf49e7e","https://www.maxpreps.com/ms/football/game/lamar-meridian-vs-starkville-academy/9-18-2026/?c=a9156f2d-6b84-42d9-9417-d095bdf49e7e","/football/ms/e08?9/18/2026","Meridian","Academy","https://www.maxpreps.com/ms/lamar-meridian/football/","https://www.maxpreps.com/ms/starkville-academy/football/","",""
107,"Pelahatchie vs Richland",Football,"Mississippi",9/18/2026,TBD,"The Richland varsity football team has a game @ Pelahatchie (Mississippi).","/ms/football/game/pelahatchie-vs-richland/9-18-2026/?c=f53e16e8-0dc8-443a-844c-dd4bf24c9e8f","https://www.maxpreps.com/ms/football/game/pelahatchie-vs-richland/9-18-2026/?c=f53e16e8-0dc8-443a-844c-dd4bf24c9e8f","/football/ms/900?9/18/2026","Pelahatchie","Richland","https://www.maxpreps.com/ms/pelahatchie/football/","https://www.maxpreps.com/ms/richland/football/","",""
108,"Lafayette Oxford vs Lewisburg Olive Branch",Football,"Mississippi",9/18/2026,TBD,"The Lewisburg Olive Branch varsity football team has a game @ Lafayette Oxford (Mississippi).","/ms/football/game/lafayette-oxford-vs-lewisburg-olive-branch/9-18-2026/?c=056dacef-6bd4-4b59-ae18-2b4e68e29c35","https://www.maxpreps.com/ms/football/game/lafayette-oxford-vs-lewisburg-olive-branch/9-18-2026/?c=056dacef-6bd4-4b59-ae18-2b4e68e29c35","/football/ms/107c?9/18/2026","Oxford","Branch","https://www.maxpreps.com/ms/lafayette-oxford/football/","https://www.maxpreps.com/ms/lewisburg-olive-branch/football/","",""
109,"Claiborne Academy Haynesville La vs Desoto West Helena Ar",Football,"Mississippi",9/18/2026,TBD,"The Desoto West Helena Ar varsity football team has a game @ Claiborne Academy Haynesville La (Mississippi).","/inter-state/football/game/claiborne-academy-haynesville-la-vs-desoto-west-helena-ar/9-18-2026/?c=c18f25fc-5f52-4302-8172-73a840b0ebda","https://www.maxpreps.com/inter-state/football/game/claiborne-academy-haynesville-la-vs-desoto-west-helena-ar/9-18-2026/?c=c18f25fc-5f52-4302-8172-73a840b0ebda","/football/ms/15d6?9/18/2026","La","Ar","https://www.maxpreps.com/ms/claiborne-academy-haynesville-la/football/","https://www.maxpreps.com/ms/desoto-west-helena-ar/football/","",""
110,"Byers Holly Springs vs Obannon Greenville",Football,"Mississippi",9/18/2026,TBD,"The Obannon Greenville varsity football team has a game @ Byers Holly Springs (Mississippi).","/ms/football/game/byers-holly-springs-vs-obannon-greenville/9-18-2026/?c=fd4008af-e32d-4f54-b73d-a3f703b37b2c","https://www.maxpreps.com/ms/football/game/byers-holly-springs-vs-obannon-greenville/9-18-2026/?c=fd4008af-e32d-4f54-b73d-a3f703b37b2c","/football/ms/1035?9/18/2026","Springs","Greenville","https://www.maxpreps.com/ms/byers-holly-springs/football/","https://www.maxpreps.com/ms/obannon-greenville/football/","",""
111,"Center Hill Olive Branch vs Hernando",Football,"Mississippi",9/18/2026,TBD,"The Hernando varsity football team has a game @ Center Hill Olive Branch (Mississippi).","/ms/football/game/center-hill-olive-branch-vs-hernando/9-18-2026/?c=46fee304-8ef8-4de2-962b-59bd957ede96","https://www.maxpreps.com/ms/football/game/center-hill-olive-branch-vs-hernando/9-18-2026/?c=46fee304-8ef8-4de2-962b-59bd957ede96","/football/ms/dd0?9/18/2026","Branch","Hernando","https://www.maxpreps.com/ms/center-hill-olive-branch/football/","https://www.maxpreps.com/ms/hernando/football/","",""
112,"Copiah Academy Gallman vs East Rankin Academy Pelahatchie",Football,"Mississippi",9/18/2026,TBD,"The East Rankin Academy Pelahatchie varsity football team has a game @ Copiah Academy Gallman (Mississippi).","/ms/football/game/copiah-academy-gallman-vs-east-rankin-academy-pelahatchie/9-18-2026/?c=1e781112-a8bf-48ae-b20e-fe3f7b17600e","https://www.maxpreps.com/ms/football/game/copiah-academy-gallman-vs-east-rankin-academy-pelahatchie/9-18-2026/?c=1e781112-a8bf-48ae-b20e-fe3f7b17600e","/football/ms/15c4?9/18/2026","Gallman","Pelahatchie","https://www.maxpreps.com/ms/copiah-academy-gallman/football/","https://www.maxpreps.com/ms/east-rankin-academy-pelahatchie/football/","",""
113,"Vicksburg vs Warren Central Vicksburg",Football,"Mississippi",9/18/2026,TBD,"The Warren Central Vicksburg varsity football team has a game @ Vicksburg (Mississippi).","/ms/football/game/vicksburg-vs-warren-central-vicksburg/9-18-2026/?c=532f4685-3bef-49ad-9879-87e768cc75f2","https://www.maxpreps.com/ms/football/game/vicksburg-vs-warren-central-vicksburg/9-18-2026/?c=532f4685-3bef-49ad-9879-87e768cc75f2","/football/ms/eb5?9/18/2026","Vicksburg","Vicksburg","https://www.maxpreps.com/ms/vicksburg/football/","https://www.maxpreps.com/ms/warren-central-vicksburg/football/","",""
114,"Clarkdale Meridian vs Sebastopol",Football,"Mississippi",9/18/2026,TBD,"The Sebastopol varsity football team has a game @ Clarkdale Meridian (Mississippi).","/ms/football/game/clarkdale-meridian-vs-sebastopol/9-18-2026/?c=de0a57c4-6879-4962-b87e-81a6a6a30360","https://www.maxpreps.com/ms/football/game/clarkdale-meridian-vs-sebastopol/9-18-2026/?c=de0a57c4-6879-4962-b87e-81a6a6a30360","/football/ms/c98?9/18/2026","Meridian","Sebastopol","https://www.maxpreps.com/ms/clarkdale-meridian/football/","https://www.maxpreps.com/ms/sebastopol/football/","",""
115,"Byhalia vs Potts Camp",Football,"Mississippi",9/18/2026,TBD,"The Potts Camp varsity football team has a game @ Byhalia (Mississippi).","/ms/football/game/byhalia-vs-potts-camp/9-18-2026/?c=14d969b6-b9fc-4f90-aaca-baf7a0463d8a","https://www.maxpreps.com/ms/football/game/byhalia-vs-potts-camp/9-18-2026/?c=14d969b6-b9fc-4f90-aaca-baf7a0463d8a","/football/ms/825?9/18/2026","Byhalia","Camp","https://www.maxpreps.com/ms/byhalia/football/","https://www.maxpreps.com/ms/potts-camp/football/","",""
116,"North Pike Summit vs West Jones Laurel",Football,"Mississippi",9/18/2026,TBD,"The West Jones Laurel varsity football team has a game @ North Pike Summit (Mississippi).","/ms/football/game/north-pike-summit-vs-west-jones-laurel/9-18-2026/?c=ac051302-55bd-4e36-aed3-ed018659feed","https://www.maxpreps.com/ms/football/game/north-pike-summit-vs-west-jones-laurel/9-18-2026/?c=ac051302-55bd-4e36-aed3-ed018659feed","/football/ms/ed1?9/18/2026","Summit","Laurel","https://www.maxpreps.com/ms/north-pike-summit/football/","https://www.maxpreps.com/ms/west-jones-laurel/football/","",""
117,"Jim Hill Jackson vs Provine Jackson",Football,"Mississippi",9/18/2026,TBD,"The Provine Jackson varsity football team has a game @ Jim Hill Jackson (Mississippi).","/ms/football/game/jim-hill-jackson-vs-provine-jackson/9-18-2026/?c=80215fec-d851-4919-8456-7342850ccbbf","https://www.maxpreps.com/ms/football/game/jim-hill-jackson-vs-provine-jackson/9-18-2026/?c=80215fec-d851-4919-8456-7342850ccbbf","/football/ms/d88?9/18/2026","Jackson","Jackson","https://www.maxpreps.com/ms/jim-hill-jackson/football/","https://www.maxpreps.com/ms/provine-jackson/football/","",""
118,"Raymond vs Velma Jackson Camden",Football,"Mississippi",9/18/2026,TBD,"The Velma Jackson Camden varsity football team has a game @ Raymond (Mississippi).","/ms/football/game/raymond-vs-velma-jackson-camden/9-18-2026/?c=f1032dc4-3ae5-4dc7-9a45-476c16105e5e","https://www.maxpreps.com/ms/football/game/raymond-vs-velma-jackson-camden/9-18-2026/?c=f1032dc4-3ae5-4dc7-9a45-476c16105e5e","/football/ms/bfd?9/18/2026","Raymond","Camden","https://www.maxpreps.com/ms/raymond/football/","https://www.maxpreps.com/ms/velma-jackson-camden/football/","",""
119,"Itawamba Agricultural Fulton vs Saltillo",Football,"Mississippi",9/18/2026,TBD,"The Saltillo varsity football team has a game @ Itawamba Agricultural Fulton (Mississippi).","/ms/football/game/itawamba-agricultural-fulton-vs-saltillo/9-18-2026/?c=03f132d2-c6c9-43a8-9ac5-e8aead3d9070","https://www.maxpreps.com/ms/football/game/itawamba-agricultural-fulton-vs-saltillo/9-18-2026/?c=03f132d2-c6c9-43a8-9ac5-e8aead3d9070","/football/ms/fee?9/18/2026","Fulton","Saltillo","https://www.maxpreps.com/ms/itawamba-agricultural-fulton/football/","https://www.maxpreps.com/ms/saltillo/football/","",""
120,"Columbia vs Jefferson Davis County Bassfield",Football,"Mississippi",9/18/2026,TBD,"The Jefferson Davis County Bassfield varsity football team has a game @ Columbia (Mississippi).","/ms/football/game/columbia-vs-jefferson-davis-county-bassfield/9-18-2026/?c=b822daba-7f2e-42ec-bb77-744d95b8e983","https://www.maxpreps.com/ms/football/game/columbia-vs-jefferson-davis-county-bassfield/9-18-2026/?c=b822daba-7f2e-42ec-bb77-744d95b8e983","/football/ms/113e?9/18/2026","Columbia","Bassfield","https://www.maxpreps.com/ms/columbia/football/","https://www.maxpreps.com/ms/jefferson-davis-county-bassfield/football/","",""
121,"French Camp Academy vs Nanih Waiya Louisville",Football,"Mississippi",9/18/2026,TBD,"The Nanih Waiya Louisville varsity football team has a game @ French Camp Academy (Mississippi).","/ms/football/game/french-camp-academy-vs-nanih-waiya-louisville/9-18-2026/?c=605cce97-5170-4a1d-8b85-13513ed25a69","https://www.maxpreps.com/ms/football/game/french-camp-academy-vs-nanih-waiya-louisville/9-18-2026/?c=605cce97-5170-4a1d-8b85-13513ed25a69","/football/ms/1153?9/18/2026","Academy","Louisville","https://www.maxpreps.com/ms/french-camp-academy/football/","https://www.maxpreps.com/ms/nanih-waiya-louisville/football/","",""
122,"Myrtle vs Vardaman",Football,"Mississippi",9/18/2026,TBD,"The Vardaman varsity football team has a game @ Myrtle (Mississippi).","/ms/football/game/myrtle-vs-vardaman/9-18-2026/?c=a3747756-8dac-4a0f-9812-30f5160b9d86","https://www.maxpreps.com/ms/football/game/myrtle-vs-vardaman/9-18-2026/?c=a3747756-8dac-4a0f-9812-30f5160b9d86","/football/ms/72a?9/18/2026","Myrtle","Vardaman","https://www.maxpreps.com/ms/myrtle/football/","https://www.maxpreps.com/ms/vardaman/football/","",""