1,"Williamson vs Pine Forest",Football,"Alabama",9/10/2026,7:00pm,"The Williamson varsity football team has an away non-conference game @  Pine Forest (Pensacola, FL) today @ 7p.","/inter-state/football/game/pine-forest-pensacola-fl-vs-williamson-mobile-al/9-10-2026/?c=b48ca10a-920f-4d26-896f-6434b1a3086b","https://www.maxpreps.com/inter-state/football/game/pine-forest-pensacola-fl-vs-williamson-mobile-al/9-10-2026/?c=b48ca10a-920f-4d26-896f-6434b1a3086b","/football/al/126f?9/10/2026","Lions","Eagles","https://www.maxpreps.com/al/pine-forest-pensacola-fl/football/","https://www.maxpreps.com/al/williamson-mobile-al/football/","https://hsfootball.net/proxy.php?url=https%3A%2F%2Fimage.maxpreps.io%2Fschool-mascot%2F3%2F5%2F5%2F355baefa-ed80-4252-8fd0-e4d9f4383788.gif%3Fversion%3D638253706200000000%26amp%3Bwidth%3D128%26amp%3Bheight%3D128%26amp%3Bauto%3Dwebp%26amp%3Bformat%3Dpjpg","https://hsfootball.net/proxy.php?url=https%3A%2F%2Fimage.maxpreps.io%2Fschool-mascot%2Ff%2F6%2F4%2Ff64eb451-c381-42d0-afd0-7e4a0143f336.gif%3Fversion%3D636391719600000000%26amp%3Bwidth%3D128%26amp%3Bheight%3D128%26amp%3Bauto%3Dwebp%26amp%3Bformat%3Dpjpg"
1,"Gordon Lee vs Gordon Central",Boys Softball,"Georgia",9/15/2026,5:30am,"The Gordon Lee varsity softball team has an away conference game @  Gordon Central (Calhoun, GA) on Tuesday, September 15 @ 5:30a.","/ga/softball/game/gordon-central-calhoun-vs-gordon-lee-chickamauga/9-15-2026/?c=2fcf29ec-c926-4c1c-8109-e240ff9e2614","https://www.maxpreps.com/ga/softball/game/gordon-central-calhoun-vs-gordon-lee-chickamauga/9-15-2026/?c=2fcf29ec-c926-4c1c-8109-e240ff9e2614","/softball/ga/1280?9/15/2026","Trojans","Warriors","https://www.maxpreps.com/ga/gordon-central-calhoun/boys-softball/","https://www.maxpreps.com/ga/gordon-lee-chickamauga/boys-softball/","https://hsfootball.net/proxy.php?url=https%3A%2F%2Fimage.maxpreps.io%2Fschool-mascot%2Fd%2F3%2F4%2Fd343ac74-ffeb-4fc6-869d-d024c3312048.gif%3Fversion%3D639188602459767290%26amp%3Bwidth%3D128%26amp%3Bheight%3D128%26amp%3Bauto%3Dwebp%26amp%3Bformat%3Dpjpg","https://hsfootball.net/proxy.php?url=https%3A%2F%2Fimage.maxpreps.io%2Fschool-mascot%2F1%2F8%2F1%2F181677cd-fec0-4461-9339-7342096b3a98.gif%3Fversion%3D637994439600000000%26amp%3Bwidth%3D128%26amp%3Bheight%3D128%26amp%3Bauto%3Dwebp%26amp%3Bformat%3Dpjpg"
2,"Tiftarea Academy vs Deerfield-Windsor",Boys Softball,"Georgia",9/15/2026,4:00pm,"The Tiftarea Academy varsity softball team has an away conference game @  Deerfield-Windsor (Albany, GA) on Tuesday, September 15 @ 4p.","/ga/softball/game/deerfield-windsor-albany-vs-tiftarea-academy-chula/9-15-2026/?c=287eaaaf-e818-45aa-9ba1-df96ca7adbf2","https://www.maxpreps.com/ga/softball/game/deerfield-windsor-albany-vs-tiftarea-academy-chula/9-15-2026/?c=287eaaaf-e818-45aa-9ba1-df96ca7adbf2","/softball/ga/1349?9/15/2026","Panthers","Knights","https://www.maxpreps.com/ga/deerfield-windsor-albany/boys-softball/","https://www.maxpreps.com/ga/tiftarea-academy-chula/boys-softball/","https://hsfootball.net/proxy.php?url=https%3A%2F%2Fimage.maxpreps.io%2Fschool-mascot%2Fd%2Fb%2F2%2Fdb246534-e346-4eaa-aade-291979830920.gif%3Fversion%3D639188602547398120%26amp%3Bwidth%3D128%26amp%3Bheight%3D128%26amp%3Bauto%3Dwebp%26amp%3Bformat%3Dpjpg","https://hsfootball.net/proxy.php?url=https%3A%2F%2Fimage.maxpreps.io%2Fschool-mascot%2F1%2F7%2F8%2F178c6223-1438-4cb7-954a-730552ba7557.gif%3Fversion%3D639183171842270610%26amp%3Bwidth%3D128%26amp%3Bheight%3D128%26amp%3Bauto%3Dwebp%26amp%3Bformat%3Dpjpg"
3,"Pinewood Christian vs Edmund Burke Academy",Boys Softball,"Georgia",9/15/2026,4:00pm,"The Pinewood Christian varsity softball team has an away conference game @  Edmund Burke Academy (Waynesboro, GA) on Tuesday, September 15 @ 4p.","/ga/softball/game/edmund-burke-academy-waynesboro-vs-pinewood-christian-bellville/9-15-2026/?c=eb7cd93e-43c0-4998-802b-798489fb09fb","https://www.maxpreps.com/ga/softball/game/edmund-burke-academy-waynesboro-vs-pinewood-christian-bellville/9-15-2026/?c=eb7cd93e-43c0-4998-802b-798489fb09fb","/softball/ga/18bc?9/15/2026","Patriots","Spartans","https://www.maxpreps.com/ga/edmund-burke-academy-waynesboro/boys-softball/","https://www.maxpreps.com/ga/pinewood-christian-bellville/boys-softball/","https://hsfootball.net/proxy.php?url=https%3A%2F%2Fimage.maxpreps.io%2Fschool-mascot%2F1%2F3%2Fe%2F13e0ef62-ba92-42ae-8b2e-3cf346cb026c.gif%3Fversion%3D638717638645924250%26amp%3Bwidth%3D128%26amp%3Bheight%3D128%26amp%3Bauto%3Dwebp%26amp%3Bformat%3Dpjpg","https://hsfootball.net/proxy.php?url=https%3A%2F%2Fimage.maxpreps.io%2Fschool-mascot%2F9%2F4%2F0%2F940bc57f-39f3-4af2-9d43-f4c8d80d115f.gif%3Fversion%3D639188602569511790%26amp%3Bwidth%3D128%26amp%3Bheight%3D128%26amp%3Bauto%3Dwebp%26amp%3Bformat%3Dpjpg"
4,"Southeast Bulloch vs Harlem",Boys Softball,"Georgia",9/15/2026,4:00pm,"The Southeast Bulloch varsity softball team has an away conference game @  Harlem (GA) on Tuesday, September 15 @ 4p.","/ga/softball/game/harlem-vs-southeast-bulloch-brooklet/9-15-2026/?c=5b87fe86-a7dc-421a-869b-2361f58dfeb2","https://www.maxpreps.com/ga/softball/game/harlem-vs-southeast-bulloch-brooklet/9-15-2026/?c=5b87fe86-a7dc-421a-869b-2361f58dfeb2","/softball/ga/e41?9/15/2026","Yellow Jackets","Bulldogs","https://www.maxpreps.com/ga/harlem/boys-softball/","https://www.maxpreps.com/ga/southeast-bulloch-brooklet/boys-softball/","https://hsfootball.net/proxy.php?url=https%3A%2F%2Fimage.maxpreps.io%2Fschool-mascot%2Fd%2F9%2Fb%2Fd9bf2525-d16b-48ff-bd3f-85546aa9f4d6.gif%3Fversion%3D638646804429332780%26amp%3Bwidth%3D128%26amp%3Bheight%3D128%26amp%3Bauto%3Dwebp%26amp%3Bformat%3Dpjpg","https://hsfootball.net/proxy.php?url=https%3A%2F%2Fimage.maxpreps.io%2Fschool-mascot%2F5%2Fe%2Fc%2F5ec496f8-17a3-4836-b343-196154ce1b2a.gif%3Fversion%3D637667837400000000%26amp%3Bwidth%3D128%26amp%3Bheight%3D128%26amp%3Bauto%3Dwebp%26amp%3Bformat%3Dpjpg"
5,"Terrell Academy vs Westfield School",Boys Softball,"Georgia",9/15/2026,4:00pm,"The Terrell Academy varsity softball team has an away conference game @  Westfield School (Perry, GA) on Tuesday, September 15 @ 4p.","/ga/softball/game/terrell-academy-dawson-vs-westfield-school-perry/9-15-2026/?c=8f05ddf4-ab1a-4c5d-9480-294f0d531fca","https://www.maxpreps.com/ga/softball/game/terrell-academy-dawson-vs-westfield-school-perry/9-15-2026/?c=8f05ddf4-ab1a-4c5d-9480-294f0d531fca","/softball/ga/12d2?9/15/2026","Eagles","Hornets","https://www.maxpreps.com/ga/terrell-academy-dawson/boys-softball/","https://www.maxpreps.com/ga/westfield-school-perry/boys-softball/","https://hsfootball.net/proxy.php?url=https%3A%2F%2Fimage.maxpreps.io%2Fschool-mascot%2Fb%2F6%2Fd%2Fb6d2853d-08f0-4a57-b14e-49cd1b6f4240.gif%3Fversion%3D639126285724647580%26amp%3Bwidth%3D128%26amp%3Bheight%3D128%26amp%3Bauto%3Dwebp%26amp%3Bformat%3Dpjpg","https://hsfootball.net/proxy.php?url=https%3A%2F%2Fimage.maxpreps.io%2Fschool-mascot%2F1%2F9%2F0%2F190b0cae-a34d-4c03-b816-5564d4bdf14f.gif%3Fversion%3D638621652075991160%26amp%3Bwidth%3D128%26amp%3Bheight%3D128%26amp%3Bauto%3Dwebp%26amp%3Bformat%3Dpjpg"
6,"Twiggs Academy vs Fullington Academy",Boys Softball,"Georgia",9/15/2026,4:00pm,"The Twiggs Academy varsity softball team has an away non-conference game @  Fullington Academy (Pinehurst, GA) on Tuesday, September 15 @ 4p.","/ga/softball/game/fullington-academy-pinehurst-vs-twiggs-academy-jeffersonville/9-15-2026/?c=56a073ab-e9da-4c2f-8a5f-13785ccdf541","https://www.maxpreps.com/ga/softball/game/fullington-academy-pinehurst-vs-twiggs-academy-jeffersonville/9-15-2026/?c=56a073ab-e9da-4c2f-8a5f-13785ccdf541","/softball/ga/1836?9/15/2026","Trojans","Trojans","https://www.maxpreps.com/ga/fullington-academy-pinehurst/boys-softball/","https://www.maxpreps.com/ga/twiggs-academy-jeffersonville/boys-softball/","https://hsfootball.net/proxy.php?url=https%3A%2F%2Fimage.maxpreps.io%2Fschool-mascot%2F6%2Ff%2Fc%2F6fca2690-3a60-4a0e-9b6c-05172f7e0b7b.gif%3Fversion%3D638720938454754930%26amp%3Bwidth%3D128%26amp%3Bheight%3D128%26amp%3Bauto%3Dwebp%26amp%3Bformat%3Dpjpg","https://hsfootball.net/proxy.php?url=https%3A%2F%2Fimage.maxpreps.io%2Fschool-mascot%2F5%2F9%2F0%2F59075602-3e46-47d4-a603-3960ea3d4398.gif%3Fversion%3D637418067000000000%26amp%3Bwidth%3D128%26amp%3Bheight%3D128%26amp%3Bauto%3Dwebp%26amp%3Bformat%3Dpjpg"
7,"Valdosta vs Richmond Hill",Boys Softball,"Georgia",9/15/2026,4:00pm,"The Valdosta varsity softball team has an away conference game @  Richmond Hill (GA) on Tuesday, September 15 @ 4p.","/ga/softball/game/richmond-hill-vs-valdosta/9-15-2026/?c=ec88e1ac-a599-4069-a0c1-bbc75653184b","https://www.maxpreps.com/ga/softball/game/richmond-hill-vs-valdosta/9-15-2026/?c=ec88e1ac-a599-4069-a0c1-bbc75653184b","/softball/ga/9cb?9/15/2026","Wildcats","Wildcats","https://www.maxpreps.com/ga/richmond-hill/boys-softball/","https://www.maxpreps.com/ga/valdosta/boys-softball/","https://hsfootball.net/proxy.php?url=https%3A%2F%2Fimage.maxpreps.io%2Fschool-mascot%2F3%2F4%2F3%2F34394634-0bb0-41ca-84e5-c7b5f49d0072.gif%3Fversion%3D639183171835888400%26amp%3Bwidth%3D128%26amp%3Bheight%3D128%26amp%3Bauto%3Dwebp%26amp%3Bformat%3Dpjpg","https://hsfootball.net/proxy.php?url=https%3A%2F%2Fimage.maxpreps.io%2Fschool-mascot%2F5%2F0%2Fc%2F50c9f64b-2192-4396-8e79-7d966cb4635a.gif%3Fversion%3D637451688000000000%26amp%3Bwidth%3D128%26amp%3Bheight%3D128%26amp%3Bauto%3Dwebp%26amp%3Bformat%3Dpjpg"
8,"David Emanuel Academy vs Thomas Jefferson Academy",Boys Softball,"Georgia",9/15/2026,4:00pm,"The David Emanuel Academy varsity softball team has an away conference game @  Thomas Jefferson Academy (Louisville, GA) on Tuesday, September 15 @ 4p.","/ga/softball/game/david-emanuel-academy-stillmore-vs-thomas-jefferson-academy-louisville/9-15-2026/?c=e2d9c6a2-4c30-4436-a11b-ea51904e74ef","https://www.maxpreps.com/ga/softball/game/david-emanuel-academy-stillmore-vs-thomas-jefferson-academy-louisville/9-15-2026/?c=e2d9c6a2-4c30-4436-a11b-ea51904e74ef","/softball/ga/1b59?9/15/2026","Eagles","Jaguars","https://www.maxpreps.com/ga/david-emanuel-academy-stillmore/boys-softball/","https://www.maxpreps.com/ga/thomas-jefferson-academy-louisville/boys-softball/","https://hsfootball.net/proxy.php?url=https%3A%2F%2Fimage.maxpreps.io%2Fschool-mascot%2F7%2F4%2Fc%2F74c332e2-16e4-4bb8-ae5f-033600010f05.gif%3Fversion%3D639180161694946150%26amp%3Bwidth%3D128%26amp%3Bheight%3D128%26amp%3Bauto%3Dwebp%26amp%3Bformat%3Dpjpg","https://hsfootball.net/proxy.php?url=https%3A%2F%2Fimage.maxpreps.io%2Fschool-mascot%2Fb%2Fd%2F5%2Fbd591009-7af2-4b8f-b320-a6bdf8558210.gif%3Fversion%3D638606061597992500%26amp%3Bwidth%3D128%26amp%3Bheight%3D128%26amp%3Bauto%3Dwebp%26amp%3Bformat%3Dpjpg"
9,"Westside vs Thomson",Boys Softball,"Georgia",9/15/2026,4:30pm,"The Westside varsity softball team has an away conference game @  Thomson (GA) on Tuesday, September 15 @ 4:30p.","/ga/softball/game/thomson-vs-westside-augusta/9-15-2026/?c=7f825c42-a3e2-4a53-9a2e-05a54e4ce3d3","https://www.maxpreps.com/ga/softball/game/thomson-vs-westside-augusta/9-15-2026/?c=7f825c42-a3e2-4a53-9a2e-05a54e4ce3d3","/softball/ga/ada?9/15/2026","Patriots","Bulldogs","https://www.maxpreps.com/ga/thomson/boys-softball/","https://www.maxpreps.com/ga/westside-augusta/boys-softball/","https://hsfootball.net/proxy.php?url=https%3A%2F%2Fimage.maxpreps.io%2Fschool-mascot%2F5%2Fd%2F4%2F5d4a0cc0-7e94-4986-ba66-2a778e38921d.gif%3Fversion%3D639179251174390920%26amp%3Bwidth%3D128%26amp%3Bheight%3D128%26amp%3Bauto%3Dwebp%26amp%3Bformat%3Dpjpg","https://hsfootball.net/proxy.php?url=https%3A%2F%2Fimage.maxpreps.io%2Fschool-mascot%2F0%2F6%2Fb%2F06b08f6f-f034-4b37-be88-457e06f13c26.gif%3Fversion%3D639179251269283720%26amp%3Bwidth%3D128%26amp%3Bheight%3D128%26amp%3Bauto%3Dwebp%26amp%3Bformat%3Dpjpg"
10,"Calhoun County vs Terrell County",Boys Softball,"Georgia",9/15/2026,4:30pm,"The Calhoun County varsity softball team has an away conference game @  Terrell County (Dawson, GA) on Tuesday, September 15 @ 4:30p.","/ga/softball/game/calhoun-county-edison-vs-terrell-county-eagles-dawson/9-15-2026/?c=0daf0f6d-068c-4bf0-a86e-0465d878122f","https://www.maxpreps.com/ga/softball/game/calhoun-county-edison-vs-terrell-county-eagles-dawson/9-15-2026/?c=0daf0f6d-068c-4bf0-a86e-0465d878122f","/softball/ga/14cb?9/15/2026","Cougars","Greenwave","https://www.maxpreps.com/ga/calhoun-county-edison/boys-softball/","https://www.maxpreps.com/ga/terrell-county-eagles-dawson/boys-softball/","https://hsfootball.net/proxy.php?url=https%3A%2F%2Fimage.maxpreps.io%2Fschool-mascot%2F4%2F2%2F7%2F42756a0a-c505-4c60-97f5-e065ecd5ae4a.gif%3Fversion%3D639132244505111470%26amp%3Bwidth%3D128%26amp%3Bheight%3D128%26amp%3Bauto%3Dwebp%26amp%3Bformat%3Dpjpg","https://hsfootball.net/proxy.php?url=https%3A%2F%2Fimage.maxpreps.io%2Fschool-mascot%2F2%2F3%2Fd%2F23d52c86-eba1-4728-9501-1d9a9ae03b7a.gif%3Fversion%3D637057948800000000%26amp%3Bwidth%3D128%26amp%3Bheight%3D128%26amp%3Bauto%3Dwebp%26amp%3Bformat%3Dpjpg"
11,"Southwest vs Central",Boys Softball,"Georgia",9/15/2026,4:30pm,"The Southwest varsity softball team has an away non-conference game @  Central (Talbotton, GA) on Tuesday, September 15 @ 4:30p.","/ga/softball/game/central-talbotton-vs-southwest-macon/9-15-2026/?c=3fe6de3e-93e7-4f2f-8123-2a62a4ff18f2","https://www.maxpreps.com/ga/softball/game/central-talbotton-vs-southwest-macon/9-15-2026/?c=3fe6de3e-93e7-4f2f-8123-2a62a4ff18f2","/softball/ga/e61?9/15/2026","Patriots","Hawks","https://www.maxpreps.com/ga/central-talbotton/boys-softball/","https://www.maxpreps.com/ga/southwest-macon/boys-softball/","https://hsfootball.net/proxy.php?url=https%3A%2F%2Fimage.maxpreps.io%2Fschool-mascot%2Fa%2F6%2Fd%2Fa6d300ed-0bde-4c90-b724-ae93f173b442.gif%3Fversion%3D639132503959421450%26amp%3Bwidth%3D128%26amp%3Bheight%3D128%26amp%3Bauto%3Dwebp%26amp%3Bformat%3Dpjpg","https://hsfootball.net/proxy.php?url=https%3A%2F%2Fimage.maxpreps.io%2Fschool-mascot%2F8%2F9%2F8%2F898fe2c6-a7a4-44a7-9eaf-6ad0e920c0dd.gif%3Fversion%3D638642481233432430%26amp%3Bwidth%3D128%26amp%3Bheight%3D128%26amp%3Bauto%3Dwebp%26amp%3Bformat%3Dpjpg"
12,"Southland Academy vs Valwood",Boys Softball,"Georgia",9/15/2026,4:30pm,"The Southland Academy varsity softball team has an away conference game @  Valwood (Valdosta, GA) on Tuesday, September 15 @ 4:30p.","/ga/softball/game/southland-academy-americus-vs-valwood-valdosta/9-15-2026/?c=c35374a7-546a-4b5c-abd5-86c44024d8e3","https://www.maxpreps.com/ga/softball/game/southland-academy-americus-vs-valwood-valdosta/9-15-2026/?c=c35374a7-546a-4b5c-abd5-86c44024d8e3","/softball/ga/1223?9/15/2026","Raiders","Valiants","https://www.maxpreps.com/ga/southland-academy-americus/boys-softball/","https://www.maxpreps.com/ga/valwood-valdosta/boys-softball/","https://hsfootball.net/proxy.php?url=https%3A%2F%2Fimage.maxpreps.io%2Fschool-mascot%2Fc%2F0%2F6%2Fc06875d3-d6da-4857-91f0-3a5d0c693776.gif%3Fversion%3D639126286728797440%26amp%3Bwidth%3D128%26amp%3Bheight%3D128%26amp%3Bauto%3Dwebp%26amp%3Bformat%3Dpjpg","https://hsfootball.net/proxy.php?url=https%3A%2F%2Fimage.maxpreps.io%2Fschool-mascot%2F3%2F5%2F7%2F3579138e-11b8-4668-8fdb-4f82c8c3d85f.gif%3Fversion%3D639231548265512940%26amp%3Bwidth%3D128%26amp%3Bheight%3D128%26amp%3Bauto%3Dwebp%26amp%3Bformat%3Dpjpg"
13,"Cross Creek vs Hephzibah",Boys Softball,"Georgia",9/15/2026,4:30pm,"The Cross Creek varsity softball team has an away conference game @  Hephzibah (GA) on Tuesday, September 15 @ 4:30p.","/ga/softball/game/cross-creek-augusta-vs-hephzibah/9-15-2026/?c=1674f826-28bd-4bef-96b9-2e0f9ac24c63","https://www.maxpreps.com/ga/softball/game/cross-creek-augusta-vs-hephzibah/9-15-2026/?c=1674f826-28bd-4bef-96b9-2e0f9ac24c63","/softball/ga/c7e?9/15/2026","Razorbacks","Rebels","https://www.maxpreps.com/ga/cross-creek-augusta/boys-softball/","https://www.maxpreps.com/ga/hephzibah/boys-softball/","https://hsfootball.net/proxy.php?url=https%3A%2F%2Fimage.maxpreps.io%2Fschool-mascot%2Fa%2Fd%2Fa%2Fada0de84-b65d-4284-bce9-b44cb83aa39d.gif%3Fversion%3D635314405800000000%26amp%3Bwidth%3D128%26amp%3Bheight%3D128%26amp%3Bauto%3Dwebp%26amp%3Bformat%3Dpjpg","https://hsfootball.net/proxy.php?url=https%3A%2F%2Fimage.maxpreps.io%2Fschool-mascot%2Fe%2F8%2Fd%2Fe8d2a608-579b-4006-b699-f46b6acc3608.gif%3Fversion%3D639179658518902480%26amp%3Bwidth%3D128%26amp%3Bheight%3D128%26amp%3Bauto%3Dwebp%26amp%3Bformat%3Dpjpg"
14,"Social Circle vs Glenn Hills",Boys Softball,"Georgia",9/15/2026,4:30pm,"The Social Circle varsity softball team has an away conference game @  Glenn Hills (Augusta, GA) on Tuesday, September 15 @ 4:30p.","/ga/softball/game/glenn-hills-augusta-vs-social-circle/9-15-2026/?c=63c011d7-3e91-4b79-965a-971e7a084f97","https://www.maxpreps.com/ga/softball/game/glenn-hills-augusta-vs-social-circle/9-15-2026/?c=63c011d7-3e91-4b79-965a-971e7a084f97","/softball/ga/de1?9/15/2026","Redskins","Spartans","https://www.maxpreps.com/ga/glenn-hills-augusta/boys-softball/","https://www.maxpreps.com/ga/social-circle/boys-softball/","https://hsfootball.net/proxy.php?url=https%3A%2F%2Fimage.maxpreps.io%2Fschool-mascot%2Fd%2F6%2Ff%2Fd6f305f6-1653-4d94-b33c-bae95e5ce562.gif%3Fversion%3D639179658534310800%26amp%3Bwidth%3D128%26amp%3Bheight%3D128%26amp%3Bauto%3Dwebp%26amp%3Bformat%3Dpjpg","https://hsfootball.net/proxy.php?url=https%3A%2F%2Fimage.maxpreps.io%2Fschool-mascot%2F4%2F5%2F0%2F45070caf-9851-4dce-94a3-4e62fbb8d2e3.gif%3Fversion%3D639179658401812630%26amp%3Bwidth%3D128%26amp%3Bheight%3D128%26amp%3Bauto%3Dwebp%26amp%3Bformat%3Dpjpg"
15,"Washington County vs Burke County",Boys Softball,"Georgia",9/15/2026,4:30pm,"The Washington County varsity softball team has an away conference game @  Burke County (Waynesboro, GA) on Tuesday, September 15 @ 4:30p.","/ga/softball/game/burke-county-waynesboro-vs-washington-county-sandersville/9-15-2026/?c=145fdc10-767a-40b5-a9f0-35d6de39a67a","https://www.maxpreps.com/ga/softball/game/burke-county-waynesboro-vs-washington-county-sandersville/9-15-2026/?c=145fdc10-767a-40b5-a9f0-35d6de39a67a","/softball/ga/16eb?9/15/2026","Golden Hawks","Bears","https://www.maxpreps.com/ga/burke-county-waynesboro/boys-softball/","https://www.maxpreps.com/ga/washington-county-sandersville/boys-softball/","https://hsfootball.net/proxy.php?url=https%3A%2F%2Fimage.maxpreps.io%2Fschool-mascot%2F6%2F6%2Fa%2F66a05d5f-32c8-4823-8935-41c178477822.gif%3Fversion%3D636282865800000000%26amp%3Bwidth%3D128%26amp%3Bheight%3D128%26amp%3Bauto%3Dwebp%26amp%3Bformat%3Dpjpg","https://hsfootball.net/proxy.php?url=https%3A%2F%2Fimage.maxpreps.io%2Fschool-mascot%2F5%2F1%2F4%2F514d1bea-eab7-4190-b979-94b031027931.gif%3Fversion%3D637634791200000000%26amp%3Bwidth%3D128%26amp%3Bheight%3D128%26amp%3Bauto%3Dwebp%26amp%3Bformat%3Dpjpg"
16,"Southwest vs Central",Boys Softball,"Georgia",9/15/2026,4:30pm,"The Southwest varsity softball team has an away conference game @  Central (Macon, GA) on Tuesday, September 15 @ 4:30p.","/ga/softball/game/central-macon-vs-southwest-macon/9-15-2026/?c=5a7d5013-f5c2-43c4-8a50-ac2e061772c8","https://www.maxpreps.com/ga/softball/game/central-macon-vs-southwest-macon/9-15-2026/?c=5a7d5013-f5c2-43c4-8a50-ac2e061772c8","/softball/ga/c98?9/15/2026","Patriots","Chargers","https://www.maxpreps.com/ga/central-macon/boys-softball/","https://www.maxpreps.com/ga/southwest-macon/boys-softball/","https://hsfootball.net/proxy.php?url=https%3A%2F%2Fimage.maxpreps.io%2Fschool-mascot%2Fa%2F6%2Fd%2Fa6d300ed-0bde-4c90-b724-ae93f173b442.gif%3Fversion%3D639132503959421450%26amp%3Bwidth%3D128%26amp%3Bheight%3D128%26amp%3Bauto%3Dwebp%26amp%3Bformat%3Dpjpg","https://hsfootball.net/proxy.php?url=https%3A%2F%2Fimage.maxpreps.io%2Fschool-mascot%2Fd%2F2%2F0%2Fd2000171-b90c-4d92-81c6-300d4cca306a.gif%3Fversion%3D639132503950325920%26amp%3Bwidth%3D128%26amp%3Bheight%3D128%26amp%3Bauto%3Dwebp%26amp%3Bformat%3Dpjpg"
17,"Mount Paran Christian vs St. Francis",Boys Softball,"Georgia",9/15/2026,4:30pm,"The Mount Paran Christian varsity softball team has an away conference game @  St. Francis (Alpharetta, GA) on Tuesday, September 15 @ 4:30p.","/ga/softball/game/mount-paran-christian-kennesaw-vs-st-francis-alpharetta/9-15-2026/?c=a819b0bb-7572-46b0-9706-f1fd54d33eed","https://www.maxpreps.com/ga/softball/game/mount-paran-christian-kennesaw-vs-st-francis-alpharetta/9-15-2026/?c=a819b0bb-7572-46b0-9706-f1fd54d33eed","/softball/ga/157d?9/15/2026","Eagles","Knights","https://www.maxpreps.com/ga/mount-paran-christian-kennesaw/boys-softball/","https://www.maxpreps.com/ga/st-francis-alpharetta/boys-softball/","https://hsfootball.net/proxy.php?url=https%3A%2F%2Fimage.maxpreps.io%2Fschool-mascot%2Fa%2F9%2Fa%2Fa9a7e30e-9bf4-4819-9f66-32f4234c7fe9.gif%3Fversion%3D637816379400000000%26amp%3Bwidth%3D128%26amp%3Bheight%3D128%26amp%3Bauto%3Dwebp%26amp%3Bformat%3Dpjpg","https://hsfootball.net/proxy.php?url=https%3A%2F%2Fimage.maxpreps.io%2Fschool-mascot%2F7%2Fc%2Ff%2F7cf1d0fc-de32-4bb1-9814-4b46bf5ec0cc.gif%3Fversion%3D636522159600000000%26amp%3Bwidth%3D128%26amp%3Bheight%3D128%26amp%3Bauto%3Dwebp%26amp%3Bformat%3Dpjpg"
18,"Bethlehem Christian Academy vs George Walton Academy",Boys Softball,"Georgia",9/15/2026,4:45pm,"The Bethlehem Christian Academy varsity softball team has an away conference game @  George Walton Academy (Monroe, GA) on Tuesday, September 15 @ 4:45p.","/ga/softball/game/bethlehem-christian-academy-vs-george-walton-academy-monroe/9-15-2026/?c=cdc66507-dec8-45f7-a1c8-36916875ee27","https://www.maxpreps.com/ga/softball/game/bethlehem-christian-academy-vs-george-walton-academy-monroe/9-15-2026/?c=cdc66507-dec8-45f7-a1c8-36916875ee27","/softball/ga/16dd?9/15/2026","Knights","Bulldogs","https://www.maxpreps.com/ga/bethlehem-christian-academy/boys-softball/","https://www.maxpreps.com/ga/george-walton-academy-monroe/boys-softball/","https://hsfootball.net/proxy.php?url=https%3A%2F%2Fimage.maxpreps.io%2Fschool-mascot%2Ff%2F8%2Fa%2Ff8a36ec6-bdf3-4a11-bc90-742fbe48e754.gif%3Fversion%3D638604263896693830%26amp%3Bwidth%3D128%26amp%3Bheight%3D128%26amp%3Bauto%3Dwebp%26amp%3Bformat%3Dpjpg","https://hsfootball.net/proxy.php?url=https%3A%2F%2Fimage.maxpreps.io%2Fschool-mascot%2Fa%2Fb%2F9%2Fab9f3800-d586-47d0-abb7-afaa07fec0be.gif%3Fversion%3D639129576298611090%26amp%3Bwidth%3D128%26amp%3Bheight%3D128%26amp%3Bauto%3Dwebp%26amp%3Bformat%3Dpjpg"
19,"Providence Christian Academy vs Prince Avenue Christian",Boys Softball,"Georgia",9/15/2026,4:45pm,"The Providence Christian Academy varsity softball team has an away conference game @  Prince Avenue Christian (Athens, GA) on Tuesday, September 15 @ 4:45p.","/ga/softball/game/prince-avenue-christian-athens-vs-providence-christian-academy-lilburn/9-15-2026/?c=3a5184d7-695a-493a-9f9e-8646cfb99543","https://www.maxpreps.com/ga/softball/game/prince-avenue-christian-athens-vs-providence-christian-academy-lilburn/9-15-2026/?c=3a5184d7-695a-493a-9f9e-8646cfb99543","/softball/ga/1b5e?9/15/2026","Storm","Wolverines","https://www.maxpreps.com/ga/prince-avenue-christian-athens/boys-softball/","https://www.maxpreps.com/ga/providence-christian-academy-lilburn/boys-softball/","https://hsfootball.net/proxy.php?url=https%3A%2F%2Fimage.maxpreps.io%2Fschool-mascot%2F1%2F6%2F3%2F163f0dcc-a7d9-49be-a9c1-70129fcd5b6a.gif%3Fversion%3D634811532600000000%26amp%3Bwidth%3D128%26amp%3Bheight%3D128%26amp%3Bauto%3Dwebp%26amp%3Bformat%3Dpjpg","https://hsfootball.net/proxy.php?url=https%3A%2F%2Fimage.maxpreps.io%2Fschool-mascot%2F3%2Fa%2F9%2F3a98606b-041c-4df4-b129-a34e2c29123a.gif%3Fversion%3D639179251295442690%26amp%3Bwidth%3D128%26amp%3Bheight%3D128%26amp%3Bauto%3Dwebp%26amp%3Bformat%3Dpjpg"
20,"Kendrick vs Manchester",Boys Softball,"Georgia",9/15/2026,5:00pm,"The Kendrick varsity softball team has an away non-conference game @  Manchester (GA) on Tuesday, September 15 @ 5p.","/ga/softball/game/kendrick-columbus-vs-manchester/9-15-2026/?c=fce40be1-651c-4065-b6ce-5e5bcbcbb730","https://www.maxpreps.com/ga/softball/game/kendrick-columbus-vs-manchester/9-15-2026/?c=fce40be1-651c-4065-b6ce-5e5bcbcbb730","/softball/ga/c4f?9/15/2026","Cherokees","Blue Devils","https://www.maxpreps.com/ga/kendrick-columbus/boys-softball/","https://www.maxpreps.com/ga/manchester/boys-softball/","https://hsfootball.net/proxy.php?url=https%3A%2F%2Fimage.maxpreps.io%2Fschool-mascot%2Fd%2F4%2F7%2Fd472e58f-34c6-4d87-b1c9-b57b7076428b.gif%3Fversion%3D639132244449960860%26amp%3Bwidth%3D128%26amp%3Bheight%3D128%26amp%3Bauto%3Dwebp%26amp%3Bformat%3Dpjpg","https://hsfootball.net/proxy.php?url=https%3A%2F%2Fimage.maxpreps.io%2Fschool-mascot%2Fb%2F9%2F7%2Fb976380b-5e87-44a1-ab2f-1188b0c9dae9.gif%3Fversion%3D638645941457543290%26amp%3Bwidth%3D128%26amp%3Bheight%3D128%26amp%3Bauto%3Dwebp%26amp%3Bformat%3Dpjpg"
21,"Carrollton vs East Coweta",Boys Softball,"Georgia",9/15/2026,5:00pm,"The Carrollton varsity softball team has an away conference game @  East Coweta (Sharpsburg, GA) on Tuesday, September 15 @ 5p.","/ga/softball/game/carrollton-vs-east-coweta-sharpsburg/9-15-2026/?c=3060550a-cd96-4143-a999-1390e001a23c","https://www.maxpreps.com/ga/softball/game/carrollton-vs-east-coweta-sharpsburg/9-15-2026/?c=3060550a-cd96-4143-a999-1390e001a23c","/softball/ga/e4e?9/15/2026","Trojans","Indians","https://www.maxpreps.com/ga/carrollton/boys-softball/","https://www.maxpreps.com/ga/east-coweta-sharpsburg/boys-softball/","https://hsfootball.net/proxy.php?url=https%3A%2F%2Fimage.maxpreps.io%2Fschool-mascot%2F2%2Fc%2F6%2F2c66e977-fcec-48c5-9f86-062a506b700c.gif%3Fversion%3D639183171975290540%26amp%3Bwidth%3D128%26amp%3Bheight%3D128%26amp%3Bauto%3Dwebp%26amp%3Bformat%3Dpjpg","https://hsfootball.net/proxy.php?url=https%3A%2F%2Fimage.maxpreps.io%2Fschool-mascot%2F2%2F1%2Fa%2F21adb76d-a477-4d4a-8ae3-d59f9d3baaab.gif%3Fversion%3D637856065800000000%26amp%3Bwidth%3D128%26amp%3Bheight%3D128%26amp%3Bauto%3Dwebp%26amp%3Bformat%3Dpjpg"
22,"Pataula Charter Academy vs Miller County",Boys Softball,"Georgia",9/15/2026,5:00pm,"The Pataula Charter Academy varsity softball team has an away conference game @  Miller County (Colquitt, GA) on Tuesday, September 15 @ 5p.","/ga/softball/game/miller-county-colquitt-vs-pataula-charter-academy-edison/9-15-2026/?c=77b2eda9-e7a9-4a78-a6ea-ccf461be0a81","https://www.maxpreps.com/ga/softball/game/miller-county-colquitt-vs-pataula-charter-academy-edison/9-15-2026/?c=77b2eda9-e7a9-4a78-a6ea-ccf461be0a81","/softball/ga/15e7?9/15/2026","Panthers","Pirates","https://www.maxpreps.com/ga/miller-county-colquitt/boys-softball/","https://www.maxpreps.com/ga/pataula-charter-academy-edison/boys-softball/","https://hsfootball.net/proxy.php?url=https%3A%2F%2Fimage.maxpreps.io%2Fschool-mascot%2Fa%2F2%2F1%2Fa2146808-c685-435b-9eef-89f0c2c1c5b5.gif%3Fversion%3D638761543029080220%26amp%3Bwidth%3D128%26amp%3Bheight%3D128%26amp%3Bauto%3Dwebp%26amp%3Bformat%3Dpjpg","https://hsfootball.net/proxy.php?url=https%3A%2F%2Fimage.maxpreps.io%2Fschool-mascot%2Fa%2F4%2F5%2Fa45aa899-e567-4140-807f-0971701222f7.gif%3Fversion%3D639177538112302410%26amp%3Bwidth%3D128%26amp%3Bheight%3D128%26amp%3Bauto%3Dwebp%26amp%3Bformat%3Dpjpg"
23,"Bremen vs Armuchee",Boys Softball,"Georgia",9/15/2026,5:00pm,"The Bremen varsity softball team has an away conference game @  Armuchee (Rome, GA) on Tuesday, September 15 @ 5p.","/ga/softball/game/armuchee-rome-vs-bremen/9-15-2026/?c=f230433c-b92c-4e9a-b24e-aef3deb9b3d6","https://www.maxpreps.com/ga/softball/game/armuchee-rome-vs-bremen/9-15-2026/?c=f230433c-b92c-4e9a-b24e-aef3deb9b3d6","/softball/ga/8e6?9/15/2026","Blue Devils","Indians","https://www.maxpreps.com/ga/armuchee-rome/boys-softball/","https://www.maxpreps.com/ga/bremen/boys-softball/","https://hsfootball.net/proxy.php?url=https%3A%2F%2Fimage.maxpreps.io%2Fschool-mascot%2F9%2F6%2F3%2F963cdd4b-18df-44c2-ba32-ec0f5900e219.gif%3Fversion%3D639100295551622540%26amp%3Bwidth%3D128%26amp%3Bheight%3D128%26amp%3Bauto%3Dwebp%26amp%3Bformat%3Dpjpg","https://hsfootball.net/proxy.php?url=https%3A%2F%2Fimage.maxpreps.io%2Fschool-mascot%2Fb%2Fb%2Fa%2Fbba1c931-3cba-4a45-bc9c-006b4f34cfbd.gif%3Fversion%3D639195280155258510%26amp%3Bwidth%3D128%26amp%3Bheight%3D128%26amp%3Bauto%3Dwebp%26amp%3Bformat%3Dpjpg"
24,"Mt. Zion vs Darlington",Boys Softball,"Georgia",9/15/2026,5:00pm,"The Mt. Zion varsity softball team has an away non-conference game @  Darlington (Rome, GA) on Tuesday, September 15 @ 5p.","/ga/softball/game/darlington-rome-vs-mt-zion/9-15-2026/?c=16b019ef-c734-4a95-82b1-2b53ba463e5a","https://www.maxpreps.com/ga/softball/game/darlington-rome-vs-mt-zion/9-15-2026/?c=16b019ef-c734-4a95-82b1-2b53ba463e5a","/softball/ga/a23?9/15/2026","Eagles","Tigers","https://www.maxpreps.com/ga/darlington-rome/boys-softball/","https://www.maxpreps.com/ga/mt-zion/boys-softball/","https://hsfootball.net/proxy.php?url=https%3A%2F%2Fimage.maxpreps.io%2Fschool-mascot%2F2%2F8%2Fb%2F28be09b8-54bf-461e-b497-1acbba1bf196.gif%3Fversion%3D638646661968326040%26amp%3Bwidth%3D128%26amp%3Bheight%3D128%26amp%3Bauto%3Dwebp%26amp%3Bformat%3Dpjpg","https://hsfootball.net/proxy.php?url=https%3A%2F%2Fimage.maxpreps.io%2Fschool-mascot%2Fa%2F2%2F2%2Fa22c520b-cd1a-40c2-bd7a-9bec4e4a324f.gif%3Fversion%3D635749780800000000%26amp%3Bwidth%3D128%26amp%3Bheight%3D128%26amp%3Bauto%3Dwebp%26amp%3Bformat%3Dpjpg"
25,"Briarwood Academy vs Athens Christian",Boys Softball,"Georgia",9/15/2026,5:00pm,"The Briarwood Academy varsity softball team has an away non-conference game @  Athens Christian (Athens, GA) on Tuesday, September 15 @ 5p.","/ga/softball/game/athens-christian-vs-briarwood-academy-warrenton/9-15-2026/?c=d4245c32-3bfa-4e22-89d0-d5e2e88915d2","https://www.maxpreps.com/ga/softball/game/athens-christian-vs-briarwood-academy-warrenton/9-15-2026/?c=d4245c32-3bfa-4e22-89d0-d5e2e88915d2","/softball/ga/128f?9/15/2026","Buccaneers","Eagles","https://www.maxpreps.com/ga/athens-christian/boys-softball/","https://www.maxpreps.com/ga/briarwood-academy-warrenton/boys-softball/","https://hsfootball.net/proxy.php?url=https%3A%2F%2Fimage.maxpreps.io%2Fschool-mascot%2F7%2Fa%2F8%2F7a8a0983-cb03-46e2-b09d-3cc87d8133e7.gif%3Fversion%3D639127906954574880%26amp%3Bwidth%3D128%26amp%3Bheight%3D128%26amp%3Bauto%3Dwebp%26amp%3Bformat%3Dpjpg","https://hsfootball.net/proxy.php?url=https%3A%2F%2Fimage.maxpreps.io%2Fschool-mascot%2Fe%2F8%2Ff%2Fe8f69dda-50d5-48b9-8c5d-a384db2288a7.gif%3Fversion%3D637786179600000000%26amp%3Bwidth%3D128%26amp%3Bheight%3D128%26amp%3Bauto%3Dwebp%26amp%3Bformat%3Dpjpg"
26,"Cook vs Brooks County",Boys Softball,"Georgia",9/15/2026,5:00pm,"The Cook varsity softball team has an away conference game @  Brooks County (Quitman, GA) on Tuesday, September 15 @ 5p.","/ga/softball/game/brooks-county-quitman-vs-cook-adel/9-15-2026/?c=54e75ec9-e227-4a39-a69d-cd17c7b06f87","https://www.maxpreps.com/ga/softball/game/brooks-county-quitman-vs-cook-adel/9-15-2026/?c=54e75ec9-e227-4a39-a69d-cd17c7b06f87","/softball/ga/d3d?9/15/2026","Hornets","Trojans","https://www.maxpreps.com/ga/brooks-county-quitman/boys-softball/","https://www.maxpreps.com/ga/cook-adel/boys-softball/","https://hsfootball.net/proxy.php?url=https%3A%2F%2Fimage.maxpreps.io%2Fschool-mascot%2Fd%2Fb%2F6%2Fdb60a833-9089-4914-9086-613c64b43f67.gif%3Fversion%3D639132504028560650%26amp%3Bwidth%3D128%26amp%3Bheight%3D128%26amp%3Bauto%3Dwebp%26amp%3Bformat%3Dpjpg","https://hsfootball.net/proxy.php?url=https%3A%2F%2Fimage.maxpreps.io%2Fschool-mascot%2F7%2F2%2F4%2F7247b9b8-233c-45d4-9f7b-170c8699e05e.gif%3Fversion%3D639183594823920970%26amp%3Bwidth%3D128%26amp%3Bheight%3D128%26amp%3Bauto%3Dwebp%26amp%3Bformat%3Dpjpg"
27,"Wilkinson County vs Glascock County",Boys Softball,"Georgia",9/15/2026,5:00pm,"The Wilkinson County varsity softball team has an away conference game @  Glascock County (Gibson, GA) on Tuesday, September 15 @ 5p.","/ga/softball/game/glascock-county-gibson-vs-wilkinson-county-irwinton/9-15-2026/?c=24d4066a-b751-465e-bd6c-c4bb3ebf93f1","https://www.maxpreps.com/ga/softball/game/glascock-county-gibson-vs-wilkinson-county-irwinton/9-15-2026/?c=24d4066a-b751-465e-bd6c-c4bb3ebf93f1","/softball/ga/145c?9/15/2026","Warriors","Panthers","https://www.maxpreps.com/ga/glascock-county-gibson/boys-softball/","https://www.maxpreps.com/ga/wilkinson-county-irwinton/boys-softball/","https://hsfootball.net/proxy.php?url=https%3A%2F%2Fimage.maxpreps.io%2Fschool-mascot%2F7%2F3%2Ff%2F73f5027b-cf17-4ebb-a719-123bdad47913.gif%3Fversion%3D639132244379483270%26amp%3Bwidth%3D128%26amp%3Bheight%3D128%26amp%3Bauto%3Dwebp%26amp%3Bformat%3Dpjpg","https://hsfootball.net/proxy.php?url=https%3A%2F%2Fimage.maxpreps.io%2Fschool-mascot%2F8%2Fb%2F2%2F8b25fc41-d48e-4e20-a6b4-10e8b6555497.gif%3Fversion%3D639177538092388450%26amp%3Bwidth%3D128%26amp%3Bheight%3D128%26amp%3Bauto%3Dwebp%26amp%3Bformat%3Dpjpg"
28,"Randolph-Clay vs Early County",Boys Softball,"Georgia",9/15/2026,5:00pm,"The Randolph-Clay varsity softball team has an away conference game @  Early County (Blakely, GA) on Tuesday, September 15 @ 5p.","/ga/softball/game/early-county-blakely-vs-randolph-clay-cuthbert/9-15-2026/?c=4a137fb7-6e9b-498a-a8e5-e708f936a0ee","https://www.maxpreps.com/ga/softball/game/early-county-blakely-vs-randolph-clay-cuthbert/9-15-2026/?c=4a137fb7-6e9b-498a-a8e5-e708f936a0ee","/softball/ga/11fc?9/15/2026","Red Devils","Bobcats","https://www.maxpreps.com/ga/early-county-blakely/boys-softball/","https://www.maxpreps.com/ga/randolph-clay-cuthbert/boys-softball/","https://hsfootball.net/proxy.php?url=https%3A%2F%2Fimage.maxpreps.io%2Fschool-mascot%2F2%2Fc%2F9%2F2c9a258f-f90d-473f-bcb3-504c569409f2.gif%3Fversion%3D637060500000000000%26amp%3Bwidth%3D128%26amp%3Bheight%3D128%26amp%3Bauto%3Dwebp%26amp%3Bformat%3Dpjpg","https://hsfootball.net/proxy.php?url=https%3A%2F%2Fimage.maxpreps.io%2Fschool-mascot%2Fd%2Fc%2F6%2Fdc688429-6635-46c5-b2b9-02bf72c126f1.gif%3Fversion%3D638642466618247070%26amp%3Bwidth%3D128%26amp%3Bheight%3D128%26amp%3Bauto%3Dwebp%26amp%3Bformat%3Dpjpg"
29,"Upson-Lee vs Howard",Boys Softball,"Georgia",9/15/2026,5:00pm,"The Upson-Lee varsity softball team has an away conference game @  Howard (Macon, GA) on Tuesday, September 15 @ 5p.","/ga/softball/game/howard-macon-vs-upson-lee-thomaston/9-15-2026/?c=c5c1db8b-6970-4b61-ac71-6623e1abb763","https://www.maxpreps.com/ga/softball/game/howard-macon-vs-upson-lee-thomaston/9-15-2026/?c=c5c1db8b-6970-4b61-ac71-6623e1abb763","/softball/ga/da5?9/15/2026","Knights","Huskies","https://www.maxpreps.com/ga/howard-macon/boys-softball/","https://www.maxpreps.com/ga/upson-lee-thomaston/boys-softball/","https://hsfootball.net/proxy.php?url=https%3A%2F%2Fimage.maxpreps.io%2Fschool-mascot%2Fa%2F4%2F7%2Fa472928c-b3f6-42cb-a173-bb7d06edd0b6.gif%3Fversion%3D639188602604044670%26amp%3Bwidth%3D128%26amp%3Bheight%3D128%26amp%3Bauto%3Dwebp%26amp%3Bformat%3Dpjpg","https://hsfootball.net/proxy.php?url=https%3A%2F%2Fimage.maxpreps.io%2Fschool-mascot%2F5%2F5%2F4%2F554ba6ba-e5f2-41f3-809b-2de0c9a182a0.gif%3Fversion%3D639207415001109460%26amp%3Bwidth%3D128%26amp%3Bheight%3D128%26amp%3Bauto%3Dwebp%26amp%3Bformat%3Dpjpg"
30,"Brookstone vs Heritage",Boys Softball,"Georgia",9/15/2026,5:00pm,"The Brookstone varsity softball team has an away conference game @  Heritage (Newnan, GA) on Tuesday, September 15 @ 5p.","/ga/softball/game/brookstone-columbus-vs-heritage-newnan/9-15-2026/?c=0f6c53f7-848a-47d5-b372-670299c715cf","https://www.maxpreps.com/ga/softball/game/brookstone-columbus-vs-heritage-newnan/9-15-2026/?c=0f6c53f7-848a-47d5-b372-670299c715cf","/softball/ga/f1d?9/15/2026","Cougars","Hawks","https://www.maxpreps.com/ga/brookstone-columbus/boys-softball/","https://www.maxpreps.com/ga/heritage-newnan/boys-softball/","https://hsfootball.net/proxy.php?url=https%3A%2F%2Fimage.maxpreps.io%2Fschool-mascot%2F4%2Fb%2Fc%2F4bce29e4-736a-4ac6-a690-7c06287656f3.gif%3Fversion%3D636219945000000000%26amp%3Bwidth%3D128%26amp%3Bheight%3D128%26amp%3Bauto%3Dwebp%26amp%3Bformat%3Dpjpg","https://hsfootball.net/proxy.php?url=https%3A%2F%2Fimage.maxpreps.io%2Fschool-mascot%2F9%2Fb%2F2%2F9b24dd54-3cdb-4bda-bcde-fa3a93dff2dc.gif%3Fversion%3D636211116000000000%26amp%3Bwidth%3D128%26amp%3Bheight%3D128%26amp%3Bauto%3Dwebp%26amp%3Bformat%3Dpjpg"
31,"Holy Innocents Episcopal vs Haralson County",Boys Softball,"Georgia",9/15/2026,5:00pm,"The Holy Innocents Episcopal varsity softball team has an away conference game @  Haralson County (Tallapoosa, GA) on Tuesday, September 15 @ 5p.","/ga/softball/game/haralson-county-tallapoosa-vs-holy-innocents-episcopal-atlanta/9-15-2026/?c=e3c4e426-d382-485c-b3ab-cc8aea1a1c30","https://www.maxpreps.com/ga/softball/game/haralson-county-tallapoosa-vs-holy-innocents-episcopal-atlanta/9-15-2026/?c=e3c4e426-d382-485c-b3ab-cc8aea1a1c30","/softball/ga/1880?9/15/2026","Bears","Rebels","https://www.maxpreps.com/ga/haralson-county-tallapoosa/boys-softball/","https://www.maxpreps.com/ga/holy-innocents-episcopal-atlanta/boys-softball/","https://hsfootball.net/proxy.php?url=https%3A%2F%2Fimage.maxpreps.io%2Fschool-mascot%2F3%2Fa%2Fa%2F3aa19fdd-4268-4b67-b17a-614c002f0c16.gif%3Fversion%3D638659635210921410%26amp%3Bwidth%3D128%26amp%3Bheight%3D128%26amp%3Bauto%3Dwebp%26amp%3Bformat%3Dpjpg","https://hsfootball.net/proxy.php?url=https%3A%2F%2Fimage.maxpreps.io%2Fschool-mascot%2Fb%2Fe%2F8%2Fbe810ab5-44d0-49f5-8c83-9877522282e0.gif%3Fversion%3D639127247748010330%26amp%3Bwidth%3D128%26amp%3Bheight%3D128%26amp%3Bauto%3Dwebp%26amp%3Bformat%3Dpjpg"
32,"Vidalia vs West Laurens",Boys Softball,"Georgia",9/15/2026,5:00pm,"The Vidalia varsity softball team has an away non-conference game @  West Laurens (Dexter, GA) on Tuesday, September 15 @ 5p.","/ga/softball/game/vidalia-vs-west-laurens-dexter/9-15-2026/?c=d430add2-db4d-4004-ab78-deec323cac07","https://www.maxpreps.com/ga/softball/game/vidalia-vs-west-laurens-dexter/9-15-2026/?c=d430add2-db4d-4004-ab78-deec323cac07","/softball/ga/bc0?9/15/2026","Indians","Raiders","https://www.maxpreps.com/ga/vidalia/boys-softball/","https://www.maxpreps.com/ga/west-laurens-dexter/boys-softball/","https://hsfootball.net/proxy.php?url=https%3A%2F%2Fimage.maxpreps.io%2Fschool-mascot%2F9%2Ff%2F6%2F9f6c5772-b807-4539-9cd4-e7b6444468dd.gif%3Fversion%3D639132503873695520%26amp%3Bwidth%3D128%26amp%3Bheight%3D128%26amp%3Bauto%3Dwebp%26amp%3Bformat%3Dpjpg","https://hsfootball.net/proxy.php?url=https%3A%2F%2Fimage.maxpreps.io%2Fschool-mascot%2F6%2Fc%2F9%2F6c9a39bd-f84f-4351-bbe9-4011c9341a09.gif%3Fversion%3D639180161648439300%26amp%3Bwidth%3D128%26amp%3Bheight%3D128%26amp%3Bauto%3Dwebp%26amp%3Bformat%3Dpjpg"
33,"Gilmer vs Chestatee",Boys Softball,"Georgia",9/15/2026,5:00pm,"The Gilmer varsity softball team has an away conference game @  Chestatee (Gainesville, GA) on Tuesday, September 15 @ 5p.","/ga/softball/game/chestatee-gainesville-vs-gilmer-ellijay/9-15-2026/?c=6691fa76-5f44-45b1-9652-0a14a7ad24c1","https://www.maxpreps.com/ga/softball/game/chestatee-gainesville-vs-gilmer-ellijay/9-15-2026/?c=6691fa76-5f44-45b1-9652-0a14a7ad24c1","/softball/ga/f50?9/15/2026","Bobcats","War Eagles","https://www.maxpreps.com/ga/chestatee-gainesville/boys-softball/","https://www.maxpreps.com/ga/gilmer-ellijay/boys-softball/","https://hsfootball.net/proxy.php?url=https%3A%2F%2Fimage.maxpreps.io%2Fschool-mascot%2F4%2F1%2F6%2F41600115-e7fe-43f5-857e-54d9077ce342.gif%3Fversion%3D639188602697772280%26amp%3Bwidth%3D128%26amp%3Bheight%3D128%26amp%3Bauto%3Dwebp%26amp%3Bformat%3Dpjpg","https://hsfootball.net/proxy.php?url=https%3A%2F%2Fimage.maxpreps.io%2Fschool-mascot%2F9%2F0%2F8%2F90859826-449c-471c-8a0f-a4e0216f6812.gif%3Fversion%3D639127906947679850%26amp%3Bwidth%3D128%26amp%3Bheight%3D128%26amp%3Bauto%3Dwebp%26amp%3Bformat%3Dpjpg"
34,"Greenbrier vs South Effingham",Boys Softball,"Georgia",9/15/2026,5:00pm,"The Greenbrier varsity softball team has an away conference game @  South Effingham (Guyton, GA) on Tuesday, September 15 @ 5p.","/ga/softball/game/greenbrier-evans-vs-south-effingham-guyton/9-15-2026/?c=1c2ceaa3-c8bc-43c0-bf76-1394f8aaee6b","https://www.maxpreps.com/ga/softball/game/greenbrier-evans-vs-south-effingham-guyton/9-15-2026/?c=1c2ceaa3-c8bc-43c0-bf76-1394f8aaee6b","/softball/ga/108a?9/15/2026","Wolfpack","Mustangs","https://www.maxpreps.com/ga/greenbrier-evans/boys-softball/","https://www.maxpreps.com/ga/south-effingham-guyton/boys-softball/","https://hsfootball.net/proxy.php?url=https%3A%2F%2Fimage.maxpreps.io%2Fschool-mascot%2Fc%2Fa%2Fb%2Fcaba2299-2b6b-47ea-a668-61dbd240c084.gif%3Fversion%3D637816327800000000%26amp%3Bwidth%3D128%26amp%3Bheight%3D128%26amp%3Bauto%3Dwebp%26amp%3Bformat%3Dpjpg","https://hsfootball.net/proxy.php?url=https%3A%2F%2Fimage.maxpreps.io%2Fschool-mascot%2F3%2F2%2F0%2F320b823d-2e92-4b64-9b4c-4dd7d9a7fba6.gif%3Fversion%3D637172688000000000%26amp%3Bwidth%3D128%26amp%3Bheight%3D128%26amp%3Bauto%3Dwebp%26amp%3Bformat%3Dpjpg"
35,"Coffee vs Veterans",Boys Softball,"Georgia",9/15/2026,5:00pm,"The Coffee varsity softball team has an away conference game @  Veterans (Kathleen, GA) on Tuesday, September 15 @ 5p.","/ga/softball/game/coffee-douglas-vs-veterans-kathleen/9-15-2026/?c=84cb3244-7c67-4f25-abfa-55251c81c6e0","https://www.maxpreps.com/ga/softball/game/coffee-douglas-vs-veterans-kathleen/9-15-2026/?c=84cb3244-7c67-4f25-abfa-55251c81c6e0","/softball/ga/da8?9/15/2026","Trojans","Warhawks","https://www.maxpreps.com/ga/coffee-douglas/boys-softball/","https://www.maxpreps.com/ga/veterans-kathleen/boys-softball/","https://hsfootball.net/proxy.php?url=https%3A%2F%2Fimage.maxpreps.io%2Fschool-mascot%2F3%2Fe%2Fe%2F3ee34731-b5f5-4b87-ae98-82e31bffa5cd.gif%3Fversion%3D639129168568649200%26amp%3Bwidth%3D128%26amp%3Bheight%3D128%26amp%3Bauto%3Dwebp%26amp%3Bformat%3Dpjpg","https://hsfootball.net/proxy.php?url=https%3A%2F%2Fimage.maxpreps.io%2Fschool-mascot%2F2%2F8%2F3%2F2837b96b-5194-4559-b761-87a88b39b256.gif%3Fversion%3D638930283942908570%26amp%3Bwidth%3D128%26amp%3Bheight%3D128%26amp%3Bauto%3Dwebp%26amp%3Bformat%3Dpjpg"
36,"Jenkins vs Statesboro",Boys Softball,"Georgia",9/15/2026,5:00pm,"The Jenkins varsity softball team has an away conference game @  Statesboro (GA) on Tuesday, September 15 @ 5p.","/ga/softball/game/jenkins-savannah-vs-statesboro/9-15-2026/?c=980383ab-ed72-49d1-9398-e2db2b418d97","https://www.maxpreps.com/ga/softball/game/jenkins-savannah-vs-statesboro/9-15-2026/?c=980383ab-ed72-49d1-9398-e2db2b418d97","/softball/ga/bf8?9/15/2026","Warriors","Blue Devils","https://www.maxpreps.com/ga/jenkins-savannah/boys-softball/","https://www.maxpreps.com/ga/statesboro/boys-softball/","https://hsfootball.net/proxy.php?url=https%3A%2F%2Fimage.maxpreps.io%2Fschool-mascot%2F9%2Fe%2Fe%2F9ee5c536-341a-4f7e-971c-6bf03eafa77d.gif%3Fversion%3D638651944221198650%26amp%3Bwidth%3D128%26amp%3Bheight%3D128%26amp%3Bauto%3Dwebp%26amp%3Bformat%3Dpjpg","https://hsfootball.net/proxy.php?url=https%3A%2F%2Fimage.maxpreps.io%2Fschool-mascot%2Fb%2Ff%2Fb%2Fbfb48afb-1384-4d03-9904-40218a76df89.gif%3Fversion%3D635182095000000000%26amp%3Bwidth%3D128%26amp%3Bheight%3D128%26amp%3Bauto%3Dwebp%26amp%3Bformat%3Dpjpg"
37,"Tift County vs Thomas County Central",Boys Softball,"Georgia",9/15/2026,5:00pm,"The Tift County varsity softball team has an away conference game @  Thomas County Central (Thomasville, GA) on Tuesday, September 15 @ 5p.","/ga/softball/game/thomas-county-central-thomasville-vs-tift-county-tifton/9-15-2026/?c=f09b2627-a3f5-4bab-ba2a-8a204eb302ca","https://www.maxpreps.com/ga/softball/game/thomas-county-central-thomasville-vs-tift-county-tifton/9-15-2026/?c=f09b2627-a3f5-4bab-ba2a-8a204eb302ca","/softball/ga/15d0?9/15/2026","Blue Devils","Yellow Jackets","https://www.maxpreps.com/ga/thomas-county-central-thomasville/boys-softball/","https://www.maxpreps.com/ga/tift-county-tifton/boys-softball/","https://hsfootball.net/proxy.php?url=https%3A%2F%2Fimage.maxpreps.io%2Fschool-mascot%2Ff%2F1%2F5%2Ff153cfb6-943e-4950-9205-e44a8bb1f858.gif%3Fversion%3D639134131007260490%26amp%3Bwidth%3D128%26amp%3Bheight%3D128%26amp%3Bauto%3Dwebp%26amp%3Bformat%3Dpjpg","https://hsfootball.net/proxy.php?url=https%3A%2F%2Fimage.maxpreps.io%2Fschool-mascot%2Fa%2F1%2Fe%2Fa1ebf8be-9abc-48be-a64f-f29630826189.gif%3Fversion%3D639180703332485220%26amp%3Bwidth%3D128%26amp%3Bheight%3D128%26amp%3Bauto%3Dwebp%26amp%3Bformat%3Dpjpg"
38,"Pepperell vs Coosa",Boys Softball,"Georgia",9/15/2026,5:00pm,"The Pepperell varsity softball team has an away conference game @  Coosa (Rome, GA) on Tuesday, September 15 @ 5p.","/ga/softball/game/coosa-rome-vs-pepperell-lindale/9-15-2026/?c=5eb72245-ef90-4d20-b9ea-585ae3966191","https://www.maxpreps.com/ga/softball/game/coosa-rome-vs-pepperell-lindale/9-15-2026/?c=5eb72245-ef90-4d20-b9ea-585ae3966191","/softball/ga/c07?9/15/2026","Dragons","Eagles","https://www.maxpreps.com/ga/coosa-rome/boys-softball/","https://www.maxpreps.com/ga/pepperell-lindale/boys-softball/","https://hsfootball.net/proxy.php?url=https%3A%2F%2Fimage.maxpreps.io%2Fschool-mascot%2Ff%2Fa%2F8%2Ffa894b94-9451-49ed-98bd-589b91772f7c.gif%3Fversion%3D639198765069886110%26amp%3Bwidth%3D128%26amp%3Bheight%3D128%26amp%3Bauto%3Dwebp%26amp%3Bformat%3Dpjpg","https://hsfootball.net/proxy.php?url=https%3A%2F%2Fimage.maxpreps.io%2Fschool-mascot%2Ff%2Fa%2F8%2Ffa894b94-9451-49ed-98bd-589b91772f7c.gif%3Fversion%3D639198765069886110%26amp%3Bwidth%3D32%26amp%3Bheight%3D32%26amp%3Bauto%3Dwebp%26amp%3Bformat%3Dpjpg"
39,"South Gwinnett vs Cedar Shoals",Boys Softball,"Georgia",9/15/2026,5:00pm,"The South Gwinnett varsity softball team has an away non-conference game @  Cedar Shoals (Athens, GA) on Tuesday, September 15 @ 5p.","/ga/softball/game/cedar-shoals-athens-vs-south-gwinnett-snellville/9-15-2026/?c=6a713a70-d8d2-42c2-a4cf-2b67a27a9e2b","https://www.maxpreps.com/ga/softball/game/cedar-shoals-athens-vs-south-gwinnett-snellville/9-15-2026/?c=6a713a70-d8d2-42c2-a4cf-2b67a27a9e2b","/softball/ga/12e0?9/15/2026","Comets","Jaguars","https://www.maxpreps.com/ga/cedar-shoals-athens/boys-softball/","https://www.maxpreps.com/ga/south-gwinnett-snellville/boys-softball/","https://hsfootball.net/proxy.php?url=https%3A%2F%2Fimage.maxpreps.io%2Fschool-mascot%2Fa%2F4%2F1%2Fa4135e0f-41f4-43dd-9786-632bb6bdbeef.gif%3Fversion%3D639134131012704110%26amp%3Bwidth%3D128%26amp%3Bheight%3D128%26amp%3Bauto%3Dwebp%26amp%3Bformat%3Dpjpg","https://hsfootball.net/proxy.php?url=https%3A%2F%2Fimage.maxpreps.io%2Fschool-mascot%2F1%2Fb%2Fc%2F1bc4a6f4-3cea-4328-8670-4802a7c054a7.gif%3Fversion%3D638961299119122020%26amp%3Bwidth%3D128%26amp%3Bheight%3D128%26amp%3Bauto%3Dwebp%26amp%3Bformat%3Dpjpg"
40,"Lumpkin County vs Barrow Arts and Sciences Academy",Boys Softball,"Georgia",9/15/2026,5:00pm,"The Lumpkin County varsity softball team has an away conference game @  Barrow Arts and Sciences Academy (Winder, GA) on Tuesday, September 15 @ 5p.","/ga/softball/game/barrow-arts-and-sciences-academy-winder-vs-lumpkin-county-dahlonega/9-15-2026/?c=1314a134-aba2-471c-8d3e-9be92439116d","https://www.maxpreps.com/ga/softball/game/barrow-arts-and-sciences-academy-winder-vs-lumpkin-county-dahlonega/9-15-2026/?c=1314a134-aba2-471c-8d3e-9be92439116d","/softball/ga/19e7?9/15/2026","Indians","Blazers","https://www.maxpreps.com/ga/barrow-arts-and-sciences-academy-winder/boys-softball/","https://www.maxpreps.com/ga/lumpkin-county-dahlonega/boys-softball/","https://hsfootball.net/proxy.php?url=https%3A%2F%2Fimage.maxpreps.io%2Fschool-mascot%2F0%2F9%2F8%2F098add16-b91b-4a8c-94d4-8375ecd46ba2.gif%3Fversion%3D637609737600000000%26amp%3Bwidth%3D128%26amp%3Bheight%3D128%26amp%3Bauto%3Dwebp%26amp%3Bformat%3Dpjpg","https://hsfootball.net/proxy.php?url=https%3A%2F%2Fimage.maxpreps.io%2Fschool-mascot%2F3%2F7%2Ff%2F37f9631d-4bab-4b5a-aa0b-1e23469da773.gif%3Fversion%3D637856074200000000%26amp%3Bwidth%3D128%26amp%3Bheight%3D128%26amp%3Bauto%3Dwebp%26amp%3Bformat%3Dpjpg"
41,"Grovetown vs Bradwell Institute",Boys Softball,"Georgia",9/15/2026,5:00pm,"The Grovetown varsity softball team has an away conference game @  Bradwell Institute (Hinesville, GA) on Tuesday, September 15 @ 5p.","/ga/softball/game/bradwell-institute-hinesville-vs-grovetown/9-15-2026/?c=40498238-3d5e-4cbb-beac-6d89024deaff","https://www.maxpreps.com/ga/softball/game/bradwell-institute-hinesville-vs-grovetown/9-15-2026/?c=40498238-3d5e-4cbb-beac-6d89024deaff","/softball/ga/10f1?9/15/2026","Warriors","Tigers","https://www.maxpreps.com/ga/bradwell-institute-hinesville/boys-softball/","https://www.maxpreps.com/ga/grovetown/boys-softball/","https://hsfootball.net/proxy.php?url=https%3A%2F%2Fimage.maxpreps.io%2Fschool-mascot%2Fb%2F8%2F4%2Fb847f913-e565-48e8-a1ca-1319f75be210.gif%3Fversion%3D639188602575819170%26amp%3Bwidth%3D128%26amp%3Bheight%3D128%26amp%3Bauto%3Dwebp%26amp%3Bformat%3Dpjpg","https://hsfootball.net/proxy.php?url=https%3A%2F%2Fimage.maxpreps.io%2Fschool-mascot%2Fb%2F1%2F3%2Fb1363aad-d0ae-44bd-b892-13e1a0a85886.gif%3Fversion%3D639197980095454410%26amp%3Bwidth%3D128%26amp%3Bheight%3D128%26amp%3Bauto%3Dwebp%26amp%3Bformat%3Dpjpg"
42,"Denmark vs North Forsyth",Boys Softball,"Georgia",9/15/2026,5:00pm,"The Denmark varsity softball team has an away conference game @  North Forsyth (Cumming, GA) on Tuesday, September 15 @ 5p.","/ga/softball/game/denmark-alpharetta-vs-north-forsyth-cumming/9-15-2026/?c=8f6e2c6e-0f18-4a96-af99-1b1b982fb78a","https://www.maxpreps.com/ga/softball/game/denmark-alpharetta-vs-north-forsyth-cumming/9-15-2026/?c=8f6e2c6e-0f18-4a96-af99-1b1b982fb78a","/softball/ga/10fc?9/15/2026","Raiders","TBD","https://www.maxpreps.com/ga/denmark-alpharetta/boys-softball/","https://www.maxpreps.com/ga/north-forsyth-cumming/boys-softball/","https://hsfootball.net/proxy.php?url=https%3A%2F%2Fimage.maxpreps.io%2Fschool-mascot%2Ff%2Ff%2F1%2Fff1b45ca-7b8e-4f53-babb-401d2a4cdd9f.gif%3Fversion%3D636644187600000000%26amp%3Bwidth%3D128%26amp%3Bheight%3D128%26amp%3Bauto%3Dwebp%26amp%3Bformat%3Dpjpg","https://hsfootball.net/proxy.php?url=https%3A%2F%2Fimage.maxpreps.io%2Fschool-mascot%2Fb%2Fc%2F5%2Fbc5aae2e-2ae6-47a3-bd42-dde4f2749853.gif%3Fversion%3D639134131025512340%26amp%3Bwidth%3D128%26amp%3Bheight%3D128%26amp%3Bauto%3Dwebp%26amp%3Bformat%3Dpjpg"
43,"Temple vs North Cobb Christian",Boys Softball,"Georgia",9/15/2026,5:00pm,"The Temple varsity softball team has an away conference game @  North Cobb Christian (Kennesaw, GA) on Tuesday, September 15 @ 5p.","/ga/softball/game/north-cobb-christian-kennesaw-vs-temple/9-15-2026/?c=46ad285f-2f1b-48d6-ae05-48b8f2129047","https://www.maxpreps.com/ga/softball/game/north-cobb-christian-kennesaw-vs-temple/9-15-2026/?c=46ad285f-2f1b-48d6-ae05-48b8f2129047","/softball/ga/f33?9/15/2026","Tigers","Eagles","https://www.maxpreps.com/ga/north-cobb-christian-kennesaw/boys-softball/","https://www.maxpreps.com/ga/temple/boys-softball/","https://hsfootball.net/proxy.php?url=https%3A%2F%2Fimage.maxpreps.io%2Fschool-mascot%2Ff%2F3%2F5%2Ff351f659-108b-4775-a9e4-94201b82509b.gif%3Fversion%3D636421821600000000%26amp%3Bwidth%3D128%26amp%3Bheight%3D128%26amp%3Bauto%3Dwebp%26amp%3Bformat%3Dpjpg","https://hsfootball.net/proxy.php?url=https%3A%2F%2Fimage.maxpreps.io%2Fschool-mascot%2Fd%2F5%2Fe%2Fd5eccd84-e874-4a81-a89d-1d7e761b7ef0.gif%3Fversion%3D637816376400000000%26amp%3Bwidth%3D128%26amp%3Bheight%3D128%26amp%3Bauto%3Dwebp%26amp%3Bformat%3Dpjpg"
44,"Colquitt County vs Lowndes",Boys Softball,"Georgia",9/15/2026,5:00pm,"The Colquitt County varsity softball team has an away conference game @  Lowndes (Valdosta, GA) on Tuesday, September 15 @ 5p.","/ga/softball/game/colquitt-county-norman-park-vs-lowndes-valdosta/9-15-2026/?c=0bbc3bc4-2c55-4618-a08d-1423511617ae","https://www.maxpreps.com/ga/softball/game/colquitt-county-norman-park-vs-lowndes-valdosta/9-15-2026/?c=0bbc3bc4-2c55-4618-a08d-1423511617ae","/softball/ga/12a1?9/15/2026","Packers","Vikings","https://www.maxpreps.com/ga/colquitt-county-norman-park/boys-softball/","https://www.maxpreps.com/ga/lowndes-valdosta/boys-softball/","https://hsfootball.net/proxy.php?url=https%3A%2F%2Fimage.maxpreps.io%2Fschool-mascot%2Fd%2Fe%2F6%2Fde6f3056-8b06-4f72-8a53-83cd06b87e47.gif%3Fversion%3D639127247862111580%26amp%3Bwidth%3D128%26amp%3Bheight%3D128%26amp%3Bauto%3Dwebp%26amp%3Bformat%3Dpjpg","https://hsfootball.net/proxy.php?url=https%3A%2F%2Fimage.maxpreps.io%2Fschool-mascot%2Fe%2Fc%2F0%2Fec00d511-6c9c-47c8-92e7-eb4fcc9fc46d.gif%3Fversion%3D639129168590406540%26amp%3Bwidth%3D128%26amp%3Bheight%3D128%26amp%3Bauto%3Dwebp%26amp%3Bformat%3Dpjpg"
45,"Heard County vs Model",Boys Softball,"Georgia",9/15/2026,5:00pm,"The Heard County varsity softball team has an away conference game @  Model (Rome, GA) on Tuesday, September 15 @ 5p.","/ga/softball/game/heard-county-franklin-vs-model-rome/9-15-2026/?c=e9440065-8f74-4aa7-a8e9-8eb09ab20dd9","https://www.maxpreps.com/ga/softball/game/heard-county-franklin-vs-model-rome/9-15-2026/?c=e9440065-8f74-4aa7-a8e9-8eb09ab20dd9","/softball/ga/d89?9/15/2026","Braves","Blue Devils","https://www.maxpreps.com/ga/heard-county-franklin/boys-softball/","https://www.maxpreps.com/ga/model-rome/boys-softball/","https://hsfootball.net/proxy.php?url=https%3A%2F%2Fimage.maxpreps.io%2Fschool-mascot%2F1%2Fa%2F1%2F1a155073-46ef-44c8-ad38-730c8187c3b0.gif%3Fversion%3D639183171985901300%26amp%3Bwidth%3D128%26amp%3Bheight%3D128%26amp%3Bauto%3Dwebp%26amp%3Bformat%3Dpjpg","https://hsfootball.net/proxy.php?url=https%3A%2F%2Fimage.maxpreps.io%2Fschool-mascot%2Ff%2Fe%2F4%2Ffe4668fc-2d47-4061-8597-3ac6cba1e932.gif%3Fversion%3D637497082800000000%26amp%3Bwidth%3D128%26amp%3Bheight%3D128%26amp%3Bauto%3Dwebp%26amp%3Bformat%3Dpjpg"
46,"Eagles Landing Mcdonough vs Warner Robins",Boys Softball,"Georgia",9/15/2026,TBD,"The Warner Robins varsity softball team has a game @ Eagles Landing Mcdonough (Georgia).","/ga/softball/game/eagles-landing-mcdonough-vs-warner-robins/9-15-2026/?c=9f41e80f-e8a6-4562-8b73-973c610ef037","https://www.maxpreps.com/ga/softball/game/eagles-landing-mcdonough-vs-warner-robins/9-15-2026/?c=9f41e80f-e8a6-4562-8b73-973c610ef037","/softball/ga/ff8?9/15/2026","Mcdonough","Robins","https://www.maxpreps.com/ga/eagles-landing-mcdonough/boys-softball/","https://www.maxpreps.com/ga/warner-robins/boys-softball/","",""
47,"Columbus vs Westover Albany",Boys Softball,"Georgia",9/15/2026,TBD,"The Westover Albany varsity softball team has a game @ Columbus (Georgia).","/ga/softball/game/columbus-vs-westover-albany/9-15-2026/?c=9b221f1e-f1a8-4855-bc3b-311ee7b52327","https://www.maxpreps.com/ga/softball/game/columbus-vs-westover-albany/9-15-2026/?c=9b221f1e-f1a8-4855-bc3b-311ee7b52327","/softball/ga/ad0?9/15/2026","Columbus","Albany","https://www.maxpreps.com/ga/columbus/boys-softball/","https://www.maxpreps.com/ga/westover-albany/boys-softball/","",""
48,"Mary Persons Forsyth vs Troup County Lagrange",Boys Softball,"Georgia",9/15/2026,TBD,"The Troup County Lagrange varsity softball team has a game @ Mary Persons Forsyth (Georgia).","/ga/softball/game/mary-persons-forsyth-vs-troup-county-lagrange/9-15-2026/?c=3c4d2652-30e5-444e-8d40-699681b902ea","https://www.maxpreps.com/ga/softball/game/mary-persons-forsyth-vs-troup-county-lagrange/9-15-2026/?c=3c4d2652-30e5-444e-8d40-699681b902ea","/softball/ga/11e6?9/15/2026","Forsyth","Lagrange","https://www.maxpreps.com/ga/mary-persons-forsyth/boys-softball/","https://www.maxpreps.com/ga/troup-county-lagrange/boys-softball/","",""
49,"Habersham Central Mt Airy vs Loganville",Boys Softball,"Georgia",9/15/2026,TBD,"The Loganville varsity softball team has a game @ Habersham Central Mt Airy (Georgia).","/ga/softball/game/habersham-central-mt-airy-vs-loganville/9-15-2026/?c=b0722c28-7479-4087-8453-0e4ecf777976","https://www.maxpreps.com/ga/softball/game/habersham-central-mt-airy-vs-loganville/9-15-2026/?c=b0722c28-7479-4087-8453-0e4ecf777976","/softball/ga/f21?9/15/2026","Airy","Loganville","https://www.maxpreps.com/ga/habersham-central-mt-airy/boys-softball/","https://www.maxpreps.com/ga/loganville/boys-softball/","",""
50,"Hardaway Columbus vs Shaw Columbus",Boys Softball,"Georgia",9/15/2026,TBD,"The Shaw Columbus varsity softball team has a game @ Hardaway Columbus (Georgia).","/ga/softball/game/hardaway-columbus-vs-shaw-columbus/9-15-2026/?c=ab346394-9a61-40ea-8b0b-52eea019233d","https://www.maxpreps.com/ga/softball/game/hardaway-columbus-vs-shaw-columbus/9-15-2026/?c=ab346394-9a61-40ea-8b0b-52eea019233d","/softball/ga/d75?9/15/2026","Columbus","Columbus","https://www.maxpreps.com/ga/hardaway-columbus/boys-softball/","https://www.maxpreps.com/ga/shaw-columbus/boys-softball/","",""
51,"Liberty County Hinesville vs Long County Ludowici",Boys Softball,"Georgia",9/15/2026,TBD,"The Long County Ludowici varsity softball team has a game @ Liberty County Hinesville (Georgia).","/ga/softball/game/liberty-county-hinesville-vs-long-county-ludowici/9-15-2026/?c=de950b27-aad9-498a-846d-31d14183b0df","https://www.maxpreps.com/ga/softball/game/liberty-county-hinesville-vs-long-county-ludowici/9-15-2026/?c=de950b27-aad9-498a-846d-31d14183b0df","/softball/ga/1379?9/15/2026","Hinesville","Ludowici","https://www.maxpreps.com/ga/liberty-county-hinesville/boys-softball/","https://www.maxpreps.com/ga/long-county-ludowici/boys-softball/","",""
52,"Lagrange vs Whitewater Fayetteville",Boys Softball,"Georgia",9/15/2026,TBD,"The Whitewater Fayetteville varsity softball team has a game @ Lagrange (Georgia).","/ga/softball/game/lagrange-vs-whitewater-fayetteville/9-15-2026/?c=bcb72104-c9c1-4d43-92ab-487901086489","https://www.maxpreps.com/ga/softball/game/lagrange-vs-whitewater-fayetteville/9-15-2026/?c=bcb72104-c9c1-4d43-92ab-487901086489","/softball/ga/e03?9/15/2026","Lagrange","Fayetteville","https://www.maxpreps.com/ga/lagrange/boys-softball/","https://www.maxpreps.com/ga/whitewater-fayetteville/boys-softball/","",""
53,"Lambert Suwanee vs South Forsyth Cumming",Boys Softball,"Georgia",9/15/2026,TBD,"The South Forsyth Cumming varsity softball team has a game @ Lambert Suwanee (Georgia).","/ga/softball/game/lambert-suwanee-vs-south-forsyth-cumming/9-15-2026/?c=805e292c-8ffa-42ae-91e2-0943d7d20cff","https://www.maxpreps.com/ga/softball/game/lambert-suwanee-vs-south-forsyth-cumming/9-15-2026/?c=805e292c-8ffa-42ae-91e2-0943d7d20cff","/softball/ga/fdb?9/15/2026","Suwanee","Cumming","https://www.maxpreps.com/ga/lambert-suwanee/boys-softball/","https://www.maxpreps.com/ga/south-forsyth-cumming/boys-softball/","",""
54,"Brookwood Snellville vs Duluth",Boys Softball,"Georgia",9/15/2026,TBD,"The Duluth varsity softball team has a game @ Brookwood Snellville (Georgia).","/ga/softball/game/brookwood-snellville-vs-duluth/9-15-2026/?c=e52b3a1f-6f3e-45fe-be9e-5a407ab8d368","https://www.maxpreps.com/ga/softball/game/brookwood-snellville-vs-duluth/9-15-2026/?c=e52b3a1f-6f3e-45fe-be9e-5a407ab8d368","/softball/ga/c16?9/15/2026","Snellville","Duluth","https://www.maxpreps.com/ga/brookwood-snellville/boys-softball/","https://www.maxpreps.com/ga/duluth/boys-softball/","",""
55,"Bleckley County Cochran vs Dodge County Eastman",Boys Softball,"Georgia",9/15/2026,TBD,"The Dodge County Eastman varsity softball team has a game @ Bleckley County Cochran (Georgia).","/ga/softball/game/bleckley-county-cochran-vs-dodge-county-eastman/9-15-2026/?c=8a2eff8d-07cb-49b7-8089-9c3714d2dacb","https://www.maxpreps.com/ga/softball/game/bleckley-county-cochran-vs-dodge-county-eastman/9-15-2026/?c=8a2eff8d-07cb-49b7-8089-9c3714d2dacb","/softball/ga/1250?9/15/2026","Cochran","Eastman","https://www.maxpreps.com/ga/bleckley-county-cochran/boys-softball/","https://www.maxpreps.com/ga/dodge-county-eastman/boys-softball/","",""
56,"Mcnair Atlanta vs Miller Grove Lithonia",Boys Softball,"Georgia",9/15/2026,TBD,"The Miller Grove Lithonia varsity softball team has a game @ Mcnair Atlanta (Georgia).","/ga/softball/game/mcnair-atlanta-vs-miller-grove-lithonia/9-15-2026/?c=a2402f42-9c67-4c3b-a235-67393b12655a","https://www.maxpreps.com/ga/softball/game/mcnair-atlanta-vs-miller-grove-lithonia/9-15-2026/?c=a2402f42-9c67-4c3b-a235-67393b12655a","/softball/ga/f29?9/15/2026","Atlanta","Lithonia","https://www.maxpreps.com/ga/mcnair-atlanta/boys-softball/","https://www.maxpreps.com/ga/miller-grove-lithonia/boys-softball/","",""
57,"Fannin County Blue Ridge vs Lakeview Fort Oglethorpe",Boys Softball,"Georgia",9/15/2026,TBD,"The Lakeview Fort Oglethorpe varsity softball team has a game @ Fannin County Blue Ridge (Georgia).","/ga/softball/game/fannin-county-blue-ridge-vs-lakeview-fort-oglethorpe/9-15-2026/?c=c726d191-8670-423d-9d0e-38af7d17ff57","https://www.maxpreps.com/ga/softball/game/fannin-county-blue-ridge-vs-lakeview-fort-oglethorpe/9-15-2026/?c=c726d191-8670-423d-9d0e-38af7d17ff57","/softball/ga/143f?9/15/2026","Ridge","Oglethorpe","https://www.maxpreps.com/ga/fannin-county-blue-ridge/boys-softball/","https://www.maxpreps.com/ga/lakeview-fort-oglethorpe/boys-softball/","",""
58,"Northgate Newnan vs Westlake Atlanta",Boys Softball,"Georgia",9/15/2026,TBD,"The Westlake Atlanta varsity softball team has a game @ Northgate Newnan (Georgia).","/ga/softball/game/northgate-newnan-vs-westlake-atlanta/9-15-2026/?c=393f5927-ea5d-4ff0-b37a-5a391231c7a0","https://www.maxpreps.com/ga/softball/game/northgate-newnan-vs-westlake-atlanta/9-15-2026/?c=393f5927-ea5d-4ff0-b37a-5a391231c7a0","/softball/ga/e35?9/15/2026","Newnan","Atlanta","https://www.maxpreps.com/ga/northgate-newnan/boys-softball/","https://www.maxpreps.com/ga/westlake-atlanta/boys-softball/","",""
59,"Telfair County Mcrae vs Wilcox County Rochelle",Boys Softball,"Georgia",9/15/2026,TBD,"The Wilcox County Rochelle varsity softball team has a game @ Telfair County Mcrae (Georgia).","/ga/softball/game/telfair-county-mcrae-vs-wilcox-county-rochelle/9-15-2026/?c=e3e80bfc-df23-46a9-88d5-ad42f742928a","https://www.maxpreps.com/ga/softball/game/telfair-county-mcrae-vs-wilcox-county-rochelle/9-15-2026/?c=e3e80bfc-df23-46a9-88d5-ad42f742928a","/softball/ga/120e?9/15/2026","Mcrae","Rochelle","https://www.maxpreps.com/ga/telfair-county-mcrae/boys-softball/","https://www.maxpreps.com/ga/wilcox-county-rochelle/boys-softball/","",""
60,"Coretta Scott King Ywla Soaring Eagle Atlanta vs Landmark Christian Fairburn",Boys Softball,"Georgia",9/15/2026,TBD,"The Landmark Christian Fairburn varsity softball team has a game @ Coretta Scott King Ywla Soaring Eagle Atlanta (Georgia).","/ga/softball/game/coretta-scott-king-ywla-soaring-eagle-atlanta-vs-landmark-christian-fairburn/9-15-2026/?c=726180e8-de34-4a12-8f43-ca434aba9655","https://www.maxpreps.com/ga/softball/game/coretta-scott-king-ywla-soaring-eagle-atlanta-vs-landmark-christian-fairburn/9-15-2026/?c=726180e8-de34-4a12-8f43-ca434aba9655","/softball/ga/1d6e?9/15/2026","Atlanta","Fairburn","https://www.maxpreps.com/ga/coretta-scott-king-ywla-soaring-eagle-atlanta/boys-softball/","https://www.maxpreps.com/ga/landmark-christian-fairburn/boys-softball/","",""
61,"Drew Charter Atlanta vs Eagles Landing Christian Academy Mcdonough",Boys Softball,"Georgia",9/15/2026,TBD,"The Eagles Landing Christian Academy Mcdonough varsity softball team has a game @ Drew Charter Atlanta (Georgia).","/ga/softball/game/drew-charter-atlanta-vs-eagles-landing-christian-academy-mcdonough/9-15-2026/?c=cf61a05f-9181-42b8-aef2-acb3ba0730b1","https://www.maxpreps.com/ga/softball/game/drew-charter-atlanta-vs-eagles-landing-christian-academy-mcdonough/9-15-2026/?c=cf61a05f-9181-42b8-aef2-acb3ba0730b1","/softball/ga/197c?9/15/2026","Atlanta","Mcdonough","https://www.maxpreps.com/ga/drew-charter-atlanta/boys-softball/","https://www.maxpreps.com/ga/eagles-landing-christian-academy-mcdonough/boys-softball/","",""
62,"Central Carrollton vs Harris County Hamilton",Boys Softball,"Georgia",9/15/2026,TBD,"The Harris County Hamilton varsity softball team has a game @ Central Carrollton (Georgia).","/ga/softball/game/central-carrollton-vs-harris-county-hamilton/9-15-2026/?c=368937b1-a61c-4ec3-8f5f-1d9928aed55c","https://www.maxpreps.com/ga/softball/game/central-carrollton-vs-harris-county-hamilton/9-15-2026/?c=368937b1-a61c-4ec3-8f5f-1d9928aed55c","/softball/ga/117a?9/15/2026","Carrollton","Hamilton","https://www.maxpreps.com/ga/central-carrollton/boys-softball/","https://www.maxpreps.com/ga/harris-county-hamilton/boys-softball/","",""
63,"Grayson Loganville vs Rockdale County Conyers",Boys Softball,"Georgia",9/15/2026,TBD,"The Rockdale County Conyers varsity softball team has a game @ Grayson Loganville (Georgia).","/ga/softball/game/grayson-loganville-vs-rockdale-county-conyers/9-15-2026/?c=3ab191c3-c6bb-4830-9f1e-4e7d0bf655e6","https://www.maxpreps.com/ga/softball/game/grayson-loganville-vs-rockdale-county-conyers/9-15-2026/?c=3ab191c3-c6bb-4830-9f1e-4e7d0bf655e6","/softball/ga/11e4?9/15/2026","Loganville","Conyers","https://www.maxpreps.com/ga/grayson-loganville/boys-softball/","https://www.maxpreps.com/ga/rockdale-county-conyers/boys-softball/","",""
64,"Baldwin Milledgeville vs Westside Macon",Boys Softball,"Georgia",9/15/2026,TBD,"The Westside Macon varsity softball team has a game @ Baldwin Milledgeville (Georgia).","/ga/softball/game/baldwin-milledgeville-vs-westside-macon/9-15-2026/?c=cd2cc05f-69b6-47ec-b7be-e58cf36f3430","https://www.maxpreps.com/ga/softball/game/baldwin-milledgeville-vs-westside-macon/9-15-2026/?c=cd2cc05f-69b6-47ec-b7be-e58cf36f3430","/softball/ga/f53?9/15/2026","Milledgeville","Macon","https://www.maxpreps.com/ga/baldwin-milledgeville/boys-softball/","https://www.maxpreps.com/ga/westside-macon/boys-softball/","",""
65,"Murray County Chatsworth vs Rockmart",Boys Softball,"Georgia",9/15/2026,TBD,"The Rockmart varsity softball team has a game @ Murray County Chatsworth (Georgia).","/ga/softball/game/murray-county-chatsworth-vs-rockmart/9-15-2026/?c=45dfd89a-a5dc-419f-84fa-a475a93afc6a","https://www.maxpreps.com/ga/softball/game/murray-county-chatsworth-vs-rockmart/9-15-2026/?c=45dfd89a-a5dc-419f-84fa-a475a93afc6a","/softball/ga/e89?9/15/2026","Chatsworth","Rockmart","https://www.maxpreps.com/ga/murray-county-chatsworth/boys-softball/","https://www.maxpreps.com/ga/rockmart/boys-softball/","",""
66,"Jeff Davis Hazlehurst vs Thomasville",Boys Softball,"Georgia",9/15/2026,TBD,"The Thomasville varsity softball team has a game @ Jeff Davis Hazlehurst (Georgia).","/ga/softball/game/jeff-davis-hazlehurst-vs-thomasville/9-15-2026/?c=640e69ab-17b4-45d3-b22b-bc6622d01558","https://www.maxpreps.com/ga/softball/game/jeff-davis-hazlehurst-vs-thomasville/9-15-2026/?c=640e69ab-17b4-45d3-b22b-bc6622d01558","/softball/ga/e41?9/15/2026","Hazlehurst","Thomasville","https://www.maxpreps.com/ga/jeff-davis-hazlehurst/boys-softball/","https://www.maxpreps.com/ga/thomasville/boys-softball/","",""
67,"Etowah Woodstock vs Marietta",Boys Softball,"Georgia",9/15/2026,TBD,"The Marietta varsity softball team has a game @ Etowah Woodstock (Georgia).","/ga/softball/game/etowah-woodstock-vs-marietta/9-15-2026/?c=42f6650e-e2a1-485d-bc43-bf27e797ee02","https://www.maxpreps.com/ga/softball/game/etowah-woodstock-vs-marietta/9-15-2026/?c=42f6650e-e2a1-485d-bc43-bf27e797ee02","/softball/ga/b2c?9/15/2026","Woodstock","Marietta","https://www.maxpreps.com/ga/etowah-woodstock/boys-softball/","https://www.maxpreps.com/ga/marietta/boys-softball/","",""
68,"Douglass Atlanta vs North Springs Atlanta",Boys Softball,"Georgia",9/15/2026,TBD,"The North Springs Atlanta varsity softball team has a game @ Douglass Atlanta (Georgia).","/ga/softball/game/douglass-atlanta-vs-north-springs-atlanta/9-15-2026/?c=4d2370e0-17ab-471a-82a8-954e572c6a10","https://www.maxpreps.com/ga/softball/game/douglass-atlanta-vs-north-springs-atlanta/9-15-2026/?c=4d2370e0-17ab-471a-82a8-954e572c6a10","/softball/ga/1027?9/15/2026","Atlanta","Atlanta","https://www.maxpreps.com/ga/douglass-atlanta/boys-softball/","https://www.maxpreps.com/ga/north-springs-atlanta/boys-softball/","",""
69,"Islands Savannah vs Toombs County Lyons",Boys Softball,"Georgia",9/15/2026,TBD,"The Toombs County Lyons varsity softball team has a game @ Islands Savannah (Georgia).","/ga/softball/game/islands-savannah-vs-toombs-county-lyons/9-15-2026/?c=25a05520-89bf-4d21-b5f7-e0d150353371","https://www.maxpreps.com/ga/softball/game/islands-savannah-vs-toombs-county-lyons/9-15-2026/?c=25a05520-89bf-4d21-b5f7-e0d150353371","/softball/ga/f73?9/15/2026","Savannah","Lyons","https://www.maxpreps.com/ga/islands-savannah/boys-softball/","https://www.maxpreps.com/ga/toombs-county-lyons/boys-softball/","",""
70,"Bryan County Pembroke vs St Vincents Savannah",Boys Softball,"Georgia",9/15/2026,TBD,"The St Vincents Savannah varsity softball team has a game @ Bryan County Pembroke (Georgia).","/ga/softball/game/bryan-county-pembroke-vs-st-vincents-savannah/9-15-2026/?c=4a320383-6e1c-4ad0-b2ff-288cda57e47f","https://www.maxpreps.com/ga/softball/game/bryan-county-pembroke-vs-st-vincents-savannah/9-15-2026/?c=4a320383-6e1c-4ad0-b2ff-288cda57e47f","/softball/ga/11ab?9/15/2026","Pembroke","Savannah","https://www.maxpreps.com/ga/bryan-county-pembroke/boys-softball/","https://www.maxpreps.com/ga/st-vincents-savannah/boys-softball/","",""
71,"Flint River Academy Woodbury vs Windsor Academy Macon",Boys Softball,"Georgia",9/15/2026,TBD,"The Windsor Academy Macon varsity softball team has a game @ Flint River Academy Woodbury (Georgia).","/ga/softball/game/flint-river-academy-woodbury-vs-windsor-academy-macon/9-15-2026/?c=8d5e287d-5487-453e-9716-d8f07235f64e","https://www.maxpreps.com/ga/softball/game/flint-river-academy-woodbury-vs-windsor-academy-macon/9-15-2026/?c=8d5e287d-5487-453e-9716-d8f07235f64e","/softball/ga/14a0?9/15/2026","Woodbury","Macon","https://www.maxpreps.com/ga/flint-river-academy-woodbury/boys-softball/","https://www.maxpreps.com/ga/windsor-academy-macon/boys-softball/","",""
72,"Creekview Canton vs River Ridge Woodstock",Boys Softball,"Georgia",9/15/2026,TBD,"The River Ridge Woodstock varsity softball team has a game @ Creekview Canton (Georgia).","/ga/softball/game/creekview-canton-vs-river-ridge-woodstock/9-15-2026/?c=ee33c75c-f39d-4171-943a-13580b456a2e","https://www.maxpreps.com/ga/softball/game/creekview-canton-vs-river-ridge-woodstock/9-15-2026/?c=ee33c75c-f39d-4171-943a-13580b456a2e","/softball/ga/1022?9/15/2026","Canton","Woodstock","https://www.maxpreps.com/ga/creekview-canton/boys-softball/","https://www.maxpreps.com/ga/river-ridge-woodstock/boys-softball/","",""
73,"Kipp Atlanta Collegiate vs Lovett Atlanta",Boys Softball,"Georgia",9/15/2026,TBD,"The Lovett Atlanta varsity softball team has a game @ Kipp Atlanta Collegiate (Georgia).","/ga/softball/game/kipp-atlanta-collegiate-vs-lovett-atlanta/9-15-2026/?c=84a79b77-f7bd-4281-813c-f88e670d3f11","https://www.maxpreps.com/ga/softball/game/kipp-atlanta-collegiate-vs-lovett-atlanta/9-15-2026/?c=84a79b77-f7bd-4281-813c-f88e670d3f11","/softball/ga/fff?9/15/2026","Collegiate","Atlanta","https://www.maxpreps.com/ga/kipp-atlanta-collegiate/boys-softball/","https://www.maxpreps.com/ga/lovett-atlanta/boys-softball/","",""
74,"Marist Atlanta vs Sprayberry Marietta",Boys Softball,"Georgia",9/15/2026,TBD,"The Sprayberry Marietta varsity softball team has a game @ Marist Atlanta (Georgia).","/ga/softball/game/marist-atlanta-vs-sprayberry-marietta/9-15-2026/?c=c24bca50-5563-486a-a34a-e59f45b192d0","https://www.maxpreps.com/ga/softball/game/marist-atlanta-vs-sprayberry-marietta/9-15-2026/?c=c24bca50-5563-486a-a34a-e59f45b192d0","/softball/ga/ebc?9/15/2026","Atlanta","Marietta","https://www.maxpreps.com/ga/marist-atlanta/boys-softball/","https://www.maxpreps.com/ga/sprayberry-marietta/boys-softball/","",""
75,"Lake Oconee Academy Greensboro vs Lincoln County Lincolnton",Boys Softball,"Georgia",9/15/2026,TBD,"The Lincoln County Lincolnton varsity softball team has a game @ Lake Oconee Academy Greensboro (Georgia).","/ga/softball/game/lake-oconee-academy-greensboro-vs-lincoln-county-lincolnton/9-15-2026/?c=79205be6-ee32-4e8d-82fa-6fac07d639c1","https://www.maxpreps.com/ga/softball/game/lake-oconee-academy-greensboro-vs-lincoln-county-lincolnton/9-15-2026/?c=79205be6-ee32-4e8d-82fa-6fac07d639c1","/softball/ga/1715?9/15/2026","Greensboro","Lincolnton","https://www.maxpreps.com/ga/lake-oconee-academy-greensboro/boys-softball/","https://www.maxpreps.com/ga/lincoln-county-lincolnton/boys-softball/","",""
76,"Adairsville vs Heritage Ringgold",Boys Softball,"Georgia",9/15/2026,TBD,"The Heritage Ringgold varsity softball team has a game @ Adairsville (Georgia).","/ga/softball/game/adairsville-vs-heritage-ringgold/9-15-2026/?c=cbc3bc77-0525-41d3-aeb9-65302a3922ed","https://www.maxpreps.com/ga/softball/game/adairsville-vs-heritage-ringgold/9-15-2026/?c=cbc3bc77-0525-41d3-aeb9-65302a3922ed","/softball/ga/c9f?9/15/2026","Adairsville","Ringgold","https://www.maxpreps.com/ga/adairsville/boys-softball/","https://www.maxpreps.com/ga/heritage-ringgold/boys-softball/","",""
77,"Alcovy Covington vs Meadowcreek Norcross",Boys Softball,"Georgia",9/15/2026,TBD,"The Meadowcreek Norcross varsity softball team has a game @ Alcovy Covington (Georgia).","/ga/softball/game/alcovy-covington-vs-meadowcreek-norcross/9-15-2026/?c=c997d9f9-1beb-4e2f-91cc-6a30a2df80f2","https://www.maxpreps.com/ga/softball/game/alcovy-covington-vs-meadowcreek-norcross/9-15-2026/?c=c997d9f9-1beb-4e2f-91cc-6a30a2df80f2","/softball/ga/1002?9/15/2026","Covington","Norcross","https://www.maxpreps.com/ga/alcovy-covington/boys-softball/","https://www.maxpreps.com/ga/meadowcreek-norcross/boys-softball/","",""
78,"Columbia Decatur vs South Atlanta",Boys Softball,"Georgia",9/15/2026,TBD,"The South Atlanta varsity softball team has a game @ Columbia Decatur (Georgia).","/ga/softball/game/columbia-decatur-vs-south-atlanta/9-15-2026/?c=0090e136-08ec-4ad2-a233-e4f3b1307e4e","https://www.maxpreps.com/ga/softball/game/columbia-decatur-vs-south-atlanta/9-15-2026/?c=0090e136-08ec-4ad2-a233-e4f3b1307e4e","/softball/ga/ce9?9/15/2026","Decatur","Atlanta","https://www.maxpreps.com/ga/columbia-decatur/boys-softball/","https://www.maxpreps.com/ga/south-atlanta/boys-softball/","",""
79,"Christian Heritage Dalton vs Dade County Trenton",Boys Softball,"Georgia",9/15/2026,TBD,"The Dade County Trenton varsity softball team has a game @ Christian Heritage Dalton (Georgia).","/ga/softball/game/christian-heritage-dalton-vs-dade-county-trenton/9-15-2026/?c=2866444e-9951-4b0f-ac32-4b1e2c712098","https://www.maxpreps.com/ga/softball/game/christian-heritage-dalton-vs-dade-county-trenton/9-15-2026/?c=2866444e-9951-4b0f-ac32-4b1e2c712098","/softball/ga/12c1?9/15/2026","Dalton","Trenton","https://www.maxpreps.com/ga/christian-heritage-dalton/boys-softball/","https://www.maxpreps.com/ga/dade-county-trenton/boys-softball/","",""
80,"Mcintosh Peachtree City vs Woodward Academy College Park",Boys Softball,"Georgia",9/15/2026,TBD,"The Woodward Academy College Park varsity softball team has a game @ Mcintosh Peachtree City (Georgia).","/ga/softball/game/mcintosh-peachtree-city-vs-woodward-academy-college-park/9-15-2026/?c=d89e022e-c9ba-4166-a4cc-214264a45e3d","https://www.maxpreps.com/ga/softball/game/mcintosh-peachtree-city-vs-woodward-academy-college-park/9-15-2026/?c=d89e022e-c9ba-4166-a4cc-214264a45e3d","/softball/ga/15b7?9/15/2026","City","Park","https://www.maxpreps.com/ga/mcintosh-peachtree-city/boys-softball/","https://www.maxpreps.com/ga/woodward-academy-college-park/boys-softball/","",""
81,"Lassiter Marietta vs Rome",Boys Softball,"Georgia",9/15/2026,TBD,"The Rome varsity softball team has a game @ Lassiter Marietta (Georgia).","/ga/softball/game/lassiter-marietta-vs-rome/9-15-2026/?c=6f332204-1bf4-47a4-ad1f-f700cab590a5","https://www.maxpreps.com/ga/softball/game/lassiter-marietta-vs-rome/9-15-2026/?c=6f332204-1bf4-47a4-ad1f-f700cab590a5","/softball/ga/9e1?9/15/2026","Marietta","Rome","https://www.maxpreps.com/ga/lassiter-marietta/boys-softball/","https://www.maxpreps.com/ga/rome/boys-softball/","",""
82,"Creekside Fairburn vs Newnan",Boys Softball,"Georgia",9/15/2026,TBD,"The Newnan varsity softball team has a game @ Creekside Fairburn (Georgia).","/ga/softball/game/creekside-fairburn-vs-newnan/9-15-2026/?c=ef4e50de-ab35-4753-a0e8-b321e64fc6c9","https://www.maxpreps.com/ga/softball/game/creekside-fairburn-vs-newnan/9-15-2026/?c=ef4e50de-ab35-4753-a0e8-b321e64fc6c9","/softball/ga/aff?9/15/2026","Fairburn","Newnan","https://www.maxpreps.com/ga/creekside-fairburn/boys-softball/","https://www.maxpreps.com/ga/newnan/boys-softball/","",""
83,"Bainbridge vs Dougherty Albany",Boys Softball,"Georgia",9/15/2026,TBD,"The Dougherty Albany varsity softball team has a game @ Bainbridge (Georgia).","/ga/softball/game/bainbridge-vs-dougherty-albany/9-15-2026/?c=165e931e-658d-487a-848f-aa8bcf378bbd","https://www.maxpreps.com/ga/softball/game/bainbridge-vs-dougherty-albany/9-15-2026/?c=165e931e-658d-487a-848f-aa8bcf378bbd","/softball/ga/bc9?9/15/2026","Bainbridge","Albany","https://www.maxpreps.com/ga/bainbridge/boys-softball/","https://www.maxpreps.com/ga/dougherty-albany/boys-softball/","",""
84,"Commerce vs Oglethorpe County Lexington",Boys Softball,"Georgia",9/15/2026,TBD,"The Oglethorpe County Lexington varsity softball team has a game @ Commerce (Georgia).","/ga/softball/game/commerce-vs-oglethorpe-county-lexington/9-15-2026/?c=28de5638-44db-404a-8ae4-75c8f41716be","https://www.maxpreps.com/ga/softball/game/commerce-vs-oglethorpe-county-lexington/9-15-2026/?c=28de5638-44db-404a-8ae4-75c8f41716be","/softball/ga/f9b?9/15/2026","Commerce","Lexington","https://www.maxpreps.com/ga/commerce/boys-softball/","https://www.maxpreps.com/ga/oglethorpe-county-lexington/boys-softball/","",""
85,"Clarke Central Athens vs Mountain View Lawrenceville",Boys Softball,"Georgia",9/15/2026,TBD,"The Mountain View Lawrenceville varsity softball team has a game @ Clarke Central Athens (Georgia).","/ga/softball/game/clarke-central-athens-vs-mountain-view-lawrenceville/9-15-2026/?c=35eb1cba-491b-4aeb-8be0-646b17e7c176","https://www.maxpreps.com/ga/softball/game/clarke-central-athens-vs-mountain-view-lawrenceville/9-15-2026/?c=35eb1cba-491b-4aeb-8be0-646b17e7c176","/softball/ga/1468?9/15/2026","Athens","Lawrenceville","https://www.maxpreps.com/ga/clarke-central-athens/boys-softball/","https://www.maxpreps.com/ga/mountain-view-lawrenceville/boys-softball/","",""
86,"Georgia Military College Milledgeville vs Georgia School For Innovation And Classics Hephzibah",Boys Softball,"Georgia",9/15/2026,TBD,"The Georgia School For Innovation And Classics Hephzibah varsity softball team has a game @ Georgia Military College Milledgeville (Georgia).","/ga/softball/game/georgia-military-college-milledgeville-vs-georgia-school-for-innovation-and-classics-hephzibah/9-15-2026/?c=04b03a66-9653-4365-90fe-bc0302632f26","https://www.maxpreps.com/ga/softball/game/georgia-military-college-milledgeville-vs-georgia-school-for-innovation-and-classics-hephzibah/9-15-2026/?c=04b03a66-9653-4365-90fe-bc0302632f26","/softball/ga/2488?9/15/2026","Milledgeville","Hephzibah","https://www.maxpreps.com/ga/georgia-military-college-milledgeville/boys-softball/","https://www.maxpreps.com/ga/georgia-school-for-innovation-and-classics-hephzibah/boys-softball/","",""
87,"Blessed Trinity Roswell vs Chattahoochee Alpharetta",Boys Softball,"Georgia",9/15/2026,TBD,"The Chattahoochee Alpharetta varsity softball team has a game @ Blessed Trinity Roswell (Georgia).","/ga/softball/game/blessed-trinity-roswell-vs-chattahoochee-alpharetta/9-15-2026/?c=3d980342-48cc-420d-a853-a05e7db0957f","https://www.maxpreps.com/ga/softball/game/blessed-trinity-roswell-vs-chattahoochee-alpharetta/9-15-2026/?c=3d980342-48cc-420d-a853-a05e7db0957f","/softball/ga/143d?9/15/2026","Roswell","Alpharetta","https://www.maxpreps.com/ga/blessed-trinity-roswell/boys-softball/","https://www.maxpreps.com/ga/chattahoochee-alpharetta/boys-softball/","",""
88,"Metter vs Screven County Sylvania",Boys Softball,"Georgia",9/15/2026,TBD,"The Screven County Sylvania varsity softball team has a game @ Metter (Georgia).","/ga/softball/game/metter-vs-screven-county-sylvania/9-15-2026/?c=a0ed99b2-c7c2-4caf-b9a6-bdbd1c668f68","https://www.maxpreps.com/ga/softball/game/metter-vs-screven-county-sylvania/9-15-2026/?c=a0ed99b2-c7c2-4caf-b9a6-bdbd1c668f68","/softball/ga/d2d?9/15/2026","Metter","Sylvania","https://www.maxpreps.com/ga/metter/boys-softball/","https://www.maxpreps.com/ga/screven-county-sylvania/boys-softball/","",""
89,"Franklin County Carnesville vs Stephens County Toccoa",Boys Softball,"Georgia",9/15/2026,TBD,"The Stephens County Toccoa varsity softball team has a game @ Franklin County Carnesville (Georgia).","/ga/softball/game/franklin-county-carnesville-vs-stephens-county-toccoa/9-15-2026/?c=e0334f9b-14fe-4faf-8c97-2af82cc39919","https://www.maxpreps.com/ga/softball/game/franklin-county-carnesville-vs-stephens-county-toccoa/9-15-2026/?c=e0334f9b-14fe-4faf-8c97-2af82cc39919","/softball/ga/150b?9/15/2026","Carnesville","Toccoa","https://www.maxpreps.com/ga/franklin-county-carnesville/boys-softball/","https://www.maxpreps.com/ga/stephens-county-toccoa/boys-softball/","",""
90,"Josey Augusta vs Laney Augusta",Boys Softball,"Georgia",9/15/2026,TBD,"The Laney Augusta varsity softball team has a game @ Josey Augusta (Georgia).","/ga/softball/game/josey-augusta-vs-laney-augusta/9-15-2026/?c=e35716b2-cf2b-477c-9a10-e548313646e9","https://www.maxpreps.com/ga/softball/game/josey-augusta-vs-laney-augusta/9-15-2026/?c=e35716b2-cf2b-477c-9a10-e548313646e9","/softball/ga/bd4?9/15/2026","Augusta","Augusta","https://www.maxpreps.com/ga/josey-augusta/boys-softball/","https://www.maxpreps.com/ga/laney-augusta/boys-softball/","",""
91,"Jackson vs Rutland Macon",Boys Softball,"Georgia",9/15/2026,TBD,"The Rutland Macon varsity softball team has a game @ Jackson (Georgia).","/ga/softball/game/jackson-vs-rutland-macon/9-15-2026/?c=b94be9e3-9892-4ff3-9e1a-bf6612e60f00","https://www.maxpreps.com/ga/softball/game/jackson-vs-rutland-macon/9-15-2026/?c=b94be9e3-9892-4ff3-9e1a-bf6612e60f00","/softball/ga/961?9/15/2026","Jackson","Macon","https://www.maxpreps.com/ga/jackson/boys-softball/","https://www.maxpreps.com/ga/rutland-macon/boys-softball/","",""
92,"Flowery Branch vs Madison County Danielsville",Boys Softball,"Georgia",9/15/2026,TBD,"The Madison County Danielsville varsity softball team has a game @ Flowery Branch (Georgia).","/ga/softball/game/flowery-branch-vs-madison-county-danielsville/9-15-2026/?c=ebc79811-b9ad-4f51-bb4e-f8c5cf359559","https://www.maxpreps.com/ga/softball/game/flowery-branch-vs-madison-county-danielsville/9-15-2026/?c=ebc79811-b9ad-4f51-bb4e-f8c5cf359559","/softball/ga/11c9?9/15/2026","Branch","Danielsville","https://www.maxpreps.com/ga/flowery-branch/boys-softball/","https://www.maxpreps.com/ga/madison-county-danielsville/boys-softball/","",""
93,"Monroe Area vs Oconee County Watkinsville",Boys Softball,"Georgia",9/15/2026,TBD,"The Oconee County Watkinsville varsity softball team has a game @ Monroe Area (Georgia).","/ga/softball/game/monroe-area-vs-oconee-county-watkinsville/9-15-2026/?c=d6168575-7b31-4c4f-b1de-8bba7f21ed29","https://www.maxpreps.com/ga/softball/game/monroe-area-vs-oconee-county-watkinsville/9-15-2026/?c=d6168575-7b31-4c4f-b1de-8bba7f21ed29","/softball/ga/102b?9/15/2026","Area","Watkinsville","https://www.maxpreps.com/ga/monroe-area/boys-softball/","https://www.maxpreps.com/ga/oconee-county-watkinsville/boys-softball/","",""
94,"Evans vs Lakeside Evans",Boys Softball,"Georgia",9/15/2026,TBD,"The Lakeside Evans varsity softball team has a game @ Evans (Georgia).","/ga/softball/game/evans-vs-lakeside-evans/9-15-2026/?c=bd748477-c1e6-4acf-b3a7-aa02aa85984f","https://www.maxpreps.com/ga/softball/game/evans-vs-lakeside-evans/9-15-2026/?c=bd748477-c1e6-4acf-b3a7-aa02aa85984f","/softball/ga/8ec?9/15/2026","Evans","Evans","https://www.maxpreps.com/ga/evans/boys-softball/","https://www.maxpreps.com/ga/lakeside-evans/boys-softball/","",""
95,"Griffin vs Lithia Springs Leo The Lion",Boys Softball,"Georgia",9/15/2026,TBD,"The Lithia Springs Leo The Lion varsity softball team has a game @ Griffin (Georgia).","/ga/softball/game/griffin-vs-lithia-springs-leo-the-lion/9-15-2026/?c=1a5f5ada-cf8f-45f2-9611-09f37258dc5f","https://www.maxpreps.com/ga/softball/game/griffin-vs-lithia-springs-leo-the-lion/9-15-2026/?c=1a5f5ada-cf8f-45f2-9611-09f37258dc5f","/softball/ga/e90?9/15/2026","Griffin","Lion","https://www.maxpreps.com/ga/griffin/boys-softball/","https://www.maxpreps.com/ga/lithia-springs-leo-the-lion/boys-softball/","",""
96,"Hawkinsville vs Wheeler County Alamo",Boys Softball,"Georgia",9/15/2026,TBD,"The Wheeler County Alamo varsity softball team has a game @ Hawkinsville (Georgia).","/ga/softball/game/hawkinsville-vs-wheeler-county-alamo/9-15-2026/?c=b80cfd59-b95b-4155-8b95-f36d9be81dad","https://www.maxpreps.com/ga/softball/game/hawkinsville-vs-wheeler-county-alamo/9-15-2026/?c=b80cfd59-b95b-4155-8b95-f36d9be81dad","/softball/ga/e46?9/15/2026","Hawkinsville","Alamo","https://www.maxpreps.com/ga/hawkinsville/boys-softball/","https://www.maxpreps.com/ga/wheeler-county-alamo/boys-softball/","",""
97,"Cedar Grove Ellenwood vs Towers Decatur",Boys Softball,"Georgia",9/15/2026,TBD,"The Towers Decatur varsity softball team has a game @ Cedar Grove Ellenwood (Georgia).","/ga/softball/game/cedar-grove-ellenwood-vs-towers-decatur/9-15-2026/?c=0e0fc549-4426-4d3b-818e-182a64b445df","https://www.maxpreps.com/ga/softball/game/cedar-grove-ellenwood-vs-towers-decatur/9-15-2026/?c=0e0fc549-4426-4d3b-818e-182a64b445df","/softball/ga/f41?9/15/2026","Ellenwood","Decatur","https://www.maxpreps.com/ga/cedar-grove-ellenwood/boys-softball/","https://www.maxpreps.com/ga/towers-decatur/boys-softball/","",""
98,"Banks County Homer vs Rabun County Tiger",Boys Softball,"Georgia",9/15/2026,TBD,"The Rabun County Tiger varsity softball team has a game @ Banks County Homer (Georgia).","/ga/softball/game/banks-county-homer-vs-rabun-county-tiger/9-15-2026/?c=86e822c7-c1ee-45a2-9f75-0ec3868feb94","https://www.maxpreps.com/ga/softball/game/banks-county-homer-vs-rabun-county-tiger/9-15-2026/?c=86e822c7-c1ee-45a2-9f75-0ec3868feb94","/softball/ga/f98?9/15/2026","Homer","Tiger","https://www.maxpreps.com/ga/banks-county-homer/boys-softball/","https://www.maxpreps.com/ga/rabun-county-tiger/boys-softball/","",""
99,"Lovejoy vs Morrow",Boys Softball,"Georgia",9/15/2026,TBD,"The Morrow varsity softball team has a game @ Lovejoy (Georgia).","/ga/softball/game/lovejoy-vs-morrow/9-15-2026/?c=8f731676-121f-48c5-b66f-be2bfd780715","https://www.maxpreps.com/ga/softball/game/lovejoy-vs-morrow/9-15-2026/?c=8f731676-121f-48c5-b66f-be2bfd780715","/softball/ga/6f1?9/15/2026","Lovejoy","Morrow","https://www.maxpreps.com/ga/lovejoy/boys-softball/","https://www.maxpreps.com/ga/morrow/boys-softball/","",""
100,"Gainesville vs Roswell",Boys Softball,"Georgia",9/15/2026,TBD,"The Roswell varsity softball team has a game @ Gainesville (Georgia).","/ga/softball/game/gainesville-vs-roswell/9-15-2026/?c=5f75f704-1654-4145-8046-c8262afab771","https://www.maxpreps.com/ga/softball/game/gainesville-vs-roswell/9-15-2026/?c=5f75f704-1654-4145-8046-c8262afab771","/softball/ga/8de?9/15/2026","Gainesville","Roswell","https://www.maxpreps.com/ga/gainesville/boys-softball/","https://www.maxpreps.com/ga/roswell/boys-softball/","",""
101,"Coahulla Creek Dalton vs Union County Blairsville",Boys Softball,"Georgia",9/15/2026,TBD,"The Union County Blairsville varsity softball team has a game @ Coahulla Creek Dalton (Georgia).","/ga/softball/game/coahulla-creek-dalton-vs-union-county-blairsville/9-15-2026/?c=b672e239-3892-4c99-8f3c-bbce07ec6775","https://www.maxpreps.com/ga/softball/game/coahulla-creek-dalton-vs-union-county-blairsville/9-15-2026/?c=b672e239-3892-4c99-8f3c-bbce07ec6775","/softball/ga/1330?9/15/2026","Dalton","Blairsville","https://www.maxpreps.com/ga/coahulla-creek-dalton/boys-softball/","https://www.maxpreps.com/ga/union-county-blairsville/boys-softball/","",""
102,"Lafayette vs Sonoraville Calhoun",Boys Softball,"Georgia",9/15/2026,TBD,"The Sonoraville Calhoun varsity softball team has a game @ Lafayette (Georgia).","/ga/softball/game/lafayette-vs-sonoraville-calhoun/9-15-2026/?c=3703c990-79aa-4146-ba9f-ca6a21965ad7","https://www.maxpreps.com/ga/softball/game/lafayette-vs-sonoraville-calhoun/9-15-2026/?c=3703c990-79aa-4146-ba9f-ca6a21965ad7","/softball/ga/cc7?9/15/2026","Lafayette","Calhoun","https://www.maxpreps.com/ga/lafayette/boys-softball/","https://www.maxpreps.com/ga/sonoraville-calhoun/boys-softball/","",""
103,"Midtown Atlanta vs Shiloh Snellville",Boys Softball,"Georgia",9/15/2026,TBD,"The Shiloh Snellville varsity softball team has a game @ Midtown Atlanta (Georgia).","/ga/softball/game/midtown-atlanta-vs-shiloh-snellville/9-15-2026/?c=5d75f8ca-2da4-4667-9fee-60d9f6cbe6fc","https://www.maxpreps.com/ga/softball/game/midtown-atlanta-vs-shiloh-snellville/9-15-2026/?c=5d75f8ca-2da4-4667-9fee-60d9f6cbe6fc","/softball/ga/e45?9/15/2026","Atlanta","Snellville","https://www.maxpreps.com/ga/midtown-atlanta/boys-softball/","https://www.maxpreps.com/ga/shiloh-snellville/boys-softball/","",""
104,"Cedartown vs Dalton",Boys Softball,"Georgia",9/15/2026,TBD,"The Dalton varsity softball team has a game @ Cedartown (Georgia).","/ga/softball/game/cedartown-vs-dalton/9-15-2026/?c=fec0afc8-1d88-4406-a595-c70d2aefe5ea","https://www.maxpreps.com/ga/softball/game/cedartown-vs-dalton/9-15-2026/?c=fec0afc8-1d88-4406-a595-c70d2aefe5ea","/softball/ga/78c?9/15/2026","Cedartown","Dalton","https://www.maxpreps.com/ga/cedartown/boys-softball/","https://www.maxpreps.com/ga/dalton/boys-softball/","",""
105,"Banneker College Park vs Southwest Dekalb Decatur",Boys Softball,"Georgia",9/15/2026,TBD,"The Southwest Dekalb Decatur varsity softball team has a game @ Banneker College Park (Georgia).","/ga/softball/game/banneker-college-park-vs-southwest-dekalb-decatur/9-15-2026/?c=1373c0ef-cd49-41e0-a931-86de9a3ab4ca","https://www.maxpreps.com/ga/softball/game/banneker-college-park-vs-southwest-dekalb-decatur/9-15-2026/?c=1373c0ef-cd49-41e0-a931-86de9a3ab4ca","/softball/ga/1307?9/15/2026","Park","Decatur","https://www.maxpreps.com/ga/banneker-college-park/boys-softball/","https://www.maxpreps.com/ga/southwest-dekalb-decatur/boys-softball/","",""
106,"North Murray Chatsworth vs Ringgold",Boys Softball,"Georgia",9/15/2026,TBD,"The Ringgold varsity softball team has a game @ North Murray Chatsworth (Georgia).","/ga/softball/game/north-murray-chatsworth-vs-ringgold/9-15-2026/?c=6a8f3709-de2e-47f3-9f03-9b49816ec85d","https://www.maxpreps.com/ga/softball/game/north-murray-chatsworth-vs-ringgold/9-15-2026/?c=6a8f3709-de2e-47f3-9f03-9b49816ec85d","/softball/ga/e05?9/15/2026","Chatsworth","Ringgold","https://www.maxpreps.com/ga/north-murray-chatsworth/boys-softball/","https://www.maxpreps.com/ga/ringgold/boys-softball/","",""
107,"Jordan Columbus vs Sumter County Americus",Boys Softball,"Georgia",9/15/2026,TBD,"The Sumter County Americus varsity softball team has a game @ Jordan Columbus (Georgia).","/ga/softball/game/jordan-columbus-vs-sumter-county-americus/9-15-2026/?c=c1cc6794-615f-48f8-8950-cc9a020ddb5a","https://www.maxpreps.com/ga/softball/game/jordan-columbus-vs-sumter-county-americus/9-15-2026/?c=c1cc6794-615f-48f8-8950-cc9a020ddb5a","/softball/ga/104d?9/15/2026","Columbus","Americus","https://www.maxpreps.com/ga/jordan-columbus/boys-softball/","https://www.maxpreps.com/ga/sumter-county-americus/boys-softball/","",""
108,"Stephenson Stone Mountain vs Westminster Atlanta",Boys Softball,"Georgia",9/15/2026,TBD,"The Westminster Atlanta varsity softball team has a game @ Stephenson Stone Mountain (Georgia).","/ga/softball/game/stephenson-stone-mountain-vs-westminster-atlanta/9-15-2026/?c=a7aeb51e-15ef-4496-af1b-d2b7779cbdc3","https://www.maxpreps.com/ga/softball/game/stephenson-stone-mountain-vs-westminster-atlanta/9-15-2026/?c=a7aeb51e-15ef-4496-af1b-d2b7779cbdc3","/softball/ga/134f?9/15/2026","Mountain","Atlanta","https://www.maxpreps.com/ga/stephenson-stone-mountain/boys-softball/","https://www.maxpreps.com/ga/westminster-atlanta/boys-softball/","",""
109,"Trinity Christian Sharpsburg vs Whitefield Academy Mableton",Boys Softball,"Georgia",9/15/2026,TBD,"The Whitefield Academy Mableton varsity softball team has a game @ Trinity Christian Sharpsburg (Georgia).","/ga/softball/game/trinity-christian-sharpsburg-vs-whitefield-academy-mableton/9-15-2026/?c=4d424fe4-ce26-4a52-83f4-fc6cf3806517","https://www.maxpreps.com/ga/softball/game/trinity-christian-sharpsburg-vs-whitefield-academy-mableton/9-15-2026/?c=4d424fe4-ce26-4a52-83f4-fc6cf3806517","/softball/ga/175b?9/15/2026","Sharpsburg","Mableton","https://www.maxpreps.com/ga/trinity-christian-sharpsburg/boys-softball/","https://www.maxpreps.com/ga/whitefield-academy-mableton/boys-softball/","",""
110,"Crawford County Roberta vs Marion County Buena Vista",Boys Softball,"Georgia",9/15/2026,TBD,"The Marion County Buena Vista varsity softball team has a game @ Crawford County Roberta (Georgia).","/ga/softball/game/crawford-county-roberta-vs-marion-county-buena-vista/9-15-2026/?c=bc38ae2d-296e-48e8-b775-4d53f530dc8d","https://www.maxpreps.com/ga/softball/game/crawford-county-roberta-vs-marion-county-buena-vista/9-15-2026/?c=bc38ae2d-296e-48e8-b775-4d53f530dc8d","/softball/ga/1467?9/15/2026","Roberta","Vista","https://www.maxpreps.com/ga/crawford-county-roberta/boys-softball/","https://www.maxpreps.com/ga/marion-county-buena-vista/boys-softball/","",""
111,"Northview Johns Creek vs St Pius X Catholic Atlanta",Boys Softball,"Georgia",9/15/2026,TBD,"The St Pius X Catholic Atlanta varsity softball team has a game @ Northview Johns Creek (Georgia).","/ga/softball/game/northview-johns-creek-vs-st-pius-x-catholic-atlanta/9-15-2026/?c=ade32e6a-1bfa-4c9c-9e95-4e871554f26a","https://www.maxpreps.com/ga/softball/game/northview-johns-creek-vs-st-pius-x-catholic-atlanta/9-15-2026/?c=ade32e6a-1bfa-4c9c-9e95-4e871554f26a","/softball/ga/13af?9/15/2026","Creek","Atlanta","https://www.maxpreps.com/ga/northview-johns-creek/boys-softball/","https://www.maxpreps.com/ga/st-pius-x-catholic-atlanta/boys-softball/","",""
112,"Calhoun vs Ridgeland Rossville",Boys Softball,"Georgia",9/15/2026,TBD,"The Ridgeland Rossville varsity softball team has a game @ Calhoun (Georgia).","/ga/softball/game/calhoun-vs-ridgeland-rossville/9-15-2026/?c=dea6d733-8260-477d-ae5a-e534334f9333","https://www.maxpreps.com/ga/softball/game/calhoun-vs-ridgeland-rossville/9-15-2026/?c=dea6d733-8260-477d-ae5a-e534334f9333","/softball/ga/be7?9/15/2026","Calhoun","Rossville","https://www.maxpreps.com/ga/calhoun/boys-softball/","https://www.maxpreps.com/ga/ridgeland-rossville/boys-softball/","",""
113,"Locust Grove vs Perry",Boys Softball,"Georgia",9/15/2026,TBD,"The Perry varsity softball team has a game @ Locust Grove (Georgia).","/ga/softball/game/locust-grove-vs-perry/9-15-2026/?c=f5751abf-8c7f-48e7-80bc-1ccbceadf045","https://www.maxpreps.com/ga/softball/game/locust-grove-vs-perry/9-15-2026/?c=f5751abf-8c7f-48e7-80bc-1ccbceadf045","/softball/ga/85f?9/15/2026","Grove","Perry","https://www.maxpreps.com/ga/locust-grove/boys-softball/","https://www.maxpreps.com/ga/perry/boys-softball/","",""
114,"Druid Hills Atlanta vs Lithonia",Boys Softball,"Georgia",9/15/2026,TBD,"The Lithonia varsity softball team has a game @ Druid Hills Atlanta (Georgia).","/ga/softball/game/druid-hills-atlanta-vs-lithonia/9-15-2026/?c=2375e28d-a315-48af-96ea-2a8821902c15","https://www.maxpreps.com/ga/softball/game/druid-hills-atlanta-vs-lithonia/9-15-2026/?c=2375e28d-a315-48af-96ea-2a8821902c15","/softball/ga/c0e?9/15/2026","Atlanta","Lithonia","https://www.maxpreps.com/ga/druid-hills-atlanta/boys-softball/","https://www.maxpreps.com/ga/lithonia/boys-softball/","",""
115,"Decatur vs Heritage Conyers",Boys Softball,"Georgia",9/15/2026,TBD,"The Heritage Conyers varsity softball team has a game @ Decatur (Georgia).","/ga/softball/game/decatur-vs-heritage-conyers/9-15-2026/?c=3ce8dab5-15f4-4eb6-a628-3366816cde8b","https://www.maxpreps.com/ga/softball/game/decatur-vs-heritage-conyers/9-15-2026/?c=3ce8dab5-15f4-4eb6-a628-3366816cde8b","/softball/ga/aa4?9/15/2026","Decatur","Conyers","https://www.maxpreps.com/ga/decatur/boys-softball/","https://www.maxpreps.com/ga/heritage-conyers/boys-softball/","",""
116,"Northwest Whitfield Tunnel Hill vs Southeast Whitfield Dalton",Boys Softball,"Georgia",9/15/2026,TBD,"The Southeast Whitfield Dalton varsity softball team has a game @ Northwest Whitfield Tunnel Hill (Georgia).","/ga/softball/game/northwest-whitfield-tunnel-hill-vs-southeast-whitfield-dalton/9-15-2026/?c=4beb7ca4-ae58-43e0-b196-bd14826c0025","https://www.maxpreps.com/ga/softball/game/northwest-whitfield-tunnel-hill-vs-southeast-whitfield-dalton/9-15-2026/?c=4beb7ca4-ae58-43e0-b196-bd14826c0025","/softball/ga/1833?9/15/2026","Hill","Dalton","https://www.maxpreps.com/ga/northwest-whitfield-tunnel-hill/boys-softball/","https://www.maxpreps.com/ga/southeast-whitfield-dalton/boys-softball/","",""
117,"Cairo vs Monroe Golden Tornadoes Albany",Boys Softball,"Georgia",9/15/2026,TBD,"The Monroe Golden Tornadoes Albany varsity softball team has a game @ Cairo (Georgia).","/ga/softball/game/cairo-vs-monroe-golden-tornadoes-albany/9-15-2026/?c=791461bd-489b-42da-9b88-7224af30b9ee","https://www.maxpreps.com/ga/softball/game/cairo-vs-monroe-golden-tornadoes-albany/9-15-2026/?c=791461bd-489b-42da-9b88-7224af30b9ee","/softball/ga/f27?9/15/2026","Cairo","Albany","https://www.maxpreps.com/ga/cairo/boys-softball/","https://www.maxpreps.com/ga/monroe-golden-tornadoes-albany/boys-softball/","",""
118,"Berrien Nashville vs Fitzgerald",Boys Softball,"Georgia",9/15/2026,TBD,"The Fitzgerald varsity softball team has a game @ Berrien Nashville (Georgia).","/ga/softball/game/berrien-nashville-vs-fitzgerald/9-15-2026/?c=ad021d58-c05d-4f0e-be56-388442bd5414","https://www.maxpreps.com/ga/softball/game/berrien-nashville-vs-fitzgerald/9-15-2026/?c=ad021d58-c05d-4f0e-be56-388442bd5414","/softball/ga/c49?9/15/2026","Nashville","Fitzgerald","https://www.maxpreps.com/ga/berrien-nashville/boys-softball/","https://www.maxpreps.com/ga/fitzgerald/boys-softball/","",""
119,"Pope Marietta vs Sequoyah Canton",Boys Softball,"Georgia",9/15/2026,TBD,"The Sequoyah Canton varsity softball team has a game @ Pope Marietta (Georgia).","/ga/softball/game/pope-marietta-vs-sequoyah-canton/9-15-2026/?c=ce8f2cab-7575-46ed-9d64-e1949240c2a6","https://www.maxpreps.com/ga/softball/game/pope-marietta-vs-sequoyah-canton/9-15-2026/?c=ce8f2cab-7575-46ed-9d64-e1949240c2a6","/softball/ga/c9a?9/15/2026","Marietta","Canton","https://www.maxpreps.com/ga/pope-marietta/boys-softball/","https://www.maxpreps.com/ga/sequoyah-canton/boys-softball/","",""
120,"Carver Columbus vs Crisp County Cordele",Boys Softball,"Georgia",9/15/2026,TBD,"The Crisp County Cordele varsity softball team has a game @ Carver Columbus (Georgia).","/ga/softball/game/carver-columbus-vs-crisp-county-cordele/9-15-2026/?c=e1a84e6e-ed4c-4d6d-80f8-8b561904811a","https://www.maxpreps.com/ga/softball/game/carver-columbus-vs-crisp-county-cordele/9-15-2026/?c=e1a84e6e-ed4c-4d6d-80f8-8b561904811a","/softball/ga/f58?9/15/2026","Columbus","Cordele","https://www.maxpreps.com/ga/carver-columbus/boys-softball/","https://www.maxpreps.com/ga/crisp-county-cordele/boys-softball/","",""
121,"Jenkins County Millen vs Johnson County Wrightsville",Boys Softball,"Georgia",9/15/2026,TBD,"The Johnson County Wrightsville varsity softball team has a game @ Jenkins County Millen (Georgia).","/ga/softball/game/jenkins-county-millen-vs-johnson-county-wrightsville/9-15-2026/?c=224120cf-31a0-4ee9-9f31-8dbc94af78e6","https://www.maxpreps.com/ga/softball/game/jenkins-county-millen-vs-johnson-county-wrightsville/9-15-2026/?c=224120cf-31a0-4ee9-9f31-8dbc94af78e6","/softball/ga/14d1?9/15/2026","Millen","Wrightsville","https://www.maxpreps.com/ga/jenkins-county-millen/boys-softball/","https://www.maxpreps.com/ga/johnson-county-wrightsville/boys-softball/","",""
122,"Carver Atlanta vs Redan Stone Mountain",Boys Softball,"Georgia",9/15/2026,TBD,"The Redan Stone Mountain varsity softball team has a game @ Carver Atlanta (Georgia).","/ga/softball/game/carver-atlanta-vs-redan-stone-mountain/9-15-2026/?c=1af8e59a-450f-46a4-9829-e74f1e605b4c","https://www.maxpreps.com/ga/softball/game/carver-atlanta-vs-redan-stone-mountain/9-15-2026/?c=1af8e59a-450f-46a4-9829-e74f1e605b4c","/softball/ga/ed0?9/15/2026","Atlanta","Mountain","https://www.maxpreps.com/ga/carver-atlanta/boys-softball/","https://www.maxpreps.com/ga/redan-stone-mountain/boys-softball/","",""
123,"Villa Rica vs Woodland Cartersville",Boys Softball,"Georgia",9/15/2026,TBD,"The Woodland Cartersville varsity softball team has a game @ Villa Rica (Georgia).","/ga/softball/game/villa-rica-vs-woodland-cartersville/9-15-2026/?c=4bd64f4d-de29-4248-8631-e5ba4559715b","https://www.maxpreps.com/ga/softball/game/villa-rica-vs-woodland-cartersville/9-15-2026/?c=4bd64f4d-de29-4248-8631-e5ba4559715b","/softball/ga/dbc?9/15/2026","Rica","Cartersville","https://www.maxpreps.com/ga/villa-rica/boys-softball/","https://www.maxpreps.com/ga/woodland-cartersville/boys-softball/","",""
124,"Cartersville vs Cass White",Boys Softball,"Georgia",9/15/2026,TBD,"The Cass White varsity softball team has a game @ Cartersville (Georgia).","/ga/softball/game/cartersville-vs-cass-white/9-15-2026/?c=124955e7-4a2d-4b9d-938c-21b7849b730a","https://www.maxpreps.com/ga/softball/game/cartersville-vs-cass-white/9-15-2026/?c=124955e7-4a2d-4b9d-938c-21b7849b730a","/softball/ga/a4b?9/15/2026","Cartersville","White","https://www.maxpreps.com/ga/cartersville/boys-softball/","https://www.maxpreps.com/ga/cass-white/boys-softball/","",""
125,"New Manchester Douglasville vs Osborne Marietta",Boys Softball,"Georgia",9/15/2026,TBD,"The Osborne Marietta varsity softball team has a game @ New Manchester Douglasville (Georgia).","/ga/softball/game/new-manchester-douglasville-vs-osborne-marietta/9-15-2026/?c=0848ef67-6f08-4786-94b0-9d99050a5cc4","https://www.maxpreps.com/ga/softball/game/new-manchester-douglasville-vs-osborne-marietta/9-15-2026/?c=0848ef67-6f08-4786-94b0-9d99050a5cc4","/softball/ga/1298?9/15/2026","Douglasville","Marietta","https://www.maxpreps.com/ga/new-manchester-douglasville/boys-softball/","https://www.maxpreps.com/ga/osborne-marietta/boys-softball/","",""
126,"Mcdonough vs North Clayton College Park",Boys Softball,"Georgia",9/15/2026,TBD,"The North Clayton College Park varsity softball team has a game @ Mcdonough (Georgia).","/ga/softball/game/mcdonough-vs-north-clayton-college-park/9-15-2026/?c=7468cd11-5ec6-433f-a44f-a9643523ada6","https://www.maxpreps.com/ga/softball/game/mcdonough-vs-north-clayton-college-park/9-15-2026/?c=7468cd11-5ec6-433f-a44f-a9643523ada6","/softball/ga/f3c?9/15/2026","Mcdonough","Park","https://www.maxpreps.com/ga/mcdonough/boys-softball/","https://www.maxpreps.com/ga/north-clayton-college-park/boys-softball/","",""
127,"Irwin County Ocilla vs Lanier County Lakeland",Boys Softball,"Georgia",9/15/2026,TBD,"The Lanier County Lakeland varsity softball team has a game @ Irwin County Ocilla (Georgia).","/ga/softball/game/irwin-county-ocilla-vs-lanier-county-lakeland/9-15-2026/?c=ae420235-2c7b-40cb-8471-5d23ad41ca6f","https://www.maxpreps.com/ga/softball/game/irwin-county-ocilla-vs-lanier-county-lakeland/9-15-2026/?c=ae420235-2c7b-40cb-8471-5d23ad41ca6f","/softball/ga/118f?9/15/2026","Ocilla","Lakeland","https://www.maxpreps.com/ga/irwin-county-ocilla/boys-softball/","https://www.maxpreps.com/ga/lanier-county-lakeland/boys-softball/","",""
128,"Mt Zion Jonesboro vs Sandy Creek Tyrone",Boys Softball,"Georgia",9/15/2026,TBD,"The Sandy Creek Tyrone varsity softball team has a game @ Mt Zion Jonesboro (Georgia).","/ga/softball/game/mt-zion-jonesboro-vs-sandy-creek-tyrone/9-15-2026/?c=a78ee5b0-dae0-4c31-952f-441c759a1fe5","https://www.maxpreps.com/ga/softball/game/mt-zion-jonesboro-vs-sandy-creek-tyrone/9-15-2026/?c=a78ee5b0-dae0-4c31-952f-441c759a1fe5","/softball/ga/f33?9/15/2026","Jonesboro","Tyrone","https://www.maxpreps.com/ga/mt-zion-jonesboro/boys-softball/","https://www.maxpreps.com/ga/sandy-creek-tyrone/boys-softball/","",""
129,"First Presbyterian Day Macon vs Stratford Academy Macon",Boys Softball,"Georgia",9/15/2026,TBD,"The Stratford Academy Macon varsity softball team has a game @ First Presbyterian Day Macon (Georgia).","/ga/softball/game/first-presbyterian-day-macon-vs-stratford-academy-macon/9-15-2026/?c=b8a57a5f-4d78-45ed-b40f-503a8a0e9b9c","https://www.maxpreps.com/ga/softball/game/first-presbyterian-day-macon-vs-stratford-academy-macon/9-15-2026/?c=b8a57a5f-4d78-45ed-b40f-503a8a0e9b9c","/softball/ga/156b?9/15/2026","Macon","Macon","https://www.maxpreps.com/ga/first-presbyterian-day-macon/boys-softball/","https://www.maxpreps.com/ga/stratford-academy-macon/boys-softball/","",""
130,"East Paulding Dallas vs South Cobb Austell",Boys Softball,"Georgia",9/15/2026,TBD,"The South Cobb Austell varsity softball team has a game @ East Paulding Dallas (Georgia).","/ga/softball/game/east-paulding-dallas-vs-south-cobb-austell/9-15-2026/?c=1ba59517-db4d-4f38-b98c-8b4f5b6d7070","https://www.maxpreps.com/ga/softball/game/east-paulding-dallas-vs-south-cobb-austell/9-15-2026/?c=1ba59517-db4d-4f38-b98c-8b4f5b6d7070","/softball/ga/102c?9/15/2026","Dallas","Austell","https://www.maxpreps.com/ga/east-paulding-dallas/boys-softball/","https://www.maxpreps.com/ga/south-cobb-austell/boys-softball/","",""
131,"Dawson County Dawsonville vs Pickens Jasper",Boys Softball,"Georgia",9/15/2026,TBD,"The Pickens Jasper varsity softball team has a game @ Dawson County Dawsonville (Georgia).","/ga/softball/game/dawson-county-dawsonville-vs-pickens-jasper/9-15-2026/?c=56e8a940-5f84-4577-9010-20278e4d570a","https://www.maxpreps.com/ga/softball/game/dawson-county-dawsonville-vs-pickens-jasper/9-15-2026/?c=56e8a940-5f84-4577-9010-20278e4d570a","/softball/ga/1112?9/15/2026","Dawsonville","Jasper","https://www.maxpreps.com/ga/dawson-county-dawsonville/boys-softball/","https://www.maxpreps.com/ga/pickens-jasper/boys-softball/","",""
132,"Buford vs Dacula",Boys Softball,"Georgia",9/15/2026,TBD,"The Dacula varsity softball team has a game @ Buford (Georgia).","/ga/softball/game/buford-vs-dacula/9-15-2026/?c=2016dcc8-c2d5-4a62-8852-51480db90ff0","https://www.maxpreps.com/ga/softball/game/buford-vs-dacula/9-15-2026/?c=2016dcc8-c2d5-4a62-8852-51480db90ff0","/softball/ga/62f?9/15/2026","Buford","Dacula","https://www.maxpreps.com/ga/buford/boys-softball/","https://www.maxpreps.com/ga/dacula/boys-softball/","",""
133,"Mill Creek Hoschton vs Seckinger Buford",Boys Softball,"Georgia",9/15/2026,TBD,"The Seckinger Buford varsity softball team has a game @ Mill Creek Hoschton (Georgia).","/ga/softball/game/mill-creek-hoschton-vs-seckinger-buford/9-15-2026/?c=b84d3581-abb3-4a49-a4e3-f10aaf79e4bc","https://www.maxpreps.com/ga/softball/game/mill-creek-hoschton-vs-seckinger-buford/9-15-2026/?c=b84d3581-abb3-4a49-a4e3-f10aaf79e4bc","/softball/ga/f25?9/15/2026","Hoschton","Buford","https://www.maxpreps.com/ga/mill-creek-hoschton/boys-softball/","https://www.maxpreps.com/ga/seckinger-buford/boys-softball/","",""
134,"Brookwood Thomasville vs Southwest Georgia Academy Damascus",Boys Softball,"Georgia",9/15/2026,TBD,"The Southwest Georgia Academy Damascus varsity softball team has a game @ Brookwood Thomasville (Georgia).","/ga/softball/game/brookwood-thomasville-vs-southwest-georgia-academy-damascus/9-15-2026/?c=a008275a-d972-45dd-af9f-27d57dac151a","https://www.maxpreps.com/ga/softball/game/brookwood-thomasville-vs-southwest-georgia-academy-damascus/9-15-2026/?c=a008275a-d972-45dd-af9f-27d57dac151a","/softball/ga/176e?9/15/2026","Thomasville","Damascus","https://www.maxpreps.com/ga/brookwood-thomasville/boys-softball/","https://www.maxpreps.com/ga/southwest-georgia-academy-damascus/boys-softball/","",""
135,"Hampton vs Luella",Boys Softball,"Georgia",9/15/2026,TBD,"The Luella varsity softball team has a game @ Hampton (Georgia).","/ga/softball/game/hampton-vs-luella/9-15-2026/?c=72f34735-cb1c-4a0c-a7ef-46895f0db05c","https://www.maxpreps.com/ga/softball/game/hampton-vs-luella/9-15-2026/?c=72f34735-cb1c-4a0c-a7ef-46895f0db05c","/softball/ga/6b9?9/15/2026","Hampton","Luella","https://www.maxpreps.com/ga/hampton/boys-softball/","https://www.maxpreps.com/ga/luella/boys-softball/","",""
136,"Mays Atlanta vs Tucker",Boys Softball,"Georgia",9/15/2026,TBD,"The Tucker varsity softball team has a game @ Mays Atlanta (Georgia).","/ga/softball/game/mays-atlanta-vs-tucker/9-15-2026/?c=b9f84a7f-8a13-4cf5-89a0-b2cb00af8bcc","https://www.maxpreps.com/ga/softball/game/mays-atlanta-vs-tucker/9-15-2026/?c=b9f84a7f-8a13-4cf5-89a0-b2cb00af8bcc","/softball/ga/89d?9/15/2026","Atlanta","Tucker","https://www.maxpreps.com/ga/mays-atlanta/boys-softball/","https://www.maxpreps.com/ga/tucker/boys-softball/","",""
137,"Dublin vs East Laurens East Dublin",Boys Softball,"Georgia",9/15/2026,TBD,"The East Laurens East Dublin varsity softball team has a game @ Dublin (Georgia).","/ga/softball/game/dublin-vs-east-laurens-east-dublin/9-15-2026/?c=ddfb38a4-ac5a-4d79-8bb9-14b0aa7266a7","https://www.maxpreps.com/ga/softball/game/dublin-vs-east-laurens-east-dublin/9-15-2026/?c=ddfb38a4-ac5a-4d79-8bb9-14b0aa7266a7","/softball/ga/d1a?9/15/2026","Dublin","Dublin","https://www.maxpreps.com/ga/dublin/boys-softball/","https://www.maxpreps.com/ga/east-laurens-east-dublin/boys-softball/","",""
138,"Swainsboro vs Treutlen Soperton",Boys Softball,"Georgia",9/15/2026,TBD,"The Treutlen Soperton varsity softball team has a game @ Swainsboro (Georgia).","/ga/softball/game/swainsboro-vs-treutlen-soperton/9-15-2026/?c=fd8a4846-2d03-478a-9470-83479e506f70","https://www.maxpreps.com/ga/softball/game/swainsboro-vs-treutlen-soperton/9-15-2026/?c=fd8a4846-2d03-478a-9470-83479e506f70","/softball/ga/ca4?9/15/2026","Swainsboro","Soperton","https://www.maxpreps.com/ga/swainsboro/boys-softball/","https://www.maxpreps.com/ga/treutlen-soperton/boys-softball/","",""
139,"Brentwood Sandersville vs Vidalia Heritage Academy",Boys Softball,"Georgia",9/15/2026,TBD,"The Vidalia Heritage Academy varsity softball team has a game @ Brentwood Sandersville (Georgia).","/ga/softball/game/brentwood-sandersville-vs-vidalia-heritage-academy/9-15-2026/?c=a1887be1-6bb4-4bc3-8637-8405aef1597c","https://www.maxpreps.com/ga/softball/game/brentwood-sandersville-vs-vidalia-heritage-academy/9-15-2026/?c=a1887be1-6bb4-4bc3-8637-8405aef1597c","/softball/ga/13a1?9/15/2026","Sandersville","Academy","https://www.maxpreps.com/ga/brentwood-sandersville/boys-softball/","https://www.maxpreps.com/ga/vidalia-heritage-academy/boys-softball/","",""
140,"Forsyth Central Cumming vs West Forsyth Cumming",Boys Softball,"Georgia",9/15/2026,TBD,"The West Forsyth Cumming varsity softball team has a game @ Forsyth Central Cumming (Georgia).","/ga/softball/game/forsyth-central-cumming-vs-west-forsyth-cumming/9-15-2026/?c=be8fec7f-a1ce-4c81-b361-9d8ab8160cda","https://www.maxpreps.com/ga/softball/game/forsyth-central-cumming-vs-west-forsyth-cumming/9-15-2026/?c=be8fec7f-a1ce-4c81-b361-9d8ab8160cda","/softball/ga/12a1?9/15/2026","Cumming","Cumming","https://www.maxpreps.com/ga/forsyth-central-cumming/boys-softball/","https://www.maxpreps.com/ga/west-forsyth-cumming/boys-softball/","",""
141,"Charlton County Folkston vs Echols County Statenville",Boys Softball,"Georgia",9/15/2026,TBD,"The Echols County Statenville varsity softball team has a game @ Charlton County Folkston (Georgia).","/ga/softball/game/charlton-county-folkston-vs-echols-county-statenville/9-15-2026/?c=99685022-ceb0-4f88-afb2-202a12154ba2","https://www.maxpreps.com/ga/softball/game/charlton-county-folkston-vs-echols-county-statenville/9-15-2026/?c=99685022-ceb0-4f88-afb2-202a12154ba2","/softball/ga/152f?9/15/2026","Folkston","Statenville","https://www.maxpreps.com/ga/charlton-county-folkston/boys-softball/","https://www.maxpreps.com/ga/echols-county-statenville/boys-softball/","",""
142,"Campbell Smyrna vs Kennesaw Mountain",Boys Softball,"Georgia",9/15/2026,TBD,"The Kennesaw Mountain varsity softball team has a game @ Campbell Smyrna (Georgia).","/ga/softball/game/campbell-smyrna-vs-kennesaw-mountain/9-15-2026/?c=001e877c-cc9f-4da1-bf83-7e0b99a0cf22","https://www.maxpreps.com/ga/softball/game/campbell-smyrna-vs-kennesaw-mountain/9-15-2026/?c=001e877c-cc9f-4da1-bf83-7e0b99a0cf22","/softball/ga/e3e?9/15/2026","Smyrna","Mountain","https://www.maxpreps.com/ga/campbell-smyrna/boys-softball/","https://www.maxpreps.com/ga/kennesaw-mountain/boys-softball/","",""
143,"Brunswick vs Effingham County Springfield",Boys Softball,"Georgia",9/15/2026,TBD,"The Effingham County Springfield varsity softball team has a game @ Brunswick (Georgia).","/ga/softball/game/brunswick-vs-effingham-county-springfield/9-15-2026/?c=69dd42bd-38cb-4a24-a622-d6b57ffe8738","https://www.maxpreps.com/ga/softball/game/brunswick-vs-effingham-county-springfield/9-15-2026/?c=69dd42bd-38cb-4a24-a622-d6b57ffe8738","/softball/ga/1053?9/15/2026","Brunswick","Springfield","https://www.maxpreps.com/ga/brunswick/boys-softball/","https://www.maxpreps.com/ga/effingham-county-springfield/boys-softball/","",""
144,"Archer Lawrenceville vs Newton Covington",Boys Softball,"Georgia",9/15/2026,TBD,"The Newton Covington varsity softball team has a game @ Archer Lawrenceville (Georgia).","/ga/softball/game/archer-lawrenceville-vs-newton-covington/9-15-2026/?c=b31ac1ce-04df-4062-837f-05c941738057","https://www.maxpreps.com/ga/softball/game/archer-lawrenceville-vs-newton-covington/9-15-2026/?c=b31ac1ce-04df-4062-837f-05c941738057","/softball/ga/ff1?9/15/2026","Lawrenceville","Covington","https://www.maxpreps.com/ga/archer-lawrenceville/boys-softball/","https://www.maxpreps.com/ga/newton-covington/boys-softball/","",""
145,"Lamar County Barnesville vs Pike County Zebulon",Boys Softball,"Georgia",9/15/2026,TBD,"The Pike County Zebulon varsity softball team has a game @ Lamar County Barnesville (Georgia).","/ga/softball/game/lamar-county-barnesville-vs-pike-county-zebulon/9-15-2026/?c=cfe65793-f961-4fa6-ba7b-16df9d39d6d8","https://www.maxpreps.com/ga/softball/game/lamar-county-barnesville-vs-pike-county-zebulon/9-15-2026/?c=cfe65793-f961-4fa6-ba7b-16df9d39d6d8","/softball/ga/1287?9/15/2026","Barnesville","Zebulon","https://www.maxpreps.com/ga/lamar-county-barnesville/boys-softball/","https://www.maxpreps.com/ga/pike-county-zebulon/boys-softball/","",""
146,"Alexander Douglasville vs Chapel Hill Douglasville",Boys Softball,"Georgia",9/15/2026,TBD,"The Chapel Hill Douglasville varsity softball team has a game @ Alexander Douglasville (Georgia).","/ga/softball/game/alexander-douglasville-vs-chapel-hill-douglasville/9-15-2026/?c=e59349c4-af75-4368-93a6-fd1be8dda030","https://www.maxpreps.com/ga/softball/game/alexander-douglasville-vs-chapel-hill-douglasville/9-15-2026/?c=e59349c4-af75-4368-93a6-fd1be8dda030","/softball/ga/13aa?9/15/2026","Douglasville","Douglasville","https://www.maxpreps.com/ga/alexander-douglasville/boys-softball/","https://www.maxpreps.com/ga/chapel-hill-douglasville/boys-softball/","",""
147,"Dutchtown Hampton vs Eastside Covington",Boys Softball,"Georgia",9/15/2026,TBD,"The Eastside Covington varsity softball team has a game @ Dutchtown Hampton (Georgia).","/ga/softball/game/dutchtown-hampton-vs-eastside-covington/9-15-2026/?c=53e52201-b944-4850-a9b3-e039d46ff231","https://www.maxpreps.com/ga/softball/game/dutchtown-hampton-vs-eastside-covington/9-15-2026/?c=53e52201-b944-4850-a9b3-e039d46ff231","/softball/ga/f9d?9/15/2026","Hampton","Covington","https://www.maxpreps.com/ga/dutchtown-hampton/boys-softball/","https://www.maxpreps.com/ga/eastside-covington/boys-softball/","",""
148,"Houston County Warner Robins vs Lee County Leesburg",Boys Softball,"Georgia",9/15/2026,TBD,"The Lee County Leesburg varsity softball team has a game @ Houston County Warner Robins (Georgia).","/ga/softball/game/houston-county-warner-robins-vs-lee-county-leesburg/9-15-2026/?c=b7fd514c-020a-433b-8e18-eee86aad6d5a","https://www.maxpreps.com/ga/softball/game/houston-county-warner-robins-vs-lee-county-leesburg/9-15-2026/?c=b7fd514c-020a-433b-8e18-eee86aad6d5a","/softball/ga/1423?9/15/2026","Robins","Leesburg","https://www.maxpreps.com/ga/houston-county-warner-robins/boys-softball/","https://www.maxpreps.com/ga/lee-county-leesburg/boys-softball/","",""
149,"Hart County Hartwell vs Hebron Christian Dacula",Boys Softball,"Georgia",9/15/2026,TBD,"The Hebron Christian Dacula varsity softball team has a game @ Hart County Hartwell (Georgia).","/ga/softball/game/hart-county-hartwell-vs-hebron-christian-dacula/9-15-2026/?c=98a3cab3-ff56-48ff-8b25-7ae87d8cdf55","https://www.maxpreps.com/ga/softball/game/hart-county-hartwell-vs-hebron-christian-dacula/9-15-2026/?c=98a3cab3-ff56-48ff-8b25-7ae87d8cdf55","/softball/ga/1258?9/15/2026","Hartwell","Dacula","https://www.maxpreps.com/ga/hart-county-hartwell/boys-softball/","https://www.maxpreps.com/ga/hebron-christian-dacula/boys-softball/","",""
150,"North Gwinnett Suwanee vs Parkview Lilburn",Boys Softball,"Georgia",9/15/2026,TBD,"The Parkview Lilburn varsity softball team has a game @ North Gwinnett Suwanee (Georgia).","/ga/softball/game/north-gwinnett-suwanee-vs-parkview-lilburn/9-15-2026/?c=e6bf8f69-1fbc-413b-9dd1-a09c2568266f","https://www.maxpreps.com/ga/softball/game/north-gwinnett-suwanee-vs-parkview-lilburn/9-15-2026/?c=e6bf8f69-1fbc-413b-9dd1-a09c2568266f","/softball/ga/10be?9/15/2026","Suwanee","Lilburn","https://www.maxpreps.com/ga/north-gwinnett-suwanee/boys-softball/","https://www.maxpreps.com/ga/parkview-lilburn/boys-softball/","",""
151,"Langston Hughes Fairburn vs Northside Columbus",Boys Softball,"Georgia",9/15/2026,TBD,"The Northside Columbus varsity softball team has a game @ Langston Hughes Fairburn (Georgia).","/ga/softball/game/langston-hughes-fairburn-vs-northside-columbus/9-15-2026/?c=a512f4fe-2666-4df6-bc5d-1f8e7f6e115d","https://www.maxpreps.com/ga/softball/game/langston-hughes-fairburn-vs-northside-columbus/9-15-2026/?c=a512f4fe-2666-4df6-bc5d-1f8e7f6e115d","/softball/ga/1247?9/15/2026","Fairburn","Columbus","https://www.maxpreps.com/ga/langston-hughes-fairburn/boys-softball/","https://www.maxpreps.com/ga/northside-columbus/boys-softball/","",""
152,"Crisp Academy Cordele vs Westwood Camilla",Boys Softball,"Georgia",9/15/2026,TBD,"The Westwood Camilla varsity softball team has a game @ Crisp Academy Cordele (Georgia).","/ga/softball/game/crisp-academy-cordele-vs-westwood-camilla/9-15-2026/?c=8748c90e-6a95-4955-ba47-ddd7287a51e0","https://www.maxpreps.com/ga/softball/game/crisp-academy-cordele-vs-westwood-camilla/9-15-2026/?c=8748c90e-6a95-4955-ba47-ddd7287a51e0","/softball/ga/fec?9/15/2026","Cordele","Camilla","https://www.maxpreps.com/ga/crisp-academy-cordele/boys-softball/","https://www.maxpreps.com/ga/westwood-camilla/boys-softball/","",""
153,"Peach County Fort Valley vs Spalding Griffin",Boys Softball,"Georgia",9/15/2026,TBD,"The Spalding Griffin varsity softball team has a game @ Peach County Fort Valley (Georgia).","/ga/softball/game/peach-county-fort-valley-vs-spalding-griffin/9-15-2026/?c=1afe3607-ced7-4f5e-9302-686253284d87","https://www.maxpreps.com/ga/softball/game/peach-county-fort-valley-vs-spalding-griffin/9-15-2026/?c=1afe3607-ced7-4f5e-9302-686253284d87","/softball/ga/1119?9/15/2026","Valley","Griffin","https://www.maxpreps.com/ga/peach-county-fort-valley/boys-softball/","https://www.maxpreps.com/ga/spalding-griffin/boys-softball/","",""
154,"Kell Marietta vs Woodstock",Boys Softball,"Georgia",9/15/2026,TBD,"The Woodstock varsity softball team has a game @ Kell Marietta (Georgia).","/ga/softball/game/kell-marietta-vs-woodstock/9-15-2026/?c=7ecc5d24-6fdb-428a-a262-d090be0b9c94","https://www.maxpreps.com/ga/softball/game/kell-marietta-vs-woodstock/9-15-2026/?c=7ecc5d24-6fdb-428a-a262-d090be0b9c94","/softball/ga/a4c?9/15/2026","Marietta","Woodstock","https://www.maxpreps.com/ga/kell-marietta/boys-softball/","https://www.maxpreps.com/ga/woodstock/boys-softball/","",""
155,"Camden County Kingsland vs Ware County Waycross",Boys Softball,"Georgia",9/15/2026,TBD,"The Ware County Waycross varsity softball team has a game @ Camden County Kingsland (Georgia).","/ga/softball/game/camden-county-kingsland-vs-ware-county-waycross/9-15-2026/?c=c81aba83-9265-40cb-b71a-35be8e52cd31","https://www.maxpreps.com/ga/softball/game/camden-county-kingsland-vs-ware-county-waycross/9-15-2026/?c=c81aba83-9265-40cb-b71a-35be8e52cd31","/softball/ga/1288?9/15/2026","Kingsland","Waycross","https://www.maxpreps.com/ga/camden-county-kingsland/boys-softball/","https://www.maxpreps.com/ga/ware-county-waycross/boys-softball/","",""
156,"Cambridge Milton vs Centennial Roswell",Boys Softball,"Georgia",9/15/2026,TBD,"The Centennial Roswell varsity softball team has a game @ Cambridge Milton (Georgia).","/ga/softball/game/cambridge-milton-vs-centennial-roswell/9-15-2026/?c=59c31d28-4db1-4d53-a9e7-e42d5f67e76a","https://www.maxpreps.com/ga/softball/game/cambridge-milton-vs-centennial-roswell/9-15-2026/?c=59c31d28-4db1-4d53-a9e7-e42d5f67e76a","/softball/ga/ef7?9/15/2026","Milton","Roswell","https://www.maxpreps.com/ga/cambridge-milton/boys-softball/","https://www.maxpreps.com/ga/centennial-roswell/boys-softball/","",""
157,"Jonesboro vs Mundys Mill Jonesboro",Boys Softball,"Georgia",9/15/2026,TBD,"The Mundys Mill Jonesboro varsity softball team has a game @ Jonesboro (Georgia).","/ga/softball/game/jonesboro-vs-mundys-mill-jonesboro/9-15-2026/?c=08d64af8-ae54-46e9-9e30-741422c8fcc1","https://www.maxpreps.com/ga/softball/game/jonesboro-vs-mundys-mill-jonesboro/9-15-2026/?c=08d64af8-ae54-46e9-9e30-741422c8fcc1","/softball/ga/d8d?9/15/2026","Jonesboro","Jonesboro","https://www.maxpreps.com/ga/jonesboro/boys-softball/","https://www.maxpreps.com/ga/mundys-mill-jonesboro/boys-softball/","",""
158,"Jefferson County Louisville vs Richmond Academy Augusta",Boys Softball,"Georgia",9/15/2026,TBD,"The Richmond Academy Augusta varsity softball team has a game @ Jefferson County Louisville (Georgia).","/ga/softball/game/jefferson-county-louisville-vs-richmond-academy-augusta/9-15-2026/?c=24ff6edf-2a9d-4f1a-8ea9-bd85bfbba1f7","https://www.maxpreps.com/ga/softball/game/jefferson-county-louisville-vs-richmond-academy-augusta/9-15-2026/?c=24ff6edf-2a9d-4f1a-8ea9-bd85bfbba1f7","/softball/ga/15c5?9/15/2026","Louisville","Augusta","https://www.maxpreps.com/ga/jefferson-county-louisville/boys-softball/","https://www.maxpreps.com/ga/richmond-academy-augusta/boys-softball/","",""
159,"Fayette County Fayetteville vs Woodland Stockbridge",Boys Softball,"Georgia",9/15/2026,TBD,"The Woodland Stockbridge varsity softball team has a game @ Fayette County Fayetteville (Georgia).","/ga/softball/game/fayette-county-fayetteville-vs-woodland-stockbridge/9-15-2026/?c=6a5d8771-3044-4258-b5b9-cda141eb195a","https://www.maxpreps.com/ga/softball/game/fayette-county-fayetteville-vs-woodland-stockbridge/9-15-2026/?c=6a5d8771-3044-4258-b5b9-cda141eb195a","/softball/ga/1455?9/15/2026","Fayetteville","Stockbridge","https://www.maxpreps.com/ga/fayette-county-fayetteville/boys-softball/","https://www.maxpreps.com/ga/woodland-stockbridge/boys-softball/","",""
160,"Mceachern Powder Springs vs North Atlanta",Boys Softball,"Georgia",9/15/2026,TBD,"The North Atlanta varsity softball team has a game @ Mceachern Powder Springs (Georgia).","/ga/softball/game/mceachern-powder-springs-vs-north-atlanta/9-15-2026/?c=34e60373-bec0-4be1-b136-864487fcd848","https://www.maxpreps.com/ga/softball/game/mceachern-powder-springs-vs-north-atlanta/9-15-2026/?c=34e60373-bec0-4be1-b136-864487fcd848","/softball/ga/1017?9/15/2026","Springs","Atlanta","https://www.maxpreps.com/ga/mceachern-powder-springs/boys-softball/","https://www.maxpreps.com/ga/north-atlanta/boys-softball/","",""
161,"Atkinson County Pearson vs Clinch County Homerville",Boys Softball,"Georgia",9/15/2026,TBD,"The Clinch County Homerville varsity softball team has a game @ Atkinson County Pearson (Georgia).","/ga/softball/game/atkinson-county-pearson-vs-clinch-county-homerville/9-15-2026/?c=6e2268e6-d9a3-4cec-8979-072a8464b669","https://www.maxpreps.com/ga/softball/game/atkinson-county-pearson-vs-clinch-county-homerville/9-15-2026/?c=6e2268e6-d9a3-4cec-8979-072a8464b669","/softball/ga/1442?9/15/2026","Pearson","Homerville","https://www.maxpreps.com/ga/atkinson-county-pearson/boys-softball/","https://www.maxpreps.com/ga/clinch-county-homerville/boys-softball/","",""
162,"Citizens Christian Academy Douglas vs Robert Toombs Christian Academy Lyons",Boys Softball,"Georgia",9/15/2026,TBD,"The Robert Toombs Christian Academy Lyons varsity softball team has a game @ Citizens Christian Academy Douglas (Georgia).","/ga/softball/game/citizens-christian-academy-douglas-vs-robert-toombs-christian-academy-lyons/9-15-2026/?c=495a11c6-c57a-4a05-9139-49289f1bbdf0","https://www.maxpreps.com/ga/softball/game/citizens-christian-academy-douglas-vs-robert-toombs-christian-academy-lyons/9-15-2026/?c=495a11c6-c57a-4a05-9139-49289f1bbdf0","/softball/ga/1d5f?9/15/2026","Douglas","Lyons","https://www.maxpreps.com/ga/citizens-christian-academy-douglas/boys-softball/","https://www.maxpreps.com/ga/robert-toombs-christian-academy-lyons/boys-softball/","",""
163,"John Milledge Academy Milledgeville vs Tattnall Square Academy Macon",Boys Softball,"Georgia",9/15/2026,TBD,"The Tattnall Square Academy Macon varsity softball team has a game @ John Milledge Academy Milledgeville (Georgia).","/ga/softball/game/john-milledge-academy-milledgeville-vs-tattnall-square-academy-macon/9-15-2026/?c=89d67d86-5b4e-4d54-bcec-debae5823a23","https://www.maxpreps.com/ga/softball/game/john-milledge-academy-milledgeville-vs-tattnall-square-academy-macon/9-15-2026/?c=89d67d86-5b4e-4d54-bcec-debae5823a23","/softball/ga/1a4d?9/15/2026","Milledgeville","Macon","https://www.maxpreps.com/ga/john-milledge-academy-milledgeville/boys-softball/","https://www.maxpreps.com/ga/tattnall-square-academy-macon/boys-softball/","",""
164,"Jefferson vs North Oconee Bogart",Boys Softball,"Georgia",9/15/2026,TBD,"The North Oconee Bogart varsity softball team has a game @ Jefferson (Georgia).","/ga/softball/game/jefferson-vs-north-oconee-bogart/9-15-2026/?c=8f12c3c4-6511-4266-a16b-c885edfd1f39","https://www.maxpreps.com/ga/softball/game/jefferson-vs-north-oconee-bogart/9-15-2026/?c=8f12c3c4-6511-4266-a16b-c885edfd1f39","/softball/ga/c82?9/15/2026","Jefferson","Bogart","https://www.maxpreps.com/ga/jefferson/boys-softball/","https://www.maxpreps.com/ga/north-oconee-bogart/boys-softball/","",""
165,"Johns Creek vs Lanier Sugar Hill",Boys Softball,"Georgia",9/15/2026,TBD,"The Lanier Sugar Hill varsity softball team has a game @ Johns Creek (Georgia).","/ga/softball/game/johns-creek-vs-lanier-sugar-hill/9-15-2026/?c=90bec939-5ed3-4d65-8a3e-a82371cdb440","https://www.maxpreps.com/ga/softball/game/johns-creek-vs-lanier-sugar-hill/9-15-2026/?c=90bec939-5ed3-4d65-8a3e-a82371cdb440","/softball/ga/c3c?9/15/2026","Creek","Hill","https://www.maxpreps.com/ga/johns-creek/boys-softball/","https://www.maxpreps.com/ga/lanier-sugar-hill/boys-softball/","",""
166,"Milton vs Riverwood Sandy Springs",Boys Softball,"Georgia",9/15/2026,TBD,"The Riverwood Sandy Springs varsity softball team has a game @ Milton (Georgia).","/ga/softball/game/milton-vs-riverwood-sandy-springs/9-15-2026/?c=8ff09ddb-baaa-48ae-80e1-b4e00d12ebf0","https://www.maxpreps.com/ga/softball/game/milton-vs-riverwood-sandy-springs/9-15-2026/?c=8ff09ddb-baaa-48ae-80e1-b4e00d12ebf0","/softball/ga/d36?9/15/2026","Milton","Springs","https://www.maxpreps.com/ga/milton/boys-softball/","https://www.maxpreps.com/ga/riverwood-sandy-springs/boys-softball/","",""
167,"Mount De Sales Academy Macon vs Strong Rock Christian Locust Grove",Boys Softball,"Georgia",9/15/2026,TBD,"The Strong Rock Christian Locust Grove varsity softball team has a game @ Mount De Sales Academy Macon (Georgia).","/ga/softball/game/mount-de-sales-academy-macon-vs-strong-rock-christian-locust-grove/9-15-2026/?c=baa8ce7e-a86b-49c3-aa08-f3db1a074ad3","https://www.maxpreps.com/ga/softball/game/mount-de-sales-academy-macon-vs-strong-rock-christian-locust-grove/9-15-2026/?c=baa8ce7e-a86b-49c3-aa08-f3db1a074ad3","/softball/ga/196f?9/15/2026","Macon","Grove","https://www.maxpreps.com/ga/mount-de-sales-academy-macon/boys-softball/","https://www.maxpreps.com/ga/strong-rock-christian-locust-grove/boys-softball/","",""
168,"Apalachee Winder vs Walnut Grove",Boys Softball,"Georgia",9/15/2026,TBD,"The Walnut Grove varsity softball team has a game @ Apalachee Winder (Georgia).","/ga/softball/game/apalachee-winder-vs-walnut-grove/9-15-2026/?c=24a4b889-393d-4456-af20-14406bc69d2c","https://www.maxpreps.com/ga/softball/game/apalachee-winder-vs-walnut-grove/9-15-2026/?c=24a4b889-393d-4456-af20-14406bc69d2c","/softball/ga/c78?9/15/2026","Winder","Grove","https://www.maxpreps.com/ga/apalachee-winder/boys-softball/","https://www.maxpreps.com/ga/walnut-grove/boys-softball/","",""
169,"East Forsyth Gainesville vs Winder Barrow Bulldoggs",Boys Softball,"Georgia",9/15/2026,TBD,"The Winder Barrow Bulldoggs varsity softball team has a game @ East Forsyth Gainesville (Georgia).","/ga/softball/game/east-forsyth-gainesville-vs-winder-barrow-bulldoggs/9-15-2026/?c=1b76a0f4-d3ef-4f74-8239-f6095e9dec11","https://www.maxpreps.com/ga/softball/game/east-forsyth-gainesville-vs-winder-barrow-bulldoggs/9-15-2026/?c=1b76a0f4-d3ef-4f74-8239-f6095e9dec11","/softball/ga/141f?9/15/2026","Gainesville","Bulldoggs","https://www.maxpreps.com/ga/east-forsyth-gainesville/boys-softball/","https://www.maxpreps.com/ga/winder-barrow-bulldoggs/boys-softball/","",""
170,"Cherokee Bluff Flowery Branch vs East Jackson Commerce",Boys Softball,"Georgia",9/15/2026,TBD,"The East Jackson Commerce varsity softball team has a game @ Cherokee Bluff Flowery Branch (Georgia).","/ga/softball/game/cherokee-bluff-flowery-branch-vs-east-jackson-commerce/9-15-2026/?c=e620be47-798d-4abf-b4e8-afa20c6ad728","https://www.maxpreps.com/ga/softball/game/cherokee-bluff-flowery-branch-vs-east-jackson-commerce/9-15-2026/?c=e620be47-798d-4abf-b4e8-afa20c6ad728","/softball/ga/14d0?9/15/2026","Branch","Commerce","https://www.maxpreps.com/ga/cherokee-bluff-flowery-branch/boys-softball/","https://www.maxpreps.com/ga/east-jackson-commerce/boys-softball/","",""
171,"Elbert County Elberton vs Morgan County Madison",Boys Softball,"Georgia",9/15/2026,TBD,"The Morgan County Madison varsity softball team has a game @ Elbert County Elberton (Georgia).","/ga/softball/game/elbert-county-elberton-vs-morgan-county-madison/9-15-2026/?c=5f64725b-4f67-417f-994d-2ff10ff48ddb","https://www.maxpreps.com/ga/softball/game/elbert-county-elberton-vs-morgan-county-madison/9-15-2026/?c=5f64725b-4f67-417f-994d-2ff10ff48ddb","/softball/ga/1283?9/15/2026","Elberton","Madison","https://www.maxpreps.com/ga/elbert-county-elberton/boys-softball/","https://www.maxpreps.com/ga/morgan-county-madison/boys-softball/","",""
172,"North Hall Gainesville vs White County Cleveland",Boys Softball,"Georgia",9/15/2026,TBD,"The White County Cleveland varsity softball team has a game @ North Hall Gainesville (Georgia).","/ga/softball/game/north-hall-gainesville-vs-white-county-cleveland/9-15-2026/?c=40a1e626-8eed-499d-8010-d9e5efb982fa","https://www.maxpreps.com/ga/softball/game/north-hall-gainesville-vs-white-county-cleveland/9-15-2026/?c=40a1e626-8eed-499d-8010-d9e5efb982fa","/softball/ga/12c7?9/15/2026","Gainesville","Cleveland","https://www.maxpreps.com/ga/north-hall-gainesville/boys-softball/","https://www.maxpreps.com/ga/white-county-cleveland/boys-softball/","",""
173,"Jones County Gray vs Ola Mcdonough",Boys Softball,"Georgia",9/15/2026,TBD,"The Ola Mcdonough varsity softball team has a game @ Jones County Gray (Georgia).","/ga/softball/game/jones-county-gray-vs-ola-mcdonough/9-15-2026/?c=abb2c61d-cf55-4a7d-8f06-a1b2be1d50df","https://www.maxpreps.com/ga/softball/game/jones-county-gray-vs-ola-mcdonough/9-15-2026/?c=abb2c61d-cf55-4a7d-8f06-a1b2be1d50df","/softball/ga/d3e?9/15/2026","Gray","Mcdonough","https://www.maxpreps.com/ga/jones-county-gray/boys-softball/","https://www.maxpreps.com/ga/ola-mcdonough/boys-softball/","",""
174,"North Cobb Kennesaw vs Paulding County Dallas",Boys Softball,"Georgia",9/15/2026,TBD,"The Paulding County Dallas varsity softball team has a game @ North Cobb Kennesaw (Georgia).","/ga/softball/game/north-cobb-kennesaw-vs-paulding-county-dallas/9-15-2026/?c=a681866d-8d92-4e63-953a-34628871dedd","https://www.maxpreps.com/ga/softball/game/north-cobb-kennesaw-vs-paulding-county-dallas/9-15-2026/?c=a681866d-8d92-4e63-953a-34628871dedd","/softball/ga/117b?9/15/2026","Kennesaw","Dallas","https://www.maxpreps.com/ga/north-cobb-kennesaw/boys-softball/","https://www.maxpreps.com/ga/paulding-county-dallas/boys-softball/","",""
175,"Gatewood Eatonton vs Piedmont Academy Monticello",Boys Softball,"Georgia",9/15/2026,TBD,"The Piedmont Academy Monticello varsity softball team has a game @ Gatewood Eatonton (Georgia).","/ga/softball/game/gatewood-eatonton-vs-piedmont-academy-monticello/9-15-2026/?c=c7772b34-5bbe-4dde-b587-3169e733b07f","https://www.maxpreps.com/ga/softball/game/gatewood-eatonton-vs-piedmont-academy-monticello/9-15-2026/?c=c7772b34-5bbe-4dde-b587-3169e733b07f","/softball/ga/12f6?9/15/2026","Eatonton","Monticello","https://www.maxpreps.com/ga/gatewood-eatonton/boys-softball/","https://www.maxpreps.com/ga/piedmont-academy-monticello/boys-softball/","",""
176,"Cherokee Canton vs North Paulding Dallas",Boys Softball,"Georgia",9/15/2026,TBD,"The North Paulding Dallas varsity softball team has a game @ Cherokee Canton (Georgia).","/ga/softball/game/cherokee-canton-vs-north-paulding-dallas/9-15-2026/?c=b1b4c701-ecae-4e9d-ad34-687b91786433","https://www.maxpreps.com/ga/softball/game/cherokee-canton-vs-north-paulding-dallas/9-15-2026/?c=b1b4c701-ecae-4e9d-ad34-687b91786433","/softball/ga/f83?9/15/2026","Canton","Dallas","https://www.maxpreps.com/ga/cherokee-canton/boys-softball/","https://www.maxpreps.com/ga/north-paulding-dallas/boys-softball/","",""
177,"Hiram vs South Paulding Douglasville",Boys Softball,"Georgia",9/15/2026,TBD,"The South Paulding Douglasville varsity softball team has a game @ Hiram (Georgia).","/ga/softball/game/hiram-vs-south-paulding-douglasville/9-15-2026/?c=d511d049-a7bc-4e62-b472-5ff6f6c33bf4","https://www.maxpreps.com/ga/softball/game/hiram-vs-south-paulding-douglasville/9-15-2026/?c=d511d049-a7bc-4e62-b472-5ff6f6c33bf4","/softball/ga/e40?9/15/2026","Hiram","Douglasville","https://www.maxpreps.com/ga/hiram/boys-softball/","https://www.maxpreps.com/ga/south-paulding-douglasville/boys-softball/","",""
178,"Harrison Kennesaw vs Hillgrove Powder Springs",Boys Softball,"Georgia",9/15/2026,TBD,"The Hillgrove Powder Springs varsity softball team has a game @ Harrison Kennesaw (Georgia).","/ga/softball/game/harrison-kennesaw-vs-hillgrove-powder-springs/9-15-2026/?c=388d2292-7393-4247-8056-0f3f7c4f6385","https://www.maxpreps.com/ga/softball/game/harrison-kennesaw-vs-hillgrove-powder-springs/9-15-2026/?c=388d2292-7393-4247-8056-0f3f7c4f6385","/softball/ga/11ef?9/15/2026","Kennesaw","Springs","https://www.maxpreps.com/ga/harrison-kennesaw/boys-softball/","https://www.maxpreps.com/ga/hillgrove-powder-springs/boys-softball/","",""
179,"Pierce County Blackshear vs Tattnall County Reidsville",Boys Softball,"Georgia",9/15/2026,TBD,"The Tattnall County Reidsville varsity softball team has a game @ Pierce County Blackshear (Georgia).","/ga/softball/game/pierce-county-blackshear-vs-tattnall-county-reidsville/9-15-2026/?c=3c7faeec-2f06-4d97-b6da-f32cc0ed70ff","https://www.maxpreps.com/ga/softball/game/pierce-county-blackshear-vs-tattnall-county-reidsville/9-15-2026/?c=3c7faeec-2f06-4d97-b6da-f32cc0ed70ff","/softball/ga/155a?9/15/2026","Blackshear","Reidsville","https://www.maxpreps.com/ga/pierce-county-blackshear/boys-softball/","https://www.maxpreps.com/ga/tattnall-county-reidsville/boys-softball/","",""
180,"Appling County Baxley vs Brantley County Nahunta",Boys Softball,"Georgia",9/15/2026,TBD,"The Brantley County Nahunta varsity softball team has a game @ Appling County Baxley (Georgia).","/ga/softball/game/appling-county-baxley-vs-brantley-county-nahunta/9-15-2026/?c=485a17c4-dcde-4ae3-99b8-4a8d3eafeff7","https://www.maxpreps.com/ga/softball/game/appling-county-baxley-vs-brantley-county-nahunta/9-15-2026/?c=485a17c4-dcde-4ae3-99b8-4a8d3eafeff7","/softball/ga/12fb?9/15/2026","Baxley","Nahunta","https://www.maxpreps.com/ga/appling-county-baxley/boys-softball/","https://www.maxpreps.com/ga/brantley-county-nahunta/boys-softball/","",""
181,"Calvary Day Savannah vs Savannah Christian",Boys Softball,"Georgia",9/15/2026,TBD,"The Savannah Christian varsity softball team has a game @ Calvary Day Savannah (Georgia).","/ga/softball/game/calvary-day-savannah-vs-savannah-christian/9-15-2026/?c=4b1899ce-f756-4195-b16c-1383302bdbe7","https://www.maxpreps.com/ga/softball/game/calvary-day-savannah-vs-savannah-christian/9-15-2026/?c=4b1899ce-f756-4195-b16c-1383302bdbe7","/softball/ga/105f?9/15/2026","Savannah","Christian","https://www.maxpreps.com/ga/calvary-day-savannah/boys-softball/","https://www.maxpreps.com/ga/savannah-christian/boys-softball/","",""
182,"Baconton Charter vs Seminole County Donalsonville",Boys Softball,"Georgia",9/15/2026,TBD,"The Seminole County Donalsonville varsity softball team has a game @ Baconton Charter (Georgia).","/ga/softball/game/baconton-charter-vs-seminole-county-donalsonville/9-15-2026/?c=9b1b356a-eae9-4909-b5d6-7a2760c5a2c3","https://www.maxpreps.com/ga/softball/game/baconton-charter-vs-seminole-county-donalsonville/9-15-2026/?c=9b1b356a-eae9-4909-b5d6-7a2760c5a2c3","/softball/ga/137f?9/15/2026","Charter","Donalsonville","https://www.maxpreps.com/ga/baconton-charter/boys-softball/","https://www.maxpreps.com/ga/seminole-county-donalsonville/boys-softball/","",""
183,"Callaway Hogansville vs Northeast Macon",Boys Softball,"Georgia",9/15/2026,TBD,"The Northeast Macon varsity softball team has a game @ Callaway Hogansville (Georgia).","/ga/softball/game/callaway-hogansville-vs-northeast-macon/9-15-2026/?c=d66809b3-4a80-4324-9135-7fb26357e74d","https://www.maxpreps.com/ga/softball/game/callaway-hogansville-vs-northeast-macon/9-15-2026/?c=d66809b3-4a80-4324-9135-7fb26357e74d","/softball/ga/f6d?9/15/2026","Hogansville","Macon","https://www.maxpreps.com/ga/callaway-hogansville/boys-softball/","https://www.maxpreps.com/ga/northeast-macon/boys-softball/","",""
184,"Walton Marietta vs Wheeler Marietta",Boys Softball,"Georgia",9/15/2026,TBD,"The Wheeler Marietta varsity softball team has a game @ Walton Marietta (Georgia).","/ga/softball/game/walton-marietta-vs-wheeler-marietta/9-15-2026/?c=0c8d0527-454e-4632-81b3-9bc587167377","https://www.maxpreps.com/ga/softball/game/walton-marietta-vs-wheeler-marietta/9-15-2026/?c=0c8d0527-454e-4632-81b3-9bc587167377","/softball/ga/dcc?9/15/2026","Marietta","Marietta","https://www.maxpreps.com/ga/walton-marietta/boys-softball/","https://www.maxpreps.com/ga/wheeler-marietta/boys-softball/","",""
185,"Chamblee vs Lakeside Atlanta",Boys Softball,"Georgia",9/15/2026,TBD,"The Lakeside Atlanta varsity softball team has a game @ Chamblee (Georgia).","/ga/softball/game/chamblee-vs-lakeside-atlanta/9-15-2026/?c=01ea6abe-c213-427a-838a-39d50ecc090c","https://www.maxpreps.com/ga/softball/game/chamblee-vs-lakeside-atlanta/9-15-2026/?c=01ea6abe-c213-427a-838a-39d50ecc090c","/softball/ga/ac8?9/15/2026","Chamblee","Atlanta","https://www.maxpreps.com/ga/chamblee/boys-softball/","https://www.maxpreps.com/ga/lakeside-atlanta/boys-softball/","",""
186,"Jasper County Monticello vs Putnam County Eatonton",Boys Softball,"Georgia",9/15/2026,TBD,"The Putnam County Eatonton varsity softball team has a game @ Jasper County Monticello (Georgia).","/ga/softball/game/jasper-county-monticello-vs-putnam-county-eatonton/9-15-2026/?c=aec580ed-b406-4bc6-8ca1-6463686c83af","https://www.maxpreps.com/ga/softball/game/jasper-county-monticello-vs-putnam-county-eatonton/9-15-2026/?c=aec580ed-b406-4bc6-8ca1-6463686c83af","/softball/ga/13f3?9/15/2026","Monticello","Eatonton","https://www.maxpreps.com/ga/jasper-county-monticello/boys-softball/","https://www.maxpreps.com/ga/putnam-county-eatonton/boys-softball/","",""
187,"Claxton vs Montgomery County Mt Vernon",Boys Softball,"Georgia",9/15/2026,TBD,"The Montgomery County Mt Vernon varsity softball team has a game @ Claxton (Georgia).","/ga/softball/game/claxton-vs-montgomery-county-mt-vernon/9-15-2026/?c=e4f86b95-865b-42a2-ad10-3eda09fca8db","https://www.maxpreps.com/ga/softball/game/claxton-vs-montgomery-county-mt-vernon/9-15-2026/?c=e4f86b95-865b-42a2-ad10-3eda09fca8db","/softball/ga/f2f?9/15/2026","Claxton","Vernon","https://www.maxpreps.com/ga/claxton/boys-softball/","https://www.maxpreps.com/ga/montgomery-county-mt-vernon/boys-softball/","",""
188,"Pelham vs Southwest Georgia Stem Charter Shellman",Boys Softball,"Georgia",9/15/2026,TBD,"The Southwest Georgia Stem Charter Shellman varsity softball team has a game @ Pelham (Georgia).","/ga/softball/game/pelham-vs-southwest-georgia-stem-charter-shellman/9-15-2026/?c=73400536-ff2a-4e85-8447-fdc29f5dd29e","https://www.maxpreps.com/ga/softball/game/pelham-vs-southwest-georgia-stem-charter-shellman/9-15-2026/?c=73400536-ff2a-4e85-8447-fdc29f5dd29e","/softball/ga/1338?9/15/2026","Pelham","Shellman","https://www.maxpreps.com/ga/pelham/boys-softball/","https://www.maxpreps.com/ga/southwest-georgia-stem-charter-shellman/boys-softball/","",""