1,"Williamson vs Pine Forest",Football,"Alabama",9/10/2026,7:00pm,"The Williamson varsity football team has an away non-conference game @  Pine Forest (Pensacola, FL) today @ 7p.","/inter-state/football/game/pine-forest-pensacola-fl-vs-williamson-mobile-al/9-10-2026/?c=b48ca10a-920f-4d26-896f-6434b1a3086b","https://www.maxpreps.com/inter-state/football/game/pine-forest-pensacola-fl-vs-williamson-mobile-al/9-10-2026/?c=b48ca10a-920f-4d26-896f-6434b1a3086b","/football/al/126f?9/10/2026","Lions","Eagles","https://www.maxpreps.com/al/pine-forest-pensacola-fl/football/","https://www.maxpreps.com/al/williamson-mobile-al/football/","https://hsfootball.net/proxy.php?url=https%3A%2F%2Fimage.maxpreps.io%2Fschool-mascot%2F3%2F5%2F5%2F355baefa-ed80-4252-8fd0-e4d9f4383788.gif%3Fversion%3D638253706200000000%26amp%3Bwidth%3D128%26amp%3Bheight%3D128%26amp%3Bauto%3Dwebp%26amp%3Bformat%3Dpjpg","https://hsfootball.net/proxy.php?url=https%3A%2F%2Fimage.maxpreps.io%2Fschool-mascot%2Ff%2F6%2F4%2Ff64eb451-c381-42d0-afd0-7e4a0143f336.gif%3Fversion%3D636391719600000000%26amp%3Bwidth%3D128%26amp%3Bheight%3D128%26amp%3Bauto%3Dwebp%26amp%3Bformat%3Dpjpg"
1,"Morton vs Normal Community",Boys Volleyball,"Illinois",9/14/2026,5:00pm,"The Morton varsity volleyball team has an away non-conference match @  Normal Community (Normal, IL) on Monday, September 14 @ 5p.","/il/volleyball/match/morton-vs-normal-community/9-14-2026/?c=b87197a9-ad8d-4f76-9f23-22dafd02f31e","https://www.maxpreps.com/il/volleyball/match/morton-vs-normal-community/9-14-2026/?c=b87197a9-ad8d-4f76-9f23-22dafd02f31e","/volleyball/il/a7d?9/14/2026","Potters","Ironmen","https://www.maxpreps.com/il/morton/boys-volleyball/","https://www.maxpreps.com/il/normal-community/boys-volleyball/","https://hsfootball.net/proxy.php?url=https%3A%2F%2Fimage.maxpreps.io%2Fschool-mascot%2Fb%2F1%2F7%2Fb17e201f-955a-499f-af0a-74f8616522b3.gif%3Fversion%3D636153189600000000%26amp%3Bwidth%3D128%26amp%3Bheight%3D128%26amp%3Bauto%3Dwebp%26amp%3Bformat%3Dpjpg","https://hsfootball.net/proxy.php?url=https%3A%2F%2Fimage.maxpreps.io%2Fschool-mascot%2F3%2Ff%2F9%2F3f921a1e-ec82-4888-b587-16d9cc9d4910.gif%3Fversion%3D637769707200000000%26amp%3Bwidth%3D128%26amp%3Bheight%3D128%26amp%3Bauto%3Dwebp%26amp%3Bformat%3Dpjpg"
2,"Newton vs Carmi-White County",Boys Volleyball,"Illinois",9/14/2026,5:00pm,"The Newton varsity volleyball team has an away non-conference match @  Carmi-White County (Carmi, IL) on Monday, September 14 @ 5p.","/il/volleyball/match/carmi-white-county-vs-newton/9-14-2026/?c=e29e1fdc-4f58-49c1-aeb3-3984ce0683d0","https://www.maxpreps.com/il/volleyball/match/carmi-white-county-vs-newton/9-14-2026/?c=e29e1fdc-4f58-49c1-aeb3-3984ce0683d0","/volleyball/il/b07?9/14/2026","Eagles","Bulldogs","https://www.maxpreps.com/il/carmi-white-county/boys-volleyball/","https://www.maxpreps.com/il/newton/boys-volleyball/","https://hsfootball.net/proxy.php?url=https%3A%2F%2Fimage.maxpreps.io%2Fschool-mascot%2Fc%2F1%2F1%2Fc11054c4-e0c0-4409-918f-460dd8d059b4.gif%3Fversion%3D637710039000000000%26amp%3Bwidth%3D128%26amp%3Bheight%3D128%26amp%3Bauto%3Dwebp%26amp%3Bformat%3Dpjpg","https://hsfootball.net/proxy.php?url=https%3A%2F%2Fimage.maxpreps.io%2Fschool-mascot%2F6%2F3%2Fa%2F63a8adee-c247-4876-9a00-929cddc06f5e.gif%3Fversion%3D635702263200000000%26amp%3Bwidth%3D128%26amp%3Bheight%3D128%26amp%3Bauto%3Dwebp%26amp%3Bformat%3Dpjpg"
3,"Joliet West vs Lincoln-Way West",Boys Volleyball,"Illinois",9/14/2026,5:30pm,"The Joliet West varsity volleyball team has an away non-conference match @  Lincoln-Way West (New Lenox, IL) on Monday, September 14 @ 5:30p.","/il/volleyball/match/joliet-west-vs-lincoln-way-west-new-lenox/9-14-2026/?c=d807a01e-873c-4bc2-a8e0-41f1f3ae4a2d","https://www.maxpreps.com/il/volleyball/match/joliet-west-vs-lincoln-way-west-new-lenox/9-14-2026/?c=d807a01e-873c-4bc2-a8e0-41f1f3ae4a2d","/volleyball/il/fe1?9/14/2026","Tigers","Warriors","https://www.maxpreps.com/il/joliet-west/boys-volleyball/","https://www.maxpreps.com/il/lincoln-way-west-new-lenox/boys-volleyball/","https://hsfootball.net/proxy.php?url=https%3A%2F%2Fimage.maxpreps.io%2Fschool-mascot%2F4%2Fe%2F5%2F4e56b8fe-f320-41bf-9722-c657fa38f0df.gif%3Fversion%3D637631553600000000%26amp%3Bwidth%3D128%26amp%3Bheight%3D128%26amp%3Bauto%3Dwebp%26amp%3Bformat%3Dpjpg","https://hsfootball.net/proxy.php?url=https%3A%2F%2Fimage.maxpreps.io%2Fschool-mascot%2F3%2F8%2F4%2F384d368d-51fa-43ae-8ed9-cee8c90036a0.gif%3Fversion%3D635675398200000000%26amp%3Bwidth%3D128%26amp%3Bheight%3D128%26amp%3Bauto%3Dwebp%26amp%3Bformat%3Dpjpg"
4,"Crossroads Christian vs Non Varsity Opponent",Boys Volleyball,"Illinois",9/14/2026,4:30pm,"The Crossroads Christian varsity volleyball team has an away non-conference match @  Non Varsity Opponent on Monday, September 14 @ 4:30p.","/il/volleyball/match/crossroads-christian-big-rock-il-vs-non-varsity-opponent-intl/9-14-2026/?c=5e47bdbd-947b-4efe-bb0c-0444aaa99add","https://www.maxpreps.com/il/volleyball/match/crossroads-christian-big-rock-il-vs-non-varsity-opponent-intl/9-14-2026/?c=5e47bdbd-947b-4efe-bb0c-0444aaa99add","/volleyball/il/17c3?9/14/2026","CRU","TBD","https://www.maxpreps.com/il/crossroads-christian-big-rock-il/boys-volleyball/","https://www.maxpreps.com/il/non-varsity-opponent-intl/boys-volleyball/","https://hsfootball.net/proxy.php?url=https%3A%2F%2Fimage.maxpreps.io%2Fschool-mascot%2Fe%2Fe%2Fd%2Feed54e85-835f-4d74-844d-3bb615d09770.gif%3Fversion%3D637682010000000000%26amp%3Bwidth%3D128%26amp%3Bheight%3D128%26amp%3Bauto%3Dwebp%26amp%3Bformat%3Dpjpg","https://hsfootball.net/proxy.php?url=https%3A%2F%2Fimage.maxpreps.io%2Fschool-mascot%2Fe%2Fe%2Fd%2Feed54e85-835f-4d74-844d-3bb615d09770.gif%3Fversion%3D637682010000000000%26amp%3Bwidth%3D32%26amp%3Bheight%3D32%26amp%3Bauto%3Dwebp%26amp%3Bformat%3Dpjpg"
5,"Watseka vs South Newton",Boys Volleyball,"Illinois",9/14/2026,5:30pm,"The Watseka varsity volleyball team has an away non-conference match @  South Newton (Kentland, IN) on Monday, September 14 @ 5:30p.","/inter-state/volleyball/match/south-newton-kentland-in-vs-watseka-il/9-14-2026/?c=5bc56da3-61e1-4677-9cae-93d6806f5194","https://www.maxpreps.com/inter-state/volleyball/match/south-newton-kentland-in-vs-watseka-il/9-14-2026/?c=5bc56da3-61e1-4677-9cae-93d6806f5194","/volleyball/il/eb2?9/14/2026","Warriors","Rebels","https://www.maxpreps.com/il/south-newton-kentland-in/boys-volleyball/","https://www.maxpreps.com/il/watseka-il/boys-volleyball/","https://hsfootball.net/proxy.php?url=https%3A%2F%2Fimage.maxpreps.io%2Fschool-mascot%2Fb%2F6%2Fb%2Fb6b43220-d18e-46c7-9104-5c7d3931111e.gif%3Fversion%3D635518326600000000%26amp%3Bwidth%3D128%26amp%3Bheight%3D128%26amp%3Bauto%3Dwebp%26amp%3Bformat%3Dpjpg","https://hsfootball.net/proxy.php?url=https%3A%2F%2Fimage.maxpreps.io%2Fschool-mascot%2F4%2F1%2Fa%2F41a6db47-0169-4ddb-ba79-4e03ca859fb3.gif%3Fversion%3D637311908400000000%26amp%3Bwidth%3D128%26amp%3Bheight%3D128%26amp%3Bauto%3Dwebp%26amp%3Bformat%3Dpjpg"
6,"Stagg vs Oak Forest",Boys Volleyball,"Illinois",9/14/2026,4:30pm,"The Stagg varsity volleyball team has an away non-conference match @  Oak Forest (IL) on Monday, September 14 @ 4:30p.","/il/volleyball/match/oak-forest-vs-stagg-palos-hills/9-14-2026/?c=268b126f-dc4a-4169-959d-3732d33d1350","https://www.maxpreps.com/il/volleyball/match/oak-forest-vs-stagg-palos-hills/9-14-2026/?c=268b126f-dc4a-4169-959d-3732d33d1350","/volleyball/il/be9?9/14/2026","Chargers","Bengals","https://www.maxpreps.com/il/oak-forest/boys-volleyball/","https://www.maxpreps.com/il/stagg-palos-hills/boys-volleyball/","https://hsfootball.net/proxy.php?url=https%3A%2F%2Fimage.maxpreps.io%2Fschool-mascot%2Fe%2F8%2F7%2Fe87990d5-7d6c-41e6-a5dd-cd9c9be1871c.gif%3Fversion%3D637666780200000000%26amp%3Bwidth%3D128%26amp%3Bheight%3D128%26amp%3Bauto%3Dwebp%26amp%3Bformat%3Dpjpg","https://hsfootball.net/proxy.php?url=https%3A%2F%2Fimage.maxpreps.io%2Fschool-mascot%2F5%2F2%2F7%2F5271dbb1-b47b-49a8-b787-a3c6a4c93c69.gif%3Fversion%3D636768700200000000%26amp%3Bwidth%3D128%26amp%3Bheight%3D128%26amp%3Bauto%3Dwebp%26amp%3Bformat%3Dpjpg"
7,"College Prep of America vs Aqsa",Boys Volleyball,"Illinois",9/14/2026,4:50pm,"The College Prep of America varsity volleyball team has an away conference match @  Aqsa (Bridgeview, IL) on Monday, September 14 @ 4:50p.","/il/volleyball/match/aqsa-bridgeview-vs-college-prep-of-america-crescents-lombard/9-14-2026/?c=da035b4f-3ec8-4a87-9b33-e13cfbfc165c","https://www.maxpreps.com/il/volleyball/match/aqsa-bridgeview-vs-college-prep-of-america-crescents-lombard/9-14-2026/?c=da035b4f-3ec8-4a87-9b33-e13cfbfc165c","/volleyball/il/1703?9/14/2026","Thunder","Legends","https://www.maxpreps.com/il/aqsa-bridgeview/boys-volleyball/","https://www.maxpreps.com/il/college-prep-of-america-crescents-lombard/boys-volleyball/","https://hsfootball.net/proxy.php?url=https%3A%2F%2Fimage.maxpreps.io%2Fschool-mascot%2F7%2Fb%2F2%2F7b2dc346-4b19-4a8f-b6ae-059704132980.gif%3Fversion%3D637701394800000000%26amp%3Bwidth%3D128%26amp%3Bheight%3D128%26amp%3Bauto%3Dwebp%26amp%3Bformat%3Dpjpg","https://hsfootball.net/proxy.php?url=https%3A%2F%2Fimage.maxpreps.io%2Fschool-mascot%2F7%2Fb%2F2%2F7b2dc346-4b19-4a8f-b6ae-059704132980.gif%3Fversion%3D637701394800000000%26amp%3Bwidth%3D32%26amp%3Bheight%3D32%26amp%3Bauto%3Dwebp%26amp%3Bformat%3Dpjpg"
8,"ACERO Garcia vs Phillips",Boys Volleyball,"Illinois",9/14/2026,5:00pm,"The ACERO Garcia varsity volleyball team has an away non-conference match @  Phillips (Chicago, IL) on Monday, September 14 @ 5p.","/il/volleyball/match/acero-garcia-chicago-vs-phillips-chicago/9-14-2026/?c=65f5c5cd-57ac-4689-9208-e86a35d9420c","https://www.maxpreps.com/il/volleyball/match/acero-garcia-chicago-vs-phillips-chicago/9-14-2026/?c=65f5c5cd-57ac-4689-9208-e86a35d9420c","/volleyball/il/f3c?9/14/2026","Patriots","Wildcats","https://www.maxpreps.com/il/acero-garcia-chicago/boys-volleyball/","https://www.maxpreps.com/il/phillips-chicago/boys-volleyball/","https://hsfootball.net/proxy.php?url=https%3A%2F%2Fimage.maxpreps.io%2Fschool-mascot%2F4%2F7%2F4%2F474f79b4-24e7-444c-a36f-f8f4c1f1a70e.gif%3Fversion%3D636409135200000000%26amp%3Bwidth%3D128%26amp%3Bheight%3D128%26amp%3Bauto%3Dwebp%26amp%3Bformat%3Dpjpg","https://hsfootball.net/proxy.php?url=https%3A%2F%2Fimage.maxpreps.io%2Fschool-mascot%2F8%2F6%2Fc%2F86c63d93-2772-429d-9df4-03f98e11939b.gif%3Fversion%3D638016781200000000%26amp%3Bwidth%3D128%26amp%3Bheight%3D128%26amp%3Bauto%3Dwebp%26amp%3Bformat%3Dpjpg"
9,"Calvary Baptist Christian Academy vs First Baptist Christian",Boys Volleyball,"Illinois",9/14/2026,5:00pm,"The Calvary Baptist Christian Academy varsity volleyball team has an away conference match @  First Baptist Christian (Danville, IL) on Monday, September 14 @ 5p.","/il/volleyball/match/calvary-baptist-christian-academy-urbana-vs-first-baptist-christian-danville/9-14-2026/?c=db8c2987-dac6-4e8a-8f5f-209659886a94","https://www.maxpreps.com/il/volleyball/match/calvary-baptist-christian-academy-urbana-vs-first-baptist-christian-danville/9-14-2026/?c=db8c2987-dac6-4e8a-8f5f-209659886a94","/volleyball/il/1dac?9/14/2026","Crusaders","Knights","https://www.maxpreps.com/il/calvary-baptist-christian-academy-urbana/boys-volleyball/","https://www.maxpreps.com/il/first-baptist-christian-danville/boys-volleyball/","https://hsfootball.net/proxy.php?url=https%3A%2F%2Fimage.maxpreps.io%2Fschool-mascot%2F5%2F0%2F8%2F508729dc-acbd-4f08-bf00-b40328b6e3d3.gif%3Fversion%3D638744428446127020%26amp%3Bwidth%3D128%26amp%3Bheight%3D128%26amp%3Bauto%3Dwebp%26amp%3Bformat%3Dpjpg","https://hsfootball.net/proxy.php?url=https%3A%2F%2Fimage.maxpreps.io%2Fschool-mascot%2F5%2F0%2F8%2F508729dc-acbd-4f08-bf00-b40328b6e3d3.gif%3Fversion%3D638744428446127020%26amp%3Bwidth%3D32%26amp%3Bheight%3D32%26amp%3Bauto%3Dwebp%26amp%3Bformat%3Dpjpg"
10,"Elverado vs Anna-Jonesboro",Boys Volleyball,"Illinois",9/14/2026,5:00pm,"The Elverado varsity volleyball team has an away non-conference match @  Anna-Jonesboro (Anna, IL) on Monday, September 14 @ 5p.","/il/volleyball/match/anna-jonesboro-vs-elverado-elkville/9-14-2026/?c=f6043d4e-2907-4417-8a30-98e308b51477","https://www.maxpreps.com/il/volleyball/match/anna-jonesboro-vs-elverado-elkville/9-14-2026/?c=f6043d4e-2907-4417-8a30-98e308b51477","/volleyball/il/db6?9/14/2026","Falcons","Wildcats","https://www.maxpreps.com/il/anna-jonesboro/boys-volleyball/","https://www.maxpreps.com/il/elverado-elkville/boys-volleyball/","https://hsfootball.net/proxy.php?url=https%3A%2F%2Fimage.maxpreps.io%2Fschool-mascot%2F7%2F2%2Fc%2F72c56992-4eea-42f9-a52c-03ee1d0fac26.gif%3Fversion%3D636737143800000000%26amp%3Bwidth%3D128%26amp%3Bheight%3D128%26amp%3Bauto%3Dwebp%26amp%3Bformat%3Dpjpg","https://hsfootball.net/proxy.php?url=https%3A%2F%2Fimage.maxpreps.io%2Fschool-mascot%2Ff%2Ff%2Fe%2Fffe9c4d8-c552-48d2-8c91-568cf11e5664.gif%3Fversion%3D639093659337179310%26amp%3Bwidth%3D128%26amp%3Bheight%3D128%26amp%3Bauto%3Dwebp%26amp%3Bformat%3Dpjpg"
11,"Evanston vs Niles West",Boys Volleyball,"Illinois",9/14/2026,5:00pm,"The Evanston varsity volleyball team has an away conference match @  Niles West (Skokie, IL) on Monday, September 14 @ 5p.","/il/volleyball/match/evanston-vs-niles-west-skokie/9-14-2026/?c=85df45ac-5580-4f0b-a8ef-4aca0af00aa7","https://www.maxpreps.com/il/volleyball/match/evanston-vs-niles-west-skokie/9-14-2026/?c=85df45ac-5580-4f0b-a8ef-4aca0af00aa7","/volleyball/il/b6f?9/14/2026","Wildkits","Wolves","https://www.maxpreps.com/il/evanston/boys-volleyball/","https://www.maxpreps.com/il/niles-west-skokie/boys-volleyball/","https://hsfootball.net/proxy.php?url=https%3A%2F%2Fimage.maxpreps.io%2Fschool-mascot%2F6%2F1%2Fe%2F61e7f820-0e7a-4d69-92e0-4ba9e4c0fb15.gif%3Fversion%3D636830478000000000%26amp%3Bwidth%3D128%26amp%3Bheight%3D128%26amp%3Bauto%3Dwebp%26amp%3Bformat%3Dpjpg","https://hsfootball.net/proxy.php?url=https%3A%2F%2Fimage.maxpreps.io%2Fschool-mascot%2Fd%2F9%2F0%2Fd9010791-3f42-4626-ad97-07832288098f.gif%3Fversion%3D637666777800000000%26amp%3Bwidth%3D128%26amp%3Bheight%3D128%26amp%3Bauto%3Dwebp%26amp%3Bformat%3Dpjpg"
12,"Sullivan vs Windsor/Stewardson-Strasburg",Boys Volleyball,"Illinois",9/14/2026,5:00pm,"The Sullivan varsity volleyball team has an away non-conference match @  Windsor/Stewardson-Strasburg (Windsor, IL) on Monday, September 14 @ 5p.","/il/volleyball/match/sullivan-vs-windsor-stewardson-strasburg/9-14-2026/?c=9a192cd4-9e4d-4a88-a389-bc0876919e2b","https://www.maxpreps.com/il/volleyball/match/sullivan-vs-windsor-stewardson-strasburg/9-14-2026/?c=9a192cd4-9e4d-4a88-a389-bc0876919e2b","/volleyball/il/1038?9/14/2026","Redskins","TBD","https://www.maxpreps.com/il/sullivan/boys-volleyball/","https://www.maxpreps.com/il/windsor-stewardson-strasburg/boys-volleyball/","https://hsfootball.net/proxy.php?url=https%3A%2F%2Fimage.maxpreps.io%2Fschool-mascot%2F8%2F6%2F6%2F866e0104-69a0-4c40-a72b-312106291e26.gif%3Fversion%3D637516692600000000%26amp%3Bwidth%3D128%26amp%3Bheight%3D128%26amp%3Bauto%3Dwebp%26amp%3Bformat%3Dpjpg","https://hsfootball.net/proxy.php?url=https%3A%2F%2Fimage.maxpreps.io%2Fschool-mascot%2F1%2F1%2Fa%2F11af6b5f-657b-4ed2-bcf4-bca8d037a422.gif%3Fversion%3D636141809400000000%26amp%3Bwidth%3D128%26amp%3Bheight%3D128%26amp%3Bauto%3Dwebp%26amp%3Bformat%3Dpjpg"
13,"Glenbrook North vs Glenbrook South",Boys Volleyball,"Illinois",9/14/2026,5:00pm,"The Glenbrook North varsity volleyball team has an away conference match @  Glenbrook South (Glenview, IL) on Monday, September 14 @ 5p.","/il/volleyball/match/glenbrook-north-northbrook-vs-glenbrook-south-glenview/9-14-2026/?c=5c905ae3-a770-4a65-b456-799c0dd16dc5","https://www.maxpreps.com/il/volleyball/match/glenbrook-north-northbrook-vs-glenbrook-south-glenview/9-14-2026/?c=5c905ae3-a770-4a65-b456-799c0dd16dc5","/volleyball/il/1584?9/14/2026","Spartans","Titans","https://www.maxpreps.com/il/glenbrook-north-northbrook/boys-volleyball/","https://www.maxpreps.com/il/glenbrook-south-glenview/boys-volleyball/","https://hsfootball.net/proxy.php?url=https%3A%2F%2Fimage.maxpreps.io%2Fschool-mascot%2F5%2F0%2F1%2F501efb7c-bf5e-44ce-b7f5-46e47820baba.gif%3Fversion%3D637769706600000000%26amp%3Bwidth%3D128%26amp%3Bheight%3D128%26amp%3Bauto%3Dwebp%26amp%3Bformat%3Dpjpg","https://hsfootball.net/proxy.php?url=https%3A%2F%2Fimage.maxpreps.io%2Fschool-mascot%2F5%2Fc%2Fa%2F5cae2bb6-4da0-4e5a-be11-8dfbcc5e5a6c.gif%3Fversion%3D635313447000000000%26amp%3Bwidth%3D128%26amp%3Bheight%3D128%26amp%3Bauto%3Dwebp%26amp%3Bformat%3Dpjpg"
14,"Hillsboro vs Marquette Catholic",Boys Volleyball,"Illinois",9/14/2026,5:00pm,"The Hillsboro varsity volleyball team has an away non-conference match @  Marquette Catholic (Alton, IL) on Monday, September 14 @ 5p.","/il/volleyball/match/hillsboro-hiltoppers-vs-marquette-catholic-alton/9-14-2026/?c=b4a549de-f324-4b71-8c31-3b32934a9697","https://www.maxpreps.com/il/volleyball/match/hillsboro-hiltoppers-vs-marquette-catholic-alton/9-14-2026/?c=b4a549de-f324-4b71-8c31-3b32934a9697","/volleyball/il/131f?9/14/2026","Hilltoppers","Explorers","https://www.maxpreps.com/il/hillsboro-hiltoppers/boys-volleyball/","https://www.maxpreps.com/il/marquette-catholic-alton/boys-volleyball/","https://hsfootball.net/proxy.php?url=https%3A%2F%2Fimage.maxpreps.io%2Fschool-mascot%2F2%2F2%2F7%2F2276077a-55f5-4fe8-9c70-3aa354ce55f5.gif%3Fversion%3D637516433400000000%26amp%3Bwidth%3D128%26amp%3Bheight%3D128%26amp%3Bauto%3Dwebp%26amp%3Bformat%3Dpjpg","https://hsfootball.net/proxy.php?url=https%3A%2F%2Fimage.maxpreps.io%2Fschool-mascot%2F8%2Fe%2F2%2F8e20d912-5e93-4386-8ec8-662b747e8f95.gif%3Fversion%3D637710075000000000%26amp%3Bwidth%3D128%26amp%3Bheight%3D128%26amp%3Bauto%3Dwebp%26amp%3Bformat%3Dpjpg"
15,"Oregon vs Amboy",Boys Volleyball,"Illinois",9/14/2026,5:00pm,"The Oregon varsity volleyball team has an away non-conference match @  Amboy (IL) on Monday, September 14 @ 5p.","/il/volleyball/match/amboy-vs-oregon/9-14-2026/?c=67a69c0e-0108-446d-b7b7-0c3bbc09638f","https://www.maxpreps.com/il/volleyball/match/amboy-vs-oregon/9-14-2026/?c=67a69c0e-0108-446d-b7b7-0c3bbc09638f","/volleyball/il/5e5?9/14/2026","Hawks","Clippers","https://www.maxpreps.com/il/amboy/boys-volleyball/","https://www.maxpreps.com/il/oregon/boys-volleyball/","https://hsfootball.net/proxy.php?url=https%3A%2F%2Fimage.maxpreps.io%2Fschool-mascot%2F3%2Fe%2F0%2F3e0a93e3-1bd2-4243-8da1-495eb2f0990c.gif%3Fversion%3D637164885000000000%26amp%3Bwidth%3D128%26amp%3Bheight%3D128%26amp%3Bauto%3Dwebp%26amp%3Bformat%3Dpjpg","https://hsfootball.net/proxy.php?url=https%3A%2F%2Fimage.maxpreps.io%2Fschool-mascot%2F9%2Fb%2F8%2F9b896062-2f99-4aca-8cfb-ce7049f54212.gif%3Fversion%3D635844028800000000%26amp%3Bwidth%3D128%26amp%3Bheight%3D128%26amp%3Bauto%3Dwebp%26amp%3Bformat%3Dpjpg"
16,"Paxton-Buckley-Loda vs Herscher",Boys Volleyball,"Illinois",9/14/2026,5:00pm,"The Paxton-Buckley-Loda varsity volleyball team has an away non-conference match @  Herscher (IL) on Monday, September 14 @ 5p.","/il/volleyball/match/herscher-vs-paxton-buckley-loda/9-14-2026/?c=93feba06-e596-414b-89fd-ceeb207d0b4b","https://www.maxpreps.com/il/volleyball/match/herscher-vs-paxton-buckley-loda/9-14-2026/?c=93feba06-e596-414b-89fd-ceeb207d0b4b","/volleyball/il/c1a?9/14/2026","Panthers","Tigers","https://www.maxpreps.com/il/herscher/boys-volleyball/","https://www.maxpreps.com/il/paxton-buckley-loda/boys-volleyball/","https://hsfootball.net/proxy.php?url=https%3A%2F%2Fimage.maxpreps.io%2Fschool-mascot%2Fc%2Fb%2Fb%2Fcbb97ccd-aeab-4b64-94a5-88151be1dea4.gif%3Fversion%3D635151876000000000%26amp%3Bwidth%3D128%26amp%3Bheight%3D128%26amp%3Bauto%3Dwebp%26amp%3Bformat%3Dpjpg","https://hsfootball.net/proxy.php?url=https%3A%2F%2Fimage.maxpreps.io%2Fschool-mascot%2F3%2F5%2F2%2F3521abf9-3e62-4693-918d-66e3d919faeb.gif%3Fversion%3D636891073800000000%26amp%3Bwidth%3D128%26amp%3Bheight%3D128%26amp%3Bauto%3Dwebp%26amp%3Bformat%3Dpjpg"
17,"New Trier vs Maine South",Boys Volleyball,"Illinois",9/14/2026,5:00pm,"The New Trier varsity volleyball team has an away conference match @  Maine South (Park Ridge, IL) on Monday, September 14 @ 5p.","/il/volleyball/match/maine-south-park-ridge-vs-new-trier-winnetka/9-14-2026/?c=911591b1-7fab-4e91-8e43-d1e42b0512d3","https://www.maxpreps.com/il/volleyball/match/maine-south-park-ridge-vs-new-trier-winnetka/9-14-2026/?c=911591b1-7fab-4e91-8e43-d1e42b0512d3","/volleyball/il/10eb?9/14/2026","Trevians","Hawks","https://www.maxpreps.com/il/maine-south-park-ridge/boys-volleyball/","https://www.maxpreps.com/il/new-trier-winnetka/boys-volleyball/","https://hsfootball.net/proxy.php?url=https%3A%2F%2Fimage.maxpreps.io%2Fschool-mascot%2F4%2F2%2F7%2F427d5559-778a-4acb-90e5-6d4ffda43322.gif%3Fversion%3D638223415800000000%26amp%3Bwidth%3D128%26amp%3Bheight%3D128%26amp%3Bauto%3Dwebp%26amp%3Bformat%3Dpjpg","https://hsfootball.net/proxy.php?url=https%3A%2F%2Fimage.maxpreps.io%2Fschool-mascot%2Fd%2F0%2Fb%2Fd0bab777-e7aa-4d71-a0ec-2d78a1a3eb9a.gif%3Fversion%3D637662596400000000%26amp%3Bwidth%3D128%26amp%3Bheight%3D128%26amp%3Bauto%3Dwebp%26amp%3Bformat%3Dpjpg"
18,"Mather vs Uplift",Boys Volleyball,"Illinois",9/14/2026,5:00pm,"The Mather varsity volleyball team has an away non-conference match @  Uplift (Chicago, IL) on Monday, September 14 @ 5p.","/il/volleyball/match/mather-chicago-vs-uplift-chicago/9-14-2026/?c=1292e3d8-2713-4637-a74c-3702f0197a55","https://www.maxpreps.com/il/volleyball/match/mather-chicago-vs-uplift-chicago/9-14-2026/?c=1292e3d8-2713-4637-a74c-3702f0197a55","/volleyball/il/c4e?9/14/2026","Rangers","Titans","https://www.maxpreps.com/il/mather-chicago/boys-volleyball/","https://www.maxpreps.com/il/uplift-chicago/boys-volleyball/","https://hsfootball.net/proxy.php?url=https%3A%2F%2Fimage.maxpreps.io%2Fschool-mascot%2F3%2F4%2F7%2F347990e8-fdb7-4ca8-a4e1-42b811bb66a3.gif%3Fversion%3D636744440400000000%26amp%3Bwidth%3D128%26amp%3Bheight%3D128%26amp%3Bauto%3Dwebp%26amp%3Bformat%3Dpjpg","https://hsfootball.net/proxy.php?url=https%3A%2F%2Fimage.maxpreps.io%2Fschool-mascot%2F3%2Fb%2F7%2F3b7e1be6-5e75-459f-baba-1aadbbf30368.gif%3Fversion%3D638694222835307610%26amp%3Bwidth%3D128%26amp%3Bheight%3D128%26amp%3Bauto%3Dwebp%26amp%3Bformat%3Dpjpg"
19,"East Chicago Central vs Horizon Science Academy-Southwest",Boys Volleyball,"Illinois",9/14/2026,5:00pm,"The East Chicago Central varsity volleyball team has an away non-conference match @  Horizon Science Academy-Southwest (Chicago, IL) on Monday, September 14 @ 5p.","/inter-state/volleyball/match/east-chicago-central-in-vs-horizon-science-academy-southwest-chicago-il/9-14-2026/?c=3dcc8a5c-6327-4f4a-9e84-8459481653d7","https://www.maxpreps.com/inter-state/volleyball/match/east-chicago-central-in-vs-horizon-science-academy-southwest-chicago-il/9-14-2026/?c=3dcc8a5c-6327-4f4a-9e84-8459481653d7","/volleyball/il/1b36?9/14/2026","Cardinals","Huskies","https://www.maxpreps.com/il/east-chicago-central-in/boys-volleyball/","https://www.maxpreps.com/il/horizon-science-academy-southwest-chicago-il/boys-volleyball/","https://hsfootball.net/proxy.php?url=https%3A%2F%2Fimage.maxpreps.io%2Fschool-mascot%2F3%2F5%2F4%2F35453173-a98d-4ecd-89d1-031175151f30.gif%3Fversion%3D636106713600000000%26amp%3Bwidth%3D128%26amp%3Bheight%3D128%26amp%3Bauto%3Dwebp%26amp%3Bformat%3Dpjpg","https://hsfootball.net/proxy.php?url=https%3A%2F%2Fimage.maxpreps.io%2Fschool-mascot%2F2%2F7%2Fd%2F27df0f1a-6b73-456b-913f-10b10bd835d9.gif%3Fversion%3D637641954000000000%26amp%3Bwidth%3D128%26amp%3Bheight%3D128%26amp%3Bauto%3Dwebp%26amp%3Bformat%3Dpjpg"
20,"Farragut vs Wells",Boys Volleyball,"Illinois",9/14/2026,5:00pm,"The Farragut varsity volleyball team has an away non-conference match @  Wells (Chicago, IL) on Monday, September 14 @ 5p.","/il/volleyball/match/farragut-chicago-vs-wells-chicago/9-14-2026/?c=aa13c59e-1751-4ff7-ba82-f1e3f8eb9b6d","https://www.maxpreps.com/il/volleyball/match/farragut-chicago-vs-wells-chicago/9-14-2026/?c=aa13c59e-1751-4ff7-ba82-f1e3f8eb9b6d","/volleyball/il/cbc?9/14/2026","Admirals","Raiders","https://www.maxpreps.com/il/farragut-chicago/boys-volleyball/","https://www.maxpreps.com/il/wells-chicago/boys-volleyball/","https://hsfootball.net/proxy.php?url=https%3A%2F%2Fimage.maxpreps.io%2Fschool-mascot%2F3%2F4%2Ff%2F34f926b5-f487-4e49-a9c4-4899827e5b40.gif%3Fversion%3D638428992600000000%26amp%3Bwidth%3D128%26amp%3Bheight%3D128%26amp%3Bauto%3Dwebp%26amp%3Bformat%3Dpjpg","https://hsfootball.net/proxy.php?url=https%3A%2F%2Fimage.maxpreps.io%2Fschool-mascot%2Fa%2F6%2F4%2Fa6489c97-cfef-46b1-9142-1f1710384510.gif%3Fversion%3D638174970000000000%26amp%3Bwidth%3D128%26amp%3Bheight%3D128%26amp%3Bauto%3Dwebp%26amp%3Bformat%3Dpjpg"
21,"Victoria Soto vs Kennedy",Boys Volleyball,"Illinois",9/14/2026,5:00pm,"The Victoria Soto varsity volleyball team has an away non-conference match @  Kennedy (Chicago, IL) on Monday, September 14 @ 5p.","/il/volleyball/match/kennedy-chicago-vs-victoria-soto-chicago/9-14-2026/?c=dceb339b-1f75-47b5-b0ce-2d2a06d97d9a","https://www.maxpreps.com/il/volleyball/match/kennedy-chicago-vs-victoria-soto-chicago/9-14-2026/?c=dceb339b-1f75-47b5-b0ce-2d2a06d97d9a","/volleyball/il/f7a?9/14/2026","Wolves","Crusaders","https://www.maxpreps.com/il/kennedy-chicago/boys-volleyball/","https://www.maxpreps.com/il/victoria-soto-chicago/boys-volleyball/","https://hsfootball.net/proxy.php?url=https%3A%2F%2Fimage.maxpreps.io%2Fschool-mascot%2F2%2F7%2F4%2F27468816-d44a-4f18-af1f-b6e4904e40ae.gif%3Fversion%3D636421119000000000%26amp%3Bwidth%3D128%26amp%3Bheight%3D128%26amp%3Bauto%3Dwebp%26amp%3Bformat%3Dpjpg","https://hsfootball.net/proxy.php?url=https%3A%2F%2Fimage.maxpreps.io%2Fschool-mascot%2Fd%2F6%2F4%2Fd64cce4c-1061-432a-af8c-45f36a5ac886.gif%3Fversion%3D636866688600000000%26amp%3Bwidth%3D128%26amp%3Bheight%3D128%26amp%3Bauto%3Dwebp%26amp%3Bformat%3Dpjpg"
22,"Barry Western vs Camp Point Central",Boys Volleyball,"Illinois",9/14/2026,5:00pm,"The Barry Western varsity volleyball team has an away conference match @  Camp Point Central (Camp Point, IL) on Monday, September 14 @ 5p.","/il/volleyball/match/barry-western-vs-camp-point-central/9-14-2026/?c=0cf81e46-2669-4313-8c8c-0c5d5f02105b","https://www.maxpreps.com/il/volleyball/match/barry-western-vs-camp-point-central/9-14-2026/?c=0cf81e46-2669-4313-8c8c-0c5d5f02105b","/volleyball/il/da6?9/14/2026","Wildcats","Panthers","https://www.maxpreps.com/il/barry-western/boys-volleyball/","https://www.maxpreps.com/il/camp-point-central/boys-volleyball/","https://hsfootball.net/proxy.php?url=https%3A%2F%2Fimage.maxpreps.io%2Fschool-mascot%2F6%2F4%2F5%2F645d0177-5f45-4c6d-9817-48129d13250f.gif%3Fversion%3D636389871000000000%26amp%3Bwidth%3D128%26amp%3Bheight%3D128%26amp%3Bauto%3Dwebp%26amp%3Bformat%3Dpjpg","https://hsfootball.net/proxy.php?url=https%3A%2F%2Fimage.maxpreps.io%2Fschool-mascot%2F4%2F3%2Fe%2F43ed8177-ee7f-440e-8f78-6cd73b03c44b.gif%3Fversion%3D637710075000000000%26amp%3Bwidth%3D128%26amp%3Bheight%3D128%26amp%3Bauto%3Dwebp%26amp%3Bformat%3Dpjpg"
23,"Dakota vs South Beloit",Boys Volleyball,"Illinois",9/14/2026,5:00pm,"The Dakota varsity volleyball team has an away non-conference match @  South Beloit (IL) on Monday, September 14 @ 5p.","/il/volleyball/match/dakota-vs-south-beloit/9-14-2026/?c=d4743705-a530-4c1f-a377-86dfaa0bd4f0","https://www.maxpreps.com/il/volleyball/match/dakota-vs-south-beloit/9-14-2026/?c=d4743705-a530-4c1f-a377-86dfaa0bd4f0","/volleyball/il/896?9/14/2026","Indians","Sobos","https://www.maxpreps.com/il/dakota/boys-volleyball/","https://www.maxpreps.com/il/south-beloit/boys-volleyball/","https://hsfootball.net/proxy.php?url=https%3A%2F%2Fimage.maxpreps.io%2Fschool-mascot%2Fe%2Fd%2F3%2Fed3ae02b-c6d5-43a3-bb9a-e5c2e05d4c22.gif%3Fversion%3D637977111600000000%26amp%3Bwidth%3D128%26amp%3Bheight%3D128%26amp%3Bauto%3Dwebp%26amp%3Bformat%3Dpjpg","https://hsfootball.net/proxy.php?url=https%3A%2F%2Fimage.maxpreps.io%2Fschool-mascot%2F1%2F3%2F1%2F1319063c-3d9b-4ddf-9cf5-c7aa4cc427ab.gif%3Fversion%3D636083991600000000%26amp%3Bwidth%3D128%26amp%3Bheight%3D128%26amp%3Bauto%3Dwebp%26amp%3Bformat%3Dpjpg"
24,"Teutopolis vs Effingham",Boys Volleyball,"Illinois",9/14/2026,5:00pm,"The Teutopolis varsity volleyball team has an away non-conference match @  Effingham (IL) on Monday, September 14 @ 5p.","/il/volleyball/match/effingham-hearts-vs-teutopolis/9-14-2026/?c=12bccef9-257b-4836-a429-091a05539122","https://www.maxpreps.com/il/volleyball/match/effingham-hearts-vs-teutopolis/9-14-2026/?c=12bccef9-257b-4836-a429-091a05539122","/volleyball/il/bf4?9/14/2026","Wooden Shoes","Flaming Hearts","https://www.maxpreps.com/il/effingham-hearts/boys-volleyball/","https://www.maxpreps.com/il/teutopolis/boys-volleyball/","https://hsfootball.net/proxy.php?url=https%3A%2F%2Fimage.maxpreps.io%2Fschool-mascot%2F2%2Fc%2Fb%2F2cb9bea1-55b2-48cb-806a-3b537ff557ba.gif%3Fversion%3D637769706600000000%26amp%3Bwidth%3D128%26amp%3Bheight%3D128%26amp%3Bauto%3Dwebp%26amp%3Bformat%3Dpjpg","https://hsfootball.net/proxy.php?url=https%3A%2F%2Fimage.maxpreps.io%2Fschool-mascot%2F4%2Fd%2Fb%2F4db652eb-1a37-4fd9-81f6-b52425bf16e3.gif%3Fversion%3D637237731600000000%26amp%3Bwidth%3D128%26amp%3Bheight%3D128%26amp%3Bauto%3Dwebp%26amp%3Bformat%3Dpjpg"
25,"St. Bede vs LaSalle-Peru",Boys Volleyball,"Illinois",9/14/2026,5:00pm,"The St. Bede varsity volleyball team has an away non-conference match @  LaSalle-Peru (LaSalle, IL) on Monday, September 14 @ 5p.","/il/volleyball/match/lasalle-peru-vs-st-bede-peru/9-14-2026/?c=ba821776-2e4a-43f0-814d-ec4cdde7c213","https://www.maxpreps.com/il/volleyball/match/lasalle-peru-vs-st-bede-peru/9-14-2026/?c=ba821776-2e4a-43f0-814d-ec4cdde7c213","/volleyball/il/a97?9/14/2026","Bruins","Cavaliers","https://www.maxpreps.com/il/lasalle-peru/boys-volleyball/","https://www.maxpreps.com/il/st-bede-peru/boys-volleyball/","https://hsfootball.net/proxy.php?url=https%3A%2F%2Fimage.maxpreps.io%2Fschool-mascot%2F1%2F8%2F3%2F183a53f1-fc4f-459e-849c-66b94136b08c.gif%3Fversion%3D638333121000000000%26amp%3Bwidth%3D128%26amp%3Bheight%3D128%26amp%3Bauto%3Dwebp%26amp%3Bformat%3Dpjpg","https://hsfootball.net/proxy.php?url=https%3A%2F%2Fimage.maxpreps.io%2Fschool-mascot%2Fd%2F9%2F4%2Fd94ada9c-b1f8-47cd-8ad8-6c56dd34f594.gif%3Fversion%3D637769898600000000%26amp%3Bwidth%3D128%26amp%3Bheight%3D128%26amp%3Bauto%3Dwebp%26amp%3Bformat%3Dpjpg"
26,"Pleasant Hill vs Bowling Green",Boys Volleyball,"Illinois",9/14/2026,5:00pm,"The Pleasant Hill varsity volleyball team has an away non-conference match @  Bowling Green (MO) on Monday, September 14 @ 5p.","/inter-state/volleyball/match/bowling-green-mo-vs-pleasant-hill-il/9-14-2026/?c=35603961-d3d4-4cfb-a61c-39d5db3c6831","https://www.maxpreps.com/inter-state/volleyball/match/bowling-green-mo-vs-pleasant-hill-il/9-14-2026/?c=35603961-d3d4-4cfb-a61c-39d5db3c6831","/volleyball/il/dac?9/14/2026","Wolves","Bobcats","https://www.maxpreps.com/il/bowling-green-mo/boys-volleyball/","https://www.maxpreps.com/il/pleasant-hill-il/boys-volleyball/","https://hsfootball.net/proxy.php?url=https%3A%2F%2Fimage.maxpreps.io%2Fschool-mascot%2F5%2F9%2F2%2F592a1838-6922-4217-94cb-126cb44e7ce1.gif%3Fversion%3D635309824200000000%26amp%3Bwidth%3D128%26amp%3Bheight%3D128%26amp%3Bauto%3Dwebp%26amp%3Bformat%3Dpjpg","https://hsfootball.net/proxy.php?url=https%3A%2F%2Fimage.maxpreps.io%2Fschool-mascot%2F5%2F9%2F2%2F592a1838-6922-4217-94cb-126cb44e7ce1.gif%3Fversion%3D635309824200000000%26amp%3Bwidth%3D32%26amp%3Bheight%3D32%26amp%3Bauto%3Dwebp%26amp%3Bformat%3Dpjpg"
27,"Peotone vs Grant Park",Boys Volleyball,"Illinois",9/14/2026,5:00pm,"The Peotone varsity volleyball team has an away non-conference match @  Grant Park (IL) on Monday, September 14 @ 5p.","/il/volleyball/match/grant-park-vs-peotone/9-14-2026/?c=6c41f230-ab10-464a-903a-f91391e0910a","https://www.maxpreps.com/il/volleyball/match/grant-park-vs-peotone/9-14-2026/?c=6c41f230-ab10-464a-903a-f91391e0910a","/volleyball/il/834?9/14/2026","Blue Devils","Dragons","https://www.maxpreps.com/il/grant-park/boys-volleyball/","https://www.maxpreps.com/il/peotone/boys-volleyball/","https://hsfootball.net/proxy.php?url=https%3A%2F%2Fimage.maxpreps.io%2Fschool-mascot%2F8%2Fb%2F1%2F8b156dd1-3bee-4f87-93be-ba1a88228e24.gif%3Fversion%3D636141981600000000%26amp%3Bwidth%3D128%26amp%3Bheight%3D128%26amp%3Bauto%3Dwebp%26amp%3Bformat%3Dpjpg","https://hsfootball.net/proxy.php?url=https%3A%2F%2Fimage.maxpreps.io%2Fschool-mascot%2Fc%2Fd%2F4%2Fcd4eb091-740f-46fb-beef-ccbea4302336.gif%3Fversion%3D635836156200000000%26amp%3Bwidth%3D128%26amp%3Bheight%3D128%26amp%3Bauto%3Dwebp%26amp%3Bformat%3Dpjpg"
28,"Bradley-Bourbonnais vs Manteno",Boys Volleyball,"Illinois",9/14/2026,5:00pm,"The Bradley-Bourbonnais varsity volleyball team has an away non-conference match @  Manteno (IL) on Monday, September 14 @ 5p.","/il/volleyball/match/bradley-bourbonnais-vs-manteno/9-14-2026/?c=bbc19eb5-e461-4a12-8a6e-fbcf4de7e85a","https://www.maxpreps.com/il/volleyball/match/bradley-bourbonnais-vs-manteno/9-14-2026/?c=bbc19eb5-e461-4a12-8a6e-fbcf4de7e85a","/volleyball/il/be7?9/14/2026","Boilermakers","Panthers","https://www.maxpreps.com/il/bradley-bourbonnais/boys-volleyball/","https://www.maxpreps.com/il/manteno/boys-volleyball/","https://hsfootball.net/proxy.php?url=https%3A%2F%2Fimage.maxpreps.io%2Fschool-mascot%2F3%2F6%2Fb%2F36b2de45-1d77-40d0-a9f6-4af30db9f4b0.gif%3Fversion%3D636848808600000000%26amp%3Bwidth%3D128%26amp%3Bheight%3D128%26amp%3Bauto%3Dwebp%26amp%3Bformat%3Dpjpg","https://hsfootball.net/proxy.php?url=https%3A%2F%2Fimage.maxpreps.io%2Fschool-mascot%2F0%2Fa%2F5%2F0a52baa9-249a-4135-9d4f-6a4dd310043f.gif%3Fversion%3D635325359400000000%26amp%3Bwidth%3D128%26amp%3Bheight%3D128%26amp%3Bauto%3Dwebp%26amp%3Bformat%3Dpjpg"
29,"Sandwich vs Woodstock",Boys Volleyball,"Illinois",9/14/2026,5:00pm,"The Sandwich varsity volleyball team has an away conference match @  Woodstock (IL) on Monday, September 14 @ 5p.","/il/volleyball/match/sandwich-vs-woodstock/9-14-2026/?c=55ef8364-465d-47f4-b94e-a098bd06cb3a","https://www.maxpreps.com/il/volleyball/match/sandwich-vs-woodstock/9-14-2026/?c=55ef8364-465d-47f4-b94e-a098bd06cb3a","/volleyball/il/871?9/14/2026","Indians","Blue Streaks","https://www.maxpreps.com/il/sandwich/boys-volleyball/","https://www.maxpreps.com/il/woodstock/boys-volleyball/","https://hsfootball.net/proxy.php?url=https%3A%2F%2Fimage.maxpreps.io%2Fschool-mascot%2F8%2F5%2F1%2F851a4721-05ca-40b4-b4a7-a3f521ae7367.gif%3Fversion%3D635127778200000000%26amp%3Bwidth%3D128%26amp%3Bheight%3D128%26amp%3Bauto%3Dwebp%26amp%3Bformat%3Dpjpg","https://hsfootball.net/proxy.php?url=https%3A%2F%2Fimage.maxpreps.io%2Fschool-mascot%2F8%2F5%2F1%2F851a4721-05ca-40b4-b4a7-a3f521ae7367.gif%3Fversion%3D635127778200000000%26amp%3Bwidth%3D32%26amp%3Bheight%3D32%26amp%3Bauto%3Dwebp%26amp%3Bformat%3Dpjpg"
30,"Westville vs Tolono Unity",Boys Volleyball,"Illinois",9/14/2026,5:00pm,"The Westville varsity volleyball team has an away non-conference match @  Tolono Unity (Tolono, IL) on Monday, September 14 @ 5p.","/il/volleyball/match/tolono-unity-vs-westville/9-14-2026/?c=672f2fa6-02ca-4e96-8114-5741430dedf0","https://www.maxpreps.com/il/volleyball/match/tolono-unity-vs-westville/9-14-2026/?c=672f2fa6-02ca-4e96-8114-5741430dedf0","/volleyball/il/a23?9/14/2026","Tigers","Rockets","https://www.maxpreps.com/il/tolono-unity/boys-volleyball/","https://www.maxpreps.com/il/westville/boys-volleyball/","https://hsfootball.net/proxy.php?url=https%3A%2F%2Fimage.maxpreps.io%2Fschool-mascot%2Fa%2Fc%2F0%2Fac048559-f4ea-44a8-bcb5-861290590707.gif%3Fversion%3D637710042000000000%26amp%3Bwidth%3D128%26amp%3Bheight%3D128%26amp%3Bauto%3Dwebp%26amp%3Bformat%3Dpjpg","https://hsfootball.net/proxy.php?url=https%3A%2F%2Fimage.maxpreps.io%2Fschool-mascot%2F0%2F1%2F8%2F0187dacb-da95-4ce7-aea3-1203891555fb.gif%3Fversion%3D638106771000000000%26amp%3Bwidth%3D128%26amp%3Bheight%3D128%26amp%3Bauto%3Dwebp%26amp%3Bformat%3Dpjpg"
31,"Genoa-Kingston vs Rochelle",Boys Volleyball,"Illinois",9/14/2026,5:00pm,"The Genoa-Kingston varsity volleyball team has an away non-conference match @  Rochelle (IL) on Monday, September 14 @ 5p.","/il/volleyball/match/genoa-kingston-mascot-vs-rochelle/9-14-2026/?c=80b71690-f2b5-4d85-8a20-b1ea224d68b8","https://www.maxpreps.com/il/volleyball/match/genoa-kingston-mascot-vs-rochelle/9-14-2026/?c=80b71690-f2b5-4d85-8a20-b1ea224d68b8","/volleyball/il/ce9?9/14/2026","Cogs","Hubs","https://www.maxpreps.com/il/genoa-kingston-mascot/boys-volleyball/","https://www.maxpreps.com/il/rochelle/boys-volleyball/","https://hsfootball.net/proxy.php?url=https%3A%2F%2Fimage.maxpreps.io%2Fschool-mascot%2F7%2Fc%2Fc%2F7cc97a7b-fe85-42cf-9898-6076f62f907e.gif%3Fversion%3D636167010600000000%26amp%3Bwidth%3D128%26amp%3Bheight%3D128%26amp%3Bauto%3Dwebp%26amp%3Bformat%3Dpjpg","https://hsfootball.net/proxy.php?url=https%3A%2F%2Fimage.maxpreps.io%2Fschool-mascot%2F0%2F7%2F2%2F07220875-ddc3-4c4e-83ec-9351bd4a4614.gif%3Fversion%3D636706891800000000%26amp%3Bwidth%3D128%26amp%3Bheight%3D128%26amp%3Bauto%3Dwebp%26amp%3Bformat%3Dpjpg"
32,"Cerro Gordo/Bement vs Central A &amp; M",Boys Volleyball,"Illinois",9/14/2026,5:00pm,"The Cerro Gordo/Bement varsity volleyball team has an away non-conference match @  Central A &amp; M (Moweaqua, IL) on Monday, September 14 @ 5p.","/il/volleyball/match/central-a-and-m-moweaqua-vs-cerro-gordo-bement/9-14-2026/?c=0e5286e8-02f7-4f77-94b3-5632ffc804d8","https://www.maxpreps.com/il/volleyball/match/central-a-and-m-moweaqua-vs-cerro-gordo-bement/9-14-2026/?c=0e5286e8-02f7-4f77-94b3-5632ffc804d8","/volleyball/il/114c?9/14/2026","Broncos","Raiders","https://www.maxpreps.com/il/central-a-and-m-moweaqua/boys-volleyball/","https://www.maxpreps.com/il/cerro-gordo-bement/boys-volleyball/","https://hsfootball.net/proxy.php?url=https%3A%2F%2Fimage.maxpreps.io%2Fschool-mascot%2Fc%2F7%2Fe%2Fc7e2a025-74fa-4e9b-9265-92a906ada71f.gif%3Fversion%3D637731794400000000%26amp%3Bwidth%3D128%26amp%3Bheight%3D128%26amp%3Bauto%3Dwebp%26amp%3Bformat%3Dpjpg","https://hsfootball.net/proxy.php?url=https%3A%2F%2Fimage.maxpreps.io%2Fschool-mascot%2Fb%2F0%2Fd%2Fb0d31f71-5ee0-4cf1-aa74-edcbe3d9d61d.gif%3Fversion%3D637116724800000000%26amp%3Bwidth%3D128%26amp%3Bheight%3D128%26amp%3Bauto%3Dwebp%26amp%3Bformat%3Dpjpg"
33,"Pontiac vs Gardner-South Wilmington",Boys Volleyball,"Illinois",9/14/2026,5:00pm,"The Pontiac varsity volleyball team has an away non-conference match @  Gardner-South Wilmington (Gardner, IL) on Monday, September 14 @ 5p.","/il/volleyball/match/gardner-south-wilmington-vs-pontiac/9-14-2026/?c=e81b281d-ddff-4fd8-bf20-3212e80eadc9","https://www.maxpreps.com/il/volleyball/match/gardner-south-wilmington-vs-pontiac/9-14-2026/?c=e81b281d-ddff-4fd8-bf20-3212e80eadc9","/volleyball/il/de9?9/14/2026","Indians","Panthers","https://www.maxpreps.com/il/gardner-south-wilmington/boys-volleyball/","https://www.maxpreps.com/il/pontiac/boys-volleyball/","https://hsfootball.net/proxy.php?url=https%3A%2F%2Fimage.maxpreps.io%2Fschool-mascot%2F9%2F7%2Fb%2F97b8922c-caa9-4d54-8c23-ba752e68be4a.gif%3Fversion%3D635222833800000000%26amp%3Bwidth%3D128%26amp%3Bheight%3D128%26amp%3Bauto%3Dwebp%26amp%3Bformat%3Dpjpg","https://hsfootball.net/proxy.php?url=https%3A%2F%2Fimage.maxpreps.io%2Fschool-mascot%2Fd%2F8%2F4%2Fd84f9c1a-fd4a-428c-a4f8-7def677a176a.gif%3Fversion%3D636086727600000000%26amp%3Bwidth%3D128%26amp%3Bheight%3D128%26amp%3Bauto%3Dwebp%26amp%3Bformat%3Dpjpg"
34,"Sullivan vs Stewardson-Strasburg",Boys Volleyball,"Illinois",9/14/2026,5:00pm,"The Sullivan varsity volleyball team has an away non-conference match @  Stewardson-Strasburg (Strasburg, IL) on Monday, September 14 @ 5p.","/il/volleyball/match/stewardson-strasburg-vs-sullivan/9-14-2026/?c=e06576a6-22cb-4182-a0bc-9d6910b948f2","https://www.maxpreps.com/il/volleyball/match/stewardson-strasburg-vs-sullivan/9-14-2026/?c=e06576a6-22cb-4182-a0bc-9d6910b948f2","/volleyball/il/d05?9/14/2026","Redskins","Comets","https://www.maxpreps.com/il/stewardson-strasburg/boys-volleyball/","https://www.maxpreps.com/il/sullivan/boys-volleyball/","https://hsfootball.net/proxy.php?url=https%3A%2F%2Fimage.maxpreps.io%2Fschool-mascot%2F8%2F6%2F6%2F866e0104-69a0-4c40-a72b-312106291e26.gif%3Fversion%3D637516692600000000%26amp%3Bwidth%3D128%26amp%3Bheight%3D128%26amp%3Bauto%3Dwebp%26amp%3Bformat%3Dpjpg","https://hsfootball.net/proxy.php?url=https%3A%2F%2Fimage.maxpreps.io%2Fschool-mascot%2F8%2Fc%2F7%2F8c73ecb6-cdda-4c86-8c6b-e434bb6df6f5.gif%3Fversion%3D637892424600000000%26amp%3Bwidth%3D128%26amp%3Bheight%3D128%26amp%3Bauto%3Dwebp%26amp%3Bformat%3Dpjpg"
35,"Cristo Rey Jesuit vs Providence-St. Mel",Boys Volleyball,"Illinois",9/14/2026,5:00pm,"The Cristo Rey Jesuit varsity volleyball team has an away conference match @  Providence-St. Mel (Chicago, IL) on Monday, September 14 @ 5p.","/il/volleyball/match/cristo-rey-jesuit-chicago-vs-providence-st-mel-chicago/9-14-2026/?c=8425877b-3040-437c-a1ba-ceeb62399537","https://www.maxpreps.com/il/volleyball/match/cristo-rey-jesuit-chicago-vs-providence-st-mel-chicago/9-14-2026/?c=8425877b-3040-437c-a1ba-ceeb62399537","/volleyball/il/14b9?9/14/2026","Cristeros","Knights","https://www.maxpreps.com/il/cristo-rey-jesuit-chicago/boys-volleyball/","https://www.maxpreps.com/il/providence-st-mel-chicago/boys-volleyball/","https://hsfootball.net/proxy.php?url=https%3A%2F%2Fimage.maxpreps.io%2Fschool-mascot%2F8%2F0%2Fd%2F80d010f4-071d-4056-be20-55c0fee19679.gif%3Fversion%3D638663947383828190%26amp%3Bwidth%3D128%26amp%3Bheight%3D128%26amp%3Bauto%3Dwebp%26amp%3Bformat%3Dpjpg","https://hsfootball.net/proxy.php?url=https%3A%2F%2Fimage.maxpreps.io%2Fschool-mascot%2Fd%2Fb%2F4%2Fdb4699d6-2d49-4333-8595-c5950790f75e.gif%3Fversion%3D637769707800000000%26amp%3Bwidth%3D128%26amp%3Bheight%3D128%26amp%3Bauto%3Dwebp%26amp%3Bformat%3Dpjpg"
36,"Seneca vs Morris",Boys Volleyball,"Illinois",9/14/2026,5:00pm,"The Seneca varsity volleyball team has an away non-conference match @  Morris (IL) on Monday, September 14 @ 5p.","/il/volleyball/match/morris-vs-seneca/9-14-2026/?c=e03aad20-4109-4039-bb44-8b705ecd5df0","https://www.maxpreps.com/il/volleyball/match/morris-vs-seneca/9-14-2026/?c=e03aad20-4109-4039-bb44-8b705ecd5df0","/volleyball/il/64e?9/14/2026","Fighting Irish","Warriors","https://www.maxpreps.com/il/morris/boys-volleyball/","https://www.maxpreps.com/il/seneca/boys-volleyball/","https://hsfootball.net/proxy.php?url=https%3A%2F%2Fimage.maxpreps.io%2Fschool-mascot%2F1%2Ff%2F3%2F1f34a6fa-bc01-41d4-a4ce-b59b9a23fa37.gif%3Fversion%3D636776381400000000%26amp%3Bwidth%3D128%26amp%3Bheight%3D128%26amp%3Bauto%3Dwebp%26amp%3Bformat%3Dpjpg","https://hsfootball.net/proxy.php?url=https%3A%2F%2Fimage.maxpreps.io%2Fschool-mascot%2Fa%2F3%2F4%2Fa34c7367-38e1-4480-aa4a-ac86cb7a7044.gif%3Fversion%3D639116754894086930%26amp%3Bwidth%3D128%26amp%3Bheight%3D128%26amp%3Bauto%3Dwebp%26amp%3Bformat%3Dpjpg"
37,"Farina South Central vs Altamont",Boys Volleyball,"Illinois",9/14/2026,5:00pm,"The Farina South Central varsity volleyball team has an away conference match @  Altamont (IL) on Monday, September 14 @ 5p.","/il/volleyball/match/altamont-vs-farina-south-central/9-14-2026/?c=fc4108d1-536d-463a-9523-31e51aee6732","https://www.maxpreps.com/il/volleyball/match/altamont-vs-farina-south-central/9-14-2026/?c=fc4108d1-536d-463a-9523-31e51aee6732","/volleyball/il/c8a?9/14/2026","Cougars","Indians","https://www.maxpreps.com/il/altamont/boys-volleyball/","https://www.maxpreps.com/il/farina-south-central/boys-volleyball/","https://hsfootball.net/proxy.php?url=https%3A%2F%2Fimage.maxpreps.io%2Fschool-mascot%2Fb%2Fc%2F4%2Fbc4acacc-ff04-4d8e-923e-542ce8fab34d.gif%3Fversion%3D636403673400000000%26amp%3Bwidth%3D128%26amp%3Bheight%3D128%26amp%3Bauto%3Dwebp%26amp%3Bformat%3Dpjpg","https://hsfootball.net/proxy.php?url=https%3A%2F%2Fimage.maxpreps.io%2Fschool-mascot%2F8%2Fb%2Fe%2F8be4271c-5a79-4913-aa4e-22b562ce9dd2.gif%3Fversion%3D636848808600000000%26amp%3Bwidth%3D128%26amp%3Bheight%3D128%26amp%3Bauto%3Dwebp%26amp%3Bformat%3Dpjpg"
38,"South Elgin vs Hinsdale Central",Boys Volleyball,"Illinois",9/14/2026,5:00pm,"The South Elgin varsity volleyball team has an away non-conference match @  Hinsdale Central (Hinsdale, IL) on Monday, September 14 @ 5p.","/il/volleyball/match/hinsdale-central-vs-south-elgin/9-14-2026/?c=069e0007-7938-4953-997d-b95459efbe11","https://www.maxpreps.com/il/volleyball/match/hinsdale-central-vs-south-elgin/9-14-2026/?c=069e0007-7938-4953-997d-b95459efbe11","/volleyball/il/c10?9/14/2026","Storm","Red Devils","https://www.maxpreps.com/il/hinsdale-central/boys-volleyball/","https://www.maxpreps.com/il/south-elgin/boys-volleyball/","https://hsfootball.net/proxy.php?url=https%3A%2F%2Fimage.maxpreps.io%2Fschool-mascot%2Fc%2F8%2Fe%2Fc8ed91a6-ea6b-493b-9dae-d38a923813e3.gif%3Fversion%3D637672846200000000%26amp%3Bwidth%3D128%26amp%3Bheight%3D128%26amp%3Bauto%3Dwebp%26amp%3Bformat%3Dpjpg","https://hsfootball.net/proxy.php?url=https%3A%2F%2Fimage.maxpreps.io%2Fschool-mascot%2Fc%2F8%2Fe%2Fc8ed91a6-ea6b-493b-9dae-d38a923813e3.gif%3Fversion%3D637672846200000000%26amp%3Bwidth%3D32%26amp%3Bheight%3D32%26amp%3Bauto%3Dwebp%26amp%3Bformat%3Dpjpg"
39,"Intrinsic Charter School Downtown Campus vs Lycee Francais de Chicago",Boys Volleyball,"Illinois",9/14/2026,5:30pm,"The Intrinsic Charter School Downtown Campus varsity volleyball team has an away non-conference match @  Lycee Francais de Chicago (Chicago, IL) on Monday, September 14 @ 5:30p.","/il/volleyball/match/intrinsic-charter-school-downtown-campus-chicago-vs-lycee-francais-de-chicago/9-14-2026/?c=9fea500b-c8fd-44a7-bfd2-4a8af3b85c4b","https://www.maxpreps.com/il/volleyball/match/intrinsic-charter-school-downtown-campus-chicago-vs-lycee-francais-de-chicago/9-14-2026/?c=9fea500b-c8fd-44a7-bfd2-4a8af3b85c4b","/volleyball/il/1db6?9/14/2026","Ravens","-","https://www.maxpreps.com/il/intrinsic-charter-school-downtown-campus-chicago/boys-volleyball/","https://www.maxpreps.com/il/lycee-francais-de-chicago/boys-volleyball/","https://hsfootball.net/proxy.php?url=https%3A%2F%2Fimage.maxpreps.io%2Fschool-mascot%2Fe%2F7%2F0%2Fe7021e9f-9015-4e55-b73a-0588d0bca389.gif%3Fversion%3D638174978400000000%26amp%3Bwidth%3D128%26amp%3Bheight%3D128%26amp%3Bauto%3Dwebp%26amp%3Bformat%3Dpjpg","https://hsfootball.net/proxy.php?url=https%3A%2F%2Fimage.maxpreps.io%2Fschool-mascot%2Fd%2F2%2Fc%2Fd2c39cd7-3dd4-455f-8ba1-4cc1d24a4998.gif%3Fversion%3D636466117800000000%26amp%3Bwidth%3D128%26amp%3Bheight%3D128%26amp%3Bauto%3Dwebp%26amp%3Bformat%3Dpjpg"
40,"Cissna Park vs Clifton Central",Boys Volleyball,"Illinois",9/14/2026,5:30pm,"The Cissna Park varsity volleyball team has an away non-conference match @  Clifton Central (Clifton, IL) on Monday, September 14 @ 5:30p.","/il/volleyball/match/cissna-park-vs-clifton-central/9-14-2026/?c=b2387091-2110-41f4-9984-100f47aef155","https://www.maxpreps.com/il/volleyball/match/cissna-park-vs-clifton-central/9-14-2026/?c=b2387091-2110-41f4-9984-100f47aef155","/volleyball/il/ba4?9/14/2026","Timberwolves","Comets","https://www.maxpreps.com/il/cissna-park/boys-volleyball/","https://www.maxpreps.com/il/clifton-central/boys-volleyball/","https://hsfootball.net/proxy.php?url=https%3A%2F%2Fimage.maxpreps.io%2Fschool-mascot%2Ff%2F1%2Ff%2Ff1fd3d83-9282-40eb-bbb4-727eede17848.gif%3Fversion%3D638440984800000000%26amp%3Bwidth%3D128%26amp%3Bheight%3D128%26amp%3Bauto%3Dwebp%26amp%3Bformat%3Dpjpg","https://hsfootball.net/proxy.php?url=https%3A%2F%2Fimage.maxpreps.io%2Fschool-mascot%2Ff%2F1%2Ff%2Ff1fd3d83-9282-40eb-bbb4-727eede17848.gif%3Fversion%3D638440984800000000%26amp%3Bwidth%3D32%26amp%3Bheight%3D32%26amp%3Bauto%3Dwebp%26amp%3Bformat%3Dpjpg"
41,"Manual vs Delavan",Boys Volleyball,"Illinois",9/14/2026,5:30pm,"The Manual varsity volleyball team has an away non-conference match @  Delavan (IL) on Monday, September 14 @ 5:30p.","/il/volleyball/match/delavan-vs-manual-peoria/9-14-2026/?c=e84d8e4a-b657-4d4d-af17-ba681e519579","https://www.maxpreps.com/il/volleyball/match/delavan-vs-manual-peoria/9-14-2026/?c=e84d8e4a-b657-4d4d-af17-ba681e519579","/volleyball/il/949?9/14/2026","Rams","Panthers","https://www.maxpreps.com/il/delavan/boys-volleyball/","https://www.maxpreps.com/il/manual-peoria/boys-volleyball/","https://hsfootball.net/proxy.php?url=https%3A%2F%2Fimage.maxpreps.io%2Fschool-mascot%2F3%2F7%2Fe%2F37e3d061-75af-4924-9a13-2bd0fc4fb52a.gif%3Fversion%3D636860314200000000%26amp%3Bwidth%3D128%26amp%3Bheight%3D128%26amp%3Bauto%3Dwebp%26amp%3Bformat%3Dpjpg","https://hsfootball.net/proxy.php?url=https%3A%2F%2Fimage.maxpreps.io%2Fschool-mascot%2Ff%2F7%2Fa%2Ff7a431b4-4159-4c71-9baa-0047eba3b246.gif%3Fversion%3D637527058200000000%26amp%3Bwidth%3D128%26amp%3Bheight%3D128%26amp%3Bauto%3Dwebp%26amp%3Bformat%3Dpjpg"
42,"Rantoul vs Gibson City-Melvin-Sibley",Boys Volleyball,"Illinois",9/14/2026,5:30pm,"The Rantoul varsity volleyball team has an away non-conference match @  Gibson City-Melvin-Sibley (Gibson City, IL) on Monday, September 14 @ 5:30p.","/il/volleyball/match/gibson-city-melvin-sibley-vs-rantoul/9-14-2026/?c=7cd4fd2b-50a9-4eb5-9171-4a429c25db96","https://www.maxpreps.com/il/volleyball/match/gibson-city-melvin-sibley-vs-rantoul/9-14-2026/?c=7cd4fd2b-50a9-4eb5-9171-4a429c25db96","/volleyball/il/e1d?9/14/2026","Eagles","Falcons","https://www.maxpreps.com/il/gibson-city-melvin-sibley/boys-volleyball/","https://www.maxpreps.com/il/rantoul/boys-volleyball/","https://hsfootball.net/proxy.php?url=https%3A%2F%2Fimage.maxpreps.io%2Fschool-mascot%2F3%2F7%2F7%2F377eb05a-c371-4a38-8a77-13bba930719b.gif%3Fversion%3D636319872600000000%26amp%3Bwidth%3D128%26amp%3Bheight%3D128%26amp%3Bauto%3Dwebp%26amp%3Bformat%3Dpjpg","https://hsfootball.net/proxy.php?url=https%3A%2F%2Fimage.maxpreps.io%2Fschool-mascot%2Fb%2F9%2F6%2Fb96294f7-4d38-459d-b8b5-b8a2abb2b473.gif%3Fversion%3D638440985400000000%26amp%3Bwidth%3D128%26amp%3Bheight%3D128%26amp%3Bauto%3Dwebp%26amp%3Bformat%3Dpjpg"
43,"Illinois Lutheran vs Universal",Boys Volleyball,"Illinois",9/14/2026,5:30pm,"The Illinois Lutheran varsity volleyball team has an away non-conference match @  Universal (Bridgeview, IL) on Monday, September 14 @ 5:30p.","/il/volleyball/match/illinois-lutheran-crete-vs-universal-bridgeview/9-14-2026/?c=b63b594e-c62b-4f02-92ea-39232e803e0e","https://www.maxpreps.com/il/volleyball/match/illinois-lutheran-crete-vs-universal-bridgeview/9-14-2026/?c=b63b594e-c62b-4f02-92ea-39232e803e0e","/volleyball/il/12a4?9/14/2026","Chargers","Stars","https://www.maxpreps.com/il/illinois-lutheran-crete/boys-volleyball/","https://www.maxpreps.com/il/universal-bridgeview/boys-volleyball/","https://hsfootball.net/proxy.php?url=https%3A%2F%2Fimage.maxpreps.io%2Fschool-mascot%2F5%2Fc%2Fc%2F5ccde605-e2a5-4138-b93e-d810b3eb285d.gif%3Fversion%3D638918787822611420%26amp%3Bwidth%3D128%26amp%3Bheight%3D128%26amp%3Bauto%3Dwebp%26amp%3Bformat%3Dpjpg","https://hsfootball.net/proxy.php?url=https%3A%2F%2Fimage.maxpreps.io%2Fschool-mascot%2F8%2F3%2Ff%2F83f93a61-e9cf-4364-a9a8-a0acde037e82.gif%3Fversion%3D637725745200000000%26amp%3Bwidth%3D128%26amp%3Bheight%3D128%26amp%3Bauto%3Dwebp%26amp%3Bformat%3Dpjpg"
44,"Bolingbrook vs Downers Grove South",Boys Volleyball,"Illinois",9/14/2026,5:30pm,"The Bolingbrook varsity volleyball team has an away non-conference match @  Downers Grove South (Downers Grove, IL) on Monday, September 14 @ 5:30p.","/il/volleyball/match/bolingbrook-vs-downers-grove-south/9-14-2026/?c=74c04f41-7718-4680-b2c0-8e2b66ed734f","https://www.maxpreps.com/il/volleyball/match/bolingbrook-vs-downers-grove-south/9-14-2026/?c=74c04f41-7718-4680-b2c0-8e2b66ed734f","/volleyball/il/d8d?9/14/2026","Raiders","Mustangs","https://www.maxpreps.com/il/bolingbrook/boys-volleyball/","https://www.maxpreps.com/il/downers-grove-south/boys-volleyball/","https://hsfootball.net/proxy.php?url=https%3A%2F%2Fimage.maxpreps.io%2Fschool-mascot%2Fb%2Fa%2F3%2Fba3124de-7ecf-4013-b2ab-83f99f50f577.gif%3Fversion%3D636578227800000000%26amp%3Bwidth%3D128%26amp%3Bheight%3D128%26amp%3Bauto%3Dwebp%26amp%3Bformat%3Dpjpg","https://hsfootball.net/proxy.php?url=https%3A%2F%2Fimage.maxpreps.io%2Fschool-mascot%2F6%2F1%2F2%2F612c1123-e8ef-4ec6-a4ae-843e5103b261.gif%3Fversion%3D636567886800000000%26amp%3Bwidth%3D128%26amp%3Bheight%3D128%26amp%3Bauto%3Dwebp%26amp%3Bformat%3Dpjpg"
45,"St. Joseph-Ogden vs Hoopeston",Boys Volleyball,"Illinois",9/14/2026,5:30pm,"The St. Joseph-Ogden varsity volleyball team has an away non-conference match @  Hoopeston (IL) on Monday, September 14 @ 5:30p.","/il/volleyball/match/hoopeston-vs-st-joseph-ogden/9-14-2026/?c=6b9c7ad8-1236-457e-a2bb-a1f2c6b26133","https://www.maxpreps.com/il/volleyball/match/hoopeston-vs-st-joseph-ogden/9-14-2026/?c=6b9c7ad8-1236-457e-a2bb-a1f2c6b26133","/volleyball/il/af9?9/14/2026","Spartans","Cornjerkers","https://www.maxpreps.com/il/hoopeston/boys-volleyball/","https://www.maxpreps.com/il/st-joseph-ogden/boys-volleyball/","https://hsfootball.net/proxy.php?url=https%3A%2F%2Fimage.maxpreps.io%2Fschool-mascot%2F9%2F9%2F0%2F9909a405-b39d-425c-b5fa-def632c8bc9c.gif%3Fversion%3D636074949000000000%26amp%3Bwidth%3D128%26amp%3Bheight%3D128%26amp%3Bauto%3Dwebp%26amp%3Bformat%3Dpjpg","https://hsfootball.net/proxy.php?url=https%3A%2F%2Fimage.maxpreps.io%2Fschool-mascot%2F6%2Ff%2Fe%2F6fed24db-a57f-4431-9f25-5773acb98643.gif%3Fversion%3D636389262000000000%26amp%3Bwidth%3D128%26amp%3Bheight%3D128%26amp%3Bauto%3Dwebp%26amp%3Bformat%3Dpjpg"
46,"Grace Christian Academy Kankakee vs Iroquois West Gilman",Boys Volleyball,"Illinois",9/14/2026,TBD,"The Iroquois West Gilman varsity volleyball team has a game @ Grace Christian Academy Kankakee (Illinois).","/il/volleyball/match/grace-christian-academy-kankakee-vs-iroquois-west-gilman/9-14-2026/?c=c5291925-4ad0-4f24-8e12-453f83240a57","https://www.maxpreps.com/il/volleyball/match/grace-christian-academy-kankakee-vs-iroquois-west-gilman/9-14-2026/?c=c5291925-4ad0-4f24-8e12-453f83240a57","/volleyball/il/15b0?9/14/2026","Kankakee","Gilman","https://www.maxpreps.com/il/grace-christian-academy-kankakee/boys-volleyball/","https://www.maxpreps.com/il/iroquois-west-gilman/boys-volleyball/","",""
47,"Plainfield South vs Wheaton Warrenville South",Boys Volleyball,"Illinois",9/14/2026,TBD,"The Wheaton Warrenville South varsity volleyball team has a game @ Plainfield South (Illinois).","/il/volleyball/match/plainfield-south-vs-wheaton-warrenville-south/9-14-2026/?c=371dbb3b-2b20-4943-bb44-911c390f7f67","https://www.maxpreps.com/il/volleyball/match/plainfield-south-vs-wheaton-warrenville-south/9-14-2026/?c=371dbb3b-2b20-4943-bb44-911c390f7f67","/volleyball/il/11e9?9/14/2026","South","South","https://www.maxpreps.com/il/plainfield-south/boys-volleyball/","https://www.maxpreps.com/il/wheaton-warrenville-south/boys-volleyball/","",""
48,"Ridgeview Colfax vs Woodland Streator",Boys Volleyball,"Illinois",9/14/2026,TBD,"The Woodland Streator varsity volleyball team has a game @ Ridgeview Colfax (Illinois).","/il/volleyball/match/ridgeview-colfax-vs-woodland-streator/9-14-2026/?c=f4a6c165-d8ba-4838-be4b-6ad460cdfe1f","https://www.maxpreps.com/il/volleyball/match/ridgeview-colfax-vs-woodland-streator/9-14-2026/?c=f4a6c165-d8ba-4838-be4b-6ad460cdfe1f","/volleyball/il/eac?9/14/2026","Colfax","Streator","https://www.maxpreps.com/il/ridgeview-colfax/boys-volleyball/","https://www.maxpreps.com/il/woodland-streator/boys-volleyball/","",""
49,"Argenta Oreana vs Heyworth",Boys Volleyball,"Illinois",9/14/2026,TBD,"The Heyworth varsity volleyball team has a game @ Argenta Oreana (Illinois).","/il/volleyball/match/argenta-oreana-vs-heyworth/9-14-2026/?c=f8af9439-f686-4236-a5d7-e477a26cac6c","https://www.maxpreps.com/il/volleyball/match/argenta-oreana-vs-heyworth/9-14-2026/?c=f8af9439-f686-4236-a5d7-e477a26cac6c","/volleyball/il/a42?9/14/2026","Oreana","Heyworth","https://www.maxpreps.com/il/argenta-oreana/boys-volleyball/","https://www.maxpreps.com/il/heyworth/boys-volleyball/","",""
50,"Itw David Speer Academy Chicago vs Uic College Prep Unknown Chicago",Boys Volleyball,"Illinois",9/14/2026,TBD,"The Uic College Prep Unknown Chicago varsity volleyball team has a game @ Itw David Speer Academy Chicago (Illinois).","/il/volleyball/match/itw-david-speer-academy-chicago-vs-uic-college-prep-unknown-chicago/9-14-2026/?c=ec8de8d1-4692-4e61-8a81-ca35393796c6","https://www.maxpreps.com/il/volleyball/match/itw-david-speer-academy-chicago-vs-uic-college-prep-unknown-chicago/9-14-2026/?c=ec8de8d1-4692-4e61-8a81-ca35393796c6","/volleyball/il/1979?9/14/2026","Chicago","Chicago","https://www.maxpreps.com/il/itw-david-speer-academy-chicago/boys-volleyball/","https://www.maxpreps.com/il/uic-college-prep-unknown-chicago/boys-volleyball/","",""
51,"Lincoln Way Central New Lenox vs Romeoville",Boys Volleyball,"Illinois",9/14/2026,TBD,"The Romeoville varsity volleyball team has a game @ Lincoln Way Central New Lenox (Illinois).","/il/volleyball/match/lincoln-way-central-new-lenox-vs-romeoville/9-14-2026/?c=74c496a2-52a3-439a-9470-0378f48337cd","https://www.maxpreps.com/il/volleyball/match/lincoln-way-central-new-lenox-vs-romeoville/9-14-2026/?c=74c496a2-52a3-439a-9470-0378f48337cd","/volleyball/il/10ce?9/14/2026","Lenox","Romeoville","https://www.maxpreps.com/il/lincoln-way-central-new-lenox/boys-volleyball/","https://www.maxpreps.com/il/romeoville/boys-volleyball/","",""
52,"Hinsdale Adventist Academy vs Mcc Morton Grove",Boys Volleyball,"Illinois",9/14/2026,TBD,"The Mcc Morton Grove varsity volleyball team has a game @ Hinsdale Adventist Academy (Illinois).","/il/volleyball/match/hinsdale-adventist-academy-vs-mcc-morton-grove/9-14-2026/?c=27104277-d993-491b-ba07-22a900997eb5","https://www.maxpreps.com/il/volleyball/match/hinsdale-adventist-academy-vs-mcc-morton-grove/9-14-2026/?c=27104277-d993-491b-ba07-22a900997eb5","/volleyball/il/11da?9/14/2026","Academy","Grove","https://www.maxpreps.com/il/hinsdale-adventist-academy/boys-volleyball/","https://www.maxpreps.com/il/mcc-morton-grove/boys-volleyball/","",""
53,"Christ Our Rock Lutheran Centralia vs Lebanon",Boys Volleyball,"Illinois",9/14/2026,TBD,"The Lebanon varsity volleyball team has a game @ Christ Our Rock Lutheran Centralia (Illinois).","/il/volleyball/match/christ-our-rock-lutheran-centralia-vs-lebanon/9-14-2026/?c=90ce45c9-1b40-4e78-8f64-9db566f28f47","https://www.maxpreps.com/il/volleyball/match/christ-our-rock-lutheran-centralia-vs-lebanon/9-14-2026/?c=90ce45c9-1b40-4e78-8f64-9db566f28f47","/volleyball/il/117e?9/14/2026","Centralia","Lebanon","https://www.maxpreps.com/il/christ-our-rock-lutheran-centralia/boys-volleyball/","https://www.maxpreps.com/il/lebanon/boys-volleyball/","",""
54,"Warren Township Gurnee vs Wauconda",Boys Volleyball,"Illinois",9/14/2026,TBD,"The Wauconda varsity volleyball team has a game @ Warren Township Gurnee (Illinois).","/il/volleyball/match/warren-township-gurnee-vs-wauconda/9-14-2026/?c=df61ccfb-fb2c-4a79-a2b2-545a5c828758","https://www.maxpreps.com/il/volleyball/match/warren-township-gurnee-vs-wauconda/9-14-2026/?c=df61ccfb-fb2c-4a79-a2b2-545a5c828758","/volleyball/il/d80?9/14/2026","Gurnee","Wauconda","https://www.maxpreps.com/il/warren-township-gurnee/boys-volleyball/","https://www.maxpreps.com/il/wauconda/boys-volleyball/","",""
55,"Grace Christian Academy Kankakee vs Wilmington",Boys Volleyball,"Illinois",9/14/2026,TBD,"The Wilmington varsity volleyball team has a game @ Grace Christian Academy Kankakee (Illinois).","/il/volleyball/match/grace-christian-academy-kankakee-vs-wilmington/9-14-2026/?c=ae696448-73b7-409f-bffd-3b7c41a091f1","https://www.maxpreps.com/il/volleyball/match/grace-christian-academy-kankakee-vs-wilmington/9-14-2026/?c=ae696448-73b7-409f-bffd-3b7c41a091f1","/volleyball/il/11e8?9/14/2026","Kankakee","Wilmington","https://www.maxpreps.com/il/grace-christian-academy-kankakee/boys-volleyball/","https://www.maxpreps.com/il/wilmington/boys-volleyball/","",""
56,"Okawville vs Trico Campbell Hill",Boys Volleyball,"Illinois",9/14/2026,TBD,"The Trico Campbell Hill varsity volleyball team has a game @ Okawville (Illinois).","/il/volleyball/match/okawville-vs-trico-campbell-hill/9-14-2026/?c=c1edf7a0-884e-4a9b-80ec-bcd911cd3cd6","https://www.maxpreps.com/il/volleyball/match/okawville-vs-trico-campbell-hill/9-14-2026/?c=c1edf7a0-884e-4a9b-80ec-bcd911cd3cd6","/volleyball/il/c75?9/14/2026","Okawville","Hill","https://www.maxpreps.com/il/okawville/boys-volleyball/","https://www.maxpreps.com/il/trico-campbell-hill/boys-volleyball/","",""
57,"Arthur Okaw Christian vs Urbana University",Boys Volleyball,"Illinois",9/14/2026,TBD,"The Urbana University varsity volleyball team has a game @ Arthur Okaw Christian (Illinois).","/il/volleyball/match/arthur-okaw-christian-vs-urbana-university/9-14-2026/?c=54674ade-e2aa-4810-b9c7-f6d6b5ad5047","https://www.maxpreps.com/il/volleyball/match/arthur-okaw-christian-vs-urbana-university/9-14-2026/?c=54674ade-e2aa-4810-b9c7-f6d6b5ad5047","/volleyball/il/10b2?9/14/2026","Christian","University","https://www.maxpreps.com/il/arthur-okaw-christian/boys-volleyball/","https://www.maxpreps.com/il/urbana-university/boys-volleyball/","",""
58,"Fenwick Oak Park vs Shepard Palos Heights",Boys Volleyball,"Illinois",9/14/2026,TBD,"The Shepard Palos Heights varsity volleyball team has a game @ Fenwick Oak Park (Illinois).","/il/volleyball/match/fenwick-oak-park-vs-shepard-palos-heights/9-14-2026/?c=ba61eebd-5fda-4674-8d63-596ea7d28486","https://www.maxpreps.com/il/volleyball/match/fenwick-oak-park-vs-shepard-palos-heights/9-14-2026/?c=ba61eebd-5fda-4674-8d63-596ea7d28486","/volleyball/il/fb9?9/14/2026","Park","Heights","https://www.maxpreps.com/il/fenwick-oak-park/boys-volleyball/","https://www.maxpreps.com/il/shepard-palos-heights/boys-volleyball/","",""
59,"Carrier Mills Stonefort vs Eldorado",Boys Volleyball,"Illinois",9/14/2026,TBD,"The Eldorado varsity volleyball team has a game @ Carrier Mills Stonefort (Illinois).","/il/volleyball/match/carrier-mills-stonefort-vs-eldorado/9-14-2026/?c=a57dddd3-acca-448f-bc17-efeb8d78d287","https://www.maxpreps.com/il/volleyball/match/carrier-mills-stonefort-vs-eldorado/9-14-2026/?c=a57dddd3-acca-448f-bc17-efeb8d78d287","/volleyball/il/dd4?9/14/2026","Stonefort","Eldorado","https://www.maxpreps.com/il/carrier-mills-stonefort/boys-volleyball/","https://www.maxpreps.com/il/eldorado/boys-volleyball/","",""
60,"Mt Pulaski vs Pleasant Plains",Boys Volleyball,"Illinois",9/14/2026,TBD,"The Pleasant Plains varsity volleyball team has a game @ Mt Pulaski (Illinois).","/il/volleyball/match/mt-pulaski-vs-pleasant-plains/9-14-2026/?c=91ebeb77-ddcc-482e-84fe-d8afeb600293","https://www.maxpreps.com/il/volleyball/match/mt-pulaski-vs-pleasant-plains/9-14-2026/?c=91ebeb77-ddcc-482e-84fe-d8afeb600293","/volleyball/il/b56?9/14/2026","Pulaski","Plains","https://www.maxpreps.com/il/mt-pulaski/boys-volleyball/","https://www.maxpreps.com/il/pleasant-plains/boys-volleyball/","",""
61,"Dieterich vs Mulberry Grove",Boys Volleyball,"Illinois",9/14/2026,TBD,"The Mulberry Grove varsity volleyball team has a game @ Dieterich (Illinois).","/il/volleyball/match/dieterich-vs-mulberry-grove/9-14-2026/?c=b54f8bfd-dc5b-44b4-9af9-f2c87ded9445","https://www.maxpreps.com/il/volleyball/match/dieterich-vs-mulberry-grove/9-14-2026/?c=b54f8bfd-dc5b-44b4-9af9-f2c87ded9445","/volleyball/il/ab6?9/14/2026","Dieterich","Grove","https://www.maxpreps.com/il/dieterich/boys-volleyball/","https://www.maxpreps.com/il/mulberry-grove/boys-volleyball/","",""
62,"North Greene White Hall vs Triopia Virginia Concord",Boys Volleyball,"Illinois",9/14/2026,TBD,"The Triopia Virginia Concord varsity volleyball team has a game @ North Greene White Hall (Illinois).","/il/volleyball/match/north-greene-white-hall-vs-triopia-virginia-concord/9-14-2026/?c=26c415af-fbe4-40a0-83ad-d80de5e1de42","https://www.maxpreps.com/il/volleyball/match/north-greene-white-hall-vs-triopia-virginia-concord/9-14-2026/?c=26c415af-fbe4-40a0-83ad-d80de5e1de42","/volleyball/il/13c0?9/14/2026","Hall","Concord","https://www.maxpreps.com/il/north-greene-white-hall/boys-volleyball/","https://www.maxpreps.com/il/triopia-virginia-concord/boys-volleyball/","",""
63,"Peoria Heights vs West Prairie Sciota",Boys Volleyball,"Illinois",9/14/2026,TBD,"The West Prairie Sciota varsity volleyball team has a game @ Peoria Heights (Illinois).","/il/volleyball/match/peoria-heights-vs-west-prairie-sciota/9-14-2026/?c=5ff6e46e-4a84-44a8-a779-98a715f1b102","https://www.maxpreps.com/il/volleyball/match/peoria-heights-vs-west-prairie-sciota/9-14-2026/?c=5ff6e46e-4a84-44a8-a779-98a715f1b102","/volleyball/il/e68?9/14/2026","Heights","Sciota","https://www.maxpreps.com/il/peoria-heights/boys-volleyball/","https://www.maxpreps.com/il/west-prairie-sciota/boys-volleyball/","",""
64,"North Chicago vs Zion Benton",Boys Volleyball,"Illinois",9/14/2026,TBD,"The Zion Benton varsity volleyball team has a game @ North Chicago (Illinois).","/il/volleyball/match/north-chicago-vs-zion-benton/9-14-2026/?c=2c5158d3-206d-4a28-9571-7bb7edbde486","https://www.maxpreps.com/il/volleyball/match/north-chicago-vs-zion-benton/9-14-2026/?c=2c5158d3-206d-4a28-9571-7bb7edbde486","/volleyball/il/adc?9/14/2026","Chicago","Benton","https://www.maxpreps.com/il/north-chicago/boys-volleyball/","https://www.maxpreps.com/il/zion-benton/boys-volleyball/","",""
65,"Beardstown vs Brown County Mt Sterling",Boys Volleyball,"Illinois",9/14/2026,TBD,"The Brown County Mt Sterling varsity volleyball team has a game @ Beardstown (Illinois).","/il/volleyball/match/beardstown-vs-brown-county-mt-sterling/9-14-2026/?c=9a39ce02-e410-4a40-8899-e4fa24f12683","https://www.maxpreps.com/il/volleyball/match/beardstown-vs-brown-county-mt-sterling/9-14-2026/?c=9a39ce02-e410-4a40-8899-e4fa24f12683","/volleyball/il/f16?9/14/2026","Beardstown","Sterling","https://www.maxpreps.com/il/beardstown/boys-volleyball/","https://www.maxpreps.com/il/brown-county-mt-sterling/boys-volleyball/","",""
66,"Pope County Golconda vs Thompsonville",Boys Volleyball,"Illinois",9/14/2026,TBD,"The Thompsonville varsity volleyball team has a game @ Pope County Golconda (Illinois).","/il/volleyball/match/pope-county-golconda-vs-thompsonville/9-14-2026/?c=42e21019-e688-462d-805c-7e7fdec41067","https://www.maxpreps.com/il/volleyball/match/pope-county-golconda-vs-thompsonville/9-14-2026/?c=42e21019-e688-462d-805c-7e7fdec41067","/volleyball/il/ece?9/14/2026","Golconda","Thompsonville","https://www.maxpreps.com/il/pope-county-golconda/boys-volleyball/","https://www.maxpreps.com/il/thompsonville/boys-volleyball/","",""
67,"Hardin County Elizabethtown vs Norris City Omaha Enfield",Boys Volleyball,"Illinois",9/14/2026,TBD,"The Norris City Omaha Enfield varsity volleyball team has a game @ Hardin County Elizabethtown (Illinois).","/il/volleyball/match/hardin-county-elizabethtown-vs-norris-city-omaha-enfield/9-14-2026/?c=f8a95608-7326-4e4b-90a0-7a96a4ee1c92","https://www.maxpreps.com/il/volleyball/match/hardin-county-elizabethtown-vs-norris-city-omaha-enfield/9-14-2026/?c=f8a95608-7326-4e4b-90a0-7a96a4ee1c92","/volleyball/il/15ef?9/14/2026","Elizabethtown","Enfield","https://www.maxpreps.com/il/hardin-county-elizabethtown/boys-volleyball/","https://www.maxpreps.com/il/norris-city-omaha-enfield/boys-volleyball/","",""
68,"Harvard vs Richmond Burton",Boys Volleyball,"Illinois",9/14/2026,TBD,"The Richmond Burton varsity volleyball team has a game @ Harvard (Illinois).","/il/volleyball/match/harvard-vs-richmond-burton/9-14-2026/?c=833946e8-4c7e-467b-9c0d-ace0968851a5","https://www.maxpreps.com/il/volleyball/match/harvard-vs-richmond-burton/9-14-2026/?c=833946e8-4c7e-467b-9c0d-ace0968851a5","/volleyball/il/a46?9/14/2026","Harvard","Burton","https://www.maxpreps.com/il/harvard/boys-volleyball/","https://www.maxpreps.com/il/richmond-burton/boys-volleyball/","",""
69,"Beacon Academy Ba Evanston vs Christian Heritage Academy Northfield",Boys Volleyball,"Illinois",9/14/2026,TBD,"The Christian Heritage Academy Northfield varsity volleyball team has a game @ Beacon Academy Ba Evanston (Illinois).","/il/volleyball/match/beacon-academy-ba-evanston-vs-christian-heritage-academy-northfield/9-14-2026/?c=afbb9556-ada8-4caa-83e6-ca950d46225c","https://www.maxpreps.com/il/volleyball/match/beacon-academy-ba-evanston-vs-christian-heritage-academy-northfield/9-14-2026/?c=afbb9556-ada8-4caa-83e6-ca950d46225c","/volleyball/il/19cf?9/14/2026","Evanston","Northfield","https://www.maxpreps.com/il/beacon-academy-ba-evanston/boys-volleyball/","https://www.maxpreps.com/il/christian-heritage-academy-northfield/boys-volleyball/","",""
70,"Arcola vs Cumberland Toledo",Boys Volleyball,"Illinois",9/14/2026,TBD,"The Cumberland Toledo varsity volleyball team has a game @ Arcola (Illinois).","/il/volleyball/match/arcola-vs-cumberland-toledo/9-14-2026/?c=b3ab7a77-9ad5-4789-9fad-ccce58ad5f1b","https://www.maxpreps.com/il/volleyball/match/arcola-vs-cumberland-toledo/9-14-2026/?c=b3ab7a77-9ad5-4789-9fad-ccce58ad5f1b","/volleyball/il/a86?9/14/2026","Arcola","Toledo","https://www.maxpreps.com/il/arcola/boys-volleyball/","https://www.maxpreps.com/il/cumberland-toledo/boys-volleyball/","",""
71,"Astoria Vit vs Hamilton Warsaw",Boys Volleyball,"Illinois",9/14/2026,TBD,"The Hamilton Warsaw varsity volleyball team has a game @ Astoria Vit (Illinois).","/il/volleyball/match/astoria-vit-vs-hamilton-warsaw/9-14-2026/?c=eb739db3-be24-4b39-82fc-a51056329282","https://www.maxpreps.com/il/volleyball/match/astoria-vit-vs-hamilton-warsaw/9-14-2026/?c=eb739db3-be24-4b39-82fc-a51056329282","/volleyball/il/bd4?9/14/2026","Vit","Warsaw","https://www.maxpreps.com/il/astoria-vit/boys-volleyball/","https://www.maxpreps.com/il/hamilton-warsaw/boys-volleyball/","",""
72,"East Peoria vs Springfield Southeast",Boys Volleyball,"Illinois",9/14/2026,TBD,"The Springfield Southeast varsity volleyball team has a game @ East Peoria (Illinois).","/il/volleyball/match/east-peoria-vs-springfield-southeast/9-14-2026/?c=502a3de7-c6e6-46b6-bd5e-1a1a627063f3","https://www.maxpreps.com/il/volleyball/match/east-peoria-vs-springfield-southeast/9-14-2026/?c=502a3de7-c6e6-46b6-bd5e-1a1a627063f3","/volleyball/il/e41?9/14/2026","Peoria","Southeast","https://www.maxpreps.com/il/east-peoria/boys-volleyball/","https://www.maxpreps.com/il/springfield-southeast/boys-volleyball/","",""
73,"Fenton Bensenville vs St Edward Elgin",Boys Volleyball,"Illinois",9/14/2026,TBD,"The St Edward Elgin varsity volleyball team has a game @ Fenton Bensenville (Illinois).","/il/volleyball/match/fenton-bensenville-vs-st-edward-elgin/9-14-2026/?c=ce5dea5b-5b1d-44c7-9f77-55794d102ea2","https://www.maxpreps.com/il/volleyball/match/fenton-bensenville-vs-st-edward-elgin/9-14-2026/?c=ce5dea5b-5b1d-44c7-9f77-55794d102ea2","/volleyball/il/e58?9/14/2026","Bensenville","Elgin","https://www.maxpreps.com/il/fenton-bensenville/boys-volleyball/","https://www.maxpreps.com/il/st-edward-elgin/boys-volleyball/","",""
74,"Meridian Mounds vs Vienna",Boys Volleyball,"Illinois",9/14/2026,TBD,"The Vienna varsity volleyball team has a game @ Meridian Mounds (Illinois).","/il/volleyball/match/meridian-mounds-vs-vienna/9-14-2026/?c=7288d516-dfb5-4d3e-853d-b2207aab6e59","https://www.maxpreps.com/il/volleyball/match/meridian-mounds-vs-vienna/9-14-2026/?c=7288d516-dfb5-4d3e-853d-b2207aab6e59","/volleyball/il/9d0?9/14/2026","Mounds","Vienna","https://www.maxpreps.com/il/meridian-mounds/boys-volleyball/","https://www.maxpreps.com/il/vienna/boys-volleyball/","",""
75,"Galesburg Christian Il vs Tri State Christian Dubuque Ia",Boys Volleyball,"Illinois",9/14/2026,TBD,"The Tri State Christian Dubuque Ia varsity volleyball team has a game @ Galesburg Christian Il (Illinois).","/inter-state/volleyball/match/galesburg-christian-il-vs-tri-state-christian-dubuque-ia/9-14-2026/?c=71a8e038-3ae3-432f-9d7c-4f62c37880ce","https://www.maxpreps.com/inter-state/volleyball/match/galesburg-christian-il-vs-tri-state-christian-dubuque-ia/9-14-2026/?c=71a8e038-3ae3-432f-9d7c-4f62c37880ce","/volleyball/il/15a1?9/14/2026","Il","Ia","https://www.maxpreps.com/il/galesburg-christian-il/boys-volleyball/","https://www.maxpreps.com/il/tri-state-christian-dubuque-ia/boys-volleyball/","",""
76,"Hutsonville Palestine vs Robinson",Boys Volleyball,"Illinois",9/14/2026,TBD,"The Robinson varsity volleyball team has a game @ Hutsonville Palestine (Illinois).","/il/volleyball/match/hutsonville-palestine-vs-robinson/9-14-2026/?c=5d62db4c-71dd-4cf5-9edc-f9651944f6fb","https://www.maxpreps.com/il/volleyball/match/hutsonville-palestine-vs-robinson/9-14-2026/?c=5d62db4c-71dd-4cf5-9edc-f9651944f6fb","/volleyball/il/d5c?9/14/2026","Palestine","Robinson","https://www.maxpreps.com/il/hutsonville-palestine/boys-volleyball/","https://www.maxpreps.com/il/robinson/boys-volleyball/","",""
77,"Grayslake North vs Waukegan",Boys Volleyball,"Illinois",9/14/2026,TBD,"The Waukegan varsity volleyball team has a game @ Grayslake North (Illinois).","/il/volleyball/match/grayslake-north-vs-waukegan/9-14-2026/?c=757df5ea-225c-4080-a5c1-4b13407d0b2f","https://www.maxpreps.com/il/volleyball/match/grayslake-north-vs-waukegan/9-14-2026/?c=757df5ea-225c-4080-a5c1-4b13407d0b2f","/volleyball/il/ab1?9/14/2026","North","Waukegan","https://www.maxpreps.com/il/grayslake-north/boys-volleyball/","https://www.maxpreps.com/il/waukegan/boys-volleyball/","",""
78,"Century Ullin vs Zeigler Royalton",Boys Volleyball,"Illinois",9/14/2026,TBD,"The Zeigler Royalton varsity volleyball team has a game @ Century Ullin (Illinois).","/il/volleyball/match/century-ullin-vs-zeigler-royalton/9-14-2026/?c=1e94c2f9-082e-4dca-9e1b-30d5f5bf4df4","https://www.maxpreps.com/il/volleyball/match/century-ullin-vs-zeigler-royalton/9-14-2026/?c=1e94c2f9-082e-4dca-9e1b-30d5f5bf4df4","/volleyball/il/d35?9/14/2026","Ullin","Royalton","https://www.maxpreps.com/il/century-ullin/boys-volleyball/","https://www.maxpreps.com/il/zeigler-royalton/boys-volleyball/","",""
79,"Hiawatha Kirkland vs Illinois Math And Science Titans Aurora",Boys Volleyball,"Illinois",9/14/2026,TBD,"The Illinois Math And Science Titans Aurora varsity volleyball team has a game @ Hiawatha Kirkland (Illinois).","/il/volleyball/match/hiawatha-kirkland-vs-illinois-math-and-science-titans-aurora/9-14-2026/?c=b8c4a869-7903-43fd-a5a1-7f7210929afa","https://www.maxpreps.com/il/volleyball/match/hiawatha-kirkland-vs-illinois-math-and-science-titans-aurora/9-14-2026/?c=b8c4a869-7903-43fd-a5a1-7f7210929afa","/volleyball/il/171f?9/14/2026","Kirkland","Aurora","https://www.maxpreps.com/il/hiawatha-kirkland/boys-volleyball/","https://www.maxpreps.com/il/illinois-math-and-science-titans-aurora/boys-volleyball/","",""
80,"Morgan Park Academy Chicago vs Wolcott College Prep Chicago",Boys Volleyball,"Illinois",9/14/2026,TBD,"The Wolcott College Prep Chicago varsity volleyball team has a game @ Morgan Park Academy Chicago (Illinois).","/il/volleyball/match/morgan-park-academy-chicago-vs-wolcott-college-prep-chicago/9-14-2026/?c=5036166a-0ea8-4369-9dfd-f2dc6c5066c3","https://www.maxpreps.com/il/volleyball/match/morgan-park-academy-chicago-vs-wolcott-college-prep-chicago/9-14-2026/?c=5036166a-0ea8-4369-9dfd-f2dc6c5066c3","/volleyball/il/1691?9/14/2026","Chicago","Chicago","https://www.maxpreps.com/il/morgan-park-academy-chicago/boys-volleyball/","https://www.maxpreps.com/il/wolcott-college-prep-chicago/boys-volleyball/","",""
81,"Erie Prophetstown vs Rockridge Taylor Ridge",Boys Volleyball,"Illinois",9/14/2026,TBD,"The Rockridge Taylor Ridge varsity volleyball team has a game @ Erie Prophetstown (Illinois).","/il/volleyball/match/erie-prophetstown-vs-rockridge-taylor-ridge/9-14-2026/?c=4218d071-c40c-4bac-a81c-79a12b85e5db","https://www.maxpreps.com/il/volleyball/match/erie-prophetstown-vs-rockridge-taylor-ridge/9-14-2026/?c=4218d071-c40c-4bac-a81c-79a12b85e5db","/volleyball/il/110c?9/14/2026","Prophetstown","Ridge","https://www.maxpreps.com/il/erie-prophetstown/boys-volleyball/","https://www.maxpreps.com/il/rockridge-taylor-ridge/boys-volleyball/","",""
82,"Patoka Odin vs Webber Bluford",Boys Volleyball,"Illinois",9/14/2026,TBD,"The Webber Bluford varsity volleyball team has a game @ Patoka Odin (Illinois).","/il/volleyball/match/patoka-odin-vs-webber-bluford/9-14-2026/?c=1eb32959-de88-4e91-9ebc-9a914ad41ee8","https://www.maxpreps.com/il/volleyball/match/patoka-odin-vs-webber-bluford/9-14-2026/?c=1eb32959-de88-4e91-9ebc-9a914ad41ee8","/volleyball/il/b2c?9/14/2026","Odin","Bluford","https://www.maxpreps.com/il/patoka-odin/boys-volleyball/","https://www.maxpreps.com/il/webber-bluford/boys-volleyball/","",""
83,"Pittsfield vs Winchester",Boys Volleyball,"Illinois",9/14/2026,TBD,"The Winchester varsity volleyball team has a game @ Pittsfield (Illinois).","/il/volleyball/match/pittsfield-vs-winchester/9-14-2026/?c=4e6f5f81-640a-474b-bff7-364417f8e135","https://www.maxpreps.com/il/volleyball/match/pittsfield-vs-winchester/9-14-2026/?c=4e6f5f81-640a-474b-bff7-364417f8e135","/volleyball/il/9b7?9/14/2026","Pittsfield","Winchester","https://www.maxpreps.com/il/pittsfield/boys-volleyball/","https://www.maxpreps.com/il/winchester/boys-volleyball/","",""
84,"Johnsburg vs Marengo",Boys Volleyball,"Illinois",9/14/2026,TBD,"The Marengo varsity volleyball team has a game @ Johnsburg (Illinois).","/il/volleyball/match/johnsburg-vs-marengo/9-14-2026/?c=adbd2e64-6307-4ed2-8248-ac2dc869d42c","https://www.maxpreps.com/il/volleyball/match/johnsburg-vs-marengo/9-14-2026/?c=adbd2e64-6307-4ed2-8248-ac2dc869d42c","/volleyball/il/7fe?9/14/2026","Johnsburg","Marengo","https://www.maxpreps.com/il/johnsburg/boys-volleyball/","https://www.maxpreps.com/il/marengo/boys-volleyball/","",""
85,"Naperville North vs West Aurora",Boys Volleyball,"Illinois",9/14/2026,TBD,"The West Aurora varsity volleyball team has a game @ Naperville North (Illinois).","/il/volleyball/match/naperville-north-vs-west-aurora/9-14-2026/?c=81999bde-485c-4fab-8d25-cd868b63050d","https://www.maxpreps.com/il/volleyball/match/naperville-north-vs-west-aurora/9-14-2026/?c=81999bde-485c-4fab-8d25-cd868b63050d","/volleyball/il/c47?9/14/2026","North","Aurora","https://www.maxpreps.com/il/naperville-north/boys-volleyball/","https://www.maxpreps.com/il/west-aurora/boys-volleyball/","",""
86,"Illini Bluffs Glasford vs Midwest Central Manito",Boys Volleyball,"Illinois",9/14/2026,TBD,"The Midwest Central Manito varsity volleyball team has a game @ Illini Bluffs Glasford (Illinois).","/il/volleyball/match/illini-bluffs-glasford-vs-midwest-central-manito/9-14-2026/?c=0332b031-dd7c-4271-8ac0-26586c86b44f","https://www.maxpreps.com/il/volleyball/match/illini-bluffs-glasford-vs-midwest-central-manito/9-14-2026/?c=0332b031-dd7c-4271-8ac0-26586c86b44f","/volleyball/il/12ba?9/14/2026","Glasford","Manito","https://www.maxpreps.com/il/illini-bluffs-glasford/boys-volleyball/","https://www.maxpreps.com/il/midwest-central-manito/boys-volleyball/","",""
87,"Plano vs Woodstock North",Boys Volleyball,"Illinois",9/14/2026,TBD,"The Woodstock North varsity volleyball team has a game @ Plano (Illinois).","/il/volleyball/match/plano-vs-woodstock-north/9-14-2026/?c=17f7604e-8491-4ad2-97db-56068a9ed6dc","https://www.maxpreps.com/il/volleyball/match/plano-vs-woodstock-north/9-14-2026/?c=17f7604e-8491-4ad2-97db-56068a9ed6dc","/volleyball/il/992?9/14/2026","Plano","North","https://www.maxpreps.com/il/plano/boys-volleyball/","https://www.maxpreps.com/il/woodstock-north/boys-volleyball/","",""
88,"Carlinville vs Lincolnwood Raymond",Boys Volleyball,"Illinois",9/14/2026,TBD,"The Lincolnwood Raymond varsity volleyball team has a game @ Carlinville (Illinois).","/il/volleyball/match/carlinville-vs-lincolnwood-raymond/9-14-2026/?c=ef0b5546-291e-4af8-9d1d-0a63ec50c484","https://www.maxpreps.com/il/volleyball/match/carlinville-vs-lincolnwood-raymond/9-14-2026/?c=ef0b5546-291e-4af8-9d1d-0a63ec50c484","/volleyball/il/da7?9/14/2026","Carlinville","Raymond","https://www.maxpreps.com/il/carlinville/boys-volleyball/","https://www.maxpreps.com/il/lincolnwood-raymond/boys-volleyball/","",""
89,"Bulls College Prep Chicago vs Chicago Washington",Boys Volleyball,"Illinois",9/14/2026,TBD,"The Chicago Washington varsity volleyball team has a game @ Bulls College Prep Chicago (Illinois).","/il/volleyball/match/bulls-college-prep-chicago-vs-chicago-washington/9-14-2026/?c=6ed50c4c-5a6e-42fa-8528-79db4c286706","https://www.maxpreps.com/il/volleyball/match/bulls-college-prep-chicago-vs-chicago-washington/9-14-2026/?c=6ed50c4c-5a6e-42fa-8528-79db4c286706","/volleyball/il/1289?9/14/2026","Chicago","Washington","https://www.maxpreps.com/il/bulls-college-prep-chicago/boys-volleyball/","https://www.maxpreps.com/il/chicago-washington/boys-volleyball/","",""
90,"Brownstown St Elmo Eagles vs Ramsey",Boys Volleyball,"Illinois",9/14/2026,TBD,"The Ramsey varsity volleyball team has a game @ Brownstown St Elmo Eagles (Illinois).","/il/volleyball/match/brownstown-st-elmo-eagles-vs-ramsey/9-14-2026/?c=de21fad5-238c-4f32-a176-e35cff443e31","https://www.maxpreps.com/il/volleyball/match/brownstown-st-elmo-eagles-vs-ramsey/9-14-2026/?c=de21fad5-238c-4f32-a176-e35cff443e31","/volleyball/il/dc3?9/14/2026","Eagles","Ramsey","https://www.maxpreps.com/il/brownstown-st-elmo-eagles/boys-volleyball/","https://www.maxpreps.com/il/ramsey/boys-volleyball/","",""
91,"Casey Westfield vs Martinsville",Boys Volleyball,"Illinois",9/14/2026,TBD,"The Martinsville varsity volleyball team has a game @ Casey Westfield (Illinois).","/il/volleyball/match/casey-westfield-vs-martinsville/9-14-2026/?c=b4ebeba0-0c8d-4501-816f-753b097056a7","https://www.maxpreps.com/il/volleyball/match/casey-westfield-vs-martinsville/9-14-2026/?c=b4ebeba0-0c8d-4501-816f-753b097056a7","/volleyball/il/c66?9/14/2026","Westfield","Martinsville","https://www.maxpreps.com/il/casey-westfield/boys-volleyball/","https://www.maxpreps.com/il/martinsville/boys-volleyball/","",""
92,"Heritage Broadlands vs Neoga",Boys Volleyball,"Illinois",9/14/2026,TBD,"The Neoga varsity volleyball team has a game @ Heritage Broadlands (Illinois).","/il/volleyball/match/heritage-broadlands-vs-neoga/9-14-2026/?c=dda4d11f-7202-439f-8cec-0c19b7397ea4","https://www.maxpreps.com/il/volleyball/match/heritage-broadlands-vs-neoga/9-14-2026/?c=dda4d11f-7202-439f-8cec-0c19b7397ea4","/volleyball/il/add?9/14/2026","Broadlands","Neoga","https://www.maxpreps.com/il/heritage-broadlands/boys-volleyball/","https://www.maxpreps.com/il/neoga/boys-volleyball/","",""
93,"Nazareth Academy Lagrange Park vs Whitney Young Chicago",Boys Volleyball,"Illinois",9/14/2026,TBD,"The Whitney Young Chicago varsity volleyball team has a game @ Nazareth Academy Lagrange Park (Illinois).","/il/volleyball/match/nazareth-academy-lagrange-park-vs-whitney-young-chicago/9-14-2026/?c=44639855-aa10-4a26-8f8f-8efae2f96efc","https://www.maxpreps.com/il/volleyball/match/nazareth-academy-lagrange-park-vs-whitney-young-chicago/9-14-2026/?c=44639855-aa10-4a26-8f8f-8efae2f96efc","/volleyball/il/154c?9/14/2026","Park","Chicago","https://www.maxpreps.com/il/nazareth-academy-lagrange-park/boys-volleyball/","https://www.maxpreps.com/il/whitney-young-chicago/boys-volleyball/","",""
94,"Dixon vs Princeton",Boys Volleyball,"Illinois",9/14/2026,TBD,"The Princeton varsity volleyball team has a game @ Dixon (Illinois).","/il/volleyball/match/dixon-vs-princeton/9-14-2026/?c=090f94f6-b2b4-44cc-bfe2-45aea43755dd","https://www.maxpreps.com/il/volleyball/match/dixon-vs-princeton/9-14-2026/?c=090f94f6-b2b4-44cc-bfe2-45aea43755dd","/volleyball/il/737?9/14/2026","Dixon","Princeton","https://www.maxpreps.com/il/dixon/boys-volleyball/","https://www.maxpreps.com/il/princeton/boys-volleyball/","",""
95,"Egyptian Tamms vs Johnston City",Boys Volleyball,"Illinois",9/14/2026,TBD,"The Johnston City varsity volleyball team has a game @ Egyptian Tamms (Illinois).","/il/volleyball/match/egyptian-tamms-vs-johnston-city/9-14-2026/?c=4f05038a-72fe-48ce-b8d3-2c932e5f25f8","https://www.maxpreps.com/il/volleyball/match/egyptian-tamms-vs-johnston-city/9-14-2026/?c=4f05038a-72fe-48ce-b8d3-2c932e5f25f8","/volleyball/il/c4c?9/14/2026","Tamms","City","https://www.maxpreps.com/il/egyptian-tamms/boys-volleyball/","https://www.maxpreps.com/il/johnston-city/boys-volleyball/","",""
96,"Decatur Christian Forsyth vs Illinois School For The Deaf Jacksonville",Boys Volleyball,"Illinois",9/14/2026,TBD,"The Illinois School For The Deaf Jacksonville varsity volleyball team has a game @ Decatur Christian Forsyth (Illinois).","/il/volleyball/match/decatur-christian-forsyth-vs-illinois-school-for-the-deaf-jacksonville/9-14-2026/?c=49e242f4-546c-4634-9115-2a1d5b4a94b9","https://www.maxpreps.com/il/volleyball/match/decatur-christian-forsyth-vs-illinois-school-for-the-deaf-jacksonville/9-14-2026/?c=49e242f4-546c-4634-9115-2a1d5b4a94b9","/volleyball/il/1b42?9/14/2026","Forsyth","Jacksonville","https://www.maxpreps.com/il/decatur-christian-forsyth/boys-volleyball/","https://www.maxpreps.com/il/illinois-school-for-the-deaf-jacksonville/boys-volleyball/","",""
97,"East Moline Christian vs Quad Cities Christian Moline",Boys Volleyball,"Illinois",9/14/2026,TBD,"The Quad Cities Christian Moline varsity volleyball team has a game @ East Moline Christian (Illinois).","/il/volleyball/match/east-moline-christian-vs-quad-cities-christian-moline/9-14-2026/?c=7e083e3a-e123-4a43-bf03-65b3ebf2255e","https://www.maxpreps.com/il/volleyball/match/east-moline-christian-vs-quad-cities-christian-moline/9-14-2026/?c=7e083e3a-e123-4a43-bf03-65b3ebf2255e","/volleyball/il/148f?9/14/2026","Christian","Moline","https://www.maxpreps.com/il/east-moline-christian/boys-volleyball/","https://www.maxpreps.com/il/quad-cities-christian-moline/boys-volleyball/","",""
98,"Buffalo Grove vs Stevenson Lincolnshire",Boys Volleyball,"Illinois",9/14/2026,TBD,"The Stevenson Lincolnshire varsity volleyball team has a game @ Buffalo Grove (Illinois).","/il/volleyball/match/buffalo-grove-vs-stevenson-lincolnshire/9-14-2026/?c=ca9f9ac2-d7d5-462b-b742-b1169ec9efbd","https://www.maxpreps.com/il/volleyball/match/buffalo-grove-vs-stevenson-lincolnshire/9-14-2026/?c=ca9f9ac2-d7d5-462b-b742-b1169ec9efbd","/volleyball/il/f8e?9/14/2026","Grove","Lincolnshire","https://www.maxpreps.com/il/buffalo-grove/boys-volleyball/","https://www.maxpreps.com/il/stevenson-lincolnshire/boys-volleyball/","",""
99,"Crab Orchard Marion vs Wayne City",Boys Volleyball,"Illinois",9/14/2026,TBD,"The Wayne City varsity volleyball team has a game @ Crab Orchard Marion (Illinois).","/il/volleyball/match/crab-orchard-marion-vs-wayne-city/9-14-2026/?c=e66f2d39-a4dc-486d-b9a3-511e83f15bb0","https://www.maxpreps.com/il/volleyball/match/crab-orchard-marion-vs-wayne-city/9-14-2026/?c=e66f2d39-a4dc-486d-b9a3-511e83f15bb0","/volleyball/il/ca8?9/14/2026","Marion","City","https://www.maxpreps.com/il/crab-orchard-marion/boys-volleyball/","https://www.maxpreps.com/il/wayne-city/boys-volleyball/","",""
100,"North Greene White Hall vs Triopia Meredosia Chambersburg Virginia Concord",Boys Volleyball,"Illinois",9/14/2026,TBD,"The Triopia Meredosia Chambersburg Virginia Concord varsity volleyball team has a game @ North Greene White Hall (Illinois).","/il/volleyball/match/north-greene-white-hall-vs-triopia-meredosia-chambersburg-virginia-concord/9-14-2026/?c=de6dddf8-8a53-438c-a63e-9e19d90f7f46","https://www.maxpreps.com/il/volleyball/match/north-greene-white-hall-vs-triopia-meredosia-chambersburg-virginia-concord/9-14-2026/?c=de6dddf8-8a53-438c-a63e-9e19d90f7f46","/volleyball/il/1cc8?9/14/2026","Hall","Concord","https://www.maxpreps.com/il/north-greene-white-hall/boys-volleyball/","https://www.maxpreps.com/il/triopia-meredosia-chambersburg-virginia-concord/boys-volleyball/","",""
101,"Chrisman vs Tuscola",Boys Volleyball,"Illinois",9/14/2026,TBD,"The Tuscola varsity volleyball team has a game @ Chrisman (Illinois).","/il/volleyball/match/chrisman-vs-tuscola/9-14-2026/?c=c6fddbc7-66ca-4db7-bb1e-8db8b93d5dcb","https://www.maxpreps.com/il/volleyball/match/chrisman-vs-tuscola/9-14-2026/?c=c6fddbc7-66ca-4db7-bb1e-8db8b93d5dcb","/volleyball/il/793?9/14/2026","Chrisman","Tuscola","https://www.maxpreps.com/il/chrisman/boys-volleyball/","https://www.maxpreps.com/il/tuscola/boys-volleyball/","",""
102,"Knoxville vs Sherrard",Boys Volleyball,"Illinois",9/14/2026,TBD,"The Sherrard varsity volleyball team has a game @ Knoxville (Illinois).","/il/volleyball/match/knoxville-vs-sherrard/9-14-2026/?c=ff2feb47-ca1f-4077-8cd4-63221bca8c4c","https://www.maxpreps.com/il/volleyball/match/knoxville-vs-sherrard/9-14-2026/?c=ff2feb47-ca1f-4077-8cd4-63221bca8c4c","/volleyball/il/87a?9/14/2026","Knoxville","Sherrard","https://www.maxpreps.com/il/knoxville/boys-volleyball/","https://www.maxpreps.com/il/sherrard/boys-volleyball/","",""
103,"Illinois Valley Central Chillicothe vs Ottawa",Boys Volleyball,"Illinois",9/14/2026,TBD,"The Ottawa varsity volleyball team has a game @ Illinois Valley Central Chillicothe (Illinois).","/il/volleyball/match/illinois-valley-central-chillicothe-vs-ottawa/9-14-2026/?c=1aa278d7-7025-46ff-b5e6-c3c76f9bc560","https://www.maxpreps.com/il/volleyball/match/illinois-valley-central-chillicothe-vs-ottawa/9-14-2026/?c=1aa278d7-7025-46ff-b5e6-c3c76f9bc560","/volleyball/il/11bb?9/14/2026","Chillicothe","Ottawa","https://www.maxpreps.com/il/illinois-valley-central-chillicothe/boys-volleyball/","https://www.maxpreps.com/il/ottawa/boys-volleyball/","",""
104,"British International School Of Chicago vs Horizon Science Academy Mckinley Park Chicago",Boys Volleyball,"Illinois",9/14/2026,TBD,"The Horizon Science Academy Mckinley Park Chicago varsity volleyball team has a game @ British International School Of Chicago (Illinois).","/il/volleyball/match/british-international-school-of-chicago-vs-horizon-science-academy-mckinley-park-chicago/9-14-2026/?c=ef83d46b-a4b8-4a31-ba5b-aea2a9269dad","https://www.maxpreps.com/il/volleyball/match/british-international-school-of-chicago-vs-horizon-science-academy-mckinley-park-chicago/9-14-2026/?c=ef83d46b-a4b8-4a31-ba5b-aea2a9269dad","/volleyball/il/21ff?9/14/2026","Chicago","Chicago","https://www.maxpreps.com/il/british-international-school-of-chicago/boys-volleyball/","https://www.maxpreps.com/il/horizon-science-academy-mckinley-park-chicago/boys-volleyball/","",""
105,"Civic Memorial Bethalto vs Roxana",Boys Volleyball,"Illinois",9/14/2026,TBD,"The Roxana varsity volleyball team has a game @ Civic Memorial Bethalto (Illinois).","/il/volleyball/match/civic-memorial-bethalto-vs-roxana/9-14-2026/?c=af62a495-bce8-436b-bf13-8add2895895e","https://www.maxpreps.com/il/volleyball/match/civic-memorial-bethalto-vs-roxana/9-14-2026/?c=af62a495-bce8-436b-bf13-8add2895895e","/volleyball/il/cdd?9/14/2026","Bethalto","Roxana","https://www.maxpreps.com/il/civic-memorial-bethalto/boys-volleyball/","https://www.maxpreps.com/il/roxana/boys-volleyball/","",""
106,"Aurora Central Catholic vs Westmont",Boys Volleyball,"Illinois",9/14/2026,TBD,"The Westmont varsity volleyball team has a game @ Aurora Central Catholic (Illinois).","/il/volleyball/match/aurora-central-catholic-vs-westmont/9-14-2026/?c=85ffe53c-848f-4baf-b58a-3dac795cbb04","https://www.maxpreps.com/il/volleyball/match/aurora-central-catholic-vs-westmont/9-14-2026/?c=85ffe53c-848f-4baf-b58a-3dac795cbb04","/volleyball/il/dd8?9/14/2026","Catholic","Westmont","https://www.maxpreps.com/il/aurora-central-catholic/boys-volleyball/","https://www.maxpreps.com/il/westmont/boys-volleyball/","",""
107,"Althoff Catholic Belleville vs Nashville",Boys Volleyball,"Illinois",9/14/2026,TBD,"The Nashville varsity volleyball team has a game @ Althoff Catholic Belleville (Illinois).","/il/volleyball/match/althoff-catholic-belleville-vs-nashville/9-14-2026/?c=66b93053-9d30-4787-9800-ce452d0356ed","https://www.maxpreps.com/il/volleyball/match/althoff-catholic-belleville-vs-nashville/9-14-2026/?c=66b93053-9d30-4787-9800-ce452d0356ed","/volleyball/il/fae?9/14/2026","Belleville","Nashville","https://www.maxpreps.com/il/althoff-catholic-belleville/boys-volleyball/","https://www.maxpreps.com/il/nashville/boys-volleyball/","",""
108,"Hrk Gurnee vs Westlake Christian Academy Grayslake",Boys Volleyball,"Illinois",9/14/2026,TBD,"The Westlake Christian Academy Grayslake varsity volleyball team has a game @ Hrk Gurnee (Illinois).","/il/volleyball/match/hrk-gurnee-vs-westlake-christian-academy-grayslake/9-14-2026/?c=8388b281-e86d-4c03-ad9d-3c8d38eca773","https://www.maxpreps.com/il/volleyball/match/hrk-gurnee-vs-westlake-christian-academy-grayslake/9-14-2026/?c=8388b281-e86d-4c03-ad9d-3c8d38eca773","/volleyball/il/137e?9/14/2026","Gurnee","Grayslake","https://www.maxpreps.com/il/hrk-gurnee/boys-volleyball/","https://www.maxpreps.com/il/westlake-christian-academy-grayslake/boys-volleyball/","",""
109,"Homeschool Resource Center Monee vs Kankakee Trinity Academy",Boys Volleyball,"Illinois",9/14/2026,TBD,"The Kankakee Trinity Academy varsity volleyball team has a game @ Homeschool Resource Center Monee (Illinois).","/il/volleyball/match/homeschool-resource-center-monee-vs-kankakee-trinity-academy/9-14-2026/?c=8eb294da-7918-4d37-8363-2dc8a8129f0d","https://www.maxpreps.com/il/volleyball/match/homeschool-resource-center-monee-vs-kankakee-trinity-academy/9-14-2026/?c=8eb294da-7918-4d37-8363-2dc8a8129f0d","/volleyball/il/1774?9/14/2026","Monee","Academy","https://www.maxpreps.com/il/homeschool-resource-center-monee/boys-volleyball/","https://www.maxpreps.com/il/kankakee-trinity-academy/boys-volleyball/","",""
110,"Butler Chicago vs Muchin College Prep Chicago",Boys Volleyball,"Illinois",9/14/2026,TBD,"The Muchin College Prep Chicago varsity volleyball team has a game @ Butler Chicago (Illinois).","/il/volleyball/match/butler-chicago-vs-muchin-college-prep-chicago/9-14-2026/?c=6319976c-0f24-44fa-8c63-f5cce047e61b","https://www.maxpreps.com/il/volleyball/match/butler-chicago-vs-muchin-college-prep-chicago/9-14-2026/?c=6319976c-0f24-44fa-8c63-f5cce047e61b","/volleyball/il/1137?9/14/2026","Chicago","Chicago","https://www.maxpreps.com/il/butler-chicago/boys-volleyball/","https://www.maxpreps.com/il/muchin-college-prep-chicago/boys-volleyball/","",""
111,"Cornerstone Christian Bloomington vs Lexington",Boys Volleyball,"Illinois",9/14/2026,TBD,"The Lexington varsity volleyball team has a game @ Cornerstone Christian Bloomington (Illinois).","/il/volleyball/match/cornerstone-christian-bloomington-vs-lexington/9-14-2026/?c=fbe1c0d7-4735-47c9-8688-ab5d6b0c307d","https://www.maxpreps.com/il/volleyball/match/cornerstone-christian-bloomington-vs-lexington/9-14-2026/?c=fbe1c0d7-4735-47c9-8688-ab5d6b0c307d","/volleyball/il/1294?9/14/2026","Bloomington","Lexington","https://www.maxpreps.com/il/cornerstone-christian-bloomington/boys-volleyball/","https://www.maxpreps.com/il/lexington/boys-volleyball/","",""
112,"Disney Ii Chicago vs Pritzker Chicago",Boys Volleyball,"Illinois",9/14/2026,TBD,"The Pritzker Chicago varsity volleyball team has a game @ Disney Ii Chicago (Illinois).","/il/volleyball/match/disney-ii-chicago-vs-pritzker-chicago/9-14-2026/?c=8a0a869e-7848-4f13-981d-77d6ce3cd2aa","https://www.maxpreps.com/il/volleyball/match/disney-ii-chicago-vs-pritzker-chicago/9-14-2026/?c=8a0a869e-7848-4f13-981d-77d6ce3cd2aa","/volleyball/il/e3f?9/14/2026","Chicago","Chicago","https://www.maxpreps.com/il/disney-ii-chicago/boys-volleyball/","https://www.maxpreps.com/il/pritzker-chicago/boys-volleyball/","",""
113,"Mansueto Chicago vs Noble Street College Prep Chicago",Boys Volleyball,"Illinois",9/14/2026,TBD,"The Noble Street College Prep Chicago varsity volleyball team has a game @ Mansueto Chicago (Illinois).","/il/volleyball/match/mansueto-chicago-vs-noble-street-college-prep-chicago/9-14-2026/?c=3403bbc8-3d3c-409b-9d90-ce4353aa17eb","https://www.maxpreps.com/il/volleyball/match/mansueto-chicago-vs-noble-street-college-prep-chicago/9-14-2026/?c=3403bbc8-3d3c-409b-9d90-ce4353aa17eb","/volleyball/il/1465?9/14/2026","Chicago","Chicago","https://www.maxpreps.com/il/mansueto-chicago/boys-volleyball/","https://www.maxpreps.com/il/noble-street-college-prep-chicago/boys-volleyball/","",""
114,"Coal City vs Newark",Boys Volleyball,"Illinois",9/14/2026,TBD,"The Newark varsity volleyball team has a game @ Coal City (Illinois).","/il/volleyball/match/coal-city-vs-newark/9-14-2026/?c=f7c022e2-4caa-4bd1-9044-625ea266b312","https://www.maxpreps.com/il/volleyball/match/coal-city-vs-newark/9-14-2026/?c=f7c022e2-4caa-4bd1-9044-625ea266b312","/volleyball/il/750?9/14/2026","City","Newark","https://www.maxpreps.com/il/coal-city/boys-volleyball/","https://www.maxpreps.com/il/newark/boys-volleyball/","",""
115,"Calhoun Hardin vs Carrollton Hawks Lady Hawks ",Boys Volleyball,"Illinois",9/14/2026,TBD,"The Carrollton Hawks Lady Hawks  varsity volleyball team has a game @ Calhoun Hardin (Illinois).","/il/volleyball/match/calhoun-hardin-vs-carrollton-hawks-lady-hawks-/9-14-2026/?c=0b614914-00ae-4aa7-a45f-35b5d81763ba","https://www.maxpreps.com/il/volleyball/match/calhoun-hardin-vs-carrollton-hawks-lady-hawks-/9-14-2026/?c=0b614914-00ae-4aa7-a45f-35b5d81763ba","/volleyball/il/11aa?9/14/2026","Hardin","","https://www.maxpreps.com/il/calhoun-hardin/boys-volleyball/","https://www.maxpreps.com/il/carrollton-hawks-lady-hawks-/boys-volleyball/","",""
116,"Chester vs Murphysboro",Boys Volleyball,"Illinois",9/14/2026,TBD,"The Murphysboro varsity volleyball team has a game @ Chester (Illinois).","/il/volleyball/match/chester-vs-murphysboro/9-14-2026/?c=fd4c581d-96ef-4f8c-8515-18f559c173f7","https://www.maxpreps.com/il/volleyball/match/chester-vs-murphysboro/9-14-2026/?c=fd4c581d-96ef-4f8c-8515-18f559c173f7","/volleyball/il/8fb?9/14/2026","Chester","Murphysboro","https://www.maxpreps.com/il/chester/boys-volleyball/","https://www.maxpreps.com/il/murphysboro/boys-volleyball/","",""
117,"Dwight vs Fieldcrest Minonk",Boys Volleyball,"Illinois",9/14/2026,TBD,"The Fieldcrest Minonk varsity volleyball team has a game @ Dwight (Illinois).","/il/volleyball/match/dwight-vs-fieldcrest-minonk/9-14-2026/?c=e8df61b4-356e-40f9-9486-2a3da0f682ca","https://www.maxpreps.com/il/volleyball/match/dwight-vs-fieldcrest-minonk/9-14-2026/?c=e8df61b4-356e-40f9-9486-2a3da0f682ca","/volleyball/il/aa8?9/14/2026","Dwight","Minonk","https://www.maxpreps.com/il/dwight/boys-volleyball/","https://www.maxpreps.com/il/fieldcrest-minonk/boys-volleyball/","",""
118,"Nashville Il vs Non Varsity Opponent Intl",Boys Volleyball,"Illinois",9/14/2026,TBD,"The Non Varsity Opponent Intl varsity volleyball team has a game @ Nashville Il (Illinois).","/il/volleyball/match/nashville-il-vs-non-varsity-opponent-intl/9-14-2026/?c=3e2b1d6f-bdf4-47a9-aed4-32ab3337b83c","https://www.maxpreps.com/il/volleyball/match/nashville-il-vs-non-varsity-opponent-intl/9-14-2026/?c=3e2b1d6f-bdf4-47a9-aed4-32ab3337b83c","/volleyball/il/1019?9/14/2026","Il","Intl","https://www.maxpreps.com/il/nashville-il/boys-volleyball/","https://www.maxpreps.com/il/non-varsity-opponent-intl/boys-volleyball/","",""
119,"Gibault Catholic Waterloo vs Granite City",Boys Volleyball,"Illinois",9/14/2026,TBD,"The Granite City varsity volleyball team has a game @ Gibault Catholic Waterloo (Illinois).","/il/volleyball/match/gibault-catholic-waterloo-vs-granite-city/9-14-2026/?c=11ca6bb7-ccc9-452a-8e50-601d4909e6db","https://www.maxpreps.com/il/volleyball/match/gibault-catholic-waterloo-vs-granite-city/9-14-2026/?c=11ca6bb7-ccc9-452a-8e50-601d4909e6db","/volleyball/il/1009?9/14/2026","Waterloo","City","https://www.maxpreps.com/il/gibault-catholic-waterloo/boys-volleyball/","https://www.maxpreps.com/il/granite-city/boys-volleyball/","",""
120,"Indian Creek Shabbona vs Marquette Ottawa",Boys Volleyball,"Illinois",9/14/2026,TBD,"The Marquette Ottawa varsity volleyball team has a game @ Indian Creek Shabbona (Illinois).","/il/volleyball/match/indian-creek-shabbona-vs-marquette-ottawa/9-14-2026/?c=6966ab57-e5de-4abb-b711-efe5df4af9d9","https://www.maxpreps.com/il/volleyball/match/indian-creek-shabbona-vs-marquette-ottawa/9-14-2026/?c=6966ab57-e5de-4abb-b711-efe5df4af9d9","/volleyball/il/fed?9/14/2026","Shabbona","Ottawa","https://www.maxpreps.com/il/indian-creek-shabbona/boys-volleyball/","https://www.maxpreps.com/il/marquette-ottawa/boys-volleyball/","",""
121,"Mendon Unity vs Rushville Industry",Boys Volleyball,"Illinois",9/14/2026,TBD,"The Rushville Industry varsity volleyball team has a game @ Mendon Unity (Illinois).","/il/volleyball/match/mendon-unity-vs-rushville-industry/9-14-2026/?c=ffebc234-7397-4b6d-a7b7-b72adeae831e","https://www.maxpreps.com/il/volleyball/match/mendon-unity-vs-rushville-industry/9-14-2026/?c=ffebc234-7397-4b6d-a7b7-b72adeae831e","/volleyball/il/db7?9/14/2026","Unity","Industry","https://www.maxpreps.com/il/mendon-unity/boys-volleyball/","https://www.maxpreps.com/il/rushville-industry/boys-volleyball/","",""
122,"Marissa Coulterville vs Sparta",Boys Volleyball,"Illinois",9/14/2026,TBD,"The Sparta varsity volleyball team has a game @ Marissa Coulterville (Illinois).","/il/volleyball/match/marissa-coulterville-vs-sparta/9-14-2026/?c=a7abc567-b1ea-4f9b-bf8b-30b935a73774","https://www.maxpreps.com/il/volleyball/match/marissa-coulterville-vs-sparta/9-14-2026/?c=a7abc567-b1ea-4f9b-bf8b-30b935a73774","/volleyball/il/c05?9/14/2026","Coulterville","Sparta","https://www.maxpreps.com/il/marissa-coulterville/boys-volleyball/","https://www.maxpreps.com/il/sparta/boys-volleyball/","",""
123,"Carlyle Indians Lady Indians vs East Alton Wood River",Boys Volleyball,"Illinois",9/14/2026,TBD,"The East Alton Wood River varsity volleyball team has a game @ Carlyle Indians Lady Indians (Illinois).","/il/volleyball/match/carlyle-indians-lady-indians-vs-east-alton-wood-river/9-14-2026/?c=64d747f6-9d9a-4b04-9bc0-9cf89eed1b1c","https://www.maxpreps.com/il/volleyball/match/carlyle-indians-lady-indians-vs-east-alton-wood-river/9-14-2026/?c=64d747f6-9d9a-4b04-9bc0-9cf89eed1b1c","/volleyball/il/145f?9/14/2026","Indians","River","https://www.maxpreps.com/il/carlyle-indians-lady-indians/boys-volleyball/","https://www.maxpreps.com/il/east-alton-wood-river/boys-volleyball/","",""
124,"Grayville vs Oblong",Boys Volleyball,"Illinois",9/14/2026,TBD,"The Oblong varsity volleyball team has a game @ Grayville (Illinois).","/il/volleyball/match/grayville-vs-oblong/9-14-2026/?c=7b9112f1-762c-44d8-b8d2-1468d3b29eea","https://www.maxpreps.com/il/volleyball/match/grayville-vs-oblong/9-14-2026/?c=7b9112f1-762c-44d8-b8d2-1468d3b29eea","/volleyball/il/793?9/14/2026","Grayville","Oblong","https://www.maxpreps.com/il/grayville/boys-volleyball/","https://www.maxpreps.com/il/oblong/boys-volleyball/","",""
125,"Carterville vs Mt Vernon",Boys Volleyball,"Illinois",9/14/2026,TBD,"The Mt Vernon varsity volleyball team has a game @ Carterville (Illinois).","/il/volleyball/match/carterville-vs-mt-vernon/9-14-2026/?c=b734e0fc-16d8-4b9b-8320-5d46f01c1a8f","https://www.maxpreps.com/il/volleyball/match/carterville-vs-mt-vernon/9-14-2026/?c=b734e0fc-16d8-4b9b-8320-5d46f01c1a8f","/volleyball/il/986?9/14/2026","Carterville","Vernon","https://www.maxpreps.com/il/carterville/boys-volleyball/","https://www.maxpreps.com/il/mt-vernon/boys-volleyball/","",""
126,"Dunlap vs Peoria Notre Dame",Boys Volleyball,"Illinois",9/14/2026,TBD,"The Peoria Notre Dame varsity volleyball team has a game @ Dunlap (Illinois).","/il/volleyball/match/dunlap-vs-peoria-notre-dame/9-14-2026/?c=fed5cbcc-ef16-4c18-bc49-b7fec9c8c66a","https://www.maxpreps.com/il/volleyball/match/dunlap-vs-peoria-notre-dame/9-14-2026/?c=fed5cbcc-ef16-4c18-bc49-b7fec9c8c66a","/volleyball/il/a60?9/14/2026","Dunlap","Dame","https://www.maxpreps.com/il/dunlap/boys-volleyball/","https://www.maxpreps.com/il/peoria-notre-dame/boys-volleyball/","",""
127,"Carbondale vs Herrin",Boys Volleyball,"Illinois",9/14/2026,TBD,"The Herrin varsity volleyball team has a game @ Carbondale (Illinois).","/il/volleyball/match/carbondale-vs-herrin/9-14-2026/?c=cd160cec-8e75-40d1-9476-878dd7d566f7","https://www.maxpreps.com/il/volleyball/match/carbondale-vs-herrin/9-14-2026/?c=cd160cec-8e75-40d1-9476-878dd7d566f7","/volleyball/il/7d6?9/14/2026","Carbondale","Herrin","https://www.maxpreps.com/il/carbondale/boys-volleyball/","https://www.maxpreps.com/il/herrin/boys-volleyball/","",""
128,"Pekin vs Springfield",Boys Volleyball,"Illinois",9/14/2026,TBD,"The Springfield varsity volleyball team has a game @ Pekin (Illinois).","/il/volleyball/match/pekin-vs-springfield/9-14-2026/?c=f8821b85-b8f0-40c9-8a72-756487173737","https://www.maxpreps.com/il/volleyball/match/pekin-vs-springfield/9-14-2026/?c=f8821b85-b8f0-40c9-8a72-756487173737","/volleyball/il/7f1?9/14/2026","Pekin","Springfield","https://www.maxpreps.com/il/pekin/boys-volleyball/","https://www.maxpreps.com/il/springfield/boys-volleyball/","",""
129,"Freeburg vs Wesclin Trenton",Boys Volleyball,"Illinois",9/14/2026,TBD,"The Wesclin Trenton varsity volleyball team has a game @ Freeburg (Illinois).","/il/volleyball/match/freeburg-vs-wesclin-trenton/9-14-2026/?c=d5b21906-1558-4cbd-9c93-6aed6f80d5dd","https://www.maxpreps.com/il/volleyball/match/freeburg-vs-wesclin-trenton/9-14-2026/?c=d5b21906-1558-4cbd-9c93-6aed6f80d5dd","/volleyball/il/ac1?9/14/2026","Freeburg","Trenton","https://www.maxpreps.com/il/freeburg/boys-volleyball/","https://www.maxpreps.com/il/wesclin-trenton/boys-volleyball/","",""
130,"Marshall vs Tri County Kansas Shiloh Oakland",Boys Volleyball,"Illinois",9/14/2026,TBD,"The Tri County Kansas Shiloh Oakland varsity volleyball team has a game @ Marshall (Illinois).","/il/volleyball/match/marshall-vs-tri-county-kansas-shiloh-oakland/9-14-2026/?c=866978ea-c5ef-4515-a23f-fb8695591137","https://www.maxpreps.com/il/volleyball/match/marshall-vs-tri-county-kansas-shiloh-oakland/9-14-2026/?c=866978ea-c5ef-4515-a23f-fb8695591137","/volleyball/il/111e?9/14/2026","Marshall","Oakland","https://www.maxpreps.com/il/marshall/boys-volleyball/","https://www.maxpreps.com/il/tri-county-kansas-shiloh-oakland/boys-volleyball/","",""
131,"Greenville Tigers vs Highland",Boys Volleyball,"Illinois",9/14/2026,TBD,"The Highland varsity volleyball team has a game @ Greenville Tigers (Illinois).","/il/volleyball/match/greenville-tigers-vs-highland/9-14-2026/?c=2fcb359c-b074-4cc4-9107-3df58fc04208","https://www.maxpreps.com/il/volleyball/match/greenville-tigers-vs-highland/9-14-2026/?c=2fcb359c-b074-4cc4-9107-3df58fc04208","/volleyball/il/b6a?9/14/2026","Tigers","Highland","https://www.maxpreps.com/il/greenville-tigers/boys-volleyball/","https://www.maxpreps.com/il/highland/boys-volleyball/","",""
132,"Bismarck Henning Rossville Alvin vs Paris",Boys Volleyball,"Illinois",9/14/2026,TBD,"The Paris varsity volleyball team has a game @ Bismarck Henning Rossville Alvin (Illinois).","/il/volleyball/match/bismarck-henning-rossville-alvin-vs-paris/9-14-2026/?c=3db009f4-2c27-4038-a914-02e21f2a9830","https://www.maxpreps.com/il/volleyball/match/bismarck-henning-rossville-alvin-vs-paris/9-14-2026/?c=3db009f4-2c27-4038-a914-02e21f2a9830","/volleyball/il/1019?9/14/2026","Alvin","Paris","https://www.maxpreps.com/il/bismarck-henning-rossville-alvin/boys-volleyball/","https://www.maxpreps.com/il/paris/boys-volleyball/","",""
133,"Danville vs Oakwood Fithian",Boys Volleyball,"Illinois",9/14/2026,TBD,"The Oakwood Fithian varsity volleyball team has a game @ Danville (Illinois).","/il/volleyball/match/danville-vs-oakwood-fithian/9-14-2026/?c=62767187-5f66-4edf-a9ce-fcfb859870b1","https://www.maxpreps.com/il/volleyball/match/danville-vs-oakwood-fithian/9-14-2026/?c=62767187-5f66-4edf-a9ce-fcfb859870b1","/volleyball/il/a96?9/14/2026","Danville","Fithian","https://www.maxpreps.com/il/danville/boys-volleyball/","https://www.maxpreps.com/il/oakwood-fithian/boys-volleyball/","",""
134,"Bushnell Prairie City vs Farmington",Boys Volleyball,"Illinois",9/14/2026,TBD,"The Farmington varsity volleyball team has a game @ Bushnell Prairie City (Illinois).","/il/volleyball/match/bushnell-prairie-city-vs-farmington/9-14-2026/?c=8d937104-c8ca-4d1b-bc00-0de775c8f30e","https://www.maxpreps.com/il/volleyball/match/bushnell-prairie-city-vs-farmington/9-14-2026/?c=8d937104-c8ca-4d1b-bc00-0de775c8f30e","/volleyball/il/dd4?9/14/2026","City","Farmington","https://www.maxpreps.com/il/bushnell-prairie-city/boys-volleyball/","https://www.maxpreps.com/il/farmington/boys-volleyball/","",""
135,"Non Varsity Opponent Intl vs Wesclin Trenton Il",Boys Volleyball,"Illinois",9/14/2026,TBD,"The Wesclin Trenton Il varsity volleyball team has a game @ Non Varsity Opponent Intl (Illinois).","/il/volleyball/match/non-varsity-opponent-intl-vs-wesclin-trenton-il/9-14-2026/?c=48be026e-8980-46cd-ab78-5cd75ddf1778","https://www.maxpreps.com/il/volleyball/match/non-varsity-opponent-intl-vs-wesclin-trenton-il/9-14-2026/?c=48be026e-8980-46cd-ab78-5cd75ddf1778","/volleyball/il/127f?9/14/2026","Intl","Il","https://www.maxpreps.com/il/non-varsity-opponent-intl/boys-volleyball/","https://www.maxpreps.com/il/wesclin-trenton-il/boys-volleyball/","",""
136,"Cowden Herrick Beecher City vs Meridian Macon",Boys Volleyball,"Illinois",9/14/2026,TBD,"The Meridian Macon varsity volleyball team has a game @ Cowden Herrick Beecher City (Illinois).","/il/volleyball/match/cowden-herrick-beecher-city-vs-meridian-macon/9-14-2026/?c=2ec6cac7-98d5-4ace-96d6-573167a8c77a","https://www.maxpreps.com/il/volleyball/match/cowden-herrick-beecher-city-vs-meridian-macon/9-14-2026/?c=2ec6cac7-98d5-4ace-96d6-573167a8c77a","/volleyball/il/113d?9/14/2026","City","Macon","https://www.maxpreps.com/il/cowden-herrick-beecher-city/boys-volleyball/","https://www.maxpreps.com/il/meridian-macon/boys-volleyball/","",""
137,"Bureau Valley Manlius vs Putnam County Granville",Boys Volleyball,"Illinois",9/14/2026,TBD,"The Putnam County Granville varsity volleyball team has a game @ Bureau Valley Manlius (Illinois).","/il/volleyball/match/bureau-valley-manlius-vs-putnam-county-granville/9-14-2026/?c=55e09d6c-f8c4-4b08-b93a-757c594eab70","https://www.maxpreps.com/il/volleyball/match/bureau-valley-manlius-vs-putnam-county-granville/9-14-2026/?c=55e09d6c-f8c4-4b08-b93a-757c594eab70","/volleyball/il/12fc?9/14/2026","Manlius","Granville","https://www.maxpreps.com/il/bureau-valley-manlius/boys-volleyball/","https://www.maxpreps.com/il/putnam-county-granville/boys-volleyball/","",""
138,"Cisne vs Mt Carmel Golden Aces",Boys Volleyball,"Illinois",9/14/2026,TBD,"The Mt Carmel Golden Aces varsity volleyball team has a game @ Cisne (Illinois).","/il/volleyball/match/cisne-vs-mt-carmel-golden-aces/9-14-2026/?c=819af0c3-83d6-4eec-bbc5-49cb245c629d","https://www.maxpreps.com/il/volleyball/match/cisne-vs-mt-carmel-golden-aces/9-14-2026/?c=819af0c3-83d6-4eec-bbc5-49cb245c629d","/volleyball/il/b46?9/14/2026","Cisne","Aces","https://www.maxpreps.com/il/cisne/boys-volleyball/","https://www.maxpreps.com/il/mt-carmel-golden-aces/boys-volleyball/","",""
139,"Depue vs Midland Varna",Boys Volleyball,"Illinois",9/14/2026,TBD,"The Midland Varna varsity volleyball team has a game @ Depue (Illinois).","/il/volleyball/match/depue-vs-midland-varna/9-14-2026/?c=c890fd76-8ca2-4d24-8c7f-2422f651b85d","https://www.maxpreps.com/il/volleyball/match/depue-vs-midland-varna/9-14-2026/?c=c890fd76-8ca2-4d24-8c7f-2422f651b85d","/volleyball/il/874?9/14/2026","Depue","Varna","https://www.maxpreps.com/il/depue/boys-volleyball/","https://www.maxpreps.com/il/midland-varna/boys-volleyball/","",""
140,"Taylorville vs Warrensburg Latham",Boys Volleyball,"Illinois",9/14/2026,TBD,"The Warrensburg Latham varsity volleyball team has a game @ Taylorville (Illinois).","/il/volleyball/match/taylorville-vs-warrensburg-latham/9-14-2026/?c=9f31df93-260b-4cd3-b0ad-1ff840dac658","https://www.maxpreps.com/il/volleyball/match/taylorville-vs-warrensburg-latham/9-14-2026/?c=9f31df93-260b-4cd3-b0ad-1ff840dac658","/volleyball/il/d50?9/14/2026","Taylorville","Latham","https://www.maxpreps.com/il/taylorville/boys-volleyball/","https://www.maxpreps.com/il/warrensburg-latham/boys-volleyball/","",""
141,"Monmouth Roseville vs Monmouth United",Boys Volleyball,"Illinois",9/14/2026,TBD,"The Monmouth United varsity volleyball team has a game @ Monmouth Roseville (Illinois).","/il/volleyball/match/monmouth-roseville-vs-monmouth-united/9-14-2026/?c=6d1cac70-2a9e-41ef-afec-7e2f69ccd646","https://www.maxpreps.com/il/volleyball/match/monmouth-roseville-vs-monmouth-united/9-14-2026/?c=6d1cac70-2a9e-41ef-afec-7e2f69ccd646","/volleyball/il/ee9?9/14/2026","Roseville","United","https://www.maxpreps.com/il/monmouth-roseville/boys-volleyball/","https://www.maxpreps.com/il/monmouth-united/boys-volleyball/","",""
142,"Eureka vs Fieldcrest Minonk",Boys Volleyball,"Illinois",9/14/2026,TBD,"The Fieldcrest Minonk varsity volleyball team has a game @ Eureka (Illinois).","/il/volleyball/match/eureka-vs-fieldcrest-minonk/9-14-2026/?c=747d2ded-cbcb-46cb-b845-ba6fbbb96f5e","https://www.maxpreps.com/il/volleyball/match/eureka-vs-fieldcrest-minonk/9-14-2026/?c=747d2ded-cbcb-46cb-b845-ba6fbbb96f5e","/volleyball/il/a9e?9/14/2026","Eureka","Minonk","https://www.maxpreps.com/il/eureka/boys-volleyball/","https://www.maxpreps.com/il/fieldcrest-minonk/boys-volleyball/","",""
143,"Mercer County Aledo vs Ridgewood Alwood Cambridge Woodhull",Boys Volleyball,"Illinois",9/14/2026,TBD,"The Ridgewood Alwood Cambridge Woodhull varsity volleyball team has a game @ Mercer County Aledo (Illinois).","/il/volleyball/match/mercer-county-aledo-vs-ridgewood-alwood-cambridge-woodhull/9-14-2026/?c=68b2b526-c34e-4039-a5d1-7a599d455c7c","https://www.maxpreps.com/il/volleyball/match/mercer-county-aledo-vs-ridgewood-alwood-cambridge-woodhull/9-14-2026/?c=68b2b526-c34e-4039-a5d1-7a599d455c7c","/volleyball/il/169f?9/14/2026","Aledo","Woodhull","https://www.maxpreps.com/il/mercer-county-aledo/boys-volleyball/","https://www.maxpreps.com/il/ridgewood-alwood-cambridge-woodhull/boys-volleyball/","",""
144,"Earlville vs Lowpoint Washburn",Boys Volleyball,"Illinois",9/14/2026,TBD,"The Lowpoint Washburn varsity volleyball team has a game @ Earlville (Illinois).","/il/volleyball/match/earlville-vs-lowpoint-washburn/9-14-2026/?c=91b58990-832b-413e-9a23-9f85ca875759","https://www.maxpreps.com/il/volleyball/match/earlville-vs-lowpoint-washburn/9-14-2026/?c=91b58990-832b-413e-9a23-9f85ca875759","/volleyball/il/c16?9/14/2026","Earlville","Washburn","https://www.maxpreps.com/il/earlville/boys-volleyball/","https://www.maxpreps.com/il/lowpoint-washburn/boys-volleyball/","",""
145,"Nokomis vs South County Franklin",Boys Volleyball,"Illinois",9/14/2026,TBD,"The South County Franklin varsity volleyball team has a game @ Nokomis (Illinois).","/il/volleyball/match/nokomis-vs-south-county-franklin/9-14-2026/?c=47c37a27-28e0-4be1-a955-d7988c27effd","https://www.maxpreps.com/il/volleyball/match/nokomis-vs-south-county-franklin/9-14-2026/?c=47c37a27-28e0-4be1-a955-d7988c27effd","/volleyball/il/cc7?9/14/2026","Nokomis","Franklin","https://www.maxpreps.com/il/nokomis/boys-volleyball/","https://www.maxpreps.com/il/south-county-franklin/boys-volleyball/","",""
146,"Fisher vs Leroy",Boys Volleyball,"Illinois",9/14/2026,TBD,"The Leroy varsity volleyball team has a game @ Fisher (Illinois).","/il/volleyball/match/fisher-vs-leroy/9-14-2026/?c=a0f45a73-ead8-462c-be86-e3c66a5e070c","https://www.maxpreps.com/il/volleyball/match/fisher-vs-leroy/9-14-2026/?c=a0f45a73-ead8-462c-be86-e3c66a5e070c","/volleyball/il/5ef?9/14/2026","Fisher","Leroy","https://www.maxpreps.com/il/fisher/boys-volleyball/","https://www.maxpreps.com/il/leroy/boys-volleyball/","",""
147,"Elmwood vs Rowva Williamsfield Oneida",Boys Volleyball,"Illinois",9/14/2026,TBD,"The Rowva Williamsfield Oneida varsity volleyball team has a game @ Elmwood (Illinois).","/il/volleyball/match/elmwood-vs-rowva-williamsfield-oneida/9-14-2026/?c=7e2b48fa-a0be-4356-a0b4-fb6323434fc0","https://www.maxpreps.com/il/volleyball/match/elmwood-vs-rowva-williamsfield-oneida/9-14-2026/?c=7e2b48fa-a0be-4356-a0b4-fb6323434fc0","/volleyball/il/e99?9/14/2026","Elmwood","Oneida","https://www.maxpreps.com/il/elmwood/boys-volleyball/","https://www.maxpreps.com/il/rowva-williamsfield-oneida/boys-volleyball/","",""
148,"Jersey Jerseyville vs Southwestern Piasa",Boys Volleyball,"Illinois",9/14/2026,TBD,"The Southwestern Piasa varsity volleyball team has a game @ Jersey Jerseyville (Illinois).","/il/volleyball/match/jersey-jerseyville-vs-southwestern-piasa/9-14-2026/?c=2e375026-a3a1-4ab4-ba1f-0fdb7ae6bf24","https://www.maxpreps.com/il/volleyball/match/jersey-jerseyville-vs-southwestern-piasa/9-14-2026/?c=2e375026-a3a1-4ab4-ba1f-0fdb7ae6bf24","/volleyball/il/1026?9/14/2026","Jerseyville","Piasa","https://www.maxpreps.com/il/jersey-jerseyville/boys-volleyball/","https://www.maxpreps.com/il/southwestern-piasa/boys-volleyball/","",""
149,"Faith Christian Dixon Il vs Unity Christian Clinton Ia",Boys Volleyball,"Illinois",9/14/2026,TBD,"The Unity Christian Clinton Ia varsity volleyball team has a game @ Faith Christian Dixon Il (Illinois).","/inter-state/volleyball/match/faith-christian-dixon-il-vs-unity-christian-clinton-ia/9-14-2026/?c=21f6bc94-bb28-4178-87a9-5d2e1f74fb3f","https://www.maxpreps.com/inter-state/volleyball/match/faith-christian-dixon-il-vs-unity-christian-clinton-ia/9-14-2026/?c=21f6bc94-bb28-4178-87a9-5d2e1f74fb3f","/volleyball/il/14d8?9/14/2026","Il","Ia","https://www.maxpreps.com/il/faith-christian-dixon-il/boys-volleyball/","https://www.maxpreps.com/il/unity-christian-clinton-ia/boys-volleyball/","",""
150,"Hamilton Southeastern Fishers vs Pendleton Heights",Boys Volleyball,"Illinois",9/14/2026,TBD,"The Pendleton Heights varsity volleyball team has a game @ Hamilton Southeastern Fishers (Illinois).","/in/volleyball/match/hamilton-southeastern-fishers-vs-pendleton-heights/9-14-2026/?c=0993145b-4a91-46c5-a137-8e89038221bb","https://www.maxpreps.com/in/volleyball/match/hamilton-southeastern-fishers-vs-pendleton-heights/9-14-2026/?c=0993145b-4a91-46c5-a137-8e89038221bb","/volleyball/il/13f4?9/14/2026","Fishers","Heights","https://www.maxpreps.com/il/hamilton-southeastern-fishers/boys-volleyball/","https://www.maxpreps.com/il/pendleton-heights/boys-volleyball/","",""