1,"Williamson vs Pine Forest",Football,"Alabama",9/10/2026,7:00pm,"The Williamson varsity football team has an away non-conference game @  Pine Forest (Pensacola, FL) today @ 7p.","/inter-state/football/game/pine-forest-pensacola-fl-vs-williamson-mobile-al/9-10-2026/?c=b48ca10a-920f-4d26-896f-6434b1a3086b","https://www.maxpreps.com/inter-state/football/game/pine-forest-pensacola-fl-vs-williamson-mobile-al/9-10-2026/?c=b48ca10a-920f-4d26-896f-6434b1a3086b","/football/al/126f?9/10/2026","Lions","Eagles","https://www.maxpreps.com/al/pine-forest-pensacola-fl/football/","https://www.maxpreps.com/al/williamson-mobile-al/football/","https://hsfootball.net/proxy.php?url=https%3A%2F%2Fimage.maxpreps.io%2Fschool-mascot%2F3%2F5%2F5%2F355baefa-ed80-4252-8fd0-e4d9f4383788.gif%3Fversion%3D638253706200000000%26amp%3Bwidth%3D128%26amp%3Bheight%3D128%26amp%3Bauto%3Dwebp%26amp%3Bformat%3Dpjpg","https://hsfootball.net/proxy.php?url=https%3A%2F%2Fimage.maxpreps.io%2Fschool-mascot%2Ff%2F6%2F4%2Ff64eb451-c381-42d0-afd0-7e4a0143f336.gif%3Fversion%3D636391719600000000%26amp%3Bwidth%3D128%26amp%3Bheight%3D128%26amp%3Bauto%3Dwebp%26amp%3Bformat%3Dpjpg"
1,"St. Thomas Aquinas vs Assumption",Boys Volleyball,"Kentucky",9/10/2026,7:00pm,"No result has been reported for the St. Thomas Aquinas varsity volleyball away non-conference match @ Assumption (Louisville, KY).","/inter-state/volleyball/match/assumption-louisville-ky-vs-st-thomas-aquinas-fort-lauderdale-fl/9-10-2026/?c=a707a1f5-09d3-45c1-a23a-e1b40df5faaa","https://www.maxpreps.com/inter-state/volleyball/match/assumption-louisville-ky-vs-st-thomas-aquinas-fort-lauderdale-fl/9-10-2026/?c=a707a1f5-09d3-45c1-a23a-e1b40df5faaa","/volleyball/ky/1902?9/10/2026","Raiders","Rockets","https://www.maxpreps.com/ky/assumption-louisville-ky/boys-volleyball/","https://www.maxpreps.com/ky/st-thomas-aquinas-fort-lauderdale-fl/boys-volleyball/","https://hsfootball.net/proxy.php?url=https%3A%2F%2Fimage.maxpreps.io%2Fschool-mascot%2Fb%2Fd%2F1%2Fbd12f619-3d60-413e-a9ef-5742cd4a21bb.gif%3Fversion%3D637743744600000000%26amp%3Bwidth%3D128%26amp%3Bheight%3D128%26amp%3Bauto%3Dwebp%26amp%3Bformat%3Dpjpg","https://hsfootball.net/proxy.php?url=https%3A%2F%2Fimage.maxpreps.io%2Fschool-mascot%2Fa%2Fa%2Fe%2Faae62c61-022f-4b0d-9697-b3d28d9be96b.gif%3Fversion%3D636254542200000000%26amp%3Bwidth%3D128%26amp%3Bheight%3D128%26amp%3Bauto%3Dwebp%26amp%3Bformat%3Dpjpg"
2,"Mother McAuley vs Mercy",Boys Volleyball,"Kentucky",9/10/2026,TBD,"On 9/10, the Mother McAuley varsity volleyball team lost their away non-conference match against Mercy (Louisville, KY) by a score of 2-1.","/inter-state/volleyball/match/mercy-louisville-ky-vs-mother-mcauley-chicago-il/9-10-2026/?c=94576703-05af-42b3-b45d-a4ce512df83c","https://www.maxpreps.com/inter-state/volleyball/match/mercy-louisville-ky-vs-mother-mcauley-chicago-il/9-10-2026/?c=94576703-05af-42b3-b45d-a4ce512df83c","/volleyball/ky/1292?9/10/2026","Mighty Macs","Jaguars","https://www.maxpreps.com/ky/mercy-louisville-ky/boys-volleyball/","https://www.maxpreps.com/ky/mother-mcauley-chicago-il/boys-volleyball/","https://hsfootball.net/proxy.php?url=https%3A%2F%2Fimage.maxpreps.io%2Fschool-mascot%2F9%2Fd%2F5%2F9d5c1cfd-fd9d-4039-83dc-44c9087d6257.gif%3Fversion%3D637700736000000000%26amp%3Bwidth%3D128%26amp%3Bheight%3D128%26amp%3Bauto%3Dwebp%26amp%3Bformat%3Dpjpg","https://hsfootball.net/proxy.php?url=https%3A%2F%2Fimage.maxpreps.io%2Fschool-mascot%2Ff%2Fe%2F1%2Ffe189c9c-290a-4260-9c58-0e1216fbe9b1.gif%3Fversion%3D637027735800000000%26amp%3Bwidth%3D128%26amp%3Bheight%3D128%26amp%3Bauto%3Dwebp%26amp%3Bformat%3Dpjpg"
3,"Ryle vs Cooper",Boys Volleyball,"Kentucky",9/10/2026,7:00pm,"No result has been reported for the Ryle varsity volleyball away conference match @ Cooper (Union, KY).","/ky/volleyball/match/cooper-union-vs-ryle-union/9-10-2026/?c=41d1c77d-d198-4b08-ab41-f85fb87c33e5","https://www.maxpreps.com/ky/volleyball/match/cooper-union-vs-ryle-union/9-10-2026/?c=41d1c77d-d198-4b08-ab41-f85fb87c33e5","/volleyball/ky/a33?9/10/2026","Raiders","Jaguars","https://www.maxpreps.com/ky/cooper-union/boys-volleyball/","https://www.maxpreps.com/ky/ryle-union/boys-volleyball/","https://hsfootball.net/proxy.php?url=https%3A%2F%2Fimage.maxpreps.io%2Fschool-mascot%2F1%2F3%2F9%2F139201a5-f87c-4ee5-98ee-27fba1df3b53.gif%3Fversion%3D633845688000000000%26amp%3Bwidth%3D128%26amp%3Bheight%3D128%26amp%3Bauto%3Dwebp%26amp%3Bformat%3Dpjpg","https://hsfootball.net/proxy.php?url=https%3A%2F%2Fimage.maxpreps.io%2Fschool-mascot%2F5%2F2%2F6%2F526940ba-feeb-4fae-907f-8a5b81101aad.gif%3Fversion%3D633909709200000000%26amp%3Bwidth%3D128%26amp%3Bheight%3D128%26amp%3Bauto%3Dwebp%26amp%3Bformat%3Dpjpg"
4,"Bethlehem vs Bardstown",Boys Volleyball,"Kentucky",9/10/2026,12:00pm,"No result has been reported for the Bethlehem varsity volleyball away conference match @ Bardstown (KY).","/ky/volleyball/match/bardstown-vs-bethlehem-bardstown/9-10-2026/?c=0c6131be-9bb2-4aa4-a048-0aab1e493045","https://www.maxpreps.com/ky/volleyball/match/bardstown-vs-bethlehem-bardstown/9-10-2026/?c=0c6131be-9bb2-4aa4-a048-0aab1e493045","/volleyball/ky/cc6?9/10/2026","Eagles","Tigers","https://www.maxpreps.com/ky/bardstown/boys-volleyball/","https://www.maxpreps.com/ky/bethlehem-bardstown/boys-volleyball/","https://hsfootball.net/proxy.php?url=https%3A%2F%2Fimage.maxpreps.io%2Fschool-mascot%2F5%2F8%2Fb%2F58ba83ca-6cb9-4792-9d24-fb210a1387cd.gif%3Fversion%3D634828797000000000%26amp%3Bwidth%3D128%26amp%3Bheight%3D128%26amp%3Bauto%3Dwebp%26amp%3Bformat%3Dpjpg","https://hsfootball.net/proxy.php?url=https%3A%2F%2Fimage.maxpreps.io%2Fschool-mascot%2F2%2Fb%2F1%2F2b1fc63a-9ba9-4995-af49-0a1fe39fbef5.gif%3Fversion%3D637055199600000000%26amp%3Bwidth%3D128%26amp%3Bheight%3D128%26amp%3Bauto%3Dwebp%26amp%3Bformat%3Dpjpg"
5,"Knoxville Catholic vs Sacred Heart",Boys Volleyball,"Kentucky",9/10/2026,TBD,"On 9/10, the Knoxville Catholic varsity volleyball team lost their neutral non-conference match against Sacred Heart (Louisville, KY) by a score of 2-1.","/inter-state/volleyball/match/knoxville-catholic-tn-vs-sacred-heart-louisville-ky/9-10-2026/?c=4eb26bb2-2bd6-4792-9e7c-ba70b2f128b4","https://www.maxpreps.com/inter-state/volleyball/match/knoxville-catholic-tn-vs-sacred-heart-louisville-ky/9-10-2026/?c=4eb26bb2-2bd6-4792-9e7c-ba70b2f128b4","/volleyball/ky/13db?9/10/2026","Fighting Irish","Valkyries","https://www.maxpreps.com/ky/knoxville-catholic-tn/boys-volleyball/","https://www.maxpreps.com/ky/sacred-heart-louisville-ky/boys-volleyball/","https://hsfootball.net/proxy.php?url=https%3A%2F%2Fimage.maxpreps.io%2Fschool-mascot%2Fc%2F7%2F9%2Fc794824e-f113-4a49-8f30-667abc6257aa.gif%3Fversion%3D637605509400000000%26amp%3Bwidth%3D128%26amp%3Bheight%3D128%26amp%3Bauto%3Dwebp%26amp%3Bformat%3Dpjpg","https://hsfootball.net/proxy.php?url=https%3A%2F%2Fimage.maxpreps.io%2Fschool-mascot%2Fc%2F6%2Fd%2Fc6de8cc2-cf74-4119-8d82-6d22a49ad426.gif%3Fversion%3D636114250800000000%26amp%3Bwidth%3D128%26amp%3Bheight%3D128%26amp%3Bauto%3Dwebp%26amp%3Bformat%3Dpjpg"
6,"Trigg County vs Russellville",Boys Volleyball,"Kentucky",9/10/2026,5:30pm,"No result has been reported for the Trigg County varsity volleyball away non-conference match @ Russellville (KY).","/ky/volleyball/match/russellville-vs-trigg-county-cadiz/9-10-2026/?c=5b1d5833-503e-4850-8fcf-2af665b3bb14","https://www.maxpreps.com/ky/volleyball/match/russellville-vs-trigg-county-cadiz/9-10-2026/?c=5b1d5833-503e-4850-8fcf-2af665b3bb14","/volleyball/ky/d8d?9/10/2026","Wildcats","Panthers","https://www.maxpreps.com/ky/russellville/boys-volleyball/","https://www.maxpreps.com/ky/trigg-county-cadiz/boys-volleyball/","https://hsfootball.net/proxy.php?url=https%3A%2F%2Fimage.maxpreps.io%2Fschool-mascot%2F9%2Ff%2F1%2F9f111890-f8c0-4d56-913a-e2d5efa03446.gif%3Fversion%3D634895314800000000%26amp%3Bwidth%3D128%26amp%3Bheight%3D128%26amp%3Bauto%3Dwebp%26amp%3Bformat%3Dpjpg","https://hsfootball.net/proxy.php?url=https%3A%2F%2Fimage.maxpreps.io%2Fschool-mascot%2F8%2Fd%2F4%2F8d45e16d-c57b-4c4d-b085-1ec59bb0ef2e.gif%3Fversion%3D635533644600000000%26amp%3Bwidth%3D128%26amp%3Bheight%3D128%26amp%3Bauto%3Dwebp%26amp%3Bformat%3Dpjpg"
7,"Graves County vs University Heights",Boys Volleyball,"Kentucky",9/10/2026,5:30pm,"No result has been reported for the Graves County varsity volleyball away non-conference match @ University Heights (Hopkinsville, KY).","/ky/volleyball/match/graves-county-mayfield-vs-university-heights-hopkinsville/9-10-2026/?c=ce6ccdef-5498-4851-a5c7-1ebd3127806a","https://www.maxpreps.com/ky/volleyball/match/graves-county-mayfield-vs-university-heights-hopkinsville/9-10-2026/?c=ce6ccdef-5498-4851-a5c7-1ebd3127806a","/volleyball/ky/16d2?9/10/2026","Eagles","Blazers","https://www.maxpreps.com/ky/graves-county-mayfield/boys-volleyball/","https://www.maxpreps.com/ky/university-heights-hopkinsville/boys-volleyball/","https://hsfootball.net/proxy.php?url=https%3A%2F%2Fimage.maxpreps.io%2Fschool-mascot%2Fb%2F0%2F1%2Fb01679d8-4509-4ce9-8f3a-8fb9e2252dc7.gif%3Fversion%3D636093100800000000%26amp%3Bwidth%3D128%26amp%3Bheight%3D128%26amp%3Bauto%3Dwebp%26amp%3Bformat%3Dpjpg","https://hsfootball.net/proxy.php?url=https%3A%2F%2Fimage.maxpreps.io%2Fschool-mascot%2F2%2F2%2F1%2F2212958f-bfbd-4d8c-9e29-ab28bfb755d0.gif%3Fversion%3D636718415400000000%26amp%3Bwidth%3D128%26amp%3Bheight%3D128%26amp%3Bauto%3Dwebp%26amp%3Bformat%3Dpjpg"
8,"Fulton County vs Fulton City",Boys Volleyball,"Kentucky",9/10/2026,5:30pm,"No result has been reported for the Fulton County varsity volleyball away conference match @ Fulton City (Fulton, KY).","/ky/volleyball/match/fulton-city-vs-fulton-county-hickman/9-10-2026/?c=9fe3f8d0-b989-43a6-aa99-cccc981fa87e","https://www.maxpreps.com/ky/volleyball/match/fulton-city-vs-fulton-county-hickman/9-10-2026/?c=9fe3f8d0-b989-43a6-aa99-cccc981fa87e","/volleyball/ky/e30?9/10/2026","Pilots","Bulldogs","https://www.maxpreps.com/ky/fulton-city/boys-volleyball/","https://www.maxpreps.com/ky/fulton-county-hickman/boys-volleyball/","https://hsfootball.net/proxy.php?url=https%3A%2F%2Fimage.maxpreps.io%2Fschool-mascot%2F7%2Fd%2Fc%2F7dce1185-7f75-40a0-a420-ecb1c32700e3.gif%3Fversion%3D633929210400000000%26amp%3Bwidth%3D128%26amp%3Bheight%3D128%26amp%3Bauto%3Dwebp%26amp%3Bformat%3Dpjpg","https://hsfootball.net/proxy.php?url=https%3A%2F%2Fimage.maxpreps.io%2Fschool-mascot%2Fc%2F7%2Fe%2Fc7e0b35f-ff74-4a5b-9636-b15c9503a9a1.gif%3Fversion%3D637353292800000000%26amp%3Bwidth%3D128%26amp%3Bheight%3D128%26amp%3Bauto%3Dwebp%26amp%3Bformat%3Dpjpg"
9,"Corbin vs Whitley County",Boys Volleyball,"Kentucky",9/10/2026,5:30pm,"No result has been reported for the Corbin varsity volleyball away conference match @ Whitley County (Williamsburg, KY).","/ky/volleyball/match/corbin-vs-whitley-county-williamsburg/9-10-2026/?c=ea40a280-607c-4609-a9c2-55bc7d983bae","https://www.maxpreps.com/ky/volleyball/match/corbin-vs-whitley-county-williamsburg/9-10-2026/?c=ea40a280-607c-4609-a9c2-55bc7d983bae","/volleyball/ky/ed4?9/10/2026","Redhounds","Colonels","https://www.maxpreps.com/ky/corbin/boys-volleyball/","https://www.maxpreps.com/ky/whitley-county-williamsburg/boys-volleyball/","https://hsfootball.net/proxy.php?url=https%3A%2F%2Fimage.maxpreps.io%2Fschool-mascot%2F3%2F9%2F0%2F390a297b-af01-4285-b758-2906152c00b1.gif%3Fversion%3D637050172200000000%26amp%3Bwidth%3D128%26amp%3Bheight%3D128%26amp%3Bauto%3Dwebp%26amp%3Bformat%3Dpjpg","https://hsfootball.net/proxy.php?url=https%3A%2F%2Fimage.maxpreps.io%2Fschool-mascot%2Fa%2F5%2F8%2Fa58f5d31-d1f6-4dc3-8165-5b0df578ee19.gif%3Fversion%3D636292332600000000%26amp%3Bwidth%3D128%26amp%3Bheight%3D128%26amp%3Bauto%3Dwebp%26amp%3Bformat%3Dpjpg"
10,"Hancock County vs Cloverport",Boys Volleyball,"Kentucky",9/10/2026,5:30pm,"No result has been reported for the Hancock County varsity volleyball away conference match @ Cloverport (KY).","/ky/volleyball/match/cloverport-vs-hancock-county-lewisport/9-10-2026/?c=1b31835d-5104-4f85-a46e-7f56caacf297","https://www.maxpreps.com/ky/volleyball/match/cloverport-vs-hancock-county-lewisport/9-10-2026/?c=1b31835d-5104-4f85-a46e-7f56caacf297","/volleyball/ky/f4f?9/10/2026","Hornets","Aces","https://www.maxpreps.com/ky/cloverport/boys-volleyball/","https://www.maxpreps.com/ky/hancock-county-lewisport/boys-volleyball/","https://hsfootball.net/proxy.php?url=https%3A%2F%2Fimage.maxpreps.io%2Fschool-mascot%2F3%2F1%2Fa%2F31a6ee7a-05f6-4c5e-8bd8-184de2686256.gif%3Fversion%3D638148977400000000%26amp%3Bwidth%3D128%26amp%3Bheight%3D128%26amp%3Bauto%3Dwebp%26amp%3Bformat%3Dpjpg","https://hsfootball.net/proxy.php?url=https%3A%2F%2Fimage.maxpreps.io%2Fschool-mascot%2Fe%2F1%2F7%2Fe1723f58-0d0d-47ce-adf2-ce609e36dde1.gif%3Fversion%3D635859483600000000%26amp%3Bwidth%3D128%26amp%3Bheight%3D128%26amp%3Bauto%3Dwebp%26amp%3Bformat%3Dpjpg"
11,"Knox Central vs Bell County",Boys Volleyball,"Kentucky",9/10/2026,5:30pm,"No result has been reported for the Knox Central varsity volleyball away non-conference match @ Bell County (Pineville, KY).","/ky/volleyball/match/bell-county-pineville-vs-knox-central-barbourville/9-10-2026/?c=74d642b9-f2c2-40ae-b35a-405009a5e57b","https://www.maxpreps.com/ky/volleyball/match/bell-county-pineville-vs-knox-central-barbourville/9-10-2026/?c=74d642b9-f2c2-40ae-b35a-405009a5e57b","/volleyball/ky/13b2?9/10/2026","Panthers","Bobcats","https://www.maxpreps.com/ky/bell-county-pineville/boys-volleyball/","https://www.maxpreps.com/ky/knox-central-barbourville/boys-volleyball/","https://hsfootball.net/proxy.php?url=https%3A%2F%2Fimage.maxpreps.io%2Fschool-mascot%2Fb%2F4%2F4%2Fb44e8b8e-1e56-4c85-9383-611c6b46ddb1.gif%3Fversion%3D635960671200000000%26amp%3Bwidth%3D128%26amp%3Bheight%3D128%26amp%3Bauto%3Dwebp%26amp%3Bformat%3Dpjpg","https://hsfootball.net/proxy.php?url=https%3A%2F%2Fimage.maxpreps.io%2Fschool-mascot%2Ff%2F9%2F1%2Ff91c2c3c-7522-4210-b9b9-6d59db5f8db8.gif%3Fversion%3D637056163800000000%26amp%3Bwidth%3D128%26amp%3Bheight%3D128%26amp%3Bauto%3Dwebp%26amp%3Bformat%3Dpjpg"
12,"Butler vs Western",Boys Volleyball,"Kentucky",9/10/2026,5:30pm,"No result has been reported for the Butler varsity volleyball away conference match @ Western (Louisville, KY).","/ky/volleyball/match/butler-louisville-vs-western-louisville/9-10-2026/?c=40f63545-77c4-4fd9-88f4-16868af6015d","https://www.maxpreps.com/ky/volleyball/match/butler-louisville-vs-western-louisville/9-10-2026/?c=40f63545-77c4-4fd9-88f4-16868af6015d","/volleyball/ky/fc3?9/10/2026","Bears","Warriors","https://www.maxpreps.com/ky/butler-louisville/boys-volleyball/","https://www.maxpreps.com/ky/western-louisville/boys-volleyball/","https://hsfootball.net/proxy.php?url=https%3A%2F%2Fimage.maxpreps.io%2Fschool-mascot%2F5%2Fa%2F3%2F5a300546-8bca-4608-aa5a-51903f84d894.gif%3Fversion%3D637055199600000000%26amp%3Bwidth%3D128%26amp%3Bheight%3D128%26amp%3Bauto%3Dwebp%26amp%3Bformat%3Dpjpg","https://hsfootball.net/proxy.php?url=https%3A%2F%2Fimage.maxpreps.io%2Fschool-mascot%2F0%2Fb%2Fb%2F0bb06652-56b4-4fc2-97d0-0c7bb9978671.gif%3Fversion%3D636409093200000000%26amp%3Bwidth%3D128%26amp%3Bheight%3D128%26amp%3Bauto%3Dwebp%26amp%3Bformat%3Dpjpg"
13,"Valley vs Holy Cross",Boys Volleyball,"Kentucky",9/10/2026,6:00pm,"No result has been reported for the Valley varsity volleyball away conference match @ Holy Cross (Louisville, KY).","/ky/volleyball/match/holy-cross-louisville-vs-valley-louisville/9-10-2026/?c=269ebd55-1e55-4ed3-ae73-1a7596e0bb91","https://www.maxpreps.com/ky/volleyball/match/holy-cross-louisville-vs-valley-louisville/9-10-2026/?c=269ebd55-1e55-4ed3-ae73-1a7596e0bb91","/volleyball/ky/10cd?9/10/2026","Vikings","Cougars","https://www.maxpreps.com/ky/holy-cross-louisville/boys-volleyball/","https://www.maxpreps.com/ky/valley-louisville/boys-volleyball/","https://hsfootball.net/proxy.php?url=https%3A%2F%2Fimage.maxpreps.io%2Fschool-mascot%2Fb%2Fc%2F1%2Fbc1ccbee-b862-4c03-ba98-de331ddf4921.gif%3Fversion%3D635675359800000000%26amp%3Bwidth%3D128%26amp%3Bheight%3D128%26amp%3Bauto%3Dwebp%26amp%3Bformat%3Dpjpg","https://hsfootball.net/proxy.php?url=https%3A%2F%2Fimage.maxpreps.io%2Fschool-mascot%2F6%2Fb%2Fa%2F6baef3e1-2b28-4688-aade-29d87994015e.gif%3Fversion%3D638670760212626940%26amp%3Bwidth%3D128%26amp%3Bheight%3D128%26amp%3Bauto%3Dwebp%26amp%3Bformat%3Dpjpg"
14,"Cumberland Gap vs Pineville",Boys Volleyball,"Kentucky",9/10/2026,6:00pm,"No result has been reported for the Cumberland Gap varsity volleyball away non-conference match @ Pineville (KY).","/inter-state/volleyball/match/cumberland-gap-tn-vs-pineville-ky/9-10-2026/?c=11355c5d-08de-4077-9c64-6ad53ec59414","https://www.maxpreps.com/inter-state/volleyball/match/cumberland-gap-tn-vs-pineville-ky/9-10-2026/?c=11355c5d-08de-4077-9c64-6ad53ec59414","/volleyball/ky/cad?9/10/2026","Panthers","Mountain Lions","https://www.maxpreps.com/ky/cumberland-gap-tn/boys-volleyball/","https://www.maxpreps.com/ky/pineville-ky/boys-volleyball/","https://hsfootball.net/proxy.php?url=https%3A%2F%2Fimage.maxpreps.io%2Fschool-mascot%2Fa%2Fb%2Fc%2Fabca38b2-5f38-49f4-b995-60020814dc5c.gif%3Fversion%3D637880287200000000%26amp%3Bwidth%3D128%26amp%3Bheight%3D128%26amp%3Bauto%3Dwebp%26amp%3Bformat%3Dpjpg","https://hsfootball.net/proxy.php?url=https%3A%2F%2Fimage.maxpreps.io%2Fschool-mascot%2F7%2Ff%2F7%2F7f7fe50c-4a52-49c1-ab55-696be01974f9.gif%3Fversion%3D637360420800000000%26amp%3Bwidth%3D128%26amp%3Bheight%3D128%26amp%3Bauto%3Dwebp%26amp%3Bformat%3Dpjpg"
15,"June Buchanan vs Knott County Central",Boys Volleyball,"Kentucky",9/10/2026,6:00pm,"No result has been reported for the June Buchanan varsity volleyball away conference match @ Knott County Central (Hindman, KY).","/ky/volleyball/match/june-buchanan-pippa-passes-vs-knott-county-central-hindman/9-10-2026/?c=a5d52d59-7b2e-4fbe-abf5-02c667bf3cf2","https://www.maxpreps.com/ky/volleyball/match/june-buchanan-pippa-passes-vs-knott-county-central-hindman/9-10-2026/?c=a5d52d59-7b2e-4fbe-abf5-02c667bf3cf2","/volleyball/ky/1686?9/10/2026","Crusaders","Patriots","https://www.maxpreps.com/ky/june-buchanan-pippa-passes/boys-volleyball/","https://www.maxpreps.com/ky/knott-county-central-hindman/boys-volleyball/","https://hsfootball.net/proxy.php?url=https%3A%2F%2Fimage.maxpreps.io%2Fschool-mascot%2F1%2Fa%2F5%2F1a5b14b4-035d-404e-91bd-f2254e287e5b.gif%3Fversion%3D634911882000000000%26amp%3Bwidth%3D128%26amp%3Bheight%3D128%26amp%3Bauto%3Dwebp%26amp%3Bformat%3Dpjpg","https://hsfootball.net/proxy.php?url=https%3A%2F%2Fimage.maxpreps.io%2Fschool-mascot%2F3%2Fb%2F6%2F3b6a7aca-5d69-4a8e-aca5-e12554dbbd30.gif%3Fversion%3D635084370000000000%26amp%3Bwidth%3D128%26amp%3Bheight%3D128%26amp%3Bauto%3Dwebp%26amp%3Bformat%3Dpjpg"
16,"Louisville Collegiate vs Grace M. James Academy of Excellence",Boys Volleyball,"Kentucky",9/10/2026,6:00pm,"No result has been reported for the Louisville Collegiate varsity volleyball away non-conference match @ Grace M. James Academy of Excellence (Louisville, KY).","/ky/volleyball/match/grace-m-james-academy-of-excellence-louisville-vs-louisville-collegiate/9-10-2026/?c=644f92fe-b4fc-4558-91e2-a55ce1ce1e8f","https://www.maxpreps.com/ky/volleyball/match/grace-m-james-academy-of-excellence-louisville-vs-louisville-collegiate/9-10-2026/?c=644f92fe-b4fc-4558-91e2-a55ce1ce1e8f","/volleyball/ky/1b67?9/10/2026","Amazons and Titans","GEMS","https://www.maxpreps.com/ky/grace-m-james-academy-of-excellence-louisville/boys-volleyball/","https://www.maxpreps.com/ky/louisville-collegiate/boys-volleyball/","https://hsfootball.net/proxy.php?url=https%3A%2F%2Fimage.maxpreps.io%2Fschool-mascot%2F0%2F1%2F7%2F0178cba3-f1dd-49ac-a58e-9f9a5831c10e.gif%3Fversion%3D636464247600000000%26amp%3Bwidth%3D128%26amp%3Bheight%3D128%26amp%3Bauto%3Dwebp%26amp%3Bformat%3Dpjpg","https://hsfootball.net/proxy.php?url=https%3A%2F%2Fimage.maxpreps.io%2Fschool-mascot%2F4%2Fd%2Ff%2F4dfc6cc3-60a8-4227-a8a7-06a272fef90e.gif%3Fversion%3D638361532800000000%26amp%3Bwidth%3D128%26amp%3Bheight%3D128%26amp%3Bauto%3Dwebp%26amp%3Bformat%3Dpjpg"
17,"Harlan County vs North Laurel",Boys Volleyball,"Kentucky",9/10/2026,6:00pm,"No result has been reported for the Harlan County varsity volleyball away non-conference match @ North Laurel (London, KY).","/ky/volleyball/match/harlan-county-vs-north-laurel-london/9-10-2026/?c=f9e60259-4568-4128-a2d2-cd7601685bc7","https://www.maxpreps.com/ky/volleyball/match/harlan-county-vs-north-laurel-london/9-10-2026/?c=f9e60259-4568-4128-a2d2-cd7601685bc7","/volleyball/ky/e1c?9/10/2026","Black Bears","Jaguars","https://www.maxpreps.com/ky/harlan-county/boys-volleyball/","https://www.maxpreps.com/ky/north-laurel-london/boys-volleyball/","https://hsfootball.net/proxy.php?url=https%3A%2F%2Fimage.maxpreps.io%2Fschool-mascot%2Fd%2Ff%2Fe%2Fdfe78835-870d-4d61-9043-281d3a5e8faf.gif%3Fversion%3D637464830400000000%26amp%3Bwidth%3D128%26amp%3Bheight%3D128%26amp%3Bauto%3Dwebp%26amp%3Bformat%3Dpjpg","https://hsfootball.net/proxy.php?url=https%3A%2F%2Fimage.maxpreps.io%2Fschool-mascot%2F4%2F1%2F0%2F4107c6d4-30c9-4126-8a24-735be6d552ca.gif%3Fversion%3D635131914600000000%26amp%3Bwidth%3D128%26amp%3Bheight%3D128%26amp%3Bauto%3Dwebp%26amp%3Bformat%3Dpjpg"
18,"Powell County vs Leslie County",Boys Volleyball,"Kentucky",9/10/2026,6:00pm,"No result has been reported for the Powell County varsity volleyball away non-conference match @ Leslie County (Hyden, KY).","/ky/volleyball/match/leslie-county-hyden-vs-powell-county-stanton/9-10-2026/?c=ed124fd7-a201-484a-83bf-568e0d238911","https://www.maxpreps.com/ky/volleyball/match/leslie-county-hyden-vs-powell-county-stanton/9-10-2026/?c=ed124fd7-a201-484a-83bf-568e0d238911","/volleyball/ky/116b?9/10/2026","Pirates","Eagles","https://www.maxpreps.com/ky/leslie-county-hyden/boys-volleyball/","https://www.maxpreps.com/ky/powell-county-stanton/boys-volleyball/","https://hsfootball.net/proxy.php?url=https%3A%2F%2Fimage.maxpreps.io%2Fschool-mascot%2Fd%2Ff%2F6%2Fdf6ec92e-7d37-4c6b-8921-dc683b6f086d.gif%3Fversion%3D639035591991781090%26amp%3Bwidth%3D128%26amp%3Bheight%3D128%26amp%3Bauto%3Dwebp%26amp%3Bformat%3Dpjpg","https://hsfootball.net/proxy.php?url=https%3A%2F%2Fimage.maxpreps.io%2Fschool-mascot%2F5%2Fe%2F0%2F5e0d2161-272b-42f4-b82e-401b8b71882d.gif%3Fversion%3D635762872800000000%26amp%3Bwidth%3D128%26amp%3Bheight%3D128%26amp%3Bauto%3Dwebp%26amp%3Bformat%3Dpjpg"
19,"Union County vs Gallatin County",Boys Volleyball,"Kentucky",9/10/2026,6:00pm,"No result has been reported for the Union County varsity volleyball away non-conference match @ Gallatin County (Warsaw, KY).","/ky/volleyball/match/gallatin-county-warsaw-vs-union-county-morganfield/9-10-2026/?c=a068eb2c-1562-4c7e-8d0f-d0ee3f3bab06","https://www.maxpreps.com/ky/volleyball/match/gallatin-county-warsaw-vs-union-county-morganfield/9-10-2026/?c=a068eb2c-1562-4c7e-8d0f-d0ee3f3bab06","/volleyball/ky/13cd?9/10/2026","Braves","Wildcats","https://www.maxpreps.com/ky/gallatin-county-warsaw/boys-volleyball/","https://www.maxpreps.com/ky/union-county-morganfield/boys-volleyball/","https://hsfootball.net/proxy.php?url=https%3A%2F%2Fimage.maxpreps.io%2Fschool-mascot%2F3%2F4%2F6%2F3460da46-7283-4524-bd4e-306bef62d6bb.gif%3Fversion%3D634680025800000000%26amp%3Bwidth%3D128%26amp%3Bheight%3D128%26amp%3Bauto%3Dwebp%26amp%3Bformat%3Dpjpg","https://hsfootball.net/proxy.php?url=https%3A%2F%2Fimage.maxpreps.io%2Fschool-mascot%2F9%2Fe%2Ff%2F9efb5eee-ec00-4e18-992e-82f9acd7d6be.gif%3Fversion%3D637056163800000000%26amp%3Bwidth%3D128%26amp%3Bheight%3D128%26amp%3Bauto%3Dwebp%26amp%3Bformat%3Dpjpg"
20,"June Buchanan vs Buckhorn",Boys Volleyball,"Kentucky",9/10/2026,6:00pm,"No result has been reported for the June Buchanan varsity volleyball away non-conference match @ Buckhorn (KY).","/ky/volleyball/match/buckhorn-vs-june-buchanan-pippa-passes/9-10-2026/?c=e8e4808d-9125-4dd8-b85a-87f7ca271ddd","https://www.maxpreps.com/ky/volleyball/match/buckhorn-vs-june-buchanan-pippa-passes/9-10-2026/?c=e8e4808d-9125-4dd8-b85a-87f7ca271ddd","/volleyball/ky/ec1?9/10/2026","Crusaders","Wildcats","https://www.maxpreps.com/ky/buckhorn/boys-volleyball/","https://www.maxpreps.com/ky/june-buchanan-pippa-passes/boys-volleyball/","https://hsfootball.net/proxy.php?url=https%3A%2F%2Fimage.maxpreps.io%2Fschool-mascot%2F1%2Fa%2F5%2F1a5b14b4-035d-404e-91bd-f2254e287e5b.gif%3Fversion%3D634911882000000000%26amp%3Bwidth%3D128%26amp%3Bheight%3D128%26amp%3Bauto%3Dwebp%26amp%3Bformat%3Dpjpg","https://hsfootball.net/proxy.php?url=https%3A%2F%2Fimage.maxpreps.io%2Fschool-mascot%2F1%2Fa%2F5%2F1a5b14b4-035d-404e-91bd-f2254e287e5b.gif%3Fversion%3D634911882000000000%26amp%3Bwidth%3D32%26amp%3Bheight%3D32%26amp%3Bauto%3Dwebp%26amp%3Bformat%3Dpjpg"
21,"Buckhorn vs Jenkins",Boys Volleyball,"Kentucky",9/10/2026,6:15pm,"No result has been reported for the Buckhorn varsity volleyball away non-conference match @ Jenkins (KY).","/ky/volleyball/match/buckhorn-vs-jenkins/9-10-2026/?c=e2d4f336-caff-4a29-b86d-0b1aab8bd1e6","https://www.maxpreps.com/ky/volleyball/match/buckhorn-vs-jenkins/9-10-2026/?c=e2d4f336-caff-4a29-b86d-0b1aab8bd1e6","/volleyball/ky/791?9/10/2026","Wildcats","Cavaliers","https://www.maxpreps.com/ky/buckhorn/boys-volleyball/","https://www.maxpreps.com/ky/jenkins/boys-volleyball/","https://hsfootball.net/proxy.php?url=https%3A%2F%2Fimage.maxpreps.io%2Fschool-mascot%2F4%2Fe%2F4%2F4e4a4a63-c5e2-4646-b5dd-97f3988e15fd.gif%3Fversion%3D635703169200000000%26amp%3Bwidth%3D128%26amp%3Bheight%3D128%26amp%3Bauto%3Dwebp%26amp%3Bformat%3Dpjpg","https://hsfootball.net/proxy.php?url=https%3A%2F%2Fimage.maxpreps.io%2Fschool-mascot%2F4%2Fe%2F4%2F4e4a4a63-c5e2-4646-b5dd-97f3988e15fd.gif%3Fversion%3D635703169200000000%26amp%3Bwidth%3D32%26amp%3Bheight%3D32%26amp%3Bauto%3Dwebp%26amp%3Bformat%3Dpjpg"
22,"Caverna vs Butler County",Boys Volleyball,"Kentucky",9/10/2026,6:30pm,"No result has been reported for the Caverna varsity volleyball away non-conference match @ Butler County (Morgantown, KY).","/ky/volleyball/match/butler-county-morgantown-vs-caverna-horse-cave/9-10-2026/?c=cbd10836-a847-4c8c-b4e9-45503165d3aa","https://www.maxpreps.com/ky/volleyball/match/butler-county-morgantown-vs-caverna-horse-cave/9-10-2026/?c=cbd10836-a847-4c8c-b4e9-45503165d3aa","/volleyball/ky/1213?9/10/2026","Colonels","Bears","https://www.maxpreps.com/ky/butler-county-morgantown/boys-volleyball/","https://www.maxpreps.com/ky/caverna-horse-cave/boys-volleyball/","https://hsfootball.net/proxy.php?url=https%3A%2F%2Fimage.maxpreps.io%2Fschool-mascot%2F6%2F4%2F2%2F6424a782-97eb-49ed-922d-a03f0f96c712.gif%3Fversion%3D637719582000000000%26amp%3Bwidth%3D128%26amp%3Bheight%3D128%26amp%3Bauto%3Dwebp%26amp%3Bformat%3Dpjpg","https://hsfootball.net/proxy.php?url=https%3A%2F%2Fimage.maxpreps.io%2Fschool-mascot%2F5%2Fe%2F9%2F5e9d5579-b107-497e-a70d-16bd7a53efe8.gif%3Fversion%3D639098719842489920%26amp%3Bwidth%3D128%26amp%3Bheight%3D128%26amp%3Bauto%3Dwebp%26amp%3Bformat%3Dpjpg"
23,"Danville Christian Academy vs Danville",Boys Volleyball,"Kentucky",9/10/2026,6:30pm,"No result has been reported for the Danville Christian Academy varsity volleyball away conference match @ Danville (KY).","/ky/volleyball/match/danville-vs-danville-christian-academy/9-10-2026/?c=f3866567-acc8-4aee-b8e5-76e6a6842e2b","https://www.maxpreps.com/ky/volleyball/match/danville-vs-danville-christian-academy/9-10-2026/?c=f3866567-acc8-4aee-b8e5-76e6a6842e2b","/volleyball/ky/ed4?9/10/2026","Warriors","Admirals","https://www.maxpreps.com/ky/danville/boys-volleyball/","https://www.maxpreps.com/ky/danville-christian-academy/boys-volleyball/","https://hsfootball.net/proxy.php?url=https%3A%2F%2Fimage.maxpreps.io%2Fschool-mascot%2F9%2Fb%2F9%2F9b99a91b-4acf-42ad-b5c8-9558f70eb3b1.gif%3Fversion%3D639092553338130800%26amp%3Bwidth%3D128%26amp%3Bheight%3D128%26amp%3Bauto%3Dwebp%26amp%3Bformat%3Dpjpg","https://hsfootball.net/proxy.php?url=https%3A%2F%2Fimage.maxpreps.io%2Fschool-mascot%2F6%2Ff%2Ff%2F6ffb58a1-1453-41c7-a2b7-aee4eb73509d.gif%3Fversion%3D636300057600000000%26amp%3Bwidth%3D128%26amp%3Bheight%3D128%26amp%3Bauto%3Dwebp%26amp%3Bformat%3Dpjpg"
24,"West Carter vs Morgan County",Boys Volleyball,"Kentucky",9/10/2026,6:30pm,"No result has been reported for the West Carter varsity volleyball away conference match @ Morgan County (West Liberty, KY).","/ky/volleyball/match/morgan-county-west-liberty-vs-west-carter-olive-hill/9-10-2026/?c=d1b08f00-5c59-4133-b768-74cc119f67ea","https://www.maxpreps.com/ky/volleyball/match/morgan-county-west-liberty-vs-west-carter-olive-hill/9-10-2026/?c=d1b08f00-5c59-4133-b768-74cc119f67ea","/volleyball/ky/1441?9/10/2026","Comets","Cougars","https://www.maxpreps.com/ky/morgan-county-west-liberty/boys-volleyball/","https://www.maxpreps.com/ky/west-carter-olive-hill/boys-volleyball/","https://hsfootball.net/proxy.php?url=https%3A%2F%2Fimage.maxpreps.io%2Fschool-mascot%2F2%2F8%2F6%2F28634934-e7e7-4234-95d7-7ed5846c3c9a.gif%3Fversion%3D634270356600000000%26amp%3Bwidth%3D128%26amp%3Bheight%3D128%26amp%3Bauto%3Dwebp%26amp%3Bformat%3Dpjpg","https://hsfootball.net/proxy.php?url=https%3A%2F%2Fimage.maxpreps.io%2Fschool-mascot%2Fb%2F5%2Fd%2Fb5da38b7-d609-4ec6-ba31-4981b0aebb18.gif%3Fversion%3D634595855400000000%26amp%3Bwidth%3D128%26amp%3Bheight%3D128%26amp%3Bauto%3Dwebp%26amp%3Bformat%3Dpjpg"
25,"Owsley County vs Hazard",Boys Volleyball,"Kentucky",9/10/2026,TBD,"On 9/10, the Owsley County varsity volleyball team lost their away non-conference match against Hazard (KY) by a score of 3-0.","/ky/volleyball/match/hazard-bulldogs-lady-bulldogs-vs-owsley-county-booneville/9-10-2026/?c=4381c8bd-def6-4b6e-8868-a2d8e02a881a","https://www.maxpreps.com/ky/volleyball/match/hazard-bulldogs-lady-bulldogs-vs-owsley-county-booneville/9-10-2026/?c=4381c8bd-def6-4b6e-8868-a2d8e02a881a","/volleyball/ky/1674?9/10/2026","Owls / Lady Owls","Bulldogs","https://www.maxpreps.com/ky/hazard-bulldogs-lady-bulldogs/boys-volleyball/","https://www.maxpreps.com/ky/owsley-county-booneville/boys-volleyball/","https://hsfootball.net/proxy.php?url=https%3A%2F%2Fimage.maxpreps.io%2Fschool-mascot%2F5%2F0%2F5%2F505e0831-b072-4827-81bd-cb0a44e5a566.gif%3Fversion%3D635074494600000000%26amp%3Bwidth%3D128%26amp%3Bheight%3D128%26amp%3Bauto%3Dwebp%26amp%3Bformat%3Dpjpg","https://hsfootball.net/proxy.php?url=https%3A%2F%2Fimage.maxpreps.io%2Fschool-mascot%2F7%2F7%2F8%2F778aceb5-fd7f-48ee-85b3-6eb7905fdb6a.gif%3Fversion%3D635074492800000000%26amp%3Bwidth%3D128%26amp%3Bheight%3D128%26amp%3Bauto%3Dwebp%26amp%3Bformat%3Dpjpg"
26,"Russell vs Johnson Central",Boys Volleyball,"Kentucky",9/10/2026,6:30pm,"No result has been reported for the Russell varsity volleyball away tournament match @ Johnson Central (Paintsville, KY).","/ky/volleyball/match/johnson-central-paintsville-vs-russell/9-10-2026/?c=0ade7fcc-5b5a-46ed-8ebe-98e4c0b94cfd","https://www.maxpreps.com/ky/volleyball/match/johnson-central-paintsville-vs-russell/9-10-2026/?c=0ade7fcc-5b5a-46ed-8ebe-98e4c0b94cfd","/volleyball/ky/f3a?9/10/2026","Red Devils","Golden Eagles","https://www.maxpreps.com/ky/johnson-central-paintsville/boys-volleyball/","https://www.maxpreps.com/ky/russell/boys-volleyball/","https://hsfootball.net/proxy.php?url=https%3A%2F%2Fimage.maxpreps.io%2Fschool-mascot%2Fb%2F6%2F7%2Fb678d647-7106-4eb3-9565-21a3b0fee6a5.gif%3Fversion%3D635767963800000000%26amp%3Bwidth%3D128%26amp%3Bheight%3D128%26amp%3Bauto%3Dwebp%26amp%3Bformat%3Dpjpg","https://hsfootball.net/proxy.php?url=https%3A%2F%2Fimage.maxpreps.io%2Fschool-mascot%2F9%2F9%2Fb%2F99baeeb9-4576-416b-84fc-0fb39dbc912a.gif%3Fversion%3D635564044200000000%26amp%3Bwidth%3D128%26amp%3Bheight%3D128%26amp%3Bauto%3Dwebp%26amp%3Bformat%3Dpjpg"
27,"Mayfield vs Hickman County",Boys Volleyball,"Kentucky",9/10/2026,6:30pm,"No result has been reported for the Mayfield varsity volleyball away non-conference match @ Hickman County (Clinton, KY).","/ky/volleyball/match/hickman-county-clinton-vs-mayfield/9-10-2026/?c=10066a4c-0eaa-415b-bd89-5204388aac90","https://www.maxpreps.com/ky/volleyball/match/hickman-county-clinton-vs-mayfield/9-10-2026/?c=10066a4c-0eaa-415b-bd89-5204388aac90","/volleyball/ky/d5c?9/10/2026","Cardinals","Falcons","https://www.maxpreps.com/ky/hickman-county-clinton/boys-volleyball/","https://www.maxpreps.com/ky/mayfield/boys-volleyball/","https://hsfootball.net/proxy.php?url=https%3A%2F%2Fimage.maxpreps.io%2Fschool-mascot%2F9%2Fd%2F4%2F9d457b36-9148-4cdb-a19a-caed742370ca.gif%3Fversion%3D637063816800000000%26amp%3Bwidth%3D128%26amp%3Bheight%3D128%26amp%3Bauto%3Dwebp%26amp%3Bformat%3Dpjpg","https://hsfootball.net/proxy.php?url=https%3A%2F%2Fimage.maxpreps.io%2Fschool-mascot%2F9%2Fd%2F4%2F9d457b36-9148-4cdb-a19a-caed742370ca.gif%3Fversion%3D637063816800000000%26amp%3Bwidth%3D32%26amp%3Bheight%3D32%26amp%3Bauto%3Dwebp%26amp%3Bformat%3Dpjpg"
28,"Jeffersontown vs Moore",Boys Volleyball,"Kentucky",9/10/2026,6:30pm,"No result has been reported for the Jeffersontown varsity volleyball away non-conference match @ Moore (Louisville, KY).","/ky/volleyball/match/jeffersontown-louisville-vs-moore-louisville/9-10-2026/?c=f0dd9b64-fa52-4398-838a-0498e73f3ebf","https://www.maxpreps.com/ky/volleyball/match/jeffersontown-louisville-vs-moore-louisville/9-10-2026/?c=f0dd9b64-fa52-4398-838a-0498e73f3ebf","/volleyball/ky/11d9?9/10/2026","Chargers","Mustangs","https://www.maxpreps.com/ky/jeffersontown-louisville/boys-volleyball/","https://www.maxpreps.com/ky/moore-louisville/boys-volleyball/","https://hsfootball.net/proxy.php?url=https%3A%2F%2Fimage.maxpreps.io%2Fschool-mascot%2Fa%2Fb%2F9%2Fab9e0395-2bbf-4f67-975d-cc665ed2627d.gif%3Fversion%3D638142965400000000%26amp%3Bwidth%3D128%26amp%3Bheight%3D128%26amp%3Bauto%3Dwebp%26amp%3Bformat%3Dpjpg","https://hsfootball.net/proxy.php?url=https%3A%2F%2Fimage.maxpreps.io%2Fschool-mascot%2F1%2Fc%2F9%2F1c9be8d9-1844-4d5a-949a-abd67b2524af.gif%3Fversion%3D635772478200000000%26amp%3Bwidth%3D128%26amp%3Bheight%3D128%26amp%3Bauto%3Dwebp%26amp%3Bformat%3Dpjpg"
29,"Portland Christian vs Eastern",Boys Volleyball,"Kentucky",9/10/2026,6:30pm,"No result has been reported for the Portland Christian varsity volleyball away non-conference match @ Eastern (Louisville, KY).","/ky/volleyball/match/eastern-louisville-vs-portland-christian-louisville/9-10-2026/?c=0f89b8cb-484f-40f8-9267-1cf60631393d","https://www.maxpreps.com/ky/volleyball/match/eastern-louisville-vs-portland-christian-louisville/9-10-2026/?c=0f89b8cb-484f-40f8-9267-1cf60631393d","/volleyball/ky/1475?9/10/2026","Eagles","Eagles","https://www.maxpreps.com/ky/eastern-louisville/boys-volleyball/","https://www.maxpreps.com/ky/portland-christian-louisville/boys-volleyball/","https://hsfootball.net/proxy.php?url=https%3A%2F%2Fimage.maxpreps.io%2Fschool-mascot%2F6%2F3%2F1%2F6316395d-ae50-449a-be3d-249072ee396b.gif%3Fversion%3D636167860200000000%26amp%3Bwidth%3D128%26amp%3Bheight%3D128%26amp%3Bauto%3Dwebp%26amp%3Bformat%3Dpjpg","https://hsfootball.net/proxy.php?url=https%3A%2F%2Fimage.maxpreps.io%2Fschool-mascot%2F6%2F3%2F0%2F6303f253-9428-4851-ad9a-b9908ee432b2.gif%3Fversion%3D638809186619261880%26amp%3Bwidth%3D128%26amp%3Bheight%3D128%26amp%3Bauto%3Dwebp%26amp%3Bformat%3Dpjpg"
30,"Warren Central vs Franklin-Simpson",Boys Volleyball,"Kentucky",9/10/2026,6:30pm,"No result has been reported for the Warren Central varsity volleyball away non-conference match @ Franklin-Simpson (Franklin, KY).","/ky/volleyball/match/franklin-simpson-vs-warren-central-bowling-green/9-10-2026/?c=160634df-e9ed-41c1-8015-0d56f2da1570","https://www.maxpreps.com/ky/volleyball/match/franklin-simpson-vs-warren-central-bowling-green/9-10-2026/?c=160634df-e9ed-41c1-8015-0d56f2da1570","/volleyball/ky/12d0?9/10/2026","Dragons","Wildcats","https://www.maxpreps.com/ky/franklin-simpson/boys-volleyball/","https://www.maxpreps.com/ky/warren-central-bowling-green/boys-volleyball/","https://hsfootball.net/proxy.php?url=https%3A%2F%2Fimage.maxpreps.io%2Fschool-mascot%2Fb%2Fb%2F9%2Fbb972e95-d5c9-48ae-8cc0-1fa698845423.gif%3Fversion%3D635804147400000000%26amp%3Bwidth%3D128%26amp%3Bheight%3D128%26amp%3Bauto%3Dwebp%26amp%3Bformat%3Dpjpg","https://hsfootball.net/proxy.php?url=https%3A%2F%2Fimage.maxpreps.io%2Fschool-mascot%2F5%2F7%2F1%2F57142815-423b-4970-8575-fcc9ff742ec2.gif%3Fversion%3D638397799800000000%26amp%3Bwidth%3D128%26amp%3Bheight%3D128%26amp%3Bauto%3Dwebp%26amp%3Bformat%3Dpjpg"
31,"Spencer County vs Fairdale",Boys Volleyball,"Kentucky",9/10/2026,6:30pm,"No result has been reported for the Spencer County varsity volleyball away non-conference match @ Fairdale (KY).","/ky/volleyball/match/fairdale-vs-spencer-county-taylorsville/9-10-2026/?c=a3865aec-9edf-4b9c-b343-02311e5904eb","https://www.maxpreps.com/ky/volleyball/match/fairdale-vs-spencer-county-taylorsville/9-10-2026/?c=a3865aec-9edf-4b9c-b343-02311e5904eb","/volleyball/ky/f91?9/10/2026","Bears","Bulldogs","https://www.maxpreps.com/ky/fairdale/boys-volleyball/","https://www.maxpreps.com/ky/spencer-county-taylorsville/boys-volleyball/","https://hsfootball.net/proxy.php?url=https%3A%2F%2Fimage.maxpreps.io%2Fschool-mascot%2F1%2Fd%2F3%2F1d3fd935-29a4-48ba-938c-8a7d3541c418.gif%3Fversion%3D638919120210474370%26amp%3Bwidth%3D128%26amp%3Bheight%3D128%26amp%3Bauto%3Dwebp%26amp%3Bformat%3Dpjpg","https://hsfootball.net/proxy.php?url=https%3A%2F%2Fimage.maxpreps.io%2Fschool-mascot%2Fe%2Fd%2Fe%2Fede60a89-e54c-48b7-b642-8911768bfe77.gif%3Fversion%3D637035388200000000%26amp%3Bwidth%3D128%26amp%3Bheight%3D128%26amp%3Bauto%3Dwebp%26amp%3Bformat%3Dpjpg"
32,"Seneca vs Waggener",Boys Volleyball,"Kentucky",9/10/2026,6:30pm,"No result has been reported for the Seneca varsity volleyball away conference match @ Waggener (Louisville, KY).","/ky/volleyball/match/seneca-louisville-vs-waggener-louisville/9-10-2026/?c=7a812ff5-af23-4eeb-8021-edc8c18af4f8","https://www.maxpreps.com/ky/volleyball/match/seneca-louisville-vs-waggener-louisville/9-10-2026/?c=7a812ff5-af23-4eeb-8021-edc8c18af4f8","/volleyball/ky/fec?9/10/2026","Red Hawks","Wildcats","https://www.maxpreps.com/ky/seneca-louisville/boys-volleyball/","https://www.maxpreps.com/ky/waggener-louisville/boys-volleyball/","https://hsfootball.net/proxy.php?url=https%3A%2F%2Fimage.maxpreps.io%2Fschool-mascot%2F2%2F7%2Fd%2F27d5c484-30ec-48a4-8b0c-e6c4fe9f4636.gif%3Fversion%3D635513843400000000%26amp%3Bwidth%3D128%26amp%3Bheight%3D128%26amp%3Bauto%3Dwebp%26amp%3Bformat%3Dpjpg","https://hsfootball.net/proxy.php?url=https%3A%2F%2Fimage.maxpreps.io%2Fschool-mascot%2F9%2F1%2Fa%2F91a64287-a602-425a-b646-7d29a16e1999.gif%3Fversion%3D636195396600000000%26amp%3Bwidth%3D128%26amp%3Bheight%3D128%26amp%3Bauto%3Dwebp%26amp%3Bformat%3Dpjpg"
33,"Kentucky Country Day vs Oldham County",Boys Volleyball,"Kentucky",9/10/2026,6:30pm,"No result has been reported for the Kentucky Country Day varsity volleyball away non-conference match @ Oldham County (Buckner, KY).","/ky/volleyball/match/kentucky-country-day-louisville-vs-oldham-county-buckner/9-10-2026/?c=5ac2ef66-52ad-4f2f-bf74-ca16c9fef4a9","https://www.maxpreps.com/ky/volleyball/match/kentucky-country-day-louisville-vs-oldham-county-buckner/9-10-2026/?c=5ac2ef66-52ad-4f2f-bf74-ca16c9fef4a9","/volleyball/ky/162d?9/10/2026","Bearcats","Colonels","https://www.maxpreps.com/ky/kentucky-country-day-louisville/boys-volleyball/","https://www.maxpreps.com/ky/oldham-county-buckner/boys-volleyball/","https://hsfootball.net/proxy.php?url=https%3A%2F%2Fimage.maxpreps.io%2Fschool-mascot%2Fe%2F4%2Fe%2Fe4e27029-079f-408e-b58c-42511189de20.gif%3Fversion%3D638144038800000000%26amp%3Bwidth%3D128%26amp%3Bheight%3D128%26amp%3Bauto%3Dwebp%26amp%3Bformat%3Dpjpg","https://hsfootball.net/proxy.php?url=https%3A%2F%2Fimage.maxpreps.io%2Fschool-mascot%2F4%2Fa%2F2%2F4a2e2106-56a0-4126-b69f-e9de8733667b.gif%3Fversion%3D638918234572738180%26amp%3Bwidth%3D128%26amp%3Bheight%3D128%26amp%3Bauto%3Dwebp%26amp%3Bformat%3Dpjpg"
34,"Marion County vs Campbellsville",Boys Volleyball,"Kentucky",9/10/2026,6:30pm,"No result has been reported for the Marion County varsity volleyball away conference match @ Campbellsville (KY).","/ky/volleyball/match/campbellsville-vs-marion-county-lebanon/9-10-2026/?c=c51c5a74-2311-48e2-9cd5-61ba3de037a3","https://www.maxpreps.com/ky/volleyball/match/campbellsville-vs-marion-county-lebanon/9-10-2026/?c=c51c5a74-2311-48e2-9cd5-61ba3de037a3","/volleyball/ky/f73?9/10/2026","Knights","Eagles","https://www.maxpreps.com/ky/campbellsville/boys-volleyball/","https://www.maxpreps.com/ky/marion-county-lebanon/boys-volleyball/","https://hsfootball.net/proxy.php?url=https%3A%2F%2Fimage.maxpreps.io%2Fschool-mascot%2Fb%2F5%2F4%2Fb54f49da-124e-4e1f-8035-a2867a8caa3b.gif%3Fversion%3D635164857600000000%26amp%3Bwidth%3D128%26amp%3Bheight%3D128%26amp%3Bauto%3Dwebp%26amp%3Bformat%3Dpjpg","https://hsfootball.net/proxy.php?url=https%3A%2F%2Fimage.maxpreps.io%2Fschool-mascot%2Ff%2F3%2F9%2Ff3942982-71f8-4c65-9a8b-b119541a13d1.gif%3Fversion%3D636573030000000000%26amp%3Bwidth%3D128%26amp%3Bheight%3D128%26amp%3Bauto%3Dwebp%26amp%3Bformat%3Dpjpg"
35,"Doss vs Iroquois",Boys Volleyball,"Kentucky",9/10/2026,6:30pm,"No result has been reported for the Doss varsity volleyball away conference match @ Iroquois (Louisville, KY).","/ky/volleyball/match/doss-louisville-vs-iroquois-louisville/9-10-2026/?c=b3471647-aebe-4aed-ba68-f6b88da4fe97","https://www.maxpreps.com/ky/volleyball/match/doss-louisville-vs-iroquois-louisville/9-10-2026/?c=b3471647-aebe-4aed-ba68-f6b88da4fe97","/volleyball/ky/f61?9/10/2026","Dragons","Raiders","https://www.maxpreps.com/ky/doss-louisville/boys-volleyball/","https://www.maxpreps.com/ky/iroquois-louisville/boys-volleyball/","https://hsfootball.net/proxy.php?url=https%3A%2F%2Fimage.maxpreps.io%2Fschool-mascot%2F4%2F9%2F8%2F498abfd5-af2f-4734-88af-a9f8cb9b8862.gif%3Fversion%3D634831380600000000%26amp%3Bwidth%3D128%26amp%3Bheight%3D128%26amp%3Bauto%3Dwebp%26amp%3Bformat%3Dpjpg","https://hsfootball.net/proxy.php?url=https%3A%2F%2Fimage.maxpreps.io%2Fschool-mascot%2F4%2F9%2F8%2F498abfd5-af2f-4734-88af-a9f8cb9b8862.gif%3Fversion%3D634831380600000000%26amp%3Bwidth%3D32%26amp%3Bheight%3D32%26amp%3Bauto%3Dwebp%26amp%3Bformat%3Dpjpg"
36,"Betsy Layne vs Belfry",Boys Volleyball,"Kentucky",9/10/2026,6:30pm,"No result has been reported for the Betsy Layne varsity volleyball away non-conference match @ Belfry (KY).","/ky/volleyball/match/belfry-vs-betsy-layne/9-10-2026/?c=13b80102-90bd-4052-8c65-f8e38ccf47f9","https://www.maxpreps.com/ky/volleyball/match/belfry-vs-betsy-layne/9-10-2026/?c=13b80102-90bd-4052-8c65-f8e38ccf47f9","/volleyball/ky/834?9/10/2026","Bobcats","Pirates","https://www.maxpreps.com/ky/belfry/boys-volleyball/","https://www.maxpreps.com/ky/betsy-layne/boys-volleyball/","https://hsfootball.net/proxy.php?url=https%3A%2F%2Fimage.maxpreps.io%2Fschool-mascot%2Fc%2Fd%2F3%2Fcd3a92a3-ba96-40a6-bfa0-659b206c60e8.gif%3Fversion%3D635982049800000000%26amp%3Bwidth%3D128%26amp%3Bheight%3D128%26amp%3Bauto%3Dwebp%26amp%3Bformat%3Dpjpg","https://hsfootball.net/proxy.php?url=https%3A%2F%2Fimage.maxpreps.io%2Fschool-mascot%2Fe%2Fa%2F6%2Fea6ad58b-7e59-4055-a13f-5df793e5db3a.gif%3Fversion%3D636300057600000000%26amp%3Bwidth%3D128%26amp%3Bheight%3D128%26amp%3Bauto%3Dwebp%26amp%3Bformat%3Dpjpg"
37,"Christian Academy-Louisville vs Elizabethtown",Boys Volleyball,"Kentucky",9/10/2026,6:30pm,"No result has been reported for the Christian Academy-Louisville varsity volleyball away non-conference match @ Elizabethtown (KY).","/ky/volleyball/match/christian-academy-louisville-vs-elizabethtown/9-10-2026/?c=e28ad3a6-7e94-4e46-b7db-aec56af1d3ca","https://www.maxpreps.com/ky/volleyball/match/christian-academy-louisville-vs-elizabethtown/9-10-2026/?c=e28ad3a6-7e94-4e46-b7db-aec56af1d3ca","/volleyball/ky/11fe?9/10/2026","Centurions","Panthers","https://www.maxpreps.com/ky/christian-academy-louisville/boys-volleyball/","https://www.maxpreps.com/ky/elizabethtown/boys-volleyball/","https://hsfootball.net/proxy.php?url=https%3A%2F%2Fimage.maxpreps.io%2Fschool-mascot%2F7%2Fb%2Fd%2F7bdb83ca-e257-431c-8e3c-28e6d2c15cd8.gif%3Fversion%3D635309245200000000%26amp%3Bwidth%3D128%26amp%3Bheight%3D128%26amp%3Bauto%3Dwebp%26amp%3Bformat%3Dpjpg","https://hsfootball.net/proxy.php?url=https%3A%2F%2Fimage.maxpreps.io%2Fschool-mascot%2Fa%2F3%2F4%2Fa34ed4c4-b722-4789-af4c-c2246facd25e.gif%3Fversion%3D635207046000000000%26amp%3Bwidth%3D128%26amp%3Bheight%3D128%26amp%3Bauto%3Dwebp%26amp%3Bformat%3Dpjpg"
38,"Todd County Central vs Madisonville-North Hopkins",Boys Volleyball,"Kentucky",9/10/2026,TBD,"On 9/10, the Todd County Central varsity volleyball team lost their away non-conference match against Madisonville-North Hopkins (Madisonville, KY) by a score of 3-1.","/ky/volleyball/match/madisonville-north-hopkins-vs-todd-county-central-elkton/9-10-2026/?c=2fb2055e-b5c8-4b03-8de0-5dafe9280c9c","https://www.maxpreps.com/ky/volleyball/match/madisonville-north-hopkins-vs-todd-county-central-elkton/9-10-2026/?c=2fb2055e-b5c8-4b03-8de0-5dafe9280c9c","/volleyball/ky/1615?9/10/2026","Rebels","Maroons","https://www.maxpreps.com/ky/madisonville-north-hopkins/boys-volleyball/","https://www.maxpreps.com/ky/todd-county-central-elkton/boys-volleyball/","https://hsfootball.net/proxy.php?url=https%3A%2F%2Fimage.maxpreps.io%2Fschool-mascot%2F3%2F2%2F0%2F3206e555-26ff-4d75-ae04-277c40ab4cdf.gif%3Fversion%3D637735996800000000%26amp%3Bwidth%3D128%26amp%3Bheight%3D128%26amp%3Bauto%3Dwebp%26amp%3Bformat%3Dpjpg","https://hsfootball.net/proxy.php?url=https%3A%2F%2Fimage.maxpreps.io%2Fschool-mascot%2F5%2F4%2Fe%2F54e6b8de-c9cf-4b65-b9c0-173cbc9bf5cd.gif%3Fversion%3D635483553600000000%26amp%3Bwidth%3D128%26amp%3Bheight%3D128%26amp%3Bauto%3Dwebp%26amp%3Bformat%3Dpjpg"
39,"Oneida Baptist Institute vs Red Bird",Boys Volleyball,"Kentucky",9/10/2026,6:45pm,"No result has been reported for the Oneida Baptist Institute varsity volleyball away conference match @ Red Bird (Beverly, KY).","/ky/volleyball/match/oneida-baptist-institute-vs-red-bird-beverly/9-10-2026/?c=5d9fb9f6-bf8e-43aa-8aa1-4e87debfafc4","https://www.maxpreps.com/ky/volleyball/match/oneida-baptist-institute-vs-red-bird-beverly/9-10-2026/?c=5d9fb9f6-bf8e-43aa-8aa1-4e87debfafc4","/volleyball/ky/111c?9/10/2026","Mountanieers","Cardinals","https://www.maxpreps.com/ky/oneida-baptist-institute/boys-volleyball/","https://www.maxpreps.com/ky/red-bird-beverly/boys-volleyball/","https://hsfootball.net/proxy.php?url=https%3A%2F%2Fimage.maxpreps.io%2Fschool-mascot%2Fb%2F1%2F1%2Fb11d19b7-1356-443e-a5ef-3257835341d0.gif%3Fversion%3D637729155600000000%26amp%3Bwidth%3D128%26amp%3Bheight%3D128%26amp%3Bauto%3Dwebp%26amp%3Bformat%3Dpjpg","https://hsfootball.net/proxy.php?url=https%3A%2F%2Fimage.maxpreps.io%2Fschool-mascot%2Fb%2F1%2F1%2Fb11d19b7-1356-443e-a5ef-3257835341d0.gif%3Fversion%3D637729155600000000%26amp%3Bwidth%3D32%26amp%3Bheight%3D32%26amp%3Bauto%3Dwebp%26amp%3Bformat%3Dpjpg"
40,"DuPont Manual vs Central",Boys Volleyball,"Kentucky",9/10/2026,7:00pm,"No result has been reported for the DuPont Manual varsity volleyball away conference match @ Central (Louisville, KY).","/ky/volleyball/match/central-louisville-vs-dupont-manual-louisville/9-10-2026/?c=22ff0927-fcbd-4830-93eb-ef7b8b06f717","https://www.maxpreps.com/ky/volleyball/match/central-louisville-vs-dupont-manual-louisville/9-10-2026/?c=22ff0927-fcbd-4830-93eb-ef7b8b06f717","/volleyball/ky/125b?9/10/2026","Crimsons","Yellow Jackets","https://www.maxpreps.com/ky/central-louisville/boys-volleyball/","https://www.maxpreps.com/ky/dupont-manual-louisville/boys-volleyball/","https://hsfootball.net/proxy.php?url=https%3A%2F%2Fimage.maxpreps.io%2Fschool-mascot%2Ff%2F9%2Fb%2Ff9ba627a-9fc7-4cd8-918b-7c3c9e0d33f9.gif%3Fversion%3D637672235400000000%26amp%3Bwidth%3D128%26amp%3Bheight%3D128%26amp%3Bauto%3Dwebp%26amp%3Bformat%3Dpjpg","https://hsfootball.net/proxy.php?url=https%3A%2F%2Fimage.maxpreps.io%2Fschool-mascot%2F6%2Fd%2Fe%2F6de561c7-20b3-49b5-97da-f051eca31a79.gif%3Fversion%3D636255981000000000%26amp%3Bwidth%3D128%26amp%3Bheight%3D128%26amp%3Bauto%3Dwebp%26amp%3Bformat%3Dpjpg"
41,"Metcalfe County vs Green County",Boys Volleyball,"Kentucky",9/10/2026,7:00pm,"No result has been reported for the Metcalfe County varsity volleyball away non-conference match @ Green County (Greensburg, KY).","/ky/volleyball/match/green-county-greensburg-vs-metcalfe-county-edmonton/9-10-2026/?c=f530c672-c2b2-4f5c-8e48-34f3c6c159d3","https://www.maxpreps.com/ky/volleyball/match/green-county-greensburg-vs-metcalfe-county-edmonton/9-10-2026/?c=f530c672-c2b2-4f5c-8e48-34f3c6c159d3","/volleyball/ky/1425?9/10/2026","Hornets","Dragons","https://www.maxpreps.com/ky/green-county-greensburg/boys-volleyball/","https://www.maxpreps.com/ky/metcalfe-county-edmonton/boys-volleyball/","https://hsfootball.net/proxy.php?url=https%3A%2F%2Fasset.maxpreps.io%2Fincludes%2Fimages%2Flogos%2Fmaxpreps-logo-white-2025.png","https://hsfootball.net/proxy.php?url=https%3A%2F%2Fasset.maxpreps.io%2Fincludes%2Freact%2Fplay-on-logo.png"
42,"Calloway County vs Christian Fellowship",Boys Volleyball,"Kentucky",9/10/2026,7:00pm,"No result has been reported for the Calloway County varsity volleyball away conference match @ Christian Fellowship (Benton, KY).","/ky/volleyball/match/calloway-county-murray-vs-christian-fellowship-benton/9-10-2026/?c=4c82bee5-9ada-4720-be4a-6fd79e784b9c","https://www.maxpreps.com/ky/volleyball/match/calloway-county-murray-vs-christian-fellowship-benton/9-10-2026/?c=4c82bee5-9ada-4720-be4a-6fd79e784b9c","/volleyball/ky/151d?9/10/2026","Lakers","Eagles","https://www.maxpreps.com/ky/calloway-county-murray/boys-volleyball/","https://www.maxpreps.com/ky/christian-fellowship-benton/boys-volleyball/","https://hsfootball.net/proxy.php?url=https%3A%2F%2Fimage.maxpreps.io%2Fschool-mascot%2F8%2F5%2Fe%2F85e0c18d-5447-4d72-868e-c0ef1407e95f.gif%3Fversion%3D637714740000000000%26amp%3Bwidth%3D128%26amp%3Bheight%3D128%26amp%3Bauto%3Dwebp%26amp%3Bformat%3Dpjpg","https://hsfootball.net/proxy.php?url=https%3A%2F%2Fimage.maxpreps.io%2Fschool-mascot%2F4%2F8%2F6%2F48604b92-3838-482b-8ebc-c56426928838.gif%3Fversion%3D637505763000000000%26amp%3Bwidth%3D128%26amp%3Bheight%3D128%26amp%3Bauto%3Dwebp%26amp%3Bformat%3Dpjpg"
43,"Heritage Christian Academy vs Fort Campbell",Boys Volleyball,"Kentucky",9/10/2026,7:00pm,"No result has been reported for the Heritage Christian Academy varsity volleyball away conference match @ Fort Campbell (KY).","/ky/volleyball/match/fort-campbell-vs-heritage-christian-academy-hopkinsville/9-10-2026/?c=81d43980-95b1-469b-a82c-40d84891136e","https://www.maxpreps.com/ky/volleyball/match/fort-campbell-vs-heritage-christian-academy-hopkinsville/9-10-2026/?c=81d43980-95b1-469b-a82c-40d84891136e","/volleyball/ky/15ec?9/10/2026","Eagles","Falcons","https://www.maxpreps.com/ky/fort-campbell/boys-volleyball/","https://www.maxpreps.com/ky/heritage-christian-academy-hopkinsville/boys-volleyball/","https://hsfootball.net/proxy.php?url=https%3A%2F%2Fimage.maxpreps.io%2Fschool-mascot%2Fe%2F7%2F1%2Fe714fd1b-300b-4d31-9254-a370734d7b69.gif%3Fversion%3D637096615200000000%26amp%3Bwidth%3D128%26amp%3Bheight%3D128%26amp%3Bauto%3Dwebp%26amp%3Bformat%3Dpjpg","https://hsfootball.net/proxy.php?url=https%3A%2F%2Fimage.maxpreps.io%2Fschool-mascot%2Fc%2Fd%2F8%2Fcd8a0c48-807e-4830-9865-96bc9c7e43b8.gif%3Fversion%3D637627398000000000%26amp%3Bwidth%3D128%26amp%3Bheight%3D128%26amp%3Bauto%3Dwebp%26amp%3Bformat%3Dpjpg"
44,"Community Christian vs Murray",Boys Volleyball,"Kentucky",9/10/2026,7:00pm,"No result has been reported for the Community Christian varsity volleyball away non-conference match @ Murray (KY).","/ky/volleyball/match/community-christian-paducah-vs-murray/9-10-2026/?c=de3e8c40-6c44-4acd-b0bb-7da964cd317d","https://www.maxpreps.com/ky/volleyball/match/community-christian-paducah-vs-murray/9-10-2026/?c=de3e8c40-6c44-4acd-b0bb-7da964cd317d","/volleyball/ky/ebd?9/10/2026","Warriors","Tigers","https://www.maxpreps.com/ky/community-christian-paducah/boys-volleyball/","https://www.maxpreps.com/ky/murray/boys-volleyball/","https://hsfootball.net/proxy.php?url=https%3A%2F%2Fimage.maxpreps.io%2Fschool-mascot%2F6%2F5%2F7%2F6573cfc3-0d22-498f-9609-92e809f5e9bb.gif%3Fversion%3D636241330200000000%26amp%3Bwidth%3D128%26amp%3Bheight%3D128%26amp%3Bauto%3Dwebp%26amp%3Bformat%3Dpjpg","https://hsfootball.net/proxy.php?url=https%3A%2F%2Fimage.maxpreps.io%2Fschool-mascot%2F9%2F2%2Fb%2F92b01a46-7e61-49c6-adf7-1cac54f5a082.gif%3Fversion%3D636621813600000000%26amp%3Bwidth%3D128%26amp%3Bheight%3D128%26amp%3Bauto%3Dwebp%26amp%3Bformat%3Dpjpg"
45,"Livingston Central vs Lyon County",Boys Volleyball,"Kentucky",9/10/2026,7:00pm,"No result has been reported for the Livingston Central varsity volleyball away non-conference match @ Lyon County (Eddyville, KY).","/ky/volleyball/match/livingston-central-smithland-vs-lyon-county-eddyville/9-10-2026/?c=7e818963-4693-4556-8627-3ba729a2d1a9","https://www.maxpreps.com/ky/volleyball/match/livingston-central-smithland-vs-lyon-county-eddyville/9-10-2026/?c=7e818963-4693-4556-8627-3ba729a2d1a9","/volleyball/ky/1517?9/10/2026","Cardinals","Lyons","https://www.maxpreps.com/ky/livingston-central-smithland/boys-volleyball/","https://www.maxpreps.com/ky/lyon-county-eddyville/boys-volleyball/","https://hsfootball.net/proxy.php?url=https%3A%2F%2Fimage.maxpreps.io%2Fschool-mascot%2Fe%2F6%2F0%2Fe60c7c3a-e9df-4e63-ba89-bfb554a05924.gif%3Fversion%3D636565548600000000%26amp%3Bwidth%3D128%26amp%3Bheight%3D128%26amp%3Bauto%3Dwebp%26amp%3Bformat%3Dpjpg","https://hsfootball.net/proxy.php?url=https%3A%2F%2Fimage.maxpreps.io%2Fschool-mascot%2Fe%2F6%2F0%2Fe60c7c3a-e9df-4e63-ba89-bfb554a05924.gif%3Fversion%3D636565548600000000%26amp%3Bwidth%3D32%26amp%3Bheight%3D32%26amp%3Bauto%3Dwebp%26amp%3Bformat%3Dpjpg"
46,"Holmes Covington vs Ludlow",Boys Volleyball,"Kentucky",9/10/2026,TBD,"The Ludlow varsity volleyball team has a game @ Holmes Covington (Kentucky).","/ky/volleyball/match/holmes-covington-vs-ludlow/9-10-2026/?c=3604020b-5b7b-4525-bd5f-d3fff0e8af61","https://www.maxpreps.com/ky/volleyball/match/holmes-covington-vs-ludlow/9-10-2026/?c=3604020b-5b7b-4525-bd5f-d3fff0e8af61","/volleyball/ky/a66?9/10/2026","Covington","Ludlow","https://www.maxpreps.com/ky/holmes-covington/boys-volleyball/","https://www.maxpreps.com/ky/ludlow/boys-volleyball/","",""
47,"Bourbon County Paris vs Paris",Boys Volleyball,"Kentucky",9/10/2026,TBD,"The Paris varsity volleyball team has a game @ Bourbon County Paris (Kentucky).","/ky/volleyball/match/bourbon-county-paris-vs-paris/9-10-2026/?c=82a5cf4c-c72c-4ec5-9e6e-448690fb2953","https://www.maxpreps.com/ky/volleyball/match/bourbon-county-paris-vs-paris/9-10-2026/?c=82a5cf4c-c72c-4ec5-9e6e-448690fb2953","/volleyball/ky/b74?9/10/2026","Paris","Paris","https://www.maxpreps.com/ky/bourbon-county-paris/boys-volleyball/","https://www.maxpreps.com/ky/paris/boys-volleyball/","",""
48,"Conner Hebron vs Lloyd Memorial Erlanger",Boys Volleyball,"Kentucky",9/10/2026,TBD,"The Lloyd Memorial Erlanger varsity volleyball team has a game @ Conner Hebron (Kentucky).","/ky/volleyball/match/conner-hebron-vs-lloyd-memorial-erlanger/9-10-2026/?c=e60a2c44-9712-4a13-a964-7d6b13355b67","https://www.maxpreps.com/ky/volleyball/match/conner-hebron-vs-lloyd-memorial-erlanger/9-10-2026/?c=e60a2c44-9712-4a13-a964-7d6b13355b67","/volleyball/ky/f97?9/10/2026","Hebron","Erlanger","https://www.maxpreps.com/ky/conner-hebron/boys-volleyball/","https://www.maxpreps.com/ky/lloyd-memorial-erlanger/boys-volleyball/","",""
49,"Clinton County Albany vs Monroe County Tompkinsville",Boys Volleyball,"Kentucky",9/10/2026,TBD,"The Monroe County Tompkinsville varsity volleyball team has a game @ Clinton County Albany (Kentucky).","/ky/volleyball/match/clinton-county-albany-vs-monroe-county-tompkinsville/9-10-2026/?c=41a15f47-765d-4c74-8134-7ff35241bc48","https://www.maxpreps.com/ky/volleyball/match/clinton-county-albany-vs-monroe-county-tompkinsville/9-10-2026/?c=41a15f47-765d-4c74-8134-7ff35241bc48","/volleyball/ky/14ca?9/10/2026","Albany","Tompkinsville","https://www.maxpreps.com/ky/clinton-county-albany/boys-volleyball/","https://www.maxpreps.com/ky/monroe-county-tompkinsville/boys-volleyball/","",""
50,"Grayson County Leitchfield vs John Hardin Elizabethtown",Boys Volleyball,"Kentucky",9/10/2026,TBD,"The John Hardin Elizabethtown varsity volleyball team has a game @ Grayson County Leitchfield (Kentucky).","/ky/volleyball/match/grayson-county-leitchfield-vs-john-hardin-elizabethtown/9-10-2026/?c=fc26a4b3-a14d-4ad8-afff-754ed2db5763","https://www.maxpreps.com/ky/volleyball/match/grayson-county-leitchfield-vs-john-hardin-elizabethtown/9-10-2026/?c=fc26a4b3-a14d-4ad8-afff-754ed2db5763","/volleyball/ky/15be?9/10/2026","Leitchfield","Elizabethtown","https://www.maxpreps.com/ky/grayson-county-leitchfield/boys-volleyball/","https://www.maxpreps.com/ky/john-hardin-elizabethtown/boys-volleyball/","",""
51,"Larue County Hodgenville vs North Hardin Radcliff",Boys Volleyball,"Kentucky",9/10/2026,TBD,"The North Hardin Radcliff varsity volleyball team has a game @ Larue County Hodgenville (Kentucky).","/ky/volleyball/match/larue-county-hodgenville-vs-north-hardin-radcliff/9-10-2026/?c=e2b7df0e-4e52-4ad1-84fb-581a6088637a","https://www.maxpreps.com/ky/volleyball/match/larue-county-hodgenville-vs-north-hardin-radcliff/9-10-2026/?c=e2b7df0e-4e52-4ad1-84fb-581a6088637a","/volleyball/ky/131f?9/10/2026","Hodgenville","Radcliff","https://www.maxpreps.com/ky/larue-county-hodgenville/boys-volleyball/","https://www.maxpreps.com/ky/north-hardin-radcliff/boys-volleyball/","",""
52,"Magoffin County Salyersville vs Menifee County Frenchburg",Boys Volleyball,"Kentucky",9/10/2026,TBD,"The Menifee County Frenchburg varsity volleyball team has a game @ Magoffin County Salyersville (Kentucky).","/ky/volleyball/match/magoffin-county-salyersville-vs-menifee-county-frenchburg/9-10-2026/?c=c903a6dd-3289-4b1d-b139-93165cd21836","https://www.maxpreps.com/ky/volleyball/match/magoffin-county-salyersville-vs-menifee-county-frenchburg/9-10-2026/?c=c903a6dd-3289-4b1d-b139-93165cd21836","/volleyball/ky/16a0?9/10/2026","Salyersville","Frenchburg","https://www.maxpreps.com/ky/magoffin-county-salyersville/boys-volleyball/","https://www.maxpreps.com/ky/menifee-county-frenchburg/boys-volleyball/","",""
53,"Lawrence County Louisa vs Rose Hill Christian Ashland",Boys Volleyball,"Kentucky",9/10/2026,TBD,"The Rose Hill Christian Ashland varsity volleyball team has a game @ Lawrence County Louisa (Kentucky).","/ky/volleyball/match/lawrence-county-louisa-vs-rose-hill-christian-ashland/9-10-2026/?c=054bc61a-cac7-49a7-a51a-5a74e8ffe95d","https://www.maxpreps.com/ky/volleyball/match/lawrence-county-louisa-vs-rose-hill-christian-ashland/9-10-2026/?c=054bc61a-cac7-49a7-a51a-5a74e8ffe95d","/volleyball/ky/14a6?9/10/2026","Louisa","Ashland","https://www.maxpreps.com/ky/lawrence-county-louisa/boys-volleyball/","https://www.maxpreps.com/ky/rose-hill-christian-ashland/boys-volleyball/","",""
54,"Blazer Ashland vs Greenup County",Boys Volleyball,"Kentucky",9/10/2026,TBD,"The Greenup County varsity volleyball team has a game @ Blazer Ashland (Kentucky).","/ky/volleyball/match/blazer-ashland-vs-greenup-county/9-10-2026/?c=8bba9807-8e5e-4909-a0c7-41e14bb7278d","https://www.maxpreps.com/ky/volleyball/match/blazer-ashland-vs-greenup-county/9-10-2026/?c=8bba9807-8e5e-4909-a0c7-41e14bb7278d","/volleyball/ky/c90?9/10/2026","Ashland","County","https://www.maxpreps.com/ky/blazer-ashland/boys-volleyball/","https://www.maxpreps.com/ky/greenup-county/boys-volleyball/","",""
55,"Owensboro vs Owensboro Catholic",Boys Volleyball,"Kentucky",9/10/2026,TBD,"The Owensboro Catholic varsity volleyball team has a game @ Owensboro (Kentucky).","/ky/volleyball/match/owensboro-vs-owensboro-catholic/9-10-2026/?c=5220be9f-97d7-472a-8e14-fafcee9c4ed9","https://www.maxpreps.com/ky/volleyball/match/owensboro-vs-owensboro-catholic/9-10-2026/?c=5220be9f-97d7-472a-8e14-fafcee9c4ed9","/volleyball/ky/c73?9/10/2026","Owensboro","Catholic","https://www.maxpreps.com/ky/owensboro/boys-volleyball/","https://www.maxpreps.com/ky/owensboro-catholic/boys-volleyball/","",""
56,"East Ridge Lick Creek vs Phelps",Boys Volleyball,"Kentucky",9/10/2026,TBD,"The Phelps varsity volleyball team has a game @ East Ridge Lick Creek (Kentucky).","/ky/volleyball/match/east-ridge-lick-creek-vs-phelps/9-10-2026/?c=059eccf6-f05f-48ef-977d-d68d3c4c4428","https://www.maxpreps.com/ky/volleyball/match/east-ridge-lick-creek-vs-phelps/9-10-2026/?c=059eccf6-f05f-48ef-977d-d68d3c4c4428","/volleyball/ky/bbb?9/10/2026","Creek","Phelps","https://www.maxpreps.com/ky/east-ridge-lick-creek/boys-volleyball/","https://www.maxpreps.com/ky/phelps/boys-volleyball/","",""
57,"Carroll County Carrollton vs Owen County Owenton",Boys Volleyball,"Kentucky",9/10/2026,TBD,"The Owen County Owenton varsity volleyball team has a game @ Carroll County Carrollton (Kentucky).","/ky/volleyball/match/carroll-county-carrollton-vs-owen-county-owenton/9-10-2026/?c=8746aa6e-8a48-476c-8f09-0e67fb48ddbe","https://www.maxpreps.com/ky/volleyball/match/carroll-county-carrollton-vs-owen-county-owenton/9-10-2026/?c=8746aa6e-8a48-476c-8f09-0e67fb48ddbe","/volleyball/ky/132d?9/10/2026","Carrollton","Owenton","https://www.maxpreps.com/ky/carroll-county-carrollton/boys-volleyball/","https://www.maxpreps.com/ky/owen-county-owenton/boys-volleyball/","",""
58,"Pulaski County Somerset vs Wayne County Monticello",Boys Volleyball,"Kentucky",9/10/2026,TBD,"The Wayne County Monticello varsity volleyball team has a game @ Pulaski County Somerset (Kentucky).","/ky/volleyball/match/pulaski-county-somerset-vs-wayne-county-monticello/9-10-2026/?c=99f12914-a840-4798-8f80-34b8b50044b8","https://www.maxpreps.com/ky/volleyball/match/pulaski-county-somerset-vs-wayne-county-monticello/9-10-2026/?c=99f12914-a840-4798-8f80-34b8b50044b8","/volleyball/ky/1400?9/10/2026","Somerset","Monticello","https://www.maxpreps.com/ky/pulaski-county-somerset/boys-volleyball/","https://www.maxpreps.com/ky/wayne-county-monticello/boys-volleyball/","",""
59,"Clay County Manchester vs Jackson County Mckee",Boys Volleyball,"Kentucky",9/10/2026,TBD,"The Jackson County Mckee varsity volleyball team has a game @ Clay County Manchester (Kentucky).","/ky/volleyball/match/clay-county-manchester-vs-jackson-county-mckee/9-10-2026/?c=b70ad26e-8ba4-45c0-abb5-04f38093b39e","https://www.maxpreps.com/ky/volleyball/match/clay-county-manchester-vs-jackson-county-mckee/9-10-2026/?c=b70ad26e-8ba4-45c0-abb5-04f38093b39e","/volleyball/ky/11fc?9/10/2026","Manchester","Mckee","https://www.maxpreps.com/ky/clay-county-manchester/boys-volleyball/","https://www.maxpreps.com/ky/jackson-county-mckee/boys-volleyball/","",""
60,"Calvary Christian Covington vs Williamstown",Boys Volleyball,"Kentucky",9/10/2026,TBD,"The Williamstown varsity volleyball team has a game @ Calvary Christian Covington (Kentucky).","/ky/volleyball/match/calvary-christian-covington-vs-williamstown/9-10-2026/?c=3908079b-d768-4a44-987d-448895c79f75","https://www.maxpreps.com/ky/volleyball/match/calvary-christian-covington-vs-williamstown/9-10-2026/?c=3908079b-d768-4a44-987d-448895c79f75","/volleyball/ky/1155?9/10/2026","Covington","Williamstown","https://www.maxpreps.com/ky/calvary-christian-covington/boys-volleyball/","https://www.maxpreps.com/ky/williamstown/boys-volleyball/","",""
61,"Carlisle County Bardwell vs St Mary Paducah",Boys Volleyball,"Kentucky",9/10/2026,TBD,"The St Mary Paducah varsity volleyball team has a game @ Carlisle County Bardwell (Kentucky).","/ky/volleyball/match/carlisle-county-bardwell-vs-st-mary-paducah/9-10-2026/?c=56ac0f4c-456a-4704-9825-39cbf43883ca","https://www.maxpreps.com/ky/volleyball/match/carlisle-county-bardwell-vs-st-mary-paducah/9-10-2026/?c=56ac0f4c-456a-4704-9825-39cbf43883ca","/volleyball/ky/10ab?9/10/2026","Bardwell","Paducah","https://www.maxpreps.com/ky/carlisle-county-bardwell/boys-volleyball/","https://www.maxpreps.com/ky/st-mary-paducah/boys-volleyball/","",""
62,"Fairview Ashland vs Lewis County Vanceburg",Boys Volleyball,"Kentucky",9/10/2026,TBD,"The Lewis County Vanceburg varsity volleyball team has a game @ Fairview Ashland (Kentucky).","/ky/volleyball/match/fairview-ashland-vs-lewis-county-vanceburg/9-10-2026/?c=6dd40636-d691-4c3e-9fe0-c6ae89499381","https://www.maxpreps.com/ky/volleyball/match/fairview-ashland-vs-lewis-county-vanceburg/9-10-2026/?c=6dd40636-d691-4c3e-9fe0-c6ae89499381","/volleyball/ky/1085?9/10/2026","Ashland","Vanceburg","https://www.maxpreps.com/ky/fairview-ashland/boys-volleyball/","https://www.maxpreps.com/ky/lewis-county-vanceburg/boys-volleyball/","",""
63,"Christian County Hopkinsville vs Crittenden County Marion",Boys Volleyball,"Kentucky",9/10/2026,TBD,"The Crittenden County Marion varsity volleyball team has a game @ Christian County Hopkinsville (Kentucky).","/ky/volleyball/match/christian-county-hopkinsville-vs-crittenden-county-marion/9-10-2026/?c=8ac162e9-a1e2-4a95-8922-7c1a70a84291","https://www.maxpreps.com/ky/volleyball/match/christian-county-hopkinsville-vs-crittenden-county-marion/9-10-2026/?c=8ac162e9-a1e2-4a95-8922-7c1a70a84291","/volleyball/ky/16ce?9/10/2026","Hopkinsville","Marion","https://www.maxpreps.com/ky/christian-county-hopkinsville/boys-volleyball/","https://www.maxpreps.com/ky/crittenden-county-marion/boys-volleyball/","",""
64,"Beechwood Fort Mitchell vs Holy Cross Covington",Boys Volleyball,"Kentucky",9/10/2026,TBD,"The Holy Cross Covington varsity volleyball team has a game @ Beechwood Fort Mitchell (Kentucky).","/ky/volleyball/match/beechwood-fort-mitchell-vs-holy-cross-covington/9-10-2026/?c=94065ff3-7ae2-435f-a976-4f08860b9a01","https://www.maxpreps.com/ky/volleyball/match/beechwood-fort-mitchell-vs-holy-cross-covington/9-10-2026/?c=94065ff3-7ae2-435f-a976-4f08860b9a01","/volleyball/ky/1271?9/10/2026","Mitchell","Covington","https://www.maxpreps.com/ky/beechwood-fort-mitchell/boys-volleyball/","https://www.maxpreps.com/ky/holy-cross-covington/boys-volleyball/","",""
65,"Garrard County Lancaster vs Lincoln County Stanford",Boys Volleyball,"Kentucky",9/10/2026,TBD,"The Lincoln County Stanford varsity volleyball team has a game @ Garrard County Lancaster (Kentucky).","/ky/volleyball/match/garrard-county-lancaster-vs-lincoln-county-stanford/9-10-2026/?c=1be748f1-1d1c-40bd-8787-e88847a5ea8b","https://www.maxpreps.com/ky/volleyball/match/garrard-county-lancaster-vs-lincoln-county-stanford/9-10-2026/?c=1be748f1-1d1c-40bd-8787-e88847a5ea8b","/volleyball/ky/142b?9/10/2026","Lancaster","Stanford","https://www.maxpreps.com/ky/garrard-county-lancaster/boys-volleyball/","https://www.maxpreps.com/ky/lincoln-county-stanford/boys-volleyball/","",""
66,"Bath County Owingsville vs Robertson County Mt Olivet",Boys Volleyball,"Kentucky",9/10/2026,TBD,"The Robertson County Mt Olivet varsity volleyball team has a game @ Bath County Owingsville (Kentucky).","/ky/volleyball/match/bath-county-owingsville-vs-robertson-county-mt-olivet/9-10-2026/?c=ebd5445c-dfd0-47b1-8816-8d79cf2d637e","https://www.maxpreps.com/ky/volleyball/match/bath-county-owingsville-vs-robertson-county-mt-olivet/9-10-2026/?c=ebd5445c-dfd0-47b1-8816-8d79cf2d637e","/volleyball/ky/150c?9/10/2026","Owingsville","Olivet","https://www.maxpreps.com/ky/bath-county-owingsville/boys-volleyball/","https://www.maxpreps.com/ky/robertson-county-mt-olivet/boys-volleyball/","",""
67,"Adair County Columbia vs Central Hardin Cecilia",Boys Volleyball,"Kentucky",9/10/2026,TBD,"The Central Hardin Cecilia varsity volleyball team has a game @ Adair County Columbia (Kentucky).","/ky/volleyball/match/adair-county-columbia-vs-central-hardin-cecilia/9-10-2026/?c=d35e9cc3-1e7b-4bd8-9ae4-85e2add970bb","https://www.maxpreps.com/ky/volleyball/match/adair-county-columbia-vs-central-hardin-cecilia/9-10-2026/?c=d35e9cc3-1e7b-4bd8-9ae4-85e2add970bb","/volleyball/ky/120f?9/10/2026","Columbia","Cecilia","https://www.maxpreps.com/ky/adair-county-columbia/boys-volleyball/","https://www.maxpreps.com/ky/central-hardin-cecilia/boys-volleyball/","",""
68,"Dayton vs Villa Madonna Covington",Boys Volleyball,"Kentucky",9/10/2026,TBD,"The Villa Madonna Covington varsity volleyball team has a game @ Dayton (Kentucky).","/ky/volleyball/match/dayton-vs-villa-madonna-covington/9-10-2026/?c=5f991aed-65a8-4adc-a599-0bb8d27bbfcd","https://www.maxpreps.com/ky/volleyball/match/dayton-vs-villa-madonna-covington/9-10-2026/?c=5f991aed-65a8-4adc-a599-0bb8d27bbfcd","/volleyball/ky/cf9?9/10/2026","Dayton","Covington","https://www.maxpreps.com/ky/dayton/boys-volleyball/","https://www.maxpreps.com/ky/villa-madonna-covington/boys-volleyball/","",""
69,"East Carter Grayson vs Lawrence County Louisa",Boys Volleyball,"Kentucky",9/10/2026,TBD,"The Lawrence County Louisa varsity volleyball team has a game @ East Carter Grayson (Kentucky).","/ky/volleyball/match/east-carter-grayson-vs-lawrence-county-louisa/9-10-2026/?c=eaedfe36-b732-4a02-996b-5e0e4c4e6853","https://www.maxpreps.com/ky/volleyball/match/east-carter-grayson-vs-lawrence-county-louisa/9-10-2026/?c=eaedfe36-b732-4a02-996b-5e0e4c4e6853","/volleyball/ky/11a8?9/10/2026","Grayson","Louisa","https://www.maxpreps.com/ky/east-carter-grayson/boys-volleyball/","https://www.maxpreps.com/ky/lawrence-county-louisa/boys-volleyball/","",""
70,"Gallatin County Warsaw vs Henry County New Castle",Boys Volleyball,"Kentucky",9/10/2026,TBD,"The Henry County New Castle varsity volleyball team has a game @ Gallatin County Warsaw (Kentucky).","/ky/volleyball/match/gallatin-county-warsaw-vs-henry-county-new-castle/9-10-2026/?c=351f0db9-8d0a-4caa-badf-bd6398ef897a","https://www.maxpreps.com/ky/volleyball/match/gallatin-county-warsaw-vs-henry-county-new-castle/9-10-2026/?c=351f0db9-8d0a-4caa-badf-bd6398ef897a","/volleyball/ky/1335?9/10/2026","Warsaw","Castle","https://www.maxpreps.com/ky/gallatin-county-warsaw/boys-volleyball/","https://www.maxpreps.com/ky/henry-county-new-castle/boys-volleyball/","",""
71,"Shelby County Shelbyville vs Western Hills Frankfort",Boys Volleyball,"Kentucky",9/10/2026,TBD,"The Western Hills Frankfort varsity volleyball team has a game @ Shelby County Shelbyville (Kentucky).","/ky/volleyball/match/shelby-county-shelbyville-vs-western-hills-frankfort/9-10-2026/?c=47c299f0-2ecc-43bf-9ad8-b841f60522ef","https://www.maxpreps.com/ky/volleyball/match/shelby-county-shelbyville-vs-western-hills-frankfort/9-10-2026/?c=47c299f0-2ecc-43bf-9ad8-b841f60522ef","/volleyball/ky/14b4?9/10/2026","Shelbyville","Frankfort","https://www.maxpreps.com/ky/shelby-county-shelbyville/boys-volleyball/","https://www.maxpreps.com/ky/western-hills-frankfort/boys-volleyball/","",""
72,"Franklin County Frankfort vs West Jessamine Nicholasville",Boys Volleyball,"Kentucky",9/10/2026,TBD,"The West Jessamine Nicholasville varsity volleyball team has a game @ Franklin County Frankfort (Kentucky).","/ky/volleyball/match/franklin-county-frankfort-vs-west-jessamine-nicholasville/9-10-2026/?c=41dd15db-b420-43d4-a92c-7ef82b5c23c3","https://www.maxpreps.com/ky/volleyball/match/franklin-county-frankfort-vs-west-jessamine-nicholasville/9-10-2026/?c=41dd15db-b420-43d4-a92c-7ef82b5c23c3","/volleyball/ky/16aa?9/10/2026","Frankfort","Nicholasville","https://www.maxpreps.com/ky/franklin-county-frankfort/boys-volleyball/","https://www.maxpreps.com/ky/west-jessamine-nicholasville/boys-volleyball/","",""
73,"Martin County Inez vs Prestonsburg",Boys Volleyball,"Kentucky",9/10/2026,TBD,"The Prestonsburg varsity volleyball team has a game @ Martin County Inez (Kentucky).","/ky/volleyball/match/martin-county-inez-vs-prestonsburg/9-10-2026/?c=48a5b353-18b0-4c03-9a56-8622e41a98a8","https://www.maxpreps.com/ky/volleyball/match/martin-county-inez-vs-prestonsburg/9-10-2026/?c=48a5b353-18b0-4c03-9a56-8622e41a98a8","/volleyball/ky/dae?9/10/2026","Inez","Prestonsburg","https://www.maxpreps.com/ky/martin-county-inez/boys-volleyball/","https://www.maxpreps.com/ky/prestonsburg/boys-volleyball/","",""
74,"Anderson County Lawrenceburg vs Woodford County Versailles",Boys Volleyball,"Kentucky",9/10/2026,TBD,"The Woodford County Versailles varsity volleyball team has a game @ Anderson County Lawrenceburg (Kentucky).","/ky/volleyball/match/anderson-county-lawrenceburg-vs-woodford-county-versailles/9-10-2026/?c=9ec4c5ca-69eb-4554-b964-adb5bf95fc4a","https://www.maxpreps.com/ky/volleyball/match/anderson-county-lawrenceburg-vs-woodford-county-versailles/9-10-2026/?c=9ec4c5ca-69eb-4554-b964-adb5bf95fc4a","/volleyball/ky/1734?9/10/2026","Lawrenceburg","Versailles","https://www.maxpreps.com/ky/anderson-county-lawrenceburg/boys-volleyball/","https://www.maxpreps.com/ky/woodford-county-versailles/boys-volleyball/","",""
75,"Mason County Maysville vs St Patrick Maysville",Boys Volleyball,"Kentucky",9/10/2026,TBD,"The St Patrick Maysville varsity volleyball team has a game @ Mason County Maysville (Kentucky).","/ky/volleyball/match/mason-county-maysville-vs-st-patrick-maysville/9-10-2026/?c=cd133814-5081-4f1b-bd43-53d5a4db4e85","https://www.maxpreps.com/ky/volleyball/match/mason-county-maysville-vs-st-patrick-maysville/9-10-2026/?c=cd133814-5081-4f1b-bd43-53d5a4db4e85","/volleyball/ky/1238?9/10/2026","Maysville","Maysville","https://www.maxpreps.com/ky/mason-county-maysville/boys-volleyball/","https://www.maxpreps.com/ky/st-patrick-maysville/boys-volleyball/","",""
76,"Eminence vs Trimble County Bedford",Boys Volleyball,"Kentucky",9/10/2026,TBD,"The Trimble County Bedford varsity volleyball team has a game @ Eminence (Kentucky).","/ky/volleyball/match/eminence-vs-trimble-county-bedford/9-10-2026/?c=1547d0b1-88c5-491b-b1f5-ad66a09a1f6a","https://www.maxpreps.com/ky/volleyball/match/eminence-vs-trimble-county-bedford/9-10-2026/?c=1547d0b1-88c5-491b-b1f5-ad66a09a1f6a","/volleyball/ky/d48?9/10/2026","Eminence","Bedford","https://www.maxpreps.com/ky/eminence/boys-volleyball/","https://www.maxpreps.com/ky/trimble-county-bedford/boys-volleyball/","",""
77,"Frankfort vs Madison Southern Berea",Boys Volleyball,"Kentucky",9/10/2026,TBD,"The Madison Southern Berea varsity volleyball team has a game @ Frankfort (Kentucky).","/ky/volleyball/match/frankfort-vs-madison-southern-berea/9-10-2026/?c=ad3851d1-2bff-45f5-8f83-2508bd0c2a93","https://www.maxpreps.com/ky/volleyball/match/frankfort-vs-madison-southern-berea/9-10-2026/?c=ad3851d1-2bff-45f5-8f83-2508bd0c2a93","/volleyball/ky/dcc?9/10/2026","Frankfort","Berea","https://www.maxpreps.com/ky/frankfort/boys-volleyball/","https://www.maxpreps.com/ky/madison-southern-berea/boys-volleyball/","",""
78,"Paintsville vs Pike County Central Pikeville",Boys Volleyball,"Kentucky",9/10/2026,TBD,"The Pike County Central Pikeville varsity volleyball team has a game @ Paintsville (Kentucky).","/ky/volleyball/match/paintsville-vs-pike-county-central-pikeville/9-10-2026/?c=34303d27-3726-4b16-b5ba-5a8d775cd1ed","https://www.maxpreps.com/ky/volleyball/match/paintsville-vs-pike-county-central-pikeville/9-10-2026/?c=34303d27-3726-4b16-b5ba-5a8d775cd1ed","/volleyball/ky/116e?9/10/2026","Paintsville","Pikeville","https://www.maxpreps.com/ky/paintsville/boys-volleyball/","https://www.maxpreps.com/ky/pike-county-central-pikeville/boys-volleyball/","",""
79,"Mercer County Harrodsburg vs Somerset Christian",Boys Volleyball,"Kentucky",9/10/2026,TBD,"The Somerset Christian varsity volleyball team has a game @ Mercer County Harrodsburg (Kentucky).","/ky/volleyball/match/mercer-county-harrodsburg-vs-somerset-christian/9-10-2026/?c=785a3ba4-b0f6-49c0-9c72-4843af6ed407","https://www.maxpreps.com/ky/volleyball/match/mercer-county-harrodsburg-vs-somerset-christian/9-10-2026/?c=785a3ba4-b0f6-49c0-9c72-4843af6ed407","/volleyball/ky/12c4?9/10/2026","Harrodsburg","Christian","https://www.maxpreps.com/ky/mercer-county-harrodsburg/boys-volleyball/","https://www.maxpreps.com/ky/somerset-christian/boys-volleyball/","",""
80,"North Bullitt Shepherdsville vs Southern Louisville",Boys Volleyball,"Kentucky",9/10/2026,TBD,"The Southern Louisville varsity volleyball team has a game @ North Bullitt Shepherdsville (Kentucky).","/ky/volleyball/match/north-bullitt-shepherdsville-vs-southern-louisville/9-10-2026/?c=1336df94-90b3-475f-9822-3ed2b729ae2a","https://www.maxpreps.com/ky/volleyball/match/north-bullitt-shepherdsville-vs-southern-louisville/9-10-2026/?c=1336df94-90b3-475f-9822-3ed2b729ae2a","/volleyball/ky/1497?9/10/2026","Shepherdsville","Louisville","https://www.maxpreps.com/ky/north-bullitt-shepherdsville/boys-volleyball/","https://www.maxpreps.com/ky/southern-louisville/boys-volleyball/","",""
81,"Lky Louisville vs Whitefield Academy Louisville",Boys Volleyball,"Kentucky",9/10/2026,TBD,"The Whitefield Academy Louisville varsity volleyball team has a game @ Lky Louisville (Kentucky).","/ky/volleyball/match/lky-louisville-vs-whitefield-academy-louisville/9-10-2026/?c=05a28e87-818b-4bbc-b0ff-878c9ad11f02","https://www.maxpreps.com/ky/volleyball/match/lky-louisville-vs-whitefield-academy-louisville/9-10-2026/?c=05a28e87-818b-4bbc-b0ff-878c9ad11f02","/volleyball/ky/12a3?9/10/2026","Louisville","Louisville","https://www.maxpreps.com/ky/lky-louisville/boys-volleyball/","https://www.maxpreps.com/ky/whitefield-academy-louisville/boys-volleyball/","",""
82,"Lafayette Lexington vs Paul Laurence Dunbar Lexington",Boys Volleyball,"Kentucky",9/10/2026,TBD,"The Paul Laurence Dunbar Lexington varsity volleyball team has a game @ Lafayette Lexington (Kentucky).","/ky/volleyball/match/lafayette-lexington-vs-paul-laurence-dunbar-lexington/9-10-2026/?c=71433576-eb44-45fd-827a-6a0dfbfa77db","https://www.maxpreps.com/ky/volleyball/match/lafayette-lexington-vs-paul-laurence-dunbar-lexington/9-10-2026/?c=71433576-eb44-45fd-827a-6a0dfbfa77db","/volleyball/ky/14e3?9/10/2026","Lexington","Lexington","https://www.maxpreps.com/ky/lafayette-lexington/boys-volleyball/","https://www.maxpreps.com/ky/paul-laurence-dunbar-lexington/boys-volleyball/","",""
83,"Bryan Station Lexington vs Tates Creek Lexington",Boys Volleyball,"Kentucky",9/10/2026,TBD,"The Tates Creek Lexington varsity volleyball team has a game @ Bryan Station Lexington (Kentucky).","/ky/volleyball/match/bryan-station-lexington-vs-tates-creek-lexington/9-10-2026/?c=9bd77945-ae3c-4e8f-842d-bb472faa459d","https://www.maxpreps.com/ky/volleyball/match/bryan-station-lexington-vs-tates-creek-lexington/9-10-2026/?c=9bd77945-ae3c-4e8f-842d-bb472faa459d","/volleyball/ky/12f0?9/10/2026","Lexington","Lexington","https://www.maxpreps.com/ky/bryan-station-lexington/boys-volleyball/","https://www.maxpreps.com/ky/tates-creek-lexington/boys-volleyball/","",""
84,"North Oldham Goshen vs South Oldham Crestwood",Boys Volleyball,"Kentucky",9/10/2026,TBD,"The South Oldham Crestwood varsity volleyball team has a game @ North Oldham Goshen (Kentucky).","/ky/volleyball/match/north-oldham-goshen-vs-south-oldham-crestwood/9-10-2026/?c=a9bf8945-ad0a-4694-b9f8-246d7fd27153","https://www.maxpreps.com/ky/volleyball/match/north-oldham-goshen-vs-south-oldham-crestwood/9-10-2026/?c=a9bf8945-ad0a-4694-b9f8-246d7fd27153","/volleyball/ky/119d?9/10/2026","Goshen","Crestwood","https://www.maxpreps.com/ky/north-oldham-goshen/boys-volleyball/","https://www.maxpreps.com/ky/south-oldham-crestwood/boys-volleyball/","",""
85,"Logan County Russellville vs Ohio County Hartford",Boys Volleyball,"Kentucky",9/10/2026,TBD,"The Ohio County Hartford varsity volleyball team has a game @ Logan County Russellville (Kentucky).","/ky/volleyball/match/logan-county-russellville-vs-ohio-county-hartford/9-10-2026/?c=892f5231-046d-471b-bc19-4ede037f767a","https://www.maxpreps.com/ky/volleyball/match/logan-county-russellville-vs-ohio-county-hartford/9-10-2026/?c=892f5231-046d-471b-bc19-4ede037f767a","/volleyball/ky/137b?9/10/2026","Russellville","Hartford","https://www.maxpreps.com/ky/logan-county-russellville/boys-volleyball/","https://www.maxpreps.com/ky/ohio-county-hartford/boys-volleyball/","",""
86,"Great Crossing Georgetown vs Lexington Catholic",Boys Volleyball,"Kentucky",9/10/2026,TBD,"The Lexington Catholic varsity volleyball team has a game @ Great Crossing Georgetown (Kentucky).","/ky/volleyball/match/great-crossing-georgetown-vs-lexington-catholic/9-10-2026/?c=0a83282b-fc00-483c-96dc-5fc99631ff50","https://www.maxpreps.com/ky/volleyball/match/great-crossing-georgetown-vs-lexington-catholic/9-10-2026/?c=0a83282b-fc00-483c-96dc-5fc99631ff50","/volleyball/ky/12a5?9/10/2026","Georgetown","Catholic","https://www.maxpreps.com/ky/great-crossing-georgetown/boys-volleyball/","https://www.maxpreps.com/ky/lexington-catholic/boys-volleyball/","",""
87,"Highlands Fort Thomas vs Simon Kenton Independence",Boys Volleyball,"Kentucky",9/10/2026,TBD,"The Simon Kenton Independence varsity volleyball team has a game @ Highlands Fort Thomas (Kentucky).","/ky/volleyball/match/highlands-fort-thomas-vs-simon-kenton-independence/9-10-2026/?c=288c46e4-7dea-479a-a7ea-95c7032f59c0","https://www.maxpreps.com/ky/volleyball/match/highlands-fort-thomas-vs-simon-kenton-independence/9-10-2026/?c=288c46e4-7dea-479a-a7ea-95c7032f59c0","/volleyball/ky/1387?9/10/2026","Thomas","Independence","https://www.maxpreps.com/ky/highlands-fort-thomas/boys-volleyball/","https://www.maxpreps.com/ky/simon-kenton-independence/boys-volleyball/","",""
88,"Augusta vs Pendleton County Falmouth",Boys Volleyball,"Kentucky",9/10/2026,TBD,"The Pendleton County Falmouth varsity volleyball team has a game @ Augusta (Kentucky).","/ky/volleyball/match/augusta-vs-pendleton-county-falmouth/9-10-2026/?c=db9ef29e-c700-41b7-8f49-ec02dbb0da3e","https://www.maxpreps.com/ky/volleyball/match/augusta-vs-pendleton-county-falmouth/9-10-2026/?c=db9ef29e-c700-41b7-8f49-ec02dbb0da3e","/volleyball/ky/e62?9/10/2026","Augusta","Falmouth","https://www.maxpreps.com/ky/augusta/boys-volleyball/","https://www.maxpreps.com/ky/pendleton-county-falmouth/boys-volleyball/","",""
89,"Bourbon County Paris vs George Rogers Clark Winchester",Boys Volleyball,"Kentucky",9/10/2026,TBD,"The George Rogers Clark Winchester varsity volleyball team has a game @ Bourbon County Paris (Kentucky).","/ky/volleyball/match/bourbon-county-paris-vs-george-rogers-clark-winchester/9-10-2026/?c=30be472d-d330-44e8-8028-e25acd1cae1d","https://www.maxpreps.com/ky/volleyball/match/bourbon-county-paris-vs-george-rogers-clark-winchester/9-10-2026/?c=30be472d-d330-44e8-8028-e25acd1cae1d","/volleyball/ky/1530?9/10/2026","Paris","Winchester","https://www.maxpreps.com/ky/bourbon-county-paris/boys-volleyball/","https://www.maxpreps.com/ky/george-rogers-clark-winchester/boys-volleyball/","",""
90,"Dixie Heights Edgewood vs St Henry Erlanger",Boys Volleyball,"Kentucky",9/10/2026,TBD,"The St Henry Erlanger varsity volleyball team has a game @ Dixie Heights Edgewood (Kentucky).","/ky/volleyball/match/dixie-heights-edgewood-vs-st-henry-erlanger/9-10-2026/?c=3ceb18cb-188b-4d1a-940c-359f8f9dc6f5","https://www.maxpreps.com/ky/volleyball/match/dixie-heights-edgewood-vs-st-henry-erlanger/9-10-2026/?c=3ceb18cb-188b-4d1a-940c-359f8f9dc6f5","/volleyball/ky/10a1?9/10/2026","Edgewood","Erlanger","https://www.maxpreps.com/ky/dixie-heights-edgewood/boys-volleyball/","https://www.maxpreps.com/ky/st-henry-erlanger/boys-volleyball/","",""
91,"Greenwood Bowling Green vs Warren East Bowling Green",Boys Volleyball,"Kentucky",9/10/2026,TBD,"The Warren East Bowling Green varsity volleyball team has a game @ Greenwood Bowling Green (Kentucky).","/ky/volleyball/match/greenwood-bowling-green-vs-warren-east-bowling-green/9-10-2026/?c=62684892-824b-4107-b9a4-45a4d6e2605d","https://www.maxpreps.com/ky/volleyball/match/greenwood-bowling-green-vs-warren-east-bowling-green/9-10-2026/?c=62684892-824b-4107-b9a4-45a4d6e2605d","/volleyball/ky/1430?9/10/2026","Green","Green","https://www.maxpreps.com/ky/greenwood-bowling-green/boys-volleyball/","https://www.maxpreps.com/ky/warren-east-bowling-green/boys-volleyball/","",""
92,"Shelby Valley Pikeville vs Wolfe County Campton",Boys Volleyball,"Kentucky",9/10/2026,TBD,"The Wolfe County Campton varsity volleyball team has a game @ Shelby Valley Pikeville (Kentucky).","/ky/volleyball/match/shelby-valley-pikeville-vs-wolfe-county-campton/9-10-2026/?c=7e69257e-04c4-4e76-9f8b-97289bfb8ad7","https://www.maxpreps.com/ky/volleyball/match/shelby-valley-pikeville-vs-wolfe-county-campton/9-10-2026/?c=7e69257e-04c4-4e76-9f8b-97289bfb8ad7","/volleyball/ky/1281?9/10/2026","Pikeville","Campton","https://www.maxpreps.com/ky/shelby-valley-pikeville/boys-volleyball/","https://www.maxpreps.com/ky/wolfe-county-campton/boys-volleyball/","",""
93,"Henry Clay Lexington vs Scott County Georgetown",Boys Volleyball,"Kentucky",9/10/2026,TBD,"The Scott County Georgetown varsity volleyball team has a game @ Henry Clay Lexington (Kentucky).","/ky/volleyball/match/henry-clay-lexington-vs-scott-county-georgetown/9-10-2026/?c=e9539c8a-af42-45fd-96fb-49b2fd3573bb","https://www.maxpreps.com/ky/volleyball/match/henry-clay-lexington-vs-scott-county-georgetown/9-10-2026/?c=e9539c8a-af42-45fd-96fb-49b2fd3573bb","/volleyball/ky/12ae?9/10/2026","Lexington","Georgetown","https://www.maxpreps.com/ky/henry-clay-lexington/boys-volleyball/","https://www.maxpreps.com/ky/scott-county-georgetown/boys-volleyball/","",""
94,"Barren County Glasgow vs Hart County Munfordville",Boys Volleyball,"Kentucky",9/10/2026,TBD,"The Hart County Munfordville varsity volleyball team has a game @ Barren County Glasgow (Kentucky).","/ky/volleyball/match/barren-county-glasgow-vs-hart-county-munfordville/9-10-2026/?c=e268fc9c-b7a4-4bd1-a97c-59db2f262936","https://www.maxpreps.com/ky/volleyball/match/barren-county-glasgow-vs-hart-county-munfordville/9-10-2026/?c=e268fc9c-b7a4-4bd1-a97c-59db2f262936","/volleyball/ky/136f?9/10/2026","Glasgow","Munfordville","https://www.maxpreps.com/ky/barren-county-glasgow/boys-volleyball/","https://www.maxpreps.com/ky/hart-county-munfordville/boys-volleyball/","",""
95,"East Jessamine Nicholasville vs Lexington Christian",Boys Volleyball,"Kentucky",9/10/2026,TBD,"The Lexington Christian varsity volleyball team has a game @ East Jessamine Nicholasville (Kentucky).","/ky/volleyball/match/east-jessamine-nicholasville-vs-lexington-christian/9-10-2026/?c=6ebaa13c-b63a-47f2-ba30-388b10a28e71","https://www.maxpreps.com/ky/volleyball/match/east-jessamine-nicholasville-vs-lexington-christian/9-10-2026/?c=6ebaa13c-b63a-47f2-ba30-388b10a28e71","/volleyball/ky/1440?9/10/2026","Nicholasville","Christian","https://www.maxpreps.com/ky/east-jessamine-nicholasville/boys-volleyball/","https://www.maxpreps.com/ky/lexington-christian/boys-volleyball/","",""
96,"Nelson County Bardstown vs Thomas Nelson Bardstown",Boys Volleyball,"Kentucky",9/10/2026,TBD,"The Thomas Nelson Bardstown varsity volleyball team has a game @ Nelson County Bardstown (Kentucky).","/ky/volleyball/match/nelson-county-bardstown-vs-thomas-nelson-bardstown/9-10-2026/?c=a275d701-8dcc-4d19-a995-8c2430d5d479","https://www.maxpreps.com/ky/volleyball/match/nelson-county-bardstown-vs-thomas-nelson-bardstown/9-10-2026/?c=a275d701-8dcc-4d19-a995-8c2430d5d479","/volleyball/ky/13eb?9/10/2026","Bardstown","Bardstown","https://www.maxpreps.com/ky/nelson-county-bardstown/boys-volleyball/","https://www.maxpreps.com/ky/thomas-nelson-bardstown/boys-volleyball/","",""
97,"South Laurel London vs Williamsburg",Boys Volleyball,"Kentucky",9/10/2026,TBD,"The Williamsburg varsity volleyball team has a game @ South Laurel London (Kentucky).","/ky/volleyball/match/south-laurel-london-vs-williamsburg/9-10-2026/?c=4a190312-9b60-49c7-9357-e9a0fa126d4d","https://www.maxpreps.com/ky/volleyball/match/south-laurel-london-vs-williamsburg/9-10-2026/?c=4a190312-9b60-49c7-9357-e9a0fa126d4d","/volleyball/ky/df1?9/10/2026","London","Williamsburg","https://www.maxpreps.com/ky/south-laurel-london/boys-volleyball/","https://www.maxpreps.com/ky/williamsburg/boys-volleyball/","",""
98,"Muhlenberg County Greenville vs Webster County Dixon",Boys Volleyball,"Kentucky",9/10/2026,TBD,"The Webster County Dixon varsity volleyball team has a game @ Muhlenberg County Greenville (Kentucky).","/ky/volleyball/match/muhlenberg-county-greenville-vs-webster-county-dixon/9-10-2026/?c=888f0fd8-1e74-47d8-955f-07f8781bf3c5","https://www.maxpreps.com/ky/volleyball/match/muhlenberg-county-greenville-vs-webster-county-dixon/9-10-2026/?c=888f0fd8-1e74-47d8-955f-07f8781bf3c5","/volleyball/ky/14af?9/10/2026","Greenville","Dixon","https://www.maxpreps.com/ky/muhlenberg-county-greenville/boys-volleyball/","https://www.maxpreps.com/ky/webster-county-dixon/boys-volleyball/","",""
99,"Montgomery County Mt Sterling vs Raceland",Boys Volleyball,"Kentucky",9/10/2026,TBD,"The Raceland varsity volleyball team has a game @ Montgomery County Mt Sterling (Kentucky).","/ky/volleyball/match/montgomery-county-mt-sterling-vs-raceland/9-10-2026/?c=7400f201-6841-42b1-8ec9-deb34933778c","https://www.maxpreps.com/ky/volleyball/match/montgomery-county-mt-sterling-vs-raceland/9-10-2026/?c=7400f201-6841-42b1-8ec9-deb34933778c","/volleyball/ky/1040?9/10/2026","Sterling","Raceland","https://www.maxpreps.com/ky/montgomery-county-mt-sterling/boys-volleyball/","https://www.maxpreps.com/ky/raceland/boys-volleyball/","",""
100,"Cumberland County Burkesville vs Russell County Russell Springs",Boys Volleyball,"Kentucky",9/10/2026,TBD,"The Russell County Russell Springs varsity volleyball team has a game @ Cumberland County Burkesville (Kentucky).","/ky/volleyball/match/cumberland-county-burkesville-vs-russell-county-russell-springs/9-10-2026/?c=e6972a36-4c82-4cff-a20a-4f29085b87a1","https://www.maxpreps.com/ky/volleyball/match/cumberland-county-burkesville-vs-russell-county-russell-springs/9-10-2026/?c=e6972a36-4c82-4cff-a20a-4f29085b87a1","/volleyball/ky/1947?9/10/2026","Burkesville","Springs","https://www.maxpreps.com/ky/cumberland-county-burkesville/boys-volleyball/","https://www.maxpreps.com/ky/russell-county-russell-springs/boys-volleyball/","",""
101,"Apollo Owensboro vs Daviess County Owensboro",Boys Volleyball,"Kentucky",9/10/2026,TBD,"The Daviess County Owensboro varsity volleyball team has a game @ Apollo Owensboro (Kentucky).","/ky/volleyball/match/apollo-owensboro-vs-daviess-county-owensboro/9-10-2026/?c=1af6b9cd-2209-4bf4-8879-526f1f88ba79","https://www.maxpreps.com/ky/volleyball/match/apollo-owensboro-vs-daviess-county-owensboro/9-10-2026/?c=1af6b9cd-2209-4bf4-8879-526f1f88ba79","/volleyball/ky/119e?9/10/2026","Owensboro","Owensboro","https://www.maxpreps.com/ky/apollo-owensboro/boys-volleyball/","https://www.maxpreps.com/ky/daviess-county-owensboro/boys-volleyball/","",""
102,"Fern Creek Louisville vs Pleasure Ridge Park Louisville",Boys Volleyball,"Kentucky",9/10/2026,TBD,"The Pleasure Ridge Park Louisville varsity volleyball team has a game @ Fern Creek Louisville (Kentucky).","/ky/volleyball/match/fern-creek-louisville-vs-pleasure-ridge-park-louisville/9-10-2026/?c=13e2ff01-f2d1-4398-a962-7aac273cd030","https://www.maxpreps.com/ky/volleyball/match/fern-creek-louisville-vs-pleasure-ridge-park-louisville/9-10-2026/?c=13e2ff01-f2d1-4398-a962-7aac273cd030","/volleyball/ky/1583?9/10/2026","Louisville","Louisville","https://www.maxpreps.com/ky/fern-creek-louisville/boys-volleyball/","https://www.maxpreps.com/ky/pleasure-ridge-park-louisville/boys-volleyball/","",""
103,"Harrison County Cynthiana vs Newport Central Catholic",Boys Volleyball,"Kentucky",9/10/2026,TBD,"The Newport Central Catholic varsity volleyball team has a game @ Harrison County Cynthiana (Kentucky).","/ky/volleyball/match/harrison-county-cynthiana-vs-newport-central-catholic/9-10-2026/?c=6304c5a9-b210-43ea-81f4-2e1dce341125","https://www.maxpreps.com/ky/volleyball/match/harrison-county-cynthiana-vs-newport-central-catholic/9-10-2026/?c=6304c5a9-b210-43ea-81f4-2e1dce341125","/volleyball/ky/14fd?9/10/2026","Cynthiana","Catholic","https://www.maxpreps.com/ky/harrison-county-cynthiana/boys-volleyball/","https://www.maxpreps.com/ky/newport-central-catholic/boys-volleyball/","",""
104,"Bracken County Brooksville vs Scott Covington",Boys Volleyball,"Kentucky",9/10/2026,TBD,"The Scott Covington varsity volleyball team has a game @ Bracken County Brooksville (Kentucky).","/ky/volleyball/match/bracken-county-brooksville-vs-scott-covington/9-10-2026/?c=4f550221-412d-4309-94e6-2f1cbddaf733","https://www.maxpreps.com/ky/volleyball/match/bracken-county-brooksville-vs-scott-covington/9-10-2026/?c=4f550221-412d-4309-94e6-2f1cbddaf733","/volleyball/ky/11f2?9/10/2026","Brooksville","Covington","https://www.maxpreps.com/ky/bracken-county-brooksville/boys-volleyball/","https://www.maxpreps.com/ky/scott-covington/boys-volleyball/","",""
105,"Crittenden County Marion vs Lyon County Eddyville",Boys Volleyball,"Kentucky",9/10/2026,TBD,"The Lyon County Eddyville varsity volleyball team has a game @ Crittenden County Marion (Kentucky).","/ky/volleyball/match/crittenden-county-marion-vs-lyon-county-eddyville/9-10-2026/?c=f7f295e4-b8d7-4f97-a3d7-cc956f57a029","https://www.maxpreps.com/ky/volleyball/match/crittenden-county-marion-vs-lyon-county-eddyville/9-10-2026/?c=f7f295e4-b8d7-4f97-a3d7-cc956f57a029","/volleyball/ky/1375?9/10/2026","Marion","Eddyville","https://www.maxpreps.com/ky/crittenden-county-marion/boys-volleyball/","https://www.maxpreps.com/ky/lyon-county-eddyville/boys-volleyball/","",""
106,"Madison Central Richmond vs Model Richmond",Boys Volleyball,"Kentucky",9/10/2026,TBD,"The Model Richmond varsity volleyball team has a game @ Madison Central Richmond (Kentucky).","/ky/volleyball/match/madison-central-richmond-vs-model-richmond/9-10-2026/?c=e4b0fa4f-6da8-44f9-996d-23f7a49d18ee","https://www.maxpreps.com/ky/volleyball/match/madison-central-richmond-vs-model-richmond/9-10-2026/?c=e4b0fa4f-6da8-44f9-996d-23f7a49d18ee","/volleyball/ky/1057?9/10/2026","Richmond","Richmond","https://www.maxpreps.com/ky/madison-central-richmond/boys-volleyball/","https://www.maxpreps.com/ky/model-richmond/boys-volleyball/","",""
107,"Mccreary Central Stearns vs Somerset",Boys Volleyball,"Kentucky",9/10/2026,TBD,"The Somerset varsity volleyball team has a game @ Mccreary Central Stearns (Kentucky).","/ky/volleyball/match/mccreary-central-stearns-vs-somerset/9-10-2026/?c=7acf5c2a-8564-4993-94c5-ba81d496c34e","https://www.maxpreps.com/ky/volleyball/match/mccreary-central-stearns-vs-somerset/9-10-2026/?c=7acf5c2a-8564-4993-94c5-ba81d496c34e","/volleyball/ky/e4e?9/10/2026","Stearns","Somerset","https://www.maxpreps.com/ky/mccreary-central-stearns/boys-volleyball/","https://www.maxpreps.com/ky/somerset/boys-volleyball/","",""
108,"Mclean County Calhoun vs Union County Morganfield",Boys Volleyball,"Kentucky",9/10/2026,TBD,"The Union County Morganfield varsity volleyball team has a game @ Mclean County Calhoun (Kentucky).","/ky/volleyball/match/mclean-county-calhoun-vs-union-county-morganfield/9-10-2026/?c=11052f32-a090-46b7-8e99-e26c4f4ec414","https://www.maxpreps.com/ky/volleyball/match/mclean-county-calhoun-vs-union-county-morganfield/9-10-2026/?c=11052f32-a090-46b7-8e99-e26c4f4ec414","/volleyball/ky/1346?9/10/2026","Calhoun","Morganfield","https://www.maxpreps.com/ky/mclean-county-calhoun/boys-volleyball/","https://www.maxpreps.com/ky/union-county-morganfield/boys-volleyball/","",""
109,"Harvard Westlake Studio City vs Sierra Canyon Chatsworth",Boys Volleyball,"Kentucky",9/10/2026,TBD,"The Sierra Canyon Chatsworth varsity volleyball team has a game @ Harvard Westlake Studio City (Kentucky).","/ca/volleyball/match/harvard-westlake-studio-city-vs-sierra-canyon-chatsworth/9-10-2026/?c=9a9890aa-57f0-42f1-adb7-aaa1d30fb374","https://www.maxpreps.com/ca/volleyball/match/harvard-westlake-studio-city-vs-sierra-canyon-chatsworth/9-10-2026/?c=9a9890aa-57f0-42f1-adb7-aaa1d30fb374","/volleyball/ky/1612?9/10/2026","City","Chatsworth","https://www.maxpreps.com/ky/harvard-westlake-studio-city/boys-volleyball/","https://www.maxpreps.com/ky/sierra-canyon-chatsworth/boys-volleyball/","",""
110,"Orangewood Christian Maitland vs The First Academy Orlando",Boys Volleyball,"Kentucky",9/10/2026,TBD,"The The First Academy Orlando varsity volleyball team has a game @ Orangewood Christian Maitland (Kentucky).","/fl/volleyball/match/orangewood-christian-maitland-vs-the-first-academy-orlando/9-10-2026/?c=2184a79d-34ed-463b-b177-aa74ea3981c8","https://www.maxpreps.com/fl/volleyball/match/orangewood-christian-maitland-vs-the-first-academy-orlando/9-10-2026/?c=2184a79d-34ed-463b-b177-aa74ea3981c8","/volleyball/ky/1694?9/10/2026","Maitland","Orlando","https://www.maxpreps.com/ky/orangewood-christian-maitland/boys-volleyball/","https://www.maxpreps.com/ky/the-first-academy-orlando/boys-volleyball/","",""
111,"Calvary Christian Clearwater vs St Petersburg",Boys Volleyball,"Kentucky",9/10/2026,TBD,"The St Petersburg varsity volleyball team has a game @ Calvary Christian Clearwater (Kentucky).","/fl/volleyball/match/calvary-christian-clearwater-vs-st-petersburg/9-10-2026/?c=0e3ef5ba-333b-48fd-97c5-4b20b6422435","https://www.maxpreps.com/fl/volleyball/match/calvary-christian-clearwater-vs-st-petersburg/9-10-2026/?c=0e3ef5ba-333b-48fd-97c5-4b20b6422435","/volleyball/ky/11d5?9/10/2026","Clearwater","Petersburg","https://www.maxpreps.com/ky/calvary-christian-clearwater/boys-volleyball/","https://www.maxpreps.com/ky/st-petersburg/boys-volleyball/","",""
112,"Liberty Christian Argyle vs Prestonwood Christian Plano",Boys Volleyball,"Kentucky",9/10/2026,TBD,"The Prestonwood Christian Plano varsity volleyball team has a game @ Liberty Christian Argyle (Kentucky).","/tx/volleyball/match/liberty-christian-argyle-vs-prestonwood-christian-plano/9-10-2026/?c=912e3522-b746-436f-87ec-1df30ae5d703","https://www.maxpreps.com/tx/volleyball/match/liberty-christian-argyle-vs-prestonwood-christian-plano/9-10-2026/?c=912e3522-b746-436f-87ec-1df30ae5d703","/volleyball/ky/15de?9/10/2026","Argyle","Plano","https://www.maxpreps.com/ky/liberty-christian-argyle/boys-volleyball/","https://www.maxpreps.com/ky/prestonwood-christian-plano/boys-volleyball/","",""
113,"Carroll Fort Wayne vs Fort Wayne Bishop Dwenger Saints Tuffy",Boys Volleyball,"Kentucky",9/10/2026,TBD,"The Fort Wayne Bishop Dwenger Saints Tuffy varsity volleyball team has a game @ Carroll Fort Wayne (Kentucky).","/in/volleyball/match/carroll-fort-wayne-vs-fort-wayne-bishop-dwenger-saints-tuffy/9-10-2026/?c=b1ee8068-6099-4452-9f40-400b27a158d0","https://www.maxpreps.com/in/volleyball/match/carroll-fort-wayne-vs-fort-wayne-bishop-dwenger-saints-tuffy/9-10-2026/?c=b1ee8068-6099-4452-9f40-400b27a158d0","/volleyball/ky/175c?9/10/2026","Wayne","Tuffy","https://www.maxpreps.com/ky/carroll-fort-wayne/boys-volleyball/","https://www.maxpreps.com/ky/fort-wayne-bishop-dwenger-saints-tuffy/boys-volleyball/","",""
114,"Fishers vs Hamilton Southeastern Fishers",Boys Volleyball,"Kentucky",9/10/2026,TBD,"The Hamilton Southeastern Fishers varsity volleyball team has a game @ Fishers (Kentucky).","/in/volleyball/match/fishers-vs-hamilton-southeastern-fishers/9-10-2026/?c=d7c831e1-8473-426f-b3a0-ba6b24be1c96","https://www.maxpreps.com/in/volleyball/match/fishers-vs-hamilton-southeastern-fishers/9-10-2026/?c=d7c831e1-8473-426f-b3a0-ba6b24be1c96","/volleyball/ky/1006?9/10/2026","Fishers","Fishers","https://www.maxpreps.com/ky/fishers/boys-volleyball/","https://www.maxpreps.com/ky/hamilton-southeastern-fishers/boys-volleyball/","",""
115,"Cornerstone Christian San Antonio vs Eagle Pass",Boys Volleyball,"Kentucky",9/10/2026,TBD,"The Eagle Pass varsity volleyball team has a game @ Cornerstone Christian San Antonio (Kentucky).","/tx/volleyball/match/cornerstone-christian-san-antonio-vs-eagle-pass/9-10-2026/?c=5689f1b6-4a2f-4c80-ab2d-9a092a5a1540","https://www.maxpreps.com/tx/volleyball/match/cornerstone-christian-san-antonio-vs-eagle-pass/9-10-2026/?c=5689f1b6-4a2f-4c80-ab2d-9a092a5a1540","/volleyball/ky/125d?9/10/2026","Antonio","Pass","https://www.maxpreps.com/ky/cornerstone-christian-san-antonio/boys-volleyball/","https://www.maxpreps.com/ky/eagle-pass/boys-volleyball/","",""
116,"Dell Rapids vs Harrisburg",Boys Volleyball,"Kentucky",9/10/2026,TBD,"The Harrisburg varsity volleyball team has a game @ Dell Rapids (Kentucky).","/sd/volleyball/match/dell-rapids-vs-harrisburg/9-10-2026/?c=6bd4365e-07a9-4ab6-825f-fc923a0fdd0f","https://www.maxpreps.com/sd/volleyball/match/dell-rapids-vs-harrisburg/9-10-2026/?c=6bd4365e-07a9-4ab6-825f-fc923a0fdd0f","/volleyball/ky/9cd?9/10/2026","Rapids","Harrisburg","https://www.maxpreps.com/ky/dell-rapids/boys-volleyball/","https://www.maxpreps.com/ky/harrisburg/boys-volleyball/","",""
117,"Cathedral Catholic San Diego vs Mater Dei Santa Ana",Boys Volleyball,"Kentucky",9/10/2026,TBD,"The Mater Dei Santa Ana varsity volleyball team has a game @ Cathedral Catholic San Diego (Kentucky).","/ca/volleyball/match/cathedral-catholic-san-diego-vs-mater-dei-santa-ana/9-10-2026/?c=c08a30d4-3539-4b1d-bcc1-8b381ef9cbea","https://www.maxpreps.com/ca/volleyball/match/cathedral-catholic-san-diego-vs-mater-dei-santa-ana/9-10-2026/?c=c08a30d4-3539-4b1d-bcc1-8b381ef9cbea","/volleyball/ky/131c?9/10/2026","Diego","Ana","https://www.maxpreps.com/ky/cathedral-catholic-san-diego/boys-volleyball/","https://www.maxpreps.com/ky/mater-dei-santa-ana/boys-volleyball/","",""
118,"Santa Margarita Rancho Santa Margarita vs Torrey Pines San Diego",Boys Volleyball,"Kentucky",9/10/2026,TBD,"The Torrey Pines San Diego varsity volleyball team has a game @ Santa Margarita Rancho Santa Margarita (Kentucky).","/ca/volleyball/match/santa-margarita-rancho-santa-margarita-vs-torrey-pines-san-diego/9-10-2026/?c=798bbacc-2f51-494e-899e-82c36616f6c5","https://www.maxpreps.com/ca/volleyball/match/santa-margarita-rancho-santa-margarita-vs-torrey-pines-san-diego/9-10-2026/?c=798bbacc-2f51-494e-899e-82c36616f6c5","/volleyball/ky/18a5?9/10/2026","Margarita","Diego","https://www.maxpreps.com/ky/santa-margarita-rancho-santa-margarita/boys-volleyball/","https://www.maxpreps.com/ky/torrey-pines-san-diego/boys-volleyball/","",""
119,"Pinnacle Phoenix vs Xavier College Prep Phoenix",Boys Volleyball,"Kentucky",9/10/2026,TBD,"The Xavier College Prep Phoenix varsity volleyball team has a game @ Pinnacle Phoenix (Kentucky).","/az/volleyball/match/pinnacle-phoenix-vs-xavier-college-prep-phoenix/9-10-2026/?c=20654a93-54ac-4ffd-ab40-5331541f7880","https://www.maxpreps.com/az/volleyball/match/pinnacle-phoenix-vs-xavier-college-prep-phoenix/9-10-2026/?c=20654a93-54ac-4ffd-ab40-5331541f7880","/volleyball/ky/1258?9/10/2026","Phoenix","Phoenix","https://www.maxpreps.com/ky/pinnacle-phoenix/boys-volleyball/","https://www.maxpreps.com/ky/xavier-college-prep-phoenix/boys-volleyball/","",""
120,"Archbishop Mitty San Jose vs Redwood Larkspur",Boys Volleyball,"Kentucky",9/10/2026,TBD,"The Redwood Larkspur varsity volleyball team has a game @ Archbishop Mitty San Jose (Kentucky).","/ca/volleyball/match/archbishop-mitty-san-jose-vs-redwood-larkspur/9-10-2026/?c=d74feb7e-fb55-4a36-bd8d-dd6cb3f3a323","https://www.maxpreps.com/ca/volleyball/match/archbishop-mitty-san-jose-vs-redwood-larkspur/9-10-2026/?c=d74feb7e-fb55-4a36-bd8d-dd6cb3f3a323","/volleyball/ky/11ac?9/10/2026","Jose","Larkspur","https://www.maxpreps.com/ky/archbishop-mitty-san-jose/boys-volleyball/","https://www.maxpreps.com/ky/redwood-larkspur/boys-volleyball/","",""
121,"Norris Firth vs York",Boys Volleyball,"Kentucky",9/10/2026,TBD,"The York varsity volleyball team has a game @ Norris Firth (Kentucky).","/ne/volleyball/match/norris-firth-vs-york/9-10-2026/?c=69066d57-0196-4dd6-943d-9768cfc3cd8e","https://www.maxpreps.com/ne/volleyball/match/norris-firth-vs-york/9-10-2026/?c=69066d57-0196-4dd6-943d-9768cfc3cd8e","/volleyball/ky/7ef?9/10/2026","Firth","York","https://www.maxpreps.com/ky/norris-firth/boys-volleyball/","https://www.maxpreps.com/ky/york/boys-volleyball/","",""