1,"Williamson vs Pine Forest",Football,"Alabama",9/10/2026,7:00pm,"The Williamson varsity football team has an away non-conference game @  Pine Forest (Pensacola, FL) today @ 7p.","/inter-state/football/game/pine-forest-pensacola-fl-vs-williamson-mobile-al/9-10-2026/?c=b48ca10a-920f-4d26-896f-6434b1a3086b","https://www.maxpreps.com/inter-state/football/game/pine-forest-pensacola-fl-vs-williamson-mobile-al/9-10-2026/?c=b48ca10a-920f-4d26-896f-6434b1a3086b","/football/al/126f?9/10/2026","Lions","Eagles","https://www.maxpreps.com/al/pine-forest-pensacola-fl/football/","https://www.maxpreps.com/al/williamson-mobile-al/football/","https://hsfootball.net/proxy.php?url=https%3A%2F%2Fimage.maxpreps.io%2Fschool-mascot%2F3%2F5%2F5%2F355baefa-ed80-4252-8fd0-e4d9f4383788.gif%3Fversion%3D638253706200000000%26amp%3Bwidth%3D128%26amp%3Bheight%3D128%26amp%3Bauto%3Dwebp%26amp%3Bformat%3Dpjpg","https://hsfootball.net/proxy.php?url=https%3A%2F%2Fimage.maxpreps.io%2Fschool-mascot%2Ff%2F6%2F4%2Ff64eb451-c381-42d0-afd0-7e4a0143f336.gif%3Fversion%3D636391719600000000%26amp%3Bwidth%3D128%26amp%3Bheight%3D128%26amp%3Bauto%3Dwebp%26amp%3Bformat%3Dpjpg"
1,"Elkhorn North vs Elkhorn South",Boys Volleyball,"Nebraska",9/29/2026,6:30pm,"The Elkhorn North varsity volleyball team has an away non-conference match @  Elkhorn South (Omaha, NE) on Tuesday, September 29 @ 6:30p.","/ne/volleyball/match/elkhorn-north-vs-elkhorn-south-omaha/9-29-2026/?c=f6cd1c7c-f95d-456e-97db-4d979207981e","https://www.maxpreps.com/ne/volleyball/match/elkhorn-north-vs-elkhorn-south-omaha/9-29-2026/?c=f6cd1c7c-f95d-456e-97db-4d979207981e","/volleyball/ne/e14?9/29/2026","Wolves","Storm","https://www.maxpreps.com/ne/elkhorn-north/boys-volleyball/","https://www.maxpreps.com/ne/elkhorn-south-omaha/boys-volleyball/","https://hsfootball.net/proxy.php?url=https%3A%2F%2Fimage.maxpreps.io%2Fschool-mascot%2F7%2Fe%2F1%2F7e1ea5e8-341e-4130-8cd4-b16c89ef5715.gif%3Fversion%3D637342196400000000%26amp%3Bwidth%3D128%26amp%3Bheight%3D128%26amp%3Bauto%3Dwebp%26amp%3Bformat%3Dpjpg","https://hsfootball.net/proxy.php?url=https%3A%2F%2Fimage.maxpreps.io%2Fschool-mascot%2F4%2F1%2F3%2F413e1096-4e73-461a-9819-55967e0f7f9f.gif%3Fversion%3D635950101600000000%26amp%3Bwidth%3D128%26amp%3Bheight%3D128%26amp%3Bauto%3Dwebp%26amp%3Bformat%3Dpjpg"
2,"Papillion-LaVista South vs Fremont",Boys Volleyball,"Nebraska",9/29/2026,6:30pm,"The Papillion-LaVista South varsity volleyball team has an away conference match @  Fremont (NE) on Tuesday, September 29 @ 6:30p.","/ne/volleyball/match/fremont-vs-papillion-lavista-south/9-29-2026/?c=da4b488f-9fb6-429c-9ed8-548d8ba9e0e8","https://www.maxpreps.com/ne/volleyball/match/fremont-vs-papillion-lavista-south/9-29-2026/?c=da4b488f-9fb6-429c-9ed8-548d8ba9e0e8","/volleyball/ne/d87?9/29/2026","Titans","Tigers","https://www.maxpreps.com/ne/fremont/boys-volleyball/","https://www.maxpreps.com/ne/papillion-lavista-south/boys-volleyball/","https://hsfootball.net/proxy.php?url=https%3A%2F%2Fimage.maxpreps.io%2Fschool-mascot%2F6%2F1%2F1%2F61138e2f-e3d8-444e-8edc-080fe0ab37de.gif%3Fversion%3D635793752400000000%26amp%3Bwidth%3D128%26amp%3Bheight%3D128%26amp%3Bauto%3Dwebp%26amp%3Bformat%3Dpjpg","https://hsfootball.net/proxy.php?url=https%3A%2F%2Fimage.maxpreps.io%2Fschool-mascot%2F4%2Fd%2Fd%2F4ddba1f0-39f9-491a-8d29-cb3330416b0e.gif%3Fversion%3D634333526400000000%26amp%3Bwidth%3D128%26amp%3Bheight%3D128%26amp%3Bauto%3Dwebp%26amp%3Bformat%3Dpjpg"
3,"Thayer Central vs David City",Boys Volleyball,"Nebraska",9/29/2026,12:00am,"The Thayer Central varsity volleyball team has an away non-conference match @  David City (NE) on Tuesday, September 29.","/ne/volleyball/match/david-city-vs-thayer-central-hebron/9-29-2026/?c=6a7e889a-8459-4e15-ac81-e5f46ab12c75","https://www.maxpreps.com/ne/volleyball/match/david-city-vs-thayer-central-hebron/9-29-2026/?c=6a7e889a-8459-4e15-ac81-e5f46ab12c75","/volleyball/ne/d7f?9/29/2026","Titans","Scouts","https://www.maxpreps.com/ne/david-city/boys-volleyball/","https://www.maxpreps.com/ne/thayer-central-hebron/boys-volleyball/","https://hsfootball.net/proxy.php?url=https%3A%2F%2Fimage.maxpreps.io%2Fschool-mascot%2F1%2F0%2F1%2F101ecdef-049f-4955-abff-c0f01e592548.gif%3Fversion%3D635844703800000000%26amp%3Bwidth%3D128%26amp%3Bheight%3D128%26amp%3Bauto%3Dwebp%26amp%3Bformat%3Dpjpg","https://hsfootball.net/proxy.php?url=https%3A%2F%2Fimage.maxpreps.io%2Fschool-mascot%2F4%2F1%2F8%2F41806611-5ed3-4426-a4ac-82e5de01cd78.gif%3Fversion%3D635221849200000000%26amp%3Bwidth%3D128%26amp%3Bheight%3D128%26amp%3Bauto%3Dwebp%26amp%3Bformat%3Dpjpg"
4,"South Platte vs Bayard",Boys Volleyball,"Nebraska",9/29/2026,4:00pm,"The South Platte varsity volleyball team has an away non-conference match @  Bayard (NE) on Tuesday, September 29 @ 4p.","/ne/volleyball/match/bayard-vs-south-platte-big-springs/9-29-2026/?c=1204ca87-7f90-42bd-9860-661355c90cd8","https://www.maxpreps.com/ne/volleyball/match/bayard-vs-south-platte-big-springs/9-29-2026/?c=1204ca87-7f90-42bd-9860-661355c90cd8","/volleyball/ne/d32?9/29/2026","Blue Knights","Tigers","https://www.maxpreps.com/ne/bayard/boys-volleyball/","https://www.maxpreps.com/ne/south-platte-big-springs/boys-volleyball/","https://hsfootball.net/proxy.php?url=https%3A%2F%2Fimage.maxpreps.io%2Fschool-mascot%2F5%2F6%2Fc%2F56c1ef2c-2bc3-4830-a77f-704d44194420.gif%3Fversion%3D634963454400000000%26amp%3Bwidth%3D128%26amp%3Bheight%3D128%26amp%3Bauto%3Dwebp%26amp%3Bformat%3Dpjpg","https://hsfootball.net/proxy.php?url=https%3A%2F%2Fimage.maxpreps.io%2Fschool-mascot%2F4%2Fa%2F0%2F4a09c6cf-4a4c-4b0d-af0f-a89117fac4b3.gif%3Fversion%3D638956028569335130%26amp%3Bwidth%3D128%26amp%3Bheight%3D128%26amp%3Bauto%3Dwebp%26amp%3Bformat%3Dpjpg"
5,"Minatare vs Creek Valley",Boys Volleyball,"Nebraska",9/29/2026,4:30pm,"The Minatare varsity volleyball team has an away non-conference match @  Creek Valley (Chappell, NE) on Tuesday, September 29 @ 4:30p.","/ne/volleyball/match/creek-valley-chappell-vs-minatare/9-29-2026/?c=4c447988-26cc-466a-b266-e2bc545fd6e4","https://www.maxpreps.com/ne/volleyball/match/creek-valley-chappell-vs-minatare/9-29-2026/?c=4c447988-26cc-466a-b266-e2bc545fd6e4","/volleyball/ne/cce?9/29/2026","Indians","Storm","https://www.maxpreps.com/ne/creek-valley-chappell/boys-volleyball/","https://www.maxpreps.com/ne/minatare/boys-volleyball/","https://hsfootball.net/proxy.php?url=https%3A%2F%2Fimage.maxpreps.io%2Fschool-mascot%2F7%2Fc%2F1%2F7c18b2fd-91d3-448d-a728-48e6409c05db.gif%3Fversion%3D635521557600000000%26amp%3Bwidth%3D128%26amp%3Bheight%3D128%26amp%3Bauto%3Dwebp%26amp%3Bformat%3Dpjpg","https://hsfootball.net/proxy.php?url=https%3A%2F%2Fimage.maxpreps.io%2Fschool-mascot%2F3%2F9%2Fd%2F39db8ff9-6b72-4b30-9dbb-b3eb54923426.gif%3Fversion%3D636517269000000000%26amp%3Bwidth%3D128%26amp%3Bheight%3D128%26amp%3Bauto%3Dwebp%26amp%3Bformat%3Dpjpg"
6,"Wauneta-Palisade vs Dundy County-Stratton",Boys Volleyball,"Nebraska",9/29/2026,5:00pm,"The Wauneta-Palisade varsity volleyball team has an away non-conference match @  Dundy County-Stratton (Benkelman, NE) on Tuesday, September 29 @ 5p.","/ne/volleyball/match/dundy-county-stratton-benkelman-vs-wauneta-palisade/9-29-2026/?c=30be2908-a9f7-404c-a9d3-ae532f9cf2ab","https://www.maxpreps.com/ne/volleyball/match/dundy-county-stratton-benkelman-vs-wauneta-palisade/9-29-2026/?c=30be2908-a9f7-404c-a9d3-ae532f9cf2ab","/volleyball/ne/1421?9/29/2026","Broncos","Tigers","https://www.maxpreps.com/ne/dundy-county-stratton-benkelman/boys-volleyball/","https://www.maxpreps.com/ne/wauneta-palisade/boys-volleyball/","https://hsfootball.net/proxy.php?url=https%3A%2F%2Fimage.maxpreps.io%2Fschool-mascot%2F7%2F3%2F5%2F7353ece3-4d47-4966-8505-e3c44ec067bb.gif%3Fversion%3D636246425400000000%26amp%3Bwidth%3D128%26amp%3Bheight%3D128%26amp%3Bauto%3Dwebp%26amp%3Bformat%3Dpjpg","https://hsfootball.net/proxy.php?url=https%3A%2F%2Fimage.maxpreps.io%2Fschool-mascot%2F7%2F3%2F5%2F7353ece3-4d47-4966-8505-e3c44ec067bb.gif%3Fversion%3D636246425400000000%26amp%3Bwidth%3D32%26amp%3Bheight%3D32%26amp%3Bauto%3Dwebp%26amp%3Bformat%3Dpjpg"
7,"Johnson County Central/Lewiston vs Weeping Water",Boys Volleyball,"Nebraska",9/29/2026,5:00pm,"The Johnson County Central/Lewiston varsity volleyball team has an away conference match @  Weeping Water (NE) on Tuesday, September 29 @ 5p.","/ne/volleyball/match/johnson-county-central-lewiston-tecumseh-vs-weeping-water/9-29-2026/?c=84fc640e-480b-4ca5-8746-80ce58eeb975","https://www.maxpreps.com/ne/volleyball/match/johnson-county-central-lewiston-tecumseh-vs-weeping-water/9-29-2026/?c=84fc640e-480b-4ca5-8746-80ce58eeb975","/volleyball/ne/1693?9/29/2026","Indians","TBD","https://www.maxpreps.com/ne/johnson-county-central-lewiston-tecumseh/boys-volleyball/","https://www.maxpreps.com/ne/weeping-water/boys-volleyball/","https://hsfootball.net/proxy.php?url=https%3A%2F%2Fimage.maxpreps.io%2Fschool-mascot%2F4%2F6%2Fb%2F46bb2a97-3b3e-437f-8dc6-f30d19c77931.gif%3Fversion%3D636868830600000000%26amp%3Bwidth%3D128%26amp%3Bheight%3D128%26amp%3Bauto%3Dwebp%26amp%3Bformat%3Dpjpg","https://hsfootball.net/proxy.php?url=https%3A%2F%2Fimage.maxpreps.io%2Fschool-mascot%2F4%2F6%2Fb%2F46bb2a97-3b3e-437f-8dc6-f30d19c77931.gif%3Fversion%3D636868830600000000%26amp%3Bwidth%3D32%26amp%3Bheight%3D32%26amp%3Bauto%3Dwebp%26amp%3Bformat%3Dpjpg"
8,"Niobrara/Verdigre vs Boyd County",Boys Volleyball,"Nebraska",9/29/2026,5:00pm,"The Niobrara/Verdigre varsity volleyball team has an away non-conference match @  Boyd County (Spencer, NE) on Tuesday, September 29 @ 5p.","/ne/volleyball/match/boyd-county-spencer-vs-niobrara-verdigre/9-29-2026/?c=03fb9631-baab-4b5c-aea0-0548f365a278","https://www.maxpreps.com/ne/volleyball/match/boyd-county-spencer-vs-niobrara-verdigre/9-29-2026/?c=03fb9631-baab-4b5c-aea0-0548f365a278","/volleyball/ne/fb0?9/29/2026","Cougars","Spartans","https://www.maxpreps.com/ne/boyd-county-spencer/boys-volleyball/","https://www.maxpreps.com/ne/niobrara-verdigre/boys-volleyball/","https://hsfootball.net/proxy.php?url=https%3A%2F%2Fimage.maxpreps.io%2Fschool-mascot%2F8%2F8%2Fd%2F88da360c-1e6a-46f1-b388-914fba2f0fff.gif%3Fversion%3D637650493200000000%26amp%3Bwidth%3D128%26amp%3Bheight%3D128%26amp%3Bauto%3Dwebp%26amp%3Bformat%3Dpjpg","https://hsfootball.net/proxy.php?url=https%3A%2F%2Fimage.maxpreps.io%2Fschool-mascot%2F2%2F7%2F1%2F271c1770-0e5a-440e-9560-c4213e4aec82.gif%3Fversion%3D636767644200000000%26amp%3Bwidth%3D128%26amp%3Bheight%3D128%26amp%3Bauto%3Dwebp%26amp%3Bformat%3Dpjpg"
9,"Summerland [Clearwater/Ewing/Orchard] vs Niobrara/Verdigre",Boys Volleyball,"Nebraska",9/29/2026,5:00pm,"The Summerland [Clearwater/Ewing/Orchard] varsity volleyball team has an away non-conference match @  Niobrara/Verdigre (Niobrara, NE) on Tuesday, September 29 @ 5p.","/ne/volleyball/match/niobrara-verdigre-vs-summerland-clearwater-ewing-orchard/9-29-2026/?c=3d3f79a3-e0ce-4ddc-a1f7-f704efa56566","https://www.maxpreps.com/ne/volleyball/match/niobrara-verdigre-vs-summerland-clearwater-ewing-orchard/9-29-2026/?c=3d3f79a3-e0ce-4ddc-a1f7-f704efa56566","/volleyball/ne/15fc?9/29/2026","Bobcats","Cougars","https://www.maxpreps.com/ne/niobrara-verdigre/boys-volleyball/","https://www.maxpreps.com/ne/summerland-clearwater-ewing-orchard/boys-volleyball/","https://hsfootball.net/proxy.php?url=https%3A%2F%2Fimage.maxpreps.io%2Fschool-mascot%2Fc%2Fb%2Fc%2Fcbccbba5-15e0-45b3-ba07-2a2339c045ab.gif%3Fversion%3D637200423000000000%26amp%3Bwidth%3D128%26amp%3Bheight%3D128%26amp%3Bauto%3Dwebp%26amp%3Bformat%3Dpjpg","https://hsfootball.net/proxy.php?url=https%3A%2F%2Fimage.maxpreps.io%2Fschool-mascot%2F8%2F8%2Fd%2F88da360c-1e6a-46f1-b388-914fba2f0fff.gif%3Fversion%3D637650493200000000%26amp%3Bwidth%3D128%26amp%3Bheight%3D128%26amp%3Bauto%3Dwebp%26amp%3Bformat%3Dpjpg"
10,"Wausa vs Hartington-Newcastle",Boys Volleyball,"Nebraska",9/29/2026,5:00pm,"The Wausa varsity volleyball team has an away non-conference match @  Hartington-Newcastle (Hartington, NE) on Tuesday, September 29 @ 5p.","/ne/volleyball/match/hartington-newcastle-vs-wausa/9-29-2026/?c=4015004d-7ea6-447e-83a2-57f482c1dc9e","https://www.maxpreps.com/ne/volleyball/match/hartington-newcastle-vs-wausa/9-29-2026/?c=4015004d-7ea6-447e-83a2-57f482c1dc9e","/volleyball/ne/b95?9/29/2026","Vikings","Wildcats","https://www.maxpreps.com/ne/hartington-newcastle/boys-volleyball/","https://www.maxpreps.com/ne/wausa/boys-volleyball/","https://hsfootball.net/proxy.php?url=https%3A%2F%2Fimage.maxpreps.io%2Fschool-mascot%2F3%2F8%2F0%2F380a0edb-f9d0-4fc0-a310-1975b5f4b3f2.gif%3Fversion%3D635227760400000000%26amp%3Bwidth%3D128%26amp%3Bheight%3D128%26amp%3Bauto%3Dwebp%26amp%3Bformat%3Dpjpg","https://hsfootball.net/proxy.php?url=https%3A%2F%2Fimage.maxpreps.io%2Fschool-mascot%2F2%2F3%2Fb%2F23bd44e7-b476-41be-a497-93486153bd0b.gif%3Fversion%3D635852601000000000%26amp%3Bwidth%3D128%26amp%3Bheight%3D128%26amp%3Bauto%3Dwebp%26amp%3Bformat%3Dpjpg"
11,"South Platte vs Potter-Dix",Boys Volleyball,"Nebraska",9/29/2026,5:00pm,"The South Platte varsity volleyball team has a neutral non-conference match vs.  Potter-Dix (Potter, NE) on Tuesday, September 29 @ 5p.","/ne/volleyball/match/potter-dix-vs-south-platte-big-springs/9-29-2026/?c=e58fe134-cf93-436c-8658-d1d36d9c5106","https://www.maxpreps.com/ne/volleyball/match/potter-dix-vs-south-platte-big-springs/9-29-2026/?c=e58fe134-cf93-436c-8658-d1d36d9c5106","/volleyball/ne/ecf?9/29/2026","Blue Knights","Coyotes","https://www.maxpreps.com/ne/potter-dix/boys-volleyball/","https://www.maxpreps.com/ne/south-platte-big-springs/boys-volleyball/","https://hsfootball.net/proxy.php?url=https%3A%2F%2Fimage.maxpreps.io%2Fschool-mascot%2F5%2F6%2Fc%2F56c1ef2c-2bc3-4830-a77f-704d44194420.gif%3Fversion%3D634963454400000000%26amp%3Bwidth%3D128%26amp%3Bheight%3D128%26amp%3Bauto%3Dwebp%26amp%3Bformat%3Dpjpg","https://hsfootball.net/proxy.php?url=https%3A%2F%2Fimage.maxpreps.io%2Fschool-mascot%2Fc%2Fc%2F5%2Fcc543395-e2d1-4e68-abcc-6371cf6d2bd1.gif%3Fversion%3D637079425800000000%26amp%3Bwidth%3D128%26amp%3Bheight%3D128%26amp%3Bauto%3Dwebp%26amp%3Bformat%3Dpjpg"
12,"Brady vs Wallace",Boys Volleyball,"Nebraska",9/29/2026,5:00pm,"The Brady varsity volleyball team has an away non-conference match @  Wallace (NE) on Tuesday, September 29 @ 5p.","/ne/volleyball/match/brady-vs-wallace/9-29-2026/?c=d773ea0b-d1c7-44eb-a884-2c50e5d4d884","https://www.maxpreps.com/ne/volleyball/match/brady-vs-wallace/9-29-2026/?c=d773ea0b-d1c7-44eb-a884-2c50e5d4d884","/volleyball/ne/62e?9/29/2026","Eagles","Wildcats","https://www.maxpreps.com/ne/brady/boys-volleyball/","https://www.maxpreps.com/ne/wallace/boys-volleyball/","https://hsfootball.net/proxy.php?url=https%3A%2F%2Fimage.maxpreps.io%2Fschool-mascot%2Fc%2Fe%2F2%2Fce2a5b98-fc52-4fc9-a42b-62908c2b6ae3.gif%3Fversion%3D636948925200000000%26amp%3Bwidth%3D128%26amp%3Bheight%3D128%26amp%3Bauto%3Dwebp%26amp%3Bformat%3Dpjpg","https://hsfootball.net/proxy.php?url=https%3A%2F%2Fimage.maxpreps.io%2Fschool-mascot%2F1%2F2%2F4%2F124c7cbf-0931-47e8-87c3-0ecacd64a8b6.gif%3Fversion%3D637279792200000000%26amp%3Bwidth%3D128%26amp%3Bheight%3D128%26amp%3Bauto%3Dwebp%26amp%3Bformat%3Dpjpg"
13,"Southwest vs St. Francis",Boys Volleyball,"Nebraska",9/29/2026,5:00pm,"The Southwest varsity volleyball team has an away non-conference match @  St. Francis (KS) on Tuesday, September 29 @ 5p.","/inter-state/volleyball/match/southwest-bartley-ne-vs-st-francis-ks/9-29-2026/?c=94fb93f1-4497-485f-ac9b-cc8cc5bbc5cf","https://www.maxpreps.com/inter-state/volleyball/match/southwest-bartley-ne-vs-st-francis-ks/9-29-2026/?c=94fb93f1-4497-485f-ac9b-cc8cc5bbc5cf","/volleyball/ne/e5e?9/29/2026","Roughriders","Indians","https://www.maxpreps.com/ne/southwest-bartley-ne/boys-volleyball/","https://www.maxpreps.com/ne/st-francis-ks/boys-volleyball/","https://hsfootball.net/proxy.php?url=https%3A%2F%2Fimage.maxpreps.io%2Fschool-mascot%2Fe%2Ff%2F6%2Fef67a7f8-a5de-4876-9744-5a3bfd1a900f.gif%3Fversion%3D633922230600000000%26amp%3Bwidth%3D128%26amp%3Bheight%3D128%26amp%3Bauto%3Dwebp%26amp%3Bformat%3Dpjpg","https://hsfootball.net/proxy.php?url=https%3A%2F%2Fimage.maxpreps.io%2Fschool-mascot%2Fa%2F8%2Fd%2Fa8d0a93f-d9d5-429c-b6fc-80978e54879f.gif%3Fversion%3D636857436000000000%26amp%3Bwidth%3D128%26amp%3Bheight%3D128%26amp%3Bauto%3Dwebp%26amp%3Bformat%3Dpjpg"
14,"Edgemont vs Crawford",Boys Volleyball,"Nebraska",9/29/2026,5:00pm,"The Edgemont varsity volleyball team has an away non-conference match @  Crawford (NE) on Tuesday, September 29 @ 5p.","/inter-state/volleyball/match/crawford-ne-vs-edgemont-sd/9-29-2026/?c=c932cdd8-b068-4035-b612-c5209ad43605","https://www.maxpreps.com/inter-state/volleyball/match/crawford-ne-vs-edgemont-sd/9-29-2026/?c=c932cdd8-b068-4035-b612-c5209ad43605","/volleyball/ne/9f2?9/29/2026","Moguls","Rams","https://www.maxpreps.com/ne/crawford-ne/boys-volleyball/","https://www.maxpreps.com/ne/edgemont-sd/boys-volleyball/","https://hsfootball.net/proxy.php?url=https%3A%2F%2Fimage.maxpreps.io%2Fschool-mascot%2F4%2Fa%2Fd%2F4ad26b3f-9367-4e4c-a642-e66265d087b4.gif%3Fversion%3D635562206400000000%26amp%3Bwidth%3D128%26amp%3Bheight%3D128%26amp%3Bauto%3Dwebp%26amp%3Bformat%3Dpjpg","https://hsfootball.net/proxy.php?url=https%3A%2F%2Fimage.maxpreps.io%2Fschool-mascot%2F2%2Fc%2Fc%2F2cc81e67-9965-4e60-a004-01584c2b88de.gif%3Fversion%3D635930146200000000%26amp%3Bwidth%3D128%26amp%3Bheight%3D128%26amp%3Bauto%3Dwebp%26amp%3Bformat%3Dpjpg"
15,"Chambers/Wheeler Central vs Osmond",Boys Volleyball,"Nebraska",9/29/2026,6:00pm,"The Chambers/Wheeler Central varsity volleyball team has an away non-conference match @  Osmond (NE) on Tuesday, September 29 @ 6p.","/ne/volleyball/match/chambers-wheeler-central-vs-osmond/9-29-2026/?c=253290f6-abf1-4d4d-805f-b120d3231e55","https://www.maxpreps.com/ne/volleyball/match/chambers-wheeler-central-vs-osmond/9-29-2026/?c=253290f6-abf1-4d4d-805f-b120d3231e55","/volleyball/ne/d47?9/29/2026","Renegades","Tigers","https://www.maxpreps.com/ne/chambers-wheeler-central/boys-volleyball/","https://www.maxpreps.com/ne/osmond/boys-volleyball/","https://hsfootball.net/proxy.php?url=https%3A%2F%2Fimage.maxpreps.io%2Fschool-mascot%2F3%2F0%2F1%2F301adc0b-6ec1-4f01-9800-186f28d1917d.gif%3Fversion%3D634889044200000000%26amp%3Bwidth%3D128%26amp%3Bheight%3D128%26amp%3Bauto%3Dwebp%26amp%3Bformat%3Dpjpg","https://hsfootball.net/proxy.php?url=https%3A%2F%2Fimage.maxpreps.io%2Fschool-mascot%2F9%2F6%2F8%2F96874d84-432b-431a-96d4-a2ac7547be6c.gif%3Fversion%3D635833394400000000%26amp%3Bwidth%3D128%26amp%3Bheight%3D128%26amp%3Bauto%3Dwebp%26amp%3Bformat%3Dpjpg"
16,"Riverside vs Palmer",Boys Volleyball,"Nebraska",9/29/2026,6:00pm,"The Riverside varsity volleyball team has an away non-conference match @  Palmer (NE) on Tuesday, September 29 @ 6p.","/ne/volleyball/match/palmer-vs-riverside-cedar-rapids/9-29-2026/?c=90c67659-4d5b-4797-a4a2-70a78080cdfd","https://www.maxpreps.com/ne/volleyball/match/palmer-vs-riverside-cedar-rapids/9-29-2026/?c=90c67659-4d5b-4797-a4a2-70a78080cdfd","/volleyball/ne/c6d?9/29/2026","Chargers","Tigers","https://www.maxpreps.com/ne/palmer/boys-volleyball/","https://www.maxpreps.com/ne/riverside-cedar-rapids/boys-volleyball/","https://hsfootball.net/proxy.php?url=https%3A%2F%2Fimage.maxpreps.io%2Fschool-mascot%2F4%2F6%2Fb%2F46b5c807-4f93-4e85-898d-281c391c73f1.gif%3Fversion%3D635454214200000000%26amp%3Bwidth%3D128%26amp%3Bheight%3D128%26amp%3Bauto%3Dwebp%26amp%3Bformat%3Dpjpg","https://hsfootball.net/proxy.php?url=https%3A%2F%2Fimage.maxpreps.io%2Fschool-mascot%2F5%2F2%2F9%2F52993785-f210-42bd-b052-17e0021d5a11.gif%3Fversion%3D635808430800000000%26amp%3Bwidth%3D128%26amp%3Bheight%3D128%26amp%3Bauto%3Dwebp%26amp%3Bformat%3Dpjpg"
17,"Pawnee City vs Lewiston",Boys Volleyball,"Nebraska",9/29/2026,6:00pm,"The Pawnee City varsity volleyball team has an away non-conference match @  Lewiston (NE) on Tuesday, September 29 @ 6p.","/ne/volleyball/match/lewiston-vs-pawnee-city/9-29-2026/?c=1732e846-d118-450f-a7e2-c7ffaa614655","https://www.maxpreps.com/ne/volleyball/match/lewiston-vs-pawnee-city/9-29-2026/?c=1732e846-d118-450f-a7e2-c7ffaa614655","/volleyball/ne/91e?9/29/2026","Indians","Tigers","https://www.maxpreps.com/ne/lewiston/boys-volleyball/","https://www.maxpreps.com/ne/pawnee-city/boys-volleyball/","https://hsfootball.net/proxy.php?url=https%3A%2F%2Fimage.maxpreps.io%2Fschool-mascot%2Fd%2Fb%2Fd%2Fdbd48796-3026-4ba7-9bcc-4d1b491f0430.gif%3Fversion%3D636084221400000000%26amp%3Bwidth%3D128%26amp%3Bheight%3D128%26amp%3Bauto%3Dwebp%26amp%3Bformat%3Dpjpg","https://hsfootball.net/proxy.php?url=https%3A%2F%2Fimage.maxpreps.io%2Fschool-mascot%2Fd%2Fb%2Fd%2Fdbd48796-3026-4ba7-9bcc-4d1b491f0430.gif%3Fversion%3D636084221400000000%26amp%3Bwidth%3D32%26amp%3Bheight%3D32%26amp%3Bauto%3Dwebp%26amp%3Bformat%3Dpjpg"
18,"Blue Hill vs Pleasanton",Boys Volleyball,"Nebraska",9/29/2026,6:00pm,"The Blue Hill varsity volleyball team has an away non-conference match @  Pleasanton (NE) on Tuesday, September 29 @ 6p.","/ne/volleyball/match/blue-hill-vs-pleasanton/9-29-2026/?c=d7e8f07a-d634-446f-989e-f4ccaf5c5f53","https://www.maxpreps.com/ne/volleyball/match/blue-hill-vs-pleasanton/9-29-2026/?c=d7e8f07a-d634-446f-989e-f4ccaf5c5f53","/volleyball/ne/8f6?9/29/2026","Bobcats","Bulldogs","https://www.maxpreps.com/ne/blue-hill/boys-volleyball/","https://www.maxpreps.com/ne/pleasanton/boys-volleyball/","https://hsfootball.net/proxy.php?url=https%3A%2F%2Fimage.maxpreps.io%2Fschool-mascot%2F4%2F1%2Ff%2F41ff579c-e04e-4021-960f-e7bd0c65ff8d.gif%3Fversion%3D636064381200000000%26amp%3Bwidth%3D128%26amp%3Bheight%3D128%26amp%3Bauto%3Dwebp%26amp%3Bformat%3Dpjpg","https://hsfootball.net/proxy.php?url=https%3A%2F%2Fimage.maxpreps.io%2Fschool-mascot%2Fa%2F6%2F0%2Fa6008467-26d1-4e16-98cb-eb423b313689.gif%3Fversion%3D636419698200000000%26amp%3Bwidth%3D128%26amp%3Bheight%3D128%26amp%3Bauto%3Dwebp%26amp%3Bformat%3Dpjpg"
19,"McCook vs Cambridge",Boys Volleyball,"Nebraska",9/29/2026,6:00pm,"The McCook varsity volleyball team has an away non-conference match @  Cambridge (NE) on Tuesday, September 29 @ 6p.","/ne/volleyball/match/cambridge-vs-mccook/9-29-2026/?c=bc3eb0a1-0871-4c64-9be1-2eaa4a4a6d00","https://www.maxpreps.com/ne/volleyball/match/cambridge-vs-mccook/9-29-2026/?c=bc3eb0a1-0871-4c64-9be1-2eaa4a4a6d00","/volleyball/ne/75d?9/29/2026","Bison","Trojans","https://www.maxpreps.com/ne/cambridge/boys-volleyball/","https://www.maxpreps.com/ne/mccook/boys-volleyball/","https://hsfootball.net/proxy.php?url=https%3A%2F%2Fimage.maxpreps.io%2Fschool-mascot%2Fa%2F8%2F5%2Fa8513bf2-263c-4f27-9f1b-dfcea460c611.gif%3Fversion%3D635434415400000000%26amp%3Bwidth%3D128%26amp%3Bheight%3D128%26amp%3Bauto%3Dwebp%26amp%3Bformat%3Dpjpg","https://hsfootball.net/proxy.php?url=https%3A%2F%2Fimage.maxpreps.io%2Fschool-mascot%2F5%2F9%2F6%2F5965cbaf-1f23-49d6-993d-cd4b74248315.gif%3Fversion%3D637715194800000000%26amp%3Bwidth%3D128%26amp%3Bheight%3D128%26amp%3Bauto%3Dwebp%26amp%3Bformat%3Dpjpg"
20,"Conestoga vs Plattsmouth",Boys Volleyball,"Nebraska",9/29/2026,6:00pm,"The Conestoga varsity volleyball team has an away non-conference match @  Plattsmouth (NE) on Tuesday, September 29 @ 6p.","/ne/volleyball/match/conestoga-murray-vs-plattsmouth/9-29-2026/?c=df4f4fbb-1530-4c07-94f8-ef16e40b66aa","https://www.maxpreps.com/ne/volleyball/match/conestoga-murray-vs-plattsmouth/9-29-2026/?c=df4f4fbb-1530-4c07-94f8-ef16e40b66aa","/volleyball/ne/c98?9/29/2026","Cougars","Blue Devils","https://www.maxpreps.com/ne/conestoga-murray/boys-volleyball/","https://www.maxpreps.com/ne/plattsmouth/boys-volleyball/","https://hsfootball.net/proxy.php?url=https%3A%2F%2Fimage.maxpreps.io%2Fschool-mascot%2F8%2F3%2F5%2F835825ca-9140-4be8-b990-b784e1c38db9.gif%3Fversion%3D637403572200000000%26amp%3Bwidth%3D128%26amp%3Bheight%3D128%26amp%3Bauto%3Dwebp%26amp%3Bformat%3Dpjpg","https://hsfootball.net/proxy.php?url=https%3A%2F%2Fimage.maxpreps.io%2Fschool-mascot%2F7%2F4%2F3%2F7432d968-7238-4484-8297-5bac3097d6d6.gif%3Fversion%3D639237801291292020%26amp%3Bwidth%3D128%26amp%3Bheight%3D128%26amp%3Bauto%3Dwebp%26amp%3Bformat%3Dpjpg"
21,"Lincoln North Star vs Norfolk",Boys Volleyball,"Nebraska",9/29/2026,6:00pm,"The Lincoln North Star varsity volleyball team has an away conference match @  Norfolk (NE) on Tuesday, September 29 @ 6p.","/ne/volleyball/match/lincoln-north-star-gators-vs-norfolk/9-29-2026/?c=4cda3555-2916-402d-af69-022713a49f9a","https://www.maxpreps.com/ne/volleyball/match/lincoln-north-star-gators-vs-norfolk/9-29-2026/?c=4cda3555-2916-402d-af69-022713a49f9a","/volleyball/ne/e29?9/29/2026","Navigators","Panthers","https://www.maxpreps.com/ne/lincoln-north-star-gators/boys-volleyball/","https://www.maxpreps.com/ne/norfolk/boys-volleyball/","https://hsfootball.net/proxy.php?url=https%3A%2F%2Fimage.maxpreps.io%2Fschool-mascot%2F8%2Fe%2F2%2F8e2508da-6d85-4b5c-ac76-65ec31b4e617.gif%3Fversion%3D635761956600000000%26amp%3Bwidth%3D128%26amp%3Bheight%3D128%26amp%3Bauto%3Dwebp%26amp%3Bformat%3Dpjpg","https://hsfootball.net/proxy.php?url=https%3A%2F%2Fimage.maxpreps.io%2Fschool-mascot%2F6%2F8%2F1%2F6819c759-02e2-400d-94ed-0e9e83a00dbd.gif%3Fversion%3D635930151000000000%26amp%3Bwidth%3D128%26amp%3Bheight%3D128%26amp%3Bauto%3Dwebp%26amp%3Bformat%3Dpjpg"
22,"Fullerton vs East Butler",Boys Volleyball,"Nebraska",9/29/2026,6:00pm,"The Fullerton varsity volleyball team has an away non-conference match @  East Butler (Brainard, NE) on Tuesday, September 29 @ 6p.","/ne/volleyball/match/east-butler-brainard-vs-fullerton/9-29-2026/?c=5ab59378-1133-4f73-adec-5304f5c84c1d","https://www.maxpreps.com/ne/volleyball/match/east-butler-brainard-vs-fullerton/9-29-2026/?c=5ab59378-1133-4f73-adec-5304f5c84c1d","/volleyball/ne/cf6?9/29/2026","Warriors","Tigers","https://www.maxpreps.com/ne/east-butler-brainard/boys-volleyball/","https://www.maxpreps.com/ne/fullerton/boys-volleyball/","https://hsfootball.net/proxy.php?url=https%3A%2F%2Fimage.maxpreps.io%2Fschool-mascot%2F5%2Fb%2Fb%2F5bb35dcd-a386-4934-8d07-3cbeafbbdffc.gif%3Fversion%3D638028121800000000%26amp%3Bwidth%3D128%26amp%3Bheight%3D128%26amp%3Bauto%3Dwebp%26amp%3Bformat%3Dpjpg","https://hsfootball.net/proxy.php?url=https%3A%2F%2Fimage.maxpreps.io%2Fschool-mascot%2F7%2F6%2F0%2F7604c2c6-5bae-499b-957b-4a1863180e16.gif%3Fversion%3D636078510600000000%26amp%3Bwidth%3D128%26amp%3Bheight%3D128%26amp%3Bauto%3Dwebp%26amp%3Bformat%3Dpjpg"
23,"Arcadia/Loup City vs Burwell",Boys Volleyball,"Nebraska",9/29/2026,6:00pm,"The Arcadia/Loup City varsity volleyball team has an away non-conference match @  Burwell (NE) on Tuesday, September 29 @ 6p.","/ne/volleyball/match/arcadia-loup-city-vs-burwell/9-29-2026/?c=f64ada88-14f8-4d43-8db3-f5a0e9f0efe1","https://www.maxpreps.com/ne/volleyball/match/arcadia-loup-city-vs-burwell/9-29-2026/?c=f64ada88-14f8-4d43-8db3-f5a0e9f0efe1","/volleyball/ne/ad8?9/29/2026","Rebels","Longhorns","https://www.maxpreps.com/ne/arcadia-loup-city/boys-volleyball/","https://www.maxpreps.com/ne/burwell/boys-volleyball/","https://hsfootball.net/proxy.php?url=https%3A%2F%2Fimage.maxpreps.io%2Fschool-mascot%2F0%2F0%2Fd%2F00dd4d62-4c48-46b2-b237-047c81f8083c.gif%3Fversion%3D635452593600000000%26amp%3Bwidth%3D128%26amp%3Bheight%3D128%26amp%3Bauto%3Dwebp%26amp%3Bformat%3Dpjpg","https://hsfootball.net/proxy.php?url=https%3A%2F%2Fimage.maxpreps.io%2Fschool-mascot%2F2%2Fa%2F5%2F2a5632c4-f5aa-4737-891a-853673b82bbb.gif%3Fversion%3D635430878400000000%26amp%3Bwidth%3D128%26amp%3Bheight%3D128%26amp%3Bauto%3Dwebp%26amp%3Bformat%3Dpjpg"
24,"Lincoln East vs Standing Bear",Boys Volleyball,"Nebraska",9/29/2026,6:00pm,"The Lincoln East varsity volleyball team has an away non-conference match @  Standing Bear (Lincoln, NE) on Tuesday, September 29 @ 6p.","/ne/volleyball/match/lincoln-east-martin-the-spartan-vs-standing-bear-lincoln/9-29-2026/?c=53415387-a6f6-4641-b7f3-61c110725da5","https://www.maxpreps.com/ne/volleyball/match/lincoln-east-martin-the-spartan-vs-standing-bear-lincoln/9-29-2026/?c=53415387-a6f6-4641-b7f3-61c110725da5","/volleyball/ne/1593?9/29/2026","Spartans","Grizzlies","https://www.maxpreps.com/ne/lincoln-east-martin-the-spartan/boys-volleyball/","https://www.maxpreps.com/ne/standing-bear-lincoln/boys-volleyball/","https://hsfootball.net/proxy.php?url=https%3A%2F%2Fimage.maxpreps.io%2Fschool-mascot%2F2%2F8%2F1%2F28135270-4007-4422-bc1e-71d645736730.gif%3Fversion%3D635783347800000000%26amp%3Bwidth%3D128%26amp%3Bheight%3D128%26amp%3Bauto%3Dwebp%26amp%3Bformat%3Dpjpg","https://hsfootball.net/proxy.php?url=https%3A%2F%2Fimage.maxpreps.io%2Fschool-mascot%2Ff%2F6%2Ff%2Ff6f7de10-227f-445a-b022-a3f95549f6d3.gif%3Fversion%3D638464447200000000%26amp%3Bwidth%3D128%26amp%3Bheight%3D128%26amp%3Bauto%3Dwebp%26amp%3Bformat%3Dpjpg"
25,"Gretna East vs Blair",Boys Volleyball,"Nebraska",9/29/2026,6:00pm,"The Gretna East varsity volleyball team has an away conference match @  Blair (NE) on Tuesday, September 29 @ 6p.","/ne/volleyball/match/blair-vs-gretna-east/9-29-2026/?c=510aa7dc-4d21-43bc-b5c8-3fb9c670ab72","https://www.maxpreps.com/ne/volleyball/match/blair-vs-gretna-east/9-29-2026/?c=510aa7dc-4d21-43bc-b5c8-3fb9c670ab72","/volleyball/ne/7a8?9/29/2026","Griffins","Bears","https://www.maxpreps.com/ne/blair/boys-volleyball/","https://www.maxpreps.com/ne/gretna-east/boys-volleyball/","https://hsfootball.net/proxy.php?url=https%3A%2F%2Fimage.maxpreps.io%2Fschool-mascot%2Fe%2F1%2Fd%2Fe1d2b01c-f2c8-403b-9ca7-465d7fb615fc.gif%3Fversion%3D638272791600000000%26amp%3Bwidth%3D128%26amp%3Bheight%3D128%26amp%3Bauto%3Dwebp%26amp%3Bformat%3Dpjpg","https://hsfootball.net/proxy.php?url=https%3A%2F%2Fimage.maxpreps.io%2Fschool-mascot%2F8%2Fb%2Fe%2F8be13299-07f8-4d6f-a103-f41f30a414db.gif%3Fversion%3D635192347200000000%26amp%3Bwidth%3D128%26amp%3Bheight%3D128%26amp%3Bauto%3Dwebp%26amp%3Bformat%3Dpjpg"
26,"Ashland-Greenwood vs Beatrice",Boys Volleyball,"Nebraska",9/29/2026,6:00pm,"The Ashland-Greenwood varsity volleyball team has an away non-conference match @  Beatrice (NE) on Tuesday, September 29 @ 6p.","/ne/volleyball/match/ashland-greenwood-vs-beatrice/9-29-2026/?c=31f5ce61-9dd1-4d39-af0a-d882ab9f4e3c","https://www.maxpreps.com/ne/volleyball/match/ashland-greenwood-vs-beatrice/9-29-2026/?c=31f5ce61-9dd1-4d39-af0a-d882ab9f4e3c","/volleyball/ne/b54?9/29/2026","Bluejays","Orangemen","https://www.maxpreps.com/ne/ashland-greenwood/boys-volleyball/","https://www.maxpreps.com/ne/beatrice/boys-volleyball/","https://hsfootball.net/proxy.php?url=https%3A%2F%2Fimage.maxpreps.io%2Fschool-mascot%2Fa%2F0%2F9%2Fa09e98d4-bae4-4c80-8b92-47e70d1eec6f.gif%3Fversion%3D634813167000000000%26amp%3Bwidth%3D128%26amp%3Bheight%3D128%26amp%3Bauto%3Dwebp%26amp%3Bformat%3Dpjpg","https://hsfootball.net/proxy.php?url=https%3A%2F%2Fimage.maxpreps.io%2Fschool-mascot%2Ff%2Fd%2F6%2Ffd67b59a-6b3b-4820-ae67-0d80f82eff6b.gif%3Fversion%3D637671046800000000%26amp%3Bwidth%3D128%26amp%3Bheight%3D128%26amp%3Bauto%3Dwebp%26amp%3Bformat%3Dpjpg"
27,"Kearney vs Lincoln Southwest",Boys Volleyball,"Nebraska",9/29/2026,6:00pm,"The Kearney varsity volleyball team has an away conference match @  Lincoln Southwest (Lincoln, NE) on Tuesday, September 29 @ 6p.","/ne/volleyball/match/kearney-vs-lincoln-southwest/9-29-2026/?c=d96fc7d7-636c-44a2-aff7-2ec24845015b","https://www.maxpreps.com/ne/volleyball/match/kearney-vs-lincoln-southwest/9-29-2026/?c=d96fc7d7-636c-44a2-aff7-2ec24845015b","/volleyball/ne/b44?9/29/2026","Bearcats","Silver Hawks","https://www.maxpreps.com/ne/kearney/boys-volleyball/","https://www.maxpreps.com/ne/lincoln-southwest/boys-volleyball/","https://hsfootball.net/proxy.php?url=https%3A%2F%2Fimage.maxpreps.io%2Fschool-mascot%2F8%2Fa%2F8%2F8a8b34e9-be82-45ad-b20c-261cd03c3759.gif%3Fversion%3D635413848600000000%26amp%3Bwidth%3D128%26amp%3Bheight%3D128%26amp%3Bauto%3Dwebp%26amp%3Bformat%3Dpjpg","https://hsfootball.net/proxy.php?url=https%3A%2F%2Fimage.maxpreps.io%2Fschool-mascot%2F7%2F1%2F7%2F717178fb-ff6d-4ffe-af34-db2beedab36c.gif%3Fversion%3D636557461800000000%26amp%3Bwidth%3D128%26amp%3Bheight%3D128%26amp%3Bauto%3Dwebp%26amp%3Bformat%3Dpjpg"
28,"Falls City vs West Nodaway",Boys Volleyball,"Nebraska",9/29/2026,6:00pm,"The Falls City varsity volleyball team has an away non-conference match @  West Nodaway (Burlington Junction, MO) on Tuesday, September 29 @ 6p.","/inter-state/volleyball/match/falls-city-ne-vs-west-nodaway-burlington-junction-mo/9-29-2026/?c=2e7e0979-299b-4baa-a44a-b5ee60ed7016","https://www.maxpreps.com/inter-state/volleyball/match/falls-city-ne-vs-west-nodaway-burlington-junction-mo/9-29-2026/?c=2e7e0979-299b-4baa-a44a-b5ee60ed7016","/volleyball/ne/142f?9/29/2026","Tigers","Rockets","https://www.maxpreps.com/ne/falls-city-ne/boys-volleyball/","https://www.maxpreps.com/ne/west-nodaway-burlington-junction-mo/boys-volleyball/","https://hsfootball.net/proxy.php?url=https%3A%2F%2Fimage.maxpreps.io%2Fschool-mascot%2F6%2F3%2F4%2F63443c14-b3d6-49ff-a17a-91832a644cca.gif%3Fversion%3D637636476600000000%26amp%3Bwidth%3D128%26amp%3Bheight%3D128%26amp%3Bauto%3Dwebp%26amp%3Bformat%3Dpjpg","https://hsfootball.net/proxy.php?url=https%3A%2F%2Fimage.maxpreps.io%2Fschool-mascot%2Ff%2F8%2F4%2Ff84a0d9d-2fb1-435e-9d4a-018dc5b01f8b.gif%3Fversion%3D636794377800000000%26amp%3Bwidth%3D128%26amp%3Bheight%3D128%26amp%3Bauto%3Dwebp%26amp%3Bformat%3Dpjpg"
29,"Gordon-Rushville vs Chadron",Boys Volleyball,"Nebraska",9/29/2026,6:00pm,"The Gordon-Rushville varsity volleyball team has an away non-conference match @  Chadron (NE) on Tuesday, September 29 @ 6p.","/ne/volleyball/match/chadron-vs-gordon-rushville/9-29-2026/?c=53f26613-6fd8-4e80-b6e5-75e0baafd1d5","https://www.maxpreps.com/ne/volleyball/match/chadron-vs-gordon-rushville/9-29-2026/?c=53f26613-6fd8-4e80-b6e5-75e0baafd1d5","/volleyball/ne/ab6?9/29/2026","Mustangs","Cardinals","https://www.maxpreps.com/ne/chadron/boys-volleyball/","https://www.maxpreps.com/ne/gordon-rushville/boys-volleyball/","https://hsfootball.net/proxy.php?url=https%3A%2F%2Fimage.maxpreps.io%2Fschool-mascot%2F5%2F0%2F0%2F500d223a-03ea-4ba7-a189-543148383a93.gif%3Fversion%3D636194265600000000%26amp%3Bwidth%3D128%26amp%3Bheight%3D128%26amp%3Bauto%3Dwebp%26amp%3Bformat%3Dpjpg","https://hsfootball.net/proxy.php?url=https%3A%2F%2Fimage.maxpreps.io%2Fschool-mascot%2F2%2Fa%2F0%2F2a034c72-1a14-48e3-b5ad-d7963990425f.gif%3Fversion%3D635531944800000000%26amp%3Bwidth%3D128%26amp%3Bheight%3D128%26amp%3Bauto%3Dwebp%26amp%3Bformat%3Dpjpg"
30,"Loomis vs Southwest",Boys Volleyball,"Nebraska",9/29/2026,6:00pm,"The Loomis varsity volleyball team has an away non-conference match @  Southwest (Bartley, NE) on Tuesday, September 29 @ 6p.","/ne/volleyball/match/loomis-vs-southwest-bartley/9-29-2026/?c=de5c9d86-94c2-4e1b-958d-af8d797ac1f0","https://www.maxpreps.com/ne/volleyball/match/loomis-vs-southwest-bartley/9-29-2026/?c=de5c9d86-94c2-4e1b-958d-af8d797ac1f0","/volleyball/ne/aec?9/29/2026","Wolves","Roughriders","https://www.maxpreps.com/ne/loomis/boys-volleyball/","https://www.maxpreps.com/ne/southwest-bartley/boys-volleyball/","https://hsfootball.net/proxy.php?url=https%3A%2F%2Fimage.maxpreps.io%2Fschool-mascot%2Fc%2Ff%2F4%2Fcf48cc13-6bee-40bf-b4d6-280fd654f8a4.gif%3Fversion%3D637726544400000000%26amp%3Bwidth%3D128%26amp%3Bheight%3D128%26amp%3Bauto%3Dwebp%26amp%3Bformat%3Dpjpg","https://hsfootball.net/proxy.php?url=https%3A%2F%2Fimage.maxpreps.io%2Fschool-mascot%2Fe%2Ff%2F6%2Fef67a7f8-a5de-4876-9744-5a3bfd1a900f.gif%3Fversion%3D633922230600000000%26amp%3Bwidth%3D128%26amp%3Bheight%3D128%26amp%3Bauto%3Dwebp%26amp%3Bformat%3Dpjpg"
31,"Omaha Northwest vs Bellevue West",Boys Volleyball,"Nebraska",9/29/2026,6:00pm,"The Omaha Northwest varsity volleyball team has an away conference match @  Bellevue West (Bellevue, NE) on Tuesday, September 29 @ 6p.","/ne/volleyball/match/bellevue-west-vs-omaha-northwest/9-29-2026/?c=990214e2-54c4-4d12-9aea-dc7794946f20","https://www.maxpreps.com/ne/volleyball/match/bellevue-west-vs-omaha-northwest/9-29-2026/?c=990214e2-54c4-4d12-9aea-dc7794946f20","/volleyball/ne/ca8?9/29/2026","Huskies","Thunderbirds","https://www.maxpreps.com/ne/bellevue-west/boys-volleyball/","https://www.maxpreps.com/ne/omaha-northwest/boys-volleyball/","https://hsfootball.net/proxy.php?url=https%3A%2F%2Fimage.maxpreps.io%2Fschool-mascot%2Fe%2Ff%2F9%2Fef9309ad-1a6c-4af2-af58-344ac147d39b.gif%3Fversion%3D636238962600000000%26amp%3Bwidth%3D128%26amp%3Bheight%3D128%26amp%3Bauto%3Dwebp%26amp%3Bformat%3Dpjpg","https://hsfootball.net/proxy.php?url=https%3A%2F%2Fimage.maxpreps.io%2Fschool-mascot%2Fc%2F4%2F9%2Fc49c69d4-d7a0-427c-8db8-ccd6620d9ad1.gif%3Fversion%3D635926773600000000%26amp%3Bwidth%3D128%26amp%3Bheight%3D128%26amp%3Bauto%3Dwebp%26amp%3Bformat%3Dpjpg"
32,"Duchesne vs South Sioux City",Boys Volleyball,"Nebraska",9/29/2026,6:00pm,"The Duchesne varsity volleyball team has an away non-conference match @  South Sioux City (NE) on Tuesday, September 29 @ 6p.","/ne/volleyball/match/duchesne-omaha-vs-south-sioux-city/9-29-2026/?c=c9e04b27-98d4-466a-857f-eb9a1e30da5f","https://www.maxpreps.com/ne/volleyball/match/duchesne-omaha-vs-south-sioux-city/9-29-2026/?c=c9e04b27-98d4-466a-857f-eb9a1e30da5f","/volleyball/ne/d43?9/29/2026","Cardinals","Cardinals","https://www.maxpreps.com/ne/duchesne-omaha/boys-volleyball/","https://www.maxpreps.com/ne/south-sioux-city/boys-volleyball/","https://hsfootball.net/proxy.php?url=https%3A%2F%2Fimage.maxpreps.io%2Fschool-mascot%2Fe%2Fd%2F2%2Fed29eb4d-0367-43cf-b18c-49f27b6ee8b1.gif%3Fversion%3D637424925000000000%26amp%3Bwidth%3D128%26amp%3Bheight%3D128%26amp%3Bauto%3Dwebp%26amp%3Bformat%3Dpjpg","https://hsfootball.net/proxy.php?url=https%3A%2F%2Fimage.maxpreps.io%2Fschool-mascot%2F2%2F7%2Ff%2F27fcfff6-e503-4dd9-b82c-2ca9443d648a.gif%3Fversion%3D634938360000000000%26amp%3Bwidth%3D128%26amp%3Bheight%3D128%26amp%3Bauto%3Dwebp%26amp%3Bformat%3Dpjpg"
33,"Lincoln Southeast vs Lincoln Northeast",Boys Volleyball,"Nebraska",9/29/2026,6:00pm,"The Lincoln Southeast varsity volleyball team has an away conference match @  Lincoln Northeast (Lincoln, NE) on Tuesday, September 29 @ 6p.","/ne/volleyball/match/lincoln-northeast-vs-lincoln-southeast/9-29-2026/?c=02c00c34-7360-4647-b8dc-8632ef720e58","https://www.maxpreps.com/ne/volleyball/match/lincoln-northeast-vs-lincoln-southeast/9-29-2026/?c=02c00c34-7360-4647-b8dc-8632ef720e58","/volleyball/ne/f33?9/29/2026","Knights","Rockets","https://www.maxpreps.com/ne/lincoln-northeast/boys-volleyball/","https://www.maxpreps.com/ne/lincoln-southeast/boys-volleyball/","https://hsfootball.net/proxy.php?url=https%3A%2F%2Fimage.maxpreps.io%2Fschool-mascot%2Ff%2Fc%2F4%2Ffc424f3f-4f14-4494-9153-050f3a4389e2.gif%3Fversion%3D635102544600000000%26amp%3Bwidth%3D128%26amp%3Bheight%3D128%26amp%3Bauto%3Dwebp%26amp%3Bformat%3Dpjpg","https://hsfootball.net/proxy.php?url=https%3A%2F%2Fimage.maxpreps.io%2Fschool-mascot%2Fa%2F1%2Fb%2Fa1bb9fed-5304-4d3c-a388-5b04e99c1d51.gif%3Fversion%3D635582230200000000%26amp%3Bwidth%3D128%26amp%3Bheight%3D128%26amp%3Bauto%3Dwebp%26amp%3Bformat%3Dpjpg"
34,"Brady vs Maywood/Hayes Center",Boys Volleyball,"Nebraska",9/29/2026,6:00pm,"The Brady varsity volleyball team has an away non-conference match @  Maywood/Hayes Center (Maywood, NE) on Tuesday, September 29 @ 6p.","/ne/volleyball/match/brady-vs-maywood-hayes-center/9-29-2026/?c=8f70c8a1-5665-40ba-8d86-44b27f473082","https://www.maxpreps.com/ne/volleyball/match/brady-vs-maywood-hayes-center/9-29-2026/?c=8f70c8a1-5665-40ba-8d86-44b27f473082","/volleyball/ne/b4a?9/29/2026","Eagles","Wolves","https://www.maxpreps.com/ne/brady/boys-volleyball/","https://www.maxpreps.com/ne/maywood-hayes-center/boys-volleyball/","https://hsfootball.net/proxy.php?url=https%3A%2F%2Fimage.maxpreps.io%2Fschool-mascot%2Fc%2Fe%2F2%2Fce2a5b98-fc52-4fc9-a42b-62908c2b6ae3.gif%3Fversion%3D636948925200000000%26amp%3Bwidth%3D128%26amp%3Bheight%3D128%26amp%3Bauto%3Dwebp%26amp%3Bformat%3Dpjpg","https://hsfootball.net/proxy.php?url=https%3A%2F%2Fimage.maxpreps.io%2Fschool-mascot%2F7%2F3%2F3%2F73327b2a-fe7a-4a40-a0d6-63bd3773a166.gif%3Fversion%3D639008655366302290%26amp%3Bwidth%3D128%26amp%3Bheight%3D128%26amp%3Bauto%3Dwebp%26amp%3Bformat%3Dpjpg"
35,"Bertrand vs Axtell",Boys Volleyball,"Nebraska",9/29/2026,6:00pm,"The Bertrand varsity volleyball team has an away non-conference match @  Axtell (NE) on Tuesday, September 29 @ 6p.","/ne/volleyball/match/axtell-vs-bertrand/9-29-2026/?c=c42c8579-1f66-44e2-9aa3-712c36756e77","https://www.maxpreps.com/ne/volleyball/match/axtell-vs-bertrand/9-29-2026/?c=c42c8579-1f66-44e2-9aa3-712c36756e77","/volleyball/ne/71f?9/29/2026","Vikings","Wildcats","https://www.maxpreps.com/ne/axtell/boys-volleyball/","https://www.maxpreps.com/ne/bertrand/boys-volleyball/","https://hsfootball.net/proxy.php?url=https%3A%2F%2Fimage.maxpreps.io%2Fschool-mascot%2F5%2Fd%2F4%2F5d49e970-9415-4fe7-b9f5-abafe607a573.gif%3Fversion%3D635866483200000000%26amp%3Bwidth%3D128%26amp%3Bheight%3D128%26amp%3Bauto%3Dwebp%26amp%3Bformat%3Dpjpg","https://hsfootball.net/proxy.php?url=https%3A%2F%2Fimage.maxpreps.io%2Fschool-mascot%2F5%2Fd%2F4%2F5d49e970-9415-4fe7-b9f5-abafe607a573.gif%3Fversion%3D635866483200000000%26amp%3Bwidth%3D32%26amp%3Bheight%3D32%26amp%3Bauto%3Dwebp%26amp%3Bformat%3Dpjpg"
36,"Grand Island vs Lincoln High",Boys Volleyball,"Nebraska",9/29/2026,6:30pm,"The Grand Island varsity volleyball team has an away conference match @  Lincoln High (Lincoln, NE) on Tuesday, September 29 @ 6:30p.","/ne/volleyball/match/grand-island-vs-lincoln-high/9-29-2026/?c=af42e41e-ced3-4f49-aba7-10ed5def4e39","https://www.maxpreps.com/ne/volleyball/match/grand-island-vs-lincoln-high/9-29-2026/?c=af42e41e-ced3-4f49-aba7-10ed5def4e39","/volleyball/ne/ab3?9/29/2026","Islanders","Links","https://www.maxpreps.com/ne/grand-island/boys-volleyball/","https://www.maxpreps.com/ne/lincoln-high/boys-volleyball/","https://hsfootball.net/proxy.php?url=https%3A%2F%2Fimage.maxpreps.io%2Fschool-mascot%2F0%2Ff%2F9%2F0f9db2ed-0b7d-40f6-8ffa-afb52e24bc10.gif%3Fversion%3D636436117800000000%26amp%3Bwidth%3D128%26amp%3Bheight%3D128%26amp%3Bauto%3Dwebp%26amp%3Bformat%3Dpjpg","https://hsfootball.net/proxy.php?url=https%3A%2F%2Fimage.maxpreps.io%2Fschool-mascot%2Fc%2F9%2F2%2Fc92b799b-67a4-4913-8ec7-3c7923edde86.gif%3Fversion%3D637595113200000000%26amp%3Bwidth%3D128%26amp%3Bheight%3D128%26amp%3Bauto%3Dwebp%26amp%3Bformat%3Dpjpg"
37,"Hastings vs Waverly",Boys Volleyball,"Nebraska",9/29/2026,6:30pm,"The Hastings varsity volleyball team has an away non-conference match @  Waverly (NE) on Tuesday, September 29 @ 6:30p.","/ne/volleyball/match/hastings-vs-waverly/9-29-2026/?c=d324a2ed-d503-49fe-ba38-a1dc35c93f95","https://www.maxpreps.com/ne/volleyball/match/hastings-vs-waverly/9-29-2026/?c=d324a2ed-d503-49fe-ba38-a1dc35c93f95","/volleyball/ne/7ae?9/29/2026","Tigers","Vikings","https://www.maxpreps.com/ne/hastings/boys-volleyball/","https://www.maxpreps.com/ne/waverly/boys-volleyball/","https://hsfootball.net/proxy.php?url=https%3A%2F%2Fimage.maxpreps.io%2Fschool-mascot%2F0%2Fb%2F5%2F0b560b00-ee4f-4fda-b461-590434922fee.gif%3Fversion%3D638170519800000000%26amp%3Bwidth%3D128%26amp%3Bheight%3D128%26amp%3Bauto%3Dwebp%26amp%3Bformat%3Dpjpg","https://hsfootball.net/proxy.php?url=https%3A%2F%2Fimage.maxpreps.io%2Fschool-mascot%2Ff%2Fd%2Fd%2Ffdd2ecbc-223b-4e30-9b80-f0d0976f72a7.gif%3Fversion%3D636537171000000000%26amp%3Bwidth%3D128%26amp%3Bheight%3D128%26amp%3Bauto%3Dwebp%26amp%3Bformat%3Dpjpg"
38,"Randolph vs Creighton",Boys Volleyball,"Nebraska",9/29/2026,7:00pm,"The Randolph varsity volleyball team has an away non-conference match @  Creighton (NE) on Tuesday, September 29 @ 7p.","/ne/volleyball/match/creighton-vs-randolph/9-29-2026/?c=ad51d03d-d9e5-4ee9-8c2c-8c768c69d985","https://www.maxpreps.com/ne/volleyball/match/creighton-vs-randolph/9-29-2026/?c=ad51d03d-d9e5-4ee9-8c2c-8c768c69d985","/volleyball/ne/85e?9/29/2026","Cardinals","Bulldogs","https://www.maxpreps.com/ne/creighton/boys-volleyball/","https://www.maxpreps.com/ne/randolph/boys-volleyball/","https://hsfootball.net/proxy.php?url=https%3A%2F%2Fimage.maxpreps.io%2Fschool-mascot%2F4%2Fd%2Fb%2F4db56637-e19a-41ad-a9f1-81565f1e4f18.gif%3Fversion%3D636065940000000000%26amp%3Bwidth%3D128%26amp%3Bheight%3D128%26amp%3Bauto%3Dwebp%26amp%3Bformat%3Dpjpg","https://hsfootball.net/proxy.php?url=https%3A%2F%2Fimage.maxpreps.io%2Fschool-mascot%2F2%2F5%2Fe%2F25e5229e-0a53-4687-aee6-a910a3e1317b.gif%3Fversion%3D636724397400000000%26amp%3Bwidth%3D128%26amp%3Bheight%3D128%26amp%3Bauto%3Dwebp%26amp%3Bformat%3Dpjpg"
39,"Sutton vs Fillmore Central",Boys Volleyball,"Nebraska",9/29/2026,7:00pm,"The Sutton varsity volleyball team has an away non-conference match @  Fillmore Central (Geneva, NE) on Tuesday, September 29 @ 7p.","/ne/volleyball/match/fillmore-central-geneva-vs-sutton/9-29-2026/?c=074bd5e7-f4bd-4dd4-975f-8f54c9c9585b","https://www.maxpreps.com/ne/volleyball/match/fillmore-central-geneva-vs-sutton/9-29-2026/?c=074bd5e7-f4bd-4dd4-975f-8f54c9c9585b","/volleyball/ne/d03?9/29/2026","Mustangs","Panthers","https://www.maxpreps.com/ne/fillmore-central-geneva/boys-volleyball/","https://www.maxpreps.com/ne/sutton/boys-volleyball/","https://hsfootball.net/proxy.php?url=https%3A%2F%2Fimage.maxpreps.io%2Fschool-mascot%2F1%2F3%2F9%2F13972ab1-6d6f-483a-a52e-442cd4854205.gif%3Fversion%3D636414070800000000%26amp%3Bwidth%3D128%26amp%3Bheight%3D128%26amp%3Bauto%3Dwebp%26amp%3Bformat%3Dpjpg","https://hsfootball.net/proxy.php?url=https%3A%2F%2Fimage.maxpreps.io%2Fschool-mascot%2Fb%2F7%2Fd%2Fb7d40938-f338-418a-b932-c049bb6f399c.gif%3Fversion%3D634832107800000000%26amp%3Bwidth%3D128%26amp%3Bheight%3D128%26amp%3Bauto%3Dwebp%26amp%3Bformat%3Dpjpg"
40,"Fort Calhoun vs Douglas County West",Boys Volleyball,"Nebraska",9/29/2026,7:00pm,"The Fort Calhoun varsity volleyball team has an away conference match @  Douglas County West (Valley, NE) on Tuesday, September 29 @ 7p.","/ne/volleyball/match/douglas-county-west-valley-vs-fort-calhoun/9-29-2026/?c=51ab5fbf-c5c9-4a65-8bc3-6d36c9b809ed","https://www.maxpreps.com/ne/volleyball/match/douglas-county-west-valley-vs-fort-calhoun/9-29-2026/?c=51ab5fbf-c5c9-4a65-8bc3-6d36c9b809ed","/volleyball/ne/107d?9/29/2026","Pioneers","Falcons","https://www.maxpreps.com/ne/douglas-county-west-valley/boys-volleyball/","https://www.maxpreps.com/ne/fort-calhoun/boys-volleyball/","https://hsfootball.net/proxy.php?url=https%3A%2F%2Fimage.maxpreps.io%2Fschool-mascot%2F4%2F9%2Fb%2F49b4d0a4-1c80-455c-ad38-ad8b90b128f5.gif%3Fversion%3D633902745000000000%26amp%3Bwidth%3D128%26amp%3Bheight%3D128%26amp%3Bauto%3Dwebp%26amp%3Bformat%3Dpjpg","https://hsfootball.net/proxy.php?url=https%3A%2F%2Fimage.maxpreps.io%2Fschool-mascot%2Fd%2F2%2F7%2Fd277dc49-01e5-4c9a-90d2-e7b05f2a2216.gif%3Fversion%3D635168658000000000%26amp%3Bwidth%3D128%26amp%3Bheight%3D128%26amp%3Bauto%3Dwebp%26amp%3Bformat%3Dpjpg"
41,"Louisville vs Weeping Water",Boys Volleyball,"Nebraska",9/29/2026,7:00pm,"The Louisville varsity volleyball team has an away non-conference match @  Weeping Water (NE) on Tuesday, September 29 @ 7p.","/ne/volleyball/match/louisville-vs-weeping-water/9-29-2026/?c=483a522d-312f-43eb-bd9f-615e047a0176","https://www.maxpreps.com/ne/volleyball/match/louisville-vs-weeping-water/9-29-2026/?c=483a522d-312f-43eb-bd9f-615e047a0176","/volleyball/ne/aca?9/29/2026","Lions","Indians","https://www.maxpreps.com/ne/louisville/boys-volleyball/","https://www.maxpreps.com/ne/weeping-water/boys-volleyball/","https://hsfootball.net/proxy.php?url=https%3A%2F%2Fimage.maxpreps.io%2Fschool-mascot%2Fd%2F4%2Fd%2Fd4d37771-8d39-4517-bbd9-cffb4d900ff1.gif%3Fversion%3D636075597600000000%26amp%3Bwidth%3D128%26amp%3Bheight%3D128%26amp%3Bauto%3Dwebp%26amp%3Bformat%3Dpjpg","https://hsfootball.net/proxy.php?url=https%3A%2F%2Fimage.maxpreps.io%2Fschool-mascot%2F4%2F6%2Fb%2F46bb2a97-3b3e-437f-8dc6-f30d19c77931.gif%3Fversion%3D636868830600000000%26amp%3Bwidth%3D128%26amp%3Bheight%3D128%26amp%3Bauto%3Dwebp%26amp%3Bformat%3Dpjpg"
42,"Ralston vs Schuyler",Boys Volleyball,"Nebraska",9/29/2026,7:00pm,"The Ralston varsity volleyball team has an away non-conference match @  Schuyler (NE) on Tuesday, September 29 @ 7p.","/ne/volleyball/match/ralston-vs-schuyler/9-29-2026/?c=6c395f89-6d91-4ef6-9ad6-96afdcc97de3","https://www.maxpreps.com/ne/volleyball/match/ralston-vs-schuyler/9-29-2026/?c=6c395f89-6d91-4ef6-9ad6-96afdcc97de3","/volleyball/ne/7b5?9/29/2026","Rams","Warriors","https://www.maxpreps.com/ne/ralston/boys-volleyball/","https://www.maxpreps.com/ne/schuyler/boys-volleyball/","https://hsfootball.net/proxy.php?url=https%3A%2F%2Fimage.maxpreps.io%2Fschool-mascot%2F6%2F0%2F7%2F6075046e-409d-4638-b3f6-485b97f0ffff.gif%3Fversion%3D636843518400000000%26amp%3Bwidth%3D128%26amp%3Bheight%3D128%26amp%3Bauto%3Dwebp%26amp%3Bformat%3Dpjpg","https://hsfootball.net/proxy.php?url=https%3A%2F%2Fimage.maxpreps.io%2Fschool-mascot%2Fa%2Ff%2F5%2Faf5842c3-0932-4211-a411-61434b06f754.gif%3Fversion%3D633673842000000000%26amp%3Bwidth%3D128%26amp%3Bheight%3D128%26amp%3Bauto%3Dwebp%26amp%3Bformat%3Dpjpg"
43,"Louisville vs Johnson County Central",Boys Volleyball,"Nebraska",9/29/2026,7:00pm,"The Louisville varsity volleyball team has an away non-conference match @  Johnson County Central (Tecumseh, NE) on Tuesday, September 29 @ 7p.","/ne/volleyball/match/johnson-county-central-tecumseh-vs-louisville/9-29-2026/?c=fe5178a0-e00f-43c9-bc57-7421ae9c9550","https://www.maxpreps.com/ne/volleyball/match/johnson-county-central-tecumseh-vs-louisville/9-29-2026/?c=fe5178a0-e00f-43c9-bc57-7421ae9c9550","/volleyball/ne/11fa?9/29/2026","Lions","Thunderbirds","https://www.maxpreps.com/ne/johnson-county-central-tecumseh/boys-volleyball/","https://www.maxpreps.com/ne/louisville/boys-volleyball/","https://hsfootball.net/proxy.php?url=https%3A%2F%2Fimage.maxpreps.io%2Fschool-mascot%2Fd%2F4%2Fd%2Fd4d37771-8d39-4517-bbd9-cffb4d900ff1.gif%3Fversion%3D636075597600000000%26amp%3Bwidth%3D128%26amp%3Bheight%3D128%26amp%3Bauto%3Dwebp%26amp%3Bformat%3Dpjpg","https://hsfootball.net/proxy.php?url=https%3A%2F%2Fimage.maxpreps.io%2Fschool-mascot%2F3%2F2%2F1%2F3210787d-f3b7-462d-96ad-b999ac6b9533.gif%3Fversion%3D638102466600000000%26amp%3Bwidth%3D128%26amp%3Bheight%3D128%26amp%3Bauto%3Dwebp%26amp%3Bformat%3Dpjpg"
44,"York vs Crete",Boys Volleyball,"Nebraska",9/29/2026,7:00pm,"The York varsity volleyball team has an away conference match @  Crete (NE) on Tuesday, September 29 @ 7p.","/ne/volleyball/match/crete-vs-york/9-29-2026/?c=b07cad32-4e93-4da6-86bf-42fc07503772","https://www.maxpreps.com/ne/volleyball/match/crete-vs-york/9-29-2026/?c=b07cad32-4e93-4da6-86bf-42fc07503772","/volleyball/ne/51b?9/29/2026","Dukes","Cardinals","https://www.maxpreps.com/ne/crete/boys-volleyball/","https://www.maxpreps.com/ne/york/boys-volleyball/","https://hsfootball.net/proxy.php?url=https%3A%2F%2Fimage.maxpreps.io%2Fschool-mascot%2F8%2F3%2Fe%2F83e5040c-497f-45ca-a6b1-44b4c690cccd.gif%3Fversion%3D637432821600000000%26amp%3Bwidth%3D128%26amp%3Bheight%3D128%26amp%3Bauto%3Dwebp%26amp%3Bformat%3Dpjpg","https://hsfootball.net/proxy.php?url=https%3A%2F%2Fimage.maxpreps.io%2Fschool-mascot%2F7%2F1%2F4%2F714e965a-4706-4365-b67a-29048f68eae9.gif%3Fversion%3D635944964400000000%26amp%3Bwidth%3D128%26amp%3Bheight%3D128%26amp%3Bauto%3Dwebp%26amp%3Bformat%3Dpjpg"
45,"Battle Creek vs Cedar Catholic",Boys Volleyball,"Nebraska",9/29/2026,7:00pm,"The Battle Creek varsity volleyball team has an away non-conference match @  Cedar Catholic (Hartington, NE) on Tuesday, September 29 @ 7p.","/ne/volleyball/match/battle-creek-vs-cedar-catholic-hartington/9-29-2026/?c=0c2b4d56-3a46-47e9-9df9-0fc8cccc8ad4","https://www.maxpreps.com/ne/volleyball/match/battle-creek-vs-cedar-catholic-hartington/9-29-2026/?c=0c2b4d56-3a46-47e9-9df9-0fc8cccc8ad4","/volleyball/ne/fd4?9/29/2026","Braves","Trojans","https://www.maxpreps.com/ne/battle-creek/boys-volleyball/","https://www.maxpreps.com/ne/cedar-catholic-hartington/boys-volleyball/","https://hsfootball.net/proxy.php?url=https%3A%2F%2Fimage.maxpreps.io%2Fschool-mascot%2Fd%2F5%2F1%2Fd5177594-bb51-46ac-a193-90d42a1dd95c.gif%3Fversion%3D635854191600000000%26amp%3Bwidth%3D128%26amp%3Bheight%3D128%26amp%3Bauto%3Dwebp%26amp%3Bformat%3Dpjpg","https://hsfootball.net/proxy.php?url=https%3A%2F%2Fimage.maxpreps.io%2Fschool-mascot%2Fd%2F5%2F1%2Fd5177594-bb51-46ac-a193-90d42a1dd95c.gif%3Fversion%3D635854191600000000%26amp%3Bwidth%3D32%26amp%3Bheight%3D32%26amp%3Bauto%3Dwebp%26amp%3Bformat%3Dpjpg"
46,"Kimball Ne vs Pine Bluffs Wy",Boys Volleyball,"Nebraska",9/29/2026,TBD,"The Pine Bluffs Wy varsity volleyball team has a game @ Kimball Ne (Nebraska).","/inter-state/volleyball/match/kimball-ne-vs-pine-bluffs-wy/9-29-2026/?c=528fd4c0-e47f-4fe1-8fc3-9dd287395c90","https://www.maxpreps.com/inter-state/volleyball/match/kimball-ne-vs-pine-bluffs-wy/9-29-2026/?c=528fd4c0-e47f-4fe1-8fc3-9dd287395c90","/volleyball/ne/a97?9/29/2026","Ne","Wy","https://www.maxpreps.com/ne/kimball-ne/boys-volleyball/","https://www.maxpreps.com/ne/pine-bluffs-wy/boys-volleyball/","",""
47,"Gibbon vs Kenesaw",Boys Volleyball,"Nebraska",9/29/2026,TBD,"The Kenesaw varsity volleyball team has a game @ Gibbon (Nebraska).","/ne/volleyball/match/gibbon-vs-kenesaw/9-29-2026/?c=7ac48172-5d68-4143-a501-8b408c752843","https://www.maxpreps.com/ne/volleyball/match/gibbon-vs-kenesaw/9-29-2026/?c=7ac48172-5d68-4143-a501-8b408c752843","/volleyball/ne/6a2?9/29/2026","Gibbon","Kenesaw","https://www.maxpreps.com/ne/gibbon/boys-volleyball/","https://www.maxpreps.com/ne/kenesaw/boys-volleyball/","",""
48,"High Plains Polk vs Mccool Junction",Boys Volleyball,"Nebraska",9/29/2026,TBD,"The Mccool Junction varsity volleyball team has a game @ High Plains Polk (Nebraska).","/ne/volleyball/match/high-plains-polk-vs-mccool-junction/9-29-2026/?c=7f041eb0-fd02-4e8e-9100-647c399df3bf","https://www.maxpreps.com/ne/volleyball/match/high-plains-polk-vs-mccool-junction/9-29-2026/?c=7f041eb0-fd02-4e8e-9100-647c399df3bf","/volleyball/ne/d8e?9/29/2026","Polk","Junction","https://www.maxpreps.com/ne/high-plains-polk/boys-volleyball/","https://www.maxpreps.com/ne/mccool-junction/boys-volleyball/","",""
49,"Lourdes Central Catholic Nebraska City vs Pawnee City",Boys Volleyball,"Nebraska",9/29/2026,TBD,"The Pawnee City varsity volleyball team has a game @ Lourdes Central Catholic Nebraska City (Nebraska).","/ne/volleyball/match/lourdes-central-catholic-nebraska-city-vs-pawnee-city/9-29-2026/?c=3c8d7416-2f0e-4e8e-886f-7821efab0705","https://www.maxpreps.com/ne/volleyball/match/lourdes-central-catholic-nebraska-city-vs-pawnee-city/9-29-2026/?c=3c8d7416-2f0e-4e8e-886f-7821efab0705","/volleyball/ne/148b?9/29/2026","City","City","https://www.maxpreps.com/ne/lourdes-central-catholic-nebraska-city/boys-volleyball/","https://www.maxpreps.com/ne/pawnee-city/boys-volleyball/","",""
50,"Bergan Catholic Fremont vs Clarkson",Boys Volleyball,"Nebraska",9/29/2026,TBD,"The Clarkson varsity volleyball team has a game @ Bergan Catholic Fremont (Nebraska).","/ne/volleyball/match/bergan-catholic-fremont-vs-clarkson/9-29-2026/?c=208af8d0-ff3c-491b-9ba4-a14834f61334","https://www.maxpreps.com/ne/volleyball/match/bergan-catholic-fremont-vs-clarkson/9-29-2026/?c=208af8d0-ff3c-491b-9ba4-a14834f61334","/volleyball/ne/dab?9/29/2026","Fremont","Clarkson","https://www.maxpreps.com/ne/bergan-catholic-fremont/boys-volleyball/","https://www.maxpreps.com/ne/clarkson/boys-volleyball/","",""
51,"Bishop Neumann Wahoo vs Guardian Angels Central Catholic West Point",Boys Volleyball,"Nebraska",9/29/2026,TBD,"The Guardian Angels Central Catholic West Point varsity volleyball team has a game @ Bishop Neumann Wahoo (Nebraska).","/ne/volleyball/match/bishop-neumann-wahoo-vs-guardian-angels-central-catholic-west-point/9-29-2026/?c=b5588a22-9b21-498a-aae6-0db8855499bd","https://www.maxpreps.com/ne/volleyball/match/bishop-neumann-wahoo-vs-guardian-angels-central-catholic-west-point/9-29-2026/?c=b5588a22-9b21-498a-aae6-0db8855499bd","/volleyball/ne/19f5?9/29/2026","Wahoo","Point","https://www.maxpreps.com/ne/bishop-neumann-wahoo/boys-volleyball/","https://www.maxpreps.com/ne/guardian-angels-central-catholic-west-point/boys-volleyball/","",""
52,"Maywood Hayes Center vs Wallace",Boys Volleyball,"Nebraska",9/29/2026,TBD,"The Wallace varsity volleyball team has a game @ Maywood Hayes Center (Nebraska).","/ne/volleyball/match/maywood-hayes-center-vs-wallace/9-29-2026/?c=026abf57-0508-4b7e-9ffd-124440e478b0","https://www.maxpreps.com/ne/volleyball/match/maywood-hayes-center-vs-wallace/9-29-2026/?c=026abf57-0508-4b7e-9ffd-124440e478b0","/volleyball/ne/c11?9/29/2026","Center","Wallace","https://www.maxpreps.com/ne/maywood-hayes-center/boys-volleyball/","https://www.maxpreps.com/ne/wallace/boys-volleyball/","",""
53,"Adams Central Hastings vs Northwest Grand Island",Boys Volleyball,"Nebraska",9/29/2026,TBD,"The Northwest Grand Island varsity volleyball team has a game @ Adams Central Hastings (Nebraska).","/ne/volleyball/match/adams-central-hastings-vs-northwest-grand-island/9-29-2026/?c=2646ad7a-ad03-4d35-9315-3766d3958a5d","https://www.maxpreps.com/ne/volleyball/match/adams-central-hastings-vs-northwest-grand-island/9-29-2026/?c=2646ad7a-ad03-4d35-9315-3766d3958a5d","/volleyball/ne/12bc?9/29/2026","Hastings","Island","https://www.maxpreps.com/ne/adams-central-hastings/boys-volleyball/","https://www.maxpreps.com/ne/northwest-grand-island/boys-volleyball/","",""
54,"Cambridge vs Cozad",Boys Volleyball,"Nebraska",9/29/2026,TBD,"The Cozad varsity volleyball team has a game @ Cambridge (Nebraska).","/ne/volleyball/match/cambridge-vs-cozad/9-29-2026/?c=5f9ddacb-166f-43a5-b77e-48e530da2b32","https://www.maxpreps.com/ne/volleyball/match/cambridge-vs-cozad/9-29-2026/?c=5f9ddacb-166f-43a5-b77e-48e530da2b32","/volleyball/ne/6f2?9/29/2026","Cambridge","Cozad","https://www.maxpreps.com/ne/cambridge/boys-volleyball/","https://www.maxpreps.com/ne/cozad/boys-volleyball/","",""
55,"Duchesne Omaha vs Gross Catholic Omaha",Boys Volleyball,"Nebraska",9/29/2026,TBD,"The Gross Catholic Omaha varsity volleyball team has a game @ Duchesne Omaha (Nebraska).","/ne/volleyball/match/duchesne-omaha-vs-gross-catholic-omaha/9-29-2026/?c=9195fbf2-f809-48e5-bec8-224c4e0329ad","https://www.maxpreps.com/ne/volleyball/match/duchesne-omaha-vs-gross-catholic-omaha/9-29-2026/?c=9195fbf2-f809-48e5-bec8-224c4e0329ad","/volleyball/ne/e9a?9/29/2026","Omaha","Omaha","https://www.maxpreps.com/ne/duchesne-omaha/boys-volleyball/","https://www.maxpreps.com/ne/gross-catholic-omaha/boys-volleyball/","",""
56,"Mercy Omaha vs Millard South Omaha",Boys Volleyball,"Nebraska",9/29/2026,TBD,"The Millard South Omaha varsity volleyball team has a game @ Mercy Omaha (Nebraska).","/ne/volleyball/match/mercy-omaha-vs-millard-south-omaha/9-29-2026/?c=ffaaa31b-e1a2-4d20-bdb2-fb556e99dd4c","https://www.maxpreps.com/ne/volleyball/match/mercy-omaha-vs-millard-south-omaha/9-29-2026/?c=ffaaa31b-e1a2-4d20-bdb2-fb556e99dd4c","/volleyball/ne/d0e?9/29/2026","Omaha","Omaha","https://www.maxpreps.com/ne/mercy-omaha/boys-volleyball/","https://www.maxpreps.com/ne/millard-south-omaha/boys-volleyball/","",""
57,"Mead vs Yutan",Boys Volleyball,"Nebraska",9/29/2026,TBD,"The Yutan varsity volleyball team has a game @ Mead (Nebraska).","/ne/volleyball/match/mead-vs-yutan/9-29-2026/?c=99071a70-a93b-42d3-99a8-3d801efb84dc","https://www.maxpreps.com/ne/volleyball/match/mead-vs-yutan/9-29-2026/?c=99071a70-a93b-42d3-99a8-3d801efb84dc","/volleyball/ne/50b?9/29/2026","Mead","Yutan","https://www.maxpreps.com/ne/mead/boys-volleyball/","https://www.maxpreps.com/ne/yutan/boys-volleyball/","",""
58,"Centennial Utica vs Milford",Boys Volleyball,"Nebraska",9/29/2026,TBD,"The Milford varsity volleyball team has a game @ Centennial Utica (Nebraska).","/ne/volleyball/match/centennial-utica-vs-milford/9-29-2026/?c=4fd080c7-a22e-424f-8fd5-8462ad27d8ed","https://www.maxpreps.com/ne/volleyball/match/centennial-utica-vs-milford/9-29-2026/?c=4fd080c7-a22e-424f-8fd5-8462ad27d8ed","/volleyball/ne/a94?9/29/2026","Utica","Milford","https://www.maxpreps.com/ne/centennial-utica/boys-volleyball/","https://www.maxpreps.com/ne/milford/boys-volleyball/","",""
59,"Elba vs Wilcox Hildreth",Boys Volleyball,"Nebraska",9/29/2026,TBD,"The Wilcox Hildreth varsity volleyball team has a game @ Elba (Nebraska).","/ne/volleyball/match/elba-vs-wilcox-hildreth/9-29-2026/?c=a798e91c-9729-45d3-a651-77563cafb36d","https://www.maxpreps.com/ne/volleyball/match/elba-vs-wilcox-hildreth/9-29-2026/?c=a798e91c-9729-45d3-a651-77563cafb36d","/volleyball/ne/8ee?9/29/2026","Elba","Hildreth","https://www.maxpreps.com/ne/elba/boys-volleyball/","https://www.maxpreps.com/ne/wilcox-hildreth/boys-volleyball/","",""
60,"Cedar Bluffs vs College View Academy Lincoln",Boys Volleyball,"Nebraska",9/29/2026,TBD,"The College View Academy Lincoln varsity volleyball team has a game @ Cedar Bluffs (Nebraska).","/ne/volleyball/match/cedar-bluffs-vs-college-view-academy-lincoln/9-29-2026/?c=faf627f2-4aa4-4959-abdd-a1e70bbfeb99","https://www.maxpreps.com/ne/volleyball/match/cedar-bluffs-vs-college-view-academy-lincoln/9-29-2026/?c=faf627f2-4aa4-4959-abdd-a1e70bbfeb99","/volleyball/ne/10d1?9/29/2026","Bluffs","Lincoln","https://www.maxpreps.com/ne/cedar-bluffs/boys-volleyball/","https://www.maxpreps.com/ne/college-view-academy-lincoln/boys-volleyball/","",""
61,"Elkhorn Elks vs Marian Omaha",Boys Volleyball,"Nebraska",9/29/2026,TBD,"The Marian Omaha varsity volleyball team has a game @ Elkhorn Elks (Nebraska).","/ne/volleyball/match/elkhorn-elks-vs-marian-omaha/9-29-2026/?c=44ac245c-faf9-4b70-9168-6bf9dd4eafd3","https://www.maxpreps.com/ne/volleyball/match/elkhorn-elks-vs-marian-omaha/9-29-2026/?c=44ac245c-faf9-4b70-9168-6bf9dd4eafd3","/volleyball/ne/abd?9/29/2026","Elks","Omaha","https://www.maxpreps.com/ne/elkhorn-elks/boys-volleyball/","https://www.maxpreps.com/ne/marian-omaha/boys-volleyball/","",""
62,"Overton vs Shelton",Boys Volleyball,"Nebraska",9/29/2026,TBD,"The Shelton varsity volleyball team has a game @ Overton (Nebraska).","/ne/volleyball/match/overton-vs-shelton/9-29-2026/?c=b7201ca0-55ff-4215-950f-9f19d20f1670","https://www.maxpreps.com/ne/volleyball/match/overton-vs-shelton/9-29-2026/?c=b7201ca0-55ff-4215-950f-9f19d20f1670","/volleyball/ne/74d?9/29/2026","Overton","Shelton","https://www.maxpreps.com/ne/overton/boys-volleyball/","https://www.maxpreps.com/ne/shelton/boys-volleyball/","",""
63,"Stanton vs Tekamah Herman",Boys Volleyball,"Nebraska",9/29/2026,TBD,"The Tekamah Herman varsity volleyball team has a game @ Stanton (Nebraska).","/ne/volleyball/match/stanton-vs-tekamah-herman/9-29-2026/?c=0a20eb97-1880-4e6e-b9d8-0ae5309e724d","https://www.maxpreps.com/ne/volleyball/match/stanton-vs-tekamah-herman/9-29-2026/?c=0a20eb97-1880-4e6e-b9d8-0ae5309e724d","/volleyball/ne/9cd?9/29/2026","Stanton","Herman","https://www.maxpreps.com/ne/stanton/boys-volleyball/","https://www.maxpreps.com/ne/tekamah-herman/boys-volleyball/","",""
64,"Lincoln Lutheran vs Pius X Lincoln",Boys Volleyball,"Nebraska",9/29/2026,TBD,"The Pius X Lincoln varsity volleyball team has a game @ Lincoln Lutheran (Nebraska).","/ne/volleyball/match/lincoln-lutheran-vs-pius-x-lincoln/9-29-2026/?c=72393d15-b33d-4740-9346-805623967ddb","https://www.maxpreps.com/ne/volleyball/match/lincoln-lutheran-vs-pius-x-lincoln/9-29-2026/?c=72393d15-b33d-4740-9346-805623967ddb","/volleyball/ne/d44?9/29/2026","Lutheran","Lincoln","https://www.maxpreps.com/ne/lincoln-lutheran/boys-volleyball/","https://www.maxpreps.com/ne/pius-x-lincoln/boys-volleyball/","",""
65,"Meridian Daykin vs Nebraska Lutheran Waco",Boys Volleyball,"Nebraska",9/29/2026,TBD,"The Nebraska Lutheran Waco varsity volleyball team has a game @ Meridian Daykin (Nebraska).","/ne/volleyball/match/meridian-daykin-vs-nebraska-lutheran-waco/9-29-2026/?c=df432462-ca2e-4ce0-946f-8ef468c99269","https://www.maxpreps.com/ne/volleyball/match/meridian-daykin-vs-nebraska-lutheran-waco/9-29-2026/?c=df432462-ca2e-4ce0-946f-8ef468c99269","/volleyball/ne/fe7?9/29/2026","Daykin","Waco","https://www.maxpreps.com/ne/meridian-daykin/boys-volleyball/","https://www.maxpreps.com/ne/nebraska-lutheran-waco/boys-volleyball/","",""
66,"Bloomfield vs Plainview",Boys Volleyball,"Nebraska",9/29/2026,TBD,"The Plainview varsity volleyball team has a game @ Bloomfield (Nebraska).","/ne/volleyball/match/bloomfield-vs-plainview/9-29-2026/?c=33f74f80-a3ee-417b-b132-5e3c80a091ef","https://www.maxpreps.com/ne/volleyball/match/bloomfield-vs-plainview/9-29-2026/?c=33f74f80-a3ee-417b-b132-5e3c80a091ef","/volleyball/ne/92f?9/29/2026","Bloomfield","Plainview","https://www.maxpreps.com/ne/bloomfield/boys-volleyball/","https://www.maxpreps.com/ne/plainview/boys-volleyball/","",""
67,"Kearney Catholic vs Minden",Boys Volleyball,"Nebraska",9/29/2026,TBD,"The Minden varsity volleyball team has a game @ Kearney Catholic (Nebraska).","/ne/volleyball/match/kearney-catholic-vs-minden/9-29-2026/?c=fcb89118-d108-4af4-8478-90a65ebf6b5f","https://www.maxpreps.com/ne/volleyball/match/kearney-catholic-vs-minden/9-29-2026/?c=fcb89118-d108-4af4-8478-90a65ebf6b5f","/volleyball/ne/a21?9/29/2026","Catholic","Minden","https://www.maxpreps.com/ne/kearney-catholic/boys-volleyball/","https://www.maxpreps.com/ne/minden/boys-volleyball/","",""
68,"Neligh Oakdale vs Plainview",Boys Volleyball,"Nebraska",9/29/2026,TBD,"The Plainview varsity volleyball team has a game @ Neligh Oakdale (Nebraska).","/ne/volleyball/match/neligh-oakdale-vs-plainview/9-29-2026/?c=5d4bcce7-bd49-412e-bbf9-d989a3837ac2","https://www.maxpreps.com/ne/volleyball/match/neligh-oakdale-vs-plainview/9-29-2026/?c=5d4bcce7-bd49-412e-bbf9-d989a3837ac2","/volleyball/ne/a87?9/29/2026","Oakdale","Plainview","https://www.maxpreps.com/ne/neligh-oakdale/boys-volleyball/","https://www.maxpreps.com/ne/plainview/boys-volleyball/","",""
69,"Amherst vs Southern Valley Oxford",Boys Volleyball,"Nebraska",9/29/2026,TBD,"The Southern Valley Oxford varsity volleyball team has a game @ Amherst (Nebraska).","/ne/volleyball/match/amherst-vs-southern-valley-oxford/9-29-2026/?c=4ed4b2a5-841e-4874-ae5b-f50fb82d0b97","https://www.maxpreps.com/ne/volleyball/match/amherst-vs-southern-valley-oxford/9-29-2026/?c=4ed4b2a5-841e-4874-ae5b-f50fb82d0b97","/volleyball/ne/d28?9/29/2026","Amherst","Oxford","https://www.maxpreps.com/ne/amherst/boys-volleyball/","https://www.maxpreps.com/ne/southern-valley-oxford/boys-volleyball/","",""
70,"Lincoln Christian vs Nebraska Christian Central City",Boys Volleyball,"Nebraska",9/29/2026,TBD,"The Nebraska Christian Central City varsity volleyball team has a game @ Lincoln Christian (Nebraska).","/ne/volleyball/match/lincoln-christian-vs-nebraska-christian-central-city/9-29-2026/?c=269dece3-11dc-4d9b-9885-2f3542965eb9","https://www.maxpreps.com/ne/volleyball/match/lincoln-christian-vs-nebraska-christian-central-city/9-29-2026/?c=269dece3-11dc-4d9b-9885-2f3542965eb9","/volleyball/ne/1459?9/29/2026","Christian","City","https://www.maxpreps.com/ne/lincoln-christian/boys-volleyball/","https://www.maxpreps.com/ne/nebraska-christian-central-city/boys-volleyball/","",""
71,"Bloomfield vs Neligh Oakdale",Boys Volleyball,"Nebraska",9/29/2026,TBD,"The Neligh Oakdale varsity volleyball team has a game @ Bloomfield (Nebraska).","/ne/volleyball/match/bloomfield-vs-neligh-oakdale/9-29-2026/?c=ea00456d-fbce-49c4-8d1b-593787daad14","https://www.maxpreps.com/ne/volleyball/match/bloomfield-vs-neligh-oakdale/9-29-2026/?c=ea00456d-fbce-49c4-8d1b-593787daad14","/volleyball/ne/ad5?9/29/2026","Bloomfield","Oakdale","https://www.maxpreps.com/ne/bloomfield/boys-volleyball/","https://www.maxpreps.com/ne/neligh-oakdale/boys-volleyball/","",""
72,"Malcolm vs Wahoo",Boys Volleyball,"Nebraska",9/29/2026,TBD,"The Wahoo varsity volleyball team has a game @ Malcolm (Nebraska).","/ne/volleyball/match/malcolm-vs-wahoo/9-29-2026/?c=fdb8da4c-59f1-4924-8865-1672a6062dcc","https://www.maxpreps.com/ne/volleyball/match/malcolm-vs-wahoo/9-29-2026/?c=fdb8da4c-59f1-4924-8865-1672a6062dcc","/volleyball/ne/646?9/29/2026","Malcolm","Wahoo","https://www.maxpreps.com/ne/malcolm/boys-volleyball/","https://www.maxpreps.com/ne/wahoo/boys-volleyball/","",""
73,"Diller Odell vs Johnson Brock",Boys Volleyball,"Nebraska",9/29/2026,TBD,"The Johnson Brock varsity volleyball team has a game @ Diller Odell (Nebraska).","/ne/volleyball/match/diller-odell-vs-johnson-brock/9-29-2026/?c=b706fa62-0b48-499b-8b09-e04120e46c2d","https://www.maxpreps.com/ne/volleyball/match/diller-odell-vs-johnson-brock/9-29-2026/?c=b706fa62-0b48-499b-8b09-e04120e46c2d","/volleyball/ne/b39?9/29/2026","Odell","Brock","https://www.maxpreps.com/ne/diller-odell/boys-volleyball/","https://www.maxpreps.com/ne/johnson-brock/boys-volleyball/","",""
74,"Freeman Adams vs Sacred Heart Falls City",Boys Volleyball,"Nebraska",9/29/2026,TBD,"The Sacred Heart Falls City varsity volleyball team has a game @ Freeman Adams (Nebraska).","/ne/volleyball/match/freeman-adams-vs-sacred-heart-falls-city/9-29-2026/?c=a02bfdb0-e79b-42c7-a58f-6167dee023e1","https://www.maxpreps.com/ne/volleyball/match/freeman-adams-vs-sacred-heart-falls-city/9-29-2026/?c=a02bfdb0-e79b-42c7-a58f-6167dee023e1","/volleyball/ne/f2c?9/29/2026","Adams","City","https://www.maxpreps.com/ne/freeman-adams/boys-volleyball/","https://www.maxpreps.com/ne/sacred-heart-falls-city/boys-volleyball/","",""
75,"Scottsbluff vs Sidney",Boys Volleyball,"Nebraska",9/29/2026,TBD,"The Sidney varsity volleyball team has a game @ Scottsbluff (Nebraska).","/ne/volleyball/match/scottsbluff-vs-sidney/9-29-2026/?c=18aa5e6d-6a52-41d3-bbd1-0710511826fb","https://www.maxpreps.com/ne/volleyball/match/scottsbluff-vs-sidney/9-29-2026/?c=18aa5e6d-6a52-41d3-bbd1-0710511826fb","/volleyball/ne/87e?9/29/2026","Scottsbluff","Sidney","https://www.maxpreps.com/ne/scottsbluff/boys-volleyball/","https://www.maxpreps.com/ne/sidney/boys-volleyball/","",""
76,"Deshler vs Grand Island Lutheran",Boys Volleyball,"Nebraska",9/29/2026,TBD,"The Grand Island Lutheran varsity volleyball team has a game @ Deshler (Nebraska).","/ne/volleyball/match/deshler-vs-grand-island-lutheran/9-29-2026/?c=2d381699-e8aa-4248-81a0-86cf5ab4b25f","https://www.maxpreps.com/ne/volleyball/match/deshler-vs-grand-island-lutheran/9-29-2026/?c=2d381699-e8aa-4248-81a0-86cf5ab4b25f","/volleyball/ne/c6e?9/29/2026","Deshler","Lutheran","https://www.maxpreps.com/ne/deshler/boys-volleyball/","https://www.maxpreps.com/ne/grand-island-lutheran/boys-volleyball/","",""
77,"Giltner vs Shelton",Boys Volleyball,"Nebraska",9/29/2026,TBD,"The Shelton varsity volleyball team has a game @ Giltner (Nebraska).","/ne/volleyball/match/giltner-vs-shelton/9-29-2026/?c=7a890700-88f9-476b-b033-b85c08e8b06e","https://www.maxpreps.com/ne/volleyball/match/giltner-vs-shelton/9-29-2026/?c=7a890700-88f9-476b-b033-b85c08e8b06e","/volleyball/ne/735?9/29/2026","Giltner","Shelton","https://www.maxpreps.com/ne/giltner/boys-volleyball/","https://www.maxpreps.com/ne/shelton/boys-volleyball/","",""
78,"Omaha Central vs Westview Omaha",Boys Volleyball,"Nebraska",9/29/2026,TBD,"The Westview Omaha varsity volleyball team has a game @ Omaha Central (Nebraska).","/ne/volleyball/match/omaha-central-vs-westview-omaha/9-29-2026/?c=0cea5d35-d7a7-4654-8e1c-0acefd852156","https://www.maxpreps.com/ne/volleyball/match/omaha-central-vs-westview-omaha/9-29-2026/?c=0cea5d35-d7a7-4654-8e1c-0acefd852156","/volleyball/ne/c10?9/29/2026","Central","Omaha","https://www.maxpreps.com/ne/omaha-central/boys-volleyball/","https://www.maxpreps.com/ne/westview-omaha/boys-volleyball/","",""
79,"Ansley Litchfield vs South Loup Arnold",Boys Volleyball,"Nebraska",9/29/2026,TBD,"The South Loup Arnold varsity volleyball team has a game @ Ansley Litchfield (Nebraska).","/ne/volleyball/match/ansley-litchfield-vs-south-loup-arnold/9-29-2026/?c=657933c6-e2f3-4383-bb9c-eb8e57728087","https://www.maxpreps.com/ne/volleyball/match/ansley-litchfield-vs-south-loup-arnold/9-29-2026/?c=657933c6-e2f3-4383-bb9c-eb8e57728087","/volleyball/ne/ee1?9/29/2026","Litchfield","Arnold","https://www.maxpreps.com/ne/ansley-litchfield/boys-volleyball/","https://www.maxpreps.com/ne/south-loup-arnold/boys-volleyball/","",""
80,"Elkhorn Valley Tilden vs West Holt Atkinson",Boys Volleyball,"Nebraska",9/29/2026,TBD,"The West Holt Atkinson varsity volleyball team has a game @ Elkhorn Valley Tilden (Nebraska).","/ne/volleyball/match/elkhorn-valley-tilden-vs-west-holt-atkinson/9-29-2026/?c=bc1fa091-b7cd-4a6d-a0df-11f78c32a847","https://www.maxpreps.com/ne/volleyball/match/elkhorn-valley-tilden-vs-west-holt-atkinson/9-29-2026/?c=bc1fa091-b7cd-4a6d-a0df-11f78c32a847","/volleyball/ne/10d8?9/29/2026","Tilden","Atkinson","https://www.maxpreps.com/ne/elkhorn-valley-tilden/boys-volleyball/","https://www.maxpreps.com/ne/west-holt-atkinson/boys-volleyball/","",""
81,"Humphrey Lindsay vs Pender",Boys Volleyball,"Nebraska",9/29/2026,TBD,"The Pender varsity volleyball team has a game @ Humphrey Lindsay (Nebraska).","/ne/volleyball/match/humphrey-lindsay-vs-pender/9-29-2026/?c=7dd8b2a7-1450-4a84-a93b-1c4dc936e5ac","https://www.maxpreps.com/ne/volleyball/match/humphrey-lindsay-vs-pender/9-29-2026/?c=7dd8b2a7-1450-4a84-a93b-1c4dc936e5ac","/volleyball/ne/a54?9/29/2026","Lindsay","Pender","https://www.maxpreps.com/ne/humphrey-lindsay/boys-volleyball/","https://www.maxpreps.com/ne/pender/boys-volleyball/","",""
82,"Bayard vs Potter Dix",Boys Volleyball,"Nebraska",9/29/2026,TBD,"The Potter Dix varsity volleyball team has a game @ Bayard (Nebraska).","/ne/volleyball/match/bayard-vs-potter-dix/9-29-2026/?c=2acc32d2-9d4a-441c-82b4-a63e79dc7240","https://www.maxpreps.com/ne/volleyball/match/bayard-vs-potter-dix/9-29-2026/?c=2acc32d2-9d4a-441c-82b4-a63e79dc7240","/volleyball/ne/7c6?9/29/2026","Bayard","Dix","https://www.maxpreps.com/ne/bayard/boys-volleyball/","https://www.maxpreps.com/ne/potter-dix/boys-volleyball/","",""
83,"Garden County Oshkosh vs Sutherland",Boys Volleyball,"Nebraska",9/29/2026,TBD,"The Sutherland varsity volleyball team has a game @ Garden County Oshkosh (Nebraska).","/ne/volleyball/match/garden-county-oshkosh-vs-sutherland/9-29-2026/?c=997b8f6b-cb54-47a0-8820-4f05f795446c","https://www.maxpreps.com/ne/volleyball/match/garden-county-oshkosh-vs-sutherland/9-29-2026/?c=997b8f6b-cb54-47a0-8820-4f05f795446c","/volleyball/ne/de9?9/29/2026","Oshkosh","Sutherland","https://www.maxpreps.com/ne/garden-county-oshkosh/boys-volleyball/","https://www.maxpreps.com/ne/sutherland/boys-volleyball/","",""
84,"North Central Bassett vs Valentine",Boys Volleyball,"Nebraska",9/29/2026,TBD,"The Valentine varsity volleyball team has a game @ North Central Bassett (Nebraska).","/ne/volleyball/match/north-central-bassett-vs-valentine/9-29-2026/?c=f2227b15-7cf5-4682-bae3-585dd9b5b4cd","https://www.maxpreps.com/ne/volleyball/match/north-central-bassett-vs-valentine/9-29-2026/?c=f2227b15-7cf5-4682-bae3-585dd9b5b4cd","/volleyball/ne/d6d?9/29/2026","Bassett","Valentine","https://www.maxpreps.com/ne/north-central-bassett/boys-volleyball/","https://www.maxpreps.com/ne/valentine/boys-volleyball/","",""
85,"Archangels Catholic Humphrey vs Leigh",Boys Volleyball,"Nebraska",9/29/2026,TBD,"The Leigh varsity volleyball team has a game @ Archangels Catholic Humphrey (Nebraska).","/ne/volleyball/match/archangels-catholic-humphrey-vs-leigh/9-29-2026/?c=9cd1d66e-a945-45c7-b262-45ea7d49ec23","https://www.maxpreps.com/ne/volleyball/match/archangels-catholic-humphrey-vs-leigh/9-29-2026/?c=9cd1d66e-a945-45c7-b262-45ea7d49ec23","/volleyball/ne/e77?9/29/2026","Humphrey","Leigh","https://www.maxpreps.com/ne/archangels-catholic-humphrey/boys-volleyball/","https://www.maxpreps.com/ne/leigh/boys-volleyball/","",""
86,"Omaha North vs Omaha South",Boys Volleyball,"Nebraska",9/29/2026,TBD,"The Omaha South varsity volleyball team has a game @ Omaha North (Nebraska).","/ne/volleyball/match/omaha-north-vs-omaha-south/9-29-2026/?c=0329e24d-a868-41da-8aa7-4978bcbabe26","https://www.maxpreps.com/ne/volleyball/match/omaha-north-vs-omaha-south/9-29-2026/?c=0329e24d-a868-41da-8aa7-4978bcbabe26","/volleyball/ne/a07?9/29/2026","North","South","https://www.maxpreps.com/ne/omaha-north/boys-volleyball/","https://www.maxpreps.com/ne/omaha-south/boys-volleyball/","",""
87,"Howells Dodge Bobcats vs Madison",Boys Volleyball,"Nebraska",9/29/2026,TBD,"The Madison varsity volleyball team has a game @ Howells Dodge Bobcats (Nebraska).","/ne/volleyball/match/howells-dodge-bobcats-vs-madison/9-29-2026/?c=613bfd9c-19df-4156-9d89-b88e64164b6d","https://www.maxpreps.com/ne/volleyball/match/howells-dodge-bobcats-vs-madison/9-29-2026/?c=613bfd9c-19df-4156-9d89-b88e64164b6d","/volleyball/ne/c67?9/29/2026","Bobcats","Madison","https://www.maxpreps.com/ne/howells-dodge-bobcats/boys-volleyball/","https://www.maxpreps.com/ne/madison/boys-volleyball/","",""
88,"Columbus vs Lincoln Northwest",Boys Volleyball,"Nebraska",9/29/2026,TBD,"The Lincoln Northwest varsity volleyball team has a game @ Columbus (Nebraska).","/ne/volleyball/match/columbus-vs-lincoln-northwest/9-29-2026/?c=def47293-24f5-425e-be28-3410cae8021b","https://www.maxpreps.com/ne/volleyball/match/columbus-vs-lincoln-northwest/9-29-2026/?c=def47293-24f5-425e-be28-3410cae8021b","/volleyball/ne/bb7?9/29/2026","Columbus","Northwest","https://www.maxpreps.com/ne/columbus/boys-volleyball/","https://www.maxpreps.com/ne/lincoln-northwest/boys-volleyball/","",""
89,"Franklin vs Red Cloud",Boys Volleyball,"Nebraska",9/29/2026,TBD,"The Red Cloud varsity volleyball team has a game @ Franklin (Nebraska).","/ne/volleyball/match/franklin-vs-red-cloud/9-29-2026/?c=5fb56da3-9fd8-4fed-b035-779b64f1a33f","https://www.maxpreps.com/ne/volleyball/match/franklin-vs-red-cloud/9-29-2026/?c=5fb56da3-9fd8-4fed-b035-779b64f1a33f","/volleyball/ne/817?9/29/2026","Franklin","Cloud","https://www.maxpreps.com/ne/franklin/boys-volleyball/","https://www.maxpreps.com/ne/red-cloud/boys-volleyball/","",""
90,"Norfolk Catholic vs Ponca",Boys Volleyball,"Nebraska",9/29/2026,TBD,"The Ponca varsity volleyball team has a game @ Norfolk Catholic (Nebraska).","/ne/volleyball/match/norfolk-catholic-vs-ponca/9-29-2026/?c=2e82e2fa-ef5e-4c51-ae9e-08371ccf18a6","https://www.maxpreps.com/ne/volleyball/match/norfolk-catholic-vs-ponca/9-29-2026/?c=2e82e2fa-ef5e-4c51-ae9e-08371ccf18a6","/volleyball/ne/9c3?9/29/2026","Catholic","Ponca","https://www.maxpreps.com/ne/norfolk-catholic/boys-volleyball/","https://www.maxpreps.com/ne/ponca/boys-volleyball/","",""
91,"Alma vs Red Cloud",Boys Volleyball,"Nebraska",9/29/2026,TBD,"The Red Cloud varsity volleyball team has a game @ Alma (Nebraska).","/ne/volleyball/match/alma-vs-red-cloud/9-29-2026/?c=e0d3e51f-c79e-41b8-a156-ec9083ceab03","https://www.maxpreps.com/ne/volleyball/match/alma-vs-red-cloud/9-29-2026/?c=e0d3e51f-c79e-41b8-a156-ec9083ceab03","/volleyball/ne/65d?9/29/2026","Alma","Cloud","https://www.maxpreps.com/ne/alma/boys-volleyball/","https://www.maxpreps.com/ne/red-cloud/boys-volleyball/","",""
92,"Millard West Omaha vs Omaha Westside",Boys Volleyball,"Nebraska",9/29/2026,TBD,"The Omaha Westside varsity volleyball team has a game @ Millard West Omaha (Nebraska).","/ne/volleyball/match/millard-west-omaha-vs-omaha-westside/9-29-2026/?c=2fb74565-dce3-42d4-896e-5b5a1137697c","https://www.maxpreps.com/ne/volleyball/match/millard-west-omaha-vs-omaha-westside/9-29-2026/?c=2fb74565-dce3-42d4-896e-5b5a1137697c","/volleyball/ne/de6?9/29/2026","Omaha","Westside","https://www.maxpreps.com/ne/millard-west-omaha/boys-volleyball/","https://www.maxpreps.com/ne/omaha-westside/boys-volleyball/","",""
93,"Brownell Talbot Omaha vs Roncalli Catholic Lions Omaha",Boys Volleyball,"Nebraska",9/29/2026,TBD,"The Roncalli Catholic Lions Omaha varsity volleyball team has a game @ Brownell Talbot Omaha (Nebraska).","/ne/volleyball/match/brownell-talbot-omaha-vs-roncalli-catholic-lions-omaha/9-29-2026/?c=f20fdfb9-00cd-4fe0-aeca-6d470db3aa3e","https://www.maxpreps.com/ne/volleyball/match/brownell-talbot-omaha-vs-roncalli-catholic-lions-omaha/9-29-2026/?c=f20fdfb9-00cd-4fe0-aeca-6d470db3aa3e","/volleyball/ne/14db?9/29/2026","Omaha","Omaha","https://www.maxpreps.com/ne/brownell-talbot-omaha/boys-volleyball/","https://www.maxpreps.com/ne/roncalli-catholic-lions-omaha/boys-volleyball/","",""
94,"Cody Kilgore Cowboys Cowgirls vs Valentine",Boys Volleyball,"Nebraska",9/29/2026,TBD,"The Valentine varsity volleyball team has a game @ Cody Kilgore Cowboys Cowgirls (Nebraska).","/ne/volleyball/match/cody-kilgore-cowboys-cowgirls-vs-valentine/9-29-2026/?c=3ab9854f-baa6-4726-b8ca-2817bc86e763","https://www.maxpreps.com/ne/volleyball/match/cody-kilgore-cowboys-cowgirls-vs-valentine/9-29-2026/?c=3ab9854f-baa6-4726-b8ca-2817bc86e763","/volleyball/ne/109c?9/29/2026","Cowgirls","Valentine","https://www.maxpreps.com/ne/cody-kilgore-cowboys-cowgirls/boys-volleyball/","https://www.maxpreps.com/ne/valentine/boys-volleyball/","",""
95,"Aurora vs Grand Island Central Catholic",Boys Volleyball,"Nebraska",9/29/2026,TBD,"The Grand Island Central Catholic varsity volleyball team has a game @ Aurora (Nebraska).","/ne/volleyball/match/aurora-vs-grand-island-central-catholic/9-29-2026/?c=de0593fb-b896-4d86-8e97-7d2d4f183408","https://www.maxpreps.com/ne/volleyball/match/aurora-vs-grand-island-central-catholic/9-29-2026/?c=de0593fb-b896-4d86-8e97-7d2d4f183408","/volleyball/ne/f0b?9/29/2026","Aurora","Catholic","https://www.maxpreps.com/ne/aurora/boys-volleyball/","https://www.maxpreps.com/ne/grand-island-central-catholic/boys-volleyball/","",""
96,"Laurel Concord Coleridge vs Pierce",Boys Volleyball,"Nebraska",9/29/2026,TBD,"The Pierce varsity volleyball team has a game @ Laurel Concord Coleridge (Nebraska).","/ne/volleyball/match/laurel-concord-coleridge-vs-pierce/9-29-2026/?c=5d5f2137-4239-488b-9894-0852c05ad8ed","https://www.maxpreps.com/ne/volleyball/match/laurel-concord-coleridge-vs-pierce/9-29-2026/?c=5d5f2137-4239-488b-9894-0852c05ad8ed","/volleyball/ne/d30?9/29/2026","Coleridge","Pierce","https://www.maxpreps.com/ne/laurel-concord-coleridge/boys-volleyball/","https://www.maxpreps.com/ne/pierce/boys-volleyball/","",""
97,"Alliance vs Oneill",Boys Volleyball,"Nebraska",9/29/2026,TBD,"The Oneill varsity volleyball team has a game @ Alliance (Nebraska).","/ne/volleyball/match/alliance-vs-oneill/9-29-2026/?c=70b09162-2637-4339-aece-48160b3fb1fc","https://www.maxpreps.com/ne/volleyball/match/alliance-vs-oneill/9-29-2026/?c=70b09162-2637-4339-aece-48160b3fb1fc","/volleyball/ne/6ff?9/29/2026","Alliance","Oneill","https://www.maxpreps.com/ne/alliance/boys-volleyball/","https://www.maxpreps.com/ne/oneill/boys-volleyball/","",""
98,"Cozad vs Mccook",Boys Volleyball,"Nebraska",9/29/2026,TBD,"The Mccook varsity volleyball team has a game @ Cozad (Nebraska).","/ne/volleyball/match/cozad-vs-mccook/9-29-2026/?c=aedb4e4c-3d97-4ef1-9c2d-a7dbb862361e","https://www.maxpreps.com/ne/volleyball/match/cozad-vs-mccook/9-29-2026/?c=aedb4e4c-3d97-4ef1-9c2d-a7dbb862361e","/volleyball/ne/5d0?9/29/2026","Cozad","Mccook","https://www.maxpreps.com/ne/cozad/boys-volleyball/","https://www.maxpreps.com/ne/mccook/boys-volleyball/","",""
99,"Elmwood Murdock vs Palmyra",Boys Volleyball,"Nebraska",9/29/2026,TBD,"The Palmyra varsity volleyball team has a game @ Elmwood Murdock (Nebraska).","/ne/volleyball/match/elmwood-murdock-vs-palmyra/9-29-2026/?c=6c1bea6f-1f87-4eec-bbc0-8fd9759d3a3d","https://www.maxpreps.com/ne/volleyball/match/elmwood-murdock-vs-palmyra/9-29-2026/?c=6c1bea6f-1f87-4eec-bbc0-8fd9759d3a3d","/volleyball/ne/a52?9/29/2026","Murdock","Palmyra","https://www.maxpreps.com/ne/elmwood-murdock/boys-volleyball/","https://www.maxpreps.com/ne/palmyra/boys-volleyball/","",""
100,"Gering vs Ogallala",Boys Volleyball,"Nebraska",9/29/2026,TBD,"The Ogallala varsity volleyball team has a game @ Gering (Nebraska).","/ne/volleyball/match/gering-vs-ogallala/9-29-2026/?c=7f16fad2-af19-4abf-acb7-77cf83f3f69a","https://www.maxpreps.com/ne/volleyball/match/gering-vs-ogallala/9-29-2026/?c=7f16fad2-af19-4abf-acb7-77cf83f3f69a","/volleyball/ne/6fc?9/29/2026","Gering","Ogallala","https://www.maxpreps.com/ne/gering/boys-volleyball/","https://www.maxpreps.com/ne/ogallala/boys-volleyball/","",""
101,"Arthur County vs Sandhills Thedford Dunning",Boys Volleyball,"Nebraska",9/29/2026,TBD,"The Sandhills Thedford Dunning varsity volleyball team has a game @ Arthur County (Nebraska).","/ne/volleyball/match/arthur-county-vs-sandhills-thedford-dunning/9-29-2026/?c=5fd3809a-5fb4-4852-b93f-b111c2b0a4e3","https://www.maxpreps.com/ne/volleyball/match/arthur-county-vs-sandhills-thedford-dunning/9-29-2026/?c=5fd3809a-5fb4-4852-b93f-b111c2b0a4e3","/volleyball/ne/1107?9/29/2026","County","Dunning","https://www.maxpreps.com/ne/arthur-county/boys-volleyball/","https://www.maxpreps.com/ne/sandhills-thedford-dunning/boys-volleyball/","",""
102,"Tri County Northeast Emerson vs Wynot",Boys Volleyball,"Nebraska",9/29/2026,TBD,"The Wynot varsity volleyball team has a game @ Tri County Northeast Emerson (Nebraska).","/ne/volleyball/match/tri-county-northeast-emerson-vs-wynot/9-29-2026/?c=2958b0a8-40fb-4699-af84-63e362505ea6","https://www.maxpreps.com/ne/volleyball/match/tri-county-northeast-emerson-vs-wynot/9-29-2026/?c=2958b0a8-40fb-4699-af84-63e362505ea6","/volleyball/ne/ecd?9/29/2026","Emerson","Wynot","https://www.maxpreps.com/ne/tri-county-northeast-emerson/boys-volleyball/","https://www.maxpreps.com/ne/wynot/boys-volleyball/","",""
103,"Chase County Imperial vs Gothenburg",Boys Volleyball,"Nebraska",9/29/2026,TBD,"The Gothenburg varsity volleyball team has a game @ Chase County Imperial (Nebraska).","/ne/volleyball/match/chase-county-imperial-vs-gothenburg/9-29-2026/?c=e3a422ba-e5ba-4077-afd3-c3fa84048da8","https://www.maxpreps.com/ne/volleyball/match/chase-county-imperial-vs-gothenburg/9-29-2026/?c=e3a422ba-e5ba-4077-afd3-c3fa84048da8","/volleyball/ne/dcb?9/29/2026","Imperial","Gothenburg","https://www.maxpreps.com/ne/chase-county-imperial/boys-volleyball/","https://www.maxpreps.com/ne/gothenburg/boys-volleyball/","",""
104,"Crofton vs Norfolk Catholic",Boys Volleyball,"Nebraska",9/29/2026,TBD,"The Norfolk Catholic varsity volleyball team has a game @ Crofton (Nebraska).","/ne/volleyball/match/crofton-vs-norfolk-catholic/9-29-2026/?c=3a97b6ea-728e-4159-bb26-818768cda226","https://www.maxpreps.com/ne/volleyball/match/crofton-vs-norfolk-catholic/9-29-2026/?c=3a97b6ea-728e-4159-bb26-818768cda226","/volleyball/ne/aad?9/29/2026","Crofton","Catholic","https://www.maxpreps.com/ne/crofton/boys-volleyball/","https://www.maxpreps.com/ne/norfolk-catholic/boys-volleyball/","",""
105,"Exeter Milligan Friend vs Osceola",Boys Volleyball,"Nebraska",9/29/2026,TBD,"The Osceola varsity volleyball team has a game @ Exeter Milligan Friend (Nebraska).","/ne/volleyball/match/exeter-milligan-friend-vs-osceola/9-29-2026/?c=0f6427a8-2b2a-499d-8a54-d390e879721e","https://www.maxpreps.com/ne/volleyball/match/exeter-milligan-friend-vs-osceola/9-29-2026/?c=0f6427a8-2b2a-499d-8a54-d390e879721e","/volleyball/ne/cd5?9/29/2026","Friend","Osceola","https://www.maxpreps.com/ne/exeter-milligan-friend/boys-volleyball/","https://www.maxpreps.com/ne/osceola/boys-volleyball/","",""
106,"Lyons Decatur Northeast vs Wisner Pilger",Boys Volleyball,"Nebraska",9/29/2026,TBD,"The Wisner Pilger varsity volleyball team has a game @ Lyons Decatur Northeast (Nebraska).","/ne/volleyball/match/lyons-decatur-northeast-vs-wisner-pilger/9-29-2026/?c=926f1290-a7f4-4d48-b5b3-5b21d67623eb","https://www.maxpreps.com/ne/volleyball/match/lyons-decatur-northeast-vs-wisner-pilger/9-29-2026/?c=926f1290-a7f4-4d48-b5b3-5b21d67623eb","/volleyball/ne/fda?9/29/2026","Northeast","Pilger","https://www.maxpreps.com/ne/lyons-decatur-northeast/boys-volleyball/","https://www.maxpreps.com/ne/wisner-pilger/boys-volleyball/","",""
107,"Johnson County Central Tecumseh vs Weeping Water",Boys Volleyball,"Nebraska",9/29/2026,TBD,"The Weeping Water varsity volleyball team has a game @ Johnson County Central Tecumseh (Nebraska).","/ne/volleyball/match/johnson-county-central-tecumseh-vs-weeping-water/9-29-2026/?c=50a7e088-d551-4c99-bd5e-eaa3279f05d4","https://www.maxpreps.com/ne/volleyball/match/johnson-county-central-tecumseh-vs-weeping-water/9-29-2026/?c=50a7e088-d551-4c99-bd5e-eaa3279f05d4","/volleyball/ne/12f1?9/29/2026","Tecumseh","Water","https://www.maxpreps.com/ne/johnson-county-central-tecumseh/boys-volleyball/","https://www.maxpreps.com/ne/weeping-water/boys-volleyball/","",""
108,"Crofton vs Ponca",Boys Volleyball,"Nebraska",9/29/2026,TBD,"The Ponca varsity volleyball team has a game @ Crofton (Nebraska).","/ne/volleyball/match/crofton-vs-ponca/9-29-2026/?c=419980be-7ca7-4143-8ea6-abcda2e9e303","https://www.maxpreps.com/ne/volleyball/match/crofton-vs-ponca/9-29-2026/?c=419980be-7ca7-4143-8ea6-abcda2e9e303","/volleyball/ne/64f?9/29/2026","Crofton","Ponca","https://www.maxpreps.com/ne/crofton/boys-volleyball/","https://www.maxpreps.com/ne/ponca/boys-volleyball/","",""
109,"Central City vs St Paul",Boys Volleyball,"Nebraska",9/29/2026,TBD,"The St Paul varsity volleyball team has a game @ Central City (Nebraska).","/ne/volleyball/match/central-city-vs-st-paul/9-29-2026/?c=32bdd174-f329-4735-b92c-acd21b5969cf","https://www.maxpreps.com/ne/volleyball/match/central-city-vs-st-paul/9-29-2026/?c=32bdd174-f329-4735-b92c-acd21b5969cf","/volleyball/ne/8d8?9/29/2026","City","Paul","https://www.maxpreps.com/ne/central-city/boys-volleyball/","https://www.maxpreps.com/ne/st-paul/boys-volleyball/","",""
110,"Lakeview Columbus vs Scotus Columbus",Boys Volleyball,"Nebraska",9/29/2026,TBD,"The Scotus Columbus varsity volleyball team has a game @ Lakeview Columbus (Nebraska).","/ne/volleyball/match/lakeview-columbus-vs-scotus-columbus/9-29-2026/?c=5028a55c-af7b-4881-93ab-0a5ecc6bb608","https://www.maxpreps.com/ne/volleyball/match/lakeview-columbus-vs-scotus-columbus/9-29-2026/?c=5028a55c-af7b-4881-93ab-0a5ecc6bb608","/volleyball/ne/e6a?9/29/2026","Columbus","Columbus","https://www.maxpreps.com/ne/lakeview-columbus/boys-volleyball/","https://www.maxpreps.com/ne/scotus-columbus/boys-volleyball/","",""
111,"Mullen vs St Patricks North Platte",Boys Volleyball,"Nebraska",9/29/2026,TBD,"The St Patricks North Platte varsity volleyball team has a game @ Mullen (Nebraska).","/ne/volleyball/match/mullen-vs-st-patricks-north-platte/9-29-2026/?c=9573cd52-f042-4c15-b2a3-2009be2bf063","https://www.maxpreps.com/ne/volleyball/match/mullen-vs-st-patricks-north-platte/9-29-2026/?c=9573cd52-f042-4c15-b2a3-2009be2bf063","/volleyball/ne/d54?9/29/2026","Mullen","Platte","https://www.maxpreps.com/ne/mullen/boys-volleyball/","https://www.maxpreps.com/ne/st-patricks-north-platte/boys-volleyball/","",""
112,"Elba vs Silver Lake Roseland",Boys Volleyball,"Nebraska",9/29/2026,TBD,"The Silver Lake Roseland varsity volleyball team has a game @ Elba (Nebraska).","/ne/volleyball/match/elba-vs-silver-lake-roseland/9-29-2026/?c=6ea23724-a8c5-4e37-945e-ee7ab6ff2bbe","https://www.maxpreps.com/ne/volleyball/match/elba-vs-silver-lake-roseland/9-29-2026/?c=6ea23724-a8c5-4e37-945e-ee7ab6ff2bbe","/volleyball/ne/abb?9/29/2026","Elba","Roseland","https://www.maxpreps.com/ne/elba/boys-volleyball/","https://www.maxpreps.com/ne/silver-lake-roseland/boys-volleyball/","",""
113,"Wayne vs West Point Beemer",Boys Volleyball,"Nebraska",9/29/2026,TBD,"The West Point Beemer varsity volleyball team has a game @ Wayne (Nebraska).","/ne/volleyball/match/wayne-vs-west-point-beemer/9-29-2026/?c=68be2abf-b938-4a3c-b970-7498cf2d2cc5","https://www.maxpreps.com/ne/volleyball/match/wayne-vs-west-point-beemer/9-29-2026/?c=68be2abf-b938-4a3c-b970-7498cf2d2cc5","/volleyball/ne/a1e?9/29/2026","Wayne","Beemer","https://www.maxpreps.com/ne/wayne/boys-volleyball/","https://www.maxpreps.com/ne/west-point-beemer/boys-volleyball/","",""
114,"Elm Creek vs Lawrence Nelson",Boys Volleyball,"Nebraska",9/29/2026,TBD,"The Lawrence Nelson varsity volleyball team has a game @ Elm Creek (Nebraska).","/ne/volleyball/match/elm-creek-vs-lawrence-nelson/9-29-2026/?c=2dc56997-5a23-455a-8202-e2ea7f79e2d4","https://www.maxpreps.com/ne/volleyball/match/elm-creek-vs-lawrence-nelson/9-29-2026/?c=2dc56997-5a23-455a-8202-e2ea7f79e2d4","/volleyball/ne/ac5?9/29/2026","Creek","Nelson","https://www.maxpreps.com/ne/elm-creek/boys-volleyball/","https://www.maxpreps.com/ne/lawrence-nelson/boys-volleyball/","",""
115,"Boone Central Albion vs Ord",Boys Volleyball,"Nebraska",9/29/2026,TBD,"The Ord varsity volleyball team has a game @ Boone Central Albion (Nebraska).","/ne/volleyball/match/boone-central-albion-vs-ord/9-29-2026/?c=614879f7-c741-4297-a1c3-751f519cdc33","https://www.maxpreps.com/ne/volleyball/match/boone-central-albion-vs-ord/9-29-2026/?c=614879f7-c741-4297-a1c3-751f519cdc33","/volleyball/ne/a53?9/29/2026","Albion","Ord","https://www.maxpreps.com/ne/boone-central-albion/boys-volleyball/","https://www.maxpreps.com/ne/ord/boys-volleyball/","",""
116,"Omaha Nation Macy vs Walthill Blujays",Boys Volleyball,"Nebraska",9/29/2026,TBD,"The Walthill Blujays varsity volleyball team has a game @ Omaha Nation Macy (Nebraska).","/ne/volleyball/match/omaha-nation-macy-vs-walthill-blujays/9-29-2026/?c=2cb4f6d7-c530-483c-bd24-3225ee2490c9","https://www.maxpreps.com/ne/volleyball/match/omaha-nation-macy-vs-walthill-blujays/9-29-2026/?c=2cb4f6d7-c530-483c-bd24-3225ee2490c9","/volleyball/ne/e5e?9/29/2026","Macy","Blujays","https://www.maxpreps.com/ne/omaha-nation-macy/boys-volleyball/","https://www.maxpreps.com/ne/walthill-blujays/boys-volleyball/","",""
117,"Bryan Omaha vs Cornerstone Christian School Bellevue",Boys Volleyball,"Nebraska",9/29/2026,TBD,"The Cornerstone Christian School Bellevue varsity volleyball team has a game @ Bryan Omaha (Nebraska).","/ne/volleyball/match/bryan-omaha-vs-cornerstone-christian-school-bellevue/9-29-2026/?c=3ff6dd92-872e-4b9f-8cd0-5426c1e43bbc","https://www.maxpreps.com/ne/volleyball/match/bryan-omaha-vs-cornerstone-christian-school-bellevue/9-29-2026/?c=3ff6dd92-872e-4b9f-8cd0-5426c1e43bbc","/volleyball/ne/146c?9/29/2026","Omaha","Bellevue","https://www.maxpreps.com/ne/bryan-omaha/boys-volleyball/","https://www.maxpreps.com/ne/cornerstone-christian-school-bellevue/boys-volleyball/","",""
118,"College View Academy Lincoln vs Omaha Christian",Boys Volleyball,"Nebraska",9/29/2026,TBD,"The Omaha Christian varsity volleyball team has a game @ College View Academy Lincoln (Nebraska).","/ne/volleyball/match/college-view-academy-lincoln-vs-omaha-christian/9-29-2026/?c=6e8265c8-08ba-49c1-9a72-2bf11805ac90","https://www.maxpreps.com/ne/volleyball/match/college-view-academy-lincoln-vs-omaha-christian/9-29-2026/?c=6e8265c8-08ba-49c1-9a72-2bf11805ac90","/volleyball/ne/121b?9/29/2026","Lincoln","Christian","https://www.maxpreps.com/ne/college-view-academy-lincoln/boys-volleyball/","https://www.maxpreps.com/ne/omaha-christian/boys-volleyball/","",""
119,"Palmyra vs Syracuse",Boys Volleyball,"Nebraska",9/29/2026,TBD,"The Syracuse varsity volleyball team has a game @ Palmyra (Nebraska).","/ne/volleyball/match/palmyra-vs-syracuse/9-29-2026/?c=88c96d67-82c6-4635-9c14-7000671074b9","https://www.maxpreps.com/ne/volleyball/match/palmyra-vs-syracuse/9-29-2026/?c=88c96d67-82c6-4635-9c14-7000671074b9","/volleyball/ne/7a8?9/29/2026","Palmyra","Syracuse","https://www.maxpreps.com/ne/palmyra/boys-volleyball/","https://www.maxpreps.com/ne/syracuse/boys-volleyball/","",""
120,"Alma vs Franklin",Boys Volleyball,"Nebraska",9/29/2026,TBD,"The Franklin varsity volleyball team has a game @ Alma (Nebraska).","/ne/volleyball/match/alma-vs-franklin/9-29-2026/?c=9ff113a3-fd5c-404c-b32d-3ea744996e4b","https://www.maxpreps.com/ne/volleyball/match/alma-vs-franklin/9-29-2026/?c=9ff113a3-fd5c-404c-b32d-3ea744996e4b","/volleyball/ne/633?9/29/2026","Alma","Franklin","https://www.maxpreps.com/ne/alma/boys-volleyball/","https://www.maxpreps.com/ne/franklin/boys-volleyball/","",""
121,"Giltner vs Overton",Boys Volleyball,"Nebraska",9/29/2026,TBD,"The Overton varsity volleyball team has a game @ Giltner (Nebraska).","/ne/volleyball/match/giltner-vs-overton/9-29-2026/?c=1a6d9f35-b2d0-46e3-8005-72849c046299","https://www.maxpreps.com/ne/volleyball/match/giltner-vs-overton/9-29-2026/?c=1a6d9f35-b2d0-46e3-8005-72849c046299","/volleyball/ne/745?9/29/2026","Giltner","Overton","https://www.maxpreps.com/ne/giltner/boys-volleyball/","https://www.maxpreps.com/ne/overton/boys-volleyball/","",""
122,"Elmwood Murdock vs Syracuse",Boys Volleyball,"Nebraska",9/29/2026,TBD,"The Syracuse varsity volleyball team has a game @ Elmwood Murdock (Nebraska).","/ne/volleyball/match/elmwood-murdock-vs-syracuse/9-29-2026/?c=36a37dfc-8cb0-4689-b308-11d054a03ca5","https://www.maxpreps.com/ne/volleyball/match/elmwood-murdock-vs-syracuse/9-29-2026/?c=36a37dfc-8cb0-4689-b308-11d054a03ca5","/volleyball/ne/acb?9/29/2026","Murdock","Syracuse","https://www.maxpreps.com/ne/elmwood-murdock/boys-volleyball/","https://www.maxpreps.com/ne/syracuse/boys-volleyball/","",""
123,"Newman Grove St Edward vs Stuart",Boys Volleyball,"Nebraska",9/29/2026,TBD,"The Stuart varsity volleyball team has a game @ Newman Grove St Edward (Nebraska).","/ne/volleyball/match/newman-grove-st-edward-vs-stuart/9-29-2026/?c=562b92a6-a5be-45ff-889b-f8cb229d0ee0","https://www.maxpreps.com/ne/volleyball/match/newman-grove-st-edward-vs-stuart/9-29-2026/?c=562b92a6-a5be-45ff-889b-f8cb229d0ee0","/volleyball/ne/c74?9/29/2026","Edward","Stuart","https://www.maxpreps.com/ne/newman-grove-st-edward/boys-volleyball/","https://www.maxpreps.com/ne/stuart/boys-volleyball/","",""
124,"Gretna vs Norris Firth",Boys Volleyball,"Nebraska",9/29/2026,TBD,"The Norris Firth varsity volleyball team has a game @ Gretna (Nebraska).","/ne/volleyball/match/gretna-vs-norris-firth/9-29-2026/?c=3c9b90f6-f914-495e-8b94-5c7761fa9db0","https://www.maxpreps.com/ne/volleyball/match/gretna-vs-norris-firth/9-29-2026/?c=3c9b90f6-f914-495e-8b94-5c7761fa9db0","/volleyball/ne/8ab?9/29/2026","Gretna","Firth","https://www.maxpreps.com/ne/gretna/boys-volleyball/","https://www.maxpreps.com/ne/norris-firth/boys-volleyball/","",""
125,"Dorchester vs Sterling",Boys Volleyball,"Nebraska",9/29/2026,TBD,"The Sterling varsity volleyball team has a game @ Dorchester (Nebraska).","/ne/volleyball/match/dorchester-vs-sterling/9-29-2026/?c=45451609-69e9-4063-b6c3-07b9ff023bfe","https://www.maxpreps.com/ne/volleyball/match/dorchester-vs-sterling/9-29-2026/?c=45451609-69e9-4063-b6c3-07b9ff023bfe","/volleyball/ne/8de?9/29/2026","Dorchester","Sterling","https://www.maxpreps.com/ne/dorchester/boys-volleyball/","https://www.maxpreps.com/ne/sterling/boys-volleyball/","",""
126,"Falls City Ne vs Nodaway Valley Co Op West Nodaway Nodaway Holt Burlington Junction Mo",Boys Volleyball,"Nebraska",9/29/2026,TBD,"The Nodaway Valley Co Op West Nodaway Nodaway Holt Burlington Junction Mo varsity volleyball team has a game @ Falls City Ne (Nebraska).","/inter-state/volleyball/match/falls-city-ne-vs-nodaway-valley-co-op-west-nodaway-nodaway-holt-burlington-junction-mo/9-29-2026/?c=1c8655c8-2def-429d-81a5-cb0564db424d","https://www.maxpreps.com/inter-state/volleyball/match/falls-city-ne-vs-nodaway-valley-co-op-west-nodaway-nodaway-holt-burlington-junction-mo/9-29-2026/?c=1c8655c8-2def-429d-81a5-cb0564db424d","/volleyball/ne/2118?9/29/2026","Ne","Mo","https://www.maxpreps.com/ne/falls-city-ne/boys-volleyball/","https://www.maxpreps.com/ne/nodaway-valley-co-op-west-nodaway-nodaway-holt-burlington-junction-mo/boys-volleyball/","",""
127,"Doniphan Trumbull vs Ravenna",Boys Volleyball,"Nebraska",9/29/2026,TBD,"The Ravenna varsity volleyball team has a game @ Doniphan Trumbull (Nebraska).","/ne/volleyball/match/doniphan-trumbull-vs-ravenna/9-29-2026/?c=6ea16bea-0943-4970-a51d-418a61d67dbb","https://www.maxpreps.com/ne/volleyball/match/doniphan-trumbull-vs-ravenna/9-29-2026/?c=6ea16bea-0943-4970-a51d-418a61d67dbb","/volleyball/ne/b23?9/29/2026","Trumbull","Ravenna","https://www.maxpreps.com/ne/doniphan-trumbull/boys-volleyball/","https://www.maxpreps.com/ne/ravenna/boys-volleyball/","",""
128,"Howells Dodge Bobcats vs Wisner Pilger",Boys Volleyball,"Nebraska",9/29/2026,TBD,"The Wisner Pilger varsity volleyball team has a game @ Howells Dodge Bobcats (Nebraska).","/ne/volleyball/match/howells-dodge-bobcats-vs-wisner-pilger/9-29-2026/?c=dc32737f-c7c1-4193-b80d-421cfcd4acb5","https://www.maxpreps.com/ne/volleyball/match/howells-dodge-bobcats-vs-wisner-pilger/9-29-2026/?c=dc32737f-c7c1-4193-b80d-421cfcd4acb5","/volleyball/ne/ec4?9/29/2026","Bobcats","Pilger","https://www.maxpreps.com/ne/howells-dodge-bobcats/boys-volleyball/","https://www.maxpreps.com/ne/wisner-pilger/boys-volleyball/","",""
129,"Bancroft Rosalie vs Homer",Boys Volleyball,"Nebraska",9/29/2026,TBD,"The Homer varsity volleyball team has a game @ Bancroft Rosalie (Nebraska).","/ne/volleyball/match/bancroft-rosalie-vs-homer/9-29-2026/?c=07b1459c-0a97-42e7-bb31-338a2a8b4b37","https://www.maxpreps.com/ne/volleyball/match/bancroft-rosalie-vs-homer/9-29-2026/?c=07b1459c-0a97-42e7-bb31-338a2a8b4b37","/volleyball/ne/9c9?9/29/2026","Rosalie","Homer","https://www.maxpreps.com/ne/bancroft-rosalie/boys-volleyball/","https://www.maxpreps.com/ne/homer/boys-volleyball/","",""
130,"Oakland Craig vs Tekamah Herman",Boys Volleyball,"Nebraska",9/29/2026,TBD,"The Tekamah Herman varsity volleyball team has a game @ Oakland Craig (Nebraska).","/ne/volleyball/match/oakland-craig-vs-tekamah-herman/9-29-2026/?c=2c3ed7a4-c9cc-4d5a-aa50-435a7c4fc7c0","https://www.maxpreps.com/ne/volleyball/match/oakland-craig-vs-tekamah-herman/9-29-2026/?c=2c3ed7a4-c9cc-4d5a-aa50-435a7c4fc7c0","/volleyball/ne/bd3?9/29/2026","Craig","Herman","https://www.maxpreps.com/ne/oakland-craig/boys-volleyball/","https://www.maxpreps.com/ne/tekamah-herman/boys-volleyball/","",""
131,"Oakland Craig vs Stanton",Boys Volleyball,"Nebraska",9/29/2026,TBD,"The Stanton varsity volleyball team has a game @ Oakland Craig (Nebraska).","/ne/volleyball/match/oakland-craig-vs-stanton/9-29-2026/?c=c7f32f61-52f3-4aee-be31-815b5afdf827","https://www.maxpreps.com/ne/volleyball/match/oakland-craig-vs-stanton/9-29-2026/?c=c7f32f61-52f3-4aee-be31-815b5afdf827","/volleyball/ne/957?9/29/2026","Craig","Stanton","https://www.maxpreps.com/ne/oakland-craig/boys-volleyball/","https://www.maxpreps.com/ne/stanton/boys-volleyball/","",""
132,"Alliance vs Broken Bow",Boys Volleyball,"Nebraska",9/29/2026,TBD,"The Broken Bow varsity volleyball team has a game @ Alliance (Nebraska).","/ne/volleyball/match/alliance-vs-broken-bow/9-29-2026/?c=ca1904d7-1723-427d-a325-2af526c81489","https://www.maxpreps.com/ne/volleyball/match/alliance-vs-broken-bow/9-29-2026/?c=ca1904d7-1723-427d-a325-2af526c81489","/volleyball/ne/872?9/29/2026","Alliance","Bow","https://www.maxpreps.com/ne/alliance/boys-volleyball/","https://www.maxpreps.com/ne/broken-bow/boys-volleyball/","",""
133,"Gross Catholic Omaha vs South Sioux City",Boys Volleyball,"Nebraska",9/29/2026,TBD,"The South Sioux City varsity volleyball team has a game @ Gross Catholic Omaha (Nebraska).","/ne/volleyball/match/gross-catholic-omaha-vs-south-sioux-city/9-29-2026/?c=9b67c643-aa1b-4e51-b62f-965c9049cd26","https://www.maxpreps.com/ne/volleyball/match/gross-catholic-omaha-vs-south-sioux-city/9-29-2026/?c=9b67c643-aa1b-4e51-b62f-965c9049cd26","/volleyball/ne/f96?9/29/2026","Omaha","City","https://www.maxpreps.com/ne/gross-catholic-omaha/boys-volleyball/","https://www.maxpreps.com/ne/south-sioux-city/boys-volleyball/","",""
134,"Benson Omaha vs Burke Omaha",Boys Volleyball,"Nebraska",9/29/2026,TBD,"The Burke Omaha varsity volleyball team has a game @ Benson Omaha (Nebraska).","/ne/volleyball/match/benson-omaha-vs-burke-omaha/9-29-2026/?c=6b1f4338-4a0d-4da1-a99d-6f96ede4687d","https://www.maxpreps.com/ne/volleyball/match/benson-omaha-vs-burke-omaha/9-29-2026/?c=6b1f4338-4a0d-4da1-a99d-6f96ede4687d","/volleyball/ne/a47?9/29/2026","Omaha","Omaha","https://www.maxpreps.com/ne/benson-omaha/boys-volleyball/","https://www.maxpreps.com/ne/burke-omaha/boys-volleyball/","",""
135,"Medicine Valley Curtis vs Sandhills Valley Stapleton",Boys Volleyball,"Nebraska",9/29/2026,TBD,"The Sandhills Valley Stapleton varsity volleyball team has a game @ Medicine Valley Curtis (Nebraska).","/ne/volleyball/match/medicine-valley-curtis-vs-sandhills-valley-stapleton/9-29-2026/?c=457fb883-e1a2-4dd6-b195-811b6dfaf16d","https://www.maxpreps.com/ne/volleyball/match/medicine-valley-curtis-vs-sandhills-valley-stapleton/9-29-2026/?c=457fb883-e1a2-4dd6-b195-811b6dfaf16d","/volleyball/ne/1485?9/29/2026","Curtis","Stapleton","https://www.maxpreps.com/ne/medicine-valley-curtis/boys-volleyball/","https://www.maxpreps.com/ne/sandhills-valley-stapleton/boys-volleyball/","",""
136,"Broken Bow vs Oneill",Boys Volleyball,"Nebraska",9/29/2026,TBD,"The Oneill varsity volleyball team has a game @ Broken Bow (Nebraska).","/ne/volleyball/match/broken-bow-vs-oneill/9-29-2026/?c=37accd52-8d27-46f9-adc6-f8ce99d5b0aa","https://www.maxpreps.com/ne/volleyball/match/broken-bow-vs-oneill/9-29-2026/?c=37accd52-8d27-46f9-adc6-f8ce99d5b0aa","/volleyball/ne/7bc?9/29/2026","Bow","Oneill","https://www.maxpreps.com/ne/broken-bow/boys-volleyball/","https://www.maxpreps.com/ne/oneill/boys-volleyball/","",""
137,"Cedar Bluffs vs Omaha Christian",Boys Volleyball,"Nebraska",9/29/2026,TBD,"The Omaha Christian varsity volleyball team has a game @ Cedar Bluffs (Nebraska).","/ne/volleyball/match/cedar-bluffs-vs-omaha-christian/9-29-2026/?c=443fafae-e96d-466b-97fb-c5e4f8a695cf","https://www.maxpreps.com/ne/volleyball/match/cedar-bluffs-vs-omaha-christian/9-29-2026/?c=443fafae-e96d-466b-97fb-c5e4f8a695cf","/volleyball/ne/be9?9/29/2026","Bluffs","Christian","https://www.maxpreps.com/ne/cedar-bluffs/boys-volleyball/","https://www.maxpreps.com/ne/omaha-christian/boys-volleyball/","",""
138,"Bellevue East vs Buena Vista Omaha",Boys Volleyball,"Nebraska",9/29/2026,TBD,"The Buena Vista Omaha varsity volleyball team has a game @ Bellevue East (Nebraska).","/ne/volleyball/match/bellevue-east-vs-buena-vista-omaha/9-29-2026/?c=5d66a93d-2df1-4254-933b-589841eb9f1c","https://www.maxpreps.com/ne/volleyball/match/bellevue-east-vs-buena-vista-omaha/9-29-2026/?c=5d66a93d-2df1-4254-933b-589841eb9f1c","/volleyball/ne/d03?9/29/2026","East","Omaha","https://www.maxpreps.com/ne/bellevue-east/boys-volleyball/","https://www.maxpreps.com/ne/buena-vista-omaha/boys-volleyball/","",""
139,"Arthur County vs Paxton",Boys Volleyball,"Nebraska",9/29/2026,TBD,"The Paxton varsity volleyball team has a game @ Arthur County (Nebraska).","/ne/volleyball/match/arthur-county-vs-paxton/9-29-2026/?c=7edb7a3a-e11b-461e-b981-6e1adc5de534","https://www.maxpreps.com/ne/volleyball/match/arthur-county-vs-paxton/9-29-2026/?c=7edb7a3a-e11b-461e-b981-6e1adc5de534","/volleyball/ne/942?9/29/2026","County","Paxton","https://www.maxpreps.com/ne/arthur-county/boys-volleyball/","https://www.maxpreps.com/ne/paxton/boys-volleyball/","",""
140,"Bridgeport vs Hemingford",Boys Volleyball,"Nebraska",9/29/2026,TBD,"The Hemingford varsity volleyball team has a game @ Bridgeport (Nebraska).","/ne/volleyball/match/bridgeport-vs-hemingford/9-29-2026/?c=46d971e5-b7d7-4086-b457-33b44f66959f","https://www.maxpreps.com/ne/volleyball/match/bridgeport-vs-hemingford/9-29-2026/?c=46d971e5-b7d7-4086-b457-33b44f66959f","/volleyball/ne/998?9/29/2026","Bridgeport","Hemingford","https://www.maxpreps.com/ne/bridgeport/boys-volleyball/","https://www.maxpreps.com/ne/hemingford/boys-volleyball/","",""
141,"Harvard vs Silver Lake Roseland",Boys Volleyball,"Nebraska",9/29/2026,TBD,"The Silver Lake Roseland varsity volleyball team has a game @ Harvard (Nebraska).","/ne/volleyball/match/harvard-vs-silver-lake-roseland/9-29-2026/?c=da9031b8-b403-4d81-83d3-33ec5f8581f4","https://www.maxpreps.com/ne/volleyball/match/harvard-vs-silver-lake-roseland/9-29-2026/?c=da9031b8-b403-4d81-83d3-33ec5f8581f4","/volleyball/ne/c0f?9/29/2026","Harvard","Roseland","https://www.maxpreps.com/ne/harvard/boys-volleyball/","https://www.maxpreps.com/ne/silver-lake-roseland/boys-volleyball/","",""
142,"Raymond Central vs Shelby Rising City",Boys Volleyball,"Nebraska",9/29/2026,TBD,"The Shelby Rising City varsity volleyball team has a game @ Raymond Central (Nebraska).","/ne/volleyball/match/raymond-central-vs-shelby-rising-city/9-29-2026/?c=8277def7-d1a1-4eb6-a6c4-9a9ed3cad537","https://www.maxpreps.com/ne/volleyball/match/raymond-central-vs-shelby-rising-city/9-29-2026/?c=8277def7-d1a1-4eb6-a6c4-9a9ed3cad537","/volleyball/ne/e79?9/29/2026","Central","City","https://www.maxpreps.com/ne/raymond-central/boys-volleyball/","https://www.maxpreps.com/ne/shelby-rising-city/boys-volleyball/","",""
143,"Harvard vs Wilcox Hildreth",Boys Volleyball,"Nebraska",9/29/2026,TBD,"The Wilcox Hildreth varsity volleyball team has a game @ Harvard (Nebraska).","/ne/volleyball/match/harvard-vs-wilcox-hildreth/9-29-2026/?c=9fc25bb2-7201-480f-8f55-e15e4b8292e5","https://www.maxpreps.com/ne/volleyball/match/harvard-vs-wilcox-hildreth/9-29-2026/?c=9fc25bb2-7201-480f-8f55-e15e4b8292e5","/volleyball/ne/a42?9/29/2026","Harvard","Hildreth","https://www.maxpreps.com/ne/harvard/boys-volleyball/","https://www.maxpreps.com/ne/wilcox-hildreth/boys-volleyball/","",""
144,"Paxton vs Sandhills Thedford Dunning",Boys Volleyball,"Nebraska",9/29/2026,TBD,"The Sandhills Thedford Dunning varsity volleyball team has a game @ Paxton (Nebraska).","/ne/volleyball/match/paxton-vs-sandhills-thedford-dunning/9-29-2026/?c=2d4a7556-4c1a-4525-83b5-4a95f81cf011","https://www.maxpreps.com/ne/volleyball/match/paxton-vs-sandhills-thedford-dunning/9-29-2026/?c=2d4a7556-4c1a-4525-83b5-4a95f81cf011","/volleyball/ne/e3c?9/29/2026","Paxton","Dunning","https://www.maxpreps.com/ne/paxton/boys-volleyball/","https://www.maxpreps.com/ne/sandhills-thedford-dunning/boys-volleyball/","",""
145,"Boyd County Spencer vs Summerland Clearwater Ewing Orchard",Boys Volleyball,"Nebraska",9/29/2026,TBD,"The Summerland Clearwater Ewing Orchard varsity volleyball team has a game @ Boyd County Spencer (Nebraska).","/ne/volleyball/match/boyd-county-spencer-vs-summerland-clearwater-ewing-orchard/9-29-2026/?c=a58d12a5-b0f5-4b09-970e-2831f8c20fff","https://www.maxpreps.com/ne/volleyball/match/boyd-county-spencer-vs-summerland-clearwater-ewing-orchard/9-29-2026/?c=a58d12a5-b0f5-4b09-970e-2831f8c20fff","/volleyball/ne/16c3?9/29/2026","Spencer","Orchard","https://www.maxpreps.com/ne/boyd-county-spencer/boys-volleyball/","https://www.maxpreps.com/ne/summerland-clearwater-ewing-orchard/boys-volleyball/","",""
146,"Lyons Decatur Northeast vs Madison",Boys Volleyball,"Nebraska",9/29/2026,TBD,"The Madison varsity volleyball team has a game @ Lyons Decatur Northeast (Nebraska).","/ne/volleyball/match/lyons-decatur-northeast-vs-madison/9-29-2026/?c=cc4625fd-2620-427d-8583-ccc4f851b74b","https://www.maxpreps.com/ne/volleyball/match/lyons-decatur-northeast-vs-madison/9-29-2026/?c=cc4625fd-2620-427d-8583-ccc4f851b74b","/volleyball/ne/d7d?9/29/2026","Northeast","Madison","https://www.maxpreps.com/ne/lyons-decatur-northeast/boys-volleyball/","https://www.maxpreps.com/ne/madison/boys-volleyball/","",""
147,"Nebraska City vs Platteview Springfield",Boys Volleyball,"Nebraska",9/29/2026,TBD,"The Platteview Springfield varsity volleyball team has a game @ Nebraska City (Nebraska).","/ne/volleyball/match/nebraska-city-vs-platteview-springfield/9-29-2026/?c=e93312b5-8d75-46de-86f7-8d18840ec53f","https://www.maxpreps.com/ne/volleyball/match/nebraska-city-vs-platteview-springfield/9-29-2026/?c=e93312b5-8d75-46de-86f7-8d18840ec53f","/volleyball/ne/f79?9/29/2026","City","Springfield","https://www.maxpreps.com/ne/nebraska-city/boys-volleyball/","https://www.maxpreps.com/ne/platteview-springfield/boys-volleyball/","",""
148,"Bruning Davenport Shickley vs Southern Wymore",Boys Volleyball,"Nebraska",9/29/2026,TBD,"The Southern Wymore varsity volleyball team has a game @ Bruning Davenport Shickley (Nebraska).","/ne/volleyball/match/bruning-davenport-shickley-vs-southern-wymore/9-29-2026/?c=c92b2925-2b29-4136-b201-71bc0380568a","https://www.maxpreps.com/ne/volleyball/match/bruning-davenport-shickley-vs-southern-wymore/9-29-2026/?c=c92b2925-2b29-4136-b201-71bc0380568a","/volleyball/ne/1209?9/29/2026","Shickley","Wymore","https://www.maxpreps.com/ne/bruning-davenport-shickley/boys-volleyball/","https://www.maxpreps.com/ne/southern-wymore/boys-volleyball/","",""
149,"Lewiston vs Lourdes Central Catholic Nebraska City",Boys Volleyball,"Nebraska",9/29/2026,TBD,"The Lourdes Central Catholic Nebraska City varsity volleyball team has a game @ Lewiston (Nebraska).","/ne/volleyball/match/lewiston-vs-lourdes-central-catholic-nebraska-city/9-29-2026/?c=34a6a29d-cc3b-45d1-b4cc-e84613489c34","https://www.maxpreps.com/ne/volleyball/match/lewiston-vs-lourdes-central-catholic-nebraska-city/9-29-2026/?c=34a6a29d-cc3b-45d1-b4cc-e84613489c34","/volleyball/ne/139a?9/29/2026","Lewiston","City","https://www.maxpreps.com/ne/lewiston/boys-volleyball/","https://www.maxpreps.com/ne/lourdes-central-catholic-nebraska-city/boys-volleyball/","",""
150,"Cody Kilgore Cowboys Cowgirls vs North Central Bassett",Boys Volleyball,"Nebraska",9/29/2026,TBD,"The North Central Bassett varsity volleyball team has a game @ Cody Kilgore Cowboys Cowgirls (Nebraska).","/ne/volleyball/match/cody-kilgore-cowboys-cowgirls-vs-north-central-bassett/9-29-2026/?c=f4b0622f-19f6-414f-843b-1129bb69e663","https://www.maxpreps.com/ne/volleyball/match/cody-kilgore-cowboys-cowgirls-vs-north-central-bassett/9-29-2026/?c=f4b0622f-19f6-414f-843b-1129bb69e663","/volleyball/ne/153a?9/29/2026","Cowgirls","Bassett","https://www.maxpreps.com/ne/cody-kilgore-cowboys-cowgirls/boys-volleyball/","https://www.maxpreps.com/ne/north-central-bassett/boys-volleyball/","",""
151,"Arapahoe vs Hershey",Boys Volleyball,"Nebraska",9/29/2026,TBD,"The Hershey varsity volleyball team has a game @ Arapahoe (Nebraska).","/ne/volleyball/match/arapahoe-vs-hershey/9-29-2026/?c=4316c0bf-d7c9-4b26-b9b1-529c851bd403","https://www.maxpreps.com/ne/volleyball/match/arapahoe-vs-hershey/9-29-2026/?c=4316c0bf-d7c9-4b26-b9b1-529c851bd403","/volleyball/ne/77c?9/29/2026","Arapahoe","Hershey","https://www.maxpreps.com/ne/arapahoe/boys-volleyball/","https://www.maxpreps.com/ne/hershey/boys-volleyball/","",""
152,"Catholic Central Grand Rapids vs Christian Grand Rapids",Boys Volleyball,"Nebraska",9/29/2026,TBD,"The Christian Grand Rapids varsity volleyball team has a game @ Catholic Central Grand Rapids (Nebraska).","/mi/volleyball/match/catholic-central-grand-rapids-vs-christian-grand-rapids/9-29-2026/?c=ed7c8c07-11b2-42e8-92c7-b61b1f53514c","https://www.maxpreps.com/mi/volleyball/match/catholic-central-grand-rapids-vs-christian-grand-rapids/9-29-2026/?c=ed7c8c07-11b2-42e8-92c7-b61b1f53514c","/volleyball/ne/1537?9/29/2026","Rapids","Rapids","https://www.maxpreps.com/ne/catholic-central-grand-rapids/boys-volleyball/","https://www.maxpreps.com/ne/christian-grand-rapids/boys-volleyball/","",""
153,"Christian Grand Rapids vs Forest Hills Eastern Ada",Boys Volleyball,"Nebraska",9/29/2026,TBD,"The Forest Hills Eastern Ada varsity volleyball team has a game @ Christian Grand Rapids (Nebraska).","/mi/volleyball/match/christian-grand-rapids-vs-forest-hills-eastern-ada/9-29-2026/?c=70363c3a-4fb4-45ed-8453-c008d8b7c58c","https://www.maxpreps.com/mi/volleyball/match/christian-grand-rapids-vs-forest-hills-eastern-ada/9-29-2026/?c=70363c3a-4fb4-45ed-8453-c008d8b7c58c","/volleyball/ne/133f?9/29/2026","Rapids","Ada","https://www.maxpreps.com/ne/christian-grand-rapids/boys-volleyball/","https://www.maxpreps.com/ne/forest-hills-eastern-ada/boys-volleyball/","",""
154,"Benet Academy Lisle vs Marist Chicago",Boys Volleyball,"Nebraska",9/29/2026,TBD,"The Marist Chicago varsity volleyball team has a game @ Benet Academy Lisle (Nebraska).","/il/volleyball/match/benet-academy-lisle-vs-marist-chicago/9-29-2026/?c=45324ac2-9d28-4fd5-8dab-feb1303cff51","https://www.maxpreps.com/il/volleyball/match/benet-academy-lisle-vs-marist-chicago/9-29-2026/?c=45324ac2-9d28-4fd5-8dab-feb1303cff51","/volleyball/ne/e23?9/29/2026","Lisle","Chicago","https://www.maxpreps.com/ne/benet-academy-lisle/boys-volleyball/","https://www.maxpreps.com/ne/marist-chicago/boys-volleyball/","",""
155,"Bradenton Christian vs Calvary Christian Clearwater",Boys Volleyball,"Nebraska",9/29/2026,TBD,"The Calvary Christian Clearwater varsity volleyball team has a game @ Bradenton Christian (Nebraska).","/fl/volleyball/match/bradenton-christian-vs-calvary-christian-clearwater/9-29-2026/?c=e69b2a10-22c8-48c0-89d1-3f6ddf63e9c4","https://www.maxpreps.com/fl/volleyball/match/bradenton-christian-vs-calvary-christian-clearwater/9-29-2026/?c=e69b2a10-22c8-48c0-89d1-3f6ddf63e9c4","/volleyball/ne/142d?9/29/2026","Christian","Clearwater","https://www.maxpreps.com/ne/bradenton-christian/boys-volleyball/","https://www.maxpreps.com/ne/calvary-christian-clearwater/boys-volleyball/","",""
156,"Duncanville Panthers And Pantherettes vs Waxahachie",Boys Volleyball,"Nebraska",9/29/2026,TBD,"The Waxahachie varsity volleyball team has a game @ Duncanville Panthers And Pantherettes (Nebraska).","/tx/volleyball/match/duncanville-panthers-and-pantherettes-vs-waxahachie/9-29-2026/?c=79a0a437-aff3-4450-b2cc-44cce87f9707","https://www.maxpreps.com/tx/volleyball/match/duncanville-panthers-and-pantherettes-vs-waxahachie/9-29-2026/?c=79a0a437-aff3-4450-b2cc-44cce87f9707","/volleyball/ne/1421?9/29/2026","Pantherettes","Waxahachie","https://www.maxpreps.com/ne/duncanville-panthers-and-pantherettes/boys-volleyball/","https://www.maxpreps.com/ne/waxahachie/boys-volleyball/","",""
157,"Byron Nelson Trophy Club vs Timber Creek Fort Worth",Boys Volleyball,"Nebraska",9/29/2026,TBD,"The Timber Creek Fort Worth varsity volleyball team has a game @ Byron Nelson Trophy Club (Nebraska).","/tx/volleyball/match/byron-nelson-trophy-club-vs-timber-creek-fort-worth/9-29-2026/?c=6abdf6ce-9f7f-4932-9940-ca21d757c9dc","https://www.maxpreps.com/tx/volleyball/match/byron-nelson-trophy-club-vs-timber-creek-fort-worth/9-29-2026/?c=6abdf6ce-9f7f-4932-9940-ca21d757c9dc","/volleyball/ne/13d2?9/29/2026","Club","Worth","https://www.maxpreps.com/ne/byron-nelson-trophy-club/boys-volleyball/","https://www.maxpreps.com/ne/timber-creek-fort-worth/boys-volleyball/","",""
158,"Carroll Fort Wayne vs Northwood Nappanee",Boys Volleyball,"Nebraska",9/29/2026,TBD,"The Northwood Nappanee varsity volleyball team has a game @ Carroll Fort Wayne (Nebraska).","/in/volleyball/match/carroll-fort-wayne-vs-northwood-nappanee/9-29-2026/?c=fc3689b2-eb01-40d1-b0ec-57d7551a7cee","https://www.maxpreps.com/in/volleyball/match/carroll-fort-wayne-vs-northwood-nappanee/9-29-2026/?c=fc3689b2-eb01-40d1-b0ec-57d7551a7cee","/volleyball/ne/fc4?9/29/2026","Wayne","Nappanee","https://www.maxpreps.com/ne/carroll-fort-wayne/boys-volleyball/","https://www.maxpreps.com/ne/northwood-nappanee/boys-volleyball/","",""
159,"Joliet Catholic vs Mother Mcauley Chicago",Boys Volleyball,"Nebraska",9/29/2026,TBD,"The Mother Mcauley Chicago varsity volleyball team has a game @ Joliet Catholic (Nebraska).","/il/volleyball/match/joliet-catholic-vs-mother-mcauley-chicago/9-29-2026/?c=e919a686-774e-48e9-8ea8-326bae1d89e8","https://www.maxpreps.com/il/volleyball/match/joliet-catholic-vs-mother-mcauley-chicago/9-29-2026/?c=e919a686-774e-48e9-8ea8-326bae1d89e8","/volleyball/ne/fe5?9/29/2026","Catholic","Chicago","https://www.maxpreps.com/ne/joliet-catholic/boys-volleyball/","https://www.maxpreps.com/ne/mother-mcauley-chicago/boys-volleyball/","",""
160,"Hamilton Southeastern Fishers vs Mt Vernon Fortville",Boys Volleyball,"Nebraska",9/29/2026,TBD,"The Mt Vernon Fortville varsity volleyball team has a game @ Hamilton Southeastern Fishers (Nebraska).","/in/volleyball/match/hamilton-southeastern-fishers-vs-mt-vernon-fortville/9-29-2026/?c=542d49cb-a203-4ebb-87a3-a295eae89a94","https://www.maxpreps.com/in/volleyball/match/hamilton-southeastern-fishers-vs-mt-vernon-fortville/9-29-2026/?c=542d49cb-a203-4ebb-87a3-a295eae89a94","/volleyball/ne/14bc?9/29/2026","Fishers","Fortville","https://www.maxpreps.com/ne/hamilton-southeastern-fishers/boys-volleyball/","https://www.maxpreps.com/ne/mt-vernon-fortville/boys-volleyball/","",""
161,"Legacy Christian Academy Frisco vs Prestonwood Christian Plano",Boys Volleyball,"Nebraska",9/29/2026,TBD,"The Prestonwood Christian Plano varsity volleyball team has a game @ Legacy Christian Academy Frisco (Nebraska).","/tx/volleyball/match/legacy-christian-academy-frisco-vs-prestonwood-christian-plano/9-29-2026/?c=b124b10a-0e98-4e2b-b275-9928486a46eb","https://www.maxpreps.com/tx/volleyball/match/legacy-christian-academy-frisco-vs-prestonwood-christian-plano/9-29-2026/?c=b124b10a-0e98-4e2b-b275-9928486a46eb","/volleyball/ne/185b?9/29/2026","Frisco","Plano","https://www.maxpreps.com/ne/legacy-christian-academy-frisco/boys-volleyball/","https://www.maxpreps.com/ne/prestonwood-christian-plano/boys-volleyball/","",""
162,"Deland vs Orangewood Christian Maitland",Boys Volleyball,"Nebraska",9/29/2026,TBD,"The Orangewood Christian Maitland varsity volleyball team has a game @ Deland (Nebraska).","/fl/volleyball/match/deland-vs-orangewood-christian-maitland/9-29-2026/?c=6d25bfeb-e734-4990-9b8b-5f83e7a8117b","https://www.maxpreps.com/fl/volleyball/match/deland-vs-orangewood-christian-maitland/9-29-2026/?c=6d25bfeb-e734-4990-9b8b-5f83e7a8117b","/volleyball/ne/f49?9/29/2026","Deland","Maitland","https://www.maxpreps.com/ne/deland/boys-volleyball/","https://www.maxpreps.com/ne/orangewood-christian-maitland/boys-volleyball/","",""
163,"Braswell Little Elm vs Hebron Carrollton",Boys Volleyball,"Nebraska",9/29/2026,TBD,"The Hebron Carrollton varsity volleyball team has a game @ Braswell Little Elm (Nebraska).","/tx/volleyball/match/braswell-little-elm-vs-hebron-carrollton/9-29-2026/?c=7b803d10-4acb-4992-a862-eb06814ca144","https://www.maxpreps.com/tx/volleyball/match/braswell-little-elm-vs-hebron-carrollton/9-29-2026/?c=7b803d10-4acb-4992-a862-eb06814ca144","/volleyball/ne/fb0?9/29/2026","Elm","Carrollton","https://www.maxpreps.com/ne/braswell-little-elm/boys-volleyball/","https://www.maxpreps.com/ne/hebron-carrollton/boys-volleyball/","",""
164,"Allen vs Walnut Grove Prosper",Boys Volleyball,"Nebraska",9/29/2026,TBD,"The Walnut Grove Prosper varsity volleyball team has a game @ Allen (Nebraska).","/tx/volleyball/match/allen-vs-walnut-grove-prosper/9-29-2026/?c=9a551f73-8824-40c9-900e-e7e3de2f6202","https://www.maxpreps.com/tx/volleyball/match/allen-vs-walnut-grove-prosper/9-29-2026/?c=9a551f73-8824-40c9-900e-e7e3de2f6202","/volleyball/ne/b72?9/29/2026","Allen","Prosper","https://www.maxpreps.com/ne/allen/boys-volleyball/","https://www.maxpreps.com/ne/walnut-grove-prosper/boys-volleyball/","",""
165,"Harrisburg vs Roosevelt Sioux Falls",Boys Volleyball,"Nebraska",9/29/2026,TBD,"The Roosevelt Sioux Falls varsity volleyball team has a game @ Harrisburg (Nebraska).","/sd/volleyball/match/harrisburg-vs-roosevelt-sioux-falls/9-29-2026/?c=a83e9699-6da6-4498-af93-990225481246","https://www.maxpreps.com/sd/volleyball/match/harrisburg-vs-roosevelt-sioux-falls/9-29-2026/?c=a83e9699-6da6-4498-af93-990225481246","/volleyball/ne/e03?9/29/2026","Harrisburg","Falls","https://www.maxpreps.com/ne/harrisburg/boys-volleyball/","https://www.maxpreps.com/ne/roosevelt-sioux-falls/boys-volleyball/","",""
166,"Carlsbad vs Torrey Pines San Diego",Boys Volleyball,"Nebraska",9/29/2026,TBD,"The Torrey Pines San Diego varsity volleyball team has a game @ Carlsbad (Nebraska).","/ca/volleyball/match/carlsbad-vs-torrey-pines-san-diego/9-29-2026/?c=d39691a2-a408-4878-97a3-32701299158e","https://www.maxpreps.com/ca/volleyball/match/carlsbad-vs-torrey-pines-san-diego/9-29-2026/?c=d39691a2-a408-4878-97a3-32701299158e","/volleyball/ne/d14?9/29/2026","Carlsbad","Diego","https://www.maxpreps.com/ne/carlsbad/boys-volleyball/","https://www.maxpreps.com/ne/torrey-pines-san-diego/boys-volleyball/","",""
167,"Jserra Catholic San Juan Capistrano vs Mater Dei Santa Ana",Boys Volleyball,"Nebraska",9/29/2026,TBD,"The Mater Dei Santa Ana varsity volleyball team has a game @ Jserra Catholic San Juan Capistrano (Nebraska).","/ca/volleyball/match/jserra-catholic-san-juan-capistrano-vs-mater-dei-santa-ana/9-29-2026/?c=4b519eef-5ef0-4f8a-9df4-cd4cbd1ed221","https://www.maxpreps.com/ca/volleyball/match/jserra-catholic-san-juan-capistrano-vs-mater-dei-santa-ana/9-29-2026/?c=4b519eef-5ef0-4f8a-9df4-cd4cbd1ed221","/volleyball/ne/1602?9/29/2026","Capistrano","Ana","https://www.maxpreps.com/ne/jserra-catholic-san-juan-capistrano/boys-volleyball/","https://www.maxpreps.com/ne/mater-dei-santa-ana/boys-volleyball/","",""
168,"Archbishop Mitty San Jose vs Valley Christian San Jose",Boys Volleyball,"Nebraska",9/29/2026,TBD,"The Valley Christian San Jose varsity volleyball team has a game @ Archbishop Mitty San Jose (Nebraska).","/ca/volleyball/match/archbishop-mitty-san-jose-vs-valley-christian-san-jose/9-29-2026/?c=19a1a1ab-37c0-4b5b-be62-ee89d8fd41ea","https://www.maxpreps.com/ca/volleyball/match/archbishop-mitty-san-jose-vs-valley-christian-san-jose/9-29-2026/?c=19a1a1ab-37c0-4b5b-be62-ee89d8fd41ea","/volleyball/ne/14e3?9/29/2026","Jose","Jose","https://www.maxpreps.com/ne/archbishop-mitty-san-jose/boys-volleyball/","https://www.maxpreps.com/ne/valley-christian-san-jose/boys-volleyball/","",""
169,"Corona Del Sol Tempe vs Xavier College Prep Phoenix",Boys Volleyball,"Nebraska",9/29/2026,TBD,"The Xavier College Prep Phoenix varsity volleyball team has a game @ Corona Del Sol Tempe (Nebraska).","/az/volleyball/match/corona-del-sol-tempe-vs-xavier-college-prep-phoenix/9-29-2026/?c=22f25480-fe08-41e5-87fb-fb7f3c56f1fa","https://www.maxpreps.com/az/volleyball/match/corona-del-sol-tempe-vs-xavier-college-prep-phoenix/9-29-2026/?c=22f25480-fe08-41e5-87fb-fb7f3c56f1fa","/volleyball/ne/138d?9/29/2026","Tempe","Phoenix","https://www.maxpreps.com/ne/corona-del-sol-tempe/boys-volleyball/","https://www.maxpreps.com/ne/xavier-college-prep-phoenix/boys-volleyball/","",""
170,"Harvard Westlake Studio City vs Sierra Canyon Chatsworth",Boys Volleyball,"Nebraska",9/29/2026,TBD,"The Sierra Canyon Chatsworth varsity volleyball team has a game @ Harvard Westlake Studio City (Nebraska).","/ca/volleyball/match/harvard-westlake-studio-city-vs-sierra-canyon-chatsworth/9-29-2026/?c=b00bb043-4ea8-417a-addd-d8f385239485","https://www.maxpreps.com/ca/volleyball/match/harvard-westlake-studio-city-vs-sierra-canyon-chatsworth/9-29-2026/?c=b00bb043-4ea8-417a-addd-d8f385239485","/volleyball/ne/1612?9/29/2026","City","Chatsworth","https://www.maxpreps.com/ne/harvard-westlake-studio-city/boys-volleyball/","https://www.maxpreps.com/ne/sierra-canyon-chatsworth/boys-volleyball/","",""
171,"Iolani Honolulu vs Punahou Honolulu",Boys Volleyball,"Nebraska",9/29/2026,TBD,"The Punahou Honolulu varsity volleyball team has a game @ Iolani Honolulu (Nebraska).","/hi/volleyball/match/iolani-honolulu-vs-punahou-honolulu/9-29-2026/?c=3a61f4b6-c501-4c0f-a725-47bdb7668525","https://www.maxpreps.com/hi/volleyball/match/iolani-honolulu-vs-punahou-honolulu/9-29-2026/?c=3a61f4b6-c501-4c0f-a725-47bdb7668525","/volleyball/ne/e05?9/29/2026","Honolulu","Honolulu","https://www.maxpreps.com/ne/iolani-honolulu/boys-volleyball/","https://www.maxpreps.com/ne/punahou-honolulu/boys-volleyball/","",""